generated_utc,date,player,market,line,mu_base,mu_news,p_over_base,p_over_news,override,ev_cons,side_cons,ev_fd,side_fd,ev_best
2026-07-31 17:43,2026-08-01,Kahleah Copper,threes,1.5,1.48,1.48,0.436,0.436,,0.2964,under,0.3978,under,0.3978
2026-07-31 17:43,2026-08-01,Jackie Young,pts_ast,26.5,23.28,23.28,0.327,0.327,,0.3141,under,,,0.3141
2026-07-31 17:43,2026-07-31,Aliyah Boston,pts_ast,20.5,17.29,17.29,0.306,0.306,,0.297,under,,,0.297
2026-07-31 17:43,2026-07-31,Caitlin Clark,assists,9.5,7.48,7.48,0.242,0.242,,0.2953,under,0.2699,under,0.2953
2026-07-31 17:43,2026-08-01,Jackie Young,pra,30.5,26.84,26.84,0.322,0.322,,0.2951,under,,,0.2951
2026-07-31 17:43,2026-07-31,Aliyah Boston,pra,28.5,24.67,24.67,0.31,0.31,,0.2909,under,,,0.2909
2026-07-31 17:43,2026-08-01,A'ja Wilson,assists,3.5,2.94,2.94,0.362,0.362,,0.2893,under,0.2893,under,0.2893
2026-07-31 17:43,2026-07-31,Jessica Shepard,assists,5.5,5.09,5.09,0.415,0.415,,0.2864,under,-0.0306,under,0.2864
2026-07-31 17:43,2026-07-31,Caitlin Clark,reb_ast,13.5,11.04,11.04,0.26,0.26,,0.2839,under,,,0.2839
2026-07-31 17:43,2026-07-31,Aliyah Boston,points,17.5,14.58,14.58,0.309,0.309,,0.2665,under,0.2665,under,0.2665
2026-07-31 17:43,2026-07-31,Angel Reese,pra,30.5,27.34,27.34,0.343,0.343,,0.2534,under,,,0.2534
2026-07-31 17:43,2026-07-31,Angel Reese,pts_reb,27.5,24.89,24.89,0.361,0.361,,0.247,under,,,0.247
2026-07-31 17:43,2026-07-31,Aliyah Boston,pts_reb,25.5,21.97,21.97,0.313,0.313,,0.2362,under,,,0.2362
2026-07-31 17:43,2026-08-01,Kahleah Copper,points,21.5,18.86,18.86,0.341,0.341,,0.2362,under,0.2362,under,0.2362
2026-07-31 17:43,2026-07-31,Angel Reese,rebounds,11.5,10.55,10.55,0.388,0.388,,0.2233,under,0.2355,under,0.2355
2026-07-31 17:43,2026-08-01,Jackie Young,assists,7.5,5.93,5.93,0.268,0.268,,0.2337,under,0.2337,under,0.2337
2026-07-31 17:43,2026-07-31,Aliyah Boston,reb_ast,11.5,10.09,10.09,0.344,0.344,,0.2319,under,,,0.2319
2026-07-31 17:43,2026-08-01,Sabrina Ionescu,assists,5.5,4.8,4.8,0.368,0.368,,0.2276,under,0.2276,under,0.2276
2026-07-31 17:43,2026-08-01,Jackie Young,reb_ast,11.5,9.49,9.49,0.284,0.284,,0.2266,under,,,0.2266
2026-07-31 17:43,2026-08-01,Jonquel Jones,assists,2.5,3.03,3.03,0.584,0.584,,0.2203,over,0.2262,over,0.2262
2026-07-31 17:43,2026-07-31,Bridget Carleton,rebounds,3.5,4.29,4.29,0.599,0.599,,0.2216,over,0.2216,over,0.2216
2026-07-31 17:43,2026-08-01,Jackie Young,points,19.5,17.35,17.35,0.361,0.361,,0.2206,under,0.2206,under,0.2206
2026-07-31 17:43,2026-08-01,A'ja Wilson,pra,41.5,37.64,37.64,0.336,0.336,,0.2177,under,,,0.2177
2026-07-31 17:43,2026-08-01,Kahleah Copper,pts_reb,25.5,22.54,22.54,0.34,0.34,,0.2097,under,,,0.2097
2026-07-31 17:43,2026-08-01,Kahleah Copper,assists,2.5,1.7,1.7,0.272,0.272,,0.1685,under,0.2063,under,0.2063
2026-07-31 17:43,2026-07-31,Awa Fam,rebounds,5.5,6.8,6.8,0.645,0.645,,0.1919,over,0.1919,over,0.1919
2026-07-31 17:43,2026-07-31,Kiki Iriafen,pra,26.5,24.04,24.04,0.366,0.366,,0.1849,under,,,0.1849
2026-07-31 17:43,2026-08-01,Sabrina Ionescu,pts_ast,25.5,22.92,22.92,0.355,0.355,,0.1827,under,,,0.1827
2026-07-31 17:43,2026-08-01,Sabrina Ionescu,points,19.5,18.12,18.12,0.403,0.403,,0.1159,under,0.182,under,0.182
2026-07-31 17:43,2026-07-31,Natisha Hiedeman,threes,2.5,1.64,1.64,0.228,0.228,,0.1788,under,0.1585,under,0.1788
2026-07-31 17:43,2026-07-31,Angel Reese,points,15.5,14.34,14.34,0.406,0.406,,0.1347,under,0.177,under,0.177
2026-07-31 17:43,2026-07-31,Natisha Hiedeman,rebounds,2.5,2.51,2.51,0.465,0.465,,0.1759,under,,,0.1759
2026-07-31 17:43,2026-07-31,Megan DiLeo,points,14.5,13.11,13.11,0.388,0.388,,0.1689,under,0.1689,under,0.1689
2026-07-31 17:43,2026-07-31,Angel Reese,reb_ast,14.5,13.0,13.0,0.351,0.351,,0.168,under,,,0.168
2026-07-31 17:43,2026-08-01,A'ja Wilson,points,26.5,25.29,25.29,0.425,0.425,,,,0.1654,under,0.1654
2026-07-31 17:43,2026-07-31,Megan DiLeo,threes,1.5,1.5,1.5,0.443,0.443,,0.126,over,0.1615,over,0.1615
2026-07-31 17:43,2026-08-01,A'ja Wilson,pts_ast,30.5,28.23,28.23,0.381,0.381,,0.1577,under,,,0.1577
2026-07-31 17:43,2026-08-01,A'ja Wilson,pts_reb,37.5,34.7,34.7,0.372,0.372,,0.1518,under,,,0.1518
2026-07-31 17:43,2026-08-01,A'ja Wilson,rebounds,10.5,9.4,9.4,0.368,0.368,,0.138,under,0.1504,under,0.1504
2026-07-31 17:43,2026-07-31,Aliyah Boston,rebounds,8.5,7.39,7.39,0.35,0.35,,0.1491,under,0.1202,under,0.1491
2026-07-31 17:43,2026-08-01,Sabrina Ionescu,pra,29.5,27.34,27.34,0.386,0.386,,0.1487,under,,,0.1487
2026-07-31 17:43,2026-07-31,Kiki Iriafen,rebounds,9.5,8.66,8.66,0.39,0.39,,0.1456,under,0.1456,under,0.1456
2026-07-31 17:43,2026-07-31,Kiki Iriafen,pts_reb,24.5,22.62,22.62,0.389,0.389,,0.1417,under,,,0.1417
2026-07-31 17:43,2026-07-31,Michaela Onyenwere,rebounds,2.5,2.68,2.68,0.5,0.5,,,,0.1397,under,0.1397
2026-07-31 17:43,2026-07-31,Rhyne Howard,points,16.5,15.72,15.72,0.431,0.431,,0.096,under,0.1381,under,0.1381
2026-07-31 17:43,2026-07-31,Jordin Canada,rebounds,3.5,3.5,3.5,0.47,0.47,,0.0912,under,0.1336,under,0.1336
2026-07-31 17:43,2026-07-31,Caitlin Clark,pra,33.5,31.14,31.14,0.383,0.383,,0.1304,under,,,0.1304
2026-07-31 17:43,2026-07-31,Jessica Shepard,reb_ast,17.0,16.1,16.1,0.372,0.372,,0.1303,under,,,0.1303
2026-07-31 17:43,2026-08-01,Jackie Young,threes,2.5,1.85,1.85,0.284,0.284,,0.1256,under,0.128,under,0.128
2026-07-31 17:43,2026-07-31,Kiki Iriafen,assists,1.5,1.42,1.42,0.436,0.436,,0.1276,under,,,0.1276
2026-07-31 17:43,2026-07-31,Aliyah Boston,assists,3.5,2.71,2.71,0.313,0.313,,0.1245,under,0.111,under,0.1245
2026-07-31 17:43,2026-08-01,Sabrina Ionescu,reb_ast,9.5,9.22,9.22,0.452,0.452,,0.1235,under,,,0.1235
2026-07-31 17:43,2026-07-31,Bridget Carleton,pts_reb,15.5,17.31,17.31,0.578,0.578,,0.1231,over,,,0.1231
2026-07-31 17:43,2026-07-31,Azzi Fudd,pts_ast,16.5,14.79,14.79,0.375,0.375,,0.1166,under,,,0.1166
2026-07-31 17:43,2026-07-31,Rhyne Howard,pra,25.5,23.3,23.3,0.377,0.377,,0.1142,under,,,0.1142
2026-07-31 17:43,2026-08-01,Jackie Young,rebounds,3.5,3.56,3.56,0.48,0.48,,,,0.1128,under,0.1128
2026-07-31 17:43,2026-07-31,Kelsey Mitchell,points,22.5,24.29,24.29,0.57,0.57,,0.0706,over,0.1084,over,0.1084
2026-07-31 17:43,2026-07-31,Flau'jae Johnson,pra,21.5,23.73,23.73,0.59,0.59,,0.1038,over,,,0.1038
2026-07-31 17:43,2026-08-01,Breanna Stewart,assists,3.5,3.95,3.95,0.56,0.56,,0.0988,over,0.0988,over,0.0988
2026-07-31 17:43,2026-07-31,Bridget Carleton,threes,2.5,2.61,2.61,0.483,0.483,,0.097,over,0.0825,over,0.097
2026-07-31 17:43,2026-07-31,Natisha Hiedeman,pra,23.5,21.69,21.69,0.391,0.391,,0.0959,under,,,0.0959
2026-07-31 17:43,2026-07-31,Kelsey Mitchell,assists,2.5,2.64,2.64,0.502,0.502,,0.0954,under,,,0.0954
2026-07-31 17:43,2026-07-31,Monique Billings,pts_reb,13.5,12.77,12.77,0.428,0.428,,0.0929,under,,,0.0929
2026-07-31 17:43,2026-07-31,Dominique Malonga,rebounds,7.5,8.87,8.87,0.636,0.636,,0.0929,over,0.0651,over,0.0929
2026-07-31 17:43,2026-07-31,Michaela Onyenwere,reb_ast,5.5,4.62,4.62,0.354,0.354,,0.0915,under,,,0.0915
2026-07-31 17:43,2026-08-01,Chelsea Gray,threes,1.5,1.78,1.78,0.53,0.53,,0.0334,under,0.0897,under,0.0897
2026-07-31 17:43,2026-08-01,Breanna Stewart,points,22.5,20.71,20.71,0.388,0.388,,0.0897,under,0.0897,under,0.0897
2026-07-31 17:43,2026-07-31,Rhyne Howard,pts_ast,20.5,19.34,19.34,0.417,0.417,,0.0895,under,,,0.0895
2026-07-31 17:43,2026-07-31,Caitlin Clark,pts_ast,29.5,27.59,27.59,0.395,0.395,,0.0886,under,,,0.0886
2026-07-31 17:43,2026-07-31,Shakira Austin,assists,2.5,2.43,2.43,0.456,0.456,,0.0883,under,,,0.0883
2026-07-31 17:43,2026-08-01,Sabrina Ionescu,pts_reb,24.5,22.54,22.54,0.385,0.385,,0.0873,under,,,0.0873
2026-07-31 17:43,2026-07-31,Azzi Fudd,pra,18.5,16.51,16.51,0.37,0.37,,0.0867,under,,,0.0867
2026-07-31 17:43,2026-07-31,Rhyne Howard,pts_reb,21.5,19.68,19.68,0.386,0.386,,0.0864,under,,,0.0864
2026-07-31 17:43,2026-07-31,Flau'jae Johnson,pts_ast,16.5,18.51,18.51,0.592,0.592,,0.0859,over,,,0.0859
2026-07-31 17:43,2026-07-31,Flau'jae Johnson,pts_reb,18.5,20.44,20.44,0.581,0.581,,0.0854,over,,,0.0854
2026-07-31 17:43,2026-07-31,Flau'jae Johnson,points,13.5,15.22,15.22,0.58,0.58,,0.0852,over,,,0.0852
2026-07-31 17:43,2026-07-31,Sonia Citron,points,16.5,15.29,15.29,0.405,0.405,,0.0636,under,0.0828,under,0.0828
2026-07-31 17:43,2026-07-31,Allisha Gray,pra,25.5,24.85,24.85,0.451,0.451,,0.0826,under,,,0.0826
2026-07-31 17:43,2026-07-31,Carla Leite,rebounds,2.5,2.44,2.44,0.451,0.451,,0.0595,over,0.082,over,0.082
2026-07-31 17:43,2026-08-01,Jonquel Jones,rebounds,8.5,9.14,9.14,0.554,0.554,,0.0807,over,-0.0207,over,0.0807
2026-07-31 17:43,2026-07-31,Jessica Shepard,rebounds,11.5,11.01,11.01,0.436,0.436,,0.077,under,,,0.077
2026-07-31 17:43,2026-07-31,Kiki Iriafen,points,14.5,13.96,13.96,0.441,0.441,,0.0713,under,0.076,under,0.076
2026-07-31 17:43,2026-08-01,Sydney Taylor,threes,2.5,2.37,2.37,0.424,0.424,,-0.0299,over,0.076,over,0.076
2026-07-31 17:43,2026-07-31,Monique Billings,points,8.5,7.58,7.58,0.392,0.392,,0.075,under,,,0.075
2026-07-31 17:43,2026-07-31,Paige Bueckers,points,20.5,19.36,19.36,0.418,0.418,,0.0746,under,0.0746,under,0.0746
2026-07-31 17:43,2026-08-01,Alyssa Thomas,assists,8.5,9.12,9.12,0.562,0.562,,0.0731,over,0.0552,over,0.0731
2026-07-31 17:43,2026-07-31,Natisha Hiedeman,points,15.5,14.51,14.51,0.416,0.416,,0.0707,under,,,0.0707
2026-07-31 17:43,2026-07-31,Dominique Malonga,assists,1.5,1.69,1.69,0.514,0.514,,0.069,under,,,0.069
2026-07-31 17:43,2026-07-31,Allisha Gray,pts_ast,22.5,21.54,21.54,0.431,0.431,,0.0673,under,,,0.0673
2026-07-31 17:43,2026-07-31,Kelsey Mitchell,pts_reb,24.5,26.23,26.23,0.564,0.564,,0.0634,over,,,0.0634
2026-07-31 17:43,2026-07-31,Sonia Citron,pts_reb,19.5,18.62,18.62,0.431,0.431,,0.0633,under,,,0.0633
2026-07-31 17:43,2026-07-31,Paige Bueckers,pts_reb,24.5,23.24,23.24,0.42,0.42,,0.0632,under,,,0.0632
2026-07-31 17:43,2026-08-01,Chelsea Gray,assists,6.5,7.09,7.09,0.566,0.566,,0.026,over,0.0623,over,0.0623
2026-07-31 17:43,2026-07-31,Caitlin Clark,rebounds,4.5,3.56,3.56,0.32,0.32,,,,0.0623,under,0.0623
2026-07-31 17:43,2026-07-31,Paige Bueckers,pra,30.5,29.35,29.35,0.432,0.432,,0.0611,under,,,0.0611
2026-07-31 17:43,2026-07-31,Shakira Austin,rebounds,9.5,9.61,9.61,0.495,0.495,,-0.0244,over,0.0593,over,0.0593
2026-07-31 17:43,2026-07-31,Bridget Carleton,reb_ast,5.5,6.64,6.64,0.618,0.618,,0.0593,over,,,0.0593
2026-07-31 17:43,2026-08-01,Natasha Cloud,assists,4.5,5.09,5.09,0.576,0.576,,0.0363,over,0.0555,over,0.0555
2026-07-31 17:43,2026-07-31,Flau'jae Johnson,reb_ast,7.5,8.51,8.51,0.594,0.594,,0.0549,over,,,0.0549
2026-07-31 17:43,2026-07-31,Awak Kuier,points,4.5,4.78,4.78,0.473,0.473,,0.0533,under,,,0.0533
2026-07-31 17:43,2026-08-01,Kamilla Cardoso,rebounds,7.5,7.97,7.97,0.538,0.538,,0.0495,over,0.0091,over,0.0495
2026-07-31 17:43,2026-07-31,Dominique Malonga,reb_ast,9.5,10.56,10.56,0.592,0.592,,0.0475,over,,,0.0475
2026-07-31 17:43,2026-07-31,Rhyne Howard,reb_ast,7.5,7.58,7.58,0.489,0.489,,0.0468,under,,,0.0468
2026-07-31 17:43,2026-07-31,Michaela Onyenwere,assists,2.5,1.94,1.94,0.334,0.334,,0.0462,under,,,0.0462
2026-07-31 17:43,2026-07-31,Natisha Hiedeman,reb_ast,7.5,7.18,7.18,0.441,0.441,,0.0457,under,,,0.0457
2026-07-31 17:43,2026-08-01,Breanna Stewart,threes,0.5,1.03,1.03,0.644,0.644,,0.0455,under,0.0455,under,0.0455
2026-07-31 17:43,2026-07-31,Jordin Canada,points,11.5,12.41,12.41,0.533,0.533,,0.04,over,0.0449,over,0.0449
2026-07-31 17:43,2026-07-31,Arike Ogunbowale,threes,1.5,1.79,1.79,0.534,0.534,,0.035,under,0.0443,under,0.0443
2026-07-31 17:43,2026-07-31,Kelsey Mitchell,threes,2.5,3.23,3.23,0.626,0.626,,0.0436,over,0.0033,over,0.0436
2026-07-31 17:43,2026-08-01,Chelsea Gray,rebounds,2.5,2.97,2.97,0.554,0.554,,-0.0415,under,0.0432,under,0.0432
2026-07-31 17:43,2026-07-31,Megan DiLeo,rebounds,3.5,3.86,3.86,0.531,0.531,,,,0.041,under,0.041
2026-07-31 17:43,2026-07-31,Allisha Gray,points,19.5,19.07,19.07,0.456,0.456,,0.0389,under,0.0216,under,0.0389
2026-07-31 17:43,2026-07-31,Emily Engstler,points,8.5,9.0,9.0,0.504,0.504,,0.0382,over,,,0.0382
2026-07-31 17:43,2026-07-31,Monique Billings,rebounds,5.5,5.19,5.19,0.433,0.433,,0.0359,under,,,0.0359
2026-07-31 17:43,2026-07-31,Allisha Gray,pts_reb,23.5,22.37,22.37,0.425,0.425,,0.0351,under,,,0.0351
2026-07-31 17:43,2026-07-31,Caitlin Clark,threes,2.5,2.93,2.93,0.56,0.56,,0.0343,over,0.0187,over,0.0343
2026-07-31 17:43,2026-07-31,Michaela Onyenwere,pra,14.5,14.08,14.08,0.448,0.448,,0.0318,under,,,0.0318
2026-07-31 17:43,2026-07-31,Flau'jae Johnson,rebounds,4.5,5.22,5.22,0.581,0.581,,0.0305,over,,,0.0305
2026-07-31 17:43,2026-07-31,Aliyah Boston,threes,1.5,0.96,0.96,0.249,0.249,,0.0289,under,0.0289,under,0.0289
2026-07-31 17:43,2026-07-31,Sonia Citron,rebounds,3.5,3.33,3.33,0.44,0.44,,0.0226,under,0.0265,under,0.0265
2026-07-31 17:43,2026-08-01,Jonquel Jones,points,13.5,13.54,13.54,0.477,0.477,,0.0264,under,0.0264,under,0.0264
2026-07-31 17:43,2026-08-01,Breanna Stewart,pra,34.5,33.06,33.06,0.424,0.424,,0.0259,under,,,0.0259
2026-07-31 17:43,2026-07-31,Paige Bueckers,threes,1.5,1.7,1.7,0.507,0.507,,0.0242,over,0.0242,over,0.0242
2026-07-31 17:43,2026-08-01,A'ja Wilson,threes,0.5,0.95,0.95,0.613,0.613,,,,0.0224,under,0.0224
2026-07-31 17:43,2026-07-31,Paige Bueckers,pts_ast,26.5,25.46,25.46,0.433,0.433,,0.0215,under,,,0.0215
2026-07-31 17:43,2026-07-31,Dominique Malonga,pts_ast,17.5,17.08,17.08,0.454,0.454,,0.021,under,,,0.021
2026-07-31 17:43,2026-08-01,Sydney Taylor,points,16.5,17.06,17.06,0.51,0.51,,0.02,over,0.02,over,0.02
2026-07-31 17:43,2026-07-31,Sonia Citron,reb_ast,7.5,7.04,7.04,0.424,0.424,,0.0196,under,,,0.0196
2026-07-31 17:43,2026-07-31,Michaela Onyenwere,threes,1.5,1.47,1.47,0.432,0.432,,0.0145,over,0.0188,over,0.0188
2026-07-31 17:43,2026-08-01,Kahleah Copper,rebounds,3.5,3.68,3.68,0.501,0.501,,0.0173,under,0.0173,under,0.0173
2026-07-31 17:43,2026-07-31,Flau'jae Johnson,assists,2.5,3.29,3.29,0.633,0.633,,0.0172,over,,,0.0172
2026-07-31 17:43,2026-07-31,Kelsey Mitchell,pra,27.5,28.87,28.87,0.546,0.546,,0.0162,over,,,0.0162
2026-07-31 17:43,2026-07-31,Lauren Betts,pts_reb,9.5,10.77,10.77,0.552,0.552,,0.0155,over,,,0.0155
2026-07-31 17:43,2026-07-31,Jordin Canada,threes,0.5,0.7,0.7,0.505,0.505,,0.0154,under,,,0.0154
2026-07-31 17:43,2026-07-31,Lauren Betts,rebounds,3.5,3.68,3.68,0.501,0.501,,0.013,over,,,0.013
2026-07-31 17:43,2026-07-31,Rhyne Howard,threes,2.5,2.87,2.87,0.548,0.548,,-0.001,under,0.0126,under,0.0126
2026-07-31 17:43,2026-07-31,Jordin Canada,pts_ast,19.5,20.87,20.87,0.554,0.554,,0.0116,over,,,0.0116
2026-07-31 17:43,2026-07-31,Carla Leite,assists,5.5,6.28,6.28,0.596,0.596,,0.0102,over,0.0102,over,0.0102
2026-07-31 17:43,2026-07-31,Jordin Canada,assists,8.5,8.46,8.46,0.481,0.481,,-0.0143,over,0.0097,over,0.0097
2026-07-31 17:43,2026-07-31,Allisha Gray,threes,1.5,2.07,2.07,0.612,0.612,,0.0095,over,-0.0005,over,0.0095
2026-07-31 17:43,2026-07-31,Caitlin Clark,pts_reb,24.5,23.66,23.66,0.44,0.44,,0.0071,under,,,0.0071
2026-07-31 17:43,2026-08-01,Natasha Cloud,reb_ast,7.5,8.27,8.27,0.568,0.568,,0.0057,over,,,0.0057
2026-07-31 17:43,2026-07-31,Paige Bueckers,assists,5.5,6.1,6.1,0.572,0.572,,0.0053,over,-0.0135,over,0.0053
2026-07-31 17:43,2026-08-01,Chelsea Gray,pts_ast,19.5,20.27,20.27,0.522,0.522,,0.0053,over,,,0.0053
2026-07-31 17:43,2026-07-31,Allisha Gray,assists,2.5,2.47,2.47,0.465,0.465,,0.0045,under,0.0045,under,0.0045
2026-07-31 17:43,2026-08-01,Natasha Cloud,threes,1.5,1.26,1.26,0.361,0.361,,0.0028,over,0.0028,over,0.0028
2026-07-31 17:43,2026-07-31,Allisha Gray,reb_ast,5.5,5.78,5.78,0.511,0.511,,0.0027,under,,,0.0027
2026-07-31 17:43,2026-07-31,Michaela Onyenwere,pts_ast,11.5,11.39,11.39,0.464,0.464,,0.0021,under,,,0.0021
2026-07-31 17:43,2026-08-01,Kamilla Cardoso,points,13.5,13.91,13.91,0.501,0.501,,0.001,over,-0.038,under,0.001
2026-07-31 17:43,2026-07-31,Georgia Amoore,pra,11.5,11.61,11.61,0.475,0.475,,-0.0012,under,,,-0.0012
2026-07-31 17:43,2026-07-31,Emily Engstler,rebounds,5.5,5.36,5.36,0.457,0.457,,-0.058,over,-0.0031,over,-0.0031
2026-07-31 17:43,2026-08-01,Sabrina Ionescu,rebounds,4.5,4.42,4.42,0.461,0.461,,-0.0541,over,-0.0033,over,-0.0033
2026-07-31 17:43,2026-07-31,Carla Leite,reb_ast,8.5,8.72,8.72,0.505,0.505,,-0.0039,over,,,-0.0039
2026-07-31 17:43,2026-07-31,Dominique Malonga,points,15.5,15.39,15.39,0.47,0.47,,-0.0084,under,-0.0043,under,-0.0043
2026-07-31 17:43,2026-07-31,Rhyne Howard,rebounds,4.5,3.96,3.96,0.387,0.387,,-0.0047,under,-0.0047,under,-0.0047
2026-07-31 17:43,2026-07-31,Jordin Canada,reb_ast,12.5,11.96,11.96,0.434,0.434,,-0.0049,under,,,-0.0049
2026-07-31 17:43,2026-07-31,Awa Fam,points,11.5,11.03,11.03,0.439,0.439,,-0.007,under,-0.0135,under,-0.007
2026-07-31 17:43,2026-08-01,Chelsea Gray,points,12.5,13.18,13.18,0.517,0.517,,-0.008,over,-0.0289,over,-0.008
2026-07-31 17:43,2026-07-31,Natisha Hiedeman,assists,4.5,4.66,4.66,0.508,0.508,,-0.0092,over,,,-0.0092
2026-07-31 17:43,2026-07-31,Sonia Citron,assists,3.5,3.7,3.7,0.515,0.515,,-0.0158,under,-0.011,under,-0.011
2026-07-31 17:43,2026-07-31,Carla Leite,threes,0.5,0.73,0.73,0.518,0.518,,-0.011,under,,,-0.011
2026-07-31 17:43,2026-07-31,Carla Leite,points,15.5,15.24,15.24,0.461,0.461,,-0.0113,under,-0.0113,under,-0.0113
2026-07-31 17:43,2026-07-31,Awak Kuier,pts_reb,8.5,7.87,7.87,0.415,0.415,,-0.012,under,,,-0.012
2026-07-31 17:43,2026-08-01,Jonquel Jones,threes,1.5,1.82,1.82,0.543,0.543,,-0.0125,over,-0.0125,over,-0.0125
2026-07-31 17:43,2026-08-01,Jonquel Jones,pts_ast,16.5,16.57,16.57,0.481,0.481,,-0.0129,over,,,-0.0129
2026-07-31 17:43,2026-07-31,Kelsey Mitchell,pts_ast,25.5,26.93,26.93,0.552,0.552,,-0.0133,over,,,-0.0133
2026-07-31 17:43,2026-07-31,Azzi Fudd,threes,2.5,2.23,2.23,0.385,0.385,,-0.0147,under,-0.0147,under,-0.0147
2026-07-31 17:43,2026-07-31,Georgia Amoore,assists,3.5,3.5,3.5,0.475,0.475,,-0.019,under,-0.015,under,-0.015
2026-07-31 17:43,2026-07-31,Georgia Amoore,pts_ast,10.5,10.27,10.27,0.453,0.453,,-0.0153,under,,,-0.0153
2026-07-31 17:43,2026-07-31,Sophie Cunningham,threes,1.5,1.8,1.8,0.537,0.537,,-0.0154,over,,,-0.0154
2026-07-31 17:43,2026-07-31,Awa Fam,assists,2.5,2.36,2.36,0.437,0.437,,-0.0161,over,,,-0.0161
2026-07-31 17:43,2026-07-31,Rhyne Howard,assists,3.5,3.62,3.62,0.5,0.5,,-0.019,under,-0.0368,under,-0.019
2026-07-31 17:43,2026-07-31,Allisha Gray,rebounds,3.5,3.3,3.3,0.435,0.435,,-0.031,under,-0.0191,under,-0.0191
2026-07-31 17:43,2026-07-31,Jordin Canada,pra,23.5,24.37,24.37,0.524,0.524,,-0.021,over,,,-0.021
2026-07-31 17:43,2026-07-31,Awa Fam,pts_ast,13.5,13.38,13.38,0.467,0.467,,-0.0224,under,,,-0.0224
2026-07-31 17:43,2026-07-31,Awa Fam,threes,1.5,1.63,1.63,0.484,0.484,,-0.0225,over,-0.0225,over,-0.0225
2026-07-31 17:43,2026-07-31,Shakira Austin,points,15.5,16.0,16.0,0.506,0.506,,-0.0364,under,-0.0226,under,-0.0226
2026-07-31 17:43,2026-07-31,Sonia Citron,threes,1.5,1.18,1.18,0.328,0.328,,-0.023,under,-0.023,under,-0.023
2026-07-31 17:43,2026-07-31,Arike Ogunbowale,rebounds,2.5,3.02,3.02,0.565,0.565,,-0.0233,over,,,-0.0233
2026-07-31 17:43,2026-07-31,Awa Fam,pts_reb,17.5,17.83,17.83,0.495,0.495,,-0.0237,over,,,-0.0237
2026-07-31 17:43,2026-08-01,Alyssa Thomas,pra,31.5,31.84,31.84,0.499,0.499,,-0.0256,over,,,-0.0256
2026-07-31 17:43,2026-07-31,Awa Fam,pra,19.5,20.19,20.19,0.514,0.514,,-0.0264,over,,,-0.0264
2026-07-31 17:43,2026-07-31,Paige Bueckers,reb_ast,10.5,9.99,9.99,0.431,0.431,,-0.0271,under,,,-0.0271
2026-07-31 17:43,2026-07-31,Angel Reese,assists,2.5,2.45,2.45,0.46,0.46,,-0.0272,under,-0.0438,under,-0.0272
2026-07-31 17:43,2026-07-31,Flau'jae Johnson,threes,1.5,1.33,1.33,0.384,0.384,,-0.0298,under,-0.0298,under,-0.0298
2026-07-31 17:43,2026-07-31,Georgia Amoore,points,6.5,6.77,6.77,0.482,0.482,,-0.0315,under,-0.043,under,-0.0315
2026-07-31 17:43,2026-08-01,Sabrina Ionescu,threes,2.5,2.64,2.64,0.493,0.493,,-0.0315,under,-0.0315,under,-0.0315
2026-07-31 17:43,2026-08-01,Natasha Cloud,pra,17.5,18.25,18.25,0.518,0.518,,-0.0323,over,,,-0.0323
2026-07-31 17:43,2026-07-31,Bridget Carleton,assists,2.5,2.35,2.35,0.436,0.436,,-0.0325,under,,,-0.0325
2026-07-31 17:43,2026-08-01,Chelsea Gray,pra,22.5,23.24,23.24,0.517,0.517,,-0.0331,over,,,-0.0331
2026-07-31 17:43,2026-07-31,Jade Melbourne,points,7.5,7.93,7.93,0.497,0.497,,-0.0339,over,,,-0.0339
2026-07-31 17:43,2026-07-31,Arike Ogunbowale,pts_reb,17.5,18.22,18.22,0.517,0.517,,-0.0341,over,,,-0.0341
2026-07-31 17:43,2026-08-01,Jonquel Jones,pra,24.5,25.71,25.71,0.539,0.539,,-0.0358,over,,,-0.0358
2026-07-31 17:43,2026-08-01,Alyssa Thomas,points,14.5,15.05,15.05,0.509,0.509,,-0.037,under,-0.037,under,-0.037
2026-07-31 17:43,2026-08-01,Jewell Loyd,threes,1.5,2.06,2.06,0.61,0.61,,,,-0.0392,over,-0.0392
2026-07-31 17:43,2026-07-31,Brionna Jones,pts_reb,17.5,17.5,17.5,0.477,0.477,,-0.0409,under,,,-0.0409
2026-07-31 17:43,2026-07-31,Carla Leite,pts_reb,17.5,17.68,17.68,0.487,0.487,,-0.0415,under,,,-0.0415
2026-07-31 17:43,2026-07-31,Carla Leite,pts_ast,21.5,21.52,21.52,0.482,0.482,,-0.0428,under,,,-0.0428
2026-07-31 17:43,2026-07-31,Caitlin Clark,points,19.5,20.1,20.1,0.512,0.512,,-0.0474,under,-0.0429,under,-0.0429
2026-07-31 17:43,2026-07-31,Bridget Carleton,points,12.5,13.02,13.02,0.507,0.507,,-0.0553,over,-0.0437,over,-0.0437
2026-07-31 17:43,2026-08-01,Jonquel Jones,pts_reb,22.5,22.68,22.68,0.49,0.49,,-0.0456,under,,,-0.0456
2026-07-31 17:43,2026-08-01,Kamilla Cardoso,pts_reb,21.5,21.89,21.89,0.5,0.5,,-0.0458,over,,,-0.0458
2026-07-31 17:43,2026-07-31,Arike Ogunbowale,pra,21.5,21.51,21.51,0.48,0.48,,-0.0471,under,,,-0.0471
2026-07-31 17:43,2026-07-31,Arike Ogunbowale,pts_ast,18.5,18.49,18.49,0.478,0.478,,-0.0471,under,,,-0.0471
2026-07-31 17:43,2026-07-31,Bridget Carleton,pts_ast,14.5,15.37,15.37,0.529,0.529,,-0.0473,over,,,-0.0473
2026-07-31 17:43,2026-07-31,Georgia Amoore,threes,1.5,1.27,1.27,0.363,0.363,,-0.074,under,-0.0479,over,-0.0479
2026-07-31 17:43,2026-08-01,Alyssa Thomas,pts_reb,22.5,22.71,22.71,0.491,0.491,,-0.0486,under,,,-0.0486
2026-07-31 17:43,2026-07-31,Shakira Austin,reb_ast,11.5,12.04,12.04,0.538,0.538,,-0.0488,over,,,-0.0488
2026-07-31 17:43,2026-07-31,Dominique Malonga,pts_reb,23.5,24.26,24.26,0.518,0.518,,-0.0496,over,,,-0.0496
2026-07-31 17:43,2026-07-31,Emily Engstler,pts_reb,13.5,14.36,14.36,0.525,0.525,,-0.0502,under,,,-0.0502
2026-07-31 17:43,2026-07-31,Brionna Jones,rebounds,6.5,6.54,6.54,0.484,0.484,,-0.0508,over,,,-0.0508
2026-07-31 17:43,2026-08-01,Natasha Cloud,points,9.5,9.98,9.98,0.503,0.503,,-0.051,under,-0.051,under,-0.051
2026-07-31 17:43,2026-07-31,Dominique Malonga,pra,25.5,25.95,25.95,0.503,0.503,,-0.0521,under,,,-0.0521
2026-07-31 17:43,2026-08-01,Chelsea Gray,pts_reb,15.5,16.14,16.14,0.512,0.512,,-0.0534,over,,,-0.0534
2026-07-31 17:43,2026-07-31,Jade Melbourne,assists,3.5,3.77,3.77,0.527,0.527,,-0.0539,under,,,-0.0539
2026-07-31 17:43,2026-07-31,Jade Melbourne,pts_ast,11.5,11.7,11.7,0.485,0.485,,-0.0553,under,,,-0.0553
2026-07-31 17:43,2026-08-01,Natasha Cloud,rebounds,2.5,3.19,3.19,0.594,0.594,,-0.0568,over,-0.0648,over,-0.0568
2026-07-31 17:43,2026-07-31,Arike Ogunbowale,assists,3.5,3.29,3.29,0.435,0.435,,-0.0583,under,,,-0.0583
2026-07-31 17:43,2026-07-31,Jordin Canada,pts_reb,15.5,15.91,15.91,0.499,0.499,,-0.0597,over,,,-0.0597
2026-07-31 17:43,2026-08-01,Alyssa Thomas,rebounds,7.5,7.66,7.66,0.501,0.501,,-0.0625,under,-0.0603,over,-0.0603
2026-07-31 17:43,2026-07-31,Arike Ogunbowale,reb_ast,6.5,6.31,6.31,0.454,0.454,,-0.0636,under,,,-0.0636
2026-07-31 17:43,2026-08-01,Breanna Stewart,rebounds,8.5,8.41,8.41,0.471,0.471,,-0.0644,under,-0.0644,under,-0.0644
2026-07-31 17:43,2026-08-01,Chelsea Gray,reb_ast,9.5,10.06,10.06,0.542,0.542,,-0.0716,over,,,-0.0716
2026-07-31 17:43,2026-07-31,Azzi Fudd,points,14.0,12.69,12.69,0.361,0.361,,,,,,
2026-07-31 17:43,2026-07-31,Jessica Shepard,points,14.0,12.57,12.57,0.354,0.354,,,,,,
2026-07-31 17:43,2026-07-31,Arike Ogunbowale,points,15.0,15.19,15.19,0.458,0.458,,,,,,
2026-07-31 17:43,2026-07-31,Lauren Betts,points,5.5,7.09,7.09,0.593,0.593,,,,,,
2026-07-31 17:43,2026-07-31,Awak Kuier,rebounds,3.0,3.09,3.09,0.396,0.396,,,,,,
2026-07-31 17:43,2026-07-31,Azzi Fudd,assists,2.5,2.1,2.1,0.375,0.375,,,,,,
2026-07-31 17:43,2026-07-31,Jessica Shepard,pra,31.5,28.67,28.67,0.36,0.36,,,,,,
2026-07-31 17:43,2026-07-31,Shakira Austin,pra,27.5,28.05,28.05,0.508,0.508,,,,,,
2026-07-31 17:43,2026-07-31,Sonia Citron,pra,24.5,22.32,22.32,0.375,0.375,,,,,,
2026-07-31 17:43,2026-07-31,Sonia Citron,pts_ast,20.0,18.99,18.99,0.398,0.398,,,,,,
2026-07-31 17:43,2026-07-31,Shakira Austin,pts_ast,19.0,18.44,18.44,0.421,0.421,,,,,,
2026-07-31 17:43,2026-07-31,Kiki Iriafen,pts_ast,17.5,15.38,15.38,0.354,0.354,,,,,,
2026-07-31 17:43,2026-07-31,Jessica Shepard,pts_ast,19.5,17.66,17.66,0.377,0.377,,,,,,
2026-07-31 17:43,2026-07-31,Georgia Amoore,pts_reb,7.5,8.11,8.11,0.504,0.504,,,,,,
2026-07-31 17:43,2026-07-31,Shakira Austin,pts_reb,25.0,25.61,25.61,0.487,0.487,,,,,,
2026-07-31 17:43,2026-07-31,Jessica Shepard,pts_reb,25.5,23.59,23.59,0.39,0.39,,,,,,
2026-07-31 17:43,2026-07-31,Kiki Iriafen,reb_ast,11.5,10.08,10.08,0.343,0.343,,,,,,
2026-07-31 17:43,2026-07-31,Brionna Jones,points,11.5,10.96,10.96,0.434,0.434,,,,,,
2026-07-31 17:43,2026-07-31,Angel Reese,pts_ast,19.0,16.8,16.8,0.329,0.329,,,,,,
2026-07-31 17:43,2026-07-31,Natisha Hiedeman,pts_ast,20.0,19.18,19.18,0.408,0.408,,,,,,
2026-07-31 17:43,2026-07-31,Natisha Hiedeman,pts_reb,19.5,17.02,17.02,0.346,0.346,,,,,,
2026-07-31 17:43,2026-07-31,Awa Fam,reb_ast,8.5,9.16,9.16,0.554,0.554,,,,,,
2026-07-31 17:43,2026-07-31,Sophie Cunningham,points,9.5,9.12,9.12,0.439,0.439,,,,,,
2026-07-31 17:43,2026-07-31,Sophie Cunningham,rebounds,2.5,2.4,2.4,0.442,0.442,,,,,,
2026-07-31 17:43,2026-07-31,Emily Engstler,threes,1.5,0.91,0.91,0.231,0.231,,,,,,
2026-07-31 17:43,2026-07-31,Bridget Carleton,pra,19.5,19.66,19.66,0.487,0.487,,,,,,
2026-07-31 17:43,2026-07-31,Carla Leite,pra,24.0,23.96,23.96,0.455,0.455,,,,,,
2026-07-31 17:43,2026-07-31,Sophie Cunningham,pts_reb,11.5,11.52,11.52,0.471,0.471,,,,,,
2026-07-31 17:43,2026-07-31,Megan DiLeo,pts_reb,19.5,16.97,16.97,0.343,0.343,,,,,,
2026-07-31 17:43,2026-08-01,Jewell Loyd,points,9.5,9.3,9.3,0.453,0.453,,,,,,
2026-07-31 17:43,2026-08-01,Natasha Cloud,pts_ast,15.0,15.06,15.06,0.45,0.45,,,,,,
2026-07-31 17:43,2026-08-01,Natasha Cloud,pts_reb,13.0,13.17,13.17,0.452,0.452,,,,,,
2026-07-31 17:43,2026-08-01,Jackie Young,pts_reb,24.5,20.91,20.91,0.307,0.307,,,,,,
2026-07-31 17:43,2026-08-01,A'ja Wilson,reb_ast,15.0,12.34,12.34,0.22,0.22,,,,,,
2026-07-31 17:43,2026-08-01,Kahleah Copper,pra,29.5,24.24,24.24,0.253,0.253,,,,,,
2026-07-31 17:43,2026-08-01,Breanna Stewart,pts_ast,28.0,24.66,24.66,0.304,0.304,,,,,,
2026-07-31 17:43,2026-08-01,Kahleah Copper,pts_ast,24.5,20.56,20.56,0.286,0.286,,,,,,
2026-07-31 17:43,2026-08-01,Alyssa Thomas,pts_ast,24.5,24.17,24.17,0.466,0.466,,,,,,
2026-07-31 17:43,2026-08-01,Breanna Stewart,pts_reb,33.0,29.11,29.11,0.299,0.299,,,,,,
2026-07-31 17:43,2026-08-01,Alyssa Thomas,reb_ast,17.0,16.79,16.79,0.429,0.429,,,,,,
2026-07-31 17:43,2026-08-01,Jonquel Jones,reb_ast,11.5,12.17,12.17,0.549,0.549,,,,,,
2026-07-31 17:43,2026-08-01,Kahleah Copper,reb_ast,7.0,5.38,5.38,0.229,0.229,,,,,,
2026-07-31 17:43,2026-08-01,Breanna Stewart,reb_ast,13.5,12.36,12.36,0.379,0.379,,,,,,
2026-07-31 17:57,2026-08-01,Kahleah Copper,threes,1.5,1.48,1.48,0.436,0.436,,0.2964,under,0.3978,under,0.3978
2026-07-31 17:57,2026-08-01,Jackie Young,pts_ast,26.5,23.28,23.28,0.327,0.327,,0.3141,under,,,0.3141
2026-07-31 17:57,2026-07-31,Aliyah Boston,pts_ast,20.5,17.28,17.28,0.306,0.306,,0.2976,under,,,0.2976
2026-07-31 17:57,2026-07-31,Caitlin Clark,assists,9.5,7.48,7.48,0.242,0.242,,0.2955,under,0.27,under,0.2955
2026-07-31 17:57,2026-08-01,Jackie Young,pra,30.5,26.84,26.84,0.322,0.322,,0.2951,under,,,0.2951
2026-07-31 17:57,2026-08-01,A'ja Wilson,assists,3.5,2.94,2.94,0.362,0.362,,0.2893,under,0.2893,under,0.2893
2026-07-31 17:57,2026-07-31,Jessica Shepard,assists,5.5,5.08,5.08,0.415,0.415,,0.2865,under,-0.0305,under,0.2865
2026-07-31 17:57,2026-07-31,Caitlin Clark,reb_ast,13.5,11.04,11.04,0.26,0.26,,0.284,under,,,0.284
2026-07-31 17:57,2026-07-31,Aliyah Boston,points,17.5,14.57,14.57,0.309,0.309,,0.2441,under,0.2577,under,0.2577
2026-07-31 17:57,2026-07-31,Angel Reese,pra,30.5,27.33,27.33,0.343,0.343,,0.254,under,,,0.254
2026-07-31 17:57,2026-07-31,Angel Reese,pts_reb,27.5,24.88,24.88,0.361,0.361,,0.2476,under,,,0.2476
2026-07-31 17:57,2026-07-31,Aliyah Boston,pts_reb,25.5,21.96,21.96,0.313,0.313,,0.2368,under,,,0.2368
2026-07-31 17:57,2026-08-01,Kahleah Copper,points,21.5,18.86,18.86,0.341,0.341,,0.2362,under,0.2362,under,0.2362
2026-07-31 17:57,2026-07-31,Angel Reese,rebounds,11.5,10.55,10.55,0.388,0.388,,0.2235,under,0.2357,under,0.2357
2026-07-31 17:57,2026-08-01,Jackie Young,assists,7.5,5.93,5.93,0.268,0.268,,0.2337,under,0.2337,under,0.2337
2026-07-31 17:57,2026-07-31,Aliyah Boston,reb_ast,11.5,10.09,10.09,0.344,0.344,,0.232,under,,,0.232
2026-07-31 17:57,2026-08-01,Sabrina Ionescu,assists,5.5,4.8,4.8,0.368,0.368,,0.2276,under,0.2276,under,0.2276
2026-07-31 17:57,2026-08-01,Jackie Young,reb_ast,11.5,9.49,9.49,0.284,0.284,,0.2266,under,,,0.2266
2026-07-31 17:57,2026-08-01,Jonquel Jones,assists,2.5,3.03,3.03,0.584,0.584,,0.2203,over,0.2262,over,0.2262
2026-07-31 17:57,2026-07-31,Bridget Carleton,rebounds,3.5,4.29,4.29,0.599,0.599,,0.2095,over,0.2215,over,0.2215
2026-07-31 17:57,2026-08-01,Jackie Young,points,19.5,17.35,17.35,0.361,0.361,,0.2206,under,0.2206,under,0.2206
2026-07-31 17:57,2026-08-01,A'ja Wilson,pra,41.5,37.64,37.64,0.336,0.336,,0.2177,under,,,0.2177
2026-07-31 17:57,2026-08-01,Kahleah Copper,pts_reb,25.5,22.54,22.54,0.34,0.34,,0.2097,under,,,0.2097
2026-07-31 17:57,2026-08-01,Kahleah Copper,assists,2.5,1.7,1.7,0.272,0.272,,0.1685,under,0.2063,under,0.2063
2026-07-31 17:57,2026-07-31,Awa Fam,rebounds,5.5,6.8,6.8,0.645,0.645,,0.1918,over,0.1918,over,0.1918
2026-07-31 17:57,2026-07-31,Kiki Iriafen,pra,26.5,24.03,24.03,0.366,0.366,,0.1854,under,,,0.1854
2026-07-31 17:57,2026-08-01,Sabrina Ionescu,pts_ast,25.5,22.92,22.92,0.355,0.355,,0.1827,under,,,0.1827
2026-07-31 17:57,2026-08-01,Sabrina Ionescu,points,19.5,18.12,18.12,0.403,0.403,,0.1159,under,0.182,under,0.182
2026-07-31 17:57,2026-07-31,Natisha Hiedeman,threes,2.5,1.64,1.64,0.227,0.227,,0.1791,under,0.1588,under,0.1791
2026-07-31 17:57,2026-07-31,Angel Reese,points,15.5,14.34,14.34,0.405,0.405,,0.1353,under,0.1777,under,0.1777
2026-07-31 17:57,2026-07-31,Megan DiLeo,points,14.5,13.11,13.11,0.387,0.387,,0.1696,under,0.1696,under,0.1696
2026-07-31 17:57,2026-07-31,Angel Reese,reb_ast,14.5,13.0,13.0,0.351,0.351,,0.1682,under,,,0.1682
2026-07-31 17:57,2026-08-01,A'ja Wilson,points,26.5,25.29,25.29,0.425,0.425,,,,0.1654,under,0.1654
2026-07-31 17:57,2026-07-31,Megan DiLeo,threes,1.5,1.5,1.5,0.443,0.443,,0.1211,over,0.161,over,0.161
2026-07-31 17:57,2026-08-01,A'ja Wilson,pts_ast,30.5,28.23,28.23,0.381,0.381,,0.1577,under,,,0.1577
2026-07-31 17:57,2026-08-01,A'ja Wilson,pts_reb,37.5,34.7,34.7,0.372,0.372,,0.1518,under,,,0.1518
2026-07-31 17:57,2026-08-01,A'ja Wilson,rebounds,10.5,9.4,9.4,0.368,0.368,,0.138,under,0.1504,under,0.1504
2026-07-31 17:57,2026-07-31,Natisha Hiedeman,rebounds,2.5,2.51,2.51,0.465,0.465,,0.1493,under,,,0.1493
2026-07-31 17:57,2026-07-31,Aliyah Boston,rebounds,8.5,7.38,7.38,0.35,0.35,,0.1493,under,0.1203,under,0.1493
2026-07-31 17:57,2026-08-01,Sabrina Ionescu,pra,29.5,27.34,27.34,0.386,0.386,,0.1487,under,,,0.1487
2026-07-31 17:57,2026-07-31,Kiki Iriafen,rebounds,9.5,8.66,8.66,0.39,0.39,,0.1457,under,0.1457,under,0.1457
2026-07-31 17:57,2026-07-31,Kiki Iriafen,pts_reb,24.5,22.61,22.61,0.389,0.389,,0.1423,under,,,0.1423
2026-07-31 17:57,2026-07-31,Michaela Onyenwere,rebounds,2.5,2.68,2.68,0.5,0.5,,0.0998,under,0.1398,under,0.1398
2026-07-31 17:57,2026-07-31,Rhyne Howard,points,16.5,15.71,15.71,0.431,0.431,,0.0967,under,0.1389,under,0.1389
2026-07-31 17:57,2026-07-31,Jordin Canada,rebounds,3.5,3.5,3.5,0.47,0.47,,0.0913,under,0.1337,under,0.1337
2026-07-31 17:57,2026-07-31,Caitlin Clark,pra,33.5,31.13,31.13,0.383,0.383,,0.1311,under,,,0.1311
2026-07-31 17:57,2026-07-31,Jessica Shepard,reb_ast,17.0,16.1,16.1,0.372,0.372,,0.1305,under,,,0.1305
2026-07-31 17:57,2026-07-31,Jessica Shepard,rebounds,11.5,11.01,11.01,0.436,0.436,,0.1285,under,,,0.1285
2026-07-31 17:57,2026-08-01,Jackie Young,threes,2.5,1.85,1.85,0.284,0.284,,0.1256,under,0.128,under,0.128
2026-07-31 17:57,2026-07-31,Kiki Iriafen,assists,1.5,1.42,1.42,0.436,0.436,,0.1277,under,,,0.1277
2026-07-31 17:57,2026-07-31,Aliyah Boston,assists,3.5,2.71,2.71,0.313,0.313,,0.1246,under,0.1009,under,0.1246
2026-07-31 17:57,2026-08-01,Sabrina Ionescu,reb_ast,9.5,9.22,9.22,0.452,0.452,,0.1235,under,,,0.1235
2026-07-31 17:57,2026-07-31,Bridget Carleton,pts_reb,15.5,17.31,17.31,0.578,0.578,,0.1225,over,,,0.1225
2026-07-31 17:57,2026-07-31,Monique Billings,pra,15.5,13.94,13.94,0.384,0.384,,0.1201,under,,,0.1201
2026-07-31 17:57,2026-07-31,Azzi Fudd,pts_ast,16.5,14.79,14.79,0.375,0.375,,0.1171,under,,,0.1171
2026-07-31 17:57,2026-07-31,Rhyne Howard,pra,25.5,23.3,23.3,0.376,0.376,,0.1148,under,,,0.1148
2026-07-31 17:57,2026-08-01,Jackie Young,rebounds,3.5,3.56,3.56,0.48,0.48,,,,0.1128,under,0.1128
2026-07-31 17:57,2026-07-31,Bridget Carleton,threes,2.5,2.61,2.61,0.483,0.483,,0.1109,over,0.0819,over,0.1109
2026-07-31 17:57,2026-07-31,Kelsey Mitchell,points,22.5,24.28,24.28,0.57,0.57,,0.0697,over,0.1075,over,0.1075
2026-07-31 17:57,2026-07-31,Kiki Iriafen,points,14.5,13.95,13.95,0.441,0.441,,0.0915,under,0.1072,under,0.1072
2026-07-31 17:57,2026-07-31,Flau'jae Johnson,pra,21.5,23.73,23.73,0.59,0.59,,0.1032,over,,,0.1032
2026-07-31 17:57,2026-08-01,Breanna Stewart,assists,3.5,3.95,3.95,0.56,0.56,,0.0988,over,0.0988,over,0.0988
2026-07-31 17:57,2026-07-31,Natisha Hiedeman,pra,23.5,21.68,21.68,0.391,0.391,,0.0965,under,,,0.0965
2026-07-31 17:57,2026-07-31,Kelsey Mitchell,assists,2.5,2.64,2.64,0.502,0.502,,0.0955,under,,,0.0955
2026-07-31 17:57,2026-07-31,Monique Billings,pts_reb,13.5,12.77,12.77,0.427,0.427,,0.0933,under,,,0.0933
2026-07-31 17:57,2026-07-31,Bridget Carleton,reb_ast,5.5,6.64,6.64,0.618,0.618,,0.0931,over,,,0.0931
2026-07-31 17:57,2026-07-31,Dominique Malonga,rebounds,7.5,8.87,8.87,0.636,0.636,,0.0928,over,0.065,over,0.0928
2026-07-31 17:57,2026-07-31,Sonia Citron,points,16.5,15.28,15.28,0.405,0.405,,0.0916,under,0.0835,under,0.0916
2026-07-31 17:57,2026-07-31,Michaela Onyenwere,reb_ast,5.5,4.62,4.62,0.354,0.354,,0.0916,under,,,0.0916
2026-07-31 17:57,2026-07-31,Rhyne Howard,pts_ast,20.5,19.34,19.34,0.417,0.417,,0.0902,under,,,0.0902
2026-07-31 17:57,2026-08-01,Breanna Stewart,points,22.5,20.71,20.71,0.388,0.388,,0.0897,under,0.0897,under,0.0897
2026-07-31 17:57,2026-08-01,Chelsea Gray,threes,1.5,1.78,1.78,0.53,0.53,,0.0334,under,0.0897,under,0.0897
2026-07-31 17:57,2026-07-31,Caitlin Clark,pts_ast,29.5,27.58,27.58,0.395,0.395,,0.0893,under,,,0.0893
2026-07-31 17:57,2026-08-01,Sabrina Ionescu,pts_reb,24.5,22.54,22.54,0.385,0.385,,0.0873,under,,,0.0873
2026-07-31 17:57,2026-07-31,Rhyne Howard,pts_reb,21.5,19.68,19.68,0.386,0.386,,0.087,under,,,0.087
2026-07-31 17:57,2026-07-31,Flau'jae Johnson,pts_ast,16.5,18.51,18.51,0.592,0.592,,0.0853,over,,,0.0853
2026-07-31 17:57,2026-07-31,Flau'jae Johnson,pts_reb,18.5,20.43,20.43,0.58,0.58,,0.0847,over,,,0.0847
2026-07-31 17:57,2026-07-31,Flau'jae Johnson,points,13.5,15.21,15.21,0.58,0.58,,0.0845,over,,,0.0845
2026-07-31 17:57,2026-07-31,Carla Leite,rebounds,2.5,2.44,2.44,0.451,0.451,,0.0594,over,0.0819,over,0.0819
2026-07-31 17:57,2026-08-01,Jonquel Jones,rebounds,8.5,9.14,9.14,0.554,0.554,,0.0807,over,-0.0207,over,0.0807
2026-07-31 17:57,2026-08-01,Sydney Taylor,threes,2.5,2.37,2.37,0.424,0.424,,-0.0299,over,0.076,over,0.076
2026-07-31 17:57,2026-07-31,Monique Billings,points,8.5,7.58,7.58,0.392,0.392,,0.0755,under,,,0.0755
2026-07-31 17:57,2026-07-31,Paige Bueckers,points,20.5,19.35,19.35,0.418,0.418,,0.0754,under,0.0754,under,0.0754
2026-07-31 17:57,2026-07-31,Allisha Gray,pra,25.5,24.84,24.84,0.45,0.45,,0.0732,under,,,0.0732
2026-07-31 17:57,2026-08-01,Alyssa Thomas,assists,8.5,9.12,9.12,0.562,0.562,,0.0731,over,0.0552,over,0.0731
2026-07-31 17:57,2026-07-31,Natisha Hiedeman,points,15.5,14.51,14.51,0.416,0.416,,0.0714,under,,,0.0714
2026-07-31 17:57,2026-07-31,Dominique Malonga,assists,1.5,1.69,1.69,0.514,0.514,,0.0691,under,,,0.0691
2026-07-31 17:57,2026-07-31,Allisha Gray,pts_ast,22.5,21.54,21.54,0.431,0.431,,0.0681,under,,,0.0681
2026-07-31 17:57,2026-07-31,Kelsey Mitchell,pts_reb,24.5,26.22,26.22,0.564,0.564,,0.067,over,,,0.067
2026-07-31 17:57,2026-07-31,Sonia Citron,pts_reb,19.5,18.61,18.61,0.431,0.431,,0.064,under,,,0.064
2026-07-31 17:57,2026-07-31,Paige Bueckers,pts_reb,24.5,23.24,23.24,0.42,0.42,,0.0639,under,,,0.0639
2026-07-31 17:57,2026-07-31,Caitlin Clark,rebounds,4.5,3.55,3.55,0.32,0.32,,,,0.0624,under,0.0624
2026-07-31 17:57,2026-08-01,Chelsea Gray,assists,6.5,7.09,7.09,0.566,0.566,,0.026,over,0.0623,over,0.0623
2026-07-31 17:57,2026-07-31,Paige Bueckers,pra,30.5,29.34,29.34,0.432,0.432,,0.0618,under,,,0.0618
2026-07-31 17:57,2026-07-31,Shakira Austin,rebounds,9.5,9.61,9.61,0.495,0.495,,-0.0246,over,0.0591,over,0.0591
2026-07-31 17:57,2026-07-31,Arike Ogunbowale,rebounds,2.5,3.02,3.02,0.565,0.565,,0.0555,over,,,0.0555
2026-07-31 17:57,2026-08-01,Natasha Cloud,assists,4.5,5.09,5.09,0.576,0.576,,0.0363,over,0.0555,over,0.0555
2026-07-31 17:57,2026-07-31,Flau'jae Johnson,reb_ast,7.5,8.51,8.51,0.594,0.594,,0.0548,over,,,0.0548
2026-07-31 17:57,2026-07-31,Jordin Canada,points,11.5,12.4,12.4,0.532,0.532,,0.0393,over,0.0543,over,0.0543
2026-07-31 17:57,2026-07-31,Michaela Onyenwere,pra,14.5,14.07,14.07,0.448,0.448,,0.0541,under,,,0.0541
2026-07-31 17:57,2026-07-31,Awak Kuier,points,4.5,4.77,4.77,0.473,0.473,,0.0537,under,,,0.0537
2026-07-31 17:57,2026-08-01,Kamilla Cardoso,rebounds,7.5,7.97,7.97,0.538,0.538,,0.0495,over,0.0091,over,0.0495
2026-07-31 17:57,2026-07-31,Dominique Malonga,reb_ast,9.5,10.56,10.56,0.592,0.592,,0.0474,over,,,0.0474
2026-07-31 17:57,2026-07-31,Rhyne Howard,reb_ast,7.5,7.58,7.58,0.489,0.489,,0.0469,under,,,0.0469
2026-07-31 17:57,2026-08-01,Breanna Stewart,threes,0.5,1.03,1.03,0.644,0.644,,0.0455,under,0.0455,under,0.0455
2026-07-31 17:57,2026-08-01,Chelsea Gray,rebounds,2.5,2.97,2.97,0.554,0.554,,-0.0415,under,0.0432,under,0.0432
2026-07-31 17:57,2026-07-31,Kelsey Mitchell,threes,2.5,3.23,3.23,0.626,0.626,,0.0431,over,0.0122,over,0.0431
2026-07-31 17:57,2026-07-31,Megan DiLeo,rebounds,3.5,3.86,3.86,0.531,0.531,,,,0.0411,under,0.0411
2026-07-31 17:57,2026-07-31,Allisha Gray,points,19.5,19.06,19.06,0.455,0.455,,0.0397,under,0.0224,under,0.0397
2026-07-31 17:57,2026-07-31,Emily Engstler,points,8.5,9.0,9.0,0.504,0.504,,0.0376,over,,,0.0376
2026-07-31 17:57,2026-07-31,Monique Billings,rebounds,5.5,5.19,5.19,0.433,0.433,,0.036,under,,,0.036
2026-07-31 17:57,2026-07-31,Allisha Gray,pts_reb,23.5,22.37,22.37,0.425,0.425,,0.0358,under,,,0.0358
2026-07-31 17:57,2026-07-31,Arike Ogunbowale,threes,1.5,1.79,1.79,0.534,0.534,,0.0355,under,0.0355,under,0.0355
2026-07-31 17:57,2026-07-31,Jordin Canada,pts_ast,19.5,20.86,20.86,0.554,0.554,,0.0349,over,,,0.0349
2026-07-31 17:57,2026-07-31,Caitlin Clark,threes,2.5,2.92,2.92,0.56,0.56,,0.0338,over,0.0072,over,0.0338
2026-07-31 17:57,2026-07-31,Kelsey Mitchell,pts_ast,25.5,26.92,26.92,0.552,0.552,,0.0311,over,,,0.0311
2026-07-31 17:57,2026-07-31,Carla Leite,reb_ast,8.5,8.72,8.72,0.505,0.505,,0.0309,over,,,0.0309
2026-07-31 17:57,2026-07-31,Flau'jae Johnson,rebounds,4.5,5.22,5.22,0.58,0.58,,0.0304,over,,,0.0304
2026-07-31 17:57,2026-07-31,Sonia Citron,reb_ast,7.5,7.04,7.04,0.424,0.424,,0.0302,under,,,0.0302
2026-07-31 17:57,2026-07-31,Aliyah Boston,threes,1.5,0.96,0.96,0.249,0.249,,0.0291,under,0.0291,under,0.0291
2026-07-31 17:57,2026-08-01,Jonquel Jones,points,13.5,13.54,13.54,0.477,0.477,,0.0264,under,0.0264,under,0.0264
2026-07-31 17:57,2026-08-01,Breanna Stewart,pra,34.5,33.06,33.06,0.424,0.424,,0.0259,under,,,0.0259
2026-07-31 17:57,2026-07-31,Natisha Hiedeman,reb_ast,7.5,7.18,7.18,0.441,0.441,,0.0256,under,,,0.0256
2026-07-31 17:57,2026-07-31,Paige Bueckers,threes,1.5,1.7,1.7,0.507,0.507,,0.0238,over,0.0238,over,0.0238
2026-07-31 17:57,2026-07-31,Kelsey Mitchell,pra,27.5,28.86,28.86,0.545,0.545,,0.0236,over,,,0.0236
2026-07-31 17:57,2026-08-01,A'ja Wilson,threes,0.5,0.95,0.95,0.613,0.613,,,,0.0224,under,0.0224
2026-07-31 17:57,2026-07-31,Paige Bueckers,pts_ast,26.5,25.45,25.45,0.432,0.432,,0.0222,under,,,0.0222
2026-07-31 17:57,2026-07-31,Dominique Malonga,pts_ast,17.5,17.07,17.07,0.454,0.454,,0.0217,under,,,0.0217
2026-07-31 17:57,2026-08-01,Sydney Taylor,points,16.5,17.06,17.06,0.51,0.51,,0.02,over,0.02,over,0.02
2026-07-31 17:57,2026-07-31,Sonia Citron,rebounds,3.5,3.33,3.33,0.44,0.44,,0.0189,under,0.0189,under,0.0189
2026-07-31 17:57,2026-07-31,Michaela Onyenwere,threes,1.5,1.47,1.47,0.431,0.431,,0.014,over,0.0183,over,0.0183
2026-07-31 17:57,2026-08-01,Kahleah Copper,rebounds,3.5,3.68,3.68,0.501,0.501,,0.0173,under,0.0173,under,0.0173
2026-07-31 17:57,2026-07-31,Flau'jae Johnson,assists,2.5,3.29,3.29,0.633,0.633,,0.0171,over,,,0.0171
2026-07-31 17:57,2026-07-31,Michaela Onyenwere,assists,2.5,1.94,1.94,0.334,0.334,,0.0163,under,,,0.0163
2026-07-31 17:57,2026-07-31,Jordin Canada,threes,0.5,0.7,0.7,0.505,0.505,,0.0157,under,,,0.0157
2026-07-31 17:57,2026-07-31,Rhyne Howard,threes,2.5,2.87,2.87,0.548,0.548,,-0.0004,under,0.0132,under,0.0132
2026-07-31 17:57,2026-07-31,Lauren Betts,rebounds,3.5,3.68,3.68,0.501,0.501,,0.0129,over,,,0.0129
2026-07-31 17:57,2026-07-31,Lauren Betts,pts_reb,9.5,10.77,10.77,0.552,0.552,,0.0112,over,,,0.0112
2026-07-31 17:57,2026-07-31,Carla Leite,assists,5.5,6.28,6.28,0.596,0.596,,0.0101,over,0.0101,over,0.0101
2026-07-31 17:57,2026-07-31,Allisha Gray,threes,1.5,2.07,2.07,0.612,0.612,,0.0092,over,-0.0009,over,0.0092
2026-07-31 17:57,2026-07-31,Caitlin Clark,pts_reb,24.5,23.65,23.65,0.44,0.44,,0.0079,under,,,0.0079
2026-07-31 17:57,2026-08-01,Natasha Cloud,reb_ast,7.5,8.27,8.27,0.568,0.568,,0.0057,over,,,0.0057
2026-07-31 17:57,2026-08-01,Chelsea Gray,pts_ast,19.5,20.27,20.27,0.522,0.522,,0.0053,over,,,0.0053
2026-07-31 17:57,2026-07-31,Paige Bueckers,assists,5.5,6.1,6.1,0.572,0.572,,0.0052,over,-0.0136,over,0.0052
2026-07-31 17:57,2026-07-31,Allisha Gray,assists,2.5,2.47,2.47,0.465,0.465,,0.0045,under,0.0045,under,0.0045
2026-07-31 17:57,2026-08-01,Natasha Cloud,threes,1.5,1.26,1.26,0.361,0.361,,0.0028,over,0.0028,over,0.0028
2026-07-31 17:57,2026-07-31,Allisha Gray,reb_ast,5.5,5.78,5.78,0.511,0.511,,0.0028,under,,,0.0028
2026-07-31 17:57,2026-07-31,Michaela Onyenwere,pts_ast,11.5,11.39,11.39,0.464,0.464,,0.0026,under,,,0.0026
2026-07-31 17:57,2026-08-01,Kamilla Cardoso,points,13.5,13.91,13.91,0.501,0.501,,0.001,over,-0.038,under,0.001
2026-07-31 17:57,2026-07-31,Jordin Canada,assists,8.5,8.46,8.46,0.481,0.481,,-0.0145,over,-0.0001,over,-0.0001
2026-07-31 17:57,2026-07-31,Georgia Amoore,pra,11.5,11.6,11.6,0.474,0.474,,-0.0008,under,,,-0.0008
2026-07-31 17:57,2026-07-31,Emily Engstler,rebounds,5.5,5.36,5.36,0.457,0.457,,-0.0581,over,-0.0032,over,-0.0032
2026-07-31 17:57,2026-08-01,Sabrina Ionescu,rebounds,4.5,4.42,4.42,0.461,0.461,,-0.0541,over,-0.0033,over,-0.0033
2026-07-31 17:57,2026-07-31,Dominique Malonga,points,15.5,15.38,15.38,0.469,0.469,,-0.0077,under,-0.0036,under,-0.0036
2026-07-31 17:57,2026-07-31,Jordin Canada,reb_ast,12.5,11.96,11.96,0.434,0.434,,-0.0047,under,,,-0.0047
2026-07-31 17:57,2026-07-31,Awa Fam,points,11.5,11.02,11.02,0.438,0.438,,-0.0064,under,-0.0064,under,-0.0064
2026-07-31 17:57,2026-07-31,Georgia Amoore,assists,3.5,3.49,3.49,0.475,0.475,,-0.0189,under,-0.0067,under,-0.0067
2026-07-31 17:57,2026-08-01,Chelsea Gray,points,12.5,13.18,13.18,0.517,0.517,,-0.008,over,-0.0289,over,-0.008
2026-07-31 17:57,2026-07-31,Natisha Hiedeman,assists,4.5,4.66,4.66,0.507,0.507,,-0.0093,over,,,-0.0093
2026-07-31 17:57,2026-07-31,Rhyne Howard,rebounds,4.5,3.96,3.96,0.387,0.387,,-0.0093,under,-0.0093,under,-0.0093
2026-07-31 17:57,2026-07-31,Carla Leite,points,15.5,15.24,15.24,0.46,0.46,,-0.0106,under,-0.018,under,-0.0106
2026-07-31 17:57,2026-07-31,Carla Leite,threes,0.5,0.73,0.73,0.517,0.517,,-0.0107,under,,,-0.0107
2026-07-31 17:57,2026-07-31,Awak Kuier,pts_reb,8.5,7.87,7.87,0.415,0.415,,-0.0117,under,,,-0.0117
2026-07-31 17:57,2026-08-01,Jonquel Jones,threes,1.5,1.82,1.82,0.543,0.543,,-0.0125,over,-0.0125,over,-0.0125
2026-07-31 17:57,2026-08-01,Jonquel Jones,pts_ast,16.5,16.57,16.57,0.481,0.481,,-0.0129,over,,,-0.0129
2026-07-31 17:57,2026-07-31,Azzi Fudd,threes,2.5,2.23,2.23,0.385,0.385,,-0.0143,under,-0.0143,under,-0.0143
2026-07-31 17:57,2026-07-31,Georgia Amoore,pts_ast,10.5,10.27,10.27,0.453,0.453,,-0.0149,under,,,-0.0149
2026-07-31 17:57,2026-07-31,Sophie Cunningham,threes,1.5,1.8,1.8,0.537,0.537,,-0.0158,over,,,-0.0158
2026-07-31 17:57,2026-07-31,Awa Fam,assists,2.5,2.36,2.36,0.437,0.437,,-0.0162,over,,,-0.0162
2026-07-31 17:57,2026-07-31,Shakira Austin,pts_ast,18.5,18.43,18.43,0.475,0.475,,-0.0187,under,,,-0.0187
2026-07-31 17:57,2026-07-31,Rhyne Howard,assists,3.5,3.62,3.62,0.5,0.5,,-0.0189,under,-0.028,under,-0.0189
2026-07-31 17:57,2026-07-31,Shakira Austin,pts_reb,24.5,25.6,25.6,0.535,0.535,,-0.0197,over,,,-0.0197
2026-07-31 17:57,2026-07-31,Sonia Citron,assists,3.5,3.7,3.7,0.515,0.515,,-0.0206,under,-0.0206,under,-0.0206
2026-07-31 17:57,2026-07-31,Jordin Canada,pra,23.5,24.37,24.37,0.523,0.523,,-0.0216,over,,,-0.0216
2026-07-31 17:57,2026-07-31,Awa Fam,pts_ast,13.5,13.38,13.38,0.466,0.466,,-0.0218,under,,,-0.0218
2026-07-31 17:57,2026-07-31,Awa Fam,threes,1.5,1.63,1.63,0.484,0.484,,-0.0229,over,-0.0229,over,-0.0229
2026-07-31 17:57,2026-07-31,Allisha Gray,rebounds,3.5,3.3,3.3,0.435,0.435,,-0.0578,under,-0.025,under,-0.025
2026-07-31 17:57,2026-08-01,Alyssa Thomas,pra,31.5,31.84,31.84,0.499,0.499,,-0.0256,over,,,-0.0256
2026-07-31 17:57,2026-07-31,Awa Fam,pra,19.5,20.18,20.18,0.514,0.514,,-0.0269,over,,,-0.0269
2026-07-31 17:57,2026-07-31,Flau'jae Johnson,threes,1.5,1.33,1.33,0.384,0.384,,-0.0295,under,-0.0295,under,-0.0295
2026-07-31 17:57,2026-07-31,Shakira Austin,points,15.5,16.0,16.0,0.506,0.506,,-0.057,under,-0.0311,under,-0.0311
2026-07-31 17:57,2026-07-31,Georgia Amoore,points,6.5,6.77,6.77,0.482,0.482,,-0.0311,under,-0.0425,under,-0.0311
2026-07-31 17:57,2026-07-31,Dominique Malonga,pts_reb,23.5,24.25,24.25,0.518,0.518,,-0.0315,over,,,-0.0315
2026-07-31 17:57,2026-08-01,Sabrina Ionescu,threes,2.5,2.64,2.64,0.493,0.493,,-0.0315,under,-0.0315,under,-0.0315
2026-07-31 17:57,2026-08-01,Natasha Cloud,pra,17.5,18.25,18.25,0.518,0.518,,-0.0323,over,,,-0.0323
2026-07-31 17:57,2026-07-31,Bridget Carleton,assists,2.5,2.35,2.35,0.436,0.436,,-0.0324,under,,,-0.0324
2026-07-31 17:57,2026-08-01,Chelsea Gray,pra,22.5,23.24,23.24,0.517,0.517,,-0.0331,over,,,-0.0331
2026-07-31 17:57,2026-08-01,Jonquel Jones,pra,24.5,25.71,25.71,0.539,0.539,,-0.0358,over,,,-0.0358
2026-07-31 17:57,2026-07-31,Sonia Citron,threes,1.5,1.17,1.17,0.328,0.328,,-0.036,under,-0.0539,under,-0.036
2026-07-31 17:57,2026-08-01,Alyssa Thomas,points,14.5,15.05,15.05,0.509,0.509,,-0.037,under,-0.037,under,-0.037
2026-07-31 17:57,2026-07-31,Awa Fam,pts_reb,17.5,17.82,17.82,0.495,0.495,,-0.0379,over,,,-0.0379
2026-07-31 17:57,2026-08-01,Jewell Loyd,threes,1.5,2.06,2.06,0.61,0.61,,,,-0.0392,over,-0.0392
2026-07-31 17:57,2026-07-31,Brionna Jones,pts_reb,17.5,17.49,17.49,0.477,0.477,,-0.0404,under,,,-0.0404
2026-07-31 17:57,2026-07-31,Carla Leite,pts_reb,17.5,17.68,17.68,0.487,0.487,,-0.0408,under,,,-0.0408
2026-07-31 17:57,2026-07-31,Caitlin Clark,points,19.5,20.1,20.1,0.512,0.512,,-0.0465,under,-0.042,under,-0.042
2026-07-31 17:57,2026-07-31,Carla Leite,pts_ast,21.5,21.51,21.51,0.482,0.482,,-0.0422,under,,,-0.0422
2026-07-31 17:57,2026-07-31,Jade Melbourne,points,7.5,7.93,7.93,0.497,0.497,,-0.043,over,,,-0.043
2026-07-31 17:57,2026-07-31,Angel Reese,assists,2.5,2.45,2.45,0.46,0.46,,-0.0438,under,-0.0438,under,-0.0438
2026-07-31 17:57,2026-07-31,Bridget Carleton,points,12.5,13.02,13.02,0.507,0.507,,-0.0443,over,-0.0443,over,-0.0443
2026-07-31 17:57,2026-07-31,Paige Bueckers,reb_ast,9.5,9.99,9.99,0.534,0.534,,-0.0455,under,,,-0.0455
2026-07-31 17:57,2026-08-01,Jonquel Jones,pts_reb,22.5,22.68,22.68,0.49,0.49,,-0.0456,under,,,-0.0456
2026-07-31 17:57,2026-08-01,Kamilla Cardoso,pts_reb,21.5,21.89,21.89,0.5,0.5,,-0.0458,over,,,-0.0458
2026-07-31 17:57,2026-07-31,Arike Ogunbowale,pts_ast,18.5,18.48,18.48,0.478,0.478,,-0.0464,under,,,-0.0464
2026-07-31 17:57,2026-07-31,Arike Ogunbowale,pra,21.5,21.5,21.5,0.48,0.48,,-0.0465,under,,,-0.0465
2026-07-31 17:57,2026-07-31,Bridget Carleton,pts_ast,14.5,15.37,15.37,0.529,0.529,,-0.0479,over,,,-0.0479
2026-07-31 17:57,2026-07-31,Jordin Canada,pts_reb,15.5,15.9,15.9,0.499,0.499,,-0.0482,over,,,-0.0482
2026-07-31 17:57,2026-07-31,Georgia Amoore,threes,1.5,1.27,1.27,0.363,0.363,,-0.0738,under,-0.0484,over,-0.0484
2026-07-31 17:57,2026-08-01,Alyssa Thomas,pts_reb,22.5,22.71,22.71,0.491,0.491,,-0.0486,under,,,-0.0486
2026-07-31 17:57,2026-07-31,Emily Engstler,pts_reb,13.5,14.36,14.36,0.525,0.525,,-0.0497,under,,,-0.0497
2026-07-31 17:57,2026-07-31,Shakira Austin,pra,27.5,28.04,28.04,0.508,0.508,,-0.0505,over,,,-0.0505
2026-07-31 17:57,2026-08-01,Natasha Cloud,points,9.5,9.98,9.98,0.503,0.503,,-0.051,under,-0.051,under,-0.051
2026-07-31 17:57,2026-07-31,Arike Ogunbowale,points,14.5,15.19,15.19,0.518,0.518,,-0.0511,over,,,-0.0511
2026-07-31 17:57,2026-07-31,Shakira Austin,reb_ast,11.5,12.04,12.04,0.538,0.538,,-0.0519,under,,,-0.0519
2026-07-31 17:57,2026-08-01,Chelsea Gray,pts_reb,15.5,16.14,16.14,0.512,0.512,,-0.0534,over,,,-0.0534
2026-07-31 17:57,2026-07-31,Arike Ogunbowale,pts_reb,17.5,18.21,18.21,0.516,0.516,,-0.0535,over,,,-0.0535
2026-07-31 17:57,2026-07-31,Jade Melbourne,assists,3.5,3.77,3.77,0.527,0.527,,-0.0538,under,,,-0.0538
2026-07-31 17:57,2026-07-31,Jade Melbourne,pts_ast,11.5,11.69,11.69,0.484,0.484,,-0.0549,under,,,-0.0549
2026-07-31 17:57,2026-07-31,Brionna Jones,rebounds,6.5,6.54,6.54,0.484,0.484,,-0.0554,over,,,-0.0554
2026-07-31 17:57,2026-08-01,Natasha Cloud,rebounds,2.5,3.19,3.19,0.594,0.594,,-0.0568,over,-0.0648,over,-0.0568
2026-07-31 17:57,2026-07-31,Arike Ogunbowale,assists,3.5,3.29,3.29,0.435,0.435,,-0.0582,under,,,-0.0582
2026-07-31 17:57,2026-08-01,Alyssa Thomas,rebounds,7.5,7.66,7.66,0.501,0.501,,-0.0625,under,-0.0603,over,-0.0603
2026-07-31 17:57,2026-07-31,Arike Ogunbowale,reb_ast,6.5,6.31,6.31,0.454,0.454,,-0.0635,under,,,-0.0635
2026-07-31 17:57,2026-08-01,Breanna Stewart,rebounds,8.5,8.41,8.41,0.471,0.471,,-0.0644,under,-0.0644,under,-0.0644
2026-07-31 17:57,2026-08-01,Chelsea Gray,reb_ast,9.5,10.06,10.06,0.542,0.542,,-0.0716,over,,,-0.0716
2026-07-31 17:57,2026-07-31,Dominique Malonga,pra,25.5,25.94,25.94,0.503,0.503,,-0.081,over,,,-0.081
2026-07-31 17:57,2026-07-31,Azzi Fudd,points,14.0,12.69,12.69,0.361,0.361,,,,,,
2026-07-31 17:57,2026-07-31,Jessica Shepard,points,14.0,12.57,12.57,0.353,0.353,,,,,,
2026-07-31 17:57,2026-07-31,Lauren Betts,points,7.5,7.09,7.09,0.428,0.428,,,,,,
2026-07-31 17:57,2026-07-31,Awak Kuier,rebounds,3.0,3.09,3.09,0.396,0.396,,,,,,
2026-07-31 17:57,2026-07-31,Shakira Austin,assists,2.5,2.43,2.43,0.456,0.456,,,,,,
2026-07-31 17:57,2026-07-31,Azzi Fudd,assists,2.5,2.1,2.1,0.375,0.375,,,,,,
2026-07-31 17:57,2026-07-31,Jessica Shepard,pra,31.5,28.66,28.66,0.359,0.359,,,,,,
2026-07-31 17:57,2026-07-31,Azzi Fudd,pra,17.5,16.51,16.51,0.422,0.422,,,,,,
2026-07-31 17:57,2026-07-31,Sonia Citron,pra,24.5,22.31,22.31,0.375,0.375,,,,,,
2026-07-31 17:57,2026-07-31,Sonia Citron,pts_ast,20.0,18.98,18.98,0.398,0.398,,,,,,
2026-07-31 17:57,2026-07-31,Kiki Iriafen,pts_ast,17.5,15.37,15.37,0.354,0.354,,,,,,
2026-07-31 17:57,2026-07-31,Jessica Shepard,pts_ast,19.5,17.65,17.65,0.377,0.377,,,,,,
2026-07-31 17:57,2026-07-31,Georgia Amoore,pts_reb,8.5,8.11,8.11,0.433,0.433,,,,,,
2026-07-31 17:57,2026-07-31,Jessica Shepard,pts_reb,26.5,23.58,23.58,0.344,0.344,,,,,,
2026-07-31 17:57,2026-07-31,Kiki Iriafen,reb_ast,11.5,10.08,10.08,0.343,0.343,,,,,,
2026-07-31 17:57,2026-07-31,Brionna Jones,points,11.5,10.96,10.96,0.434,0.434,,,,,,
2026-07-31 17:57,2026-07-31,Angel Reese,pts_ast,19.0,16.79,16.79,0.329,0.329,,,,,,
2026-07-31 17:57,2026-07-31,Natisha Hiedeman,pts_ast,20.0,19.17,19.17,0.408,0.408,,,,,,
2026-07-31 17:57,2026-07-31,Natisha Hiedeman,pts_reb,19.5,17.02,17.02,0.345,0.345,,,,,,
2026-07-31 17:57,2026-07-31,Awa Fam,reb_ast,8.5,9.16,9.16,0.553,0.553,,,,,,
2026-07-31 17:57,2026-07-31,Sophie Cunningham,points,9.5,9.12,9.12,0.439,0.439,,,,,,
2026-07-31 17:57,2026-07-31,Sophie Cunningham,rebounds,2.5,2.4,2.4,0.442,0.442,,,,,,
2026-07-31 17:57,2026-07-31,Emily Engstler,threes,1.5,0.91,0.91,0.231,0.231,,,,,,
2026-07-31 17:57,2026-07-31,Bridget Carleton,pra,19.5,19.66,19.66,0.487,0.487,,,,,,
2026-07-31 17:57,2026-07-31,Emily Engstler,pra,16.5,17.01,17.01,0.504,0.504,,,,,,
2026-07-31 17:57,2026-07-31,Megan DiLeo,pra,20.5,18.02,18.02,0.35,0.35,,,,,,
2026-07-31 17:57,2026-07-31,Carla Leite,pra,24.0,23.95,23.95,0.455,0.455,,,,,,
2026-07-31 17:57,2026-07-31,Aliyah Boston,pra,29.5,24.67,24.67,0.27,0.27,,,,,,
2026-07-31 17:57,2026-07-31,Sophie Cunningham,pra,12.5,12.68,12.68,0.481,0.481,,,,,,
2026-07-31 17:57,2026-07-31,Sophie Cunningham,pts_reb,11.5,11.52,11.52,0.47,0.47,,,,,,
2026-07-31 17:57,2026-07-31,Megan DiLeo,pts_reb,19.5,16.96,16.96,0.342,0.342,,,,,,
2026-07-31 17:57,2026-08-01,Jewell Loyd,points,9.5,9.3,9.3,0.453,0.453,,,,,,
2026-07-31 17:57,2026-08-01,Natasha Cloud,pts_ast,15.0,15.06,15.06,0.45,0.45,,,,,,
2026-07-31 17:57,2026-08-01,Natasha Cloud,pts_reb,13.0,13.17,13.17,0.452,0.452,,,,,,
2026-07-31 17:57,2026-08-01,Jackie Young,pts_reb,24.5,20.91,20.91,0.307,0.307,,,,,,
2026-07-31 17:57,2026-08-01,A'ja Wilson,reb_ast,15.0,12.34,12.34,0.22,0.22,,,,,,
2026-07-31 17:57,2026-08-01,Kahleah Copper,pra,29.5,24.24,24.24,0.253,0.253,,,,,,
2026-07-31 17:57,2026-08-01,Breanna Stewart,pts_ast,28.0,24.66,24.66,0.304,0.304,,,,,,
2026-07-31 17:57,2026-08-01,Kahleah Copper,pts_ast,24.5,20.56,20.56,0.286,0.286,,,,,,
2026-07-31 17:57,2026-08-01,Alyssa Thomas,pts_ast,24.5,24.17,24.17,0.466,0.466,,,,,,
2026-07-31 17:57,2026-08-01,Breanna Stewart,pts_reb,33.0,29.11,29.11,0.299,0.299,,,,,,
2026-07-31 17:57,2026-08-01,Alyssa Thomas,reb_ast,17.0,16.79,16.79,0.429,0.429,,,,,,
2026-07-31 17:57,2026-08-01,Jonquel Jones,reb_ast,11.5,12.17,12.17,0.549,0.549,,,,,,
2026-07-31 17:57,2026-08-01,Kahleah Copper,reb_ast,7.0,5.38,5.38,0.229,0.229,,,,,,
2026-07-31 17:57,2026-08-01,Breanna Stewart,reb_ast,13.5,12.36,12.36,0.379,0.379,,,,,,
2026-07-31 17:58,2026-08-01,Kahleah Copper,threes,1.5,1.48,1.48,0.436,0.436,,0.2964,under,0.3978,under,0.3978
2026-07-31 17:58,2026-08-01,Jackie Young,pts_ast,26.5,23.28,23.28,0.327,0.327,,0.3141,under,,,0.3141
2026-07-31 17:58,2026-07-31,Aliyah Boston,pts_ast,20.5,17.28,17.28,0.306,0.306,,0.2976,under,,,0.2976
2026-07-31 17:58,2026-07-31,Caitlin Clark,assists,9.5,7.48,7.48,0.242,0.242,,0.2955,under,0.27,under,0.2955
2026-07-31 17:58,2026-08-01,Jackie Young,pra,30.5,26.84,26.84,0.322,0.322,,0.2951,under,,,0.2951
2026-07-31 17:58,2026-08-01,A'ja Wilson,assists,3.5,2.94,2.94,0.362,0.362,,0.2893,under,0.2893,under,0.2893
2026-07-31 17:58,2026-07-31,Jessica Shepard,assists,5.5,5.08,5.08,0.415,0.415,,0.2865,under,-0.0305,under,0.2865
2026-07-31 17:58,2026-07-31,Caitlin Clark,reb_ast,13.5,11.04,11.04,0.26,0.26,,0.284,under,,,0.284
2026-07-31 17:58,2026-07-31,Aliyah Boston,points,17.5,14.57,14.57,0.309,0.309,,0.2441,under,0.2577,under,0.2577
2026-07-31 17:58,2026-07-31,Angel Reese,pra,30.5,27.33,27.33,0.343,0.343,,0.254,under,,,0.254
2026-07-31 17:58,2026-07-31,Angel Reese,pts_reb,27.5,24.88,24.88,0.361,0.361,,0.2476,under,,,0.2476
2026-07-31 17:58,2026-07-31,Aliyah Boston,pts_reb,25.5,21.96,21.96,0.313,0.313,,0.2368,under,,,0.2368
2026-07-31 17:58,2026-08-01,Kahleah Copper,points,21.5,18.86,18.86,0.341,0.341,,0.2362,under,0.2362,under,0.2362
2026-07-31 17:58,2026-07-31,Angel Reese,rebounds,11.5,10.55,10.55,0.388,0.388,,0.2235,under,0.2357,under,0.2357
2026-07-31 17:58,2026-08-01,Jackie Young,assists,7.5,5.93,5.93,0.268,0.268,,0.2337,under,0.2337,under,0.2337
2026-07-31 17:58,2026-07-31,Aliyah Boston,reb_ast,11.5,10.09,10.09,0.344,0.344,,0.232,under,,,0.232
2026-07-31 17:58,2026-08-01,Sabrina Ionescu,assists,5.5,4.8,4.8,0.368,0.368,,0.2276,under,0.2276,under,0.2276
2026-07-31 17:58,2026-08-01,Jackie Young,reb_ast,11.5,9.49,9.49,0.284,0.284,,0.2266,under,,,0.2266
2026-07-31 17:58,2026-08-01,Jonquel Jones,assists,2.5,3.03,3.03,0.584,0.584,,0.2203,over,0.2262,over,0.2262
2026-07-31 17:58,2026-07-31,Bridget Carleton,rebounds,3.5,4.29,4.29,0.599,0.599,,0.2095,over,0.2215,over,0.2215
2026-07-31 17:58,2026-08-01,Jackie Young,points,19.5,17.35,17.35,0.361,0.361,,0.2206,under,0.2206,under,0.2206
2026-07-31 17:58,2026-08-01,A'ja Wilson,pra,41.5,37.64,37.64,0.336,0.336,,0.2177,under,,,0.2177
2026-07-31 17:58,2026-08-01,Kahleah Copper,pts_reb,25.5,22.54,22.54,0.34,0.34,,0.2097,under,,,0.2097
2026-07-31 17:58,2026-08-01,Kahleah Copper,assists,2.5,1.7,1.7,0.272,0.272,,0.1685,under,0.2063,under,0.2063
2026-07-31 17:58,2026-07-31,Awa Fam,rebounds,5.5,6.8,6.8,0.645,0.645,,0.1918,over,0.1918,over,0.1918
2026-07-31 17:58,2026-07-31,Kiki Iriafen,pra,26.5,24.03,24.03,0.366,0.366,,0.1854,under,,,0.1854
2026-07-31 17:58,2026-08-01,Sabrina Ionescu,pts_ast,25.5,22.92,22.92,0.355,0.355,,0.1827,under,,,0.1827
2026-07-31 17:58,2026-08-01,Sabrina Ionescu,points,19.5,18.12,18.12,0.403,0.403,,0.1159,under,0.182,under,0.182
2026-07-31 17:58,2026-07-31,Natisha Hiedeman,threes,2.5,1.64,1.64,0.227,0.227,,0.1791,under,0.1588,under,0.1791
2026-07-31 17:58,2026-07-31,Angel Reese,points,15.5,14.34,14.34,0.405,0.405,,0.1353,under,0.1777,under,0.1777
2026-07-31 17:58,2026-07-31,Megan DiLeo,points,14.5,13.11,13.11,0.387,0.387,,0.1696,under,0.1696,under,0.1696
2026-07-31 17:58,2026-07-31,Angel Reese,reb_ast,14.5,13.0,13.0,0.351,0.351,,0.1682,under,,,0.1682
2026-07-31 17:58,2026-08-01,A'ja Wilson,points,26.5,25.29,25.29,0.425,0.425,,,,0.1654,under,0.1654
2026-07-31 17:58,2026-07-31,Megan DiLeo,threes,1.5,1.5,1.5,0.443,0.443,,0.1211,over,0.161,over,0.161
2026-07-31 17:58,2026-08-01,A'ja Wilson,pts_ast,30.5,28.23,28.23,0.381,0.381,,0.1577,under,,,0.1577
2026-07-31 17:58,2026-08-01,A'ja Wilson,pts_reb,37.5,34.7,34.7,0.372,0.372,,0.1518,under,,,0.1518
2026-07-31 17:58,2026-08-01,A'ja Wilson,rebounds,10.5,9.4,9.4,0.368,0.368,,0.138,under,0.1504,under,0.1504
2026-07-31 17:58,2026-07-31,Natisha Hiedeman,rebounds,2.5,2.51,2.51,0.465,0.465,,0.1493,under,,,0.1493
2026-07-31 17:58,2026-07-31,Aliyah Boston,rebounds,8.5,7.38,7.38,0.35,0.35,,0.1493,under,0.1203,under,0.1493
2026-07-31 17:58,2026-08-01,Sabrina Ionescu,pra,29.5,27.34,27.34,0.386,0.386,,0.1487,under,,,0.1487
2026-07-31 17:58,2026-07-31,Kiki Iriafen,rebounds,9.5,8.66,8.66,0.39,0.39,,0.1457,under,0.1457,under,0.1457
2026-07-31 17:58,2026-07-31,Kiki Iriafen,pts_reb,24.5,22.61,22.61,0.389,0.389,,0.1423,under,,,0.1423
2026-07-31 17:58,2026-07-31,Michaela Onyenwere,rebounds,2.5,2.68,2.68,0.5,0.5,,0.0998,under,0.1398,under,0.1398
2026-07-31 17:58,2026-07-31,Rhyne Howard,points,16.5,15.71,15.71,0.431,0.431,,0.0967,under,0.1389,under,0.1389
2026-07-31 17:58,2026-07-31,Jordin Canada,rebounds,3.5,3.5,3.5,0.47,0.47,,0.0913,under,0.1337,under,0.1337
2026-07-31 17:58,2026-07-31,Caitlin Clark,pra,33.5,31.13,31.13,0.383,0.383,,0.1311,under,,,0.1311
2026-07-31 17:58,2026-07-31,Jessica Shepard,reb_ast,17.0,16.1,16.1,0.372,0.372,,0.1305,under,,,0.1305
2026-07-31 17:58,2026-07-31,Jessica Shepard,rebounds,11.5,11.01,11.01,0.436,0.436,,0.1285,under,,,0.1285
2026-07-31 17:58,2026-08-01,Jackie Young,threes,2.5,1.85,1.85,0.284,0.284,,0.1256,under,0.128,under,0.128
2026-07-31 17:58,2026-07-31,Kiki Iriafen,assists,1.5,1.42,1.42,0.436,0.436,,0.1277,under,,,0.1277
2026-07-31 17:58,2026-07-31,Aliyah Boston,assists,3.5,2.71,2.71,0.313,0.313,,0.1246,under,0.1009,under,0.1246
2026-07-31 17:58,2026-08-01,Sabrina Ionescu,reb_ast,9.5,9.22,9.22,0.452,0.452,,0.1235,under,,,0.1235
2026-07-31 17:58,2026-07-31,Bridget Carleton,pts_reb,15.5,17.31,17.31,0.578,0.578,,0.1225,over,,,0.1225
2026-07-31 17:58,2026-07-31,Monique Billings,pra,15.5,13.94,13.94,0.384,0.384,,0.1201,under,,,0.1201
2026-07-31 17:58,2026-07-31,Azzi Fudd,pts_ast,16.5,14.79,14.79,0.375,0.375,,0.1171,under,,,0.1171
2026-07-31 17:58,2026-07-31,Rhyne Howard,pra,25.5,23.3,23.3,0.376,0.376,,0.1148,under,,,0.1148
2026-07-31 17:58,2026-08-01,Jackie Young,rebounds,3.5,3.56,3.56,0.48,0.48,,,,0.1128,under,0.1128
2026-07-31 17:58,2026-07-31,Bridget Carleton,threes,2.5,2.61,2.61,0.483,0.483,,0.1109,over,0.0819,over,0.1109
2026-07-31 17:58,2026-07-31,Kelsey Mitchell,points,22.5,24.28,24.28,0.57,0.57,,0.0697,over,0.1075,over,0.1075
2026-07-31 17:58,2026-07-31,Kiki Iriafen,points,14.5,13.95,13.95,0.441,0.441,,0.0915,under,0.1072,under,0.1072
2026-07-31 17:58,2026-07-31,Flau'jae Johnson,pra,21.5,23.73,23.73,0.59,0.59,,0.1032,over,,,0.1032
2026-07-31 17:58,2026-08-01,Breanna Stewart,assists,3.5,3.95,3.95,0.56,0.56,,0.0988,over,0.0988,over,0.0988
2026-07-31 17:58,2026-07-31,Natisha Hiedeman,pra,23.5,21.68,21.68,0.391,0.391,,0.0965,under,,,0.0965
2026-07-31 17:58,2026-07-31,Kelsey Mitchell,assists,2.5,2.64,2.64,0.502,0.502,,0.0955,under,,,0.0955
2026-07-31 17:58,2026-07-31,Monique Billings,pts_reb,13.5,12.77,12.77,0.427,0.427,,0.0933,under,,,0.0933
2026-07-31 17:58,2026-07-31,Bridget Carleton,reb_ast,5.5,6.64,6.64,0.618,0.618,,0.0931,over,,,0.0931
2026-07-31 17:58,2026-07-31,Dominique Malonga,rebounds,7.5,8.87,8.87,0.636,0.636,,0.0928,over,0.065,over,0.0928
2026-07-31 17:58,2026-07-31,Sonia Citron,points,16.5,15.28,15.28,0.405,0.405,,0.0916,under,0.0835,under,0.0916
2026-07-31 17:58,2026-07-31,Michaela Onyenwere,reb_ast,5.5,4.62,4.62,0.354,0.354,,0.0916,under,,,0.0916
2026-07-31 17:58,2026-07-31,Rhyne Howard,pts_ast,20.5,19.34,19.34,0.417,0.417,,0.0902,under,,,0.0902
2026-07-31 17:58,2026-08-01,Breanna Stewart,points,22.5,20.71,20.71,0.388,0.388,,0.0897,under,0.0897,under,0.0897
2026-07-31 17:58,2026-08-01,Chelsea Gray,threes,1.5,1.78,1.78,0.53,0.53,,0.0334,under,0.0897,under,0.0897
2026-07-31 17:58,2026-07-31,Caitlin Clark,pts_ast,29.5,27.58,27.58,0.395,0.395,,0.0893,under,,,0.0893
2026-07-31 17:58,2026-08-01,Sabrina Ionescu,pts_reb,24.5,22.54,22.54,0.385,0.385,,0.0873,under,,,0.0873
2026-07-31 17:58,2026-07-31,Rhyne Howard,pts_reb,21.5,19.68,19.68,0.386,0.386,,0.087,under,,,0.087
2026-07-31 17:58,2026-07-31,Flau'jae Johnson,pts_ast,16.5,18.51,18.51,0.592,0.592,,0.0853,over,,,0.0853
2026-07-31 17:58,2026-07-31,Flau'jae Johnson,pts_reb,18.5,20.43,20.43,0.58,0.58,,0.0847,over,,,0.0847
2026-07-31 17:58,2026-07-31,Flau'jae Johnson,points,13.5,15.21,15.21,0.58,0.58,,0.0845,over,,,0.0845
2026-07-31 17:58,2026-07-31,Carla Leite,rebounds,2.5,2.44,2.44,0.451,0.451,,0.0594,over,0.0819,over,0.0819
2026-07-31 17:58,2026-08-01,Jonquel Jones,rebounds,8.5,9.14,9.14,0.554,0.554,,0.0807,over,-0.0207,over,0.0807
2026-07-31 17:58,2026-08-01,Sydney Taylor,threes,2.5,2.37,2.37,0.424,0.424,,-0.0299,over,0.076,over,0.076
2026-07-31 17:58,2026-07-31,Monique Billings,points,8.5,7.58,7.58,0.392,0.392,,0.0755,under,,,0.0755
2026-07-31 17:58,2026-07-31,Paige Bueckers,points,20.5,19.35,19.35,0.418,0.418,,0.0754,under,0.0754,under,0.0754
2026-07-31 17:58,2026-07-31,Allisha Gray,pra,25.5,24.84,24.84,0.45,0.45,,0.0732,under,,,0.0732
2026-07-31 17:58,2026-08-01,Alyssa Thomas,assists,8.5,9.12,9.12,0.562,0.562,,0.0731,over,0.0552,over,0.0731
2026-07-31 17:58,2026-07-31,Natisha Hiedeman,points,15.5,14.51,14.51,0.416,0.416,,0.0714,under,,,0.0714
2026-07-31 17:58,2026-07-31,Dominique Malonga,assists,1.5,1.69,1.69,0.514,0.514,,0.0691,under,,,0.0691
2026-07-31 17:58,2026-07-31,Allisha Gray,pts_ast,22.5,21.54,21.54,0.431,0.431,,0.0681,under,,,0.0681
2026-07-31 17:58,2026-07-31,Kelsey Mitchell,pts_reb,24.5,26.22,26.22,0.564,0.564,,0.067,over,,,0.067
2026-07-31 17:58,2026-07-31,Sonia Citron,pts_reb,19.5,18.61,18.61,0.431,0.431,,0.064,under,,,0.064
2026-07-31 17:58,2026-07-31,Paige Bueckers,pts_reb,24.5,23.24,23.24,0.42,0.42,,0.0639,under,,,0.0639
2026-07-31 17:58,2026-07-31,Caitlin Clark,rebounds,4.5,3.55,3.55,0.32,0.32,,,,0.0624,under,0.0624
2026-07-31 17:58,2026-08-01,Chelsea Gray,assists,6.5,7.09,7.09,0.566,0.566,,0.026,over,0.0623,over,0.0623
2026-07-31 17:58,2026-07-31,Paige Bueckers,pra,30.5,29.34,29.34,0.432,0.432,,0.0618,under,,,0.0618
2026-07-31 17:58,2026-07-31,Shakira Austin,rebounds,9.5,9.61,9.61,0.495,0.495,,-0.0246,over,0.0591,over,0.0591
2026-07-31 17:58,2026-07-31,Arike Ogunbowale,rebounds,2.5,3.02,3.02,0.565,0.565,,0.0555,over,,,0.0555
2026-07-31 17:58,2026-08-01,Natasha Cloud,assists,4.5,5.09,5.09,0.576,0.576,,0.0363,over,0.0555,over,0.0555
2026-07-31 17:58,2026-07-31,Flau'jae Johnson,reb_ast,7.5,8.51,8.51,0.594,0.594,,0.0548,over,,,0.0548
2026-07-31 17:58,2026-07-31,Jordin Canada,points,11.5,12.4,12.4,0.532,0.532,,0.0393,over,0.0543,over,0.0543
2026-07-31 17:58,2026-07-31,Michaela Onyenwere,pra,14.5,14.07,14.07,0.448,0.448,,0.0541,under,,,0.0541
2026-07-31 17:58,2026-07-31,Awak Kuier,points,4.5,4.77,4.77,0.473,0.473,,0.0537,under,,,0.0537
2026-07-31 17:58,2026-08-01,Kamilla Cardoso,rebounds,7.5,7.97,7.97,0.538,0.538,,0.0495,over,0.0091,over,0.0495
2026-07-31 17:58,2026-07-31,Dominique Malonga,reb_ast,9.5,10.56,10.56,0.592,0.592,,0.0474,over,,,0.0474
2026-07-31 17:58,2026-07-31,Rhyne Howard,reb_ast,7.5,7.58,7.58,0.489,0.489,,0.0469,under,,,0.0469
2026-07-31 17:58,2026-08-01,Breanna Stewart,threes,0.5,1.03,1.03,0.644,0.644,,0.0455,under,0.0455,under,0.0455
2026-07-31 17:58,2026-08-01,Chelsea Gray,rebounds,2.5,2.97,2.97,0.554,0.554,,-0.0415,under,0.0432,under,0.0432
2026-07-31 17:58,2026-07-31,Kelsey Mitchell,threes,2.5,3.23,3.23,0.626,0.626,,0.0431,over,0.0122,over,0.0431
2026-07-31 17:58,2026-07-31,Megan DiLeo,rebounds,3.5,3.86,3.86,0.531,0.531,,,,0.0411,under,0.0411
2026-07-31 17:58,2026-07-31,Allisha Gray,points,19.5,19.06,19.06,0.455,0.455,,0.0397,under,0.0224,under,0.0397
2026-07-31 17:58,2026-07-31,Emily Engstler,points,8.5,9.0,9.0,0.504,0.504,,0.0376,over,,,0.0376
2026-07-31 17:58,2026-07-31,Monique Billings,rebounds,5.5,5.19,5.19,0.433,0.433,,0.036,under,,,0.036
2026-07-31 17:58,2026-07-31,Allisha Gray,pts_reb,23.5,22.37,22.37,0.425,0.425,,0.0358,under,,,0.0358
2026-07-31 17:58,2026-07-31,Arike Ogunbowale,threes,1.5,1.79,1.79,0.534,0.534,,0.0355,under,0.0355,under,0.0355
2026-07-31 17:58,2026-07-31,Jordin Canada,pts_ast,19.5,20.86,20.86,0.554,0.554,,0.0349,over,,,0.0349
2026-07-31 17:58,2026-07-31,Caitlin Clark,threes,2.5,2.92,2.92,0.56,0.56,,0.0338,over,0.0072,over,0.0338
2026-07-31 17:58,2026-07-31,Kelsey Mitchell,pts_ast,25.5,26.92,26.92,0.552,0.552,,0.0311,over,,,0.0311
2026-07-31 17:58,2026-07-31,Carla Leite,reb_ast,8.5,8.72,8.72,0.505,0.505,,0.0309,over,,,0.0309
2026-07-31 17:58,2026-07-31,Flau'jae Johnson,rebounds,4.5,5.22,5.22,0.58,0.58,,0.0304,over,,,0.0304
2026-07-31 17:58,2026-07-31,Sonia Citron,reb_ast,7.5,7.04,7.04,0.424,0.424,,0.0302,under,,,0.0302
2026-07-31 17:58,2026-07-31,Aliyah Boston,threes,1.5,0.96,0.96,0.249,0.249,,0.0291,under,0.0291,under,0.0291
2026-07-31 17:58,2026-08-01,Jonquel Jones,points,13.5,13.54,13.54,0.477,0.477,,0.0264,under,0.0264,under,0.0264
2026-07-31 17:58,2026-08-01,Breanna Stewart,pra,34.5,33.06,33.06,0.424,0.424,,0.0259,under,,,0.0259
2026-07-31 17:58,2026-07-31,Natisha Hiedeman,reb_ast,7.5,7.18,7.18,0.441,0.441,,0.0256,under,,,0.0256
2026-07-31 17:58,2026-07-31,Paige Bueckers,threes,1.5,1.7,1.7,0.507,0.507,,0.0238,over,0.0238,over,0.0238
2026-07-31 17:58,2026-07-31,Kelsey Mitchell,pra,27.5,28.86,28.86,0.545,0.545,,0.0236,over,,,0.0236
2026-07-31 17:58,2026-08-01,A'ja Wilson,threes,0.5,0.95,0.95,0.613,0.613,,,,0.0224,under,0.0224
2026-07-31 17:58,2026-07-31,Paige Bueckers,pts_ast,26.5,25.45,25.45,0.432,0.432,,0.0222,under,,,0.0222
2026-07-31 17:58,2026-07-31,Dominique Malonga,pts_ast,17.5,17.07,17.07,0.454,0.454,,0.0217,under,,,0.0217
2026-07-31 17:58,2026-08-01,Sydney Taylor,points,16.5,17.06,17.06,0.51,0.51,,0.02,over,0.02,over,0.02
2026-07-31 17:58,2026-07-31,Sonia Citron,rebounds,3.5,3.33,3.33,0.44,0.44,,0.0189,under,0.0189,under,0.0189
2026-07-31 17:58,2026-07-31,Michaela Onyenwere,threes,1.5,1.47,1.47,0.431,0.431,,0.014,over,0.0183,over,0.0183
2026-07-31 17:58,2026-08-01,Kahleah Copper,rebounds,3.5,3.68,3.68,0.501,0.501,,0.0173,under,0.0173,under,0.0173
2026-07-31 17:58,2026-07-31,Flau'jae Johnson,assists,2.5,3.29,3.29,0.633,0.633,,0.0171,over,,,0.0171
2026-07-31 17:58,2026-07-31,Michaela Onyenwere,assists,2.5,1.94,1.94,0.334,0.334,,0.0163,under,,,0.0163
2026-07-31 17:58,2026-07-31,Jordin Canada,threes,0.5,0.7,0.7,0.505,0.505,,0.0157,under,,,0.0157
2026-07-31 17:58,2026-07-31,Rhyne Howard,threes,2.5,2.87,2.87,0.548,0.548,,-0.0004,under,0.0132,under,0.0132
2026-07-31 17:58,2026-07-31,Lauren Betts,rebounds,3.5,3.68,3.68,0.501,0.501,,0.0129,over,,,0.0129
2026-07-31 17:58,2026-07-31,Lauren Betts,pts_reb,9.5,10.77,10.77,0.552,0.552,,0.0112,over,,,0.0112
2026-07-31 17:58,2026-07-31,Carla Leite,assists,5.5,6.28,6.28,0.596,0.596,,0.0101,over,0.0101,over,0.0101
2026-07-31 17:58,2026-07-31,Allisha Gray,threes,1.5,2.07,2.07,0.612,0.612,,0.0092,over,-0.0009,over,0.0092
2026-07-31 17:58,2026-07-31,Caitlin Clark,pts_reb,24.5,23.65,23.65,0.44,0.44,,0.0079,under,,,0.0079
2026-07-31 17:58,2026-08-01,Natasha Cloud,reb_ast,7.5,8.27,8.27,0.568,0.568,,0.0057,over,,,0.0057
2026-07-31 17:58,2026-08-01,Chelsea Gray,pts_ast,19.5,20.27,20.27,0.522,0.522,,0.0053,over,,,0.0053
2026-07-31 17:58,2026-07-31,Paige Bueckers,assists,5.5,6.1,6.1,0.572,0.572,,0.0052,over,-0.0136,over,0.0052
2026-07-31 17:58,2026-07-31,Allisha Gray,assists,2.5,2.47,2.47,0.465,0.465,,0.0045,under,0.0045,under,0.0045
2026-07-31 17:58,2026-08-01,Natasha Cloud,threes,1.5,1.26,1.26,0.361,0.361,,0.0028,over,0.0028,over,0.0028
2026-07-31 17:58,2026-07-31,Allisha Gray,reb_ast,5.5,5.78,5.78,0.511,0.511,,0.0028,under,,,0.0028
2026-07-31 17:58,2026-07-31,Michaela Onyenwere,pts_ast,11.5,11.39,11.39,0.464,0.464,,0.0026,under,,,0.0026
2026-07-31 17:58,2026-08-01,Kamilla Cardoso,points,13.5,13.91,13.91,0.501,0.501,,0.001,over,-0.038,under,0.001
2026-07-31 17:58,2026-07-31,Jordin Canada,assists,8.5,8.46,8.46,0.481,0.481,,-0.0145,over,-0.0001,over,-0.0001
2026-07-31 17:58,2026-07-31,Georgia Amoore,pra,11.5,11.6,11.6,0.474,0.474,,-0.0008,under,,,-0.0008
2026-07-31 17:58,2026-07-31,Emily Engstler,rebounds,5.5,5.36,5.36,0.457,0.457,,-0.0581,over,-0.0032,over,-0.0032
2026-07-31 17:58,2026-08-01,Sabrina Ionescu,rebounds,4.5,4.42,4.42,0.461,0.461,,-0.0541,over,-0.0033,over,-0.0033
2026-07-31 17:58,2026-07-31,Dominique Malonga,points,15.5,15.38,15.38,0.469,0.469,,-0.0077,under,-0.0036,under,-0.0036
2026-07-31 17:58,2026-07-31,Jordin Canada,reb_ast,12.5,11.96,11.96,0.434,0.434,,-0.0047,under,,,-0.0047
2026-07-31 17:58,2026-07-31,Awa Fam,points,11.5,11.02,11.02,0.438,0.438,,-0.0064,under,-0.0064,under,-0.0064
2026-07-31 17:58,2026-07-31,Georgia Amoore,assists,3.5,3.49,3.49,0.475,0.475,,-0.0189,under,-0.0067,under,-0.0067
2026-07-31 17:58,2026-08-01,Chelsea Gray,points,12.5,13.18,13.18,0.517,0.517,,-0.008,over,-0.0289,over,-0.008
2026-07-31 17:58,2026-07-31,Natisha Hiedeman,assists,4.5,4.66,4.66,0.507,0.507,,-0.0093,over,,,-0.0093
2026-07-31 17:58,2026-07-31,Rhyne Howard,rebounds,4.5,3.96,3.96,0.387,0.387,,-0.0093,under,-0.0093,under,-0.0093
2026-07-31 17:58,2026-07-31,Carla Leite,points,15.5,15.24,15.24,0.46,0.46,,-0.0106,under,-0.018,under,-0.0106
2026-07-31 17:58,2026-07-31,Carla Leite,threes,0.5,0.73,0.73,0.517,0.517,,-0.0107,under,,,-0.0107
2026-07-31 17:58,2026-07-31,Awak Kuier,pts_reb,8.5,7.87,7.87,0.415,0.415,,-0.0117,under,,,-0.0117
2026-07-31 17:58,2026-08-01,Jonquel Jones,threes,1.5,1.82,1.82,0.543,0.543,,-0.0125,over,-0.0125,over,-0.0125
2026-07-31 17:58,2026-08-01,Jonquel Jones,pts_ast,16.5,16.57,16.57,0.481,0.481,,-0.0129,over,,,-0.0129
2026-07-31 17:58,2026-07-31,Azzi Fudd,threes,2.5,2.23,2.23,0.385,0.385,,-0.0143,under,-0.0143,under,-0.0143
2026-07-31 17:58,2026-07-31,Georgia Amoore,pts_ast,10.5,10.27,10.27,0.453,0.453,,-0.0149,under,,,-0.0149
2026-07-31 17:58,2026-07-31,Sophie Cunningham,threes,1.5,1.8,1.8,0.537,0.537,,-0.0158,over,,,-0.0158
2026-07-31 17:58,2026-07-31,Awa Fam,assists,2.5,2.36,2.36,0.437,0.437,,-0.0162,over,,,-0.0162
2026-07-31 17:58,2026-07-31,Shakira Austin,pts_ast,18.5,18.43,18.43,0.475,0.475,,-0.0187,under,,,-0.0187
2026-07-31 17:58,2026-07-31,Rhyne Howard,assists,3.5,3.62,3.62,0.5,0.5,,-0.0189,under,-0.028,under,-0.0189
2026-07-31 17:58,2026-07-31,Shakira Austin,pts_reb,24.5,25.6,25.6,0.535,0.535,,-0.0197,over,,,-0.0197
2026-07-31 17:58,2026-07-31,Sonia Citron,assists,3.5,3.7,3.7,0.515,0.515,,-0.0206,under,-0.0206,under,-0.0206
2026-07-31 17:58,2026-07-31,Jordin Canada,pra,23.5,24.37,24.37,0.523,0.523,,-0.0216,over,,,-0.0216
2026-07-31 17:58,2026-07-31,Awa Fam,pts_ast,13.5,13.38,13.38,0.466,0.466,,-0.0218,under,,,-0.0218
2026-07-31 17:58,2026-07-31,Awa Fam,threes,1.5,1.63,1.63,0.484,0.484,,-0.0229,over,-0.0229,over,-0.0229
2026-07-31 17:58,2026-07-31,Allisha Gray,rebounds,3.5,3.3,3.3,0.435,0.435,,-0.0578,under,-0.025,under,-0.025
2026-07-31 17:58,2026-08-01,Alyssa Thomas,pra,31.5,31.84,31.84,0.499,0.499,,-0.0256,over,,,-0.0256
2026-07-31 17:58,2026-07-31,Awa Fam,pra,19.5,20.18,20.18,0.514,0.514,,-0.0269,over,,,-0.0269
2026-07-31 17:58,2026-07-31,Flau'jae Johnson,threes,1.5,1.33,1.33,0.384,0.384,,-0.0295,under,-0.0295,under,-0.0295
2026-07-31 17:58,2026-07-31,Shakira Austin,points,15.5,16.0,16.0,0.506,0.506,,-0.057,under,-0.0311,under,-0.0311
2026-07-31 17:58,2026-07-31,Georgia Amoore,points,6.5,6.77,6.77,0.482,0.482,,-0.0311,under,-0.0425,under,-0.0311
2026-07-31 17:58,2026-07-31,Dominique Malonga,pts_reb,23.5,24.25,24.25,0.518,0.518,,-0.0315,over,,,-0.0315
2026-07-31 17:58,2026-08-01,Sabrina Ionescu,threes,2.5,2.64,2.64,0.493,0.493,,-0.0315,under,-0.0315,under,-0.0315
2026-07-31 17:58,2026-08-01,Natasha Cloud,pra,17.5,18.25,18.25,0.518,0.518,,-0.0323,over,,,-0.0323
2026-07-31 17:58,2026-07-31,Bridget Carleton,assists,2.5,2.35,2.35,0.436,0.436,,-0.0324,under,,,-0.0324
2026-07-31 17:58,2026-08-01,Chelsea Gray,pra,22.5,23.24,23.24,0.517,0.517,,-0.0331,over,,,-0.0331
2026-07-31 17:58,2026-08-01,Jonquel Jones,pra,24.5,25.71,25.71,0.539,0.539,,-0.0358,over,,,-0.0358
2026-07-31 17:58,2026-07-31,Sonia Citron,threes,1.5,1.17,1.17,0.328,0.328,,-0.036,under,-0.0539,under,-0.036
2026-07-31 17:58,2026-08-01,Alyssa Thomas,points,14.5,15.05,15.05,0.509,0.509,,-0.037,under,-0.037,under,-0.037
2026-07-31 17:58,2026-07-31,Awa Fam,pts_reb,17.5,17.82,17.82,0.495,0.495,,-0.0379,over,,,-0.0379
2026-07-31 17:58,2026-08-01,Jewell Loyd,threes,1.5,2.06,2.06,0.61,0.61,,,,-0.0392,over,-0.0392
2026-07-31 17:58,2026-07-31,Brionna Jones,pts_reb,17.5,17.49,17.49,0.477,0.477,,-0.0404,under,,,-0.0404
2026-07-31 17:58,2026-07-31,Carla Leite,pts_reb,17.5,17.68,17.68,0.487,0.487,,-0.0408,under,,,-0.0408
2026-07-31 17:58,2026-07-31,Caitlin Clark,points,19.5,20.1,20.1,0.512,0.512,,-0.0465,under,-0.042,under,-0.042
2026-07-31 17:58,2026-07-31,Carla Leite,pts_ast,21.5,21.51,21.51,0.482,0.482,,-0.0422,under,,,-0.0422
2026-07-31 17:58,2026-07-31,Jade Melbourne,points,7.5,7.93,7.93,0.497,0.497,,-0.043,over,,,-0.043
2026-07-31 17:58,2026-07-31,Angel Reese,assists,2.5,2.45,2.45,0.46,0.46,,-0.0438,under,-0.0438,under,-0.0438
2026-07-31 17:58,2026-07-31,Bridget Carleton,points,12.5,13.02,13.02,0.507,0.507,,-0.0443,over,-0.0443,over,-0.0443
2026-07-31 17:58,2026-07-31,Paige Bueckers,reb_ast,9.5,9.99,9.99,0.534,0.534,,-0.0455,under,,,-0.0455
2026-07-31 17:58,2026-08-01,Jonquel Jones,pts_reb,22.5,22.68,22.68,0.49,0.49,,-0.0456,under,,,-0.0456
2026-07-31 17:58,2026-08-01,Kamilla Cardoso,pts_reb,21.5,21.89,21.89,0.5,0.5,,-0.0458,over,,,-0.0458
2026-07-31 17:58,2026-07-31,Arike Ogunbowale,pts_ast,18.5,18.48,18.48,0.478,0.478,,-0.0464,under,,,-0.0464
2026-07-31 17:58,2026-07-31,Arike Ogunbowale,pra,21.5,21.5,21.5,0.48,0.48,,-0.0465,under,,,-0.0465
2026-07-31 17:58,2026-07-31,Bridget Carleton,pts_ast,14.5,15.37,15.37,0.529,0.529,,-0.0479,over,,,-0.0479
2026-07-31 17:58,2026-07-31,Jordin Canada,pts_reb,15.5,15.9,15.9,0.499,0.499,,-0.0482,over,,,-0.0482
2026-07-31 17:58,2026-07-31,Georgia Amoore,threes,1.5,1.27,1.27,0.363,0.363,,-0.0738,under,-0.0484,over,-0.0484
2026-07-31 17:58,2026-08-01,Alyssa Thomas,pts_reb,22.5,22.71,22.71,0.491,0.491,,-0.0486,under,,,-0.0486
2026-07-31 17:58,2026-07-31,Emily Engstler,pts_reb,13.5,14.36,14.36,0.525,0.525,,-0.0497,under,,,-0.0497
2026-07-31 17:58,2026-07-31,Shakira Austin,pra,27.5,28.04,28.04,0.508,0.508,,-0.0505,over,,,-0.0505
2026-07-31 17:58,2026-08-01,Natasha Cloud,points,9.5,9.98,9.98,0.503,0.503,,-0.051,under,-0.051,under,-0.051
2026-07-31 17:58,2026-07-31,Arike Ogunbowale,points,14.5,15.19,15.19,0.518,0.518,,-0.0511,over,,,-0.0511
2026-07-31 17:58,2026-07-31,Shakira Austin,reb_ast,11.5,12.04,12.04,0.538,0.538,,-0.0519,under,,,-0.0519
2026-07-31 17:58,2026-08-01,Chelsea Gray,pts_reb,15.5,16.14,16.14,0.512,0.512,,-0.0534,over,,,-0.0534
2026-07-31 17:58,2026-07-31,Arike Ogunbowale,pts_reb,17.5,18.21,18.21,0.516,0.516,,-0.0535,over,,,-0.0535
2026-07-31 17:58,2026-07-31,Jade Melbourne,assists,3.5,3.77,3.77,0.527,0.527,,-0.0538,under,,,-0.0538
2026-07-31 17:58,2026-07-31,Jade Melbourne,pts_ast,11.5,11.69,11.69,0.484,0.484,,-0.0549,under,,,-0.0549
2026-07-31 17:58,2026-07-31,Brionna Jones,rebounds,6.5,6.54,6.54,0.484,0.484,,-0.0554,over,,,-0.0554
2026-07-31 17:58,2026-08-01,Natasha Cloud,rebounds,2.5,3.19,3.19,0.594,0.594,,-0.0568,over,-0.0648,over,-0.0568
2026-07-31 17:58,2026-07-31,Arike Ogunbowale,assists,3.5,3.29,3.29,0.435,0.435,,-0.0582,under,,,-0.0582
2026-07-31 17:58,2026-08-01,Alyssa Thomas,rebounds,7.5,7.66,7.66,0.501,0.501,,-0.0625,under,-0.0603,over,-0.0603
2026-07-31 17:58,2026-07-31,Arike Ogunbowale,reb_ast,6.5,6.31,6.31,0.454,0.454,,-0.0635,under,,,-0.0635
2026-07-31 17:58,2026-08-01,Breanna Stewart,rebounds,8.5,8.41,8.41,0.471,0.471,,-0.0644,under,-0.0644,under,-0.0644
2026-07-31 17:58,2026-08-01,Chelsea Gray,reb_ast,9.5,10.06,10.06,0.542,0.542,,-0.0716,over,,,-0.0716
2026-07-31 17:58,2026-07-31,Dominique Malonga,pra,25.5,25.94,25.94,0.503,0.503,,-0.081,over,,,-0.081
2026-07-31 17:58,2026-07-31,Azzi Fudd,points,14.0,12.69,12.69,0.361,0.361,,,,,,
2026-07-31 17:58,2026-07-31,Jessica Shepard,points,14.0,12.57,12.57,0.353,0.353,,,,,,
2026-07-31 17:58,2026-07-31,Lauren Betts,points,7.5,7.09,7.09,0.428,0.428,,,,,,
2026-07-31 17:58,2026-07-31,Awak Kuier,rebounds,3.0,3.09,3.09,0.396,0.396,,,,,,
2026-07-31 17:58,2026-07-31,Shakira Austin,assists,2.5,2.43,2.43,0.456,0.456,,,,,,
2026-07-31 17:58,2026-07-31,Azzi Fudd,assists,2.5,2.1,2.1,0.375,0.375,,,,,,
2026-07-31 17:58,2026-07-31,Jessica Shepard,pra,31.5,28.66,28.66,0.359,0.359,,,,,,
2026-07-31 17:58,2026-07-31,Azzi Fudd,pra,17.5,16.51,16.51,0.422,0.422,,,,,,
2026-07-31 17:58,2026-07-31,Sonia Citron,pra,24.5,22.31,22.31,0.375,0.375,,,,,,
2026-07-31 17:58,2026-07-31,Sonia Citron,pts_ast,20.0,18.98,18.98,0.398,0.398,,,,,,
2026-07-31 17:58,2026-07-31,Kiki Iriafen,pts_ast,17.5,15.37,15.37,0.354,0.354,,,,,,
2026-07-31 17:58,2026-07-31,Jessica Shepard,pts_ast,19.5,17.65,17.65,0.377,0.377,,,,,,
2026-07-31 17:58,2026-07-31,Georgia Amoore,pts_reb,8.5,8.11,8.11,0.433,0.433,,,,,,
2026-07-31 17:58,2026-07-31,Jessica Shepard,pts_reb,26.5,23.58,23.58,0.344,0.344,,,,,,
2026-07-31 17:58,2026-07-31,Kiki Iriafen,reb_ast,11.5,10.08,10.08,0.343,0.343,,,,,,
2026-07-31 17:58,2026-07-31,Brionna Jones,points,11.5,10.96,10.96,0.434,0.434,,,,,,
2026-07-31 17:58,2026-07-31,Angel Reese,pts_ast,19.0,16.79,16.79,0.329,0.329,,,,,,
2026-07-31 17:58,2026-07-31,Natisha Hiedeman,pts_ast,20.0,19.17,19.17,0.408,0.408,,,,,,
2026-07-31 17:58,2026-07-31,Natisha Hiedeman,pts_reb,19.5,17.02,17.02,0.345,0.345,,,,,,
2026-07-31 17:58,2026-07-31,Awa Fam,reb_ast,8.5,9.16,9.16,0.553,0.553,,,,,,
2026-07-31 17:58,2026-07-31,Sophie Cunningham,points,9.5,9.12,9.12,0.439,0.439,,,,,,
2026-07-31 17:58,2026-07-31,Sophie Cunningham,rebounds,2.5,2.4,2.4,0.442,0.442,,,,,,
2026-07-31 17:58,2026-07-31,Emily Engstler,threes,1.5,0.91,0.91,0.231,0.231,,,,,,
2026-07-31 17:58,2026-07-31,Bridget Carleton,pra,19.5,19.66,19.66,0.487,0.487,,,,,,
2026-07-31 17:58,2026-07-31,Emily Engstler,pra,16.5,17.01,17.01,0.504,0.504,,,,,,
2026-07-31 17:58,2026-07-31,Megan DiLeo,pra,20.5,18.02,18.02,0.35,0.35,,,,,,
2026-07-31 17:58,2026-07-31,Carla Leite,pra,24.0,23.95,23.95,0.455,0.455,,,,,,
2026-07-31 17:58,2026-07-31,Aliyah Boston,pra,29.5,24.67,24.67,0.27,0.27,,,,,,
2026-07-31 17:58,2026-07-31,Sophie Cunningham,pra,12.5,12.68,12.68,0.481,0.481,,,,,,
2026-07-31 17:58,2026-07-31,Sophie Cunningham,pts_reb,11.5,11.52,11.52,0.47,0.47,,,,,,
2026-07-31 17:58,2026-07-31,Megan DiLeo,pts_reb,19.5,16.96,16.96,0.342,0.342,,,,,,
2026-07-31 17:58,2026-08-01,Jewell Loyd,points,9.5,9.3,9.3,0.453,0.453,,,,,,
2026-07-31 17:58,2026-08-01,Natasha Cloud,pts_ast,15.0,15.06,15.06,0.45,0.45,,,,,,
2026-07-31 17:58,2026-08-01,Natasha Cloud,pts_reb,13.0,13.17,13.17,0.452,0.452,,,,,,
2026-07-31 17:58,2026-08-01,Jackie Young,pts_reb,24.5,20.91,20.91,0.307,0.307,,,,,,
2026-07-31 17:58,2026-08-01,A'ja Wilson,reb_ast,15.0,12.34,12.34,0.22,0.22,,,,,,
2026-07-31 17:58,2026-08-01,Kahleah Copper,pra,29.5,24.24,24.24,0.253,0.253,,,,,,
2026-07-31 17:58,2026-08-01,Breanna Stewart,pts_ast,28.0,24.66,24.66,0.304,0.304,,,,,,
2026-07-31 17:58,2026-08-01,Kahleah Copper,pts_ast,24.5,20.56,20.56,0.286,0.286,,,,,,
2026-07-31 17:58,2026-08-01,Alyssa Thomas,pts_ast,24.5,24.17,24.17,0.466,0.466,,,,,,
2026-07-31 17:58,2026-08-01,Breanna Stewart,pts_reb,33.0,29.11,29.11,0.299,0.299,,,,,,
2026-07-31 17:58,2026-08-01,Alyssa Thomas,reb_ast,17.0,16.79,16.79,0.429,0.429,,,,,,
2026-07-31 17:58,2026-08-01,Jonquel Jones,reb_ast,11.5,12.17,12.17,0.549,0.549,,,,,,
2026-07-31 17:58,2026-08-01,Kahleah Copper,reb_ast,7.0,5.38,5.38,0.229,0.229,,,,,,
2026-07-31 17:58,2026-08-01,Breanna Stewart,reb_ast,13.5,12.36,12.36,0.379,0.379,,,,,,
2026-07-31 18:52,2026-08-01,Kahleah Copper,threes,1.5,1.48,1.48,0.436,0.436,,0.2964,under,0.3978,under,0.3978
2026-07-31 18:52,2026-07-31,Caitlin Clark,reb_ast,13.5,11.04,11.04,0.26,0.26,,0.3091,under,,,0.3091
2026-07-31 18:52,2026-07-31,Caitlin Clark,assists,9.5,7.48,7.48,0.242,0.242,,0.2955,under,0.2566,under,0.2955
2026-07-31 18:52,2026-08-01,Jackie Young,pra,30.5,26.84,26.84,0.322,0.322,,0.2951,under,,,0.2951
2026-07-31 18:52,2026-08-01,A'ja Wilson,assists,3.5,2.94,2.94,0.362,0.362,,0.2893,under,0.2893,under,0.2893
2026-07-31 18:52,2026-08-01,Jackie Young,pts_ast,26.5,23.28,23.28,0.327,0.327,,0.2849,under,,,0.2849
2026-07-31 18:52,2026-07-31,Aliyah Boston,pts_ast,20.5,17.28,17.28,0.306,0.306,,0.2724,under,,,0.2724
2026-07-31 18:52,2026-07-31,Aliyah Boston,points,17.5,14.57,14.57,0.309,0.309,,0.2577,under,0.2577,under,0.2577
2026-07-31 18:52,2026-07-31,Aliyah Boston,pts_reb,25.5,21.96,21.96,0.313,0.313,,0.2549,under,,,0.2549
2026-07-31 18:52,2026-07-31,Angel Reese,pra,30.5,27.33,27.33,0.343,0.343,,0.254,under,,,0.254
2026-07-31 18:52,2026-07-31,Awa Fam,rebounds,5.5,6.8,6.8,0.645,0.645,,0.1826,over,0.2536,over,0.2536
2026-07-31 18:52,2026-07-31,Angel Reese,pts_reb,27.5,24.88,24.88,0.361,0.361,,0.2476,under,,,0.2476
2026-07-31 18:52,2026-08-01,Kahleah Copper,points,21.5,18.86,18.86,0.341,0.341,,0.2362,under,0.2362,under,0.2362
2026-07-31 18:52,2026-07-31,Angel Reese,rebounds,11.5,10.55,10.55,0.388,0.388,,0.2235,under,0.2357,under,0.2357
2026-07-31 18:52,2026-08-01,Jackie Young,assists,7.5,5.93,5.93,0.268,0.268,,0.2337,under,0.2337,under,0.2337
2026-07-31 18:52,2026-07-31,Aliyah Boston,reb_ast,11.5,10.09,10.09,0.344,0.344,,0.232,under,,,0.232
2026-07-31 18:52,2026-08-01,Jackie Young,reb_ast,11.5,9.49,9.49,0.284,0.284,,0.2266,under,,,0.2266
2026-07-31 18:52,2026-08-01,Jonquel Jones,assists,2.5,3.03,3.03,0.584,0.584,,0.2262,over,0.2262,over,0.2262
2026-07-31 18:52,2026-07-31,Bridget Carleton,rebounds,3.5,4.29,4.29,0.599,0.599,,0.2095,over,0.2215,over,0.2215
2026-07-31 18:52,2026-08-01,Jackie Young,points,19.5,17.35,17.35,0.361,0.361,,0.2206,under,0.2206,under,0.2206
2026-07-31 18:52,2026-08-01,A'ja Wilson,pra,41.5,37.64,37.64,0.336,0.336,,0.2177,under,,,0.2177
2026-07-31 18:52,2026-08-01,Sabrina Ionescu,assists,5.5,4.8,4.8,0.368,0.368,,0.2166,under,0.2166,under,0.2166
2026-07-31 18:52,2026-08-01,Kahleah Copper,pts_reb,25.5,22.54,22.54,0.34,0.34,,0.2097,under,,,0.2097
2026-07-31 18:52,2026-08-01,Kahleah Copper,assists,2.5,1.7,1.7,0.272,0.272,,0.1685,under,0.2063,under,0.2063
2026-07-31 18:52,2026-07-31,Angel Reese,reb_ast,14.5,13.0,13.0,0.351,0.351,,0.199,under,,,0.199
2026-07-31 18:52,2026-07-31,Natisha Hiedeman,threes,2.5,1.64,1.64,0.227,0.227,,0.197,under,0.1493,under,0.197
2026-07-31 18:52,2026-07-31,Angel Reese,points,15.5,14.34,14.34,0.405,0.405,,0.1118,under,0.1894,under,0.1894
2026-07-31 18:52,2026-07-31,Kiki Iriafen,pra,26.5,24.03,24.03,0.366,0.366,,0.1854,under,,,0.1854
2026-07-31 18:52,2026-08-01,Sabrina Ionescu,pts_ast,25.5,22.92,22.92,0.355,0.355,,0.1827,under,,,0.1827
2026-07-31 18:52,2026-08-01,Sabrina Ionescu,points,19.5,18.12,18.12,0.403,0.403,,0.1159,under,0.182,under,0.182
2026-07-31 18:52,2026-07-31,Megan DiLeo,threes,1.5,1.5,1.5,0.443,0.443,,0.1388,over,0.1698,over,0.1698
2026-07-31 18:52,2026-07-31,Aliyah Boston,rebounds,8.5,7.38,7.38,0.35,0.35,,0.1693,under,0.1203,under,0.1693
2026-07-31 18:52,2026-08-01,A'ja Wilson,points,26.5,25.29,25.29,0.425,0.425,,,,0.1654,under,0.1654
2026-07-31 18:52,2026-08-01,A'ja Wilson,pts_ast,30.5,28.23,28.23,0.381,0.381,,0.1577,under,,,0.1577
2026-07-31 18:52,2026-07-31,Megan DiLeo,points,14.5,13.11,13.11,0.387,0.387,,0.1027,under,0.1548,under,0.1548
2026-07-31 18:52,2026-07-31,Caitlin Clark,pra,33.5,31.13,31.13,0.383,0.383,,0.1535,under,,,0.1535
2026-07-31 18:52,2026-07-31,Jessica Shepard,pra,31.5,28.66,28.66,0.359,0.359,,0.1529,under,,,0.1529
2026-07-31 18:52,2026-08-01,A'ja Wilson,pts_reb,37.5,34.7,34.7,0.372,0.372,,0.1518,under,,,0.1518
2026-07-31 18:52,2026-08-01,A'ja Wilson,rebounds,10.5,9.4,9.4,0.368,0.368,,0.138,under,0.1504,under,0.1504
2026-07-31 18:52,2026-07-31,Michaela Onyenwere,rebounds,2.5,2.68,2.68,0.5,0.5,,0.1248,under,0.1498,under,0.1498
2026-07-31 18:52,2026-07-31,Natisha Hiedeman,rebounds,2.5,2.51,2.51,0.465,0.465,,0.1493,under,,,0.1493
2026-07-31 18:52,2026-08-01,Sabrina Ionescu,pra,29.5,27.34,27.34,0.386,0.386,,0.1487,under,,,0.1487
2026-07-31 18:52,2026-07-31,Kiki Iriafen,rebounds,9.5,8.66,8.66,0.39,0.39,,0.1457,under,0.1457,under,0.1457
2026-07-31 18:52,2026-07-31,Shakira Austin,assists,2.5,2.43,2.43,0.456,0.456,,0.1428,under,,,0.1428
2026-07-31 18:52,2026-07-31,Kiki Iriafen,pts_reb,24.5,22.61,22.61,0.389,0.389,,0.1423,under,,,0.1423
2026-07-31 18:52,2026-07-31,Azzi Fudd,pts_ast,16.5,14.79,14.79,0.375,0.375,,0.1415,under,,,0.1415
2026-07-31 18:52,2026-07-31,Rhyne Howard,points,16.5,15.71,15.71,0.431,0.431,,0.0967,under,0.1389,under,0.1389
2026-07-31 18:52,2026-08-01,Jonquel Jones,rebounds,8.5,9.14,9.14,0.554,0.554,,0.1347,over,-0.0207,over,0.1347
2026-07-31 18:52,2026-07-31,Jordin Canada,rebounds,3.5,3.5,3.5,0.47,0.47,,0.0913,under,0.1337,under,0.1337
2026-07-31 18:52,2026-07-31,Jessica Shepard,reb_ast,17.0,16.1,16.1,0.372,0.372,,0.1305,under,,,0.1305
2026-07-31 18:52,2026-08-01,Jackie Young,threes,2.5,1.85,1.85,0.284,0.284,,0.1256,under,0.128,under,0.128
2026-07-31 18:52,2026-07-31,Kiki Iriafen,assists,1.5,1.42,1.42,0.436,0.436,,0.1277,under,,,0.1277
2026-07-31 18:52,2026-07-31,Aliyah Boston,assists,3.5,2.71,2.71,0.313,0.313,,0.1246,under,0.1164,under,0.1246
2026-07-31 18:52,2026-07-31,Rhyne Howard,pra,25.5,23.3,23.3,0.376,0.376,,0.1226,under,,,0.1226
2026-07-31 18:52,2026-07-31,Caitlin Clark,pts_ast,29.5,27.58,27.58,0.395,0.395,,0.1224,under,,,0.1224
2026-07-31 18:52,2026-07-31,Jessica Shepard,pts_ast,19.5,17.65,17.65,0.377,0.377,,0.122,under,,,0.122
2026-07-31 18:52,2026-07-31,Kelsey Mitchell,assists,2.5,2.64,2.64,0.502,0.502,,0.1204,under,,,0.1204
2026-07-31 18:52,2026-07-31,Monique Billings,pra,15.5,13.94,13.94,0.384,0.384,,0.1201,under,,,0.1201
2026-07-31 18:52,2026-07-31,Monique Billings,pts_reb,13.5,12.77,12.77,0.427,0.427,,0.113,under,,,0.113
2026-07-31 18:52,2026-08-01,Jackie Young,rebounds,3.5,3.56,3.56,0.48,0.48,,,,0.1128,under,0.1128
2026-07-31 18:52,2026-07-31,Kelsey Mitchell,points,22.5,24.28,24.28,0.57,0.57,,0.1075,over,0.1075,over,0.1075
2026-07-31 18:52,2026-07-31,Rhyne Howard,pts_reb,21.5,19.68,19.68,0.386,0.386,,0.1059,under,,,0.1059
2026-07-31 18:52,2026-07-31,Flau'jae Johnson,pra,21.5,23.73,23.73,0.59,0.59,,0.1032,over,,,0.1032
2026-07-31 18:52,2026-07-31,Sonia Citron,pts_reb,19.5,18.61,18.61,0.431,0.431,,0.101,under,,,0.101
2026-07-31 18:52,2026-08-01,Breanna Stewart,assists,3.5,3.95,3.95,0.56,0.56,,0.0988,over,0.0988,over,0.0988
2026-07-31 18:52,2026-07-31,Kiki Iriafen,points,14.5,13.95,13.95,0.441,0.441,,0.0915,under,0.0966,under,0.0966
2026-07-31 18:52,2026-07-31,Bridget Carleton,threes,2.5,2.61,2.61,0.483,0.483,,0.0964,over,0.0819,over,0.0964
2026-07-31 18:52,2026-07-31,Natisha Hiedeman,pra,22.5,21.68,21.68,0.439,0.439,,0.0949,under,,,0.0949
2026-07-31 18:52,2026-07-31,Sonia Citron,pra,23.5,22.31,22.31,0.422,0.422,,0.0937,under,,,0.0937
2026-07-31 18:52,2026-07-31,Dominique Malonga,rebounds,7.5,8.87,8.87,0.636,0.636,,0.0928,over,0.065,over,0.0928
2026-07-31 18:52,2026-07-31,Michaela Onyenwere,reb_ast,5.5,4.62,4.62,0.354,0.354,,0.0916,under,,,0.0916
2026-07-31 18:52,2026-07-31,Sonia Citron,points,16.5,15.28,15.28,0.405,0.405,,0.0717,under,0.0916,under,0.0916
2026-07-31 18:52,2026-07-31,Rhyne Howard,pts_ast,20.5,19.34,19.34,0.417,0.417,,0.0902,under,,,0.0902
2026-07-31 18:52,2026-08-01,Breanna Stewart,points,22.5,20.71,20.71,0.388,0.388,,0.0897,under,0.0897,under,0.0897
2026-07-31 18:52,2026-08-01,Sabrina Ionescu,pts_reb,24.5,22.54,22.54,0.385,0.385,,0.0873,under,,,0.0873
2026-07-31 18:52,2026-07-31,Flau'jae Johnson,pts_reb,18.5,20.43,20.43,0.58,0.58,,0.0847,over,,,0.0847
2026-07-31 18:52,2026-07-31,Allisha Gray,pra,25.5,24.84,24.84,0.45,0.45,,0.0834,under,,,0.0834
2026-07-31 18:52,2026-07-31,Carla Leite,rebounds,2.5,2.44,2.44,0.451,0.451,,0.0233,over,0.0819,over,0.0819
2026-07-31 18:52,2026-08-01,Chelsea Gray,threes,1.5,1.78,1.78,0.53,0.53,,0.0334,under,0.0803,under,0.0803
2026-07-31 18:52,2026-07-31,Awak Kuier,points,4.5,4.77,4.77,0.473,0.473,,0.0801,under,,,0.0801
2026-07-31 18:52,2026-07-31,Jessica Shepard,rebounds,11.5,11.01,11.01,0.436,0.436,,0.0772,under,,,0.0772
2026-07-31 18:52,2026-08-01,Sydney Taylor,threes,2.5,2.37,2.37,0.424,0.424,,-0.0299,over,0.076,over,0.076
2026-07-31 18:52,2026-07-31,Monique Billings,points,8.5,7.58,7.58,0.392,0.392,,0.0755,under,,,0.0755
2026-07-31 18:52,2026-07-31,Natisha Hiedeman,points,15.5,14.51,14.51,0.416,0.416,,0.0714,under,,,0.0714
2026-07-31 18:52,2026-07-31,Flau'jae Johnson,reb_ast,7.5,8.51,8.51,0.594,0.594,,0.0695,over,,,0.0695
2026-07-31 18:52,2026-07-31,Dominique Malonga,assists,1.5,1.69,1.69,0.514,0.514,,0.0691,under,,,0.0691
2026-07-31 18:52,2026-07-31,Allisha Gray,pts_ast,22.5,21.54,21.54,0.431,0.431,,0.0681,under,,,0.0681
2026-07-31 18:52,2026-07-31,Paige Bueckers,points,20.5,19.35,19.35,0.418,0.418,,0.0478,under,0.0672,under,0.0672
2026-07-31 18:52,2026-07-31,Paige Bueckers,pra,30.5,29.34,29.34,0.432,0.432,,0.0661,under,,,0.0661
2026-07-31 18:52,2026-07-31,Paige Bueckers,pts_reb,24.5,23.24,23.24,0.42,0.42,,0.0639,under,,,0.0639
2026-07-31 18:52,2026-08-01,Chelsea Gray,assists,6.5,7.09,7.09,0.566,0.566,,0.026,over,0.0623,over,0.0623
2026-07-31 18:52,2026-07-31,Awa Fam,reb_ast,7.5,9.16,9.16,0.66,0.66,,0.0604,over,,,0.0604
2026-07-31 18:52,2026-08-01,Alyssa Thomas,assists,8.5,9.12,9.12,0.562,0.562,,0.0595,over,0.0552,over,0.0595
2026-07-31 18:52,2026-07-31,Bridget Carleton,reb_ast,5.5,6.64,6.64,0.618,0.618,,0.0591,over,,,0.0591
2026-07-31 18:52,2026-07-31,Shakira Austin,rebounds,9.5,9.61,9.61,0.495,0.495,,-0.0246,over,0.0591,over,0.0591
2026-07-31 18:52,2026-07-31,Caitlin Clark,rebounds,4.5,3.55,3.55,0.32,0.32,,,,0.0582,under,0.0582
2026-07-31 18:52,2026-07-31,Arike Ogunbowale,rebounds,2.5,3.02,3.02,0.565,0.565,,0.0555,over,,,0.0555
2026-07-31 18:52,2026-08-01,Natasha Cloud,assists,4.5,5.09,5.09,0.576,0.576,,0.0363,over,0.0555,over,0.0555
2026-07-31 18:52,2026-07-31,Michaela Onyenwere,pra,14.5,14.07,14.07,0.448,0.448,,0.0541,under,,,0.0541
2026-07-31 18:52,2026-07-31,Dominique Malonga,reb_ast,9.5,10.56,10.56,0.592,0.592,,0.0474,over,,,0.0474
2026-07-31 18:52,2026-07-31,Natisha Hiedeman,pts_ast,19.5,19.17,19.17,0.461,0.461,,0.0467,under,,,0.0467
2026-07-31 18:52,2026-07-31,Kelsey Mitchell,pts_reb,24.5,26.22,26.22,0.564,0.564,,0.0455,over,,,0.0455
2026-07-31 18:52,2026-07-31,Arike Ogunbowale,threes,1.5,1.79,1.79,0.534,0.534,,0.0355,under,0.0448,under,0.0448
2026-07-31 18:52,2026-07-31,Jordin Canada,points,11.5,12.4,12.4,0.532,0.532,,0.0253,over,0.0442,over,0.0442
2026-07-31 18:52,2026-07-31,Lauren Betts,points,6.5,7.09,7.09,0.509,0.509,,0.0432,over,,,0.0432
2026-07-31 18:52,2026-08-01,Chelsea Gray,rebounds,2.5,2.97,2.97,0.554,0.554,,0.0031,under,0.0432,under,0.0432
2026-07-31 18:52,2026-07-31,Kelsey Mitchell,threes,2.5,3.23,3.23,0.626,0.626,,0.0431,over,0.0122,over,0.0431
2026-07-31 18:52,2026-07-31,Megan DiLeo,rebounds,3.5,3.86,3.86,0.531,0.531,,,,0.0411,under,0.0411
2026-07-31 18:52,2026-07-31,Flau'jae Johnson,rebounds,4.5,5.22,5.22,0.58,0.58,,0.0375,over,,,0.0375
2026-07-31 18:52,2026-07-31,Paige Bueckers,pts_ast,26.5,25.45,25.45,0.432,0.432,,0.0372,under,,,0.0372
2026-07-31 18:52,2026-07-31,Monique Billings,rebounds,5.5,5.19,5.19,0.433,0.433,,0.036,under,,,0.036
2026-07-31 18:52,2026-07-31,Allisha Gray,pts_reb,23.5,22.37,22.37,0.425,0.425,,0.0358,under,,,0.0358
2026-07-31 18:52,2026-07-31,Paige Bueckers,threes,1.5,1.7,1.7,0.507,0.507,,0.0339,over,0.0136,over,0.0339
2026-07-31 18:52,2026-07-31,Caitlin Clark,threes,2.5,2.92,2.92,0.56,0.56,,0.0338,over,0.0259,over,0.0338
2026-07-31 18:52,2026-07-31,Lauren Betts,pts_reb,9.5,10.77,10.77,0.552,0.552,,0.0312,over,,,0.0312
2026-07-31 18:52,2026-07-31,Carla Leite,reb_ast,8.5,8.72,8.72,0.505,0.505,,0.0309,over,,,0.0309
2026-07-31 18:52,2026-08-01,Sydney Taylor,points,16.5,17.06,17.06,0.51,0.51,,0.0302,over,0.0302,over,0.0302
2026-07-31 18:52,2026-07-31,Aliyah Boston,threes,1.5,0.96,0.96,0.249,0.249,,0.0291,under,0.0291,under,0.0291
2026-07-31 18:52,2026-07-31,Lauren Betts,rebounds,3.5,3.68,3.68,0.501,0.501,,0.0279,over,,,0.0279
2026-07-31 18:52,2026-08-01,Jonquel Jones,reb_ast,11.5,12.17,12.17,0.549,0.549,,0.0271,over,,,0.0271
2026-07-31 18:52,2026-07-31,Sonia Citron,rebounds,3.5,3.33,3.33,0.44,0.44,,0.0227,under,0.0266,under,0.0266
2026-07-31 18:52,2026-08-01,Jonquel Jones,points,13.5,13.54,13.54,0.477,0.477,,0.0264,under,0.0264,under,0.0264
2026-07-31 18:52,2026-08-01,Breanna Stewart,pra,34.5,33.06,33.06,0.424,0.424,,0.0259,under,,,0.0259
2026-07-31 18:52,2026-07-31,Natisha Hiedeman,reb_ast,7.5,7.18,7.18,0.441,0.441,,0.0256,under,,,0.0256
2026-07-31 18:52,2026-08-01,Breanna Stewart,threes,0.5,1.03,1.03,0.644,0.644,,,,0.0242,under,0.0242
2026-07-31 18:52,2026-07-31,Allisha Gray,points,19.5,19.06,19.06,0.455,0.455,,0.0224,under,0.0224,under,0.0224
2026-07-31 18:52,2026-08-01,A'ja Wilson,threes,0.5,0.95,0.95,0.613,0.613,,,,0.0224,under,0.0224
2026-07-31 18:52,2026-07-31,Sonia Citron,reb_ast,7.5,7.04,7.04,0.424,0.424,,0.0197,under,,,0.0197
2026-07-31 18:52,2026-07-31,Kelsey Mitchell,pra,27.5,28.86,28.86,0.545,0.545,,0.0194,over,,,0.0194
2026-07-31 18:52,2026-08-01,Kahleah Copper,rebounds,3.5,3.68,3.68,0.501,0.501,,0.0173,under,0.0173,under,0.0173
2026-07-31 18:52,2026-07-31,Flau'jae Johnson,assists,2.5,3.29,3.29,0.633,0.633,,0.0171,over,,,0.0171
2026-07-31 18:52,2026-07-31,Michaela Onyenwere,assists,2.5,1.94,1.94,0.334,0.334,,0.0163,under,,,0.0163
2026-07-31 18:52,2026-07-31,Jordin Canada,threes,0.5,0.7,0.7,0.505,0.505,,0.0157,under,,,0.0157
2026-07-31 18:52,2026-07-31,Jordin Canada,reb_ast,12.5,11.96,11.96,0.434,0.434,,0.0121,under,,,0.0121
2026-07-31 18:52,2026-07-31,Awa Fam,points,11.5,11.02,11.02,0.438,0.438,,0.0109,under,-0.0315,under,0.0109
2026-07-31 18:52,2026-07-31,Rhyne Howard,rebounds,4.5,3.96,3.96,0.387,0.387,,0.0103,under,-0.0046,under,0.0103
2026-07-31 18:52,2026-07-31,Carla Leite,assists,5.5,6.28,6.28,0.596,0.596,,0.0101,over,0.0101,over,0.0101
2026-07-31 18:52,2026-07-31,Michaela Onyenwere,threes,1.5,1.47,1.47,0.431,0.431,,-0.0076,over,0.0097,over,0.0097
2026-07-31 18:52,2026-07-31,Allisha Gray,threes,1.5,2.07,2.07,0.612,0.612,,0.0092,over,-0.0009,over,0.0092
2026-07-31 18:52,2026-08-01,Kamilla Cardoso,rebounds,7.5,7.97,7.97,0.538,0.538,,-0.0107,over,0.0091,over,0.0091
2026-07-31 18:52,2026-07-31,Caitlin Clark,pts_reb,24.5,23.65,23.65,0.44,0.44,,0.0079,under,,,0.0079
2026-07-31 18:52,2026-07-31,Paige Bueckers,reb_ast,10.5,9.99,9.99,0.431,0.431,,0.0072,under,,,0.0072
2026-07-31 18:52,2026-08-01,Chelsea Gray,pts_ast,19.5,20.27,20.27,0.522,0.522,,0.0053,over,,,0.0053
2026-07-31 18:52,2026-07-31,Paige Bueckers,assists,5.5,6.1,6.1,0.572,0.572,,0.0052,over,-0.0136,over,0.0052
2026-07-31 18:52,2026-07-31,Allisha Gray,assists,2.5,2.47,2.47,0.465,0.465,,0.0045,under,0.0045,under,0.0045
2026-07-31 18:52,2026-07-31,Rhyne Howard,threes,2.5,2.87,2.87,0.548,0.548,,-0.0004,under,0.0042,under,0.0042
2026-07-31 18:52,2026-08-01,Natasha Cloud,threes,1.5,1.26,1.26,0.361,0.361,,0.0028,over,0.0028,over,0.0028
2026-07-31 18:52,2026-07-31,Allisha Gray,reb_ast,5.5,5.78,5.78,0.511,0.511,,0.0028,under,,,0.0028
2026-07-31 18:52,2026-07-31,Michaela Onyenwere,pts_ast,11.5,11.39,11.39,0.464,0.464,,0.0026,under,,,0.0026
2026-07-31 18:52,2026-07-31,Dominique Malonga,pts_ast,17.5,17.07,17.07,0.454,0.454,,0.0019,under,,,0.0019
2026-07-31 18:52,2026-08-01,Kamilla Cardoso,points,13.5,13.91,13.91,0.501,0.501,,0.001,over,-0.038,under,0.001
2026-07-31 18:52,2026-07-31,Dominique Malonga,points,15.5,15.38,15.38,0.469,0.469,,-0.0077,under,0.0005,under,0.0005
2026-07-31 18:52,2026-07-31,Jordin Canada,assists,8.5,8.46,8.46,0.481,0.481,,-0.0386,over,-0.0001,over,-0.0001
2026-07-31 18:52,2026-07-31,Georgia Amoore,pra,11.5,11.6,11.6,0.474,0.474,,-0.0008,under,,,-0.0008
2026-07-31 18:52,2026-07-31,Awa Fam,pts_ast,13.5,13.38,13.38,0.466,0.466,,-0.0025,under,,,-0.0025
2026-07-31 18:52,2026-07-31,Rhyne Howard,reb_ast,7.5,7.58,7.58,0.489,0.489,,-0.0029,under,,,-0.0029
2026-07-31 18:52,2026-07-31,Emily Engstler,rebounds,5.5,5.36,5.36,0.457,0.457,,-0.0809,over,-0.0032,over,-0.0032
2026-07-31 18:52,2026-08-01,Sabrina Ionescu,rebounds,4.5,4.42,4.42,0.461,0.461,,-0.0541,over,-0.0033,over,-0.0033
2026-07-31 18:52,2026-07-31,Jordin Canada,pts_ast,19.5,20.86,20.86,0.554,0.554,,-0.0036,over,,,-0.0036
2026-07-31 18:52,2026-07-31,Azzi Fudd,threes,2.5,2.23,2.23,0.385,0.385,,-0.0334,under,-0.0052,under,-0.0052
2026-07-31 18:52,2026-08-01,Chelsea Gray,points,12.5,13.18,13.18,0.517,0.517,,-0.008,over,-0.0289,over,-0.008
2026-07-31 18:52,2026-07-31,Awa Fam,pra,19.5,20.18,20.18,0.514,0.514,,-0.0099,over,,,-0.0099
2026-07-31 18:52,2026-08-01,Natasha Cloud,reb_ast,7.5,8.27,8.27,0.568,0.568,,-0.0105,over,,,-0.0105
2026-07-31 18:52,2026-07-31,Carla Leite,points,15.5,15.24,15.24,0.46,0.46,,-0.0106,under,-0.0106,under,-0.0106
2026-07-31 18:52,2026-07-31,Carla Leite,threes,0.5,0.73,0.73,0.517,0.517,,-0.0107,under,,,-0.0107
2026-07-31 18:52,2026-07-31,Sonia Citron,assists,3.5,3.7,3.7,0.515,0.515,,-0.0157,under,-0.0109,under,-0.0109
2026-07-31 18:52,2026-07-31,Awak Kuier,pts_reb,8.5,7.87,7.87,0.415,0.415,,-0.0117,under,,,-0.0117
2026-07-31 18:52,2026-08-01,Jonquel Jones,threes,1.5,1.82,1.82,0.543,0.543,,-0.0125,over,-0.0125,over,-0.0125
2026-07-31 18:52,2026-08-01,Chelsea Gray,pra,22.5,23.24,23.24,0.517,0.517,,-0.0126,over,,,-0.0126
2026-07-31 18:52,2026-08-01,Jonquel Jones,pts_ast,16.5,16.57,16.57,0.481,0.481,,-0.0129,over,,,-0.0129
2026-07-31 18:52,2026-07-31,Georgia Amoore,assists,3.5,3.49,3.49,0.475,0.475,,-0.0189,under,-0.0149,under,-0.0149
2026-07-31 18:52,2026-07-31,Georgia Amoore,pts_ast,10.5,10.27,10.27,0.453,0.453,,-0.0149,under,,,-0.0149
2026-07-31 18:52,2026-07-31,Sophie Cunningham,threes,1.5,1.8,1.8,0.537,0.537,,-0.0158,over,,,-0.0158
2026-07-31 18:52,2026-07-31,Kelsey Mitchell,pts_ast,25.5,26.92,26.92,0.552,0.552,,-0.0176,over,,,-0.0176
2026-07-31 18:52,2026-07-31,Shakira Austin,pts_ast,18.5,18.43,18.43,0.475,0.475,,-0.0187,under,,,-0.0187
2026-07-31 18:52,2026-07-31,Rhyne Howard,assists,3.5,3.62,3.62,0.5,0.5,,-0.0189,under,-0.0189,under,-0.0189
2026-07-31 18:52,2026-07-31,Jordin Canada,pra,23.5,24.37,24.37,0.523,0.523,,-0.0216,over,,,-0.0216
2026-07-31 18:52,2026-07-31,Shakira Austin,points,15.5,16.0,16.0,0.506,0.506,,-0.0356,under,-0.0218,under,-0.0218
2026-07-31 18:52,2026-07-31,Brionna Jones,rebounds,6.5,6.54,6.54,0.484,0.484,,-0.0227,over,,,-0.0227
2026-07-31 18:52,2026-07-31,Awa Fam,threes,1.5,1.63,1.63,0.484,0.484,,-0.0229,over,-0.0229,over,-0.0229
2026-07-31 18:52,2026-08-01,Sabrina Ionescu,threes,2.5,2.64,2.64,0.493,0.493,,-0.023,under,-0.023,under,-0.023
2026-07-31 18:52,2026-07-31,Arike Ogunbowale,points,15.5,15.19,15.19,0.457,0.457,,-0.0233,under,,,-0.0233
2026-07-31 18:52,2026-07-31,Allisha Gray,rebounds,3.5,3.3,3.3,0.435,0.435,,-0.0448,under,-0.025,under,-0.025
2026-07-31 18:52,2026-07-31,Flau'jae Johnson,threes,1.5,1.33,1.33,0.384,0.384,,-0.0275,under,-0.0254,under,-0.0254
2026-07-31 18:52,2026-08-01,Alyssa Thomas,pra,31.5,31.84,31.84,0.499,0.499,,-0.0256,over,,,-0.0256
2026-07-31 18:52,2026-07-31,Awa Fam,pts_reb,17.5,17.82,17.82,0.495,0.495,,-0.0289,over,,,-0.0289
2026-07-31 18:52,2026-07-31,Jessica Shepard,assists,5.5,5.08,5.08,0.415,0.415,,-0.0608,under,-0.0305,under,-0.0305
2026-07-31 18:52,2026-07-31,Georgia Amoore,points,6.5,6.77,6.77,0.482,0.482,,-0.0311,under,-0.0425,under,-0.0311
2026-07-31 18:52,2026-07-31,Natisha Hiedeman,assists,4.5,4.66,4.66,0.507,0.507,,-0.0313,over,,,-0.0313
2026-07-31 18:52,2026-07-31,Dominique Malonga,pts_reb,23.5,24.25,24.25,0.518,0.518,,-0.0315,over,,,-0.0315
2026-07-31 18:52,2026-07-31,Bridget Carleton,assists,2.5,2.35,2.35,0.436,0.436,,-0.0324,under,,,-0.0324
2026-07-31 18:52,2026-07-31,Caitlin Clark,points,19.5,20.1,20.1,0.512,0.512,,-0.0552,under,-0.0328,under,-0.0328
2026-07-31 18:52,2026-07-31,Brionna Jones,pts_reb,17.5,17.49,17.49,0.477,0.477,,-0.033,under,,,-0.033
2026-07-31 18:52,2026-07-31,Arike Ogunbowale,reb_ast,5.5,6.31,6.31,0.579,0.579,,-0.0346,over,,,-0.0346
2026-07-31 18:52,2026-08-01,Jonquel Jones,pra,24.5,25.71,25.71,0.539,0.539,,-0.0358,over,,,-0.0358
2026-07-31 18:52,2026-07-31,Brionna Jones,points,10.5,10.96,10.96,0.502,0.502,,-0.0367,under,,,-0.0367
2026-07-31 18:52,2026-08-01,Alyssa Thomas,points,14.5,15.05,15.05,0.509,0.509,,-0.037,under,-0.037,under,-0.037
2026-07-31 18:52,2026-07-31,Arike Ogunbowale,assists,3.5,3.29,3.29,0.435,0.435,,-0.0388,over,,,-0.0388
2026-07-31 18:52,2026-07-31,Shakira Austin,pra,27.5,28.04,28.04,0.508,0.508,,-0.0391,under,,,-0.0391
2026-07-31 18:52,2026-08-01,Jewell Loyd,threes,1.5,2.06,2.06,0.61,0.61,,,,-0.0392,over,-0.0392
2026-07-31 18:52,2026-07-31,Jordin Canada,pts_reb,15.5,15.9,15.9,0.499,0.499,,-0.0399,over,,,-0.0399
2026-07-31 18:52,2026-07-31,Carla Leite,pts_reb,17.5,17.68,17.68,0.487,0.487,,-0.0408,under,,,-0.0408
2026-07-31 18:52,2026-07-31,Carla Leite,pts_ast,21.5,21.51,21.51,0.482,0.482,,-0.0422,under,,,-0.0422
2026-07-31 18:52,2026-07-31,Arike Ogunbowale,pts_ast,18.5,18.48,18.48,0.478,0.478,,-0.0428,under,,,-0.0428
2026-07-31 18:52,2026-07-31,Jade Melbourne,points,7.5,7.93,7.93,0.497,0.497,,-0.043,over,,,-0.043
2026-07-31 18:52,2026-07-31,Angel Reese,assists,2.5,2.45,2.45,0.46,0.46,,-0.0438,under,-0.0438,under,-0.0438
2026-07-31 18:52,2026-08-01,Jonquel Jones,pts_reb,22.5,22.68,22.68,0.49,0.49,,-0.0456,under,,,-0.0456
2026-07-31 18:52,2026-08-01,Kamilla Cardoso,pts_reb,21.5,21.89,21.89,0.5,0.5,,-0.0458,over,,,-0.0458
2026-07-31 18:52,2026-07-31,Arike Ogunbowale,pra,21.5,21.5,21.5,0.48,0.48,,-0.0465,under,,,-0.0465
2026-07-31 18:52,2026-07-31,Sonia Citron,threes,1.5,1.17,1.17,0.328,0.328,,-0.0482,under,-0.0482,under,-0.0482
2026-07-31 18:52,2026-07-31,Bridget Carleton,points,12.5,13.02,13.02,0.507,0.507,,-0.0559,over,-0.0482,over,-0.0482
2026-07-31 18:52,2026-07-31,Emily Engstler,points,8.5,9.0,9.0,0.504,0.504,,-0.0484,under,,,-0.0484
2026-07-31 18:52,2026-08-01,Natasha Cloud,points,9.5,9.98,9.98,0.503,0.503,,-0.051,under,-0.051,under,-0.051
2026-07-31 18:52,2026-08-01,Natasha Cloud,pra,17.5,18.25,18.25,0.518,0.518,,-0.051,over,,,-0.051
2026-07-31 18:52,2026-07-31,Shakira Austin,reb_ast,11.5,12.04,12.04,0.538,0.538,,-0.0519,under,,,-0.0519
2026-07-31 18:52,2026-08-01,Chelsea Gray,pts_reb,15.5,16.14,16.14,0.512,0.512,,-0.0534,over,,,-0.0534
2026-07-31 18:52,2026-07-31,Jade Melbourne,assists,3.5,3.77,3.77,0.527,0.527,,-0.0538,under,,,-0.0538
2026-07-31 18:52,2026-07-31,Emily Engstler,pts_reb,14.5,14.36,14.36,0.465,0.465,,-0.0543,under,,,-0.0543
2026-07-31 18:52,2026-08-01,Natasha Cloud,rebounds,2.5,3.19,3.19,0.594,0.594,,-0.0568,over,-0.0648,over,-0.0568
2026-07-31 18:52,2026-07-31,Bridget Carleton,pts_ast,14.5,15.37,15.37,0.529,0.529,,-0.0578,under,,,-0.0578
2026-07-31 18:52,2026-08-01,Alyssa Thomas,rebounds,7.5,7.66,7.66,0.501,0.501,,-0.0603,over,-0.0603,over,-0.0603
2026-07-31 18:52,2026-07-31,Georgia Amoore,threes,1.5,1.27,1.27,0.363,0.363,,-0.067,under,-0.0629,over,-0.0629
2026-07-31 18:52,2026-08-01,Breanna Stewart,rebounds,8.5,8.41,8.41,0.471,0.471,,-0.0644,under,-0.0644,under,-0.0644
2026-07-31 18:52,2026-08-01,Alyssa Thomas,pts_reb,22.5,22.71,22.71,0.491,0.491,,-0.0671,under,,,-0.0671
2026-07-31 18:52,2026-08-01,Chelsea Gray,reb_ast,9.5,10.06,10.06,0.542,0.542,,-0.0716,over,,,-0.0716
2026-07-31 18:52,2026-07-31,Jade Melbourne,pts_ast,11.5,11.69,11.69,0.484,0.484,,-0.0721,under,,,-0.0721
2026-07-31 18:52,2026-07-31,Dominique Malonga,pra,25.5,25.94,25.94,0.503,0.503,,-0.081,over,,,-0.081
2026-07-31 18:52,2026-07-31,Awa Fam,assists,2.5,2.36,2.36,0.437,0.437,,-0.0818,over,,,-0.0818
2026-07-31 18:52,2026-07-31,Sophie Cunningham,rebounds,2.5,2.4,2.4,0.442,0.442,,-0.0822,under,,,-0.0822
2026-07-31 18:52,2026-07-31,Azzi Fudd,points,14.0,12.69,12.69,0.361,0.361,,,,,,
2026-07-31 18:52,2026-07-31,Jessica Shepard,points,14.0,12.57,12.57,0.353,0.353,,,,,,
2026-07-31 18:52,2026-07-31,Awak Kuier,rebounds,3.0,3.09,3.09,0.396,0.396,,,,,,
2026-07-31 18:52,2026-07-31,Azzi Fudd,assists,2.5,2.1,2.1,0.375,0.375,,,,,,
2026-07-31 18:52,2026-07-31,Azzi Fudd,pra,17.5,16.51,16.51,0.422,0.422,,,,,,
2026-07-31 18:52,2026-07-31,Sonia Citron,pts_ast,20.0,18.98,18.98,0.398,0.398,,,,,,
2026-07-31 18:52,2026-07-31,Kiki Iriafen,pts_ast,17.5,15.37,15.37,0.354,0.354,,,,,,
2026-07-31 18:52,2026-07-31,Georgia Amoore,pts_reb,7.5,8.11,8.11,0.503,0.503,,,,,,
2026-07-31 18:52,2026-07-31,Shakira Austin,pts_reb,25.0,25.6,25.6,0.487,0.487,,,,,,
2026-07-31 18:52,2026-07-31,Arike Ogunbowale,pts_reb,18.5,18.21,18.21,0.462,0.462,,,,,,
2026-07-31 18:52,2026-07-31,Jessica Shepard,pts_reb,26.5,23.58,23.58,0.344,0.344,,,,,,
2026-07-31 18:52,2026-07-31,Kiki Iriafen,reb_ast,11.5,10.08,10.08,0.343,0.343,,,,,,
2026-07-31 18:52,2026-07-31,Flau'jae Johnson,points,14.0,15.21,15.21,0.519,0.519,,,,,,
2026-07-31 18:52,2026-07-31,Angel Reese,pts_ast,19.0,16.79,16.79,0.329,0.329,,,,,,
2026-07-31 18:52,2026-07-31,Flau'jae Johnson,pts_ast,17.0,18.51,18.51,0.536,0.536,,,,,,
2026-07-31 18:52,2026-07-31,Natisha Hiedeman,pts_reb,19.5,17.02,17.02,0.345,0.345,,,,,,
2026-07-31 18:52,2026-07-31,Sophie Cunningham,points,9.5,9.12,9.12,0.439,0.439,,,,,,
2026-07-31 18:52,2026-07-31,Emily Engstler,threes,1.5,0.91,0.91,0.231,0.231,,,,,,
2026-07-31 18:52,2026-07-31,Bridget Carleton,pra,19.5,19.66,19.66,0.487,0.487,,,,,,
2026-07-31 18:52,2026-07-31,Emily Engstler,pra,16.5,17.01,17.01,0.504,0.504,,,,,,
2026-07-31 18:52,2026-07-31,Megan DiLeo,pra,20.5,18.02,18.02,0.35,0.35,,,,,,
2026-07-31 18:52,2026-07-31,Carla Leite,pra,24.0,23.95,23.95,0.455,0.455,,,,,,
2026-07-31 18:52,2026-07-31,Aliyah Boston,pra,29.5,24.67,24.67,0.27,0.27,,,,,,
2026-07-31 18:52,2026-07-31,Sophie Cunningham,pra,14.5,12.68,12.68,0.366,0.366,,,,,,
2026-07-31 18:52,2026-07-31,Bridget Carleton,pts_reb,16.5,17.31,17.31,0.522,0.522,,,,,,
2026-07-31 18:52,2026-07-31,Sophie Cunningham,pts_reb,11.5,11.52,11.52,0.47,0.47,,,,,,
2026-07-31 18:52,2026-07-31,Megan DiLeo,pts_reb,19.5,16.96,16.96,0.342,0.342,,,,,,
2026-07-31 18:52,2026-08-01,Jewell Loyd,points,9.5,9.3,9.3,0.453,0.453,,,,,,
2026-07-31 18:52,2026-08-01,Natasha Cloud,pts_ast,15.0,15.06,15.06,0.45,0.45,,,,,,
2026-07-31 18:52,2026-08-01,Natasha Cloud,pts_reb,13.0,13.17,13.17,0.452,0.452,,,,,,
2026-07-31 18:52,2026-08-01,Jackie Young,pts_reb,24.5,20.91,20.91,0.307,0.307,,,,,,
2026-07-31 18:52,2026-08-01,A'ja Wilson,reb_ast,15.0,12.34,12.34,0.22,0.22,,,,,,
2026-07-31 18:52,2026-08-01,Kahleah Copper,pra,29.5,24.24,24.24,0.253,0.253,,,,,,
2026-07-31 18:52,2026-08-01,Breanna Stewart,pts_ast,25.5,24.66,24.66,0.441,0.441,,,,,,
2026-07-31 18:52,2026-08-01,Kahleah Copper,pts_ast,24.5,20.56,20.56,0.286,0.286,,,,,,
2026-07-31 18:52,2026-08-01,Alyssa Thomas,pts_ast,24.5,24.17,24.17,0.466,0.466,,,,,,
2026-07-31 18:52,2026-08-01,Breanna Stewart,pts_reb,33.0,29.11,29.11,0.299,0.299,,,,,,
2026-07-31 18:52,2026-08-01,Alyssa Thomas,reb_ast,17.0,16.79,16.79,0.429,0.429,,,,,,
2026-07-31 18:52,2026-08-01,Sabrina Ionescu,reb_ast,10.5,9.22,9.22,0.35,0.35,,,,,,
2026-07-31 18:52,2026-08-01,Kahleah Copper,reb_ast,7.0,5.38,5.38,0.229,0.229,,,,,,
2026-07-31 18:52,2026-08-01,Breanna Stewart,reb_ast,13.5,12.36,12.36,0.379,0.379,,,,,,
2026-07-31 20:37,2026-08-01,Kahleah Copper,threes,1.5,1.48,1.48,0.436,0.436,,0.297,under,0.3873,under,0.3873
2026-07-31 20:37,2026-08-01,Jackie Young,pts_ast,26.5,23.27,23.27,0.327,0.327,,0.3149,under,,,0.3149
2026-07-31 20:37,2026-07-31,Caitlin Clark,reb_ast,13.5,11.04,11.04,0.26,0.26,,0.3091,under,,,0.3091
2026-07-31 20:37,2026-07-31,Caitlin Clark,assists,9.5,7.48,7.48,0.242,0.242,,0.2955,under,0.2771,under,0.2955
2026-07-31 20:37,2026-08-01,A'ja Wilson,assists,3.5,2.94,2.94,0.362,0.362,,0.2892,under,0.2892,under,0.2892
2026-07-31 20:37,2026-07-31,Aliyah Boston,pra,28.5,24.67,24.67,0.309,0.309,,0.2762,under,,,0.2762
2026-07-31 20:37,2026-07-31,Angel Reese,pra,30.5,27.33,27.33,0.343,0.343,,0.254,under,,,0.254
2026-07-31 20:37,2026-07-31,Awa Fam,rebounds,5.5,6.8,6.8,0.645,0.645,,0.2159,over,0.2536,over,0.2536
2026-07-31 20:37,2026-07-31,Angel Reese,rebounds,11.5,10.55,10.55,0.388,0.388,,0.2235,under,0.2357,under,0.2357
2026-07-31 20:37,2026-08-01,Jackie Young,assists,7.5,5.93,5.93,0.268,0.268,,0.2335,under,0.2335,under,0.2335
2026-07-31 20:37,2026-08-01,Jackie Young,reb_ast,11.5,9.49,9.49,0.285,0.285,,0.2264,under,,,0.2264
2026-07-31 20:37,2026-08-01,Jonquel Jones,assists,2.5,3.03,3.03,0.584,0.584,,0.2263,over,0.2263,over,0.2263
2026-07-31 20:37,2026-08-01,Kahleah Copper,assists,2.5,1.7,1.7,0.272,0.272,,0.2126,under,0.2258,under,0.2258
2026-07-31 20:37,2026-08-01,Jackie Young,points,19.5,17.34,17.34,0.36,0.36,,0.2216,under,0.2216,under,0.2216
2026-07-31 20:37,2026-07-31,Bridget Carleton,rebounds,3.5,4.29,4.29,0.599,0.599,,0.2095,over,0.2215,over,0.2215
2026-07-31 20:37,2026-08-01,A'ja Wilson,pra,41.5,37.62,37.62,0.335,0.335,,0.2186,under,,,0.2186
2026-07-31 20:37,2026-08-01,Kahleah Copper,points,21.5,18.85,18.85,0.341,0.341,,0.2176,under,0.2176,under,0.2176
2026-07-31 20:37,2026-07-31,Aliyah Boston,points,16.5,14.57,14.57,0.362,0.362,,0.2171,under,0.2171,under,0.2171
2026-07-31 20:37,2026-08-01,Sabrina Ionescu,assists,5.5,4.8,4.8,0.368,0.368,,0.2164,under,0.2164,under,0.2164
2026-07-31 20:37,2026-07-31,Megan DiLeo,pts_reb,19.5,16.96,16.96,0.342,0.342,,0.2148,under,,,0.2148
2026-07-31 20:37,2026-07-31,Aliyah Boston,pts_reb,24.5,21.96,21.96,0.357,0.357,,0.2015,under,,,0.2015
2026-07-31 20:37,2026-07-31,Natisha Hiedeman,threes,2.5,1.64,1.64,0.227,0.227,,0.197,under,0.1493,under,0.197
2026-07-31 20:37,2026-07-31,Kiki Iriafen,pra,26.5,24.03,24.03,0.366,0.366,,0.1952,under,,,0.1952
2026-07-31 20:37,2026-08-01,Kahleah Copper,pts_reb,25.5,22.53,22.53,0.34,0.34,,0.1886,under,,,0.1886
2026-07-31 20:37,2026-07-31,Awa Fam,reb_ast,7.5,9.16,9.16,0.66,0.66,,0.1884,over,,,0.1884
2026-07-31 20:37,2026-08-01,Sabrina Ionescu,pts_ast,25.5,22.91,22.91,0.354,0.354,,0.1836,under,,,0.1836
2026-07-31 20:37,2026-08-01,A'ja Wilson,pts_ast,30.5,28.22,28.22,0.38,0.38,,0.1834,under,,,0.1834
2026-07-31 20:37,2026-08-01,Sabrina Ionescu,points,19.5,18.11,18.11,0.403,0.403,,0.1169,under,0.1832,under,0.1832
2026-07-31 20:37,2026-07-31,Megan DiLeo,points,14.5,13.11,13.11,0.387,0.387,,0.1799,under,0.1799,under,0.1799
2026-07-31 20:37,2026-07-31,Angel Reese,points,15.5,14.34,14.34,0.405,0.405,,0.1118,under,0.1777,under,0.1777
2026-07-31 20:37,2026-08-01,A'ja Wilson,pts_reb,37.5,34.68,34.68,0.371,0.371,,0.1756,under,,,0.1756
2026-07-31 20:37,2026-07-31,Megan DiLeo,threes,1.5,1.5,1.5,0.443,0.443,,0.1255,over,0.1698,over,0.1698
2026-07-31 20:37,2026-07-31,Angel Reese,reb_ast,14.5,13.0,13.0,0.351,0.351,,0.1682,under,,,0.1682
2026-07-31 20:37,2026-08-01,A'ja Wilson,points,26.5,25.28,25.28,0.424,0.424,,,,0.1667,under,0.1667
2026-07-31 20:37,2026-07-31,Aliyah Boston,reb_ast,11.5,10.09,10.09,0.344,0.344,,0.1612,under,,,0.1612
2026-07-31 20:37,2026-07-31,Caitlin Clark,pra,33.5,31.13,31.13,0.383,0.383,,0.1535,under,,,0.1535
2026-07-31 20:37,2026-07-31,Jessica Shepard,pra,31.5,28.66,28.66,0.359,0.359,,0.1529,under,,,0.1529
2026-07-31 20:37,2026-08-01,A'ja Wilson,rebounds,10.5,9.4,9.4,0.368,0.368,,0.1377,under,0.1502,under,0.1502
2026-07-31 20:37,2026-08-01,Sabrina Ionescu,pra,29.5,27.33,27.33,0.385,0.385,,0.1495,under,,,0.1495
2026-07-31 20:37,2026-07-31,Kiki Iriafen,rebounds,9.5,8.66,8.66,0.39,0.39,,0.1457,under,0.1457,under,0.1457
2026-07-31 20:37,2026-07-31,Kiki Iriafen,pts_reb,24.5,22.61,22.61,0.389,0.389,,0.1423,under,,,0.1423
2026-07-31 20:37,2026-07-31,Monique Billings,pra,16.5,13.94,13.94,0.332,0.332,,0.1418,under,,,0.1418
2026-07-31 20:37,2026-07-31,Michaela Onyenwere,rebounds,2.5,2.68,2.68,0.5,0.5,,0.0998,under,0.1398,under,0.1398
2026-07-31 20:37,2026-07-31,Jessica Shepard,reb_ast,17.0,16.1,16.1,0.372,0.372,,0.1305,under,,,0.1305
2026-07-31 20:37,2026-08-01,DeWanna Bonner,threes,1.5,1.12,1.12,0.308,0.308,,-0.0008,under,0.1295,under,0.1295
2026-07-31 20:37,2026-07-31,Jessica Shepard,rebounds,11.5,11.01,11.01,0.436,0.436,,0.1285,under,,,0.1285
2026-07-31 20:37,2026-08-01,Jackie Young,threes,2.5,1.85,1.85,0.283,0.283,,0.126,under,0.1284,under,0.1284
2026-07-31 20:37,2026-07-31,Kiki Iriafen,assists,1.5,1.42,1.42,0.436,0.436,,0.1277,under,,,0.1277
2026-07-31 20:37,2026-07-31,Dominique Malonga,rebounds,7.5,8.87,8.87,0.636,0.636,,0.1245,over,0.1245,over,0.1245
2026-07-31 20:37,2026-08-01,Sabrina Ionescu,reb_ast,9.5,9.22,9.22,0.452,0.452,,0.1232,under,,,0.1232
2026-07-31 20:37,2026-07-31,Rhyne Howard,pts_ast,20.5,19.34,19.34,0.417,0.417,,0.1231,under,,,0.1231
2026-07-31 20:37,2026-07-31,Rhyne Howard,pra,25.5,23.3,23.3,0.376,0.376,,0.1226,under,,,0.1226
2026-07-31 20:37,2026-07-31,Rhyne Howard,pts_reb,21.5,19.68,19.68,0.386,0.386,,0.1222,under,,,0.1222
2026-07-31 20:37,2026-07-31,Kelsey Mitchell,assists,2.5,2.64,2.64,0.502,0.502,,0.1204,under,,,0.1204
2026-07-31 20:37,2026-07-31,Monique Billings,pts_reb,14.0,12.77,12.77,0.369,0.369,,0.1195,under,,,0.1195
2026-07-31 20:37,2026-07-31,Rhyne Howard,points,17.5,15.71,15.71,0.374,0.374,,0.1183,under,0.1069,under,0.1183
2026-07-31 20:37,2026-08-01,Jackie Young,rebounds,3.5,3.56,3.56,0.48,0.48,,,,0.1126,under,0.1126
2026-07-31 20:37,2026-07-31,Caitlin Clark,pts_ast,29.5,27.58,27.58,0.395,0.395,,0.1095,under,,,0.1095
2026-07-31 20:37,2026-08-01,Breanna Stewart,assists,3.5,3.95,3.95,0.56,0.56,,0.1095,over,0.1095,over,0.1095
2026-07-31 20:37,2026-07-31,Kiki Iriafen,points,14.5,13.95,13.95,0.441,0.441,,0.0915,under,0.1072,under,0.1072
2026-07-31 20:37,2026-07-31,Aliyah Boston,assists,3.5,2.71,2.71,0.313,0.313,,0.1034,under,0.1009,under,0.1034
2026-07-31 20:37,2026-07-31,Flau'jae Johnson,pra,21.5,23.73,23.73,0.59,0.59,,0.1032,over,,,0.1032
2026-07-31 20:37,2026-07-31,Bridget Carleton,threes,2.5,2.61,2.61,0.483,0.483,,0.0964,over,0.0819,over,0.0964
2026-07-31 20:37,2026-07-31,Sonia Citron,pra,23.5,22.31,22.31,0.422,0.422,,0.0937,under,,,0.0937
2026-07-31 20:37,2026-07-31,Michaela Onyenwere,reb_ast,5.5,4.62,4.62,0.354,0.354,,0.0916,under,,,0.0916
2026-07-31 20:37,2026-07-31,Sonia Citron,points,16.5,15.28,15.28,0.405,0.405,,0.0916,under,0.0916,under,0.0916
2026-07-31 20:37,2026-08-01,Breanna Stewart,points,22.5,20.69,20.69,0.388,0.388,,0.0908,under,0.0908,under,0.0908
2026-07-31 20:37,2026-08-01,Chelsea Gray,threes,1.5,1.78,1.78,0.53,0.53,,0.034,under,0.0904,under,0.0904
2026-07-31 20:37,2026-08-01,Sabrina Ionescu,pts_reb,24.5,22.53,22.53,0.385,0.385,,0.0882,under,,,0.0882
2026-07-31 20:37,2026-07-31,Kelsey Mitchell,points,22.5,24.28,24.28,0.57,0.57,,0.0569,over,0.0879,over,0.0879
2026-07-31 20:37,2026-07-31,Flau'jae Johnson,pts_ast,16.5,18.51,18.51,0.592,0.592,,0.0853,over,,,0.0853
2026-07-31 20:37,2026-07-31,Paige Bueckers,pts_reb,24.5,23.24,23.24,0.42,0.42,,0.0849,under,,,0.0849
2026-07-31 20:37,2026-07-31,Flau'jae Johnson,pts_reb,18.5,20.43,20.43,0.58,0.58,,0.0847,over,,,0.0847
2026-07-31 20:37,2026-07-31,Sonia Citron,pts_ast,20.5,18.98,18.98,0.398,0.398,,0.0845,under,,,0.0845
2026-07-31 20:37,2026-07-31,Flau'jae Johnson,points,13.5,15.21,15.21,0.58,0.58,,0.0845,over,,,0.0845
2026-07-31 20:37,2026-07-31,Allisha Gray,pra,25.5,24.84,24.84,0.45,0.45,,0.0834,under,,,0.0834
2026-07-31 20:37,2026-07-31,Michaela Onyenwere,pra,14.5,14.07,14.07,0.448,0.448,,0.078,under,,,0.078
2026-07-31 20:37,2026-07-31,Monique Billings,points,8.5,7.58,7.58,0.392,0.392,,0.0755,under,,,0.0755
2026-07-31 20:37,2026-08-01,Sydney Taylor,threes,2.5,2.37,2.37,0.423,0.423,,,,0.0752,over,0.0752
2026-07-31 20:37,2026-08-01,Alyssa Thomas,assists,8.5,9.13,9.13,0.562,0.562,,0.0733,over,0.0554,over,0.0733
2026-07-31 20:37,2026-08-01,Kamilla Cardoso,points,14.5,13.91,13.91,0.438,0.438,,0.0728,under,0.0728,under,0.0728
2026-07-31 20:37,2026-07-31,Natisha Hiedeman,pra,22.5,21.68,21.68,0.439,0.439,,0.0707,under,,,0.0707
2026-07-31 20:37,2026-07-31,Georgia Amoore,assists,3.5,3.49,3.49,0.475,0.475,,-0.0189,under,0.0705,under,0.0705
2026-07-31 20:37,2026-07-31,Natisha Hiedeman,rebounds,2.5,2.51,2.51,0.465,0.465,,0.0691,under,,,0.0691
2026-07-31 20:37,2026-07-31,Bridget Carleton,reb_ast,5.5,6.64,6.64,0.618,0.618,,0.0688,over,,,0.0688
2026-07-31 20:37,2026-07-31,Paige Bueckers,points,20.5,19.35,19.35,0.418,0.418,,0.0672,under,0.0672,under,0.0672
2026-07-31 20:37,2026-07-31,Jordin Canada,threes,0.5,0.7,0.7,0.505,0.505,,0.0652,under,,,0.0652
2026-07-31 20:37,2026-07-31,Sonia Citron,pts_reb,19.5,18.61,18.61,0.431,0.431,,0.064,under,,,0.064
2026-07-31 20:37,2026-08-01,Natasha Cloud,assists,4.5,5.09,5.09,0.576,0.576,,0.0638,over,0.0638,over,0.0638
2026-07-31 20:37,2026-08-01,Chelsea Gray,assists,6.5,7.1,7.1,0.566,0.566,,0.0338,over,0.0625,over,0.0625
2026-07-31 20:37,2026-07-31,Shakira Austin,assists,2.5,2.43,2.43,0.456,0.456,,0.0625,under,,,0.0625
2026-07-31 20:37,2026-07-31,Paige Bueckers,pra,30.5,29.34,29.34,0.432,0.432,,0.0618,under,,,0.0618
2026-07-31 20:37,2026-07-31,Aliyah Boston,rebounds,8.5,7.38,7.38,0.35,0.35,,,,0.0607,under,0.0607
2026-07-31 20:37,2026-07-31,Monique Billings,rebounds,5.5,5.19,5.19,0.433,0.433,,0.0604,under,,,0.0604
2026-07-31 20:37,2026-07-31,Jordin Canada,rebounds,3.5,3.5,3.5,0.47,0.47,,0.0595,under,0.0392,under,0.0595
2026-07-31 20:37,2026-07-31,Shakira Austin,rebounds,9.5,9.61,9.61,0.495,0.495,,0.0195,over,0.0591,over,0.0591
2026-07-31 20:37,2026-07-31,Kelsey Mitchell,pts_reb,24.5,26.22,26.22,0.564,0.564,,0.0582,over,,,0.0582
2026-07-31 20:37,2026-07-31,Kelsey Mitchell,threes,2.5,3.23,3.23,0.626,0.626,,0.0575,over,0.0029,over,0.0575
2026-07-31 20:37,2026-07-31,Carla Leite,rebounds,2.5,2.44,2.44,0.451,0.451,,0.0233,over,0.0549,over,0.0549
2026-07-31 20:37,2026-07-31,Caitlin Clark,rebounds,4.5,3.55,3.55,0.32,0.32,,,,0.054,under,0.054
2026-07-31 20:37,2026-07-31,Awak Kuier,points,4.5,4.77,4.77,0.473,0.473,,0.0537,under,,,0.0537
2026-07-31 20:37,2026-07-31,Natisha Hiedeman,points,15.5,14.51,14.51,0.416,0.416,,0.0519,under,,,0.0519
2026-07-31 20:37,2026-07-31,Natisha Hiedeman,pts_ast,19.5,19.17,19.17,0.461,0.461,,0.0515,under,,,0.0515
2026-07-31 20:37,2026-07-31,Flau'jae Johnson,reb_ast,7.5,8.51,8.51,0.594,0.594,,0.0512,over,,,0.0512
2026-07-31 20:37,2026-07-31,Dominique Malonga,reb_ast,9.5,10.56,10.56,0.592,0.592,,0.0474,over,,,0.0474
2026-07-31 20:37,2026-07-31,Rhyne Howard,reb_ast,7.5,7.58,7.58,0.489,0.489,,0.0469,under,,,0.0469
2026-07-31 20:37,2026-07-31,Flau'jae Johnson,rebounds,4.5,5.22,5.22,0.58,0.58,,0.0448,over,,,0.0448
2026-07-31 20:37,2026-07-31,Jordin Canada,points,11.5,12.4,12.4,0.532,0.532,,0.0393,over,0.0442,over,0.0442
2026-07-31 20:37,2026-07-31,Allisha Gray,pts_ast,22.5,21.54,21.54,0.431,0.431,,0.0432,under,,,0.0432
2026-07-31 20:37,2026-08-01,DeWanna Bonner,rebounds,5.5,6.34,6.34,0.589,0.589,,0.0428,over,0.0165,over,0.0428
2026-07-31 20:37,2026-07-31,Paige Bueckers,pts_ast,26.5,25.45,25.45,0.432,0.432,,0.0411,under,,,0.0411
2026-07-31 20:37,2026-07-31,Megan DiLeo,rebounds,3.5,3.86,3.86,0.531,0.531,,,,0.0411,under,0.0411
2026-07-31 20:37,2026-07-31,Aliyah Boston,threes,1.5,0.96,0.96,0.249,0.249,,,,0.0398,under,0.0398
2026-07-31 20:37,2026-07-31,Allisha Gray,points,19.5,19.06,19.06,0.455,0.455,,0.0397,under,0.0224,under,0.0397
2026-07-31 20:37,2026-07-31,Arike Ogunbowale,threes,1.5,1.79,1.79,0.534,0.534,,0.0215,under,0.0355,under,0.0355
2026-07-31 20:37,2026-07-31,Jordin Canada,pts_ast,19.5,20.86,20.86,0.554,0.554,,0.0349,over,,,0.0349
2026-07-31 20:37,2026-07-31,Caitlin Clark,threes,2.5,2.92,2.92,0.56,0.56,,0.0338,over,0.0182,over,0.0338
2026-07-31 20:37,2026-07-31,Lauren Betts,pts_reb,9.5,10.77,10.77,0.552,0.552,,0.0312,over,,,0.0312
2026-07-31 20:37,2026-07-31,Sonia Citron,reb_ast,7.5,7.04,7.04,0.424,0.424,,0.0302,under,,,0.0302
2026-07-31 20:37,2026-07-31,Paige Bueckers,threes,1.5,1.7,1.7,0.507,0.507,,0.0288,over,0.0238,over,0.0288
2026-07-31 20:37,2026-08-01,Jonquel Jones,reb_ast,11.5,12.17,12.17,0.55,0.55,,0.0274,over,,,0.0274
2026-07-31 20:37,2026-08-01,Breanna Stewart,pra,34.5,33.05,33.05,0.424,0.424,,0.0267,under,,,0.0267
2026-07-31 20:37,2026-07-31,Sonia Citron,rebounds,3.5,3.33,3.33,0.44,0.44,,0.0227,under,0.0266,under,0.0266
2026-07-31 20:37,2026-08-01,Chelsea Gray,rebounds,2.5,2.97,2.97,0.554,0.554,,0.0029,under,0.0252,under,0.0252
2026-07-31 20:37,2026-08-01,Breanna Stewart,threes,0.5,1.03,1.03,0.644,0.644,,,,0.0248,under,0.0248
2026-07-31 20:37,2026-07-31,Michaela Onyenwere,pts_ast,11.5,11.39,11.39,0.464,0.464,,0.0238,under,,,0.0238
2026-07-31 20:37,2026-08-01,A'ja Wilson,threes,0.5,0.95,0.95,0.613,0.613,,,,0.023,under,0.023
2026-07-31 20:37,2026-07-31,Georgia Amoore,points,6.5,6.77,6.77,0.482,0.482,,0.0213,over,-0.0311,under,0.0213
2026-07-31 20:37,2026-08-01,Natasha Cloud,pra,17.5,18.25,18.25,0.517,0.517,,0.0197,over,,,0.0197
2026-07-31 20:37,2026-07-31,Kelsey Mitchell,pra,27.5,28.86,28.86,0.545,0.545,,0.0194,over,,,0.0194
2026-07-31 20:37,2026-08-01,Sydney Taylor,points,16.5,17.05,17.05,0.509,0.509,,0.0189,over,0.0189,over,0.0189
2026-07-31 20:37,2026-08-01,Jonquel Jones,points,13.5,13.53,13.53,0.476,0.476,,0.0178,under,0.0178,under,0.0178
2026-07-31 20:37,2026-07-31,Flau'jae Johnson,assists,2.5,3.29,3.29,0.633,0.633,,0.0171,over,,,0.0171
2026-07-31 20:37,2026-07-31,Michaela Onyenwere,assists,2.5,1.94,1.94,0.334,0.334,,0.0163,under,,,0.0163
2026-07-31 20:37,2026-07-31,Arike Ogunbowale,rebounds,2.5,3.02,3.02,0.565,0.565,,0.0162,over,,,0.0162
2026-07-31 20:37,2026-07-31,Allisha Gray,threes,1.5,2.07,2.07,0.612,0.612,,0.0144,over,0.0092,over,0.0144
2026-07-31 20:37,2026-07-31,Paige Bueckers,assists,5.5,6.1,6.1,0.572,0.572,,0.0119,over,-0.0076,over,0.0119
2026-07-31 20:37,2026-07-31,Kelsey Mitchell,pts_ast,25.5,26.92,26.92,0.552,0.552,,0.0112,over,,,0.0112
2026-07-31 20:37,2026-07-31,Michaela Onyenwere,threes,1.5,1.47,1.47,0.431,0.431,,-0.0076,over,0.0097,over,0.0097
2026-07-31 20:37,2026-07-31,Caitlin Clark,pts_reb,24.5,23.65,23.65,0.44,0.44,,0.0079,under,,,0.0079
2026-07-31 20:37,2026-07-31,Emily Engstler,points,8.5,9.0,9.0,0.504,0.504,,0.0074,over,,,0.0074
2026-07-31 20:37,2026-08-01,Kahleah Copper,rebounds,3.5,3.68,3.68,0.501,0.501,,0.0072,under,0.0072,under,0.0072
2026-07-31 20:37,2026-07-31,Natisha Hiedeman,reb_ast,7.5,7.18,7.18,0.441,0.441,,0.007,under,,,0.007
2026-07-31 20:37,2026-07-31,Allisha Gray,assists,2.5,2.47,2.47,0.465,0.465,,0.0045,under,0.0045,under,0.0045
2026-07-31 20:37,2026-07-31,Rhyne Howard,threes,2.5,2.87,2.87,0.548,0.548,,-0.0004,under,0.0042,under,0.0042
2026-07-31 20:37,2026-07-31,Awa Fam,pra,19.5,20.18,20.18,0.514,0.514,,0.0037,over,,,0.0037
2026-07-31 20:37,2026-07-31,Lauren Betts,rebounds,3.5,3.68,3.68,0.501,0.501,,0.0029,over,,,0.0029
2026-07-31 20:37,2026-08-01,Natasha Cloud,threes,1.5,1.26,1.26,0.36,0.36,,0.0021,over,0.0021,over,0.0021
2026-07-31 20:37,2026-07-31,Dominique Malonga,pts_ast,17.5,17.07,17.07,0.454,0.454,,0.0019,under,,,0.0019
2026-07-31 20:37,2026-07-31,Awa Fam,points,11.5,11.02,11.02,0.438,0.438,,0.0003,under,-0.0224,under,0.0003
2026-07-31 20:37,2026-08-01,Chelsea Gray,pts_ast,19.5,20.27,20.27,0.522,0.522,,0.0001,over,,,0.0001
2026-07-31 20:37,2026-07-31,Jordin Canada,assists,8.5,8.46,8.46,0.481,0.481,,-0.029,over,-0.0001,over,-0.0001
2026-07-31 20:37,2026-07-31,Bridget Carleton,assists,2.5,2.35,2.35,0.436,0.436,,-0.0014,under,,,-0.0014
2026-07-31 20:37,2026-07-31,Awa Fam,pts_ast,13.5,13.38,13.38,0.466,0.466,,-0.0025,under,,,-0.0025
2026-07-31 20:37,2026-08-01,Sabrina Ionescu,rebounds,4.5,4.42,4.42,0.462,0.462,,-0.0539,over,-0.0031,over,-0.0031
2026-07-31 20:37,2026-07-31,Carla Leite,reb_ast,8.5,8.72,8.72,0.505,0.505,,-0.0041,over,,,-0.0041
2026-07-31 20:37,2026-07-31,Jordin Canada,reb_ast,12.5,11.96,11.96,0.434,0.434,,-0.0047,under,,,-0.0047
2026-07-31 20:37,2026-07-31,Sophie Cunningham,rebounds,2.5,2.4,2.4,0.442,0.442,,-0.0052,over,,,-0.0052
2026-07-31 20:37,2026-07-31,Azzi Fudd,threes,2.5,2.23,2.23,0.385,0.385,,-0.0231,under,-0.0052,under,-0.0052
2026-07-31 20:37,2026-08-01,Jonquel Jones,threes,1.5,1.82,1.82,0.542,0.542,,-0.0056,over,-0.0056,over,-0.0056
2026-07-31 20:37,2026-07-31,Dominique Malonga,points,15.5,15.38,15.38,0.469,0.469,,-0.0077,under,-0.0077,under,-0.0077
2026-07-31 20:37,2026-07-31,Natisha Hiedeman,assists,4.5,4.66,4.66,0.507,0.507,,-0.0093,over,,,-0.0093
2026-07-31 20:37,2026-07-31,Carla Leite,threes,0.5,0.73,0.73,0.517,0.517,,-0.0107,under,,,-0.0107
2026-07-31 20:37,2026-07-31,Sonia Citron,assists,3.5,3.7,3.7,0.515,0.515,,-0.0109,under,-0.0109,under,-0.0109
2026-07-31 20:37,2026-07-31,Awak Kuier,pts_reb,8.5,7.87,7.87,0.415,0.415,,-0.0117,under,,,-0.0117
2026-07-31 20:37,2026-08-01,Chelsea Gray,points,12.5,13.17,13.17,0.517,0.517,,-0.0133,over,-0.0297,over,-0.0133
2026-07-31 20:37,2026-08-01,Jonquel Jones,pts_ast,16.5,16.56,16.56,0.481,0.481,,-0.0138,over,,,-0.0138
2026-07-31 20:37,2026-08-01,DeWanna Bonner,pts_reb,16.5,17.13,17.13,0.512,0.512,,-0.0141,over,,,-0.0141
2026-07-31 20:37,2026-07-31,Sophie Cunningham,threes,1.5,1.8,1.8,0.537,0.537,,-0.0158,over,,,-0.0158
2026-07-31 20:37,2026-07-31,Awa Fam,assists,2.5,2.36,2.36,0.437,0.437,,-0.0162,over,,,-0.0162
2026-07-31 20:37,2026-07-31,Rhyne Howard,rebounds,4.5,3.96,3.96,0.387,0.387,,-0.0162,under,-0.0433,under,-0.0162
2026-07-31 20:37,2026-07-31,Carla Leite,assists,6.5,6.28,6.28,0.451,0.451,,-0.0715,under,-0.0168,over,-0.0168
2026-07-31 20:37,2026-07-31,Rhyne Howard,assists,3.5,3.62,3.62,0.5,0.5,,-0.0189,under,-0.0189,under,-0.0189
2026-07-31 20:37,2026-07-31,Arike Ogunbowale,pra,21.5,21.5,21.5,0.48,0.48,,-0.0196,under,,,-0.0196
2026-07-31 20:37,2026-07-31,Arike Ogunbowale,pts_reb,18.5,18.21,18.21,0.462,0.462,,-0.0211,under,,,-0.0211
2026-07-31 20:37,2026-07-31,Jordin Canada,pra,23.5,24.37,24.37,0.523,0.523,,-0.0216,over,,,-0.0216
2026-07-31 20:37,2026-07-31,Allisha Gray,reb_ast,5.5,5.78,5.78,0.511,0.511,,-0.0217,under,,,-0.0217
2026-07-31 20:37,2026-08-01,Kamilla Cardoso,rebounds,7.5,7.98,7.98,0.538,0.538,,,,-0.0217,over,-0.0217
2026-07-31 20:37,2026-07-31,Shakira Austin,points,15.5,16.0,16.0,0.506,0.506,,-0.057,under,-0.0218,under,-0.0218
2026-07-31 20:37,2026-07-31,Brionna Jones,rebounds,6.5,6.54,6.54,0.484,0.484,,-0.0227,over,,,-0.0227
2026-07-31 20:37,2026-07-31,Awa Fam,threes,1.5,1.63,1.63,0.484,0.484,,-0.0229,over,-0.0229,over,-0.0229
2026-07-31 20:37,2026-07-31,Arike Ogunbowale,points,15.5,15.19,15.19,0.457,0.457,,-0.0233,under,,,-0.0233
2026-07-31 20:37,2026-07-31,Sophie Cunningham,points,9.5,9.12,9.12,0.439,0.439,,-0.0236,under,,,-0.0236
2026-07-31 20:37,2026-07-31,Bridget Carleton,points,12.5,13.02,13.02,0.507,0.507,,-0.0588,under,-0.0237,under,-0.0237
2026-07-31 20:37,2026-07-31,Arike Ogunbowale,pts_ast,18.5,18.48,18.48,0.478,0.478,,-0.0239,under,,,-0.0239
2026-07-31 20:37,2026-07-31,Paige Bueckers,reb_ast,10.5,9.99,9.99,0.431,0.431,,-0.0241,under,,,-0.0241
2026-07-31 20:37,2026-07-31,Arike Ogunbowale,reb_ast,6.5,6.31,6.31,0.454,0.454,,-0.0246,over,,,-0.0246
2026-07-31 20:37,2026-07-31,Allisha Gray,rebounds,3.5,3.3,3.3,0.435,0.435,,-0.0578,under,-0.025,under,-0.025
2026-07-31 20:37,2026-07-31,Flau'jae Johnson,threes,1.5,1.33,1.33,0.384,0.384,,-0.0275,under,-0.0254,under,-0.0254
2026-07-31 20:37,2026-08-01,Alyssa Thomas,pra,31.5,31.83,31.83,0.499,0.499,,-0.0261,over,,,-0.0261
2026-07-31 20:37,2026-08-01,Jonquel Jones,rebounds,8.5,9.14,9.14,0.554,0.554,,,,-0.027,over,-0.027
2026-07-31 20:37,2026-07-31,Brionna Jones,points,10.5,10.96,10.96,0.502,0.502,,-0.0278,under,,,-0.0278
2026-07-31 20:37,2026-07-31,Dominique Malonga,assists,1.5,1.69,1.69,0.514,0.514,,-0.0281,under,,,-0.0281
2026-07-31 20:37,2026-07-31,Carla Leite,points,15.5,15.24,15.24,0.46,0.46,,-0.0286,under,-0.0286,under,-0.0286
2026-07-31 20:37,2026-08-01,Chelsea Gray,pra,22.5,23.23,23.23,0.517,0.517,,-0.0297,over,,,-0.0297
2026-07-31 20:37,2026-07-31,Carla Leite,pts_ast,21.5,21.51,21.51,0.482,0.482,,-0.0307,under,,,-0.0307
2026-07-31 20:37,2026-08-01,Sabrina Ionescu,threes,2.5,2.64,2.64,0.492,0.492,,-0.0308,under,-0.0308,under,-0.0308
2026-07-31 20:37,2026-07-31,Dominique Malonga,pts_reb,23.5,24.25,24.25,0.518,0.518,,-0.0315,over,,,-0.0315
2026-07-31 20:37,2026-07-31,Georgia Amoore,pts_ast,10.5,10.27,10.27,0.453,0.453,,-0.0318,under,,,-0.0318
2026-07-31 20:37,2026-07-31,Caitlin Clark,points,19.5,20.1,20.1,0.512,0.512,,-0.0465,under,-0.0328,under,-0.0328
2026-07-31 20:37,2026-07-31,Shakira Austin,pts_reb,24.5,25.6,25.6,0.535,0.535,,-0.0341,over,,,-0.0341
2026-07-31 20:37,2026-07-31,Jessica Shepard,assists,5.5,5.08,5.08,0.415,0.415,,,,-0.0355,under,-0.0355
2026-07-31 20:37,2026-07-31,Jade Melbourne,pts_ast,11.5,11.69,11.69,0.484,0.484,,-0.0362,under,,,-0.0362
2026-07-31 20:37,2026-08-01,Jonquel Jones,pra,24.5,25.7,25.7,0.539,0.539,,-0.0363,over,,,-0.0363
2026-07-31 20:37,2026-07-31,Emily Engstler,pts_reb,14.5,14.36,14.36,0.465,0.465,,-0.0378,under,,,-0.0378
2026-07-31 20:37,2026-08-01,Natasha Cloud,points,9.5,9.97,9.97,0.502,0.502,,-0.0407,over,-0.0502,under,-0.0407
2026-07-31 20:37,2026-07-31,Bridget Carleton,pts_ast,15.5,15.37,15.37,0.468,0.468,,-0.0432,under,,,-0.0432
2026-07-31 20:37,2026-07-31,Dominique Malonga,pra,25.5,25.94,25.94,0.503,0.503,,-0.0436,over,,,-0.0436
2026-07-31 20:37,2026-07-31,Angel Reese,assists,2.5,2.45,2.45,0.46,0.46,,-0.0764,over,-0.0438,under,-0.0438
2026-07-31 20:37,2026-08-01,Alyssa Thomas,points,14.5,15.04,15.04,0.509,0.509,,-0.0617,under,-0.0449,under,-0.0449
2026-07-31 20:37,2026-08-01,Jonquel Jones,pts_reb,22.5,22.67,22.67,0.489,0.489,,-0.045,under,,,-0.045
2026-07-31 20:37,2026-07-31,Awa Fam,pts_reb,17.5,17.82,17.82,0.495,0.495,,-0.0466,over,,,-0.0466
2026-07-31 20:37,2026-08-01,Jewell Loyd,threes,1.5,2.06,2.06,0.61,0.61,,,,-0.0476,over,-0.0476
2026-07-31 20:37,2026-07-31,Sonia Citron,threes,1.5,1.17,1.17,0.328,0.328,,-0.0482,under,-0.0482,under,-0.0482
2026-07-31 20:37,2026-07-31,Georgia Amoore,threes,1.5,1.27,1.27,0.363,0.363,,-0.0738,under,-0.0484,over,-0.0484
2026-07-31 20:37,2026-07-31,Shakira Austin,reb_ast,11.5,12.04,12.04,0.538,0.538,,-0.0519,under,,,-0.0519
2026-07-31 20:37,2026-07-31,Jade Melbourne,assists,3.5,3.77,3.77,0.527,0.527,,-0.0538,under,,,-0.0538
2026-07-31 20:37,2026-08-01,Chelsea Gray,pts_reb,15.5,16.14,16.14,0.512,0.512,,-0.0542,over,,,-0.0542
2026-07-31 20:37,2026-08-01,DeWanna Bonner,points,10.5,10.8,10.8,0.491,0.491,,-0.0548,over,-0.0548,over,-0.0548
2026-07-31 20:37,2026-07-31,Jade Melbourne,points,7.5,7.93,7.93,0.497,0.497,,-0.0555,over,,,-0.0555
2026-07-31 20:37,2026-07-31,Arike Ogunbowale,assists,3.5,3.29,3.29,0.435,0.435,,-0.0562,over,,,-0.0562
2026-07-31 20:37,2026-08-01,Natasha Cloud,rebounds,2.5,3.19,3.19,0.594,0.594,,-0.0567,over,-0.0647,over,-0.0567
2026-07-31 20:37,2026-08-01,Chelsea Gray,reb_ast,9.5,10.06,10.06,0.542,0.542,,-0.057,over,,,-0.057
2026-07-31 20:37,2026-07-31,Brionna Jones,pts_reb,17.5,17.49,17.49,0.477,0.477,,-0.0578,under,,,-0.0578
2026-07-31 20:37,2026-07-31,Emily Engstler,rebounds,5.5,5.36,5.36,0.457,0.457,,-0.0639,under,-0.0582,under,-0.0582
2026-07-31 20:37,2026-07-31,Carla Leite,pts_reb,17.5,17.68,17.68,0.487,0.487,,-0.0594,under,,,-0.0594
2026-07-31 20:37,2026-08-01,Alyssa Thomas,rebounds,7.5,7.66,7.66,0.501,0.501,,-0.0601,over,-0.0601,over,-0.0601
2026-07-31 20:37,2026-07-31,Shakira Austin,pra,27.5,28.04,28.04,0.508,0.508,,-0.0604,under,,,-0.0604
2026-07-31 20:37,2026-08-01,Breanna Stewart,rebounds,8.5,8.41,8.41,0.471,0.471,,-0.0646,under,-0.0646,under,-0.0646
2026-07-31 20:37,2026-08-01,Alyssa Thomas,pts_reb,22.5,22.7,22.7,0.491,0.491,,-0.0664,under,,,-0.0664
2026-07-31 20:37,2026-07-31,Jordin Canada,pts_reb,15.5,15.9,15.9,0.499,0.499,,-0.0679,over,,,-0.0679
2026-07-31 20:37,2026-08-01,Natasha Cloud,pts_reb,12.5,13.16,13.16,0.512,0.512,,-0.0903,over,,,-0.0903
2026-07-31 20:37,2026-07-31,Azzi Fudd,points,14.0,12.69,12.69,0.361,0.361,,,,,,
2026-07-31 20:37,2026-07-31,Jessica Shepard,points,14.0,12.57,12.57,0.353,0.353,,,,,,
2026-07-31 20:37,2026-07-31,Lauren Betts,points,7.5,7.09,7.09,0.428,0.428,,,,,,
2026-07-31 20:37,2026-07-31,Awak Kuier,rebounds,3.0,3.09,3.09,0.396,0.396,,,,,,
2026-07-31 20:37,2026-07-31,Azzi Fudd,assists,2.5,2.1,2.1,0.375,0.375,,,,,,
2026-07-31 20:37,2026-07-31,Azzi Fudd,pra,19.5,16.51,16.51,0.321,0.321,,,,,,
2026-07-31 20:37,2026-07-31,Georgia Amoore,pra,11.5,11.6,11.6,0.474,0.474,,,,,,
2026-07-31 20:37,2026-07-31,Shakira Austin,pts_ast,19.0,18.43,18.43,0.42,0.42,,,,,,
2026-07-31 20:37,2026-07-31,Kiki Iriafen,pts_ast,17.5,15.37,15.37,0.354,0.354,,,,,,
2026-07-31 20:37,2026-07-31,Azzi Fudd,pts_ast,16.5,14.79,14.79,0.375,0.375,,,,,,
2026-07-31 20:37,2026-07-31,Jessica Shepard,pts_ast,19.5,17.65,17.65,0.377,0.377,,,,,,
2026-07-31 20:37,2026-07-31,Georgia Amoore,pts_reb,7.5,8.11,8.11,0.503,0.503,,,,,,
2026-07-31 20:37,2026-07-31,Jessica Shepard,pts_reb,26.5,23.58,23.58,0.344,0.344,,,,,,
2026-07-31 20:37,2026-07-31,Kiki Iriafen,reb_ast,11.5,10.08,10.08,0.343,0.343,,,,,,
2026-07-31 20:37,2026-07-31,Angel Reese,pts_ast,19.0,16.79,16.79,0.329,0.329,,,,,,
2026-07-31 20:37,2026-07-31,Angel Reese,pts_reb,28.5,24.88,24.88,0.318,0.318,,,,,,
2026-07-31 20:37,2026-07-31,Allisha Gray,pts_reb,23.5,22.37,22.37,0.425,0.425,,,,,,
2026-07-31 20:37,2026-07-31,Natisha Hiedeman,pts_reb,19.5,17.02,17.02,0.345,0.345,,,,,,
2026-07-31 20:37,2026-07-31,Emily Engstler,threes,1.5,0.91,0.91,0.231,0.231,,,,,,
2026-07-31 20:37,2026-07-31,Bridget Carleton,pra,19.5,19.66,19.66,0.487,0.487,,,,,,
2026-07-31 20:37,2026-07-31,Emily Engstler,pra,17.5,17.01,17.01,0.45,0.45,,,,,,
2026-07-31 20:37,2026-07-31,Megan DiLeo,pra,20.5,18.02,18.02,0.35,0.35,,,,,,
2026-07-31 20:37,2026-07-31,Carla Leite,pra,24.0,23.95,23.95,0.455,0.455,,,,,,
2026-07-31 20:37,2026-07-31,Sophie Cunningham,pra,13.5,12.68,12.68,0.422,0.422,,,,,,
2026-07-31 20:37,2026-07-31,Aliyah Boston,pts_ast,20.0,17.28,17.28,0.306,0.306,,,,,,
2026-07-31 20:37,2026-07-31,Bridget Carleton,pts_reb,16.5,17.31,17.31,0.522,0.522,,,,,,
2026-07-31 20:37,2026-07-31,Sophie Cunningham,pts_reb,11.5,11.52,11.52,0.47,0.47,,,,,,
2026-07-31 20:37,2026-08-01,Jewell Loyd,points,9.5,9.3,9.3,0.453,0.453,,,,,,
2026-07-31 20:37,2026-08-01,Jackie Young,pra,32.0,26.83,26.83,0.246,0.246,,,,,,
2026-07-31 20:37,2026-08-01,Natasha Cloud,pts_ast,15.0,15.06,15.06,0.45,0.45,,,,,,
2026-07-31 20:37,2026-08-01,Jackie Young,pts_reb,24.5,20.9,20.9,0.307,0.307,,,,,,
2026-07-31 20:37,2026-08-01,Kamilla Cardoso,pts_reb,23.0,21.88,21.88,0.4,0.4,,,,,,
2026-07-31 20:37,2026-08-01,Natasha Cloud,reb_ast,7.5,8.28,8.28,0.569,0.569,,,,,,
2026-07-31 20:37,2026-08-01,A'ja Wilson,reb_ast,15.0,12.34,12.34,0.22,0.22,,,,,,
2026-07-31 20:37,2026-08-01,Kahleah Copper,pra,29.5,24.23,24.23,0.252,0.252,,,,,,
2026-07-31 20:37,2026-08-01,Breanna Stewart,pts_ast,25.5,24.64,24.64,0.44,0.44,,,,,,
2026-07-31 20:37,2026-08-01,Kahleah Copper,pts_ast,24.5,20.55,20.55,0.286,0.286,,,,,,
2026-07-31 20:37,2026-08-01,Alyssa Thomas,pts_ast,24.5,24.16,24.16,0.466,0.466,,,,,,
2026-07-31 20:37,2026-08-01,Breanna Stewart,pts_reb,33.0,29.1,29.1,0.299,0.299,,,,,,
2026-07-31 20:37,2026-08-01,Alyssa Thomas,reb_ast,17.0,16.79,16.79,0.429,0.429,,,,,,
2026-07-31 20:37,2026-08-01,Kahleah Copper,reb_ast,7.0,5.38,5.38,0.229,0.229,,,,,,
2026-07-31 20:37,2026-08-01,Breanna Stewart,reb_ast,13.5,12.36,12.36,0.38,0.38,,,,,,
2026-07-31 21:36,2026-08-01,Kahleah Copper,threes,1.5,1.48,1.48,0.436,0.436,,0.297,under,0.3873,under,0.3873
2026-07-31 21:36,2026-08-01,Jackie Young,pra,30.5,26.83,26.83,0.321,0.321,,0.2958,under,,,0.2958
2026-07-31 21:36,2026-07-31,Aliyah Boston,pra,28.5,24.67,24.67,0.309,0.309,,0.2915,under,,,0.2915
2026-07-31 21:36,2026-08-01,A'ja Wilson,assists,3.5,2.94,2.94,0.362,0.362,,0.2892,under,0.2892,under,0.2892
2026-07-31 21:36,2026-08-01,Jackie Young,pts_ast,26.5,23.27,23.27,0.327,0.327,,0.2858,under,,,0.2858
2026-07-31 21:36,2026-07-31,Caitlin Clark,reb_ast,13.5,11.04,11.04,0.26,0.26,,0.28,under,,,0.28
2026-07-31 21:36,2026-07-31,Awa Fam,rebounds,5.5,6.8,6.8,0.645,0.645,,0.2159,over,0.2654,over,0.2654
2026-07-31 21:36,2026-07-31,Caitlin Clark,assists,9.5,7.48,7.48,0.242,0.242,,0.2632,under,0.2501,under,0.2632
2026-07-31 21:36,2026-07-31,Angel Reese,pra,30.5,27.33,27.33,0.343,0.343,,0.254,under,,,0.254
2026-07-31 21:36,2026-08-01,A'ja Wilson,pra,41.5,37.62,37.62,0.335,0.335,,0.2427,under,,,0.2427
2026-07-31 21:36,2026-07-31,Angel Reese,rebounds,11.5,10.55,10.55,0.388,0.388,,0.2235,under,0.2357,under,0.2357
2026-07-31 21:36,2026-08-01,Jackie Young,assists,6.5,5.93,5.93,0.399,0.399,,,,0.2335,under,0.2335
2026-07-31 21:36,2026-08-01,Jackie Young,points,19.5,17.34,17.34,0.36,0.36,,0.2324,under,0.2324,under,0.2324
2026-07-31 21:36,2026-07-31,Aliyah Boston,points,16.5,14.57,14.57,0.362,0.362,,0.2171,under,0.2279,under,0.2279
2026-07-31 21:36,2026-08-01,Jonquel Jones,assists,2.5,3.03,3.03,0.584,0.584,,0.2263,over,0.2263,over,0.2263
2026-07-31 21:36,2026-08-01,Kahleah Copper,assists,2.5,1.7,1.7,0.272,0.272,,0.2126,under,0.2258,under,0.2258
2026-07-31 21:36,2026-07-31,Bridget Carleton,rebounds,3.5,4.29,4.29,0.599,0.599,,0.1976,over,0.2215,over,0.2215
2026-07-31 21:36,2026-08-01,Kahleah Copper,points,21.5,18.85,18.85,0.341,0.341,,0.2176,under,0.2176,under,0.2176
2026-07-31 21:36,2026-08-01,Sabrina Ionescu,assists,5.5,4.8,4.8,0.368,0.368,,0.2164,under,0.2164,under,0.2164
2026-07-31 21:36,2026-07-31,Kiki Iriafen,pra,26.5,24.03,24.03,0.366,0.366,,0.2105,under,,,0.2105
2026-07-31 21:36,2026-08-01,Jackie Young,reb_ast,11.5,9.49,9.49,0.285,0.285,,0.2088,under,,,0.2088
2026-07-31 21:36,2026-07-31,Angel Reese,points,15.5,14.34,14.34,0.405,0.405,,0.1118,under,0.1894,under,0.1894
2026-07-31 21:36,2026-08-01,Kahleah Copper,pts_reb,25.5,22.53,22.53,0.34,0.34,,0.1886,under,,,0.1886
2026-07-31 21:36,2026-07-31,Awa Fam,reb_ast,7.5,9.16,9.16,0.66,0.66,,0.1884,over,,,0.1884
2026-07-31 21:36,2026-08-01,Sabrina Ionescu,pts_ast,25.5,22.91,22.91,0.354,0.354,,0.1836,under,,,0.1836
2026-07-31 21:36,2026-08-01,Sabrina Ionescu,points,19.5,18.11,18.11,0.403,0.403,,0.1169,under,0.1832,under,0.1832
2026-07-31 21:36,2026-07-31,Megan DiLeo,points,15.5,13.11,13.11,0.33,0.33,,,,0.1799,under,0.1799
2026-07-31 21:36,2026-07-31,Natisha Hiedeman,threes,2.5,1.64,1.64,0.227,0.227,,0.1791,under,0.1493,under,0.1791
2026-07-31 21:36,2026-07-31,Aliyah Boston,pts_reb,24.5,21.96,21.96,0.357,0.357,,0.1782,under,,,0.1782
2026-07-31 21:36,2026-07-31,Megan DiLeo,threes,1.5,1.5,1.5,0.443,0.443,,0.0945,over,0.1698,over,0.1698
2026-07-31 21:36,2026-07-31,Angel Reese,reb_ast,14.5,13.0,13.0,0.351,0.351,,0.1682,under,,,0.1682
2026-07-31 21:36,2026-08-01,A'ja Wilson,points,27.5,25.28,25.28,0.379,0.379,,0.1667,under,0.1667,under,0.1667
2026-07-31 21:36,2026-07-31,Kiki Iriafen,pts_reb,24.5,22.61,22.61,0.389,0.389,,0.1664,under,,,0.1664
2026-07-31 21:36,2026-07-31,Caitlin Clark,pra,33.5,31.13,31.13,0.383,0.383,,0.1535,under,,,0.1535
2026-07-31 21:36,2026-07-31,Aliyah Boston,reb_ast,11.5,10.09,10.09,0.344,0.344,,0.1535,under,,,0.1535
2026-07-31 21:36,2026-07-31,Jessica Shepard,pra,31.5,28.66,28.66,0.359,0.359,,0.1529,under,,,0.1529
2026-07-31 21:36,2026-08-01,A'ja Wilson,rebounds,10.5,9.4,9.4,0.368,0.368,,0.1377,under,0.1502,under,0.1502
2026-07-31 21:36,2026-08-01,Sabrina Ionescu,pra,29.5,27.33,27.33,0.385,0.385,,0.1495,under,,,0.1495
2026-07-31 21:36,2026-07-31,Monique Billings,pra,16.5,13.94,13.94,0.332,0.332,,0.1418,under,,,0.1418
2026-07-31 21:36,2026-07-31,Kiki Iriafen,rebounds,9.5,8.66,8.66,0.39,0.39,,0.1411,under,0.1276,under,0.1411
2026-07-31 21:36,2026-07-31,Michaela Onyenwere,rebounds,2.5,2.68,2.68,0.5,0.5,,0.0998,under,0.1398,under,0.1398
2026-07-31 21:36,2026-07-31,Flau'jae Johnson,points,13.5,15.21,15.21,0.58,0.58,,0.1379,over,,,0.1379
2026-07-31 21:36,2026-07-31,Monique Billings,pts_reb,14.5,12.77,12.77,0.369,0.369,,0.1352,under,,,0.1352
2026-07-31 21:36,2026-07-31,Monique Billings,rebounds,5.5,5.19,5.19,0.433,0.433,,0.1344,under,,,0.1344
2026-07-31 21:36,2026-07-31,Caitlin Clark,pts_ast,29.5,27.58,27.58,0.395,0.395,,0.1314,under,,,0.1314
2026-07-31 21:36,2026-07-31,Jessica Shepard,reb_ast,17.0,16.1,16.1,0.372,0.372,,0.1305,under,,,0.1305
2026-07-31 21:36,2026-08-01,DeWanna Bonner,threes,1.5,1.12,1.12,0.308,0.308,,-0.0008,under,0.1295,under,0.1295
2026-07-31 21:36,2026-07-31,Jessica Shepard,rebounds,11.5,11.01,11.01,0.436,0.436,,0.1285,under,,,0.1285
2026-07-31 21:36,2026-08-01,Jackie Young,threes,2.5,1.85,1.85,0.283,0.283,,0.126,under,0.1284,under,0.1284
2026-07-31 21:36,2026-07-31,Kiki Iriafen,assists,1.5,1.42,1.42,0.436,0.436,,0.1277,under,,,0.1277
2026-07-31 21:36,2026-07-31,Rhyne Howard,pts_reb,21.5,19.68,19.68,0.386,0.386,,0.1264,under,,,0.1264
2026-07-31 21:36,2026-07-31,Dominique Malonga,rebounds,7.5,8.87,8.87,0.636,0.636,,0.1245,over,0.1245,over,0.1245
2026-07-31 21:36,2026-08-01,Sabrina Ionescu,reb_ast,9.5,9.22,9.22,0.452,0.452,,0.1232,under,,,0.1232
2026-07-31 21:36,2026-07-31,Rhyne Howard,points,17.5,15.71,15.71,0.374,0.374,,0.1183,under,0.1069,under,0.1183
2026-07-31 21:36,2026-07-31,Rhyne Howard,pts_ast,20.5,19.34,19.34,0.417,0.417,,0.1133,under,,,0.1133
2026-07-31 21:36,2026-08-01,Jackie Young,rebounds,3.5,3.56,3.56,0.48,0.48,,0.0918,under,0.1126,under,0.1126
2026-07-31 21:36,2026-08-01,Breanna Stewart,assists,3.5,3.95,3.95,0.56,0.56,,0.1095,over,0.1095,over,0.1095
2026-07-31 21:36,2026-07-31,Kelsey Mitchell,points,22.5,24.28,24.28,0.57,0.57,,0.0697,over,0.1075,over,0.1075
2026-07-31 21:36,2026-07-31,Kiki Iriafen,points,14.5,13.95,13.95,0.441,0.441,,0.0915,under,0.1072,under,0.1072
2026-07-31 21:36,2026-07-31,Aliyah Boston,assists,3.5,2.71,2.71,0.313,0.313,,0.1034,under,0.0865,under,0.1034
2026-07-31 21:36,2026-07-31,Flau'jae Johnson,pra,21.5,23.73,23.73,0.59,0.59,,0.1032,over,,,0.1032
2026-07-31 21:36,2026-07-31,Jessica Shepard,pts_ast,19.5,17.65,17.65,0.377,0.377,,0.1029,under,,,0.1029
2026-07-31 21:36,2026-07-31,Sonia Citron,pts_reb,19.5,18.61,18.61,0.431,0.431,,0.101,under,,,0.101
2026-07-31 21:36,2026-07-31,Kelsey Mitchell,assists,2.5,2.64,2.64,0.502,0.502,,0.0955,under,,,0.0955
2026-07-31 21:36,2026-07-31,Monique Billings,points,8.5,7.58,7.58,0.392,0.392,,0.0942,under,,,0.0942
2026-07-31 21:36,2026-08-01,Sydney Taylor,threes,2.5,2.37,2.37,0.423,0.423,,-0.0264,over,0.0921,over,0.0921
2026-07-31 21:36,2026-07-31,Michaela Onyenwere,reb_ast,5.5,4.62,4.62,0.354,0.354,,0.0916,under,,,0.0916
2026-07-31 21:36,2026-07-31,Sonia Citron,points,16.5,15.28,15.28,0.405,0.405,,0.0916,under,0.0916,under,0.0916
2026-07-31 21:36,2026-08-01,Breanna Stewart,points,22.5,20.69,20.69,0.388,0.388,,0.0908,under,0.0908,under,0.0908
2026-07-31 21:36,2026-08-01,Chelsea Gray,threes,1.5,1.78,1.78,0.53,0.53,,0.034,under,0.0904,under,0.0904
2026-07-31 21:36,2026-07-31,Shakira Austin,assists,2.5,2.43,2.43,0.456,0.456,,0.0884,under,,,0.0884
2026-07-31 21:36,2026-08-01,Sabrina Ionescu,pts_reb,24.5,22.53,22.53,0.385,0.385,,0.0882,under,,,0.0882
2026-07-31 21:36,2026-07-31,Paige Bueckers,pts_reb,24.5,23.24,23.24,0.42,0.42,,0.0849,under,,,0.0849
2026-07-31 21:36,2026-07-31,Flau'jae Johnson,pts_reb,18.5,20.43,20.43,0.58,0.58,,0.0847,over,,,0.0847
2026-07-31 21:36,2026-07-31,Sonia Citron,pts_ast,20.5,18.98,18.98,0.398,0.398,,0.0845,under,,,0.0845
2026-07-31 21:36,2026-07-31,Bridget Carleton,threes,2.5,2.61,2.61,0.483,0.483,,0.0819,over,0.0819,over,0.0819
2026-07-31 21:36,2026-07-31,Carla Leite,rebounds,2.5,2.44,2.44,0.451,0.451,,0.0233,over,0.0819,over,0.0819
2026-07-31 21:36,2026-07-31,Azzi Fudd,points,13.5,12.69,12.69,0.422,0.422,,0.0815,under,,,0.0815
2026-07-31 21:36,2026-08-01,Sydney Taylor,points,16.5,17.05,17.05,0.509,0.509,,0.0801,over,0.0189,over,0.0801
2026-07-31 21:36,2026-07-31,Michaela Onyenwere,pra,14.5,14.07,14.07,0.448,0.448,,0.078,under,,,0.078
2026-07-31 21:36,2026-07-31,Kelsey Mitchell,pts_reb,24.5,26.22,26.22,0.564,0.564,,0.0761,over,,,0.0761
2026-07-31 21:36,2026-08-01,Alyssa Thomas,assists,8.5,9.13,9.13,0.562,0.562,,0.0733,over,0.0554,over,0.0733
2026-07-31 21:36,2026-07-31,Kelsey Mitchell,threes,2.5,3.23,3.23,0.626,0.626,,0.0729,over,0.0171,over,0.0729
2026-07-31 21:36,2026-07-31,Natisha Hiedeman,points,15.5,14.51,14.51,0.416,0.416,,0.0714,under,,,0.0714
2026-07-31 21:36,2026-07-31,Natisha Hiedeman,pra,22.5,21.68,21.68,0.439,0.439,,0.0707,under,,,0.0707
2026-07-31 21:36,2026-07-31,Natisha Hiedeman,rebounds,2.5,2.51,2.51,0.465,0.465,,0.0691,under,,,0.0691
2026-07-31 21:36,2026-07-31,Paige Bueckers,points,20.5,19.35,19.35,0.418,0.418,,0.0672,under,0.0672,under,0.0672
2026-07-31 21:36,2026-07-31,Paige Bueckers,pra,30.5,29.34,29.34,0.432,0.432,,0.0661,under,,,0.0661
2026-07-31 21:36,2026-07-31,Dominique Malonga,reb_ast,9.5,10.56,10.56,0.592,0.592,,0.0656,over,,,0.0656
2026-07-31 21:36,2026-07-31,Flau'jae Johnson,pts_ast,16.5,18.51,18.51,0.592,0.592,,0.0656,over,,,0.0656
2026-07-31 21:36,2026-07-31,Jordin Canada,threes,0.5,0.7,0.7,0.505,0.505,,0.0652,under,,,0.0652
2026-07-31 21:36,2026-08-01,Chelsea Gray,pts_ast,19.5,20.27,20.27,0.522,0.522,,0.0641,over,,,0.0641
2026-07-31 21:36,2026-08-01,Chelsea Gray,assists,6.5,7.1,7.1,0.566,0.566,,0.0625,over,0.0625,over,0.0625
2026-07-31 21:36,2026-08-01,Kamilla Cardoso,points,14.5,13.91,13.91,0.438,0.438,,0.0593,under,0.0593,under,0.0593
2026-07-31 21:36,2026-07-31,Bridget Carleton,reb_ast,5.5,6.64,6.64,0.618,0.618,,0.0591,over,,,0.0591
2026-07-31 21:36,2026-07-31,Shakira Austin,rebounds,9.5,9.61,9.61,0.495,0.495,,-0.0338,over,0.0591,over,0.0591
2026-07-31 21:36,2026-07-31,Caitlin Clark,rebounds,4.5,3.55,3.55,0.32,0.32,,,,0.0582,under,0.0582
2026-07-31 21:36,2026-08-01,Natasha Cloud,assists,4.5,5.09,5.09,0.576,0.576,,0.0557,over,0.0557,over,0.0557
2026-07-31 21:36,2026-07-31,Flau'jae Johnson,reb_ast,7.5,8.51,8.51,0.594,0.594,,0.0548,over,,,0.0548
2026-07-31 21:36,2026-07-31,Awa Fam,threes,1.5,1.63,1.63,0.484,0.484,,-0.0132,over,0.0545,over,0.0545
2026-07-31 21:36,2026-07-31,Azzi Fudd,pra,17.5,16.51,16.51,0.422,0.422,,0.0524,under,,,0.0524
2026-07-31 21:36,2026-07-31,Natisha Hiedeman,pts_ast,19.5,19.17,19.17,0.461,0.461,,0.0515,under,,,0.0515
2026-07-31 21:36,2026-07-31,Aliyah Boston,rebounds,8.5,7.38,7.38,0.35,0.35,,,,0.0506,under,0.0506
2026-07-31 21:36,2026-07-31,Flau'jae Johnson,rebounds,4.5,5.22,5.22,0.58,0.58,,0.0448,over,,,0.0448
2026-07-31 21:36,2026-08-01,DeWanna Bonner,rebounds,5.5,6.34,6.34,0.589,0.589,,0.0428,over,0.0165,over,0.0428
2026-07-31 21:36,2026-07-31,Megan DiLeo,rebounds,3.5,3.86,3.86,0.531,0.531,,,,0.0411,under,0.0411
2026-07-31 21:36,2026-07-31,Paige Bueckers,pts_ast,26.5,25.45,25.45,0.432,0.432,,0.0411,under,,,0.0411
2026-07-31 21:36,2026-07-31,Arike Ogunbowale,threes,1.5,1.79,1.79,0.534,0.534,,0.0215,under,0.0355,under,0.0355
2026-07-31 21:36,2026-07-31,Jordin Canada,pts_ast,19.5,20.86,20.86,0.554,0.554,,0.0349,over,,,0.0349
2026-07-31 21:36,2026-07-31,Jordin Canada,points,11.5,12.4,12.4,0.532,0.532,,0.0163,over,0.0346,over,0.0346
2026-07-31 21:36,2026-07-31,Sonia Citron,rebounds,3.5,3.33,3.33,0.44,0.44,,0.0227,under,0.0345,under,0.0345
2026-07-31 21:36,2026-07-31,Caitlin Clark,threes,2.5,2.92,2.92,0.56,0.56,,0.0338,over,0.0338,over,0.0338
2026-07-31 21:36,2026-07-31,Lauren Betts,pts_reb,9.5,10.77,10.77,0.552,0.552,,0.0312,over,,,0.0312
2026-07-31 21:36,2026-07-31,Sonia Citron,reb_ast,7.5,7.04,7.04,0.424,0.424,,0.0302,under,,,0.0302
2026-07-31 21:36,2026-07-31,Jordin Canada,rebounds,3.5,3.5,3.5,0.47,0.47,,0.0295,under,0.0295,under,0.0295
2026-07-31 21:36,2026-07-31,Georgia Amoore,assists,3.5,3.49,3.49,0.475,0.475,,0.0294,under,0.0294,under,0.0294
2026-07-31 21:36,2026-07-31,Aliyah Boston,threes,1.5,0.96,0.96,0.249,0.249,,0.0291,under,0.0291,under,0.0291
2026-07-31 21:36,2026-07-31,Paige Bueckers,threes,1.5,1.7,1.7,0.507,0.507,,0.0288,over,0.0238,over,0.0288
2026-07-31 21:36,2026-07-31,Allisha Gray,pra,25.5,24.84,24.84,0.45,0.45,,0.0277,under,,,0.0277
2026-07-31 21:36,2026-08-01,Jonquel Jones,reb_ast,11.5,12.17,12.17,0.55,0.55,,0.0274,over,,,0.0274
2026-07-31 21:36,2026-08-01,Breanna Stewart,pra,34.5,33.05,33.05,0.424,0.424,,0.0267,under,,,0.0267
2026-07-31 21:36,2026-08-01,Breanna Stewart,threes,0.5,1.03,1.03,0.644,0.644,,,,0.0248,under,0.0248
2026-07-31 21:36,2026-07-31,Allisha Gray,pts_ast,22.5,21.54,21.54,0.431,0.431,,0.0242,under,,,0.0242
2026-07-31 21:36,2026-07-31,Michaela Onyenwere,pts_ast,11.5,11.39,11.39,0.464,0.464,,0.0238,under,,,0.0238
2026-07-31 21:36,2026-08-01,A'ja Wilson,threes,0.5,0.95,0.95,0.613,0.613,,-0.07,under,0.023,under,0.023
2026-07-31 21:36,2026-07-31,Allisha Gray,points,19.5,19.06,19.06,0.455,0.455,,0.0224,under,0.0224,under,0.0224
2026-07-31 21:36,2026-07-31,Dominique Malonga,pts_ast,17.5,17.07,17.07,0.454,0.454,,0.0217,under,,,0.0217
2026-07-31 21:36,2026-07-31,Rhyne Howard,reb_ast,7.5,7.58,7.58,0.489,0.489,,0.0214,under,,,0.0214
2026-07-31 21:36,2026-07-31,Kelsey Mitchell,pra,27.5,28.86,28.86,0.545,0.545,,0.0194,over,,,0.0194
2026-07-31 21:36,2026-07-31,Michaela Onyenwere,threes,1.5,1.47,1.47,0.431,0.431,,-0.0076,over,0.0183,over,0.0183
2026-07-31 21:36,2026-08-01,Jonquel Jones,points,13.5,13.53,13.53,0.476,0.476,,0.0178,under,0.0178,under,0.0178
2026-07-31 21:36,2026-07-31,Emily Engstler,points,8.5,9.0,9.0,0.504,0.504,,0.0175,over,,,0.0175
2026-07-31 21:36,2026-07-31,Flau'jae Johnson,assists,2.5,3.29,3.29,0.633,0.633,,0.0171,over,,,0.0171
2026-07-31 21:36,2026-07-31,Michaela Onyenwere,assists,2.5,1.94,1.94,0.334,0.334,,0.0163,under,,,0.0163
2026-07-31 21:36,2026-08-01,Chelsea Gray,rebounds,2.5,2.97,2.97,0.554,0.554,,-0.0193,under,0.0163,under,0.0163
2026-07-31 21:36,2026-07-31,Bridget Carleton,pts_ast,15.5,15.37,15.37,0.468,0.468,,0.0148,under,,,0.0148
2026-07-31 21:36,2026-07-31,Rhyne Howard,threes,2.5,2.87,2.87,0.548,0.548,,-0.0004,under,0.0132,under,0.0132
2026-07-31 21:36,2026-07-31,Awa Fam,points,11.5,11.02,11.02,0.438,0.438,,0.0109,under,-0.0224,under,0.0109
2026-07-31 21:36,2026-07-31,Carla Leite,reb_ast,8.5,8.72,8.72,0.505,0.505,,0.0107,over,,,0.0107
2026-07-31 21:36,2026-07-31,Allisha Gray,threes,1.5,2.07,2.07,0.612,0.612,,0.0092,over,0.0092,over,0.0092
2026-07-31 21:36,2026-07-31,Caitlin Clark,pts_reb,24.5,23.65,23.65,0.44,0.44,,0.0079,under,,,0.0079
2026-07-31 21:36,2026-07-31,Kelsey Mitchell,pts_ast,25.5,26.92,26.92,0.552,0.552,,0.0074,over,,,0.0074
2026-07-31 21:36,2026-08-01,Kahleah Copper,rebounds,3.5,3.68,3.68,0.501,0.501,,0.0072,under,0.0072,under,0.0072
2026-07-31 21:36,2026-07-31,Paige Bueckers,reb_ast,10.5,9.99,9.99,0.431,0.431,,0.0072,under,,,0.0072
2026-07-31 21:36,2026-07-31,Natisha Hiedeman,reb_ast,7.5,7.18,7.18,0.441,0.441,,0.007,under,,,0.007
2026-07-31 21:36,2026-07-31,Allisha Gray,assists,2.5,2.47,2.47,0.465,0.465,,0.0045,under,0.0045,under,0.0045
2026-07-31 21:36,2026-07-31,Lauren Betts,rebounds,3.5,3.68,3.68,0.501,0.501,,0.0029,over,,,0.0029
2026-07-31 21:36,2026-07-31,Allisha Gray,reb_ast,5.5,5.78,5.78,0.511,0.511,,0.0028,under,,,0.0028
2026-07-31 21:36,2026-08-01,Natasha Cloud,threes,1.5,1.26,1.26,0.36,0.36,,0.0021,over,0.0021,over,0.0021
2026-07-31 21:36,2026-07-31,Jordin Canada,assists,8.5,8.46,8.46,0.481,0.481,,-0.029,over,-0.0001,over,-0.0001
2026-07-31 21:36,2026-07-31,Awak Kuier,rebounds,2.5,3.09,3.09,0.578,0.578,,-0.0009,over,,,-0.0009
2026-07-31 21:36,2026-07-31,Awa Fam,pts_ast,13.5,13.38,13.38,0.466,0.466,,-0.0025,under,,,-0.0025
2026-07-31 21:36,2026-08-01,Sabrina Ionescu,rebounds,4.5,4.42,4.42,0.462,0.462,,-0.0539,over,-0.0031,over,-0.0031
2026-07-31 21:36,2026-08-01,Jonquel Jones,threes,1.5,1.82,1.82,0.542,0.542,,-0.0056,over,-0.0056,over,-0.0056
2026-07-31 21:36,2026-07-31,Sophie Cunningham,points,9.5,9.12,9.12,0.439,0.439,,-0.0076,under,,,-0.0076
2026-07-31 21:36,2026-07-31,Dominique Malonga,points,15.5,15.38,15.38,0.469,0.469,,-0.0077,under,-0.0077,under,-0.0077
2026-07-31 21:36,2026-07-31,Rhyne Howard,rebounds,4.5,3.96,3.96,0.387,0.387,,-0.0093,under,-0.0471,under,-0.0093
2026-07-31 21:36,2026-07-31,Awa Fam,pts_reb,17.5,17.82,17.82,0.495,0.495,,-0.0099,over,,,-0.0099
2026-07-31 21:36,2026-07-31,Paige Bueckers,assists,5.5,6.1,6.1,0.572,0.572,,-0.0106,over,-0.0364,over,-0.0106
2026-07-31 21:36,2026-07-31,Sonia Citron,assists,3.5,3.7,3.7,0.515,0.515,,-0.0109,under,-0.0109,under,-0.0109
2026-07-31 21:36,2026-07-31,Awak Kuier,pts_reb,8.5,7.87,7.87,0.415,0.415,,-0.0117,under,,,-0.0117
2026-07-31 21:36,2026-07-31,Carla Leite,assists,5.5,6.28,6.28,0.596,0.596,,-0.0117,over,-0.0168,over,-0.0117
2026-07-31 21:36,2026-08-01,Jonquel Jones,pts_ast,16.5,16.56,16.56,0.481,0.481,,-0.0138,over,,,-0.0138
2026-07-31 21:36,2026-07-31,Natisha Hiedeman,assists,4.5,4.66,4.66,0.507,0.507,,-0.0138,over,,,-0.0138
2026-07-31 21:36,2026-08-01,DeWanna Bonner,pts_reb,16.5,17.13,17.13,0.512,0.512,,-0.0141,over,,,-0.0141
2026-07-31 21:36,2026-07-31,Awa Fam,pra,19.5,20.18,20.18,0.514,0.514,,-0.0143,over,,,-0.0143
2026-07-31 21:36,2026-07-31,Azzi Fudd,threes,2.5,2.23,2.23,0.385,0.385,,-0.0143,under,-0.0143,under,-0.0143
2026-07-31 21:36,2026-07-31,Georgia Amoore,pts_ast,10.5,10.27,10.27,0.453,0.453,,-0.0149,under,,,-0.0149
2026-07-31 21:36,2026-07-31,Sophie Cunningham,threes,1.5,1.8,1.8,0.537,0.537,,-0.0158,over,,,-0.0158
2026-07-31 21:36,2026-07-31,Awa Fam,assists,2.5,2.36,2.36,0.437,0.437,,-0.0162,over,,,-0.0162
2026-07-31 21:36,2026-07-31,Bridget Carleton,pts_reb,16.5,17.31,17.31,0.522,0.522,,-0.0167,over,,,-0.0167
2026-07-31 21:36,2026-07-31,Carla Leite,points,15.5,15.24,15.24,0.46,0.46,,-0.018,under,-0.018,under,-0.018
2026-07-31 21:36,2026-07-31,Arike Ogunbowale,pra,21.5,21.5,21.5,0.48,0.48,,-0.0196,under,,,-0.0196
2026-07-31 21:36,2026-07-31,Shakira Austin,pts_reb,24.5,25.6,25.6,0.535,0.535,,-0.0197,over,,,-0.0197
2026-07-31 21:36,2026-07-31,Jordin Canada,reb_ast,12.5,11.96,11.96,0.434,0.434,,-0.0204,under,,,-0.0204
2026-07-31 21:36,2026-07-31,Jordin Canada,pra,23.5,24.37,24.37,0.523,0.523,,-0.0216,over,,,-0.0216
2026-07-31 21:36,2026-08-01,Chelsea Gray,pra,22.5,23.23,23.23,0.517,0.517,,-0.0216,over,,,-0.0216
2026-07-31 21:36,2026-08-01,Kamilla Cardoso,rebounds,7.5,7.98,7.98,0.538,0.538,,,,-0.0217,over,-0.0217
2026-07-31 21:36,2026-07-31,Shakira Austin,points,15.5,16.0,16.0,0.506,0.506,,-0.057,under,-0.0218,under,-0.0218
2026-07-31 21:36,2026-08-01,Chelsea Gray,pts_reb,15.5,16.14,16.14,0.512,0.512,,-0.0226,over,,,-0.0226
2026-07-31 21:36,2026-07-31,Brionna Jones,rebounds,6.5,6.54,6.54,0.484,0.484,,-0.0227,over,,,-0.0227
2026-07-31 21:36,2026-07-31,Arike Ogunbowale,points,15.5,15.19,15.19,0.457,0.457,,-0.0233,under,,,-0.0233
2026-07-31 21:36,2026-07-31,Rhyne Howard,assists,3.5,3.62,3.62,0.5,0.5,,-0.0235,under,-0.0611,under,-0.0235
2026-07-31 21:36,2026-07-31,Bridget Carleton,points,12.5,13.02,13.02,0.507,0.507,,-0.033,under,-0.0237,under,-0.0237
2026-07-31 21:36,2026-07-31,Arike Ogunbowale,pts_ast,18.5,18.48,18.48,0.478,0.478,,-0.0239,under,,,-0.0239
2026-07-31 21:36,2026-07-31,Allisha Gray,rebounds,3.5,3.3,3.3,0.435,0.435,,-0.0578,under,-0.025,under,-0.025
2026-07-31 21:36,2026-07-31,Flau'jae Johnson,threes,1.5,1.33,1.33,0.384,0.384,,-0.0275,under,-0.0254,under,-0.0254
2026-07-31 21:36,2026-08-01,Alyssa Thomas,pra,31.5,31.83,31.83,0.499,0.499,,-0.0261,over,,,-0.0261
2026-07-31 21:36,2026-08-01,Jonquel Jones,rebounds,8.5,9.14,9.14,0.554,0.554,,,,-0.027,over,-0.027
2026-07-31 21:36,2026-08-01,Natasha Cloud,rebounds,2.5,3.19,3.19,0.594,0.594,,-0.0278,over,-0.0647,over,-0.0278
2026-07-31 21:36,2026-07-31,Dominique Malonga,assists,1.5,1.69,1.69,0.514,0.514,,-0.0281,under,,,-0.0281
2026-07-31 21:36,2026-08-01,Chelsea Gray,points,12.5,13.17,13.17,0.517,0.517,,-0.0297,over,-0.0297,over,-0.0297
2026-07-31 21:36,2026-07-31,Carla Leite,pts_ast,21.5,21.51,21.51,0.482,0.482,,-0.0307,under,,,-0.0307
2026-07-31 21:36,2026-08-01,Sabrina Ionescu,threes,2.5,2.64,2.64,0.492,0.492,,-0.0308,under,-0.0308,under,-0.0308
2026-07-31 21:36,2026-07-31,Dominique Malonga,pts_reb,23.5,24.25,24.25,0.518,0.518,,-0.0315,over,,,-0.0315
2026-07-31 21:36,2026-07-31,Arike Ogunbowale,pts_reb,18.5,18.21,18.21,0.462,0.462,,-0.0317,under,,,-0.0317
2026-07-31 21:36,2026-07-31,Bridget Carleton,assists,2.5,2.35,2.35,0.436,0.436,,-0.0324,under,,,-0.0324
2026-07-31 21:36,2026-07-31,Caitlin Clark,points,19.5,20.1,20.1,0.512,0.512,,-0.0328,under,-0.0328,under,-0.0328
2026-07-31 21:36,2026-07-31,Brionna Jones,pts_reb,17.5,17.49,17.49,0.477,0.477,,-0.033,under,,,-0.033
2026-07-31 21:36,2026-07-31,Jessica Shepard,assists,5.5,5.08,5.08,0.415,0.415,,-0.0355,under,-0.0355,under,-0.0355
2026-07-31 21:36,2026-08-01,Jonquel Jones,pra,24.5,25.7,25.7,0.539,0.539,,-0.0363,over,,,-0.0363
2026-07-31 21:36,2026-07-31,Brionna Jones,points,10.5,10.96,10.96,0.502,0.502,,-0.0367,under,,,-0.0367
2026-07-31 21:36,2026-08-01,Natasha Cloud,pra,17.5,18.25,18.25,0.517,0.517,,-0.0404,over,,,-0.0404
2026-07-31 21:36,2026-08-01,Natasha Cloud,points,9.5,9.97,9.97,0.502,0.502,,-0.0407,over,-0.0502,under,-0.0407
2026-07-31 21:36,2026-07-31,Carla Leite,pts_reb,17.5,17.68,17.68,0.487,0.487,,-0.0408,under,,,-0.0408
2026-07-31 21:36,2026-07-31,Georgia Amoore,points,6.5,6.77,6.77,0.482,0.482,,-0.0425,under,-0.0425,under,-0.0425
2026-07-31 21:36,2026-07-31,Dominique Malonga,pra,25.5,25.94,25.94,0.503,0.503,,-0.0436,over,,,-0.0436
2026-07-31 21:36,2026-07-31,Angel Reese,assists,2.5,2.45,2.45,0.46,0.46,,-0.0438,under,-0.0438,under,-0.0438
2026-07-31 21:36,2026-08-01,Alyssa Thomas,points,14.5,15.04,15.04,0.509,0.509,,-0.0617,under,-0.0449,under,-0.0449
2026-07-31 21:36,2026-08-01,Jonquel Jones,pts_reb,22.5,22.67,22.67,0.489,0.489,,-0.045,under,,,-0.045
2026-07-31 21:36,2026-07-31,Bridget Carleton,pra,19.5,19.66,19.66,0.487,0.487,,-0.0456,over,,,-0.0456
2026-07-31 21:36,2026-07-31,Arike Ogunbowale,rebounds,2.5,3.02,3.02,0.565,0.565,,-0.0461,over,,,-0.0461
2026-07-31 21:36,2026-07-31,Shakira Austin,pra,27.5,28.04,28.04,0.508,0.508,,-0.0467,over,,,-0.0467
2026-07-31 21:36,2026-08-01,Jewell Loyd,threes,1.5,2.06,2.06,0.61,0.61,,,,-0.0476,over,-0.0476
2026-07-31 21:36,2026-07-31,Sonia Citron,threes,1.5,1.17,1.17,0.328,0.328,,-0.0482,under,-0.0482,under,-0.0482
2026-07-31 21:36,2026-07-31,Georgia Amoore,threes,1.5,1.27,1.27,0.363,0.363,,-0.0738,under,-0.0484,over,-0.0484
2026-07-31 21:36,2026-07-31,Emily Engstler,rebounds,5.5,5.36,5.36,0.457,0.457,,-0.0696,under,-0.0489,over,-0.0489
2026-07-31 21:36,2026-07-31,Jade Melbourne,points,7.5,7.93,7.93,0.497,0.497,,-0.0514,over,,,-0.0514
2026-07-31 21:36,2026-07-31,Jade Melbourne,assists,3.5,3.77,3.77,0.527,0.527,,-0.0516,over,,,-0.0516
2026-07-31 21:36,2026-07-31,Shakira Austin,reb_ast,11.5,12.04,12.04,0.538,0.538,,-0.0519,under,,,-0.0519
2026-07-31 21:36,2026-07-31,Emily Engstler,pts_reb,14.5,14.36,14.36,0.465,0.465,,-0.0543,under,,,-0.0543
2026-07-31 21:36,2026-08-01,DeWanna Bonner,points,10.5,10.8,10.8,0.491,0.491,,-0.0548,over,-0.0548,over,-0.0548
2026-07-31 21:36,2026-07-31,Jade Melbourne,pts_ast,11.5,11.69,11.69,0.484,0.484,,-0.0549,under,,,-0.0549
2026-07-31 21:36,2026-07-31,Arike Ogunbowale,assists,3.5,3.29,3.29,0.435,0.435,,-0.0562,over,,,-0.0562
2026-07-31 21:36,2026-07-31,Arike Ogunbowale,reb_ast,6.5,6.31,6.31,0.454,0.454,,-0.0563,over,,,-0.0563
2026-07-31 21:36,2026-08-01,Chelsea Gray,reb_ast,9.5,10.06,10.06,0.542,0.542,,-0.057,over,,,-0.057
2026-07-31 21:36,2026-07-31,Carla Leite,threes,0.5,0.73,0.73,0.517,0.517,,-0.0578,under,,,-0.0578
2026-07-31 21:36,2026-08-01,Alyssa Thomas,rebounds,7.5,7.66,7.66,0.501,0.501,,-0.0601,over,-0.0601,over,-0.0601
2026-07-31 21:36,2026-08-01,Breanna Stewart,rebounds,8.5,8.41,8.41,0.471,0.471,,-0.0646,under,-0.0646,under,-0.0646
2026-07-31 21:36,2026-08-01,Alyssa Thomas,pts_reb,22.5,22.7,22.7,0.491,0.491,,-0.0664,under,,,-0.0664
2026-07-31 21:36,2026-07-31,Sophie Cunningham,rebounds,2.5,2.4,2.4,0.442,0.442,,-0.0715,over,,,-0.0715
2026-07-31 21:36,2026-07-31,Emily Engstler,threes,0.5,0.91,0.91,0.598,0.598,,-0.0743,under,,,-0.0743
2026-07-31 21:36,2026-07-31,Jordin Canada,pts_reb,15.5,15.9,15.9,0.499,0.499,,-0.086,over,,,-0.086
2026-07-31 21:36,2026-07-31,Jessica Shepard,points,14.0,12.57,12.57,0.353,0.353,,,,,,
2026-07-31 21:36,2026-07-31,Awak Kuier,points,4.5,4.77,4.77,0.473,0.473,,,,,,
2026-07-31 21:36,2026-07-31,Lauren Betts,points,5.5,7.09,7.09,0.593,0.593,,,,,,
2026-07-31 21:36,2026-07-31,Azzi Fudd,assists,2.5,2.1,2.1,0.375,0.375,,,,,,
2026-07-31 21:36,2026-07-31,Sonia Citron,pra,24.0,22.31,22.31,0.375,0.375,,,,,,
2026-07-31 21:36,2026-07-31,Georgia Amoore,pra,11.5,11.6,11.6,0.474,0.474,,,,,,
2026-07-31 21:36,2026-07-31,Shakira Austin,pts_ast,19.0,18.43,18.43,0.42,0.42,,,,,,
2026-07-31 21:36,2026-07-31,Kiki Iriafen,pts_ast,17.5,15.37,15.37,0.354,0.354,,,,,,
2026-07-31 21:36,2026-07-31,Azzi Fudd,pts_ast,16.5,14.79,14.79,0.375,0.375,,,,,,
2026-07-31 21:36,2026-07-31,Georgia Amoore,pts_reb,8.5,8.11,8.11,0.433,0.433,,,,,,
2026-07-31 21:36,2026-07-31,Jessica Shepard,pts_reb,26.5,23.58,23.58,0.344,0.344,,,,,,
2026-07-31 21:36,2026-07-31,Kiki Iriafen,reb_ast,11.5,10.08,10.08,0.343,0.343,,,,,,
2026-07-31 21:36,2026-07-31,Rhyne Howard,pra,25.5,23.3,23.3,0.376,0.376,,,,,,
2026-07-31 21:36,2026-07-31,Angel Reese,pts_ast,19.0,16.79,16.79,0.329,0.329,,,,,,
2026-07-31 21:36,2026-07-31,Angel Reese,pts_reb,28.5,24.88,24.88,0.318,0.318,,,,,,
2026-07-31 21:36,2026-07-31,Allisha Gray,pts_reb,23.5,22.37,22.37,0.425,0.425,,,,,,
2026-07-31 21:36,2026-07-31,Natisha Hiedeman,pts_reb,19.5,17.02,17.02,0.345,0.345,,,,,,
2026-07-31 21:36,2026-07-31,Emily Engstler,pra,16.5,17.01,17.01,0.504,0.504,,,,,,
2026-07-31 21:36,2026-07-31,Megan DiLeo,pra,21.5,18.02,18.02,0.304,0.304,,,,,,
2026-07-31 21:36,2026-07-31,Carla Leite,pra,24.0,23.95,23.95,0.455,0.455,,,,,,
2026-07-31 21:36,2026-07-31,Sophie Cunningham,pra,13.5,12.68,12.68,0.422,0.422,,,,,,
2026-07-31 21:36,2026-07-31,Aliyah Boston,pts_ast,20.0,17.28,17.28,0.306,0.306,,,,,,
2026-07-31 21:36,2026-07-31,Sophie Cunningham,pts_reb,12.5,11.52,11.52,0.408,0.408,,,,,,
2026-07-31 21:36,2026-07-31,Megan DiLeo,pts_reb,19.5,16.96,16.96,0.342,0.342,,,,,,
2026-07-31 21:36,2026-08-01,Jewell Loyd,points,9.5,9.3,9.3,0.453,0.453,,,,,,
2026-07-31 21:36,2026-08-01,Natasha Cloud,pts_ast,15.0,15.06,15.06,0.45,0.45,,,,,,
2026-07-31 21:36,2026-08-01,A'ja Wilson,pts_ast,32.0,28.22,28.22,0.297,0.297,,,,,,
2026-07-31 21:36,2026-08-01,Natasha Cloud,pts_reb,13.0,13.16,13.16,0.452,0.452,,,,,,
2026-07-31 21:36,2026-08-01,A'ja Wilson,pts_reb,39.5,34.68,34.68,0.297,0.297,,,,,,
2026-07-31 21:36,2026-08-01,Jackie Young,pts_reb,24.5,20.9,20.9,0.307,0.307,,,,,,
2026-07-31 21:36,2026-08-01,Kamilla Cardoso,pts_reb,23.5,21.88,21.88,0.4,0.4,,,,,,
2026-07-31 21:36,2026-08-01,Natasha Cloud,reb_ast,7.5,8.28,8.28,0.569,0.569,,,,,,
2026-07-31 21:36,2026-08-01,A'ja Wilson,reb_ast,15.0,12.34,12.34,0.22,0.22,,,,,,
2026-07-31 21:36,2026-08-01,Kahleah Copper,pra,29.5,24.23,24.23,0.252,0.252,,,,,,
2026-07-31 21:36,2026-08-01,Breanna Stewart,pts_ast,25.5,24.64,24.64,0.44,0.44,,,,,,
2026-07-31 21:36,2026-08-01,Kahleah Copper,pts_ast,24.5,20.55,20.55,0.286,0.286,,,,,,
2026-07-31 21:36,2026-08-01,Alyssa Thomas,pts_ast,24.5,24.16,24.16,0.466,0.466,,,,,,
2026-07-31 21:36,2026-08-01,Breanna Stewart,pts_reb,33.0,29.1,29.1,0.299,0.299,,,,,,
2026-07-31 21:36,2026-08-01,Alyssa Thomas,reb_ast,17.0,16.79,16.79,0.429,0.429,,,,,,
2026-07-31 21:36,2026-08-01,Kahleah Copper,reb_ast,7.0,5.38,5.38,0.229,0.229,,,,,,
2026-07-31 21:36,2026-08-01,Breanna Stewart,reb_ast,13.5,12.36,12.36,0.38,0.38,,,,,,
