event_id,offer_id,bp_player_id,player,normalized_player,bp_player_team,market,open_line,open_over,open_under,open_book,open_book_under,open_created_over,open_created_under,forecast_at,tip_at,pair_skew_seconds,date,season,season_type,event_home,event_away,open_booksum,open_coherent,rejection_reasons,p_open,game_id,athlete_id,team_id,opponent_team_id,home,matched,void,match_reason,actual,game_date,side,claimed_ev,decimal_odds,profit,settled_stake,is_push,is_void,is_unresolved
2147,21b2bc5b-dd0a-4152-a03c-bc0cbf39550b,112,Napheesa Collier,napheesacollier,MIN,assists,3.5,-118.0,-112.0,10,10,2025-05-13 13:58:15+00:00,2025-05-13 13:58:15+00:00,2025-05-13 13:58:15+00:00,2025-05-16 23:30:00+00:00,0.0,2025-05-16,2025,REG,DAL,MIN,1.0695862904621776,True,,0.5067212711754592,401736113,3917450,8,3,0,True,False,matched,4.0,2025-05-16,under,0.18732090437397803,1.8928571428571428,-1.0,1.0,False,False,False
2147,9171ed3f-72a4-4a84-a04d-66ac259620f7,63,Arike Ogunbowale,arikeogunbowale,DAL,points,21.5,-104.0,-125.0,10,10,2025-05-13 13:58:16+00:00,2025-05-13 13:58:16+00:00,2025-05-13 13:58:16+00:00,2025-05-16 23:30:00+00:00,0.0,2025-05-16,2025,REG,DAL,MIN,1.065359477124183,True,,0.4763687479911608,401736113,3904577,3,8,1,True,False,matched,16.0,2025-05-16,under,0.09058459700858179,1.8,0.8,1.0,False,False,False
2147,f3d455d1-75b2-4f9e-b17b-a77e4613bf0a,128,Bridget Carleton,bridgetcarleton,PDX,points,9.5,-115.0,-113.0,10,10,2025-05-13 13:58:16+00:00,2025-05-13 13:58:16+00:00,2025-05-13 13:58:16+00:00,2025-05-16 23:30:00+00:00,0.0,2025-05-16,2025,REG,DAL,MIN,1.0654001528551151,True,,0.5022557674006809,401736113,3906972,8,3,0,True,False,matched,3.0,2025-05-16,under,0.06096819595612951,1.8849557522123894,0.8849557522123894,1.0,False,False,False
2146,4b04f15f-0d91-40ed-bbb9-38ee89212cb2,15,Rhyne Howard,rhynehoward,ATL,points,17.5,-130.0,100.0,19,19,2025-05-14 15:10:14+00:00,2025-05-14 15:10:14+00:00,2025-05-14 15:10:14+00:00,2025-05-16 23:30:00+00:00,0.0,2025-05-16,2025,REG,WAS,ATL,1.065217391304348,True,,0.5336835053940976,401736112,4398674,20,16,0,True,False,matched,11.0,2025-05-16,under,0.20141520137879937,2.0,1.0,1.0,False,False,False
2149,a3bad779-7ba0-4462-854d-9b2ff794867e,132,Sabrina Ionescu,sabrinaionescu,NYL,points,18.5,-110.0,-120.0,19,19,2025-05-14 15:24:14+00:00,2025-05-14 15:24:14+00:00,2025-05-14 15:24:14+00:00,2025-05-17 17:00:00+00:00,0.0,2025-05-17,2025,REG,NYL,LVA,1.0692640692640691,True,,0.4887959885212434,401736116,4066533,9,17,1,True,False,matched,8.0,2025-05-17,under,0.2553539387249369,1.8333333333333335,0.8333333333333335,1.0,False,False,False
2149,29ade203-e4fa-4383-960c-6323cb70cecd,102,Jackie Young,jackieyoung,LVA,points,15.5,-105.0,-125.0,19,19,2025-05-14 15:24:14+00:00,2025-05-14 15:24:14+00:00,2025-05-14 15:24:14+00:00,2025-05-17 17:00:00+00:00,0.0,2025-05-17,2025,REG,NYL,LVA,1.067750677506775,True,,0.47757418034290006,401736116,4065870,17,9,0,True,False,matched,16.0,2025-05-17,under,0.24242583965586995,1.8,-1.0,1.0,False,False,False
2149,cf8b1cc4-7e08-44c9-bab4-a03b8b6a0766,103,A'ja Wilson,ajawilson,LVA,points,25.5,-110.0,-120.0,19,19,2025-05-14 15:24:14+00:00,2025-05-14 15:24:14+00:00,2025-05-14 15:24:14+00:00,2025-05-17 17:00:00+00:00,0.0,2025-05-17,2025,REG,NYL,LVA,1.0692640692640691,True,,0.4887959885212434,401736116,3149391,17,9,0,True,False,matched,31.0,2025-05-17,under,0.20325929290261396,1.8333333333333335,-1.0,1.0,False,False,False
2149,04845953-d4b7-4f38-bbf1-d6b623af118a,137,Breanna Stewart,breannastewart,NYL,points,20.5,-125.0,-105.0,19,19,2025-05-14 15:24:14+00:00,2025-05-14 15:24:14+00:00,2025-05-14 15:24:14+00:00,2025-05-17 17:00:00+00:00,0.0,2025-05-17,2025,REG,NYL,LVA,1.067750677506775,True,,0.5224258196571001,401736116,2998928,9,17,1,True,False,matched,25.0,2025-05-17,under,0.20199085074554735,1.9523809523809523,-1.0,1.0,False,False,False
2150,1bb82e5e-7644-4627-a182-695eeab26462,68,Caitlin Clark,caitlinclark,IND,points,21.5,-125.0,-105.0,19,19,2025-05-14 15:24:15+00:00,2025-05-14 15:24:15+00:00,2025-05-14 15:24:15+00:00,2025-05-17 19:00:00+00:00,0.0,2025-05-17,2025,REG,IND,CHI,1.067750677506775,True,,0.5224258196571001,401736115,4433403,5,19,1,True,False,matched,20.0,2025-05-17,under,0.200017075087272,1.9523809523809523,0.9523809523809523,1.0,False,False,False
2150,8a5fb64b-9386-4720-b847-548ce6d42af1,26,Angel Reese,angelreese,ATL,points,14.5,-120.0,-110.0,19,19,2025-05-14 15:24:15+00:00,2025-05-14 15:24:15+00:00,2025-05-14 15:24:15+00:00,2025-05-17 19:00:00+00:00,0.0,2025-05-17,2025,REG,IND,CHI,1.0692640692640691,True,,0.5112040114787568,401736115,4433402,19,5,0,True,False,matched,12.0,2025-05-17,under,0.10050556682852624,1.9090909090909092,0.9090909090909092,1.0,False,False,False
2150,a893c99d-9048-4261-9e27-5667bf2a92a7,30,Kamilla Cardoso,kamillacardoso,CHI,points,10.5,-128.0,-102.0,10,10,2025-05-14 16:50:40+00:00,2025-05-14 16:50:40+00:00,2025-05-14 16:50:40+00:00,2025-05-17 19:00:00+00:00,0.0,2025-05-17,2025,REG,IND,CHI,1.0663540038214347,True,,0.5291749480305961,401736115,4433405,19,5,0,True,False,matched,7.0,2025-05-17,under,0.1256205997837203,1.9803921568627452,0.9803921568627452,1.0,False,False,False
2150,72507eb0-dae4-42fe-96c6-5f9bec61cc3e,71,Aliyah Boston,aliyahboston,IND,rebounds,8.5,-102.0,-130.0,10,10,2025-05-14 16:54:18+00:00,2025-05-14 16:54:18+00:00,2025-05-14 16:54:18+00:00,2025-05-17 19:00:00+00:00,0.0,2025-05-17,2025,REG,IND,CHI,1.0701678863538528,True,,0.46878765056355093,401736115,4432831,5,19,1,True,False,matched,13.0,2025-05-17,over,0.09259412809093348,1.9803921568627452,0.9803921568627452,1.0,False,False,False
2146,50e69cc2-0509-4ab3-ad57-16cee75fcf27,1,Allisha Gray,allishagray,ATL,assists,2.5,-150.0,120.0,24,24,2025-05-14 17:10:28+00:00,2025-05-14 17:10:28+00:00,2025-05-14 17:10:28+00:00,2025-05-16 23:30:00+00:00,0.0,2025-05-16,2025,REG,WAS,ATL,1.0545454545454547,True,,0.5746986093321318,401736112,3058901,20,16,0,True,False,matched,7.0,2025-05-16,under,0.11127611889834976,2.2,-1.0,1.0,False,False,False
2146,ef9fc660-24ca-4a80-a801-fd7a4b01ec30,149,Sug Sutton,sugsutton,DAL,assists,4.5,-115.0,-115.0,24,24,2025-05-14 17:32:34+00:00,2025-05-14 17:32:34+00:00,2025-05-14 17:32:34+00:00,2025-05-16 23:30:00+00:00,0.0,2025-05-16,2025,REG,WAS,ATL,1.0697674418604652,True,,0.5,401736112,4068159,16,20,1,True,False,matched,2.0,2025-05-16,under,0.7567723373357509,1.8695652173913042,0.8695652173913042,1.0,False,False,False
2146,e6a6b4ff-a015-4d24-9e43-e39a95377bbe,170,Jade Melbourne,jademelbourne,SEA,assists,2.5,-150.0,120.0,24,24,2025-05-14 17:32:34+00:00,2025-05-14 17:32:34+00:00,2025-05-14 17:32:34+00:00,2025-05-16 23:30:00+00:00,0.0,2025-05-16,2025,REG,WAS,ATL,1.0545454545454547,True,,0.5746986093321318,401736112,5017726,16,20,1,True,False,matched,1.0,2025-05-16,under,0.662885156969057,2.2,1.2000000000000002,1.0,False,False,False
2146,47a70e40-b05d-4ec8-b4af-597bcb67d368,191,Emily Engstler,emilyengstler,PDX,assists,2.5,-150.0,120.0,24,24,2025-05-14 17:32:34+00:00,2025-05-14 17:32:34+00:00,2025-05-14 17:32:34+00:00,2025-05-16 23:30:00+00:00,0.0,2025-05-16,2025,REG,WAS,ATL,1.0545454545454547,True,,0.5746986093321318,401736112,4398729,16,20,1,True,False,matched,1.0,2025-05-16,under,0.47229871232947673,2.2,1.2000000000000002,1.0,False,False,False
2146,9545fbbc-7580-4f2a-855c-771d99b1de7c,182,Brittney Sykes,brittneysykes,TOR,assists,3.5,-135.0,105.0,24,24,2025-05-14 17:32:34+00:00,2025-05-14 17:32:34+00:00,2025-05-14 17:32:34+00:00,2025-05-16 23:30:00+00:00,0.0,2025-05-16,2025,REG,WAS,ATL,1.0622729631551635,True,,0.5446886059829622,401736112,2988756,16,20,1,True,False,matched,5.0,2025-05-16,under,0.3661171520590083,2.05,-1.0,1.0,False,False,False
2146,9a605e8b-7fd6-4c0e-b4f4-208a75a1a48b,189,Stefanie Dolson,stefaniedolson,SEA,assists,2.5,-115.0,-115.0,24,24,2025-05-14 17:32:34+00:00,2025-05-14 17:32:34+00:00,2025-05-14 17:32:34+00:00,2025-05-16 23:30:00+00:00,0.0,2025-05-16,2025,REG,WAS,ATL,1.0697674418604652,True,,0.5,401736112,2529183,16,20,1,True,False,matched,3.0,2025-05-16,under,0.167856738886426,1.8695652173913042,-1.0,1.0,False,False,False
2149,8f680478-f593-4ae4-b9a0-9afd801e9708,107,Chelsea Gray,chelseagray,LVA,points,9.5,-122.0,-106.0,10,10,2025-05-14 17:38:16+00:00,2025-05-14 17:38:16+00:00,2025-05-14 17:38:16+00:00,2025-05-17 17:00:00+00:00,0.0,2025-05-17,2025,REG,NYL,LVA,1.064112656345666,True,,0.518058368553134,401736116,2529122,17,9,0,True,False,matched,12.0,2025-05-17,under,0.08706922684513085,1.9433962264150944,-1.0,1.0,False,False,False
2149,c211fc04-c37e-433f-bff6-39ecffe70f6f,141,Jonquel Jones,jonqueljones,NYL,rebounds,8.5,-130.0,-102.0,10,10,2025-05-14 17:45:36+00:00,2025-05-14 17:45:36+00:00,2025-05-14 17:45:36+00:00,2025-05-17 17:00:00+00:00,0.0,2025-05-17,2025,REG,NYL,LVA,1.0701678863538528,True,,0.5312123494364493,401736116,2999101,9,17,1,True,False,matched,10.0,2025-05-17,under,0.13825420267410365,1.9803921568627452,-1.0,1.0,False,False,False
2147,72424617-d997-4730-95b7-067dc2554f53,116,Jessica Shepard,jessicashepard,DAL,rebounds,7.5,120.0,-160.0,10,10,2025-05-16 01:01:08+00:00,2025-05-16 01:01:08+00:00,2025-05-16 01:01:08+00:00,2025-05-16 23:30:00+00:00,0.0,2025-05-16,2025,REG,DAL,MIN,1.06993006993007,True,,0.41669493857595097,401736113,3906949,8,3,0,True,False,matched,8.0,2025-05-16,under,0.2090246843350967,1.625,-1.0,1.0,False,False,False
2147,7aa944a2-690d-4257-94dc-179e7c880e0b,115,Natisha Hiedeman,natishahiedeman,SEA,points,5.5,-104.0,-125.0,10,10,2025-05-16 01:13:23+00:00,2025-05-16 01:13:23+00:00,2025-05-16 01:13:23+00:00,2025-05-16 23:30:00+00:00,0.0,2025-05-16,2025,REG,DAL,MIN,1.065359477124183,True,,0.4763687479911608,401736113,3906753,8,3,0,True,False,matched,4.0,2025-05-16,under,0.05493510087879405,1.8,0.8,1.0,False,False,False
2149,cbd86a0d-e593-40af-9cc2-fa84b1875e69,147,Leonie Fiebich,leoniefiebich,NYL,threes,1.5,-186.0,138.0,10,10,2025-05-16 04:40:52+00:00,2025-05-16 04:40:52+00:00,2025-05-16 04:40:52+00:00,2025-05-17 17:00:00+00:00,0.0,2025-05-17,2025,REG,NYL,LVA,1.070517717576541,True,,0.6192913524286012,401736116,4683006,9,17,1,True,False,matched,0.0,2025-05-17,under,0.12733371341963784,2.38,1.38,1.0,False,False,False
2150,e9db1e06-7ed2-4a36-aef8-fefb7074b591,70,Kelsey Mitchell,kelseymitchell,IND,rebounds,2.5,-130.0,100.0,33,33,2025-05-17 07:25:30+00:00,2025-05-17 07:25:30+00:00,2025-05-17 07:25:30+00:00,2025-05-17 19:00:00+00:00,0.0,2025-05-17,2025,REG,IND,CHI,1.065217391304348,True,,0.5336835053940976,401736115,3142191,5,19,1,True,False,matched,1.0,2025-05-17,under,0.16113590632559172,2.0,1.0,1.0,False,False,False
2149,2422abd8-34dc-4f17-9132-477f0f1285b7,108,Kiah Stokes,kiahstokes,GSV,rebounds,6.5,-120.0,-120.0,49,49,2025-05-17 14:15:55+00:00,2025-05-17 14:15:55+00:00,2025-05-17 14:15:55+00:00,2025-05-17 17:00:00+00:00,0.0,2025-05-17,2025,REG,NYL,LVA,1.0909090909090908,True,,0.5,401736116,2590093,17,9,0,True,False,matched,7.0,2025-05-17,under,0.5551003263196793,1.8333333333333335,-1.0,1.0,False,False,False
2152,91059397-d777-40e5-8f9f-546459796a7e,182,Brittney Sykes,brittneysykes,TOR,assists,3.5,-154.0,116.0,10,10,2025-05-17 23:23:58+00:00,2025-05-17 23:23:58+00:00,2025-05-17 23:23:58+00:00,2025-05-18 17:00:00+00:00,0.0,2025-05-18,2025,REG,CON,WAS,1.0692621755613883,True,,0.574207987656796,401736118,2988756,16,18,0,True,False,matched,7.0,2025-05-18,under,0.4972522085338051,2.16,-1.0,1.0,False,False,False
2152,c2b023b5-ed1c-4f4b-91a6-f8902a179796,196,Shakira Austin,shakiraaustin,WAS,points,12.5,-114.0,-114.0,10,10,2025-05-17 23:23:58+00:00,2025-05-17 23:23:58+00:00,2025-05-17 23:23:58+00:00,2025-05-18 17:00:00+00:00,0.0,2025-05-18,2025,REG,CON,WAS,1.0654205607476634,True,,0.5000000000000001,401736118,4398911,16,18,0,True,False,matched,4.0,2025-05-18,under,0.37545496305854736,1.8771929824561404,0.8771929824561404,1.0,False,False,False
2152,818e3aaa-ec61-43ad-ae76-892fe20258e1,22,Marina Mabrey,marinamabrey,TOR,assists,3.5,-114.0,-114.0,10,10,2025-05-17 23:23:58+00:00,2025-05-17 23:23:58+00:00,2025-05-17 23:23:58+00:00,2025-05-18 17:00:00+00:00,0.0,2025-05-18,2025,REG,CON,WAS,1.0654205607476634,True,,0.5000000000000001,401736118,3904576,18,16,1,True,False,matched,3.0,2025-05-18,under,0.17018514038258947,1.8771929824561404,0.8771929824561404,1.0,False,False,False
2153,f7d02bad-7d71-4a80-8a40-8c3435a8d7a8,89,Dearica Hamby,dearicahamby,LAS,rebounds,8.5,-138.0,104.0,10,10,2025-05-17 23:58:58+00:00,2025-05-17 23:58:58+00:00,2025-05-17 23:58:58+00:00,2025-05-18 22:00:00+00:00,0.0,2025-05-18,2025,REG,LAS,MIN,1.0700280112044818,True,,0.5464208361470752,401736119,2566106,6,8,1,True,False,matched,10.0,2025-05-18,under,0.26355826975581004,2.04,-1.0,1.0,False,False,False
2153,fa1f7d14-9380-41c2-9e8e-8b2e9d8be05e,117,Courtney Williams,courtneywilliams,MIN,points,14.5,-114.0,-114.0,10,10,2025-05-17 23:58:58+00:00,2025-05-17 23:58:58+00:00,2025-05-17 23:58:58+00:00,2025-05-18 22:00:00+00:00,0.0,2025-05-18,2025,REG,LAS,MIN,1.0654205607476634,True,,0.5000000000000001,401736119,2987891,8,6,0,True,False,matched,13.0,2025-05-18,under,0.14760402425186625,1.8771929824561404,0.8771929824561404,1.0,False,False,False
2153,d2070b10-a2ff-43e0-be36-d8ec48866289,82,Azura Stevens,azurastevens,CHI,rebounds,6.5,-146.0,110.0,10,10,2025-05-17 23:58:58+00:00,2025-05-17 23:58:58+00:00,2025-05-17 23:58:58+00:00,2025-05-18 22:00:00+00:00,0.0,2025-05-18,2025,REG,LAS,MIN,1.0696864111498257,True,,0.5607420039050215,401736119,3142010,6,8,1,True,False,matched,6.0,2025-05-18,under,0.1360227495868082,2.1,1.1,1.0,False,False,False
2153,3b39c616-a321-4160-af2f-e4c43c294b24,293,Odyssey Sims,odysseysims,DAL,points,7.5,102.0,-132.0,10,10,2025-05-17 23:58:58+00:00,2025-05-17 23:58:58+00:00,2025-05-17 23:58:58+00:00,2025-05-18 22:00:00+00:00,0.0,2025-05-18,2025,REG,LAS,MIN,1.0640150221918745,True,,0.4618487426836327,401736119,2529047,6,8,1,True,False,matched,2.0,2025-05-18,over,0.0749873750956947,2.02,-1.0,1.0,False,False,False
2153,b959e149-3cef-43a7-b1c3-3c814f5a42c3,128,Bridget Carleton,bridgetcarleton,PDX,points,10.5,-104.0,-125.0,10,10,2025-05-17 23:58:59+00:00,2025-05-17 23:58:59+00:00,2025-05-17 23:58:59+00:00,2025-05-18 22:00:00+00:00,0.0,2025-05-18,2025,REG,LAS,MIN,1.065359477124183,True,,0.4763687479911608,401736119,3906972,8,6,0,True,False,matched,8.0,2025-05-18,under,0.25842871665218703,1.8,0.8,1.0,False,False,False
2153,cb0d78cb-6b4b-496c-9c7c-74f6131d1fac,112,Napheesa Collier,napheesacollier,MIN,assists,3.5,-118.0,-112.0,10,10,2025-05-17 23:58:59+00:00,2025-05-17 23:58:59+00:00,2025-05-17 23:58:59+00:00,2025-05-18 22:00:00+00:00,0.0,2025-05-18,2025,REG,LAS,MIN,1.0695862904621776,True,,0.5067212711754592,401736119,3917450,8,6,0,True,False,matched,1.0,2025-05-18,under,0.16895642326052307,1.8928571428571428,0.8928571428571428,1.0,False,False,False
2154,24db028b-e1f3-46bb-b633-bac7dc5ba7f6,193,Myisha Hines-Allen,myishahinesallen,IND,rebounds,5.5,-144.0,108.0,10,10,2025-05-18 20:58:17+00:00,2025-05-18 20:58:17+00:00,2025-05-18 20:58:17+00:00,2025-05-20 00:00:00+00:00,0.0,2025-05-19,2025,REG,DAL,SEA,1.0709331651954601,True,,0.5566845205396996,401736120,3142055,3,14,1,True,False,matched,9.0,2025-05-19,under,0.5823674952744199,2.08,-1.0,1.0,False,False,False
2154,684d50df-4628-4f52-8e32-5491448a1e03,61,Maddy Siegrist,maddysiegrist,DAL,points,9.5,-128.0,-102.0,10,10,2025-05-18 20:58:17+00:00,2025-05-18 20:58:17+00:00,2025-05-18 20:58:17+00:00,2025-05-20 00:00:00+00:00,0.0,2025-05-19,2025,REG,DAL,SEA,1.0663540038214347,True,,0.5291749480305961,401736120,4399415,3,14,1,True,False,matched,12.0,2025-05-19,under,0.37732583003380205,1.9803921568627452,-1.0,1.0,False,False,False
2154,12782443-537f-42d9-8fc3-3ccf24433ae4,73,NaLyssa Smith,nalyssasmith,LVA,points,9.5,106.0,-138.0,10,10,2025-05-18 20:58:17+00:00,2025-05-18 20:58:17+00:00,2025-05-18 20:58:17+00:00,2025-05-20 00:00:00+00:00,0.0,2025-05-19,2025,REG,DAL,SEA,1.0652688259769927,True,,0.4512435291926419,401736120,4398776,3,14,1,True,False,matched,12.0,2025-05-19,under,0.2120306356079329,1.7246376811594204,-1.0,1.0,False,False,False
2154,ab0830d7-a875-41ee-a55e-5f8e33f841c9,176,Ezi Magbegor,ezimagbegor,SEA,rebounds,8.5,116.0,-154.0,10,10,2025-05-18 20:58:17+00:00,2025-05-18 20:58:17+00:00,2025-05-18 20:58:17+00:00,2025-05-20 00:00:00+00:00,0.0,2025-05-19,2025,REG,DAL,SEA,1.0692621755613883,True,,0.425792012343204,401736120,4420318,14,3,0,True,False,matched,8.0,2025-05-19,under,0.20289686053358152,1.6493506493506493,0.6493506493506493,1.0,False,False,False
2154,7ac0a83b-eb46-4e42-8796-7ea7e2d4605e,180,Nneka Ogwumike,nnekaogwumike,LAS,points,17.5,-120.0,-108.0,10,10,2025-05-18 20:58:17+00:00,2025-05-18 20:58:17+00:00,2025-05-18 20:58:17+00:00,2025-05-20 00:00:00+00:00,0.0,2025-05-19,2025,REG,DAL,SEA,1.0646853146853146,True,,0.5135396953663074,401736120,1068,14,3,0,True,False,matched,23.0,2025-05-19,under,0.14433759981314231,1.925925925925926,-1.0,1.0,False,False,False
2154,d20214a3-a550-474e-ab25-f7a6b9eabdbb,48,DiJonai Carrington,dijonaicarrington,CHI,rebounds,4.5,-106.0,-125.0,10,10,2025-05-18 20:58:17+00:00,2025-05-18 20:58:17+00:00,2025-05-18 20:58:17+00:00,2025-05-20 00:00:00+00:00,0.0,2025-05-19,2025,REG,DAL,SEA,1.070118662351672,True,,0.4787708928615623,401736120,4066548,3,14,1,True,False,matched,4.0,2025-05-19,over,0.11319209229681043,1.9433962264150944,-1.0,1.0,False,False,False
2154,45f5873a-47f1-4079-bdae-2db48f9e5142,63,Arike Ogunbowale,arikeogunbowale,DAL,assists,4.5,118.0,-158.0,10,10,2025-05-18 20:58:17+00:00,2025-05-18 20:58:17+00:00,2025-05-18 20:58:17+00:00,2025-05-20 00:00:00+00:00,0.0,2025-05-19,2025,REG,DAL,SEA,1.0711186971054691,True,,0.42034729080094674,401736120,3904577,3,14,1,True,False,matched,0.0,2025-05-19,over,0.10943831552548555,2.1799999999999997,-1.0,1.0,False,False,False
2154,1415f29b-f955-4edc-a0a0-38dda5a86f06,208,Gabby Williams,gabbywilliams,GSV,assists,4.5,134.0,-180.0,10,10,2025-05-18 20:58:17+00:00,2025-05-18 20:58:17+00:00,2025-05-18 20:58:17+00:00,2025-05-20 00:00:00+00:00,0.0,2025-05-19,2025,REG,DAL,SEA,1.0702075702075702,True,,0.38834080463047865,401736120,3142328,14,3,0,True,False,matched,5.0,2025-05-19,under,0.08356304617606897,1.5555555555555556,-1.0,1.0,False,False,False
2155,d84f0e36-2c01-4017-bea9-20eae3cbe368,68,Caitlin Clark,caitlinclark,IND,points,20.5,-128.0,-102.0,10,10,2025-05-19 13:51:12+00:00,2025-05-19 13:51:12+00:00,2025-05-19 13:51:12+00:00,2025-05-20 23:00:00+00:00,0.0,2025-05-20,2025,REG,IND,ATL,1.0663540038214347,True,,0.5291749480305961,401736122,4433403,5,20,1,True,False,matched,27.0,2025-05-20,under,0.17608446521481985,1.9803921568627452,-1.0,1.0,False,False,False
2155,a6536902-0123-4dbb-bee7-d6f92facc5bc,45,DeWanna Bonner,dewannabonner,PHO,rebounds,4.5,134.0,-180.0,10,10,2025-05-19 15:17:23+00:00,2025-05-19 15:17:23+00:00,2025-05-19 15:17:23+00:00,2025-05-20 23:00:00+00:00,0.0,2025-05-20,2025,REG,IND,ATL,1.0702075702075702,True,,0.38834080463047865,401736122,869,5,20,1,True,False,matched,3.0,2025-05-20,over,0.5452194670159993,2.34,-1.0,1.0,False,False,False
2155,5dea443a-90de-4111-8667-12f9f2830fd6,71,Aliyah Boston,aliyahboston,IND,threes,1.5,178.0,-245.0,10,10,2025-05-19 15:17:23+00:00,2025-05-19 15:17:23+00:00,2025-05-19 15:17:23+00:00,2025-05-20 23:00:00+00:00,0.0,2025-05-20,2025,REG,IND,ATL,1.0698571577520593,True,,0.3183263503331576,401736122,4432831,5,20,1,True,False,matched,0.0,2025-05-20,under,0.385687952152969,1.4081632653061225,0.40816326530612246,1.0,False,False,False
2155,2c399d1d-fe05-48ba-8f95-7c77e69df134,56,Natasha Howard,natashahoward,MIN,threes,1.5,178.0,-245.0,10,10,2025-05-19 15:17:23+00:00,2025-05-19 15:17:23+00:00,2025-05-19 15:17:23+00:00,2025-05-20 23:00:00+00:00,0.0,2025-05-20,2025,REG,IND,ATL,1.0698571577520593,True,,0.3183263503331576,401736122,2529130,5,20,1,True,False,matched,0.0,2025-05-20,under,0.3442141931667863,1.4081632653061225,0.40816326530612246,1.0,False,False,False
2155,bf3c07df-938d-45ed-b244-7c9989dae052,1,Allisha Gray,allishagray,ATL,assists,3.5,-172.0,128.0,10,10,2025-05-19 15:27:47+00:00,2025-05-19 15:27:47+00:00,2025-05-19 15:27:47+00:00,2025-05-20 23:00:00+00:00,0.0,2025-05-20,2025,REG,IND,ATL,1.0709494324045408,True,,0.6004234693007796,401736122,3058901,20,5,0,True,False,matched,6.0,2025-05-20,under,0.385981661578739,2.2800000000000002,-1.0,1.0,False,False,False
2155,f7dca399-56da-427c-9164-7f0f1b901df9,49,Brionna Jones,brionnajones,ATL,rebounds,6.5,-114.0,-114.0,10,10,2025-05-19 15:27:47+00:00,2025-05-19 15:27:47+00:00,2025-05-19 15:27:47+00:00,2025-05-20 23:00:00+00:00,0.0,2025-05-20,2025,REG,IND,ATL,1.0654205607476634,True,,0.5000000000000001,401736122,3058895,20,5,0,True,False,matched,13.0,2025-05-20,under,0.2876985821908317,1.8771929824561404,-1.0,1.0,False,False,False
2155,87e0d1bf-25e0-4f96-a1cd-054ea95c0e3c,148,Brittney Griner,brittneygriner,CON,rebounds,7.5,-104.0,-128.0,10,10,2025-05-19 15:27:47+00:00,2025-05-19 15:27:47+00:00,2025-05-19 15:27:47+00:00,2025-05-20 23:00:00+00:00,0.0,2025-05-20,2025,REG,IND,ATL,1.0712074303405572,True,,0.4732611100971195,401736122,2490553,20,5,0,True,False,matched,8.0,2025-05-20,under,0.1904777821584328,1.78125,-1.0,1.0,False,False,False
2155,aab4d992-9219-43c0-b360-d1ed1276714e,15,Rhyne Howard,rhynehoward,ATL,threes,3.5,110.0,-146.0,10,10,2025-05-19 15:27:47+00:00,2025-05-19 15:27:47+00:00,2025-05-19 15:27:47+00:00,2025-05-20 23:00:00+00:00,0.0,2025-05-20,2025,REG,IND,ATL,1.0696864111498257,True,,0.4392579960949788,401736122,4398674,20,5,0,True,False,matched,4.0,2025-05-20,under,0.1872819535150333,1.6849315068493151,-1.0,1.0,False,False,False
2156,c9ade5cb-fee2-4a17-ae92-2fe352069957,107,Chelsea Gray,chelseagray,LVA,threes,1.5,-118.0,-112.0,10,10,2025-05-19 18:41:44+00:00,2025-05-19 18:41:44+00:00,2025-05-19 18:41:44+00:00,2025-05-20 23:00:00+00:00,0.0,2025-05-20,2025,REG,CON,LVA,1.0695862904621776,True,,0.5067212711754592,401736121,2529122,17,18,0,True,False,matched,0.0,2025-05-20,under,0.11785196901483791,1.8928571428571428,0.8928571428571428,1.0,False,False,False
2156,93db4d35-3728-48c4-93f6-3936189fd7bd,102,Jackie Young,jackieyoung,LVA,points,15.5,-128.0,-102.0,10,10,2025-05-19 18:41:45+00:00,2025-05-19 18:41:45+00:00,2025-05-19 18:41:45+00:00,2025-05-20 23:00:00+00:00,0.0,2025-05-20,2025,REG,CON,LVA,1.0663540038214347,True,,0.5291749480305961,401736121,4065870,17,18,0,True,False,matched,16.0,2025-05-20,under,0.33693349422364216,1.9803921568627452,-1.0,1.0,False,False,False
2156,ed4ac1a5-d663-4d54-a896-843ad9fe9404,103,A'ja Wilson,ajawilson,LVA,points,26.5,-113.0,-115.0,10,10,2025-05-19 18:41:45+00:00,2025-05-19 18:41:45+00:00,2025-05-19 18:41:45+00:00,2025-05-20 23:00:00+00:00,0.0,2025-05-20,2025,REG,CON,LVA,1.0654001528551151,True,,0.49774423259931944,401736121,3149391,17,18,0,True,False,matched,22.0,2025-05-20,under,0.22598616528773008,1.8695652173913042,0.8695652173913042,1.0,False,False,False
2156,d731aa90-eccd-4116-8ab4-4be6eb392a1a,166,Jewell Loyd,jewellloyd,LVA,points,15.5,-114.0,-115.0,10,10,2025-05-19 18:45:15+00:00,2025-05-19 18:45:15+00:00,2025-05-19 18:45:15+00:00,2025-05-20 23:00:00+00:00,0.0,2025-05-20,2025,REG,CON,LVA,1.0675940013040643,True,,0.49887602265758907,401736121,2987869,17,18,0,True,False,matched,20.0,2025-05-20,under,0.14720046391672176,1.8695652173913042,-1.0,1.0,False,False,False
2156,f4c13156-a322-4c4f-be54-a23b62177e25,22,Marina Mabrey,marinamabrey,TOR,points,16.5,-108.0,-120.0,10,10,2025-05-19 19:09:36+00:00,2025-05-19 19:09:36+00:00,2025-05-19 19:09:36+00:00,2025-05-20 23:00:00+00:00,0.0,2025-05-20,2025,REG,CON,LVA,1.0646853146853146,True,,0.48646030463369283,401736121,3904576,18,17,1,True,False,matched,7.0,2025-05-20,under,0.24441782386170952,1.8333333333333335,0.8333333333333335,1.0,False,False,False
2156,13c2b6a6-61bc-447e-a3b9-ba81dc15022a,9,Tina Charles,tinacharles,FA,points,17.5,-114.0,-114.0,10,10,2025-05-19 19:09:36+00:00,2025-05-19 19:09:36+00:00,2025-05-19 19:09:36+00:00,2025-05-20 23:00:00+00:00,0.0,2025-05-20,2025,REG,CON,LVA,1.0654205607476634,True,,0.5000000000000001,401736121,918,18,17,1,True,False,matched,20.0,2025-05-20,under,0.21018672551281825,1.8771929824561404,-1.0,1.0,False,False,False
2156,01aa0593-21ac-4eff-85b5-be6ef332ea10,43,Olivia Nelson-Ododa,olivianelsonododa,CON,points,10.5,100.0,-130.0,19,19,2025-05-20 19:31:46+00:00,2025-05-20 19:31:46+00:00,2025-05-20 19:31:46+00:00,2025-05-20 23:00:00+00:00,0.0,2025-05-20,2025,REG,CON,LVA,1.065217391304348,True,,0.4663164946059025,401736121,4398966,18,17,1,True,False,matched,8.0,2025-05-20,under,0.6716336664406288,1.7692307692307692,0.7692307692307692,1.0,False,False,False
2157,903bc1a9-8eb0-45f0-a0f5-362dd6b540f9,63,Arike Ogunbowale,arikeogunbowale,DAL,threes,1.5,-144.0,108.0,10,10,2025-05-20 20:21:50+00:00,2025-05-20 20:21:50+00:00,2025-05-20 20:21:50+00:00,2025-05-22 00:00:00+00:00,0.0,2025-05-21,2025,REG,MIN,DAL,1.0709331651954601,True,,0.5566845205396996,401736123,3904577,3,8,0,True,False,matched,5.0,2025-05-21,over,0.0864373317494469,1.6944444444444444,0.6944444444444444,1.0,False,False,False
2157,43be0cc9-fb76-4adb-ac3e-a61c9d659589,73,NaLyssa Smith,nalyssasmith,LVA,rebounds,4.5,108.0,-144.0,10,10,2025-05-20 20:21:51+00:00,2025-05-20 20:21:51+00:00,2025-05-20 20:21:51+00:00,2025-05-22 00:00:00+00:00,0.0,2025-05-21,2025,REG,MIN,DAL,1.0709331651954601,True,,0.4433154794603006,401736123,4398776,3,8,0,True,False,matched,7.0,2025-05-21,over,0.13271549555286055,2.08,1.08,1.0,False,False,False
2157,8d178945-9a7f-4245-9e0f-0232411395f0,121,Alanna Smith,alannasmith,DAL,points,11.5,-113.0,-115.0,10,10,2025-05-20 20:57:44+00:00,2025-05-20 20:57:44+00:00,2025-05-20 20:57:44+00:00,2025-05-22 00:00:00+00:00,0.0,2025-05-21,2025,REG,MIN,DAL,1.0654001528551151,True,,0.49774423259931944,401736123,3913881,8,3,1,True,False,matched,13.0,2025-05-21,under,0.19088020447402876,1.8695652173913042,-1.0,1.0,False,False,False
2157,42b40a0e-27a0-44d7-93aa-b54905de8ea8,128,Bridget Carleton,bridgetcarleton,PDX,threes,1.5,-178.0,132.0,10,10,2025-05-20 20:57:44+00:00,2025-05-20 20:57:44+00:00,2025-05-20 20:57:44+00:00,2025-05-22 00:00:00+00:00,0.0,2025-05-21,2025,REG,MIN,DAL,1.0713222525427932,True,,0.6084851511650193,401736123,3906972,8,3,1,True,False,matched,1.0,2025-05-21,under,0.13908794961237192,2.3200000000000003,1.3200000000000003,1.0,False,False,False
2157,6f9c6ce6-4e2c-4035-830b-d63e188a461b,112,Napheesa Collier,napheesacollier,MIN,threes,1.5,116.0,-154.0,10,10,2025-05-20 20:57:44+00:00,2025-05-20 20:57:44+00:00,2025-05-20 20:57:44+00:00,2025-05-22 00:00:00+00:00,0.0,2025-05-21,2025,REG,MIN,DAL,1.0692621755613883,True,,0.425792012343204,401736123,3917450,8,3,1,True,False,matched,0.0,2025-05-21,under,0.1158161705981901,1.6493506493506493,0.6493506493506493,1.0,False,False,False
2157,e5883cff-7a2f-4b86-a22a-93026980c2c6,117,Courtney Williams,courtneywilliams,MIN,threes,1.5,128.0,-172.0,10,10,2025-05-20 20:57:44+00:00,2025-05-20 20:57:44+00:00,2025-05-20 20:57:44+00:00,2025-05-22 00:00:00+00:00,0.0,2025-05-21,2025,REG,MIN,DAL,1.0709494324045408,True,,0.39957653069922067,401736123,2987891,8,3,1,True,False,matched,1.0,2025-05-21,under,0.0706282435302914,1.5813953488372094,0.5813953488372094,1.0,False,False,False
2157,7af0f039-2409-49e2-b080-5e7b68bbe7ae,193,Myisha Hines-Allen,myishahinesallen,IND,points,7.5,-115.0,-115.0,19,19,2025-05-21 01:05:08+00:00,2025-05-21 01:05:08+00:00,2025-05-21 01:05:08+00:00,2025-05-22 00:00:00+00:00,0.0,2025-05-21,2025,REG,MIN,DAL,1.0697674418604652,True,,0.5,401736123,3142055,3,8,0,True,False,matched,11.0,2025-05-21,under,0.3802383428907308,1.8695652173913042,-1.0,1.0,False,False,False
2157,838bc5f2-2c2e-4f5a-93ae-8d231d6dc7c5,48,DiJonai Carrington,dijonaicarrington,CHI,rebounds,4.5,100.0,-130.0,19,19,2025-05-21 01:05:09+00:00,2025-05-21 01:05:09+00:00,2025-05-21 01:05:09+00:00,2025-05-22 00:00:00+00:00,0.0,2025-05-21,2025,REG,MIN,DAL,1.065217391304348,True,,0.4663164946059025,401736123,4066548,3,8,0,True,False,matched,2.0,2025-05-21,over,0.05814049121583137,2.0,-1.0,1.0,False,False,False
2160,e9373de0-28fa-4b3a-9ef4-bc3e077ea9f8,68,Caitlin Clark,caitlinclark,IND,threes,3.5,-162.0,122.0,10,10,2025-05-21 06:14:29+00:00,2025-05-21 06:14:29+00:00,2025-05-21 06:14:29+00:00,2025-05-22 23:30:00+00:00,0.0,2025-05-22,2025,REG,ATL,IND,1.0687710611374732,True,,0.5868918088955871,401736126,4433403,5,20,0,True,False,matched,0.0,2025-05-22,under,0.39440225777580035,2.2199999999999998,1.2199999999999998,1.0,False,False,False
2158,8a2365c2-298f-4a87-a9e6-84a6e25f4306,72,Temi Fagbenle,temifagbenle,TOR,threes,1.5,-155.0,110.0,49,49,2025-05-21 13:19:24+00:00,2025-05-21 13:19:24+00:00,2025-05-21 13:19:24+00:00,2025-05-22 02:00:00+00:00,0.0,2025-05-21,2025,REG,GSV,WAS,1.0840336134453783,True,,0.5687378937585825,401736124,2569044,129689,16,1,True,False,matched,0.0,2025-05-21,under,0.988580913435706,2.1,1.1,1.0,False,False,False
2158,813cb952-3d0b-4471-aa28-b7c8665ea0a0,184,Julie Vanloo,julievanloo,FA,points,8.5,-115.0,-115.0,49,49,2025-05-21 13:19:24+00:00,2025-05-21 13:19:24+00:00,2025-05-21 13:19:24+00:00,2025-05-22 02:00:00+00:00,0.0,2025-05-21,2025,REG,GSV,WAS,1.0697674418604652,True,,0.5,401736124,2566110,129689,16,1,True,False,matched,0.0,2025-05-21,under,0.2948037118337005,1.8695652173913042,0.8695652173913042,1.0,False,False,False
2158,1cf6c306-4e4f-452c-9228-d7a1e33d3665,170,Jade Melbourne,jademelbourne,SEA,threes,1.5,140.0,-200.0,49,49,2025-05-21 13:19:24+00:00,2025-05-21 13:19:24+00:00,2025-05-21 13:19:24+00:00,2025-05-22 02:00:00+00:00,0.0,2025-05-21,2025,REG,GSV,WAS,1.0833333333333333,True,,0.3694516640081069,401736124,5017726,16,129689,0,True,False,matched,1.0,2025-05-21,under,0.14721647127058865,1.5,0.5,1.0,False,False,False
2158,c4932e44-c1fc-4feb-8037-e831052ce951,139,Kayla Thornton,kaylathornton,GSV,points,10.5,-110.0,-118.0,10,10,2025-05-21 14:56:13+00:00,2025-05-21 14:56:13+00:00,2025-05-21 14:56:13+00:00,2025-05-22 02:00:00+00:00,0.0,2025-05-21,2025,REG,GSV,WAS,1.0650939274792486,True,,0.4909754767731684,401736124,2529622,129689,16,1,True,False,matched,18.0,2025-05-21,under,0.8046073090081374,1.847457627118644,-1.0,1.0,False,False,False
2158,4eacfae0-7104-4567-b720-6a7a24f90c6e,221,Tiffany Hayes,tiffanyhayes,GSV,points,15.5,-130.0,100.0,10,10,2025-05-21 14:56:13+00:00,2025-05-21 14:56:13+00:00,2025-05-21 14:56:13+00:00,2025-05-22 02:00:00+00:00,0.0,2025-05-21,2025,REG,GSV,WAS,1.065217391304348,True,,0.5336835053940976,401736124,1054,129689,16,1,True,False,matched,2.0,2025-05-21,under,0.4971635904223239,2.0,1.0,1.0,False,False,False
2158,98b4db34-3248-4d01-ab29-25509c70fdf9,182,Brittney Sykes,brittneysykes,TOR,points,20.5,-102.0,-128.0,10,10,2025-05-21 14:56:13+00:00,2025-05-21 14:56:13+00:00,2025-05-21 14:56:13+00:00,2025-05-22 02:00:00+00:00,0.0,2025-05-21,2025,REG,GSV,WAS,1.0663540038214347,True,,0.47082505196940394,401736124,2988756,16,129689,0,True,False,matched,30.0,2025-05-21,under,0.33138795106695657,1.78125,-1.0,1.0,False,False,False
2158,a473ba19-3b2b-4bfe-b990-96e20596ddd0,83,Monique Billings,moniquebillings,IND,rebounds,7.5,-120.0,-120.0,49,49,2025-05-21 16:29:47+00:00,2025-05-21 16:29:47+00:00,2025-05-21 16:29:47+00:00,2025-05-22 02:00:00+00:00,0.0,2025-05-21,2025,REG,GSV,WAS,1.0909090909090908,True,,0.5,401736124,3142255,129689,16,1,True,False,matched,3.0,2025-05-21,under,0.5765247508180563,1.8333333333333335,0.8333333333333335,1.0,False,False,False
2158,92aea57f-0390-4b23-bc2d-0a52788c387e,149,Sug Sutton,sugsutton,DAL,points,7.5,-115.0,-115.0,49,49,2025-05-21 18:35:07+00:00,2025-05-21 18:35:07+00:00,2025-05-21 18:35:07+00:00,2025-05-22 02:00:00+00:00,0.0,2025-05-21,2025,REG,GSV,WAS,1.0697674418604652,True,,0.5,401736124,4068159,16,129689,0,True,False,matched,0.0,2025-05-21,under,0.6809387544128519,1.8695652173913042,0.8695652173913042,1.0,False,False,False
2157,51664502-58cb-45bd-b8c3-717042f4a52d,61,Maddy Siegrist,maddysiegrist,DAL,points,9.5,-110.0,-120.0,19,19,2025-05-21 18:48:09+00:00,2025-05-21 18:48:09+00:00,2025-05-21 18:48:09+00:00,2025-05-22 00:00:00+00:00,0.0,2025-05-21,2025,REG,MIN,DAL,1.0692640692640691,True,,0.4887959885212434,401736123,4399415,3,8,0,True,False,matched,7.0,2025-05-21,under,0.25135164319863823,1.8333333333333335,0.8333333333333335,1.0,False,False,False
2159,abadf839-e6cf-4731-9a87-05bf91219945,101,Kelsey Plum,kelseyplum,LAS,assists,5.5,-102.0,-130.0,10,10,2025-05-21 19:05:18+00:00,2025-05-21 19:05:18+00:00,2025-05-21 19:05:18+00:00,2025-05-22 02:00:00+00:00,0.0,2025-05-21,2025,REG,PHX,LAS,1.0701678863538528,True,,0.46878765056355093,401736125,3065570,6,11,0,True,False,matched,6.0,2025-05-21,under,0.4926613509142531,1.7692307692307692,-1.0,1.0,False,False,False
2159,99d02b5e-f8af-4e63-b4c1-10f36091565e,40,Alyssa Thomas,alyssathomas,PHO,rebounds,8.5,-140.0,106.0,10,10,2025-05-21 19:05:18+00:00,2025-05-21 19:05:18+00:00,2025-05-21 19:05:18+00:00,2025-05-22 02:00:00+00:00,0.0,2025-05-21,2025,REG,PHX,LAS,1.0687702265372168,True,,0.5506638564937638,401736125,2529140,11,6,1,True,False,matched,5.0,2025-05-21,under,0.3372212340288182,2.06,1.06,1.0,False,False,False
2159,902e4af9-4279-4e80-b92d-394ebef08fe9,54,Satou Sabally,satousabally,NYL,threes,2.5,-162.0,122.0,10,10,2025-05-21 19:05:18+00:00,2025-05-21 19:05:18+00:00,2025-05-21 19:05:18+00:00,2025-05-22 02:00:00+00:00,0.0,2025-05-21,2025,REG,PHX,LAS,1.0687710611374732,True,,0.5868918088955871,401736125,4281929,11,6,1,True,False,matched,1.0,2025-05-21,under,0.3371530650775072,2.2199999999999998,1.2199999999999998,1.0,False,False,False
2159,2c52a16c-8022-4943-9e92-19052b75ca00,82,Azura Stevens,azurastevens,CHI,points,13.5,100.0,-130.0,10,10,2025-05-21 19:05:18+00:00,2025-05-21 19:05:18+00:00,2025-05-21 19:05:18+00:00,2025-05-22 02:00:00+00:00,0.0,2025-05-21,2025,REG,PHX,LAS,1.065217391304348,True,,0.4663164946059025,401736125,3142010,6,11,0,True,False,matched,23.0,2025-05-21,under,0.28291038326767876,1.7692307692307692,-1.0,1.0,False,False,False
2159,dfedd11f-f7db-4c60-8966-d5c3b05e850c,89,Dearica Hamby,dearicahamby,LAS,points,16.5,-128.0,-102.0,10,10,2025-05-21 19:05:18+00:00,2025-05-21 19:05:18+00:00,2025-05-21 19:05:18+00:00,2025-05-22 02:00:00+00:00,0.0,2025-05-21,2025,REG,PHX,LAS,1.0663540038214347,True,,0.5291749480305961,401736125,2566106,6,11,0,True,False,matched,15.0,2025-05-21,under,0.19473042311155464,1.9803921568627452,0.9803921568627452,1.0,False,False,False
2159,71ad9735-59ec-4f93-92bb-4f09827e0829,177,Sami Whitcomb,samiwhitcomb,PHO,points,8.5,100.0,-130.0,13,13,2025-05-21 19:05:52+00:00,2025-05-21 19:05:52+00:00,2025-05-21 19:05:52+00:00,2025-05-22 02:00:00+00:00,0.0,2025-05-21,2025,REG,PHX,LAS,1.065217391304348,True,,0.4663164946059025,401736125,887,11,6,1,True,False,matched,6.0,2025-05-21,under,0.4720266979900495,1.7692307692307692,0.7692307692307692,1.0,False,False,False
2159,985b862b-2e8a-47ee-8f34-bdd82c91c824,94,Rickea Jackson,rickeajackson,CHI,threes,1.5,-120.0,-120.0,49,49,2025-05-21 19:08:53+00:00,2025-05-21 19:08:53+00:00,2025-05-21 19:08:53+00:00,2025-05-22 02:00:00+00:00,0.0,2025-05-21,2025,REG,PHX,LAS,1.0909090909090908,True,,0.5,401736125,4433630,6,11,0,True,True,did_not_play,,2025-05-21,under,0.15897321538806347,1.8333333333333335,0.0,0.0,False,True,False
2160,ee925907-bd0d-4a71-a058-bf9ae5e77798,71,Aliyah Boston,aliyahboston,IND,assists,3.5,-136.0,102.0,10,10,2025-05-21 19:24:07+00:00,2025-05-21 19:24:07+00:00,2025-05-21 19:24:07+00:00,2025-05-22 23:30:00+00:00,0.0,2025-05-22,2025,REG,ATL,IND,1.071320691391173,True,,0.5420932924427202,401736126,4432831,5,20,0,True,False,matched,3.0,2025-05-22,under,0.3317241059782978,2.02,1.02,1.0,False,False,False
2160,974a869e-d9a8-49f0-90a3-89a27d583e2d,70,Kelsey Mitchell,kelseymitchell,IND,threes,2.5,158.0,-215.0,10,10,2025-05-21 19:24:08+00:00,2025-05-21 19:24:08+00:00,2025-05-21 19:24:08+00:00,2025-05-22 23:30:00+00:00,0.0,2025-05-22,2025,REG,ATL,IND,1.0701365817644888,True,,0.347126998954303,401736126,3142191,5,20,0,True,False,matched,1.0,2025-05-22,over,0.2342487291369414,2.58,-1.0,1.0,False,False,False
2160,491a575c-ae8d-416c-8b73-d6314f2e2f6d,49,Brionna Jones,brionnajones,ATL,rebounds,6.5,-132.0,100.0,10,10,2025-05-21 20:19:03+00:00,2025-05-21 20:19:03+00:00,2025-05-21 20:19:03+00:00,2025-05-22 23:30:00+00:00,0.0,2025-05-22,2025,REG,ATL,IND,1.0689655172413794,True,,0.5356937238338165,401736126,3058895,20,5,1,True,False,matched,11.0,2025-05-22,under,0.3468774521854161,2.0,-1.0,1.0,False,False,False
2160,fdd19c18-15a4-4b1c-8dde-9e094e0a146e,1,Allisha Gray,allishagray,ATL,assists,4.5,-102.0,-130.0,10,10,2025-05-21 20:19:03+00:00,2025-05-21 20:19:03+00:00,2025-05-21 20:19:03+00:00,2025-05-22 23:30:00+00:00,0.0,2025-05-22,2025,REG,ATL,IND,1.0701678863538528,True,,0.46878765056355093,401736126,3058901,20,5,1,True,False,matched,2.0,2025-05-22,under,0.32241873766708307,1.7692307692307692,0.7692307692307692,1.0,False,False,False
2160,ea43b240-561a-4ff6-b823-74aa3590badb,15,Rhyne Howard,rhynehoward,ATL,threes,3.5,104.0,-138.0,10,10,2025-05-21 20:19:03+00:00,2025-05-21 20:19:03+00:00,2025-05-21 20:19:03+00:00,2025-05-22 23:30:00+00:00,0.0,2025-05-22,2025,REG,ATL,IND,1.0700280112044818,True,,0.4535791638529251,401736126,4398674,20,5,1,True,False,matched,3.0,2025-05-22,under,0.211459681512926,1.7246376811594204,0.7246376811594204,1.0,False,False,False
2160,b1bd54e5-f954-4446-84b7-ad03dcaa6618,148,Brittney Griner,brittneygriner,CON,rebounds,6.5,-138.0,104.0,10,10,2025-05-21 20:19:03+00:00,2025-05-21 20:19:03+00:00,2025-05-21 20:19:03+00:00,2025-05-22 23:30:00+00:00,0.0,2025-05-22,2025,REG,ATL,IND,1.0700280112044818,True,,0.5464208361470752,401736126,2490553,20,5,1,True,False,matched,7.0,2025-05-22,under,0.11462895438778392,2.04,-1.0,1.0,False,False,False
2160,d7b305b8-68a7-4974-94d9-8b79047b1bfe,56,Natasha Howard,natashahoward,MIN,threes,0.5,145.0,-180.0,24,24,2025-05-22 06:08:57+00:00,2025-05-22 06:08:57+00:00,2025-05-22 06:08:57+00:00,2025-05-22 23:30:00+00:00,0.0,2025-05-22,2025,REG,ATL,IND,1.0510204081632653,True,,0.37967339061397504,401736126,2529130,5,20,0,True,False,matched,1.0,2025-05-22,under,0.17699322529368972,1.5555555555555556,-1.0,1.0,False,False,False
2160,f6522cfe-d0c5-4d2e-b966-1cedd43ee738,45,DeWanna Bonner,dewannabonner,PHO,threes,1.5,190.0,-240.0,24,24,2025-05-22 06:08:57+00:00,2025-05-22 06:08:57+00:00,2025-05-22 06:08:57+00:00,2025-05-22 23:30:00+00:00,0.0,2025-05-22,2025,REG,ATL,IND,1.050709939148073,True,,0.31482669350282655,401736126,869,5,20,0,True,False,matched,0.0,2025-05-22,over,0.058624445764487776,2.9,-1.0,1.0,False,False,False
2161,58745c6f-6ca7-40fa-9455-fcab920c5ada,26,Angel Reese,angelreese,ATL,assists,2.5,-110.0,-120.0,24,24,2025-05-22 06:36:51+00:00,2025-05-22 06:36:51+00:00,2025-05-22 06:36:51+00:00,2025-05-23 00:00:00+00:00,0.0,2025-05-22,2025,REG,CHI,NYL,1.0692640692640691,True,,0.4887959885212434,401736127,4433402,19,9,1,True,False,matched,1.0,2025-05-22,under,0.30437387655309306,1.8333333333333335,0.8333333333333335,1.0,False,False,False
2161,e65b107a-4d9f-4347-9f3c-1ea278c88fda,185,Ariel Atkins,arielatkins,LAS,assists,3.5,140.0,-170.0,24,24,2025-05-22 06:36:51+00:00,2025-05-22 06:36:51+00:00,2025-05-22 06:36:51+00:00,2025-05-23 00:00:00+00:00,0.0,2025-05-22,2025,REG,CHI,NYL,1.0462962962962963,True,,0.3910947128467968,401736127,3146151,19,9,1,True,False,matched,1.0,2025-05-22,under,0.19238652461231565,1.5882352941176472,0.5882352941176472,1.0,False,False,False
2161,57587dd4-1ac5-4301-9c07-ac18cb18ecb3,132,Sabrina Ionescu,sabrinaionescu,NYL,threes,2.5,-125.0,-105.0,24,24,2025-05-22 06:36:52+00:00,2025-05-22 06:36:52+00:00,2025-05-22 06:36:52+00:00,2025-05-23 00:00:00+00:00,0.0,2025-05-22,2025,REG,CHI,NYL,1.067750677506775,True,,0.5224258196571001,401736127,4066533,9,19,0,True,False,matched,2.0,2025-05-22,under,0.2004850901411579,1.9523809523809523,0.9523809523809523,1.0,False,False,False
2161,4531817b-389e-4291-b447-5119c369952b,137,Breanna Stewart,breannastewart,NYL,threes,1.5,125.0,-155.0,24,24,2025-05-22 06:36:52+00:00,2025-05-22 06:36:52+00:00,2025-05-22 06:36:52+00:00,2025-05-23 00:00:00+00:00,0.0,2025-05-22,2025,REG,CHI,NYL,1.0522875816993464,True,,0.4161844529605166,401736127,2998928,9,19,0,True,False,matched,2.0,2025-05-22,under,0.19425746426965862,1.6451612903225805,-1.0,1.0,False,False,False
2161,40dd554c-6d2f-4f7d-9746-fd6f1afebcc6,30,Kamilla Cardoso,kamillacardoso,CHI,rebounds,8.5,-115.0,-120.0,33,33,2025-05-22 11:20:01+00:00,2025-05-22 11:20:01+00:00,2025-05-22 11:20:01+00:00,2025-05-23 00:00:00+00:00,0.0,2025-05-22,2025,REG,CHI,NYL,1.080338266384778,True,,0.4944937749375121,401736127,4433405,19,9,1,True,False,matched,4.0,2025-05-22,under,0.16340679707540468,1.8333333333333335,0.8333333333333335,1.0,False,False,False
2161,41a06ffa-0b1f-4892-b5e2-e5d6787fe106,145,Courtney Vandersloot,courtneyvandersloot,CHI,rebounds,3.5,-125.0,-115.0,49,49,2025-05-22 13:25:17+00:00,2025-05-22 13:25:17+00:00,2025-05-22 13:25:17+00:00,2025-05-23 00:00:00+00:00,0.0,2025-05-22,2025,REG,CHI,NYL,1.0904392764857882,True,,0.5108317091649132,401736127,981,19,9,1,True,False,matched,2.0,2025-05-22,under,0.4635851625157901,1.8695652173913042,0.8695652173913042,1.0,False,False,False
2161,b5091621-4ca2-47b8-9ae1-5902e5ab046c,147,Leonie Fiebich,leoniefiebich,NYL,points,7.5,-105.0,-125.0,49,49,2025-05-22 13:25:17+00:00,2025-05-22 13:25:17+00:00,2025-05-22 13:25:17+00:00,2025-05-23 00:00:00+00:00,0.0,2025-05-22,2025,REG,CHI,NYL,1.067750677506775,True,,0.47757418034290006,401736127,4683006,9,19,0,True,False,matched,7.0,2025-05-22,over,0.06584292535945496,1.9523809523809523,-1.0,1.0,False,False,False
2161,e3a099fa-40f4-443b-9cd7-9014ff38bf9d,141,Jonquel Jones,jonqueljones,NYL,rebounds,9.5,-110.0,-125.0,33,33,2025-05-22 15:20:20+00:00,2025-05-22 15:20:20+00:00,2025-05-22 15:20:20+00:00,2025-05-23 00:00:00+00:00,0.0,2025-05-22,2025,REG,CHI,NYL,1.0793650793650795,True,,0.48347295800639944,401736127,2999101,9,19,0,True,False,matched,7.0,2025-05-22,under,0.1840884342984621,1.8,0.8,1.0,False,False,False
2162,6240fab9-2f66-473d-a43a-3a4bbc073b75,22,Marina Mabrey,marinamabrey,TOR,points,15.5,-120.0,-108.0,10,10,2025-05-22 20:11:18+00:00,2025-05-22 20:11:18+00:00,2025-05-22 20:11:18+00:00,2025-05-23 23:30:00+00:00,0.0,2025-05-23,2025,REG,MIN,CON,1.0646853146853146,True,,0.5135396953663074,401736128,3904576,18,8,0,True,False,matched,22.0,2025-05-23,under,0.341392571389047,1.925925925925926,-1.0,1.0,False,False,False
2162,1ed31576-b691-4202-9bc8-5c6e72d61509,112,Napheesa Collier,napheesacollier,MIN,points,24.5,-122.0,-106.0,10,10,2025-05-22 20:11:18+00:00,2025-05-22 20:11:18+00:00,2025-05-22 20:11:18+00:00,2025-05-23 23:30:00+00:00,0.0,2025-05-23,2025,REG,MIN,CON,1.064112656345666,True,,0.518058368553134,401736128,3917450,8,18,1,True,False,matched,33.0,2025-05-23,under,0.2453956718213578,1.9433962264150944,-1.0,1.0,False,False,False
2162,320ebb18-150f-4c25-b645-f02e152d069b,9,Tina Charles,tinacharles,FA,points,18.5,100.0,-130.0,10,10,2025-05-22 20:11:18+00:00,2025-05-22 20:11:18+00:00,2025-05-22 20:11:18+00:00,2025-05-23 23:30:00+00:00,0.0,2025-05-23,2025,REG,MIN,CON,1.065217391304348,True,,0.4663164946059025,401736128,918,18,8,0,True,False,matched,4.0,2025-05-23,under,0.21009170955740736,1.7692307692307692,0.7692307692307692,1.0,False,False,False
2162,59678695-d3e0-4ad5-b045-e70a399356a0,121,Alanna Smith,alannasmith,DAL,threes,1.5,-114.0,-114.0,10,10,2025-05-22 20:11:18+00:00,2025-05-22 20:11:18+00:00,2025-05-22 20:11:18+00:00,2025-05-23 23:30:00+00:00,0.0,2025-05-23,2025,REG,MIN,CON,1.0654205607476634,True,,0.5000000000000001,401736128,3913881,8,18,1,True,False,matched,0.0,2025-05-23,under,0.18798997955026947,1.8771929824561404,0.8771929824561404,1.0,False,False,False
2162,7c8078bc-3590-4f1c-a447-89161ffc0efe,117,Courtney Williams,courtneywilliams,MIN,rebounds,4.5,-130.0,-102.0,10,10,2025-05-22 20:11:18+00:00,2025-05-22 20:11:18+00:00,2025-05-22 20:11:18+00:00,2025-05-23 23:30:00+00:00,0.0,2025-05-23,2025,REG,MIN,CON,1.0701678863538528,True,,0.5312123494364493,401736128,2987891,8,18,1,True,False,matched,5.0,2025-05-23,under,0.13435883188327385,1.9803921568627452,-1.0,1.0,False,False,False
2165,a2696d00-fbef-4f80-9b88-258a1ee40748,103,A'ja Wilson,ajawilson,LVA,assists,3.5,-125.0,-106.0,10,10,2025-05-23 04:59:00+00:00,2025-05-23 04:59:00+00:00,2025-05-23 04:59:00+00:00,2025-05-24 02:00:00+00:00,0.0,2025-05-23,2025,REG,LVA,WAS,1.070118662351672,True,,0.5212291071384377,401736129,3149391,17,16,1,True,False,matched,5.0,2025-05-23,under,0.40066687219580466,1.9433962264150944,-1.0,1.0,False,False,False
2165,5f03b1dd-8d30-4a37-99ed-71d52b1b8b79,107,Chelsea Gray,chelseagray,LVA,points,12.5,-114.0,-114.0,10,10,2025-05-23 04:59:00+00:00,2025-05-23 04:59:00+00:00,2025-05-23 04:59:00+00:00,2025-05-24 02:00:00+00:00,0.0,2025-05-23,2025,REG,LVA,WAS,1.0654205607476634,True,,0.5000000000000001,401736129,2529122,17,16,1,True,False,matched,17.0,2025-05-23,under,0.23294857645255146,1.8771929824561404,-1.0,1.0,False,False,False
2165,3a13cd38-b86d-41a4-b1f8-2b4e7dc0b003,102,Jackie Young,jackieyoung,LVA,assists,4.5,-114.0,-114.0,10,10,2025-05-23 04:59:00+00:00,2025-05-23 04:59:00+00:00,2025-05-23 04:59:00+00:00,2025-05-24 02:00:00+00:00,0.0,2025-05-23,2025,REG,LVA,WAS,1.0654205607476634,True,,0.5000000000000001,401736129,4065870,17,16,1,True,False,matched,3.0,2025-05-23,under,0.13106681284759236,1.8771929824561404,0.8771929824561404,1.0,False,False,False
2165,f3be4019-9f67-495d-b9dc-3bd8c457a805,166,Jewell Loyd,jewellloyd,LVA,threes,1.5,-188.0,140.0,10,10,2025-05-23 04:59:00+00:00,2025-05-23 04:59:00+00:00,2025-05-23 04:59:00+00:00,2025-05-24 02:00:00+00:00,0.0,2025-05-23,2025,REG,LVA,WAS,1.0694444444444444,True,,0.6222928210344938,401736129,2987869,17,16,1,True,False,matched,2.0,2025-05-23,under,0.1166307463734847,2.4,-1.0,1.0,False,False,False
2164,c26a74e8-0f93-4d84-9d76-2fc025879f52,139,Kayla Thornton,kaylathornton,GSV,threes,1.5,-154.0,116.0,10,10,2025-05-23 05:41:02+00:00,2025-05-23 05:41:02+00:00,2025-05-23 05:41:02+00:00,2025-05-24 02:00:00+00:00,0.0,2025-05-23,2025,REG,LAS,GSV,1.0692621755613883,True,,0.574207987656796,401736130,2529622,129689,6,0,True,False,matched,1.0,2025-05-23,under,0.8128284481041274,2.16,1.1600000000000001,1.0,False,False,False
2164,bbbd0a9e-d781-494b-b0ea-4c0856aea89f,101,Kelsey Plum,kelseyplum,LAS,assists,5.5,-140.0,106.0,10,10,2025-05-23 05:41:02+00:00,2025-05-23 05:41:02+00:00,2025-05-23 05:41:02+00:00,2025-05-24 02:00:00+00:00,0.0,2025-05-23,2025,REG,LAS,GSV,1.0687702265372168,True,,0.5506638564937638,401736130,3065570,6,129689,1,True,False,matched,3.0,2025-05-23,under,0.5975116201440621,2.06,1.06,1.0,False,False,False
2164,0ed3e092-eeec-4bce-8816-0167cc850b84,72,Temi Fagbenle,temifagbenle,TOR,rebounds,5.5,-125.0,-106.0,10,10,2025-05-23 05:41:02+00:00,2025-05-23 05:41:02+00:00,2025-05-23 05:41:02+00:00,2025-05-24 02:00:00+00:00,0.0,2025-05-23,2025,REG,LAS,GSV,1.070118662351672,True,,0.5212291071384377,401736130,2569044,129689,6,0,True,False,matched,6.0,2025-05-23,under,0.290539664545976,1.9433962264150944,-1.0,1.0,False,False,False
2164,4746017d-b13a-4de6-a031-7f2c915a94d5,82,Azura Stevens,azurastevens,CHI,points,14.5,-104.0,-122.0,10,10,2025-05-23 05:41:02+00:00,2025-05-23 05:41:02+00:00,2025-05-23 05:41:02+00:00,2025-05-24 02:00:00+00:00,0.0,2025-05-23,2025,REG,LAS,GSV,1.059353471118177,True,,0.47953831927398954,401736130,3142010,6,129689,1,True,False,matched,6.0,2025-05-23,under,0.26806430915586277,1.819672131147541,0.819672131147541,1.0,False,False,False
2164,6bc9c24d-7375-434c-8713-1572e6e19c84,89,Dearica Hamby,dearicahamby,LAS,rebounds,9.5,102.0,-136.0,10,10,2025-05-23 05:41:02+00:00,2025-05-23 05:41:02+00:00,2025-05-23 05:41:02+00:00,2025-05-24 02:00:00+00:00,0.0,2025-05-23,2025,REG,LAS,GSV,1.071320691391173,True,,0.4579067075572801,401736130,2566106,6,129689,1,True,False,matched,6.0,2025-05-23,under,0.15049699141203982,1.7352941176470589,0.7352941176470589,1.0,False,False,False
2162,ae876376-02de-4a09-9845-b2e3cf0c8b63,128,Bridget Carleton,bridgetcarleton,PDX,threes,1.5,-150.0,120.0,24,24,2025-05-23 09:42:01+00:00,2025-05-23 09:42:01+00:00,2025-05-23 09:42:01+00:00,2025-05-23 23:30:00+00:00,0.0,2025-05-23,2025,REG,MIN,CON,1.0545454545454547,True,,0.5746986093321318,401736128,3906972,8,18,1,True,False,matched,2.0,2025-05-23,under,0.23825908591242312,2.2,-1.0,1.0,False,False,False
2166,8a93e601-c202-4759-a519-05b0059ef567,68,Caitlin Clark,caitlinclark,IND,points,21.5,-106.0,-122.0,10,10,2025-05-23 15:51:17+00:00,2025-05-23 15:51:17+00:00,2025-05-23 15:51:17+00:00,2025-05-24 17:00:00+00:00,0.0,2025-05-24,2025,REG,IND,NYL,1.064112656345666,True,,0.4819416314468661,401736132,4433403,5,9,1,True,False,matched,18.0,2025-05-24,under,0.12384817391014874,1.819672131147541,0.819672131147541,1.0,False,False,False
2163,7b57d773-049f-4f23-b68b-e5a62c56cf83,176,Ezi Magbegor,ezimagbegor,SEA,rebounds,7.5,-148.0,112.0,10,10,2025-05-23 16:00:18+00:00,2025-05-23 16:00:18+00:00,2025-05-23 16:00:18+00:00,2025-05-24 02:00:00+00:00,0.0,2025-05-23,2025,REG,SEA,PHX,1.0684723067559343,True,,0.5647227530167998,401736131,4420318,14,11,1,True,False,matched,7.0,2025-05-23,under,0.2993070765614872,2.12,1.12,1.0,False,False,False
2163,590f907c-6887-4474-bdf3-5e17f6215d3c,208,Gabby Williams,gabbywilliams,GSV,assists,4.5,-125.0,-106.0,10,10,2025-05-23 16:00:18+00:00,2025-05-23 16:00:18+00:00,2025-05-23 16:00:18+00:00,2025-05-24 02:00:00+00:00,0.0,2025-05-23,2025,REG,SEA,PHX,1.070118662351672,True,,0.5212291071384377,401736131,3142328,14,11,1,True,False,matched,2.0,2025-05-23,under,0.2749154628649906,1.9433962264150944,0.9433962264150944,1.0,False,False,False
2163,6bfb11f6-9654-4703-a9cd-ed53ba09d001,54,Satou Sabally,satousabally,NYL,points,21.5,-110.0,-118.0,10,10,2025-05-23 16:00:18+00:00,2025-05-23 16:00:18+00:00,2025-05-23 16:00:18+00:00,2025-05-24 02:00:00+00:00,0.0,2025-05-23,2025,REG,SEA,PHX,1.0650939274792486,True,,0.4909754767731684,401736131,4281929,11,14,0,True,False,matched,15.0,2025-05-23,under,0.2446350316316896,1.847457627118644,0.847457627118644,1.0,False,False,False
2163,4b6cc2f1-49d6-415d-a356-f573f2041ba5,180,Nneka Ogwumike,nnekaogwumike,LAS,points,17.5,-122.0,-106.0,10,10,2025-05-23 16:00:18+00:00,2025-05-23 16:00:18+00:00,2025-05-23 16:00:18+00:00,2025-05-24 02:00:00+00:00,0.0,2025-05-23,2025,REG,SEA,PHX,1.064112656345666,True,,0.518058368553134,401736131,1068,14,11,1,True,False,matched,24.0,2025-05-23,under,0.18985999907118545,1.9433962264150944,-1.0,1.0,False,False,False
2163,1a44aadf-2723-4b23-b285-117182780314,40,Alyssa Thomas,alyssathomas,PHO,rebounds,7.5,-106.0,-125.0,10,10,2025-05-23 16:00:18+00:00,2025-05-23 16:00:18+00:00,2025-05-23 16:00:18+00:00,2025-05-24 02:00:00+00:00,0.0,2025-05-23,2025,REG,SEA,PHX,1.070118662351672,True,,0.4787708928615623,401736131,2529140,11,14,0,True,False,matched,11.0,2025-05-23,under,0.07302783211574082,1.8,-1.0,1.0,False,False,False
2163,617b6fb2-d8ca-46ed-8901-71413a7f31e4,175,Skylar Diggins,skylardiggins,CHI,points,18.5,-110.0,-118.0,10,10,2025-05-23 16:00:19+00:00,2025-05-23 16:00:19+00:00,2025-05-23 16:00:19+00:00,2025-05-24 02:00:00+00:00,0.0,2025-05-23,2025,REG,SEA,PHX,1.0650939274792486,True,,0.4909754767731684,401736131,2491205,14,11,1,True,False,matched,24.0,2025-05-23,under,0.13465598762583486,1.847457627118644,-1.0,1.0,False,False,False
2163,8d0f06e8-7833-443e-a178-d80fa44db8a5,177,Sami Whitcomb,samiwhitcomb,PHO,threes,1.5,-115.0,-115.0,24,24,2025-05-23 16:06:05+00:00,2025-05-23 16:06:05+00:00,2025-05-23 16:06:05+00:00,2025-05-24 02:00:00+00:00,0.0,2025-05-23,2025,REG,SEA,PHX,1.0697674418604652,True,,0.5,401736131,887,11,14,0,True,False,matched,1.0,2025-05-23,under,0.2563394919999467,1.8695652173913042,0.8695652173913042,1.0,False,False,False
2165,a7b38d28-5297-44f7-91b5-dc74cc525e67,170,Jade Melbourne,jademelbourne,SEA,points,8.5,-115.0,-120.0,33,33,2025-05-23 17:58:08+00:00,2025-05-23 17:58:08+00:00,2025-05-23 17:58:08+00:00,2025-05-24 02:00:00+00:00,0.0,2025-05-23,2025,REG,LVA,WAS,1.080338266384778,True,,0.4944937749375121,401736129,5017726,16,17,0,True,False,matched,14.0,2025-05-23,under,0.2973756819546534,1.8333333333333335,-1.0,1.0,False,False,False
2166,6507f689-cf1c-4333-91b0-8deb07b83c2c,132,Sabrina Ionescu,sabrinaionescu,NYL,rebounds,4.5,108.0,-144.0,10,10,2025-05-23 19:18:43+00:00,2025-05-23 19:18:43+00:00,2025-05-23 19:18:43+00:00,2025-05-24 17:00:00+00:00,0.0,2025-05-24,2025,REG,IND,NYL,1.0709331651954601,True,,0.4433154794603006,401736132,4066533,9,5,0,True,False,matched,5.0,2025-05-24,over,0.158733385966095,2.08,1.08,1.0,False,False,False
2166,39fa2be8-ff33-4ded-9068-3716bb9dcc5c,141,Jonquel Jones,jonqueljones,NYL,rebounds,8.5,-146.0,110.0,10,10,2025-05-23 19:18:43+00:00,2025-05-23 19:18:43+00:00,2025-05-23 19:18:43+00:00,2025-05-24 17:00:00+00:00,0.0,2025-05-24,2025,REG,IND,NYL,1.0696864111498257,True,,0.5607420039050215,401736132,2999101,9,5,0,True,False,matched,12.0,2025-05-24,under,0.15358271594364048,2.1,-1.0,1.0,False,False,False
2166,1b20c704-ab0c-4301-92b3-789b4f39be48,70,Kelsey Mitchell,kelseymitchell,IND,threes,2.5,142.0,-192.0,10,10,2025-05-23 19:18:43+00:00,2025-05-23 19:18:43+00:00,2025-05-23 19:18:43+00:00,2025-05-24 17:00:00+00:00,0.0,2025-05-24,2025,REG,IND,NYL,1.0707573870712102,True,,0.37336020860003377,401736132,3142191,5,9,1,True,False,matched,2.0,2025-05-24,over,0.08638961447984483,2.42,-1.0,1.0,False,False,False
2166,daefc1ef-77fc-4916-a8f6-70fbb6ebe095,71,Aliyah Boston,aliyahboston,IND,rebounds,9.5,116.0,-154.0,10,10,2025-05-23 19:18:43+00:00,2025-05-23 19:18:43+00:00,2025-05-23 19:18:43+00:00,2025-05-24 17:00:00+00:00,0.0,2025-05-24,2025,REG,IND,NYL,1.0692621755613883,True,,0.425792012343204,401736132,4432831,5,9,1,True,False,matched,13.0,2025-05-24,over,0.06842064466340936,2.16,1.1600000000000001,1.0,False,False,False
2167,f1b2f222-5b95-4a8d-b1c1-18cde0375b94,49,Brionna Jones,brionnajones,ATL,rebounds,8.5,-108.0,-122.0,10,10,2025-05-23 20:38:13+00:00,2025-05-23 20:38:13+00:00,2025-05-23 20:38:13+00:00,2025-05-24 19:00:00+00:00,0.0,2025-05-24,2025,REG,ATL,DAL,1.0687803187803186,True,,0.48431040390879443,401736133,3058895,20,3,1,True,False,matched,15.0,2025-05-24,under,0.39593122730834357,1.819672131147541,-1.0,1.0,False,False,False
2167,711e5059-0968-45cc-93d1-02209a78d086,1,Allisha Gray,allishagray,ATL,assists,4.5,-114.0,-114.0,10,10,2025-05-23 20:38:13+00:00,2025-05-23 20:38:13+00:00,2025-05-23 20:38:13+00:00,2025-05-24 19:00:00+00:00,0.0,2025-05-24,2025,REG,ATL,DAL,1.0654205607476634,True,,0.5000000000000001,401736133,3058901,20,3,1,True,False,matched,6.0,2025-05-24,under,0.3098908293480337,1.8771929824561404,-1.0,1.0,False,False,False
2167,c0f743a9-c758-41ba-9705-3ebdd31dc166,15,Rhyne Howard,rhynehoward,ATL,rebounds,4.5,102.0,-136.0,10,10,2025-05-23 20:38:13+00:00,2025-05-23 20:38:13+00:00,2025-05-23 20:38:13+00:00,2025-05-24 19:00:00+00:00,0.0,2025-05-24,2025,REG,ATL,DAL,1.071320691391173,True,,0.4579067075572801,401736133,4398674,20,3,1,True,False,matched,7.0,2025-05-24,under,0.10152280481538001,1.7352941176470589,-1.0,1.0,False,False,False
2162,26779bb7-9faa-446f-8b02-74b980689922,43,Olivia Nelson-Ododa,olivianelsonododa,CON,points,8.5,105.0,-140.0,33,33,2025-05-23 22:22:16+00:00,2025-05-23 22:22:16+00:00,2025-05-23 22:22:16+00:00,2025-05-23 23:30:00+00:00,0.0,2025-05-23,2025,REG,MIN,CON,1.0711382113821137,True,,0.4504960980130703,401736128,4398966,18,8,0,True,False,matched,10.0,2025-05-23,under,0.4975214083648917,1.7142857142857144,-1.0,1.0,False,False,False
2165,c30dad5c-6e25-486c-aadf-b8efbb9b0f0a,189,Stefanie Dolson,stefaniedolson,SEA,points,7.5,-115.0,-115.0,49,49,2025-05-24 01:58:03+00:00,2025-05-24 01:58:03+00:00,2025-05-24 01:58:03+00:00,2025-05-24 02:00:00+00:00,0.0,2025-05-23,2025,REG,LVA,WAS,1.0697674418604652,True,,0.5,401736129,2529183,16,17,0,True,False,matched,8.0,2025-05-23,under,0.1872516216227419,1.8695652173913042,-1.0,1.0,False,False,False
2167,0e5fbfc8-887e-41d3-9437-2ee9698c5c7c,48,DiJonai Carrington,dijonaicarrington,CHI,assists,4.5,130.0,-165.0,19,19,2025-05-24 03:38:40+00:00,2025-05-24 03:38:40+00:00,2025-05-24 03:38:40+00:00,2025-05-24 19:00:00+00:00,0.0,2025-05-24,2025,REG,ATL,DAL,1.0574241181296147,True,,0.40336479341976944,401736133,4066548,3,20,0,True,False,matched,1.0,2025-05-24,under,0.5851363377564257,1.606060606060606,0.606060606060606,1.0,False,False,False
2166,80a9d599-3cea-4c8c-9a38-581af5ab18d3,45,DeWanna Bonner,dewannabonner,PHO,threes,0.5,-140.0,110.0,24,24,2025-05-24 06:16:15+00:00,2025-05-24 06:16:15+00:00,2025-05-24 06:16:15+00:00,2025-05-24 17:00:00+00:00,0.0,2025-05-24,2025,REG,IND,NYL,1.0595238095238093,True,,0.555167954788897,401736132,869,5,9,1,True,False,matched,0.0,2025-05-24,over,0.09959218081130561,1.7142857142857144,-1.0,1.0,False,False,False
2167,27931d7a-f59b-415c-b4e7-5a6cb8b19847,193,Myisha Hines-Allen,myishahinesallen,IND,points,8.5,-115.0,-115.0,49,49,2025-05-24 07:17:39+00:00,2025-05-24 07:17:39+00:00,2025-05-24 07:17:39+00:00,2025-05-24 19:00:00+00:00,0.0,2025-05-24,2025,REG,ATL,DAL,1.0697674418604652,True,,0.5,401736133,3142055,3,20,0,True,False,matched,2.0,2025-05-24,under,0.38469883985581577,1.8695652173913042,0.8695652173913042,1.0,False,False,False
2167,c221bc3f-336e-46df-b619-53bf80a3a101,73,NaLyssa Smith,nalyssasmith,LVA,points,8.5,-115.0,-115.0,49,49,2025-05-24 07:17:39+00:00,2025-05-24 07:17:39+00:00,2025-05-24 07:17:39+00:00,2025-05-24 19:00:00+00:00,0.0,2025-05-24,2025,REG,ATL,DAL,1.0697674418604652,True,,0.5,401736133,4398776,3,20,0,True,False,matched,13.0,2025-05-24,under,0.13888954300371298,1.8695652173913042,-1.0,1.0,False,False,False
2168,3fab284e-0bfc-439a-ab75-06d21239197a,49,Brionna Jones,brionnajones,ATL,rebounds,8.5,-104.0,-128.0,10,10,2025-05-25 00:27:18+00:00,2025-05-25 00:27:18+00:00,2025-05-25 00:27:18+00:00,2025-05-25 19:00:00+00:00,0.0,2025-05-25,2025,REG,ATL,CON,1.0712074303405572,True,,0.4732611100971195,401736134,3058895,20,18,1,True,False,matched,9.0,2025-05-25,under,0.30980933909537495,1.78125,-1.0,1.0,False,False,False
2168,7a3af5c2-f163-4830-8b0a-2e4ad01a92fa,1,Allisha Gray,allishagray,ATL,assists,4.5,-104.0,-128.0,10,10,2025-05-25 00:27:19+00:00,2025-05-25 00:27:19+00:00,2025-05-25 00:27:19+00:00,2025-05-25 19:00:00+00:00,0.0,2025-05-25,2025,REG,ATL,CON,1.0712074303405572,True,,0.4732611100971195,401736134,3058901,20,18,1,True,False,matched,3.0,2025-05-25,under,0.3265745423246931,1.78125,0.78125,1.0,False,False,False
2168,c2a03ac4-f077-4f07-a379-9b2fbc97a682,22,Marina Mabrey,marinamabrey,TOR,points,14.5,-118.0,-110.0,10,10,2025-05-25 00:27:19+00:00,2025-05-25 00:27:19+00:00,2025-05-25 00:27:19+00:00,2025-05-25 19:00:00+00:00,0.0,2025-05-25,2025,REG,ATL,CON,1.0650939274792486,True,,0.5090245232268319,401736134,3904576,18,20,0,True,False,matched,12.0,2025-05-25,under,0.1594676643997192,1.9090909090909092,0.9090909090909092,1.0,False,False,False
2168,12296f03-4543-4a89-ba60-44d119c5013d,15,Rhyne Howard,rhynehoward,ATL,assists,4.5,138.0,-186.0,10,10,2025-05-25 00:27:19+00:00,2025-05-25 00:27:19+00:00,2025-05-25 00:27:19+00:00,2025-05-25 19:00:00+00:00,0.0,2025-05-25,2025,REG,ATL,CON,1.070517717576541,True,,0.3807086475713989,401736134,4398674,20,18,1,True,False,matched,2.0,2025-05-25,under,0.13924803205733288,1.5376344086021505,0.5376344086021505,1.0,False,False,False
2168,521ef008-e7d2-492a-a497-e5802cd42361,9,Tina Charles,tinacharles,FA,points,15.5,-104.0,-125.0,10,10,2025-05-25 00:27:19+00:00,2025-05-25 00:27:19+00:00,2025-05-25 00:27:19+00:00,2025-05-25 19:00:00+00:00,0.0,2025-05-25,2025,REG,ATL,CON,1.065359477124183,True,,0.4763687479911608,401736134,918,18,20,0,True,False,matched,11.0,2025-05-25,under,0.10592749914640376,1.8,0.8,1.0,False,False,False
2171,b5c40d78-66eb-4c96-a899-31f9cd000676,185,Ariel Atkins,arielatkins,LAS,threes,1.5,138.0,-186.0,10,10,2025-05-25 00:51:12+00:00,2025-05-25 00:51:12+00:00,2025-05-25 00:51:12+00:00,2025-05-25 22:00:00+00:00,0.0,2025-05-25,2025,REG,LAS,CHI,1.070517717576541,True,,0.3807086475713989,401736135,3146151,19,6,0,True,False,matched,0.0,2025-05-25,over,0.3960577166207852,2.38,-1.0,1.0,False,False,False
2171,7817668e-7900-4aae-8c87-253572cce42c,145,Courtney Vandersloot,courtneyvandersloot,CHI,assists,5.5,126.0,-168.0,10,10,2025-05-25 00:51:12+00:00,2025-05-25 00:51:12+00:00,2025-05-25 00:51:12+00:00,2025-05-25 22:00:00+00:00,0.0,2025-05-25,2025,REG,LAS,CHI,1.0693435477479856,True,,0.4045224464881516,401736135,981,19,6,0,True,False,matched,2.0,2025-05-25,under,0.37052158049921347,1.5952380952380953,0.5952380952380953,1.0,False,False,False
2171,679a7d14-7a0c-4f7a-96d5-5060fdce0031,101,Kelsey Plum,kelseyplum,LAS,assists,5.5,108.0,-144.0,10,10,2025-05-25 00:51:12+00:00,2025-05-25 00:51:12+00:00,2025-05-25 00:51:12+00:00,2025-05-25 22:00:00+00:00,0.0,2025-05-25,2025,REG,LAS,CHI,1.0709331651954601,True,,0.4433154794603006,401736135,3065570,6,19,1,True,False,matched,8.0,2025-05-25,under,0.3282534623383564,1.6944444444444444,-1.0,1.0,False,False,False
2171,41dbce33-b2ab-497d-9650-a6352bf911d3,82,Azura Stevens,azurastevens,CHI,rebounds,8.5,-125.0,-106.0,10,10,2025-05-25 00:51:12+00:00,2025-05-25 00:51:12+00:00,2025-05-25 00:51:12+00:00,2025-05-25 22:00:00+00:00,0.0,2025-05-25,2025,REG,LAS,CHI,1.070118662351672,True,,0.5212291071384377,401736135,3142010,6,19,1,True,False,matched,8.0,2025-05-25,under,0.24986109351354768,1.9433962264150944,0.9433962264150944,1.0,False,False,False
2171,f92fdda6-91ce-42f9-8bcf-b97e9522c7f0,89,Dearica Hamby,dearicahamby,LAS,points,17.5,102.0,-132.0,10,10,2025-05-25 00:51:12+00:00,2025-05-25 00:51:12+00:00,2025-05-25 00:51:12+00:00,2025-05-25 22:00:00+00:00,0.0,2025-05-25,2025,REG,LAS,CHI,1.0640150221918745,True,,0.4618487426836327,401736135,2566106,6,19,1,True,False,matched,10.0,2025-05-25,under,0.08075515770945241,1.7575757575757576,0.7575757575757576,1.0,False,False,False
2171,fcce6b42-dbf5-46e1-a50b-ca48400e6b32,30,Kamilla Cardoso,kamillacardoso,CHI,rebounds,6.5,100.0,-132.0,10,10,2025-05-25 00:51:12+00:00,2025-05-25 00:51:12+00:00,2025-05-25 00:51:12+00:00,2025-05-25 22:00:00+00:00,0.0,2025-05-25,2025,REG,LAS,CHI,1.0689655172413794,True,,0.46430627616618364,401736135,4433405,19,6,0,True,False,matched,6.0,2025-05-25,over,0.05311042058937632,2.0,-1.0,1.0,False,False,False
2170,b18bdade-403b-4d1e-abc4-08ed567a595b,54,Satou Sabally,satousabally,NYL,points,21.5,-114.0,-114.0,10,10,2025-05-25 01:08:09+00:00,2025-05-25 01:08:09+00:00,2025-05-25 01:08:09+00:00,2025-05-25 22:00:00+00:00,0.0,2025-05-25,2025,REG,PHX,WAS,1.0654205607476634,True,,0.5000000000000001,401736136,4281929,11,16,1,True,False,matched,12.0,2025-05-25,under,0.20787486185677978,1.8771929824561404,0.8771929824561404,1.0,False,False,False
2170,8ff41579-1a12-4f82-b19a-4adfce4ceba3,40,Alyssa Thomas,alyssathomas,PHO,points,16.5,-106.0,-122.0,10,10,2025-05-25 01:08:10+00:00,2025-05-25 01:08:10+00:00,2025-05-25 01:08:10+00:00,2025-05-25 22:00:00+00:00,0.0,2025-05-25,2025,REG,PHX,WAS,1.064112656345666,True,,0.4819416314468661,401736136,2529140,11,16,1,True,False,matched,11.0,2025-05-25,under,0.2657284325652544,1.819672131147541,0.819672131147541,1.0,False,False,False
2169,27655949-fb6f-4be3-8e8e-3adab8cff5b4,103,A'ja Wilson,ajawilson,LVA,assists,3.5,122.0,-162.0,10,10,2025-05-25 02:34:22+00:00,2025-05-25 02:34:22+00:00,2025-05-25 02:34:22+00:00,2025-05-25 22:00:00+00:00,0.0,2025-05-25,2025,REG,SEA,LVA,1.0687710611374732,True,,0.41310819110441305,401736137,3149391,17,14,0,True,False,matched,4.0,2025-05-25,under,0.12571767660497812,1.617283950617284,-1.0,1.0,False,False,False
2169,52ca0dbe-ced1-4c4b-a79d-6582d8ad03d4,102,Jackie Young,jackieyoung,LVA,points,16.5,-120.0,-108.0,10,10,2025-05-25 02:34:23+00:00,2025-05-25 02:34:23+00:00,2025-05-25 02:34:23+00:00,2025-05-25 22:00:00+00:00,0.0,2025-05-25,2025,REG,SEA,LVA,1.0646853146853146,True,,0.5135396953663074,401736137,4065870,17,14,0,True,False,matched,14.0,2025-05-25,under,0.26479218030952123,1.925925925925926,0.925925925925926,1.0,False,False,False
2169,887d6f1b-045c-41fe-ae9c-4a3a7967a170,166,Jewell Loyd,jewellloyd,LVA,threes,1.5,-198.0,146.0,10,10,2025-05-25 02:34:23+00:00,2025-05-25 02:34:23+00:00,2025-05-25 02:34:23+00:00,2025-05-25 22:00:00+00:00,0.0,2025-05-25,2025,REG,SEA,LVA,1.0709335952419927,True,,0.6337196281856059,401736137,2987869,17,14,0,True,False,matched,3.0,2025-05-25,under,0.1796291929534204,2.46,-1.0,1.0,False,False,False
2169,10f0e23e-2f2e-4020-b8ea-a0638ca009a7,176,Ezi Magbegor,ezimagbegor,SEA,rebounds,7.5,-122.0,-108.0,10,10,2025-05-25 02:34:23+00:00,2025-05-25 02:34:23+00:00,2025-05-25 02:34:23+00:00,2025-05-25 22:00:00+00:00,0.0,2025-05-25,2025,REG,SEA,LVA,1.0687803187803186,True,,0.5156895960912058,401736137,4420318,14,17,1,True,False,matched,7.0,2025-05-25,under,0.1789871571862725,1.925925925925926,0.925925925925926,1.0,False,False,False
2169,5e6c8ff1-99fe-4160-9dc1-b3f85fd82339,180,Nneka Ogwumike,nnekaogwumike,LAS,points,18.5,-104.0,-125.0,10,10,2025-05-25 02:34:23+00:00,2025-05-25 02:34:23+00:00,2025-05-25 02:34:23+00:00,2025-05-25 22:00:00+00:00,0.0,2025-05-25,2025,REG,SEA,LVA,1.065359477124183,True,,0.4763687479911608,401736137,1068,14,17,1,True,False,matched,23.0,2025-05-25,under,0.1584099997151453,1.8,-1.0,1.0,False,False,False
2169,056265b0-7cd0-4d33-835a-9a4ed76fdce3,208,Gabby Williams,gabbywilliams,GSV,points,11.5,-120.0,-108.0,10,10,2025-05-25 02:34:23+00:00,2025-05-25 02:34:23+00:00,2025-05-25 02:34:23+00:00,2025-05-25 22:00:00+00:00,0.0,2025-05-25,2025,REG,SEA,LVA,1.0646853146853146,True,,0.5135396953663074,401736137,3142328,14,17,1,True,False,matched,12.0,2025-05-25,under,0.1577543002618761,1.925925925925926,-1.0,1.0,False,False,False
2169,8a02ec9e-906d-4ff9-b0f4-bfe50a1be4d6,175,Skylar Diggins,skylardiggins,CHI,points,19.5,104.0,-135.0,10,10,2025-05-25 02:34:23+00:00,2025-05-25 02:34:23+00:00,2025-05-25 02:34:23+00:00,2025-05-25 22:00:00+00:00,0.0,2025-05-25,2025,REG,SEA,LVA,1.0646641635377556,True,,0.45648742045938223,401736137,2491205,14,17,1,True,False,matched,10.0,2025-05-25,under,0.12880113223947998,1.7407407407407407,0.7407407407407407,1.0,False,False,False
2169,908291e4-5ba0-4c90-b049-cba109dbcfa2,107,Chelsea Gray,chelseagray,LVA,points,12.5,-102.0,-128.0,10,10,2025-05-25 02:34:24+00:00,2025-05-25 02:34:24+00:00,2025-05-25 02:34:24+00:00,2025-05-25 22:00:00+00:00,0.0,2025-05-25,2025,REG,SEA,LVA,1.0663540038214347,True,,0.47082505196940394,401736137,2529122,17,14,0,True,False,matched,8.0,2025-05-25,under,0.16827325599476206,1.78125,0.78125,1.0,False,False,False
2170,25252480-5857-4a2a-bc59-35a6002ee773,573,Sonia Citron,soniacitron,WAS,threes,1.5,120.0,-150.0,24,24,2025-05-25 07:56:11+00:00,2025-05-25 07:56:11+00:00,2025-05-25 07:56:11+00:00,2025-05-25 22:00:00+00:00,0.0,2025-05-25,2025,REG,PHX,WAS,1.0545454545454547,True,,0.4253013906678685,401736136,4433524,16,11,0,True,False,matched,2.0,2025-05-25,over,0.22548981210153907,2.2,1.2000000000000002,1.0,False,False,False
2168,712c6fa5-48d0-409c-976a-082cbdedf24d,43,Olivia Nelson-Ododa,olivianelsonododa,CON,rebounds,6.5,-110.0,-125.0,33,33,2025-05-25 10:06:07+00:00,2025-05-25 10:06:07+00:00,2025-05-25 10:06:07+00:00,2025-05-25 19:00:00+00:00,0.0,2025-05-25,2025,REG,ATL,CON,1.0793650793650795,True,,0.48347295800639944,401736134,4398966,18,20,0,True,False,matched,5.0,2025-05-25,under,0.5905373471402828,1.8,0.8,1.0,False,False,False
2170,6cb4de6a-61f5-49b8-a517-4f2cf8f91322,177,Sami Whitcomb,samiwhitcomb,PHO,points,7.5,100.0,-130.0,49,49,2025-05-25 10:28:23+00:00,2025-05-25 10:28:23+00:00,2025-05-25 10:28:23+00:00,2025-05-25 22:00:00+00:00,0.0,2025-05-25,2025,REG,PHX,WAS,1.065217391304348,True,,0.4663164946059025,401736136,887,11,16,1,True,False,matched,5.0,2025-05-25,under,0.3031800743828988,1.7692307692307692,0.7692307692307692,1.0,False,False,False
2170,ae7b3e98-f737-483d-b21a-694950b365fb,189,Stefanie Dolson,stefaniedolson,SEA,points,7.5,-115.0,-115.0,49,49,2025-05-25 10:28:23+00:00,2025-05-25 10:28:23+00:00,2025-05-25 10:28:23+00:00,2025-05-25 22:00:00+00:00,0.0,2025-05-25,2025,REG,PHX,WAS,1.0697674418604652,True,,0.5,401736136,2529183,16,11,0,True,False,matched,2.0,2025-05-25,under,0.11942105317804763,1.8695652173913042,0.8695652173913042,1.0,False,False,False
2170,ac0c37de-7654-4ea2-b178-311aa3c40422,170,Jade Melbourne,jademelbourne,SEA,points,10.5,120.0,-165.0,33,33,2025-05-25 12:27:53+00:00,2025-05-25 12:27:53+00:00,2025-05-25 12:27:53+00:00,2025-05-25 22:00:00+00:00,0.0,2025-05-25,2025,REG,PHX,WAS,1.077186963979417,True,,0.4125727301166773,401736136,5017726,16,11,0,True,False,matched,6.0,2025-05-25,under,0.1917481471362612,1.606060606060606,0.606060606060606,1.0,False,False,False
2170,9f572260-4760-4cb4-a270-7fae7bbb7c7d,572,Kiki Iriafen,kikiiriafen,WAS,rebounds,10.5,-120.0,-115.0,33,33,2025-05-25 12:27:53+00:00,2025-05-25 12:27:53+00:00,2025-05-25 12:27:53+00:00,2025-05-25 22:00:00+00:00,0.0,2025-05-25,2025,REG,PHX,WAS,1.080338266384778,True,,0.5055062250624879,401736136,4898384,16,11,0,True,False,matched,13.0,2025-05-25,under,0.05219244408237472,1.8695652173913042,-1.0,1.0,False,False,False
2170,6480a7c9-56a1-4c9a-9c16-68153bc2cbd0,182,Brittney Sykes,brittneysykes,TOR,points,18.5,-128.0,-102.0,10,10,2025-05-25 21:26:46+00:00,2025-05-25 21:26:46+00:00,2025-05-25 21:26:46+00:00,2025-05-25 22:00:00+00:00,0.0,2025-05-25,2025,REG,PHX,WAS,1.0663540038214347,True,,0.5291749480305961,401736136,2988756,16,11,0,True,False,matched,10.0,2025-05-25,under,0.2707034498362253,1.9803921568627452,0.9803921568627452,1.0,False,False,False
2172,fb879d15-4905-4bcf-a3ec-c5cac64a3d77,132,Sabrina Ionescu,sabrinaionescu,NYL,rebounds,4.5,130.0,-174.0,10,10,2025-05-26 04:17:20+00:00,2025-05-26 04:17:20+00:00,2025-05-26 04:17:20+00:00,2025-05-27 23:00:00+00:00,0.0,2025-05-27,2025,REG,NYL,GSV,1.069819105046017,True,,0.3962729171732011,401736139,4066533,9,129689,1,True,False,matched,5.0,2025-05-27,over,0.18020192888419112,2.3,1.2999999999999998,1.0,False,False,False
2172,8789a992-39c9-4e73-b907-56ccacf20c6b,139,Kayla Thornton,kaylathornton,GSV,threes,1.5,-200.0,148.0,10,10,2025-05-26 04:17:21+00:00,2025-05-26 04:17:21+00:00,2025-05-26 04:17:21+00:00,2025-05-27 23:00:00+00:00,0.0,2025-05-27,2025,REG,NYL,GSV,1.0698924731182795,True,,0.6365014949541484,401736139,2529622,129689,9,0,True,False,matched,2.0,2025-05-27,under,1.0701592969781237,2.48,-1.0,1.0,False,False,False
2172,db39fcb2-cdc2-4f74-a916-74d291792b7d,72,Temi Fagbenle,temifagbenle,TOR,points,10.5,-122.0,-106.0,10,10,2025-05-26 04:17:21+00:00,2025-05-26 04:17:21+00:00,2025-05-26 04:17:21+00:00,2025-05-27 23:00:00+00:00,0.0,2025-05-27,2025,REG,NYL,GSV,1.064112656345666,True,,0.518058368553134,401736139,2569044,129689,9,0,True,False,matched,11.0,2025-05-27,under,0.5843534428208201,1.9433962264150944,-1.0,1.0,False,False,False
2172,bd3c3de2-50d9-4007-991a-d614c7b66d03,137,Breanna Stewart,breannastewart,NYL,points,18.5,-125.0,-104.0,10,10,2025-05-26 04:17:21+00:00,2025-05-26 04:17:21+00:00,2025-05-26 04:17:21+00:00,2025-05-27 23:00:00+00:00,0.0,2025-05-27,2025,REG,NYL,GSV,1.065359477124183,True,,0.5236312520088393,401736139,2998928,9,129689,1,True,False,matched,24.0,2025-05-27,under,0.12376213458562985,1.9615384615384617,-1.0,1.0,False,False,False
2172,58459077-7df0-4c9e-bc3b-64746eaa7ce9,141,Jonquel Jones,jonqueljones,NYL,rebounds,8.5,-152.0,114.0,10,10,2025-05-26 04:17:21+00:00,2025-05-26 04:17:21+00:00,2025-05-26 04:17:21+00:00,2025-05-27 23:00:00+00:00,0.0,2025-05-27,2025,REG,NYL,GSV,1.0704643228007713,True,,0.5703965275254933,401736139,2999101,9,129689,1,True,False,matched,10.0,2025-05-27,under,0.11426389880348298,2.1399999999999997,-1.0,1.0,False,False,False
2172,af54c68f-b557-4d4c-97ae-63daddaee2ee,163,Natasha Cloud,natashacloud,CHI,threes,1.5,138.0,-186.0,10,10,2025-05-26 04:17:21+00:00,2025-05-26 04:17:21+00:00,2025-05-26 04:17:21+00:00,2025-05-27 23:00:00+00:00,0.0,2025-05-27,2025,REG,NYL,GSV,1.070517717576541,True,,0.3807086475713989,401736139,2529137,9,129689,1,True,False,matched,1.0,2025-05-27,over,0.08198564070098091,2.38,-1.0,1.0,False,False,False
2174,1f31573f-b466-426b-a51d-5bb3ce12def0,176,Ezi Magbegor,ezimagbegor,SEA,points,10.5,-120.0,-108.0,10,10,2025-05-26 05:05:11+00:00,2025-05-26 05:05:11+00:00,2025-05-26 05:05:11+00:00,2025-05-28 00:00:00+00:00,0.0,2025-05-27,2025,REG,MIN,SEA,1.0646853146853146,True,,0.5135396953663074,401736140,4420318,14,8,0,True,False,matched,6.0,2025-05-27,under,0.3591656812216928,1.925925925925926,0.925925925925926,1.0,False,False,False
2174,9cc8de88-7ac3-4e2f-8d73-316a5592c5a4,208,Gabby Williams,gabbywilliams,GSV,assists,3.5,-166.0,124.0,10,10,2025-05-26 05:05:11+00:00,2025-05-26 05:05:11+00:00,2025-05-26 05:05:11+00:00,2025-05-28 00:00:00+00:00,0.0,2025-05-27,2025,REG,MIN,SEA,1.0704887218045114,True,,0.5920365770215091,401736140,3142328,14,8,0,True,False,matched,6.0,2025-05-27,under,0.21948318919259147,2.24,-1.0,1.0,False,False,False
2174,e30d9194-fcf1-46d8-a904-76e3e4bcc420,180,Nneka Ogwumike,nnekaogwumike,LAS,points,19.5,100.0,-130.0,10,10,2025-05-26 05:05:11+00:00,2025-05-26 05:05:11+00:00,2025-05-26 05:05:11+00:00,2025-05-28 00:00:00+00:00,0.0,2025-05-27,2025,REG,MIN,SEA,1.065217391304348,True,,0.4663164946059025,401736140,1068,14,8,0,True,False,matched,11.0,2025-05-27,under,0.21733561757445713,1.7692307692307692,0.7692307692307692,1.0,False,False,False
2174,2b7bd6a5-90a7-4cc5-8f3d-558b7ce3fff6,117,Courtney Williams,courtneywilliams,MIN,points,14.5,102.0,-132.0,10,10,2025-05-26 05:05:11+00:00,2025-05-26 05:05:11+00:00,2025-05-26 05:05:11+00:00,2025-05-28 00:00:00+00:00,0.0,2025-05-27,2025,REG,MIN,SEA,1.0640150221918745,True,,0.4618487426836327,401736140,2987891,8,14,1,True,False,matched,23.0,2025-05-27,under,0.20861584834542302,1.7575757575757576,-1.0,1.0,False,False,False
2174,5a9ad4c0-6a9a-4bf5-b0a8-c946bd9bc58d,112,Napheesa Collier,napheesacollier,MIN,points,24.5,-114.0,-114.0,10,10,2025-05-26 05:05:11+00:00,2025-05-26 05:05:11+00:00,2025-05-26 05:05:11+00:00,2025-05-28 00:00:00+00:00,0.0,2025-05-27,2025,REG,MIN,SEA,1.0654205607476634,True,,0.5000000000000001,401736140,3917450,8,14,1,True,False,matched,16.0,2025-05-27,under,0.13123457680285294,1.8771929824561404,0.8771929824561404,1.0,False,False,False
2174,93d2a458-f81d-4e8e-9134-ba360879030a,175,Skylar Diggins,skylardiggins,CHI,points,16.5,-120.0,-108.0,10,10,2025-05-26 05:05:11+00:00,2025-05-26 05:05:11+00:00,2025-05-26 05:05:11+00:00,2025-05-28 00:00:00+00:00,0.0,2025-05-27,2025,REG,MIN,SEA,1.0646853146853146,True,,0.5135396953663074,401736140,2491205,14,8,0,True,False,matched,18.0,2025-05-27,under,0.09417331707330423,1.925925925925926,-1.0,1.0,False,False,False
2173,85eb13bc-dc00-4952-b89d-5d699d272f1b,22,Marina Mabrey,marinamabrey,TOR,assists,3.5,-172.0,128.0,10,10,2025-05-26 05:39:40+00:00,2025-05-26 05:39:40+00:00,2025-05-26 05:39:40+00:00,2025-05-27 23:00:00+00:00,0.0,2025-05-27,2025,REG,CON,DAL,1.0709494324045408,True,,0.6004234693007796,401736138,3904576,18,3,1,True,False,matched,1.0,2025-05-27,under,0.2911754631273035,2.2800000000000002,1.2800000000000002,1.0,False,False,False
2173,efedfcc6-9ea4-44b2-907e-79f6f4ff7a7e,63,Arike Ogunbowale,arikeogunbowale,DAL,points,18.5,-114.0,-114.0,10,10,2025-05-26 05:39:40+00:00,2025-05-26 05:39:40+00:00,2025-05-26 05:39:40+00:00,2025-05-27 23:00:00+00:00,0.0,2025-05-27,2025,REG,CON,DAL,1.0654205607476634,True,,0.5000000000000001,401736138,3904577,3,18,0,True,False,matched,19.0,2025-05-27,under,0.18827505365424696,1.8771929824561404,-1.0,1.0,False,False,False
2173,7f963dc6-30a8-4d27-b4f4-6496cd9b4cb6,9,Tina Charles,tinacharles,FA,rebounds,7.5,100.0,-132.0,10,10,2025-05-26 05:39:40+00:00,2025-05-26 05:39:40+00:00,2025-05-26 05:39:40+00:00,2025-05-27 23:00:00+00:00,0.0,2025-05-27,2025,REG,CON,DAL,1.0689655172413794,True,,0.46430627616618364,401736138,918,18,3,1,True,False,matched,6.0,2025-05-27,over,0.15867859343597074,2.0,-1.0,1.0,False,False,False
2173,194ebd41-2b75-455f-8af2-3dd3834032d2,528,Paige Bueckers,paigebueckers,DAL,points,14.5,-110.0,-118.0,10,10,2025-05-26 05:39:41+00:00,2025-05-26 05:39:41+00:00,2025-05-26 05:39:41+00:00,2025-05-27 23:00:00+00:00,0.0,2025-05-27,2025,REG,CON,DAL,1.0650939274792486,True,,0.4909754767731684,401736138,4433730,3,18,0,True,False,matched,21.0,2025-05-27,under,0.25887347911148045,1.847457627118644,-1.0,1.0,False,False,False
2176,77512a21-c359-4df1-bf29-8b02103852e3,101,Kelsey Plum,kelseyplum,LAS,assists,5.5,-135.0,105.0,24,24,2025-05-26 11:18:05+00:00,2025-05-26 11:18:05+00:00,2025-05-26 11:18:05+00:00,2025-05-28 02:00:00+00:00,0.0,2025-05-27,2025,REG,LAS,ATL,1.0622729631551635,True,,0.5446886059829622,401736141,3065570,6,20,1,True,False,matched,5.0,2025-05-27,under,0.6316498447471419,2.05,1.0499999999999998,1.0,False,False,False
2176,1d75ffb7-c2ae-4979-85cd-f2d680c8b747,1,Allisha Gray,allishagray,ATL,assists,4.5,-125.0,-105.0,24,24,2025-05-26 11:18:05+00:00,2025-05-26 11:18:05+00:00,2025-05-26 11:18:05+00:00,2025-05-28 02:00:00+00:00,0.0,2025-05-27,2025,REG,LAS,ATL,1.067750677506775,True,,0.5224258196571001,401736141,3058901,20,6,0,True,False,matched,6.0,2025-05-27,under,0.3918997836167275,1.9523809523809523,-1.0,1.0,False,False,False
2175,1a7a3d78-1d34-4046-97f3-0ea668663328,145,Courtney Vandersloot,courtneyvandersloot,CHI,threes,1.5,140.0,-170.0,24,24,2025-05-26 11:18:05+00:00,2025-05-26 11:18:05+00:00,2025-05-26 11:18:05+00:00,2025-05-28 02:00:00+00:00,0.0,2025-05-27,2025,REG,PHX,CHI,1.0462962962962963,True,,0.3910947128467968,401736142,981,19,11,0,True,False,matched,0.0,2025-05-27,under,0.3840291870368888,1.5882352941176472,0.5882352941176472,1.0,False,False,False
2176,78e76e57-2c7b-4125-bd60-ed10f37c646f,15,Rhyne Howard,rhynehoward,ATL,assists,4.5,-115.0,-115.0,24,24,2025-05-26 11:18:05+00:00,2025-05-26 11:18:05+00:00,2025-05-26 11:18:05+00:00,2025-05-28 02:00:00+00:00,0.0,2025-05-27,2025,REG,LAS,ATL,1.0697674418604652,True,,0.5,401736141,4398674,20,6,0,True,False,matched,7.0,2025-05-27,under,0.19313986307031855,1.8695652173913042,-1.0,1.0,False,False,False
2175,ee25957e-c844-41a0-9e06-f50851b9f9d7,40,Alyssa Thomas,alyssathomas,PHO,assists,6.5,-125.0,-105.0,24,24,2025-05-26 11:18:05+00:00,2025-05-26 11:18:05+00:00,2025-05-26 11:18:05+00:00,2025-05-28 02:00:00+00:00,0.0,2025-05-27,2025,REG,PHX,CHI,1.067750677506775,True,,0.5224258196571001,401736142,2529140,11,19,1,True,False,matched,15.0,2025-05-27,over,0.15704424875514078,1.8,0.8,1.0,False,False,False
2175,34b66b17-90ed-4d7c-87e9-2fa944fe45f1,177,Sami Whitcomb,samiwhitcomb,PHO,threes,1.5,105.0,-135.0,24,24,2025-05-26 11:18:05+00:00,2025-05-26 11:18:05+00:00,2025-05-26 11:18:05+00:00,2025-05-28 02:00:00+00:00,0.0,2025-05-27,2025,REG,PHX,CHI,1.0622729631551635,True,,0.45531139401703796,401736142,887,11,19,1,True,False,matched,1.0,2025-05-27,under,0.1282266581909458,1.7407407407407407,0.7407407407407407,1.0,False,False,False
2176,5fc8d9b5-568c-4930-90e2-cab5403c38c2,293,Odyssey Sims,odysseysims,DAL,assists,3.5,-120.0,-110.0,24,24,2025-05-26 11:18:05+00:00,2025-05-26 11:18:05+00:00,2025-05-26 11:18:05+00:00,2025-05-28 02:00:00+00:00,0.0,2025-05-27,2025,REG,LAS,ATL,1.0692640692640691,True,,0.5112040114787568,401736141,2529047,6,20,1,True,False,matched,5.0,2025-05-27,over,0.10838569471296122,1.8333333333333335,0.8333333333333335,1.0,False,False,False
2174,214b4278-c2cc-4f43-bafe-c2396cbd3893,116,Jessica Shepard,jessicashepard,DAL,points,12.5,120.0,-170.0,33,33,2025-05-26 13:59:16+00:00,2025-05-26 13:59:16+00:00,2025-05-26 13:59:16+00:00,2025-05-28 00:00:00+00:00,0.0,2025-05-27,2025,REG,MIN,SEA,1.0841750841750841,True,,0.40856326639475826,401736140,3906949,8,14,1,True,False,matched,4.0,2025-05-27,under,0.2897812977974603,1.5882352941176472,0.5882352941176472,1.0,False,False,False
2173,4d87b11a-4df5-4d6f-b040-bbe85d62586d,61,Maddy Siegrist,maddysiegrist,DAL,points,12.5,110.0,-160.0,33,33,2025-05-26 15:27:07+00:00,2025-05-26 15:27:07+00:00,2025-05-26 15:27:07+00:00,2025-05-27 23:00:00+00:00,0.0,2025-05-27,2025,REG,CON,DAL,1.0915750915750917,True,,0.4269962481828023,401736138,4399415,3,18,0,True,False,matched,12.0,2025-05-27,under,0.3141404694018385,1.625,0.625,1.0,False,False,False
2176,a2b210e7-34cf-42f6-9c68-c326715f2da2,82,Azura Stevens,azurastevens,CHI,points,13.5,-128.0,-102.0,10,10,2025-05-26 17:22:34+00:00,2025-05-26 17:22:34+00:00,2025-05-26 17:22:34+00:00,2025-05-28 02:00:00+00:00,0.0,2025-05-27,2025,REG,LAS,ATL,1.0663540038214347,True,,0.5291749480305961,401736141,3142010,6,20,1,True,False,matched,10.0,2025-05-27,under,0.3751926390726188,1.9803921568627452,0.9803921568627452,1.0,False,False,False
2176,d52b2d34-98f4-4964-b36e-ef394cfc311f,89,Dearica Hamby,dearicahamby,LAS,points,17.5,-106.0,-122.0,10,10,2025-05-26 17:22:34+00:00,2025-05-26 17:22:34+00:00,2025-05-26 17:22:34+00:00,2025-05-28 02:00:00+00:00,0.0,2025-05-27,2025,REG,LAS,ATL,1.064112656345666,True,,0.4819416314468661,401736141,2566106,6,20,1,True,False,matched,28.0,2025-05-27,under,0.09658518066063354,1.819672131147541,-1.0,1.0,False,False,False
2176,948cbbf2-edaa-4099-be1b-caf799c27f58,49,Brionna Jones,brionnajones,ATL,rebounds,10.5,-108.0,-122.0,10,10,2025-05-26 17:36:55+00:00,2025-05-26 17:36:55+00:00,2025-05-26 17:36:55+00:00,2025-05-28 02:00:00+00:00,0.0,2025-05-27,2025,REG,LAS,ATL,1.0687803187803186,True,,0.48431040390879443,401736141,3058895,20,6,0,True,False,matched,2.0,2025-05-27,under,0.4758155860740553,1.819672131147541,0.819672131147541,1.0,False,False,False
2175,21a5d033-5064-4e22-8518-0d337fe132f5,185,Ariel Atkins,arielatkins,LAS,threes,1.5,152.0,-200.0,10,10,2025-05-26 17:40:31+00:00,2025-05-26 17:40:31+00:00,2025-05-26 17:40:31+00:00,2025-05-28 02:00:00+00:00,0.0,2025-05-27,2025,REG,PHX,CHI,1.0634920634920635,True,,0.36068443721893606,401736142,3146151,19,11,0,True,False,matched,2.0,2025-05-27,over,0.4713397206865437,2.52,1.52,1.0,False,False,False
2175,1e8d291a-7a0d-42a2-b082-1b5d07fea07b,54,Satou Sabally,satousabally,NYL,points,21.5,-114.0,-114.0,10,10,2025-05-26 17:40:31+00:00,2025-05-26 17:40:31+00:00,2025-05-26 17:40:31+00:00,2025-05-28 02:00:00+00:00,0.0,2025-05-27,2025,REG,PHX,CHI,1.0654205607476634,True,,0.5000000000000001,401736142,4281929,11,19,1,True,False,matched,20.0,2025-05-27,under,0.20459055581399826,1.8771929824561404,0.8771929824561404,1.0,False,False,False
2172,47a4485c-218d-4dc4-ae66-c4a92fbe85e6,55,Veronica Burton,veronicaburton,GSV,points,11.5,-125.0,-104.0,10,10,2025-05-27 01:22:42+00:00,2025-05-27 01:22:42+00:00,2025-05-27 01:22:42+00:00,2025-05-27 23:00:00+00:00,0.0,2025-05-27,2025,REG,NYL,GSV,1.065359477124183,True,,0.5236312520088393,401736139,4398935,129689,9,0,True,False,matched,13.0,2025-05-27,under,0.7689634602968669,1.9615384615384617,-1.0,1.0,False,False,False
2174,2b06eed3-419c-4dd0-ba36-cf1170cf866a,121,Alanna Smith,alannasmith,DAL,points,10.5,-125.0,-104.0,10,10,2025-05-27 06:46:30+00:00,2025-05-27 06:46:30+00:00,2025-05-27 06:46:30+00:00,2025-05-28 00:00:00+00:00,0.0,2025-05-27,2025,REG,MIN,SEA,1.065359477124183,True,,0.5236312520088393,401736140,3913881,8,14,1,True,False,matched,16.0,2025-05-27,under,0.345114404099584,1.9615384615384617,-1.0,1.0,False,False,False
2177,cf551c07-403e-4d0d-933e-c1cfeaf71e2e,182,Brittney Sykes,brittneysykes,TOR,assists,4.5,100.0,-130.0,24,24,2025-05-27 11:45:22+00:00,2025-05-27 11:45:22+00:00,2025-05-27 11:45:22+00:00,2025-05-28 23:30:00+00:00,0.0,2025-05-28,2025,REG,WAS,IND,1.065217391304348,True,,0.4663164946059025,401736143,2988756,16,5,1,True,False,matched,4.0,2025-05-28,under,0.17237774610032597,1.7692307692307692,0.7692307692307692,1.0,False,False,False
2177,fd290c81-d70a-4379-bf3e-1003a8be229a,68,Caitlin Clark,caitlinclark,IND,assists,9.5,-115.0,-115.0,24,24,2025-05-27 11:45:22+00:00,2025-05-27 11:45:22+00:00,2025-05-27 11:45:22+00:00,2025-05-28 23:30:00+00:00,0.0,2025-05-28,2025,REG,WAS,IND,1.0697674418604652,True,,0.5,401736143,4433403,5,16,0,True,True,did_not_play,,2025-05-28,under,0.16851759985257264,1.8695652173913042,0.0,0.0,False,True,False
2173,10f1ce7f-4e86-4324-bd0a-3147a720ac92,43,Olivia Nelson-Ododa,olivianelsonododa,CON,points,11.5,-110.0,-125.0,33,33,2025-05-27 15:55:28+00:00,2025-05-27 15:55:28+00:00,2025-05-27 15:55:28+00:00,2025-05-27 23:00:00+00:00,0.0,2025-05-27,2025,REG,CON,DAL,1.0793650793650795,True,,0.48347295800639944,401736138,4398966,18,3,1,True,False,matched,6.0,2025-05-27,under,0.555565212557025,1.8,0.8,1.0,False,False,False
2177,f5a55524-c5e4-44a3-97c4-aec20fe4c680,56,Natasha Howard,natashahoward,MIN,rebounds,7.5,-122.0,-108.0,10,10,2025-05-27 17:58:02+00:00,2025-05-27 17:58:02+00:00,2025-05-27 17:58:02+00:00,2025-05-28 23:30:00+00:00,0.0,2025-05-28,2025,REG,WAS,IND,1.0687803187803186,True,,0.5156895960912058,401736143,2529130,5,16,0,True,False,matched,6.0,2025-05-28,under,0.25205899782277774,1.925925925925926,0.925925925925926,1.0,False,False,False
2177,ea05d855-cc8b-490c-887e-d582f6293d3a,71,Aliyah Boston,aliyahboston,IND,points,17.5,-114.0,-114.0,10,10,2025-05-27 17:58:02+00:00,2025-05-27 17:58:02+00:00,2025-05-27 17:58:02+00:00,2025-05-28 23:30:00+00:00,0.0,2025-05-28,2025,REG,WAS,IND,1.0654205607476634,True,,0.5000000000000001,401736143,4432831,5,16,0,True,False,matched,10.0,2025-05-28,under,0.21719285980149033,1.8771929824561404,0.8771929824561404,1.0,False,False,False
2177,6835fa3f-f191-4d07-8af7-85dd10d114ac,572,Kiki Iriafen,kikiiriafen,WAS,rebounds,10.5,116.0,-154.0,10,10,2025-05-27 17:58:02+00:00,2025-05-27 17:58:02+00:00,2025-05-27 17:58:02+00:00,2025-05-28 23:30:00+00:00,0.0,2025-05-28,2025,REG,WAS,IND,1.0692621755613883,True,,0.425792012343204,401736143,4898384,16,5,1,True,False,matched,8.0,2025-05-28,over,0.09825894627037313,2.16,-1.0,1.0,False,False,False
2177,dc26b6d0-0e04-4eb8-afbb-ec7a9c4d64ce,573,Sonia Citron,soniacitron,WAS,rebounds,3.5,-144.0,108.0,10,10,2025-05-27 17:58:03+00:00,2025-05-27 17:58:03+00:00,2025-05-27 17:58:03+00:00,2025-05-28 23:30:00+00:00,0.0,2025-05-28,2025,REG,WAS,IND,1.0709331651954601,True,,0.5566845205396996,401736143,4433524,16,5,1,True,False,matched,7.0,2025-05-28,under,0.15700280369062297,2.08,-1.0,1.0,False,False,False
2177,89458e3c-97bc-477f-9a0f-cdefcff8f275,76,Lexie Hull,lexiehull,IND,points,9.5,-128.0,-102.0,10,10,2025-05-28 06:00:18+00:00,2025-05-28 06:00:18+00:00,2025-05-28 06:00:18+00:00,2025-05-28 23:30:00+00:00,0.0,2025-05-28,2025,REG,WAS,IND,1.0663540038214347,True,,0.5291749480305961,401736143,4398829,5,16,0,True,False,matched,9.0,2025-05-28,under,0.42562055124029236,1.9803921568627452,0.9803921568627452,1.0,False,False,False
2177,55a6f91c-1f3b-401d-9ec3-d134060b7cf3,156,Sophie Cunningham,sophiecunningham,IND,threes,1.5,-158.0,118.0,10,10,2025-05-28 06:00:18+00:00,2025-05-28 06:00:18+00:00,2025-05-28 06:00:18+00:00,2025-05-28 23:30:00+00:00,0.0,2025-05-28,2025,REG,WAS,IND,1.0711186971054691,True,,0.5796527091990534,401736143,3907781,5,16,0,True,False,matched,0.0,2025-05-28,under,0.1451225962232982,2.1799999999999997,1.1799999999999997,1.0,False,False,False
2178,6388d65d-bbec-4b67-ac70-41e5259a0760,139,Kayla Thornton,kaylathornton,GSV,threes,1.5,-154.0,116.0,10,10,2025-05-28 16:48:07+00:00,2025-05-28 16:48:07+00:00,2025-05-28 16:48:07+00:00,2025-05-29 23:00:00+00:00,0.0,2025-05-29,2025,REG,NYL,GSV,1.0692621755613883,True,,0.574207987656796,401736144,2529622,129689,9,0,True,False,matched,0.0,2025-05-29,under,0.8028941068265166,2.16,1.1600000000000001,1.0,False,False,False
2178,011e2f19-074b-40d5-88fd-d4abfcfea1d1,132,Sabrina Ionescu,sabrinaionescu,NYL,assists,4.5,116.0,-154.0,10,10,2025-05-28 16:48:07+00:00,2025-05-28 16:48:07+00:00,2025-05-28 16:48:07+00:00,2025-05-29 23:00:00+00:00,0.0,2025-05-29,2025,REG,NYL,GSV,1.0692621755613883,True,,0.425792012343204,401736144,4066533,9,129689,1,True,False,matched,4.0,2025-05-29,over,0.3087043019974644,2.16,-1.0,1.0,False,False,False
2178,a7330933-b0ed-4dc3-8663-b7f8ec073bda,163,Natasha Cloud,natashacloud,CHI,threes,1.5,164.0,-225.0,10,10,2025-05-28 16:48:07+00:00,2025-05-28 16:48:07+00:00,2025-05-28 16:48:07+00:00,2025-05-29 23:00:00+00:00,0.0,2025-05-29,2025,REG,NYL,GSV,1.0710955710955712,True,,0.33738864980507277,401736144,2529137,9,129689,1,True,False,matched,1.0,2025-05-29,over,0.2005232733129403,2.6399999999999997,-1.0,1.0,False,False,False
2178,7b5bb908-7673-49f8-a240-0fd75391b650,137,Breanna Stewart,breannastewart,NYL,rebounds,6.5,-146.0,110.0,10,10,2025-05-28 16:48:07+00:00,2025-05-28 16:48:07+00:00,2025-05-28 16:48:07+00:00,2025-05-29 23:00:00+00:00,0.0,2025-05-29,2025,REG,NYL,GSV,1.0696864111498257,True,,0.5607420039050215,401736144,2998928,9,129689,1,True,False,matched,7.0,2025-05-29,over,0.07481427748620795,1.6849315068493151,0.6849315068493151,1.0,False,False,False
2178,62122abb-b6bc-41db-9516-1322930b7257,55,Veronica Burton,veronicaburton,GSV,points,11.5,-110.0,-118.0,10,10,2025-05-28 16:48:08+00:00,2025-05-28 16:48:08+00:00,2025-05-28 16:48:08+00:00,2025-05-29 23:00:00+00:00,0.0,2025-05-29,2025,REG,NYL,GSV,1.0650939274792486,True,,0.4909754767731684,401736144,4398935,129689,9,0,True,False,matched,2.0,2025-05-29,under,0.6660825677904022,1.847457627118644,0.847457627118644,1.0,False,False,False
2178,26d6691a-e3bd-41e2-b61d-83dcbbce12ef,72,Temi Fagbenle,temifagbenle,TOR,points,9.5,-120.0,-108.0,10,10,2025-05-28 16:48:08+00:00,2025-05-28 16:48:08+00:00,2025-05-28 16:48:08+00:00,2025-05-29 23:00:00+00:00,0.0,2025-05-29,2025,REG,NYL,GSV,1.0646853146853146,True,,0.5135396953663074,401736144,2569044,129689,9,0,True,False,matched,9.0,2025-05-29,under,0.48238628156367536,1.925925925925926,0.925925925925926,1.0,False,False,False
2178,3b29e315-7494-4290-a168-c6d8613bd98d,141,Jonquel Jones,jonqueljones,NYL,rebounds,8.5,-140.0,106.0,10,10,2025-05-28 16:48:08+00:00,2025-05-28 16:48:08+00:00,2025-05-28 16:48:08+00:00,2025-05-29 23:00:00+00:00,0.0,2025-05-29,2025,REG,NYL,GSV,1.0687702265372168,True,,0.5506638564937638,401736144,2999101,9,129689,1,True,True,did_not_play,,2025-05-29,under,0.07233809454204193,2.06,0.0,0.0,False,True,False
2179,8234fc6d-4409-4b48-9df2-5db78bb38ff0,145,Courtney Vandersloot,courtneyvandersloot,CHI,assists,5.5,-114.0,-114.0,10,10,2025-05-28 17:54:34+00:00,2025-05-28 17:54:34+00:00,2025-05-28 17:54:34+00:00,2025-05-30 00:00:00+00:00,0.0,2025-05-29,2025,REG,CHI,DAL,1.0654205607476634,True,,0.5000000000000001,401736145,981,19,3,1,True,False,matched,9.0,2025-05-29,under,0.5662104627244979,1.8771929824561404,-1.0,1.0,False,False,False
2179,86a8878d-5cfe-4c40-b341-7a505257bcb7,528,Paige Bueckers,paigebueckers,DAL,assists,6.5,-136.0,102.0,10,10,2025-05-28 17:54:34+00:00,2025-05-28 17:54:34+00:00,2025-05-28 17:54:34+00:00,2025-05-30 00:00:00+00:00,0.0,2025-05-29,2025,REG,CHI,DAL,1.071320691391173,True,,0.5420932924427202,401736145,4433730,3,19,0,True,False,matched,8.0,2025-05-29,under,0.24365900141152697,2.02,-1.0,1.0,False,False,False
2179,0c8774da-46ab-4ea8-bd25-38187a92f72d,185,Ariel Atkins,arielatkins,LAS,threes,1.5,100.0,-132.0,10,10,2025-05-28 17:54:35+00:00,2025-05-28 17:54:35+00:00,2025-05-28 17:54:35+00:00,2025-05-30 00:00:00+00:00,0.0,2025-05-29,2025,REG,CHI,DAL,1.0689655172413794,True,,0.46430627616618364,401736145,3146151,19,3,1,True,False,matched,2.0,2025-05-29,over,0.13869262531184273,2.0,1.0,1.0,False,False,False
2179,0bf299a9-accf-41d5-ac36-a9d732dc206f,63,Arike Ogunbowale,arikeogunbowale,DAL,threes,2.5,-108.0,-122.0,10,10,2025-05-28 17:54:35+00:00,2025-05-28 17:54:35+00:00,2025-05-28 17:54:35+00:00,2025-05-30 00:00:00+00:00,0.0,2025-05-29,2025,REG,CHI,DAL,1.0687803187803186,True,,0.48431040390879443,401736145,3904577,3,19,0,True,False,matched,6.0,2025-05-29,under,0.06407455817883873,1.819672131147541,-1.0,1.0,False,False,False
2179,7f228744-0ae2-4ef4-84fe-d7d7654986ca,48,DiJonai Carrington,dijonaicarrington,CHI,points,10.5,-125.0,-104.0,10,10,2025-05-28 17:54:35+00:00,2025-05-28 17:54:35+00:00,2025-05-28 17:54:35+00:00,2025-05-30 00:00:00+00:00,0.0,2025-05-29,2025,REG,CHI,DAL,1.065359477124183,True,,0.5236312520088393,401736145,4066548,3,19,0,True,False,matched,15.0,2025-05-29,under,0.059700204790935074,1.9615384615384617,-1.0,1.0,False,False,False
2179,196ef680-d9f6-4662-bc86-31fc8cd6690c,26,Angel Reese,angelreese,ATL,assists,2.5,-105.0,-125.0,24,24,2025-05-28 18:22:40+00:00,2025-05-28 18:22:40+00:00,2025-05-28 18:22:40+00:00,2025-05-30 00:00:00+00:00,0.0,2025-05-29,2025,REG,CHI,DAL,1.067750677506775,True,,0.47757418034290006,401736145,4433402,19,3,1,True,False,matched,5.0,2025-05-29,under,0.19746997285382928,1.8,-1.0,1.0,False,False,False
2184,58be8da4-d279-4924-88b4-b786bac4f0ea,101,Kelsey Plum,kelseyplum,LAS,assists,5.5,-136.0,102.0,10,10,2025-05-30 04:31:30+00:00,2025-05-30 04:31:30+00:00,2025-05-30 04:31:30+00:00,2025-05-31 02:00:00+00:00,0.0,2025-05-30,2025,REG,LVA,LAS,1.071320691391173,True,,0.5420932924427202,401736148,3065570,6,17,0,True,False,matched,3.0,2025-05-30,under,0.5144772620047864,2.02,1.02,1.0,False,False,False
2184,e4664d4b-2ee7-4809-b99a-2d0e81f27ece,82,Azura Stevens,azurastevens,CHI,rebounds,9.5,-102.0,-130.0,10,10,2025-05-30 04:31:30+00:00,2025-05-30 04:31:30+00:00,2025-05-30 04:31:30+00:00,2025-05-31 02:00:00+00:00,0.0,2025-05-30,2025,REG,LVA,LAS,1.0701678863538528,True,,0.46878765056355093,401736148,3142010,6,17,0,True,False,matched,10.0,2025-05-30,under,0.232472909620838,1.7692307692307692,-1.0,1.0,False,False,False
2184,7bbbceb6-da18-46a4-ae0b-77ee0bdfac5e,102,Jackie Young,jackieyoung,LVA,points,16.5,100.0,-130.0,10,10,2025-05-30 04:31:30+00:00,2025-05-30 04:31:30+00:00,2025-05-30 04:31:30+00:00,2025-05-31 02:00:00+00:00,0.0,2025-05-30,2025,REG,LVA,LAS,1.065217391304348,True,,0.4663164946059025,401736148,4065870,17,6,1,True,False,matched,26.0,2025-05-30,under,0.10832553847091042,1.7692307692307692,-1.0,1.0,False,False,False
2184,0c53c146-4ebf-46b1-af86-bf418c70f34e,103,A'ja Wilson,ajawilson,LVA,rebounds,11.5,-102.0,-130.0,10,10,2025-05-30 04:31:30+00:00,2025-05-30 04:31:30+00:00,2025-05-30 04:31:30+00:00,2025-05-31 02:00:00+00:00,0.0,2025-05-30,2025,REG,LVA,LAS,1.0701678863538528,True,,0.46878765056355093,401736148,3149391,17,6,1,True,False,matched,13.0,2025-05-30,under,0.10017193663201168,1.7692307692307692,-1.0,1.0,False,False,False
2184,30da1c08-aea0-42b4-9a76-226bee350d50,89,Dearica Hamby,dearicahamby,LAS,rebounds,7.5,-146.0,110.0,10,10,2025-05-30 04:31:31+00:00,2025-05-30 04:31:31+00:00,2025-05-30 04:31:31+00:00,2025-05-31 02:00:00+00:00,0.0,2025-05-30,2025,REG,LVA,LAS,1.0696864111498257,True,,0.5607420039050215,401736148,2566106,6,17,0,True,False,matched,10.0,2025-05-30,under,0.1742159313644111,2.1,-1.0,1.0,False,False,False
2184,80488ebf-c46d-42e0-bd65-0a956eaf7edd,166,Jewell Loyd,jewellloyd,LVA,points,15.5,-118.0,-110.0,10,10,2025-05-30 04:31:31+00:00,2025-05-30 04:31:31+00:00,2025-05-30 04:31:31+00:00,2025-05-31 02:00:00+00:00,0.0,2025-05-30,2025,REG,LVA,LAS,1.0650939274792486,True,,0.5090245232268319,401736148,2987869,17,6,1,True,False,matched,3.0,2025-05-30,under,0.10048979839847183,1.9090909090909092,0.9090909090909092,1.0,False,False,False
2184,8db72053-00a7-485a-af45-d8d41f1226ad,107,Chelsea Gray,chelseagray,LVA,points,11.5,-108.0,-120.0,10,10,2025-05-30 04:31:31+00:00,2025-05-30 04:31:31+00:00,2025-05-30 04:31:31+00:00,2025-05-31 02:00:00+00:00,0.0,2025-05-30,2025,REG,LVA,LAS,1.0646853146853146,True,,0.48646030463369283,401736148,2529122,17,6,1,True,False,matched,15.0,2025-05-30,under,0.08737373372021384,1.8333333333333335,-1.0,1.0,False,False,False
2181,7b83c824-ec6c-41ca-aab0-0fc592acd403,182,Brittney Sykes,brittneysykes,TOR,points,18.5,-130.0,100.0,10,10,2025-05-30 05:02:26+00:00,2025-05-30 05:02:26+00:00,2025-05-30 05:02:26+00:00,2025-05-30 23:30:00+00:00,0.0,2025-05-30,2025,REG,WAS,NYL,1.065217391304348,True,,0.5336835053940976,401736147,2988756,16,9,1,True,False,matched,20.0,2025-05-30,under,0.3142202208505594,2.0,-1.0,1.0,False,False,False
2181,82423539-5aea-45b0-9257-adef87f30ebf,132,Sabrina Ionescu,sabrinaionescu,NYL,assists,4.5,124.0,-166.0,10,10,2025-05-30 05:02:26+00:00,2025-05-30 05:02:26+00:00,2025-05-30 05:02:26+00:00,2025-05-30 23:30:00+00:00,0.0,2025-05-30,2025,REG,WAS,NYL,1.0704887218045114,True,,0.40796342297849103,401736147,4066533,9,16,0,True,False,matched,5.0,2025-05-30,over,0.2936926425336355,2.24,1.2400000000000002,1.0,False,False,False
2181,7faad5c4-882e-4bcc-9b7d-eed0d9d74352,137,Breanna Stewart,breannastewart,NYL,points,18.5,-128.0,-102.0,10,10,2025-05-30 05:02:26+00:00,2025-05-30 05:02:26+00:00,2025-05-30 05:02:26+00:00,2025-05-30 23:30:00+00:00,0.0,2025-05-30,2025,REG,WAS,NYL,1.0663540038214347,True,,0.5291749480305961,401736147,2998928,9,16,0,True,False,matched,10.0,2025-05-30,under,0.13445526454970397,1.9803921568627452,0.9803921568627452,1.0,False,False,False
2181,38877d65-fc85-42fd-a424-fba8f541908d,141,Jonquel Jones,jonqueljones,NYL,rebounds,9.5,100.0,-132.0,10,10,2025-05-30 05:02:26+00:00,2025-05-30 05:02:26+00:00,2025-05-30 05:02:26+00:00,2025-05-30 23:30:00+00:00,0.0,2025-05-30,2025,REG,WAS,NYL,1.0689655172413794,True,,0.46430627616618364,401736147,2999101,9,16,0,True,False,matched,18.0,2025-05-30,under,0.10014384320481717,1.7575757575757576,-1.0,1.0,False,False,False
2180,e52b398c-ad0c-4a05-b79d-23e97bf3fb54,9,Tina Charles,tinacharles,FA,points,18.5,-114.0,-114.0,10,10,2025-05-30 05:17:04+00:00,2025-05-30 05:17:04+00:00,2025-05-30 05:17:04+00:00,2025-05-30 23:30:00+00:00,0.0,2025-05-30,2025,REG,IND,CON,1.0654205607476634,True,,0.5000000000000001,401736146,918,18,5,0,True,False,matched,18.0,2025-05-30,under,0.23754892392406923,1.8771929824561404,0.8771929824561404,1.0,False,False,False
2180,87bd3443-ec33-42a2-800d-3f30a6b0f1b1,71,Aliyah Boston,aliyahboston,IND,points,16.5,-118.0,-110.0,10,10,2025-05-30 05:17:04+00:00,2025-05-30 05:17:04+00:00,2025-05-30 05:17:04+00:00,2025-05-30 23:30:00+00:00,0.0,2025-05-30,2025,REG,IND,CON,1.0650939274792486,True,,0.5090245232268319,401736146,4432831,5,18,1,True,False,matched,17.0,2025-05-30,under,0.18052024994080274,1.9090909090909092,-1.0,1.0,False,False,False
2180,7915edd6-2b6c-4657-9c31-ee063eb0797d,56,Natasha Howard,natashahoward,MIN,rebounds,6.5,-132.0,100.0,10,10,2025-05-30 05:17:04+00:00,2025-05-30 05:17:04+00:00,2025-05-30 05:17:04+00:00,2025-05-30 23:30:00+00:00,0.0,2025-05-30,2025,REG,IND,CON,1.0689655172413794,True,,0.5356937238338165,401736146,2529130,5,18,1,True,False,matched,6.0,2025-05-30,under,0.10522902816766527,2.0,1.0,1.0,False,False,False
2180,4219caf6-448a-4742-b8ce-0beb16baf38b,70,Kelsey Mitchell,kelseymitchell,IND,points,17.5,-128.0,-102.0,10,10,2025-05-30 05:17:04+00:00,2025-05-30 05:17:04+00:00,2025-05-30 05:17:04+00:00,2025-05-30 23:30:00+00:00,0.0,2025-05-30,2025,REG,IND,CON,1.0663540038214347,True,,0.5291749480305961,401736146,3142191,5,18,1,True,False,matched,13.0,2025-05-30,under,0.08180505529244286,1.9803921568627452,0.9803921568627452,1.0,False,False,False
2182,016b22d6-7021-4f3e-a75e-ffe12bb050da,15,Rhyne Howard,rhynehoward,ATL,points,16.5,-128.0,-102.0,10,10,2025-05-30 05:55:23+00:00,2025-05-30 05:55:23+00:00,2025-05-30 05:55:23+00:00,2025-05-31 02:00:00+00:00,0.0,2025-05-30,2025,REG,SEA,ATL,1.0663540038214347,True,,0.5291749480305961,401736150,4398674,20,14,0,True,False,matched,33.0,2025-05-30,under,0.2189094205261044,1.9803921568627452,-1.0,1.0,False,False,False
2182,e39f83c8-91c9-4557-8d35-736e752e0b1b,49,Brionna Jones,brionnajones,ATL,rebounds,9.5,-106.0,-125.0,10,10,2025-05-30 05:55:24+00:00,2025-05-30 05:55:24+00:00,2025-05-30 05:55:24+00:00,2025-05-31 02:00:00+00:00,0.0,2025-05-30,2025,REG,SEA,ATL,1.070118662351672,True,,0.4787708928615623,401736150,3058895,20,14,0,True,False,matched,5.0,2025-05-30,under,0.4188123272373421,1.8,0.8,1.0,False,False,False
2182,5277b0ab-7e4b-4d89-9ca5-be7b26773684,1,Allisha Gray,allishagray,ATL,assists,4.5,116.0,-154.0,10,10,2025-05-30 05:55:24+00:00,2025-05-30 05:55:24+00:00,2025-05-30 05:55:24+00:00,2025-05-31 02:00:00+00:00,0.0,2025-05-30,2025,REG,SEA,ATL,1.0692621755613883,True,,0.425792012343204,401736150,3058901,20,14,0,True,False,matched,2.0,2025-05-30,under,0.1414535776931728,1.6493506493506493,0.6493506493506493,1.0,False,False,False
2182,9cd0a32f-f9bf-4673-a89b-28018ba7ba54,148,Brittney Griner,brittneygriner,CON,rebounds,7.5,106.0,-140.0,10,10,2025-05-30 06:04:00+00:00,2025-05-30 06:04:00+00:00,2025-05-30 06:04:00+00:00,2025-05-31 02:00:00+00:00,0.0,2025-05-30,2025,REG,SEA,ATL,1.0687702265372168,True,,0.44933614350623635,401736150,2490553,20,14,0,True,False,matched,1.0,2025-05-30,under,0.11052723096726069,1.7142857142857144,0.7142857142857144,1.0,False,False,False
2182,80887e58-da73-4261-870e-a752c888672a,176,Ezi Magbegor,ezimagbegor,SEA,points,9.5,-125.0,-104.0,10,10,2025-05-30 06:04:01+00:00,2025-05-30 06:04:01+00:00,2025-05-30 06:04:01+00:00,2025-05-31 02:00:00+00:00,0.0,2025-05-30,2025,REG,SEA,ATL,1.065359477124183,True,,0.5236312520088393,401736150,4420318,14,20,1,True,False,matched,8.0,2025-05-30,under,0.2253952047162121,1.9615384615384617,0.9615384615384617,1.0,False,False,False
2182,a9e32b8c-cb5c-48cb-9324-cb15da4327de,180,Nneka Ogwumike,nnekaogwumike,LAS,points,18.5,102.0,-132.0,10,10,2025-05-30 06:04:01+00:00,2025-05-30 06:04:01+00:00,2025-05-30 06:04:01+00:00,2025-05-31 02:00:00+00:00,0.0,2025-05-30,2025,REG,SEA,ATL,1.0640150221918745,True,,0.4618487426836327,401736150,1068,14,20,1,True,False,matched,16.0,2025-05-30,under,0.12667212736771077,1.7575757575757576,0.7575757575757576,1.0,False,False,False
2182,cab66fcf-a900-42b1-b8db-dd1b9f508c96,175,Skylar Diggins,skylardiggins,CHI,points,17.5,-106.0,-122.0,10,10,2025-05-30 06:04:01+00:00,2025-05-30 06:04:01+00:00,2025-05-30 06:04:01+00:00,2025-05-31 02:00:00+00:00,0.0,2025-05-30,2025,REG,SEA,ATL,1.064112656345666,True,,0.4819416314468661,401736150,2491205,14,20,1,True,False,matched,20.0,2025-05-30,under,0.10719416071578375,1.819672131147541,-1.0,1.0,False,False,False
2182,566f93a4-30ec-4a40-9b90-0cfbebfabdb7,6,Nia Coffey,niacoffey,MIN,threes,1.5,105.0,-135.0,24,24,2025-05-30 06:23:17+00:00,2025-05-30 06:23:17+00:00,2025-05-30 06:23:17+00:00,2025-05-31 02:00:00+00:00,0.0,2025-05-30,2025,REG,SEA,ATL,1.0622729631551635,True,,0.45531139401703796,401736150,3054590,20,14,0,True,False,matched,0.0,2025-05-30,under,0.3662695900252023,1.7407407407407407,0.7407407407407407,1.0,False,False,False
2182,e12f579b-4b85-49ec-9940-ae70a3161bbb,208,Gabby Williams,gabbywilliams,GSV,threes,1.5,-125.0,-105.0,24,24,2025-05-30 06:23:17+00:00,2025-05-30 06:23:17+00:00,2025-05-30 06:23:17+00:00,2025-05-31 02:00:00+00:00,0.0,2025-05-30,2025,REG,SEA,ATL,1.067750677506775,True,,0.5224258196571001,401736150,3142328,14,20,1,True,False,matched,2.0,2025-05-30,under,0.22383940649133655,1.9523809523809523,-1.0,1.0,False,False,False
2183,ae432100-83cd-4afd-bf6b-851b12ed4ca4,54,Satou Sabally,satousabally,NYL,points,20.5,-122.0,-104.0,10,10,2025-05-30 07:00:11+00:00,2025-05-30 07:00:11+00:00,2025-05-30 07:00:11+00:00,2025-05-31 02:00:00+00:00,0.0,2025-05-30,2025,REG,PHX,MIN,1.059353471118177,True,,0.5204616807260106,401736149,4281929,11,8,1,True,False,matched,26.0,2025-05-30,under,0.3037266808613487,1.9615384615384617,-1.0,1.0,False,False,False
2183,c7050dfe-d307-423d-9f6f-05ff473adeec,40,Alyssa Thomas,alyssathomas,PHO,rebounds,7.5,-144.0,108.0,10,10,2025-05-30 07:00:11+00:00,2025-05-30 07:00:11+00:00,2025-05-30 07:00:11+00:00,2025-05-31 02:00:00+00:00,0.0,2025-05-30,2025,REG,PHX,MIN,1.0709331651954601,True,,0.5566845205396996,401736149,2529140,11,8,1,True,True,did_not_play,,2025-05-30,under,0.1449238767912267,2.08,0.0,0.0,False,True,False
2183,9973bd1a-8d91-4118-9fe9-92ba25684bc3,177,Sami Whitcomb,samiwhitcomb,PHO,threes,1.5,-145.0,115.0,24,24,2025-05-30 07:26:26+00:00,2025-05-30 07:26:26+00:00,2025-05-30 07:26:26+00:00,2025-05-31 02:00:00+00:00,0.0,2025-05-30,2025,REG,PHX,MIN,1.056953013763645,True,,0.5651598000470045,401736149,887,11,8,1,True,False,matched,1.0,2025-05-30,under,0.45541791118191893,2.15,1.15,1.0,False,False,False
2183,10f89f76-c61d-4782-8e99-3240f323e699,117,Courtney Williams,courtneywilliams,MIN,assists,4.5,-135.0,105.0,24,24,2025-05-30 07:26:26+00:00,2025-05-30 07:26:26+00:00,2025-05-30 07:26:26+00:00,2025-05-31 02:00:00+00:00,0.0,2025-05-30,2025,REG,PHX,MIN,1.0622729631551635,True,,0.5446886059829622,401736149,2987891,8,11,0,True,False,matched,7.0,2025-05-30,over,0.13185177371237172,1.7407407407407407,0.7407407407407407,1.0,False,False,False
2183,c62230d8-f07c-4f59-bf95-f9f941c41034,125,Kayla McBride,kaylamcbride,MIN,threes,2.5,-125.0,-105.0,24,24,2025-05-30 07:26:26+00:00,2025-05-30 07:26:26+00:00,2025-05-30 07:26:26+00:00,2025-05-31 02:00:00+00:00,0.0,2025-05-30,2025,REG,PHX,MIN,1.067750677506775,True,,0.5224258196571001,401736149,2529205,8,11,0,True,False,matched,3.0,2025-05-30,under,0.10759357392703012,1.9523809523809523,-1.0,1.0,False,False,False
2184,4d3f464d-1b7b-4602-87f4-2bfb8cc795e3,293,Odyssey Sims,odysseysims,DAL,points,8.5,-105.0,-125.0,49,49,2025-05-30 08:28:52+00:00,2025-05-30 08:28:52+00:00,2025-05-30 08:28:52+00:00,2025-05-31 02:00:00+00:00,0.0,2025-05-30,2025,REG,LVA,LAS,1.067750677506775,True,,0.47757418034290006,401736148,2529047,6,17,0,True,False,matched,15.0,2025-05-30,under,0.07405858346257516,1.8,-1.0,1.0,False,False,False
2183,33c46947-14d2-401c-a14a-e5dc3161f9cf,121,Alanna Smith,alannasmith,DAL,points,11.5,-114.0,-114.0,10,10,2025-05-30 12:29:34+00:00,2025-05-30 12:29:34+00:00,2025-05-30 12:29:34+00:00,2025-05-31 02:00:00+00:00,0.0,2025-05-30,2025,REG,PHX,MIN,1.0654205607476634,True,,0.5000000000000001,401736149,3913881,8,11,0,True,False,matched,19.0,2025-05-30,under,0.3064162083947821,1.8771929824561404,-1.0,1.0,False,False,False
2180,71afae50-28d7-428b-87b8-322ed171f7fd,43,Olivia Nelson-Ododa,olivianelsonododa,CON,points,9.5,-115.0,-115.0,49,49,2025-05-30 13:05:54+00:00,2025-05-30 13:05:54+00:00,2025-05-30 13:05:54+00:00,2025-05-30 23:30:00+00:00,0.0,2025-05-30,2025,REG,IND,CON,1.0697674418604652,True,,0.5,401736146,4398966,18,5,0,True,False,matched,8.0,2025-05-30,under,0.5091254209149115,1.8695652173913042,0.8695652173913042,1.0,False,False,False
2180,6570b157-985e-4d32-a601-b82cf1da6563,76,Lexie Hull,lexiehull,IND,points,8.5,-115.0,-115.0,49,49,2025-05-30 13:05:54+00:00,2025-05-30 13:05:54+00:00,2025-05-30 13:05:54+00:00,2025-05-30 23:30:00+00:00,0.0,2025-05-30,2025,REG,IND,CON,1.0697674418604652,True,,0.5,401736146,4398829,5,18,1,True,False,matched,12.0,2025-05-30,under,0.1865204454669805,1.8695652173913042,-1.0,1.0,False,False,False
2180,6315ba31-6f9a-4ebf-9258-9769e61c8c9d,22,Marina Mabrey,marinamabrey,TOR,points,15.5,-104.0,-125.0,10,10,2025-05-30 22:49:33+00:00,2025-05-30 22:49:33+00:00,2025-05-30 22:49:33+00:00,2025-05-30 23:30:00+00:00,0.0,2025-05-30,2025,REG,IND,CON,1.065359477124183,True,,0.4763687479911608,401736146,3904576,18,5,0,True,False,matched,26.0,2025-05-30,under,0.09385239725277772,1.8,-1.0,1.0,False,False,False
2185,bc8a986c-c245-4155-8735-c21ea69a5c9d,145,Courtney Vandersloot,courtneyvandersloot,CHI,assists,6.5,-102.0,-130.0,10,10,2025-05-31 06:14:16+00:00,2025-05-31 06:14:16+00:00,2025-05-31 06:14:16+00:00,2025-06-01 00:00:00+00:00,0.0,2025-05-31,2025,REG,DAL,CHI,1.0701678863538528,True,,0.46878765056355093,401736151,981,19,3,0,True,False,matched,7.0,2025-05-31,under,0.3814728696453523,1.7692307692307692,-1.0,1.0,False,False,False
2185,0fd90626-92be-4200-aa05-64b9bf2c5daf,185,Ariel Atkins,arielatkins,LAS,threes,1.5,116.0,-154.0,10,10,2025-05-31 06:14:16+00:00,2025-05-31 06:14:16+00:00,2025-05-31 06:14:16+00:00,2025-06-01 00:00:00+00:00,0.0,2025-05-31,2025,REG,DAL,CHI,1.0692621755613883,True,,0.425792012343204,401736151,3146151,19,3,0,True,False,matched,4.0,2025-05-31,over,0.243966281628539,2.16,1.1600000000000001,1.0,False,False,False
2185,8de0489c-6be4-4a5a-bebd-5dab981183f6,30,Kamilla Cardoso,kamillacardoso,CHI,points,12.5,-118.0,-110.0,10,10,2025-05-31 06:14:17+00:00,2025-05-31 06:14:17+00:00,2025-05-31 06:14:17+00:00,2025-06-01 00:00:00+00:00,0.0,2025-05-31,2025,REG,DAL,CHI,1.0650939274792486,True,,0.5090245232268319,401736151,4433405,19,3,0,True,False,matched,4.0,2025-05-31,under,0.1360467814877227,1.9090909090909092,0.9090909090909092,1.0,False,False,False
2185,0cec113e-e0e1-44cf-bfdb-5c4efbe2a9c3,63,Arike Ogunbowale,arikeogunbowale,DAL,rebounds,2.5,-138.0,104.0,10,10,2025-05-31 06:21:02+00:00,2025-05-31 06:21:02+00:00,2025-05-31 06:21:02+00:00,2025-06-01 00:00:00+00:00,0.0,2025-05-31,2025,REG,DAL,CHI,1.0700280112044818,True,,0.5464208361470752,401736151,3904577,3,19,1,True,False,matched,4.0,2025-05-31,over,0.094897748683278,1.7246376811594204,0.7246376811594204,1.0,False,False,False
2185,7d88d3d1-eab5-4f76-a8a9-cbcea631e38e,48,DiJonai Carrington,dijonaicarrington,CHI,rebounds,3.5,-132.0,100.0,10,10,2025-05-31 06:21:02+00:00,2025-05-31 06:21:02+00:00,2025-05-31 06:21:02+00:00,2025-06-01 00:00:00+00:00,0.0,2025-05-31,2025,REG,DAL,CHI,1.0689655172413794,True,,0.5356937238338165,401736151,4066548,3,19,1,True,False,matched,3.0,2025-05-31,over,0.0868999273392595,1.7575757575757576,-1.0,1.0,False,False,False
2185,92eff26b-c556-4079-beb4-a570c2c7f26c,26,Angel Reese,angelreese,ATL,assists,2.5,-125.0,-105.0,24,24,2025-05-31 06:46:45+00:00,2025-05-31 06:46:45+00:00,2025-05-31 06:46:45+00:00,2025-06-01 00:00:00+00:00,0.0,2025-05-31,2025,REG,DAL,CHI,1.067750677506775,True,,0.5224258196571001,401736151,4433402,19,3,0,True,False,matched,2.0,2025-05-31,under,0.15770372026497792,1.9523809523809523,0.9523809523809523,1.0,False,False,False
2185,034e512f-6965-4a56-b5e6-cb77cc5466e0,61,Maddy Siegrist,maddysiegrist,DAL,points,10.5,120.0,-170.0,33,33,2025-05-31 08:06:21+00:00,2025-05-31 08:06:21+00:00,2025-05-31 08:06:21+00:00,2025-06-01 00:00:00+00:00,0.0,2025-05-31,2025,REG,DAL,CHI,1.0841750841750841,True,,0.40856326639475826,401736151,4399415,3,19,1,True,False,matched,11.0,2025-05-31,under,0.08290335953551642,1.5882352941176472,-1.0,1.0,False,False,False
2185,c95eddcf-5562-465a-a7e1-bf7c052a8c48,193,Myisha Hines-Allen,myishahinesallen,IND,points,9.5,-113.0,-115.0,10,10,2025-05-31 22:21:02+00:00,2025-05-31 22:21:02+00:00,2025-05-31 22:21:02+00:00,2025-06-01 00:00:00+00:00,0.0,2025-05-31,2025,REG,DAL,CHI,1.0654001528551151,True,,0.49774423259931944,401736151,3142055,3,19,1,True,False,matched,1.0,2025-05-31,under,0.39516915889705345,1.8695652173913042,0.8695652173913042,1.0,False,False,False
2186,f0f9325e-403b-4f4c-87fe-dfaa29db185d,9,Tina Charles,tinacharles,FA,rebounds,6.5,116.0,-154.0,10,10,2025-06-01 03:34:35+00:00,2025-06-01 03:34:35+00:00,2025-06-01 03:34:35+00:00,2025-06-01 19:00:00+00:00,0.0,2025-06-01,2025,REG,NYL,CON,1.0692621755613883,True,,0.425792012343204,401736152,918,18,9,0,True,False,matched,1.0,2025-06-01,over,0.22166618448203818,2.16,-1.0,1.0,False,False,False
2186,d8266bd6-966d-4e67-a112-7abc5db2ec91,43,Olivia Nelson-Ododa,olivianelsonododa,CON,points,9.5,102.0,-132.0,10,10,2025-06-01 03:37:56+00:00,2025-06-01 03:37:56+00:00,2025-06-01 03:37:56+00:00,2025-06-01 19:00:00+00:00,0.0,2025-06-01,2025,REG,NYL,CON,1.0640150221918745,True,,0.4618487426836327,401736152,4398966,18,9,0,True,False,matched,6.0,2025-06-01,under,0.4511733693225215,1.7575757575757576,0.7575757575757576,1.0,False,False,False
2186,4f2a3c71-407f-4386-a1bb-64a452e2a3ea,22,Marina Mabrey,marinamabrey,TOR,points,16.5,-110.0,-118.0,10,10,2025-06-01 03:37:56+00:00,2025-06-01 03:37:56+00:00,2025-06-01 03:37:56+00:00,2025-06-01 19:00:00+00:00,0.0,2025-06-01,2025,REG,NYL,CON,1.0650939274792486,True,,0.4909754767731684,401736152,3904576,18,9,0,True,False,matched,8.0,2025-06-01,under,0.19976281483335656,1.847457627118644,0.847457627118644,1.0,False,False,False
2186,e00a9a10-b7e8-42b0-a1e7-b236fc5b65c5,137,Breanna Stewart,breannastewart,NYL,rebounds,5.5,-114.0,-114.0,10,10,2025-06-01 03:44:41+00:00,2025-06-01 03:44:41+00:00,2025-06-01 03:44:41+00:00,2025-06-01 19:00:00+00:00,0.0,2025-06-01,2025,REG,NYL,CON,1.0654205607476634,True,,0.5000000000000001,401736152,2998928,9,18,1,True,False,matched,3.0,2025-06-01,over,0.15301316591125658,1.8771929824561404,-1.0,1.0,False,False,False
2186,1426cb58-b6ff-4738-9a6c-f28d62148668,132,Sabrina Ionescu,sabrinaionescu,NYL,assists,4.5,-104.0,-128.0,10,10,2025-06-01 03:44:41+00:00,2025-06-01 03:44:41+00:00,2025-06-01 03:44:41+00:00,2025-06-01 19:00:00+00:00,0.0,2025-06-01,2025,REG,NYL,CON,1.0712074303405572,True,,0.4732611100971195,401736152,4066533,9,18,1,True,False,matched,5.0,2025-06-01,over,0.13321401333717753,1.9615384615384617,0.9615384615384617,1.0,False,False,False
2186,20c6958d-60f3-40c8-aeb8-7b52333f5640,141,Jonquel Jones,jonqueljones,NYL,rebounds,10.5,-130.0,-102.0,10,10,2025-06-01 03:48:05+00:00,2025-06-01 03:48:05+00:00,2025-06-01 03:48:05+00:00,2025-06-01 19:00:00+00:00,0.0,2025-06-01,2025,REG,NYL,CON,1.0701678863538528,True,,0.5312123494364493,401736152,2999101,9,18,1,True,False,matched,11.0,2025-06-01,under,0.24058255839601067,1.9803921568627452,-1.0,1.0,False,False,False
2186,6030f50d-9015-4e4f-9891-f1c2b7f07eb4,163,Natasha Cloud,natashacloud,CHI,rebounds,3.5,-168.0,126.0,10,10,2025-06-01 03:48:05+00:00,2025-06-01 03:48:05+00:00,2025-06-01 03:48:05+00:00,2025-06-01 19:00:00+00:00,0.0,2025-06-01,2025,REG,NYL,CON,1.0693435477479856,True,,0.5954775535118485,401736152,2529137,9,18,1,True,False,matched,2.0,2025-06-01,under,0.07750755937609621,2.26,1.2599999999999998,1.0,False,False,False
2187,c9dc07a2-da1a-4efb-8d46-f71cb8175c88,103,A'ja Wilson,ajawilson,LVA,rebounds,11.5,-114.0,-114.0,10,10,2025-06-01 05:28:51+00:00,2025-06-01 05:28:51+00:00,2025-06-01 05:28:51+00:00,2025-06-01 22:00:00+00:00,0.0,2025-06-01,2025,REG,SEA,LVA,1.0654205607476634,True,,0.5000000000000001,401736154,3149391,17,14,0,True,False,matched,7.0,2025-06-01,under,0.16116781884214948,1.8771929824561404,0.8771929824561404,1.0,False,False,False
2187,73eca18e-ade5-4761-b470-1c5d23cde460,102,Jackie Young,jackieyoung,LVA,rebounds,3.5,142.0,-192.0,10,10,2025-06-01 05:32:14+00:00,2025-06-01 05:32:14+00:00,2025-06-01 05:32:14+00:00,2025-06-01 22:00:00+00:00,0.0,2025-06-01,2025,REG,SEA,LVA,1.0707573870712102,True,,0.37336020860003377,401736154,4065870,17,14,0,True,False,matched,4.0,2025-06-01,over,0.23093849537853478,2.42,1.42,1.0,False,False,False
2187,2868ad94-313f-400c-8312-0f5966e5651b,107,Chelsea Gray,chelseagray,LVA,assists,3.5,-112.0,-118.0,10,10,2025-06-01 05:32:14+00:00,2025-06-01 05:32:14+00:00,2025-06-01 05:32:14+00:00,2025-06-01 22:00:00+00:00,0.0,2025-06-01,2025,REG,SEA,LVA,1.0695862904621776,True,,0.49327872882454105,401736154,2529122,17,14,0,True,False,matched,6.0,2025-06-01,over,0.19442578114026615,1.8928571428571428,0.8928571428571428,1.0,False,False,False
2187,0ea6f20d-17bb-4031-9ff4-2e10f95d7557,180,Nneka Ogwumike,nnekaogwumike,LAS,points,17.5,-108.0,-120.0,10,10,2025-06-01 05:35:38+00:00,2025-06-01 05:35:38+00:00,2025-06-01 05:35:38+00:00,2025-06-01 22:00:00+00:00,0.0,2025-06-01,2025,REG,SEA,LVA,1.0646853146853146,True,,0.48646030463369283,401736154,1068,14,17,1,True,False,matched,9.0,2025-06-01,under,0.11955006780994082,1.8333333333333335,0.8333333333333335,1.0,False,False,False
2187,5d9690cc-4291-47a5-81cb-b89fcb209f48,208,Gabby Williams,gabbywilliams,GSV,points,12.5,-108.0,-120.0,10,10,2025-06-01 05:35:38+00:00,2025-06-01 05:35:38+00:00,2025-06-01 05:35:38+00:00,2025-06-01 22:00:00+00:00,0.0,2025-06-01,2025,REG,SEA,LVA,1.0646853146853146,True,,0.48646030463369283,401736154,3142328,14,17,1,True,False,matched,20.0,2025-06-01,under,0.11495959974892128,1.8333333333333335,-1.0,1.0,False,False,False
2187,4e9e4528-8594-446b-bd8d-466e630ea577,175,Skylar Diggins,skylardiggins,CHI,points,17.5,100.0,-130.0,10,10,2025-06-01 05:35:38+00:00,2025-06-01 05:35:38+00:00,2025-06-01 05:35:38+00:00,2025-06-01 22:00:00+00:00,0.0,2025-06-01,2025,REG,SEA,LVA,1.065217391304348,True,,0.4663164946059025,401736154,2491205,14,17,1,True,False,matched,11.0,2025-06-01,under,0.05403539129573087,1.7692307692307692,0.7692307692307692,1.0,False,False,False
2189,84458e0e-26c5-4f3c-bd3d-d72a52124454,112,Napheesa Collier,napheesacollier,MIN,points,23.5,-113.0,-115.0,10,10,2025-06-01 06:07:19+00:00,2025-06-01 06:07:19+00:00,2025-06-01 06:07:19+00:00,2025-06-02 00:30:00+00:00,0.0,2025-06-01,2025,REG,GSV,MIN,1.0654001528551151,True,,0.49774423259931944,401736155,3917450,8,129689,0,True,False,matched,24.0,2025-06-01,under,0.11776475173623985,1.8695652173913042,-1.0,1.0,False,False,False
2189,d6d06920-dc32-4573-a35b-5a498a49c2ec,139,Kayla Thornton,kaylathornton,GSV,threes,1.5,-158.0,118.0,10,10,2025-06-01 06:14:04+00:00,2025-06-01 06:14:04+00:00,2025-06-01 06:14:04+00:00,2025-06-02 00:30:00+00:00,0.0,2025-06-01,2025,REG,GSV,MIN,1.0711186971054691,True,,0.5796527091990534,401736155,2529622,129689,8,1,True,False,matched,1.0,2025-06-01,under,0.7805247450670065,2.1799999999999997,1.1799999999999997,1.0,False,False,False
2189,223f2890-3dc3-4cf1-ba7e-fc761f5f72a2,72,Temi Fagbenle,temifagbenle,TOR,rebounds,5.5,-154.0,116.0,10,10,2025-06-01 06:14:04+00:00,2025-06-01 06:14:04+00:00,2025-06-01 06:14:04+00:00,2025-06-02 00:30:00+00:00,0.0,2025-06-01,2025,REG,GSV,MIN,1.0692621755613883,True,,0.574207987656796,401736155,2569044,129689,8,1,True,False,matched,3.0,2025-06-01,under,0.4423259963088668,2.16,1.1600000000000001,1.0,False,False,False
2188,9f25f6bd-11a0-4a64-847d-555d2bcc58e2,101,Kelsey Plum,kelseyplum,LAS,assists,6.5,116.0,-154.0,10,10,2025-06-01 06:31:14+00:00,2025-06-01 06:31:14+00:00,2025-06-01 06:31:14+00:00,2025-06-01 22:00:00+00:00,0.0,2025-06-01,2025,REG,LAS,PHX,1.0692621755613883,True,,0.425792012343204,401736153,3065570,6,11,1,True,False,matched,2.0,2025-06-01,under,0.4003691526616662,1.6493506493506493,0.6493506493506493,1.0,False,False,False
2188,618d548a-1ad7-43da-bc82-3f4a881c02b3,82,Azura Stevens,azurastevens,CHI,rebounds,9.5,-112.0,-118.0,10,10,2025-06-01 06:31:14+00:00,2025-06-01 06:31:14+00:00,2025-06-01 06:31:14+00:00,2025-06-01 22:00:00+00:00,0.0,2025-06-01,2025,REG,LAS,PHX,1.0695862904621776,True,,0.49327872882454105,401736153,3142010,6,11,1,True,False,matched,7.0,2025-06-01,under,0.23396190482812196,1.847457627118644,0.847457627118644,1.0,False,False,False
2188,bbb4650a-ca5f-4720-b5ea-e4d6e7f0f29d,89,Dearica Hamby,dearicahamby,LAS,rebounds,9.5,116.0,-154.0,10,10,2025-06-01 06:31:14+00:00,2025-06-01 06:31:14+00:00,2025-06-01 06:31:14+00:00,2025-06-01 22:00:00+00:00,0.0,2025-06-01,2025,REG,LAS,PHX,1.0692621755613883,True,,0.425792012343204,401736153,2566106,6,11,1,True,False,matched,8.0,2025-06-01,under,0.1635081977297153,1.6493506493506493,0.6493506493506493,1.0,False,False,False
2188,a64a59fd-4e48-481a-9be3-8307799ee3b4,54,Satou Sabally,satousabally,NYL,threes,2.5,110.0,-146.0,10,10,2025-06-01 06:38:15+00:00,2025-06-01 06:38:15+00:00,2025-06-01 06:38:15+00:00,2025-06-01 22:00:00+00:00,0.0,2025-06-01,2025,REG,LAS,PHX,1.0696864111498257,True,,0.4392579960949788,401736153,4281929,11,6,0,True,False,matched,2.0,2025-06-01,under,0.19813223254296658,1.6849315068493151,0.6849315068493151,1.0,False,False,False
2188,0158702c-c8a2-4208-b5d5-512d9835e1b2,177,Sami Whitcomb,samiwhitcomb,PHO,threes,1.5,-145.0,115.0,24,24,2025-06-01 07:42:55+00:00,2025-06-01 07:42:55+00:00,2025-06-01 07:42:55+00:00,2025-06-01 22:00:00+00:00,0.0,2025-06-01,2025,REG,LAS,PHX,1.056953013763645,True,,0.5651598000470045,401736153,887,11,6,0,True,False,matched,3.0,2025-06-01,under,0.41346427176527006,2.15,-1.0,1.0,False,False,False
2189,5a440240-f3e8-4a3e-a472-bbed5ceec086,121,Alanna Smith,alannasmith,DAL,threes,1.5,-140.0,110.0,24,24,2025-06-01 08:02:19+00:00,2025-06-01 08:02:19+00:00,2025-06-01 08:02:19+00:00,2025-06-02 00:30:00+00:00,0.0,2025-06-01,2025,REG,GSV,MIN,1.0595238095238093,True,,0.555167954788897,401736155,3913881,8,129689,0,True,False,matched,0.0,2025-06-01,under,0.23731772262686823,2.1,1.1,1.0,False,False,False
2188,eb6ab614-095d-451e-a9a6-7ea5d59ac87b,293,Odyssey Sims,odysseysims,DAL,points,9.5,-115.0,-115.0,49,49,2025-06-01 10:07:18+00:00,2025-06-01 10:07:18+00:00,2025-06-01 10:07:18+00:00,2025-06-01 22:00:00+00:00,0.0,2025-06-01,2025,REG,LAS,PHX,1.0697674418604652,True,,0.5,401736153,2529047,6,11,1,True,False,matched,32.0,2025-06-01,under,0.10316527569540523,1.8695652173913042,-1.0,1.0,False,False,False
2189,21de492c-6ff4-41ee-87ef-5f51dc4f9f66,117,Courtney Williams,courtneywilliams,MIN,points,14.5,105.0,-150.0,33,33,2025-06-01 11:54:08+00:00,2025-06-01 11:54:08+00:00,2025-06-01 11:54:08+00:00,2025-06-02 00:30:00+00:00,0.0,2025-06-01,2025,REG,GSV,MIN,1.0878048780487806,True,,0.44129415758498114,401736155,2987891,8,129689,0,True,False,matched,20.0,2025-06-01,under,0.08085702881024176,1.6666666666666665,-1.0,1.0,False,False,False
2189,cdaee241-e26b-4845-8d3c-57ef94d2880b,537,Janelle Salaun,janellesalaun,GSV,rebounds,5.5,-130.0,-102.0,10,10,2025-06-01 22:17:54+00:00,2025-06-01 22:17:54+00:00,2025-06-01 22:17:54+00:00,2025-06-02 00:30:00+00:00,0.0,2025-06-01,2025,REG,GSV,MIN,1.0701678863538528,True,,0.5312123494364493,401736155,4790264,129689,8,1,True,False,matched,6.0,2025-06-01,over,0.21447549558632684,1.7692307692307692,0.7692307692307692,1.0,False,False,False
2189,9085a1bd-0634-4890-9fb4-1fc7aa5ad4a3,125,Kayla McBride,kaylamcbride,MIN,points,14.5,-130.0,100.0,10,10,2025-06-01 23:09:46+00:00,2025-06-01 23:09:46+00:00,2025-06-01 23:09:46+00:00,2025-06-02 00:30:00+00:00,0.0,2025-06-01,2025,REG,GSV,MIN,1.065217391304348,True,,0.5336835053940976,401736155,2529205,8,129689,0,True,False,matched,16.0,2025-06-01,under,0.07679081260762621,2.0,-1.0,1.0,False,False,False
2189,238e78d7-657a-4813-ae70-0bb94a5bb5a9,55,Veronica Burton,veronicaburton,GSV,points,9.5,-108.0,-120.0,10,10,2025-06-02 00:14:00+00:00,2025-06-02 00:14:00+00:00,2025-06-02 00:14:00+00:00,2025-06-02 00:30:00+00:00,0.0,2025-06-01,2025,REG,GSV,MIN,1.0646853146853146,True,,0.48646030463369283,401736155,4398935,129689,8,1,True,False,matched,21.0,2025-06-01,under,0.4826593951637217,1.8333333333333335,-1.0,1.0,False,False,False
2190,cda9a0a4-437f-44b4-b817-c00d207d9dd6,182,Brittney Sykes,brittneysykes,TOR,assists,4.5,-106.0,-125.0,10,10,2025-06-02 04:53:03+00:00,2025-06-02 04:53:03+00:00,2025-06-02 04:53:03+00:00,2025-06-03 23:00:00+00:00,0.0,2025-06-03,2025,REG,IND,WAS,1.070118662351672,True,,0.4787708928615623,401736156,2988756,16,5,0,True,False,matched,4.0,2025-06-03,under,0.24994708778456526,1.8,0.8,1.0,False,False,False
2192,7df38eff-8af0-4664-a2b6-ee9dccff786c,61,Maddy Siegrist,maddysiegrist,DAL,points,9.5,-110.0,-118.0,10,10,2025-06-02 05:16:22+00:00,2025-06-02 05:16:22+00:00,2025-06-02 05:16:22+00:00,2025-06-04 01:30:00+00:00,0.0,2025-06-03,2025,REG,SEA,DAL,1.0650939274792486,True,,0.4909754767731684,401736158,4399415,3,14,0,True,False,matched,11.0,2025-06-03,under,0.2001616277821472,1.847457627118644,-1.0,1.0,False,False,False
2192,edaaa959-eb79-4920-b0e0-1e7200be9cb6,208,Gabby Williams,gabbywilliams,GSV,threes,1.5,-130.0,-102.0,10,10,2025-06-02 05:16:22+00:00,2025-06-02 05:16:22+00:00,2025-06-02 05:16:22+00:00,2025-06-04 01:30:00+00:00,0.0,2025-06-03,2025,REG,SEA,DAL,1.0701678863538528,True,,0.5312123494364493,401736158,3142328,14,3,1,True,False,matched,1.0,2025-06-03,under,0.13601706825646132,1.9803921568627452,0.9803921568627452,1.0,False,False,False
2192,700365e7-e333-4e6a-80d1-ef6de842b849,48,DiJonai Carrington,dijonaicarrington,CHI,points,12.5,-115.0,-113.0,10,10,2025-06-02 05:16:22+00:00,2025-06-02 05:16:22+00:00,2025-06-02 05:16:22+00:00,2025-06-04 01:30:00+00:00,0.0,2025-06-03,2025,REG,SEA,DAL,1.0654001528551151,True,,0.5022557674006809,401736158,4066548,3,14,0,True,False,matched,22.0,2025-06-03,under,0.13480153497949293,1.8849557522123894,-1.0,1.0,False,False,False
2192,4bb4486b-3f22-4fa4-a7b5-d27b2651742c,176,Ezi Magbegor,ezimagbegor,SEA,rebounds,7.5,-136.0,102.0,10,10,2025-06-02 05:16:22+00:00,2025-06-02 05:16:22+00:00,2025-06-02 05:16:22+00:00,2025-06-04 01:30:00+00:00,0.0,2025-06-03,2025,REG,SEA,DAL,1.071320691391173,True,,0.5420932924427202,401736158,4420318,14,3,1,True,False,matched,7.0,2025-06-03,under,0.11541809047017076,2.02,1.02,1.0,False,False,False
2192,24ae5161-05fb-4614-abab-1408eca2b03f,63,Arike Ogunbowale,arikeogunbowale,DAL,points,17.5,-122.0,-106.0,10,10,2025-06-02 05:16:22+00:00,2025-06-02 05:16:22+00:00,2025-06-02 05:16:22+00:00,2025-06-04 01:30:00+00:00,0.0,2025-06-03,2025,REG,SEA,DAL,1.064112656345666,True,,0.518058368553134,401736158,3904577,3,14,0,True,False,matched,8.0,2025-06-03,under,0.05251873212046709,1.9433962264150944,0.9433962264150944,1.0,False,False,False
2191,d6c222a2-d2cb-4ae4-aa51-3750e3875d3b,117,Courtney Williams,courtneywilliams,MIN,threes,1.5,144.0,-194.0,10,10,2025-06-02 06:20:25+00:00,2025-06-02 06:20:25+00:00,2025-06-02 06:20:25+00:00,2025-06-04 00:00:00+00:00,0.0,2025-06-03,2025,REG,MIN,PHX,1.0697000111520019,True,,0.3704715671741537,401736157,2987891,8,11,1,True,False,matched,0.0,2025-06-03,under,0.14702178092887655,1.5154639175257731,0.5154639175257731,1.0,False,False,False
2191,f024bcd7-42de-4063-9ee6-ee1c6c722db6,112,Napheesa Collier,napheesacollier,MIN,threes,1.5,148.0,-200.0,10,10,2025-06-02 06:20:25+00:00,2025-06-02 06:20:25+00:00,2025-06-02 06:20:25+00:00,2025-06-04 00:00:00+00:00,0.0,2025-06-03,2025,REG,MIN,PHX,1.0698924731182795,True,,0.3634985050458517,401736157,3917450,8,11,1,True,False,matched,0.0,2025-06-03,under,0.08760242192048967,1.5,0.5,1.0,False,False,False
2191,029a4586-317b-4561-9f42-11986f82b2b0,54,Satou Sabally,satousabally,NYL,points,21.5,-115.0,-113.0,10,10,2025-06-02 06:23:45+00:00,2025-06-02 06:23:45+00:00,2025-06-02 06:23:45+00:00,2025-06-04 00:00:00+00:00,0.0,2025-06-03,2025,REG,MIN,PHX,1.0654001528551151,True,,0.5022557674006809,401736157,4281929,11,8,0,True,False,matched,15.0,2025-06-03,under,0.2962262140952453,1.8849557522123894,0.8849557522123894,1.0,False,False,False
2191,e96362aa-8bee-4abf-962e-8869d9ed7258,177,Sami Whitcomb,samiwhitcomb,PHO,threes,1.5,-150.0,105.0,49,49,2025-06-02 09:24:05+00:00,2025-06-02 09:24:05+00:00,2025-06-02 09:24:05+00:00,2025-06-04 00:00:00+00:00,0.0,2025-06-03,2025,REG,MIN,PHX,1.0878048780487806,True,,0.5587058424150191,401736157,887,11,8,0,True,False,matched,0.0,2025-06-03,under,0.3911766090590432,2.05,1.0499999999999998,1.0,False,False,False
2191,444876fa-bc9d-4712-bcb1-f06b0f99503d,563,Monique Akoa Makani,moniqueakoamakani,PHO,points,10.5,-105.0,-127.0,36,36,2025-06-03 06:58:58+00:00,2025-06-03 06:58:58+00:00,2025-06-03 06:58:58+00:00,2025-06-04 00:00:00+00:00,0.0,2025-06-03,2025,REG,MIN,PHX,1.0716664875899862,True,,0.47549523736149757,401736157,5274110,11,8,0,True,False,matched,4.0,2025-06-03,under,0.1903268180897748,1.7874015748031495,0.7874015748031495,1.0,False,False,False
2190,6efd18a5-3abb-482e-a6e8-aab4f5636ded,573,Sonia Citron,soniacitron,WAS,assists,3.5,-110.0,-130.0,49,49,2025-06-03 18:09:56+00:00,2025-06-03 18:09:56+00:00,2025-06-03 18:09:56+00:00,2025-06-03 23:00:00+00:00,0.0,2025-06-03,2025,REG,IND,WAS,1.0890269151138718,True,,0.47832076753442404,401736156,4433524,16,5,0,True,False,matched,1.0,2025-06-03,under,0.5130411371923796,1.7692307692307692,0.7692307692307692,1.0,False,False,False
2194,5ce2544c-ca23-4130-8ff9-a9e6dc85c367,55,Veronica Burton,veronicaburton,GSV,threes,1.5,138.0,-186.0,10,10,2025-06-04 03:18:18+00:00,2025-06-04 03:18:18+00:00,2025-06-04 03:18:18+00:00,2025-06-06 02:00:00+00:00,0.0,2025-06-05,2025,REG,PHX,GSV,1.070517717576541,True,,0.3807086475713989,401736160,4398935,129689,11,0,True,False,matched,1.0,2025-06-05,under,0.19636866387053964,1.5376344086021505,0.5376344086021505,1.0,False,False,False
2194,72500f45-4f54-4d28-b8c3-d5af00b69877,139,Kayla Thornton,kaylathornton,GSV,points,11.5,-130.0,100.0,10,10,2025-06-04 03:18:19+00:00,2025-06-04 03:18:19+00:00,2025-06-04 03:18:19+00:00,2025-06-06 02:00:00+00:00,0.0,2025-06-05,2025,REG,PHX,GSV,1.065217391304348,True,,0.5336835053940976,401736160,2529622,129689,11,0,True,False,matched,10.0,2025-06-05,under,0.6736089181248599,2.0,1.0,1.0,False,False,False
2194,82414b29-1b2a-4ecc-8528-99a8cecbcbed,54,Satou Sabally,satousabally,NYL,points,21.5,-115.0,-113.0,10,10,2025-06-04 03:18:19+00:00,2025-06-04 03:18:19+00:00,2025-06-04 03:18:19+00:00,2025-06-06 02:00:00+00:00,0.0,2025-06-05,2025,REG,PHX,GSV,1.0654001528551151,True,,0.5022557674006809,401736160,4281929,11,129689,1,True,False,matched,19.0,2025-06-05,under,0.18884799815997994,1.8849557522123894,0.8849557522123894,1.0,False,False,False
2194,b5c0ff1c-0274-4024-a418-82e8d7ce5966,537,Janelle Salaun,janellesalaun,GSV,points,12.5,-104.0,-125.0,10,10,2025-06-04 03:18:19+00:00,2025-06-04 03:18:19+00:00,2025-06-04 03:18:19+00:00,2025-06-06 02:00:00+00:00,0.0,2025-06-05,2025,REG,PHX,GSV,1.065359477124183,True,,0.4763687479911608,401736160,4790264,129689,11,0,True,False,matched,9.0,2025-06-05,under,0.14923519777022776,1.8,0.8,1.0,False,False,False
2193,b6ce32d5-6b29-440e-91e8-71595d64fd98,132,Sabrina Ionescu,sabrinaionescu,NYL,assists,4.5,134.0,-180.0,10,10,2025-06-04 05:51:12+00:00,2025-06-04 05:51:12+00:00,2025-06-04 05:51:12+00:00,2025-06-05 23:30:00+00:00,0.0,2025-06-05,2025,REG,WAS,NYL,1.0702075702075702,True,,0.38834080463047865,401736159,4066533,9,16,0,True,False,matched,7.0,2025-06-05,over,0.28167727272757737,2.34,1.3399999999999999,1.0,False,False,False
2193,76221825-8c5c-4f13-945b-0807d0e2ee13,182,Brittney Sykes,brittneysykes,TOR,points,19.5,102.0,-132.0,10,10,2025-06-04 05:51:12+00:00,2025-06-04 05:51:12+00:00,2025-06-04 05:51:12+00:00,2025-06-05 23:30:00+00:00,0.0,2025-06-05,2025,REG,WAS,NYL,1.0640150221918745,True,,0.4618487426836327,401736159,2988756,16,9,1,True,False,matched,7.0,2025-06-05,under,0.21843952513047887,1.7575757575757576,0.7575757575757576,1.0,False,False,False
2193,90dd0893-7172-4a4b-aed3-7d52c7921d03,572,Kiki Iriafen,kikiiriafen,WAS,rebounds,8.5,108.0,-144.0,10,10,2025-06-04 05:51:12+00:00,2025-06-04 05:51:12+00:00,2025-06-04 05:51:12+00:00,2025-06-05 23:30:00+00:00,0.0,2025-06-05,2025,REG,WAS,NYL,1.0709331651954601,True,,0.4433154794603006,401736159,4898384,16,9,1,True,False,matched,9.0,2025-06-05,over,0.14093959593894456,2.08,1.08,1.0,False,False,False
2193,13b6796b-6b11-4d1e-aff8-47c1533e1c55,141,Jonquel Jones,jonqueljones,NYL,rebounds,10.5,-136.0,102.0,10,10,2025-06-04 05:51:13+00:00,2025-06-04 05:51:13+00:00,2025-06-04 05:51:13+00:00,2025-06-05 23:30:00+00:00,0.0,2025-06-05,2025,REG,WAS,NYL,1.071320691391173,True,,0.5420932924427202,401736159,2999101,9,16,0,True,False,matched,4.0,2025-06-05,under,0.2658235098051694,2.02,1.02,1.0,False,False,False
2193,c5112726-ce26-4e79-a8ff-73422f3cef0d,137,Breanna Stewart,breannastewart,NYL,rebounds,5.5,118.0,-158.0,10,10,2025-06-04 05:51:13+00:00,2025-06-04 05:51:13+00:00,2025-06-04 05:51:13+00:00,2025-06-05 23:30:00+00:00,0.0,2025-06-05,2025,REG,WAS,NYL,1.0711186971054691,True,,0.42034729080094674,401736159,2998928,9,16,0,True,False,matched,11.0,2025-06-05,over,0.23891931447763093,2.1799999999999997,1.1799999999999997,1.0,False,False,False
2194,3bbfd11a-e698-4070-8f1f-da85684a7bd4,300,Kitija Laksa,kitijalaksa,FA,threes,1.5,-150.0,120.0,24,24,2025-06-04 10:35:56+00:00,2025-06-04 10:35:56+00:00,2025-06-04 10:35:56+00:00,2025-06-06 02:00:00+00:00,0.0,2025-06-05,2025,REG,PHX,GSV,1.0545454545454547,True,,0.5746986093321318,401736160,3920741,11,129689,1,True,False,matched,2.0,2025-06-05,under,0.20430557245636966,2.2,-1.0,1.0,False,False,False
2194,08b01caa-46de-4ecc-8f84-1d8464fb527b,72,Temi Fagbenle,temifagbenle,TOR,points,8.5,-125.0,-105.0,49,49,2025-06-04 13:23:49+00:00,2025-06-04 13:23:49+00:00,2025-06-04 13:23:49+00:00,2025-06-06 02:00:00+00:00,0.0,2025-06-05,2025,REG,PHX,GSV,1.067750677506775,True,,0.5224258196571001,401736160,2569044,129689,11,0,True,False,matched,12.0,2025-06-05,under,0.3437711248689056,1.9523809523809523,-1.0,1.0,False,False,False
2196,807aeac5-3c82-4184-bd3f-65fdfca2df21,101,Kelsey Plum,kelseyplum,LAS,assists,5.5,118.0,-158.0,10,10,2025-06-05 19:56:50+00:00,2025-06-05 19:56:50+00:00,2025-06-05 19:56:50+00:00,2025-06-07 01:30:00+00:00,0.0,2025-06-06,2025,REG,DAL,LAS,1.0711186971054691,True,,0.42034729080094674,401736162,3065570,6,3,0,True,False,matched,9.0,2025-06-06,under,0.28642756194146113,1.6329113924050633,-1.0,1.0,False,False,False
2196,dd98b987-a356-44c8-9106-53cb478b8cd6,89,Dearica Hamby,dearicahamby,LAS,rebounds,8.5,-114.0,-114.0,10,10,2025-06-05 19:56:50+00:00,2025-06-05 19:56:50+00:00,2025-06-05 19:56:50+00:00,2025-06-07 01:30:00+00:00,0.0,2025-06-06,2025,REG,DAL,LAS,1.0654205607476634,True,,0.5000000000000001,401736162,2566106,6,3,0,True,False,matched,4.0,2025-06-06,under,0.16080115098937342,1.8771929824561404,0.8771929824561404,1.0,False,False,False
2196,3df49947-4ad0-44a2-8f6e-607dc8ded65f,82,Azura Stevens,azurastevens,CHI,rebounds,9.5,116.0,-154.0,10,10,2025-06-05 19:56:50+00:00,2025-06-05 19:56:50+00:00,2025-06-05 19:56:50+00:00,2025-06-07 01:30:00+00:00,0.0,2025-06-06,2025,REG,DAL,LAS,1.0692621755613883,True,,0.425792012343204,401736162,3142010,6,3,0,True,False,matched,6.0,2025-06-06,under,0.13538700520189006,1.6493506493506493,0.6493506493506493,1.0,False,False,False
2195,cffef3c2-0153-4d49-9bea-c0b1991babd3,49,Brionna Jones,brionnajones,ATL,rebounds,8.5,104.0,-138.0,10,10,2025-06-05 20:35:28+00:00,2025-06-05 20:35:28+00:00,2025-06-05 20:35:28+00:00,2025-06-06 23:30:00+00:00,0.0,2025-06-06,2025,REG,CON,ATL,1.0700280112044818,True,,0.4535791638529251,401736161,3058895,20,18,0,True,False,matched,6.0,2025-06-06,under,0.2723945878881247,1.7246376811594204,0.7246376811594204,1.0,False,False,False
2195,f8a222bc-d651-4a98-b218-2496e9f5f7f9,15,Rhyne Howard,rhynehoward,ATL,assists,4.5,-128.0,-104.0,10,10,2025-06-05 20:35:28+00:00,2025-06-05 20:35:28+00:00,2025-06-05 20:35:28+00:00,2025-06-06 23:30:00+00:00,0.0,2025-06-06,2025,REG,CON,ATL,1.0712074303405572,True,,0.5267388899028808,401736161,4398674,20,18,0,True,False,matched,6.0,2025-06-06,under,0.22735060367206023,1.9615384615384617,-1.0,1.0,False,False,False
2195,f15c3db7-27a3-45d6-9539-1eaaa8e82a1d,148,Brittney Griner,brittneygriner,CON,rebounds,6.5,-125.0,-106.0,10,10,2025-06-05 20:35:28+00:00,2025-06-05 20:35:28+00:00,2025-06-05 20:35:28+00:00,2025-06-06 23:30:00+00:00,0.0,2025-06-06,2025,REG,CON,ATL,1.070118662351672,True,,0.5212291071384377,401736161,2490553,20,18,0,True,False,matched,6.0,2025-06-06,under,0.20870415772960754,1.9433962264150944,0.9433962264150944,1.0,False,False,False
2195,d1fbbf84-4da0-4dc4-a7cb-2de92931369f,1,Allisha Gray,allishagray,ATL,assists,3.5,-148.0,112.0,10,10,2025-06-05 20:35:28+00:00,2025-06-05 20:35:28+00:00,2025-06-05 20:35:28+00:00,2025-06-06 23:30:00+00:00,0.0,2025-06-06,2025,REG,CON,ATL,1.0684723067559343,True,,0.5647227530167998,401736161,3058901,20,18,0,True,False,matched,4.0,2025-06-06,under,0.1860759937865601,2.12,-1.0,1.0,False,False,False
2195,4de7379c-dbef-4f64-a0f5-35af211566be,9,Tina Charles,tinacharles,FA,points,15.5,-122.0,-106.0,10,10,2025-06-05 20:35:28+00:00,2025-06-05 20:35:28+00:00,2025-06-05 20:35:28+00:00,2025-06-06 23:30:00+00:00,0.0,2025-06-06,2025,REG,CON,ATL,1.064112656345666,True,,0.518058368553134,401736161,918,18,20,1,True,False,matched,19.0,2025-06-06,under,0.14820945631970078,1.9433962264150944,-1.0,1.0,False,False,False
2195,8a876085-0349-48dd-9fbd-761be0753d9e,22,Marina Mabrey,marinamabrey,TOR,points,15.5,-108.0,-120.0,10,10,2025-06-05 20:35:28+00:00,2025-06-05 20:35:28+00:00,2025-06-05 20:35:28+00:00,2025-06-06 23:30:00+00:00,0.0,2025-06-06,2025,REG,CON,ATL,1.0646853146853146,True,,0.48646030463369283,401736161,3904576,18,20,1,True,False,matched,34.0,2025-06-06,under,0.11634891363840288,1.8333333333333335,-1.0,1.0,False,False,False
2195,98a65dcf-1d6d-449a-850b-ea972938f5dd,43,Olivia Nelson-Ododa,olivianelsonododa,CON,rebounds,5.5,-158.0,118.0,10,10,2025-06-06 00:04:00+00:00,2025-06-06 00:04:00+00:00,2025-06-06 00:04:00+00:00,2025-06-06 23:30:00+00:00,0.0,2025-06-06,2025,REG,CON,ATL,1.0711186971054691,True,,0.5796527091990534,401736161,4398966,18,20,1,True,False,matched,1.0,2025-06-06,under,0.48388339955983045,2.1799999999999997,1.1799999999999997,1.0,False,False,False
2194,8cc4804e-7dc5-4bef-b407-fe19deaebe9d,177,Sami Whitcomb,samiwhitcomb,PHO,points,9.5,-114.0,-114.0,10,10,2025-06-06 01:48:09+00:00,2025-06-06 01:48:09+00:00,2025-06-06 01:48:09+00:00,2025-06-06 02:00:00+00:00,0.0,2025-06-05,2025,REG,PHX,GSV,1.0654205607476634,True,,0.5000000000000001,401736160,887,11,129689,1,True,False,matched,9.0,2025-06-05,under,0.4335535011121112,1.8771929824561404,0.8771929824561404,1.0,False,False,False
2198,09bb133f-be56-4c00-a78d-993655c7aabb,71,Aliyah Boston,aliyahboston,IND,assists,3.5,-172.0,128.0,10,10,2025-06-06 05:29:50+00:00,2025-06-06 05:29:50+00:00,2025-06-06 05:29:50+00:00,2025-06-08 00:00:00+00:00,0.0,2025-06-07,2025,REG,CHI,IND,1.0709494324045408,True,,0.6004234693007796,401736164,4432831,5,19,0,True,False,matched,5.0,2025-06-07,under,0.23310143584488396,2.2800000000000002,-1.0,1.0,False,False,False
2198,63b24c9d-046c-4186-9225-709d222bc45b,26,Angel Reese,angelreese,ATL,assists,2.5,-136.0,102.0,10,10,2025-06-06 05:29:50+00:00,2025-06-06 05:29:50+00:00,2025-06-06 05:29:50+00:00,2025-06-08 00:00:00+00:00,0.0,2025-06-07,2025,REG,CHI,IND,1.071320691391173,True,,0.5420932924427202,401736164,4433402,19,5,1,True,False,matched,2.0,2025-06-07,under,0.17580088648253323,2.02,1.02,1.0,False,False,False
2198,cf59b6ad-0dbe-4fee-a7a8-782d3214efb5,185,Ariel Atkins,arielatkins,LAS,rebounds,3.5,-120.0,-110.0,10,10,2025-06-06 05:29:50+00:00,2025-06-06 05:29:50+00:00,2025-06-06 05:29:50+00:00,2025-06-08 00:00:00+00:00,0.0,2025-06-07,2025,REG,CHI,IND,1.0692640692640691,True,,0.5112040114787568,401736164,3146151,19,5,1,True,False,matched,3.0,2025-06-07,under,0.11730112488352995,1.9090909090909092,0.9090909090909092,1.0,False,False,False
2198,d47d6bcd-9352-4adb-ad59-8e93f016fd75,145,Courtney Vandersloot,courtneyvandersloot,CHI,assists,6.5,-136.0,102.0,10,10,2025-06-06 05:29:51+00:00,2025-06-06 05:29:51+00:00,2025-06-06 05:29:51+00:00,2025-06-08 00:00:00+00:00,0.0,2025-06-07,2025,REG,CHI,IND,1.071320691391173,True,,0.5420932924427202,401736164,981,19,5,1,True,False,matched,0.0,2025-06-07,under,0.468433238096807,2.02,1.02,1.0,False,False,False
2198,b66573dd-325a-4de6-ade9-21b363931c0d,70,Kelsey Mitchell,kelseymitchell,IND,points,20.5,-106.0,-122.0,10,10,2025-06-06 05:29:51+00:00,2025-06-06 05:29:51+00:00,2025-06-06 05:29:51+00:00,2025-06-08 00:00:00+00:00,0.0,2025-06-07,2025,REG,CHI,IND,1.064112656345666,True,,0.4819416314468661,401736164,3142191,5,19,0,True,False,matched,17.0,2025-06-07,under,0.132630155899228,1.819672131147541,0.819672131147541,1.0,False,False,False
2199,4048e52e-1a5a-4818-8f37-5aeb21683ef2,180,Nneka Ogwumike,nnekaogwumike,LAS,points,17.5,-120.0,-108.0,10,10,2025-06-06 05:47:05+00:00,2025-06-06 05:47:05+00:00,2025-06-06 05:47:05+00:00,2025-06-08 02:00:00+00:00,0.0,2025-06-07,2025,REG,PHX,SEA,1.0646853146853146,True,,0.5135396953663074,401736165,1068,14,11,0,True,False,matched,13.0,2025-06-07,under,0.255296830808508,1.925925925925926,0.925925925925926,1.0,False,False,False
2199,abf875cf-1640-4884-b9c5-8b0eb30dce16,54,Satou Sabally,satousabally,NYL,threes,1.5,-178.0,132.0,10,10,2025-06-06 05:47:05+00:00,2025-06-06 05:47:05+00:00,2025-06-06 05:47:05+00:00,2025-06-08 02:00:00+00:00,0.0,2025-06-07,2025,REG,PHX,SEA,1.0713222525427932,True,,0.6084851511650193,401736165,4281929,11,14,1,True,False,matched,2.0,2025-06-07,under,0.2552106208843458,2.3200000000000003,-1.0,1.0,False,False,False
2199,9b50d856-d12c-4656-b899-360b78e571ce,175,Skylar Diggins,skylardiggins,CHI,threes,0.5,-245.0,178.0,10,10,2025-06-06 05:47:05+00:00,2025-06-06 05:47:05+00:00,2025-06-06 05:47:05+00:00,2025-06-08 02:00:00+00:00,0.0,2025-06-07,2025,REG,PHX,SEA,1.0698571577520593,True,,0.6816736496668425,401736165,2491205,14,11,0,True,False,matched,4.0,2025-06-07,under,0.1906409974837806,2.7800000000000002,-1.0,1.0,False,False,False
2199,c1f619b1-f9b3-4c64-b252-a27e4f8cba2e,176,Ezi Magbegor,ezimagbegor,SEA,points,9.5,-104.0,-125.0,10,10,2025-06-06 05:47:05+00:00,2025-06-06 05:47:05+00:00,2025-06-06 05:47:05+00:00,2025-06-08 02:00:00+00:00,0.0,2025-06-07,2025,REG,PHX,SEA,1.065359477124183,True,,0.4763687479911608,401736165,4420318,14,11,0,True,False,matched,4.0,2025-06-07,under,0.15131686855378812,1.8,0.8,1.0,False,False,False
2199,ca5fd2d9-456c-4eef-82bd-3c54a84a15c6,208,Gabby Williams,gabbywilliams,GSV,points,14.5,102.0,-132.0,10,10,2025-06-06 05:47:05+00:00,2025-06-06 05:47:05+00:00,2025-06-06 05:47:05+00:00,2025-06-08 02:00:00+00:00,0.0,2025-06-07,2025,REG,PHX,SEA,1.0640150221918745,True,,0.4618487426836327,401736165,3142328,14,11,0,True,False,matched,21.0,2025-06-07,under,0.1441364707596962,1.7575757575757576,-1.0,1.0,False,False,False
2197,74def887-32b3-46d6-a4d3-075aa4ecee0d,139,Kayla Thornton,kaylathornton,GSV,points,11.5,-115.0,-113.0,10,10,2025-06-06 06:21:01+00:00,2025-06-06 06:21:01+00:00,2025-06-06 06:21:01+00:00,2025-06-07 19:00:00+00:00,0.0,2025-06-07,2025,REG,GSV,LVA,1.0654001528551151,True,,0.5022557674006809,401736163,2529622,129689,17,1,True,False,matched,22.0,2025-06-07,under,0.5672387217727193,1.8849557522123894,-1.0,1.0,False,False,False
2197,a40be21e-f3de-4ac4-bbd6-d2060ef9ed18,55,Veronica Burton,veronicaburton,GSV,points,10.5,-120.0,-108.0,10,10,2025-06-06 06:21:01+00:00,2025-06-06 06:21:01+00:00,2025-06-06 06:21:01+00:00,2025-06-07 19:00:00+00:00,0.0,2025-06-07,2025,REG,GSV,LVA,1.0646853146853146,True,,0.5135396953663074,401736163,4398935,129689,17,1,True,False,matched,14.0,2025-06-07,under,0.47173483095885,1.925925925925926,-1.0,1.0,False,False,False
2197,5ed1989c-7cc0-4cce-879e-5ec4632ff71c,103,A'ja Wilson,ajawilson,LVA,rebounds,11.5,-128.0,-102.0,10,10,2025-06-06 06:21:01+00:00,2025-06-06 06:21:01+00:00,2025-06-06 06:21:01+00:00,2025-06-07 19:00:00+00:00,0.0,2025-06-07,2025,REG,GSV,LVA,1.0663540038214347,True,,0.5291749480305961,401736163,3149391,17,129689,0,True,False,matched,6.0,2025-06-07,under,0.2736294962541905,1.9803921568627452,0.9803921568627452,1.0,False,False,False
2197,b0a78da2-15ab-41c5-b918-a939e785fc9e,102,Jackie Young,jackieyoung,LVA,rebounds,3.5,140.0,-188.0,10,10,2025-06-06 06:21:01+00:00,2025-06-06 06:21:01+00:00,2025-06-06 06:21:01+00:00,2025-06-07 19:00:00+00:00,0.0,2025-06-07,2025,REG,GSV,LVA,1.0694444444444444,True,,0.37770717896550643,401736163,4065870,17,129689,0,True,False,matched,3.0,2025-06-07,over,0.23606254355767553,2.4,-1.0,1.0,False,False,False
2197,4db872ec-6c44-48ec-8810-f822d6bf3b31,537,Janelle Salaun,janellesalaun,GSV,points,11.5,-122.0,-106.0,10,10,2025-06-06 06:21:01+00:00,2025-06-06 06:21:01+00:00,2025-06-06 06:21:01+00:00,2025-06-07 19:00:00+00:00,0.0,2025-06-07,2025,REG,GSV,LVA,1.064112656345666,True,,0.518058368553134,401736163,4790264,129689,17,1,True,False,matched,4.0,2025-06-07,under,0.1360988587397965,1.9433962264150944,0.9433962264150944,1.0,False,False,False
2197,2b57a4cb-0220-41b5-a053-4b750652008e,107,Chelsea Gray,chelseagray,LVA,points,10.5,-128.0,-102.0,10,10,2025-06-06 06:21:01+00:00,2025-06-06 06:21:01+00:00,2025-06-06 06:21:01+00:00,2025-06-07 19:00:00+00:00,0.0,2025-06-07,2025,REG,GSV,LVA,1.0663540038214347,True,,0.5291749480305961,401736163,2529122,17,129689,0,True,False,matched,16.0,2025-06-07,under,0.08269931967893318,1.9803921568627452,-1.0,1.0,False,False,False
2197,4e81dd1d-94d9-4136-a583-3f2b63f42774,166,Jewell Loyd,jewellloyd,LVA,assists,3.5,144.0,-194.0,10,10,2025-06-06 06:21:01+00:00,2025-06-06 06:21:01+00:00,2025-06-06 06:21:01+00:00,2025-06-07 19:00:00+00:00,0.0,2025-06-07,2025,REG,GSV,LVA,1.0697000111520019,True,,0.3704715671741537,401736163,2987869,17,129689,0,True,False,matched,1.0,2025-06-07,under,0.05645419082404074,1.5154639175257731,0.5154639175257731,1.0,False,False,False
2195,19c42ff7-05fd-48de-80bf-978b018c81d4,518,Saniya Rivers,saniyarivers,CON,points,8.5,-115.0,-115.0,49,49,2025-06-06 11:31:15+00:00,2025-06-06 11:31:15+00:00,2025-06-06 11:31:15+00:00,2025-06-06 23:30:00+00:00,0.0,2025-06-06,2025,REG,CON,ATL,1.0697674418604652,True,,0.5,401736161,4433514,18,20,1,True,False,matched,9.0,2025-06-06,under,0.2130189415023055,1.8695652173913042,-1.0,1.0,False,False,False
2196,3e669074-7e65-4e44-a963-42beffb04a85,61,Maddy Siegrist,maddysiegrist,DAL,rebounds,4.5,-130.0,-105.0,33,33,2025-06-06 11:51:49+00:00,2025-06-06 11:51:49+00:00,2025-06-06 11:51:49+00:00,2025-06-07 01:30:00+00:00,0.0,2025-06-06,2025,REG,DAL,LAS,1.0774125132555674,True,,0.5275730862680912,401736162,4399415,3,6,1,True,False,matched,2.0,2025-06-06,under,0.12162217650850426,1.9523809523809523,0.9523809523809523,1.0,False,False,False
2198,ecaa527a-0aaf-41e0-8e49-d7bd425f236f,56,Natasha Howard,natashahoward,MIN,points,9.5,-105.0,-125.0,19,19,2025-06-07 04:08:44+00:00,2025-06-07 04:08:44+00:00,2025-06-07 04:08:44+00:00,2025-06-08 00:00:00+00:00,0.0,2025-06-07,2025,REG,CHI,IND,1.067750677506775,True,,0.47757418034290006,401736164,2529130,5,19,0,True,False,matched,13.0,2025-06-07,over,0.1748700721774314,1.9523809523809523,0.9523809523809523,1.0,False,False,False
2199,1fc3c2e8-82c6-4add-87c5-116dbef1bc39,177,Sami Whitcomb,samiwhitcomb,PHO,points,8.5,-110.0,-130.0,33,33,2025-06-07 06:09:42+00:00,2025-06-07 06:09:42+00:00,2025-06-07 06:09:42+00:00,2025-06-08 02:00:00+00:00,0.0,2025-06-07,2025,REG,PHX,SEA,1.0890269151138718,True,,0.47832076753442404,401736165,887,11,14,1,True,False,matched,7.0,2025-06-07,under,0.23954453498571243,1.7692307692307692,0.7692307692307692,1.0,False,False,False
2197,9fb91f77-a52c-4389-885d-10eb3d19c14d,72,Temi Fagbenle,temifagbenle,TOR,points,9.5,105.0,-150.0,33,33,2025-06-07 16:35:02+00:00,2025-06-07 16:35:02+00:00,2025-06-07 16:35:02+00:00,2025-06-07 19:00:00+00:00,0.0,2025-06-07,2025,REG,GSV,LVA,1.0878048780487806,True,,0.44129415758498114,401736163,2569044,129689,17,1,True,False,matched,7.0,2025-06-07,under,0.1776124922693038,1.6666666666666665,0.6666666666666665,1.0,False,False,False
2198,7a8302f6-ad70-4eb2-accf-150c2ce5dc70,30,Kamilla Cardoso,kamillacardoso,CHI,points,10.5,-120.0,-108.0,10,10,2025-06-07 16:50:51+00:00,2025-06-07 16:50:51+00:00,2025-06-07 16:50:51+00:00,2025-06-08 00:00:00+00:00,0.0,2025-06-07,2025,REG,CHI,IND,1.0646853146853146,True,,0.5135396953663074,401736164,4433405,19,5,1,True,False,matched,8.0,2025-06-07,under,0.06798641373410336,1.925925925925926,0.925925925925926,1.0,False,False,False
2198,0e18f856-c0e6-4615-9785-2d833fe4d3e2,76,Lexie Hull,lexiehull,IND,points,10.5,-105.0,-125.0,19,19,2025-06-07 18:30:59+00:00,2025-06-07 18:30:59+00:00,2025-06-07 18:30:59+00:00,2025-06-08 00:00:00+00:00,0.0,2025-06-07,2025,REG,CHI,IND,1.067750677506775,True,,0.47757418034290006,401736164,4398829,5,19,0,True,False,matched,9.0,2025-06-07,under,0.21172031641873879,1.8,0.8,1.0,False,False,False
2198,5b7cce1a-d92d-480b-aedb-1717bfea429a,96,Kia Nurse,kianurse,TOR,points,9.5,-115.0,-120.0,33,33,2025-06-07 23:41:04+00:00,2025-06-07 23:41:04+00:00,2025-06-07 23:41:04+00:00,2025-06-08 00:00:00+00:00,0.0,2025-06-07,2025,REG,CHI,IND,1.080338266384778,True,,0.4944937749375121,401736164,3142327,19,5,1,True,False,matched,3.0,2025-06-07,under,0.22332887844919896,1.8333333333333335,0.8333333333333335,1.0,False,False,False
2200,a86f78d8-49e9-4edf-a18c-013c2e01982c,9,Tina Charles,tinacharles,FA,points,16.5,-113.0,-115.0,10,10,2025-06-08 00:28:21+00:00,2025-06-08 00:28:21+00:00,2025-06-08 00:28:21+00:00,2025-06-08 19:00:00+00:00,0.0,2025-06-08,2025,REG,WAS,CON,1.0654001528551151,True,,0.49774423259931944,401736166,918,18,16,0,True,False,matched,17.0,2025-06-08,under,0.16929821129190947,1.8695652173913042,-1.0,1.0,False,False,False
2200,093d5283-8aa9-4c79-925d-c529fae61a69,22,Marina Mabrey,marinamabrey,TOR,points,15.5,-130.0,100.0,10,10,2025-06-08 00:28:21+00:00,2025-06-08 00:28:21+00:00,2025-06-08 00:28:21+00:00,2025-06-08 19:00:00+00:00,0.0,2025-06-08,2025,REG,WAS,CON,1.065217391304348,True,,0.5336835053940976,401736166,3904576,18,16,0,True,False,matched,15.0,2025-06-08,under,0.11122900908755917,2.0,1.0,1.0,False,False,False
2200,36de1eff-2c92-47de-90c5-3844076df85e,182,Brittney Sykes,brittneysykes,TOR,assists,4.5,110.0,-146.0,10,10,2025-06-08 00:28:21+00:00,2025-06-08 00:28:21+00:00,2025-06-08 00:28:21+00:00,2025-06-08 19:00:00+00:00,0.0,2025-06-08,2025,REG,WAS,CON,1.0696864111498257,True,,0.4392579960949788,401736166,2988756,16,18,1,True,False,matched,6.0,2025-06-08,under,0.10494186827644653,1.6849315068493151,-1.0,1.0,False,False,False
2201,e41d368e-5c31-4eb2-86f4-831f88550ed2,112,Napheesa Collier,napheesacollier,MIN,rebounds,9.5,-138.0,104.0,10,10,2025-06-08 01:10:34+00:00,2025-06-08 01:10:34+00:00,2025-06-08 01:10:34+00:00,2025-06-08 20:00:00+00:00,0.0,2025-06-08,2025,REG,DAL,MIN,1.0700280112044818,True,,0.5464208361470752,401736167,3917450,8,3,0,True,False,matched,10.0,2025-06-08,under,0.21297730471143972,2.04,-1.0,1.0,False,False,False
2201,cd1eec45-b7b1-486d-b009-75ac600ff3ab,63,Arike Ogunbowale,arikeogunbowale,DAL,assists,3.5,-104.0,-128.0,10,10,2025-06-08 01:10:34+00:00,2025-06-08 01:10:34+00:00,2025-06-08 01:10:34+00:00,2025-06-08 20:00:00+00:00,0.0,2025-06-08,2025,REG,DAL,MIN,1.0712074303405572,True,,0.4732611100971195,401736167,3904577,3,8,1,True,False,matched,6.0,2025-06-08,over,0.16324213890690775,1.9615384615384617,0.9615384615384617,1.0,False,False,False
2201,810a1720-c568-40a5-9817-ac8f81328cdb,117,Courtney Williams,courtneywilliams,MIN,rebounds,4.5,-162.0,122.0,10,10,2025-06-08 01:14:03+00:00,2025-06-08 01:14:03+00:00,2025-06-08 01:14:03+00:00,2025-06-08 20:00:00+00:00,0.0,2025-06-08,2025,REG,DAL,MIN,1.0687710611374732,True,,0.5868918088955871,401736167,2987891,8,3,0,True,False,matched,2.0,2025-06-08,under,0.178182857367913,2.2199999999999998,1.2199999999999998,1.0,False,False,False
2201,6ebbf5ff-66e1-48c7-af8e-68626e6a0630,48,DiJonai Carrington,dijonaicarrington,CHI,rebounds,4.5,122.0,-162.0,10,10,2025-06-08 01:14:03+00:00,2025-06-08 01:14:03+00:00,2025-06-08 01:14:03+00:00,2025-06-08 20:00:00+00:00,0.0,2025-06-08,2025,REG,DAL,MIN,1.0687710611374732,True,,0.41310819110441305,401736167,4066548,3,8,1,True,False,matched,7.0,2025-06-08,over,0.09611732046224286,2.2199999999999998,1.2199999999999998,1.0,False,False,False
2201,67ec1d83-92c6-433a-9767-a2bbdbba9abe,121,Alanna Smith,alannasmith,DAL,rebounds,4.5,122.0,-162.0,10,10,2025-06-08 01:17:45+00:00,2025-06-08 01:17:45+00:00,2025-06-08 01:17:45+00:00,2025-06-08 20:00:00+00:00,0.0,2025-06-08,2025,REG,DAL,MIN,1.0687710611374732,True,,0.41310819110441305,401736167,3913881,8,3,0,True,False,matched,7.0,2025-06-08,over,0.08368669899931092,2.2199999999999998,1.2199999999999998,1.0,False,False,False
2202,b9224fbe-da57-499c-95d4-8cfce0a02136,55,Veronica Burton,veronicaburton,GSV,assists,4.5,-115.0,-115.0,24,24,2025-06-08 12:30:30+00:00,2025-06-08 12:30:30+00:00,2025-06-08 12:30:30+00:00,2025-06-10 02:00:00+00:00,0.0,2025-06-09,2025,REG,LAS,GSV,1.0697674418604652,True,,0.5,401736168,4398935,129689,6,0,True,False,matched,6.0,2025-06-09,under,0.537379341212846,1.8695652173913042,-1.0,1.0,False,False,False
2202,1a555a1a-9844-4a4c-b5ee-6622861cc616,139,Kayla Thornton,kaylathornton,GSV,threes,1.5,120.0,-150.0,24,24,2025-06-08 12:30:30+00:00,2025-06-08 12:30:30+00:00,2025-06-08 12:30:30+00:00,2025-06-10 02:00:00+00:00,0.0,2025-06-09,2025,REG,LAS,GSV,1.0545454545454547,True,,0.4253013906678685,401736168,2529622,129689,6,0,True,False,matched,2.0,2025-06-09,under,0.31190430343427467,1.6666666666666665,-1.0,1.0,False,False,False
2202,ae55e625-6bc6-45ff-8634-d345dd07c07a,101,Kelsey Plum,kelseyplum,LAS,assists,5.5,110.0,-140.0,24,24,2025-06-08 12:30:30+00:00,2025-06-08 12:30:30+00:00,2025-06-08 12:30:30+00:00,2025-06-10 02:00:00+00:00,0.0,2025-06-09,2025,REG,LAS,GSV,1.0595238095238093,True,,0.44483204521110303,401736168,3065570,6,129689,1,True,False,matched,7.0,2025-06-09,under,0.20403482721353416,1.7142857142857144,-1.0,1.0,False,False,False
2202,0847beba-3a10-4da1-98d1-3b75eeeab8cf,537,Janelle Salaun,janellesalaun,GSV,threes,1.5,115.0,-145.0,24,24,2025-06-08 12:30:30+00:00,2025-06-08 12:30:30+00:00,2025-06-08 12:30:30+00:00,2025-06-10 02:00:00+00:00,0.0,2025-06-09,2025,REG,LAS,GSV,1.056953013763645,True,,0.4348401999529958,401736168,4790264,129689,6,0,True,False,matched,3.0,2025-06-09,over,0.18367017897781274,2.15,1.15,1.0,False,False,False
2202,475fc21d-f5f6-46fd-99dc-1b488131245d,89,Dearica Hamby,dearicahamby,LAS,assists,3.5,-115.0,-115.0,24,24,2025-06-08 12:30:30+00:00,2025-06-08 12:30:30+00:00,2025-06-08 12:30:30+00:00,2025-06-10 02:00:00+00:00,0.0,2025-06-09,2025,REG,LAS,GSV,1.0697674418604652,True,,0.5,401736168,2566106,6,129689,1,True,False,matched,5.0,2025-06-09,under,0.06254154712581278,1.8695652173913042,-1.0,1.0,False,False,False
2202,d16d6108-4d16-41e3-9026-66cc0aa06df9,82,Azura Stevens,azurastevens,CHI,points,13.5,100.0,-130.0,10,10,2025-06-08 15:13:48+00:00,2025-06-08 15:13:48+00:00,2025-06-08 15:13:48+00:00,2025-06-10 02:00:00+00:00,0.0,2025-06-09,2025,REG,LAS,GSV,1.065217391304348,True,,0.4663164946059025,401736168,3142010,6,129689,1,True,False,matched,6.0,2025-06-09,under,0.1338038268019875,1.7692307692307692,0.7692307692307692,1.0,False,False,False
2203,f9ab998f-f122-4c04-9709-5ea057eb4bce,15,Rhyne Howard,rhynehoward,ATL,assists,5.5,105.0,-135.0,24,24,2025-06-09 11:13:37+00:00,2025-06-09 11:13:37+00:00,2025-06-09 11:13:37+00:00,2025-06-10 23:30:00+00:00,0.0,2025-06-10,2025,REG,ATL,IND,1.0622729631551635,True,,0.45531139401703796,401736169,4398674,20,5,1,True,False,matched,5.0,2025-06-10,under,0.22593343058912696,1.7407407407407407,0.7407407407407407,1.0,False,False,False
2203,1b7e4f5d-790e-4f7f-adf6-30f6fcb6b2a7,1,Allisha Gray,allishagray,ATL,assists,4.5,105.0,-135.0,24,24,2025-06-09 11:13:37+00:00,2025-06-09 11:13:37+00:00,2025-06-09 11:13:37+00:00,2025-06-10 23:30:00+00:00,0.0,2025-06-10,2025,REG,ATL,IND,1.0622729631551635,True,,0.45531139401703796,401736169,3058901,20,5,1,True,False,matched,4.0,2025-06-10,under,0.19050486951594703,1.7407407407407407,0.7407407407407407,1.0,False,False,False
2203,3847a801-f60f-4a60-906b-071cff64e856,70,Kelsey Mitchell,kelseymitchell,IND,assists,2.5,-135.0,105.0,24,24,2025-06-09 11:13:37+00:00,2025-06-09 11:13:37+00:00,2025-06-09 11:13:37+00:00,2025-06-10 23:30:00+00:00,0.0,2025-06-10,2025,REG,ATL,IND,1.0622729631551635,True,,0.5446886059829622,401736169,3142191,5,20,0,True,False,matched,1.0,2025-06-10,under,0.15427660708784008,2.05,1.0499999999999998,1.0,False,False,False
2203,f8df796e-68eb-427f-aba6-1641d527f414,71,Aliyah Boston,aliyahboston,IND,assists,3.5,-135.0,105.0,24,24,2025-06-09 11:13:37+00:00,2025-06-09 11:13:37+00:00,2025-06-09 11:13:37+00:00,2025-06-10 23:30:00+00:00,0.0,2025-06-10,2025,REG,ATL,IND,1.0622729631551635,True,,0.5446886059829622,401736169,4432831,5,20,0,True,False,matched,5.0,2025-06-10,under,0.07821847016230754,2.05,-1.0,1.0,False,False,False
2204,07027488-4a77-4b1e-b43b-e3877914fc3e,132,Sabrina Ionescu,sabrinaionescu,NYL,threes,2.5,-155.0,125.0,24,24,2025-06-09 11:17:00+00:00,2025-06-09 11:17:00+00:00,2025-06-09 11:17:00+00:00,2025-06-11 00:00:00+00:00,0.0,2025-06-10,2025,REG,NYL,CHI,1.0522875816993464,True,,0.5838155470394836,401736170,4066533,9,19,1,True,False,matched,2.0,2025-06-10,under,0.1358576888986991,2.25,1.25,1.0,False,False,False
2204,14094a3f-05f3-4142-ae2c-5081edb63a70,137,Breanna Stewart,breannastewart,NYL,threes,0.5,-165.0,135.0,24,24,2025-06-09 11:17:00+00:00,2025-06-09 11:17:00+00:00,2025-06-09 11:17:00+00:00,2025-06-11 00:00:00+00:00,0.0,2025-06-10,2025,REG,NYL,CHI,1.0481734243275793,True,,0.600894309609776,401736170,2998928,9,19,1,True,False,matched,0.0,2025-06-10,under,0.12208767107814344,2.35,1.35,1.0,False,False,False
2203,ba276ffa-7411-4689-82fa-68113a0bbaac,148,Brittney Griner,brittneygriner,CON,rebounds,6.5,-135.0,-105.0,33,33,2025-06-09 16:21:36+00:00,2025-06-09 16:21:36+00:00,2025-06-09 16:21:36+00:00,2025-06-10 23:30:00+00:00,0.0,2025-06-10,2025,REG,ATL,IND,1.0866632070576026,True,,0.532558613996297,401736169,2490553,20,5,1,True,False,matched,4.0,2025-06-10,under,0.16177771196327462,1.9523809523809523,0.9523809523809523,1.0,False,False,False
2203,af05057b-b5ff-4a26-a736-f6f243fc7b02,49,Brionna Jones,brionnajones,ATL,rebounds,6.5,-165.0,115.0,33,33,2025-06-09 16:21:36+00:00,2025-06-09 16:21:36+00:00,2025-06-09 16:21:36+00:00,2025-06-10 23:30:00+00:00,0.0,2025-06-10,2025,REG,ATL,IND,1.0877577885037297,True,,0.5824354934595865,401736169,3058895,20,5,1,True,False,matched,10.0,2025-06-10,under,0.12346978023301758,2.15,-1.0,1.0,False,False,False
2204,9717421c-a0a6-474d-825f-8df7faaa5ffc,185,Ariel Atkins,arielatkins,LAS,rebounds,3.5,-125.0,-115.0,33,33,2025-06-09 16:25:03+00:00,2025-06-09 16:25:03+00:00,2025-06-09 16:25:03+00:00,2025-06-11 00:00:00+00:00,0.0,2025-06-10,2025,REG,NYL,CHI,1.0904392764857882,True,,0.5108317091649132,401736170,3146151,19,9,0,True,False,matched,4.0,2025-06-10,under,0.14751366710227926,1.8695652173913042,-1.0,1.0,False,False,False
2204,02996933-04a4-40a8-b595-7e72692994d3,30,Kamilla Cardoso,kamillacardoso,CHI,points,10.5,-105.0,-135.0,33,33,2025-06-09 16:25:03+00:00,2025-06-09 16:25:03+00:00,2025-06-09 16:25:03+00:00,2025-06-11 00:00:00+00:00,0.0,2025-06-10,2025,REG,NYL,CHI,1.0866632070576026,True,,0.46744138600370294,401736170,4433405,19,9,0,True,False,matched,8.0,2025-06-10,under,0.11036444239233878,1.7407407407407407,0.7407407407407407,1.0,False,False,False
2204,15184791-00af-472f-95a8-871759e99597,26,Angel Reese,angelreese,ATL,rebounds,11.5,-170.0,120.0,33,33,2025-06-09 16:25:03+00:00,2025-06-09 16:25:03+00:00,2025-06-09 16:25:03+00:00,2025-06-11 00:00:00+00:00,0.0,2025-06-10,2025,REG,NYL,CHI,1.0841750841750841,True,,0.5914367336052418,401736170,4433402,19,9,0,True,False,matched,11.0,2025-06-10,under,0.05290540763815821,2.2,1.2000000000000002,1.0,False,False,False
2202,df175b7c-7cf7-4a9b-97d7-f4b949136ca4,72,Temi Fagbenle,temifagbenle,TOR,points,8.5,-115.0,-115.0,19,19,2025-06-09 18:05:12+00:00,2025-06-09 18:05:12+00:00,2025-06-09 18:05:12+00:00,2025-06-10 02:00:00+00:00,0.0,2025-06-09,2025,REG,LAS,GSV,1.0697674418604652,True,,0.5,401736168,2569044,129689,6,0,True,False,matched,14.0,2025-06-09,under,0.23707405435458828,1.8695652173913042,-1.0,1.0,False,False,False
2202,c00d840a-3fdc-479e-8d72-dac5301c6ab1,109,Kate Martin,katemartin,LAS,points,8.5,-110.0,-120.0,49,49,2025-06-10 00:52:32+00:00,2025-06-10 00:52:32+00:00,2025-06-10 00:52:32+00:00,2025-06-10 02:00:00+00:00,0.0,2025-06-09,2025,REG,LAS,GSV,1.0692640692640691,True,,0.4887959885212434,401736168,4398907,129689,6,0,True,False,matched,0.0,2025-06-09,under,0.555168744662234,1.8333333333333335,0.8333333333333335,1.0,False,False,False
2204,f2d7231f-fbba-4199-a108-e148debf6b59,96,Kia Nurse,kianurse,TOR,points,7.5,-130.0,100.0,19,19,2025-06-10 03:07:53+00:00,2025-06-10 03:07:53+00:00,2025-06-10 03:07:53+00:00,2025-06-11 00:00:00+00:00,0.0,2025-06-10,2025,REG,NYL,CHI,1.065217391304348,True,,0.5336835053940976,401736170,3142327,19,9,0,True,False,matched,8.0,2025-06-10,under,0.2842061099977362,2.0,-1.0,1.0,False,False,False
2205,d5f5b372-d8cf-4111-b103-39d0a39ac9ac,112,Napheesa Collier,napheesacollier,MIN,assists,3.5,-138.0,104.0,10,10,2025-06-10 06:10:52+00:00,2025-06-10 06:10:52+00:00,2025-06-10 06:10:52+00:00,2025-06-12 02:00:00+00:00,0.0,2025-06-11,2025,REG,SEA,MIN,1.0700280112044818,True,,0.5464208361470752,401736173,3917450,8,14,0,True,False,matched,5.0,2025-06-11,under,0.1897859022932653,2.04,-1.0,1.0,False,False,False
2205,8b62e98c-0b26-49d5-ac71-dac2f0fe2b70,208,Gabby Williams,gabbywilliams,GSV,threes,2.5,124.0,-166.0,10,10,2025-06-10 06:10:52+00:00,2025-06-10 06:10:52+00:00,2025-06-10 06:10:52+00:00,2025-06-12 02:00:00+00:00,0.0,2025-06-11,2025,REG,SEA,MIN,1.0704887218045114,True,,0.40796342297849103,401736173,3142328,14,8,1,True,False,matched,0.0,2025-06-11,under,0.1745158866960706,1.6024096385542168,0.6024096385542168,1.0,False,False,False
2205,210e5ab9-2648-498c-b156-9df91ebfe05b,176,Ezi Magbegor,ezimagbegor,SEA,rebounds,7.5,-118.0,-112.0,10,10,2025-06-10 06:10:52+00:00,2025-06-10 06:10:52+00:00,2025-06-10 06:10:52+00:00,2025-06-12 02:00:00+00:00,0.0,2025-06-11,2025,REG,SEA,MIN,1.0695862904621776,True,,0.5067212711754592,401736173,4420318,14,8,1,True,False,matched,8.0,2025-06-11,under,0.06635198102947443,1.8928571428571428,-1.0,1.0,False,False,False
2205,84cf8615-fc43-46f3-bbe2-24cdd63b5e5f,180,Nneka Ogwumike,nnekaogwumike,LAS,rebounds,7.5,-154.0,116.0,10,10,2025-06-10 06:10:53+00:00,2025-06-10 06:10:53+00:00,2025-06-10 06:10:53+00:00,2025-06-12 02:00:00+00:00,0.0,2025-06-11,2025,REG,SEA,MIN,1.0692621755613883,True,,0.574207987656796,401736173,1068,14,8,1,True,False,matched,10.0,2025-06-11,under,0.099730428744229,2.16,-1.0,1.0,False,False,False
2205,1be7bc4e-bf17-4d8a-b31e-1960b9f57566,175,Skylar Diggins,skylardiggins,CHI,points,16.5,-102.0,-128.0,10,10,2025-06-10 06:10:53+00:00,2025-06-10 06:10:53+00:00,2025-06-10 06:10:53+00:00,2025-06-12 02:00:00+00:00,0.0,2025-06-11,2025,REG,SEA,MIN,1.0663540038214347,True,,0.47082505196940394,401736173,2491205,14,8,1,True,False,matched,18.0,2025-06-11,under,0.06464140178509614,1.78125,-1.0,1.0,False,False,False
2205,33dc1b33-2bc5-49a6-89b3-222c254a1b4a,117,Courtney Williams,courtneywilliams,MIN,threes,1.5,162.0,-225.0,10,10,2025-06-10 06:14:20+00:00,2025-06-10 06:14:20+00:00,2025-06-10 06:14:20+00:00,2025-06-12 02:00:00+00:00,0.0,2025-06-11,2025,REG,SEA,MIN,1.0739870816206694,True,,0.3386194555430753,401736173,2987891,8,14,0,True,False,matched,0.0,2025-06-11,under,0.08240836757495462,1.4444444444444444,0.4444444444444444,1.0,False,False,False
2206,16b9bede-f9af-4d15-a13d-e58e2a5e23ce,102,Jackie Young,jackieyoung,LVA,threes,1.5,-146.0,110.0,10,10,2025-06-10 18:14:42+00:00,2025-06-10 18:14:42+00:00,2025-06-10 18:14:42+00:00,2025-06-12 02:00:00+00:00,0.0,2025-06-11,2025,REG,LVA,LAS,1.0696864111498257,True,,0.5607420039050215,401736171,4065870,17,6,1,True,False,matched,2.0,2025-06-11,under,0.0762497997993602,2.1,-1.0,1.0,False,False,False
2206,0007577c-708c-4126-a7f2-2e294fbaa681,103,A'ja Wilson,ajawilson,LVA,assists,3.5,-148.0,112.0,10,10,2025-06-10 18:14:43+00:00,2025-06-10 18:14:43+00:00,2025-06-10 18:14:43+00:00,2025-06-12 02:00:00+00:00,0.0,2025-06-11,2025,REG,LVA,LAS,1.0684723067559343,True,,0.5647227530167998,401736171,3149391,17,6,1,True,False,matched,5.0,2025-06-11,under,0.34182089984603226,2.12,-1.0,1.0,False,False,False
2206,17deed71-9f37-413d-badc-21c12b05e3bf,166,Jewell Loyd,jewellloyd,LVA,threes,1.5,-166.0,124.0,10,10,2025-06-10 18:14:43+00:00,2025-06-10 18:14:43+00:00,2025-06-10 18:14:43+00:00,2025-06-12 02:00:00+00:00,0.0,2025-06-11,2025,REG,LVA,LAS,1.0704887218045114,True,,0.5920365770215091,401736171,2987869,17,6,1,True,False,matched,1.0,2025-06-11,under,0.1406873421166548,2.24,1.2400000000000002,1.0,False,False,False
2206,dfae7c03-2906-4327-b285-7fecb1fffa48,107,Chelsea Gray,chelseagray,LVA,points,12.5,-108.0,-120.0,10,10,2025-06-10 18:14:43+00:00,2025-06-10 18:14:43+00:00,2025-06-10 18:14:43+00:00,2025-06-12 02:00:00+00:00,0.0,2025-06-11,2025,REG,LVA,LAS,1.0646853146853146,True,,0.48646030463369283,401736171,2529122,17,6,1,True,False,matched,28.0,2025-06-11,under,0.108131988606195,1.8333333333333335,-1.0,1.0,False,False,False
2206,f2f1c0bf-7087-481f-b379-a0e08eb798dd,101,Kelsey Plum,kelseyplum,LAS,points,20.5,-104.0,-125.0,10,10,2025-06-10 18:18:19+00:00,2025-06-10 18:18:19+00:00,2025-06-10 18:18:19+00:00,2025-06-12 02:00:00+00:00,0.0,2025-06-11,2025,REG,LVA,LAS,1.065359477124183,True,,0.4763687479911608,401736171,3065570,6,17,0,True,False,matched,13.0,2025-06-11,under,0.18040315202756363,1.8,0.8,1.0,False,False,False
2206,a10c6238-c9a3-49b2-b254-677847e5d48e,89,Dearica Hamby,dearicahamby,LAS,points,15.5,-128.0,-102.0,10,10,2025-06-10 18:18:19+00:00,2025-06-10 18:18:19+00:00,2025-06-10 18:18:19+00:00,2025-06-12 02:00:00+00:00,0.0,2025-06-11,2025,REG,LVA,LAS,1.0663540038214347,True,,0.5291749480305961,401736171,2566106,6,17,0,True,False,matched,19.0,2025-06-11,under,0.10448438762094281,1.9803921568627452,-1.0,1.0,False,False,False
2206,90d4d110-6734-42e4-aa68-5af44d5f8057,82,Azura Stevens,azurastevens,CHI,points,11.5,-114.0,-114.0,10,10,2025-06-10 18:18:19+00:00,2025-06-10 18:18:19+00:00,2025-06-10 18:18:19+00:00,2025-06-12 02:00:00+00:00,0.0,2025-06-11,2025,REG,LVA,LAS,1.0654205607476634,True,,0.5000000000000001,401736171,3142010,6,17,0,True,False,matched,19.0,2025-06-11,under,0.09285835069834242,1.8771929824561404,-1.0,1.0,False,False,False
2203,797b253b-8055-4ac3-943c-b42a4010bb9c,76,Lexie Hull,lexiehull,IND,points,9.5,-120.0,-115.0,33,33,2025-06-10 19:03:51+00:00,2025-06-10 19:03:51+00:00,2025-06-10 19:03:51+00:00,2025-06-10 23:30:00+00:00,0.0,2025-06-10,2025,REG,ATL,IND,1.080338266384778,True,,0.5055062250624879,401736169,4398829,5,20,0,True,False,matched,0.0,2025-06-10,under,0.22682630813529892,1.8695652173913042,0.8695652173913042,1.0,False,False,False
2207,d4743f34-329c-4830-82f3-1f35a199db20,48,DiJonai Carrington,dijonaicarrington,CHI,rebounds,3.5,-114.0,-114.0,10,10,2025-06-11 05:42:21+00:00,2025-06-11 05:42:21+00:00,2025-06-11 05:42:21+00:00,2025-06-12 02:00:00+00:00,0.0,2025-06-11,2025,REG,PHX,DAL,1.0654205607476634,True,,0.5000000000000001,401736172,4066548,3,11,0,True,False,matched,8.0,2025-06-11,over,0.21902633777399377,1.8771929824561404,0.8771929824561404,1.0,False,False,False
2207,88085eaf-298f-46a0-99f3-e99038831711,40,Alyssa Thomas,alyssathomas,PHO,points,14.5,-128.0,-102.0,10,10,2025-06-11 05:42:21+00:00,2025-06-11 05:42:21+00:00,2025-06-11 05:42:21+00:00,2025-06-12 02:00:00+00:00,0.0,2025-06-11,2025,REG,PHX,DAL,1.0663540038214347,True,,0.5291749480305961,401736172,2529140,11,3,1,True,False,matched,11.0,2025-06-11,under,0.2102105961160598,1.9803921568627452,0.9803921568627452,1.0,False,False,False
2207,66c7eff9-3258-448e-9623-c466f6b207dc,54,Satou Sabally,satousabally,NYL,points,21.5,-102.0,-128.0,10,10,2025-06-11 05:42:21+00:00,2025-06-11 05:42:21+00:00,2025-06-11 05:42:21+00:00,2025-06-12 02:00:00+00:00,0.0,2025-06-11,2025,REG,PHX,DAL,1.0663540038214347,True,,0.47082505196940394,401736172,4281929,11,3,1,True,False,matched,20.0,2025-06-11,under,0.09344929788641676,1.78125,0.78125,1.0,False,False,False
2207,44dc3076-346e-4b38-b7c8-9c616cc95aa6,63,Arike Ogunbowale,arikeogunbowale,DAL,assists,3.5,-130.0,-102.0,10,10,2025-06-11 05:42:21+00:00,2025-06-11 05:42:21+00:00,2025-06-11 05:42:21+00:00,2025-06-12 02:00:00+00:00,0.0,2025-06-11,2025,REG,PHX,DAL,1.0701678863538528,True,,0.5312123494364493,401736172,3904577,3,11,0,True,False,matched,4.0,2025-06-11,over,0.05554602062004982,1.7692307692307692,0.7692307692307692,1.0,False,False,False
2207,6e10dc87-cb09-4621-9221-af5769396ff0,528,Paige Bueckers,paigebueckers,DAL,points,13.5,-130.0,100.0,10,10,2025-06-11 05:42:22+00:00,2025-06-11 05:42:22+00:00,2025-06-11 05:42:22+00:00,2025-06-12 02:00:00+00:00,0.0,2025-06-11,2025,REG,PHX,DAL,1.065217391304348,True,,0.5336835053940976,401736172,4433730,3,11,0,True,False,matched,35.0,2025-06-11,under,0.0929122612747697,2.0,-1.0,1.0,False,False,False
2207,cba84ec1-8931-413d-89cb-847c670470c0,177,Sami Whitcomb,samiwhitcomb,PHO,points,8.5,100.0,-130.0,49,49,2025-06-11 14:03:41+00:00,2025-06-11 14:03:41+00:00,2025-06-11 14:03:41+00:00,2025-06-12 02:00:00+00:00,0.0,2025-06-11,2025,REG,PHX,DAL,1.065217391304348,True,,0.4663164946059025,401736172,887,11,3,1,True,False,matched,8.0,2025-06-11,under,0.16724489054765618,1.7692307692307692,0.7692307692307692,1.0,False,False,False
2207,60bb25ef-f589-4ac9-a36a-33e155a2f0af,61,Maddy Siegrist,maddysiegrist,DAL,points,9.5,-110.0,-125.0,33,33,2025-06-11 19:51:15+00:00,2025-06-11 19:51:15+00:00,2025-06-11 19:51:15+00:00,2025-06-12 02:00:00+00:00,0.0,2025-06-11,2025,REG,PHX,DAL,1.0793650793650795,True,,0.48347295800639944,401736172,4399415,3,11,0,True,False,matched,3.0,2025-06-11,under,0.11337823569199795,1.8,0.8,1.0,False,False,False
2207,2131d8de-f83a-404f-824b-418cd0bed4cd,193,Myisha Hines-Allen,myishahinesallen,IND,rebounds,5.5,-120.0,-115.0,33,33,2025-06-11 19:58:37+00:00,2025-06-11 19:58:37+00:00,2025-06-11 19:58:37+00:00,2025-06-12 02:00:00+00:00,0.0,2025-06-11,2025,REG,PHX,DAL,1.080338266384778,True,,0.5055062250624879,401736172,3142055,3,11,0,True,False,matched,2.0,2025-06-11,under,0.1851019810421386,1.8695652173913042,0.8695652173913042,1.0,False,False,False
2208,095130f2-15f8-42f8-9a9b-d9e47fbe5104,185,Ariel Atkins,arielatkins,LAS,assists,3.5,118.0,-158.0,10,10,2025-06-12 00:18:23+00:00,2025-06-12 00:18:23+00:00,2025-06-12 00:18:23+00:00,2025-06-13 23:30:00+00:00,0.0,2025-06-13,2025,REG,ATL,CHI,1.0711186971054691,True,,0.42034729080094674,401736174,3146151,19,20,0,True,False,matched,5.0,2025-06-13,under,0.19582175466169627,1.6329113924050633,-1.0,1.0,False,False,False
2208,51a94236-3b92-47e9-961c-dd51e61d3006,15,Rhyne Howard,rhynehoward,ATL,threes,2.5,-154.0,116.0,10,10,2025-06-12 00:36:53+00:00,2025-06-12 00:36:53+00:00,2025-06-12 00:36:53+00:00,2025-06-13 23:30:00+00:00,0.0,2025-06-13,2025,REG,ATL,CHI,1.0692621755613883,True,,0.574207987656796,401736174,4398674,20,19,1,True,False,matched,9.0,2025-06-13,under,0.19843030220902536,2.16,-1.0,1.0,False,False,False
2208,30612fbb-b36e-4fe9-9fa2-4fab009b5ad3,148,Brittney Griner,brittneygriner,CON,rebounds,5.5,128.0,-172.0,10,10,2025-06-12 00:36:53+00:00,2025-06-12 00:36:53+00:00,2025-06-12 00:36:53+00:00,2025-06-13 23:30:00+00:00,0.0,2025-06-13,2025,REG,ATL,CHI,1.0709494324045408,True,,0.39957653069922067,401736174,2490553,20,19,1,True,False,matched,4.0,2025-06-13,over,0.11498404273474427,2.2800000000000002,-1.0,1.0,False,False,False
2208,57a8b94a-eaca-4487-be33-d9faf5a45b82,1,Allisha Gray,allishagray,ATL,threes,1.5,-198.0,146.0,10,10,2025-06-12 00:36:53+00:00,2025-06-12 00:36:53+00:00,2025-06-12 00:36:53+00:00,2025-06-13 23:30:00+00:00,0.0,2025-06-13,2025,REG,ATL,CHI,1.0709335952419927,True,,0.6337196281856059,401736174,3058901,20,19,1,True,False,matched,0.0,2025-06-13,under,0.07729892385545756,2.46,1.46,1.0,False,False,False
2209,cdf45d72-50d5-492e-bd74-c9668d2cf822,528,Paige Bueckers,paigebueckers,DAL,threes,1.5,-140.0,106.0,10,10,2025-06-12 19:25:29+00:00,2025-06-12 19:25:29+00:00,2025-06-12 19:25:29+00:00,2025-06-14 02:00:00+00:00,0.0,2025-06-13,2025,REG,LVA,DAL,1.0687702265372168,True,,0.5506638564937638,401736175,4433730,3,17,0,True,False,matched,0.0,2025-06-13,under,0.6348330367089641,2.06,1.06,1.0,False,False,False
2209,347c0316-9ec7-490c-92fd-c5d9b1c37fbd,48,DiJonai Carrington,dijonaicarrington,CHI,rebounds,5.5,114.0,-152.0,10,10,2025-06-12 19:25:29+00:00,2025-06-12 19:25:29+00:00,2025-06-12 19:25:29+00:00,2025-06-14 02:00:00+00:00,0.0,2025-06-13,2025,REG,LVA,DAL,1.0704643228007713,True,,0.42960347247450675,401736175,4066548,3,17,0,True,False,matched,8.0,2025-06-13,under,0.0650222538126693,1.6578947368421053,-1.0,1.0,False,False,False
2209,62226030-88e6-40df-aef2-a102c19b34b3,102,Jackie Young,jackieyoung,LVA,points,18.5,-108.0,-120.0,10,10,2025-06-13 01:48:24+00:00,2025-06-13 01:48:24+00:00,2025-06-13 01:48:24+00:00,2025-06-14 02:00:00+00:00,0.0,2025-06-13,2025,REG,LVA,DAL,1.0646853146853146,True,,0.48646030463369283,401736175,4065870,17,3,1,True,False,matched,28.0,2025-06-13,under,0.24886853171342288,1.8333333333333335,-1.0,1.0,False,False,False
2209,f11032ad-2f89-4732-8e25-00b0c80f904e,107,Chelsea Gray,chelseagray,LVA,rebounds,3.5,-144.0,108.0,10,10,2025-06-13 01:48:24+00:00,2025-06-13 01:48:24+00:00,2025-06-13 01:48:24+00:00,2025-06-14 02:00:00+00:00,0.0,2025-06-13,2025,REG,LVA,DAL,1.0709331651954601,True,,0.5566845205396996,401736175,2529122,17,3,1,True,False,matched,4.0,2025-06-13,under,0.190067800665361,2.08,-1.0,1.0,False,False,False
2209,c55b65a5-28c1-45cd-965b-c1d6171c49f0,166,Jewell Loyd,jewellloyd,LVA,rebounds,4.5,-114.0,-114.0,10,10,2025-06-13 01:48:24+00:00,2025-06-13 01:48:24+00:00,2025-06-13 01:48:24+00:00,2025-06-14 02:00:00+00:00,0.0,2025-06-13,2025,REG,LVA,DAL,1.0654205607476634,True,,0.5000000000000001,401736175,2987869,17,3,1,True,False,matched,3.0,2025-06-13,under,0.06963432045045609,1.8771929824561404,0.8771929824561404,1.0,False,False,False
2208,42a7c1f9-5dd9-42a0-90cc-ab762e314e75,26,Angel Reese,angelreese,ATL,assists,3.5,-118.0,-112.0,10,10,2025-06-13 13:50:48+00:00,2025-06-13 13:50:48+00:00,2025-06-13 13:50:48+00:00,2025-06-13 23:30:00+00:00,0.0,2025-06-13,2025,REG,ATL,CHI,1.0695862904621776,True,,0.5067212711754592,401736174,4433402,19,20,0,True,False,matched,3.0,2025-06-13,under,0.5081759831534095,1.8928571428571428,0.8928571428571428,1.0,False,False,False
2211,496f2076-fb1c-49b5-8c56-a8e580f5ca23,71,Aliyah Boston,aliyahboston,IND,points,13.5,-122.0,-106.0,10,10,2025-06-13 20:39:52+00:00,2025-06-13 20:39:52+00:00,2025-06-13 20:39:52+00:00,2025-06-14 19:00:00+00:00,0.0,2025-06-14,2025,REG,IND,NYL,1.064112656345666,True,,0.518058368553134,401736177,4432831,5,9,1,True,False,matched,10.0,2025-06-14,under,0.16582751419357583,1.9433962264150944,0.9433962264150944,1.0,False,False,False
2211,938020bd-9c35-4c8e-ab91-d56c77c3b0fe,132,Sabrina Ionescu,sabrinaionescu,NYL,points,17.5,-118.0,-110.0,10,10,2025-06-13 20:39:52+00:00,2025-06-13 20:39:52+00:00,2025-06-13 20:39:52+00:00,2025-06-14 19:00:00+00:00,0.0,2025-06-14,2025,REG,IND,NYL,1.0650939274792486,True,,0.5090245232268319,401736177,4066533,9,5,0,True,False,matched,34.0,2025-06-14,under,0.15205586725799086,1.9090909090909092,-1.0,1.0,False,False,False
2211,b50b17ec-56c0-42d4-aee7-f4729ea344a4,68,Caitlin Clark,caitlinclark,IND,threes,2.5,-154.0,116.0,10,10,2025-06-13 20:39:52+00:00,2025-06-13 20:39:52+00:00,2025-06-13 20:39:52+00:00,2025-06-14 19:00:00+00:00,0.0,2025-06-14,2025,REG,IND,NYL,1.0692621755613883,True,,0.574207987656796,401736177,4433403,5,9,1,True,False,matched,7.0,2025-06-14,under,0.13806996185649706,2.16,-1.0,1.0,False,False,False
2211,d5047f85-5966-4c7e-a3f3-3c937f075cfb,137,Breanna Stewart,breannastewart,NYL,points,19.5,-108.0,-120.0,10,10,2025-06-13 20:39:52+00:00,2025-06-13 20:39:52+00:00,2025-06-13 20:39:52+00:00,2025-06-14 19:00:00+00:00,0.0,2025-06-14,2025,REG,IND,NYL,1.0646853146853146,True,,0.48646030463369283,401736177,2998928,9,5,0,True,False,matched,24.0,2025-06-14,under,0.12014712580337478,1.8333333333333335,-1.0,1.0,False,False,False
2211,45dcc90d-5bfb-4a23-8389-66d49499dd8c,163,Natasha Cloud,natashacloud,CHI,assists,6.5,-106.0,-125.0,10,10,2025-06-14 02:17:52+00:00,2025-06-14 02:17:52+00:00,2025-06-14 02:17:52+00:00,2025-06-14 19:00:00+00:00,0.0,2025-06-14,2025,REG,IND,NYL,1.070118662351672,True,,0.4787708928615623,401736177,2529137,9,5,0,True,False,matched,5.0,2025-06-14,under,0.08469687543489973,1.8,0.8,1.0,False,False,False
2210,a0a209c4-e86a-4ff6-b89c-881fd48140db,101,Kelsey Plum,kelseyplum,LAS,points,18.5,-125.0,-104.0,10,10,2025-06-14 05:46:57+00:00,2025-06-14 05:46:57+00:00,2025-06-14 05:46:57+00:00,2025-06-14 17:00:00+00:00,0.0,2025-06-14,2025,REG,MIN,LAS,1.065359477124183,True,,0.5236312520088393,401736176,3065570,6,8,0,True,False,matched,20.0,2025-06-14,under,0.20680687704119488,1.9615384615384617,-1.0,1.0,False,False,False
2210,1129f826-efbd-4821-ab31-58caa010a60e,82,Azura Stevens,azurastevens,CHI,points,12.5,-106.0,-122.0,10,10,2025-06-14 05:46:57+00:00,2025-06-14 05:46:57+00:00,2025-06-14 05:46:57+00:00,2025-06-14 17:00:00+00:00,0.0,2025-06-14,2025,REG,MIN,LAS,1.064112656345666,True,,0.4819416314468661,401736176,3142010,6,8,0,True,False,matched,4.0,2025-06-14,under,0.15675087777925334,1.819672131147541,0.819672131147541,1.0,False,False,False
2210,a3e37944-3615-4f77-9ca2-fd6f05a38cba,89,Dearica Hamby,dearicahamby,LAS,rebounds,7.5,-136.0,102.0,10,10,2025-06-14 05:46:57+00:00,2025-06-14 05:46:57+00:00,2025-06-14 05:46:57+00:00,2025-06-14 17:00:00+00:00,0.0,2025-06-14,2025,REG,MIN,LAS,1.071320691391173,True,,0.5420932924427202,401736176,2566106,6,8,0,True,False,matched,12.0,2025-06-14,under,0.13173908293202768,2.02,-1.0,1.0,False,False,False
2210,90f98f39-8a51-4738-9726-5502c04bc16f,94,Rickea Jackson,rickeajackson,CHI,points,12.5,-122.0,-106.0,10,10,2025-06-14 05:46:57+00:00,2025-06-14 05:46:57+00:00,2025-06-14 05:46:57+00:00,2025-06-14 17:00:00+00:00,0.0,2025-06-14,2025,REG,MIN,LAS,1.064112656345666,True,,0.518058368553134,401736176,4433630,6,8,0,True,False,matched,18.0,2025-06-14,under,0.08766175474467552,1.9433962264150944,-1.0,1.0,False,False,False
2210,e96f7e29-a52f-436a-a6ce-416d57f10ca0,125,Kayla McBride,kaylamcbride,MIN,points,15.5,-125.0,-104.0,10,10,2025-06-14 05:46:57+00:00,2025-06-14 05:46:57+00:00,2025-06-14 05:46:57+00:00,2025-06-14 17:00:00+00:00,0.0,2025-06-14,2025,REG,MIN,LAS,1.065359477124183,True,,0.5236312520088393,401736176,2529205,8,6,1,True,False,matched,4.0,2025-06-14,under,0.051735544607040884,1.9615384615384617,0.9615384615384617,1.0,False,False,False
2212,969b21fc-76f7-457b-902c-bb71f0e340ee,139,Kayla Thornton,kaylathornton,GSV,points,13.5,-120.0,-108.0,10,10,2025-06-14 06:17:44+00:00,2025-06-14 06:17:44+00:00,2025-06-14 06:17:44+00:00,2025-06-15 00:30:00+00:00,0.0,2025-06-14,2025,REG,GSV,SEA,1.0646853146853146,True,,0.5135396953663074,401736178,2529622,129689,14,1,True,False,matched,22.0,2025-06-14,under,0.485367192427084,1.925925925925926,-1.0,1.0,False,False,False
2212,6e00465e-9ded-4d4d-bcc1-55bca55207c6,72,Temi Fagbenle,temifagbenle,TOR,rebounds,7.5,-118.0,-112.0,10,10,2025-06-14 06:17:44+00:00,2025-06-14 06:17:44+00:00,2025-06-14 06:17:44+00:00,2025-06-15 00:30:00+00:00,0.0,2025-06-14,2025,REG,GSV,SEA,1.0695862904621776,True,,0.5067212711754592,401736178,2569044,129689,14,1,True,False,matched,7.0,2025-06-14,under,0.475868408660308,1.8928571428571428,0.8928571428571428,1.0,False,False,False
2212,4cb06923-84af-4e5d-a08f-260b1b828ea5,55,Veronica Burton,veronicaburton,GSV,points,13.5,102.0,-132.0,10,10,2025-06-14 06:17:44+00:00,2025-06-14 06:17:44+00:00,2025-06-14 06:17:44+00:00,2025-06-15 00:30:00+00:00,0.0,2025-06-14,2025,REG,GSV,SEA,1.0640150221918745,True,,0.4618487426836327,401736178,4398935,129689,14,1,True,False,matched,8.0,2025-06-14,under,0.4291352146509596,1.7575757575757576,0.7575757575757576,1.0,False,False,False
2212,8501b8c1-e8c6-4972-956c-bc1a9723e7ff,208,Gabby Williams,gabbywilliams,GSV,threes,1.5,-174.0,130.0,10,10,2025-06-14 06:17:44+00:00,2025-06-14 06:17:44+00:00,2025-06-14 06:17:44+00:00,2025-06-15 00:30:00+00:00,0.0,2025-06-14,2025,REG,GSV,SEA,1.069819105046017,True,,0.603727082826799,401736178,3142328,14,129689,0,True,False,matched,1.0,2025-06-14,under,0.22355448479076667,2.3,1.2999999999999998,1.0,False,False,False
2212,74000fc3-b2f8-4a21-99b6-983e9af4c19b,175,Skylar Diggins,skylardiggins,CHI,assists,4.5,-148.0,114.0,10,10,2025-06-14 06:17:44+00:00,2025-06-14 06:17:44+00:00,2025-06-14 06:17:44+00:00,2025-06-15 00:30:00+00:00,0.0,2025-06-14,2025,REG,GSV,SEA,1.0640639131745555,True,,0.5668405336028035,401736178,2491205,14,129689,0,True,False,matched,3.0,2025-06-14,over,0.18078333998300328,1.6756756756756757,-1.0,1.0,False,False,False
2212,003b3e8f-6f2c-45e7-bef8-659df6a8e9e0,180,Nneka Ogwumike,nnekaogwumike,LAS,points,17.5,-102.0,-128.0,10,10,2025-06-14 06:17:44+00:00,2025-06-14 06:17:44+00:00,2025-06-14 06:17:44+00:00,2025-06-15 00:30:00+00:00,0.0,2025-06-14,2025,REG,GSV,SEA,1.0663540038214347,True,,0.47082505196940394,401736178,1068,14,129689,0,True,False,matched,6.0,2025-06-14,under,0.14469719815870574,1.78125,0.78125,1.0,False,False,False
2212,8e175ef7-fc32-42cb-9035-357d4a5cc1d9,176,Ezi Magbegor,ezimagbegor,SEA,rebounds,7.5,-130.0,-102.0,10,10,2025-06-14 06:17:44+00:00,2025-06-14 06:17:44+00:00,2025-06-14 06:17:44+00:00,2025-06-15 00:30:00+00:00,0.0,2025-06-14,2025,REG,GSV,SEA,1.0701678863538528,True,,0.5312123494364493,401736178,4420318,14,129689,0,True,False,matched,6.0,2025-06-14,under,0.09664282206726338,1.9803921568627452,0.9803921568627452,1.0,False,False,False
2212,8d8e8fa2-3b0c-4846-a50b-d68c488c20f1,83,Monique Billings,moniquebillings,IND,rebounds,5.5,-140.0,100.0,33,33,2025-06-14 08:20:18+00:00,2025-06-14 08:20:18+00:00,2025-06-14 08:20:18+00:00,2025-06-15 00:30:00+00:00,0.0,2025-06-14,2025,REG,GSV,SEA,1.0833333333333333,True,,0.5434863681281015,401736178,3142255,129689,14,1,True,False,matched,4.0,2025-06-14,under,0.28520106771529935,2.0,1.0,1.0,False,False,False
2212,be457ae3-6d85-469f-83df-493b03829606,66,Erica Wheeler,ericawheeler,LAS,points,11.5,105.0,-150.0,33,33,2025-06-14 13:27:32+00:00,2025-06-14 13:27:32+00:00,2025-06-14 13:27:32+00:00,2025-06-15 00:30:00+00:00,0.0,2025-06-14,2025,REG,GSV,SEA,1.0878048780487806,True,,0.44129415758498114,401736178,2491214,14,129689,0,True,False,matched,6.0,2025-06-14,under,0.2557618438285103,1.6666666666666665,0.6666666666666665,1.0,False,False,False
2212,7c97146c-7eef-4c2c-a67e-fd10ac19ca67,58,Carla Leite,carlaleite,PDX,points,9.5,110.0,-145.0,49,49,2025-06-14 22:51:48+00:00,2025-06-14 22:51:48+00:00,2025-06-14 22:51:48+00:00,2025-06-15 00:30:00+00:00,0.0,2025-06-14,2025,REG,GSV,SEA,1.0680272108843538,True,,0.44017298355747725,401736178,5208982,129689,14,1,True,False,matched,14.0,2025-06-14,under,0.42113075797696853,1.6896551724137931,-1.0,1.0,False,False,False
2215,0707c0ab-066a-40bb-9634-98241400fb8a,102,Jackie Young,jackieyoung,LVA,points,20.5,-128.0,-102.0,10,10,2025-06-15 03:08:09+00:00,2025-06-15 03:08:09+00:00,2025-06-15 03:08:09+00:00,2025-06-15 22:00:00+00:00,0.0,2025-06-15,2025,REG,LVA,PHX,1.0663540038214347,True,,0.5291749480305961,401736181,4065870,17,11,1,True,False,matched,15.0,2025-06-15,under,0.32025656360646254,1.9803921568627452,0.9803921568627452,1.0,False,False,False
2215,f5c0c2db-2beb-4abc-870f-0164b9bf2884,107,Chelsea Gray,chelseagray,LVA,assists,4.5,-148.0,114.0,10,10,2025-06-15 03:08:09+00:00,2025-06-15 03:08:09+00:00,2025-06-15 03:08:09+00:00,2025-06-15 22:00:00+00:00,0.0,2025-06-15,2025,REG,LVA,PHX,1.0640639131745555,True,,0.5668405336028035,401736181,2529122,17,11,1,True,False,matched,4.0,2025-06-15,under,0.2370600080391036,2.1399999999999997,1.1399999999999997,1.0,False,False,False
2215,ed875441-efcd-4dae-a5ba-820e28e35945,166,Jewell Loyd,jewellloyd,LVA,points,14.5,-113.0,-115.0,10,10,2025-06-15 03:08:09+00:00,2025-06-15 03:08:09+00:00,2025-06-15 03:08:09+00:00,2025-06-15 22:00:00+00:00,0.0,2025-06-15,2025,REG,LVA,PHX,1.0654001528551151,True,,0.49774423259931944,401736181,2987869,17,11,1,True,False,matched,17.0,2025-06-15,under,0.15352263289660278,1.8695652173913042,-1.0,1.0,False,False,False
2215,e64fa28a-d2ea-4843-a2c1-a1296fdcbb60,54,Satou Sabally,satousabally,NYL,assists,3.5,142.0,-192.0,10,10,2025-06-15 03:08:09+00:00,2025-06-15 03:08:09+00:00,2025-06-15 03:08:09+00:00,2025-06-15 22:00:00+00:00,0.0,2025-06-15,2025,REG,LVA,PHX,1.0707573870712102,True,,0.37336020860003377,401736181,4281929,11,17,0,True,False,matched,3.0,2025-06-15,over,0.1415332187019882,2.42,-1.0,1.0,False,False,False
2215,84b02338-190a-4233-bf88-9c0811991a62,40,Alyssa Thomas,alyssathomas,PHO,rebounds,6.5,116.0,-154.0,10,10,2025-06-15 03:08:09+00:00,2025-06-15 03:08:09+00:00,2025-06-15 03:08:09+00:00,2025-06-15 22:00:00+00:00,0.0,2025-06-15,2025,REG,LVA,PHX,1.0692621755613883,True,,0.425792012343204,401736181,2529140,11,17,0,True,False,matched,6.0,2025-06-15,over,0.05136672937995679,2.16,-1.0,1.0,False,False,False
2213,75f8eef3-7a62-41ab-89cf-97296b4f85af,9,Tina Charles,tinacharles,FA,points,16.5,-122.0,-106.0,10,10,2025-06-15 05:24:13+00:00,2025-06-15 05:24:13+00:00,2025-06-15 05:24:13+00:00,2025-06-15 16:00:00+00:00,0.0,2025-06-15,2025,REG,CON,CHI,1.064112656345666,True,,0.518058368553134,401736179,918,18,19,1,True,False,matched,19.0,2025-06-15,under,0.12674148544308256,1.9433962264150944,-1.0,1.0,False,False,False
2213,3bd8a3e7-34ff-4428-97e5-e0419156d2af,22,Marina Mabrey,marinamabrey,TOR,points,16.5,-118.0,-110.0,10,10,2025-06-15 05:24:13+00:00,2025-06-15 05:24:13+00:00,2025-06-15 05:24:13+00:00,2025-06-15 16:00:00+00:00,0.0,2025-06-15,2025,REG,CON,CHI,1.0650939274792486,True,,0.5090245232268319,401736179,3904576,18,19,1,True,False,matched,22.0,2025-06-15,under,0.06924954663196536,1.9090909090909092,-1.0,1.0,False,False,False
2213,683eb7a5-c80a-4ad5-b68a-eccb219b129f,43,Olivia Nelson-Ododa,olivianelsonododa,CON,rebounds,5.5,-158.0,118.0,10,10,2025-06-15 05:27:35+00:00,2025-06-15 05:27:35+00:00,2025-06-15 05:27:35+00:00,2025-06-15 16:00:00+00:00,0.0,2025-06-15,2025,REG,CON,CHI,1.0711186971054691,True,,0.5796527091990534,401736179,4398966,18,19,1,True,False,matched,10.0,2025-06-15,under,0.6109702061779431,2.1799999999999997,-1.0,1.0,False,False,False
2213,1e4aff0d-3e37-4b64-9496-74d592dd6774,30,Kamilla Cardoso,kamillacardoso,CHI,rebounds,6.5,-154.0,116.0,10,10,2025-06-15 05:27:35+00:00,2025-06-15 05:27:35+00:00,2025-06-15 05:27:35+00:00,2025-06-15 16:00:00+00:00,0.0,2025-06-15,2025,REG,CON,CHI,1.0692621755613883,True,,0.574207987656796,401736179,4433405,19,18,0,True,False,matched,7.0,2025-06-15,under,0.05881974514634081,2.16,-1.0,1.0,False,False,False
2214,3da587d7-7845-4e58-b184-380b9ffbf7dc,182,Brittney Sykes,brittneysykes,TOR,points,19.5,-113.0,-115.0,10,10,2025-06-15 05:54:58+00:00,2025-06-15 05:54:58+00:00,2025-06-15 05:54:58+00:00,2025-06-15 18:00:00+00:00,0.0,2025-06-15,2025,REG,WAS,ATL,1.0654001528551151,True,,0.49774423259931944,401736180,2988756,16,20,1,True,False,matched,9.0,2025-06-15,under,0.24122385593798013,1.8695652173913042,0.8695652173913042,1.0,False,False,False
2214,32315539-c950-4ffe-808e-869bc8e56949,573,Sonia Citron,soniacitron,WAS,points,12.5,-130.0,100.0,10,10,2025-06-15 05:54:58+00:00,2025-06-15 05:54:58+00:00,2025-06-15 05:54:58+00:00,2025-06-15 18:00:00+00:00,0.0,2025-06-15,2025,REG,WAS,ATL,1.065217391304348,True,,0.5336835053940976,401736180,4433524,16,20,1,True,False,matched,10.0,2025-06-15,under,0.12741383195345923,2.0,1.0,1.0,False,False,False
2214,e2c9fa7d-6721-496e-b343-8176c9b0ca13,572,Kiki Iriafen,kikiiriafen,WAS,points,13.5,-114.0,-114.0,10,10,2025-06-15 05:54:58+00:00,2025-06-15 05:54:58+00:00,2025-06-15 05:54:58+00:00,2025-06-15 18:00:00+00:00,0.0,2025-06-15,2025,REG,WAS,ATL,1.0654205607476634,True,,0.5000000000000001,401736180,4898384,16,20,1,True,False,matched,6.0,2025-06-15,under,0.06940386173791147,1.8771929824561404,0.8771929824561404,1.0,False,False,False
2214,2f50f12a-1433-4657-a962-239b95d929c0,15,Rhyne Howard,rhynehoward,ATL,points,17.5,-128.0,-102.0,10,10,2025-06-15 05:58:20+00:00,2025-06-15 05:58:20+00:00,2025-06-15 05:58:20+00:00,2025-06-15 18:00:00+00:00,0.0,2025-06-15,2025,REG,WAS,ATL,1.0663540038214347,True,,0.5291749480305961,401736180,4398674,20,16,0,True,False,matched,14.0,2025-06-15,under,0.13464449968740283,1.9803921568627452,0.9803921568627452,1.0,False,False,False
2214,d142e6ae-0de6-466a-ac5a-0bbf6e7b544e,1,Allisha Gray,allishagray,ATL,threes,1.5,-154.0,116.0,10,10,2025-06-15 05:58:20+00:00,2025-06-15 05:58:20+00:00,2025-06-15 05:58:20+00:00,2025-06-15 18:00:00+00:00,0.0,2025-06-15,2025,REG,WAS,ATL,1.0692621755613883,True,,0.574207987656796,401736180,3058901,20,16,0,True,False,matched,6.0,2025-06-15,under,0.09345865734338099,2.16,-1.0,1.0,False,False,False
2214,364382f5-84b0-4f48-ae68-e46c5336a348,148,Brittney Griner,brittneygriner,CON,points,12.5,-122.0,-106.0,10,10,2025-06-15 05:58:20+00:00,2025-06-15 05:58:20+00:00,2025-06-15 05:58:20+00:00,2025-06-15 18:00:00+00:00,0.0,2025-06-15,2025,REG,WAS,ATL,1.064112656345666,True,,0.518058368553134,401736180,2490553,20,16,0,True,False,matched,2.0,2025-06-15,under,0.05141024440817665,1.9433962264150944,0.9433962264150944,1.0,False,False,False
2214,dcf17384-5d2e-4bd2-b922-c6bcbd52a093,49,Brionna Jones,brionnajones,ATL,rebounds,8.5,-122.0,-108.0,10,10,2025-06-15 05:58:21+00:00,2025-06-15 05:58:21+00:00,2025-06-15 05:58:21+00:00,2025-06-15 18:00:00+00:00,0.0,2025-06-15,2025,REG,WAS,ATL,1.0687803187803186,True,,0.5156895960912058,401736180,3058895,20,16,0,True,False,matched,4.0,2025-06-15,under,0.3044015687000168,1.925925925925926,0.925925925925926,1.0,False,False,False
2213,9dc2660c-8e42-401d-83c1-66f2be63d7e9,185,Ariel Atkins,arielatkins,LAS,assists,3.5,120.0,-150.0,24,24,2025-06-15 08:33:14+00:00,2025-06-15 08:33:14+00:00,2025-06-15 08:33:14+00:00,2025-06-15 16:00:00+00:00,0.0,2025-06-15,2025,REG,CON,CHI,1.0545454545454547,True,,0.4253013906678685,401736179,3146151,19,18,0,True,False,matched,4.0,2025-06-15,under,0.15126188865265294,1.6666666666666665,-1.0,1.0,False,False,False
2213,1c98fbf9-0b44-4bf0-b7e6-d7e317de571f,26,Angel Reese,angelreese,ATL,assists,2.5,-115.0,-115.0,24,24,2025-06-15 08:33:14+00:00,2025-06-15 08:33:14+00:00,2025-06-15 08:33:14+00:00,2025-06-15 16:00:00+00:00,0.0,2025-06-15,2025,REG,CON,CHI,1.0697674418604652,True,,0.5,401736179,4433402,19,18,0,True,False,matched,11.0,2025-06-15,under,0.12442869618908164,1.8695652173913042,-1.0,1.0,False,False,False
2215,f8fcf824-85d1-432d-93f8-2b6314da196c,177,Sami Whitcomb,samiwhitcomb,PHO,points,8.5,-105.0,-125.0,49,49,2025-06-15 10:03:40+00:00,2025-06-15 10:03:40+00:00,2025-06-15 10:03:40+00:00,2025-06-15 22:00:00+00:00,0.0,2025-06-15,2025,REG,LVA,PHX,1.067750677506775,True,,0.47757418034290006,401736181,887,11,17,0,True,False,matched,18.0,2025-06-15,under,0.25007757676288933,1.8,-1.0,1.0,False,False,False
2213,918929c3-e3fd-403a-a633-0f253372e5df,518,Saniya Rivers,saniyarivers,CON,points,7.5,-115.0,-115.0,19,19,2025-06-15 13:04:58+00:00,2025-06-15 13:04:58+00:00,2025-06-15 13:04:58+00:00,2025-06-15 16:00:00+00:00,0.0,2025-06-15,2025,REG,CON,CHI,1.0697674418604652,True,,0.5,401736179,4433514,18,19,1,True,True,did_not_play,,2025-06-15,under,0.14600638253026021,1.8695652173913042,0.0,0.0,False,True,False
2215,966c5b58-cf9b-4b94-bb05-349f8064851f,155,Kahleah Copper,kahleahcopper,PHO,threes,1.5,-114.0,-114.0,10,10,2025-06-15 13:53:12+00:00,2025-06-15 13:53:12+00:00,2025-06-15 13:53:12+00:00,2025-06-15 22:00:00+00:00,0.0,2025-06-15,2025,REG,LVA,PHX,1.0654205607476634,True,,0.5000000000000001,401736181,2998938,11,17,0,True,False,matched,1.0,2025-06-15,under,0.0561562211000588,1.8771929824561404,0.8771929824561404,1.0,False,False,False
2214,8dcd2dc6-65ee-4e3a-b34d-36b20d8e3de7,2,Jordin Canada,jordincanada,ATL,points,8.5,-115.0,-115.0,13,13,2025-06-15 13:57:19+00:00,2025-06-15 13:57:19+00:00,2025-06-15 13:57:19+00:00,2025-06-15 18:00:00+00:00,0.0,2025-06-15,2025,REG,WAS,ATL,1.0697674418604652,True,,0.5,401736180,3142250,20,16,0,True,False,matched,4.0,2025-06-15,under,0.09464991616409113,1.8695652173913042,0.8695652173913042,1.0,False,False,False
2216,cc4c9251-b376-43c4-97c4-e80edc05ad3e,68,Caitlin Clark,caitlinclark,IND,rebounds,5.5,-146.0,110.0,10,10,2025-06-15 20:17:14+00:00,2025-06-15 20:17:14+00:00,2025-06-15 20:17:14+00:00,2025-06-17 23:00:00+00:00,0.0,2025-06-17,2025,REG,IND,CON,1.0696864111498257,True,,0.5607420039050215,401736182,4433403,5,18,1,True,False,matched,1.0,2025-06-17,under,0.10935522633732553,2.1,1.1,1.0,False,False,False
2219,1f4ce6a9-d224-47f8-bf4e-8a610411b974,26,Angel Reese,angelreese,ATL,assists,3.5,108.0,-144.0,10,10,2025-06-16 02:20:42+00:00,2025-06-16 02:20:42+00:00,2025-06-16 02:20:42+00:00,2025-06-18 00:00:00+00:00,0.0,2025-06-17,2025,REG,CHI,WAS,1.0709331651954601,True,,0.4433154794603006,401736184,4433402,19,16,1,True,False,matched,5.0,2025-06-17,under,0.2994189271229158,1.6944444444444444,-1.0,1.0,False,False,False
2219,00af4ee4-0fae-477e-a835-ca0397357be6,182,Brittney Sykes,brittneysykes,TOR,points,19.5,-110.0,-118.0,10,10,2025-06-16 02:20:42+00:00,2025-06-16 02:20:42+00:00,2025-06-16 02:20:42+00:00,2025-06-18 00:00:00+00:00,0.0,2025-06-17,2025,REG,CHI,WAS,1.0650939274792486,True,,0.4909754767731684,401736184,2988756,16,19,0,True,False,matched,32.0,2025-06-17,under,0.18969342383320992,1.847457627118644,-1.0,1.0,False,False,False
2219,e5ce5aff-5a41-45e3-8729-e4a06777bc4a,185,Ariel Atkins,arielatkins,LAS,points,13.5,-110.0,-118.0,10,10,2025-06-16 02:20:42+00:00,2025-06-16 02:20:42+00:00,2025-06-16 02:20:42+00:00,2025-06-18 00:00:00+00:00,0.0,2025-06-17,2025,REG,CHI,WAS,1.0650939274792486,True,,0.4909754767731684,401736184,3146151,19,16,1,True,False,matched,10.0,2025-06-17,under,0.06404381197155551,1.847457627118644,0.847457627118644,1.0,False,False,False
2217,cb4fb2a5-2afe-420b-aac1-3c119f06ea6d,1,Allisha Gray,allishagray,ATL,threes,2.5,108.0,-144.0,10,10,2025-06-16 02:37:39+00:00,2025-06-16 02:37:39+00:00,2025-06-16 02:37:39+00:00,2025-06-17 23:00:00+00:00,0.0,2025-06-17,2025,REG,NYL,ATL,1.0709331651954601,True,,0.4433154794603006,401736183,3058901,20,9,0,True,False,matched,2.0,2025-06-17,under,0.25997959011922966,1.6944444444444444,0.6944444444444444,1.0,False,False,False
2217,4325ddd9-e90a-487e-80d8-d1f936a5372e,49,Brionna Jones,brionnajones,ATL,rebounds,7.5,-148.0,112.0,10,10,2025-06-16 02:37:39+00:00,2025-06-16 02:37:39+00:00,2025-06-16 02:37:39+00:00,2025-06-17 23:00:00+00:00,0.0,2025-06-17,2025,REG,NYL,ATL,1.0684723067559343,True,,0.5647227530167998,401736183,3058895,20,9,0,True,False,matched,3.0,2025-06-17,under,0.23355834679602405,2.12,1.12,1.0,False,False,False
2217,24a32d9a-3e59-45f4-b1fb-5a18f4d7c035,148,Brittney Griner,brittneygriner,CON,rebounds,5.5,-154.0,116.0,10,10,2025-06-16 02:37:39+00:00,2025-06-16 02:37:39+00:00,2025-06-16 02:37:39+00:00,2025-06-17 23:00:00+00:00,0.0,2025-06-17,2025,REG,NYL,ATL,1.0692621755613883,True,,0.574207987656796,401736183,2490553,20,9,0,True,False,matched,2.0,2025-06-17,under,0.17810189679417132,2.16,1.1600000000000001,1.0,False,False,False
2217,17b32d18-6d2a-4940-a1e0-aafe2323aa08,141,Jonquel Jones,jonqueljones,NYL,rebounds,10.5,108.0,-144.0,10,10,2025-06-16 02:37:39+00:00,2025-06-16 02:37:39+00:00,2025-06-16 02:37:39+00:00,2025-06-17 23:00:00+00:00,0.0,2025-06-17,2025,REG,NYL,ATL,1.0709331651954601,True,,0.4433154794603006,401736183,2999101,9,20,1,True,False,matched,10.0,2025-06-17,under,0.1725969505818521,1.6944444444444444,0.6944444444444444,1.0,False,False,False
2217,f4387481-3e7e-45b9-bf0a-e47f8b5a8f74,15,Rhyne Howard,rhynehoward,ATL,points,18.5,-115.0,-113.0,10,10,2025-06-16 02:37:39+00:00,2025-06-16 02:37:39+00:00,2025-06-16 02:37:39+00:00,2025-06-17 23:00:00+00:00,0.0,2025-06-17,2025,REG,NYL,ATL,1.0654001528551151,True,,0.5022557674006809,401736183,4398674,20,9,0,True,False,matched,13.0,2025-06-17,under,0.16991330969296553,1.8849557522123894,0.8849557522123894,1.0,False,False,False
2217,90a4a41a-c52e-421a-8f36-ae3ae895ea18,137,Breanna Stewart,breannastewart,NYL,points,20.5,-104.0,-122.0,10,10,2025-06-16 02:37:39+00:00,2025-06-16 02:37:39+00:00,2025-06-16 02:37:39+00:00,2025-06-17 23:00:00+00:00,0.0,2025-06-17,2025,REG,NYL,ATL,1.059353471118177,True,,0.47953831927398954,401736183,2998928,9,20,1,True,False,matched,23.0,2025-06-17,under,0.13142656471030917,1.819672131147541,-1.0,1.0,False,False,False
2217,5c5811e6-00c3-494c-993b-a09eb4760426,163,Natasha Cloud,natashacloud,CHI,assists,5.5,104.0,-138.0,10,10,2025-06-16 02:37:39+00:00,2025-06-16 02:37:39+00:00,2025-06-16 02:37:39+00:00,2025-06-17 23:00:00+00:00,0.0,2025-06-17,2025,REG,NYL,ATL,1.0700280112044818,True,,0.4535791638529251,401736183,2529137,9,20,1,True,False,matched,5.0,2025-06-17,over,0.12117690349955396,2.04,-1.0,1.0,False,False,False
2217,4340856c-d0a0-425c-afed-b09a027ec80c,132,Sabrina Ionescu,sabrinaionescu,NYL,points,18.5,-110.0,-118.0,10,10,2025-06-16 02:37:39+00:00,2025-06-16 02:37:39+00:00,2025-06-16 02:37:39+00:00,2025-06-17 23:00:00+00:00,0.0,2025-06-17,2025,REG,NYL,ATL,1.0650939274792486,True,,0.4909754767731684,401736183,4066533,9,20,1,True,False,matched,34.0,2025-06-17,under,0.08948177956102865,1.847457627118644,-1.0,1.0,False,False,False
2220,0fb92124-2fdc-4afe-ab2b-d21c7e48ce2b,528,Paige Bueckers,paigebueckers,DAL,assists,6.5,-132.0,100.0,10,10,2025-06-16 02:51:16+00:00,2025-06-16 02:51:16+00:00,2025-06-16 02:51:16+00:00,2025-06-18 00:00:00+00:00,0.0,2025-06-17,2025,REG,DAL,GSV,1.0689655172413794,True,,0.5356937238338165,401736185,4433730,3,129689,1,True,False,matched,2.0,2025-06-17,under,0.18277661609074286,2.0,1.0,1.0,False,False,False
2220,1dd8251f-559f-418e-9b5e-a23c1690c24a,139,Kayla Thornton,kaylathornton,GSV,points,14.5,-114.0,-114.0,10,10,2025-06-16 03:49:16+00:00,2025-06-16 03:49:16+00:00,2025-06-16 03:49:16+00:00,2025-06-18 00:00:00+00:00,0.0,2025-06-17,2025,REG,DAL,GSV,1.0654205607476634,True,,0.5000000000000001,401736185,2529622,129689,3,0,True,False,matched,17.0,2025-06-17,under,0.36849462774556185,1.8771929824561404,-1.0,1.0,False,False,False
2220,100cc8aa-a4e2-4a2d-9473-8f51816687aa,55,Veronica Burton,veronicaburton,GSV,assists,5.5,-158.0,118.0,10,10,2025-06-16 03:49:17+00:00,2025-06-16 03:49:17+00:00,2025-06-16 03:49:17+00:00,2025-06-18 00:00:00+00:00,0.0,2025-06-17,2025,REG,DAL,GSV,1.0711186971054691,True,,0.5796527091990534,401736185,4398935,129689,3,0,True,False,matched,5.0,2025-06-17,under,0.5546850556928089,2.1799999999999997,1.1799999999999997,1.0,False,False,False
2216,677f2808-0da1-4648-97b1-926f4f2387da,22,Marina Mabrey,marinamabrey,TOR,threes,2.5,-172.0,128.0,10,10,2025-06-16 04:31:08+00:00,2025-06-16 04:31:08+00:00,2025-06-16 04:31:08+00:00,2025-06-17 23:00:00+00:00,0.0,2025-06-17,2025,REG,IND,CON,1.0709494324045408,True,,0.6004234693007796,401736182,3904576,18,5,0,True,False,matched,0.0,2025-06-17,under,0.25184066313718184,2.2800000000000002,1.2800000000000002,1.0,False,False,False
2216,85d965d5-6a32-4849-9aca-d67be53a696c,9,Tina Charles,tinacharles,FA,points,17.5,-110.0,-118.0,10,10,2025-06-16 04:31:08+00:00,2025-06-16 04:31:08+00:00,2025-06-16 04:31:08+00:00,2025-06-17 23:00:00+00:00,0.0,2025-06-17,2025,REG,IND,CON,1.0650939274792486,True,,0.4909754767731684,401736182,918,18,5,0,True,False,matched,20.0,2025-06-17,under,0.19366959090689712,1.847457627118644,-1.0,1.0,False,False,False
2218,52efe202-7e07-4995-8092-f6071cbde379,121,Alanna Smith,alannasmith,DAL,points,10.5,104.0,-135.0,10,10,2025-06-16 05:12:20+00:00,2025-06-16 05:12:20+00:00,2025-06-16 05:12:20+00:00,2025-06-18 00:00:00+00:00,0.0,2025-06-17,2025,REG,MIN,LVA,1.0646641635377556,True,,0.45648742045938223,401736186,3913881,8,17,1,True,False,matched,10.0,2025-06-17,under,0.14421736534248342,1.7407407407407407,0.7407407407407407,1.0,False,False,False
2218,f7fe7f67-3072-479f-8d3f-255d33364c30,125,Kayla McBride,kaylamcbride,MIN,points,15.5,-108.0,-120.0,10,10,2025-06-16 05:12:20+00:00,2025-06-16 05:12:20+00:00,2025-06-16 05:12:20+00:00,2025-06-18 00:00:00+00:00,0.0,2025-06-17,2025,REG,MIN,LVA,1.0646853146853146,True,,0.48646030463369283,401736186,2529205,8,17,1,True,False,matched,8.0,2025-06-17,under,0.10303114468677976,1.8333333333333335,0.8333333333333335,1.0,False,False,False
2221,99c04dd8-204d-4a36-a169-f8a44895585a,82,Azura Stevens,azurastevens,CHI,points,11.5,-122.0,-106.0,10,10,2025-06-16 05:57:07+00:00,2025-06-16 05:57:07+00:00,2025-06-16 05:57:07+00:00,2025-06-18 02:00:00+00:00,0.0,2025-06-17,2025,REG,LAS,SEA,1.064112656345666,True,,0.518058368553134,401736187,3142010,6,14,1,True,False,matched,16.0,2025-06-17,under,0.1726701570097281,1.9433962264150944,-1.0,1.0,False,False,False
2221,32c63cca-292f-42ec-8a0d-18a18b7cfd9d,208,Gabby Williams,gabbywilliams,GSV,points,13.5,-120.0,-108.0,10,10,2025-06-16 05:57:07+00:00,2025-06-16 05:57:07+00:00,2025-06-16 05:57:07+00:00,2025-06-18 02:00:00+00:00,0.0,2025-06-17,2025,REG,LAS,SEA,1.0646853146853146,True,,0.5135396953663074,401736187,3142328,14,6,0,True,False,matched,11.0,2025-06-17,under,0.14826450073138897,1.925925925925926,0.925925925925926,1.0,False,False,False
2221,57ab5c1e-2cce-4b4c-9b68-247faa0a98dc,180,Nneka Ogwumike,nnekaogwumike,LAS,points,16.5,-102.0,-128.0,10,10,2025-06-16 05:57:07+00:00,2025-06-16 05:57:07+00:00,2025-06-16 05:57:07+00:00,2025-06-18 02:00:00+00:00,0.0,2025-06-17,2025,REG,LAS,SEA,1.0663540038214347,True,,0.47082505196940394,401736187,1068,14,6,0,True,False,matched,26.0,2025-06-17,under,0.12043982431133698,1.78125,-1.0,1.0,False,False,False
2221,6b05f0e2-00cc-42cb-aec3-d8b9fcf3fd3e,175,Skylar Diggins,skylardiggins,CHI,points,17.5,-115.0,-113.0,10,10,2025-06-16 05:57:07+00:00,2025-06-16 05:57:07+00:00,2025-06-16 05:57:07+00:00,2025-06-18 02:00:00+00:00,0.0,2025-06-17,2025,REG,LAS,SEA,1.0654001528551151,True,,0.5022557674006809,401736187,2491205,14,6,0,True,False,matched,15.0,2025-06-17,under,0.11195834840332058,1.8849557522123894,0.8849557522123894,1.0,False,False,False
2221,d7a8ae44-a3b4-4d29-ab9a-93a443aba6ec,89,Dearica Hamby,dearicahamby,LAS,points,17.5,100.0,-130.0,10,10,2025-06-16 05:57:07+00:00,2025-06-16 05:57:07+00:00,2025-06-16 05:57:07+00:00,2025-06-18 02:00:00+00:00,0.0,2025-06-17,2025,REG,LAS,SEA,1.065217391304348,True,,0.4663164946059025,401736187,2566106,6,14,1,True,False,matched,8.0,2025-06-17,under,0.10036172708172114,1.7692307692307692,0.7692307692307692,1.0,False,False,False
2221,549eae8d-7de3-4ee5-a3cf-487b7c6e9e94,176,Ezi Magbegor,ezimagbegor,SEA,rebounds,7.5,-122.0,-108.0,10,10,2025-06-16 05:57:07+00:00,2025-06-16 05:57:07+00:00,2025-06-16 05:57:07+00:00,2025-06-18 02:00:00+00:00,0.0,2025-06-17,2025,REG,LAS,SEA,1.0687803187803186,True,,0.5156895960912058,401736187,4420318,14,6,0,True,False,matched,3.0,2025-06-17,under,0.09696732115209644,1.925925925925926,0.925925925925926,1.0,False,False,False
2218,5173cb9f-4425-4c05-939c-0ae3ff2f12d2,102,Jackie Young,jackieyoung,LVA,assists,4.5,105.0,-135.0,24,24,2025-06-16 12:23:29+00:00,2025-06-16 12:23:29+00:00,2025-06-16 12:23:29+00:00,2025-06-18 00:00:00+00:00,0.0,2025-06-17,2025,REG,MIN,LVA,1.0622729631551635,True,,0.45531139401703796,401736186,4065870,17,8,0,True,False,matched,6.0,2025-06-17,under,0.2557105645698348,1.7407407407407407,-1.0,1.0,False,False,False
2218,5680af23-e9c3-486b-88e1-3144205e7d55,107,Chelsea Gray,chelseagray,LVA,assists,4.5,-130.0,100.0,24,24,2025-06-16 12:23:29+00:00,2025-06-16 12:23:29+00:00,2025-06-16 12:23:29+00:00,2025-06-18 00:00:00+00:00,0.0,2025-06-17,2025,REG,MIN,LVA,1.065217391304348,True,,0.5336835053940976,401736186,2529122,17,8,0,True,False,matched,6.0,2025-06-17,under,0.22741368314534954,2.0,-1.0,1.0,False,False,False
2218,f64b886a-5477-4166-8dc9-db7d04a7baf3,166,Jewell Loyd,jewellloyd,LVA,threes,2.5,125.0,-155.0,24,24,2025-06-16 12:23:29+00:00,2025-06-16 12:23:29+00:00,2025-06-16 12:23:29+00:00,2025-06-18 00:00:00+00:00,0.0,2025-06-17,2025,REG,MIN,LVA,1.0522875816993464,True,,0.4161844529605166,401736186,2987869,17,8,0,True,False,matched,4.0,2025-06-17,under,0.16252748131716466,1.6451612903225805,-1.0,1.0,False,False,False
2220,05a92efd-672d-479b-a923-dbe9dfcf4a16,48,DiJonai Carrington,dijonaicarrington,CHI,points,13.5,100.0,-130.0,10,10,2025-06-16 16:03:59+00:00,2025-06-16 16:03:59+00:00,2025-06-16 16:03:59+00:00,2025-06-18 00:00:00+00:00,0.0,2025-06-17,2025,REG,DAL,GSV,1.065217391304348,True,,0.4663164946059025,401736185,4066548,3,129689,1,True,False,matched,8.0,2025-06-17,under,0.07276050133308143,1.7692307692307692,0.7692307692307692,1.0,False,False,False
2216,fb124faa-606d-4cf7-9c15-2407c3d2615c,43,Olivia Nelson-Ododa,olivianelsonododa,CON,rebounds,6.5,102.0,-136.0,10,10,2025-06-17 03:43:22+00:00,2025-06-17 03:43:22+00:00,2025-06-17 03:43:22+00:00,2025-06-17 23:00:00+00:00,0.0,2025-06-17,2025,REG,IND,CON,1.071320691391173,True,,0.4579067075572801,401736182,4398966,18,5,0,True,False,matched,8.0,2025-06-17,under,0.34935584678723386,1.7352941176470589,-1.0,1.0,False,False,False
2220,062fd24d-b706-4e84-b237-6f715b1a5179,83,Monique Billings,moniquebillings,IND,points,9.5,-190.0,145.0,49,49,2025-06-17 12:03:50+00:00,2025-06-17 12:03:50+00:00,2025-06-17 12:03:50+00:00,2025-06-18 00:00:00+00:00,0.0,2025-06-17,2025,REG,DAL,GSV,1.0633356790992259,True,,0.627503342529811,401736185,3142255,129689,3,0,True,False,matched,18.0,2025-06-17,under,0.9303588997691485,2.45,-1.0,1.0,False,False,False
2220,f3b9c227-8e94-4150-83ce-b2ef6207c379,58,Carla Leite,carlaleite,PDX,points,9.5,-195.0,145.0,49,49,2025-06-17 17:32:48+00:00,2025-06-17 17:32:48+00:00,2025-06-17 17:32:48+00:00,2025-06-18 00:00:00+00:00,0.0,2025-06-17,2025,REG,DAL,GSV,1.0691802144586648,True,,0.6309553346406138,401736185,5208982,129689,3,0,True,False,matched,8.0,2025-06-17,under,0.7601155449174828,2.45,1.4500000000000002,1.0,False,False,False
2222,f85c06a7-1b32-4fcf-96e3-56d8a8f5b72e,40,Alyssa Thomas,alyssathomas,PHO,points,13.5,-102.0,-128.0,10,10,2025-06-18 04:51:25+00:00,2025-06-18 04:51:25+00:00,2025-06-18 04:51:25+00:00,2025-06-18 23:00:00+00:00,0.0,2025-06-18,2025,REG,CON,PHX,1.0663540038214347,True,,0.47082505196940394,401736188,2529140,11,18,0,True,False,matched,14.0,2025-06-18,under,0.12865259057094452,1.78125,-1.0,1.0,False,False,False
2222,98a87e8f-7670-429c-8fcd-87e93cb656e2,54,Satou Sabally,satousabally,NYL,rebounds,7.5,-130.0,-102.0,10,10,2025-06-18 04:51:26+00:00,2025-06-18 04:51:26+00:00,2025-06-18 04:51:26+00:00,2025-06-18 23:00:00+00:00,0.0,2025-06-18,2025,REG,CON,PHX,1.0701678863538528,True,,0.5312123494364493,401736188,4281929,11,18,0,True,False,matched,15.0,2025-06-18,under,0.17783033587473407,1.9803921568627452,-1.0,1.0,False,False,False
2222,868abb2c-992d-4c8a-92bc-92d579add7ef,9,Tina Charles,tinacharles,FA,rebounds,6.5,124.0,-166.0,10,10,2025-06-18 04:51:26+00:00,2025-06-18 04:51:26+00:00,2025-06-18 04:51:26+00:00,2025-06-18 23:00:00+00:00,0.0,2025-06-18,2025,REG,CON,PHX,1.0704887218045114,True,,0.40796342297849103,401736188,918,18,11,1,True,False,matched,4.0,2025-06-18,over,0.1573948661088908,2.24,-1.0,1.0,False,False,False
2222,a26369a2-9e9a-4fd1-a5fa-fb636335593a,22,Marina Mabrey,marinamabrey,TOR,assists,3.5,112.0,-148.0,10,10,2025-06-18 04:51:26+00:00,2025-06-18 04:51:26+00:00,2025-06-18 04:51:26+00:00,2025-06-18 23:00:00+00:00,0.0,2025-06-18,2025,REG,CON,PHX,1.0684723067559343,True,,0.43527724698320036,401736188,3904576,18,11,1,True,False,matched,7.0,2025-06-18,over,0.09118950921077751,2.12,1.12,1.0,False,False,False
2222,78d3adfd-e264-4a9f-a5f3-e88fcfa85999,43,Olivia Nelson-Ododa,olivianelsonododa,CON,rebounds,6.5,124.0,-166.0,10,10,2025-06-18 05:18:48+00:00,2025-06-18 05:18:48+00:00,2025-06-18 05:18:48+00:00,2025-06-18 23:00:00+00:00,0.0,2025-06-18,2025,REG,CON,PHX,1.0704887218045114,True,,0.40796342297849103,401736188,4398966,18,11,1,True,False,matched,14.0,2025-06-18,under,0.23972737619214088,1.6024096385542168,-1.0,1.0,False,False,False
2222,19a604aa-c8d7-4301-874a-724aeed99bc9,177,Sami Whitcomb,samiwhitcomb,PHO,points,7.5,-130.0,100.0,49,49,2025-06-18 11:02:01+00:00,2025-06-18 11:02:01+00:00,2025-06-18 11:02:01+00:00,2025-06-18 23:00:00+00:00,0.0,2025-06-18,2025,REG,CON,PHX,1.065217391304348,True,,0.5336835053940976,401736188,887,11,18,0,True,True,did_not_play,,2025-06-18,under,0.12668953330545518,2.0,0.0,0.0,False,True,False
2223,22409594-596b-47e2-835f-ddd86cd3a849,54,Satou Sabally,satousabally,NYL,rebounds,7.5,-154.0,116.0,10,10,2025-06-19 01:43:43+00:00,2025-06-19 01:43:43+00:00,2025-06-19 01:43:43+00:00,2025-06-19 23:00:00+00:00,0.0,2025-06-19,2025,REG,NYL,PHX,1.0692621755613883,True,,0.574207987656796,401736189,4281929,11,9,0,True,False,matched,9.0,2025-06-19,under,0.25881162835933835,2.16,-1.0,1.0,False,False,False
2223,704143b1-0524-4842-b3f6-4dbdf68c23f4,40,Alyssa Thomas,alyssathomas,PHO,points,12.5,-115.0,-113.0,10,10,2025-06-19 01:43:44+00:00,2025-06-19 01:43:44+00:00,2025-06-19 01:43:44+00:00,2025-06-19 23:00:00+00:00,0.0,2025-06-19,2025,REG,NYL,PHX,1.0654001528551151,True,,0.5022557674006809,401736189,2529140,11,9,0,True,False,matched,18.0,2025-06-19,under,0.15033557691546023,1.8849557522123894,-1.0,1.0,False,False,False
2223,4a2bbd68-ca86-44aa-a4c9-5045f8f3f45f,141,Jonquel Jones,jonqueljones,NYL,rebounds,10.5,116.0,-154.0,10,10,2025-06-19 01:43:44+00:00,2025-06-19 01:43:44+00:00,2025-06-19 01:43:44+00:00,2025-06-19 23:00:00+00:00,0.0,2025-06-19,2025,REG,NYL,PHX,1.0692621755613883,True,,0.425792012343204,401736189,2999101,9,11,1,True,False,matched,4.0,2025-06-19,under,0.12854942409939385,1.6493506493506493,0.6493506493506493,1.0,False,False,False
2224,c42e5794-437d-4124-873c-e60402bd0dbb,76,Lexie Hull,lexiehull,IND,points,9.5,-106.0,-122.0,10,10,2025-06-19 02:33:41+00:00,2025-06-19 02:33:41+00:00,2025-06-19 02:33:41+00:00,2025-06-20 02:00:00+00:00,0.0,2025-06-19,2025,REG,GSV,IND,1.064112656345666,True,,0.4819416314468661,401736190,4398829,5,129689,0,True,False,matched,3.0,2025-06-19,under,0.22826368182848356,1.819672131147541,0.819672131147541,1.0,False,False,False
2224,fd0ba9fd-9988-44bc-896b-6f89230e0930,83,Monique Billings,moniquebillings,IND,rebounds,6.5,-154.0,116.0,10,10,2025-06-19 02:33:42+00:00,2025-06-19 02:33:42+00:00,2025-06-19 02:33:42+00:00,2025-06-20 02:00:00+00:00,0.0,2025-06-19,2025,REG,GSV,IND,1.0692621755613883,True,,0.574207987656796,401736190,3142255,129689,5,1,True,False,matched,3.0,2025-06-19,under,0.5274615687592126,2.16,1.1600000000000001,1.0,False,False,False
2224,c1cb9dd3-1066-46bc-a171-ce9f45b2f687,139,Kayla Thornton,kaylathornton,GSV,rebounds,7.5,-122.0,-108.0,10,10,2025-06-19 02:33:42+00:00,2025-06-19 02:33:42+00:00,2025-06-19 02:33:42+00:00,2025-06-20 02:00:00+00:00,0.0,2025-06-19,2025,REG,GSV,IND,1.0687803187803186,True,,0.5156895960912058,401736190,2529622,129689,5,1,True,False,matched,6.0,2025-06-19,under,0.45506064456662865,1.925925925925926,0.925925925925926,1.0,False,False,False
2224,e1254a43-f2a2-4282-a960-5f3e6f2434b5,55,Veronica Burton,veronicaburton,GSV,points,11.5,100.0,-130.0,10,10,2025-06-19 02:33:42+00:00,2025-06-19 02:33:42+00:00,2025-06-19 02:33:42+00:00,2025-06-20 02:00:00+00:00,0.0,2025-06-19,2025,REG,GSV,IND,1.065217391304348,True,,0.4663164946059025,401736190,4398935,129689,5,1,True,False,matched,11.0,2025-06-19,under,0.34843291396715514,1.7692307692307692,0.7692307692307692,1.0,False,False,False
2224,aea044b5-6861-41ba-8ff5-5ac9e128a9e6,58,Carla Leite,carlaleite,PDX,points,10.5,102.0,-132.0,10,10,2025-06-19 02:33:42+00:00,2025-06-19 02:33:42+00:00,2025-06-19 02:33:42+00:00,2025-06-20 02:00:00+00:00,0.0,2025-06-19,2025,REG,GSV,IND,1.0640150221918745,True,,0.4618487426836327,401736190,5208982,129689,5,1,True,False,matched,8.0,2025-06-19,under,0.3446410471365007,1.7575757575757576,0.7575757575757576,1.0,False,False,False
2224,5730eacd-e16c-4b11-802a-223665536832,56,Natasha Howard,natashahoward,MIN,points,11.5,-118.0,-110.0,10,10,2025-06-19 02:33:42+00:00,2025-06-19 02:33:42+00:00,2025-06-19 02:33:42+00:00,2025-06-20 02:00:00+00:00,0.0,2025-06-19,2025,REG,GSV,IND,1.0650939274792486,True,,0.5090245232268319,401736190,2529130,5,129689,0,True,False,matched,13.0,2025-06-19,under,0.13200079693862177,1.9090909090909092,-1.0,1.0,False,False,False
2224,1d061784-af56-45cc-8821-987a20181415,68,Caitlin Clark,caitlinclark,IND,assists,8.5,-132.0,100.0,10,10,2025-06-19 02:33:42+00:00,2025-06-19 02:33:42+00:00,2025-06-19 02:33:42+00:00,2025-06-20 02:00:00+00:00,0.0,2025-06-19,2025,REG,GSV,IND,1.0689655172413794,True,,0.5356937238338165,401736190,4433403,5,129689,0,True,False,matched,9.0,2025-06-19,under,0.11249622011784943,2.0,-1.0,1.0,False,False,False
2224,bde8b2d5-30ad-4ef9-99f8-7587c57bb692,70,Kelsey Mitchell,kelseymitchell,IND,points,17.5,-113.0,-115.0,10,10,2025-06-19 02:33:42+00:00,2025-06-19 02:33:42+00:00,2025-06-19 02:33:42+00:00,2025-06-20 02:00:00+00:00,0.0,2025-06-19,2025,REG,GSV,IND,1.0654001528551151,True,,0.49774423259931944,401736190,3142191,5,129689,0,True,False,matched,16.0,2025-06-19,under,0.08746725533232019,1.8695652173913042,0.8695652173913042,1.0,False,False,False
2223,e7f4afaf-278d-4369-bfc7-899b5112f3ea,155,Kahleah Copper,kahleahcopper,PHO,rebounds,3.5,120.0,-175.0,49,49,2025-06-19 11:03:41+00:00,2025-06-19 11:03:41+00:00,2025-06-19 11:03:41+00:00,2025-06-19 23:00:00+00:00,0.0,2025-06-19,2025,REG,NYL,PHX,1.0909090909090908,True,,0.4046611373599405,401736189,2998938,11,9,0,True,True,did_not_play,,2025-06-19,over,0.16058618695555998,2.2,0.0,0.0,False,True,False
2225,70db828a-0d22-4829-9520-3373f8358c60,528,Paige Bueckers,paigebueckers,DAL,assists,6.5,118.0,-158.0,10,10,2025-06-19 17:41:52+00:00,2025-06-19 17:41:52+00:00,2025-06-19 17:41:52+00:00,2025-06-20 23:30:00+00:00,0.0,2025-06-20,2025,REG,CON,DAL,1.0711186971054691,True,,0.42034729080094674,401736192,4433730,3,18,0,True,False,matched,7.0,2025-06-20,under,0.17134454082384126,1.6329113924050633,-1.0,1.0,False,False,False
2225,54bab4e3-f5cd-4d44-8d3a-c721803a64b4,48,DiJonai Carrington,dijonaicarrington,CHI,points,11.5,-122.0,-106.0,10,10,2025-06-19 17:41:52+00:00,2025-06-19 17:41:52+00:00,2025-06-19 17:41:52+00:00,2025-06-20 23:30:00+00:00,0.0,2025-06-20,2025,REG,CON,DAL,1.064112656345666,True,,0.518058368553134,401736192,4066548,3,18,0,True,False,matched,5.0,2025-06-20,under,0.07584576155000822,1.9433962264150944,0.9433962264150944,1.0,False,False,False
2225,44fd2274-62d0-4403-b311-fe13f932accf,63,Arike Ogunbowale,arikeogunbowale,DAL,points,17.5,-115.0,-113.0,10,10,2025-06-19 17:41:52+00:00,2025-06-19 17:41:52+00:00,2025-06-19 17:41:52+00:00,2025-06-20 23:30:00+00:00,0.0,2025-06-20,2025,REG,CON,DAL,1.0654001528551151,True,,0.5022557674006809,401736192,3904577,3,18,0,True,False,matched,7.0,2025-06-20,under,0.05996841269340092,1.8849557522123894,0.8849557522123894,1.0,False,False,False
2226,d6b656f7-ffff-4912-b32e-b6fb44e4f540,572,Kiki Iriafen,kikiiriafen,WAS,points,12.5,-108.0,-120.0,10,10,2025-06-19 20:54:55+00:00,2025-06-19 20:54:55+00:00,2025-06-19 20:54:55+00:00,2025-06-20 23:30:00+00:00,0.0,2025-06-20,2025,REG,ATL,WAS,1.0646853146853146,True,,0.48646030463369283,401736191,4898384,16,20,0,True,False,matched,9.0,2025-06-20,under,0.14129894672619886,1.8333333333333335,0.8333333333333335,1.0,False,False,False
2226,df36c8f3-e5d1-4521-83fc-b572ae717504,182,Brittney Sykes,brittneysykes,TOR,points,18.5,100.0,-130.0,10,10,2025-06-19 20:54:55+00:00,2025-06-19 20:54:55+00:00,2025-06-19 20:54:55+00:00,2025-06-20 23:30:00+00:00,0.0,2025-06-20,2025,REG,ATL,WAS,1.065217391304348,True,,0.4663164946059025,401736191,2988756,16,20,0,True,False,matched,21.0,2025-06-20,under,0.12487430878517197,1.7692307692307692,-1.0,1.0,False,False,False
2226,7e0be18a-ecbc-4e8e-94c5-9db5d5fd7ff6,49,Brionna Jones,brionnajones,ATL,points,12.5,-114.0,-114.0,10,10,2025-06-19 20:54:55+00:00,2025-06-19 20:54:55+00:00,2025-06-19 20:54:55+00:00,2025-06-20 23:30:00+00:00,0.0,2025-06-20,2025,REG,ATL,WAS,1.0654205607476634,True,,0.5000000000000001,401736191,3058895,20,16,1,True,False,matched,14.0,2025-06-20,under,0.12347214374582,1.8771929824561404,-1.0,1.0,False,False,False
2226,5a566715-27b0-436f-8790-9cabdd5bfb7c,15,Rhyne Howard,rhynehoward,ATL,points,17.5,-106.0,-122.0,10,10,2025-06-19 20:54:55+00:00,2025-06-19 20:54:55+00:00,2025-06-19 20:54:55+00:00,2025-06-20 23:30:00+00:00,0.0,2025-06-20,2025,REG,ATL,WAS,1.064112656345666,True,,0.4819416314468661,401736191,4398674,20,16,1,True,False,matched,13.0,2025-06-20,under,0.07270147571075075,1.819672131147541,0.819672131147541,1.0,False,False,False
2226,a46e42a9-493c-4d26-b5a6-d4554391c2c8,573,Sonia Citron,soniacitron,WAS,points,12.5,102.0,-132.0,10,10,2025-06-19 20:54:55+00:00,2025-06-19 20:54:55+00:00,2025-06-19 20:54:55+00:00,2025-06-20 23:30:00+00:00,0.0,2025-06-20,2025,REG,ATL,WAS,1.0640150221918745,True,,0.4618487426836327,401736191,4433524,16,20,0,True,False,matched,17.0,2025-06-20,under,0.05479138841689779,1.7575757575757576,-1.0,1.0,False,False,False
2227,8adbab20-f7f6-4107-9fba-96e1c8949d82,103,A'ja Wilson,ajawilson,LVA,rebounds,11.5,-122.0,-110.0,10,10,2025-06-20 04:55:52+00:00,2025-06-20 04:55:52+00:00,2025-06-20 04:55:52+00:00,2025-06-21 02:00:00+00:00,0.0,2025-06-20,2025,REG,LVA,SEA,1.0733590733590734,True,,0.5133544081098238,401736193,3149391,17,14,1,True,False,matched,14.0,2025-06-20,under,0.3178736845103721,1.9090909090909092,-1.0,1.0,False,False,False
2227,7cefcaaa-e41f-457f-a8be-cbeb95781ad9,176,Ezi Magbegor,ezimagbegor,SEA,rebounds,7.5,-130.0,-102.0,10,10,2025-06-20 04:55:52+00:00,2025-06-20 04:55:52+00:00,2025-06-20 04:55:52+00:00,2025-06-21 02:00:00+00:00,0.0,2025-06-20,2025,REG,LVA,SEA,1.0701678863538528,True,,0.5312123494364493,401736193,4420318,14,17,0,True,False,matched,2.0,2025-06-20,under,0.24916629311591204,1.9803921568627452,0.9803921568627452,1.0,False,False,False
2227,7d9972b6-cff3-4069-b0f6-577bbe71723a,208,Gabby Williams,gabbywilliams,GSV,threes,1.5,-138.0,104.0,10,10,2025-06-20 04:55:52+00:00,2025-06-20 04:55:52+00:00,2025-06-20 04:55:52+00:00,2025-06-21 02:00:00+00:00,0.0,2025-06-20,2025,REG,LVA,SEA,1.0700280112044818,True,,0.5464208361470752,401736193,3142328,14,17,0,True,False,matched,3.0,2025-06-20,under,0.17859341474993762,2.04,-1.0,1.0,False,False,False
2227,ba15779c-f20c-4b95-9b3f-d78b4c3afc40,175,Skylar Diggins,skylardiggins,CHI,points,17.5,-114.0,-114.0,10,10,2025-06-20 04:55:52+00:00,2025-06-20 04:55:52+00:00,2025-06-20 04:55:52+00:00,2025-06-21 02:00:00+00:00,0.0,2025-06-20,2025,REG,LVA,SEA,1.0654205607476634,True,,0.5000000000000001,401736193,2491205,14,17,0,True,False,matched,24.0,2025-06-20,under,0.1666097186140475,1.8771929824561404,-1.0,1.0,False,False,False
2227,8669dd56-67c3-4314-9a6f-35bfdbc1989f,180,Nneka Ogwumike,nnekaogwumike,LAS,rebounds,8.5,118.0,-158.0,10,10,2025-06-20 04:55:52+00:00,2025-06-20 04:55:52+00:00,2025-06-20 04:55:52+00:00,2025-06-21 02:00:00+00:00,0.0,2025-06-20,2025,REG,LVA,SEA,1.0711186971054691,True,,0.42034729080094674,401736193,1068,14,17,0,True,False,matched,12.0,2025-06-20,under,0.07627062440228305,1.6329113924050633,-1.0,1.0,False,False,False
2227,b9dedde7-bc91-465c-b2a2-559f2de0c881,102,Jackie Young,jackieyoung,LVA,assists,3.5,130.0,-174.0,10,10,2025-06-20 12:46:36+00:00,2025-06-20 12:46:36+00:00,2025-06-20 12:46:36+00:00,2025-06-21 02:00:00+00:00,0.0,2025-06-20,2025,REG,LVA,SEA,1.069819105046017,True,,0.3962729171732011,401736193,4065870,17,14,1,True,False,matched,5.0,2025-06-20,over,0.26434190601549623,2.3,1.2999999999999998,1.0,False,False,False
2227,59c305b6-fd5f-4169-b05f-b26a3ce89c02,107,Chelsea Gray,chelseagray,LVA,points,12.5,-118.0,-110.0,10,10,2025-06-20 12:46:36+00:00,2025-06-20 12:46:36+00:00,2025-06-20 12:46:36+00:00,2025-06-21 02:00:00+00:00,0.0,2025-06-20,2025,REG,LVA,SEA,1.0650939274792486,True,,0.5090245232268319,401736193,2529122,17,14,1,True,False,matched,7.0,2025-06-20,under,0.0557627435289354,1.9090909090909092,0.9090909090909092,1.0,False,False,False
2228,5b4f64b7-e405-465e-ac2d-5688a0939c64,40,Alyssa Thomas,alyssathomas,PHO,rebounds,7.5,-118.0,-112.0,10,10,2025-06-20 19:31:11+00:00,2025-06-20 19:31:11+00:00,2025-06-20 19:31:11+00:00,2025-06-21 17:00:00+00:00,0.0,2025-06-21,2025,REG,CHI,PHX,1.0695862904621776,True,,0.5067212711754592,401736194,2529140,11,19,0,True,False,matched,3.0,2025-06-21,under,0.17464087212769175,1.8928571428571428,0.8928571428571428,1.0,False,False,False
2228,ba7b514a-1221-4b4f-931c-70067d537127,26,Angel Reese,angelreese,ATL,points,12.5,-114.0,-114.0,10,10,2025-06-20 19:31:11+00:00,2025-06-20 19:31:11+00:00,2025-06-20 19:31:11+00:00,2025-06-21 17:00:00+00:00,0.0,2025-06-21,2025,REG,CHI,PHX,1.0654205607476634,True,,0.5000000000000001,401736194,4433402,19,11,1,True,False,matched,9.0,2025-06-21,under,0.10596387785287648,1.8771929824561404,0.8771929824561404,1.0,False,False,False
2228,9b2854a8-65c1-47dc-a2d2-eef9b25a8a99,54,Satou Sabally,satousabally,NYL,points,18.5,-115.0,-113.0,10,10,2025-06-20 19:31:11+00:00,2025-06-20 19:31:11+00:00,2025-06-20 19:31:11+00:00,2025-06-21 17:00:00+00:00,0.0,2025-06-21,2025,REG,CHI,PHX,1.0654001528551151,True,,0.5022557674006809,401736194,4281929,11,19,0,True,False,matched,15.0,2025-06-21,under,0.10403563406782818,1.8849557522123894,0.8849557522123894,1.0,False,False,False
2228,d0e37d76-26ba-40c1-8825-cb9cf4cb10c1,30,Kamilla Cardoso,kamillacardoso,CHI,points,10.5,-130.0,100.0,10,10,2025-06-20 19:31:11+00:00,2025-06-20 19:31:11+00:00,2025-06-20 19:31:11+00:00,2025-06-21 17:00:00+00:00,0.0,2025-06-21,2025,REG,CHI,PHX,1.065217391304348,True,,0.5336835053940976,401736194,4433405,19,11,1,True,False,matched,17.0,2025-06-21,under,0.085047811108657,2.0,-1.0,1.0,False,False,False
2228,4b57d803-d22a-4325-b568-a69e0c3dd9b9,155,Kahleah Copper,kahleahcopper,PHO,points,12.5,102.0,-132.0,10,10,2025-06-20 19:31:12+00:00,2025-06-20 19:31:12+00:00,2025-06-20 19:31:12+00:00,2025-06-21 17:00:00+00:00,0.0,2025-06-21,2025,REG,CHI,PHX,1.0640150221918745,True,,0.4618487426836327,401736194,2998938,11,19,0,True,False,matched,16.0,2025-06-21,over,0.10795245682374244,2.02,1.02,1.0,False,False,False
2228,9f100585-6b97-40f1-856d-603addc08cb3,185,Ariel Atkins,arielatkins,LAS,points,13.5,102.0,-132.0,10,10,2025-06-20 19:31:12+00:00,2025-06-20 19:31:12+00:00,2025-06-20 19:31:12+00:00,2025-06-21 17:00:00+00:00,0.0,2025-06-21,2025,REG,CHI,PHX,1.0640150221918745,True,,0.4618487426836327,401736194,3146151,19,11,1,True,False,matched,13.0,2025-06-21,under,0.050986233539460524,1.7575757575757576,0.7575757575757576,1.0,False,False,False
2229,b8a3095c-dde6-4a71-a2b2-00d65f4aadf6,94,Rickea Jackson,rickeajackson,CHI,points,15.5,-120.0,-108.0,10,10,2025-06-20 19:53:31+00:00,2025-06-20 19:53:31+00:00,2025-06-20 19:53:31+00:00,2025-06-22 00:00:00+00:00,0.0,2025-06-21,2025,REG,MIN,LAS,1.0646853146853146,True,,0.5135396953663074,401736195,4433630,6,8,0,True,False,matched,9.0,2025-06-21,under,0.2596118687772222,1.925925925925926,0.925925925925926,1.0,False,False,False
2229,0d1e0835-29b4-437a-9388-586f6a9a2d30,89,Dearica Hamby,dearicahamby,LAS,points,16.5,-114.0,-114.0,10,10,2025-06-20 19:53:31+00:00,2025-06-20 19:53:31+00:00,2025-06-20 19:53:31+00:00,2025-06-22 00:00:00+00:00,0.0,2025-06-21,2025,REG,MIN,LAS,1.0654205607476634,True,,0.5000000000000001,401736195,2566106,6,8,0,True,False,matched,13.0,2025-06-21,under,0.2346240273892502,1.8771929824561404,0.8771929824561404,1.0,False,False,False
2229,f92eb0bc-3f85-4f91-9dc4-5fda8e0ff14a,82,Azura Stevens,azurastevens,CHI,points,12.5,-110.0,-118.0,10,10,2025-06-20 19:53:31+00:00,2025-06-20 19:53:31+00:00,2025-06-20 19:53:31+00:00,2025-06-22 00:00:00+00:00,0.0,2025-06-21,2025,REG,MIN,LAS,1.0650939274792486,True,,0.4909754767731684,401736195,3142010,6,8,0,True,False,matched,11.0,2025-06-21,under,0.23082162405992568,1.847457627118644,0.847457627118644,1.0,False,False,False
2225,7f34bddf-15d9-4e4e-ae99-92245171de9e,43,Olivia Nelson-Ododa,olivianelsonododa,CON,points,8.5,-128.0,-102.0,10,10,2025-06-20 22:48:43+00:00,2025-06-20 22:48:43+00:00,2025-06-20 22:48:43+00:00,2025-06-20 23:30:00+00:00,0.0,2025-06-20,2025,REG,CON,DAL,1.0663540038214347,True,,0.5291749480305961,401736192,4398966,18,3,1,True,False,matched,6.0,2025-06-20,under,0.34680236085324634,1.9803921568627452,0.9803921568627452,1.0,False,False,False
2227,c1e277b7-a13b-4659-9633-6d915a868a53,166,Jewell Loyd,jewellloyd,LVA,assists,3.5,160.0,-230.0,49,49,2025-06-20 23:25:54+00:00,2025-06-20 23:25:54+00:00,2025-06-20 23:25:54+00:00,2025-06-21 02:00:00+00:00,0.0,2025-06-20,2025,REG,LVA,SEA,1.0815850815850816,True,,0.3369872092512729,401736193,2987869,17,14,1,True,False,matched,4.0,2025-06-20,under,0.0727814585435137,1.434782608695652,-1.0,1.0,False,False,False
2227,ecd71677-cde9-4695-97bb-f0a827120990,66,Erica Wheeler,ericawheeler,LAS,points,10.5,-108.0,-120.0,10,10,2025-06-21 01:41:12+00:00,2025-06-21 01:41:12+00:00,2025-06-21 01:41:12+00:00,2025-06-21 02:00:00+00:00,0.0,2025-06-20,2025,REG,LVA,SEA,1.0646853146853146,True,,0.48646030463369283,401736193,2491214,14,17,0,True,False,matched,17.0,2025-06-20,under,0.26451229085344874,1.8333333333333335,-1.0,1.0,False,False,False
2229,3a7cadb6-e0b0-451d-aaec-b2f2d9db8621,101,Kelsey Plum,kelseyplum,LAS,assists,5.5,-108.0,-122.0,10,10,2025-06-21 02:14:44+00:00,2025-06-21 02:14:44+00:00,2025-06-21 02:14:44+00:00,2025-06-22 00:00:00+00:00,0.0,2025-06-21,2025,REG,MIN,LAS,1.0687803187803186,True,,0.48431040390879443,401736195,3065570,6,8,0,True,False,matched,4.0,2025-06-21,under,0.20462581539118152,1.819672131147541,0.819672131147541,1.0,False,False,False
2229,c4bc784e-517d-4f24-a029-e394d44cc4f3,112,Napheesa Collier,napheesacollier,MIN,assists,3.5,-160.0,120.0,10,10,2025-06-21 02:18:15+00:00,2025-06-21 02:18:15+00:00,2025-06-21 02:18:15+00:00,2025-06-22 00:00:00+00:00,0.0,2025-06-21,2025,REG,MIN,LAS,1.06993006993007,True,,0.583305061424049,401736195,3917450,8,6,1,True,True,did_not_play,,2025-06-21,under,0.2028973051876728,2.2,0.0,0.0,False,True,False
2230,1528bdfd-e349-49cf-a086-bfd37601cbec,68,Caitlin Clark,caitlinclark,IND,points,20.5,-128.0,-102.0,10,10,2025-06-21 06:49:46+00:00,2025-06-21 06:49:46+00:00,2025-06-21 06:49:46+00:00,2025-06-22 19:00:00+00:00,0.0,2025-06-22,2025,REG,LVA,IND,1.0663540038214347,True,,0.5291749480305961,401736198,4433403,5,17,0,True,False,matched,19.0,2025-06-22,under,0.23379310499849898,1.9803921568627452,0.9803921568627452,1.0,False,False,False
2230,8a3d6d17-aad6-48a7-8441-b44d4b0cf52f,103,A'ja Wilson,ajawilson,LVA,rebounds,10.5,-132.0,100.0,10,10,2025-06-21 06:49:46+00:00,2025-06-21 06:49:46+00:00,2025-06-21 06:49:46+00:00,2025-06-22 19:00:00+00:00,0.0,2025-06-22,2025,REG,LVA,IND,1.0689655172413794,True,,0.5356937238338165,401736198,3149391,17,5,1,True,False,matched,7.0,2025-06-22,under,0.21861862338871146,2.0,1.0,1.0,False,False,False
2229,feed74cd-8a88-40b3-a924-93d252885d01,117,Courtney Williams,courtneywilliams,MIN,threes,1.5,-105.0,-125.0,24,24,2025-06-21 10:55:31+00:00,2025-06-21 10:55:31+00:00,2025-06-21 10:55:31+00:00,2025-06-22 00:00:00+00:00,0.0,2025-06-21,2025,REG,MIN,LAS,1.067750677506775,True,,0.47757418034290006,401736195,2987891,8,6,1,True,False,matched,2.0,2025-06-21,under,0.2056343626718164,1.8,-1.0,1.0,False,False,False
2230,452573b9-b601-47fe-a7dc-7b13598d644b,107,Chelsea Gray,chelseagray,LVA,assists,5.5,105.0,-135.0,24,24,2025-06-21 11:20:42+00:00,2025-06-21 11:20:42+00:00,2025-06-21 11:20:42+00:00,2025-06-22 19:00:00+00:00,0.0,2025-06-22,2025,REG,LVA,IND,1.0622729631551635,True,,0.45531139401703796,401736198,2529122,17,5,1,True,False,matched,3.0,2025-06-22,under,0.1921074347529118,1.7407407407407407,0.7407407407407407,1.0,False,False,False
2230,a426304c-d584-4d88-8899-9ef7775014e0,166,Jewell Loyd,jewellloyd,LVA,assists,2.5,-135.0,105.0,24,24,2025-06-21 11:20:42+00:00,2025-06-21 11:20:42+00:00,2025-06-21 11:20:42+00:00,2025-06-22 19:00:00+00:00,0.0,2025-06-22,2025,REG,LVA,IND,1.0622729631551635,True,,0.5446886059829622,401736198,2987869,17,5,1,True,False,matched,5.0,2025-06-22,under,0.12000156609315005,2.05,-1.0,1.0,False,False,False
2230,95e85953-56bb-472c-b26d-ed7122bc6b77,102,Jackie Young,jackieyoung,LVA,threes,1.5,-150.0,120.0,24,24,2025-06-21 11:20:42+00:00,2025-06-21 11:20:42+00:00,2025-06-21 11:20:42+00:00,2025-06-22 19:00:00+00:00,0.0,2025-06-22,2025,REG,LVA,IND,1.0545454545454547,True,,0.5746986093321318,401736198,4065870,17,5,1,True,False,matched,0.0,2025-06-22,under,0.08560526639192689,2.2,1.2000000000000002,1.0,False,False,False
2229,e106f134-d80b-49f8-bb82-13cd8e9edce0,121,Alanna Smith,alannasmith,DAL,points,9.5,-120.0,-108.0,10,10,2025-06-21 12:36:30+00:00,2025-06-21 12:36:30+00:00,2025-06-21 12:36:30+00:00,2025-06-22 00:00:00+00:00,0.0,2025-06-21,2025,REG,MIN,LAS,1.0646853146853146,True,,0.5135396953663074,401736195,3913881,8,6,1,True,False,matched,6.0,2025-06-21,under,0.10364978535898711,1.925925925925926,0.925925925925926,1.0,False,False,False
2230,597deebc-ae54-4e43-a93f-27f314d03c8d,156,Sophie Cunningham,sophiecunningham,IND,threes,1.5,145.0,-180.0,24,24,2025-06-21 12:59:36+00:00,2025-06-21 12:59:36+00:00,2025-06-21 12:59:36+00:00,2025-06-22 19:00:00+00:00,0.0,2025-06-22,2025,REG,LVA,IND,1.0510204081632653,True,,0.37967339061397504,401736198,3907781,5,17,0,True,False,matched,0.0,2025-06-22,over,0.06512037810351512,2.45,-1.0,1.0,False,False,False
2230,30ae2860-58bc-4de0-b53f-bfe63362ccee,56,Natasha Howard,natashahoward,MIN,points,11.5,-104.0,-125.0,10,10,2025-06-21 15:15:42+00:00,2025-06-21 15:15:42+00:00,2025-06-21 15:15:42+00:00,2025-06-22 19:00:00+00:00,0.0,2025-06-22,2025,REG,LVA,IND,1.065359477124183,True,,0.4763687479911608,401736198,2529130,5,17,0,True,False,matched,7.0,2025-06-22,under,0.05085197462634172,1.8,0.8,1.0,False,False,False
2232,18f02089-597f-4a6f-9143-46cde22fac35,528,Paige Bueckers,paigebueckers,DAL,assists,5.5,-154.0,116.0,10,10,2025-06-21 17:38:08+00:00,2025-06-21 17:38:08+00:00,2025-06-21 17:38:08+00:00,2025-06-22 19:00:00+00:00,0.0,2025-06-22,2025,REG,WAS,DAL,1.0692621755613883,True,,0.574207987656796,401736197,4433730,3,16,0,True,False,matched,7.0,2025-06-22,under,0.24472931896531247,2.16,-1.0,1.0,False,False,False
2232,1e8e3fcc-f021-4513-afbe-245831740559,572,Kiki Iriafen,kikiiriafen,WAS,rebounds,7.5,114.0,-152.0,10,10,2025-06-21 17:38:08+00:00,2025-06-21 17:38:08+00:00,2025-06-21 17:38:08+00:00,2025-06-22 19:00:00+00:00,0.0,2025-06-22,2025,REG,WAS,DAL,1.0704643228007713,True,,0.42960347247450675,401736197,4898384,16,3,1,True,False,matched,7.0,2025-06-22,over,0.1446870700712391,2.1399999999999997,-1.0,1.0,False,False,False
2232,bded3afe-bd37-45f3-a8a6-ce5201d74210,196,Shakira Austin,shakiraaustin,WAS,rebounds,7.5,116.0,-154.0,10,10,2025-06-21 17:38:08+00:00,2025-06-21 17:38:08+00:00,2025-06-21 17:38:08+00:00,2025-06-22 19:00:00+00:00,0.0,2025-06-22,2025,REG,WAS,DAL,1.0692621755613883,True,,0.425792012343204,401736197,4398911,16,3,1,True,False,matched,7.0,2025-06-22,under,0.13763746416503764,1.6493506493506493,0.6493506493506493,1.0,False,False,False
2232,6cb8c98b-0de5-4e0e-98db-5b1a32f48132,182,Brittney Sykes,brittneysykes,TOR,points,19.5,-114.0,-114.0,10,10,2025-06-21 17:38:08+00:00,2025-06-21 17:38:08+00:00,2025-06-21 17:38:08+00:00,2025-06-22 19:00:00+00:00,0.0,2025-06-22,2025,REG,WAS,DAL,1.0654205607476634,True,,0.5000000000000001,401736197,2988756,16,3,1,True,False,matched,8.0,2025-06-22,under,0.1152818891484309,1.8771929824561404,0.8771929824561404,1.0,False,False,False
2231,87978add-c3e8-436b-8168-f6d4c18a41da,15,Rhyne Howard,rhynehoward,ATL,points,17.5,-118.0,-110.0,10,10,2025-06-21 19:59:16+00:00,2025-06-21 19:59:16+00:00,2025-06-21 19:59:16+00:00,2025-06-22 19:00:00+00:00,0.0,2025-06-22,2025,REG,ATL,CHI,1.0650939274792486,True,,0.5090245232268319,401736196,4398674,20,19,1,True,False,matched,22.0,2025-06-22,under,0.09048370402572242,1.9090909090909092,-1.0,1.0,False,False,False
2231,814c880b-4ae1-4c42-8d55-e31ffd981f0e,49,Brionna Jones,brionnajones,ATL,points,12.5,-125.0,-104.0,10,10,2025-06-21 19:59:17+00:00,2025-06-21 19:59:17+00:00,2025-06-21 19:59:17+00:00,2025-06-22 19:00:00+00:00,0.0,2025-06-22,2025,REG,ATL,CHI,1.065359477124183,True,,0.5236312520088393,401736196,3058895,20,19,1,True,False,matched,13.0,2025-06-22,under,0.1389701863191477,1.9615384615384617,-1.0,1.0,False,False,False
2231,db8d43ac-0519-43c5-bc3b-df0eced39393,26,Angel Reese,angelreese,ATL,points,11.5,-108.0,-120.0,10,10,2025-06-21 19:59:17+00:00,2025-06-21 19:59:17+00:00,2025-06-21 19:59:17+00:00,2025-06-22 19:00:00+00:00,0.0,2025-06-22,2025,REG,ATL,CHI,1.0646853146853146,True,,0.48646030463369283,401736196,4433402,19,20,0,True,False,matched,10.0,2025-06-22,under,0.056067382296560775,1.8333333333333335,0.8333333333333335,1.0,False,False,False
2231,04d341eb-8210-4975-acbe-836fec5d0115,30,Kamilla Cardoso,kamillacardoso,CHI,points,10.5,-115.0,-113.0,10,10,2025-06-21 19:59:18+00:00,2025-06-21 19:59:18+00:00,2025-06-21 19:59:18+00:00,2025-06-22 19:00:00+00:00,0.0,2025-06-22,2025,REG,ATL,CHI,1.0654001528551151,True,,0.5022557674006809,401736196,4433405,19,20,0,True,False,matched,7.0,2025-06-22,under,0.08484261926515191,1.8849557522123894,0.8849557522123894,1.0,False,False,False
2231,f4b6ae6c-bf02-498f-a9de-539f47ec941f,185,Ariel Atkins,arielatkins,LAS,points,12.5,-108.0,-120.0,10,10,2025-06-21 19:59:18+00:00,2025-06-21 19:59:18+00:00,2025-06-21 19:59:18+00:00,2025-06-22 19:00:00+00:00,0.0,2025-06-22,2025,REG,ATL,CHI,1.0646853146853146,True,,0.48646030463369283,401736196,3146151,19,20,0,True,False,matched,29.0,2025-06-22,under,0.07856449151269906,1.8333333333333335,-1.0,1.0,False,False,False
2233,d84d858d-8680-4e42-a87a-897e25cba13b,208,Gabby Williams,gabbywilliams,GSV,threes,1.5,-138.0,104.0,10,10,2025-06-22 01:42:28+00:00,2025-06-22 01:42:28+00:00,2025-06-22 01:42:28+00:00,2025-06-22 23:00:00+00:00,0.0,2025-06-22,2025,REG,SEA,NYL,1.0700280112044818,True,,0.5464208361470752,401736199,3142328,14,9,1,True,False,matched,1.0,2025-06-22,under,0.19312019614782405,2.04,1.04,1.0,False,False,False
2233,8c11a2d8-91bc-4025-b0eb-bf1c7af6b68a,132,Sabrina Ionescu,sabrinaionescu,NYL,assists,5.5,-122.0,-108.0,10,10,2025-06-22 01:42:28+00:00,2025-06-22 01:42:28+00:00,2025-06-22 01:42:28+00:00,2025-06-22 23:00:00+00:00,0.0,2025-06-22,2025,REG,SEA,NYL,1.0687803187803186,True,,0.5156895960912058,401736199,4066533,9,14,0,True,True,did_not_play,,2025-06-22,under,0.09907233316993563,1.925925925925926,0.0,0.0,False,True,False
2233,ffa27daf-cadf-46b0-8df7-6684879c6fc3,137,Breanna Stewart,breannastewart,NYL,rebounds,6.5,-122.0,-108.0,10,10,2025-06-22 01:42:28+00:00,2025-06-22 01:42:28+00:00,2025-06-22 01:42:28+00:00,2025-06-22 23:00:00+00:00,0.0,2025-06-22,2025,REG,SEA,NYL,1.0687803187803186,True,,0.5156895960912058,401736199,2998928,9,14,0,True,False,matched,9.0,2025-06-22,under,0.07695619045531737,1.925925925925926,-1.0,1.0,False,False,False
2233,91bf3a80-85e1-4032-aafd-040984a8222d,180,Nneka Ogwumike,nnekaogwumike,LAS,rebounds,8.5,116.0,-154.0,10,10,2025-06-22 01:42:28+00:00,2025-06-22 01:42:28+00:00,2025-06-22 01:42:28+00:00,2025-06-22 23:00:00+00:00,0.0,2025-06-22,2025,REG,SEA,NYL,1.0692621755613883,True,,0.425792012343204,401736199,1068,14,9,1,True,False,matched,7.0,2025-06-22,under,0.05991979035362899,1.6493506493506493,0.6493506493506493,1.0,False,False,False
2233,d07845e7-6408-4b73-bcb9-41a13c410a78,163,Natasha Cloud,natashacloud,CHI,points,9.5,102.0,-132.0,10,10,2025-06-22 01:42:29+00:00,2025-06-22 01:42:29+00:00,2025-06-22 01:42:29+00:00,2025-06-22 23:00:00+00:00,0.0,2025-06-22,2025,REG,SEA,NYL,1.0640150221918745,True,,0.4618487426836327,401736199,2529137,9,14,0,True,False,matched,5.0,2025-06-22,under,0.10127608752451217,1.7575757575757576,0.7575757575757576,1.0,False,False,False
2233,85394db4-d9b8-4331-86bb-732208067dae,175,Skylar Diggins,skylardiggins,CHI,points,17.5,100.0,-130.0,10,10,2025-06-22 01:42:29+00:00,2025-06-22 01:42:29+00:00,2025-06-22 01:42:29+00:00,2025-06-22 23:00:00+00:00,0.0,2025-06-22,2025,REG,SEA,NYL,1.065217391304348,True,,0.4663164946059025,401736199,2491205,14,9,1,True,False,matched,20.0,2025-06-22,under,0.08886488008469157,1.7692307692307692,-1.0,1.0,False,False,False
2234,0b04c2a2-cdfc-4121-8d9f-1589b9ab081d,83,Monique Billings,moniquebillings,IND,rebounds,6.5,-140.0,106.0,10,10,2025-06-22 04:07:36+00:00,2025-06-22 04:07:36+00:00,2025-06-22 04:07:36+00:00,2025-06-23 00:30:00+00:00,0.0,2025-06-22,2025,REG,GSV,CON,1.0687702265372168,True,,0.5506638564937638,401736200,3142255,129689,18,1,True,False,matched,6.0,2025-06-22,under,0.5386446344639868,2.06,1.06,1.0,False,False,False
2234,2e4cc667-0973-4abc-9e3e-e7f7f8e0c1b1,139,Kayla Thornton,kaylathornton,GSV,points,14.5,-122.0,-106.0,10,10,2025-06-22 04:07:36+00:00,2025-06-22 04:07:36+00:00,2025-06-22 04:07:36+00:00,2025-06-23 00:30:00+00:00,0.0,2025-06-22,2025,REG,GSV,CON,1.064112656345666,True,,0.518058368553134,401736200,2529622,129689,18,1,True,False,matched,21.0,2025-06-22,under,0.3851019754519224,1.9433962264150944,-1.0,1.0,False,False,False
2234,38d492b8-3729-4a59-8ff4-96a30847fef7,58,Carla Leite,carlaleite,PDX,points,9.5,-114.0,-114.0,10,10,2025-06-22 04:07:36+00:00,2025-06-22 04:07:36+00:00,2025-06-22 04:07:36+00:00,2025-06-23 00:30:00+00:00,0.0,2025-06-22,2025,REG,GSV,CON,1.0654205607476634,True,,0.5000000000000001,401736200,5208982,129689,18,1,True,True,did_not_play,,2025-06-22,under,0.3282131510065623,1.8771929824561404,0.0,0.0,False,True,False
2234,c939c1c9-2a62-4f99-b193-938d576dca27,55,Veronica Burton,veronicaburton,GSV,points,10.5,-114.0,-114.0,10,10,2025-06-22 04:07:36+00:00,2025-06-22 04:07:36+00:00,2025-06-22 04:07:36+00:00,2025-06-23 00:30:00+00:00,0.0,2025-06-22,2025,REG,GSV,CON,1.0654205607476634,True,,0.5000000000000001,401736200,4398935,129689,18,1,True,False,matched,10.0,2025-06-22,under,0.313067577213338,1.8771929824561404,0.8771929824561404,1.0,False,False,False
2234,fb05c7d1-d21d-4cf5-9668-7f0007c7336c,9,Tina Charles,tinacharles,FA,points,17.5,-104.0,-125.0,10,10,2025-06-22 04:07:36+00:00,2025-06-22 04:07:36+00:00,2025-06-22 04:07:36+00:00,2025-06-23 00:30:00+00:00,0.0,2025-06-22,2025,REG,GSV,CON,1.065359477124183,True,,0.4763687479911608,401736200,918,18,129689,0,True,False,matched,9.0,2025-06-22,under,0.1802212197499291,1.8,0.8,1.0,False,False,False
2231,9bdf8a8e-aa24-476d-aa77-684cceb79826,2,Jordin Canada,jordincanada,ATL,points,9.5,-120.0,-110.0,49,49,2025-06-22 10:11:24+00:00,2025-06-22 10:11:24+00:00,2025-06-22 10:11:24+00:00,2025-06-22 19:00:00+00:00,0.0,2025-06-22,2025,REG,ATL,CHI,1.0692640692640691,True,,0.5112040114787568,401736196,3142250,20,19,1,True,False,matched,6.0,2025-06-22,under,0.18473070225685162,1.9090909090909092,0.9090909090909092,1.0,False,False,False
2234,36029e76-dec2-4bb4-a825-18e52fc09a93,52,Jacy Sheldon,jacysheldon,CHI,points,8.5,-125.0,-105.0,12,12,2025-06-22 11:20:50+00:00,2025-06-22 11:20:50+00:00,2025-06-22 11:20:50+00:00,2025-06-23 00:30:00+00:00,0.0,2025-06-22,2025,REG,GSV,CON,1.067750677506775,True,,0.5224258196571001,401736200,4432865,18,129689,0,True,False,matched,10.0,2025-06-22,under,0.34875732203379994,1.9523809523809523,-1.0,1.0,False,False,False
2230,09d2bad0-b274-4f28-b353-6ac4900d61b4,76,Lexie Hull,lexiehull,IND,points,7.5,-115.0,-115.0,13,13,2025-06-22 11:44:09+00:00,2025-06-22 11:44:09+00:00,2025-06-22 11:44:09+00:00,2025-06-22 19:00:00+00:00,0.0,2025-06-22,2025,REG,LVA,IND,1.0697674418604652,True,,0.5,401736198,4398829,5,17,0,True,False,matched,7.0,2025-06-22,under,0.07919366902291775,1.8695652173913042,0.8695652173913042,1.0,False,False,False
2232,77c509f9-858b-42a7-a326-d6f391443188,573,Sonia Citron,soniacitron,WAS,rebounds,3.5,-140.0,110.0,13,13,2025-06-22 12:27:34+00:00,2025-06-22 12:27:34+00:00,2025-06-22 12:27:34+00:00,2025-06-22 19:00:00+00:00,0.0,2025-06-22,2025,REG,WAS,DAL,1.0595238095238093,True,,0.555167954788897,401736197,4433524,16,3,1,True,False,matched,11.0,2025-06-22,over,0.06257146369452077,1.7142857142857144,0.7142857142857144,1.0,False,False,False
2232,fd9c8c76-c7d7-410e-af7d-deaba97364d5,48,DiJonai Carrington,dijonaicarrington,CHI,rebounds,4.5,-106.0,-125.0,10,10,2025-06-22 14:53:16+00:00,2025-06-22 14:53:16+00:00,2025-06-22 14:53:16+00:00,2025-06-22 19:00:00+00:00,0.0,2025-06-22,2025,REG,WAS,DAL,1.070118662351672,True,,0.4787708928615623,401736197,4066548,3,16,0,True,True,did_not_play,,2025-06-22,over,0.12528430494888354,1.9433962264150944,0.0,0.0,False,True,False
2238,b59d30dd-964c-40ea-8714-fd45c9b69d66,68,Caitlin Clark,caitlinclark,IND,points,20.5,-115.0,-115.0,12,12,2025-06-22 21:36:12+00:00,2025-06-22 21:36:12+00:00,2025-06-22 21:36:12+00:00,2025-06-25 02:00:00+00:00,0.0,2025-06-24,2025,REG,SEA,IND,1.0697674418604652,True,,0.5,401736204,4433403,5,14,0,True,False,matched,6.0,2025-06-24,under,0.1858372926501884,1.8695652173913042,0.8695652173913042,1.0,False,False,False
2233,34af4827-ffb0-428f-8181-3e83a09da521,66,Erica Wheeler,ericawheeler,LAS,points,10.5,-130.0,100.0,10,10,2025-06-22 22:21:34+00:00,2025-06-22 22:21:34+00:00,2025-06-22 22:21:34+00:00,2025-06-22 23:00:00+00:00,0.0,2025-06-22,2025,REG,SEA,NYL,1.065217391304348,True,,0.5336835053940976,401736199,2491214,14,9,1,True,False,matched,9.0,2025-06-22,under,0.2797940057164019,2.0,1.0,1.0,False,False,False
2234,60ded3b7-cf2e-4182-8f0c-54a7a150b3f5,518,Saniya Rivers,saniyarivers,CON,points,9.5,120.0,-160.0,49,49,2025-06-22 22:31:52+00:00,2025-06-22 22:31:52+00:00,2025-06-22 22:31:52+00:00,2025-06-23 00:30:00+00:00,0.0,2025-06-22,2025,REG,GSV,CON,1.06993006993007,True,,0.41669493857595097,401736200,4433514,18,129689,0,True,False,matched,2.0,2025-06-22,under,0.23273607377906233,1.625,0.625,1.0,False,False,False
2233,2e72de64-3985-4126-9e42-62535bd8e886,131,Nyara Sabally,nyarasabally,TOR,points,9.5,155.0,-210.0,49,49,2025-06-22 22:52:52+00:00,2025-06-22 22:52:52+00:00,2025-06-22 22:52:52+00:00,2025-06-22 23:00:00+00:00,0.0,2025-06-22,2025,REG,SEA,NYL,1.0695762175838077,True,,0.35220063099197196,401736199,4398768,9,14,0,True,False,matched,8.0,2025-06-22,under,0.2058864670869504,1.4761904761904763,0.4761904761904763,1.0,False,False,False
2238,ab03d620-1dfb-43c7-ba55-f12a3ba24eec,71,Aliyah Boston,aliyahboston,IND,points,13.5,-130.0,100.0,10,10,2025-06-23 00:45:59+00:00,2025-06-23 00:45:59+00:00,2025-06-23 00:45:59+00:00,2025-06-25 02:00:00+00:00,0.0,2025-06-24,2025,REG,SEA,IND,1.065217391304348,True,,0.5336835053940976,401736204,4432831,5,14,0,True,False,matched,31.0,2025-06-24,under,0.21275667207894244,2.0,-1.0,1.0,False,False,False
2238,aef0b7b2-067e-4673-a770-77db5badabaf,70,Kelsey Mitchell,kelseymitchell,IND,points,16.5,-130.0,100.0,10,10,2025-06-23 00:49:26+00:00,2025-06-23 00:49:26+00:00,2025-06-23 00:49:26+00:00,2025-06-25 02:00:00+00:00,0.0,2025-06-24,2025,REG,SEA,IND,1.065217391304348,True,,0.5336835053940976,401736204,3142191,5,14,0,True,False,matched,26.0,2025-06-24,under,0.11971837593152035,2.0,-1.0,1.0,False,False,False
2238,cba227f6-3793-40f4-ae82-48dbdfaf3d61,56,Natasha Howard,natashahoward,MIN,points,11.5,100.0,-130.0,10,10,2025-06-23 00:52:54+00:00,2025-06-23 00:52:54+00:00,2025-06-23 00:52:54+00:00,2025-06-25 02:00:00+00:00,0.0,2025-06-24,2025,REG,SEA,IND,1.065217391304348,True,,0.4663164946059025,401736204,2529130,5,14,0,True,False,matched,4.0,2025-06-24,under,0.05192228883189104,1.7692307692307692,0.7692307692307692,1.0,False,False,False
2238,be29b186-eb45-4c67-ac50-dbeccc71260e,180,Nneka Ogwumike,nnekaogwumike,LAS,points,16.5,-130.0,100.0,10,10,2025-06-23 00:59:59+00:00,2025-06-23 00:59:59+00:00,2025-06-23 00:59:59+00:00,2025-06-25 02:00:00+00:00,0.0,2025-06-24,2025,REG,SEA,IND,1.065217391304348,True,,0.5336835053940976,401736204,1068,14,5,1,True,False,matched,16.0,2025-06-24,under,0.12115599609196548,2.0,1.0,1.0,False,False,False
2238,a4130a6a-a32d-4d91-b9da-48b9686c528a,175,Skylar Diggins,skylardiggins,CHI,points,17.5,-115.0,-113.0,10,10,2025-06-23 01:06:50+00:00,2025-06-23 01:06:50+00:00,2025-06-23 01:06:50+00:00,2025-06-25 02:00:00+00:00,0.0,2025-06-24,2025,REG,SEA,IND,1.0654001528551151,True,,0.5022557674006809,401736204,2491205,14,5,1,True,False,matched,22.0,2025-06-24,under,0.08340647250406502,1.8849557522123894,-1.0,1.0,False,False,False
2238,d2f0be43-cc81-4ea4-84df-3ec4f9cdf37d,208,Gabby Williams,gabbywilliams,GSV,points,13.5,-125.0,-104.0,10,10,2025-06-23 01:10:17+00:00,2025-06-23 01:10:17+00:00,2025-06-23 01:10:17+00:00,2025-06-25 02:00:00+00:00,0.0,2025-06-24,2025,REG,SEA,IND,1.065359477124183,True,,0.5236312520088393,401736204,3142328,14,5,1,True,False,matched,11.0,2025-06-24,under,0.15066036436785296,1.9615384615384617,0.9615384615384617,1.0,False,False,False
2238,a256de17-b463-4c65-8e66-88545ff097f6,66,Erica Wheeler,ericawheeler,LAS,points,10.5,-118.0,-110.0,10,10,2025-06-23 01:17:27+00:00,2025-06-23 01:17:27+00:00,2025-06-23 01:17:27+00:00,2025-06-25 02:00:00+00:00,0.0,2025-06-24,2025,REG,SEA,IND,1.0650939274792486,True,,0.5090245232268319,401736204,2491214,14,5,1,True,False,matched,20.0,2025-06-24,under,0.19267202845152936,1.9090909090909092,-1.0,1.0,False,False,False
2238,92f9b6d1-2448-4951-993a-580010080e90,176,Ezi Magbegor,ezimagbegor,SEA,rebounds,6.5,-132.0,100.0,10,10,2025-06-23 01:17:27+00:00,2025-06-23 01:17:27+00:00,2025-06-23 01:17:27+00:00,2025-06-25 02:00:00+00:00,0.0,2025-06-24,2025,REG,SEA,IND,1.0689655172413794,True,,0.5356937238338165,401736204,4420318,14,5,1,True,False,matched,5.0,2025-06-24,under,0.12369850147406247,2.0,1.0,1.0,False,False,False
2235,c28edcf8-6e37-4a8a-b14e-642b9e1e3d8f,49,Brionna Jones,brionnajones,ATL,rebounds,7.5,102.0,-136.0,10,10,2025-06-23 02:10:49+00:00,2025-06-23 02:10:49+00:00,2025-06-23 02:10:49+00:00,2025-06-25 00:00:00+00:00,0.0,2025-06-24,2025,REG,DAL,ATL,1.071320691391173,True,,0.4579067075572801,401736203,3058895,20,3,0,True,False,matched,7.0,2025-06-24,under,0.19777385613525422,1.7352941176470589,0.7352941176470589,1.0,False,False,False
2235,29b0920a-b005-48f4-9f4c-4cae908cf606,63,Arike Ogunbowale,arikeogunbowale,DAL,assists,3.5,-120.0,-110.0,10,10,2025-06-23 02:10:49+00:00,2025-06-23 02:10:49+00:00,2025-06-23 02:10:49+00:00,2025-06-25 00:00:00+00:00,0.0,2025-06-24,2025,REG,DAL,ATL,1.0692640692640691,True,,0.5112040114787568,401736203,3904577,3,20,1,True,False,matched,4.0,2025-06-24,over,0.14981988744114916,1.8333333333333335,0.8333333333333335,1.0,False,False,False
2235,a86fddf4-3d00-45f0-8bb7-e05aa1b1f2d8,1,Allisha Gray,allishagray,ATL,assists,3.5,-125.0,-106.0,10,10,2025-06-23 02:10:49+00:00,2025-06-23 02:10:49+00:00,2025-06-23 02:10:49+00:00,2025-06-25 00:00:00+00:00,0.0,2025-06-24,2025,REG,DAL,ATL,1.070118662351672,True,,0.5212291071384377,401736203,3058901,20,3,0,True,False,matched,1.0,2025-06-24,under,0.09685342604722219,1.9433962264150944,0.9433962264150944,1.0,False,False,False
2235,cd8b6adc-3a33-447b-b381-0f6c5c4394ad,15,Rhyne Howard,rhynehoward,ATL,points,17.5,-104.0,-125.0,10,10,2025-06-23 02:10:49+00:00,2025-06-23 02:10:49+00:00,2025-06-23 02:10:49+00:00,2025-06-25 00:00:00+00:00,0.0,2025-06-24,2025,REG,DAL,ATL,1.065359477124183,True,,0.4763687479911608,401736203,4398674,20,3,0,True,False,matched,23.0,2025-06-24,under,0.05620892564652602,1.8,-1.0,1.0,False,False,False
2235,17506527-7cb7-4b90-9c35-afc487d5f2c0,528,Paige Bueckers,paigebueckers,DAL,points,18.5,100.0,-130.0,10,10,2025-06-23 02:10:49+00:00,2025-06-23 02:10:49+00:00,2025-06-23 02:10:49+00:00,2025-06-25 00:00:00+00:00,0.0,2025-06-24,2025,REG,DAL,ATL,1.065217391304348,True,,0.4663164946059025,401736203,4433730,3,20,1,True,False,matched,12.0,2025-06-24,under,0.051302079177424575,1.7692307692307692,0.7692307692307692,1.0,False,False,False
2236,05ca8e56-fef1-4dff-aac3-f6b96c964f90,185,Ariel Atkins,arielatkins,LAS,threes,1.5,138.0,-186.0,10,10,2025-06-23 03:37:20+00:00,2025-06-23 03:37:20+00:00,2025-06-23 03:37:20+00:00,2025-06-25 00:00:00+00:00,0.0,2025-06-24,2025,REG,CHI,LAS,1.070517717576541,True,,0.3807086475713989,401736202,3146151,19,6,1,True,False,matched,1.0,2025-06-24,over,0.12521920194978253,2.38,-1.0,1.0,False,False,False
2236,f4c3fb3b-0c80-452e-9e20-1c6ef9616d87,101,Kelsey Plum,kelseyplum,LAS,points,18.5,-118.0,-110.0,10,10,2025-06-23 03:37:20+00:00,2025-06-23 03:37:20+00:00,2025-06-23 03:37:20+00:00,2025-06-25 00:00:00+00:00,0.0,2025-06-24,2025,REG,CHI,LAS,1.0650939274792486,True,,0.5090245232268319,401736202,3065570,6,19,0,True,False,matched,20.0,2025-06-24,under,0.10450921818592113,1.9090909090909092,-1.0,1.0,False,False,False
2236,2bc3e11c-70a0-4e95-8a14-b6dc6d6aa495,26,Angel Reese,angelreese,ATL,assists,3.5,100.0,-132.0,10,10,2025-06-23 03:37:20+00:00,2025-06-23 03:37:20+00:00,2025-06-23 03:37:20+00:00,2025-06-25 00:00:00+00:00,0.0,2025-06-24,2025,REG,CHI,LAS,1.0689655172413794,True,,0.46430627616618364,401736202,4433402,19,6,1,True,False,matched,6.0,2025-06-24,under,0.05814268391378358,1.7575757575757576,-1.0,1.0,False,False,False
2236,ce134bd7-2ac4-45bb-876c-0e0e8c6501a2,94,Rickea Jackson,rickeajackson,CHI,threes,1.5,-106.0,-125.0,10,10,2025-06-23 03:37:21+00:00,2025-06-23 03:37:21+00:00,2025-06-23 03:37:21+00:00,2025-06-25 00:00:00+00:00,0.0,2025-06-24,2025,REG,CHI,LAS,1.070118662351672,True,,0.4787708928615623,401736202,4433630,6,19,0,True,False,matched,0.0,2025-06-24,under,0.05655750089735406,1.8,0.8,1.0,False,False,False
2237,9d810514-8cd4-4efb-8d52-e46ae63f7ae9,573,Sonia Citron,soniacitron,WAS,rebounds,3.5,-125.0,-106.0,10,10,2025-06-23 05:44:16+00:00,2025-06-23 05:44:16+00:00,2025-06-23 05:44:16+00:00,2025-06-25 00:00:00+00:00,0.0,2025-06-24,2025,REG,WAS,MIN,1.070118662351672,True,,0.5212291071384377,401736201,4433524,16,8,1,True,False,matched,4.0,2025-06-24,over,0.08909219273276259,1.8,0.8,1.0,False,False,False
2237,9a5dd850-de4d-4c62-91a3-a357c9329a4b,112,Napheesa Collier,napheesacollier,MIN,points,21.5,-110.0,-118.0,10,10,2025-06-23 05:44:16+00:00,2025-06-23 05:44:16+00:00,2025-06-23 05:44:16+00:00,2025-06-25 00:00:00+00:00,0.0,2025-06-24,2025,REG,WAS,MIN,1.0650939274792486,True,,0.4909754767731684,401736201,3917450,8,16,0,True,True,did_not_play,,2025-06-24,under,0.08811101935573545,1.847457627118644,0.0,0.0,False,True,False
2237,d716f7bb-31ea-4307-834e-85a9dab13d3a,196,Shakira Austin,shakiraaustin,WAS,points,13.5,-114.0,-114.0,10,10,2025-06-23 05:44:17+00:00,2025-06-23 05:44:17+00:00,2025-06-23 05:44:17+00:00,2025-06-25 00:00:00+00:00,0.0,2025-06-24,2025,REG,WAS,MIN,1.0654205607476634,True,,0.5000000000000001,401736201,4398911,16,8,1,True,False,matched,19.0,2025-06-24,under,0.335549524161032,1.8771929824561404,-1.0,1.0,False,False,False
2237,b3be6015-11f1-48b0-a9ab-883b8774e894,182,Brittney Sykes,brittneysykes,TOR,points,18.5,-108.0,-120.0,10,10,2025-06-23 05:44:17+00:00,2025-06-23 05:44:17+00:00,2025-06-23 05:44:17+00:00,2025-06-25 00:00:00+00:00,0.0,2025-06-24,2025,REG,WAS,MIN,1.0646853146853146,True,,0.48646030463369283,401736201,2988756,16,8,1,True,True,did_not_play,,2025-06-24,under,0.13371853263603373,1.8333333333333335,0.0,0.0,False,True,False
2237,5198f0ef-942f-4b71-86bd-229e1df39926,117,Courtney Williams,courtneywilliams,MIN,assists,5.5,-140.0,110.0,24,24,2025-06-23 14:33:43+00:00,2025-06-23 14:33:43+00:00,2025-06-23 14:33:43+00:00,2025-06-25 00:00:00+00:00,0.0,2025-06-24,2025,REG,WAS,MIN,1.0595238095238093,True,,0.555167954788897,401736201,2987891,8,16,0,True,False,matched,4.0,2025-06-24,under,0.16030834860365278,2.1,1.1,1.0,False,False,False
2237,0f5311af-e940-4da8-9311-43c4fe3545df,125,Kayla McBride,kaylamcbride,MIN,threes,2.5,-130.0,100.0,24,24,2025-06-23 14:33:43+00:00,2025-06-23 14:33:43+00:00,2025-06-23 14:33:43+00:00,2025-06-25 00:00:00+00:00,0.0,2025-06-24,2025,REG,WAS,MIN,1.065217391304348,True,,0.5336835053940976,401736201,2529205,8,16,0,True,False,matched,0.0,2025-06-24,under,0.07703589922013221,2.0,1.0,1.0,False,False,False
2239,1889b61a-9a92-4ae3-8ad9-da3d04f52fd3,137,Breanna Stewart,breannastewart,NYL,assists,3.5,-140.0,106.0,10,10,2025-06-23 19:21:21+00:00,2025-06-23 19:21:21+00:00,2025-06-23 19:21:21+00:00,2025-06-26 02:00:00+00:00,0.0,2025-06-25,2025,REG,GSV,NYL,1.0687702265372168,True,,0.5506638564937638,401736205,2998928,9,129689,0,True,False,matched,3.0,2025-06-25,under,0.20592554475119124,2.06,1.06,1.0,False,False,False
2239,44ac54e2-9a52-4afc-a94a-e984a4eef1d4,163,Natasha Cloud,natashacloud,CHI,rebounds,3.5,-136.0,102.0,10,10,2025-06-23 19:21:21+00:00,2025-06-23 19:21:21+00:00,2025-06-23 19:21:21+00:00,2025-06-26 02:00:00+00:00,0.0,2025-06-25,2025,REG,GSV,NYL,1.071320691391173,True,,0.5420932924427202,401736205,2529137,9,129689,0,True,False,matched,3.0,2025-06-25,under,0.13821325222701902,2.02,1.02,1.0,False,False,False
2239,51a99bfa-c531-4962-9cac-5ba5a0a7ea02,139,Kayla Thornton,kaylathornton,GSV,points,15.5,-102.0,-128.0,10,10,2025-06-23 19:25:48+00:00,2025-06-23 19:25:48+00:00,2025-06-23 19:25:48+00:00,2025-06-26 02:00:00+00:00,0.0,2025-06-25,2025,REG,GSV,NYL,1.0663540038214347,True,,0.47082505196940394,401736205,2529622,129689,9,1,True,False,matched,11.0,2025-06-25,under,0.3542371732930391,1.78125,0.78125,1.0,False,False,False
2240,48151b90-be80-463a-bca9-de87f0a69273,9,Tina Charles,tinacharles,FA,points,16.5,-108.0,-120.0,10,10,2025-06-24 03:17:26+00:00,2025-06-24 03:17:26+00:00,2025-06-24 03:17:26+00:00,2025-06-26 02:00:00+00:00,0.0,2025-06-25,2025,REG,LVA,CON,1.0646853146853146,True,,0.48646030463369283,401736206,918,18,17,0,True,False,matched,18.0,2025-06-25,under,0.18127395475637598,1.8333333333333335,-1.0,1.0,False,False,False
2240,14545130-f5d0-4a5a-b813-d4d7ab04cd9e,52,Jacy Sheldon,jacysheldon,CHI,points,7.5,-114.0,-114.0,10,10,2025-06-24 03:17:26+00:00,2025-06-24 03:17:26+00:00,2025-06-24 03:17:26+00:00,2025-06-26 02:00:00+00:00,0.0,2025-06-25,2025,REG,LVA,CON,1.0654205607476634,True,,0.5000000000000001,401736206,4432865,18,17,0,True,False,matched,8.0,2025-06-25,under,0.12568094017700376,1.8771929824561404,-1.0,1.0,False,False,False
2240,f9eed9a0-6948-499f-ab5f-8b4c44155038,22,Marina Mabrey,marinamabrey,TOR,rebounds,4.5,-114.0,-114.0,10,10,2025-06-24 03:17:26+00:00,2025-06-24 03:17:26+00:00,2025-06-24 03:17:26+00:00,2025-06-26 02:00:00+00:00,0.0,2025-06-25,2025,REG,LVA,CON,1.0654205607476634,True,,0.5000000000000001,401736206,3904576,18,17,0,True,True,did_not_play,,2025-06-25,under,0.10248536114124479,1.8771929824561404,0.0,0.0,False,True,False
2240,3866a736-9c9e-49e7-8683-b9824562ae50,103,A'ja Wilson,ajawilson,LVA,points,21.5,-128.0,-102.0,10,10,2025-06-24 03:17:27+00:00,2025-06-24 03:17:27+00:00,2025-06-24 03:17:27+00:00,2025-06-26 02:00:00+00:00,0.0,2025-06-25,2025,REG,LVA,CON,1.0663540038214347,True,,0.5291749480305961,401736206,3149391,17,18,1,True,False,matched,22.0,2025-06-25,under,0.1252359871896025,1.9803921568627452,-1.0,1.0,False,False,False
2240,abff246a-c68e-4313-8974-f08cc6fdc02b,102,Jackie Young,jackieyoung,LVA,points,16.5,-128.0,-102.0,10,10,2025-06-24 03:17:27+00:00,2025-06-24 03:17:27+00:00,2025-06-24 03:17:27+00:00,2025-06-26 02:00:00+00:00,0.0,2025-06-25,2025,REG,LVA,CON,1.0663540038214347,True,,0.5291749480305961,401736206,4065870,17,18,1,True,False,matched,20.0,2025-06-25,under,0.11178510519933194,1.9803921568627452,-1.0,1.0,False,False,False
2240,cdf3d06a-9e2e-4347-8930-b76af922bff6,107,Chelsea Gray,chelseagray,LVA,points,12.5,-125.0,-104.0,10,10,2025-06-24 03:17:27+00:00,2025-06-24 03:17:27+00:00,2025-06-24 03:17:27+00:00,2025-06-26 02:00:00+00:00,0.0,2025-06-25,2025,REG,LVA,CON,1.065359477124183,True,,0.5236312520088393,401736206,2529122,17,18,1,True,False,matched,15.0,2025-06-25,under,0.06791501018107471,1.9615384615384617,-1.0,1.0,False,False,False
2240,ebcdc64c-9584-4827-8e9f-773ebf5f67c2,166,Jewell Loyd,jewellloyd,LVA,threes,1.5,-200.0,148.0,10,10,2025-06-24 03:17:27+00:00,2025-06-24 03:17:27+00:00,2025-06-24 03:17:27+00:00,2025-06-26 02:00:00+00:00,0.0,2025-06-25,2025,REG,LVA,CON,1.0698924731182795,True,,0.6365014949541484,401736206,2987869,17,18,1,True,False,matched,3.0,2025-06-25,under,0.06266366037631022,2.48,-1.0,1.0,False,False,False
2239,0bbda3e4-aea4-406a-9e7c-9dac0ac5ad3b,55,Veronica Burton,veronicaburton,GSV,points,11.5,-108.0,-120.0,10,10,2025-06-24 04:11:15+00:00,2025-06-24 04:11:15+00:00,2025-06-24 04:11:15+00:00,2025-06-26 02:00:00+00:00,0.0,2025-06-25,2025,REG,GSV,NYL,1.0646853146853146,True,,0.48646030463369283,401736205,4398935,129689,9,1,True,False,matched,7.0,2025-06-25,under,0.3794134987252701,1.8333333333333335,0.8333333333333335,1.0,False,False,False
2239,1c4d5488-51ca-4971-9444-0a1ff5073aaa,132,Sabrina Ionescu,sabrinaionescu,NYL,points,19.5,-118.0,-110.0,10,10,2025-06-24 04:11:15+00:00,2025-06-24 04:11:15+00:00,2025-06-24 04:11:15+00:00,2025-06-26 02:00:00+00:00,0.0,2025-06-25,2025,REG,GSV,NYL,1.0650939274792486,True,,0.5090245232268319,401736205,4066533,9,129689,0,True,False,matched,11.0,2025-06-25,under,0.1522683584647641,1.9090909090909092,0.9090909090909092,1.0,False,False,False
2239,d1a3e6d6-8187-4870-8bb7-f7016690c7c5,83,Monique Billings,moniquebillings,IND,rebounds,6.5,-122.0,-108.0,10,10,2025-06-24 04:11:16+00:00,2025-06-24 04:11:16+00:00,2025-06-24 04:11:16+00:00,2025-06-26 02:00:00+00:00,0.0,2025-06-25,2025,REG,GSV,NYL,1.0687803187803186,True,,0.5156895960912058,401736205,3142255,129689,9,1,True,False,matched,7.0,2025-06-25,under,0.3918830591957016,1.925925925925926,-1.0,1.0,False,False,False
2239,66060aab-3d4b-4452-b4b7-6a1a30917e6c,131,Nyara Sabally,nyarasabally,TOR,rebounds,5.5,-125.0,-106.0,10,10,2025-06-24 04:11:16+00:00,2025-06-24 04:11:16+00:00,2025-06-24 04:11:16+00:00,2025-06-26 02:00:00+00:00,0.0,2025-06-25,2025,REG,GSV,NYL,1.070118662351672,True,,0.5212291071384377,401736205,4398768,9,129689,0,True,False,matched,4.0,2025-06-25,under,0.20208385567323506,1.9433962264150944,0.9433962264150944,1.0,False,False,False
2235,f0002773-80d9-4d68-a30d-b9492e7996d1,526,Aziaha James,aziahajames,DAL,points,9.5,-185.0,140.0,49,49,2025-06-24 12:03:59+00:00,2025-06-24 12:03:59+00:00,2025-06-24 12:03:59+00:00,2025-06-25 00:00:00+00:00,0.0,2025-06-24,2025,REG,DAL,ATL,1.0657894736842106,True,,0.6201490873731403,401736203,4433807,3,20,1,True,False,matched,11.0,2025-06-24,under,0.9548879700574904,2.4,-1.0,1.0,False,False,False
2237,a654b232-be01-4d21-a948-8c40efd106c2,121,Alanna Smith,alannasmith,DAL,points,11.5,100.0,-130.0,10,10,2025-06-24 18:55:55+00:00,2025-06-24 18:55:55+00:00,2025-06-24 18:55:55+00:00,2025-06-25 00:00:00+00:00,0.0,2025-06-24,2025,REG,WAS,MIN,1.065217391304348,True,,0.4663164946059025,401736201,3913881,8,16,0,True,False,matched,26.0,2025-06-24,under,0.29579121846270157,1.7692307692307692,-1.0,1.0,False,False,False
2241,eaebda66-9877-4abe-8238-32016c173870,68,Caitlin Clark,caitlinclark,IND,threes,3.5,-105.0,-130.0,12,12,2025-06-25 03:17:53+00:00,2025-06-25 03:17:53+00:00,2025-06-25 03:17:53+00:00,2025-06-26 23:00:00+00:00,0.0,2025-06-26,2025,REG,IND,LAS,1.0774125132555674,True,,0.4724269137319091,401736207,4433403,5,6,1,True,True,did_not_play,,2025-06-26,under,0.17621689622217718,1.7692307692307692,0.0,0.0,False,True,False
2241,b369e2b5-317c-499a-9943-e7ee6b45b8bd,89,Dearica Hamby,dearicahamby,LAS,points,16.5,-118.0,-110.0,10,10,2025-06-25 04:43:52+00:00,2025-06-25 04:43:52+00:00,2025-06-25 04:43:52+00:00,2025-06-26 23:00:00+00:00,0.0,2025-06-26,2025,REG,IND,LAS,1.0650939274792486,True,,0.5090245232268319,401736207,2566106,6,5,0,True,False,matched,14.0,2025-06-26,under,0.20590817752712187,1.9090909090909092,0.9090909090909092,1.0,False,False,False
2241,500e0c88-db49-4f97-ad4d-5849a26b0f2b,101,Kelsey Plum,kelseyplum,LAS,points,20.5,-110.0,-118.0,10,10,2025-06-25 04:43:52+00:00,2025-06-25 04:43:52+00:00,2025-06-25 04:43:52+00:00,2025-06-26 23:00:00+00:00,0.0,2025-06-26,2025,REG,IND,LAS,1.0650939274792486,True,,0.4909754767731684,401736207,3065570,6,5,0,True,False,matched,21.0,2025-06-26,under,0.20004029012839497,1.847457627118644,-1.0,1.0,False,False,False
2241,992214f7-8fa0-4c06-bdd8-5755d5fec177,82,Azura Stevens,azurastevens,CHI,rebounds,7.5,-154.0,116.0,10,10,2025-06-25 04:43:52+00:00,2025-06-25 04:43:52+00:00,2025-06-25 04:43:52+00:00,2025-06-26 23:00:00+00:00,0.0,2025-06-26,2025,REG,IND,LAS,1.0692621755613883,True,,0.574207987656796,401736207,3142010,6,5,0,True,False,matched,7.0,2025-06-26,under,0.10023569417233463,2.16,1.1600000000000001,1.0,False,False,False
2241,5f11de56-6daa-47b4-890c-24951c853870,71,Aliyah Boston,aliyahboston,IND,assists,3.5,116.0,-154.0,10,10,2025-06-25 04:43:52+00:00,2025-06-25 04:43:52+00:00,2025-06-25 04:43:52+00:00,2025-06-26 23:00:00+00:00,0.0,2025-06-26,2025,REG,IND,LAS,1.0692621755613883,True,,0.425792012343204,401736207,4432831,5,6,1,True,False,matched,1.0,2025-06-26,over,0.08436822665927146,2.16,-1.0,1.0,False,False,False
2241,21072c9a-e733-4cce-9fb9-a5865d4384a9,94,Rickea Jackson,rickeajackson,CHI,threes,1.5,-106.0,-125.0,10,10,2025-06-25 04:43:52+00:00,2025-06-25 04:43:52+00:00,2025-06-25 04:43:52+00:00,2025-06-26 23:00:00+00:00,0.0,2025-06-26,2025,REG,IND,LAS,1.070118662351672,True,,0.4787708928615623,401736207,4433630,6,5,0,True,False,matched,1.0,2025-06-26,under,0.07267220182553796,1.8,0.8,1.0,False,False,False
2241,bccef367-0463-4032-90f9-2d008c5115fd,76,Lexie Hull,lexiehull,IND,points,7.5,-122.0,-106.0,10,10,2025-06-25 04:43:52+00:00,2025-06-25 04:43:52+00:00,2025-06-25 04:43:52+00:00,2025-06-26 23:00:00+00:00,0.0,2025-06-26,2025,REG,IND,LAS,1.064112656345666,True,,0.518058368553134,401736207,4398829,5,6,1,True,False,matched,6.0,2025-06-26,under,0.056152044442066174,1.9433962264150944,0.9433962264150944,1.0,False,False,False
2244,c1beb950-0d7d-4c14-8ecf-d521c6ea0b1f,528,Paige Bueckers,paigebueckers,DAL,assists,5.5,130.0,-174.0,10,10,2025-06-25 06:04:00+00:00,2025-06-25 06:04:00+00:00,2025-06-25 06:04:00+00:00,2025-06-27 23:30:00+00:00,0.0,2025-06-27,2025,REG,DAL,IND,1.069819105046017,True,,0.3962729171732011,401736210,4433730,3,5,1,True,False,matched,6.0,2025-06-27,over,0.206281156953164,2.3,1.2999999999999998,1.0,False,False,False
2239,922587be-79c5-4e72-a809-e52bdc3d185e,221,Tiffany Hayes,tiffanyhayes,GSV,points,14.5,-110.0,-118.0,10,10,2025-06-25 13:13:58+00:00,2025-06-25 13:13:58+00:00,2025-06-25 13:13:58+00:00,2025-06-26 02:00:00+00:00,0.0,2025-06-25,2025,REG,GSV,NYL,1.0650939274792486,True,,0.4909754767731684,401736205,1054,129689,9,1,True,False,matched,15.0,2025-06-25,under,0.3616799623387283,1.847457627118644,-1.0,1.0,False,False,False
2240,51664922-80dc-43b1-8649-206dab043a28,519,Aneesah Morrow,aneesahmorrow,CON,rebounds,6.5,106.0,-140.0,10,10,2025-06-25 13:28:35+00:00,2025-06-25 13:28:35+00:00,2025-06-25 13:28:35+00:00,2025-06-26 02:00:00+00:00,0.0,2025-06-25,2025,REG,LVA,CON,1.0687702265372168,True,,0.44933614350623635,401736206,4684384,18,17,0,True,False,matched,6.0,2025-06-25,under,0.5660915489462858,1.7142857142857144,0.7142857142857144,1.0,False,False,False
2244,fa1fd087-29e1-4629-99f3-02e584225f42,71,Aliyah Boston,aliyahboston,IND,assists,3.5,142.0,-192.0,10,10,2025-06-25 16:11:17+00:00,2025-06-25 16:11:17+00:00,2025-06-25 16:11:17+00:00,2025-06-27 23:30:00+00:00,0.0,2025-06-27,2025,REG,DAL,IND,1.0707573870712102,True,,0.37336020860003377,401736210,4432831,5,3,0,True,False,matched,3.0,2025-06-27,over,0.16649925439993596,2.42,-1.0,1.0,False,False,False
2244,37eea952-4125-460e-82ca-c168759f47ee,63,Arike Ogunbowale,arikeogunbowale,DAL,threes,1.5,-130.0,-102.0,10,10,2025-06-25 16:11:17+00:00,2025-06-25 16:11:17+00:00,2025-06-25 16:11:17+00:00,2025-06-27 23:30:00+00:00,0.0,2025-06-27,2025,REG,DAL,IND,1.0701678863538528,True,,0.5312123494364493,401736210,3904577,3,5,1,True,False,matched,1.0,2025-06-27,over,0.11764580235059385,1.7692307692307692,-1.0,1.0,False,False,False
2244,2d2c84cc-1864-4fb1-9edc-67199c726a23,70,Kelsey Mitchell,kelseymitchell,IND,points,17.5,-122.0,-106.0,10,10,2025-06-25 16:11:17+00:00,2025-06-25 16:11:17+00:00,2025-06-25 16:11:17+00:00,2025-06-27 23:30:00+00:00,0.0,2025-06-27,2025,REG,DAL,IND,1.064112656345666,True,,0.518058368553134,401736210,3142191,5,3,0,True,False,matched,32.0,2025-06-27,under,0.05073726513249355,1.9433962264150944,-1.0,1.0,False,False,False
2242,7a1a52fc-c518-4cf3-89d2-c7830cbc71aa,182,Brittney Sykes,brittneysykes,TOR,points,18.5,-118.0,-110.0,10,10,2025-06-26 04:07:31+00:00,2025-06-26 04:07:31+00:00,2025-06-26 04:07:31+00:00,2025-06-27 02:00:00+00:00,0.0,2025-06-26,2025,REG,LVA,WAS,1.0650939274792486,True,,0.5090245232268319,401736208,2988756,16,17,0,True,True,did_not_play,,2025-06-26,under,0.21011006786051917,1.9090909090909092,0.0,0.0,False,True,False
2242,0e1af4bc-2d2c-4b25-b033-a484add13c0c,102,Jackie Young,jackieyoung,LVA,assists,3.5,102.0,-136.0,10,10,2025-06-26 04:07:32+00:00,2025-06-26 04:07:32+00:00,2025-06-26 04:07:32+00:00,2025-06-27 02:00:00+00:00,0.0,2025-06-26,2025,REG,LVA,WAS,1.071320691391173,True,,0.4579067075572801,401736208,4065870,17,16,1,True,False,matched,5.0,2025-06-26,over,0.22736532799350417,2.02,1.02,1.0,False,False,False
2242,ace7fc43-b351-4355-9998-bd9f8560d38e,166,Jewell Loyd,jewellloyd,LVA,threes,1.5,-106.0,-125.0,10,10,2025-06-26 04:07:32+00:00,2025-06-26 04:07:32+00:00,2025-06-26 04:07:32+00:00,2025-06-27 02:00:00+00:00,0.0,2025-06-26,2025,REG,LVA,WAS,1.070118662351672,True,,0.4787708928615623,401736208,2987869,17,16,1,True,False,matched,1.0,2025-06-26,over,0.09693424945866252,1.9433962264150944,-1.0,1.0,False,False,False
2242,d78875a2-97c7-440c-8854-a2042fbb3c49,107,Chelsea Gray,chelseagray,LVA,assists,4.5,130.0,-174.0,10,10,2025-06-26 04:07:32+00:00,2025-06-26 04:07:32+00:00,2025-06-26 04:07:32+00:00,2025-06-27 02:00:00+00:00,0.0,2025-06-26,2025,REG,LVA,WAS,1.069819105046017,True,,0.3962729171732011,401736208,2529122,17,16,1,True,False,matched,8.0,2025-06-26,over,0.09535329658840974,2.3,1.2999999999999998,1.0,False,False,False
2242,e7ebb087-2c0f-4cb7-9a75-6093fb82ceac,196,Shakira Austin,shakiraaustin,WAS,rebounds,7.5,-130.0,-110.0,33,33,2025-06-26 10:25:33+00:00,2025-06-26 10:25:33+00:00,2025-06-26 10:25:33+00:00,2025-06-27 02:00:00+00:00,0.0,2025-06-26,2025,REG,LVA,WAS,1.0890269151138718,True,,0.521679232465576,401736208,4398911,16,17,0,True,False,matched,13.0,2025-06-26,under,0.17433163179918565,1.9090909090909092,-1.0,1.0,False,False,False
2243,6349ddc8-0afc-438c-adeb-157fc1119783,15,Rhyne Howard,rhynehoward,ATL,points,17.5,100.0,-130.0,10,10,2025-06-26 17:55:20+00:00,2025-06-26 17:55:20+00:00,2025-06-26 17:55:20+00:00,2025-06-27 23:30:00+00:00,0.0,2025-06-27,2025,REG,ATL,MIN,1.065217391304348,True,,0.4663164946059025,401736209,4398674,20,8,1,True,False,matched,15.0,2025-06-27,under,0.06211269318850654,1.7692307692307692,0.7692307692307692,1.0,False,False,False
2243,c2cf5c24-a83f-46d1-bd1d-0d760ad26339,121,Alanna Smith,alannasmith,DAL,points,11.5,-120.0,-108.0,10,10,2025-06-26 17:55:21+00:00,2025-06-26 17:55:21+00:00,2025-06-26 17:55:21+00:00,2025-06-27 23:30:00+00:00,0.0,2025-06-27,2025,REG,ATL,MIN,1.0646853146853146,True,,0.5135396953663074,401736209,3913881,8,20,0,True,False,matched,9.0,2025-06-27,under,0.2862772029245639,1.925925925925926,0.925925925925926,1.0,False,False,False
2243,5e276b8e-d725-4296-9c14-fdf97ebaa2e6,125,Kayla McBride,kaylamcbride,MIN,assists,3.5,-132.0,100.0,10,10,2025-06-26 17:55:21+00:00,2025-06-26 17:55:21+00:00,2025-06-26 17:55:21+00:00,2025-06-27 23:30:00+00:00,0.0,2025-06-27,2025,REG,ATL,MIN,1.0689655172413794,True,,0.5356937238338165,401736209,2529205,8,20,0,True,False,matched,3.0,2025-06-27,under,0.25076309132367763,2.0,1.0,1.0,False,False,False
2243,600c8e29-5de2-4009-8052-3f42b3732215,1,Allisha Gray,allishagray,ATL,points,18.5,-122.0,-106.0,10,10,2025-06-26 17:55:21+00:00,2025-06-26 17:55:21+00:00,2025-06-26 17:55:21+00:00,2025-06-27 23:30:00+00:00,0.0,2025-06-27,2025,REG,ATL,MIN,1.064112656345666,True,,0.518058368553134,401736209,3058901,20,8,1,True,False,matched,17.0,2025-06-27,under,0.2223219613239305,1.9433962264150944,0.9433962264150944,1.0,False,False,False
2243,e82b0839-9858-42b3-a011-c539e060c873,117,Courtney Williams,courtneywilliams,MIN,points,13.5,102.0,-132.0,10,10,2025-06-26 17:55:21+00:00,2025-06-26 17:55:21+00:00,2025-06-26 17:55:21+00:00,2025-06-27 23:30:00+00:00,0.0,2025-06-27,2025,REG,ATL,MIN,1.0640150221918745,True,,0.4618487426836327,401736209,2987891,8,20,0,True,False,matched,16.0,2025-06-27,under,0.1841130937943118,1.7575757575757576,-1.0,1.0,False,False,False
2243,70583d67-4d1d-4df5-80f7-adccf91fc91d,112,Napheesa Collier,napheesacollier,MIN,rebounds,7.5,120.0,-160.0,10,10,2025-06-26 17:55:21+00:00,2025-06-26 17:55:21+00:00,2025-06-26 17:55:21+00:00,2025-06-27 23:30:00+00:00,0.0,2025-06-27,2025,REG,ATL,MIN,1.06993006993007,True,,0.41669493857595097,401736209,3917450,8,20,0,True,False,matched,7.0,2025-06-27,over,0.15297278186197755,2.2,-1.0,1.0,False,False,False
2243,03cc41e3-5964-44ad-8127-c43d82a9d16d,49,Brionna Jones,brionnajones,ATL,points,12.5,-102.0,-128.0,10,10,2025-06-26 17:55:21+00:00,2025-06-26 17:55:21+00:00,2025-06-26 17:55:21+00:00,2025-06-27 23:30:00+00:00,0.0,2025-06-27,2025,REG,ATL,MIN,1.0663540038214347,True,,0.47082505196940394,401736209,3058895,20,8,1,True,False,matched,18.0,2025-06-27,under,0.09850528221742122,1.78125,-1.0,1.0,False,False,False
2245,086e7814-7d39-4e7a-be21-78fe44893881,137,Breanna Stewart,breannastewart,NYL,points,20.5,-120.0,-108.0,10,10,2025-06-26 19:41:12+00:00,2025-06-26 19:41:12+00:00,2025-06-26 19:41:12+00:00,2025-06-28 02:00:00+00:00,0.0,2025-06-27,2025,REG,PHX,NYL,1.0646853146853146,True,,0.5135396953663074,401736212,2998928,9,11,0,True,False,matched,17.0,2025-06-27,under,0.1144839502379984,1.925925925925926,0.925925925925926,1.0,False,False,False
2245,45b1ebd0-1790-4c57-9b87-af252852c680,177,Sami Whitcomb,samiwhitcomb,PHO,points,9.5,-113.0,-115.0,10,10,2025-06-26 19:41:12+00:00,2025-06-26 19:41:12+00:00,2025-06-26 19:41:12+00:00,2025-06-28 02:00:00+00:00,0.0,2025-06-27,2025,REG,PHX,NYL,1.0654001528551151,True,,0.49774423259931944,401736212,887,11,9,1,True,False,matched,15.0,2025-06-27,under,0.11334111051861401,1.8695652173913042,-1.0,1.0,False,False,False
2245,8bc984ad-7b39-424f-92aa-5460d7c8dc46,54,Satou Sabally,satousabally,NYL,points,18.5,100.0,-130.0,10,10,2025-06-26 19:41:12+00:00,2025-06-26 19:41:12+00:00,2025-06-26 19:41:12+00:00,2025-06-28 02:00:00+00:00,0.0,2025-06-27,2025,REG,PHX,NYL,1.065217391304348,True,,0.4663164946059025,401736212,4281929,11,9,1,True,False,matched,25.0,2025-06-27,under,0.09212769069902704,1.7692307692307692,-1.0,1.0,False,False,False
2245,fca34d9c-e93a-440f-b1bb-9a29eab70b71,132,Sabrina Ionescu,sabrinaionescu,NYL,points,18.5,-122.0,-106.0,10,10,2025-06-26 19:41:12+00:00,2025-06-26 19:41:12+00:00,2025-06-26 19:41:12+00:00,2025-06-28 02:00:00+00:00,0.0,2025-06-27,2025,REG,PHX,NYL,1.064112656345666,True,,0.518058368553134,401736212,4066533,9,11,0,True,False,matched,9.0,2025-06-27,under,0.0902027785269317,1.9433962264150944,0.9433962264150944,1.0,False,False,False
2245,7a3438bb-139b-42f6-abdf-98000e52da97,40,Alyssa Thomas,alyssathomas,PHO,assists,8.5,-148.0,112.0,10,10,2025-06-26 19:41:12+00:00,2025-06-26 19:41:12+00:00,2025-06-26 19:41:12+00:00,2025-06-28 02:00:00+00:00,0.0,2025-06-27,2025,REG,PHX,NYL,1.0684723067559343,True,,0.5647227530167998,401736212,2529140,11,9,1,True,False,matched,15.0,2025-06-27,under,0.08778416798972316,2.12,-1.0,1.0,False,False,False
2245,b2ede0c4-391b-481d-8aa0-c6e1365192e1,155,Kahleah Copper,kahleahcopper,PHO,points,15.5,-108.0,-120.0,10,10,2025-06-26 19:41:12+00:00,2025-06-26 19:41:12+00:00,2025-06-26 19:41:12+00:00,2025-06-28 02:00:00+00:00,0.0,2025-06-27,2025,REG,PHX,NYL,1.0646853146853146,True,,0.48646030463369283,401736212,2998938,11,9,1,True,False,matched,12.0,2025-06-27,under,0.06180890821390267,1.8333333333333335,0.8333333333333335,1.0,False,False,False
2246,4c343b3a-15e6-44c6-90af-80302df0ada5,26,Angel Reese,angelreese,ATL,assists,3.5,-118.0,-112.0,10,10,2025-06-26 19:49:11+00:00,2025-06-26 19:49:11+00:00,2025-06-26 19:49:11+00:00,2025-06-28 02:00:00+00:00,0.0,2025-06-27,2025,REG,GSV,CHI,1.0695862904621776,True,,0.5067212711754592,401736211,4433402,19,129689,0,True,False,matched,2.0,2025-06-27,under,0.07547351619205356,1.8928571428571428,0.8928571428571428,1.0,False,False,False
2246,3b3c180d-bcdb-46e2-93c4-c43f94a61e67,139,Kayla Thornton,kaylathornton,GSV,rebounds,6.5,-146.0,110.0,10,10,2025-06-26 19:53:07+00:00,2025-06-26 19:53:07+00:00,2025-06-26 19:53:07+00:00,2025-06-28 02:00:00+00:00,0.0,2025-06-27,2025,REG,GSV,CHI,1.0696864111498257,True,,0.5607420039050215,401736211,2529622,129689,19,1,True,False,matched,6.0,2025-06-27,under,0.3755996226586822,2.1,1.1,1.0,False,False,False
2246,61e1c267-59b3-4817-800d-fa3485ae0c0d,221,Tiffany Hayes,tiffanyhayes,GSV,points,13.5,-120.0,-108.0,10,10,2025-06-26 19:53:07+00:00,2025-06-26 19:53:07+00:00,2025-06-26 19:53:07+00:00,2025-06-28 02:00:00+00:00,0.0,2025-06-27,2025,REG,GSV,CHI,1.0646853146853146,True,,0.5135396953663074,401736211,1054,129689,19,1,True,False,matched,13.0,2025-06-27,under,0.29571351743724444,1.925925925925926,0.925925925925926,1.0,False,False,False
2246,2191dd7f-5724-4378-adb4-cc39e253177b,55,Veronica Burton,veronicaburton,GSV,assists,4.5,-146.0,110.0,10,10,2025-06-26 19:57:12+00:00,2025-06-26 19:57:12+00:00,2025-06-26 19:57:12+00:00,2025-06-28 02:00:00+00:00,0.0,2025-06-27,2025,REG,GSV,CHI,1.0696864111498257,True,,0.5607420039050215,401736211,4398935,129689,19,1,True,False,matched,4.0,2025-06-27,under,0.2966054714945227,2.1,1.1,1.0,False,False,False
2246,88bf7d07-3d25-4d85-a584-5567d9cd425e,83,Monique Billings,moniquebillings,IND,rebounds,5.5,-125.0,-106.0,10,10,2025-06-26 19:57:12+00:00,2025-06-26 19:57:12+00:00,2025-06-26 19:57:12+00:00,2025-06-28 02:00:00+00:00,0.0,2025-06-27,2025,REG,GSV,CHI,1.070118662351672,True,,0.5212291071384377,401736211,3142255,129689,19,1,True,False,matched,4.0,2025-06-27,under,0.17961750200947935,1.9433962264150944,0.9433962264150944,1.0,False,False,False
2247,4ba0a4bc-61ee-4f29-9b59-4fb4f69f1ab2,9,Tina Charles,tinacharles,FA,points,15.5,-120.0,-108.0,10,10,2025-06-26 20:28:11+00:00,2025-06-26 20:28:11+00:00,2025-06-26 20:28:11+00:00,2025-06-28 02:00:00+00:00,0.0,2025-06-27,2025,REG,SEA,CON,1.0646853146853146,True,,0.5135396953663074,401736213,918,18,14,0,True,False,matched,7.0,2025-06-27,under,0.18124937933565044,1.925925925925926,0.925925925925926,1.0,False,False,False
2247,17c80774-265e-40fd-bf0f-89080fcb725f,208,Gabby Williams,gabbywilliams,GSV,threes,1.5,-118.0,-112.0,10,10,2025-06-26 20:40:14+00:00,2025-06-26 20:40:14+00:00,2025-06-26 20:40:14+00:00,2025-06-28 02:00:00+00:00,0.0,2025-06-27,2025,REG,SEA,CON,1.0695862904621776,True,,0.5067212711754592,401736213,3142328,14,18,1,True,False,matched,2.0,2025-06-27,under,0.1348549178409466,1.8928571428571428,-1.0,1.0,False,False,False
2247,7bab4dd1-3a45-43eb-ba25-f8b2380d05f6,66,Erica Wheeler,ericawheeler,LAS,rebounds,3.5,134.0,-180.0,10,10,2025-06-26 20:40:15+00:00,2025-06-26 20:40:15+00:00,2025-06-26 20:40:15+00:00,2025-06-28 02:00:00+00:00,0.0,2025-06-27,2025,REG,SEA,CON,1.0702075702075702,True,,0.38834080463047865,401736213,2491214,14,18,1,True,False,matched,5.0,2025-06-27,under,0.12028700299533146,1.5555555555555556,-1.0,1.0,False,False,False
2247,dc66f2e0-1464-4edc-a545-741ab5f690a0,175,Skylar Diggins,skylardiggins,CHI,points,19.5,-102.0,-128.0,10,10,2025-06-26 20:40:16+00:00,2025-06-26 20:40:16+00:00,2025-06-26 20:40:16+00:00,2025-06-28 02:00:00+00:00,0.0,2025-06-27,2025,REG,SEA,CON,1.0663540038214347,True,,0.47082505196940394,401736213,2491205,14,18,1,True,False,matched,24.0,2025-06-27,under,0.10175210708449828,1.78125,-1.0,1.0,False,False,False
2247,f61ad88a-5352-4961-90c2-481d41442f99,180,Nneka Ogwumike,nnekaogwumike,LAS,points,16.5,-128.0,-102.0,10,10,2025-06-26 20:40:16+00:00,2025-06-26 20:40:16+00:00,2025-06-26 20:40:16+00:00,2025-06-28 02:00:00+00:00,0.0,2025-06-27,2025,REG,SEA,CON,1.0663540038214347,True,,0.5291749480305961,401736213,1068,14,18,1,True,False,matched,16.0,2025-06-27,under,0.06410797131001778,1.9803921568627452,0.9803921568627452,1.0,False,False,False
2241,04524abf-0bcd-4494-88ad-009c5bb8203f,88,Aari McDonald,aarimcdonald,FA,points,10.5,-115.0,-115.0,49,49,2025-06-26 21:30:29+00:00,2025-06-26 21:30:29+00:00,2025-06-26 21:30:29+00:00,2025-06-26 23:00:00+00:00,0.0,2025-06-26,2025,REG,IND,LAS,1.0697674418604652,True,,0.5,401736207,4066553,5,6,1,True,False,matched,14.0,2025-06-26,under,0.1976756001622959,1.8695652173913042,-1.0,1.0,False,False,False
2242,8b9a91e8-385c-4f56-af5b-8843223c615b,573,Sonia Citron,soniacitron,WAS,assists,3.5,-130.0,-110.0,49,49,2025-06-27 00:39:19+00:00,2025-06-27 00:39:19+00:00,2025-06-27 00:39:19+00:00,2025-06-27 02:00:00+00:00,0.0,2025-06-26,2025,REG,LVA,WAS,1.0890269151138718,True,,0.521679232465576,401736208,4433524,16,17,0,True,False,matched,2.0,2025-06-26,under,0.5640323477795789,1.9090909090909092,0.9090909090909092,1.0,False,False,False
2244,f37e6db5-caf1-4089-bd31-82a1e8a63619,95,Li Yueru,liyueru,DAL,rebounds,7.5,-110.0,-118.0,19,19,2025-06-27 03:12:36+00:00,2025-06-27 03:12:36+00:00,2025-06-27 03:12:36+00:00,2025-06-27 23:30:00+00:00,0.0,2025-06-27,2025,REG,DAL,IND,1.0650939274792486,True,,0.4909754767731684,401736210,4336633,3,5,1,True,False,matched,3.0,2025-06-27,under,0.617797837411865,1.847457627118644,0.847457627118644,1.0,False,False,False
2247,a09edd05-95fd-4aed-ab5e-558be48b59bd,43,Olivia Nelson-Ododa,olivianelsonododa,CON,rebounds,6.5,110.0,-140.0,12,12,2025-06-27 09:08:06+00:00,2025-06-27 09:08:06+00:00,2025-06-27 09:08:06+00:00,2025-06-28 02:00:00+00:00,0.0,2025-06-27,2025,REG,SEA,CON,1.0595238095238093,True,,0.44483204521110303,401736213,4398966,18,14,0,True,False,matched,6.0,2025-06-27,under,0.22613931977606183,1.7142857142857144,0.7142857142857144,1.0,False,False,False
2245,acff58e2-4e27-4c3b-8cd5-407862dc12b0,163,Natasha Cloud,natashacloud,CHI,points,9.5,110.0,-155.0,33,33,2025-06-27 11:08:03+00:00,2025-06-27 11:08:03+00:00,2025-06-27 11:08:03+00:00,2025-06-28 02:00:00+00:00,0.0,2025-06-27,2025,REG,PHX,NYL,1.0840336134453783,True,,0.4312621062414176,401736212,2529137,9,11,0,True,False,matched,14.0,2025-06-27,under,0.10421911504939274,1.6451612903225805,-1.0,1.0,False,False,False
2246,7258dae0-ef11-4d56-acb0-cd550ff800a9,109,Kate Martin,katemartin,LAS,assists,1.5,-105.0,-125.0,24,24,2025-06-27 14:58:14+00:00,2025-06-27 14:58:14+00:00,2025-06-27 14:58:14+00:00,2025-06-28 02:00:00+00:00,0.0,2025-06-27,2025,REG,GSV,CHI,1.067750677506775,True,,0.47757418034290006,401736211,4398907,129689,19,1,True,False,matched,0.0,2025-06-27,under,0.4589316113684106,1.8,0.8,1.0,False,False,False
2244,1ae2d685-8b00-433c-a618-074c8eff24ba,76,Lexie Hull,lexiehull,IND,points,9.5,110.0,-140.0,13,13,2025-06-27 18:57:44+00:00,2025-06-27 18:57:44+00:00,2025-06-27 18:57:44+00:00,2025-06-27 23:30:00+00:00,0.0,2025-06-27,2025,REG,DAL,IND,1.0595238095238093,True,,0.44483204521110303,401736210,4398829,5,3,0,True,False,matched,3.0,2025-06-27,under,0.10941736364181415,1.7142857142857144,0.7142857142857144,1.0,False,False,False
2244,6b3c8e95-839a-4b00-837a-e9ca6af29e76,88,Aari McDonald,aarimcdonald,FA,points,11.5,102.0,-132.0,10,10,2025-06-27 23:08:47+00:00,2025-06-27 23:08:47+00:00,2025-06-27 23:08:47+00:00,2025-06-27 23:30:00+00:00,0.0,2025-06-27,2025,REG,DAL,IND,1.0640150221918745,True,,0.4618487426836327,401736210,4066553,5,3,0,True,False,matched,13.0,2025-06-27,under,0.20625550412800908,1.7575757575757576,-1.0,1.0,False,False,False
2245,27c2b2c4-7085-4e00-a9ea-93204dcace63,131,Nyara Sabally,nyarasabally,TOR,rebounds,5.5,-152.0,114.0,10,10,2025-06-28 01:42:25+00:00,2025-06-28 01:42:25+00:00,2025-06-28 01:42:25+00:00,2025-06-28 02:00:00+00:00,0.0,2025-06-27,2025,REG,PHX,NYL,1.0704643228007713,True,,0.5703965275254933,401736212,4398768,9,11,0,True,False,matched,6.0,2025-06-27,under,0.3815059263859127,2.1399999999999997,-1.0,1.0,False,False,False
2248,79f42ea6-fb7b-4ae6-b92b-0f607f9783c1,182,Brittney Sykes,brittneysykes,TOR,assists,5.5,122.0,-162.0,10,10,2025-06-28 02:52:30+00:00,2025-06-28 02:52:30+00:00,2025-06-28 02:52:30+00:00,2025-06-29 00:00:00+00:00,0.0,2025-06-28,2025,REG,DAL,WAS,1.0687710611374732,True,,0.41310819110441305,401736214,2988756,16,3,0,True,False,matched,5.0,2025-06-28,under,0.17538591491311467,1.617283950617284,0.617283950617284,1.0,False,False,False
2248,5974067c-71ca-45cc-a524-856fcb16d447,572,Kiki Iriafen,kikiiriafen,WAS,points,12.5,-110.0,-118.0,10,10,2025-06-28 02:56:13+00:00,2025-06-28 02:56:13+00:00,2025-06-28 02:56:13+00:00,2025-06-29 00:00:00+00:00,0.0,2025-06-28,2025,REG,DAL,WAS,1.0650939274792486,True,,0.4909754767731684,401736214,4898384,16,3,0,True,False,matched,8.0,2025-06-28,under,0.05337897889945975,1.847457627118644,0.847457627118644,1.0,False,False,False
2248,f3ce6ef7-b85b-4c60-8bab-a5e9c990749a,196,Shakira Austin,shakiraaustin,WAS,points,14.5,-110.0,-118.0,10,10,2025-06-28 02:59:54+00:00,2025-06-28 02:59:54+00:00,2025-06-28 02:59:54+00:00,2025-06-29 00:00:00+00:00,0.0,2025-06-28,2025,REG,DAL,WAS,1.0650939274792486,True,,0.4909754767731684,401736214,4398911,16,3,0,True,False,matched,18.0,2025-06-28,under,0.17765108292955956,1.847457627118644,-1.0,1.0,False,False,False
2248,6a215fa4-4896-4cfc-8faa-3552c373325c,573,Sonia Citron,soniacitron,WAS,assists,2.5,-115.0,-115.0,24,24,2025-06-28 07:07:19+00:00,2025-06-28 07:07:19+00:00,2025-06-28 07:07:19+00:00,2025-06-29 00:00:00+00:00,0.0,2025-06-28,2025,REG,DAL,WAS,1.0697674418604652,True,,0.5,401736214,4433524,16,3,0,True,False,matched,2.0,2025-06-28,under,0.19795588799012626,1.8695652173913042,0.8695652173913042,1.0,False,False,False
2248,0d186e6b-091d-45eb-a77e-d94ab1bf6a08,95,Li Yueru,liyueru,DAL,rebounds,5.5,-175.0,125.0,33,33,2025-06-28 10:58:41+00:00,2025-06-28 10:58:41+00:00,2025-06-28 10:58:41+00:00,2025-06-29 00:00:00+00:00,0.0,2025-06-28,2025,REG,DAL,WAS,1.0808080808080809,True,,0.6000379418846682,401736214,4336633,3,16,1,True,False,matched,6.0,2025-06-28,under,0.5734837013571937,2.25,-1.0,1.0,False,False,False
2248,59f39fa4-9823-4802-9e09-f734d1680644,73,NaLyssa Smith,nalyssasmith,LVA,rebounds,6.5,-146.0,110.0,10,10,2025-06-28 18:36:36+00:00,2025-06-28 18:36:36+00:00,2025-06-28 18:36:36+00:00,2025-06-29 00:00:00+00:00,0.0,2025-06-28,2025,REG,DAL,WAS,1.0696864111498257,True,,0.5607420039050215,401736214,4398776,3,16,1,True,False,matched,7.0,2025-06-28,under,0.46093678704937,2.1,-1.0,1.0,False,False,False
2249,a9bea4fa-1d0f-4ee1-9762-06ae86b63c33,137,Breanna Stewart,breannastewart,NYL,threes,1.5,168.0,-230.0,10,10,2025-06-28 19:01:34+00:00,2025-06-28 19:01:34+00:00,2025-06-28 19:01:34+00:00,2025-06-29 19:00:00+00:00,0.0,2025-06-29,2025,REG,ATL,NYL,1.070104025327906,True,,0.33212328770060234,401736215,2998928,9,20,0,True,False,matched,1.0,2025-06-29,under,0.12475639112500175,1.434782608695652,0.4347826086956521,1.0,False,False,False
2249,875fb79c-5815-4a2e-9c0a-5aea0cf7e291,15,Rhyne Howard,rhynehoward,ATL,assists,4.5,100.0,-132.0,10,10,2025-06-28 19:01:35+00:00,2025-06-28 19:01:35+00:00,2025-06-28 19:01:35+00:00,2025-06-29 19:00:00+00:00,0.0,2025-06-29,2025,REG,ATL,NYL,1.0689655172413794,True,,0.46430627616618364,401736215,4398674,20,9,1,True,False,matched,2.0,2025-06-29,under,0.08326787509824546,1.7575757575757576,0.7575757575757576,1.0,False,False,False
2249,f2cc085a-0065-4f55-b7ec-cd6eacc72196,163,Natasha Cloud,natashacloud,CHI,points,8.5,-125.0,-104.0,10,10,2025-06-28 19:06:47+00:00,2025-06-28 19:06:47+00:00,2025-06-28 19:06:47+00:00,2025-06-29 19:00:00+00:00,0.0,2025-06-29,2025,REG,ATL,NYL,1.065359477124183,True,,0.5236312520088393,401736215,2529137,9,20,0,True,False,matched,20.0,2025-06-29,under,0.23767952979756035,1.9615384615384617,-1.0,1.0,False,False,False
2249,d9af4119-85d7-4131-8155-0f03c061d1a1,1,Allisha Gray,allishagray,ATL,assists,3.5,-122.0,-108.0,10,10,2025-06-28 19:06:47+00:00,2025-06-28 19:06:47+00:00,2025-06-28 19:06:47+00:00,2025-06-29 19:00:00+00:00,0.0,2025-06-29,2025,REG,ATL,NYL,1.0687803187803186,True,,0.5156895960912058,401736215,3058901,20,9,1,True,False,matched,6.0,2025-06-29,under,0.11158447211984862,1.925925925925926,-1.0,1.0,False,False,False
2249,244c4b85-a563-42e0-98bb-8ffe8219414e,49,Brionna Jones,brionnajones,ATL,points,13.5,106.0,-138.0,10,10,2025-06-28 19:06:47+00:00,2025-06-28 19:06:47+00:00,2025-06-28 19:06:47+00:00,2025-06-29 19:00:00+00:00,0.0,2025-06-29,2025,REG,ATL,NYL,1.0652688259769927,True,,0.4512435291926419,401736215,3058895,20,9,1,True,False,matched,21.0,2025-06-29,under,0.09257206567081211,1.7246376811594204,-1.0,1.0,False,False,False
2249,aa6ea6de-bb8f-40cc-bc60-6926e410f0d0,131,Nyara Sabally,nyarasabally,TOR,rebounds,5.5,-122.0,-108.0,10,10,2025-06-28 19:10:17+00:00,2025-06-28 19:10:17+00:00,2025-06-28 19:10:17+00:00,2025-06-29 19:00:00+00:00,0.0,2025-06-29,2025,REG,ATL,NYL,1.0687803187803186,True,,0.5156895960912058,401736215,4398768,9,20,0,True,False,matched,4.0,2025-06-29,under,0.25520318497437505,1.925925925925926,0.925925925925926,1.0,False,False,False
2251,743986d6-8501-4282-8104-5ef0dc39e0ec,40,Alyssa Thomas,alyssathomas,PHO,points,13.5,-125.0,-104.0,10,10,2025-06-28 19:13:49+00:00,2025-06-28 19:13:49+00:00,2025-06-28 19:13:49+00:00,2025-06-29 22:00:00+00:00,0.0,2025-06-29,2025,REG,PHX,LVA,1.065359477124183,True,,0.5236312520088393,401736217,2529140,11,17,1,True,False,matched,16.0,2025-06-29,under,0.20366506374945548,1.9615384615384617,-1.0,1.0,False,False,False
2251,81056f6a-3883-4319-a389-b1d06983b5f4,155,Kahleah Copper,kahleahcopper,PHO,threes,1.5,-136.0,102.0,10,10,2025-06-28 19:13:49+00:00,2025-06-28 19:13:49+00:00,2025-06-28 19:13:49+00:00,2025-06-29 22:00:00+00:00,0.0,2025-06-29,2025,REG,PHX,LVA,1.071320691391173,True,,0.5420932924427202,401736217,2998938,11,17,1,True,False,matched,2.0,2025-06-29,under,0.15851898435398692,2.02,-1.0,1.0,False,False,False
2251,d9626748-52c1-48c9-87aa-f2c7994db2a7,103,A'ja Wilson,ajawilson,LVA,points,20.5,-122.0,-106.0,10,10,2025-06-28 19:13:49+00:00,2025-06-28 19:13:49+00:00,2025-06-28 19:13:49+00:00,2025-06-29 22:00:00+00:00,0.0,2025-06-29,2025,REG,PHX,LVA,1.064112656345666,True,,0.518058368553134,401736217,3149391,17,11,0,True,False,matched,26.0,2025-06-29,under,0.09581934398356384,1.9433962264150944,-1.0,1.0,False,False,False
2251,4d7f36bd-a9b8-420b-8bfb-6d9d07a6a948,166,Jewell Loyd,jewellloyd,LVA,threes,1.5,-186.0,140.0,10,10,2025-06-28 19:16:30+00:00,2025-06-28 19:16:30+00:00,2025-06-28 19:16:30+00:00,2025-06-29 22:00:00+00:00,0.0,2025-06-29,2025,REG,PHX,LVA,1.067016317016317,True,,0.6208673647410283,401736217,2987869,17,11,0,True,False,matched,2.0,2025-06-29,under,0.07373914860676012,2.4,-1.0,1.0,False,False,False
2251,0f1bc7ed-f2ee-41a3-8fcd-a2d23167cb15,54,Satou Sabally,satousabally,NYL,threes,1.5,-166.0,124.0,10,10,2025-06-28 19:16:31+00:00,2025-06-28 19:16:31+00:00,2025-06-28 19:16:31+00:00,2025-06-29 22:00:00+00:00,0.0,2025-06-29,2025,REG,PHX,LVA,1.0704887218045114,True,,0.5920365770215091,401736217,4281929,11,17,1,True,False,matched,1.0,2025-06-29,under,0.1683741274361395,2.24,1.2400000000000002,1.0,False,False,False
2251,ff53badb-04e8-46ce-a8f6-ed47e12d9f6e,107,Chelsea Gray,chelseagray,LVA,points,12.5,-120.0,-108.0,10,10,2025-06-28 19:16:31+00:00,2025-06-28 19:16:31+00:00,2025-06-28 19:16:31+00:00,2025-06-29 22:00:00+00:00,0.0,2025-06-29,2025,REG,PHX,LVA,1.0646853146853146,True,,0.5135396953663074,401736217,2529122,17,11,0,True,False,matched,9.0,2025-06-29,under,0.09135567466448746,1.925925925925926,0.925925925925926,1.0,False,False,False
2251,fb18cc01-f343-4520-948a-fc7ae06b7ee0,102,Jackie Young,jackieyoung,LVA,points,15.5,-114.0,-114.0,10,10,2025-06-28 19:16:31+00:00,2025-06-28 19:16:31+00:00,2025-06-28 19:16:31+00:00,2025-06-29 22:00:00+00:00,0.0,2025-06-29,2025,REG,PHX,LVA,1.0654205607476634,True,,0.5000000000000001,401736217,4065870,17,11,0,True,False,matched,15.0,2025-06-29,under,0.050104062091869905,1.8771929824561404,0.8771929824561404,1.0,False,False,False
2251,82157c4f-d772-4d45-8738-11ac4af5a83d,300,Kitija Laksa,kitijalaksa,FA,points,10.5,-104.0,-125.0,10,10,2025-06-28 19:20:06+00:00,2025-06-28 19:20:06+00:00,2025-06-28 19:20:06+00:00,2025-06-29 22:00:00+00:00,0.0,2025-06-29,2025,REG,PHX,LVA,1.065359477124183,True,,0.4763687479911608,401736217,3920741,11,17,1,True,False,matched,5.0,2025-06-29,under,0.12111362301552625,1.8,0.8,1.0,False,False,False
2253,079cf849-b39a-42c0-8d19-8464b8f5ffe7,175,Skylar Diggins,skylardiggins,CHI,points,18.5,-104.0,-125.0,10,10,2025-06-28 19:20:06+00:00,2025-06-28 19:20:06+00:00,2025-06-28 19:20:06+00:00,2025-06-30 00:30:00+00:00,0.0,2025-06-29,2025,REG,GSV,SEA,1.065359477124183,True,,0.4763687479911608,401736219,2491205,14,129689,0,True,False,matched,18.0,2025-06-29,under,0.12078770096707497,1.8,0.8,1.0,False,False,False
2253,565fb511-58c0-47cb-bf04-2459d0bdde86,139,Kayla Thornton,kaylathornton,GSV,rebounds,6.5,-152.0,114.0,10,10,2025-06-28 19:23:42+00:00,2025-06-28 19:23:42+00:00,2025-06-28 19:23:42+00:00,2025-06-30 00:30:00+00:00,0.0,2025-06-29,2025,REG,GSV,SEA,1.0704643228007713,True,,0.5703965275254933,401736219,2529622,129689,14,1,True,False,matched,5.0,2025-06-29,under,0.37264342321984006,2.1399999999999997,1.1399999999999997,1.0,False,False,False
2253,ceadc676-1626-472b-926c-131a4efac393,208,Gabby Williams,gabbywilliams,GSV,threes,1.5,-120.0,-110.0,10,10,2025-06-28 19:23:42+00:00,2025-06-28 19:23:42+00:00,2025-06-28 19:23:42+00:00,2025-06-30 00:30:00+00:00,0.0,2025-06-29,2025,REG,GSV,SEA,1.0692640692640691,True,,0.5112040114787568,401736219,3142328,14,129689,0,True,False,matched,0.0,2025-06-29,under,0.1710139157984723,1.9090909090909092,0.9090909090909092,1.0,False,False,False
2253,c60cd548-3382-40b0-93de-d18a141cccc8,180,Nneka Ogwumike,nnekaogwumike,LAS,rebounds,7.5,-138.0,104.0,10,10,2025-06-28 19:23:42+00:00,2025-06-28 19:23:42+00:00,2025-06-28 19:23:42+00:00,2025-06-30 00:30:00+00:00,0.0,2025-06-29,2025,REG,GSV,SEA,1.0700280112044818,True,,0.5464208361470752,401736219,1068,14,129689,0,True,False,matched,7.0,2025-06-29,under,0.09125568298696374,2.04,1.04,1.0,False,False,False
2253,77f57362-3df2-40ce-804c-c7218e67f4ae,66,Erica Wheeler,ericawheeler,LAS,points,11.5,-122.0,-106.0,10,10,2025-06-28 19:27:17+00:00,2025-06-28 19:27:17+00:00,2025-06-28 19:27:17+00:00,2025-06-30 00:30:00+00:00,0.0,2025-06-29,2025,REG,GSV,SEA,1.064112656345666,True,,0.518058368553134,401736219,2491214,14,129689,0,True,False,matched,13.0,2025-06-29,under,0.2853264603487725,1.9433962264150944,-1.0,1.0,False,False,False
2253,6da3705e-5ff2-48fb-ad30-7fd59ef46d79,55,Veronica Burton,veronicaburton,GSV,points,9.5,-125.0,-104.0,10,10,2025-06-28 19:27:17+00:00,2025-06-28 19:27:17+00:00,2025-06-28 19:27:17+00:00,2025-06-30 00:30:00+00:00,0.0,2025-06-29,2025,REG,GSV,SEA,1.065359477124183,True,,0.5236312520088393,401736219,4398935,129689,14,1,True,False,matched,15.0,2025-06-29,under,0.28522232681843845,1.9615384615384617,-1.0,1.0,False,False,False
2253,be8f7d39-c967-4657-b4f4-bbfefe5e2ee3,221,Tiffany Hayes,tiffanyhayes,GSV,rebounds,3.5,-146.0,110.0,10,10,2025-06-28 19:27:17+00:00,2025-06-28 19:27:17+00:00,2025-06-28 19:27:17+00:00,2025-06-30 00:30:00+00:00,0.0,2025-06-29,2025,REG,GSV,SEA,1.0696864111498257,True,,0.5607420039050215,401736219,1054,129689,14,1,True,False,matched,3.0,2025-06-29,under,0.1958849971484009,2.1,1.1,1.0,False,False,False
2253,6dc84484-66be-410c-b08d-1cd5aeffd2ac,176,Ezi Magbegor,ezimagbegor,SEA,rebounds,6.5,-118.0,-112.0,10,10,2025-06-28 19:27:17+00:00,2025-06-28 19:27:17+00:00,2025-06-28 19:27:17+00:00,2025-06-30 00:30:00+00:00,0.0,2025-06-29,2025,REG,GSV,SEA,1.0695862904621776,True,,0.5067212711754592,401736219,4420318,14,129689,0,True,False,matched,6.0,2025-06-29,under,0.0626815206116707,1.8928571428571428,0.8928571428571428,1.0,False,False,False
2250,02956dce-c815-44b1-93d6-1a1b6c2836af,158,Rebecca Allen,rebeccaallen,NYL,rebounds,3.5,-125.0,-106.0,10,10,2025-06-28 19:30:49+00:00,2025-06-28 19:30:49+00:00,2025-06-28 19:30:49+00:00,2025-06-29 20:00:00+00:00,0.0,2025-06-29,2025,REG,LAS,CHI,1.070118662351672,True,,0.5212291071384377,401736216,3102133,19,6,0,True,False,matched,4.0,2025-06-29,under,0.10030244857831361,1.9433962264150944,-1.0,1.0,False,False,False
2250,5a7c7a7b-8701-450e-83f1-94e6abf2b0bc,36,Rachel Banham,rachelbanham,CHI,points,7.5,-110.0,-118.0,10,10,2025-06-28 19:30:50+00:00,2025-06-28 19:30:50+00:00,2025-06-28 19:30:50+00:00,2025-06-29 20:00:00+00:00,0.0,2025-06-29,2025,REG,LAS,CHI,1.0650939274792486,True,,0.4909754767731684,401736216,2566186,19,6,0,True,False,matched,13.0,2025-06-29,under,0.254354100651409,1.847457627118644,-1.0,1.0,False,False,False
2250,4a61b3a0-6234-44ae-a049-05599d34fc62,185,Ariel Atkins,arielatkins,LAS,rebounds,3.5,-118.0,-112.0,10,10,2025-06-28 19:30:50+00:00,2025-06-28 19:30:50+00:00,2025-06-28 19:30:50+00:00,2025-06-29 20:00:00+00:00,0.0,2025-06-29,2025,REG,LAS,CHI,1.0695862904621776,True,,0.5067212711754592,401736216,3146151,19,6,0,True,False,matched,2.0,2025-06-29,under,0.1972816215057729,1.8928571428571428,0.8928571428571428,1.0,False,False,False
2250,f809fef2-9ae9-4dda-a05a-3119c8b4d624,26,Angel Reese,angelreese,ATL,assists,3.5,-118.0,-112.0,10,10,2025-06-28 19:30:50+00:00,2025-06-28 19:30:50+00:00,2025-06-28 19:30:50+00:00,2025-06-29 20:00:00+00:00,0.0,2025-06-29,2025,REG,LAS,CHI,1.0695862904621776,True,,0.5067212711754592,401736216,4433402,19,6,0,True,False,matched,7.0,2025-06-29,under,0.07199864475334239,1.8928571428571428,-1.0,1.0,False,False,False
2250,01849b82-c993-4d18-9124-8478318b37d4,82,Azura Stevens,azurastevens,CHI,points,13.5,-114.0,-114.0,10,10,2025-06-28 19:30:50+00:00,2025-06-28 19:30:50+00:00,2025-06-28 19:30:50+00:00,2025-06-29 20:00:00+00:00,0.0,2025-06-29,2025,REG,LAS,CHI,1.0654205607476634,True,,0.5000000000000001,401736216,3142010,6,19,1,True,False,matched,17.0,2025-06-29,under,0.05502593392971633,1.8771929824561404,-1.0,1.0,False,False,False
2252,190bee76-8f32-4c99-b69f-9504bf267c13,112,Napheesa Collier,napheesacollier,MIN,assists,3.5,-158.0,118.0,10,10,2025-06-28 19:34:29+00:00,2025-06-28 19:34:29+00:00,2025-06-28 19:34:29+00:00,2025-06-29 23:00:00+00:00,0.0,2025-06-29,2025,REG,MIN,CON,1.0711186971054691,True,,0.5796527091990534,401736218,3917450,8,18,1,True,False,matched,2.0,2025-06-29,under,0.22384170696126648,2.1799999999999997,1.1799999999999997,1.0,False,False,False
2252,91f70ea3-5156-498f-a2f0-977a91bd29b1,125,Kayla McBride,kaylamcbride,MIN,assists,3.5,-152.0,114.0,10,10,2025-06-28 19:38:05+00:00,2025-06-28 19:38:05+00:00,2025-06-28 19:38:05+00:00,2025-06-29 23:00:00+00:00,0.0,2025-06-29,2025,REG,MIN,CON,1.0704643228007713,True,,0.5703965275254933,401736218,2529205,8,18,1,True,False,matched,5.0,2025-06-29,under,0.28782638139856204,2.1399999999999997,-1.0,1.0,False,False,False
2252,8447c3e5-a1dc-4d46-9bbf-8a58ba89e9b3,117,Courtney Williams,courtneywilliams,MIN,rebounds,4.5,-146.0,110.0,10,10,2025-06-28 19:38:05+00:00,2025-06-28 19:38:05+00:00,2025-06-28 19:38:05+00:00,2025-06-29 23:00:00+00:00,0.0,2025-06-29,2025,REG,MIN,CON,1.0696864111498257,True,,0.5607420039050215,401736218,2987891,8,18,1,True,False,matched,9.0,2025-06-29,under,0.1858283733054335,2.1,-1.0,1.0,False,False,False
2252,901dd56b-a414-4bf8-9e45-c01296fa717b,121,Alanna Smith,alannasmith,DAL,points,10.5,-114.0,-114.0,10,10,2025-06-28 19:38:05+00:00,2025-06-28 19:38:05+00:00,2025-06-28 19:38:05+00:00,2025-06-29 23:00:00+00:00,0.0,2025-06-29,2025,REG,MIN,CON,1.0654205607476634,True,,0.5000000000000001,401736218,3913881,8,18,1,True,False,matched,9.0,2025-06-29,under,0.07824544808375106,1.8771929824561404,0.8771929824561404,1.0,False,False,False
2252,bc91176c-cdfa-406e-bb07-d97806ea2c20,9,Tina Charles,tinacharles,FA,points,15.5,-114.0,-114.0,10,10,2025-06-28 19:41:44+00:00,2025-06-28 19:41:44+00:00,2025-06-28 19:41:44+00:00,2025-06-29 23:00:00+00:00,0.0,2025-06-29,2025,REG,MIN,CON,1.0654205607476634,True,,0.5000000000000001,401736218,918,18,8,0,True,False,matched,4.0,2025-06-29,under,0.1937588085150047,1.8771929824561404,0.8771929824561404,1.0,False,False,False
2253,56e31c8c-161d-4535-8f65-d3a271a42827,109,Kate Martin,katemartin,LAS,points,8.5,-105.0,-135.0,33,33,2025-06-29 02:13:15+00:00,2025-06-29 02:13:15+00:00,2025-06-29 02:13:15+00:00,2025-06-30 00:30:00+00:00,0.0,2025-06-29,2025,REG,GSV,SEA,1.0866632070576026,True,,0.46744138600370294,401736219,4398907,129689,14,1,True,False,matched,11.0,2025-06-29,under,0.31380746607076815,1.7407407407407407,-1.0,1.0,False,False,False
2252,5eef8688-c028-4a51-aa48-a543ce9dff37,519,Aneesah Morrow,aneesahmorrow,CON,points,10.5,100.0,-140.0,33,33,2025-06-29 02:20:48+00:00,2025-06-29 02:20:48+00:00,2025-06-29 02:20:48+00:00,2025-06-29 23:00:00+00:00,0.0,2025-06-29,2025,REG,MIN,CON,1.0833333333333333,True,,0.4565136318718986,401736218,4684384,18,8,0,True,False,matched,16.0,2025-06-29,under,0.33674465736013814,1.7142857142857144,-1.0,1.0,False,False,False
2252,5600ffb0-4fbe-4695-8e10-b93e3816e8f1,52,Jacy Sheldon,jacysheldon,CHI,points,9.5,-110.0,-130.0,33,33,2025-06-29 03:40:57+00:00,2025-06-29 03:40:57+00:00,2025-06-29 03:40:57+00:00,2025-06-29 23:00:00+00:00,0.0,2025-06-29,2025,REG,MIN,CON,1.0890269151138718,True,,0.47832076753442404,401736218,4432865,18,8,0,True,False,matched,7.0,2025-06-29,under,0.2477251982034412,1.7692307692307692,0.7692307692307692,1.0,False,False,False
2253,5b45de02-5a46-4879-ab58-56b3697523d8,83,Monique Billings,moniquebillings,IND,rebounds,5.5,-140.0,110.0,12,12,2025-06-29 12:16:54+00:00,2025-06-29 12:16:54+00:00,2025-06-29 12:16:54+00:00,2025-06-30 00:30:00+00:00,0.0,2025-06-29,2025,REG,GSV,SEA,1.0595238095238093,True,,0.555167954788897,401736219,3142255,129689,14,1,True,False,matched,3.0,2025-06-29,under,0.2356708767867256,2.1,1.1,1.0,False,False,False
2447,4a30f54b-f721-479d-b108-5caea68428db,68,Caitlin Clark,caitlinclark,IND,points,19.5,-110.0,-118.0,10,10,2025-06-30 18:56:10+00:00,2025-06-30 18:56:10+00:00,2025-06-30 18:56:10+00:00,2025-07-02 00:00:00+00:00,0.0,2025-07-01,2025,CC,MIN,IND,1.0650939274792486,True,,0.4909754767731684,401736430,4433403,5,8,0,True,True,did_not_play,,2025-07-01,under,0.2226988933553002,1.847457627118644,0.0,0.0,False,True,False
2447,816e8c4e-5c77-40a3-9ff1-50382dff2bdf,56,Natasha Howard,natashahoward,MIN,points,12.5,102.0,-132.0,10,10,2025-06-30 18:56:10+00:00,2025-06-30 18:56:10+00:00,2025-06-30 18:56:10+00:00,2025-07-02 00:00:00+00:00,0.0,2025-07-01,2025,CC,MIN,IND,1.0640150221918745,True,,0.4618487426836327,401736430,2529130,5,8,0,True,False,matched,16.0,2025-07-01,under,0.1854297088170223,1.7575757575757576,-1.0,1.0,False,False,False
2447,06a3c67e-a521-4eda-bf54-e6c77efd4646,112,Napheesa Collier,napheesacollier,MIN,rebounds,8.5,-146.0,110.0,10,10,2025-06-30 18:56:10+00:00,2025-06-30 18:56:10+00:00,2025-06-30 18:56:10+00:00,2025-07-02 00:00:00+00:00,0.0,2025-07-01,2025,CC,MIN,IND,1.0696864111498257,True,,0.5607420039050215,401736430,3917450,8,5,1,True,False,matched,9.0,2025-07-01,under,0.17375724248027485,2.1,-1.0,1.0,False,False,False
2447,71fd261a-152e-47ad-a437-b2133bd35d7c,117,Courtney Williams,courtneywilliams,MIN,points,12.5,-125.0,-104.0,10,10,2025-06-30 18:56:10+00:00,2025-06-30 18:56:10+00:00,2025-06-30 18:56:10+00:00,2025-07-02 00:00:00+00:00,0.0,2025-07-01,2025,CC,MIN,IND,1.065359477124183,True,,0.5236312520088393,401736430,2987891,8,5,1,True,False,matched,11.0,2025-07-01,under,0.13462956475040466,1.9615384615384617,0.9615384615384617,1.0,False,False,False
2447,f7250c04-ecb8-4c9a-82d1-522a90bfa678,121,Alanna Smith,alannasmith,DAL,rebounds,5.5,118.0,-158.0,10,10,2025-06-30 18:56:10+00:00,2025-06-30 18:56:10+00:00,2025-06-30 18:56:10+00:00,2025-07-02 00:00:00+00:00,0.0,2025-07-01,2025,CC,MIN,IND,1.0711186971054691,True,,0.42034729080094674,401736430,3913881,8,5,1,True,False,matched,5.0,2025-07-01,over,0.11624095811333074,2.1799999999999997,-1.0,1.0,False,False,False
2447,f3feb79c-7ac6-40e6-95cd-fa9a86bedffc,71,Aliyah Boston,aliyahboston,IND,points,15.5,-113.0,-115.0,10,10,2025-06-30 18:56:10+00:00,2025-06-30 18:56:10+00:00,2025-06-30 18:56:10+00:00,2025-07-02 00:00:00+00:00,0.0,2025-07-01,2025,CC,MIN,IND,1.0654001528551151,True,,0.49774423259931944,401736430,4432831,5,8,0,True,False,matched,12.0,2025-07-01,under,0.1010454718512242,1.8695652173913042,0.8695652173913042,1.0,False,False,False
2447,22389db6-c436-4bf7-b914-fad114ed9211,125,Kayla McBride,kaylamcbride,MIN,points,14.5,-125.0,-104.0,10,10,2025-06-30 18:56:10+00:00,2025-06-30 18:56:10+00:00,2025-06-30 18:56:10+00:00,2025-07-02 00:00:00+00:00,0.0,2025-07-01,2025,CC,MIN,IND,1.065359477124183,True,,0.5236312520088393,401736430,2529205,8,5,1,True,False,matched,7.0,2025-07-01,under,0.07097651206959932,1.9615384615384617,0.9615384615384617,1.0,False,False,False
2255,3680168f-93d4-491a-8ffd-5234e1b11f0e,132,Sabrina Ionescu,sabrinaionescu,NYL,threes,2.5,-158.0,118.0,10,10,2025-06-30 19:21:17+00:00,2025-06-30 19:21:17+00:00,2025-06-30 19:21:17+00:00,2025-07-03 23:00:00+00:00,0.0,2025-07-03,2025,REG,NYL,LAS,1.0711186971054691,True,,0.5796527091990534,401736221,4066533,9,6,1,True,False,matched,3.0,2025-07-03,under,0.22231573064852495,2.1799999999999997,-1.0,1.0,False,False,False
2255,ebbceb06-53c5-4768-9f5e-052b86c4159d,163,Natasha Cloud,natashacloud,CHI,threes,1.5,146.0,-198.0,10,10,2025-06-30 19:21:17+00:00,2025-06-30 19:21:17+00:00,2025-06-30 19:21:17+00:00,2025-07-03 23:00:00+00:00,0.0,2025-07-03,2025,REG,NYL,LAS,1.0709335952419927,True,,0.36628037181439427,401736221,2529137,9,6,1,True,False,matched,3.0,2025-07-03,under,0.06440543221860473,1.5050505050505052,-1.0,1.0,False,False,False
2255,46324990-1edd-423e-8d33-b244fa06a831,137,Breanna Stewart,breannastewart,NYL,threes,1.5,164.0,-225.0,10,10,2025-06-30 19:21:18+00:00,2025-06-30 19:21:18+00:00,2025-06-30 19:21:18+00:00,2025-07-03 23:00:00+00:00,0.0,2025-07-03,2025,REG,NYL,LAS,1.0710955710955712,True,,0.33738864980507277,401736221,2998928,9,6,1,True,False,matched,0.0,2025-07-03,under,0.13311683533513735,1.4444444444444444,0.4444444444444444,1.0,False,False,False
2255,57d982d4-ca0e-40c7-b875-e9d96199b971,82,Azura Stevens,azurastevens,CHI,threes,1.5,-114.0,-114.0,10,10,2025-06-30 19:21:18+00:00,2025-06-30 19:21:18+00:00,2025-06-30 19:21:18+00:00,2025-07-03 23:00:00+00:00,0.0,2025-07-03,2025,REG,NYL,LAS,1.0654205607476634,True,,0.5000000000000001,401736221,3142010,6,9,0,True,False,matched,1.0,2025-07-03,under,0.12382496171416307,1.8771929824561404,0.8771929824561404,1.0,False,False,False
2255,817f1bc7-3c51-4dd9-a684-004c15ca25f0,101,Kelsey Plum,kelseyplum,LAS,points,18.5,-120.0,-108.0,10,10,2025-06-30 19:21:18+00:00,2025-06-30 19:21:18+00:00,2025-06-30 19:21:18+00:00,2025-07-03 23:00:00+00:00,0.0,2025-07-03,2025,REG,NYL,LAS,1.0646853146853146,True,,0.5135396953663074,401736221,3065570,6,9,0,True,False,matched,13.0,2025-07-03,under,0.12096394332385169,1.925925925925926,0.925925925925926,1.0,False,False,False
2255,41ac5cb2-7984-4fd0-844a-40865ab0beeb,89,Dearica Hamby,dearicahamby,LAS,points,14.5,-118.0,-110.0,10,10,2025-06-30 19:21:18+00:00,2025-06-30 19:21:18+00:00,2025-06-30 19:21:18+00:00,2025-07-03 23:00:00+00:00,0.0,2025-07-03,2025,REG,NYL,LAS,1.0650939274792486,True,,0.5090245232268319,401736221,2566106,6,9,0,True,False,matched,25.0,2025-07-03,under,0.07997338217726646,1.9090909090909092,-1.0,1.0,False,False,False
2447,f82719c0-4644-40c1-b231-1cc207f78a16,76,Lexie Hull,lexiehull,IND,points,8.5,-108.0,-120.0,10,10,2025-06-30 22:34:40+00:00,2025-06-30 22:34:40+00:00,2025-06-30 22:34:40+00:00,2025-07-02 00:00:00+00:00,0.0,2025-07-01,2025,CC,MIN,IND,1.0646853146853146,True,,0.48646030463369283,401736430,4398829,5,8,0,True,False,matched,6.0,2025-07-01,under,0.25244392578769465,1.8333333333333335,0.8333333333333335,1.0,False,False,False
2257,3c5d7679-4f35-45bb-a0c6-0c091c99f7a0,54,Satou Sabally,satousabally,NYL,points,17.5,-114.0,-114.0,10,10,2025-07-01 04:57:32+00:00,2025-07-01 04:57:32+00:00,2025-07-01 04:57:32+00:00,2025-07-04 00:00:00+00:00,0.0,2025-07-03,2025,REG,DAL,PHX,1.0654205607476634,True,,0.5000000000000001,401736223,4281929,11,3,0,True,False,matched,20.0,2025-07-03,under,0.09817501121597472,1.8771929824561404,-1.0,1.0,False,False,False
2257,131a8320-c823-437f-a904-71c05f85f9a4,155,Kahleah Copper,kahleahcopper,PHO,threes,1.5,-136.0,102.0,10,10,2025-07-01 04:57:32+00:00,2025-07-01 04:57:32+00:00,2025-07-01 04:57:32+00:00,2025-07-04 00:00:00+00:00,0.0,2025-07-03,2025,REG,DAL,PHX,1.071320691391173,True,,0.5420932924427202,401736223,2998938,11,3,0,True,False,matched,4.0,2025-07-03,under,0.08912307328671148,2.02,-1.0,1.0,False,False,False
2257,217e9bca-db61-4a3b-bf39-c59e482e127c,40,Alyssa Thomas,alyssathomas,PHO,points,13.5,-106.0,-122.0,10,10,2025-07-01 04:57:32+00:00,2025-07-01 04:57:32+00:00,2025-07-01 04:57:32+00:00,2025-07-04 00:00:00+00:00,0.0,2025-07-03,2025,REG,DAL,PHX,1.064112656345666,True,,0.4819416314468661,401736223,2529140,11,3,0,True,False,matched,9.0,2025-07-03,under,0.06846836770233272,1.819672131147541,0.819672131147541,1.0,False,False,False
2257,a0effd0e-284e-4c2c-ba08-4256b7776a58,528,Paige Bueckers,paigebueckers,DAL,points,17.5,-128.0,-102.0,10,10,2025-07-01 04:57:32+00:00,2025-07-01 04:57:32+00:00,2025-07-01 04:57:32+00:00,2025-07-04 00:00:00+00:00,0.0,2025-07-03,2025,REG,DAL,PHX,1.0663540038214347,True,,0.5291749480305961,401736223,4433730,3,11,1,True,False,matched,23.0,2025-07-03,under,0.052390028442256376,1.9803921568627452,-1.0,1.0,False,False,False
2447,8def1bbc-a262-4714-9000-da6451d81c22,156,Sophie Cunningham,sophiecunningham,IND,points,8.5,-105.0,-130.0,33,33,2025-07-01 19:57:48+00:00,2025-07-01 19:57:48+00:00,2025-07-01 19:57:48+00:00,2025-07-02 00:00:00+00:00,0.0,2025-07-01,2025,CC,MIN,IND,1.0774125132555674,True,,0.4724269137319091,401736430,3907781,5,8,0,True,False,matched,13.0,2025-07-01,under,0.342398952667873,1.7692307692307692,-1.0,1.0,False,False,False
2447,b3c74cc4-3405-4698-8f47-5b2ab4edd687,88,Aari McDonald,aarimcdonald,FA,points,10.5,-110.0,-120.0,12,12,2025-07-01 20:19:02+00:00,2025-07-01 20:19:02+00:00,2025-07-01 20:19:02+00:00,2025-07-02 00:00:00+00:00,0.0,2025-07-01,2025,CC,MIN,IND,1.0692640692640691,True,,0.4887959885212434,401736430,4066553,5,8,0,True,False,matched,12.0,2025-07-01,under,0.20776852340559243,1.8333333333333335,-1.0,1.0,False,False,False
2447,7f800a5b-bb26-47e7-9286-b4ef0f86d8b3,128,Bridget Carleton,bridgetcarleton,PDX,points,8.5,108.0,-140.0,10,10,2025-07-01 22:25:55+00:00,2025-07-01 22:25:55+00:00,2025-07-01 22:25:55+00:00,2025-07-02 00:00:00+00:00,0.0,2025-07-01,2025,CC,MIN,IND,1.0641025641025639,True,,0.4470574861947943,401736430,3906972,8,5,1,True,False,matched,0.0,2025-07-01,under,0.11701335071465863,1.7142857142857144,0.7142857142857144,1.0,False,False,False
2256,32df5a4c-884c-489c-8770-aab2848c8800,66,Erica Wheeler,ericawheeler,LAS,points,11.5,-118.0,-110.0,10,10,2025-07-02 04:00:19+00:00,2025-07-02 04:00:19+00:00,2025-07-02 04:00:19+00:00,2025-07-03 23:30:00+00:00,0.0,2025-07-03,2025,REG,ATL,SEA,1.0650939274792486,True,,0.5090245232268319,401736222,2491214,14,20,0,True,False,matched,21.0,2025-07-03,under,0.3044447444437125,1.9090909090909092,-1.0,1.0,False,False,False
2256,a3ca89e7-ffb1-41bc-89ce-12f99959ceb9,2,Jordin Canada,jordincanada,ATL,points,11.5,-104.0,-122.0,10,10,2025-07-02 04:00:19+00:00,2025-07-02 04:00:19+00:00,2025-07-02 04:00:19+00:00,2025-07-03 23:30:00+00:00,0.0,2025-07-03,2025,REG,ATL,SEA,1.059353471118177,True,,0.47953831927398954,401736222,3142250,20,14,1,True,False,matched,25.0,2025-07-03,under,0.2922532521604731,1.819672131147541,-1.0,1.0,False,False,False
2256,6aedf55f-3387-4a53-85d2-30ca835610d9,49,Brionna Jones,brionnajones,ATL,points,13.5,-130.0,100.0,10,10,2025-07-02 04:00:19+00:00,2025-07-02 04:00:19+00:00,2025-07-02 04:00:19+00:00,2025-07-03 23:30:00+00:00,0.0,2025-07-03,2025,REG,ATL,SEA,1.065217391304348,True,,0.5336835053940976,401736222,3058895,20,14,1,True,False,matched,18.0,2025-07-03,under,0.13134852400627894,2.0,-1.0,1.0,False,False,False
2256,e2465b4e-8793-41f6-9670-a4e406c51bcd,180,Nneka Ogwumike,nnekaogwumike,LAS,points,16.5,-106.0,-122.0,10,10,2025-07-02 04:00:19+00:00,2025-07-02 04:00:19+00:00,2025-07-02 04:00:19+00:00,2025-07-03 23:30:00+00:00,0.0,2025-07-03,2025,REG,ATL,SEA,1.064112656345666,True,,0.4819416314468661,401736222,1068,14,20,0,True,False,matched,24.0,2025-07-03,under,0.10567195200186846,1.819672131147541,-1.0,1.0,False,False,False
2256,f632191a-8fe6-4a56-ae20-16bbe61f8adc,1,Allisha Gray,allishagray,ATL,points,18.5,-110.0,-118.0,10,10,2025-07-02 04:00:19+00:00,2025-07-02 04:00:19+00:00,2025-07-02 04:00:19+00:00,2025-07-03 23:30:00+00:00,0.0,2025-07-03,2025,REG,ATL,SEA,1.0650939274792486,True,,0.4909754767731684,401736222,3058901,20,14,1,True,False,matched,12.0,2025-07-03,under,0.08799359033915327,1.847457627118644,0.847457627118644,1.0,False,False,False
2256,66f9467c-dcfc-445c-a3cf-1738185ed73d,208,Gabby Williams,gabbywilliams,GSV,points,12.5,-110.0,-118.0,10,10,2025-07-02 04:00:20+00:00,2025-07-02 04:00:20+00:00,2025-07-02 04:00:20+00:00,2025-07-03 23:30:00+00:00,0.0,2025-07-03,2025,REG,ATL,SEA,1.0650939274792486,True,,0.4909754767731684,401736222,3142328,14,20,0,True,False,matched,11.0,2025-07-03,under,0.16293913426438356,1.847457627118644,0.847457627118644,1.0,False,False,False
2256,4aff4bfc-617c-4cfb-bfe3-8267c8a08a99,175,Skylar Diggins,skylardiggins,CHI,points,17.5,-108.0,-120.0,10,10,2025-07-02 04:00:20+00:00,2025-07-02 04:00:20+00:00,2025-07-02 04:00:20+00:00,2025-07-03 23:30:00+00:00,0.0,2025-07-03,2025,REG,ATL,SEA,1.0646853146853146,True,,0.48646030463369283,401736222,2491205,14,20,0,True,False,matched,11.0,2025-07-03,under,0.057391153900839986,1.8333333333333335,0.8333333333333335,1.0,False,False,False
2258,b1576f43-9b53-4cdb-b365-321de12c7068,117,Courtney Williams,courtneywilliams,MIN,points,12.5,-108.0,-120.0,10,10,2025-07-02 04:21:29+00:00,2025-07-02 04:21:29+00:00,2025-07-02 04:21:29+00:00,2025-07-04 00:00:00+00:00,0.0,2025-07-03,2025,REG,MIN,WAS,1.0646853146853146,True,,0.48646030463369283,401736224,2987891,8,16,1,True,False,matched,10.0,2025-07-03,under,0.09009249360644928,1.8333333333333335,0.8333333333333335,1.0,False,False,False
2258,5a9b5dfa-fdf7-415f-87e0-153e1093b6dd,196,Shakira Austin,shakiraaustin,WAS,rebounds,7.5,-138.0,104.0,10,10,2025-07-02 04:21:30+00:00,2025-07-02 04:21:30+00:00,2025-07-02 04:21:30+00:00,2025-07-04 00:00:00+00:00,0.0,2025-07-03,2025,REG,MIN,WAS,1.0700280112044818,True,,0.5464208361470752,401736224,4398911,16,8,0,True,False,matched,5.0,2025-07-03,under,0.22228229231743696,2.04,1.04,1.0,False,False,False
2258,bb4331b7-33fb-483b-8a40-68e276e465bb,573,Sonia Citron,soniacitron,WAS,rebounds,4.5,108.0,-144.0,10,10,2025-07-02 04:21:30+00:00,2025-07-02 04:21:30+00:00,2025-07-02 04:21:30+00:00,2025-07-04 00:00:00+00:00,0.0,2025-07-03,2025,REG,MIN,WAS,1.0709331651954601,True,,0.4433154794603006,401736224,4433524,16,8,0,True,False,matched,4.0,2025-07-03,over,0.15555807368753372,2.08,-1.0,1.0,False,False,False
2258,2aab62c7-97fd-4446-b499-e02eeab6f1fa,121,Alanna Smith,alannasmith,DAL,rebounds,5.5,122.0,-162.0,10,10,2025-07-02 04:21:30+00:00,2025-07-02 04:21:30+00:00,2025-07-02 04:21:30+00:00,2025-07-04 00:00:00+00:00,0.0,2025-07-03,2025,REG,MIN,WAS,1.0687710611374732,True,,0.41310819110441305,401736224,3913881,8,16,1,True,False,matched,4.0,2025-07-03,over,0.13565833947014988,2.2199999999999998,-1.0,1.0,False,False,False
2258,2c9ee3fb-531a-42c8-82d7-dc422dccddb9,182,Brittney Sykes,brittneysykes,TOR,rebounds,3.5,116.0,-154.0,10,10,2025-07-02 04:21:30+00:00,2025-07-02 04:21:30+00:00,2025-07-02 04:21:30+00:00,2025-07-04 00:00:00+00:00,0.0,2025-07-03,2025,REG,MIN,WAS,1.0692621755613883,True,,0.425792012343204,401736224,2988756,16,8,0,True,False,matched,2.0,2025-07-03,over,0.11097342629917883,2.16,-1.0,1.0,False,False,False
2258,ccc3edf5-e3b3-4b51-a7d0-05d9314aab92,572,Kiki Iriafen,kikiiriafen,WAS,points,11.5,-114.0,-114.0,10,10,2025-07-02 04:21:30+00:00,2025-07-02 04:21:30+00:00,2025-07-02 04:21:30+00:00,2025-07-04 00:00:00+00:00,0.0,2025-07-03,2025,REG,MIN,WAS,1.0654205607476634,True,,0.5000000000000001,401736224,4898384,16,8,0,True,False,matched,2.0,2025-07-03,under,0.10864820724059943,1.8771929824561404,0.8771929824561404,1.0,False,False,False
2258,f1e63732-dd01-4927-a33f-99b9d0b00fd2,112,Napheesa Collier,napheesacollier,MIN,assists,3.5,-125.0,-106.0,10,10,2025-07-02 04:21:30+00:00,2025-07-02 04:21:30+00:00,2025-07-02 04:21:30+00:00,2025-07-04 00:00:00+00:00,0.0,2025-07-03,2025,REG,MIN,WAS,1.070118662351672,True,,0.5212291071384377,401736224,3917450,8,16,1,True,False,matched,4.0,2025-07-03,under,0.051970159145294514,1.9433962264150944,-1.0,1.0,False,False,False
2258,351aaa59-3df0-4c9e-8ca5-ec7c5903a6bf,125,Kayla McBride,kaylamcbride,MIN,threes,2.5,132.0,-178.0,10,10,2025-07-02 04:21:31+00:00,2025-07-02 04:21:31+00:00,2025-07-02 04:21:31+00:00,2025-07-04 00:00:00+00:00,0.0,2025-07-03,2025,REG,MIN,WAS,1.0713222525427932,True,,0.39151484883498083,401736224,2529205,8,16,1,True,False,matched,2.0,2025-07-03,over,0.052729499182131434,2.3200000000000003,-1.0,1.0,False,False,False
2254,2680a14b-1bd3-4651-912c-54b782613572,56,Natasha Howard,natashahoward,MIN,points,12.5,-118.0,-110.0,10,10,2025-07-02 04:28:28+00:00,2025-07-02 04:28:28+00:00,2025-07-02 04:28:28+00:00,2025-07-03 23:00:00+00:00,0.0,2025-07-03,2025,REG,IND,LVA,1.0650939274792486,True,,0.5090245232268319,401736220,2529130,5,17,1,True,False,matched,11.0,2025-07-03,under,0.21298176222835152,1.9090909090909092,0.9090909090909092,1.0,False,False,False
2254,d37fabae-28b4-4a35-acff-ef41b1fda19f,88,Aari McDonald,aarimcdonald,FA,points,11.5,100.0,-130.0,10,10,2025-07-02 04:28:28+00:00,2025-07-02 04:28:28+00:00,2025-07-02 04:28:28+00:00,2025-07-03 23:00:00+00:00,0.0,2025-07-03,2025,REG,IND,LVA,1.065217391304348,True,,0.4663164946059025,401736220,4066553,5,17,1,True,False,matched,8.0,2025-07-03,under,0.17863158313857685,1.7692307692307692,0.7692307692307692,1.0,False,False,False
2254,f55a25e4-770c-4cfe-b738-03174dedab35,103,A'ja Wilson,ajawilson,LVA,points,22.5,-115.0,-113.0,10,10,2025-07-02 04:28:28+00:00,2025-07-02 04:28:28+00:00,2025-07-02 04:28:28+00:00,2025-07-03 23:00:00+00:00,0.0,2025-07-03,2025,REG,IND,LVA,1.0654001528551151,True,,0.5022557674006809,401736220,3149391,17,5,0,True,False,matched,29.0,2025-07-03,under,0.1239461045584559,1.8849557522123894,-1.0,1.0,False,False,False
2254,7ca11f4b-221b-4f35-b798-1479f0b6952c,102,Jackie Young,jackieyoung,LVA,points,15.5,-118.0,-110.0,10,10,2025-07-02 04:28:30+00:00,2025-07-02 04:28:30+00:00,2025-07-02 04:28:30+00:00,2025-07-03 23:00:00+00:00,0.0,2025-07-03,2025,REG,IND,LVA,1.0650939274792486,True,,0.5090245232268319,401736220,4065870,17,5,0,True,False,matched,6.0,2025-07-03,under,0.06684209704283306,1.9090909090909092,0.9090909090909092,1.0,False,False,False
2257,7432300a-bf91-4225-a66b-8192fa12efa4,95,Li Yueru,liyueru,DAL,points,8.5,-102.0,-128.0,10,10,2025-07-02 23:07:07+00:00,2025-07-02 23:07:07+00:00,2025-07-02 23:07:07+00:00,2025-07-04 00:00:00+00:00,0.0,2025-07-03,2025,REG,DAL,PHX,1.0663540038214347,True,,0.47082505196940394,401736223,4336633,3,11,1,True,False,matched,12.0,2025-07-03,under,0.39391466696347543,1.78125,-1.0,1.0,False,False,False
2255,06d31fc1-48da-4efe-92ef-c14afd19c53e,131,Nyara Sabally,nyarasabally,TOR,points,9.5,190.0,-260.0,49,49,2025-07-03 11:02:19+00:00,2025-07-03 11:02:19+00:00,2025-07-03 11:02:19+00:00,2025-07-03 23:00:00+00:00,0.0,2025-07-03,2025,REG,NYL,LAS,1.0670498084291187,True,,0.30462784286102923,401736221,4398768,9,6,1,True,False,matched,0.0,2025-07-03,under,0.05408732332318167,1.3846153846153846,0.3846153846153846,1.0,False,False,False
2257,5ea1b35d-2b41-4cc1-98a9-c74c532d16ae,177,Sami Whitcomb,samiwhitcomb,PHO,assists,2.5,-110.0,-120.0,24,24,2025-07-03 13:46:28+00:00,2025-07-03 13:46:28+00:00,2025-07-03 13:46:28+00:00,2025-07-04 00:00:00+00:00,0.0,2025-07-03,2025,REG,DAL,PHX,1.0692640692640691,True,,0.4887959885212434,401736223,887,11,3,0,True,False,matched,1.0,2025-07-03,under,0.05353245933007106,1.8333333333333335,0.8333333333333335,1.0,False,False,False
2260,45dde412-dc2e-43c0-8777-baf0d6c32319,112,Napheesa Collier,napheesacollier,MIN,points,20.5,-128.0,-102.0,10,10,2025-07-04 03:42:53+00:00,2025-07-04 03:42:53+00:00,2025-07-04 03:42:53+00:00,2025-07-06 00:00:00+00:00,0.0,2025-07-05,2025,REG,MIN,GSV,1.0663540038214347,True,,0.5291749480305961,401736226,3917450,8,129689,1,True,False,matched,22.0,2025-07-05,under,0.14136055349085958,1.9803921568627452,-1.0,1.0,False,False,False
2260,2644e9be-32ec-48bc-beb4-a0a7c93a1fa8,125,Kayla McBride,kaylamcbride,MIN,points,13.5,-130.0,100.0,10,10,2025-07-04 03:42:53+00:00,2025-07-04 03:42:53+00:00,2025-07-04 03:42:53+00:00,2025-07-06 00:00:00+00:00,0.0,2025-07-05,2025,REG,MIN,GSV,1.065217391304348,True,,0.5336835053940976,401736226,2529205,8,129689,1,True,False,matched,12.0,2025-07-05,under,0.09616137621358867,2.0,1.0,1.0,False,False,False
2260,545bfb02-538d-4660-a22f-6c954a660343,55,Veronica Burton,veronicaburton,GSV,assists,4.5,-122.0,-108.0,10,10,2025-07-04 03:50:00+00:00,2025-07-04 03:50:00+00:00,2025-07-04 03:50:00+00:00,2025-07-06 00:00:00+00:00,0.0,2025-07-05,2025,REG,MIN,GSV,1.0687803187803186,True,,0.5156895960912058,401736226,4398935,129689,8,0,True,False,matched,4.0,2025-07-05,under,0.12092374526709726,1.925925925925926,0.925925925925926,1.0,False,False,False
2260,23c28600-b2e0-43f8-a41c-0bbd1eaf94d8,121,Alanna Smith,alannasmith,DAL,rebounds,5.5,110.0,-146.0,10,10,2025-07-04 03:50:00+00:00,2025-07-04 03:50:00+00:00,2025-07-04 03:50:00+00:00,2025-07-06 00:00:00+00:00,0.0,2025-07-05,2025,REG,MIN,GSV,1.0696864111498257,True,,0.4392579960949788,401736226,3913881,8,129689,1,True,False,matched,5.0,2025-07-05,over,0.05609007440377717,2.1,-1.0,1.0,False,False,False
2260,2cc72686-c320-4c33-8d84-ef0148247522,139,Kayla Thornton,kaylathornton,GSV,rebounds,6.5,-114.0,-114.0,10,10,2025-07-04 03:53:36+00:00,2025-07-04 03:53:36+00:00,2025-07-04 03:53:36+00:00,2025-07-06 00:00:00+00:00,0.0,2025-07-05,2025,REG,MIN,GSV,1.0654205607476634,True,,0.5000000000000001,401736226,2529622,129689,8,0,True,False,matched,10.0,2025-07-05,under,0.29207067917943846,1.8771929824561404,-1.0,1.0,False,False,False
2259,3cd06815-9654-43c0-89d2-ebe6523d2fc2,56,Natasha Howard,natashahoward,MIN,points,13.5,-120.0,-110.0,10,10,2025-07-04 05:53:06+00:00,2025-07-04 05:53:06+00:00,2025-07-04 05:53:06+00:00,2025-07-05 23:00:00+00:00,0.0,2025-07-05,2025,REG,IND,LAS,1.0692640692640691,True,,0.5112040114787568,401736225,2529130,5,6,1,True,False,matched,21.0,2025-07-05,under,0.1916382899113913,1.9090909090909092,-1.0,1.0,False,False,False
2259,7e6b8af8-a317-4211-b4c8-f9ae026e132c,101,Kelsey Plum,kelseyplum,LAS,points,19.5,-114.0,-114.0,10,10,2025-07-04 05:53:06+00:00,2025-07-04 05:53:06+00:00,2025-07-04 05:53:06+00:00,2025-07-05 23:00:00+00:00,0.0,2025-07-05,2025,REG,IND,LAS,1.0654205607476634,True,,0.5000000000000001,401736225,3065570,6,5,0,True,False,matched,20.0,2025-07-05,under,0.14811664959442994,1.8771929824561404,-1.0,1.0,False,False,False
2259,9af83bef-d734-4cca-ba6b-3d499b4441fd,89,Dearica Hamby,dearicahamby,LAS,assists,3.5,132.0,-178.0,10,10,2025-07-04 05:53:06+00:00,2025-07-04 05:53:06+00:00,2025-07-04 05:53:06+00:00,2025-07-05 23:00:00+00:00,0.0,2025-07-05,2025,REG,IND,LAS,1.0713222525427932,True,,0.39151484883498083,401736225,2566106,6,5,0,True,False,matched,4.0,2025-07-05,over,0.08757644569456824,2.3200000000000003,1.3200000000000003,1.0,False,False,False
2259,4a2888ab-5af7-46b9-a3ac-36ae8ea45ba5,82,Azura Stevens,azurastevens,CHI,points,12.5,-125.0,-104.0,10,10,2025-07-04 05:53:06+00:00,2025-07-04 05:53:06+00:00,2025-07-04 05:53:06+00:00,2025-07-05 23:00:00+00:00,0.0,2025-07-05,2025,REG,IND,LAS,1.065359477124183,True,,0.5236312520088393,401736225,3142010,6,5,0,True,False,matched,21.0,2025-07-05,under,0.08319520896217536,1.9615384615384617,-1.0,1.0,False,False,False
2259,d75e3b8a-8bce-4197-bfb0-096f5f7733a2,88,Aari McDonald,aarimcdonald,FA,assists,3.5,-104.0,-128.0,10,10,2025-07-04 06:03:56+00:00,2025-07-04 06:03:56+00:00,2025-07-04 06:03:56+00:00,2025-07-05 23:00:00+00:00,0.0,2025-07-05,2025,REG,IND,LAS,1.0712074303405572,True,,0.4732611100971195,401736225,4066553,5,6,1,True,False,matched,8.0,2025-07-05,under,0.05654179971041412,1.78125,-1.0,1.0,False,False,False
2261,33e8f239-1d2b-4e07-a255-92672ea34464,66,Erica Wheeler,ericawheeler,LAS,threes,1.5,-130.0,-102.0,10,10,2025-07-04 15:51:07+00:00,2025-07-04 15:51:07+00:00,2025-07-04 15:51:07+00:00,2025-07-06 17:00:00+00:00,0.0,2025-07-06,2025,REG,NYL,SEA,1.0701678863538528,True,,0.5312123494364493,401736228,2491214,14,9,0,True,False,matched,1.0,2025-07-06,under,0.09426922592683185,1.9803921568627452,0.9803921568627452,1.0,False,False,False
2261,429965ab-6019-4723-a2f4-bdaff5508e4b,137,Breanna Stewart,breannastewart,NYL,rebounds,7.5,-136.0,102.0,10,10,2025-07-04 15:51:08+00:00,2025-07-04 15:51:08+00:00,2025-07-04 15:51:08+00:00,2025-07-06 17:00:00+00:00,0.0,2025-07-06,2025,REG,NYL,SEA,1.071320691391173,True,,0.5420932924427202,401736228,2998928,9,14,1,True,False,matched,6.0,2025-07-06,under,0.1952314646584613,2.02,1.02,1.0,False,False,False
2261,9c0f5797-7970-496d-b237-09dcee7c418f,163,Natasha Cloud,natashacloud,CHI,points,10.5,-125.0,-104.0,10,10,2025-07-04 15:51:08+00:00,2025-07-04 15:51:08+00:00,2025-07-04 15:51:08+00:00,2025-07-06 17:00:00+00:00,0.0,2025-07-06,2025,REG,NYL,SEA,1.065359477124183,True,,0.5236312520088393,401736228,2529137,9,14,1,True,False,matched,12.0,2025-07-06,under,0.18674086260164285,1.9615384615384617,-1.0,1.0,False,False,False
2261,913a2720-bc1f-4533-aa0d-5d3822abe515,132,Sabrina Ionescu,sabrinaionescu,NYL,threes,2.5,-128.0,-104.0,10,10,2025-07-04 15:51:08+00:00,2025-07-04 15:51:08+00:00,2025-07-04 15:51:08+00:00,2025-07-06 17:00:00+00:00,0.0,2025-07-06,2025,REG,NYL,SEA,1.0712074303405572,True,,0.5267388899028808,401736228,4066533,9,14,1,True,False,matched,5.0,2025-07-06,under,0.14039817552935313,1.9615384615384617,-1.0,1.0,False,False,False
2261,d8a341ec-5305-46ae-84dc-243190cf76f8,180,Nneka Ogwumike,nnekaogwumike,LAS,points,17.5,100.0,-130.0,10,10,2025-07-04 15:51:08+00:00,2025-07-04 15:51:08+00:00,2025-07-04 15:51:08+00:00,2025-07-06 17:00:00+00:00,0.0,2025-07-06,2025,REG,NYL,SEA,1.065217391304348,True,,0.4663164946059025,401736228,1068,14,9,0,True,False,matched,15.0,2025-07-06,under,0.11278948641609654,1.7692307692307692,0.7692307692307692,1.0,False,False,False
2261,7a9bf964-ddb0-4fee-9e6b-9633691e95a7,208,Gabby Williams,gabbywilliams,GSV,points,12.5,-104.0,-125.0,10,10,2025-07-04 15:51:08+00:00,2025-07-04 15:51:08+00:00,2025-07-04 15:51:08+00:00,2025-07-06 17:00:00+00:00,0.0,2025-07-06,2025,REG,NYL,SEA,1.065359477124183,True,,0.4763687479911608,401736228,3142328,14,9,0,True,False,matched,16.0,2025-07-06,under,0.111673569884773,1.8,-1.0,1.0,False,False,False
2261,e7fcb477-43f8-4663-a486-8f8aa2120157,176,Ezi Magbegor,ezimagbegor,SEA,rebounds,6.5,-114.0,-114.0,10,10,2025-07-04 15:51:08+00:00,2025-07-04 15:51:08+00:00,2025-07-04 15:51:08+00:00,2025-07-06 17:00:00+00:00,0.0,2025-07-06,2025,REG,NYL,SEA,1.0654205607476634,True,,0.5000000000000001,401736228,4420318,14,9,0,True,False,matched,5.0,2025-07-06,under,0.1058645445946364,1.8771929824561404,0.8771929824561404,1.0,False,False,False
2262,df32fce4-3913-4f10-b49f-03e7783d8154,43,Olivia Nelson-Ododa,olivianelsonododa,CON,rebounds,6.5,110.0,-146.0,10,10,2025-07-04 16:04:06+00:00,2025-07-04 16:04:06+00:00,2025-07-04 16:04:06+00:00,2025-07-06 20:00:00+00:00,0.0,2025-07-06,2025,REG,CON,LVA,1.0696864111498257,True,,0.4392579960949788,401736227,4398966,18,17,1,True,False,matched,7.0,2025-07-06,under,0.22416677237256882,1.6849315068493151,-1.0,1.0,False,False,False
2262,55929cc1-3e63-4489-9390-5e33b1a7c114,166,Jewell Loyd,jewellloyd,LVA,rebounds,3.5,-162.0,122.0,10,10,2025-07-04 16:04:06+00:00,2025-07-04 16:04:06+00:00,2025-07-04 16:04:06+00:00,2025-07-06 20:00:00+00:00,0.0,2025-07-06,2025,REG,CON,LVA,1.0687710611374732,True,,0.5868918088955871,401736227,2987869,17,18,0,True,False,matched,6.0,2025-07-06,under,0.07522840298397204,2.2199999999999998,-1.0,1.0,False,False,False
2262,9d509e07-b535-42a3-8f8d-c82e52954181,103,A'ja Wilson,ajawilson,LVA,points,23.5,-108.0,-120.0,10,10,2025-07-04 16:04:07+00:00,2025-07-04 16:04:07+00:00,2025-07-04 16:04:07+00:00,2025-07-06 20:00:00+00:00,0.0,2025-07-06,2025,REG,CON,LVA,1.0646853146853146,True,,0.48646030463369283,401736227,3149391,17,18,0,True,False,matched,19.0,2025-07-06,under,0.12352367352540794,1.8333333333333335,0.8333333333333335,1.0,False,False,False
2262,3b9a778b-6934-42bf-baf2-03f3dc83b9aa,9,Tina Charles,tinacharles,FA,points,14.5,102.0,-132.0,10,10,2025-07-04 16:04:07+00:00,2025-07-04 16:04:07+00:00,2025-07-04 16:04:07+00:00,2025-07-06 20:00:00+00:00,0.0,2025-07-06,2025,REG,CON,LVA,1.0640150221918745,True,,0.4618487426836327,401736227,918,18,17,1,True,False,matched,11.0,2025-07-06,under,0.09696737153483953,1.7575757575757576,0.7575757575757576,1.0,False,False,False
2262,b68e7fe7-4232-4458-bab8-59f1075e572b,107,Chelsea Gray,chelseagray,LVA,assists,4.5,-158.0,118.0,10,10,2025-07-04 16:04:07+00:00,2025-07-04 16:04:07+00:00,2025-07-04 16:04:07+00:00,2025-07-06 20:00:00+00:00,0.0,2025-07-06,2025,REG,CON,LVA,1.0711186971054691,True,,0.5796527091990534,401736227,2529122,17,18,0,True,False,matched,8.0,2025-07-06,under,0.07530913033781783,2.1799999999999997,-1.0,1.0,False,False,False
2262,3183e8c2-c293-4a4e-a935-ed250a4ed911,102,Jackie Young,jackieyoung,LVA,points,15.5,-120.0,-108.0,10,10,2025-07-04 16:04:07+00:00,2025-07-04 16:04:07+00:00,2025-07-04 16:04:07+00:00,2025-07-06 20:00:00+00:00,0.0,2025-07-06,2025,REG,CON,LVA,1.0646853146853146,True,,0.5135396953663074,401736227,4065870,17,18,0,True,False,matched,14.0,2025-07-06,under,0.0597504005032099,1.925925925925926,0.925925925925926,1.0,False,False,False
2263,53e980a5-a14b-433d-a239-39123d5702e1,26,Angel Reese,angelreese,ATL,points,14.5,-120.0,-108.0,10,10,2025-07-04 16:50:19+00:00,2025-07-04 16:50:19+00:00,2025-07-04 16:50:19+00:00,2025-07-06 23:00:00+00:00,0.0,2025-07-06,2025,REG,MIN,CHI,1.0646853146853146,True,,0.5135396953663074,401736229,4433402,19,8,0,True,False,matched,16.0,2025-07-06,under,0.24333152713516448,1.925925925925926,-1.0,1.0,False,False,False
2263,b12e12b2-22c7-4108-870f-c612a14290f3,185,Ariel Atkins,arielatkins,LAS,points,15.5,-104.0,-125.0,10,10,2025-07-04 16:50:19+00:00,2025-07-04 16:50:19+00:00,2025-07-04 16:50:19+00:00,2025-07-06 23:00:00+00:00,0.0,2025-07-06,2025,REG,MIN,CHI,1.065359477124183,True,,0.4763687479911608,401736229,3146151,19,8,0,True,False,matched,11.0,2025-07-06,under,0.11791097620833352,1.8,0.8,1.0,False,False,False
2261,8a7d22cd-3956-45a4-8620-769d8b65a64b,130,Kennedy Burke,kennedyburke,CON,points,9.5,-118.0,-110.0,10,10,2025-07-05 01:46:08+00:00,2025-07-05 01:46:08+00:00,2025-07-05 01:46:08+00:00,2025-07-06 17:00:00+00:00,0.0,2025-07-06,2025,REG,NYL,SEA,1.0650939274792486,True,,0.5090245232268319,401736228,3922628,9,14,1,True,False,matched,4.0,2025-07-06,under,0.23383454412683097,1.9090909090909092,0.9090909090909092,1.0,False,False,False
2263,440c1f48-9166-4ce7-b045-0feba0aba0cf,117,Courtney Williams,courtneywilliams,MIN,threes,1.5,138.0,-186.0,10,10,2025-07-06 03:13:58+00:00,2025-07-06 03:13:58+00:00,2025-07-06 03:13:58+00:00,2025-07-06 23:00:00+00:00,0.0,2025-07-06,2025,REG,MIN,CHI,1.070517717576541,True,,0.3807086475713989,401736229,2987891,8,19,1,True,False,matched,2.0,2025-07-06,under,0.08854416777105362,1.5376344086021505,-1.0,1.0,False,False,False
2263,7a51cde3-963b-4ca3-a0e0-11f2f576dc10,112,Napheesa Collier,napheesacollier,MIN,assists,3.5,134.0,-180.0,10,10,2025-07-06 03:13:58+00:00,2025-07-06 03:13:58+00:00,2025-07-06 03:13:58+00:00,2025-07-06 23:00:00+00:00,0.0,2025-07-06,2025,REG,MIN,CHI,1.0702075702075702,True,,0.38834080463047865,401736229,3917450,8,19,1,True,False,matched,0.0,2025-07-06,over,0.07410353745405862,2.34,-1.0,1.0,False,False,False
2265,45c1ba8c-4fdf-4432-a8dc-22e7774b0f64,95,Li Yueru,liyueru,DAL,points,8.5,-110.0,-118.0,10,10,2025-07-06 15:49:03+00:00,2025-07-06 15:49:03+00:00,2025-07-06 15:49:03+00:00,2025-07-08 02:00:00+00:00,0.0,2025-07-07,2025,REG,PHX,DAL,1.0650939274792486,True,,0.4909754767731684,401736231,4336633,3,11,0,True,False,matched,2.0,2025-07-07,under,0.3739191731946599,1.847457627118644,0.847457627118644,1.0,False,False,False
2265,efe6a4ec-defd-493d-ac84-3ea79529dee7,528,Paige Bueckers,paigebueckers,DAL,points,19.5,-110.0,-118.0,10,10,2025-07-06 15:49:03+00:00,2025-07-06 15:49:03+00:00,2025-07-06 15:49:03+00:00,2025-07-08 02:00:00+00:00,0.0,2025-07-07,2025,REG,PHX,DAL,1.0650939274792486,True,,0.4909754767731684,401736231,4433730,3,11,0,True,False,matched,11.0,2025-07-07,under,0.09534362268527724,1.847457627118644,0.847457627118644,1.0,False,False,False
2265,780189bc-4921-437d-8b70-b137ed2a11e5,40,Alyssa Thomas,alyssathomas,PHO,points,12.5,-128.0,-102.0,10,10,2025-07-06 15:52:50+00:00,2025-07-06 15:52:50+00:00,2025-07-06 15:52:50+00:00,2025-07-08 02:00:00+00:00,0.0,2025-07-07,2025,REG,PHX,DAL,1.0663540038214347,True,,0.5291749480305961,401736231,2529140,11,3,1,True,False,matched,15.0,2025-07-07,under,0.07002466839729593,1.9803921568627452,-1.0,1.0,False,False,False
2265,a54e3cf6-f9c9-4c2e-b760-139fca087811,155,Kahleah Copper,kahleahcopper,PHO,threes,1.5,-200.0,148.0,10,10,2025-07-06 15:52:51+00:00,2025-07-06 15:52:51+00:00,2025-07-06 15:52:51+00:00,2025-07-08 02:00:00+00:00,0.0,2025-07-07,2025,REG,PHX,DAL,1.0698924731182795,True,,0.6365014949541484,401736231,2998938,11,3,1,True,True,did_not_play,,2025-07-07,under,0.1798931422372082,2.48,0.0,0.0,False,True,False
2265,06cd4ca1-afe6-43f5-8ccc-ab147d1b007a,177,Sami Whitcomb,samiwhitcomb,PHO,points,9.5,-113.0,-115.0,10,10,2025-07-06 15:52:51+00:00,2025-07-06 15:52:51+00:00,2025-07-06 15:52:51+00:00,2025-07-08 02:00:00+00:00,0.0,2025-07-07,2025,REG,PHX,DAL,1.0654001528551151,True,,0.49774423259931944,401736231,887,11,3,1,True,False,matched,36.0,2025-07-07,under,0.07392576483552854,1.8695652173913042,-1.0,1.0,False,False,False
2265,e55f664e-6ae3-40ba-aa9a-061c46e8d4fd,54,Satou Sabally,satousabally,NYL,rebounds,6.5,-152.0,114.0,10,10,2025-07-06 15:52:51+00:00,2025-07-06 15:52:51+00:00,2025-07-06 15:52:51+00:00,2025-07-08 02:00:00+00:00,0.0,2025-07-07,2025,REG,PHX,DAL,1.0704643228007713,True,,0.5703965275254933,401736231,4281929,11,3,1,True,True,did_not_play,,2025-07-07,under,0.07099641611052976,2.1399999999999997,0.0,0.0,False,True,False
2264,0952a74a-787a-4e2a-a984-a1934b101491,221,Tiffany Hayes,tiffanyhayes,GSV,points,15.5,-128.0,-102.0,10,10,2025-07-06 16:17:33+00:00,2025-07-06 16:17:33+00:00,2025-07-06 16:17:33+00:00,2025-07-07 23:30:00+00:00,0.0,2025-07-07,2025,REG,ATL,GSV,1.0663540038214347,True,,0.5291749480305961,401736230,1054,129689,20,0,True,False,matched,12.0,2025-07-07,under,0.4321143894710821,1.9803921568627452,0.9803921568627452,1.0,False,False,False
2264,65a024cf-58c1-43cf-a615-68f9d81c7408,139,Kayla Thornton,kaylathornton,GSV,points,13.5,-122.0,-106.0,10,10,2025-07-06 16:17:33+00:00,2025-07-06 16:17:33+00:00,2025-07-06 16:17:33+00:00,2025-07-07 23:30:00+00:00,0.0,2025-07-07,2025,REG,ATL,GSV,1.064112656345666,True,,0.518058368553134,401736230,2529622,129689,20,0,True,False,matched,15.0,2025-07-07,under,0.31207347504834426,1.9433962264150944,-1.0,1.0,False,False,False
2264,05baaebc-ea59-4dda-83a2-51d9f5b64dff,1,Allisha Gray,allishagray,ATL,assists,3.5,-162.0,122.0,10,10,2025-07-06 16:25:05+00:00,2025-07-06 16:25:05+00:00,2025-07-06 16:25:05+00:00,2025-07-07 23:30:00+00:00,0.0,2025-07-07,2025,REG,ATL,GSV,1.0687710611374732,True,,0.5868918088955871,401736230,3058901,20,129689,1,True,False,matched,4.0,2025-07-07,under,0.11785170601999456,2.2199999999999998,-1.0,1.0,False,False,False
2264,681585af-a41f-4fe1-ad72-86c502853291,49,Brionna Jones,brionnajones,ATL,points,14.5,-104.0,-125.0,10,10,2025-07-06 16:25:05+00:00,2025-07-06 16:25:05+00:00,2025-07-06 16:25:05+00:00,2025-07-07 23:30:00+00:00,0.0,2025-07-07,2025,REG,ATL,GSV,1.065359477124183,True,,0.4763687479911608,401736230,3058895,20,129689,1,True,False,matched,14.0,2025-07-07,under,0.10139636701975158,1.8,0.8,1.0,False,False,False
2264,b26d60f3-28d6-4045-81f2-f40a12b4ee0c,15,Rhyne Howard,rhynehoward,ATL,points,16.5,-115.0,-115.0,12,12,2025-07-06 21:22:15+00:00,2025-07-06 21:22:15+00:00,2025-07-06 21:22:15+00:00,2025-07-07 23:30:00+00:00,0.0,2025-07-07,2025,REG,ATL,GSV,1.0697674418604652,True,,0.5,401736230,4398674,20,129689,1,True,False,matched,15.0,2025-07-07,under,0.1345852514717651,1.8695652173913042,0.8695652173913042,1.0,False,False,False
2263,bb5a07f5-3f07-47f5-9792-5e89a6ffb9bc,116,Jessica Shepard,jessicashepard,DAL,rebounds,7.5,-104.0,-128.0,10,10,2025-07-06 22:17:42+00:00,2025-07-06 22:17:42+00:00,2025-07-06 22:17:42+00:00,2025-07-06 23:00:00+00:00,0.0,2025-07-06,2025,REG,MIN,CHI,1.0712074303405572,True,,0.4732611100971195,401736229,3906949,8,19,1,True,False,matched,3.0,2025-07-06,under,0.29319790908252263,1.78125,0.78125,1.0,False,False,False
2263,143cbfc4-914c-4cf6-b7e5-441b646303d0,128,Bridget Carleton,bridgetcarleton,PDX,rebounds,3.5,110.0,-146.0,10,10,2025-07-06 22:17:42+00:00,2025-07-06 22:17:42+00:00,2025-07-06 22:17:42+00:00,2025-07-06 23:00:00+00:00,0.0,2025-07-06,2025,REG,MIN,CHI,1.0696864111498257,True,,0.4392579960949788,401736229,3906972,8,19,1,True,False,matched,5.0,2025-07-06,under,0.06252842724034485,1.6849315068493151,-1.0,1.0,False,False,False
2264,96450e71-ebd8-4b4f-83a3-ae4fa50e1b15,2,Jordin Canada,jordincanada,ATL,points,10.5,-118.0,-110.0,10,10,2025-07-07 02:07:10+00:00,2025-07-07 02:07:10+00:00,2025-07-07 02:07:10+00:00,2025-07-07 23:30:00+00:00,0.0,2025-07-07,2025,REG,ATL,GSV,1.0650939274792486,True,,0.5090245232268319,401736230,3142250,20,129689,1,True,False,matched,7.0,2025-07-07,under,0.13165409373395215,1.9090909090909092,0.9090909090909092,1.0,False,False,False
2264,9bdb42b9-0d97-4a6a-a300-f1b24a405ebc,148,Brittney Griner,brittneygriner,CON,rebounds,5.5,-132.0,100.0,10,10,2025-07-07 02:10:36+00:00,2025-07-07 02:10:36+00:00,2025-07-07 02:10:36+00:00,2025-07-07 23:30:00+00:00,0.0,2025-07-07,2025,REG,ATL,GSV,1.0689655172413794,True,,0.5356937238338165,401736230,2490553,20,129689,1,True,False,matched,5.0,2025-07-07,under,0.13984902489822892,2.0,1.0,1.0,False,False,False
2264,691f2b61-2ba5-4939-8b28-6b698f70534c,72,Temi Fagbenle,temifagbenle,TOR,rebounds,5.5,-158.0,118.0,10,10,2025-07-07 02:17:31+00:00,2025-07-07 02:17:31+00:00,2025-07-07 02:17:31+00:00,2025-07-07 23:30:00+00:00,0.0,2025-07-07,2025,REG,ATL,GSV,1.0711186971054691,True,,0.5796527091990534,401736230,2569044,129689,20,0,True,False,matched,4.0,2025-07-07,under,0.25961983387305804,2.1799999999999997,1.1799999999999997,1.0,False,False,False
2264,fd0864e7-7ed8-49b6-ad48-b4d310b66e39,55,Veronica Burton,veronicaburton,GSV,points,9.5,100.0,-130.0,10,10,2025-07-07 02:21:00+00:00,2025-07-07 02:21:00+00:00,2025-07-07 02:21:00+00:00,2025-07-07 23:30:00+00:00,0.0,2025-07-07,2025,REG,ATL,GSV,1.065217391304348,True,,0.4663164946059025,401736230,4398935,129689,20,0,True,False,matched,11.0,2025-07-07,under,0.22862718337460125,1.7692307692307692,-1.0,1.0,False,False,False
2265,55c299eb-fa1d-45c9-b2c8-b47d375c093f,526,Aziaha James,aziahajames,DAL,points,13.5,-120.0,-108.0,10,10,2025-07-07 03:20:07+00:00,2025-07-07 03:20:07+00:00,2025-07-07 03:20:07+00:00,2025-07-08 02:00:00+00:00,0.0,2025-07-07,2025,REG,PHX,DAL,1.0646853146853146,True,,0.5135396953663074,401736231,4433807,3,11,0,True,False,matched,15.0,2025-07-07,under,0.33380255912907547,1.925925925925926,-1.0,1.0,False,False,False
2267,47966291-e6de-4572-acee-46d19dffe66c,107,Chelsea Gray,chelseagray,LVA,threes,1.5,-106.0,-125.0,10,10,2025-07-07 05:46:15+00:00,2025-07-07 05:46:15+00:00,2025-07-07 05:46:15+00:00,2025-07-09 00:00:00+00:00,0.0,2025-07-08,2025,REG,NYL,LVA,1.070118662351672,True,,0.4787708928615623,401736233,2529122,17,9,0,True,False,matched,2.0,2025-07-08,under,0.08274395689395758,1.8,-1.0,1.0,False,False,False
2267,c3d3ed77-076c-4517-9f1e-d52bcf584702,102,Jackie Young,jackieyoung,LVA,points,16.5,-106.0,-122.0,10,10,2025-07-07 05:46:16+00:00,2025-07-07 05:46:16+00:00,2025-07-07 05:46:16+00:00,2025-07-09 00:00:00+00:00,0.0,2025-07-08,2025,REG,NYL,LVA,1.064112656345666,True,,0.4819416314468661,401736233,4065870,17,9,0,True,False,matched,19.0,2025-07-08,under,0.1569030607599774,1.819672131147541,-1.0,1.0,False,False,False
2267,5cfab8d8-dd63-4acf-8326-9a643a090d50,103,A'ja Wilson,ajawilson,LVA,rebounds,10.5,100.0,-132.0,10,10,2025-07-07 05:46:16+00:00,2025-07-07 05:46:16+00:00,2025-07-07 05:46:16+00:00,2025-07-09 00:00:00+00:00,0.0,2025-07-08,2025,REG,NYL,LVA,1.0689655172413794,True,,0.46430627616618364,401736233,3149391,17,9,0,True,False,matched,4.0,2025-07-08,under,0.15009437354236166,1.7575757575757576,0.7575757575757576,1.0,False,False,False
2267,75675bfd-535e-462d-b40f-36150f64c4cf,163,Natasha Cloud,natashacloud,CHI,rebounds,3.5,-162.0,122.0,10,10,2025-07-07 05:46:16+00:00,2025-07-07 05:46:16+00:00,2025-07-07 05:46:16+00:00,2025-07-09 00:00:00+00:00,0.0,2025-07-08,2025,REG,NYL,LVA,1.0687710611374732,True,,0.5868918088955871,401736233,2529137,9,17,1,True,True,did_not_play,,2025-07-08,under,0.1422971012817723,2.2199999999999998,0.0,0.0,False,True,False
2267,351af094-2191-4263-82db-400cdb560edc,132,Sabrina Ionescu,sabrinaionescu,NYL,rebounds,4.5,-125.0,-106.0,10,10,2025-07-07 05:46:16+00:00,2025-07-07 05:46:16+00:00,2025-07-07 05:46:16+00:00,2025-07-09 00:00:00+00:00,0.0,2025-07-08,2025,REG,NYL,LVA,1.070118662351672,True,,0.5212291071384377,401736233,4066533,9,17,1,True,False,matched,8.0,2025-07-08,under,0.13133175948381898,1.9433962264150944,-1.0,1.0,False,False,False
2267,f7504691-48db-493c-8434-73c77c5a45a5,137,Breanna Stewart,breannastewart,NYL,points,19.5,-130.0,100.0,10,10,2025-07-07 05:46:16+00:00,2025-07-07 05:46:16+00:00,2025-07-07 05:46:16+00:00,2025-07-09 00:00:00+00:00,0.0,2025-07-08,2025,REG,NYL,LVA,1.065217391304348,True,,0.5336835053940976,401736233,2998928,9,17,1,True,False,matched,15.0,2025-07-08,under,0.10318377927197497,2.0,1.0,1.0,False,False,False
2267,8091c869-46c2-48aa-a5b5-a960c87d921c,166,Jewell Loyd,jewellloyd,LVA,rebounds,4.5,102.0,-136.0,10,10,2025-07-07 05:46:16+00:00,2025-07-07 05:46:16+00:00,2025-07-07 05:46:16+00:00,2025-07-09 00:00:00+00:00,0.0,2025-07-08,2025,REG,NYL,LVA,1.071320691391173,True,,0.4579067075572801,401736233,2987869,17,9,0,True,False,matched,3.0,2025-07-08,under,0.1016680650748571,1.7352941176470589,0.7352941176470589,1.0,False,False,False
2266,986af88e-0e3a-4e35-bc04-aa0a9143a48c,26,Angel Reese,angelreese,ATL,rebounds,13.5,-138.0,104.0,10,10,2025-07-07 06:18:03+00:00,2025-07-07 06:18:03+00:00,2025-07-07 06:18:03+00:00,2025-07-08 15:30:00+00:00,0.0,2025-07-08,2025,REG,WAS,CHI,1.0700280112044818,True,,0.5464208361470752,401736232,4433402,19,16,0,True,False,matched,15.0,2025-07-08,under,0.16414148257602995,2.04,-1.0,1.0,False,False,False
2266,c36c3983-263a-414c-b18b-2a1686e08e0a,196,Shakira Austin,shakiraaustin,WAS,points,13.5,-128.0,-102.0,10,10,2025-07-07 06:18:03+00:00,2025-07-07 06:18:03+00:00,2025-07-07 06:18:03+00:00,2025-07-08 15:30:00+00:00,0.0,2025-07-08,2025,REG,WAS,CHI,1.0663540038214347,True,,0.5291749480305961,401736232,4398911,16,19,1,True,False,matched,15.0,2025-07-08,under,0.14563970100975304,1.9803921568627452,-1.0,1.0,False,False,False
2266,d85c140f-ef40-4eca-bb2c-a1f8c0e3ca57,573,Sonia Citron,soniacitron,WAS,threes,1.5,116.0,-154.0,10,10,2025-07-07 06:18:03+00:00,2025-07-07 06:18:03+00:00,2025-07-07 06:18:03+00:00,2025-07-08 15:30:00+00:00,0.0,2025-07-08,2025,REG,WAS,CHI,1.0692621755613883,True,,0.425792012343204,401736232,4433524,16,19,1,True,False,matched,2.0,2025-07-08,over,0.08840349278796827,2.16,1.1600000000000001,1.0,False,False,False
2266,8fc3fbf6-0316-41e4-9b7b-db6fa80ec2c2,185,Ariel Atkins,arielatkins,LAS,rebounds,3.5,100.0,-132.0,10,10,2025-07-07 06:18:03+00:00,2025-07-07 06:18:03+00:00,2025-07-07 06:18:03+00:00,2025-07-08 15:30:00+00:00,0.0,2025-07-08,2025,REG,WAS,CHI,1.0689655172413794,True,,0.46430627616618364,401736232,3146151,19,16,0,True,False,matched,0.0,2025-07-08,under,0.08332996132763648,1.7575757575757576,0.7575757575757576,1.0,False,False,False
2266,ef8cc14e-0188-483f-a635-9543d6886801,182,Brittney Sykes,brittneysykes,TOR,assists,4.5,-102.0,-130.0,10,10,2025-07-07 06:18:03+00:00,2025-07-07 06:18:03+00:00,2025-07-07 06:18:03+00:00,2025-07-08 15:30:00+00:00,0.0,2025-07-08,2025,REG,WAS,CHI,1.0701678863538528,True,,0.46878765056355093,401736232,2988756,16,19,1,True,False,matched,4.0,2025-07-08,under,0.06859400678770317,1.7692307692307692,0.7692307692307692,1.0,False,False,False
2265,8d4167c97a89c8844e5f1efa62267536,300,Kitija Laksa,kitijalaksa,FA,points,11.5,-130.0,100.0,10,10,2025-07-07 23:04:15+00:00,2025-07-07 23:04:15+00:00,2025-07-07 23:04:15+00:00,2025-07-08 02:00:00+00:00,0.0,2025-07-07,2025,REG,PHX,DAL,1.065217391304348,True,,0.5336835053940976,401736231,3920741,11,3,1,True,False,matched,6.0,2025-07-07,under,0.44514470532378564,2.0,1.0,1.0,False,False,False
2265,7b0df1bd542938c8938a1ec2a582925b,563,Monique Akoa Makani,moniqueakoamakani,PHO,points,11.5,-108.0,-124.0,36,36,2025-07-08 01:11:21+00:00,2025-07-08 01:11:21+00:00,2025-07-08 01:11:21+00:00,2025-07-08 02:00:00+00:00,0.0,2025-07-07,2025,REG,PHX,DAL,1.0728021978021978,True,,0.48218893754347536,401736231,5274110,11,3,1,True,False,matched,4.0,2025-07-07,under,0.28831055869580613,1.8064516129032258,0.8064516129032258,1.0,False,False,False
2265,d1215507345cccea60ab46ae09ec8276,564,Kathryn Westbeld,kathrynwestbeld,PHO,points,8.5,-122.0,-106.0,10,10,2025-07-08 01:53:47+00:00,2025-07-08 01:53:47+00:00,2025-07-08 01:53:47+00:00,2025-07-08 02:00:00+00:00,0.0,2025-07-07,2025,REG,PHX,DAL,1.064112656345666,True,,0.518058368553134,401736231,3142087,11,3,1,True,False,matched,14.0,2025-07-07,under,0.45369906810710947,1.9433962264150944,-1.0,1.0,False,False,False
2269,5468c914fbd805d7cd6cd35ff4a240fd,68,Caitlin Clark,caitlinclark,IND,points,19.5,100.0,-130.0,12,12,2025-07-08 03:45:24+00:00,2025-07-08 03:45:24+00:00,2025-07-08 03:45:24+00:00,2025-07-09 16:00:00+00:00,0.0,2025-07-09,2025,REG,IND,GSV,1.065217391304348,True,,0.4663164946059025,401736235,4433403,5,129689,1,True,False,matched,10.0,2025-07-09,under,0.13490934139426614,1.7692307692307692,0.7692307692307692,1.0,False,False,False
2268,f4f5cbf1457886eb500c646bca516aeb,43,Olivia Nelson-Ododa,olivianelsonododa,CON,rebounds,5.5,-154.0,116.0,10,10,2025-07-08 18:57:51+00:00,2025-07-08 18:57:51+00:00,2025-07-08 18:57:51+00:00,2025-07-09 15:00:00+00:00,0.0,2025-07-09,2025,REG,CON,SEA,1.0692621755613883,True,,0.574207987656796,401736234,4398966,18,14,1,True,False,matched,6.0,2025-07-09,under,0.2686286441951255,2.16,-1.0,1.0,False,False,False
2268,6f6fab065f7bc09a80705ae663b41966,9,Tina Charles,tinacharles,FA,rebounds,3.5,-154.0,116.0,10,10,2025-07-08 18:57:51+00:00,2025-07-08 18:57:51+00:00,2025-07-08 18:57:51+00:00,2025-07-09 15:00:00+00:00,0.0,2025-07-09,2025,REG,CON,SEA,1.0692621755613883,True,,0.574207987656796,401736234,918,18,14,1,True,False,matched,11.0,2025-07-09,over,0.15225119459634023,1.6493506493506493,0.6493506493506493,1.0,False,False,False
2268,44e472bea3feeae81e786fd1cf0c0bc8,519,Aneesah Morrow,aneesahmorrow,CON,rebounds,5.5,-114.0,-114.0,10,10,2025-07-08 18:57:51+00:00,2025-07-08 18:57:51+00:00,2025-07-08 18:57:51+00:00,2025-07-09 15:00:00+00:00,0.0,2025-07-09,2025,REG,CON,SEA,1.0654205607476634,True,,0.5000000000000001,401736234,4684384,18,14,1,True,False,matched,7.0,2025-07-09,under,0.09997739695775038,1.8771929824561404,-1.0,1.0,False,False,False
2268,d167565ec7294c4817217c2fa2a4867d,52,Jacy Sheldon,jacysheldon,CHI,points,8.5,104.0,-138.0,10,10,2025-07-08 18:57:51+00:00,2025-07-08 18:57:51+00:00,2025-07-08 18:57:51+00:00,2025-07-09 15:00:00+00:00,0.0,2025-07-09,2025,REG,CON,SEA,1.0700280112044818,True,,0.4535791638529251,401736234,4432865,18,14,1,True,False,matched,16.0,2025-07-09,under,0.08729923173749576,1.7246376811594204,-1.0,1.0,False,False,False
2268,a5160184633f79119f5c071f2212e19e,66,Erica Wheeler,ericawheeler,LAS,points,11.5,-115.0,-113.0,10,10,2025-07-08 19:06:17+00:00,2025-07-08 19:06:17+00:00,2025-07-08 19:06:17+00:00,2025-07-09 15:00:00+00:00,0.0,2025-07-09,2025,REG,CON,SEA,1.0654001528551151,True,,0.5022557674006809,401736234,2491214,14,18,0,True,False,matched,10.0,2025-07-09,under,0.2058662983999507,1.8849557522123894,0.8849557522123894,1.0,False,False,False
2268,0db81a70e7ca7abba81b0b2502f7352b,175,Skylar Diggins,skylardiggins,CHI,points,16.5,-128.0,-102.0,10,10,2025-07-08 19:06:17+00:00,2025-07-08 19:06:17+00:00,2025-07-08 19:06:17+00:00,2025-07-09 15:00:00+00:00,0.0,2025-07-09,2025,REG,CON,SEA,1.0663540038214347,True,,0.5291749480305961,401736234,2491205,14,18,0,True,False,matched,23.0,2025-07-09,under,0.10608543286102401,1.9803921568627452,-1.0,1.0,False,False,False
2268,bea678b6866f2f779ca8673f14cca23a,180,Nneka Ogwumike,nnekaogwumike,LAS,points,16.5,-114.0,-114.0,10,10,2025-07-08 19:06:17+00:00,2025-07-08 19:06:17+00:00,2025-07-08 19:06:17+00:00,2025-07-09 15:00:00+00:00,0.0,2025-07-09,2025,REG,CON,SEA,1.0654205607476634,True,,0.5000000000000001,401736234,1068,14,18,0,True,False,matched,12.0,2025-07-09,under,0.06026688631116445,1.8771929824561404,0.8771929824561404,1.0,False,False,False
2268,ce5527bcf0fe18f39af7ece1482e092f,176,Ezi Magbegor,ezimagbegor,SEA,rebounds,6.5,-106.0,-125.0,10,10,2025-07-08 19:06:18+00:00,2025-07-08 19:06:18+00:00,2025-07-08 19:06:18+00:00,2025-07-09 15:00:00+00:00,0.0,2025-07-09,2025,REG,CON,SEA,1.070118662351672,True,,0.4787708928615623,401736234,4420318,14,18,0,True,False,matched,6.0,2025-07-09,under,0.15607252460980564,1.8,0.8,1.0,False,False,False
2268,95cbb51792e338b1bc0c3aa5aa67b337,208,Gabby Williams,gabbywilliams,GSV,threes,1.5,100.0,-132.0,10,10,2025-07-08 19:06:18+00:00,2025-07-08 19:06:18+00:00,2025-07-08 19:06:18+00:00,2025-07-09 15:00:00+00:00,0.0,2025-07-09,2025,REG,CON,SEA,1.0689655172413794,True,,0.46430627616618364,401736234,3142328,14,18,0,True,False,matched,2.0,2025-07-09,under,0.11842813966998778,1.7575757575757576,-1.0,1.0,False,False,False
2271,4b446d7df0aa0277486ebd664f35d48f,26,Angel Reese,angelreese,ATL,points,16.5,-108.0,-120.0,10,10,2025-07-08 21:00:00+00:00,2025-07-08 21:00:00+00:00,2025-07-08 21:00:00+00:00,2025-07-10 00:00:00+00:00,0.0,2025-07-09,2025,REG,CHI,DAL,1.0646853146853146,True,,0.48646030463369283,401736237,4433402,19,3,1,True,False,matched,15.0,2025-07-09,under,0.18254543230396458,1.8333333333333335,0.8333333333333335,1.0,False,False,False
2269,d8dae54ba90673e7703982e0b40484df,55,Veronica Burton,veronicaburton,GSV,points,10.5,-115.0,-115.0,12,12,2025-07-08 22:10:15+00:00,2025-07-08 22:10:15+00:00,2025-07-08 22:10:15+00:00,2025-07-09 16:00:00+00:00,0.0,2025-07-09,2025,REG,IND,GSV,1.0697674418604652,True,,0.5,401736235,4398935,129689,5,0,True,False,matched,21.0,2025-07-09,under,0.39826291137490655,1.8695652173913042,-1.0,1.0,False,False,False
2269,c155ce43912757634eb3336d3d834a8b,139,Kayla Thornton,kaylathornton,GSV,points,15.5,-110.0,-120.0,12,12,2025-07-08 22:10:15+00:00,2025-07-08 22:10:15+00:00,2025-07-08 22:10:15+00:00,2025-07-09 16:00:00+00:00,0.0,2025-07-09,2025,REG,IND,GSV,1.0692640692640691,True,,0.4887959885212434,401736235,2529622,129689,5,0,True,False,matched,18.0,2025-07-09,under,0.37517891339200327,1.8333333333333335,-1.0,1.0,False,False,False
2269,faf046fe7e755d85c4206fae451f04b1,70,Kelsey Mitchell,kelseymitchell,IND,points,19.5,-110.0,-120.0,12,12,2025-07-08 22:10:15+00:00,2025-07-08 22:10:15+00:00,2025-07-08 22:10:15+00:00,2025-07-09 16:00:00+00:00,0.0,2025-07-09,2025,REG,IND,GSV,1.0692640692640691,True,,0.4887959885212434,401736235,3142191,5,129689,1,True,False,matched,12.0,2025-07-09,under,0.08885639668926304,1.8333333333333335,0.8333333333333335,1.0,False,False,False
2269,34c50087f2acac533b94f420cc5fca58,56,Natasha Howard,natashahoward,MIN,points,12.5,-110.0,-120.0,12,12,2025-07-08 22:10:15+00:00,2025-07-08 22:10:15+00:00,2025-07-08 22:10:15+00:00,2025-07-09 16:00:00+00:00,0.0,2025-07-09,2025,REG,IND,GSV,1.0692640692640691,True,,0.4887959885212434,401736235,2529130,5,129689,1,True,False,matched,4.0,2025-07-09,under,0.0778160512415183,1.8333333333333335,0.8333333333333335,1.0,False,False,False
2269,3375bae6cf18a8d8609b9b389709be83,221,Tiffany Hayes,tiffanyhayes,GSV,points,14.5,-115.0,-115.0,12,12,2025-07-08 22:15:46+00:00,2025-07-08 22:15:46+00:00,2025-07-08 22:15:46+00:00,2025-07-09 16:00:00+00:00,0.0,2025-07-09,2025,REG,IND,GSV,1.0697674418604652,True,,0.5,401736235,1054,129689,5,0,True,False,matched,6.0,2025-07-09,under,0.20730226189929146,1.8695652173913042,0.8695652173913042,1.0,False,False,False
2269,ad66e39928d75c5e0469f652a5f59796,109,Kate Martin,katemartin,LAS,points,10.5,-115.0,-115.0,12,12,2025-07-08 22:15:47+00:00,2025-07-08 22:15:47+00:00,2025-07-08 22:15:47+00:00,2025-07-09 16:00:00+00:00,0.0,2025-07-09,2025,REG,IND,GSV,1.0697674418604652,True,,0.5,401736235,4398907,129689,5,0,True,False,matched,5.0,2025-07-09,under,0.5956106504556514,1.8695652173913042,0.8695652173913042,1.0,False,False,False
2269,646ba47d5767450146ed2d9f892a4c65,83,Monique Billings,moniquebillings,IND,rebounds,5.5,-115.0,-115.0,12,12,2025-07-08 22:15:47+00:00,2025-07-08 22:15:47+00:00,2025-07-08 22:15:47+00:00,2025-07-09 16:00:00+00:00,0.0,2025-07-09,2025,REG,IND,GSV,1.0697674418604652,True,,0.5,401736235,3142255,129689,5,0,True,False,matched,2.0,2025-07-09,under,0.24073737158331854,1.8695652173913042,0.8695652173913042,1.0,False,False,False
2269,690207ebda1b3b5ea8e04bec50124a9f,72,Temi Fagbenle,temifagbenle,TOR,rebounds,5.5,-115.0,-115.0,12,12,2025-07-08 22:15:47+00:00,2025-07-08 22:15:47+00:00,2025-07-08 22:15:47+00:00,2025-07-09 16:00:00+00:00,0.0,2025-07-09,2025,REG,IND,GSV,1.0697674418604652,True,,0.5,401736235,2569044,129689,5,0,True,False,matched,5.0,2025-07-09,under,0.08821342165017398,1.8695652173913042,0.8695652173913042,1.0,False,False,False
2270,c0c932ea4aa721e940d5798af68600ba,112,Napheesa Collier,napheesacollier,MIN,assists,3.5,118.0,-158.0,10,10,2025-07-09 02:43:43+00:00,2025-07-09 02:43:43+00:00,2025-07-09 02:43:43+00:00,2025-07-09 19:30:00+00:00,0.0,2025-07-09,2025,REG,PHX,MIN,1.0711186971054691,True,,0.42034729080094674,401736236,3917450,8,11,0,True,False,matched,2.0,2025-07-09,under,0.09715623789860911,1.6329113924050633,0.6329113924050633,1.0,False,False,False
2270,13392e85599543c55887914ca4eafbca,125,Kayla McBride,kaylamcbride,MIN,points,14.5,-108.0,-120.0,10,10,2025-07-09 03:03:54+00:00,2025-07-09 03:03:54+00:00,2025-07-09 03:03:54+00:00,2025-07-09 19:30:00+00:00,0.0,2025-07-09,2025,REG,PHX,MIN,1.0646853146853146,True,,0.48646030463369283,401736236,2529205,8,11,0,True,False,matched,6.0,2025-07-09,under,0.1301981741822304,1.8333333333333335,0.8333333333333335,1.0,False,False,False
2270,35a76e36cccdde1fd7e4de32907f65ed,121,Alanna Smith,alannasmith,DAL,points,9.5,-114.0,-114.0,10,10,2025-07-09 03:11:57+00:00,2025-07-09 03:11:57+00:00,2025-07-09 03:11:57+00:00,2025-07-09 19:30:00+00:00,0.0,2025-07-09,2025,REG,PHX,MIN,1.0654205607476634,True,,0.5000000000000001,401736236,3913881,8,11,0,True,False,matched,2.0,2025-07-09,under,0.16469939848289772,1.8771929824561404,0.8771929824561404,1.0,False,False,False
2270,94382cbfac280855f921e6fd6af7f074,40,Alyssa Thomas,alyssathomas,PHO,points,14.5,-114.0,-114.0,10,10,2025-07-09 03:33:23+00:00,2025-07-09 03:33:23+00:00,2025-07-09 03:33:23+00:00,2025-07-09 19:30:00+00:00,0.0,2025-07-09,2025,REG,PHX,MIN,1.0654205607476634,True,,0.5000000000000001,401736236,2529140,11,8,1,True,False,matched,29.0,2025-07-09,under,0.2514656748663182,1.8771929824561404,-1.0,1.0,False,False,False
2271,fdda32e71bc81daaa650f38672abbb48,95,Li Yueru,liyueru,DAL,points,7.5,-130.0,100.0,10,10,2025-07-09 03:41:24+00:00,2025-07-09 03:41:24+00:00,2025-07-09 03:41:24+00:00,2025-07-10 00:00:00+00:00,0.0,2025-07-09,2025,REG,CHI,DAL,1.065217391304348,True,,0.5336835053940976,401736237,4336633,3,19,0,True,False,matched,18.0,2025-07-09,under,0.40715280539844656,2.0,-1.0,1.0,False,False,False
2270,b0cdfb0f69905f5faafad6f717ce77b0,177,Sami Whitcomb,samiwhitcomb,PHO,points,12.5,-120.0,-108.0,10,10,2025-07-09 03:41:24+00:00,2025-07-09 03:41:24+00:00,2025-07-09 03:41:24+00:00,2025-07-09 19:30:00+00:00,0.0,2025-07-09,2025,REG,PHX,MIN,1.0646853146853146,True,,0.5135396953663074,401736236,887,11,8,1,True,False,matched,10.0,2025-07-09,under,0.2531083726051778,1.925925925925926,0.925925925925926,1.0,False,False,False
2271,cfe394268ae4a5c0c2ba9bfc7192e080,526,Aziaha James,aziahajames,DAL,points,15.5,-102.0,-128.0,10,10,2025-07-09 03:45:20+00:00,2025-07-09 03:45:20+00:00,2025-07-09 03:45:20+00:00,2025-07-10 00:00:00+00:00,0.0,2025-07-09,2025,REG,CHI,DAL,1.0663540038214347,True,,0.47082505196940394,401736237,4433807,3,19,0,True,False,matched,8.0,2025-07-09,under,0.30949224352104926,1.78125,0.78125,1.0,False,False,False
2271,43186843ea526b36141af939cb3d7567,185,Ariel Atkins,arielatkins,LAS,assists,3.5,-146.0,110.0,10,10,2025-07-09 03:45:20+00:00,2025-07-09 03:45:20+00:00,2025-07-09 03:45:20+00:00,2025-07-10 00:00:00+00:00,0.0,2025-07-09,2025,REG,CHI,DAL,1.0696864111498257,True,,0.5607420039050215,401736237,3146151,19,3,1,True,False,matched,4.0,2025-07-09,under,0.08085354850967685,2.1,-1.0,1.0,False,False,False
2271,eaa9a9625843f88803302069e8d9cab9,36,Rachel Banham,rachelbanham,CHI,threes,1.5,-128.0,-104.0,10,10,2025-07-09 03:49:23+00:00,2025-07-09 03:49:23+00:00,2025-07-09 03:49:23+00:00,2025-07-10 00:00:00+00:00,0.0,2025-07-09,2025,REG,CHI,DAL,1.0712074303405572,True,,0.5267388899028808,401736237,2566186,19,3,1,True,False,matched,2.0,2025-07-09,over,0.057868026577308884,1.78125,0.78125,1.0,False,False,False
2271,2b546fdf3c37e276a5463237936897bb,33,Elizabeth Williams,elizabethwilliams,CHI,rebounds,6.5,-146.0,110.0,10,10,2025-07-09 03:53:23+00:00,2025-07-09 03:53:23+00:00,2025-07-09 03:53:23+00:00,2025-07-10 00:00:00+00:00,0.0,2025-07-09,2025,REG,CHI,DAL,1.0696864111498257,True,,0.5607420039050215,401736237,2566081,19,3,1,True,False,matched,5.0,2025-07-09,under,0.5020475518516667,2.1,1.1,1.0,False,False,False
2269,6ed281dba9d4814227323d9577af1e1f,76,Lexie Hull,lexiehull,IND,points,8.5,-165.0,120.0,49,49,2025-07-09 12:22:39+00:00,2025-07-09 12:22:39+00:00,2025-07-09 12:22:39+00:00,2025-07-09 16:00:00+00:00,0.0,2025-07-09,2025,REG,IND,GSV,1.077186963979417,True,,0.5874272698833228,401736235,4398829,5,129689,1,True,False,matched,5.0,2025-07-09,under,0.5349053230747003,2.2,1.2000000000000002,1.0,False,False,False
2270,4ca5815e37a35923e6b004e69b61402e,563,Monique Akoa Makani,moniqueakoamakani,PHO,points,9.5,100.0,-130.0,13,13,2025-07-09 15:05:49+00:00,2025-07-09 15:05:49+00:00,2025-07-09 15:05:49+00:00,2025-07-09 19:30:00+00:00,0.0,2025-07-09,2025,REG,PHX,MIN,1.065217391304348,True,,0.4663164946059025,401736236,5274110,11,8,1,True,False,matched,13.0,2025-07-09,under,0.21407547885438621,1.7692307692307692,-1.0,1.0,False,False,False
2271,5967a22f40e11c806d873ed416de8bb3,30,Kamilla Cardoso,kamillacardoso,CHI,rebounds,6.5,124.0,-166.0,10,10,2025-07-09 18:25:46+00:00,2025-07-09 18:25:46+00:00,2025-07-09 18:25:46+00:00,2025-07-10 00:00:00+00:00,0.0,2025-07-09,2025,REG,CHI,DAL,1.0704887218045114,True,,0.40796342297849103,401736237,4433405,19,3,1,True,False,matched,4.0,2025-07-09,over,0.14059555159200204,2.24,-1.0,1.0,False,False,False
2274,fb79beb81f494a22a5e0849c3fc558c6,68,Caitlin Clark,caitlinclark,IND,points,18.5,-115.0,-115.0,12,12,2025-07-09 20:52:25+00:00,2025-07-09 20:52:25+00:00,2025-07-09 20:52:25+00:00,2025-07-11 23:30:00+00:00,0.0,2025-07-11,2025,REG,IND,ATL,1.0697674418604652,True,,0.5,401736240,4433403,5,20,1,True,False,matched,12.0,2025-07-11,under,0.11638060050350885,1.8695652173913042,0.8695652173913042,1.0,False,False,False
2272,09b01f0c2a2998bbe0586bb2da1e110c,112,Napheesa Collier,napheesacollier,MIN,points,21.5,-122.0,-106.0,10,10,2025-07-10 03:38:36+00:00,2025-07-10 03:38:36+00:00,2025-07-10 03:38:36+00:00,2025-07-10 19:00:00+00:00,0.0,2025-07-10,2025,REG,LAS,MIN,1.064112656345666,True,,0.518058368553134,401736238,3917450,8,6,0,True,False,matched,17.0,2025-07-10,under,0.0920479707844728,1.9433962264150944,0.9433962264150944,1.0,False,False,False
2272,cc875dc41155b2ac7cef8628f32a1658,125,Kayla McBride,kaylamcbride,MIN,assists,3.5,110.0,-146.0,10,10,2025-07-10 03:38:36+00:00,2025-07-10 03:38:36+00:00,2025-07-10 03:38:36+00:00,2025-07-10 19:00:00+00:00,0.0,2025-07-10,2025,REG,LAS,MIN,1.0696864111498257,True,,0.4392579960949788,401736238,2529205,8,6,0,True,False,matched,2.0,2025-07-10,under,0.06058919500768123,1.6849315068493151,0.6849315068493151,1.0,False,False,False
2272,ab436def13e21d6d00a8484d9cbb8173,117,Courtney Williams,courtneywilliams,MIN,assists,5.5,-132.0,100.0,10,10,2025-07-10 03:42:47+00:00,2025-07-10 03:42:47+00:00,2025-07-10 03:42:47+00:00,2025-07-10 19:00:00+00:00,0.0,2025-07-10,2025,REG,LAS,MIN,1.0689655172413794,True,,0.5356937238338165,401736238,2987891,8,6,0,True,False,matched,7.0,2025-07-10,under,0.10868103427068748,2.0,-1.0,1.0,False,False,False
2272,d610e2c9974d4d9a6b28034f4dbdc79f,89,Dearica Hamby,dearicahamby,LAS,rebounds,7.5,-108.0,-122.0,10,10,2025-07-10 03:42:47+00:00,2025-07-10 03:42:47+00:00,2025-07-10 03:42:47+00:00,2025-07-10 19:00:00+00:00,0.0,2025-07-10,2025,REG,LAS,MIN,1.0687803187803186,True,,0.48431040390879443,401736238,2566106,6,8,1,True,False,matched,7.0,2025-07-10,under,0.05813458924916093,1.819672131147541,0.819672131147541,1.0,False,False,False
2272,c0f42fa87b31aab49144bfdfc03de5bf,82,Azura Stevens,azurastevens,CHI,points,12.5,-122.0,-106.0,10,10,2025-07-10 03:42:47+00:00,2025-07-10 03:42:47+00:00,2025-07-10 03:42:47+00:00,2025-07-10 19:00:00+00:00,0.0,2025-07-10,2025,REG,LAS,MIN,1.064112656345666,True,,0.518058368553134,401736238,3142010,6,8,1,True,False,matched,6.0,2025-07-10,under,0.05551051546451469,1.9433962264150944,0.9433962264150944,1.0,False,False,False
2272,6563beb32fe1e650a0f44b4c077effbb,121,Alanna Smith,alannasmith,DAL,points,9.5,-106.0,-122.0,10,10,2025-07-10 03:46:52+00:00,2025-07-10 03:46:52+00:00,2025-07-10 03:46:52+00:00,2025-07-10 19:00:00+00:00,0.0,2025-07-10,2025,REG,LAS,MIN,1.064112656345666,True,,0.4819416314468661,401736238,3913881,8,6,0,True,False,matched,15.0,2025-07-10,under,0.10153832172746546,1.819672131147541,-1.0,1.0,False,False,False
2272,bedda8f42d59f92cfb6a6d9d03b071d6,94,Rickea Jackson,rickeajackson,CHI,points,11.5,-125.0,-104.0,10,10,2025-07-10 03:46:52+00:00,2025-07-10 03:46:52+00:00,2025-07-10 03:46:52+00:00,2025-07-10 19:00:00+00:00,0.0,2025-07-10,2025,REG,LAS,MIN,1.065359477124183,True,,0.5236312520088393,401736238,4433630,6,8,1,True,False,matched,14.0,2025-07-10,under,0.07670785843509409,1.9615384615384617,-1.0,1.0,False,False,False
2273,9c360c418fa0ec55680e9f16b64a33fe,196,Shakira Austin,shakiraaustin,WAS,points,14.5,-108.0,-120.0,10,10,2025-07-10 05:03:32+00:00,2025-07-10 05:03:32+00:00,2025-07-10 05:03:32+00:00,2025-07-10 23:30:00+00:00,0.0,2025-07-10,2025,REG,WAS,LVA,1.0646853146853146,True,,0.48646030463369283,401736239,4398911,16,17,1,True,False,matched,16.0,2025-07-10,under,0.16800778773938685,1.8333333333333335,-1.0,1.0,False,False,False
2273,d5bb92ed826a9b6628ccc8edb1db9261,166,Jewell Loyd,jewellloyd,LVA,threes,1.5,-132.0,100.0,10,10,2025-07-10 05:03:32+00:00,2025-07-10 05:03:32+00:00,2025-07-10 05:03:32+00:00,2025-07-10 23:30:00+00:00,0.0,2025-07-10,2025,REG,WAS,LVA,1.0689655172413794,True,,0.5356937238338165,401736239,2987869,17,16,0,True,False,matched,2.0,2025-07-10,under,0.09615538059233408,2.0,-1.0,1.0,False,False,False
2273,ea24d01e0b3697c12791b89cadbf4fe8,573,Sonia Citron,soniacitron,WAS,rebounds,4.5,-122.0,-108.0,10,10,2025-07-10 05:03:32+00:00,2025-07-10 05:03:32+00:00,2025-07-10 05:03:32+00:00,2025-07-10 23:30:00+00:00,0.0,2025-07-10,2025,REG,WAS,LVA,1.0687803187803186,True,,0.5156895960912058,401736239,4433524,16,17,1,True,False,matched,5.0,2025-07-10,over,0.05515629464485322,1.819672131147541,0.819672131147541,1.0,False,False,False
2273,deeb60f6a3945f23ef2375f37ab312b7,102,Jackie Young,jackieyoung,LVA,points,17.5,-114.0,-114.0,10,10,2025-07-10 05:03:33+00:00,2025-07-10 05:03:33+00:00,2025-07-10 05:03:33+00:00,2025-07-10 23:30:00+00:00,0.0,2025-07-10,2025,REG,WAS,LVA,1.0654205607476634,True,,0.5000000000000001,401736239,4065870,17,16,0,True,False,matched,10.0,2025-07-10,under,0.24788711681724285,1.8771929824561404,0.8771929824561404,1.0,False,False,False
2273,f08f0d8b9ead975600d193cc6bb08282,182,Brittney Sykes,brittneysykes,TOR,points,15.5,-115.0,-113.0,10,10,2025-07-10 05:03:33+00:00,2025-07-10 05:03:33+00:00,2025-07-10 05:03:33+00:00,2025-07-10 23:30:00+00:00,0.0,2025-07-10,2025,REG,WAS,LVA,1.0654001528551151,True,,0.5022557674006809,401736239,2988756,16,17,1,True,False,matched,18.0,2025-07-10,under,0.15337687346173406,1.8849557522123894,-1.0,1.0,False,False,False
2273,9a2c2d780008c2e7ab1cbf9248d58c3a,572,Kiki Iriafen,kikiiriafen,WAS,points,11.5,-106.0,-122.0,10,10,2025-07-10 05:03:33+00:00,2025-07-10 05:03:33+00:00,2025-07-10 05:03:33+00:00,2025-07-10 23:30:00+00:00,0.0,2025-07-10,2025,REG,WAS,LVA,1.064112656345666,True,,0.4819416314468661,401736239,4898384,16,17,1,True,False,matched,12.0,2025-07-10,under,0.08887770232108366,1.819672131147541,-1.0,1.0,False,False,False
2273,9602c1591719620e9e45d7793b8085ec,107,Chelsea Gray,chelseagray,LVA,rebounds,4.5,116.0,-154.0,10,10,2025-07-10 05:03:33+00:00,2025-07-10 05:03:33+00:00,2025-07-10 05:03:33+00:00,2025-07-10 23:30:00+00:00,0.0,2025-07-10,2025,REG,WAS,LVA,1.0692621755613883,True,,0.425792012343204,401736239,2529122,17,16,0,True,False,matched,7.0,2025-07-10,under,0.06671217585447647,1.6493506493506493,-1.0,1.0,False,False,False
2274,48de0844a7cdbed36fd01becd645f3da,71,Aliyah Boston,aliyahboston,IND,assists,3.5,140.0,-188.0,10,10,2025-07-10 06:30:07+00:00,2025-07-10 06:30:07+00:00,2025-07-10 06:30:07+00:00,2025-07-11 23:30:00+00:00,0.0,2025-07-11,2025,REG,IND,ATL,1.0694444444444444,True,,0.37770717896550643,401736240,4432831,5,20,1,True,False,matched,8.0,2025-07-11,over,0.12497127021280585,2.4,1.4,1.0,False,False,False
2274,959ce484aeae8e62eedbae5ff791df10,1,Allisha Gray,allishagray,ATL,points,17.5,-106.0,-122.0,10,10,2025-07-10 06:30:08+00:00,2025-07-10 06:30:08+00:00,2025-07-10 06:30:08+00:00,2025-07-11 23:30:00+00:00,0.0,2025-07-11,2025,REG,IND,ATL,1.064112656345666,True,,0.4819416314468661,401736240,3058901,20,5,0,True,False,matched,6.0,2025-07-11,under,0.06494933384898155,1.819672131147541,0.819672131147541,1.0,False,False,False
2274,b0a41d92fa4930bd1ae8524f6c560c9c,2,Jordin Canada,jordincanada,ATL,points,10.5,-110.0,-118.0,10,10,2025-07-10 06:34:34+00:00,2025-07-10 06:34:34+00:00,2025-07-10 06:34:34+00:00,2025-07-11 23:30:00+00:00,0.0,2025-07-11,2025,REG,IND,ATL,1.0650939274792486,True,,0.4909754767731684,401736240,3142250,20,5,0,True,False,matched,30.0,2025-07-11,under,0.1482373406025435,1.847457627118644,-1.0,1.0,False,False,False
2274,9c3d47beaf1f6b5e339b0496ce95aaff,15,Rhyne Howard,rhynehoward,ATL,points,16.5,100.0,-130.0,10,10,2025-07-10 06:34:34+00:00,2025-07-10 06:34:34+00:00,2025-07-10 06:34:34+00:00,2025-07-11 23:30:00+00:00,0.0,2025-07-11,2025,REG,IND,ATL,1.065217391304348,True,,0.4663164946059025,401736240,4398674,20,5,0,True,False,matched,14.0,2025-07-11,under,0.09386093011757335,1.7692307692307692,0.7692307692307692,1.0,False,False,False
2274,9c3f8bb230aa0576b8356d8d6a5282a2,56,Natasha Howard,natashahoward,MIN,rebounds,5.5,110.0,-146.0,10,10,2025-07-10 06:34:35+00:00,2025-07-10 06:34:35+00:00,2025-07-10 06:34:35+00:00,2025-07-11 23:30:00+00:00,0.0,2025-07-11,2025,REG,IND,ATL,1.0696864111498257,True,,0.4392579960949788,401736240,2529130,5,20,1,True,False,matched,7.0,2025-07-11,over,0.41125880772043505,2.1,1.1,1.0,False,False,False
2274,a748ba93d17ee2cca4bf4564c195bd6d,49,Brionna Jones,brionnajones,ATL,points,13.5,-114.0,-114.0,10,10,2025-07-10 06:34:35+00:00,2025-07-10 06:34:35+00:00,2025-07-10 06:34:35+00:00,2025-07-11 23:30:00+00:00,0.0,2025-07-11,2025,REG,IND,ATL,1.0654205607476634,True,,0.5000000000000001,401736240,3058895,20,5,0,True,False,matched,6.0,2025-07-11,under,0.09163627794143503,1.8771929824561404,0.8771929824561404,1.0,False,False,False
2275,ad16a74245cd9b0095b5dfdc6f2c87d3,66,Erica Wheeler,ericawheeler,LAS,rebounds,3.5,-114.0,-114.0,10,10,2025-07-10 15:06:46+00:00,2025-07-10 15:06:46+00:00,2025-07-10 15:06:46+00:00,2025-07-12 02:00:00+00:00,0.0,2025-07-11,2025,REG,SEA,CON,1.0654205607476634,True,,0.5000000000000001,401736241,2491214,14,18,1,True,False,matched,1.0,2025-07-11,under,0.2594482229771144,1.8771929824561404,0.8771929824561404,1.0,False,False,False
2275,790e3390197f11018e18ed55be481581,9,Tina Charles,tinacharles,FA,rebounds,4.5,-114.0,-114.0,10,10,2025-07-10 15:06:46+00:00,2025-07-10 15:06:46+00:00,2025-07-10 15:06:46+00:00,2025-07-12 02:00:00+00:00,0.0,2025-07-11,2025,REG,SEA,CON,1.0654205607476634,True,,0.5000000000000001,401736241,918,18,14,0,True,False,matched,10.0,2025-07-11,over,0.16472888453772322,1.8771929824561404,0.8771929824561404,1.0,False,False,False
2275,6768023b63723cac26fa13a17273858f,43,Olivia Nelson-Ododa,olivianelsonododa,CON,rebounds,5.5,-158.0,118.0,10,10,2025-07-10 15:15:40+00:00,2025-07-10 15:15:40+00:00,2025-07-10 15:15:40+00:00,2025-07-12 02:00:00+00:00,0.0,2025-07-11,2025,REG,SEA,CON,1.0711186971054691,True,,0.5796527091990534,401736241,4398966,18,14,0,True,False,matched,8.0,2025-07-11,under,0.28778901003111307,2.1799999999999997,-1.0,1.0,False,False,False
2275,e9705e0799437339755f5d9de2dfbc45,519,Aneesah Morrow,aneesahmorrow,CON,points,10.5,102.0,-132.0,10,10,2025-07-10 15:15:40+00:00,2025-07-10 15:15:40+00:00,2025-07-10 15:15:40+00:00,2025-07-12 02:00:00+00:00,0.0,2025-07-11,2025,REG,SEA,CON,1.0640150221918745,True,,0.4618487426836327,401736241,4684384,18,14,0,True,False,matched,4.0,2025-07-11,under,0.217235896803804,1.7575757575757576,0.7575757575757576,1.0,False,False,False
2275,89388c28164313eb77d5e273bd427ce5,208,Gabby Williams,gabbywilliams,GSV,threes,1.5,100.0,-132.0,10,10,2025-07-10 15:15:41+00:00,2025-07-10 15:15:41+00:00,2025-07-10 15:15:41+00:00,2025-07-12 02:00:00+00:00,0.0,2025-07-11,2025,REG,SEA,CON,1.0689655172413794,True,,0.46430627616618364,401736241,3142328,14,18,1,True,False,matched,1.0,2025-07-11,under,0.07899331293076067,1.7575757575757576,0.7575757575757576,1.0,False,False,False
2273,1f106e0b8f24a9e56ff99301c9906e92,103,A'ja Wilson,ajawilson,LVA,points,21.5,-120.0,-108.0,10,10,2025-07-10 17:13:47+00:00,2025-07-10 17:13:47+00:00,2025-07-10 17:13:47+00:00,2025-07-10 23:30:00+00:00,0.0,2025-07-10,2025,REG,WAS,LVA,1.0646853146853146,True,,0.5135396953663074,401736239,3149391,17,16,0,True,True,did_not_play,,2025-07-10,under,0.23000704515476783,1.925925925925926,0.0,0.0,False,True,False
2273,1d9ebcc7eb0d000fadc92340dc5ac413,108,Kiah Stokes,kiahstokes,GSV,rebounds,7.5,-144.0,108.0,10,10,2025-07-10 23:11:21+00:00,2025-07-10 23:11:21+00:00,2025-07-10 23:11:21+00:00,2025-07-10 23:30:00+00:00,0.0,2025-07-10,2025,REG,WAS,LVA,1.0709331651954601,True,,0.5566845205396996,401736239,2590093,17,16,0,True,False,matched,3.0,2025-07-10,under,0.7552125367488846,2.08,1.08,1.0,False,False,False
2273,a58635748f67c1652215fb0dc6e89d31,73,NaLyssa Smith,nalyssasmith,LVA,rebounds,7.5,118.0,-158.0,10,10,2025-07-10 23:15:46+00:00,2025-07-10 23:15:46+00:00,2025-07-10 23:15:46+00:00,2025-07-10 23:30:00+00:00,0.0,2025-07-10,2025,REG,WAS,LVA,1.0711186971054691,True,,0.42034729080094674,401736239,4398776,17,16,0,True,False,matched,4.0,2025-07-10,under,0.15308807434535476,1.6329113924050633,0.6329113924050633,1.0,False,False,False
2276,08d22031ed656614930544e3b3e2913b,26,Angel Reese,angelreese,ATL,points,14.5,-118.0,-110.0,10,10,2025-07-11 00:37:26+00:00,2025-07-11 00:37:26+00:00,2025-07-11 00:37:26+00:00,2025-07-12 17:00:00+00:00,0.0,2025-07-12,2025,REG,CHI,MIN,1.0650939274792486,True,,0.5090245232268319,401736242,4433402,19,8,1,True,False,matched,19.0,2025-07-12,under,0.1396048538732108,1.9090909090909092,-1.0,1.0,False,False,False
2276,5273b6cfd475d759a33a8f8b43410f93,112,Napheesa Collier,napheesacollier,MIN,points,21.5,-122.0,-106.0,10,10,2025-07-11 02:33:19+00:00,2025-07-11 02:33:19+00:00,2025-07-11 02:33:19+00:00,2025-07-12 17:00:00+00:00,0.0,2025-07-12,2025,REG,CHI,MIN,1.064112656345666,True,,0.518058368553134,401736242,3917450,8,19,0,True,False,matched,26.0,2025-07-12,under,0.15015305606724394,1.9433962264150944,-1.0,1.0,False,False,False
2276,c2904962b8143171a9e28a53f3e89b23,185,Ariel Atkins,arielatkins,LAS,rebounds,3.5,-108.0,-122.0,10,10,2025-07-11 02:33:19+00:00,2025-07-11 02:33:19+00:00,2025-07-11 02:33:19+00:00,2025-07-12 17:00:00+00:00,0.0,2025-07-12,2025,REG,CHI,MIN,1.0687803187803186,True,,0.48431040390879443,401736242,3146151,19,8,1,True,False,matched,3.0,2025-07-12,under,0.1409289938280941,1.819672131147541,0.819672131147541,1.0,False,False,False
2276,cae1cc446836cbe5a7f8d51ff46880a4,117,Courtney Williams,courtneywilliams,MIN,assists,5.5,-132.0,100.0,10,10,2025-07-11 02:33:19+00:00,2025-07-11 02:33:19+00:00,2025-07-11 02:33:19+00:00,2025-07-12 17:00:00+00:00,0.0,2025-07-12,2025,REG,CHI,MIN,1.0689655172413794,True,,0.5356937238338165,401736242,2987891,8,19,0,True,False,matched,8.0,2025-07-12,under,0.1235386355932388,2.0,-1.0,1.0,False,False,False
2276,6b8e897f6508feb0b4a8e5c1051df57a,30,Kamilla Cardoso,kamillacardoso,CHI,rebounds,6.5,-132.0,100.0,10,10,2025-07-11 02:33:19+00:00,2025-07-11 02:33:19+00:00,2025-07-11 02:33:19+00:00,2025-07-12 17:00:00+00:00,0.0,2025-07-12,2025,REG,CHI,MIN,1.0689655172413794,True,,0.5356937238338165,401736242,4433405,19,8,1,True,False,matched,15.0,2025-07-12,under,0.07545419274120696,2.0,-1.0,1.0,False,False,False
2276,8fed1ff50ef71872ba523f306f56059a,36,Rachel Banham,rachelbanham,CHI,points,9.5,-118.0,-110.0,10,10,2025-07-11 02:33:20+00:00,2025-07-11 02:33:20+00:00,2025-07-11 02:33:20+00:00,2025-07-12 17:00:00+00:00,0.0,2025-07-12,2025,REG,CHI,MIN,1.0650939274792486,True,,0.5090245232268319,401736242,2566186,19,8,1,True,False,matched,12.0,2025-07-12,under,0.21127480561941425,1.9090909090909092,-1.0,1.0,False,False,False
2276,a6588de46c4d74129eb70e026ae41106,125,Kayla McBride,kaylamcbride,MIN,points,13.5,100.0,-130.0,10,10,2025-07-11 02:33:20+00:00,2025-07-11 02:33:20+00:00,2025-07-11 02:33:20+00:00,2025-07-12 17:00:00+00:00,0.0,2025-07-12,2025,REG,CHI,MIN,1.065217391304348,True,,0.4663164946059025,401736242,2529205,8,19,0,True,False,matched,17.0,2025-07-12,under,0.06555682980817173,1.7692307692307692,-1.0,1.0,False,False,False
2276,f00cdba7131093c6de0f74197b76e0bd,121,Alanna Smith,alannasmith,DAL,points,8.5,100.0,-130.0,10,10,2025-07-11 02:33:20+00:00,2025-07-11 02:33:20+00:00,2025-07-11 02:33:20+00:00,2025-07-12 17:00:00+00:00,0.0,2025-07-12,2025,REG,CHI,MIN,1.065217391304348,True,,0.4663164946059025,401736242,3913881,8,19,0,True,False,matched,8.0,2025-07-12,under,0.05237636613391172,1.7692307692307692,0.7692307692307692,1.0,False,False,False
2275,e78bb998f5726425390835ed0f68e97c,274,Bria Hartley,briahartley,FA,assists,3.5,105.0,-135.0,24,24,2025-07-11 08:14:40+00:00,2025-07-11 08:14:40+00:00,2025-07-11 08:14:40+00:00,2025-07-12 02:00:00+00:00,0.0,2025-07-11,2025,REG,SEA,CON,1.0622729631551635,True,,0.45531139401703796,401736241,2529185,18,14,0,True,False,matched,2.0,2025-07-11,under,0.19852741729046053,1.7407407407407407,0.7407407407407407,1.0,False,False,False
2275,59b1029229a8be922ca2b2657513908c,180,Nneka Ogwumike,nnekaogwumike,LAS,assists,2.5,-115.0,-115.0,24,24,2025-07-11 08:14:40+00:00,2025-07-11 08:14:40+00:00,2025-07-11 08:14:40+00:00,2025-07-12 02:00:00+00:00,0.0,2025-07-11,2025,REG,SEA,CON,1.0697674418604652,True,,0.5,401736241,1068,14,18,1,True,False,matched,5.0,2025-07-11,under,0.14607644924002383,1.8695652173913042,-1.0,1.0,False,False,False
2277,c588694cfcdc121bc43856c744811d1e,107,Chelsea Gray,chelseagray,LVA,points,12.5,-114.0,-114.0,10,10,2025-07-11 14:22:09+00:00,2025-07-11 14:22:09+00:00,2025-07-11 14:22:09+00:00,2025-07-12 20:00:00+00:00,0.0,2025-07-12,2025,REG,LVA,GSV,1.0654205607476634,True,,0.5000000000000001,401736243,2529122,17,129689,1,True,False,matched,6.0,2025-07-12,under,0.242622924361092,1.8771929824561404,0.8771929824561404,1.0,False,False,False
2277,605681b5106eeff921dceb8aa4d53117,55,Veronica Burton,veronicaburton,GSV,assists,5.5,-102.0,-130.0,10,10,2025-07-11 14:22:09+00:00,2025-07-11 14:22:09+00:00,2025-07-11 14:22:09+00:00,2025-07-12 20:00:00+00:00,0.0,2025-07-12,2025,REG,LVA,GSV,1.0701678863538528,True,,0.46878765056355093,401736243,4398935,129689,17,0,True,False,matched,8.0,2025-07-12,under,0.20751220993368036,1.7692307692307692,-1.0,1.0,False,False,False
2277,ced999ce5619604a15eff8ba7b58fc2a,109,Kate Martin,katemartin,LAS,points,8.5,-125.0,-104.0,10,10,2025-07-11 14:22:10+00:00,2025-07-11 14:22:10+00:00,2025-07-11 14:22:10+00:00,2025-07-12 20:00:00+00:00,0.0,2025-07-12,2025,REG,LVA,GSV,1.065359477124183,True,,0.5236312520088393,401736243,4398907,129689,17,0,True,False,matched,8.0,2025-07-12,under,0.463894837869412,1.9615384615384617,0.9615384615384617,1.0,False,False,False
2277,3d20d116d2f63eba05c4ee6e6d099581,166,Jewell Loyd,jewellloyd,LVA,threes,1.5,-188.0,140.0,10,10,2025-07-11 14:22:10+00:00,2025-07-11 14:22:10+00:00,2025-07-11 14:22:10+00:00,2025-07-12 20:00:00+00:00,0.0,2025-07-12,2025,REG,LVA,GSV,1.0694444444444444,True,,0.6222928210344938,401736243,2987869,17,129689,1,True,False,matched,3.0,2025-07-12,under,0.3510371235330903,2.4,-1.0,1.0,False,False,False
2277,737da081e38843f387c7240c96ff83ec,139,Kayla Thornton,kaylathornton,GSV,points,14.5,-118.0,-110.0,10,10,2025-07-11 14:22:10+00:00,2025-07-11 14:22:10+00:00,2025-07-11 14:22:10+00:00,2025-07-12 20:00:00+00:00,0.0,2025-07-12,2025,REG,LVA,GSV,1.0650939274792486,True,,0.5090245232268319,401736243,2529622,129689,17,0,True,False,matched,10.0,2025-07-12,under,0.2992698397285087,1.9090909090909092,0.9090909090909092,1.0,False,False,False
2277,cd744088dbb0d23e97f301a8266c8e1f,102,Jackie Young,jackieyoung,LVA,points,17.5,-114.0,-114.0,10,10,2025-07-11 14:22:10+00:00,2025-07-11 14:22:10+00:00,2025-07-11 14:22:10+00:00,2025-07-12 20:00:00+00:00,0.0,2025-07-12,2025,REG,LVA,GSV,1.0654205607476634,True,,0.5000000000000001,401736243,4065870,17,129689,1,True,False,matched,30.0,2025-07-12,under,0.2548202984771131,1.8771929824561404,-1.0,1.0,False,False,False
2277,fb5afd3356b59a637a857f071182c087,72,Temi Fagbenle,temifagbenle,TOR,points,7.5,-120.0,-108.0,10,10,2025-07-11 14:22:10+00:00,2025-07-11 14:22:10+00:00,2025-07-11 14:22:10+00:00,2025-07-12 20:00:00+00:00,0.0,2025-07-12,2025,REG,LVA,GSV,1.0646853146853146,True,,0.5135396953663074,401736243,2569044,129689,17,0,True,False,matched,13.0,2025-07-12,under,0.19236112298082386,1.925925925925926,-1.0,1.0,False,False,False
2277,d3a510eca75cc12ba3495cce2bbf86b5,221,Tiffany Hayes,tiffanyhayes,GSV,points,12.5,-106.0,-122.0,10,10,2025-07-11 14:22:11+00:00,2025-07-11 14:22:11+00:00,2025-07-11 14:22:11+00:00,2025-07-12 20:00:00+00:00,0.0,2025-07-12,2025,REG,LVA,GSV,1.064112656345666,True,,0.4819416314468661,401736243,1054,129689,17,0,True,False,matched,16.0,2025-07-12,under,0.08319909251584068,1.819672131147541,-1.0,1.0,False,False,False
2275,b60c03af5f9cf08c67f9a9adaf2518da,518,Saniya Rivers,saniyarivers,CON,points,8.5,102.0,-132.0,10,10,2025-07-11 22:18:33+00:00,2025-07-11 22:18:33+00:00,2025-07-11 22:18:33+00:00,2025-07-12 02:00:00+00:00,0.0,2025-07-11,2025,REG,SEA,CON,1.0640150221918745,True,,0.4618487426836327,401736241,4433514,18,14,0,True,False,matched,12.0,2025-07-11,under,0.14253100830999332,1.7575757575757576,-1.0,1.0,False,False,False
2278,ab4ead2bbdf9f066f2a95e97a7f505ee,528,Paige Bueckers,paigebueckers,DAL,rebounds,3.5,-162.0,122.0,10,10,2025-07-12 02:31:03+00:00,2025-07-12 02:31:03+00:00,2025-07-12 02:31:03+00:00,2025-07-13 17:00:00+00:00,0.0,2025-07-13,2025,REG,IND,DAL,1.0687710611374732,True,,0.5868918088955871,401736244,4433730,3,5,0,True,False,matched,4.0,2025-07-13,under,0.14734007525179094,2.2199999999999998,-1.0,1.0,False,False,False
2278,9ef9d8cec266f0d31c60abf7808e959b,56,Natasha Howard,natashahoward,MIN,rebounds,6.5,124.0,-166.0,10,10,2025-07-12 14:41:00+00:00,2025-07-12 14:41:00+00:00,2025-07-12 14:41:00+00:00,2025-07-13 17:00:00+00:00,0.0,2025-07-13,2025,REG,IND,DAL,1.0704887218045114,True,,0.40796342297849103,401736244,2529130,5,3,1,True,False,matched,2.0,2025-07-13,over,0.12578649131607816,2.24,-1.0,1.0,False,False,False
2278,41e5f047e1e10aafcbd9a1a6f5d19a8a,76,Lexie Hull,lexiehull,IND,points,7.5,100.0,-130.0,10,10,2025-07-12 14:41:00+00:00,2025-07-12 14:41:00+00:00,2025-07-12 14:41:00+00:00,2025-07-13 17:00:00+00:00,0.0,2025-07-13,2025,REG,IND,DAL,1.065217391304348,True,,0.4663164946059025,401736244,4398829,5,3,1,True,False,matched,3.0,2025-07-13,under,0.08008767223343949,1.7692307692307692,0.7692307692307692,1.0,False,False,False
2278,54ff9aee8a0c4de321d525e553662cae,95,Li Yueru,liyueru,DAL,points,8.5,-118.0,-110.0,10,10,2025-07-12 14:41:01+00:00,2025-07-12 14:41:01+00:00,2025-07-12 14:41:01+00:00,2025-07-13 17:00:00+00:00,0.0,2025-07-13,2025,REG,IND,DAL,1.0650939274792486,True,,0.5090245232268319,401736244,4336633,3,5,0,True,False,matched,16.0,2025-07-13,under,0.3343176498148977,1.9090909090909092,-1.0,1.0,False,False,False
2278,d4c8a888efab04f46adf6f6e4d63a57d,63,Arike Ogunbowale,arikeogunbowale,DAL,points,15.5,-130.0,100.0,10,10,2025-07-12 14:41:01+00:00,2025-07-12 14:41:01+00:00,2025-07-12 14:41:01+00:00,2025-07-13 17:00:00+00:00,0.0,2025-07-13,2025,REG,IND,DAL,1.065217391304348,True,,0.5336835053940976,401736244,3904577,3,5,0,True,False,matched,2.0,2025-07-13,under,0.071206423583841,2.0,1.0,1.0,False,False,False
2279,0d3ee87da6473c0f0e0a447a73094216,137,Breanna Stewart,breannastewart,NYL,threes,1.5,148.0,-200.0,10,10,2025-07-12 14:54:37+00:00,2025-07-12 14:54:37+00:00,2025-07-12 14:54:37+00:00,2025-07-13 19:00:00+00:00,0.0,2025-07-13,2025,REG,NYL,ATL,1.0698924731182795,True,,0.3634985050458517,401736245,2998928,9,20,1,True,False,matched,1.0,2025-07-13,under,0.2537383819789324,1.5,0.5,1.0,False,False,False
2279,dce74fdd6f2d8280703109dae31df5c2,15,Rhyne Howard,rhynehoward,ATL,points,16.5,102.0,-132.0,10,10,2025-07-12 14:54:37+00:00,2025-07-12 14:54:37+00:00,2025-07-12 14:54:37+00:00,2025-07-13 19:00:00+00:00,0.0,2025-07-13,2025,REG,NYL,ATL,1.0640150221918745,True,,0.4618487426836327,401736245,4398674,20,9,0,True,True,did_not_play,,2025-07-13,under,0.06167609471758129,1.7575757575757576,0.0,0.0,False,True,False
2279,38b1fda7d2390ff436b7f224296f34ff,2,Jordin Canada,jordincanada,ATL,points,11.5,-108.0,-120.0,10,10,2025-07-12 14:54:38+00:00,2025-07-12 14:54:38+00:00,2025-07-12 14:54:38+00:00,2025-07-13 19:00:00+00:00,0.0,2025-07-13,2025,REG,NYL,ATL,1.0646853146853146,True,,0.48646030463369283,401736245,3142250,20,9,0,True,False,matched,12.0,2025-07-13,under,0.2057683409325859,1.8333333333333335,-1.0,1.0,False,False,False
2279,a7de35ae5f04e80d91e472baafe41152,132,Sabrina Ionescu,sabrinaionescu,NYL,threes,2.5,-132.0,100.0,10,10,2025-07-12 14:54:38+00:00,2025-07-12 14:54:38+00:00,2025-07-12 14:54:38+00:00,2025-07-13 19:00:00+00:00,0.0,2025-07-13,2025,REG,NYL,ATL,1.0689655172413794,True,,0.5356937238338165,401736245,4066533,9,20,1,True,False,matched,0.0,2025-07-13,under,0.12017214892880085,2.0,1.0,1.0,False,False,False
2279,f31a1f6c545886799ea3cb3cc7322f08,49,Brionna Jones,brionnajones,ATL,points,13.5,-125.0,-104.0,10,10,2025-07-12 14:54:38+00:00,2025-07-12 14:54:38+00:00,2025-07-12 14:54:38+00:00,2025-07-13 19:00:00+00:00,0.0,2025-07-13,2025,REG,NYL,ATL,1.065359477124183,True,,0.5236312520088393,401736245,3058895,20,9,0,True,False,matched,8.0,2025-07-13,under,0.11301889208172627,1.9615384615384617,0.9615384615384617,1.0,False,False,False
2277,448588cc691c06c6457fb7fc73ab377f,103,A'ja Wilson,ajawilson,LVA,points,21.5,-120.0,-108.0,10,10,2025-07-12 15:13:48+00:00,2025-07-12 15:13:48+00:00,2025-07-12 15:13:48+00:00,2025-07-12 20:00:00+00:00,0.0,2025-07-12,2025,REG,LVA,GSV,1.0646853146853146,True,,0.5135396953663074,401736243,3149391,17,129689,1,True,False,matched,34.0,2025-07-12,under,0.23745797455244366,1.925925925925926,-1.0,1.0,False,False,False
2281,6850ab2c3345e845952593c5a7f559cb,182,Brittney Sykes,brittneysykes,TOR,points,14.5,-128.0,-102.0,10,10,2025-07-12 16:03:37+00:00,2025-07-12 16:03:37+00:00,2025-07-12 16:03:37+00:00,2025-07-13 22:00:00+00:00,0.0,2025-07-13,2025,REG,SEA,WAS,1.0663540038214347,True,,0.5291749480305961,401736247,2988756,16,14,0,True,False,matched,19.0,2025-07-13,under,0.13252223162405025,1.9803921568627452,-1.0,1.0,False,False,False
2281,4bee1ff7859aae534034e85bd64ccf57,180,Nneka Ogwumike,nnekaogwumike,LAS,points,15.5,-130.0,100.0,10,10,2025-07-12 16:03:37+00:00,2025-07-12 16:03:37+00:00,2025-07-12 16:03:37+00:00,2025-07-13 22:00:00+00:00,0.0,2025-07-13,2025,REG,SEA,WAS,1.065217391304348,True,,0.5336835053940976,401736247,1068,14,16,1,True,False,matched,16.0,2025-07-13,under,0.0894236973341147,2.0,-1.0,1.0,False,False,False
2281,f319a9761c689375d792cf21bbb56af9,196,Shakira Austin,shakiraaustin,WAS,points,13.5,-130.0,100.0,10,10,2025-07-12 16:03:38+00:00,2025-07-12 16:03:38+00:00,2025-07-12 16:03:38+00:00,2025-07-13 22:00:00+00:00,0.0,2025-07-13,2025,REG,SEA,WAS,1.065217391304348,True,,0.5336835053940976,401736247,4398911,16,14,0,True,False,matched,9.0,2025-07-13,under,0.19919761021561344,2.0,1.0,1.0,False,False,False
2281,d176125b8833b1287f9af09302e36aa9,66,Erica Wheeler,ericawheeler,LAS,points,10.5,-115.0,-113.0,10,10,2025-07-12 16:08:00+00:00,2025-07-12 16:08:00+00:00,2025-07-12 16:08:00+00:00,2025-07-13 22:00:00+00:00,0.0,2025-07-13,2025,REG,SEA,WAS,1.0654001528551151,True,,0.5022557674006809,401736247,2491214,14,16,1,True,False,matched,6.0,2025-07-13,under,0.11884244032830193,1.8849557522123894,0.8849557522123894,1.0,False,False,False
2281,dcfd6c48ce13613a2b4c27f5df2c973b,572,Kiki Iriafen,kikiiriafen,WAS,points,11.5,102.0,-132.0,10,10,2025-07-12 16:08:00+00:00,2025-07-12 16:08:00+00:00,2025-07-12 16:08:00+00:00,2025-07-13 22:00:00+00:00,0.0,2025-07-13,2025,REG,SEA,WAS,1.0640150221918745,True,,0.4618487426836327,401736247,4898384,16,14,0,True,False,matched,10.0,2025-07-13,under,0.06967332773741941,1.7575757575757576,0.7575757575757576,1.0,False,False,False
2281,1f1a6ebedd763516c633bfeb2eb7b843,208,Gabby Williams,gabbywilliams,GSV,points,13.5,-114.0,-114.0,10,10,2025-07-12 16:08:01+00:00,2025-07-12 16:08:01+00:00,2025-07-12 16:08:01+00:00,2025-07-13 22:00:00+00:00,0.0,2025-07-13,2025,REG,SEA,WAS,1.0654205607476634,True,,0.5000000000000001,401736247,3142328,14,16,1,True,False,matched,6.0,2025-07-13,under,0.12759833967409445,1.8771929824561404,0.8771929824561404,1.0,False,False,False
2280,222fe7bd4a9ef6d59602ac5284075b76,101,Kelsey Plum,kelseyplum,LAS,assists,5.5,124.0,-166.0,10,10,2025-07-12 17:48:24+00:00,2025-07-12 17:48:24+00:00,2025-07-12 17:48:24+00:00,2025-07-13 22:00:00+00:00,0.0,2025-07-13,2025,REG,LAS,CON,1.0704887218045114,True,,0.40796342297849103,401736246,3065570,6,18,1,True,False,matched,3.0,2025-07-13,over,0.08659526593231881,2.24,-1.0,1.0,False,False,False
2280,e21e97586f4576af9735768d81937a37,89,Dearica Hamby,dearicahamby,LAS,rebounds,7.5,-114.0,-114.0,10,10,2025-07-12 17:52:54+00:00,2025-07-12 17:52:54+00:00,2025-07-12 17:52:54+00:00,2025-07-13 22:00:00+00:00,0.0,2025-07-13,2025,REG,LAS,CON,1.0654205607476634,True,,0.5000000000000001,401736246,2566106,6,18,1,True,False,matched,7.0,2025-07-13,under,0.10325491868834269,1.8771929824561404,0.8771929824561404,1.0,False,False,False
2280,5fc41c39529685248a280e8be902dd0d,9,Tina Charles,tinacharles,FA,rebounds,5.5,122.0,-162.0,10,10,2025-07-12 17:52:54+00:00,2025-07-12 17:52:54+00:00,2025-07-12 17:52:54+00:00,2025-07-13 22:00:00+00:00,0.0,2025-07-13,2025,REG,LAS,CON,1.0687710611374732,True,,0.41310819110441305,401736246,918,18,6,0,True,False,matched,7.0,2025-07-13,over,0.08499403801403371,2.2199999999999998,1.2199999999999998,1.0,False,False,False
2280,907d92e136f20da2baff5f9d628b631a,43,Olivia Nelson-Ododa,olivianelsonododa,CON,rebounds,5.5,-158.0,118.0,10,10,2025-07-12 17:52:55+00:00,2025-07-12 17:52:55+00:00,2025-07-12 17:52:55+00:00,2025-07-13 22:00:00+00:00,0.0,2025-07-13,2025,REG,LAS,CON,1.0711186971054691,True,,0.5796527091990534,401736246,4398966,18,6,0,True,False,matched,3.0,2025-07-13,under,0.2836229456916055,2.1799999999999997,1.1799999999999997,1.0,False,False,False
2279,5c010d0465ded37bc550a32e9cc2a8d4,147,Leonie Fiebich,leoniefiebich,NYL,points,9.5,100.0,-140.0,33,33,2025-07-12 19:04:53+00:00,2025-07-12 19:04:53+00:00,2025-07-12 19:04:53+00:00,2025-07-13 19:00:00+00:00,0.0,2025-07-13,2025,REG,NYL,ATL,1.0833333333333333,True,,0.4565136318718986,401736245,4683006,9,20,1,True,False,matched,21.0,2025-07-13,under,0.08398878875812948,1.7142857142857144,-1.0,1.0,False,False,False
2280,e8d495d795cbd7a1bdbddae857a07c45,518,Saniya Rivers,saniyarivers,CON,points,9.5,-110.0,-130.0,33,33,2025-07-12 19:04:57+00:00,2025-07-12 19:04:57+00:00,2025-07-12 19:04:57+00:00,2025-07-13 22:00:00+00:00,0.0,2025-07-13,2025,REG,LAS,CON,1.0890269151138718,True,,0.47832076753442404,401736246,4433514,18,6,0,True,False,matched,20.0,2025-07-13,under,0.21268789606491434,1.7692307692307692,-1.0,1.0,False,False,False
2279,e5e0e06c96b54f85d9c44b322365b86b,130,Kennedy Burke,kennedyburke,CON,points,10.5,-102.0,-128.0,10,10,2025-07-13 00:03:46+00:00,2025-07-13 00:03:46+00:00,2025-07-13 00:03:46+00:00,2025-07-13 19:00:00+00:00,0.0,2025-07-13,2025,REG,NYL,ATL,1.0663540038214347,True,,0.47082505196940394,401736245,3922628,9,20,1,True,False,matched,7.0,2025-07-13,under,0.26754006159707594,1.78125,0.78125,1.0,False,False,False
2278,f09fc9d71e7a29d28772e3db4b7e8cab,526,Aziaha James,aziahajames,DAL,points,14.5,-130.0,100.0,10,10,2025-07-13 00:15:58+00:00,2025-07-13 00:15:58+00:00,2025-07-13 00:15:58+00:00,2025-07-13 17:00:00+00:00,0.0,2025-07-13,2025,REG,IND,DAL,1.065217391304348,True,,0.5336835053940976,401736244,4433807,3,5,0,True,False,matched,11.0,2025-07-13,under,0.47635119579668456,2.0,1.0,1.0,False,False,False
2282,9f1fbd1d088bd77976f14a356c9bfb33,30,Kamilla Cardoso,kamillacardoso,CHI,rebounds,7.5,-122.0,-108.0,10,10,2025-07-13 14:48:17+00:00,2025-07-13 14:48:17+00:00,2025-07-13 14:48:17+00:00,2025-07-15 00:00:00+00:00,0.0,2025-07-14,2025,REG,CHI,MIN,1.0687803187803186,True,,0.5156895960912058,401736248,4433405,19,8,1,True,False,matched,6.0,2025-07-14,under,0.24333971854713898,1.925925925925926,0.925925925925926,1.0,False,False,False
2282,f05fd0a7300e91fda2bd81429078bca8,125,Kayla McBride,kaylamcbride,MIN,points,13.5,-118.0,-110.0,10,10,2025-07-13 14:48:17+00:00,2025-07-13 14:48:17+00:00,2025-07-13 14:48:17+00:00,2025-07-15 00:00:00+00:00,0.0,2025-07-14,2025,REG,CHI,MIN,1.0650939274792486,True,,0.5090245232268319,401736248,2529205,8,19,0,True,False,matched,17.0,2025-07-14,under,0.21501167421827516,1.9090909090909092,-1.0,1.0,False,False,False
2282,df6ff959482cd35340dbf567a5314b13,112,Napheesa Collier,napheesacollier,MIN,threes,1.5,158.0,-215.0,10,10,2025-07-13 14:48:17+00:00,2025-07-13 14:48:17+00:00,2025-07-13 14:48:17+00:00,2025-07-15 00:00:00+00:00,0.0,2025-07-14,2025,REG,CHI,MIN,1.0701365817644888,True,,0.347126998954303,401736248,3917450,8,19,0,True,False,matched,4.0,2025-07-14,under,0.18069185590915493,1.4651162790697674,-1.0,1.0,False,False,False
2282,cb3d7afac747236f805641ba954efb60,185,Ariel Atkins,arielatkins,LAS,points,14.5,-102.0,-128.0,10,10,2025-07-13 14:48:17+00:00,2025-07-13 14:48:17+00:00,2025-07-13 14:48:17+00:00,2025-07-15 00:00:00+00:00,0.0,2025-07-14,2025,REG,CHI,MIN,1.0663540038214347,True,,0.47082505196940394,401736248,3146151,19,8,1,True,False,matched,2.0,2025-07-14,under,0.11376876421195431,1.78125,0.78125,1.0,False,False,False
2282,2b17debc1e5aabdb51bc9e31371b701b,117,Courtney Williams,courtneywilliams,MIN,points,13.5,-125.0,-104.0,10,10,2025-07-13 14:48:17+00:00,2025-07-13 14:48:17+00:00,2025-07-13 14:48:17+00:00,2025-07-15 00:00:00+00:00,0.0,2025-07-14,2025,REG,CHI,MIN,1.065359477124183,True,,0.5236312520088393,401736248,2987891,8,19,0,True,False,matched,18.0,2025-07-14,under,0.08666340531144245,1.9615384615384617,-1.0,1.0,False,False,False
2282,6a46a4cc38352d36b5c4316be9010c8a,26,Angel Reese,angelreese,ATL,points,14.5,-110.0,-118.0,10,10,2025-07-13 14:48:18+00:00,2025-07-13 14:48:18+00:00,2025-07-13 14:48:18+00:00,2025-07-15 00:00:00+00:00,0.0,2025-07-14,2025,REG,CHI,MIN,1.0650939274792486,True,,0.4909754767731684,401736248,4433402,19,8,1,True,False,matched,22.0,2025-07-14,under,0.09627670773107866,1.847457627118644,-1.0,1.0,False,False,False
2282,765a874f4e46f3f31cc1b2f6fa4b1ce7,121,Alanna Smith,alannasmith,DAL,points,9.5,-114.0,-114.0,10,10,2025-07-13 14:48:19+00:00,2025-07-13 14:48:19+00:00,2025-07-13 14:48:19+00:00,2025-07-15 00:00:00+00:00,0.0,2025-07-14,2025,REG,CHI,MIN,1.0654205607476634,True,,0.5000000000000001,401736248,3913881,8,19,0,True,False,matched,4.0,2025-07-14,under,0.16234478317066342,1.8771929824561404,0.8771929824561404,1.0,False,False,False
2278,cb3491a1af87d1bcc1ad484a6baacdeb,156,Sophie Cunningham,sophiecunningham,IND,points,7.5,-105.0,-125.0,13,13,2025-07-13 15:29:52+00:00,2025-07-13 15:29:52+00:00,2025-07-13 15:29:52+00:00,2025-07-13 17:00:00+00:00,0.0,2025-07-13,2025,REG,IND,DAL,1.067750677506775,True,,0.47757418034290006,401736244,3907781,5,3,1,True,False,matched,13.0,2025-07-13,under,0.05245611419148799,1.8,-1.0,1.0,False,False,False
2284,d879d26b908ba2899de2d4b743d6baab,68,Caitlin Clark,caitlinclark,IND,points,18.5,-120.0,-110.0,12,12,2025-07-13 20:16:31+00:00,2025-07-13 20:16:31+00:00,2025-07-13 20:16:31+00:00,2025-07-16 00:00:00+00:00,0.0,2025-07-15,2025,REG,CON,IND,1.0692640692640691,True,,0.5112040114787568,401736250,4433403,5,18,0,True,False,matched,14.0,2025-07-15,under,0.23093783757713632,1.9090909090909092,0.9090909090909092,1.0,False,False,False
2283,51fb121ef7c8b033890aa25f865010cb,40,Alyssa Thomas,alyssathomas,PHO,points,15.5,-122.0,-106.0,10,10,2025-07-14 02:46:56+00:00,2025-07-14 02:46:56+00:00,2025-07-14 02:46:56+00:00,2025-07-15 02:00:00+00:00,0.0,2025-07-14,2025,REG,GSV,PHX,1.064112656345666,True,,0.518058368553134,401736249,2529140,11,129689,0,True,False,matched,17.0,2025-07-14,under,0.32586632986912334,1.9433962264150944,-1.0,1.0,False,False,False
2283,ff99c7b89bb3e436a1e122a80a41a1f9,221,Tiffany Hayes,tiffanyhayes,GSV,threes,1.5,116.0,-154.0,10,10,2025-07-14 02:46:56+00:00,2025-07-14 02:46:56+00:00,2025-07-14 02:46:56+00:00,2025-07-15 02:00:00+00:00,0.0,2025-07-14,2025,REG,GSV,PHX,1.0692621755613883,True,,0.425792012343204,401736249,1054,129689,11,1,True,False,matched,4.0,2025-07-14,over,0.07373343150163503,2.16,1.1600000000000001,1.0,False,False,False
2283,2cbb1c52d3335196911e45c89eedfa55,139,Kayla Thornton,kaylathornton,GSV,points,13.5,-130.0,100.0,10,10,2025-07-14 02:46:57+00:00,2025-07-14 02:46:57+00:00,2025-07-14 02:46:57+00:00,2025-07-15 02:00:00+00:00,0.0,2025-07-14,2025,REG,GSV,PHX,1.065217391304348,True,,0.5336835053940976,401736249,2529622,129689,11,1,True,False,matched,8.0,2025-07-14,under,0.2652361484607437,2.0,1.0,1.0,False,False,False
2283,ea777b990c63eda1c8400bd32fde56ed,55,Veronica Burton,veronicaburton,GSV,rebounds,3.5,-172.0,128.0,10,10,2025-07-14 02:50:30+00:00,2025-07-14 02:50:30+00:00,2025-07-14 02:50:30+00:00,2025-07-15 02:00:00+00:00,0.0,2025-07-14,2025,REG,GSV,PHX,1.0709494324045408,True,,0.6004234693007796,401736249,4398935,129689,11,1,True,False,matched,2.0,2025-07-14,under,0.2111569747147512,2.2800000000000002,1.2800000000000002,1.0,False,False,False
2283,adc3f46d9ce2e705e8e640ee79b4c71d,177,Sami Whitcomb,samiwhitcomb,PHO,points,12.5,-102.0,-128.0,10,10,2025-07-14 02:50:30+00:00,2025-07-14 02:50:30+00:00,2025-07-14 02:50:30+00:00,2025-07-15 02:00:00+00:00,0.0,2025-07-14,2025,REG,GSV,PHX,1.0663540038214347,True,,0.47082505196940394,401736249,887,11,129689,0,True,False,matched,7.0,2025-07-14,under,0.1895292744469888,1.78125,0.78125,1.0,False,False,False
2283,dbb1b91334e072e87bc4d7bce11cbb12,563,Monique Akoa Makani,moniqueakoamakani,PHO,points,9.5,-105.0,-125.0,12,12,2025-07-14 03:25:49+00:00,2025-07-14 03:25:49+00:00,2025-07-14 03:25:49+00:00,2025-07-15 02:00:00+00:00,0.0,2025-07-14,2025,REG,GSV,PHX,1.067750677506775,True,,0.47757418034290006,401736249,5274110,11,129689,0,True,False,matched,9.0,2025-07-14,under,0.16726954402539923,1.8,0.8,1.0,False,False,False
2282,9f8f68d8ddcdec0ee096879b10caf011,36,Rachel Banham,rachelbanham,CHI,points,9.5,-118.0,-110.0,10,10,2025-07-14 03:47:21+00:00,2025-07-14 03:47:21+00:00,2025-07-14 03:47:21+00:00,2025-07-15 00:00:00+00:00,0.0,2025-07-14,2025,REG,CHI,MIN,1.0650939274792486,True,,0.5090245232268319,401736248,2566186,19,8,1,True,False,matched,15.0,2025-07-14,under,0.16287388135469605,1.9090909090909092,-1.0,1.0,False,False,False
2284,a13790262035a1cf0851024cea148e27,70,Kelsey Mitchell,kelseymitchell,IND,threes,2.5,158.0,-215.0,10,10,2025-07-14 03:52:00+00:00,2025-07-14 03:52:00+00:00,2025-07-14 03:52:00+00:00,2025-07-16 00:00:00+00:00,0.0,2025-07-15,2025,REG,CON,IND,1.0701365817644888,True,,0.347126998954303,401736250,3142191,5,18,0,True,False,matched,0.0,2025-07-15,over,0.09451563904149518,2.58,-1.0,1.0,False,False,False
2284,29d61d35f7ac406bbf8cf002024de748,71,Aliyah Boston,aliyahboston,IND,points,15.5,-110.0,-118.0,10,10,2025-07-14 03:52:00+00:00,2025-07-14 03:52:00+00:00,2025-07-14 03:52:00+00:00,2025-07-16 00:00:00+00:00,0.0,2025-07-15,2025,REG,CON,IND,1.0650939274792486,True,,0.4909754767731684,401736250,4432831,5,18,0,True,False,matched,11.0,2025-07-15,under,0.05658681651893299,1.847457627118644,0.847457627118644,1.0,False,False,False
2284,a8960764ee0c0631424eada7900a4ede,9,Tina Charles,tinacharles,FA,points,15.5,-108.0,-120.0,10,10,2025-07-14 03:55:39+00:00,2025-07-14 03:55:39+00:00,2025-07-14 03:55:39+00:00,2025-07-16 00:00:00+00:00,0.0,2025-07-15,2025,REG,CON,IND,1.0646853146853146,True,,0.48646030463369283,401736250,918,18,5,1,True,False,matched,21.0,2025-07-15,under,0.07474191233248234,1.8333333333333335,-1.0,1.0,False,False,False
2284,f439ff8b61698eeeecdf5e694e2a5792,518,Saniya Rivers,saniyarivers,CON,points,10.5,-102.0,-128.0,10,10,2025-07-14 03:59:15+00:00,2025-07-14 03:59:15+00:00,2025-07-14 03:59:15+00:00,2025-07-16 00:00:00+00:00,0.0,2025-07-15,2025,REG,CON,IND,1.0663540038214347,True,,0.47082505196940394,401736250,4433514,18,5,1,True,False,matched,8.0,2025-07-15,under,0.27766270874749044,1.78125,0.78125,1.0,False,False,False
2284,bbe29240b12f151af373cb44a51a6c54,43,Olivia Nelson-Ododa,olivianelsonododa,CON,points,8.5,-108.0,-120.0,10,10,2025-07-14 03:59:16+00:00,2025-07-14 03:59:16+00:00,2025-07-14 03:59:16+00:00,2025-07-16 00:00:00+00:00,0.0,2025-07-15,2025,REG,CON,IND,1.0646853146853146,True,,0.48646030463369283,401736250,4398966,18,5,1,True,False,matched,6.0,2025-07-15,under,0.14196836619190717,1.8333333333333335,0.8333333333333335,1.0,False,False,False
2285,0ba4103e535b99314ff4742550bf9f31,573,Sonia Citron,soniacitron,WAS,rebounds,4.5,102.0,-136.0,10,10,2025-07-14 05:05:36+00:00,2025-07-14 05:05:36+00:00,2025-07-14 05:05:36+00:00,2025-07-16 02:00:00+00:00,0.0,2025-07-15,2025,REG,LAS,WAS,1.071320691391173,True,,0.4579067075572801,401736251,4433524,16,6,0,True,False,matched,6.0,2025-07-15,over,0.13738711928811864,2.02,1.02,1.0,False,False,False
2285,6588e7a1226746532132fcc3f96ef1d9,196,Shakira Austin,shakiraaustin,WAS,points,13.5,-125.0,-104.0,10,10,2025-07-14 05:05:36+00:00,2025-07-14 05:05:36+00:00,2025-07-14 05:05:36+00:00,2025-07-16 02:00:00+00:00,0.0,2025-07-15,2025,REG,LAS,WAS,1.065359477124183,True,,0.5236312520088393,401736251,4398911,16,6,0,True,False,matched,16.0,2025-07-15,under,0.12774513075076527,1.9615384615384617,-1.0,1.0,False,False,False
2285,b00a37b5bc7ce06363655bfd8a45caa2,82,Azura Stevens,azurastevens,CHI,threes,1.5,-120.0,-110.0,10,10,2025-07-14 05:05:36+00:00,2025-07-14 05:05:36+00:00,2025-07-14 05:05:36+00:00,2025-07-16 02:00:00+00:00,0.0,2025-07-15,2025,REG,LAS,WAS,1.0692640692640691,True,,0.5112040114787568,401736251,3142010,6,16,1,True,False,matched,3.0,2025-07-15,under,0.1253189594947634,1.9090909090909092,-1.0,1.0,False,False,False
2285,0484824806f94977345d6f07f0db1c02,101,Kelsey Plum,kelseyplum,LAS,assists,4.5,-146.0,110.0,10,10,2025-07-14 05:05:36+00:00,2025-07-14 05:05:36+00:00,2025-07-14 05:05:36+00:00,2025-07-16 02:00:00+00:00,0.0,2025-07-15,2025,REG,LAS,WAS,1.0696864111498257,True,,0.5607420039050215,401736251,3065570,6,16,1,True,False,matched,6.0,2025-07-15,over,0.08410124526881396,1.6849315068493151,0.6849315068493151,1.0,False,False,False
2285,947a709150534f6656d0e97e13562d41,182,Brittney Sykes,brittneysykes,TOR,points,15.5,-108.0,-120.0,10,10,2025-07-14 05:05:36+00:00,2025-07-14 05:05:36+00:00,2025-07-14 05:05:36+00:00,2025-07-16 02:00:00+00:00,0.0,2025-07-15,2025,REG,LAS,WAS,1.0646853146853146,True,,0.48646030463369283,401736251,2988756,16,6,0,True,False,matched,8.0,2025-07-15,under,0.07216014344334826,1.8333333333333335,0.8333333333333335,1.0,False,False,False
2285,4d562b90171897184310911a7ba0eea0,94,Rickea Jackson,rickeajackson,CHI,points,12.5,-114.0,-114.0,10,10,2025-07-14 05:05:36+00:00,2025-07-14 05:05:36+00:00,2025-07-14 05:05:36+00:00,2025-07-16 02:00:00+00:00,0.0,2025-07-15,2025,REG,LAS,WAS,1.0654205607476634,True,,0.5000000000000001,401736251,4433630,6,16,1,True,False,matched,22.0,2025-07-15,under,0.05487287205014768,1.8771929824561404,-1.0,1.0,False,False,False
2285,72cb061f6d2223ecf0f23acad41174da,572,Kiki Iriafen,kikiiriafen,WAS,rebounds,7.5,-154.0,116.0,10,10,2025-07-14 05:05:37+00:00,2025-07-14 05:05:37+00:00,2025-07-14 05:05:37+00:00,2025-07-16 02:00:00+00:00,0.0,2025-07-15,2025,REG,LAS,WAS,1.0692621755613883,True,,0.574207987656796,401736251,4898384,16,6,0,True,False,matched,8.0,2025-07-15,under,0.1308608720998224,2.16,-1.0,1.0,False,False,False
2286,a8063555791a4724e53cb26e07dea2be,36,Rachel Banham,rachelbanham,CHI,assists,3.5,100.0,-130.0,24,24,2025-07-15 11:38:21+00:00,2025-07-15 11:38:21+00:00,2025-07-15 11:38:21+00:00,2025-07-16 16:00:00+00:00,0.0,2025-07-16,2025,REG,CHI,ATL,1.065217391304348,True,,0.4663164946059025,401736252,2566186,19,20,1,True,False,matched,2.0,2025-07-16,under,0.28423382794226654,1.7692307692307692,0.7692307692307692,1.0,False,False,False
2286,137843074734c354574a1d094f3b0931,2,Jordin Canada,jordincanada,ATL,assists,6.5,100.0,-130.0,24,24,2025-07-15 11:38:21+00:00,2025-07-15 11:38:21+00:00,2025-07-15 11:38:21+00:00,2025-07-16 16:00:00+00:00,0.0,2025-07-16,2025,REG,CHI,ATL,1.065217391304348,True,,0.4663164946059025,401736252,3142250,20,19,0,True,False,matched,8.0,2025-07-16,under,0.14520865092100976,1.7692307692307692,-1.0,1.0,False,False,False
2288,b7fb9bd4ce4fcb4e41e8351c6af0a222,55,Veronica Burton,veronicaburton,GSV,assists,5.5,-120.0,-110.0,24,24,2025-07-15 11:41:14+00:00,2025-07-15 11:41:14+00:00,2025-07-15 11:41:14+00:00,2025-07-16 19:00:00+00:00,0.0,2025-07-16,2025,REG,SEA,GSV,1.0692640692640691,True,,0.5112040114787568,401736254,4398935,129689,14,0,True,False,matched,4.0,2025-07-16,under,0.22933268553851727,1.9090909090909092,0.9090909090909092,1.0,False,False,False
2288,cb1d5d9f00319b4a722b80be84536057,208,Gabby Williams,gabbywilliams,GSV,threes,1.5,135.0,-165.0,24,24,2025-07-15 11:41:14+00:00,2025-07-15 11:41:14+00:00,2025-07-15 11:41:14+00:00,2025-07-16 19:00:00+00:00,0.0,2025-07-16,2025,REG,SEA,GSV,1.0481734243275793,True,,0.3991056903902242,401736254,3142328,14,129689,1,True,False,matched,0.0,2025-07-16,under,0.08674089646415906,1.606060606060606,0.606060606060606,1.0,False,False,False
2288,18967182db021615925cff9d4767453e,221,Tiffany Hayes,tiffanyhayes,GSV,threes,1.5,-140.0,110.0,24,24,2025-07-15 11:41:14+00:00,2025-07-15 11:41:14+00:00,2025-07-15 11:41:14+00:00,2025-07-16 19:00:00+00:00,0.0,2025-07-16,2025,REG,SEA,GSV,1.0595238095238093,True,,0.555167954788897,401736254,1054,129689,14,0,True,False,matched,1.0,2025-07-16,under,0.0835898596518348,2.1,1.1,1.0,False,False,False
2287,1da93045df2c7a9b43fda9df5963656b,125,Kayla McBride,kaylamcbride,MIN,assists,3.5,100.0,-130.0,24,24,2025-07-15 11:41:15+00:00,2025-07-15 11:41:15+00:00,2025-07-15 11:41:15+00:00,2025-07-16 17:00:00+00:00,0.0,2025-07-16,2025,REG,MIN,PHX,1.065217391304348,True,,0.4663164946059025,401736253,2529205,8,11,1,True,False,matched,5.0,2025-07-16,under,0.26973718950236963,1.7692307692307692,-1.0,1.0,False,False,False
2287,87575c6b0db75a4feb087fe574d2da96,112,Napheesa Collier,napheesacollier,MIN,assists,3.5,-140.0,110.0,24,24,2025-07-15 11:41:15+00:00,2025-07-15 11:41:15+00:00,2025-07-15 11:41:15+00:00,2025-07-16 17:00:00+00:00,0.0,2025-07-16,2025,REG,MIN,PHX,1.0595238095238093,True,,0.555167954788897,401736253,3917450,8,11,1,True,False,matched,0.0,2025-07-16,under,0.2319658177104867,2.1,1.1,1.0,False,False,False
2287,0defd723977abe763612d0f0a2ff0a40,117,Courtney Williams,courtneywilliams,MIN,assists,6.5,-125.0,-105.0,24,24,2025-07-15 11:41:15+00:00,2025-07-15 11:41:15+00:00,2025-07-15 11:41:15+00:00,2025-07-16 17:00:00+00:00,0.0,2025-07-16,2025,REG,MIN,PHX,1.067750677506775,True,,0.5224258196571001,401736253,2987891,8,11,1,True,False,matched,5.0,2025-07-16,under,0.17198686902609123,1.9523809523809523,0.9523809523809523,1.0,False,False,False
2287,e112230de6faa34f5c757b3e287989a0,177,Sami Whitcomb,samiwhitcomb,PHO,assists,2.5,-130.0,100.0,24,24,2025-07-15 11:41:15+00:00,2025-07-15 11:41:15+00:00,2025-07-15 11:41:15+00:00,2025-07-16 17:00:00+00:00,0.0,2025-07-16,2025,REG,MIN,PHX,1.065217391304348,True,,0.5336835053940976,401736253,887,11,8,0,True,False,matched,5.0,2025-07-16,under,0.13232072433066516,2.0,-1.0,1.0,False,False,False
2287,8c7530df827fea99961990f85fb4e4a0,40,Alyssa Thomas,alyssathomas,PHO,assists,9.5,100.0,-130.0,24,24,2025-07-15 11:41:15+00:00,2025-07-15 11:41:15+00:00,2025-07-15 11:41:15+00:00,2025-07-16 17:00:00+00:00,0.0,2025-07-16,2025,REG,MIN,PHX,1.065217391304348,True,,0.4663164946059025,401736253,2529140,11,8,0,True,False,matched,9.0,2025-07-16,under,0.051325806626120685,1.7692307692307692,0.7692307692307692,1.0,False,False,False
2290,984861f2dcb7a147680ec5ba2c572682,107,Chelsea Gray,chelseagray,LVA,assists,4.5,-145.0,115.0,24,24,2025-07-15 11:46:59+00:00,2025-07-15 11:46:59+00:00,2025-07-15 11:46:59+00:00,2025-07-17 00:00:00+00:00,0.0,2025-07-16,2025,REG,DAL,LVA,1.056953013763645,True,,0.5651598000470045,401736256,2529122,17,3,0,True,False,matched,7.0,2025-07-16,under,0.14509543719541113,2.15,-1.0,1.0,False,False,False
2290,905a2a9874b24e18f0ba7e6f305511c4,166,Jewell Loyd,jewellloyd,LVA,threes,1.5,-170.0,140.0,24,24,2025-07-15 11:46:59+00:00,2025-07-15 11:46:59+00:00,2025-07-15 11:46:59+00:00,2025-07-17 00:00:00+00:00,0.0,2025-07-16,2025,REG,DAL,LVA,1.0462962962962963,True,,0.6089052871532034,401736256,2987869,17,3,0,True,False,matched,1.0,2025-07-16,under,0.14485133849493703,2.4,1.4,1.0,False,False,False
2290,42ed3d4510c02791cf3953a30f3cd669,103,A'ja Wilson,ajawilson,LVA,assists,3.5,140.0,-170.0,24,24,2025-07-15 11:46:59+00:00,2025-07-15 11:46:59+00:00,2025-07-15 11:46:59+00:00,2025-07-17 00:00:00+00:00,0.0,2025-07-16,2025,REG,DAL,LVA,1.0462962962962963,True,,0.3910947128467968,401736256,3149391,17,3,0,True,False,matched,2.0,2025-07-16,under,0.10847604609286016,1.5882352941176472,0.5882352941176472,1.0,False,False,False
2290,bce974b2f20ed4e0e6ad26d77e6102a4,528,Paige Bueckers,paigebueckers,DAL,threes,1.5,150.0,-185.0,24,24,2025-07-15 11:46:59+00:00,2025-07-15 11:46:59+00:00,2025-07-15 11:46:59+00:00,2025-07-17 00:00:00+00:00,0.0,2025-07-16,2025,REG,DAL,LVA,1.049122807017544,True,,0.3723998049350017,401736256,4433730,3,17,1,True,False,matched,1.0,2025-07-16,under,0.07332918250312503,1.5405405405405406,0.5405405405405406,1.0,False,False,False
2290,79d36a826a3092042d4b8437e3cf5cfd,102,Jackie Young,jackieyoung,LVA,threes,1.5,-110.0,-120.0,24,24,2025-07-15 11:46:59+00:00,2025-07-15 11:46:59+00:00,2025-07-15 11:46:59+00:00,2025-07-17 00:00:00+00:00,0.0,2025-07-16,2025,REG,DAL,LVA,1.0692640692640691,True,,0.4887959885212434,401736256,4065870,17,3,0,True,False,matched,0.0,2025-07-16,under,0.06289185067816028,1.8333333333333335,0.8333333333333335,1.0,False,False,False
2284,54647065d44cdda35cdf95e46d842e90,274,Bria Hartley,briahartley,FA,points,10.5,-115.0,-113.0,10,10,2025-07-15 17:10:42+00:00,2025-07-15 17:10:42+00:00,2025-07-15 17:10:42+00:00,2025-07-16 00:00:00+00:00,0.0,2025-07-15,2025,REG,CON,IND,1.0654001528551151,True,,0.5022557674006809,401736250,2529185,18,5,1,True,False,matched,11.0,2025-07-15,under,0.2091638810673102,1.8849557522123894,-1.0,1.0,False,False,False
2286,f37f425d57fc17bf6b3fc53205b1d780,1,Allisha Gray,allishagray,ATL,points,19.5,100.0,-130.0,10,10,2025-07-15 18:13:39+00:00,2025-07-15 18:13:39+00:00,2025-07-15 18:13:39+00:00,2025-07-16 16:00:00+00:00,0.0,2025-07-16,2025,REG,CHI,ATL,1.065217391304348,True,,0.4663164946059025,401736252,3058901,20,19,0,True,False,matched,14.0,2025-07-16,under,0.17436199440135086,1.7692307692307692,0.7692307692307692,1.0,False,False,False
2286,b22d5786e5e25846cfb7cb037fe408d2,49,Brionna Jones,brionnajones,ATL,points,14.5,-102.0,-128.0,10,10,2025-07-15 18:13:40+00:00,2025-07-15 18:13:40+00:00,2025-07-15 18:13:40+00:00,2025-07-16 16:00:00+00:00,0.0,2025-07-16,2025,REG,CHI,ATL,1.0663540038214347,True,,0.47082505196940394,401736252,3058895,20,19,0,True,False,matched,14.0,2025-07-16,under,0.16606618295161618,1.78125,0.78125,1.0,False,False,False
2286,d48b9f847cab17d2d9114b2f5b970c6a,148,Brittney Griner,brittneygriner,CON,rebounds,5.5,122.0,-162.0,10,10,2025-07-15 18:17:36+00:00,2025-07-15 18:17:36+00:00,2025-07-15 18:17:36+00:00,2025-07-16 16:00:00+00:00,0.0,2025-07-16,2025,REG,CHI,ATL,1.0687710611374732,True,,0.41310819110441305,401736252,2490553,20,19,0,True,False,matched,5.0,2025-07-16,over,0.10622245773242034,2.2199999999999998,-1.0,1.0,False,False,False
2284,b672364b49c7aec1c8760f4fd8fdab41,52,Jacy Sheldon,jacysheldon,CHI,points,9.5,155.0,-190.0,13,13,2025-07-15 20:47:49+00:00,2025-07-15 20:47:49+00:00,2025-07-15 20:47:49+00:00,2025-07-16 00:00:00+00:00,0.0,2025-07-15,2025,REG,CON,IND,1.0473292765382016,True,,0.36540694709976745,401736250,4432865,18,5,1,True,False,matched,1.0,2025-07-15,under,0.0546657072678573,1.526315789473684,0.5263157894736841,1.0,False,False,False
2288,f289af74bea0fd0d11b8e8987b720de9,180,Nneka Ogwumike,nnekaogwumike,LAS,points,15.5,-130.0,100.0,10,10,2025-07-15 21:38:25+00:00,2025-07-15 21:38:25+00:00,2025-07-15 21:38:25+00:00,2025-07-16 19:00:00+00:00,0.0,2025-07-16,2025,REG,SEA,GSV,1.065217391304348,True,,0.5336835053940976,401736254,1068,14,129689,1,True,False,matched,22.0,2025-07-16,under,0.1104480661120979,2.0,-1.0,1.0,False,False,False
2288,cba70e34c649e5bae13c2d29422bd6ef,175,Skylar Diggins,skylardiggins,CHI,points,16.5,-106.0,-122.0,10,10,2025-07-15 21:38:25+00:00,2025-07-15 21:38:25+00:00,2025-07-15 21:38:25+00:00,2025-07-16 19:00:00+00:00,0.0,2025-07-16,2025,REG,SEA,GSV,1.064112656345666,True,,0.4819416314468661,401736254,2491205,14,129689,1,True,False,matched,10.0,2025-07-16,under,0.06548713187781857,1.819672131147541,0.819672131147541,1.0,False,False,False
2288,8d73ba031436a36e924858454095d95a,139,Kayla Thornton,kaylathornton,GSV,rebounds,6.5,-154.0,116.0,10,10,2025-07-15 21:43:07+00:00,2025-07-15 21:43:07+00:00,2025-07-15 21:43:07+00:00,2025-07-16 19:00:00+00:00,0.0,2025-07-16,2025,REG,SEA,GSV,1.0692621755613883,True,,0.574207987656796,401736254,2529622,129689,14,0,True,False,matched,4.0,2025-07-16,under,0.29718883190383905,2.16,1.1600000000000001,1.0,False,False,False
2288,b4a32200d63aa531ad9c11f7f0dc4175,176,Ezi Magbegor,ezimagbegor,SEA,points,12.5,-105.0,-125.0,12,12,2025-07-15 21:49:21+00:00,2025-07-15 21:49:21+00:00,2025-07-15 21:49:21+00:00,2025-07-16 19:00:00+00:00,0.0,2025-07-16,2025,REG,SEA,GSV,1.067750677506775,True,,0.47757418034290006,401736254,4420318,14,129689,1,True,False,matched,3.0,2025-07-16,under,0.265991448580084,1.8,0.8,1.0,False,False,False
2288,59ace73413ea9fa7e00cc0a8e67cc502,66,Erica Wheeler,ericawheeler,LAS,points,10.5,-115.0,-115.0,12,12,2025-07-15 21:49:21+00:00,2025-07-15 21:49:21+00:00,2025-07-15 21:49:21+00:00,2025-07-16 19:00:00+00:00,0.0,2025-07-16,2025,REG,SEA,GSV,1.0697674418604652,True,,0.5,401736254,2491214,14,129689,1,True,False,matched,15.0,2025-07-16,under,0.21030265785080532,1.8695652173913042,-1.0,1.0,False,False,False
2288,71d6163a32fb1e35cfe74887cc2f3d85,537,Janelle Salaun,janellesalaun,GSV,points,11.5,-115.0,-115.0,12,12,2025-07-15 21:55:32+00:00,2025-07-15 21:55:32+00:00,2025-07-15 21:55:32+00:00,2025-07-16 19:00:00+00:00,0.0,2025-07-16,2025,REG,SEA,GSV,1.0697674418604652,True,,0.5,401736254,4790264,129689,14,0,True,False,matched,10.0,2025-07-16,under,0.41248451011922654,1.8695652173913042,0.8695652173913042,1.0,False,False,False
2288,3791ac28c5c3b90c89d236df39aa67b2,83,Monique Billings,moniquebillings,IND,rebounds,4.5,-115.0,-115.0,12,12,2025-07-15 22:14:22+00:00,2025-07-15 22:14:22+00:00,2025-07-15 22:14:22+00:00,2025-07-16 19:00:00+00:00,0.0,2025-07-16,2025,REG,SEA,GSV,1.0697674418604652,True,,0.5,401736254,3142255,129689,14,0,True,False,matched,1.0,2025-07-16,under,0.11293661606345712,1.8695652173913042,0.8695652173913042,1.0,False,False,False
2287,ad0fac92a2ed9c7d9eded4aa3ac7cc38,121,Alanna Smith,alannasmith,DAL,points,8.5,-130.0,100.0,19,19,2025-07-16 03:02:29+00:00,2025-07-16 03:02:29+00:00,2025-07-16 03:02:29+00:00,2025-07-16 17:00:00+00:00,0.0,2025-07-16,2025,REG,MIN,PHX,1.065217391304348,True,,0.5336835053940976,401736253,3913881,8,11,1,True,False,matched,11.0,2025-07-16,under,0.16280521642667467,2.0,-1.0,1.0,False,False,False
2290,37a510854cd068ca38822a136e62ca38,95,Li Yueru,liyueru,DAL,rebounds,6.5,-115.0,-115.0,19,19,2025-07-16 03:11:10+00:00,2025-07-16 03:11:10+00:00,2025-07-16 03:11:10+00:00,2025-07-17 00:00:00+00:00,0.0,2025-07-16,2025,REG,DAL,LVA,1.0697674418604652,True,,0.5,401736256,4336633,3,17,1,True,False,matched,8.0,2025-07-16,under,0.2208951249110046,1.8695652173913042,-1.0,1.0,False,False,False
2290,663ea9d92c03a87557f75edcdb914d5a,526,Aziaha James,aziahajames,DAL,points,11.5,-115.0,-125.0,33,33,2025-07-16 06:38:20+00:00,2025-07-16 06:38:20+00:00,2025-07-16 06:38:20+00:00,2025-07-17 00:00:00+00:00,0.0,2025-07-16,2025,REG,DAL,LVA,1.0904392764857882,True,,0.489168290835087,401736256,4433807,3,17,1,True,False,matched,2.0,2025-07-16,under,0.07675156668533817,1.8,0.8,1.0,False,False,False
2289,4fd844fa1e3695972e84fb434c2704db,88,Aari McDonald,aarimcdonald,FA,points,9.5,-114.0,-114.0,10,10,2025-07-16 07:29:43+00:00,2025-07-16 07:29:43+00:00,2025-07-16 07:29:43+00:00,2025-07-16 23:30:00+00:00,0.0,2025-07-16,2025,REG,NYL,IND,1.0654205607476634,True,,0.5000000000000001,401736255,4066553,5,9,0,True,False,matched,10.0,2025-07-16,under,0.23670609378978774,1.8771929824561404,-1.0,1.0,False,False,False
2289,13d878f83f12f970ef5409195aa87f43,137,Breanna Stewart,breannastewart,NYL,points,19.5,-110.0,-118.0,10,10,2025-07-16 07:29:43+00:00,2025-07-16 07:29:43+00:00,2025-07-16 07:29:43+00:00,2025-07-16 23:30:00+00:00,0.0,2025-07-16,2025,REG,NYL,IND,1.0650939274792486,True,,0.4909754767731684,401736255,2998928,9,5,1,True,False,matched,24.0,2025-07-16,under,0.10812596041262756,1.847457627118644,-1.0,1.0,False,False,False
2289,96f9ca1a0001da3adf317b34ff79873c,70,Kelsey Mitchell,kelseymitchell,IND,points,18.5,-118.0,-110.0,10,10,2025-07-16 07:29:43+00:00,2025-07-16 07:29:43+00:00,2025-07-16 07:29:43+00:00,2025-07-16 23:30:00+00:00,0.0,2025-07-16,2025,REG,NYL,IND,1.0650939274792486,True,,0.5090245232268319,401736255,3142191,5,9,0,True,False,matched,16.0,2025-07-16,under,0.09499602287355569,1.9090909090909092,0.9090909090909092,1.0,False,False,False
2289,1bfc4a224d7c4ebf36e059718a133376,132,Sabrina Ionescu,sabrinaionescu,NYL,points,18.5,-120.0,-108.0,10,10,2025-07-16 07:29:44+00:00,2025-07-16 07:29:44+00:00,2025-07-16 07:29:44+00:00,2025-07-16 23:30:00+00:00,0.0,2025-07-16,2025,REG,NYL,IND,1.0646853146853146,True,,0.5135396953663074,401736255,4066533,9,5,1,True,False,matched,15.0,2025-07-16,under,0.15899713326478437,1.925925925925926,0.925925925925926,1.0,False,False,False
2289,a80339a293aeec7347f4fd3fec02a7f1,163,Natasha Cloud,natashacloud,CHI,assists,5.5,118.0,-158.0,10,10,2025-07-16 07:29:44+00:00,2025-07-16 07:29:44+00:00,2025-07-16 07:29:44+00:00,2025-07-16 23:30:00+00:00,0.0,2025-07-16,2025,REG,NYL,IND,1.0711186971054691,True,,0.42034729080094674,401736255,2529137,9,5,1,True,False,matched,3.0,2025-07-16,over,0.15069793834566741,2.1799999999999997,-1.0,1.0,False,False,False
2289,5060e33e563e0e04b3b6a98c7554b0eb,71,Aliyah Boston,aliyahboston,IND,points,14.5,-128.0,-102.0,10,10,2025-07-16 07:29:44+00:00,2025-07-16 07:29:44+00:00,2025-07-16 07:29:44+00:00,2025-07-16 23:30:00+00:00,0.0,2025-07-16,2025,REG,NYL,IND,1.0663540038214347,True,,0.5291749480305961,401736255,4432831,5,9,0,True,False,matched,7.0,2025-07-16,under,0.0804215367542912,1.9803921568627452,0.9803921568627452,1.0,False,False,False
2289,7529c13247359742233dca9b2e3eae2a,76,Lexie Hull,lexiehull,IND,rebounds,4.5,102.0,-136.0,10,10,2025-07-16 07:29:44+00:00,2025-07-16 07:29:44+00:00,2025-07-16 07:29:44+00:00,2025-07-16 23:30:00+00:00,0.0,2025-07-16,2025,REG,NYL,IND,1.071320691391173,True,,0.4579067075572801,401736255,4398829,5,9,0,True,False,matched,7.0,2025-07-16,under,0.06333052246997256,1.7352941176470589,-1.0,1.0,False,False,False
2289,dfd5b0b6e2a3da4a95d0b8f06b128832,147,Leonie Fiebich,leoniefiebich,NYL,points,9.5,-115.0,-113.0,10,10,2025-07-16 07:29:44+00:00,2025-07-16 07:29:44+00:00,2025-07-16 07:29:44+00:00,2025-07-16 23:30:00+00:00,0.0,2025-07-16,2025,REG,NYL,IND,1.0654001528551151,True,,0.5022557674006809,401736255,4683006,9,5,1,True,False,matched,10.0,2025-07-16,under,0.05843656773963074,1.8849557522123894,-1.0,1.0,False,False,False
2290,eba217ed5cb3744de1f3914af1814ff8,63,Arike Ogunbowale,arikeogunbowale,DAL,rebounds,3.5,-105.0,-140.0,49,49,2025-07-16 15:56:02+00:00,2025-07-16 15:56:02+00:00,2025-07-16 15:56:02+00:00,2025-07-17 00:00:00+00:00,0.0,2025-07-16,2025,REG,DAL,LVA,1.0955284552845528,True,,0.4626083554157797,401736256,3904577,3,17,1,True,False,matched,1.0,2025-07-16,under,0.22847080556288696,1.7142857142857144,0.7142857142857144,1.0,False,False,False
2289,2d37e578bb5d402b1c26cbdcf481e1cc,156,Sophie Cunningham,sophiecunningham,IND,points,7.5,-115.0,-115.0,13,13,2025-07-16 20:41:44+00:00,2025-07-16 20:41:44+00:00,2025-07-16 20:41:44+00:00,2025-07-16 23:30:00+00:00,0.0,2025-07-16,2025,REG,NYL,IND,1.0697674418604652,True,,0.5,401736255,3907781,5,9,0,True,False,matched,12.0,2025-07-16,under,0.10333186789537147,1.8695652173913042,-1.0,1.0,False,False,False
2290,f80538d31675c22f41154288e0f263c9,530,JJ Quinerly,jjquinerly,FA,points,11.5,-114.0,-114.0,10,10,2025-07-16 22:28:28+00:00,2025-07-16 22:28:28+00:00,2025-07-16 22:28:28+00:00,2025-07-17 00:00:00+00:00,0.0,2025-07-16,2025,REG,DAL,LVA,1.0654205607476634,True,,0.5000000000000001,401736256,4434015,3,17,1,True,False,matched,17.0,2025-07-16,under,0.2547820419864343,1.8771929824561404,-1.0,1.0,False,False,False
2289,e780e26bd901c423b9de4adb47e95bf2,131,Nyara Sabally,nyarasabally,TOR,points,7.5,104.0,-135.0,10,10,2025-07-16 23:18:31+00:00,2025-07-16 23:18:31+00:00,2025-07-16 23:18:31+00:00,2025-07-16 23:30:00+00:00,0.0,2025-07-16,2025,REG,NYL,IND,1.0646641635377556,True,,0.45648742045938223,401736255,4398768,9,5,1,True,False,matched,2.0,2025-07-16,under,0.25639060953790765,1.7407407407407407,0.7407407407407407,1.0,False,False,False
2291,a61d1ed74a01971b305e4dc096f0a6fd,196,Shakira Austin,shakiraaustin,WAS,points,14.5,-128.0,-102.0,10,10,2025-07-20 15:31:00+00:00,2025-07-20 15:31:00+00:00,2025-07-20 15:31:00+00:00,2025-07-22 23:30:00+00:00,0.0,2025-07-22,2025,REG,WAS,LAS,1.0663540038214347,True,,0.5291749480305961,401736257,4398911,16,6,1,True,False,matched,17.0,2025-07-22,under,0.2031255544692177,1.9803921568627452,-1.0,1.0,False,False,False
2291,bac7a5f5cb7cd0d12486125f56033787,182,Brittney Sykes,brittneysykes,TOR,points,15.5,-114.0,-114.0,10,10,2025-07-20 15:31:00+00:00,2025-07-20 15:31:00+00:00,2025-07-20 15:31:00+00:00,2025-07-22 23:30:00+00:00,0.0,2025-07-22,2025,REG,WAS,LAS,1.0654205607476634,True,,0.5000000000000001,401736257,2988756,16,6,1,True,False,matched,18.0,2025-07-22,under,0.0973215450476132,1.8771929824561404,-1.0,1.0,False,False,False
2291,b9c9d6da822d813312d648cb76b576f0,573,Sonia Citron,soniacitron,WAS,threes,1.5,-130.0,-102.0,10,10,2025-07-20 15:31:00+00:00,2025-07-20 15:31:00+00:00,2025-07-20 15:31:00+00:00,2025-07-22 23:30:00+00:00,0.0,2025-07-22,2025,REG,WAS,LAS,1.0701678863538528,True,,0.5312123494364493,401736257,4433524,16,6,1,True,False,matched,1.0,2025-07-22,under,0.08799773134887051,1.9803921568627452,0.9803921568627452,1.0,False,False,False
2291,69d2f47bdbfe1f003d54813e83c6e9b5,89,Dearica Hamby,dearicahamby,LAS,rebounds,6.5,-152.0,114.0,10,10,2025-07-20 15:31:00+00:00,2025-07-20 15:31:00+00:00,2025-07-20 15:31:00+00:00,2025-07-22 23:30:00+00:00,0.0,2025-07-22,2025,REG,WAS,LAS,1.0704643228007713,True,,0.5703965275254933,401736257,2566106,6,16,0,True,False,matched,14.0,2025-07-22,under,0.0649119530120128,2.1399999999999997,-1.0,1.0,False,False,False
2293,a2f4a9f370d6e409dce85eba6c7b7fcf,112,Napheesa Collier,napheesacollier,MIN,assists,3.5,102.0,-136.0,10,10,2025-07-20 16:13:06+00:00,2025-07-20 16:13:06+00:00,2025-07-20 16:13:06+00:00,2025-07-23 00:00:00+00:00,0.0,2025-07-22,2025,REG,MIN,CHI,1.071320691391173,True,,0.4579067075572801,401736259,3917450,8,19,1,True,False,matched,4.0,2025-07-22,under,0.08705748777628719,1.7352941176470589,-1.0,1.0,False,False,False
2293,0b5ceb8663e9439987c0816ca2251c64,117,Courtney Williams,courtneywilliams,MIN,assists,6.5,-102.0,-130.0,10,10,2025-07-20 16:13:06+00:00,2025-07-20 16:13:06+00:00,2025-07-20 16:13:06+00:00,2025-07-23 00:00:00+00:00,0.0,2025-07-22,2025,REG,MIN,CHI,1.0701678863538528,True,,0.46878765056355093,401736259,2987891,8,19,1,True,False,matched,7.0,2025-07-22,under,0.06648566782324733,1.7692307692307692,-1.0,1.0,False,False,False
2293,81345d18592d428918b16c1a6624ff25,36,Rachel Banham,rachelbanham,CHI,points,11.5,-122.0,-106.0,10,10,2025-07-20 16:13:07+00:00,2025-07-20 16:13:07+00:00,2025-07-20 16:13:07+00:00,2025-07-23 00:00:00+00:00,0.0,2025-07-22,2025,REG,MIN,CHI,1.064112656345666,True,,0.518058368553134,401736259,2566186,19,8,0,True,False,matched,8.0,2025-07-22,under,0.40911230462301607,1.9433962264150944,0.9433962264150944,1.0,False,False,False
2293,af20e8dd1762f48483d31593deb18065,185,Ariel Atkins,arielatkins,LAS,threes,1.5,-114.0,-114.0,10,10,2025-07-20 16:13:07+00:00,2025-07-20 16:13:07+00:00,2025-07-20 16:13:07+00:00,2025-07-23 00:00:00+00:00,0.0,2025-07-22,2025,REG,MIN,CHI,1.0654205607476634,True,,0.5000000000000001,401736259,3146151,19,8,0,True,True,did_not_play,,2025-07-22,under,0.20860014509398395,1.8771929824561404,0.0,0.0,False,True,False
2293,ec805df4600cf0762ae369859239d1ad,30,Kamilla Cardoso,kamillacardoso,CHI,rebounds,8.5,-114.0,-114.0,10,10,2025-07-20 16:13:07+00:00,2025-07-20 16:13:07+00:00,2025-07-20 16:13:07+00:00,2025-07-23 00:00:00+00:00,0.0,2025-07-22,2025,REG,MIN,CHI,1.0654205607476634,True,,0.5000000000000001,401736259,4433405,19,8,0,True,False,matched,10.0,2025-07-22,under,0.19993502033356886,1.8771929824561404,-1.0,1.0,False,False,False
2293,484aeabb5cfeb7d3abcbd8653f58ecab,26,Angel Reese,angelreese,ATL,points,14.5,-125.0,-104.0,10,10,2025-07-20 16:13:07+00:00,2025-07-20 16:13:07+00:00,2025-07-20 16:13:07+00:00,2025-07-23 00:00:00+00:00,0.0,2025-07-22,2025,REG,MIN,CHI,1.065359477124183,True,,0.5236312520088393,401736259,4433402,19,8,0,True,False,matched,11.0,2025-07-22,under,0.11973114811286523,1.9615384615384617,0.9615384615384617,1.0,False,False,False
2293,8e5e276644d3f7555d696b86474177e7,121,Alanna Smith,alannasmith,DAL,points,8.5,-130.0,100.0,10,10,2025-07-20 16:13:07+00:00,2025-07-20 16:13:07+00:00,2025-07-20 16:13:07+00:00,2025-07-23 00:00:00+00:00,0.0,2025-07-22,2025,REG,MIN,CHI,1.065217391304348,True,,0.5336835053940976,401736259,3913881,8,19,1,True,False,matched,10.0,2025-07-22,under,0.11390126243745474,2.0,-1.0,1.0,False,False,False
2293,1ed3d40f9dd3066e6bfd2701eefa30da,125,Kayla McBride,kaylamcbride,MIN,threes,2.5,-114.0,-114.0,10,10,2025-07-20 16:13:07+00:00,2025-07-20 16:13:07+00:00,2025-07-20 16:13:07+00:00,2025-07-23 00:00:00+00:00,0.0,2025-07-22,2025,REG,MIN,CHI,1.0654205607476634,True,,0.5000000000000001,401736259,2529205,8,19,1,True,False,matched,3.0,2025-07-22,under,0.08647026845150968,1.8771929824561404,-1.0,1.0,False,False,False
2292,2448e6e6069acf63ae2626920ee39375,88,Aari McDonald,aarimcdonald,FA,points,9.5,-108.0,-120.0,10,10,2025-07-20 17:45:17+00:00,2025-07-20 17:45:17+00:00,2025-07-20 17:45:17+00:00,2025-07-23 00:00:00+00:00,0.0,2025-07-22,2025,REG,NYL,IND,1.0646853146853146,True,,0.48646030463369283,401736258,4066553,5,9,0,True,False,matched,5.0,2025-07-22,under,0.25881859150381087,1.8333333333333335,0.8333333333333335,1.0,False,False,False
2292,8db987fb62aa47e1fcf3de586d82cde2,137,Breanna Stewart,breannastewart,NYL,points,19.5,-128.0,-102.0,10,10,2025-07-20 17:45:17+00:00,2025-07-20 17:45:17+00:00,2025-07-20 17:45:17+00:00,2025-07-23 00:00:00+00:00,0.0,2025-07-22,2025,REG,NYL,IND,1.0663540038214347,True,,0.5291749480305961,401736258,2998928,9,5,1,True,False,matched,17.0,2025-07-22,under,0.15192463399890704,1.9803921568627452,0.9803921568627452,1.0,False,False,False
2292,66119093f1b99fe9de71660463b2d6fb,163,Natasha Cloud,natashacloud,CHI,assists,5.5,124.0,-166.0,10,10,2025-07-20 17:45:17+00:00,2025-07-20 17:45:17+00:00,2025-07-20 17:45:17+00:00,2025-07-23 00:00:00+00:00,0.0,2025-07-22,2025,REG,NYL,IND,1.0704887218045114,True,,0.40796342297849103,401736258,2529137,9,5,1,True,False,matched,4.0,2025-07-22,over,0.09780390997652444,2.24,-1.0,1.0,False,False,False
2292,f5236029e7d91261f071ade68582b565,156,Sophie Cunningham,sophiecunningham,IND,points,7.5,-128.0,-102.0,10,10,2025-07-20 17:45:17+00:00,2025-07-20 17:45:17+00:00,2025-07-20 17:45:17+00:00,2025-07-23 00:00:00+00:00,0.0,2025-07-22,2025,REG,NYL,IND,1.0663540038214347,True,,0.5291749480305961,401736258,3907781,5,9,0,True,False,matched,15.0,2025-07-22,under,0.08405325793734802,1.9803921568627452,-1.0,1.0,False,False,False
2292,871a0f6fea47c98aef19a22c30f2b30c,132,Sabrina Ionescu,sabrinaionescu,NYL,rebounds,4.5,134.0,-180.0,10,10,2025-07-20 17:45:17+00:00,2025-07-20 17:45:17+00:00,2025-07-20 17:45:17+00:00,2025-07-23 00:00:00+00:00,0.0,2025-07-22,2025,REG,NYL,IND,1.0702075702075702,True,,0.38834080463047865,401736258,4066533,9,5,1,True,False,matched,5.0,2025-07-22,over,0.052851160798900954,2.34,1.3399999999999999,1.0,False,False,False
2292,1b9883bdd5aa40eb514456c2d7ea48c2,70,Kelsey Mitchell,kelseymitchell,IND,threes,2.5,110.0,-146.0,10,10,2025-07-20 17:45:18+00:00,2025-07-20 17:45:18+00:00,2025-07-20 17:45:18+00:00,2025-07-23 00:00:00+00:00,0.0,2025-07-22,2025,REG,NYL,IND,1.0696864111498257,True,,0.4392579960949788,401736258,3142191,5,9,0,True,False,matched,3.0,2025-07-22,under,0.11806557926875322,1.6849315068493151,-1.0,1.0,False,False,False
2292,24598889f6995ba34587919a8d3c5ff0,56,Natasha Howard,natashahoward,MIN,points,12.5,-102.0,-128.0,10,10,2025-07-20 17:45:18+00:00,2025-07-20 17:45:18+00:00,2025-07-20 17:45:18+00:00,2025-07-23 00:00:00+00:00,0.0,2025-07-22,2025,REG,NYL,IND,1.0663540038214347,True,,0.47082505196940394,401736258,2529130,5,9,0,True,False,matched,13.0,2025-07-22,under,0.10346479738776332,1.78125,-1.0,1.0,False,False,False
2292,cdffbec220b176009cd98ebde7455625,71,Aliyah Boston,aliyahboston,IND,points,13.5,-125.0,-104.0,10,10,2025-07-20 17:45:18+00:00,2025-07-20 17:45:18+00:00,2025-07-20 17:45:18+00:00,2025-07-23 00:00:00+00:00,0.0,2025-07-22,2025,REG,NYL,IND,1.065359477124183,True,,0.5236312520088393,401736258,4432831,5,9,0,True,False,matched,15.0,2025-07-22,under,0.08272002292444225,1.9615384615384617,-1.0,1.0,False,False,False
2294,017b36a85c775cd4382625e715e906c3,95,Li Yueru,liyueru,DAL,rebounds,6.5,100.0,-132.0,10,10,2025-07-20 18:27:51+00:00,2025-07-20 18:27:51+00:00,2025-07-20 18:27:51+00:00,2025-07-23 02:00:00+00:00,0.0,2025-07-22,2025,REG,SEA,DAL,1.0689655172413794,True,,0.46430627616618364,401736261,4336633,3,14,0,True,False,matched,10.0,2025-07-22,under,0.14028921709883496,1.7575757575757576,-1.0,1.0,False,False,False
2294,7e5cbe2589f8262723c2ae643f417522,208,Gabby Williams,gabbywilliams,GSV,points,12.5,-120.0,-108.0,10,10,2025-07-20 18:27:51+00:00,2025-07-20 18:27:51+00:00,2025-07-20 18:27:51+00:00,2025-07-23 02:00:00+00:00,0.0,2025-07-22,2025,REG,SEA,DAL,1.0646853146853146,True,,0.5135396953663074,401736261,3142328,14,3,1,True,False,matched,14.0,2025-07-22,under,0.10130020989160698,1.925925925925926,-1.0,1.0,False,False,False
2294,08237066b2ba677e5b27a90689782e79,176,Ezi Magbegor,ezimagbegor,SEA,points,9.5,-122.0,-106.0,10,10,2025-07-20 18:27:52+00:00,2025-07-20 18:27:52+00:00,2025-07-20 18:27:52+00:00,2025-07-23 02:00:00+00:00,0.0,2025-07-22,2025,REG,SEA,DAL,1.064112656345666,True,,0.518058368553134,401736261,4420318,14,3,1,True,False,matched,12.0,2025-07-22,under,0.0981498408713063,1.9433962264150944,-1.0,1.0,False,False,False
2294,3f59dfa9da2f9a2c99c0a9f975b2ed3a,63,Arike Ogunbowale,arikeogunbowale,DAL,points,14.5,-106.0,-122.0,10,10,2025-07-20 18:27:52+00:00,2025-07-20 18:27:52+00:00,2025-07-20 18:27:52+00:00,2025-07-23 02:00:00+00:00,0.0,2025-07-22,2025,REG,SEA,DAL,1.064112656345666,True,,0.4819416314468661,401736261,3904577,3,14,0,True,False,matched,20.0,2025-07-22,under,0.05782706704173646,1.819672131147541,-1.0,1.0,False,False,False
2294,1ed45c7d60d1e5a056ad9c7e0df4fa00,175,Skylar Diggins,skylardiggins,CHI,points,16.5,-114.0,-114.0,10,10,2025-07-20 18:27:52+00:00,2025-07-20 18:27:52+00:00,2025-07-20 18:27:52+00:00,2025-07-23 02:00:00+00:00,0.0,2025-07-22,2025,REG,SEA,DAL,1.0654205607476634,True,,0.5000000000000001,401736261,2491205,14,3,1,True,True,did_not_play,,2025-07-22,under,0.05541747088822141,1.8771929824561404,0.0,0.0,False,True,False
2294,9890bfe51c8feca865417dd6d148392e,66,Erica Wheeler,ericawheeler,LAS,assists,3.5,-120.0,-110.0,10,10,2025-07-20 18:27:52+00:00,2025-07-20 18:27:52+00:00,2025-07-20 18:27:52+00:00,2025-07-23 02:00:00+00:00,0.0,2025-07-22,2025,REG,SEA,DAL,1.0692640692640691,True,,0.5112040114787568,401736261,2491214,14,3,1,True,False,matched,2.0,2025-07-22,under,0.05264927956896731,1.9090909090909092,0.9090909090909092,1.0,False,False,False
2295,033766ea9bb3f47ddaaf15b7db90da1c,1,Allisha Gray,allishagray,ATL,assists,3.5,-168.0,126.0,10,10,2025-07-20 19:01:10+00:00,2025-07-20 19:01:10+00:00,2025-07-20 19:01:10+00:00,2025-07-23 02:00:00+00:00,0.0,2025-07-22,2025,REG,LVA,ATL,1.0693435477479856,True,,0.5954775535118485,401736260,3058901,20,17,0,True,False,matched,2.0,2025-07-22,under,0.2395358115349689,2.26,1.2599999999999998,1.0,False,False,False
2295,a85a9d3d181febb8459b47388105b628,2,Jordin Canada,jordincanada,ATL,points,12.5,-113.0,-115.0,10,10,2025-07-20 19:01:10+00:00,2025-07-20 19:01:10+00:00,2025-07-20 19:01:10+00:00,2025-07-23 02:00:00+00:00,0.0,2025-07-22,2025,REG,LVA,ATL,1.0654001528551151,True,,0.49774423259931944,401736260,3142250,20,17,0,True,False,matched,12.0,2025-07-22,under,0.1981892369358168,1.8695652173913042,0.8695652173913042,1.0,False,False,False
2295,1e13468298e95e2813492c56742a3f00,49,Brionna Jones,brionnajones,ATL,points,14.5,104.0,-135.0,10,10,2025-07-20 19:01:10+00:00,2025-07-20 19:01:10+00:00,2025-07-20 19:01:10+00:00,2025-07-23 02:00:00+00:00,0.0,2025-07-22,2025,REG,LVA,ATL,1.0646641635377556,True,,0.45648742045938223,401736260,3058895,20,17,0,True,False,matched,7.0,2025-07-22,under,0.1753630163656663,1.7407407407407407,0.7407407407407407,1.0,False,False,False
2295,d03a047f3924cbc9cf06904014a91084,148,Brittney Griner,brittneygriner,CON,rebounds,5.5,-138.0,104.0,10,10,2025-07-20 19:01:10+00:00,2025-07-20 19:01:10+00:00,2025-07-20 19:01:10+00:00,2025-07-23 02:00:00+00:00,0.0,2025-07-22,2025,REG,LVA,ATL,1.0700280112044818,True,,0.5464208361470752,401736260,2490553,20,17,0,True,False,matched,4.0,2025-07-22,under,0.06274439493681655,2.04,1.04,1.0,False,False,False
2295,aeb1615bab9bbbfe343192e54369df6c,166,Jewell Loyd,jewellloyd,LVA,points,13.5,-118.0,-110.0,10,10,2025-07-20 19:05:15+00:00,2025-07-20 19:05:15+00:00,2025-07-20 19:05:15+00:00,2025-07-23 02:00:00+00:00,0.0,2025-07-22,2025,REG,LVA,ATL,1.0650939274792486,True,,0.5090245232268319,401736260,2987869,17,20,1,True,False,matched,7.0,2025-07-22,under,0.1871423569179893,1.9090909090909092,0.9090909090909092,1.0,False,False,False
2295,3a804171bb4624e62b2197df17c33b45,103,A'ja Wilson,ajawilson,LVA,points,23.5,-110.0,-118.0,10,10,2025-07-20 19:05:15+00:00,2025-07-20 19:05:15+00:00,2025-07-20 19:05:15+00:00,2025-07-23 02:00:00+00:00,0.0,2025-07-22,2025,REG,LVA,ATL,1.0650939274792486,True,,0.4909754767731684,401736260,3149391,17,20,1,True,False,matched,24.0,2025-07-22,under,0.11770914927099596,1.847457627118644,-1.0,1.0,False,False,False
2295,9a41df35693f717175cd0da4549e8841,107,Chelsea Gray,chelseagray,LVA,points,10.5,-104.0,-125.0,10,10,2025-07-20 19:05:15+00:00,2025-07-20 19:05:15+00:00,2025-07-20 19:05:15+00:00,2025-07-23 02:00:00+00:00,0.0,2025-07-22,2025,REG,LVA,ATL,1.065359477124183,True,,0.4763687479911608,401736260,2529122,17,20,1,True,False,matched,9.0,2025-07-22,under,0.06431334886129575,1.8,0.8,1.0,False,False,False
2295,467ad26eace3c385088f1194dbc2f537,102,Jackie Young,jackieyoung,LVA,threes,1.5,118.0,-158.0,10,10,2025-07-20 19:05:15+00:00,2025-07-20 19:05:15+00:00,2025-07-20 19:05:15+00:00,2025-07-23 02:00:00+00:00,0.0,2025-07-22,2025,REG,LVA,ATL,1.0711186971054691,True,,0.42034729080094674,401736260,4065870,17,20,1,True,False,matched,0.0,2025-07-22,under,0.06019029666188963,1.6329113924050633,0.6329113924050633,1.0,False,False,False
2293,9ecd82e1261bf0ec7f5d6bdf3aba8b96,33,Elizabeth Williams,elizabethwilliams,CHI,points,9.5,-114.0,-114.0,10,10,2025-07-22 10:43:20+00:00,2025-07-22 10:43:20+00:00,2025-07-22 10:43:20+00:00,2025-07-23 00:00:00+00:00,0.0,2025-07-22,2025,REG,MIN,CHI,1.0654205607476634,True,,0.5000000000000001,401736259,2566081,19,8,0,True,False,matched,4.0,2025-07-22,under,0.2626160134572008,1.8771929824561404,0.8771929824561404,1.0,False,False,False
2294,02264c2fdbe281a68c1355945b9bae98,180,Nneka Ogwumike,nnekaogwumike,LAS,assists,2.5,-112.0,-118.0,10,10,2025-07-23 01:21:30+00:00,2025-07-23 01:21:30+00:00,2025-07-23 01:21:30+00:00,2025-07-23 02:00:00+00:00,0.0,2025-07-22,2025,REG,SEA,DAL,1.0695862904621776,True,,0.49327872882454105,401736261,1068,14,3,1,True,False,matched,0.0,2025-07-22,under,0.14741918618006405,1.847457627118644,0.847457627118644,1.0,False,False,False
2294,416937c931b8dab0d7b35a1adb4bc66c,530,JJ Quinerly,jjquinerly,FA,points,13.5,-113.0,-115.0,10,10,2025-07-23 01:34:15+00:00,2025-07-23 01:34:15+00:00,2025-07-23 01:34:15+00:00,2025-07-23 02:00:00+00:00,0.0,2025-07-22,2025,REG,SEA,DAL,1.0654001528551151,True,,0.49774423259931944,401736261,4434015,3,14,0,True,False,matched,9.0,2025-07-22,under,0.39962612640193684,1.8695652173913042,0.8695652173913042,1.0,False,False,False
2296,662d1920be5896a3a76463e8fc090aef,155,Kahleah Copper,kahleahcopper,PHO,rebounds,3.5,116.0,-154.0,10,10,2025-07-23 05:43:27+00:00,2025-07-23 05:43:27+00:00,2025-07-23 05:43:27+00:00,2025-07-24 02:00:00+00:00,0.0,2025-07-23,2025,REG,PHX,ATL,1.0692621755613883,True,,0.425792012343204,401736262,2998938,11,20,1,True,False,matched,1.0,2025-07-23,over,0.1492652410413446,2.16,-1.0,1.0,False,False,False
2296,3cdf17e99d3c9bfe392f8dc6032b96d7,40,Alyssa Thomas,alyssathomas,PHO,points,14.5,-102.0,-128.0,10,10,2025-07-23 05:43:27+00:00,2025-07-23 05:43:27+00:00,2025-07-23 05:43:27+00:00,2025-07-24 02:00:00+00:00,0.0,2025-07-23,2025,REG,PHX,ATL,1.0663540038214347,True,,0.47082505196940394,401736262,2529140,11,20,1,True,False,matched,7.0,2025-07-23,under,0.12688113713202626,1.78125,0.78125,1.0,False,False,False
2296,825009d049abdbe5961533dffc9dad08,1,Allisha Gray,allishagray,ATL,rebounds,6.5,116.0,-154.0,10,10,2025-07-23 05:43:27+00:00,2025-07-23 05:43:27+00:00,2025-07-23 05:43:27+00:00,2025-07-24 02:00:00+00:00,0.0,2025-07-23,2025,REG,PHX,ATL,1.0692621755613883,True,,0.425792012343204,401736262,3058901,20,11,0,True,False,matched,7.0,2025-07-23,under,0.1104307728554037,1.6493506493506493,-1.0,1.0,False,False,False
2296,7ae382e0e612d06b1c23264a94dad212,2,Jordin Canada,jordincanada,ATL,assists,6.5,-130.0,-102.0,10,10,2025-07-23 05:43:28+00:00,2025-07-23 05:43:28+00:00,2025-07-23 05:43:28+00:00,2025-07-24 02:00:00+00:00,0.0,2025-07-23,2025,REG,PHX,ATL,1.0701678863538528,True,,0.5312123494364493,401736262,3142250,20,11,0,True,False,matched,6.0,2025-07-23,under,0.25232401868121856,1.9803921568627452,0.9803921568627452,1.0,False,False,False
2296,56a7560daa3d46b28c9dcfbc65904cf2,49,Brionna Jones,brionnajones,ATL,points,13.5,100.0,-130.0,10,10,2025-07-23 05:43:28+00:00,2025-07-23 05:43:28+00:00,2025-07-23 05:43:28+00:00,2025-07-24 02:00:00+00:00,0.0,2025-07-23,2025,REG,PHX,ATL,1.065217391304348,True,,0.4663164946059025,401736262,3058895,20,11,0,True,False,matched,8.0,2025-07-23,under,0.13349671640060806,1.7692307692307692,0.7692307692307692,1.0,False,False,False
2296,1f2215db201bf67a990b0006c1d29924,177,Sami Whitcomb,samiwhitcomb,PHO,rebounds,3.5,110.0,-146.0,10,10,2025-07-23 05:43:28+00:00,2025-07-23 05:43:28+00:00,2025-07-23 05:43:28+00:00,2025-07-24 02:00:00+00:00,0.0,2025-07-23,2025,REG,PHX,ATL,1.0696864111498257,True,,0.4392579960949788,401736262,887,11,20,1,True,False,matched,1.0,2025-07-23,under,0.09650191458587454,1.6849315068493151,0.6849315068493151,1.0,False,False,False
2296,bf76920384e67ec7e67674ab7cf1729b,54,Satou Sabally,satousabally,NYL,points,17.5,-122.0,-106.0,10,10,2025-07-23 05:43:29+00:00,2025-07-23 05:43:29+00:00,2025-07-23 05:43:29+00:00,2025-07-24 02:00:00+00:00,0.0,2025-07-23,2025,REG,PHX,ATL,1.064112656345666,True,,0.518058368553134,401736262,4281929,11,20,1,True,False,matched,13.0,2025-07-23,under,0.13450126743817348,1.9433962264150944,0.9433962264150944,1.0,False,False,False
2302,4c170683f5908957f13d1ead1d52a44f,528,Paige Bueckers,paigebueckers,DAL,assists,5.5,-106.0,-125.0,10,10,2025-07-23 15:46:12+00:00,2025-07-23 15:46:12+00:00,2025-07-23 15:46:12+00:00,2025-07-26 02:00:00+00:00,0.0,2025-07-25,2025,REG,GSV,DAL,1.070118662351672,True,,0.4787708928615623,401736268,4433730,3,129689,0,True,False,matched,6.0,2025-07-25,under,0.06479961927592393,1.8,-1.0,1.0,False,False,False
2297,723dd803111c27813abf00fc5bc02105,103,A'ja Wilson,ajawilson,LVA,rebounds,9.5,-144.0,108.0,10,10,2025-07-23 17:01:02+00:00,2025-07-23 17:01:02+00:00,2025-07-23 17:01:02+00:00,2025-07-24 23:00:00+00:00,0.0,2025-07-24,2025,REG,IND,LVA,1.0709331651954601,True,,0.5566845205396996,401736264,3149391,17,5,0,True,False,matched,6.0,2025-07-24,under,0.23957668090916917,2.08,1.08,1.0,False,False,False
2297,6cf5aecf387f07760cbd6fd093bed2b8,71,Aliyah Boston,aliyahboston,IND,rebounds,7.5,-128.0,-104.0,10,10,2025-07-23 17:01:03+00:00,2025-07-23 17:01:03+00:00,2025-07-23 17:01:03+00:00,2025-07-24 23:00:00+00:00,0.0,2025-07-24,2025,REG,IND,LVA,1.0712074303405572,True,,0.5267388899028808,401736264,4432831,5,17,1,True,False,matched,10.0,2025-07-24,under,0.11968000696508335,1.9615384615384617,-1.0,1.0,False,False,False
2297,ba53da68595d1fe917bc32e30b7cd37f,70,Kelsey Mitchell,kelseymitchell,IND,threes,2.5,-114.0,-114.0,10,10,2025-07-23 19:22:33+00:00,2025-07-23 19:22:33+00:00,2025-07-23 19:22:33+00:00,2025-07-24 23:00:00+00:00,0.0,2025-07-24,2025,REG,IND,LVA,1.0654205607476634,True,,0.5000000000000001,401736264,3142191,5,17,1,True,False,matched,3.0,2025-07-24,under,0.2325212758556216,1.8771929824561404,-1.0,1.0,False,False,False
2298,c3452e9b7dbc2b941b0ef284bb351c55,101,Kelsey Plum,kelseyplum,LAS,points,17.5,-125.0,-104.0,10,10,2025-07-23 19:39:12+00:00,2025-07-23 19:39:12+00:00,2025-07-23 19:39:12+00:00,2025-07-24 23:00:00+00:00,0.0,2025-07-24,2025,REG,CON,LAS,1.065359477124183,True,,0.5236312520088393,401736263,3065570,6,18,0,True,False,matched,30.0,2025-07-24,under,0.05122526480185052,1.9615384615384617,-1.0,1.0,False,False,False
2298,3049948ba20b1d7b124214cd840dbef5,9,Tina Charles,tinacharles,FA,rebounds,6.5,124.0,-166.0,10,10,2025-07-23 19:45:08+00:00,2025-07-23 19:45:08+00:00,2025-07-23 19:45:08+00:00,2025-07-24 23:00:00+00:00,0.0,2025-07-24,2025,REG,CON,LAS,1.0704887218045114,True,,0.40796342297849103,401736263,918,18,6,1,True,False,matched,10.0,2025-07-24,over,0.12468485440900495,2.24,1.2400000000000002,1.0,False,False,False
2297,442a0b336e76a1def8bc25888c6823d8,102,Jackie Young,jackieyoung,LVA,rebounds,3.5,-104.0,-128.0,10,10,2025-07-23 19:45:08+00:00,2025-07-23 19:45:08+00:00,2025-07-23 19:45:08+00:00,2025-07-24 23:00:00+00:00,0.0,2025-07-24,2025,REG,IND,LVA,1.0712074303405572,True,,0.4732611100971195,401736264,4065870,17,5,0,True,False,matched,3.0,2025-07-24,over,0.050451472739839354,1.9615384615384617,-1.0,1.0,False,False,False
2298,f3dba42b1107c399df8bf4acf53ead2a,89,Dearica Hamby,dearicahamby,LAS,points,16.5,-110.0,-118.0,10,10,2025-07-23 19:49:08+00:00,2025-07-23 19:49:08+00:00,2025-07-23 19:49:08+00:00,2025-07-24 23:00:00+00:00,0.0,2025-07-24,2025,REG,CON,LAS,1.0650939274792486,True,,0.4909754767731684,401736263,2566106,6,18,0,True,False,matched,20.0,2025-07-24,under,0.06330741084356206,1.847457627118644,-1.0,1.0,False,False,False
2297,6873bb80eb89a1c6a12504145b7f962a,107,Chelsea Gray,chelseagray,LVA,assists,4.5,-140.0,110.0,24,24,2025-07-23 19:56:15+00:00,2025-07-23 19:56:15+00:00,2025-07-23 19:56:15+00:00,2025-07-24 23:00:00+00:00,0.0,2025-07-24,2025,REG,IND,LVA,1.0595238095238093,True,,0.555167954788897,401736264,2529122,17,5,0,True,False,matched,4.0,2025-07-24,under,0.07912220180421525,2.1,1.1,1.0,False,False,False
2298,878b03832bef6f24e751e8c8813bcf61,22,Marina Mabrey,marinamabrey,TOR,threes,1.5,116.0,-154.0,10,10,2025-07-23 19:57:10+00:00,2025-07-23 19:57:10+00:00,2025-07-23 19:57:10+00:00,2025-07-24 23:00:00+00:00,0.0,2025-07-24,2025,REG,CON,LAS,1.0692621755613883,True,,0.425792012343204,401736263,3904576,18,6,1,True,False,matched,2.0,2025-07-24,over,0.34852288819952254,2.16,1.1600000000000001,1.0,False,False,False
2298,49fbc226b8161a2fd33a2815f920c627,82,Azura Stevens,azurastevens,CHI,threes,1.5,110.0,-146.0,10,10,2025-07-23 20:12:07+00:00,2025-07-23 20:12:07+00:00,2025-07-23 20:12:07+00:00,2025-07-24 23:00:00+00:00,0.0,2025-07-24,2025,REG,CON,LAS,1.0696864111498257,True,,0.4392579960949788,401736263,3142010,6,18,0,True,False,matched,4.0,2025-07-24,over,0.11634148374970743,2.1,1.1,1.0,False,False,False
2298,8d06bf53c1f075ec8aa1e87b45284f70,94,Rickea Jackson,rickeajackson,CHI,points,13.5,-122.0,-106.0,10,10,2025-07-23 20:12:07+00:00,2025-07-23 20:12:07+00:00,2025-07-23 20:12:07+00:00,2025-07-24 23:00:00+00:00,0.0,2025-07-24,2025,REG,CON,LAS,1.064112656345666,True,,0.518058368553134,401736263,4433630,6,18,0,True,False,matched,4.0,2025-07-24,under,0.06572132903516081,1.9433962264150944,0.9433962264150944,1.0,False,False,False
2299,8cac7d8bf8573608fc587cd17568acc9,66,Erica Wheeler,ericawheeler,LAS,points,11.5,-130.0,100.0,10,10,2025-07-23 20:28:14+00:00,2025-07-23 20:28:14+00:00,2025-07-23 20:28:14+00:00,2025-07-25 00:30:00+00:00,0.0,2025-07-24,2025,REG,CHI,SEA,1.065217391304348,True,,0.5336835053940976,401736265,2491214,14,19,0,True,False,matched,13.0,2025-07-24,under,0.33226442602308004,2.0,-1.0,1.0,False,False,False
2299,d95498fae0631e2432ac9cc247af4814,208,Gabby Williams,gabbywilliams,GSV,points,14.5,-108.0,-120.0,10,10,2025-07-23 20:28:14+00:00,2025-07-23 20:28:14+00:00,2025-07-23 20:28:14+00:00,2025-07-25 00:30:00+00:00,0.0,2025-07-24,2025,REG,CHI,SEA,1.0646853146853146,True,,0.48646030463369283,401736265,3142328,14,19,0,True,False,matched,10.0,2025-07-24,under,0.2696978222392329,1.8333333333333335,0.8333333333333335,1.0,False,False,False
2299,e8ee220b9ba18b62aaac74fc5e378e5d,176,Ezi Magbegor,ezimagbegor,SEA,rebounds,6.5,-132.0,100.0,10,10,2025-07-23 20:28:14+00:00,2025-07-23 20:28:14+00:00,2025-07-23 20:28:14+00:00,2025-07-25 00:30:00+00:00,0.0,2025-07-24,2025,REG,CHI,SEA,1.0689655172413794,True,,0.5356937238338165,401736265,4420318,14,19,0,True,False,matched,5.0,2025-07-24,under,0.17496712635206396,2.0,1.0,1.0,False,False,False
2299,3a4770787bd105554aaab2e97fb453cc,180,Nneka Ogwumike,nnekaogwumike,LAS,points,18.5,-120.0,-108.0,10,10,2025-07-23 20:28:15+00:00,2025-07-23 20:28:15+00:00,2025-07-23 20:28:15+00:00,2025-07-25 00:30:00+00:00,0.0,2025-07-24,2025,REG,CHI,SEA,1.0646853146853146,True,,0.5135396953663074,401736265,1068,14,19,0,True,False,matched,10.0,2025-07-24,under,0.215410792797527,1.925925925925926,0.925925925925926,1.0,False,False,False
2299,25adf20f09d58ee6eb6f133d8faa58f3,36,Rachel Banham,rachelbanham,CHI,points,10.5,-115.0,-113.0,10,10,2025-07-23 20:32:47+00:00,2025-07-23 20:32:47+00:00,2025-07-23 20:32:47+00:00,2025-07-25 00:30:00+00:00,0.0,2025-07-24,2025,REG,CHI,SEA,1.0654001528551151,True,,0.5022557674006809,401736265,2566186,19,14,1,True,False,matched,13.0,2025-07-24,under,0.24130558593975854,1.8849557522123894,-1.0,1.0,False,False,False
2299,0664eaf4469ab641adc4efa2ae22a41c,26,Angel Reese,angelreese,ATL,points,14.5,-118.0,-110.0,10,10,2025-07-23 20:32:47+00:00,2025-07-23 20:32:47+00:00,2025-07-23 20:32:47+00:00,2025-07-25 00:30:00+00:00,0.0,2025-07-24,2025,REG,CHI,SEA,1.0650939274792486,True,,0.5090245232268319,401736265,4433402,19,14,1,True,True,did_not_play,,2025-07-24,under,0.05132380934457137,1.9090909090909092,0.0,0.0,False,True,False
2297,24d3893cb6f3c8fd732f7e650c0ba483,73,NaLyssa Smith,nalyssasmith,LVA,points,7.5,-118.0,-110.0,10,10,2025-07-24 00:04:01+00:00,2025-07-24 00:04:01+00:00,2025-07-24 00:04:01+00:00,2025-07-24 23:00:00+00:00,0.0,2025-07-24,2025,REG,IND,LVA,1.0650939274792486,True,,0.5090245232268319,401736264,4398776,17,5,0,True,False,matched,10.0,2025-07-24,under,0.18749397366614856,1.9090909090909092,-1.0,1.0,False,False,False
2297,0ccebbef2dfe8b54d5146fd4e83b0ed7,88,Aari McDonald,aarimcdonald,FA,assists,4.5,-152.0,114.0,10,10,2025-07-24 00:04:02+00:00,2025-07-24 00:04:02+00:00,2025-07-24 00:04:02+00:00,2025-07-24 23:00:00+00:00,0.0,2025-07-24,2025,REG,IND,LVA,1.0704643228007713,True,,0.5703965275254933,401736264,4066553,5,17,1,True,False,matched,4.0,2025-07-24,under,0.2545650812498567,2.1399999999999997,1.1399999999999997,1.0,False,False,False
2297,36c524382a02aa9e391479670448f2dd,156,Sophie Cunningham,sophiecunningham,IND,rebounds,4.5,-118.0,-112.0,10,10,2025-07-24 00:04:02+00:00,2025-07-24 00:04:02+00:00,2025-07-24 00:04:02+00:00,2025-07-24 23:00:00+00:00,0.0,2025-07-24,2025,REG,IND,LVA,1.0695862904621776,True,,0.5067212711754592,401736264,3907781,5,17,1,True,False,matched,3.0,2025-07-24,under,0.174009880783707,1.8928571428571428,0.8928571428571428,1.0,False,False,False
2298,8906a228d0d30216c8ab7623b20b5dde,43,Olivia Nelson-Ododa,olivianelsonododa,CON,points,8.5,-115.0,-125.0,33,33,2025-07-24 00:04:46+00:00,2025-07-24 00:04:46+00:00,2025-07-24 00:04:46+00:00,2025-07-24 23:00:00+00:00,0.0,2025-07-24,2025,REG,CON,LAS,1.0904392764857882,True,,0.489168290835087,401736263,4398966,18,6,1,True,False,matched,17.0,2025-07-24,under,0.19293423802966125,1.8,-1.0,1.0,False,False,False
2302,2a89af0705ae87a38ae817eb71bbedd7,530,JJ Quinerly,jjquinerly,FA,points,12.5,102.0,-132.0,10,10,2025-07-24 00:48:33+00:00,2025-07-24 00:48:33+00:00,2025-07-24 00:48:33+00:00,2025-07-26 02:00:00+00:00,0.0,2025-07-25,2025,REG,GSV,DAL,1.0640150221918745,True,,0.4618487426836327,401736268,4434015,3,129689,0,True,False,matched,3.0,2025-07-25,under,0.23896844089771985,1.7575757575757576,0.7575757575757576,1.0,False,False,False
2302,d01ccf9dba47ea8275be10b50c6a81fd,63,Arike Ogunbowale,arikeogunbowale,DAL,points,15.5,-108.0,-120.0,10,10,2025-07-24 00:48:33+00:00,2025-07-24 00:48:33+00:00,2025-07-24 00:48:33+00:00,2025-07-26 02:00:00+00:00,0.0,2025-07-25,2025,REG,GSV,DAL,1.0646853146853146,True,,0.48646030463369283,401736268,3904577,3,129689,0,True,False,matched,16.0,2025-07-25,under,0.1272789864009628,1.8333333333333335,-1.0,1.0,False,False,False
2302,0e6a3bb47f2f226da11acc29fe91cde9,221,Tiffany Hayes,tiffanyhayes,GSV,assists,3.5,132.0,-178.0,10,10,2025-07-24 00:48:33+00:00,2025-07-24 00:48:33+00:00,2025-07-24 00:48:33+00:00,2025-07-26 02:00:00+00:00,0.0,2025-07-25,2025,REG,GSV,DAL,1.0713222525427932,True,,0.39151484883498083,401736268,1054,129689,3,1,True,False,matched,5.0,2025-07-25,under,0.10268525568398845,1.5617977528089888,-1.0,1.0,False,False,False
2302,2aec357149cd62a2a071aef4bfef3692,55,Veronica Burton,veronicaburton,GSV,assists,5.5,-144.0,108.0,10,10,2025-07-24 00:48:34+00:00,2025-07-24 00:48:34+00:00,2025-07-24 00:48:34+00:00,2025-07-26 02:00:00+00:00,0.0,2025-07-25,2025,REG,GSV,DAL,1.0709331651954601,True,,0.5566845205396996,401736268,4398935,129689,3,1,True,False,matched,3.0,2025-07-25,under,0.2582654740799578,2.08,1.08,1.0,False,False,False
2302,85b442d446b4ad5fd5f554ca3abac192,95,Li Yueru,liyueru,DAL,rebounds,6.5,100.0,-132.0,10,10,2025-07-24 00:48:34+00:00,2025-07-24 00:48:34+00:00,2025-07-24 00:48:34+00:00,2025-07-26 02:00:00+00:00,0.0,2025-07-25,2025,REG,GSV,DAL,1.0689655172413794,True,,0.46430627616618364,401736268,4336633,3,129689,0,True,False,matched,2.0,2025-07-25,under,0.13758868731229446,1.7575757575757576,0.7575757575757576,1.0,False,False,False
2299,64f55fac1f07bc529e69cecd17f8cdd4,30,Kamilla Cardoso,kamillacardoso,CHI,points,12.5,-130.0,100.0,12,12,2025-07-24 01:05:35+00:00,2025-07-24 01:05:35+00:00,2025-07-24 01:05:35+00:00,2025-07-25 00:30:00+00:00,0.0,2025-07-24,2025,REG,CHI,SEA,1.065217391304348,True,,0.5336835053940976,401736265,4433405,19,14,1,True,False,matched,13.0,2025-07-24,under,0.2782542229373657,2.0,-1.0,1.0,False,False,False
2298,3a4c077848b7fa6e731b2e5efa4dc35a,518,Saniya Rivers,saniyarivers,CON,threes,1.5,210.0,-270.0,24,24,2025-07-24 06:39:13+00:00,2025-07-24 06:39:13+00:00,2025-07-24 06:39:13+00:00,2025-07-24 23:00:00+00:00,0.0,2025-07-24,2025,REG,CON,LAS,1.05231037489102,True,,0.29094669688776803,401736263,4433514,18,6,1,True,False,matched,0.0,2025-07-24,under,0.10253809064867647,1.3703703703703702,0.37037037037037024,1.0,False,False,False
2301,a7bc6dfb45e1c8e026739491a6d2fd6f,132,Sabrina Ionescu,sabrinaionescu,NYL,points,17.5,-128.0,-102.0,10,10,2025-07-24 07:28:07+00:00,2025-07-24 07:28:07+00:00,2025-07-24 07:28:07+00:00,2025-07-25 23:30:00+00:00,0.0,2025-07-25,2025,REG,NYL,PHX,1.0663540038214347,True,,0.5291749480305961,401736266,4066533,9,11,1,True,False,matched,29.0,2025-07-25,under,0.17531771242237065,1.9803921568627452,-1.0,1.0,False,False,False
2301,f32c76a70499037031a57cf997072330,141,Jonquel Jones,jonqueljones,NYL,points,12.5,-114.0,-114.0,10,10,2025-07-24 07:28:07+00:00,2025-07-24 07:28:07+00:00,2025-07-24 07:28:07+00:00,2025-07-25 23:30:00+00:00,0.0,2025-07-25,2025,REG,NYL,PHX,1.0654205607476634,True,,0.5000000000000001,401736266,2999101,9,11,1,True,False,matched,20.0,2025-07-25,under,0.11208767650229101,1.8771929824561404,-1.0,1.0,False,False,False
2301,a79a0407ef3288cb464b3216d73853fa,40,Alyssa Thomas,alyssathomas,PHO,points,13.5,-102.0,-128.0,10,10,2025-07-24 07:28:07+00:00,2025-07-24 07:28:07+00:00,2025-07-24 07:28:07+00:00,2025-07-25 23:30:00+00:00,0.0,2025-07-25,2025,REG,NYL,PHX,1.0663540038214347,True,,0.47082505196940394,401736266,2529140,11,9,0,True,False,matched,20.0,2025-07-25,under,0.05980830567715961,1.78125,-1.0,1.0,False,False,False
2301,daa18228179f6006469a2c7fca4bc7af,54,Satou Sabally,satousabally,NYL,rebounds,6.5,-152.0,114.0,10,10,2025-07-24 07:28:08+00:00,2025-07-24 07:28:08+00:00,2025-07-24 07:28:08+00:00,2025-07-25 23:30:00+00:00,0.0,2025-07-25,2025,REG,NYL,PHX,1.0704643228007713,True,,0.5703965275254933,401736266,4281929,11,9,0,True,False,matched,5.0,2025-07-25,under,0.1042747611981582,2.1399999999999997,1.1399999999999997,1.0,False,False,False
2301,a616682da556a680f1f50db4434dc8b2,155,Kahleah Copper,kahleahcopper,PHO,rebounds,3.5,104.0,-138.0,10,10,2025-07-24 07:28:08+00:00,2025-07-24 07:28:08+00:00,2025-07-24 07:28:08+00:00,2025-07-25 23:30:00+00:00,0.0,2025-07-25,2025,REG,NYL,PHX,1.0700280112044818,True,,0.4535791638529251,401736266,2998938,11,9,0,True,False,matched,3.0,2025-07-25,over,0.07502995650871808,2.04,-1.0,1.0,False,False,False
2299,1e9e858f66cd887813ef92bff61b4e0f,175,Skylar Diggins,skylardiggins,CHI,threes,1.5,104.0,-138.0,10,10,2025-07-24 18:48:10+00:00,2025-07-24 18:48:10+00:00,2025-07-24 18:48:10+00:00,2025-07-25 00:30:00+00:00,0.0,2025-07-24,2025,REG,CHI,SEA,1.0700280112044818,True,,0.4535791638529251,401736265,2491205,14,19,0,True,False,matched,3.0,2025-07-24,under,0.11403647175101528,1.7246376811594204,-1.0,1.0,False,False,False
2301,4857e07950a28fdfe5adcf1a49ecc68f,177,Sami Whitcomb,samiwhitcomb,PHO,threes,1.5,-130.0,-102.0,10,10,2025-07-25 01:53:17+00:00,2025-07-25 01:53:17+00:00,2025-07-25 01:53:17+00:00,2025-07-25 23:30:00+00:00,0.0,2025-07-25,2025,REG,NYL,PHX,1.0701678863538528,True,,0.5312123494364493,401736266,887,11,9,0,True,False,matched,1.0,2025-07-25,over,0.05482869873607188,1.7692307692307692,-1.0,1.0,False,False,False
2301,bc7cc2dbd709fccbff6cd9fd8c0e712d,147,Leonie Fiebich,leoniefiebich,NYL,threes,1.5,126.0,-166.0,10,10,2025-07-25 02:18:47+00:00,2025-07-25 02:18:47+00:00,2025-07-25 02:18:47+00:00,2025-07-25 23:30:00+00:00,0.0,2025-07-25,2025,REG,NYL,PHX,1.0665380264821347,True,,0.4061242509563762,401736266,4683006,9,11,1,True,False,matched,3.0,2025-07-25,over,0.14811172736294226,2.26,1.2599999999999998,1.0,False,False,False
2301,da01a9ee768f311e4be39d2720cb7114,137,Breanna Stewart,breannastewart,NYL,threes,0.5,-250.0,165.0,33,33,2025-07-25 02:39:45+00:00,2025-07-25 02:39:45+00:00,2025-07-25 02:39:45+00:00,2025-07-25 23:30:00+00:00,0.0,2025-07-25,2025,REG,NYL,PHX,1.091644204851752,True,,0.6769644768626301,401736266,2998928,9,11,1,True,False,matched,0.0,2025-07-25,under,0.4779145805932794,2.65,1.65,1.0,False,False,False
2300,bcc820321881c0548eec70f888ef3718,103,A'ja Wilson,ajawilson,LVA,points,21.5,-122.0,-106.0,10,10,2025-07-25 04:07:42+00:00,2025-07-25 04:07:42+00:00,2025-07-25 04:07:42+00:00,2025-07-25 23:30:00+00:00,0.0,2025-07-25,2025,REG,MIN,LVA,1.064112656345666,True,,0.518058368553134,401736267,3149391,17,8,0,True,False,matched,15.0,2025-07-25,under,0.13136976152429725,1.9433962264150944,0.9433962264150944,1.0,False,False,False
2300,775c47e793154e3dd8ab10181a6b43f9,125,Kayla McBride,kaylamcbride,MIN,points,14.5,-108.0,-120.0,10,10,2025-07-25 04:07:42+00:00,2025-07-25 04:07:42+00:00,2025-07-25 04:07:42+00:00,2025-07-25 23:30:00+00:00,0.0,2025-07-25,2025,REG,MIN,LVA,1.0646853146853146,True,,0.48646030463369283,401736267,2529205,8,17,1,True,False,matched,13.0,2025-07-25,under,0.08022451537838104,1.8333333333333335,0.8333333333333335,1.0,False,False,False
2300,319c475aa07f653b98a1fbb95be507e9,112,Napheesa Collier,napheesacollier,MIN,points,20.5,-110.0,-118.0,10,10,2025-07-25 04:07:42+00:00,2025-07-25 04:07:42+00:00,2025-07-25 04:07:42+00:00,2025-07-25 23:30:00+00:00,0.0,2025-07-25,2025,REG,MIN,LVA,1.0650939274792486,True,,0.4909754767731684,401736267,3917450,8,17,1,True,False,matched,25.0,2025-07-25,under,0.059352602121594045,1.847457627118644,-1.0,1.0,False,False,False
2300,933e9aca3ed1f56bf7c3ca9505d55e1c,117,Courtney Williams,courtneywilliams,MIN,points,13.5,-125.0,-104.0,10,10,2025-07-25 04:07:43+00:00,2025-07-25 04:07:43+00:00,2025-07-25 04:07:43+00:00,2025-07-25 23:30:00+00:00,0.0,2025-07-25,2025,REG,MIN,LVA,1.065359477124183,True,,0.5236312520088393,401736267,2987891,8,17,1,True,False,matched,23.0,2025-07-25,under,0.10322615566711069,1.9615384615384617,-1.0,1.0,False,False,False
2300,e86e86c8f22fcd31683968fa52e13ad1,166,Jewell Loyd,jewellloyd,LVA,threes,1.5,148.0,-200.0,10,10,2025-07-25 05:07:56+00:00,2025-07-25 05:07:56+00:00,2025-07-25 05:07:56+00:00,2025-07-25 23:30:00+00:00,0.0,2025-07-25,2025,REG,MIN,LVA,1.0698924731182795,True,,0.3634985050458517,401736267,2987869,17,8,0,True,False,matched,0.0,2025-07-25,over,0.09685223155727773,2.48,-1.0,1.0,False,False,False
2300,c42cc6d57472f55a8e6aab587ba5aab3,121,Alanna Smith,alannasmith,DAL,points,9.5,-102.0,-128.0,10,10,2025-07-25 05:20:04+00:00,2025-07-25 05:20:04+00:00,2025-07-25 05:20:04+00:00,2025-07-25 23:30:00+00:00,0.0,2025-07-25,2025,REG,MIN,LVA,1.0663540038214347,True,,0.47082505196940394,401736267,3913881,8,17,1,True,False,matched,4.0,2025-07-25,under,0.10325932501440904,1.78125,0.78125,1.0,False,False,False
2302,5c0fa509d1e3b4e7290b54e6d7a0ef6a,537,Janelle Salaun,janellesalaun,GSV,points,11.5,-110.0,-118.0,10,10,2025-07-25 06:07:57+00:00,2025-07-25 06:07:57+00:00,2025-07-25 06:07:57+00:00,2025-07-26 02:00:00+00:00,0.0,2025-07-25,2025,REG,GSV,DAL,1.0650939274792486,True,,0.4909754767731684,401736268,4790264,129689,3,1,True,False,matched,16.0,2025-07-25,under,0.2693382152112972,1.847457627118644,-1.0,1.0,False,False,False
2304,4f2ca2d2f684dfb97d6cddae820316cf,208,Gabby Williams,gabbywilliams,GSV,assists,4.5,-135.0,105.0,24,24,2025-07-25 15:13:28+00:00,2025-07-25 15:13:28+00:00,2025-07-25 15:13:28+00:00,2025-07-26 23:30:00+00:00,0.0,2025-07-26,2025,REG,WAS,SEA,1.0622729631551635,True,,0.5446886059829622,401736271,3142328,14,16,0,True,False,matched,1.0,2025-07-26,under,0.20152072457094578,2.05,1.0499999999999998,1.0,False,False,False
2304,8debbe819fb1d79d8b434a1264f8158d,182,Brittney Sykes,brittneysykes,TOR,assists,4.5,-115.0,-115.0,24,24,2025-07-25 15:13:28+00:00,2025-07-25 15:13:28+00:00,2025-07-25 15:13:28+00:00,2025-07-26 23:30:00+00:00,0.0,2025-07-26,2025,REG,WAS,SEA,1.0697674418604652,True,,0.5,401736271,2988756,16,14,1,True,False,matched,5.0,2025-07-26,under,0.15027988163167183,1.8695652173913042,-1.0,1.0,False,False,False
2304,d50a92c67d68ef2e5c03c52e128b615a,573,Sonia Citron,soniacitron,WAS,threes,1.5,-115.0,-115.0,24,24,2025-07-25 15:17:43+00:00,2025-07-25 15:17:43+00:00,2025-07-25 15:17:43+00:00,2025-07-26 23:30:00+00:00,0.0,2025-07-26,2025,REG,WAS,SEA,1.0697674418604652,True,,0.5,401736271,4433524,16,14,1,True,False,matched,0.0,2025-07-26,under,0.1137947052117882,1.8695652173913042,0.8695652173913042,1.0,False,False,False
2304,595befbc24b1797422bee882ea644888,175,Skylar Diggins,skylardiggins,CHI,threes,1.5,120.0,-150.0,24,24,2025-07-25 15:17:43+00:00,2025-07-25 15:17:43+00:00,2025-07-25 15:17:43+00:00,2025-07-26 23:30:00+00:00,0.0,2025-07-26,2025,REG,WAS,SEA,1.0545454545454547,True,,0.4253013906678685,401736271,2491205,14,16,0,True,False,matched,1.0,2025-07-26,under,0.08875282779379395,1.6666666666666665,0.6666666666666665,1.0,False,False,False
2300,aa7432f53ba9275b9db14b0b75b1ccbf,73,NaLyssa Smith,nalyssasmith,LVA,points,7.5,102.0,-132.0,10,10,2025-07-25 16:37:34+00:00,2025-07-25 16:37:34+00:00,2025-07-25 16:37:34+00:00,2025-07-25 23:30:00+00:00,0.0,2025-07-25,2025,REG,MIN,LVA,1.0640150221918745,True,,0.4618487426836327,401736267,4398776,17,8,0,True,False,matched,8.0,2025-07-25,under,0.1031890982292224,1.7575757575757576,-1.0,1.0,False,False,False
2300,2dfcbbe827a3316abff0683e4b3fde8e,102,Jackie Young,jackieyoung,LVA,assists,3.5,-125.0,-106.0,10,10,2025-07-25 16:37:35+00:00,2025-07-25 16:37:35+00:00,2025-07-25 16:37:35+00:00,2025-07-25 23:30:00+00:00,0.0,2025-07-25,2025,REG,MIN,LVA,1.070118662351672,True,,0.5212291071384377,401736267,4065870,17,8,0,True,False,matched,5.0,2025-07-25,over,0.07479622852948581,1.8,0.8,1.0,False,False,False
2304,840c22c59a9e64b7e936cf89e842062f,180,Nneka Ogwumike,nnekaogwumike,LAS,threes,1.5,108.0,-144.0,10,10,2025-07-25 19:27:52+00:00,2025-07-25 19:27:52+00:00,2025-07-25 19:27:52+00:00,2025-07-26 23:30:00+00:00,0.0,2025-07-26,2025,REG,WAS,SEA,1.0709331651954601,True,,0.4433154794603006,401736271,1068,14,16,0,True,False,matched,1.0,2025-07-26,under,0.1083646541926575,1.6944444444444444,0.6944444444444444,1.0,False,False,False
2304,32c044f0a62245541fe41217e33487d0,196,Shakira Austin,shakiraaustin,WAS,rebounds,8.5,116.0,-154.0,10,10,2025-07-25 20:24:00+00:00,2025-07-25 20:24:00+00:00,2025-07-25 20:24:00+00:00,2025-07-26 23:30:00+00:00,0.0,2025-07-26,2025,REG,WAS,SEA,1.0692621755613883,True,,0.425792012343204,401736271,4398911,16,14,1,True,False,matched,11.0,2025-07-26,under,0.13460716534370637,1.6493506493506493,-1.0,1.0,False,False,False
2304,40325a5b57b116e89a926b4a85d32bcd,176,Ezi Magbegor,ezimagbegor,SEA,rebounds,6.5,-130.0,-102.0,10,10,2025-07-26 00:51:03+00:00,2025-07-26 00:51:03+00:00,2025-07-26 00:51:03+00:00,2025-07-26 23:30:00+00:00,0.0,2025-07-26,2025,REG,WAS,SEA,1.0701678863538528,True,,0.5312123494364493,401736271,4420318,14,16,0,True,False,matched,3.0,2025-07-26,under,0.15207929491007266,1.9803921568627452,0.9803921568627452,1.0,False,False,False
2304,51f69928c7a3ddc7b0623ae49d366921,66,Erica Wheeler,ericawheeler,LAS,points,10.5,-130.0,100.0,10,10,2025-07-26 00:51:04+00:00,2025-07-26 00:51:04+00:00,2025-07-26 00:51:04+00:00,2025-07-26 23:30:00+00:00,0.0,2025-07-26,2025,REG,WAS,SEA,1.065217391304348,True,,0.5336835053940976,401736271,2491214,14,16,0,True,False,matched,12.0,2025-07-26,under,0.2877105574222182,2.0,-1.0,1.0,False,False,False
2302,65e196a9a3be0896b030260d191ec84a,120,Cecilia Zandalasini,ceciliazandalasini,GSV,points,11.5,-104.0,-125.0,10,10,2025-07-26 01:47:48+00:00,2025-07-26 01:47:48+00:00,2025-07-26 01:47:48+00:00,2025-07-26 02:00:00+00:00,0.0,2025-07-25,2025,REG,GSV,DAL,1.065359477124183,True,,0.4763687479911608,401736268,4257500,129689,3,1,True,False,matched,10.0,2025-07-25,under,0.4759911420661954,1.8,0.8,1.0,False,False,False
2303,ab3a9f2767ce0d0b46bf47d1fbe9d946,147,Leonie Fiebich,leoniefiebich,NYL,points,6.5,-113.0,-115.0,10,10,2025-07-26 03:42:19+00:00,2025-07-26 03:42:19+00:00,2025-07-26 03:42:19+00:00,2025-07-26 23:00:00+00:00,0.0,2025-07-26,2025,REG,NYL,LAS,1.0654001528551151,True,,0.49774423259931944,401736270,4683006,9,6,1,True,False,matched,10.0,2025-07-26,over,0.2808368285242477,1.8849557522123894,0.8849557522123894,1.0,False,False,False
2303,13e530bd3c42e26cef34311e7bef1695,132,Sabrina Ionescu,sabrinaionescu,NYL,threes,2.5,-158.0,118.0,10,10,2025-07-26 03:42:19+00:00,2025-07-26 03:42:19+00:00,2025-07-26 03:42:19+00:00,2025-07-26 23:00:00+00:00,0.0,2025-07-26,2025,REG,NYL,LAS,1.0711186971054691,True,,0.5796527091990534,401736270,4066533,9,6,1,True,False,matched,2.0,2025-07-26,under,0.22138477932086775,2.1799999999999997,1.1799999999999997,1.0,False,False,False
2303,cf7659314a602e279e2366beb5902492,94,Rickea Jackson,rickeajackson,CHI,rebounds,3.5,-125.0,-106.0,10,10,2025-07-26 03:42:19+00:00,2025-07-26 03:42:19+00:00,2025-07-26 03:42:19+00:00,2025-07-26 23:00:00+00:00,0.0,2025-07-26,2025,REG,NYL,LAS,1.070118662351672,True,,0.5212291071384377,401736270,4433630,6,9,0,True,False,matched,3.0,2025-07-26,under,0.16757302739637608,1.9433962264150944,0.9433962264150944,1.0,False,False,False
2303,b40ce337f52bc985dbaf0d4bedf77306,82,Azura Stevens,azurastevens,CHI,rebounds,8.5,-114.0,-114.0,10,10,2025-07-26 03:42:19+00:00,2025-07-26 03:42:19+00:00,2025-07-26 03:42:19+00:00,2025-07-26 23:00:00+00:00,0.0,2025-07-26,2025,REG,NYL,LAS,1.0654205607476634,True,,0.5000000000000001,401736270,3142010,6,9,0,True,False,matched,11.0,2025-07-26,under,0.1369308775235873,1.8771929824561404,-1.0,1.0,False,False,False
2303,001827f194c08517be23d879acfbc3e3,89,Dearica Hamby,dearicahamby,LAS,points,15.5,-130.0,100.0,10,10,2025-07-26 03:42:19+00:00,2025-07-26 03:42:19+00:00,2025-07-26 03:42:19+00:00,2025-07-26 23:00:00+00:00,0.0,2025-07-26,2025,REG,NYL,LAS,1.065217391304348,True,,0.5336835053940976,401736270,2566106,6,9,0,True,False,matched,17.0,2025-07-26,under,0.0549125013088243,2.0,-1.0,1.0,False,False,False
2303,13c4b8f38291950f72853db659219fd8,141,Jonquel Jones,jonqueljones,NYL,points,13.5,-104.0,-125.0,10,10,2025-07-26 03:42:20+00:00,2025-07-26 03:42:20+00:00,2025-07-26 03:42:20+00:00,2025-07-26 23:00:00+00:00,0.0,2025-07-26,2025,REG,NYL,LAS,1.065359477124183,True,,0.4763687479911608,401736270,2999101,9,6,1,True,False,matched,14.0,2025-07-26,under,0.09843273416029658,1.8,-1.0,1.0,False,False,False
2305,4c7fbfbc64e299b2c8708fa5364be1d6,537,Janelle Salaun,janellesalaun,GSV,rebounds,5.5,-125.0,-106.0,10,10,2025-07-26 06:03:22+00:00,2025-07-26 06:03:22+00:00,2025-07-26 06:03:22+00:00,2025-07-27 17:00:00+00:00,0.0,2025-07-27,2025,REG,CON,GSV,1.070118662351672,True,,0.5212291071384377,401736272,4790264,129689,18,0,True,False,matched,3.0,2025-07-27,under,0.41082605841538916,1.9433962264150944,0.9433962264150944,1.0,False,False,False
2305,292f137fc1e00bf21aa31a0f6ac49f1f,221,Tiffany Hayes,tiffanyhayes,GSV,points,14.5,-114.0,-114.0,10,10,2025-07-26 06:03:22+00:00,2025-07-26 06:03:22+00:00,2025-07-26 06:03:22+00:00,2025-07-27 17:00:00+00:00,0.0,2025-07-27,2025,REG,CON,GSV,1.0654205607476634,True,,0.5000000000000001,401736272,1054,129689,18,0,True,False,matched,4.0,2025-07-27,under,0.27056411972839317,1.8771929824561404,0.8771929824561404,1.0,False,False,False
2305,29594615b22e27d86709d3a2ccb340a4,55,Veronica Burton,veronicaburton,GSV,assists,5.5,-122.0,-108.0,10,10,2025-07-26 06:03:22+00:00,2025-07-26 06:03:22+00:00,2025-07-26 06:03:22+00:00,2025-07-27 17:00:00+00:00,0.0,2025-07-27,2025,REG,CON,GSV,1.0687803187803186,True,,0.5156895960912058,401736272,4398935,129689,18,0,True,False,matched,3.0,2025-07-27,under,0.2498503061715326,1.925925925925926,0.925925925925926,1.0,False,False,False
2305,4e67480de46bdbdd4d15e7e2a2c8413f,9,Tina Charles,tinacharles,FA,rebounds,6.5,118.0,-158.0,10,10,2025-07-26 06:03:22+00:00,2025-07-26 06:03:22+00:00,2025-07-26 06:03:22+00:00,2025-07-27 17:00:00+00:00,0.0,2025-07-27,2025,REG,CON,GSV,1.0711186971054691,True,,0.42034729080094674,401736272,918,18,129689,1,True,False,matched,6.0,2025-07-27,over,0.1478783686736957,2.1799999999999997,-1.0,1.0,False,False,False
2306,7e32a4e7d48d6fa2fba473bece9d03c5,70,Kelsey Mitchell,kelseymitchell,IND,points,20.5,-113.0,-115.0,10,10,2025-07-27 03:42:49+00:00,2025-07-27 03:42:49+00:00,2025-07-27 03:42:49+00:00,2025-07-27 19:00:00+00:00,0.0,2025-07-27,2025,REG,CHI,IND,1.0654001528551151,True,,0.49774423259931944,401736269,3142191,5,19,0,True,False,matched,35.0,2025-07-27,under,0.11015839819846407,1.8695652173913042,-1.0,1.0,False,False,False
2306,d19f453f3d645831811370177aacff30,88,Aari McDonald,aarimcdonald,FA,assists,4.5,-144.0,108.0,10,10,2025-07-27 03:42:50+00:00,2025-07-27 03:42:50+00:00,2025-07-27 03:42:50+00:00,2025-07-27 19:00:00+00:00,0.0,2025-07-27,2025,REG,CHI,IND,1.0709331651954601,True,,0.5566845205396996,401736269,4066553,5,19,0,True,False,matched,4.0,2025-07-27,under,0.2981306724289739,2.08,1.08,1.0,False,False,False
2306,0452f30d9d8b4df1f52a49bc15e22bc8,26,Angel Reese,angelreese,ATL,assists,3.5,-138.0,104.0,10,10,2025-07-27 03:42:50+00:00,2025-07-27 03:42:50+00:00,2025-07-27 03:42:50+00:00,2025-07-27 19:00:00+00:00,0.0,2025-07-27,2025,REG,CHI,IND,1.0700280112044818,True,,0.5464208361470752,401736269,4433402,19,5,1,True,True,did_not_play,,2025-07-27,under,0.15092742244826146,2.04,0.0,0.0,False,True,False
2306,7e0037035edb609962520e2a67c57b09,71,Aliyah Boston,aliyahboston,IND,points,15.5,-110.0,-118.0,10,10,2025-07-27 03:42:50+00:00,2025-07-27 03:42:50+00:00,2025-07-27 03:42:50+00:00,2025-07-27 19:00:00+00:00,0.0,2025-07-27,2025,REG,CHI,IND,1.0650939274792486,True,,0.4909754767731684,401736269,4432831,5,19,0,True,False,matched,14.0,2025-07-27,under,0.12810427049972972,1.847457627118644,0.847457627118644,1.0,False,False,False
2306,63f1542af8d5247f4dee23373d9f240a,56,Natasha Howard,natashahoward,MIN,points,12.5,-128.0,-102.0,10,10,2025-07-27 03:42:50+00:00,2025-07-27 03:42:50+00:00,2025-07-27 03:42:50+00:00,2025-07-27 19:00:00+00:00,0.0,2025-07-27,2025,REG,CHI,IND,1.0663540038214347,True,,0.5291749480305961,401736269,2529130,5,19,0,True,False,matched,0.0,2025-07-27,under,0.12561802256770482,1.9803921568627452,0.9803921568627452,1.0,False,False,False
2305,06c5300695398c5eccec3e48cb49abd9,43,Olivia Nelson-Ododa,olivianelsonododa,CON,points,7.5,-125.0,-104.0,10,10,2025-07-27 03:55:37+00:00,2025-07-27 03:55:37+00:00,2025-07-27 03:55:37+00:00,2025-07-27 17:00:00+00:00,0.0,2025-07-27,2025,REG,CON,GSV,1.065359477124183,True,,0.5236312520088393,401736272,4398966,18,129689,1,True,False,matched,0.0,2025-07-27,under,0.11280248156046829,1.9615384615384617,0.9615384615384617,1.0,False,False,False
2305,973c8084580b2565b1598d292bd19742,22,Marina Mabrey,marinamabrey,TOR,threes,1.5,-114.0,-114.0,10,10,2025-07-27 03:55:38+00:00,2025-07-27 03:55:38+00:00,2025-07-27 03:55:38+00:00,2025-07-27 17:00:00+00:00,0.0,2025-07-27,2025,REG,CON,GSV,1.0654205607476634,True,,0.5000000000000001,401736272,3904576,18,129689,1,True,False,matched,2.0,2025-07-27,over,0.10176628680715827,1.8771929824561404,0.8771929824561404,1.0,False,False,False
2308,e925413dcc85a611d70609bffe2ae629,149,Sug Sutton,sugsutton,DAL,points,8.5,-104.0,-125.0,10,10,2025-07-27 03:59:46+00:00,2025-07-27 03:59:46+00:00,2025-07-27 03:59:46+00:00,2025-07-27 22:00:00+00:00,0.0,2025-07-27,2025,REG,WAS,PHX,1.065359477124183,True,,0.4763687479911608,401736274,4068159,16,11,1,True,False,matched,4.0,2025-07-27,under,0.17277868663846574,1.8,0.8,1.0,False,False,False
2308,e32d7c93a1359f8562cfc26a10b0fa87,54,Satou Sabally,satousabally,NYL,threes,1.5,-188.0,140.0,10,10,2025-07-27 03:59:46+00:00,2025-07-27 03:59:46+00:00,2025-07-27 03:59:46+00:00,2025-07-27 22:00:00+00:00,0.0,2025-07-27,2025,REG,WAS,PHX,1.0694444444444444,True,,0.6222928210344938,401736274,4281929,11,16,0,True,False,matched,0.0,2025-07-27,under,0.12738835307275487,2.4,1.4,1.0,False,False,False
2308,9e1313f0ec4d8cc38b81d7a7de5fd301,573,Sonia Citron,soniacitron,WAS,threes,1.5,164.0,-225.0,10,10,2025-07-27 03:59:46+00:00,2025-07-27 03:59:46+00:00,2025-07-27 03:59:46+00:00,2025-07-27 22:00:00+00:00,0.0,2025-07-27,2025,REG,WAS,PHX,1.0710955710955712,True,,0.33738864980507277,401736274,4433524,16,11,1,True,False,matched,0.0,2025-07-27,over,0.10745636214286503,2.6399999999999997,-1.0,1.0,False,False,False
2308,231f885c9e325fe5bbdd6805d95e5cd3,196,Shakira Austin,shakiraaustin,WAS,points,14.5,-106.0,-122.0,10,10,2025-07-27 03:59:46+00:00,2025-07-27 03:59:46+00:00,2025-07-27 03:59:46+00:00,2025-07-27 22:00:00+00:00,0.0,2025-07-27,2025,REG,WAS,PHX,1.064112656345666,True,,0.4819416314468661,401736274,4398911,16,11,1,True,False,matched,20.0,2025-07-27,under,0.10736203151756674,1.819672131147541,-1.0,1.0,False,False,False
2308,bb9ae8b7033269c1ffc2c8e5a18e81f2,40,Alyssa Thomas,alyssathomas,PHO,points,13.5,-102.0,-128.0,10,10,2025-07-27 03:59:46+00:00,2025-07-27 03:59:46+00:00,2025-07-27 03:59:46+00:00,2025-07-27 22:00:00+00:00,0.0,2025-07-27,2025,REG,WAS,PHX,1.0663540038214347,True,,0.47082505196940394,401736274,2529140,11,16,0,True,False,matched,27.0,2025-07-27,under,0.05688287645967399,1.78125,-1.0,1.0,False,False,False
2305,2e1a9a4f7ae470dbe2c937232f2b4b54,120,Cecilia Zandalasini,ceciliazandalasini,GSV,points,10.5,-120.0,-106.0,10,10,2025-07-27 04:13:07+00:00,2025-07-27 04:13:07+00:00,2025-07-27 04:13:07+00:00,2025-07-27 17:00:00+00:00,0.0,2025-07-27,2025,REG,CON,GSV,1.060017652250662,True,,0.5159090588905224,401736272,4257500,129689,18,0,True,False,matched,0.0,2025-07-27,under,0.49707745862609376,1.9433962264150944,0.9433962264150944,1.0,False,False,False
2309,a51dbb984de47aede7836874928e7003,2,Jordin Canada,jordincanada,ATL,rebounds,4.5,126.0,-168.0,10,10,2025-07-27 05:10:20+00:00,2025-07-27 05:10:20+00:00,2025-07-27 05:10:20+00:00,2025-07-27 23:00:00+00:00,0.0,2025-07-27,2025,REG,MIN,ATL,1.0693435477479856,True,,0.4045224464881516,401736275,3142250,20,8,0,True,False,matched,4.0,2025-07-27,under,0.15143213057067634,1.5952380952380953,0.5952380952380953,1.0,False,False,False
2309,25df3d8367a364310b14155a8fc0cebd,112,Napheesa Collier,napheesacollier,MIN,rebounds,7.5,-138.0,104.0,10,10,2025-07-27 05:10:20+00:00,2025-07-27 05:10:20+00:00,2025-07-27 05:10:20+00:00,2025-07-27 23:00:00+00:00,0.0,2025-07-27,2025,REG,MIN,ATL,1.0700280112044818,True,,0.5464208361470752,401736275,3917450,8,20,1,True,False,matched,8.0,2025-07-27,under,0.1444744937294145,2.04,-1.0,1.0,False,False,False
2309,8366ceabd748fe78d733f81a8735861a,148,Brittney Griner,brittneygriner,CON,points,11.5,-108.0,-120.0,10,10,2025-07-27 05:10:20+00:00,2025-07-27 05:10:20+00:00,2025-07-27 05:10:20+00:00,2025-07-27 23:00:00+00:00,0.0,2025-07-27,2025,REG,MIN,ATL,1.0646853146853146,True,,0.48646030463369283,401736275,2490553,20,8,0,True,False,matched,22.0,2025-07-27,under,0.0665711701971865,1.8333333333333335,-1.0,1.0,False,False,False
2309,fc131927615636895dceca61217c2dac,1,Allisha Gray,allishagray,ATL,assists,3.5,-130.0,-102.0,10,10,2025-07-27 05:10:20+00:00,2025-07-27 05:10:20+00:00,2025-07-27 05:10:20+00:00,2025-07-27 23:00:00+00:00,0.0,2025-07-27,2025,REG,MIN,ATL,1.0701678863538528,True,,0.5312123494364493,401736275,3058901,20,8,0,True,False,matched,2.0,2025-07-27,under,0.057899857884465944,1.9803921568627452,0.9803921568627452,1.0,False,False,False
2309,971e1d77a88706ef6d208779ff6123ac,49,Brionna Jones,brionnajones,ATL,rebounds,6.5,-140.0,106.0,10,10,2025-07-27 05:10:21+00:00,2025-07-27 05:10:21+00:00,2025-07-27 05:10:21+00:00,2025-07-27 23:00:00+00:00,0.0,2025-07-27,2025,REG,MIN,ATL,1.0687702265372168,True,,0.5506638564937638,401736275,3058895,20,8,0,True,False,matched,3.0,2025-07-27,under,0.14984528566024263,2.06,1.06,1.0,False,False,False
2309,5a1344d0f6ca1c9f1b75b271216f7165,117,Courtney Williams,courtneywilliams,MIN,points,14.5,-114.0,-114.0,10,10,2025-07-27 05:10:21+00:00,2025-07-27 05:10:21+00:00,2025-07-27 05:10:21+00:00,2025-07-27 23:00:00+00:00,0.0,2025-07-27,2025,REG,MIN,ATL,1.0654205607476634,True,,0.5000000000000001,401736275,2987891,8,20,1,True,False,matched,11.0,2025-07-27,under,0.09720556374361183,1.8771929824561404,0.8771929824561404,1.0,False,False,False
2307,f3041aa67817930c343ef34cfeb3dd7f,103,A'ja Wilson,ajawilson,LVA,rebounds,9.5,-114.0,-114.0,10,10,2025-07-27 05:27:58+00:00,2025-07-27 05:27:58+00:00,2025-07-27 05:27:58+00:00,2025-07-27 20:00:00+00:00,0.0,2025-07-27,2025,REG,DAL,LVA,1.0654205607476634,True,,0.5000000000000001,401736273,3149391,17,3,0,True,False,matched,10.0,2025-07-27,under,0.13991685165386897,1.8771929824561404,-1.0,1.0,False,False,False
2307,d5ba3efe30df23bb1d2f680c12ed6972,63,Arike Ogunbowale,arikeogunbowale,DAL,points,17.5,100.0,-130.0,10,10,2025-07-27 05:27:58+00:00,2025-07-27 05:27:58+00:00,2025-07-27 05:27:58+00:00,2025-07-27 20:00:00+00:00,0.0,2025-07-27,2025,REG,DAL,LVA,1.065217391304348,True,,0.4663164946059025,401736273,3904577,3,17,1,True,False,matched,18.0,2025-07-27,under,0.10239325870421195,1.7692307692307692,-1.0,1.0,False,False,False
2307,fe83429ddac897237508eae06a9ff785,530,JJ Quinerly,jjquinerly,FA,assists,4.5,-125.0,-106.0,10,10,2025-07-27 05:31:52+00:00,2025-07-27 05:31:52+00:00,2025-07-27 05:31:52+00:00,2025-07-27 20:00:00+00:00,0.0,2025-07-27,2025,REG,DAL,LVA,1.070118662351672,True,,0.5212291071384377,401736273,4434015,3,17,1,True,False,matched,5.0,2025-07-27,under,0.4707269965742459,1.9433962264150944,-1.0,1.0,False,False,False
2307,177edb83512dbadfab9f443460d6d97f,107,Chelsea Gray,chelseagray,LVA,assists,4.5,-154.0,116.0,10,10,2025-07-27 05:31:52+00:00,2025-07-27 05:31:52+00:00,2025-07-27 05:31:52+00:00,2025-07-27 20:00:00+00:00,0.0,2025-07-27,2025,REG,DAL,LVA,1.0692621755613883,True,,0.574207987656796,401736273,2529122,17,3,0,True,False,matched,8.0,2025-07-27,under,0.27496287161569716,2.16,-1.0,1.0,False,False,False
2307,cc9f300b58d2561f6cc7e5e48ba92cf6,102,Jackie Young,jackieyoung,LVA,assists,4.5,-162.0,122.0,10,10,2025-07-27 05:31:52+00:00,2025-07-27 05:31:52+00:00,2025-07-27 05:31:52+00:00,2025-07-27 20:00:00+00:00,0.0,2025-07-27,2025,REG,DAL,LVA,1.0687710611374732,True,,0.5868918088955871,401736273,4065870,17,3,0,True,False,matched,8.0,2025-07-27,under,0.2737541854202205,2.2199999999999998,-1.0,1.0,False,False,False
2307,5953cc8a036b31dd8c25923aecc82569,166,Jewell Loyd,jewellloyd,LVA,points,10.5,-115.0,-113.0,10,10,2025-07-27 05:31:52+00:00,2025-07-27 05:31:52+00:00,2025-07-27 05:31:52+00:00,2025-07-27 20:00:00+00:00,0.0,2025-07-27,2025,REG,DAL,LVA,1.0654001528551151,True,,0.5022557674006809,401736273,2987869,17,3,0,True,False,matched,20.0,2025-07-27,under,0.05750540678218913,1.8849557522123894,-1.0,1.0,False,False,False
2307,704dcccd253296b00af00daafda3f696,95,Li Yueru,liyueru,DAL,rebounds,6.5,-115.0,-115.0,33,33,2025-07-27 07:34:07+00:00,2025-07-27 07:34:07+00:00,2025-07-27 07:34:07+00:00,2025-07-27 20:00:00+00:00,0.0,2025-07-27,2025,REG,DAL,LVA,1.0697674418604652,True,,0.5,401736273,4336633,3,17,1,True,False,matched,4.0,2025-07-27,under,0.22763272966418752,1.8695652173913042,0.8695652173913042,1.0,False,False,False
2309,6546b41c7892625d29d49ea2719c93c3,121,Alanna Smith,alannasmith,DAL,threes,1.5,160.0,-200.0,24,24,2025-07-27 09:22:12+00:00,2025-07-27 09:22:12+00:00,2025-07-27 09:22:12+00:00,2025-07-27 23:00:00+00:00,0.0,2025-07-27,2025,REG,MIN,ATL,1.051282051282051,True,,0.35535006246594214,401736275,3913881,8,20,1,True,False,matched,1.0,2025-07-27,under,0.052961370347134495,1.5,0.5,1.0,False,False,False
2306,a29ef4ca93057f07a0d09b2438890d23,30,Kamilla Cardoso,kamillacardoso,CHI,points,13.5,-122.0,-106.0,10,10,2025-07-27 18:21:42+00:00,2025-07-27 18:21:42+00:00,2025-07-27 18:21:42+00:00,2025-07-27 19:00:00+00:00,0.0,2025-07-27,2025,REG,CHI,IND,1.064112656345666,True,,0.518058368553134,401736269,4433405,19,5,1,True,False,matched,12.0,2025-07-27,under,0.26310154266802155,1.9433962264150944,0.9433962264150944,1.0,False,False,False
2306,4cc2a9bb2b05980f60bdda7145e2ab9a,33,Elizabeth Williams,elizabethwilliams,CHI,points,9.5,-130.0,100.0,10,10,2025-07-27 18:33:34+00:00,2025-07-27 18:33:34+00:00,2025-07-27 18:33:34+00:00,2025-07-27 19:00:00+00:00,0.0,2025-07-27,2025,REG,CHI,IND,1.065217391304348,True,,0.5336835053940976,401736269,2566081,19,5,1,True,False,matched,9.0,2025-07-27,under,0.27492453884705614,2.0,1.0,1.0,False,False,False
2306,f0e2422b33570a9c9588b92fa493ff24,36,Rachel Banham,rachelbanham,CHI,points,11.5,-106.0,-122.0,10,10,2025-07-27 18:33:34+00:00,2025-07-27 18:33:34+00:00,2025-07-27 18:33:34+00:00,2025-07-27 19:00:00+00:00,0.0,2025-07-27,2025,REG,CHI,IND,1.064112656345666,True,,0.4819416314468661,401736269,2566186,19,5,1,True,False,matched,26.0,2025-07-27,under,0.23064372211249662,1.819672131147541,-1.0,1.0,False,False,False
2309,c033ca74efb9112c06d6aaeb15fd5d3d,128,Bridget Carleton,bridgetcarleton,PDX,points,7.5,100.0,-130.0,13,13,2025-07-27 19:11:24+00:00,2025-07-27 19:11:24+00:00,2025-07-27 19:11:24+00:00,2025-07-27 23:00:00+00:00,0.0,2025-07-27,2025,REG,MIN,ATL,1.065217391304348,True,,0.4663164946059025,401736275,3906972,8,20,1,True,False,matched,0.0,2025-07-27,under,0.05383865729780879,1.7692307692307692,0.7692307692307692,1.0,False,False,False
2308,5403bc9bbdf2cfb72860d2d266d02609,155,Kahleah Copper,kahleahcopper,PHO,rebounds,3.5,150.0,-180.0,13,13,2025-07-27 21:12:18+00:00,2025-07-27 21:12:18+00:00,2025-07-27 21:12:18+00:00,2025-07-27 22:00:00+00:00,0.0,2025-07-27,2025,REG,WAS,PHX,1.0428571428571427,True,,0.3760221779176465,401736274,2998938,11,16,0,True,False,matched,3.0,2025-07-27,over,0.151813108106562,2.5,-1.0,1.0,False,False,False
2311,c85a9fb91fb28e1921d0e641f71e5828,132,Sabrina Ionescu,sabrinaionescu,NYL,threes,2.5,-180.0,134.0,10,10,2025-07-28 02:48:18+00:00,2025-07-28 02:48:18+00:00,2025-07-28 02:48:18+00:00,2025-07-29 00:00:00+00:00,0.0,2025-07-28,2025,REG,DAL,NYL,1.0702075702075702,True,,0.6116591953695215,401736277,4066533,9,3,0,True,False,matched,1.0,2025-07-28,under,0.26212244400820983,2.34,1.3399999999999999,1.0,False,False,False
2311,6f40ebada194e15c79c8fd6cc4b9e8c9,528,Paige Bueckers,paigebueckers,DAL,rebounds,3.5,-158.0,118.0,10,10,2025-07-28 02:48:18+00:00,2025-07-28 02:48:18+00:00,2025-07-28 02:48:18+00:00,2025-07-29 00:00:00+00:00,0.0,2025-07-28,2025,REG,DAL,NYL,1.0711186971054691,True,,0.5796527091990534,401736277,4433730,3,9,1,True,False,matched,6.0,2025-07-28,under,0.20446491315468235,2.1799999999999997,-1.0,1.0,False,False,False
2311,8724081f34332a9039cabee0c444f644,141,Jonquel Jones,jonqueljones,NYL,points,14.5,-130.0,100.0,10,10,2025-07-28 02:51:55+00:00,2025-07-28 02:51:55+00:00,2025-07-28 02:51:55+00:00,2025-07-29 00:00:00+00:00,0.0,2025-07-28,2025,REG,DAL,NYL,1.065217391304348,True,,0.5336835053940976,401736277,2999101,9,3,0,True,False,matched,18.0,2025-07-28,under,0.24520913971070685,2.0,-1.0,1.0,False,False,False
2311,f3cc568d911ca728c84b3da65bcfc3ed,63,Arike Ogunbowale,arikeogunbowale,DAL,assists,3.5,100.0,-132.0,10,10,2025-07-28 02:51:55+00:00,2025-07-28 02:51:55+00:00,2025-07-28 02:51:55+00:00,2025-07-29 00:00:00+00:00,0.0,2025-07-28,2025,REG,DAL,NYL,1.0689655172413794,True,,0.46430627616618364,401736277,3904577,3,9,1,True,False,matched,14.0,2025-07-28,over,0.1002740108738025,2.0,1.0,1.0,False,False,False
2311,edcb4dab4f93fe344fc752102eb3fe66,530,JJ Quinerly,jjquinerly,FA,points,9.5,-114.0,-114.0,10,10,2025-07-28 02:51:55+00:00,2025-07-28 02:51:55+00:00,2025-07-28 02:51:55+00:00,2025-07-29 00:00:00+00:00,0.0,2025-07-28,2025,REG,DAL,NYL,1.0654205607476634,True,,0.5000000000000001,401736277,4434015,3,9,1,True,False,matched,2.0,2025-07-28,under,0.0729385024381794,1.8771929824561404,0.8771929824561404,1.0,False,False,False
2311,c0b9b96073a0706197328a54c62a0aee,163,Natasha Cloud,natashacloud,CHI,rebounds,3.5,-125.0,-106.0,10,10,2025-07-28 02:51:56+00:00,2025-07-28 02:51:56+00:00,2025-07-28 02:51:56+00:00,2025-07-29 00:00:00+00:00,0.0,2025-07-28,2025,REG,DAL,NYL,1.070118662351672,True,,0.5212291071384377,401736277,2529137,9,3,0,True,False,matched,3.0,2025-07-28,under,0.08662275266411273,1.9433962264150944,0.9433962264150944,1.0,False,False,False
2311,2c634d736fd5c70a5558ab5b7aab0df4,147,Leonie Fiebich,leoniefiebich,NYL,rebounds,4.5,108.0,-144.0,10,10,2025-07-28 02:51:56+00:00,2025-07-28 02:51:56+00:00,2025-07-28 02:51:56+00:00,2025-07-29 00:00:00+00:00,0.0,2025-07-28,2025,REG,DAL,NYL,1.0709331651954601,True,,0.4433154794603006,401736277,4683006,9,3,0,True,False,matched,4.0,2025-07-28,under,0.06795364624713868,1.6944444444444444,0.6944444444444444,1.0,False,False,False
2310,09de415212bf1ca7a26967d881e98ac2,208,Gabby Williams,gabbywilliams,GSV,points,12.5,-120.0,-108.0,10,10,2025-07-28 03:49:27+00:00,2025-07-28 03:49:27+00:00,2025-07-28 03:49:27+00:00,2025-07-28 23:00:00+00:00,0.0,2025-07-28,2025,REG,CON,SEA,1.0646853146853146,True,,0.5135396953663074,401736276,3142328,14,18,0,True,False,matched,16.0,2025-07-28,under,0.29212912788595824,1.925925925925926,-1.0,1.0,False,False,False
2310,144bb54c9129bec8d3f04c960bff9205,180,Nneka Ogwumike,nnekaogwumike,LAS,rebounds,6.5,-140.0,106.0,10,10,2025-07-28 03:49:27+00:00,2025-07-28 03:49:27+00:00,2025-07-28 03:49:27+00:00,2025-07-28 23:00:00+00:00,0.0,2025-07-28,2025,REG,CON,SEA,1.0687702265372168,True,,0.5506638564937638,401736276,1068,14,18,0,True,False,matched,3.0,2025-07-28,under,0.2059701975549567,2.06,1.06,1.0,False,False,False
2310,9c008527acc6fc4eba4e46fac9f852d9,66,Erica Wheeler,ericawheeler,LAS,points,10.5,-125.0,-104.0,10,10,2025-07-28 03:49:27+00:00,2025-07-28 03:49:27+00:00,2025-07-28 03:49:27+00:00,2025-07-28 23:00:00+00:00,0.0,2025-07-28,2025,REG,CON,SEA,1.065359477124183,True,,0.5236312520088393,401736276,2491214,14,18,0,True,False,matched,8.0,2025-07-28,under,0.20164987849285232,1.9615384615384617,0.9615384615384617,1.0,False,False,False
2310,7e72fc5a9cf42315249707ff5b532f11,175,Skylar Diggins,skylardiggins,CHI,assists,5.5,-130.0,-102.0,10,10,2025-07-28 03:49:27+00:00,2025-07-28 03:49:27+00:00,2025-07-28 03:49:27+00:00,2025-07-28 23:00:00+00:00,0.0,2025-07-28,2025,REG,CON,SEA,1.0701678863538528,True,,0.5312123494364493,401736276,2491205,14,18,0,True,False,matched,11.0,2025-07-28,under,0.1869158398181614,1.9803921568627452,-1.0,1.0,False,False,False
2310,aaa10a97135f3a8836323335839f0685,176,Ezi Magbegor,ezimagbegor,SEA,rebounds,6.5,-130.0,-102.0,10,10,2025-07-28 03:58:46+00:00,2025-07-28 03:58:46+00:00,2025-07-28 03:58:46+00:00,2025-07-28 23:00:00+00:00,0.0,2025-07-28,2025,REG,CON,SEA,1.0701678863538528,True,,0.5312123494364493,401736276,4420318,14,18,0,True,False,matched,5.0,2025-07-28,under,0.23182885555414046,1.9803921568627452,0.9803921568627452,1.0,False,False,False
2310,70ff114c731df54670416fb18eb5d9b2,22,Marina Mabrey,marinamabrey,TOR,points,13.5,-118.0,-110.0,10,10,2025-07-28 04:03:01+00:00,2025-07-28 04:03:01+00:00,2025-07-28 04:03:01+00:00,2025-07-28 23:00:00+00:00,0.0,2025-07-28,2025,REG,CON,SEA,1.0650939274792486,True,,0.5090245232268319,401736276,3904576,18,14,1,True,False,matched,8.0,2025-07-28,under,0.1509798148832141,1.9090909090909092,0.9090909090909092,1.0,False,False,False
2310,4451d8fa0f9bad4b971691461f492090,9,Tina Charles,tinacharles,FA,points,16.5,-120.0,-108.0,10,10,2025-07-28 04:10:59+00:00,2025-07-28 04:10:59+00:00,2025-07-28 04:10:59+00:00,2025-07-28 23:00:00+00:00,0.0,2025-07-28,2025,REG,CON,SEA,1.0646853146853146,True,,0.5135396953663074,401736276,918,18,14,1,True,False,matched,11.0,2025-07-28,under,0.1678089049617027,1.925925925925926,0.925925925925926,1.0,False,False,False
2313,0c9021eea49973d684ce1920382b94a4,2,Jordin Canada,jordincanada,ATL,points,11.5,-128.0,-102.0,10,10,2025-07-28 04:46:21+00:00,2025-07-28 04:46:21+00:00,2025-07-28 04:46:21+00:00,2025-07-29 23:30:00+00:00,0.0,2025-07-29,2025,REG,ATL,GSV,1.0663540038214347,True,,0.5291749480305961,401736278,3142250,20,129689,1,True,False,matched,21.0,2025-07-29,under,0.149855606834022,1.9803921568627452,-1.0,1.0,False,False,False
2313,503feb1bca552a4bf9859c24b0dc033e,49,Brionna Jones,brionnajones,ATL,rebounds,7.5,116.0,-154.0,10,10,2025-07-28 04:46:21+00:00,2025-07-28 04:46:21+00:00,2025-07-28 04:46:21+00:00,2025-07-29 23:30:00+00:00,0.0,2025-07-29,2025,REG,ATL,GSV,1.0692621755613883,True,,0.425792012343204,401736278,3058895,20,129689,1,True,False,matched,6.0,2025-07-29,under,0.07634031955013987,1.6493506493506493,0.6493506493506493,1.0,False,False,False
2313,cdd7076f1c4bdbddabcaae732d7342b2,537,Janelle Salaun,janellesalaun,GSV,rebounds,5.5,-146.0,110.0,10,10,2025-07-28 04:53:53+00:00,2025-07-28 04:53:53+00:00,2025-07-28 04:53:53+00:00,2025-07-29 23:30:00+00:00,0.0,2025-07-29,2025,REG,ATL,GSV,1.0696864111498257,True,,0.5607420039050215,401736278,4790264,129689,20,0,True,False,matched,1.0,2025-07-29,under,0.4048971219816357,2.1,1.1,1.0,False,False,False
2313,96cb7e29546c8fb0beb535740779157a,55,Veronica Burton,veronicaburton,GSV,points,10.5,-132.0,102.0,10,10,2025-07-28 04:53:53+00:00,2025-07-28 04:53:53+00:00,2025-07-28 04:53:53+00:00,2025-07-29 23:30:00+00:00,0.0,2025-07-29,2025,REG,ATL,GSV,1.0640150221918745,True,,0.5381512573163673,401736278,4398935,129689,20,0,True,False,matched,10.0,2025-07-29,under,0.3457490398883275,2.02,1.02,1.0,False,False,False
2313,88eac4b7fd179f7361e286d9f641ee70,221,Tiffany Hayes,tiffanyhayes,GSV,points,13.5,-110.0,-118.0,10,10,2025-07-28 04:53:53+00:00,2025-07-28 04:53:53+00:00,2025-07-28 04:53:53+00:00,2025-07-29 23:30:00+00:00,0.0,2025-07-29,2025,REG,ATL,GSV,1.0650939274792486,True,,0.4909754767731684,401736278,1054,129689,20,0,True,False,matched,15.0,2025-07-29,under,0.1915863374739335,1.847457627118644,-1.0,1.0,False,False,False
2311,f2077265b5a211c1995c4102ec257e4a,10,Haley Jones,haleyjones,DAL,rebounds,9.5,-115.0,-125.0,39,39,2025-07-28 05:08:18+00:00,2025-07-28 05:08:18+00:00,2025-07-28 05:08:18+00:00,2025-07-29 00:00:00+00:00,0.0,2025-07-28,2025,REG,DAL,NYL,1.0904392764857882,True,,0.489168290835087,401736277,4595910,3,9,1,True,False,matched,3.0,2025-07-28,under,0.7928582705273867,1.8,0.8,1.0,False,False,False
2314,de5470d40fc22c8a1d151e50fbdeaf26,89,Dearica Hamby,dearicahamby,LAS,rebounds,8.5,-108.0,-122.0,10,10,2025-07-28 05:35:42+00:00,2025-07-28 05:35:42+00:00,2025-07-28 05:35:42+00:00,2025-07-30 02:00:00+00:00,0.0,2025-07-29,2025,REG,LAS,LVA,1.0687803187803186,True,,0.48431040390879443,401736280,2566106,6,17,1,True,False,matched,6.0,2025-07-29,under,0.06005019986074012,1.819672131147541,0.819672131147541,1.0,False,False,False
2310,3dce80634f40d8cf1890b5bef8a56783,274,Bria Hartley,briahartley,FA,points,9.5,-128.0,-102.0,10,10,2025-07-28 06:23:21+00:00,2025-07-28 06:23:21+00:00,2025-07-28 06:23:21+00:00,2025-07-28 23:00:00+00:00,0.0,2025-07-28,2025,REG,CON,SEA,1.0663540038214347,True,,0.5291749480305961,401736276,2529185,18,14,1,True,False,matched,17.0,2025-07-28,under,0.1471902969216301,1.9803921568627452,-1.0,1.0,False,False,False
2314,7c08652c979346569023b770099cb8d0,107,Chelsea Gray,chelseagray,LVA,assists,4.5,-160.0,120.0,10,10,2025-07-28 06:40:07+00:00,2025-07-28 06:40:07+00:00,2025-07-28 06:40:07+00:00,2025-07-30 02:00:00+00:00,0.0,2025-07-29,2025,REG,LAS,LVA,1.06993006993007,True,,0.583305061424049,401736280,2529122,17,6,0,True,False,matched,8.0,2025-07-29,under,0.30659546160330925,2.2,-1.0,1.0,False,False,False
2314,2f292800d1675f798f3900e00dc8bd95,102,Jackie Young,jackieyoung,LVA,points,15.5,-118.0,-110.0,10,10,2025-07-28 06:40:07+00:00,2025-07-28 06:40:07+00:00,2025-07-28 06:40:07+00:00,2025-07-30 02:00:00+00:00,0.0,2025-07-29,2025,REG,LAS,LVA,1.0650939274792486,True,,0.5090245232268319,401736280,4065870,17,6,0,True,False,matched,18.0,2025-07-29,under,0.10869888679172734,1.9090909090909092,-1.0,1.0,False,False,False
2314,21a99fb8bf9bb37570b5a8ae80f8490a,103,A'ja Wilson,ajawilson,LVA,rebounds,9.5,102.0,-136.0,10,10,2025-07-28 06:40:07+00:00,2025-07-28 06:40:07+00:00,2025-07-28 06:40:07+00:00,2025-07-30 02:00:00+00:00,0.0,2025-07-29,2025,REG,LAS,LVA,1.071320691391173,True,,0.4579067075572801,401736280,3149391,17,6,0,True,False,matched,10.0,2025-07-29,under,0.06085847895322527,1.7352941176470589,-1.0,1.0,False,False,False
2312,81723bdee997ea097925326ebb22128e,196,Shakira Austin,shakiraaustin,WAS,rebounds,7.5,-154.0,116.0,10,10,2025-07-28 18:32:15+00:00,2025-07-28 18:32:15+00:00,2025-07-28 18:32:15+00:00,2025-07-29 23:30:00+00:00,0.0,2025-07-29,2025,REG,WAS,CHI,1.0692621755613883,True,,0.574207987656796,401736279,4398911,16,19,1,True,False,matched,6.0,2025-07-29,under,0.19659451006305662,2.16,1.1600000000000001,1.0,False,False,False
2312,562046dbb8c5a8cc23504804303df84a,30,Kamilla Cardoso,kamillacardoso,CHI,points,12.5,-118.0,-110.0,10,10,2025-07-28 18:36:33+00:00,2025-07-28 18:36:33+00:00,2025-07-28 18:36:33+00:00,2025-07-29 23:30:00+00:00,0.0,2025-07-29,2025,REG,WAS,CHI,1.0650939274792486,True,,0.5090245232268319,401736279,4433405,19,16,0,True,False,matched,21.0,2025-07-29,under,0.21124092823938107,1.9090909090909092,-1.0,1.0,False,False,False
2312,aef0a58ef9c509716dbceedb60b07701,573,Sonia Citron,soniacitron,WAS,rebounds,4.5,-106.0,-125.0,10,10,2025-07-28 18:40:43+00:00,2025-07-28 18:40:43+00:00,2025-07-28 18:40:43+00:00,2025-07-29 23:30:00+00:00,0.0,2025-07-29,2025,REG,WAS,CHI,1.070118662351672,True,,0.4787708928615623,401736279,4433524,16,19,1,True,False,matched,2.0,2025-07-29,over,0.1040124008218713,1.9433962264150944,-1.0,1.0,False,False,False
2312,a26ffe83aceb0513f63925f2788b0584,36,Rachel Banham,rachelbanham,CHI,points,12.5,-110.0,-118.0,10,10,2025-07-28 18:40:44+00:00,2025-07-28 18:40:44+00:00,2025-07-28 18:40:44+00:00,2025-07-29 23:30:00+00:00,0.0,2025-07-29,2025,REG,WAS,CHI,1.0650939274792486,True,,0.4909754767731684,401736279,2566186,19,16,0,True,False,matched,19.0,2025-07-29,under,0.37686281905491575,1.847457627118644,-1.0,1.0,False,False,False
2312,b4d04df9066b4b85413e4f634f4900ce,572,Kiki Iriafen,kikiiriafen,WAS,points,11.5,102.0,-132.0,10,10,2025-07-28 19:02:47+00:00,2025-07-28 19:02:47+00:00,2025-07-28 19:02:47+00:00,2025-07-29 23:30:00+00:00,0.0,2025-07-29,2025,REG,WAS,CHI,1.0640150221918745,True,,0.4618487426836327,401736279,4898384,16,19,1,True,False,matched,22.0,2025-07-29,under,0.05204188662811948,1.7575757575757576,-1.0,1.0,False,False,False
2311,db24888d22ee495066b8e40e790b1cbd,95,Li Yueru,liyueru,DAL,rebounds,5.5,-138.0,104.0,10,10,2025-07-28 19:19:57+00:00,2025-07-28 19:19:57+00:00,2025-07-28 19:19:57+00:00,2025-07-29 00:00:00+00:00,0.0,2025-07-28,2025,REG,DAL,NYL,1.0700280112044818,True,,0.5464208361470752,401736277,4336633,3,9,1,True,False,matched,7.0,2025-07-28,under,0.07387131782959278,2.04,-1.0,1.0,False,False,False
2310,33281dc170685f7f06807d0046e57655,518,Saniya Rivers,saniyarivers,CON,points,7.5,-114.0,-114.0,10,10,2025-07-28 19:24:16+00:00,2025-07-28 19:24:16+00:00,2025-07-28 19:24:16+00:00,2025-07-28 23:00:00+00:00,0.0,2025-07-28,2025,REG,CON,SEA,1.0654205607476634,True,,0.5000000000000001,401736276,4433514,18,14,1,True,False,matched,5.0,2025-07-28,under,0.058856307565097854,1.8771929824561404,0.8771929824561404,1.0,False,False,False
2311,f06d633a04feae70126db8ea58d081d5,21,Isabelle Harrison,isabelleharrison,TOR,points,9.5,111.0,-143.0,60,60,2025-07-28 23:53:53+00:00,2025-07-28 23:53:53+00:00,2025-07-28 23:53:53+00:00,2025-07-29 00:00:00+00:00,0.0,2025-07-28,2025,REG,DAL,NYL,1.0624110155442437,True,,0.4409274944850059,401736277,2566453,9,3,0,True,False,matched,10.0,2025-07-28,under,0.360649415316744,1.6993006993006992,-1.0,1.0,False,False,False
2312,1e4256e171135583ede3567f2d568503,149,Sug Sutton,sugsutton,DAL,points,7.5,-110.0,-118.0,10,10,2025-07-29 01:58:50+00:00,2025-07-29 01:58:50+00:00,2025-07-29 01:58:50+00:00,2025-07-29 23:30:00+00:00,0.0,2025-07-29,2025,REG,WAS,CHI,1.0650939274792486,True,,0.4909754767731684,401736279,4068159,16,19,1,True,False,matched,8.0,2025-07-29,under,0.06505892486165465,1.847457627118644,-1.0,1.0,False,False,False
2312,cc1d5bb768387ba9792d01c9c85e1d41,182,Brittney Sykes,brittneysykes,TOR,threes,1.5,164.0,-225.0,10,10,2025-07-29 02:07:04+00:00,2025-07-29 02:07:04+00:00,2025-07-29 02:07:04+00:00,2025-07-29 23:30:00+00:00,0.0,2025-07-29,2025,REG,WAS,CHI,1.0710955710955712,True,,0.33738864980507277,401736279,2988756,16,19,1,True,False,matched,1.0,2025-07-29,under,0.1583901996542562,1.4444444444444444,0.4444444444444444,1.0,False,False,False
2315,e6b1fabd408c70f6245899aa001b1614,54,Satou Sabally,satousabally,NYL,points,15.5,-118.0,-110.0,10,10,2025-07-29 06:34:07+00:00,2025-07-29 06:34:07+00:00,2025-07-29 06:34:07+00:00,2025-07-30 23:00:00+00:00,0.0,2025-07-30,2025,REG,IND,PHX,1.0650939274792486,True,,0.5090245232268319,401736281,4281929,11,5,0,True,False,matched,9.0,2025-07-30,under,0.09191357689009688,1.9090909090909092,0.9090909090909092,1.0,False,False,False
2315,9d692b8723934c97cef380b1dc736a94,88,Aari McDonald,aarimcdonald,FA,assists,4.5,-132.0,100.0,10,10,2025-07-29 07:01:00+00:00,2025-07-29 07:01:00+00:00,2025-07-29 07:01:00+00:00,2025-07-30 23:00:00+00:00,0.0,2025-07-30,2025,REG,IND,PHX,1.0689655172413794,True,,0.5356937238338165,401736281,4066553,5,11,1,True,False,matched,4.0,2025-07-30,under,0.2008614550219447,2.0,1.0,1.0,False,False,False
2315,41812dc0c1796aa3baa7c3cf0deaeae2,71,Aliyah Boston,aliyahboston,IND,assists,3.5,-112.0,-118.0,10,10,2025-07-29 07:01:00+00:00,2025-07-29 07:01:00+00:00,2025-07-29 07:01:00+00:00,2025-07-30 23:00:00+00:00,0.0,2025-07-30,2025,REG,IND,PHX,1.0695862904621776,True,,0.49327872882454105,401736281,4432831,5,11,1,True,False,matched,1.0,2025-07-30,over,0.1183627465235701,1.8928571428571428,-1.0,1.0,False,False,False
2315,9303f293e5831b69b5c18d28378b5b26,56,Natasha Howard,natashahoward,MIN,rebounds,6.5,-136.0,102.0,10,10,2025-07-29 07:01:01+00:00,2025-07-29 07:01:01+00:00,2025-07-29 07:01:01+00:00,2025-07-30 23:00:00+00:00,0.0,2025-07-30,2025,REG,IND,PHX,1.071320691391173,True,,0.5420932924427202,401736281,2529130,5,11,1,True,False,matched,6.0,2025-07-30,under,0.11112467273530952,2.02,1.02,1.0,False,False,False
2316,540ff0157ab9f0f329796d7010ca6dec,132,Sabrina Ionescu,sabrinaionescu,NYL,points,19.5,-125.0,-104.0,10,10,2025-07-29 18:20:08+00:00,2025-07-29 18:20:08+00:00,2025-07-29 18:20:08+00:00,2025-07-31 00:00:00+00:00,0.0,2025-07-30,2025,REG,MIN,NYL,1.065359477124183,True,,0.5236312520088393,401736283,4066533,9,8,0,True,False,matched,31.0,2025-07-30,under,0.2129548442880408,1.9615384615384617,-1.0,1.0,False,False,False
2316,7b18964ebf7e8bc96173669390fe9e6a,112,Napheesa Collier,napheesacollier,MIN,rebounds,8.5,102.0,-136.0,10,10,2025-07-29 18:20:08+00:00,2025-07-29 18:20:08+00:00,2025-07-29 18:20:08+00:00,2025-07-31 00:00:00+00:00,0.0,2025-07-30,2025,REG,MIN,NYL,1.071320691391173,True,,0.4579067075572801,401736283,3917450,8,9,1,True,False,matched,9.0,2025-07-30,under,0.10686195919668556,1.7352941176470589,-1.0,1.0,False,False,False
2316,4bf4e288d8261bf3c0af7edf91de5292,117,Courtney Williams,courtneywilliams,MIN,rebounds,5.5,-120.0,-110.0,10,10,2025-07-29 18:37:28+00:00,2025-07-29 18:37:28+00:00,2025-07-29 18:37:28+00:00,2025-07-31 00:00:00+00:00,0.0,2025-07-30,2025,REG,MIN,NYL,1.0692640692640691,True,,0.5112040114787568,401736283,2987891,8,9,1,True,False,matched,9.0,2025-07-30,under,0.2727541679456449,1.9090909090909092,-1.0,1.0,False,False,False
2316,2a793e4309d09c0ed4a5776b06ac1f9d,141,Jonquel Jones,jonqueljones,NYL,points,14.5,-118.0,-110.0,10,10,2025-07-29 18:37:28+00:00,2025-07-29 18:37:28+00:00,2025-07-29 18:37:28+00:00,2025-07-31 00:00:00+00:00,0.0,2025-07-30,2025,REG,MIN,NYL,1.0650939274792486,True,,0.5090245232268319,401736283,2999101,9,8,0,True,False,matched,12.0,2025-07-30,under,0.2706904168483405,1.9090909090909092,0.9090909090909092,1.0,False,False,False
2316,a44a2e2c0a6eaf414b0520dfd775fe31,125,Kayla McBride,kaylamcbride,MIN,points,13.5,-120.0,-108.0,10,10,2025-07-30 02:57:06+00:00,2025-07-30 02:57:06+00:00,2025-07-30 02:57:06+00:00,2025-07-31 00:00:00+00:00,0.0,2025-07-30,2025,REG,MIN,NYL,1.0646853146853146,True,,0.5135396953663074,401736283,2529205,8,9,1,True,False,matched,24.0,2025-07-30,under,0.12172007680366637,1.925925925925926,-1.0,1.0,False,False,False
2316,a809abd62a39c6a2c581e0fb30df35c9,163,Natasha Cloud,natashacloud,CHI,assists,6.5,118.0,-158.0,10,10,2025-07-30 02:57:07+00:00,2025-07-30 02:57:07+00:00,2025-07-30 02:57:07+00:00,2025-07-31 00:00:00+00:00,0.0,2025-07-30,2025,REG,MIN,NYL,1.0711186971054691,True,,0.42034729080094674,401736283,2529137,9,8,0,True,False,matched,7.0,2025-07-30,under,0.06012597546283571,1.6329113924050633,-1.0,1.0,False,False,False
2317,43ee4aea588d2175f2a92725622dd8c6,63,Arike Ogunbowale,arikeogunbowale,DAL,assists,3.5,-102.0,-130.0,10,10,2025-07-30 03:37:58+00:00,2025-07-30 03:37:58+00:00,2025-07-30 03:37:58+00:00,2025-07-31 00:00:00+00:00,0.0,2025-07-30,2025,REG,DAL,ATL,1.0701678863538528,True,,0.46878765056355093,401736282,3904577,3,20,1,True,False,matched,2.0,2025-07-30,over,0.36107023778562464,1.9803921568627452,-1.0,1.0,False,False,False
2317,bb78bffadf97e7760329f82fcfe83c1a,530,JJ Quinerly,jjquinerly,FA,assists,3.5,-125.0,-106.0,10,10,2025-07-30 03:37:58+00:00,2025-07-30 03:37:58+00:00,2025-07-30 03:37:58+00:00,2025-07-31 00:00:00+00:00,0.0,2025-07-30,2025,REG,DAL,ATL,1.070118662351672,True,,0.5212291071384377,401736282,4434015,3,20,1,True,False,matched,2.0,2025-07-30,under,0.1987015619284132,1.9433962264150944,0.9433962264150944,1.0,False,False,False
2317,cad6bb70934f633e7d9bff9d77194432,1,Allisha Gray,allishagray,ATL,threes,2.5,108.0,-144.0,10,10,2025-07-30 03:37:58+00:00,2025-07-30 03:37:58+00:00,2025-07-30 03:37:58+00:00,2025-07-31 00:00:00+00:00,0.0,2025-07-30,2025,REG,DAL,ATL,1.0709331651954601,True,,0.4433154794603006,401736282,3058901,20,3,0,True,False,matched,3.0,2025-07-30,under,0.06530834478141395,1.6944444444444444,-1.0,1.0,False,False,False
2317,a90f2a094a38e616e94b92fd01ccc6f7,528,Paige Bueckers,paigebueckers,DAL,threes,1.5,126.0,-168.0,10,10,2025-07-30 03:37:58+00:00,2025-07-30 03:37:58+00:00,2025-07-30 03:37:58+00:00,2025-07-31 00:00:00+00:00,0.0,2025-07-30,2025,REG,DAL,ATL,1.0693435477479856,True,,0.4045224464881516,401736282,4433730,3,20,1,True,False,matched,3.0,2025-07-30,under,0.06153355906704333,1.5952380952380953,-1.0,1.0,False,False,False
2316,d2f9f111ee40cc7e233d0f92123711d2,121,Alanna Smith,alannasmith,DAL,points,10.5,115.0,-165.0,33,33,2025-07-30 05:38:56+00:00,2025-07-30 05:38:56+00:00,2025-07-30 05:38:56+00:00,2025-07-31 00:00:00+00:00,0.0,2025-07-30,2025,REG,MIN,NYL,1.0877577885037297,True,,0.41756450654041355,401736283,3913881,8,9,1,True,False,matched,12.0,2025-07-30,under,0.07626201702359126,1.606060606060606,-1.0,1.0,False,False,False
2316,31ee1060ccc800323f852f6e99f3eddf,128,Bridget Carleton,bridgetcarleton,PDX,points,8.5,-105.0,-135.0,33,33,2025-07-30 07:45:15+00:00,2025-07-30 07:45:15+00:00,2025-07-30 07:45:15+00:00,2025-07-31 00:00:00+00:00,0.0,2025-07-30,2025,REG,MIN,NYL,1.0866632070576026,True,,0.46744138600370294,401736283,3906972,8,9,1,True,False,matched,10.0,2025-07-30,under,0.22123540249848567,1.7407407407407407,-1.0,1.0,False,False,False
2315,d38151b015f5cdbdaa5e4dea80ddcadb,70,Kelsey Mitchell,kelseymitchell,IND,assists,3.5,135.0,-165.0,24,24,2025-07-30 16:54:47+00:00,2025-07-30 16:54:47+00:00,2025-07-30 16:54:47+00:00,2025-07-30 23:00:00+00:00,0.0,2025-07-30,2025,REG,IND,PHX,1.0481734243275793,True,,0.3991056903902242,401736281,3142191,5,11,1,True,False,matched,3.0,2025-07-30,under,0.08672657911197784,1.606060606060606,0.606060606060606,1.0,False,False,False
2318,a889705a529ff918a1dfc0ce19cd25a4,537,Janelle Salaun,janellesalaun,GSV,points,10.5,-113.0,-115.0,10,10,2025-07-30 20:12:33+00:00,2025-07-30 20:12:33+00:00,2025-07-30 20:12:33+00:00,2025-07-31 23:30:00+00:00,0.0,2025-07-31,2025,REG,WAS,GSV,1.0654001528551151,True,,0.49774423259931944,401736284,4790264,129689,16,0,True,False,matched,9.0,2025-07-31,under,0.17946430474320202,1.8695652173913042,0.8695652173913042,1.0,False,False,False
2318,89b5a4efdbf5a1969e111aa97aad050c,55,Veronica Burton,veronicaburton,GSV,points,9.5,-120.0,-108.0,10,10,2025-07-30 20:12:33+00:00,2025-07-30 20:12:33+00:00,2025-07-30 20:12:33+00:00,2025-07-31 23:30:00+00:00,0.0,2025-07-31,2025,REG,WAS,GSV,1.0646853146853146,True,,0.5135396953663074,401736284,4398935,129689,16,0,True,False,matched,10.0,2025-07-31,under,0.176245916130793,1.925925925925926,-1.0,1.0,False,False,False
2318,18cc11088f4f120dfdb02d8665f00969,182,Brittney Sykes,brittneysykes,TOR,threes,1.5,182.0,-250.0,10,10,2025-07-30 20:12:33+00:00,2025-07-30 20:12:33+00:00,2025-07-30 20:12:33+00:00,2025-07-31 23:30:00+00:00,0.0,2025-07-31,2025,REG,WAS,GSV,1.0688956433637284,True,,0.3136259452652531,401736284,2988756,16,129689,1,True,False,matched,1.0,2025-07-31,under,0.14139587531134276,1.4,0.3999999999999999,1.0,False,False,False
2318,57329996882485440dd2d882848140ca,196,Shakira Austin,shakiraaustin,WAS,points,14.5,-108.0,-120.0,10,10,2025-07-30 20:12:33+00:00,2025-07-30 20:12:33+00:00,2025-07-30 20:12:33+00:00,2025-07-31 23:30:00+00:00,0.0,2025-07-31,2025,REG,WAS,GSV,1.0646853146853146,True,,0.48646030463369283,401736284,4398911,16,129689,1,True,False,matched,10.0,2025-07-31,under,0.10064028534025315,1.8333333333333335,0.8333333333333335,1.0,False,False,False
2318,7b7dc6bdceb4d194aa0b2eac3420b702,221,Tiffany Hayes,tiffanyhayes,GSV,points,12.5,-128.0,-102.0,10,10,2025-07-30 20:12:34+00:00,2025-07-30 20:12:34+00:00,2025-07-30 20:12:34+00:00,2025-07-31 23:30:00+00:00,0.0,2025-07-31,2025,REG,WAS,GSV,1.0663540038214347,True,,0.5291749480305961,401736284,1054,129689,16,0,True,False,matched,0.0,2025-07-31,under,0.2541938698154835,1.9803921568627452,0.9803921568627452,1.0,False,False,False
2318,6e2fdcc57ff3da2a7d1cfad1bfaf5ad2,573,Sonia Citron,soniacitron,WAS,threes,1.5,102.0,-136.0,10,10,2025-07-30 20:12:34+00:00,2025-07-30 20:12:34+00:00,2025-07-30 20:12:34+00:00,2025-07-31 23:30:00+00:00,0.0,2025-07-31,2025,REG,WAS,GSV,1.071320691391173,True,,0.4579067075572801,401736284,4433524,16,129689,1,True,False,matched,2.0,2025-07-31,under,0.1783412466900272,1.7352941176470589,-1.0,1.0,False,False,False
2316,4fac18f775f148772bd437ca55a5ed08,147,Leonie Fiebich,leoniefiebich,NYL,rebounds,4.5,120.0,-155.0,19,19,2025-07-30 21:37:59+00:00,2025-07-30 21:37:59+00:00,2025-07-30 21:37:59+00:00,2025-07-31 00:00:00+00:00,0.0,2025-07-30,2025,REG,MIN,NYL,1.0623885918003566,True,,0.4209357246127165,401736283,4683006,9,8,0,True,False,matched,3.0,2025-07-30,under,0.060517114696329255,1.6451612903225805,0.6451612903225805,1.0,False,False,False
2318,07d689defc616a8f08c18e36243319f9,572,Kiki Iriafen,kikiiriafen,WAS,points,11.5,-105.0,-125.0,12,12,2025-07-30 22:55:24+00:00,2025-07-30 22:55:24+00:00,2025-07-30 22:55:24+00:00,2025-07-31 23:30:00+00:00,0.0,2025-07-31,2025,REG,WAS,GSV,1.067750677506775,True,,0.47757418034290006,401736284,4898384,16,129689,1,True,False,matched,10.0,2025-07-31,under,0.1725333297731772,1.8,0.8,1.0,False,False,False
2316,b3a8d338b350769b4701afa58b866925,21,Isabelle Harrison,isabelleharrison,TOR,rebounds,5.5,128.0,-172.0,10,10,2025-07-30 23:09:27+00:00,2025-07-30 23:09:27+00:00,2025-07-30 23:09:27+00:00,2025-07-31 00:00:00+00:00,0.0,2025-07-30,2025,REG,MIN,NYL,1.0709494324045408,True,,0.39957653069922067,401736283,2566453,9,8,0,True,False,matched,2.0,2025-07-30,under,0.35258757894074066,1.5813953488372094,0.5813953488372094,1.0,False,False,False
2316,27ec5d1f967b61154c6b82e9240ab752,297,Marine Johannes,marinejohannes,NYL,points,8.5,108.0,-140.0,10,10,2025-07-30 23:48:49+00:00,2025-07-30 23:48:49+00:00,2025-07-30 23:48:49+00:00,2025-07-31 00:00:00+00:00,0.0,2025-07-30,2025,REG,MIN,NYL,1.0641025641025639,True,,0.4470574861947943,401736283,4038379,9,8,0,True,False,matched,14.0,2025-07-30,under,0.25036270971272623,1.7142857142857144,-1.0,1.0,False,False,False
2318,68ea278485b746a406a79d10a130b1e9,120,Cecilia Zandalasini,ceciliazandalasini,GSV,points,10.5,108.0,-140.0,10,10,2025-07-31 02:37:31+00:00,2025-07-31 02:37:31+00:00,2025-07-31 02:37:31+00:00,2025-07-31 23:30:00+00:00,0.0,2025-07-31,2025,REG,WAS,GSV,1.0641025641025639,True,,0.4470574861947943,401736284,4257500,129689,16,0,True,True,did_not_play,,2025-07-31,under,0.3115512631162658,1.7142857142857144,0.0,0.0,False,True,False
2321,e7a8b5ccf2c9d4d91dbdcff0e80370dc,88,Aari McDonald,aarimcdonald,FA,assists,4.5,-158.0,118.0,10,10,2025-07-31 04:36:26+00:00,2025-07-31 04:36:26+00:00,2025-07-31 04:36:26+00:00,2025-08-01 23:30:00+00:00,0.0,2025-08-01,2025,REG,DAL,IND,1.0711186971054691,True,,0.5796527091990534,401736288,4066553,5,3,0,True,False,matched,6.0,2025-08-01,under,0.3433320892386057,2.1799999999999997,-1.0,1.0,False,False,False
2321,86831a20dc24eae4cb770580c6a0b15b,530,JJ Quinerly,jjquinerly,FA,points,9.5,104.0,-135.0,10,10,2025-07-31 04:36:26+00:00,2025-07-31 04:36:26+00:00,2025-07-31 04:36:26+00:00,2025-08-01 23:30:00+00:00,0.0,2025-08-01,2025,REG,DAL,IND,1.0646641635377556,True,,0.45648742045938223,401736288,4434015,3,5,1,True,False,matched,6.0,2025-08-01,under,0.10990912480919751,1.7407407407407407,0.7407407407407407,1.0,False,False,False
2321,1ac66979797050b605a8b5e7418fd1fd,71,Aliyah Boston,aliyahboston,IND,rebounds,8.5,-128.0,-104.0,10,10,2025-07-31 04:36:26+00:00,2025-07-31 04:36:26+00:00,2025-07-31 04:36:26+00:00,2025-08-01 23:30:00+00:00,0.0,2025-08-01,2025,REG,DAL,IND,1.0712074303405572,True,,0.5267388899028808,401736288,4432831,5,3,0,True,False,matched,11.0,2025-08-01,under,0.10652902539344672,1.9615384615384617,-1.0,1.0,False,False,False
2321,691950ed7560d3fba5f67eb566437746,56,Natasha Howard,natashahoward,MIN,points,12.5,104.0,-135.0,10,10,2025-07-31 04:36:27+00:00,2025-07-31 04:36:27+00:00,2025-07-31 04:36:27+00:00,2025-08-01 23:30:00+00:00,0.0,2025-08-01,2025,REG,DAL,IND,1.0646641635377556,True,,0.45648742045938223,401736288,2529130,5,3,0,True,False,matched,11.0,2025-08-01,under,0.07995042931235624,1.7407407407407407,0.7407407407407407,1.0,False,False,False
2321,e2f15a81e8d9a92abc72fbbaec9132f6,156,Sophie Cunningham,sophiecunningham,IND,points,9.5,-102.0,-128.0,10,10,2025-07-31 04:36:27+00:00,2025-07-31 04:36:27+00:00,2025-07-31 04:36:27+00:00,2025-08-01 23:30:00+00:00,0.0,2025-08-01,2025,REG,DAL,IND,1.0663540038214347,True,,0.47082505196940394,401736288,3907781,5,3,0,True,False,matched,6.0,2025-08-01,under,0.054882171480095776,1.78125,0.78125,1.0,False,False,False
2321,3e90a8f22bef828d39d6934fa86c9ee0,528,Paige Bueckers,paigebueckers,DAL,rebounds,3.5,116.0,-154.0,10,10,2025-07-31 04:36:27+00:00,2025-07-31 04:36:27+00:00,2025-07-31 04:36:27+00:00,2025-08-01 23:30:00+00:00,0.0,2025-08-01,2025,REG,DAL,IND,1.0692621755613883,True,,0.425792012343204,401736288,4433730,3,5,1,True,False,matched,4.0,2025-08-01,over,0.054141028450083395,2.16,1.1600000000000001,1.0,False,False,False
2319,bf643f5c58b3168d840e9775feb17546,155,Kahleah Copper,kahleahcopper,PHO,points,14.5,-128.0,-102.0,10,10,2025-07-31 05:21:15+00:00,2025-07-31 05:21:15+00:00,2025-07-31 05:21:15+00:00,2025-08-01 23:30:00+00:00,0.0,2025-08-01,2025,REG,ATL,PHX,1.0663540038214347,True,,0.5291749480305961,401736285,2998938,11,20,0,True,False,matched,19.0,2025-08-01,under,0.1450994889645047,1.9803921568627452,-1.0,1.0,False,False,False
2319,5fa24d78f74f6ab17e535d12e2088860,40,Alyssa Thomas,alyssathomas,PHO,points,13.5,-128.0,-102.0,10,10,2025-07-31 05:21:15+00:00,2025-07-31 05:21:15+00:00,2025-07-31 05:21:15+00:00,2025-08-01 23:30:00+00:00,0.0,2025-08-01,2025,REG,ATL,PHX,1.0663540038214347,True,,0.5291749480305961,401736285,2529140,11,20,0,True,False,matched,12.0,2025-08-01,under,0.10872412743090365,1.9803921568627452,0.9803921568627452,1.0,False,False,False
2319,4a7a6d24a983d252dc5d8923ee752952,54,Satou Sabally,satousabally,NYL,points,15.5,-104.0,-125.0,10,10,2025-07-31 05:21:15+00:00,2025-07-31 05:21:15+00:00,2025-07-31 05:21:15+00:00,2025-08-01 23:30:00+00:00,0.0,2025-08-01,2025,REG,ATL,PHX,1.065359477124183,True,,0.4763687479911608,401736285,4281929,11,20,0,True,False,matched,9.0,2025-08-01,under,0.05615054791998392,1.8,0.8,1.0,False,False,False
2319,4c2c232979f30fc589ec3080bb9c7bda,1,Allisha Gray,allishagray,ATL,points,19.5,-110.0,-118.0,10,10,2025-07-31 05:24:56+00:00,2025-07-31 05:24:56+00:00,2025-07-31 05:24:56+00:00,2025-08-01 23:30:00+00:00,0.0,2025-08-01,2025,REG,ATL,PHX,1.0650939274792486,True,,0.4909754767731684,401736285,3058901,20,11,1,True,False,matched,26.0,2025-08-01,under,0.20259901127211138,1.847457627118644,-1.0,1.0,False,False,False
2321,ce4be0da7ccbeb4b47ebd6cfb576b5a6,63,Arike Ogunbowale,arikeogunbowale,DAL,assists,3.5,-140.0,100.0,33,33,2025-07-31 10:23:03+00:00,2025-07-31 10:23:03+00:00,2025-07-31 10:23:03+00:00,2025-08-01 23:30:00+00:00,0.0,2025-08-01,2025,REG,DAL,IND,1.0833333333333333,True,,0.5434863681281015,401736288,3904577,3,5,1,True,False,matched,5.0,2025-08-01,over,0.18527274589652654,1.7142857142857144,0.7142857142857144,1.0,False,False,False
2318,6e00809d2154e97c52da1aa63416c74f,149,Sug Sutton,sugsutton,DAL,points,7.5,-115.0,-115.0,13,13,2025-07-31 10:44:25+00:00,2025-07-31 10:44:25+00:00,2025-07-31 10:44:25+00:00,2025-07-31 23:30:00+00:00,0.0,2025-07-31,2025,REG,WAS,GSV,1.0697674418604652,True,,0.5,401736284,4068159,16,129689,1,True,False,matched,7.0,2025-07-31,under,0.1380035418319236,1.8695652173913042,0.8695652173913042,1.0,False,False,False
2319,63e7d553e80a0c9e100dc88b3110c650,49,Brionna Jones,brionnajones,ATL,points,11.5,-118.0,-110.0,10,10,2025-07-31 12:45:11+00:00,2025-07-31 12:45:11+00:00,2025-07-31 12:45:11+00:00,2025-08-01 23:30:00+00:00,0.0,2025-08-01,2025,REG,ATL,PHX,1.0650939274792486,True,,0.5090245232268319,401736285,3058895,20,11,1,True,False,matched,16.0,2025-08-01,under,0.1698411031946851,1.9090909090909092,-1.0,1.0,False,False,False
2320,26d0760f6fd45c5807e7c64b507299c2,297,Marine Johannes,marinejohannes,NYL,points,9.5,-114.0,-114.0,10,10,2025-07-31 14:39:05+00:00,2025-07-31 14:39:05+00:00,2025-07-31 14:39:05+00:00,2025-08-01 23:30:00+00:00,0.0,2025-08-01,2025,REG,CON,NYL,1.0654205607476634,True,,0.5000000000000001,401736286,4038379,9,18,0,True,False,matched,0.0,2025-08-01,under,0.40786592831656826,1.8771929824561404,0.8771929824561404,1.0,False,False,False
2320,61b40f897ca6468155fc9192a0fb0165,141,Jonquel Jones,jonqueljones,NYL,assists,3.5,-114.0,-114.0,10,10,2025-07-31 14:39:06+00:00,2025-07-31 14:39:06+00:00,2025-07-31 14:39:06+00:00,2025-08-01 23:30:00+00:00,0.0,2025-08-01,2025,REG,CON,NYL,1.0654205607476634,True,,0.5000000000000001,401736286,2999101,9,18,0,True,False,matched,4.0,2025-08-01,under,0.5283291852348394,1.8771929824561404,-1.0,1.0,False,False,False
2320,361734477d0fd48f6756c2dd3a916dd4,163,Natasha Cloud,natashacloud,CHI,assists,7.5,118.0,-158.0,10,10,2025-07-31 14:39:06+00:00,2025-07-31 14:39:06+00:00,2025-07-31 14:39:06+00:00,2025-08-01 23:30:00+00:00,0.0,2025-08-01,2025,REG,CON,NYL,1.0711186971054691,True,,0.42034729080094674,401736286,2529137,9,18,0,True,False,matched,3.0,2025-08-01,under,0.23451024866598402,1.6329113924050633,0.6329113924050633,1.0,False,False,False
2320,ce4dd820b518075a23fedc6c03754758,147,Leonie Fiebich,leoniefiebich,NYL,rebounds,4.5,-120.0,-110.0,10,10,2025-07-31 14:39:06+00:00,2025-07-31 14:39:06+00:00,2025-07-31 14:39:06+00:00,2025-08-01 23:30:00+00:00,0.0,2025-08-01,2025,REG,CON,NYL,1.0692640692640691,True,,0.5112040114787568,401736286,4683006,9,18,0,True,False,matched,4.0,2025-08-01,under,0.2219228627395875,1.9090909090909092,0.9090909090909092,1.0,False,False,False
2320,dc4d4cba14fdf2a73e8eb59434e23b9d,132,Sabrina Ionescu,sabrinaionescu,NYL,assists,6.5,-130.0,-102.0,10,10,2025-07-31 14:39:06+00:00,2025-07-31 14:39:06+00:00,2025-07-31 14:39:06+00:00,2025-08-01 23:30:00+00:00,0.0,2025-08-01,2025,REG,CON,NYL,1.0701678863538528,True,,0.5312123494364493,401736286,4066533,9,18,0,True,False,matched,5.0,2025-08-01,under,0.21931771154190033,1.9803921568627452,0.9803921568627452,1.0,False,False,False
2320,371b8041fead6c8c2f3d3483fce789d2,274,Bria Hartley,briahartley,FA,assists,3.5,-160.0,120.0,10,10,2025-07-31 14:43:01+00:00,2025-07-31 14:43:01+00:00,2025-07-31 14:43:01+00:00,2025-08-01 23:30:00+00:00,0.0,2025-08-01,2025,REG,CON,NYL,1.06993006993007,True,,0.583305061424049,401736286,2529185,18,9,1,True,False,matched,2.0,2025-08-01,under,0.3838379758872792,2.2,1.2000000000000002,1.0,False,False,False
2323,7ad915d3f032fee3ae427159b33c8ed6,208,Gabby Williams,gabbywilliams,GSV,threes,1.5,124.0,-166.0,10,10,2025-07-31 15:11:27+00:00,2025-07-31 15:11:27+00:00,2025-07-31 15:11:27+00:00,2025-08-02 02:00:00+00:00,0.0,2025-08-01,2025,REG,SEA,LAS,1.0704887218045114,True,,0.40796342297849103,401736289,3142328,14,6,1,True,False,matched,2.0,2025-08-01,under,0.27390085249092655,1.6024096385542168,-1.0,1.0,False,False,False
2323,ef785eb5b498901023b4c37ca01c8478,180,Nneka Ogwumike,nnekaogwumike,LAS,rebounds,7.5,120.0,-160.0,10,10,2025-07-31 15:11:27+00:00,2025-07-31 15:11:27+00:00,2025-07-31 15:11:27+00:00,2025-08-02 02:00:00+00:00,0.0,2025-08-01,2025,REG,SEA,LAS,1.06993006993007,True,,0.41669493857595097,401736289,1068,14,6,1,True,False,matched,12.0,2025-08-01,under,0.1512437597027424,1.625,-1.0,1.0,False,False,False
2323,8fe95a48d3a88ddfc00de11c651c3b44,176,Ezi Magbegor,ezimagbegor,SEA,rebounds,6.5,-106.0,-125.0,10,10,2025-07-31 15:11:27+00:00,2025-07-31 15:11:27+00:00,2025-07-31 15:11:27+00:00,2025-08-02 02:00:00+00:00,0.0,2025-08-01,2025,REG,SEA,LAS,1.070118662351672,True,,0.4787708928615623,401736289,4420318,14,6,1,True,False,matched,11.0,2025-08-01,under,0.11335312978263079,1.8,-1.0,1.0,False,False,False
2323,7d707e1faae4306842f3ffbc687903bd,66,Erica Wheeler,ericawheeler,LAS,points,10.5,-102.0,-128.0,10,10,2025-07-31 15:11:27+00:00,2025-07-31 15:11:27+00:00,2025-07-31 15:11:27+00:00,2025-08-02 02:00:00+00:00,0.0,2025-08-01,2025,REG,SEA,LAS,1.0663540038214347,True,,0.47082505196940394,401736289,2491214,14,6,1,True,False,matched,15.0,2025-08-01,under,0.07718361837157856,1.78125,-1.0,1.0,False,False,False
2323,5a4ce921487b0cd92f0267cd222b530d,175,Skylar Diggins,skylardiggins,CHI,points,16.5,-110.0,-118.0,10,10,2025-07-31 15:11:28+00:00,2025-07-31 15:11:28+00:00,2025-07-31 15:11:28+00:00,2025-08-02 02:00:00+00:00,0.0,2025-08-01,2025,REG,SEA,LAS,1.0650939274792486,True,,0.4909754767731684,401736289,2491205,14,6,1,True,False,matched,18.0,2025-08-01,under,0.13280343878863188,1.847457627118644,-1.0,1.0,False,False,False
2323,77b9ee7fc8203bb48f647f9bc6f41eae,101,Kelsey Plum,kelseyplum,LAS,threes,2.5,-108.0,-122.0,10,10,2025-07-31 15:11:28+00:00,2025-07-31 15:11:28+00:00,2025-07-31 15:11:28+00:00,2025-08-02 02:00:00+00:00,0.0,2025-08-01,2025,REG,SEA,LAS,1.0687803187803186,True,,0.48431040390879443,401736289,3065570,6,14,0,True,False,matched,2.0,2025-08-01,under,0.10563923934652725,1.819672131147541,0.819672131147541,1.0,False,False,False
2323,e5a30a3b63929d4195f6071ae28c8668,94,Rickea Jackson,rickeajackson,CHI,points,13.5,-113.0,-118.0,10,10,2025-07-31 15:11:28+00:00,2025-07-31 15:11:28+00:00,2025-07-31 15:11:28+00:00,2025-08-02 02:00:00+00:00,0.0,2025-08-01,2025,REG,SEA,LAS,1.0718008355946074,True,,0.49441831186089263,401736289,4433630,6,14,0,True,False,matched,27.0,2025-08-01,under,0.10256749921465147,1.847457627118644,-1.0,1.0,False,False,False
2323,8fafa15e15417fb08ef33e326e2f7234,89,Dearica Hamby,dearicahamby,LAS,points,15.5,-120.0,-108.0,10,10,2025-07-31 15:11:28+00:00,2025-07-31 15:11:28+00:00,2025-07-31 15:11:28+00:00,2025-08-02 02:00:00+00:00,0.0,2025-08-01,2025,REG,SEA,LAS,1.0646853146853146,True,,0.5135396953663074,401736289,2566106,6,14,0,True,False,matched,21.0,2025-08-01,under,0.08635363303994115,1.925925925925926,-1.0,1.0,False,False,False
2323,7d6398bb2d8c7d29c9cd29bf56fe43b2,82,Azura Stevens,azurastevens,CHI,points,12.5,-113.0,-115.0,10,10,2025-07-31 15:11:28+00:00,2025-07-31 15:11:28+00:00,2025-07-31 15:11:28+00:00,2025-08-02 02:00:00+00:00,0.0,2025-08-01,2025,REG,SEA,LAS,1.0654001528551151,True,,0.49774423259931944,401736289,3142010,6,14,0,True,False,matched,21.0,2025-08-01,under,0.06405541804677417,1.8695652173913042,-1.0,1.0,False,False,False
2318,b69cb9dafabc5f8ad2b72a47a54d79b8,72,Temi Fagbenle,temifagbenle,TOR,points,7.5,-102.0,-128.0,10,10,2025-07-31 23:04:23+00:00,2025-07-31 23:04:23+00:00,2025-07-31 23:04:23+00:00,2025-07-31 23:30:00+00:00,0.0,2025-07-31,2025,REG,WAS,GSV,1.0663540038214347,True,,0.47082505196940394,401736284,2569044,129689,16,0,True,False,matched,10.0,2025-07-31,under,0.1382418608348988,1.78125,-1.0,1.0,False,False,False
2320,086fa4191b998e3986b5eb54b49933a2,22,Marina Mabrey,marinamabrey,TOR,rebounds,3.5,-165.0,115.0,33,33,2025-08-01 00:06:09+00:00,2025-08-01 00:06:09+00:00,2025-08-01 00:06:09+00:00,2025-08-01 23:30:00+00:00,0.0,2025-08-01,2025,REG,CON,NYL,1.0877577885037297,True,,0.5824354934595865,401736286,3904576,18,9,1,True,False,matched,10.0,2025-08-01,under,0.19206417343666238,2.15,-1.0,1.0,False,False,False
2322,88ff0862be088dcbbd71975aed446a7e,33,Elizabeth Williams,elizabethwilliams,CHI,points,9.5,-122.0,-106.0,10,10,2025-08-01 02:50:16+00:00,2025-08-01 02:50:16+00:00,2025-08-01 02:50:16+00:00,2025-08-01 23:30:00+00:00,0.0,2025-08-01,2025,REG,CHI,GSV,1.064112656345666,True,,0.518058368553134,401736287,2566081,19,129689,1,True,False,matched,15.0,2025-08-01,under,0.3605161726186765,1.9433962264150944,-1.0,1.0,False,False,False
2322,39f3ddfd0f78ca08ac6b353783858f3c,537,Janelle Salaun,janellesalaun,GSV,points,13.5,102.0,-132.0,10,10,2025-08-01 02:50:16+00:00,2025-08-01 02:50:16+00:00,2025-08-01 02:50:16+00:00,2025-08-01 23:30:00+00:00,0.0,2025-08-01,2025,REG,CHI,GSV,1.0640150221918745,True,,0.4618487426836327,401736287,4790264,129689,19,0,True,False,matched,16.0,2025-08-01,under,0.3384832324211019,1.7575757575757576,-1.0,1.0,False,False,False
2322,1edce1e4acddf1b52560d0c1221f58d8,55,Veronica Burton,veronicaburton,GSV,assists,4.5,-144.0,108.0,10,10,2025-08-01 02:50:16+00:00,2025-08-01 02:50:16+00:00,2025-08-01 02:50:16+00:00,2025-08-01 23:30:00+00:00,0.0,2025-08-01,2025,REG,CHI,GSV,1.0709331651954601,True,,0.5566845205396996,401736287,4398935,129689,19,0,True,False,matched,7.0,2025-08-01,under,0.28530557288478753,2.08,-1.0,1.0,False,False,False
2322,e994c0dbf01ed7c9ffe7e01fd5010b0c,30,Kamilla Cardoso,kamillacardoso,CHI,rebounds,9.5,-125.0,-106.0,10,10,2025-08-01 02:50:16+00:00,2025-08-01 02:50:16+00:00,2025-08-01 02:50:16+00:00,2025-08-01 23:30:00+00:00,0.0,2025-08-01,2025,REG,CHI,GSV,1.070118662351672,True,,0.5212291071384377,401736287,4433405,19,129689,1,True,False,matched,11.0,2025-08-01,under,0.19650360828258967,1.9433962264150944,-1.0,1.0,False,False,False
2324,01f0a95dbf79dfe0806948e07fc09fbc,112,Napheesa Collier,napheesacollier,MIN,rebounds,8.5,-128.0,-104.0,10,10,2025-08-01 04:36:26+00:00,2025-08-01 04:36:26+00:00,2025-08-01 04:36:26+00:00,2025-08-02 19:00:00+00:00,0.0,2025-08-02,2025,REG,LVA,MIN,1.0712074303405572,True,,0.5267388899028808,401736290,3917450,8,17,0,True,False,matched,3.0,2025-08-02,under,0.2608601986240455,1.9615384615384617,0.9615384615384617,1.0,False,False,False
2324,176a4d49fef965c9d9ee20a41bc6c2a7,107,Chelsea Gray,chelseagray,LVA,points,9.5,-122.0,-106.0,10,10,2025-08-01 04:36:26+00:00,2025-08-01 04:36:26+00:00,2025-08-01 04:36:26+00:00,2025-08-02 19:00:00+00:00,0.0,2025-08-02,2025,REG,LVA,MIN,1.064112656345666,True,,0.518058368553134,401736290,2529122,17,8,1,True,False,matched,3.0,2025-08-02,under,0.11112631977595405,1.9433962264150944,0.9433962264150944,1.0,False,False,False
2324,c0e6488cce2fee6471ce8d5a3728f3e6,102,Jackie Young,jackieyoung,LVA,rebounds,3.5,-125.0,-104.0,10,10,2025-08-01 04:36:26+00:00,2025-08-01 04:36:26+00:00,2025-08-01 04:36:26+00:00,2025-08-02 19:00:00+00:00,0.0,2025-08-02,2025,REG,LVA,MIN,1.065359477124183,True,,0.5236312520088393,401736290,4065870,17,8,1,True,False,matched,1.0,2025-08-02,over,0.0896313953429404,1.8,-1.0,1.0,False,False,False
2324,daed570ef8abc5558b6259afd667fd40,103,A'ja Wilson,ajawilson,LVA,rebounds,9.5,-148.0,112.0,10,10,2025-08-01 04:36:27+00:00,2025-08-01 04:36:27+00:00,2025-08-01 04:36:27+00:00,2025-08-02 19:00:00+00:00,0.0,2025-08-02,2025,REG,LVA,MIN,1.0684723067559343,True,,0.5647227530167998,401736290,3149391,17,8,1,True,False,matched,5.0,2025-08-02,under,0.24034475906201042,2.12,1.12,1.0,False,False,False
2324,fffee676ba032f98cb5fc843e634656e,121,Alanna Smith,alannasmith,DAL,points,9.5,-128.0,-102.0,10,10,2025-08-01 04:36:27+00:00,2025-08-01 04:36:27+00:00,2025-08-01 04:36:27+00:00,2025-08-02 19:00:00+00:00,0.0,2025-08-02,2025,REG,LVA,MIN,1.0663540038214347,True,,0.5291749480305961,401736290,3913881,8,17,0,True,False,matched,7.0,2025-08-02,under,0.22563754526454344,1.9803921568627452,0.9803921568627452,1.0,False,False,False
2324,2c15ac5504bacfc0e10c835109bad140,128,Bridget Carleton,bridgetcarleton,PDX,points,7.5,-118.0,-110.0,10,10,2025-08-01 04:36:27+00:00,2025-08-01 04:36:27+00:00,2025-08-01 04:36:27+00:00,2025-08-02 19:00:00+00:00,0.0,2025-08-02,2025,REG,LVA,MIN,1.0650939274792486,True,,0.5090245232268319,401736290,3906972,8,17,0,True,False,matched,6.0,2025-08-02,under,0.2078895521448721,1.9090909090909092,0.9090909090909092,1.0,False,False,False
2324,6c6f444b0566bca5e44355bf5c80110d,117,Courtney Williams,courtneywilliams,MIN,points,13.5,-130.0,100.0,10,10,2025-08-01 04:36:27+00:00,2025-08-01 04:36:27+00:00,2025-08-01 04:36:27+00:00,2025-08-02 19:00:00+00:00,0.0,2025-08-02,2025,REG,LVA,MIN,1.065217391304348,True,,0.5336835053940976,401736290,2987891,8,17,0,True,False,matched,9.0,2025-08-02,under,0.18272272380511956,2.0,1.0,1.0,False,False,False
2324,49092de90586dff6da5de3c556c277a7,125,Kayla McBride,kaylamcbride,MIN,points,13.5,-125.0,-102.0,10,10,2025-08-01 04:36:27+00:00,2025-08-01 04:36:27+00:00,2025-08-01 04:36:27+00:00,2025-08-02 19:00:00+00:00,0.0,2025-08-02,2025,REG,LVA,MIN,1.0605060506050605,True,,0.5260687813288253,401736290,2529205,8,17,0,True,False,matched,24.0,2025-08-02,under,0.11317644826274154,1.9803921568627452,-1.0,1.0,False,False,False
2322,33eb7f0e19df1f691b5017284ef05753,221,Tiffany Hayes,tiffanyhayes,GSV,threes,1.5,118.0,-158.0,10,10,2025-08-01 15:42:53+00:00,2025-08-01 15:42:53+00:00,2025-08-01 15:42:53+00:00,2025-08-01 23:30:00+00:00,0.0,2025-08-01,2025,REG,CHI,GSV,1.0711186971054691,True,,0.42034729080094674,401736287,1054,129689,19,0,True,True,did_not_play,,2025-08-01,over,0.17311904797641875,2.1799999999999997,0.0,0.0,False,True,False
2322,34ae4f45dd3ccf04db542dcb3157520c,58,Carla Leite,carlaleite,PDX,points,9.5,-114.0,-114.0,10,10,2025-08-01 23:22:17+00:00,2025-08-01 23:22:17+00:00,2025-08-01 23:22:17+00:00,2025-08-01 23:30:00+00:00,0.0,2025-08-01,2025,REG,CHI,GSV,1.0654205607476634,True,,0.5000000000000001,401736287,5208982,129689,19,0,True,False,matched,11.0,2025-08-01,under,0.2970653783363743,1.8771929824561404,-1.0,1.0,False,False,False
2328,c0c60526fbfa07fa87f907d991579610,30,Kamilla Cardoso,kamillacardoso,CHI,rebounds,10.5,-108.0,-122.0,10,10,2025-08-02 05:26:03+00:00,2025-08-02 05:26:03+00:00,2025-08-02 05:26:03+00:00,2025-08-03 22:00:00+00:00,0.0,2025-08-03,2025,REG,CHI,PHX,1.0687803187803186,True,,0.48431040390879443,401736293,4433405,19,11,1,True,False,matched,10.0,2025-08-03,under,0.23855712350448421,1.819672131147541,0.819672131147541,1.0,False,False,False
2328,f4687d0aade34b611d8dd9e4cb1f8f83,40,Alyssa Thomas,alyssathomas,PHO,rebounds,8.5,-136.0,102.0,10,10,2025-08-02 05:26:03+00:00,2025-08-02 05:26:03+00:00,2025-08-02 05:26:03+00:00,2025-08-03 22:00:00+00:00,0.0,2025-08-03,2025,REG,CHI,PHX,1.071320691391173,True,,0.5420932924427202,401736293,2529140,11,19,0,True,False,matched,10.0,2025-08-03,under,0.06589338183885579,2.02,-1.0,1.0,False,False,False
2327,dbcfb4dd36b2ba01287a7bbbe6fad6e6,71,Aliyah Boston,aliyahboston,IND,points,14.5,-122.0,-106.0,10,10,2025-08-02 05:56:35+00:00,2025-08-02 05:56:35+00:00,2025-08-02 05:56:35+00:00,2025-08-03 19:00:00+00:00,0.0,2025-08-03,2025,REG,SEA,IND,1.064112656345666,True,,0.518058368553134,401736295,4432831,5,14,0,True,False,matched,16.0,2025-08-03,under,0.13553732352318182,1.9433962264150944,-1.0,1.0,False,False,False
2327,fe7bfe158c48ca77834987f99aa80212,70,Kelsey Mitchell,kelseymitchell,IND,points,19.5,-102.0,-128.0,10,10,2025-08-02 05:56:35+00:00,2025-08-02 05:56:35+00:00,2025-08-02 05:56:35+00:00,2025-08-03 19:00:00+00:00,0.0,2025-08-03,2025,REG,SEA,IND,1.0663540038214347,True,,0.47082505196940394,401736295,3142191,5,14,0,True,False,matched,9.0,2025-08-03,under,0.08477332162114914,1.78125,0.78125,1.0,False,False,False
2327,df98494b3b3c0b6e90c8bdfcc5dbad8f,180,Nneka Ogwumike,nnekaogwumike,LAS,rebounds,6.5,-140.0,106.0,10,10,2025-08-02 06:07:57+00:00,2025-08-02 06:07:57+00:00,2025-08-02 06:07:57+00:00,2025-08-03 19:00:00+00:00,0.0,2025-08-03,2025,REG,SEA,IND,1.0687702265372168,True,,0.5506638564937638,401736295,1068,14,5,1,True,False,matched,3.0,2025-08-03,under,0.24820033162958915,2.06,1.06,1.0,False,False,False
2327,ba3f4c9de5b1b59393e600ba91330027,208,Gabby Williams,gabbywilliams,GSV,points,12.5,-118.0,-110.0,10,10,2025-08-02 06:07:57+00:00,2025-08-02 06:07:57+00:00,2025-08-02 06:07:57+00:00,2025-08-03 19:00:00+00:00,0.0,2025-08-03,2025,REG,SEA,IND,1.0650939274792486,True,,0.5090245232268319,401736295,3142328,14,5,1,True,False,matched,12.0,2025-08-03,under,0.22374742792467223,1.9090909090909092,0.9090909090909092,1.0,False,False,False
2327,f78d24671395b4cb2ea85524a8674c00,175,Skylar Diggins,skylardiggins,CHI,points,15.5,-106.0,-122.0,10,10,2025-08-02 06:07:57+00:00,2025-08-02 06:07:57+00:00,2025-08-02 06:07:57+00:00,2025-08-03 19:00:00+00:00,0.0,2025-08-03,2025,REG,SEA,IND,1.064112656345666,True,,0.4819416314468661,401736295,2491205,14,5,1,True,False,matched,13.0,2025-08-03,under,0.08455239503641354,1.819672131147541,0.819672131147541,1.0,False,False,False
2325,f7ec558c27f47d4a228ce5e9b7d82c11,141,Jonquel Jones,jonqueljones,NYL,assists,2.5,-168.0,126.0,10,10,2025-08-02 06:41:57+00:00,2025-08-02 06:41:57+00:00,2025-08-02 06:41:57+00:00,2025-08-03 17:00:00+00:00,0.0,2025-08-03,2025,REG,CON,NYL,1.0693435477479856,True,,0.5954775535118485,401736292,2999101,9,18,0,True,False,matched,4.0,2025-08-03,under,0.4320309212838383,2.26,-1.0,1.0,False,False,False
2325,efe712dc19497e16d8a2340724a979f3,22,Marina Mabrey,marinamabrey,TOR,rebounds,3.5,-172.0,128.0,10,10,2025-08-02 06:41:57+00:00,2025-08-02 06:41:57+00:00,2025-08-02 06:41:57+00:00,2025-08-03 17:00:00+00:00,0.0,2025-08-03,2025,REG,CON,NYL,1.0709494324045408,True,,0.6004234693007796,401736292,3904576,18,9,1,True,False,matched,3.0,2025-08-03,under,0.2638927841690552,2.2800000000000002,1.2800000000000002,1.0,False,False,False
2325,dc394b8127b98fe0449cec252c1a30e3,132,Sabrina Ionescu,sabrinaionescu,NYL,points,22.5,-104.0,-125.0,10,10,2025-08-02 06:41:57+00:00,2025-08-02 06:41:57+00:00,2025-08-02 06:41:57+00:00,2025-08-03 17:00:00+00:00,0.0,2025-08-03,2025,REG,CON,NYL,1.065359477124183,True,,0.4763687479911608,401736292,4066533,9,18,0,True,False,matched,36.0,2025-08-03,under,0.14870177829714532,1.8,-1.0,1.0,False,False,False
2325,1fec1c7f6fb82e687b7fd34e5395ab2d,9,Tina Charles,tinacharles,FA,rebounds,5.5,-125.0,-106.0,10,10,2025-08-02 06:41:57+00:00,2025-08-02 06:41:57+00:00,2025-08-02 06:41:57+00:00,2025-08-03 17:00:00+00:00,0.0,2025-08-03,2025,REG,CON,NYL,1.070118662351672,True,,0.5212291071384377,401736292,918,18,9,1,True,False,matched,8.0,2025-08-03,over,0.07191844887479193,1.8,0.8,1.0,False,False,False
2325,285f4ecf217c7493f051e452c49ffc7d,274,Bria Hartley,briahartley,FA,assists,3.5,100.0,-132.0,10,10,2025-08-02 15:50:48+00:00,2025-08-02 15:50:48+00:00,2025-08-02 15:50:48+00:00,2025-08-03 17:00:00+00:00,0.0,2025-08-03,2025,REG,CON,NYL,1.0689655172413794,True,,0.46430627616618364,401736292,2529185,18,9,1,True,False,matched,4.0,2025-08-03,under,0.10568358391799243,1.7575757575757576,-1.0,1.0,False,False,False
2327,bb8729526417a128d82a409b63193ff6,156,Sophie Cunningham,sophiecunningham,IND,rebounds,4.5,-114.0,-114.0,10,10,2025-08-02 16:12:26+00:00,2025-08-02 16:12:26+00:00,2025-08-02 16:12:26+00:00,2025-08-03 19:00:00+00:00,0.0,2025-08-03,2025,REG,SEA,IND,1.0654205607476634,True,,0.5000000000000001,401736295,3907781,5,14,0,True,False,matched,5.0,2025-08-03,under,0.301086747055644,1.8771929824561404,-1.0,1.0,False,False,False
2327,92cd9db8b6933bf02dfaf23f4ae95ebf,56,Natasha Howard,natashahoward,MIN,points,10.5,-120.0,-108.0,10,10,2025-08-02 16:12:26+00:00,2025-08-02 16:12:26+00:00,2025-08-02 16:12:26+00:00,2025-08-03 19:00:00+00:00,0.0,2025-08-03,2025,REG,SEA,IND,1.0646853146853146,True,,0.5135396953663074,401736295,2529130,5,14,0,True,False,matched,21.0,2025-08-03,under,0.15013910165389976,1.925925925925926,-1.0,1.0,False,False,False
2325,7370bd2344929dc8ad4e96eb8b92e99a,147,Leonie Fiebich,leoniefiebich,NYL,rebounds,4.5,116.0,-158.0,10,10,2025-08-02 16:16:32+00:00,2025-08-02 16:16:32+00:00,2025-08-02 16:16:32+00:00,2025-08-03 17:00:00+00:00,0.0,2025-08-03,2025,REG,CON,NYL,1.0753660637381568,True,,0.42236202274290213,401736292,4683006,9,18,0,True,False,matched,4.0,2025-08-03,under,0.06911420076308677,1.6329113924050633,0.6329113924050633,1.0,False,False,False
2327,30c9119482c71bec1f85077c025c71b6,66,Erica Wheeler,ericawheeler,LAS,threes,1.5,194.0,-270.0,10,10,2025-08-02 16:16:33+00:00,2025-08-02 16:16:33+00:00,2025-08-02 16:16:33+00:00,2025-08-03 19:00:00+00:00,0.0,2025-08-03,2025,REG,SEA,IND,1.0698657841514985,True,,0.2979582365398174,401736295,2491214,14,5,1,True,False,matched,1.0,2025-08-03,over,0.31263452183660734,2.94,-1.0,1.0,False,False,False
2327,5a9c4e2919536225bc485844a47ed0c7,88,Aari McDonald,aarimcdonald,FA,assists,4.5,-114.0,-114.0,10,10,2025-08-02 16:16:33+00:00,2025-08-02 16:16:33+00:00,2025-08-02 16:16:33+00:00,2025-08-03 19:00:00+00:00,0.0,2025-08-03,2025,REG,SEA,IND,1.0654205607476634,True,,0.5000000000000001,401736295,4066553,5,14,0,True,False,matched,9.0,2025-08-03,under,0.1764163330930445,1.8771929824561404,-1.0,1.0,False,False,False
2327,7573eb331ff2950f51bac39c15db24ae,176,Ezi Magbegor,ezimagbegor,SEA,rebounds,6.5,-102.0,-130.0,10,10,2025-08-02 16:16:33+00:00,2025-08-02 16:16:33+00:00,2025-08-02 16:16:33+00:00,2025-08-03 19:00:00+00:00,0.0,2025-08-03,2025,REG,SEA,IND,1.0701678863538528,True,,0.46878765056355093,401736295,4420318,14,5,1,True,False,matched,5.0,2025-08-03,under,0.09914358998177275,1.7692307692307692,0.7692307692307692,1.0,False,False,False
2326,1271dbc1ab47e93687b8996981d4752a,49,Brionna Jones,brionnajones,ATL,points,13.5,-122.0,-106.0,10,10,2025-08-02 17:29:05+00:00,2025-08-02 17:29:05+00:00,2025-08-02 17:29:05+00:00,2025-08-03 19:00:00+00:00,0.0,2025-08-03,2025,REG,ATL,WAS,1.064112656345666,True,,0.518058368553134,401736291,3058895,20,16,1,True,False,matched,23.0,2025-08-03,under,0.34657310028813204,1.9433962264150944,-1.0,1.0,False,False,False
2326,19be4422d6e5e615d6ae8ebf995b7a4f,1,Allisha Gray,allishagray,ATL,points,18.5,-108.0,-120.0,10,10,2025-08-02 17:29:05+00:00,2025-08-02 17:29:05+00:00,2025-08-02 17:29:05+00:00,2025-08-03 19:00:00+00:00,0.0,2025-08-03,2025,REG,ATL,WAS,1.0646853146853146,True,,0.48646030463369283,401736291,3058901,20,16,1,True,False,matched,22.0,2025-08-03,under,0.16854724144154365,1.8333333333333335,-1.0,1.0,False,False,False
2326,86ea0f14c8c20b33c86ad552a0f06b6c,2,Jordin Canada,jordincanada,ATL,rebounds,3.5,-120.0,-110.0,10,10,2025-08-02 17:29:06+00:00,2025-08-02 17:29:06+00:00,2025-08-02 17:29:06+00:00,2025-08-03 19:00:00+00:00,0.0,2025-08-03,2025,REG,ATL,WAS,1.0692640692640691,True,,0.5112040114787568,401736291,3142250,20,16,1,True,False,matched,2.0,2025-08-03,under,0.10337948969176236,1.9090909090909092,0.9090909090909092,1.0,False,False,False
2326,a1e9fb143ba9414d370d9ed2d26c0654,182,Brittney Sykes,brittneysykes,TOR,threes,1.5,178.0,-245.0,10,10,2025-08-02 17:33:31+00:00,2025-08-02 17:33:31+00:00,2025-08-02 17:33:31+00:00,2025-08-03 19:00:00+00:00,0.0,2025-08-03,2025,REG,ATL,WAS,1.0698571577520593,True,,0.3183263503331576,401736291,2988756,16,20,0,True,False,matched,0.0,2025-08-03,under,0.12910634030709306,1.4081632653061225,0.40816326530612246,1.0,False,False,False
2326,98e6f6cace72eb320e73dea4f184c326,196,Shakira Austin,shakiraaustin,WAS,points,13.5,-118.0,-110.0,10,10,2025-08-02 17:33:32+00:00,2025-08-02 17:33:32+00:00,2025-08-02 17:33:32+00:00,2025-08-03 19:00:00+00:00,0.0,2025-08-03,2025,REG,ATL,WAS,1.0650939274792486,True,,0.5090245232268319,401736291,4398911,16,20,0,True,False,matched,16.0,2025-08-03,under,0.19082969032390756,1.9090909090909092,-1.0,1.0,False,False,False
2326,9daf4c7dd228ea97f842788f89b4d929,572,Kiki Iriafen,kikiiriafen,WAS,points,10.5,-110.0,-118.0,10,10,2025-08-02 17:33:32+00:00,2025-08-02 17:33:32+00:00,2025-08-02 17:33:32+00:00,2025-08-03 19:00:00+00:00,0.0,2025-08-03,2025,REG,ATL,WAS,1.0650939274792486,True,,0.4909754767731684,401736291,4898384,16,20,0,True,False,matched,22.0,2025-08-03,under,0.05092427999806548,1.847457627118644,-1.0,1.0,False,False,False
2328,50a2f3ada5d8a08fcd10ee51d4547c55,54,Satou Sabally,satousabally,NYL,threes,1.5,-136.0,102.0,10,10,2025-08-02 17:38:00+00:00,2025-08-02 17:38:00+00:00,2025-08-02 17:38:00+00:00,2025-08-03 22:00:00+00:00,0.0,2025-08-03,2025,REG,CHI,PHX,1.071320691391173,True,,0.5420932924427202,401736293,4281929,11,19,0,True,True,did_not_play,,2025-08-03,under,0.08602363012911995,2.02,0.0,0.0,False,True,False
2328,8f094cf79e0503a5adfd7de468ac136a,33,Elizabeth Williams,elizabethwilliams,CHI,rebounds,5.5,-120.0,-110.0,10,10,2025-08-02 17:42:56+00:00,2025-08-02 17:42:56+00:00,2025-08-02 17:42:56+00:00,2025-08-03 22:00:00+00:00,0.0,2025-08-03,2025,REG,CHI,PHX,1.0692640692640691,True,,0.5112040114787568,401736293,2566081,19,11,1,True,False,matched,15.0,2025-08-03,under,0.33639918572258415,1.9090909090909092,-1.0,1.0,False,False,False
2328,8a3e54d2382f5c4a4c2b47dc03eb2200,36,Rachel Banham,rachelbanham,CHI,points,12.5,-128.0,-102.0,10,10,2025-08-02 17:42:57+00:00,2025-08-02 17:42:57+00:00,2025-08-02 17:42:57+00:00,2025-08-03 22:00:00+00:00,0.0,2025-08-03,2025,REG,CHI,PHX,1.0663540038214347,True,,0.5291749480305961,401736293,2566186,19,11,1,True,False,matched,2.0,2025-08-03,under,0.17599924458049482,1.9803921568627452,0.9803921568627452,1.0,False,False,False
2326,763517ea5090bdbb9e6fd121ee84c3db,16,Naz Hillmon,nazhillmon,ATL,points,10.5,100.0,-130.0,10,10,2025-08-02 21:09:58+00:00,2025-08-02 21:09:58+00:00,2025-08-02 21:09:58+00:00,2025-08-03 19:00:00+00:00,0.0,2025-08-03,2025,REG,ATL,WAS,1.065217391304348,True,,0.4663164946059025,401736291,4398915,20,16,1,True,False,matched,14.0,2025-08-03,under,0.14641861990890975,1.7692307692307692,-1.0,1.0,False,False,False
2329,04aea79ce4e48f96683ea51c1d2093b1,537,Janelle Salaun,janellesalaun,GSV,points,12.5,-125.0,-104.0,10,10,2025-08-02 23:39:31+00:00,2025-08-02 23:39:31+00:00,2025-08-02 23:39:31+00:00,2025-08-03 22:00:00+00:00,0.0,2025-08-03,2025,REG,LVA,GSV,1.065359477124183,True,,0.5236312520088393,401736294,4790264,129689,17,0,True,False,matched,6.0,2025-08-03,under,0.3509752809308809,1.9615384615384617,0.9615384615384617,1.0,False,False,False
2329,cdcaa7123279d9e5111f8a9edefdf092,72,Temi Fagbenle,temifagbenle,TOR,points,7.5,-118.0,-110.0,10,10,2025-08-02 23:39:31+00:00,2025-08-02 23:39:31+00:00,2025-08-02 23:39:31+00:00,2025-08-03 22:00:00+00:00,0.0,2025-08-03,2025,REG,LVA,GSV,1.0650939274792486,True,,0.5090245232268319,401736294,2569044,129689,17,0,True,False,matched,0.0,2025-08-03,under,0.2133178944460496,1.9090909090909092,0.9090909090909092,1.0,False,False,False
2329,ab63d3b1ea6bec865374bc7fb2a5d2ce,55,Veronica Burton,veronicaburton,GSV,points,11.5,-108.0,-120.0,10,10,2025-08-02 23:39:31+00:00,2025-08-02 23:39:31+00:00,2025-08-02 23:39:31+00:00,2025-08-03 22:00:00+00:00,0.0,2025-08-03,2025,REG,LVA,GSV,1.0646853146853146,True,,0.48646030463369283,401736294,4398935,129689,17,0,True,False,matched,8.0,2025-08-03,under,0.21250220468877418,1.8333333333333335,0.8333333333333335,1.0,False,False,False
2329,ad2a15bfbe91c145710a145c3fdf2351,102,Jackie Young,jackieyoung,LVA,points,15.5,-130.0,100.0,10,10,2025-08-02 23:39:31+00:00,2025-08-02 23:39:31+00:00,2025-08-02 23:39:31+00:00,2025-08-03 22:00:00+00:00,0.0,2025-08-03,2025,REG,LVA,GSV,1.065217391304348,True,,0.5336835053940976,401736294,4065870,17,129689,1,True,False,matched,20.0,2025-08-03,under,0.15743553154342327,2.0,-1.0,1.0,False,False,False
2329,9aa35899b36c204cd1ffd6b5fe9b9ceb,107,Chelsea Gray,chelseagray,LVA,points,10.5,-102.0,-128.0,10,10,2025-08-02 23:39:31+00:00,2025-08-02 23:39:31+00:00,2025-08-02 23:39:31+00:00,2025-08-03 22:00:00+00:00,0.0,2025-08-03,2025,REG,LVA,GSV,1.0663540038214347,True,,0.47082505196940394,401736294,2529122,17,129689,1,True,False,matched,11.0,2025-08-03,under,0.13725098868321,1.78125,-1.0,1.0,False,False,False
2329,dbf8563eeba2117e0eb0bead89d6a808,103,A'ja Wilson,ajawilson,LVA,points,22.5,-106.0,-122.0,10,10,2025-08-02 23:39:31+00:00,2025-08-02 23:39:31+00:00,2025-08-02 23:39:31+00:00,2025-08-03 22:00:00+00:00,0.0,2025-08-03,2025,REG,LVA,GSV,1.064112656345666,True,,0.4819416314468661,401736294,3149391,17,129689,1,True,False,matched,14.0,2025-08-03,under,0.10223168187251219,1.819672131147541,0.819672131147541,1.0,False,False,False
2328,251ad8a9c81c1909a267599c1f2a3396,563,Monique Akoa Makani,moniqueakoamakani,PHO,assists,3.5,100.0,-130.0,19,19,2025-08-03 02:55:49+00:00,2025-08-03 02:55:49+00:00,2025-08-03 02:55:49+00:00,2025-08-03 22:00:00+00:00,0.0,2025-08-03,2025,REG,CHI,PHX,1.065217391304348,True,,0.4663164946059025,401736293,5274110,11,19,0,True,False,matched,5.0,2025-08-03,under,0.28189252325161757,1.7692307692307692,-1.0,1.0,False,False,False
2325,12957b4d8f387a83abc8002999488596,297,Marine Johannes,marinejohannes,NYL,points,8.5,-113.0,-115.0,10,10,2025-08-03 05:50:19+00:00,2025-08-03 05:50:19+00:00,2025-08-03 05:50:19+00:00,2025-08-03 17:00:00+00:00,0.0,2025-08-03,2025,REG,CON,NYL,1.0654001528551151,True,,0.49774423259931944,401736292,4038379,9,18,0,True,False,matched,3.0,2025-08-03,under,0.2931498598065399,1.8695652173913042,0.8695652173913042,1.0,False,False,False
2330,f37a0aad5eef0475d373dc184f97bb98,132,Sabrina Ionescu,sabrinaionescu,NYL,threes,2.5,-180.0,134.0,10,10,2025-08-04 03:47:52+00:00,2025-08-04 03:47:52+00:00,2025-08-04 03:47:52+00:00,2025-08-05 23:00:00+00:00,0.0,2025-08-05,2025,REG,NYL,DAL,1.0702075702075702,True,,0.6116591953695215,401736296,4066533,9,3,1,True,False,matched,1.0,2025-08-05,under,0.3089062807688,2.34,1.3399999999999999,1.0,False,False,False
2330,7a596f2228ae4e09985ae4f2e6c3fe2f,10,Haley Jones,haleyjones,DAL,points,8.5,-102.0,-128.0,10,10,2025-08-04 03:47:52+00:00,2025-08-04 03:47:52+00:00,2025-08-04 03:47:52+00:00,2025-08-05 23:00:00+00:00,0.0,2025-08-05,2025,REG,NYL,DAL,1.0663540038214347,True,,0.47082505196940394,401736296,4595910,3,9,0,True,False,matched,11.0,2025-08-05,under,0.25078148866634437,1.78125,-1.0,1.0,False,False,False
2330,83e34a151d7558d851e4e9d1571740c1,163,Natasha Cloud,natashacloud,CHI,rebounds,3.5,-158.0,118.0,10,10,2025-08-04 03:47:52+00:00,2025-08-04 03:47:52+00:00,2025-08-04 03:47:52+00:00,2025-08-05 23:00:00+00:00,0.0,2025-08-05,2025,REG,NYL,DAL,1.0711186971054691,True,,0.5796527091990534,401736296,2529137,9,3,1,True,False,matched,4.0,2025-08-05,under,0.2355450298697403,2.1799999999999997,-1.0,1.0,False,False,False
2330,3b6378d06dc608c4994dfb2e39909913,63,Arike Ogunbowale,arikeogunbowale,DAL,rebounds,2.5,-114.0,-114.0,10,10,2025-08-04 03:47:52+00:00,2025-08-04 03:47:52+00:00,2025-08-04 03:47:52+00:00,2025-08-05 23:00:00+00:00,0.0,2025-08-05,2025,REG,NYL,DAL,1.0654205607476634,True,,0.5000000000000001,401736296,3904577,3,9,0,True,False,matched,4.0,2025-08-05,under,0.17151909995227121,1.8771929824561404,-1.0,1.0,False,False,False
2330,f9f6f90da1a81736880c44096ad0f360,141,Jonquel Jones,jonqueljones,NYL,points,16.5,100.0,-130.0,10,10,2025-08-04 03:47:52+00:00,2025-08-04 03:47:52+00:00,2025-08-04 03:47:52+00:00,2025-08-05 23:00:00+00:00,0.0,2025-08-05,2025,REG,NYL,DAL,1.065217391304348,True,,0.4663164946059025,401736296,2999101,9,3,1,True,False,matched,15.0,2025-08-05,under,0.15382891836683216,1.7692307692307692,0.7692307692307692,1.0,False,False,False
2330,86a095f284a975cd34bf3a7ef82a4d7b,529,Luisa Geiselsoder,luisageiselsoder,PDX,rebounds,4.5,-162.0,122.0,10,10,2025-08-04 03:47:52+00:00,2025-08-04 03:47:52+00:00,2025-08-04 03:47:52+00:00,2025-08-05 23:00:00+00:00,0.0,2025-08-05,2025,REG,NYL,DAL,1.0687710611374732,True,,0.5868918088955871,401736296,4682797,3,9,0,True,False,matched,10.0,2025-08-05,under,0.09459150729507715,2.2199999999999998,-1.0,1.0,False,False,False
2330,b7f55e207b62ecdb9b4f5087ab4ce8a8,528,Paige Bueckers,paigebueckers,DAL,rebounds,3.5,-125.0,-104.0,10,10,2025-08-04 03:47:52+00:00,2025-08-04 03:47:52+00:00,2025-08-04 03:47:52+00:00,2025-08-05 23:00:00+00:00,0.0,2025-08-05,2025,REG,NYL,DAL,1.065359477124183,True,,0.5236312520088393,401736296,4433730,3,9,0,True,False,matched,8.0,2025-08-05,under,0.06203998514516751,1.9615384615384617,-1.0,1.0,False,False,False
2331,1b20d4406a6651b01af6a42fa6831c05,196,Shakira Austin,shakiraaustin,WAS,points,15.5,-104.0,-125.0,10,10,2025-08-04 03:59:17+00:00,2025-08-04 03:59:17+00:00,2025-08-04 03:59:17+00:00,2025-08-06 00:00:00+00:00,0.0,2025-08-05,2025,REG,CHI,WAS,1.065359477124183,True,,0.4763687479911608,401736297,4398911,16,19,0,True,False,matched,8.0,2025-08-05,under,0.21410656008584722,1.8,0.8,1.0,False,False,False
2331,55a62fc5715e11f174044f8d4d9d9dc9,572,Kiki Iriafen,kikiiriafen,WAS,points,11.5,-110.0,-118.0,10,10,2025-08-04 03:59:17+00:00,2025-08-04 03:59:17+00:00,2025-08-04 03:59:17+00:00,2025-08-06 00:00:00+00:00,0.0,2025-08-05,2025,REG,CHI,WAS,1.0650939274792486,True,,0.4909754767731684,401736297,4898384,16,19,0,True,False,matched,10.0,2025-08-05,under,0.09525487884371775,1.847457627118644,0.847457627118644,1.0,False,False,False
2331,fd4bcaa608bf4a3cec3da2117effaad2,573,Sonia Citron,soniacitron,WAS,rebounds,3.5,-120.0,-110.0,10,10,2025-08-04 03:59:17+00:00,2025-08-04 03:59:17+00:00,2025-08-04 03:59:17+00:00,2025-08-06 00:00:00+00:00,0.0,2025-08-05,2025,REG,CHI,WAS,1.0692640692640691,True,,0.5112040114787568,401736297,4433524,16,19,0,True,False,matched,4.0,2025-08-05,over,0.05871158654679143,1.8333333333333335,0.8333333333333335,1.0,False,False,False
2333,a30485ba11028cb79f825fc5de82599b,88,Aari McDonald,aarimcdonald,FA,assists,5.5,128.0,-172.0,10,10,2025-08-04 04:29:52+00:00,2025-08-04 04:29:52+00:00,2025-08-04 04:29:52+00:00,2025-08-06 02:00:00+00:00,0.0,2025-08-05,2025,REG,LAS,IND,1.0709494324045408,True,,0.39957653069922067,401736298,4066553,5,6,0,True,False,matched,6.0,2025-08-05,under,0.14202667091125165,1.5813953488372094,-1.0,1.0,False,False,False
2333,a2a72f5a3b1fda62d2f83883d9293cf1,101,Kelsey Plum,kelseyplum,LAS,assists,5.5,104.0,-136.0,10,10,2025-08-04 04:29:52+00:00,2025-08-04 04:29:52+00:00,2025-08-04 04:29:52+00:00,2025-08-06 02:00:00+00:00,0.0,2025-08-05,2025,REG,LAS,IND,1.0664672648720506,True,,0.45551193975064763,401736298,3065570,6,5,1,True,False,matched,11.0,2025-08-05,over,0.13818735959965123,2.04,1.04,1.0,False,False,False
2333,1ca05922cd066ca6b0d56c0cdc53559b,156,Sophie Cunningham,sophiecunningham,IND,points,8.5,-130.0,100.0,10,10,2025-08-04 04:29:52+00:00,2025-08-04 04:29:52+00:00,2025-08-04 04:29:52+00:00,2025-08-06 02:00:00+00:00,0.0,2025-08-05,2025,REG,LAS,IND,1.065217391304348,True,,0.5336835053940976,401736298,3907781,5,6,0,True,False,matched,8.0,2025-08-05,under,0.0749272466615602,2.0,1.0,1.0,False,False,False
2332,5a88cbc7cd7c0061c219ef03a69e03fe,121,Alanna Smith,alannasmith,DAL,points,12.5,100.0,-130.0,10,10,2025-08-04 05:13:13+00:00,2025-08-04 05:13:13+00:00,2025-08-04 05:13:13+00:00,2025-08-06 02:00:00+00:00,0.0,2025-08-05,2025,REG,SEA,MIN,1.065217391304348,True,,0.4663164946059025,401736300,3913881,8,14,0,True,False,matched,6.0,2025-08-05,under,0.39113736131345034,1.7692307692307692,0.7692307692307692,1.0,False,False,False
2332,f99ffb7f959da5b81e160051ebd9a7b7,116,Jessica Shepard,jessicashepard,DAL,points,9.5,-114.0,-114.0,10,10,2025-08-04 05:13:13+00:00,2025-08-04 05:13:13+00:00,2025-08-04 05:13:13+00:00,2025-08-06 02:00:00+00:00,0.0,2025-08-05,2025,REG,SEA,MIN,1.0654205607476634,True,,0.5000000000000001,401736300,3906949,8,14,0,True,False,matched,13.0,2025-08-05,under,0.34844275127761953,1.8771929824561404,-1.0,1.0,False,False,False
2332,5fafe869c7320f1872ce222ec5b4799f,125,Kayla McBride,kaylamcbride,MIN,points,17.5,100.0,-130.0,10,10,2025-08-04 05:13:13+00:00,2025-08-04 05:13:13+00:00,2025-08-04 05:13:13+00:00,2025-08-06 02:00:00+00:00,0.0,2025-08-05,2025,REG,SEA,MIN,1.065217391304348,True,,0.4663164946059025,401736300,2529205,8,14,0,True,False,matched,14.0,2025-08-05,under,0.21423315284118077,1.7692307692307692,0.7692307692307692,1.0,False,False,False
2332,98f463ca57abb8254d9d92ae04d7474f,208,Gabby Williams,gabbywilliams,GSV,points,11.5,-130.0,100.0,10,10,2025-08-04 05:13:13+00:00,2025-08-04 05:13:13+00:00,2025-08-04 05:13:13+00:00,2025-08-06 02:00:00+00:00,0.0,2025-08-05,2025,REG,SEA,MIN,1.065217391304348,True,,0.5336835053940976,401736300,3142328,14,8,1,True,False,matched,9.0,2025-08-05,under,0.2119881975920751,2.0,1.0,1.0,False,False,False
2332,2c35c19030537f3ab7a9f3920934a833,66,Erica Wheeler,ericawheeler,LAS,points,9.5,-130.0,100.0,10,10,2025-08-04 05:13:13+00:00,2025-08-04 05:13:13+00:00,2025-08-04 05:13:13+00:00,2025-08-06 02:00:00+00:00,0.0,2025-08-05,2025,REG,SEA,MIN,1.065217391304348,True,,0.5336835053940976,401736300,2491214,14,8,1,True,False,matched,19.0,2025-08-05,under,0.13271702602728824,2.0,-1.0,1.0,False,False,False
2332,7ba985ea103aa7d0ba379642079d5004,117,Courtney Williams,courtneywilliams,MIN,points,13.5,-113.0,-115.0,10,10,2025-08-04 05:13:14+00:00,2025-08-04 05:13:14+00:00,2025-08-04 05:13:14+00:00,2025-08-06 02:00:00+00:00,0.0,2025-08-05,2025,REG,SEA,MIN,1.0654001528551151,True,,0.49774423259931944,401736300,2987891,8,14,0,True,False,matched,20.0,2025-08-05,under,0.1596740567490491,1.8695652173913042,-1.0,1.0,False,False,False
2332,0835561568b5b83e836bc32af354e528,175,Skylar Diggins,skylardiggins,CHI,assists,5.5,122.0,-162.0,10,10,2025-08-04 05:13:14+00:00,2025-08-04 05:13:14+00:00,2025-08-04 05:13:14+00:00,2025-08-06 02:00:00+00:00,0.0,2025-08-05,2025,REG,SEA,MIN,1.0687710611374732,True,,0.41310819110441305,401736300,2491205,14,8,1,True,False,matched,7.0,2025-08-05,over,0.14412085100243593,2.2199999999999998,1.2199999999999998,1.0,False,False,False
2332,f524b51a111e9c8d47df2690648cdfc1,176,Ezi Magbegor,ezimagbegor,SEA,points,8.5,-122.0,-106.0,10,10,2025-08-04 05:13:14+00:00,2025-08-04 05:13:14+00:00,2025-08-04 05:13:14+00:00,2025-08-06 02:00:00+00:00,0.0,2025-08-05,2025,REG,SEA,MIN,1.064112656345666,True,,0.518058368553134,401736300,4420318,14,8,1,True,False,matched,8.0,2025-08-05,under,0.1010652841709791,1.9433962264150944,0.9433962264150944,1.0,False,False,False
2334,d0da40c54348d65361ee1f3a7058b3b2,22,Marina Mabrey,marinamabrey,TOR,assists,3.5,-102.0,-130.0,10,10,2025-08-04 14:20:48+00:00,2025-08-04 14:20:48+00:00,2025-08-04 14:20:48+00:00,2025-08-06 02:00:00+00:00,0.0,2025-08-05,2025,REG,PHX,CON,1.0701678863538528,True,,0.46878765056355093,401736299,3904576,18,11,0,True,False,matched,3.0,2025-08-05,over,0.0658763773465253,1.9803921568627452,-1.0,1.0,False,False,False
2334,bd8f3aef9f667e5e2c90bc4dd3da3835,155,Kahleah Copper,kahleahcopper,PHO,points,17.5,-102.0,-128.0,10,10,2025-08-04 14:26:18+00:00,2025-08-04 14:26:18+00:00,2025-08-04 14:26:18+00:00,2025-08-06 02:00:00+00:00,0.0,2025-08-05,2025,REG,PHX,CON,1.0663540038214347,True,,0.47082505196940394,401736299,2998938,11,18,1,True,False,matched,15.0,2025-08-05,under,0.07817098697803326,1.78125,0.78125,1.0,False,False,False
2334,e664d9d3f9937c0e9320bfb7100b1ff4,519,Aneesah Morrow,aneesahmorrow,CON,points,8.5,-118.0,-110.0,10,10,2025-08-04 14:26:19+00:00,2025-08-04 14:26:19+00:00,2025-08-04 14:26:19+00:00,2025-08-06 02:00:00+00:00,0.0,2025-08-05,2025,REG,PHX,CON,1.0650939274792486,True,,0.5090245232268319,401736299,4684384,18,11,0,True,False,matched,0.0,2025-08-05,under,0.21319529960514316,1.9090909090909092,0.9090909090909092,1.0,False,False,False
2334,6b3a46d400c3b8a2f51fb2386232ef67,40,Alyssa Thomas,alyssathomas,PHO,assists,8.5,-152.0,114.0,10,10,2025-08-04 14:26:20+00:00,2025-08-04 14:26:20+00:00,2025-08-04 14:26:20+00:00,2025-08-06 02:00:00+00:00,0.0,2025-08-05,2025,REG,PHX,CON,1.0704643228007713,True,,0.5703965275254933,401736299,2529140,11,18,1,True,False,matched,12.0,2025-08-05,under,0.16520095062192702,2.1399999999999997,-1.0,1.0,False,False,False
2334,fc60b3f34af55c303e651df27fdc7fb5,54,Satou Sabally,satousabally,NYL,rebounds,5.5,-125.0,-106.0,10,10,2025-08-04 14:26:20+00:00,2025-08-04 14:26:20+00:00,2025-08-04 14:26:20+00:00,2025-08-06 02:00:00+00:00,0.0,2025-08-05,2025,REG,PHX,CON,1.070118662351672,True,,0.5212291071384377,401736299,4281929,11,18,1,True,False,matched,6.0,2025-08-05,under,0.11689388006253948,1.9433962264150944,-1.0,1.0,False,False,False
2331,f7f0caaedb82e6141d40df32ed002727,149,Sug Sutton,sugsutton,DAL,points,7.5,-115.0,-115.0,13,13,2025-08-04 14:45:11+00:00,2025-08-04 14:45:11+00:00,2025-08-04 14:45:11+00:00,2025-08-06 00:00:00+00:00,0.0,2025-08-05,2025,REG,CHI,WAS,1.0697674418604652,True,,0.5,401736297,4068159,16,19,0,True,False,matched,8.0,2025-08-05,under,0.12512459259706898,1.8695652173913042,-1.0,1.0,False,False,False
2333,d2d805f006b2b2fb99ffd9150e5be4c0,87,Cameron Brink,cameronbrink,LAS,threes,0.5,-135.0,105.0,24,24,2025-08-04 15:52:51+00:00,2025-08-04 15:52:51+00:00,2025-08-04 15:52:51+00:00,2025-08-06 02:00:00+00:00,0.0,2025-08-05,2025,REG,LAS,IND,1.0622729631551635,True,,0.5446886059829622,401736298,4433404,6,5,1,True,False,matched,0.0,2025-08-05,under,0.09687580148914854,2.05,1.0499999999999998,1.0,False,False,False
2333,7517d72eaec3d849e8f85e416c1b20fe,70,Kelsey Mitchell,kelseymitchell,IND,assists,3.5,145.0,-180.0,24,24,2025-08-04 15:59:25+00:00,2025-08-04 15:59:25+00:00,2025-08-04 15:59:25+00:00,2025-08-06 02:00:00+00:00,0.0,2025-08-05,2025,REG,LAS,IND,1.0510204081632653,True,,0.37967339061397504,401736298,3142191,5,6,0,True,False,matched,6.0,2025-08-05,under,0.06789046544848176,1.5555555555555556,-1.0,1.0,False,False,False
2331,f4264a789bec9dfb2e75d3ef19a3453e,30,Kamilla Cardoso,kamillacardoso,CHI,points,12.5,-130.0,100.0,10,10,2025-08-04 22:54:33+00:00,2025-08-04 22:54:33+00:00,2025-08-04 22:54:33+00:00,2025-08-06 00:00:00+00:00,0.0,2025-08-05,2025,REG,CHI,WAS,1.065217391304348,True,,0.5336835053940976,401736297,4433405,19,16,1,True,False,matched,16.0,2025-08-05,under,0.12769051658232627,2.0,-1.0,1.0,False,False,False
2331,b99686975d0619862c25c140cbfbdc06,36,Rachel Banham,rachelbanham,CHI,points,11.5,-125.0,-104.0,10,10,2025-08-04 22:59:47+00:00,2025-08-04 22:59:47+00:00,2025-08-04 22:59:47+00:00,2025-08-06 00:00:00+00:00,0.0,2025-08-05,2025,REG,CHI,WAS,1.065359477124183,True,,0.5236312520088393,401736297,2566186,19,16,1,True,False,matched,5.0,2025-08-05,under,0.19853282407157202,1.9615384615384617,0.9615384615384617,1.0,False,False,False
2332,364a0d9ac36304d5d8df9ed175c2ca7b,128,Bridget Carleton,bridgetcarleton,PDX,points,8.5,130.0,-170.0,13,13,2025-08-04 23:45:11+00:00,2025-08-04 23:45:11+00:00,2025-08-04 23:45:11+00:00,2025-08-06 02:00:00+00:00,0.0,2025-08-05,2025,REG,SEA,MIN,1.0644122383252816,True,,0.399381640165784,401736300,3906972,8,14,0,True,False,matched,12.0,2025-08-05,under,0.13268631975104306,1.5882352941176472,-1.0,1.0,False,False,False
2334,1b635d7e067c08b1f7ac35be5c1c8525,563,Monique Akoa Makani,moniqueakoamakani,PHO,points,8.5,-120.0,-110.0,19,19,2025-08-05 01:15:37+00:00,2025-08-05 01:15:37+00:00,2025-08-05 01:15:37+00:00,2025-08-06 02:00:00+00:00,0.0,2025-08-05,2025,REG,PHX,CON,1.0692640692640691,True,,0.5112040114787568,401736299,5274110,11,18,1,True,False,matched,9.0,2025-08-05,under,0.09572094940391684,1.9090909090909092,-1.0,1.0,False,False,False
2333,2374c2bc825ffaeee6874e3edfab433b,56,Natasha Howard,natashahoward,MIN,assists,2.5,-130.0,-110.0,33,33,2025-08-05 04:23:53+00:00,2025-08-05 04:23:53+00:00,2025-08-05 04:23:53+00:00,2025-08-06 02:00:00+00:00,0.0,2025-08-05,2025,REG,LAS,IND,1.0890269151138718,True,,0.521679232465576,401736298,2529130,5,6,0,True,False,matched,2.0,2025-08-05,under,0.17354149547916237,1.9090909090909092,0.9090909090909092,1.0,False,False,False
2335,804dc6946d759f8c009bf1bf1d3547d1,103,A'ja Wilson,ajawilson,LVA,points,21.5,-128.0,-102.0,10,10,2025-08-05 04:56:25+00:00,2025-08-05 04:56:25+00:00,2025-08-05 04:56:25+00:00,2025-08-07 02:00:00+00:00,0.0,2025-08-06,2025,REG,GSV,LVA,1.0663540038214347,True,,0.5291749480305961,401736301,3149391,17,129689,0,True,False,matched,27.0,2025-08-06,under,0.27044507526494693,1.9803921568627452,-1.0,1.0,False,False,False
2335,3a8e94a12bd341fedba7d82647fc5d2d,221,Tiffany Hayes,tiffanyhayes,GSV,points,12.5,-113.0,-115.0,10,10,2025-08-05 04:56:25+00:00,2025-08-05 04:56:25+00:00,2025-08-05 04:56:25+00:00,2025-08-07 02:00:00+00:00,0.0,2025-08-06,2025,REG,GSV,LVA,1.0654001528551151,True,,0.49774423259931944,401736301,1054,129689,17,1,True,False,matched,14.0,2025-08-06,under,0.19952209638878898,1.8695652173913042,-1.0,1.0,False,False,False
2335,d079f265cc03470ef011056aea59cdc0,166,Jewell Loyd,jewellloyd,LVA,points,12.5,-114.0,-114.0,10,10,2025-08-05 04:56:25+00:00,2025-08-05 04:56:25+00:00,2025-08-05 04:56:25+00:00,2025-08-07 02:00:00+00:00,0.0,2025-08-06,2025,REG,GSV,LVA,1.0654205607476634,True,,0.5000000000000001,401736301,2987869,17,129689,0,True,False,matched,14.0,2025-08-06,under,0.1402691958849107,1.8771929824561404,-1.0,1.0,False,False,False
2335,d23db7ab82a108f7c954d64c7fec7b2b,102,Jackie Young,jackieyoung,LVA,threes,1.5,-130.0,-102.0,10,10,2025-08-05 04:56:25+00:00,2025-08-05 04:56:25+00:00,2025-08-05 04:56:25+00:00,2025-08-07 02:00:00+00:00,0.0,2025-08-06,2025,REG,GSV,LVA,1.0701678863538528,True,,0.5312123494364493,401736301,4065870,17,129689,0,True,False,matched,1.0,2025-08-06,under,0.10829110532281155,1.9803921568627452,0.9803921568627452,1.0,False,False,False
2335,dc851f645fa54a4107bc5c3c4934662a,107,Chelsea Gray,chelseagray,LVA,assists,4.5,-144.0,108.0,10,10,2025-08-05 04:56:25+00:00,2025-08-05 04:56:25+00:00,2025-08-05 04:56:25+00:00,2025-08-07 02:00:00+00:00,0.0,2025-08-06,2025,REG,GSV,LVA,1.0709331651954601,True,,0.5566845205396996,401736301,2529122,17,129689,0,True,False,matched,3.0,2025-08-06,under,0.06288214680671361,2.08,1.08,1.0,False,False,False
2335,d9bef32eb6adda0131a04a410546f63f,55,Veronica Burton,veronicaburton,GSV,points,10.5,-114.0,-114.0,10,10,2025-08-05 15:39:42+00:00,2025-08-05 15:39:42+00:00,2025-08-05 15:39:42+00:00,2025-08-07 02:00:00+00:00,0.0,2025-08-06,2025,REG,GSV,LVA,1.0654205607476634,True,,0.5000000000000001,401736301,4398935,129689,17,1,True,False,matched,6.0,2025-08-06,under,0.1388902203159606,1.8771929824561404,0.8771929824561404,1.0,False,False,False
2335,191a08834dd5a66227c27b25339c00fb,537,Janelle Salaun,janellesalaun,GSV,rebounds,4.5,-138.0,104.0,10,10,2025-08-05 15:39:42+00:00,2025-08-05 15:39:42+00:00,2025-08-05 15:39:42+00:00,2025-08-07 02:00:00+00:00,0.0,2025-08-06,2025,REG,GSV,LVA,1.0700280112044818,True,,0.5464208361470752,401736301,4790264,129689,17,1,True,False,matched,3.0,2025-08-06,under,0.11351921883606753,2.04,1.04,1.0,False,False,False
2331,047493236022e016cf6c423cc1091a8d,185,Ariel Atkins,arielatkins,LAS,points,10.5,100.0,-130.0,19,19,2025-08-05 19:14:15+00:00,2025-08-05 19:14:15+00:00,2025-08-05 19:14:15+00:00,2025-08-06 00:00:00+00:00,0.0,2025-08-05,2025,REG,CHI,WAS,1.065217391304348,True,,0.4663164946059025,401736297,3146151,19,16,1,True,False,matched,15.0,2025-08-05,over,0.12539763300300238,2.0,1.0,1.0,False,False,False
2334,2db1e83d7e3b59061c58cdd0dce8d370,9,Tina Charles,tinacharles,FA,assists,1.5,-213.0,155.0,60,60,2025-08-05 23:04:53+00:00,2025-08-05 23:04:53+00:00,2025-08-05 23:04:53+00:00,2025-08-06 02:00:00+00:00,0.0,2025-08-05,2025,REG,PHX,CON,1.0726680448537242,True,,0.6496711932550505,401736299,918,18,11,0,True,False,matched,1.0,2025-08-05,under,0.10636152320853975,2.55,1.5499999999999998,1.0,False,False,False
2331,6f81a245eb964ab36e3d788f832d608e,33,Elizabeth Williams,elizabethwilliams,CHI,points,10.5,104.0,-135.0,10,10,2025-08-05 23:59:49+00:00,2025-08-05 23:59:49+00:00,2025-08-05 23:59:49+00:00,2025-08-06 00:00:00+00:00,0.0,2025-08-05,2025,REG,CHI,WAS,1.0646641635377556,True,,0.45648742045938223,401736297,2566081,19,16,1,True,False,matched,18.0,2025-08-05,under,0.14459253521253762,1.7407407407407407,-1.0,1.0,False,False,False
2338,c7c31ac2f62997c08244396c017e27b9,70,Kelsey Mitchell,kelseymitchell,IND,threes,2.5,-114.0,-114.0,10,10,2025-08-06 05:48:11+00:00,2025-08-06 05:48:11+00:00,2025-08-06 05:48:11+00:00,2025-08-08 02:00:00+00:00,0.0,2025-08-07,2025,REG,PHX,IND,1.0654205607476634,True,,0.5000000000000001,401736304,3142191,5,11,0,True,False,matched,1.0,2025-08-07,under,0.13615286687763023,1.8771929824561404,0.8771929824561404,1.0,False,False,False
2338,8cc5946e4cf865111a8688f7181ce1f8,71,Aliyah Boston,aliyahboston,IND,points,14.5,-118.0,-110.0,10,10,2025-08-06 05:48:11+00:00,2025-08-06 05:48:11+00:00,2025-08-06 05:48:11+00:00,2025-08-08 02:00:00+00:00,0.0,2025-08-07,2025,REG,PHX,IND,1.0650939274792486,True,,0.5090245232268319,401736304,4432831,5,11,0,True,False,matched,4.0,2025-08-07,under,0.08005325188484042,1.9090909090909092,0.9090909090909092,1.0,False,False,False
2338,9fee7b4b1b2136df817a785bbe462fa5,88,Aari McDonald,aarimcdonald,FA,points,10.5,-114.0,-114.0,10,10,2025-08-06 05:53:51+00:00,2025-08-06 05:53:51+00:00,2025-08-06 05:53:51+00:00,2025-08-08 02:00:00+00:00,0.0,2025-08-07,2025,REG,PHX,IND,1.0654205607476634,True,,0.5000000000000001,401736304,4066553,5,11,0,True,False,matched,4.0,2025-08-07,under,0.11920955880049927,1.8771929824561404,0.8771929824561404,1.0,False,False,False
2338,f9cfa6bccf8c552c25a43aeeaa24bfa6,155,Kahleah Copper,kahleahcopper,PHO,threes,1.5,116.0,-158.0,10,10,2025-08-06 05:53:51+00:00,2025-08-06 05:53:51+00:00,2025-08-06 05:53:51+00:00,2025-08-08 02:00:00+00:00,0.0,2025-08-07,2025,REG,PHX,IND,1.0753660637381568,True,,0.42236202274290213,401736304,2998938,11,5,1,True,False,matched,1.0,2025-08-07,over,0.11807333303341716,2.16,-1.0,1.0,False,False,False
2338,1e0e1d3ff5a920290cb8980e8467c0ba,54,Satou Sabally,satousabally,NYL,points,15.5,102.0,-132.0,10,10,2025-08-06 05:53:51+00:00,2025-08-06 05:53:51+00:00,2025-08-06 05:53:51+00:00,2025-08-08 02:00:00+00:00,0.0,2025-08-07,2025,REG,PHX,IND,1.0640150221918745,True,,0.4618487426836327,401736304,4281929,11,5,1,True,False,matched,15.0,2025-08-07,under,0.06343368954085987,1.7575757575757576,0.7575757575757576,1.0,False,False,False
2338,962d7e8549d39e1133f1e55af9d60fe6,56,Natasha Howard,natashahoward,MIN,rebounds,7.5,-104.0,-128.0,10,10,2025-08-06 05:53:52+00:00,2025-08-06 05:53:52+00:00,2025-08-06 05:53:52+00:00,2025-08-08 02:00:00+00:00,0.0,2025-08-07,2025,REG,PHX,IND,1.0712074303405572,True,,0.4732611100971195,401736304,2529130,5,11,0,True,False,matched,2.0,2025-08-07,under,0.058048121006193776,1.78125,0.78125,1.0,False,False,False
2337,7f2a6e2852fa320dac49718924eab622,94,Rickea Jackson,rickeajackson,CHI,rebounds,3.5,-172.0,128.0,10,10,2025-08-06 06:03:58+00:00,2025-08-06 06:03:58+00:00,2025-08-06 06:03:58+00:00,2025-08-08 02:00:00+00:00,0.0,2025-08-07,2025,REG,LAS,CON,1.0709494324045408,True,,0.6004234693007796,401736303,4433630,6,18,1,True,False,matched,1.0,2025-08-07,under,0.12257906786124417,2.2800000000000002,1.2800000000000002,1.0,False,False,False
2337,7467182955a500003cb863e5768b4102,9,Tina Charles,tinacharles,FA,rebounds,6.5,-152.0,114.0,10,10,2025-08-06 06:03:59+00:00,2025-08-06 06:03:59+00:00,2025-08-06 06:03:59+00:00,2025-08-08 02:00:00+00:00,0.0,2025-08-07,2025,REG,LAS,CON,1.0704643228007713,True,,0.5703965275254933,401736303,918,18,6,0,True,False,matched,7.0,2025-08-07,under,0.1269710946557061,2.1399999999999997,-1.0,1.0,False,False,False
2337,51b2617ea4227fd62a18db3f6bbb7dcd,274,Bria Hartley,briahartley,FA,threes,1.5,118.0,-158.0,10,10,2025-08-06 06:03:59+00:00,2025-08-06 06:03:59+00:00,2025-08-06 06:03:59+00:00,2025-08-08 02:00:00+00:00,0.0,2025-08-07,2025,REG,LAS,CON,1.0711186971054691,True,,0.42034729080094674,401736303,2529185,18,6,0,True,False,matched,4.0,2025-08-07,over,0.10738651389724757,2.1799999999999997,1.1799999999999997,1.0,False,False,False
2337,1addd09437c57539f1222d820d31a805,87,Cameron Brink,cameronbrink,LAS,rebounds,3.5,-118.0,-110.0,10,10,2025-08-06 06:03:59+00:00,2025-08-06 06:03:59+00:00,2025-08-06 06:03:59+00:00,2025-08-08 02:00:00+00:00,0.0,2025-08-07,2025,REG,LAS,CON,1.0650939274792486,True,,0.5090245232268319,401736303,4433404,6,18,1,True,False,matched,5.0,2025-08-07,over,0.10174333997021745,1.847457627118644,0.847457627118644,1.0,False,False,False
2337,e03c0903013116aa710666bd4bec2d50,22,Marina Mabrey,marinamabrey,TOR,points,14.5,-102.0,-128.0,10,10,2025-08-06 06:03:59+00:00,2025-08-06 06:03:59+00:00,2025-08-06 06:03:59+00:00,2025-08-08 02:00:00+00:00,0.0,2025-08-07,2025,REG,LAS,CON,1.0663540038214347,True,,0.47082505196940394,401736303,3904576,18,6,0,True,False,matched,19.0,2025-08-07,under,0.07936086652488372,1.78125,-1.0,1.0,False,False,False
2337,3aaa1f29bf77e223f4a8f18d7e3793a1,101,Kelsey Plum,kelseyplum,LAS,points,20.5,-108.0,-120.0,10,10,2025-08-06 06:03:59+00:00,2025-08-06 06:03:59+00:00,2025-08-06 06:03:59+00:00,2025-08-08 02:00:00+00:00,0.0,2025-08-07,2025,REG,LAS,CON,1.0646853146853146,True,,0.48646030463369283,401736303,3065570,6,18,1,True,False,matched,18.0,2025-08-07,under,0.060196250038882126,1.8333333333333335,0.8333333333333335,1.0,False,False,False
2336,5be9da0fb6337bfeb01c6708aa9f1d2a,49,Brionna Jones,brionnajones,ATL,points,13.5,-114.0,-114.0,10,10,2025-08-07 04:27:18+00:00,2025-08-07 04:27:18+00:00,2025-08-07 04:27:18+00:00,2025-08-08 00:00:00+00:00,0.0,2025-08-07,2025,REG,CHI,ATL,1.0654205607476634,True,,0.5000000000000001,401736302,3058895,20,19,0,True,False,matched,8.0,2025-08-07,under,0.1849797898459754,1.8771929824561404,0.8771929824561404,1.0,False,False,False
2336,5786c3bbff33a63d67946d825bd41f01,30,Kamilla Cardoso,kamillacardoso,CHI,points,12.5,-128.0,-102.0,10,10,2025-08-07 04:27:18+00:00,2025-08-07 04:27:18+00:00,2025-08-07 04:27:18+00:00,2025-08-08 00:00:00+00:00,0.0,2025-08-07,2025,REG,CHI,ATL,1.0663540038214347,True,,0.5291749480305961,401736302,4433405,19,20,1,True,False,matched,12.0,2025-08-07,under,0.11528566155124315,1.9803921568627452,0.9803921568627452,1.0,False,False,False
2336,472ab79026a0bfe141f2f619c63f8b2b,1,Allisha Gray,allishagray,ATL,points,18.5,-108.0,-120.0,10,10,2025-08-07 04:27:18+00:00,2025-08-07 04:27:18+00:00,2025-08-07 04:27:18+00:00,2025-08-08 00:00:00+00:00,0.0,2025-08-07,2025,REG,CHI,ATL,1.0646853146853146,True,,0.48646030463369283,401736302,3058901,20,19,0,True,False,matched,25.0,2025-08-07,under,0.11001329620576766,1.8333333333333335,-1.0,1.0,False,False,False
2336,4e163c672f52dfb04c175c98c4d314d0,185,Ariel Atkins,arielatkins,LAS,assists,2.5,-138.0,104.0,10,10,2025-08-07 04:31:40+00:00,2025-08-07 04:31:40+00:00,2025-08-07 04:31:40+00:00,2025-08-08 00:00:00+00:00,0.0,2025-08-07,2025,REG,CHI,ATL,1.0700280112044818,True,,0.5464208361470752,401736302,3146151,19,20,1,True,False,matched,4.0,2025-08-07,over,0.10794225481541553,1.7246376811594204,0.7246376811594204,1.0,False,False,False
2336,4b84f7d1dc8d151abc2a520fad0f6024,2,Jordin Canada,jordincanada,ATL,rebounds,3.5,100.0,-132.0,10,10,2025-08-07 04:31:40+00:00,2025-08-07 04:31:40+00:00,2025-08-07 04:31:40+00:00,2025-08-08 00:00:00+00:00,0.0,2025-08-07,2025,REG,CHI,ATL,1.0689655172413794,True,,0.46430627616618364,401736302,3142250,20,19,0,True,False,matched,6.0,2025-08-07,under,0.06981374265973866,1.7575757575757576,-1.0,1.0,False,False,False
2336,9bc56084b14cebec24b7ba374f038a74,33,Elizabeth Williams,elizabethwilliams,CHI,rebounds,6.5,-138.0,104.0,10,10,2025-08-07 04:36:53+00:00,2025-08-07 04:36:53+00:00,2025-08-07 04:36:53+00:00,2025-08-08 00:00:00+00:00,0.0,2025-08-07,2025,REG,CHI,ATL,1.0700280112044818,True,,0.5464208361470752,401736302,2566081,19,20,1,True,False,matched,4.0,2025-08-07,under,0.23216493323686166,2.04,1.04,1.0,False,False,False
2336,47bd5d7f7a278498467a3e02d84f86c9,16,Naz Hillmon,nazhillmon,ATL,points,11.5,-106.0,-122.0,10,10,2025-08-07 04:36:53+00:00,2025-08-07 04:36:53+00:00,2025-08-07 04:36:53+00:00,2025-08-08 00:00:00+00:00,0.0,2025-08-07,2025,REG,CHI,ATL,1.064112656345666,True,,0.4819416314468661,401736302,4398915,20,19,0,True,False,matched,7.0,2025-08-07,under,0.1637074779678911,1.819672131147541,0.819672131147541,1.0,False,False,False
2337,974cf277e3a306ca1c4679ad602df43f,519,Aneesah Morrow,aneesahmorrow,CON,points,8.5,-110.0,-130.0,33,33,2025-08-07 07:35:35+00:00,2025-08-07 07:35:35+00:00,2025-08-07 07:35:35+00:00,2025-08-08 02:00:00+00:00,0.0,2025-08-07,2025,REG,LAS,CON,1.0890269151138718,True,,0.47832076753442404,401736303,4684384,18,6,0,True,False,matched,6.0,2025-08-07,under,0.07987560678939071,1.7692307692307692,0.7692307692307692,1.0,False,False,False
2339,b32f8986a7739c5c60b9703f2ceacb55,63,Arike Ogunbowale,arikeogunbowale,DAL,assists,4.5,135.0,-165.0,24,24,2025-08-07 12:56:13+00:00,2025-08-07 12:56:13+00:00,2025-08-07 12:56:13+00:00,2025-08-08 23:30:00+00:00,0.0,2025-08-08,2025,REG,DAL,NYL,1.0481734243275793,True,,0.3991056903902242,401736305,3904577,3,9,1,True,False,matched,3.0,2025-08-08,over,0.11886457681942808,2.35,-1.0,1.0,False,False,False
2339,d5816083d0d8dd0e34568558667e9026,163,Natasha Cloud,natashacloud,CHI,assists,5.5,-145.0,115.0,24,24,2025-08-07 12:56:14+00:00,2025-08-07 12:56:14+00:00,2025-08-07 12:56:14+00:00,2025-08-08 23:30:00+00:00,0.0,2025-08-08,2025,REG,DAL,NYL,1.056953013763645,True,,0.5651598000470045,401736305,2529137,9,3,0,True,False,matched,3.0,2025-08-08,under,0.1525014089562422,2.15,1.15,1.0,False,False,False
2340,34687335a6347746f753e24d9b4149a9,573,Sonia Citron,soniacitron,WAS,threes,1.5,-115.0,-115.0,24,24,2025-08-07 12:56:14+00:00,2025-08-07 12:56:14+00:00,2025-08-07 12:56:14+00:00,2025-08-08 23:30:00+00:00,0.0,2025-08-08,2025,REG,MIN,WAS,1.0697674418604652,True,,0.5,401736306,4433524,16,8,0,True,False,matched,4.0,2025-08-08,under,0.11431076418799946,1.8695652173913042,-1.0,1.0,False,False,False
2339,15492b0936c1e2d28c86b492a902cf28,132,Sabrina Ionescu,sabrinaionescu,NYL,threes,2.5,-105.0,-125.0,24,24,2025-08-07 12:56:14+00:00,2025-08-07 12:56:14+00:00,2025-08-07 12:56:14+00:00,2025-08-08 23:30:00+00:00,0.0,2025-08-08,2025,REG,DAL,NYL,1.067750677506775,True,,0.47757418034290006,401736305,4066533,9,3,0,True,False,matched,1.0,2025-08-08,under,0.11055411061115644,1.8,0.8,1.0,False,False,False
2340,c40e82d82d0a78afbe4140ef7e1bd943,117,Courtney Williams,courtneywilliams,MIN,assists,5.5,-140.0,110.0,24,24,2025-08-07 12:56:14+00:00,2025-08-07 12:56:14+00:00,2025-08-07 12:56:14+00:00,2025-08-08 23:30:00+00:00,0.0,2025-08-08,2025,REG,MIN,WAS,1.0595238095238093,True,,0.555167954788897,401736306,2987891,8,16,1,True,False,matched,5.0,2025-08-08,over,0.059005836996381233,1.7142857142857144,-1.0,1.0,False,False,False
2341,2aeee7c5651dc1c7b1d4f198f3362152,175,Skylar Diggins,skylardiggins,CHI,assists,6.5,100.0,-130.0,24,24,2025-08-07 13:05:05+00:00,2025-08-07 13:05:05+00:00,2025-08-07 13:05:05+00:00,2025-08-09 02:00:00+00:00,0.0,2025-08-08,2025,REG,LVA,SEA,1.065217391304348,True,,0.4663164946059025,401736307,2491205,14,17,0,True,False,matched,6.0,2025-08-08,under,0.1435817453040224,1.7692307692307692,0.7692307692307692,1.0,False,False,False
2341,1ec7547812bc8d4abb75ec1c9cac6a52,102,Jackie Young,jackieyoung,LVA,assists,4.5,-115.0,-115.0,24,24,2025-08-07 13:05:05+00:00,2025-08-07 13:05:05+00:00,2025-08-07 13:05:05+00:00,2025-08-09 02:00:00+00:00,0.0,2025-08-08,2025,REG,LVA,SEA,1.0697674418604652,True,,0.5,401736307,4065870,17,14,1,True,False,matched,5.0,2025-08-08,over,0.09840113562078229,1.8695652173913042,0.8695652173913042,1.0,False,False,False
2341,cf2df040c3d85d2d880bcffed8e3b337,166,Jewell Loyd,jewellloyd,LVA,threes,1.5,-115.0,-115.0,24,24,2025-08-07 13:05:06+00:00,2025-08-07 13:05:06+00:00,2025-08-07 13:05:06+00:00,2025-08-09 02:00:00+00:00,0.0,2025-08-08,2025,REG,LVA,SEA,1.0697674418604652,True,,0.5,401736307,2987869,17,14,1,True,False,matched,3.0,2025-08-08,over,0.08411095716501327,1.8695652173913042,0.8695652173913042,1.0,False,False,False
2339,8161d5e14704f7ba92da8bf88d5059bc,147,Leonie Fiebich,leoniefiebich,NYL,rebounds,3.5,-162.0,122.0,10,10,2025-08-07 17:50:24+00:00,2025-08-07 17:50:24+00:00,2025-08-07 17:50:24+00:00,2025-08-08 23:30:00+00:00,0.0,2025-08-08,2025,REG,DAL,NYL,1.0687710611374732,True,,0.5868918088955871,401736305,4683006,9,3,0,True,False,matched,2.0,2025-08-08,under,0.18457928090107845,2.2199999999999998,1.2199999999999998,1.0,False,False,False
2339,45fd3614a4a5885d1b2101d2a68186b1,141,Jonquel Jones,jonqueljones,NYL,rebounds,9.5,100.0,-132.0,10,10,2025-08-07 17:50:24+00:00,2025-08-07 17:50:24+00:00,2025-08-07 17:50:24+00:00,2025-08-08 23:30:00+00:00,0.0,2025-08-08,2025,REG,DAL,NYL,1.0689655172413794,True,,0.46430627616618364,401736305,2999101,9,3,0,True,False,matched,6.0,2025-08-08,under,0.1636667533802681,1.7575757575757576,0.7575757575757576,1.0,False,False,False
2339,0cc90028361952578a8e8167a29bdc05,233,Emma Meesseman,emmameesseman,FA,points,11.5,-128.0,-102.0,10,10,2025-08-07 17:54:36+00:00,2025-08-07 17:54:36+00:00,2025-08-07 17:54:36+00:00,2025-08-08 23:30:00+00:00,0.0,2025-08-08,2025,REG,DAL,NYL,1.0663540038214347,True,,0.5291749480305961,401736305,3027368,9,3,0,True,False,matched,14.0,2025-08-08,under,0.0937998544795493,1.9803921568627452,-1.0,1.0,False,False,False
2340,2b158db4d128871c8d8ef31917264f54,196,Shakira Austin,shakiraaustin,WAS,points,14.5,-128.0,-102.0,10,10,2025-08-07 20:23:17+00:00,2025-08-07 20:23:17+00:00,2025-08-07 20:23:17+00:00,2025-08-08 23:30:00+00:00,0.0,2025-08-08,2025,REG,MIN,WAS,1.0663540038214347,True,,0.5291749480305961,401736306,4398911,16,8,0,True,False,matched,12.0,2025-08-08,under,0.3371053869114971,1.9803921568627452,0.9803921568627452,1.0,False,False,False
2340,773f725662e5bb667336397bae7b90cd,121,Alanna Smith,alannasmith,DAL,points,10.5,-110.0,-118.0,10,10,2025-08-07 20:23:17+00:00,2025-08-07 20:23:17+00:00,2025-08-07 20:23:17+00:00,2025-08-08 23:30:00+00:00,0.0,2025-08-08,2025,REG,MIN,WAS,1.0650939274792486,True,,0.4909754767731684,401736306,3913881,8,16,1,True,False,matched,25.0,2025-08-08,under,0.29258153490139405,1.847457627118644,-1.0,1.0,False,False,False
2340,285f289698a65bed80086795aec7d4f5,125,Kayla McBride,kaylamcbride,MIN,points,14.5,-118.0,-110.0,10,10,2025-08-07 20:23:17+00:00,2025-08-07 20:23:17+00:00,2025-08-07 20:23:17+00:00,2025-08-08 23:30:00+00:00,0.0,2025-08-08,2025,REG,MIN,WAS,1.0650939274792486,True,,0.5090245232268319,401736306,2529205,8,16,1,True,False,matched,11.0,2025-08-08,under,0.08360637442985913,1.9090909090909092,0.9090909090909092,1.0,False,False,False
2340,705511f4d48e2fbc9ed56d6b0b42f514,572,Kiki Iriafen,kikiiriafen,WAS,rebounds,7.5,-118.0,-112.0,10,10,2025-08-07 20:23:17+00:00,2025-08-07 20:23:17+00:00,2025-08-07 20:23:17+00:00,2025-08-08 23:30:00+00:00,0.0,2025-08-08,2025,REG,MIN,WAS,1.0695862904621776,True,,0.5067212711754592,401736306,4898384,16,8,0,True,False,matched,9.0,2025-08-08,under,0.05224563478897465,1.8928571428571428,-1.0,1.0,False,False,False
2341,a2a1df6c6f38fbfec6f7baca6675e27f,176,Ezi Magbegor,ezimagbegor,SEA,points,8.5,-113.0,-115.0,10,10,2025-08-07 22:24:55+00:00,2025-08-07 22:24:55+00:00,2025-08-07 22:24:55+00:00,2025-08-09 02:00:00+00:00,0.0,2025-08-08,2025,REG,LVA,SEA,1.0654001528551151,True,,0.49774423259931944,401736307,4420318,14,17,0,True,False,matched,8.0,2025-08-08,under,0.0534690458419671,1.8695652173913042,0.8695652173913042,1.0,False,False,False
2341,b78b7d0305b580bfeb0823e56cce354d,180,Nneka Ogwumike,nnekaogwumike,LAS,rebounds,6.5,-136.0,102.0,10,10,2025-08-07 22:24:56+00:00,2025-08-07 22:24:56+00:00,2025-08-07 22:24:56+00:00,2025-08-09 02:00:00+00:00,0.0,2025-08-08,2025,REG,LVA,SEA,1.071320691391173,True,,0.5420932924427202,401736307,1068,14,17,0,True,False,matched,9.0,2025-08-08,under,0.16692428886055083,2.02,-1.0,1.0,False,False,False
2341,00fcf42c7fb666096e97d4ce492f0ae3,208,Gabby Williams,gabbywilliams,GSV,threes,1.5,148.0,-200.0,10,10,2025-08-07 22:24:56+00:00,2025-08-07 22:24:56+00:00,2025-08-07 22:24:56+00:00,2025-08-09 02:00:00+00:00,0.0,2025-08-08,2025,REG,LVA,SEA,1.0698924731182795,True,,0.3634985050458517,401736307,3142328,14,17,0,True,False,matched,1.0,2025-08-08,under,0.1658476604570343,1.5,0.5,1.0,False,False,False
2341,c978c7d5ab05ba93352e0c7a7d337906,107,Chelsea Gray,chelseagray,LVA,rebounds,3.5,-162.0,122.0,10,10,2025-08-07 22:24:56+00:00,2025-08-07 22:24:56+00:00,2025-08-07 22:24:56+00:00,2025-08-09 02:00:00+00:00,0.0,2025-08-08,2025,REG,LVA,SEA,1.0687710611374732,True,,0.5868918088955871,401736307,2529122,17,14,1,True,False,matched,2.0,2025-08-08,under,0.1378335672628893,2.2199999999999998,1.2199999999999998,1.0,False,False,False
2341,924f18d6d793e8577b0400fbdaf84943,103,A'ja Wilson,ajawilson,LVA,rebounds,10.5,104.0,-138.0,10,10,2025-08-07 22:24:56+00:00,2025-08-07 22:24:56+00:00,2025-08-07 22:24:56+00:00,2025-08-09 02:00:00+00:00,0.0,2025-08-08,2025,REG,LVA,SEA,1.0700280112044818,True,,0.4535791638529251,401736307,3149391,17,14,1,True,False,matched,12.0,2025-08-08,under,0.12111015370051492,1.7246376811594204,-1.0,1.0,False,False,False
2336,1c618e694bafa59ea9165b318ada38e9,36,Rachel Banham,rachelbanham,CHI,points,10.5,100.0,-130.0,10,10,2025-08-07 23:11:44+00:00,2025-08-07 23:11:44+00:00,2025-08-07 23:11:44+00:00,2025-08-08 00:00:00+00:00,0.0,2025-08-07,2025,REG,CHI,ATL,1.065217391304348,True,,0.4663164946059025,401736302,2566186,19,20,1,True,False,matched,18.0,2025-08-07,under,0.09380196045975142,1.7692307692307692,-1.0,1.0,False,False,False
2337,4da1f4309549941e5a3f7e8b66a3f2e1,84,Julie Allemand,julieallemand,TOR,rebounds,4.5,-125.0,-106.0,10,10,2025-08-08 00:04:32+00:00,2025-08-08 00:04:32+00:00,2025-08-08 00:04:32+00:00,2025-08-08 02:00:00+00:00,0.0,2025-08-07,2025,REG,LAS,CON,1.070118662351672,True,,0.5212291071384377,401736303,4001679,6,18,1,True,False,matched,10.0,2025-08-07,under,0.15452456307465962,1.9433962264150944,-1.0,1.0,False,False,False
2340,7ba2cdb7e58f4c84becccffb2ce0e37d,116,Jessica Shepard,jessicashepard,DAL,rebounds,9.5,-114.0,-114.0,10,10,2025-08-08 05:16:13+00:00,2025-08-08 05:16:13+00:00,2025-08-08 05:16:13+00:00,2025-08-08 23:30:00+00:00,0.0,2025-08-08,2025,REG,MIN,WAS,1.0654205607476634,True,,0.5000000000000001,401736306,3906949,8,16,1,True,False,matched,6.0,2025-08-08,under,0.40569750013341566,1.8771929824561404,0.8771929824561404,1.0,False,False,False
2341,7b397e4dcd73538226631e276d16a606,66,Erica Wheeler,ericawheeler,LAS,rebounds,2.5,-162.0,122.0,10,10,2025-08-08 05:16:15+00:00,2025-08-08 05:16:15+00:00,2025-08-08 05:16:15+00:00,2025-08-09 02:00:00+00:00,0.0,2025-08-08,2025,REG,LVA,SEA,1.0687710611374732,True,,0.5868918088955871,401736307,2491214,14,17,0,True,False,matched,0.0,2025-08-08,under,0.12018181482333146,2.2199999999999998,1.2199999999999998,1.0,False,False,False
2340,9eb7c6db7f20666aa9c2e12510337975,149,Sug Sutton,sugsutton,DAL,points,9.5,-115.0,-113.0,10,10,2025-08-08 05:21:42+00:00,2025-08-08 05:21:42+00:00,2025-08-08 05:21:42+00:00,2025-08-08 23:30:00+00:00,0.0,2025-08-08,2025,REG,MIN,WAS,1.0654001528551151,True,,0.5022557674006809,401736306,4068159,16,8,0,True,False,matched,4.0,2025-08-08,under,0.35243464879007574,1.8849557522123894,0.8849557522123894,1.0,False,False,False
2342,872ba314a0f5633b33d6ef504447f897,71,Aliyah Boston,aliyahboston,IND,points,14.5,-130.0,100.0,10,10,2025-08-08 06:43:30+00:00,2025-08-08 06:43:30+00:00,2025-08-08 06:43:30+00:00,2025-08-10 00:00:00+00:00,0.0,2025-08-09,2025,REG,IND,CHI,1.065217391304348,True,,0.5336835053940976,401736309,4432831,5,19,1,True,False,matched,15.0,2025-08-09,under,0.09847321641458384,2.0,-1.0,1.0,False,False,False
2342,09479e8f0c93730fc38bedde3de8c741,70,Kelsey Mitchell,kelseymitchell,IND,assists,3.5,-104.0,-128.0,10,10,2025-08-08 06:43:30+00:00,2025-08-08 06:43:30+00:00,2025-08-08 06:43:30+00:00,2025-08-10 00:00:00+00:00,0.0,2025-08-09,2025,REG,IND,CHI,1.0712074303405572,True,,0.4732611100971195,401736309,3142191,5,19,1,True,False,matched,8.0,2025-08-09,under,0.05743980305210317,1.78125,-1.0,1.0,False,False,False
2342,df0c44bc7cb44ae621046cd30a176b0c,30,Kamilla Cardoso,kamillacardoso,CHI,rebounds,10.5,-114.0,-114.0,10,10,2025-08-08 06:48:40+00:00,2025-08-08 06:48:40+00:00,2025-08-08 06:48:40+00:00,2025-08-10 00:00:00+00:00,0.0,2025-08-09,2025,REG,IND,CHI,1.0654205607476634,True,,0.5000000000000001,401736309,4433405,19,5,0,True,False,matched,12.0,2025-08-09,under,0.210724467104624,1.8771929824561404,-1.0,1.0,False,False,False
2342,43bef1bb5628824c6492985c60883c5b,33,Elizabeth Williams,elizabethwilliams,CHI,rebounds,6.5,-138.0,104.0,10,10,2025-08-08 06:54:46+00:00,2025-08-08 06:54:46+00:00,2025-08-08 06:54:46+00:00,2025-08-10 00:00:00+00:00,0.0,2025-08-09,2025,REG,IND,CHI,1.0700280112044818,True,,0.5464208361470752,401736309,2566081,19,5,0,True,False,matched,9.0,2025-08-09,under,0.23432207435676644,2.04,-1.0,1.0,False,False,False
2342,2d110c541764f4d6307554dc32349067,156,Sophie Cunningham,sophiecunningham,IND,rebounds,3.5,-144.0,108.0,10,10,2025-08-08 06:54:46+00:00,2025-08-08 06:54:46+00:00,2025-08-08 06:54:46+00:00,2025-08-10 00:00:00+00:00,0.0,2025-08-09,2025,REG,IND,CHI,1.0709331651954601,True,,0.5566845205396996,401736309,3907781,5,19,1,True,False,matched,3.0,2025-08-09,under,0.10440764752182252,2.08,1.08,1.0,False,False,False
2343,0b84fbe89d9adefda7b3b8560d431c27,101,Kelsey Plum,kelseyplum,LAS,threes,2.5,-130.0,100.0,24,24,2025-08-08 10:30:42+00:00,2025-08-08 10:30:42+00:00,2025-08-08 10:30:42+00:00,2025-08-10 00:30:00+00:00,0.0,2025-08-09,2025,REG,GSV,LAS,1.065217391304348,True,,0.5336835053940976,401736308,3065570,6,129689,0,True,False,matched,0.0,2025-08-09,under,0.19401798287923444,2.0,1.0,1.0,False,False,False
2343,02bca3e655c17fb50b338707badeea07,89,Dearica Hamby,dearicahamby,LAS,assists,2.5,-165.0,135.0,24,24,2025-08-08 10:30:42+00:00,2025-08-08 10:30:42+00:00,2025-08-08 10:30:42+00:00,2025-08-10 00:30:00+00:00,0.0,2025-08-09,2025,REG,GSV,LAS,1.0481734243275793,True,,0.600894309609776,401736308,2566106,6,129689,0,True,False,matched,1.0,2025-08-09,under,0.1774297954198683,2.35,1.35,1.0,False,False,False
2343,32a324677551d60ef6b6d52a8b6d2faf,221,Tiffany Hayes,tiffanyhayes,GSV,assists,3.5,120.0,-150.0,24,24,2025-08-08 10:30:42+00:00,2025-08-08 10:30:42+00:00,2025-08-08 10:30:42+00:00,2025-08-10 00:30:00+00:00,0.0,2025-08-09,2025,REG,GSV,LAS,1.0545454545454547,True,,0.4253013906678685,401736308,1054,129689,6,1,True,False,matched,6.0,2025-08-09,under,0.13266845632239194,1.6666666666666665,-1.0,1.0,False,False,False
2343,84fa5ba06c154c044a4b30dee7ea3d37,537,Janelle Salaun,janellesalaun,GSV,threes,1.5,120.0,-150.0,24,24,2025-08-08 10:30:42+00:00,2025-08-08 10:30:42+00:00,2025-08-08 10:30:42+00:00,2025-08-10 00:30:00+00:00,0.0,2025-08-09,2025,REG,GSV,LAS,1.0545454545454547,True,,0.4253013906678685,401736308,4790264,129689,6,1,True,False,matched,3.0,2025-08-09,under,0.10721316533571246,1.6666666666666665,-1.0,1.0,False,False,False
2343,828faafe1ed17b3f7ca0b7bb040b247a,87,Cameron Brink,cameronbrink,LAS,points,6.5,-110.0,-118.0,10,10,2025-08-08 17:49:12+00:00,2025-08-08 17:49:12+00:00,2025-08-08 17:49:12+00:00,2025-08-10 00:30:00+00:00,0.0,2025-08-09,2025,REG,GSV,LAS,1.0650939274792486,True,,0.4909754767731684,401736308,4433404,6,129689,0,True,False,matched,5.0,2025-08-09,under,0.24511655603351507,1.847457627118644,0.847457627118644,1.0,False,False,False
2343,aed7e85e5fb05953386ba88a4758139e,94,Rickea Jackson,rickeajackson,CHI,rebounds,3.5,-172.0,128.0,10,10,2025-08-08 18:29:32+00:00,2025-08-08 18:29:32+00:00,2025-08-08 18:29:32+00:00,2025-08-10 00:30:00+00:00,0.0,2025-08-09,2025,REG,GSV,LAS,1.0709494324045408,True,,0.6004234693007796,401736308,4433630,6,129689,0,True,False,matched,6.0,2025-08-09,under,0.15176672803062552,2.2800000000000002,-1.0,1.0,False,False,False
2343,4fa969683784c9fff3453bb3ab3a3e21,82,Azura Stevens,azurastevens,CHI,rebounds,7.5,-122.0,-108.0,10,10,2025-08-08 18:29:32+00:00,2025-08-08 18:29:32+00:00,2025-08-08 18:29:32+00:00,2025-08-10 00:30:00+00:00,0.0,2025-08-09,2025,REG,GSV,LAS,1.0687803187803186,True,,0.5156895960912058,401736308,3142010,6,129689,0,True,False,matched,6.0,2025-08-09,under,0.07641564250220634,1.925925925925926,0.925925925925926,1.0,False,False,False
2339,b419ade87bd2c9d88aa08ed00fe64e83,10,Haley Jones,haleyjones,DAL,rebounds,3.5,-159.0,123.0,60,60,2025-08-08 22:56:53+00:00,2025-08-08 22:56:53+00:00,2025-08-08 22:56:53+00:00,2025-08-08 23:30:00+00:00,0.0,2025-08-08,2025,REG,DAL,NYL,1.0623301071731566,True,,0.5853416860106547,401736305,4595910,3,9,1,True,False,matched,2.0,2025-08-08,under,0.5249272923610652,2.23,1.23,1.0,False,False,False
2339,b839e347c62150421c4d2efdb6efde97,529,Luisa Geiselsoder,luisageiselsoder,PDX,points,8.5,-118.0,-110.0,10,10,2025-08-08 23:02:07+00:00,2025-08-08 23:02:07+00:00,2025-08-08 23:02:07+00:00,2025-08-08 23:30:00+00:00,0.0,2025-08-08,2025,REG,DAL,NYL,1.0650939274792486,True,,0.5090245232268319,401736305,4682797,3,9,1,True,False,matched,6.0,2025-08-08,under,0.1843150424984556,1.9090909090909092,0.9090909090909092,1.0,False,False,False
2339,61edbf3c7418a34030d1689d7166874f,95,Li Yueru,liyueru,DAL,points,9.5,-130.0,100.0,10,10,2025-08-08 23:23:29+00:00,2025-08-08 23:23:29+00:00,2025-08-08 23:23:29+00:00,2025-08-08 23:30:00+00:00,0.0,2025-08-08,2025,REG,DAL,NYL,1.065217391304348,True,,0.5336835053940976,401736305,4336633,3,9,1,True,False,matched,3.0,2025-08-08,under,0.5681184864363127,2.0,1.0,1.0,False,False,False
2339,ea571e548e5510de5aff8b04a1d7c6d5,526,Aziaha James,aziahajames,DAL,points,9.5,-130.0,100.0,10,10,2025-08-08 23:28:45+00:00,2025-08-08 23:28:45+00:00,2025-08-08 23:28:45+00:00,2025-08-08 23:30:00+00:00,0.0,2025-08-08,2025,REG,DAL,NYL,1.065217391304348,True,,0.5336835053940976,401736305,4433807,3,9,1,True,False,matched,3.0,2025-08-08,under,0.448797584921974,2.0,1.0,1.0,False,False,False
2344,699e7ac5b8d95462f10aacf9e8bdb38a,116,Jessica Shepard,jessicashepard,DAL,points,10.5,-108.0,-120.0,10,10,2025-08-09 05:35:20+00:00,2025-08-09 05:35:20+00:00,2025-08-09 05:35:20+00:00,2025-08-10 16:30:00+00:00,0.0,2025-08-10,2025,REG,NYL,MIN,1.0646853146853146,True,,0.48646030463369283,401736310,3906949,8,9,0,True,False,matched,6.0,2025-08-10,under,0.31653847428137755,1.8333333333333335,0.8333333333333335,1.0,False,False,False
2344,c6dd861783207261d47fb150ed254390,121,Alanna Smith,alannasmith,DAL,points,12.5,-102.0,-128.0,10,10,2025-08-09 05:35:21+00:00,2025-08-09 05:35:21+00:00,2025-08-09 05:35:21+00:00,2025-08-10 16:30:00+00:00,0.0,2025-08-10,2025,REG,NYL,MIN,1.0663540038214347,True,,0.47082505196940394,401736310,3913881,8,9,0,True,False,matched,8.0,2025-08-10,under,0.4101254050960897,1.78125,0.78125,1.0,False,False,False
2344,4694a9cb327c37f7fc3de91268459052,117,Courtney Williams,courtneywilliams,MIN,points,14.5,-114.0,-114.0,10,10,2025-08-09 05:35:21+00:00,2025-08-09 05:35:21+00:00,2025-08-09 05:35:21+00:00,2025-08-10 16:30:00+00:00,0.0,2025-08-10,2025,REG,NYL,MIN,1.0654205607476634,True,,0.5000000000000001,401736310,2987891,8,9,0,True,False,matched,14.0,2025-08-10,under,0.16593532461928356,1.8771929824561404,0.8771929824561404,1.0,False,False,False
2344,463f43b0c30ec626362b5f59be51b231,48,DiJonai Carrington,dijonaicarrington,CHI,points,10.5,106.0,-138.0,10,10,2025-08-09 05:35:21+00:00,2025-08-09 05:35:21+00:00,2025-08-09 05:35:21+00:00,2025-08-10 16:30:00+00:00,0.0,2025-08-10,2025,REG,NYL,MIN,1.0652688259769927,True,,0.4512435291926419,401736310,4066548,8,9,0,True,False,matched,15.0,2025-08-10,under,0.09665616997676812,1.7246376811594204,-1.0,1.0,False,False,False
2344,c9a033c60354e6ebae11601020ffe055,125,Kayla McBride,kaylamcbride,MIN,points,14.5,-108.0,-120.0,10,10,2025-08-09 05:35:21+00:00,2025-08-09 05:35:21+00:00,2025-08-09 05:35:21+00:00,2025-08-10 16:30:00+00:00,0.0,2025-08-10,2025,REG,NYL,MIN,1.0646853146853146,True,,0.48646030463369283,401736310,2529205,8,9,0,True,False,matched,18.0,2025-08-10,under,0.05171478517008943,1.8333333333333335,-1.0,1.0,False,False,False
2344,12f6dacffc412ad24eadaff69ec8aeb0,233,Emma Meesseman,emmameesseman,FA,rebounds,5.5,122.0,-162.0,10,10,2025-08-09 05:40:30+00:00,2025-08-09 05:40:30+00:00,2025-08-09 05:40:30+00:00,2025-08-10 16:30:00+00:00,0.0,2025-08-10,2025,REG,NYL,MIN,1.0687710611374732,True,,0.41310819110441305,401736310,3027368,9,8,1,True,False,matched,5.0,2025-08-10,under,0.18609032391336716,1.617283950617284,0.617283950617284,1.0,False,False,False
2344,d231e2dcab6fa65c071456d9c7b64519,141,Jonquel Jones,jonqueljones,NYL,points,15.5,-114.0,-114.0,10,10,2025-08-09 05:40:30+00:00,2025-08-09 05:40:30+00:00,2025-08-09 05:40:30+00:00,2025-08-10 16:30:00+00:00,0.0,2025-08-10,2025,REG,NYL,MIN,1.0654205607476634,True,,0.5000000000000001,401736310,2999101,9,8,1,True,False,matched,11.0,2025-08-10,under,0.1838424531514518,1.8771929824561404,0.8771929824561404,1.0,False,False,False
2344,29301d0da5f09fc72f7dd60e06a599c5,147,Leonie Fiebich,leoniefiebich,NYL,points,8.5,-122.0,-106.0,10,10,2025-08-09 05:40:30+00:00,2025-08-09 05:40:30+00:00,2025-08-09 05:40:30+00:00,2025-08-10 16:30:00+00:00,0.0,2025-08-10,2025,REG,NYL,MIN,1.064112656345666,True,,0.518058368553134,401736310,4683006,9,8,1,True,False,matched,6.0,2025-08-10,under,0.057351858797658306,1.9433962264150944,0.9433962264150944,1.0,False,False,False
2344,90041a9c287b3409c27bd4811a058b21,163,Natasha Cloud,natashacloud,CHI,points,9.5,-132.0,102.0,10,10,2025-08-09 05:40:32+00:00,2025-08-09 05:40:32+00:00,2025-08-09 05:40:32+00:00,2025-08-10 16:30:00+00:00,0.0,2025-08-10,2025,REG,NYL,MIN,1.0640150221918745,True,,0.5381512573163673,401736310,2529137,9,8,1,True,False,matched,14.0,2025-08-10,under,0.15219437946270548,2.02,-1.0,1.0,False,False,False
2348,46c6723e114aff047e06f7422328eac9,103,A'ja Wilson,ajawilson,LVA,threes,0.5,-225.0,162.0,10,10,2025-08-09 06:03:25+00:00,2025-08-09 06:03:25+00:00,2025-08-09 06:03:25+00:00,2025-08-11 01:00:00+00:00,0.0,2025-08-10,2025,REG,LVA,CON,1.0739870816206694,True,,0.6613805444569248,401736314,3149391,17,18,1,True,False,matched,0.0,2025-08-10,under,0.6781213657601273,2.62,1.62,1.0,False,False,False
2348,8e6e500b4441da3bc19f8bd552a98350,102,Jackie Young,jackieyoung,LVA,points,15.5,-120.0,-108.0,10,10,2025-08-09 06:03:25+00:00,2025-08-09 06:03:25+00:00,2025-08-09 06:03:25+00:00,2025-08-11 01:00:00+00:00,0.0,2025-08-10,2025,REG,LVA,CON,1.0646853146853146,True,,0.5135396953663074,401736314,4065870,17,18,1,True,False,matched,21.0,2025-08-10,under,0.06998444320596575,1.925925925925926,-1.0,1.0,False,False,False
2345,e5351a47765d077055621ba721d9cca8,63,Arike Ogunbowale,arikeogunbowale,DAL,rebounds,2.5,-172.0,128.0,10,10,2025-08-09 06:34:35+00:00,2025-08-09 06:34:35+00:00,2025-08-09 06:34:35+00:00,2025-08-10 20:00:00+00:00,0.0,2025-08-10,2025,REG,DAL,WAS,1.0709494324045408,True,,0.6004234693007796,401736311,3904577,3,16,1,True,False,matched,0.0,2025-08-10,under,0.31888346106225157,2.2800000000000002,1.2800000000000002,1.0,False,False,False
2345,54e103837a9722b4f76aea01b26925b6,573,Sonia Citron,soniacitron,WAS,assists,2.5,-154.0,116.0,10,10,2025-08-09 06:34:35+00:00,2025-08-09 06:34:35+00:00,2025-08-09 06:34:35+00:00,2025-08-10 20:00:00+00:00,0.0,2025-08-10,2025,REG,DAL,WAS,1.0692621755613883,True,,0.574207987656796,401736311,4433524,16,3,0,True,False,matched,6.0,2025-08-10,under,0.3078833151859572,2.16,-1.0,1.0,False,False,False
2345,1ba01ba1e91d8601b8e852d9a9646364,149,Sug Sutton,sugsutton,DAL,points,9.5,100.0,-130.0,10,10,2025-08-09 06:34:35+00:00,2025-08-09 06:34:35+00:00,2025-08-09 06:34:35+00:00,2025-08-10 20:00:00+00:00,0.0,2025-08-10,2025,REG,DAL,WAS,1.065217391304348,True,,0.4663164946059025,401736311,4068159,16,3,0,True,False,matched,0.0,2025-08-10,under,0.2069278073849397,1.7692307692307692,0.7692307692307692,1.0,False,False,False
2345,3e0ea9acb29382b657bb0d89790e6362,572,Kiki Iriafen,kikiiriafen,WAS,rebounds,7.5,-138.0,104.0,10,10,2025-08-09 06:34:35+00:00,2025-08-09 06:34:35+00:00,2025-08-09 06:34:35+00:00,2025-08-10 20:00:00+00:00,0.0,2025-08-10,2025,REG,DAL,WAS,1.0700280112044818,True,,0.5464208361470752,401736311,4898384,16,3,0,True,False,matched,10.0,2025-08-10,under,0.1180223474211628,2.04,-1.0,1.0,False,False,False
2345,2a88e725e2412196cdf79ffb7ec18157,528,Paige Bueckers,paigebueckers,DAL,assists,4.5,-112.0,-118.0,10,10,2025-08-09 06:34:35+00:00,2025-08-09 06:34:35+00:00,2025-08-09 06:34:35+00:00,2025-08-10 20:00:00+00:00,0.0,2025-08-10,2025,REG,DAL,WAS,1.0695862904621776,True,,0.49327872882454105,401736311,4433730,3,16,1,True,False,matched,3.0,2025-08-10,over,0.05970145849283609,1.8928571428571428,-1.0,1.0,False,False,False
2346,6e4411d28d459e3509d35f8129b42b4d,49,Brionna Jones,brionnajones,ATL,points,13.5,100.0,-130.0,10,10,2025-08-09 06:34:36+00:00,2025-08-09 06:34:36+00:00,2025-08-09 06:34:36+00:00,2025-08-10 22:00:00+00:00,0.0,2025-08-10,2025,REG,PHX,ATL,1.065217391304348,True,,0.4663164946059025,401736313,3058895,20,11,0,True,False,matched,15.0,2025-08-10,under,0.15960061169678136,1.7692307692307692,-1.0,1.0,False,False,False
2346,6cda2f95baab17d9bc50736d95decc71,16,Naz Hillmon,nazhillmon,ATL,threes,1.5,108.0,-144.0,10,10,2025-08-09 06:34:36+00:00,2025-08-09 06:34:36+00:00,2025-08-09 06:34:36+00:00,2025-08-10 22:00:00+00:00,0.0,2025-08-10,2025,REG,PHX,ATL,1.0709331651954601,True,,0.4433154794603006,401736313,4398915,20,11,0,True,False,matched,3.0,2025-08-10,under,0.1269933947719612,1.6944444444444444,-1.0,1.0,False,False,False
2346,531fcfcfdad5d727762d0cf81259b314,2,Jordin Canada,jordincanada,ATL,points,13.5,100.0,-130.0,10,10,2025-08-09 06:34:36+00:00,2025-08-09 06:34:36+00:00,2025-08-09 06:34:36+00:00,2025-08-10 22:00:00+00:00,0.0,2025-08-10,2025,REG,PHX,ATL,1.065217391304348,True,,0.4663164946059025,401736313,3142250,20,11,0,True,False,matched,13.0,2025-08-10,under,0.08737441006645585,1.7692307692307692,0.7692307692307692,1.0,False,False,False
2346,e8d179e86e2cf14054bf1655477250ba,1,Allisha Gray,allishagray,ATL,threes,2.5,148.0,-200.0,10,10,2025-08-09 06:34:36+00:00,2025-08-09 06:34:36+00:00,2025-08-09 06:34:36+00:00,2025-08-10 22:00:00+00:00,0.0,2025-08-10,2025,REG,PHX,ATL,1.0698924731182795,True,,0.3634985050458517,401736313,3058901,20,11,0,True,False,matched,1.0,2025-08-10,over,0.08278694008209964,2.48,-1.0,1.0,False,False,False
2346,b9f5dad36a159c41d9e90ae51fb6aa24,54,Satou Sabally,satousabally,NYL,points,14.5,-118.0,-110.0,10,10,2025-08-09 06:34:36+00:00,2025-08-09 06:34:36+00:00,2025-08-09 06:34:36+00:00,2025-08-10 22:00:00+00:00,0.0,2025-08-10,2025,REG,PHX,ATL,1.0650939274792486,True,,0.5090245232268319,401736313,4281929,11,20,1,True,False,matched,7.0,2025-08-10,under,0.06858079378980264,1.9090909090909092,0.9090909090909092,1.0,False,False,False
2346,f8b819e4c88775f2c7142f9ed4030460,155,Kahleah Copper,kahleahcopper,PHO,points,16.5,-102.0,-128.0,10,10,2025-08-09 06:34:36+00:00,2025-08-09 06:34:36+00:00,2025-08-09 06:34:36+00:00,2025-08-10 22:00:00+00:00,0.0,2025-08-10,2025,REG,PHX,ATL,1.0663540038214347,True,,0.47082505196940394,401736313,2998938,11,20,1,True,False,matched,9.0,2025-08-10,under,0.06619883217167638,1.78125,0.78125,1.0,False,False,False
2343,5e3ed2756f12d1b1f14e1de4807e7332,120,Cecilia Zandalasini,ceciliazandalasini,GSV,points,9.5,-110.0,-120.0,13,13,2025-08-09 11:27:32+00:00,2025-08-09 11:27:32+00:00,2025-08-09 11:27:32+00:00,2025-08-10 00:30:00+00:00,0.0,2025-08-09,2025,REG,GSV,LAS,1.0692640692640691,True,,0.4887959885212434,401736308,4257500,129689,6,1,True,False,matched,14.0,2025-08-09,under,0.2262887152140705,1.8333333333333335,-1.0,1.0,False,False,False
2343,f87f6f8af9986a644a7436878b5bb9af,84,Julie Allemand,julieallemand,TOR,rebounds,4.5,-130.0,-105.0,33,33,2025-08-09 13:44:26+00:00,2025-08-09 13:44:26+00:00,2025-08-09 13:44:26+00:00,2025-08-10 00:30:00+00:00,0.0,2025-08-09,2025,REG,GSV,LAS,1.0774125132555674,True,,0.5275730862680912,401736308,4001679,6,129689,0,True,False,matched,2.0,2025-08-09,under,0.06882906135358602,1.9523809523809523,0.9523809523809523,1.0,False,False,False
2348,6c6282598d28bb168a01230818dcee98,22,Marina Mabrey,marinamabrey,TOR,points,15.5,-118.0,-110.0,10,10,2025-08-09 17:32:50+00:00,2025-08-09 17:32:50+00:00,2025-08-09 17:32:50+00:00,2025-08-11 01:00:00+00:00,0.0,2025-08-10,2025,REG,LVA,CON,1.0650939274792486,True,,0.5090245232268319,401736314,3904576,18,17,0,True,False,matched,22.0,2025-08-10,under,0.21362519069057823,1.9090909090909092,-1.0,1.0,False,False,False
2347,ecc4aa1839a310dea5efa5f028e71a88,180,Nneka Ogwumike,nnekaogwumike,LAS,rebounds,6.5,-130.0,-102.0,10,10,2025-08-09 17:38:38+00:00,2025-08-09 17:38:38+00:00,2025-08-09 17:38:38+00:00,2025-08-11 00:00:00+00:00,0.0,2025-08-10,2025,REG,LAS,SEA,1.0701678863538528,True,,0.5312123494364493,401736312,1068,14,6,0,True,False,matched,10.0,2025-08-10,under,0.11552864095596649,1.9803921568627452,-1.0,1.0,False,False,False
2347,83c1dfc243a2c1366cd6a158f1dd5508,175,Skylar Diggins,skylardiggins,CHI,rebounds,3.5,-114.0,-114.0,10,10,2025-08-09 17:38:38+00:00,2025-08-09 17:38:38+00:00,2025-08-09 17:38:38+00:00,2025-08-11 00:00:00+00:00,0.0,2025-08-10,2025,REG,LAS,SEA,1.0654205607476634,True,,0.5000000000000001,401736312,2491205,14,6,0,True,False,matched,2.0,2025-08-10,under,0.10758171752767698,1.8771929824561404,0.8771929824561404,1.0,False,False,False
2348,11a8213a96034e762ca83d2288b72de5,73,NaLyssa Smith,nalyssasmith,LVA,points,8.5,-105.0,-135.0,33,33,2025-08-09 20:15:41+00:00,2025-08-09 20:15:41+00:00,2025-08-09 20:15:41+00:00,2025-08-11 01:00:00+00:00,0.0,2025-08-10,2025,REG,LVA,CON,1.0866632070576026,True,,0.46744138600370294,401736314,4398776,17,18,1,True,False,matched,6.0,2025-08-10,under,0.0883390582790416,1.7407407407407407,0.7407407407407407,1.0,False,False,False
2343,ec3d6b3ffa046e67e516afcb945adc97,72,Temi Fagbenle,temifagbenle,TOR,points,7.5,-102.0,-128.0,10,10,2025-08-09 23:22:00+00:00,2025-08-09 23:22:00+00:00,2025-08-09 23:22:00+00:00,2025-08-10 00:30:00+00:00,0.0,2025-08-09,2025,REG,GSV,LAS,1.0663540038214347,True,,0.47082505196940394,401736308,2569044,129689,6,1,True,False,matched,8.0,2025-08-09,under,0.13033503368694055,1.78125,-1.0,1.0,False,False,False
2342,e900155982c991323286055dadd44ace,76,Lexie Hull,lexiehull,IND,points,7.5,-130.0,100.0,10,10,2025-08-09 23:39:51+00:00,2025-08-09 23:39:51+00:00,2025-08-09 23:39:51+00:00,2025-08-10 00:00:00+00:00,0.0,2025-08-09,2025,REG,IND,CHI,1.065217391304348,True,,0.5336835053940976,401736309,4398829,5,19,1,True,False,matched,17.0,2025-08-09,under,0.6432572757455115,2.0,-1.0,1.0,False,False,False
2347,b447d5cd3c34b37d04b1db887bb1b86a,101,Kelsey Plum,kelseyplum,LAS,assists,5.5,102.0,-136.0,10,10,2025-08-10 03:11:11+00:00,2025-08-10 03:11:11+00:00,2025-08-10 03:11:11+00:00,2025-08-11 00:00:00+00:00,0.0,2025-08-10,2025,REG,LAS,SEA,1.071320691391173,True,,0.4579067075572801,401736312,3065570,6,14,1,True,False,matched,7.0,2025-08-10,over,0.17331254392920264,2.02,1.02,1.0,False,False,False
2347,52f85af1453db5fdd8308b1b375a41fa,94,Rickea Jackson,rickeajackson,CHI,rebounds,3.5,-144.0,108.0,10,10,2025-08-10 03:11:11+00:00,2025-08-10 03:11:11+00:00,2025-08-10 03:11:11+00:00,2025-08-11 00:00:00+00:00,0.0,2025-08-10,2025,REG,LAS,SEA,1.0709331651954601,True,,0.5566845205396996,401736312,4433630,6,14,1,True,False,matched,1.0,2025-08-10,under,0.09878985419754516,2.08,1.08,1.0,False,False,False
2347,ac0d6c4de5f6b3fd02ca540fdf705799,82,Azura Stevens,azurastevens,CHI,threes,1.5,-106.0,-122.0,10,10,2025-08-10 03:11:11+00:00,2025-08-10 03:11:11+00:00,2025-08-10 03:11:11+00:00,2025-08-11 00:00:00+00:00,0.0,2025-08-10,2025,REG,LAS,SEA,1.064112656345666,True,,0.4819416314468661,401736312,3142010,6,14,1,True,False,matched,3.0,2025-08-10,over,0.08156662455212921,1.9433962264150944,0.9433962264150944,1.0,False,False,False
2347,8f06b7fe5657ba27831680f56d5f8672,208,Gabby Williams,gabbywilliams,GSV,threes,1.5,126.0,-168.0,10,10,2025-08-10 04:06:44+00:00,2025-08-10 04:06:44+00:00,2025-08-10 04:06:44+00:00,2025-08-11 00:00:00+00:00,0.0,2025-08-10,2025,REG,LAS,SEA,1.0693435477479856,True,,0.4045224464881516,401736312,3142328,14,6,0,True,False,matched,1.0,2025-08-10,under,0.20079771013080383,1.5952380952380953,0.5952380952380953,1.0,False,False,False
2345,ae197ea6ddf763a387eade9261ada12a,529,Luisa Geiselsoder,luisageiselsoder,PDX,points,9.5,140.0,-192.0,60,60,2025-08-10 14:27:34+00:00,2025-08-10 14:27:34+00:00,2025-08-10 14:27:34+00:00,2025-08-10 20:00:00+00:00,0.0,2025-08-10,2025,REG,DAL,WAS,1.0742009132420092,True,,0.37489973402708304,401736311,4682797,3,16,1,True,False,matched,10.0,2025-08-10,under,0.063788850462079,1.5208333333333335,-1.0,1.0,False,False,False
2347,1331cbb68108e45254aba8a5f7382138,84,Julie Allemand,julieallemand,TOR,points,6.5,-106.0,-122.0,10,10,2025-08-10 23:41:29+00:00,2025-08-10 23:41:29+00:00,2025-08-10 23:41:29+00:00,2025-08-11 00:00:00+00:00,0.0,2025-08-10,2025,REG,LAS,SEA,1.064112656345666,True,,0.4819416314468661,401736312,4001679,6,14,1,True,False,matched,5.0,2025-08-10,under,0.19901715059385866,1.819672131147541,0.819672131147541,1.0,False,False,False
2347,284c01cf7d44b6797ac97c16283b5b5a,570,Dominique Malonga,dominiquemalonga,SEA,rebounds,7.5,-102.0,-130.0,10,10,2025-08-10 23:45:30+00:00,2025-08-10 23:45:30+00:00,2025-08-10 23:45:30+00:00,2025-08-11 00:00:00+00:00,0.0,2025-08-10,2025,REG,LAS,SEA,1.0701678863538528,True,,0.46878765056355093,401736312,5220150,14,6,0,True,False,matched,11.0,2025-08-10,under,0.3301025032485495,1.7692307692307692,-1.0,1.0,False,False,False
2349,0c31813e5c60254d35d82105a2ae64d8,22,Marina Mabrey,marinamabrey,TOR,points,15.5,100.0,-130.0,10,10,2025-08-11 03:12:49+00:00,2025-08-11 03:12:49+00:00,2025-08-11 03:12:49+00:00,2025-08-12 02:00:00+00:00,0.0,2025-08-11,2025,REG,GSV,CON,1.065217391304348,True,,0.4663164946059025,401736315,3904576,18,129689,0,True,False,matched,3.0,2025-08-11,under,0.1835210833907408,1.7692307692307692,0.7692307692307692,1.0,False,False,False
2349,6b3aec893a2472460a9ac08833ab652e,55,Veronica Burton,veronicaburton,GSV,assists,5.5,124.0,-166.0,10,10,2025-08-11 03:17:50+00:00,2025-08-11 03:17:50+00:00,2025-08-11 03:17:50+00:00,2025-08-12 02:00:00+00:00,0.0,2025-08-11,2025,REG,GSV,CON,1.0704887218045114,True,,0.40796342297849103,401736315,4398935,129689,18,1,True,False,matched,10.0,2025-08-11,under,0.130540836681809,1.6024096385542168,-1.0,1.0,False,False,False
2349,83b970bc9739778b5edbaa43b45440b9,537,Janelle Salaun,janellesalaun,GSV,points,11.5,-130.0,100.0,10,10,2025-08-11 03:17:51+00:00,2025-08-11 03:17:51+00:00,2025-08-11 03:17:51+00:00,2025-08-12 02:00:00+00:00,0.0,2025-08-11,2025,REG,GSV,CON,1.065217391304348,True,,0.5336835053940976,401736315,4790264,129689,18,1,True,False,matched,16.0,2025-08-11,under,0.23075097595021332,2.0,-1.0,1.0,False,False,False
2349,93b5e1e0d270105c0398a8e69e1957b1,120,Cecilia Zandalasini,ceciliazandalasini,GSV,points,9.5,-110.0,-120.0,10,10,2025-08-11 03:17:51+00:00,2025-08-11 03:17:51+00:00,2025-08-11 03:17:51+00:00,2025-08-12 02:00:00+00:00,0.0,2025-08-11,2025,REG,GSV,CON,1.0692640692640691,True,,0.4887959885212434,401736315,4257500,129689,18,1,True,False,matched,17.0,2025-08-11,under,0.17467240632363362,1.8333333333333335,-1.0,1.0,False,False,False
2349,8405a693f020234e90d84544436b0d05,221,Tiffany Hayes,tiffanyhayes,GSV,points,12.5,-106.0,-122.0,10,10,2025-08-11 03:17:51+00:00,2025-08-11 03:17:51+00:00,2025-08-11 03:17:51+00:00,2025-08-12 02:00:00+00:00,0.0,2025-08-11,2025,REG,GSV,CON,1.064112656345666,True,,0.4819416314468661,401736315,1054,129689,18,1,True,False,matched,17.0,2025-08-11,under,0.13703529250866575,1.819672131147541,-1.0,1.0,False,False,False
2349,a1837e457dadc884a7369d3c405f3fd9,72,Temi Fagbenle,temifagbenle,TOR,points,7.5,-108.0,-120.0,10,10,2025-08-11 03:22:22+00:00,2025-08-11 03:22:22+00:00,2025-08-11 03:22:22+00:00,2025-08-12 02:00:00+00:00,0.0,2025-08-11,2025,REG,GSV,CON,1.0646853146853146,True,,0.48646030463369283,401736315,2569044,129689,18,1,True,False,matched,6.0,2025-08-11,under,0.1690134907348036,1.8333333333333335,0.8333333333333335,1.0,False,False,False
2350,dd1ad5defeec80ebc75b99b5312b1631,10,Haley Jones,haleyjones,DAL,points,8.5,-102.0,-128.0,10,10,2025-08-11 06:41:30+00:00,2025-08-11 06:41:30+00:00,2025-08-11 06:41:30+00:00,2025-08-12 23:30:00+00:00,0.0,2025-08-12,2025,REG,IND,DAL,1.0663540038214347,True,,0.47082505196940394,401736316,4595910,3,5,0,True,False,matched,5.0,2025-08-12,under,0.27324368852209646,1.78125,0.78125,1.0,False,False,False
2350,281e6904dd1884f0ede351de7a8f89d1,71,Aliyah Boston,aliyahboston,IND,points,14.5,-130.0,100.0,10,10,2025-08-11 06:41:30+00:00,2025-08-11 06:41:30+00:00,2025-08-11 06:41:30+00:00,2025-08-12 23:30:00+00:00,0.0,2025-08-12,2025,REG,IND,DAL,1.065217391304348,True,,0.5336835053940976,401736316,4432831,5,3,1,True,False,matched,14.0,2025-08-12,under,0.1423398232197134,2.0,1.0,1.0,False,False,False
2350,02c0939c8512c43f39db0f5b1b227e98,63,Arike Ogunbowale,arikeogunbowale,DAL,points,15.5,-110.0,-118.0,10,10,2025-08-11 06:41:30+00:00,2025-08-11 06:41:30+00:00,2025-08-11 06:41:30+00:00,2025-08-12 23:30:00+00:00,0.0,2025-08-12,2025,REG,IND,DAL,1.0650939274792486,True,,0.4909754767731684,401736316,3904577,3,5,0,True,True,did_not_play,,2025-08-12,under,0.08576648437210993,1.847457627118644,0.0,0.0,False,True,False
2350,ececd6352a6ac8f2c2939f7f1411476f,70,Kelsey Mitchell,kelseymitchell,IND,assists,3.5,-160.0,120.0,10,10,2025-08-11 06:41:30+00:00,2025-08-11 06:41:30+00:00,2025-08-11 06:41:30+00:00,2025-08-12 23:30:00+00:00,0.0,2025-08-12,2025,REG,IND,DAL,1.06993006993007,True,,0.583305061424049,401736316,3142191,5,3,1,True,False,matched,2.0,2025-08-12,under,0.07451892950263284,2.2,1.2000000000000002,1.0,False,False,False
2350,3d364c32773360f5dac2d2dffa19a9bf,76,Lexie Hull,lexiehull,IND,points,9.5,102.0,-132.0,10,10,2025-08-11 06:41:31+00:00,2025-08-11 06:41:31+00:00,2025-08-11 06:41:31+00:00,2025-08-12 23:30:00+00:00,0.0,2025-08-12,2025,REG,IND,DAL,1.0640150221918745,True,,0.4618487426836327,401736316,4398829,5,3,1,True,False,matched,0.0,2025-08-12,under,0.42225542598941435,1.7575757575757576,0.7575757575757576,1.0,False,False,False
2350,0009237b50dbf189cb3bf64f46eebf3e,529,Luisa Geiselsoder,luisageiselsoder,PDX,points,7.5,-128.0,-102.0,10,10,2025-08-11 06:41:31+00:00,2025-08-11 06:41:31+00:00,2025-08-11 06:41:31+00:00,2025-08-12 23:30:00+00:00,0.0,2025-08-12,2025,REG,IND,DAL,1.0663540038214347,True,,0.5291749480305961,401736316,4682797,3,5,0,True,False,matched,0.0,2025-08-12,under,0.14538880405440624,1.9803921568627452,0.9803921568627452,1.0,False,False,False
2350,867d0a7ebf301ef1bd24db13a3bcb595,56,Natasha Howard,natashahoward,MIN,points,11.5,-114.0,-114.0,10,10,2025-08-11 06:41:31+00:00,2025-08-11 06:41:31+00:00,2025-08-11 06:41:31+00:00,2025-08-12 23:30:00+00:00,0.0,2025-08-12,2025,REG,IND,DAL,1.0654205607476634,True,,0.5000000000000001,401736316,2529130,5,3,1,True,False,matched,12.0,2025-08-12,under,0.050563868289373315,1.8771929824561404,-1.0,1.0,False,False,False
2351,5e1efe47e7921971d8e2d57e852c69f9,87,Cameron Brink,cameronbrink,LAS,rebounds,4.5,-146.0,110.0,10,10,2025-08-11 12:59:20+00:00,2025-08-11 12:59:20+00:00,2025-08-11 12:59:20+00:00,2025-08-13 02:00:00+00:00,0.0,2025-08-12,2025,REG,LAS,NYL,1.0696864111498257,True,,0.5607420039050215,401736317,4433404,6,9,1,True,False,matched,3.0,2025-08-12,under,0.2964245244716604,2.1,1.1,1.0,False,False,False
2351,52eb34920f2b7bcbd4ca65cd0509371a,141,Jonquel Jones,jonqueljones,NYL,points,15.5,-106.0,-122.0,10,10,2025-08-11 17:53:37+00:00,2025-08-11 17:53:37+00:00,2025-08-11 17:53:37+00:00,2025-08-13 02:00:00+00:00,0.0,2025-08-12,2025,REG,LAS,NYL,1.064112656345666,True,,0.4819416314468661,401736317,2999101,9,6,0,True,False,matched,21.0,2025-08-12,under,0.11623133282635995,1.819672131147541,-1.0,1.0,False,False,False
2351,da99d3dd71fa0c68f70abe087473039b,132,Sabrina Ionescu,sabrinaionescu,NYL,points,19.5,-115.0,-114.0,10,10,2025-08-11 17:53:37+00:00,2025-08-11 17:53:37+00:00,2025-08-11 17:53:37+00:00,2025-08-13 02:00:00+00:00,0.0,2025-08-12,2025,REG,LAS,NYL,1.0675940013040643,True,,0.5011239773424112,401736317,4066533,9,6,0,True,False,matched,14.0,2025-08-12,under,0.10130947717857564,1.8771929824561404,0.8771929824561404,1.0,False,False,False
2351,6e07b6f5d35f4c7b5d1f06ebe72daff3,233,Emma Meesseman,emmameesseman,FA,points,13.5,-104.0,-125.0,10,10,2025-08-11 17:53:38+00:00,2025-08-11 17:53:38+00:00,2025-08-11 17:53:38+00:00,2025-08-13 02:00:00+00:00,0.0,2025-08-12,2025,REG,LAS,NYL,1.065359477124183,True,,0.4763687479911608,401736317,3027368,9,6,0,True,False,matched,24.0,2025-08-12,under,0.1302108026787963,1.8,-1.0,1.0,False,False,False
2351,6ed47475c6d32cf6bbee073e8bbb1af6,101,Kelsey Plum,kelseyplum,LAS,points,19.5,-108.0,-120.0,10,10,2025-08-11 18:13:45+00:00,2025-08-11 18:13:45+00:00,2025-08-11 18:13:45+00:00,2025-08-13 02:00:00+00:00,0.0,2025-08-12,2025,REG,LAS,NYL,1.0646853146853146,True,,0.48646030463369283,401736317,3065570,6,9,1,True,False,matched,26.0,2025-08-12,under,0.1227110193195109,1.8333333333333335,-1.0,1.0,False,False,False
2351,8c71f1558aa28ae851ee14bf6bf4c987,82,Azura Stevens,azurastevens,CHI,points,12.5,-128.0,-102.0,10,10,2025-08-11 18:13:46+00:00,2025-08-11 18:13:46+00:00,2025-08-11 18:13:46+00:00,2025-08-13 02:00:00+00:00,0.0,2025-08-12,2025,REG,LAS,NYL,1.0663540038214347,True,,0.5291749480305961,401736317,3142010,6,9,1,True,False,matched,17.0,2025-08-12,under,0.08597414811349424,1.9803921568627452,-1.0,1.0,False,False,False
2349,668e8877bf9962e534987e6cffa26d2c,519,Aneesah Morrow,aneesahmorrow,CON,points,9.5,-102.0,-128.0,10,10,2025-08-11 23:37:55+00:00,2025-08-11 23:37:55+00:00,2025-08-11 23:37:55+00:00,2025-08-12 02:00:00+00:00,0.0,2025-08-11,2025,REG,GSV,CON,1.0663540038214347,True,,0.47082505196940394,401736315,4684384,18,129689,0,True,False,matched,13.0,2025-08-11,under,0.31980958126792103,1.78125,-1.0,1.0,False,False,False
2350,aa88b062854fb56dd4bf3950034bd774,156,Sophie Cunningham,sophiecunningham,IND,rebounds,3.5,-120.0,-110.0,10,10,2025-08-11 23:54:07+00:00,2025-08-11 23:54:07+00:00,2025-08-11 23:54:07+00:00,2025-08-12 23:30:00+00:00,0.0,2025-08-12,2025,REG,IND,DAL,1.0692640692640691,True,,0.5112040114787568,401736316,3907781,5,3,1,True,False,matched,2.0,2025-08-12,under,0.05188493425220919,1.9090909090909092,0.9090909090909092,1.0,False,False,False
2351,db0da7296f59bafb6d346507eb76073f,84,Julie Allemand,julieallemand,TOR,rebounds,4.5,-125.0,-106.0,10,10,2025-08-12 00:23:06+00:00,2025-08-12 00:23:06+00:00,2025-08-12 00:23:06+00:00,2025-08-13 02:00:00+00:00,0.0,2025-08-12,2025,REG,LAS,NYL,1.070118662351672,True,,0.5212291071384377,401736317,4001679,6,9,1,True,False,matched,5.0,2025-08-12,under,0.18467047284054305,1.9433962264150944,-1.0,1.0,False,False,False
2349,9c36d4ce80d531bef14c54598886e194,43,Olivia Nelson-Ododa,olivianelsonododa,CON,rebounds,5.5,-125.0,-106.0,10,10,2025-08-12 01:46:37+00:00,2025-08-12 01:46:37+00:00,2025-08-12 01:46:37+00:00,2025-08-12 02:00:00+00:00,0.0,2025-08-11,2025,REG,GSV,CON,1.070118662351672,True,,0.5212291071384377,401736315,4398966,18,129689,0,True,False,matched,4.0,2025-08-11,under,0.42111723987351696,1.9433962264150944,0.9433962264150944,1.0,False,False,False
2355,d390c23fcf7d6f1828c2d86f80e3b253,1,Allisha Gray,allishagray,ATL,assists,3.5,-174.0,130.0,10,10,2025-08-12 01:46:49+00:00,2025-08-12 01:46:49+00:00,2025-08-12 01:46:49+00:00,2025-08-14 02:00:00+00:00,0.0,2025-08-13,2025,REG,SEA,ATL,1.069819105046017,True,,0.603727082826799,401736321,3058901,20,14,0,True,False,matched,1.0,2025-08-13,under,0.25091453578022027,2.3,1.2999999999999998,1.0,False,False,False
2355,c496b381429f1644bb4c0532fdcc01ab,208,Gabby Williams,gabbywilliams,GSV,points,11.5,102.0,-132.0,10,10,2025-08-12 01:46:49+00:00,2025-08-12 01:46:49+00:00,2025-08-12 01:46:49+00:00,2025-08-14 02:00:00+00:00,0.0,2025-08-13,2025,REG,SEA,ATL,1.0640150221918745,True,,0.4618487426836327,401736321,3142328,14,20,1,True,False,matched,11.0,2025-08-13,under,0.1103234356996719,1.7575757575757576,0.7575757575757576,1.0,False,False,False
2355,273942d703d56b38d6f9e431b0c021c8,175,Skylar Diggins,skylardiggins,CHI,points,13.5,-122.0,-106.0,10,10,2025-08-12 01:46:50+00:00,2025-08-12 01:46:50+00:00,2025-08-12 01:46:50+00:00,2025-08-14 02:00:00+00:00,0.0,2025-08-13,2025,REG,SEA,ATL,1.064112656345666,True,,0.518058368553134,401736321,2491205,14,20,1,True,False,matched,7.0,2025-08-13,under,0.16818888843906216,1.9433962264150944,0.9433962264150944,1.0,False,False,False
2355,22e6d1891e283d75bef539fd4105f247,15,Rhyne Howard,rhynehoward,ATL,threes,1.5,-130.0,-102.0,10,10,2025-08-12 01:46:50+00:00,2025-08-12 01:46:50+00:00,2025-08-12 01:46:50+00:00,2025-08-14 02:00:00+00:00,0.0,2025-08-13,2025,REG,SEA,ATL,1.0701678863538528,True,,0.5312123494364493,401736321,4398674,20,14,0,True,False,matched,5.0,2025-08-13,over,0.1480037894110965,1.7692307692307692,0.7692307692307692,1.0,False,False,False
2355,129262c98ad0278a9f92d54904b2fbe9,49,Brionna Jones,brionnajones,ATL,rebounds,6.5,-140.0,106.0,10,10,2025-08-12 01:46:50+00:00,2025-08-12 01:46:50+00:00,2025-08-12 01:46:50+00:00,2025-08-14 02:00:00+00:00,0.0,2025-08-13,2025,REG,SEA,ATL,1.0687702265372168,True,,0.5506638564937638,401736321,3058895,20,14,0,True,False,matched,4.0,2025-08-13,under,0.0890529215585591,2.06,1.06,1.0,False,False,False
2355,9d59a1d942abfc511e8659471650a952,176,Ezi Magbegor,ezimagbegor,SEA,rebounds,5.5,-154.0,116.0,10,10,2025-08-12 01:46:50+00:00,2025-08-12 01:46:50+00:00,2025-08-12 01:46:50+00:00,2025-08-14 02:00:00+00:00,0.0,2025-08-13,2025,REG,SEA,ATL,1.0692621755613883,True,,0.574207987656796,401736321,4420318,14,20,1,True,False,matched,3.0,2025-08-13,under,0.08839772527451151,2.16,1.1600000000000001,1.0,False,False,False
2355,cd04b77dd72b232e6c8b5029f4433aa6,182,Brittney Sykes,brittneysykes,TOR,threes,1.5,152.0,-205.0,10,10,2025-08-12 01:46:50+00:00,2025-08-12 01:46:50+00:00,2025-08-12 01:46:50+00:00,2025-08-14 02:00:00+00:00,0.0,2025-08-13,2025,REG,SEA,ATL,1.0689565443663804,True,,0.3574180627171931,401736321,2988756,14,20,1,True,False,matched,0.0,2025-08-13,under,0.08213945708743609,1.4878048780487805,0.4878048780487805,1.0,False,False,False
2349,813e144296ec3cd21f01c874cb55fd1e,58,Carla Leite,carlaleite,PDX,points,8.5,-130.0,100.0,10,10,2025-08-12 01:55:30+00:00,2025-08-12 01:55:30+00:00,2025-08-12 01:55:30+00:00,2025-08-12 02:00:00+00:00,0.0,2025-08-11,2025,REG,GSV,CON,1.065217391304348,True,,0.5336835053940976,401736315,5208982,129689,18,1,True,False,matched,0.0,2025-08-11,under,0.10353983325331395,2.0,1.0,1.0,False,False,False
2353,e65c3a8bc9850144d1c68d171b19ef97,120,Cecilia Zandalasini,ceciliazandalasini,GSV,threes,1.5,-132.0,100.0,10,10,2025-08-12 04:37:15+00:00,2025-08-12 04:37:15+00:00,2025-08-12 04:37:15+00:00,2025-08-13 23:30:00+00:00,0.0,2025-08-13,2025,REG,WAS,GSV,1.0689655172413794,True,,0.5356937238338165,401736319,4257500,129689,16,0,True,False,matched,6.0,2025-08-13,under,0.15173136261523706,2.0,-1.0,1.0,False,False,False
2353,f39cbb9eabe64cf758e45ef826ccb07b,55,Veronica Burton,veronicaburton,GSV,threes,1.5,164.0,-225.0,10,10,2025-08-12 04:37:15+00:00,2025-08-12 04:37:15+00:00,2025-08-12 04:37:15+00:00,2025-08-13 23:30:00+00:00,0.0,2025-08-13,2025,REG,WAS,GSV,1.0710955710955712,True,,0.33738864980507277,401736319,4398935,129689,16,0,True,False,matched,6.0,2025-08-13,over,0.10547678433382579,2.6399999999999997,1.6399999999999997,1.0,False,False,False
2353,b8dc1fa055bb84ceb8c6cddbcbd19e2c,149,Sug Sutton,sugsutton,DAL,points,9.5,-106.0,-122.0,10,10,2025-08-12 04:37:16+00:00,2025-08-12 04:37:16+00:00,2025-08-12 04:37:16+00:00,2025-08-13 23:30:00+00:00,0.0,2025-08-13,2025,REG,WAS,GSV,1.064112656345666,True,,0.4819416314468661,401736319,4068159,16,129689,1,True,False,matched,15.0,2025-08-13,under,0.4317282272192853,1.819672131147541,-1.0,1.0,False,False,False
2353,21dfe33e9e78334ea5376bffcb96a32c,572,Kiki Iriafen,kikiiriafen,WAS,rebounds,8.5,-130.0,-102.0,10,10,2025-08-12 04:37:16+00:00,2025-08-12 04:37:16+00:00,2025-08-12 04:37:16+00:00,2025-08-13 23:30:00+00:00,0.0,2025-08-13,2025,REG,WAS,GSV,1.0701678863538528,True,,0.5312123494364493,401736319,4898384,16,129689,1,True,False,matched,10.0,2025-08-13,under,0.2344210738696157,1.9803921568627452,-1.0,1.0,False,False,False
2353,c6f96f1c5aeedc1ad2feabce0dfe6efe,221,Tiffany Hayes,tiffanyhayes,GSV,points,12.5,102.0,-132.0,10,10,2025-08-12 04:37:16+00:00,2025-08-12 04:37:16+00:00,2025-08-12 04:37:16+00:00,2025-08-13 23:30:00+00:00,0.0,2025-08-13,2025,REG,WAS,GSV,1.0640150221918745,True,,0.4618487426836327,401736319,1054,129689,16,0,True,False,matched,14.0,2025-08-13,under,0.1708675692672803,1.7575757575757576,-1.0,1.0,False,False,False
2353,c12e86aa00c427c4650960b6691e6478,537,Janelle Salaun,janellesalaun,GSV,points,10.5,-118.0,-110.0,10,10,2025-08-12 04:37:16+00:00,2025-08-12 04:37:16+00:00,2025-08-12 04:37:16+00:00,2025-08-13 23:30:00+00:00,0.0,2025-08-13,2025,REG,WAS,GSV,1.0650939274792486,True,,0.5090245232268319,401736319,4790264,129689,16,0,True,False,matched,11.0,2025-08-13,under,0.15834184578044747,1.9090909090909092,-1.0,1.0,False,False,False
2353,102588e7e1016118af857c9df66ae232,573,Sonia Citron,soniacitron,WAS,points,14.5,-128.0,-102.0,10,10,2025-08-12 04:37:16+00:00,2025-08-12 04:37:16+00:00,2025-08-12 04:37:16+00:00,2025-08-13 23:30:00+00:00,0.0,2025-08-13,2025,REG,WAS,GSV,1.0663540038214347,True,,0.5291749480305961,401736319,4433524,16,129689,1,True,False,matched,15.0,2025-08-13,under,0.12634026656477754,1.9803921568627452,-1.0,1.0,False,False,False
2352,8a054d5fce0e7a2529a0e005b4c6d06f,33,Elizabeth Williams,elizabethwilliams,CHI,points,10.5,-125.0,-104.0,10,10,2025-08-12 06:42:51+00:00,2025-08-12 06:42:51+00:00,2025-08-12 06:42:51+00:00,2025-08-13 23:00:00+00:00,0.0,2025-08-13,2025,REG,CON,CHI,1.065359477124183,True,,0.5236312520088393,401736318,2566081,19,18,0,True,False,matched,12.0,2025-08-13,under,0.20933294972447652,1.9615384615384617,-1.0,1.0,False,False,False
2352,fcf9eaef712152760369765b1c5becd7,22,Marina Mabrey,marinamabrey,TOR,assists,3.5,-158.0,118.0,10,10,2025-08-12 06:42:51+00:00,2025-08-12 06:42:51+00:00,2025-08-12 06:42:51+00:00,2025-08-13 23:00:00+00:00,0.0,2025-08-13,2025,REG,CON,CHI,1.0711186971054691,True,,0.5796527091990534,401736318,3904576,18,19,1,True,False,matched,4.0,2025-08-13,under,0.12433497647375036,2.1799999999999997,-1.0,1.0,False,False,False
2352,177ff39e00c02711b3ae46e40b4cafe0,30,Kamilla Cardoso,kamillacardoso,CHI,rebounds,10.5,108.0,-144.0,10,10,2025-08-12 06:42:51+00:00,2025-08-12 06:42:51+00:00,2025-08-12 06:42:51+00:00,2025-08-13 23:00:00+00:00,0.0,2025-08-13,2025,REG,CON,CHI,1.0709331651954601,True,,0.4433154794603006,401736318,4433405,19,18,0,True,False,matched,9.0,2025-08-13,under,0.12407352009982325,1.6944444444444444,0.6944444444444444,1.0,False,False,False
2352,050ace83c7b8b07a811ed3e0c53d387c,9,Tina Charles,tinacharles,FA,points,15.5,-120.0,-108.0,10,10,2025-08-12 06:42:51+00:00,2025-08-12 06:42:51+00:00,2025-08-12 06:42:51+00:00,2025-08-13 23:00:00+00:00,0.0,2025-08-13,2025,REG,CON,CHI,1.0646853146853146,True,,0.5135396953663074,401736318,918,18,19,1,True,False,matched,15.0,2025-08-13,under,0.08428781271617858,1.925925925925926,0.925925925925926,1.0,False,False,False
2354,2d257719deb9850d91248e6c8374aea4,166,Jewell Loyd,jewellloyd,LVA,threes,1.5,-114.0,-114.0,10,10,2025-08-12 18:52:54+00:00,2025-08-12 18:52:54+00:00,2025-08-12 18:52:54+00:00,2025-08-14 01:30:00+00:00,0.0,2025-08-13,2025,REG,LVA,NYL,1.0654205607476634,True,,0.5000000000000001,401736320,2987869,17,9,1,True,False,matched,5.0,2025-08-13,over,0.0959305487996513,1.8771929824561404,0.8771929824561404,1.0,False,False,False
2354,ff296c6ca6ff4707e6dc54200204293c,107,Chelsea Gray,chelseagray,LVA,points,9.5,-113.0,-115.0,10,10,2025-08-12 18:52:54+00:00,2025-08-12 18:52:54+00:00,2025-08-12 18:52:54+00:00,2025-08-14 01:30:00+00:00,0.0,2025-08-13,2025,REG,LVA,NYL,1.0654001528551151,True,,0.49774423259931944,401736320,2529122,17,9,1,True,False,matched,13.0,2025-08-13,under,0.058981978587141326,1.8695652173913042,-1.0,1.0,False,False,False
2354,b9edf039dee5193f8cb1506c4cccb6ff,103,A'ja Wilson,ajawilson,LVA,rebounds,10.5,-114.0,-114.0,10,10,2025-08-12 18:52:54+00:00,2025-08-12 18:52:54+00:00,2025-08-12 18:52:54+00:00,2025-08-14 01:30:00+00:00,0.0,2025-08-13,2025,REG,LVA,NYL,1.0654205607476634,True,,0.5000000000000001,401736320,3149391,17,9,1,True,False,matched,16.0,2025-08-13,under,0.05308587947978366,1.8771929824561404,-1.0,1.0,False,False,False
2350,2be91b7cb094e4a9bdf96a11125edc7c,530,JJ Quinerly,jjquinerly,FA,threes,1.5,140.0,-170.0,24,24,2025-08-12 22:59:17+00:00,2025-08-12 22:59:17+00:00,2025-08-12 22:59:17+00:00,2025-08-12 23:30:00+00:00,0.0,2025-08-12,2025,REG,IND,DAL,1.0462962962962963,True,,0.3910947128467968,401736316,4434015,3,5,0,True,False,matched,1.0,2025-08-12,under,0.36412082598840106,1.5882352941176472,0.5882352941176472,1.0,False,False,False
2350,5b133e9cde4666c4049ab0641cacfe74,61,Maddy Siegrist,maddysiegrist,DAL,rebounds,4.5,-106.0,-125.0,10,10,2025-08-12 23:17:31+00:00,2025-08-12 23:17:31+00:00,2025-08-12 23:17:31+00:00,2025-08-12 23:30:00+00:00,0.0,2025-08-12,2025,REG,IND,DAL,1.070118662351672,True,,0.4787708928615623,401736316,4399415,3,5,0,True,False,matched,5.0,2025-08-12,under,0.18234797329373387,1.8,-1.0,1.0,False,False,False
2352,e14a2cfca955f44cc99e954f0a232e9a,43,Olivia Nelson-Ododa,olivianelsonododa,CON,rebounds,5.5,-125.0,-108.0,36,36,2025-08-13 02:11:09+00:00,2025-08-13 02:11:09+00:00,2025-08-13 02:11:09+00:00,2025-08-13 23:00:00+00:00,0.0,2025-08-13,2025,REG,CON,CHI,1.0747863247863247,True,,0.5188613535252832,401736318,4398966,18,19,1,True,False,matched,3.0,2025-08-13,under,0.36260341552941544,1.925925925925926,0.925925925925926,1.0,False,False,False
2354,db408167068f4375ec616cb4271cf84d,233,Emma Meesseman,emmameesseman,FA,points,14.5,-125.0,-104.0,10,10,2025-08-13 05:55:01+00:00,2025-08-13 05:55:01+00:00,2025-08-13 05:55:01+00:00,2025-08-14 01:30:00+00:00,0.0,2025-08-13,2025,REG,LVA,NYL,1.065359477124183,True,,0.5236312520088393,401736320,3027368,9,17,0,True,False,matched,24.0,2025-08-13,under,0.34973676852159363,1.9615384615384617,-1.0,1.0,False,False,False
2354,6ce5f2904554668c06196af37fa8e906,141,Jonquel Jones,jonqueljones,NYL,rebounds,8.5,-152.0,114.0,10,10,2025-08-13 05:55:01+00:00,2025-08-13 05:55:01+00:00,2025-08-13 05:55:01+00:00,2025-08-14 01:30:00+00:00,0.0,2025-08-13,2025,REG,LVA,NYL,1.0704643228007713,True,,0.5703965275254933,401736320,2999101,9,17,0,True,False,matched,7.0,2025-08-13,under,0.307057514299106,2.1399999999999997,1.1399999999999997,1.0,False,False,False
2354,216b8b0e323ba9d2f086204937150e56,132,Sabrina Ionescu,sabrinaionescu,NYL,points,19.5,-125.0,-104.0,10,10,2025-08-13 05:55:01+00:00,2025-08-13 05:55:01+00:00,2025-08-13 05:55:01+00:00,2025-08-14 01:30:00+00:00,0.0,2025-08-13,2025,REG,LVA,NYL,1.065359477124183,True,,0.5236312520088393,401736320,4066533,9,17,0,True,False,matched,18.0,2025-08-13,under,0.19351660062253256,1.9615384615384617,0.9615384615384617,1.0,False,False,False
2354,bf4944b8bd59b96bdfb07e53d2720a78,163,Natasha Cloud,natashacloud,CHI,rebounds,3.5,142.0,-192.0,10,10,2025-08-13 05:55:01+00:00,2025-08-13 05:55:01+00:00,2025-08-13 05:55:01+00:00,2025-08-14 01:30:00+00:00,0.0,2025-08-13,2025,REG,LVA,NYL,1.0707573870712102,True,,0.37336020860003377,401736320,2529137,9,17,0,True,False,matched,5.0,2025-08-13,over,0.15743550637985815,2.42,1.42,1.0,False,False,False
2354,96558aba298bfdae2595513841878f53,147,Leonie Fiebich,leoniefiebich,NYL,points,9.5,-122.0,-106.0,10,10,2025-08-13 05:55:01+00:00,2025-08-13 05:55:01+00:00,2025-08-13 05:55:01+00:00,2025-08-14 01:30:00+00:00,0.0,2025-08-13,2025,REG,LVA,NYL,1.064112656345666,True,,0.518058368553134,401736320,4683006,9,17,0,True,False,matched,5.0,2025-08-13,under,0.15202019235530734,1.9433962264150944,0.9433962264150944,1.0,False,False,False
2353,9e9badecde040a6bf0ed4199d20c76ec,72,Temi Fagbenle,temifagbenle,TOR,points,7.5,100.0,-130.0,13,13,2025-08-13 07:53:49+00:00,2025-08-13 07:53:49+00:00,2025-08-13 07:53:49+00:00,2025-08-13 23:30:00+00:00,0.0,2025-08-13,2025,REG,WAS,GSV,1.065217391304348,True,,0.4663164946059025,401736319,2569044,129689,16,0,True,False,matched,2.0,2025-08-13,under,0.20445232418482795,1.7692307692307692,0.7692307692307692,1.0,False,False,False
2358,01f931de03897a0f998ab141c5c1d80b,94,Rickea Jackson,rickeajackson,CHI,threes,1.5,-138.0,104.0,10,10,2025-08-13 16:43:05+00:00,2025-08-13 16:43:05+00:00,2025-08-13 16:43:05+00:00,2025-08-15 23:30:00+00:00,0.0,2025-08-15,2025,REG,DAL,LAS,1.0700280112044818,True,,0.5464208361470752,401736324,4433630,6,3,0,True,False,matched,3.0,2025-08-15,under,0.11799656333858294,2.04,-1.0,1.0,False,False,False
2358,bec3e38acd18c5a08bc34aed9b2fe54a,528,Paige Bueckers,paigebueckers,DAL,points,19.5,-110.0,-118.0,10,10,2025-08-13 16:43:05+00:00,2025-08-13 16:43:05+00:00,2025-08-13 16:43:05+00:00,2025-08-15 23:30:00+00:00,0.0,2025-08-15,2025,REG,DAL,LAS,1.0650939274792486,True,,0.4909754767731684,401736324,4433730,3,6,1,True,False,matched,29.0,2025-08-15,under,0.06678073567548098,1.847457627118644,-1.0,1.0,False,False,False
2358,05d73e83d50988db1c0975dff537c222,101,Kelsey Plum,kelseyplum,LAS,points,19.5,-125.0,-104.0,10,10,2025-08-13 17:01:51+00:00,2025-08-13 17:01:51+00:00,2025-08-13 17:01:51+00:00,2025-08-15 23:30:00+00:00,0.0,2025-08-15,2025,REG,DAL,LAS,1.065359477124183,True,,0.5236312520088393,401736324,3065570,6,3,0,True,False,matched,28.0,2025-08-15,under,0.18005141037343703,1.9615384615384617,-1.0,1.0,False,False,False
2352,f47195d952470846ad80cbf4cd167df4,185,Ariel Atkins,arielatkins,LAS,rebounds,3.5,145.0,-196.0,60,60,2025-08-13 18:09:51+00:00,2025-08-13 18:09:51+00:00,2025-08-13 18:09:51+00:00,2025-08-13 23:00:00+00:00,0.0,2025-08-13,2025,REG,CON,CHI,1.0703254274682845,True,,0.3683646630419082,401736318,3146151,19,18,0,True,False,matched,1.0,2025-08-13,under,0.05698080309862397,1.510204081632653,0.510204081632653,1.0,False,False,False
2355,e02ed70f9ae3a17d9532455cfb0e9403,16,Naz Hillmon,nazhillmon,ATL,points,11.5,-113.0,-115.0,10,10,2025-08-13 19:53:09+00:00,2025-08-13 19:53:09+00:00,2025-08-13 19:53:09+00:00,2025-08-14 02:00:00+00:00,0.0,2025-08-13,2025,REG,SEA,ATL,1.0654001528551151,True,,0.49774423259931944,401736321,4398915,20,14,0,True,False,matched,7.0,2025-08-13,under,0.19413204534041933,1.8695652173913042,0.8695652173913042,1.0,False,False,False
2355,cc15fd129746ea50d5a4cb9e87a7b12e,570,Dominique Malonga,dominiquemalonga,SEA,points,14.5,-115.0,-115.0,12,12,2025-08-13 23:56:00+00:00,2025-08-13 23:56:00+00:00,2025-08-13 23:56:00+00:00,2025-08-14 02:00:00+00:00,0.0,2025-08-13,2025,REG,SEA,ATL,1.0697674418604652,True,,0.5,401736321,5220150,14,20,1,True,False,matched,4.0,2025-08-13,under,0.4821094456391487,1.8695652173913042,0.8695652173913042,1.0,False,False,False
2360,e4e7a77391ab1fdfef4ec072569fa892,107,Chelsea Gray,chelseagray,LVA,points,9.5,-115.0,-114.0,10,10,2025-08-14 05:12:33+00:00,2025-08-14 05:12:33+00:00,2025-08-14 05:12:33+00:00,2025-08-16 02:00:00+00:00,0.0,2025-08-15,2025,REG,PHX,LVA,1.0675940013040643,True,,0.5011239773424112,401736326,2529122,17,11,0,True,False,matched,16.0,2025-08-15,under,0.1166967034070262,1.8771929824561404,-1.0,1.0,False,False,False
2360,19a927273e363a4c28ac6790f4ed1cf3,166,Jewell Loyd,jewellloyd,LVA,points,12.5,-106.0,-122.0,10,10,2025-08-14 05:12:33+00:00,2025-08-14 05:12:33+00:00,2025-08-14 05:12:33+00:00,2025-08-16 02:00:00+00:00,0.0,2025-08-15,2025,REG,PHX,LVA,1.064112656345666,True,,0.4819416314468661,401736326,2987869,17,11,0,True,False,matched,10.0,2025-08-15,under,0.0937994135718695,1.819672131147541,0.819672131147541,1.0,False,False,False
2360,d159b6ded6c4c1cf35e9ae47a77177a1,103,A'ja Wilson,ajawilson,LVA,points,21.5,-125.0,-104.0,10,10,2025-08-14 05:12:34+00:00,2025-08-14 05:12:34+00:00,2025-08-14 05:12:34+00:00,2025-08-16 02:00:00+00:00,0.0,2025-08-15,2025,REG,PHX,LVA,1.065359477124183,True,,0.5236312520088393,401736326,3149391,17,11,0,True,False,matched,30.0,2025-08-15,under,0.1215749121592547,1.9615384615384617,-1.0,1.0,False,False,False
2360,0a286d946d212c7bed6a4398ac351294,102,Jackie Young,jackieyoung,LVA,points,15.5,-122.0,-106.0,10,10,2025-08-14 05:12:34+00:00,2025-08-14 05:12:34+00:00,2025-08-14 05:12:34+00:00,2025-08-16 02:00:00+00:00,0.0,2025-08-15,2025,REG,PHX,LVA,1.064112656345666,True,,0.518058368553134,401736326,4065870,17,11,0,True,False,matched,17.0,2025-08-15,under,0.06952795009849322,1.9433962264150944,-1.0,1.0,False,False,False
2359,fc5a5ca19f587209ff6ac78aefe8e4d4,15,Rhyne Howard,rhynehoward,ATL,assists,3.5,-174.0,130.0,10,10,2025-08-14 07:00:42+00:00,2025-08-14 07:00:42+00:00,2025-08-14 07:00:42+00:00,2025-08-16 02:00:00+00:00,0.0,2025-08-15,2025,REG,ATL,SEA,1.069819105046017,True,,0.603727082826799,401736325,4398674,20,14,1,True,False,matched,1.0,2025-08-15,under,0.164111393400656,2.3,1.2999999999999998,1.0,False,False,False
2359,5a976c12166ec84b782580312933b4d0,175,Skylar Diggins,skylardiggins,CHI,points,12.5,-118.0,-110.0,10,10,2025-08-14 07:00:42+00:00,2025-08-14 07:00:42+00:00,2025-08-14 07:00:42+00:00,2025-08-16 02:00:00+00:00,0.0,2025-08-15,2025,REG,ATL,SEA,1.0650939274792486,True,,0.5090245232268319,401736325,2491205,14,20,0,True,False,matched,21.0,2025-08-15,under,0.0980310712226507,1.9090909090909092,-1.0,1.0,False,False,False
2359,44d56b0cd6a13e5d13af4f5664729019,1,Allisha Gray,allishagray,ATL,assists,3.5,-148.0,112.0,10,10,2025-08-14 07:00:42+00:00,2025-08-14 07:00:42+00:00,2025-08-14 07:00:42+00:00,2025-08-16 02:00:00+00:00,0.0,2025-08-15,2025,REG,ATL,SEA,1.0684723067559343,True,,0.5647227530167998,401736325,3058901,20,14,1,True,False,matched,4.0,2025-08-15,under,0.09713780044702963,2.12,-1.0,1.0,False,False,False
2359,88bac310e46ec33a2cfbb28104fd0075,180,Nneka Ogwumike,nnekaogwumike,LAS,rebounds,6.5,-154.0,116.0,10,10,2025-08-14 07:05:41+00:00,2025-08-14 07:05:41+00:00,2025-08-14 07:05:41+00:00,2025-08-16 02:00:00+00:00,0.0,2025-08-15,2025,REG,ATL,SEA,1.0692621755613883,True,,0.574207987656796,401736325,1068,14,20,0,True,False,matched,8.0,2025-08-15,under,0.1248383929909831,2.16,-1.0,1.0,False,False,False
2359,1f9b67001a19781edc978005ed7ea547,16,Naz Hillmon,nazhillmon,ATL,rebounds,7.5,-148.0,112.0,10,10,2025-08-14 14:06:16+00:00,2025-08-14 14:06:16+00:00,2025-08-14 14:06:16+00:00,2025-08-16 02:00:00+00:00,0.0,2025-08-15,2025,REG,ATL,SEA,1.0684723067559343,True,,0.5647227530167998,401736325,4398915,20,14,1,True,False,matched,7.0,2025-08-15,under,0.1847009406051962,2.12,1.12,1.0,False,False,False
2359,eebbc375f11950c570fcb860740c0680,49,Brionna Jones,brionnajones,ATL,rebounds,6.5,122.0,-162.0,10,10,2025-08-14 14:06:17+00:00,2025-08-14 14:06:17+00:00,2025-08-14 14:06:17+00:00,2025-08-16 02:00:00+00:00,0.0,2025-08-15,2025,REG,ATL,SEA,1.0687710611374732,True,,0.41310819110441305,401736325,3058895,20,14,1,True,False,matched,10.0,2025-08-15,over,0.07698973025896028,2.2199999999999998,1.2199999999999998,1.0,False,False,False
2359,7819d1cee0b1a4522325b2da7d18abea,182,Brittney Sykes,brittneysykes,TOR,rebounds,3.5,116.0,-154.0,10,10,2025-08-14 14:12:35+00:00,2025-08-14 14:12:35+00:00,2025-08-14 14:12:35+00:00,2025-08-16 02:00:00+00:00,0.0,2025-08-15,2025,REG,ATL,SEA,1.0692621755613883,True,,0.425792012343204,401736325,2988756,14,20,0,True,False,matched,1.0,2025-08-15,under,0.11791860507489482,1.6493506493506493,0.6493506493506493,1.0,False,False,False
2359,df5f081cfc6416031e31991e6b092a6b,208,Gabby Williams,gabbywilliams,GSV,points,10.5,-102.0,-128.0,10,10,2025-08-14 14:22:45+00:00,2025-08-14 14:22:45+00:00,2025-08-14 14:22:45+00:00,2025-08-16 02:00:00+00:00,0.0,2025-08-15,2025,REG,ATL,SEA,1.0663540038214347,True,,0.47082505196940394,401736325,3142328,14,20,0,True,False,matched,11.0,2025-08-15,under,0.06603050264624427,1.78125,-1.0,1.0,False,False,False
2358,35bb535c953dbf5c1a93e84ef4aac32a,89,Dearica Hamby,dearicahamby,LAS,assists,3.5,-102.0,-130.0,10,10,2025-08-14 17:05:33+00:00,2025-08-14 17:05:33+00:00,2025-08-14 17:05:33+00:00,2025-08-15 23:30:00+00:00,0.0,2025-08-15,2025,REG,DAL,LAS,1.0701678863538528,True,,0.46878765056355093,401736324,2566106,6,3,0,True,False,matched,4.0,2025-08-15,under,0.25246552912512127,1.7692307692307692,-1.0,1.0,False,False,False
2358,4e16a144ed25a12b6a710e2f846c863f,82,Azura Stevens,azurastevens,CHI,points,13.5,-114.0,-114.0,10,10,2025-08-14 17:12:40+00:00,2025-08-14 17:12:40+00:00,2025-08-14 17:12:40+00:00,2025-08-15 23:30:00+00:00,0.0,2025-08-15,2025,REG,DAL,LAS,1.0654205607476634,True,,0.5000000000000001,401736324,3142010,6,3,0,True,False,matched,15.0,2025-08-15,under,0.06386544150934109,1.8771929824561404,-1.0,1.0,False,False,False
2358,9e92d72c89e8de3a30de0f65811df33e,95,Li Yueru,liyueru,DAL,rebounds,6.5,102.0,-136.0,10,10,2025-08-14 17:17:48+00:00,2025-08-14 17:17:48+00:00,2025-08-14 17:17:48+00:00,2025-08-15 23:30:00+00:00,0.0,2025-08-15,2025,REG,DAL,LAS,1.071320691391173,True,,0.4579067075572801,401736324,4336633,3,6,1,True,False,matched,1.0,2025-08-15,under,0.32594206561608907,1.7352941176470589,0.7352941176470589,1.0,False,False,False
2356,016db093c2ffe3f2372d5e87d3b08db7,30,Kamilla Cardoso,kamillacardoso,CHI,rebounds,10.5,-125.0,-106.0,10,10,2025-08-14 17:23:20+00:00,2025-08-14 17:23:20+00:00,2025-08-14 17:23:20+00:00,2025-08-15 23:30:00+00:00,0.0,2025-08-15,2025,REG,CHI,GSV,1.070118662351672,True,,0.5212291071384377,401736323,4433405,19,129689,1,True,False,matched,4.0,2025-08-15,under,0.30792849779387815,1.9433962264150944,0.9433962264150944,1.0,False,False,False
2357,0edde39ae64e6d9d34336cf31d6b8366,71,Aliyah Boston,aliyahboston,IND,assists,3.5,-166.0,124.0,10,10,2025-08-14 17:23:21+00:00,2025-08-14 17:23:21+00:00,2025-08-14 17:23:21+00:00,2025-08-15 23:30:00+00:00,0.0,2025-08-15,2025,REG,IND,WAS,1.0704887218045114,True,,0.5920365770215091,401736322,4432831,5,16,1,True,False,matched,1.0,2025-08-15,under,0.2558967988099669,2.24,1.2400000000000002,1.0,False,False,False
2356,aa88eb02a5ac911221f7f21862cf82ff,537,Janelle Salaun,janellesalaun,GSV,points,11.5,-108.0,-120.0,10,10,2025-08-14 17:23:21+00:00,2025-08-14 17:23:21+00:00,2025-08-14 17:23:21+00:00,2025-08-15 23:30:00+00:00,0.0,2025-08-15,2025,REG,CHI,GSV,1.0646853146853146,True,,0.48646030463369283,401736323,4790264,129689,19,0,True,False,matched,15.0,2025-08-15,under,0.1326534244577257,1.8333333333333335,-1.0,1.0,False,False,False
2356,3ed87aa1992a55310e82ae78907451ac,185,Ariel Atkins,arielatkins,LAS,points,11.5,-125.0,-104.0,10,10,2025-08-14 17:23:21+00:00,2025-08-14 17:23:21+00:00,2025-08-14 17:23:21+00:00,2025-08-15 23:30:00+00:00,0.0,2025-08-15,2025,REG,CHI,GSV,1.065359477124183,True,,0.5236312520088393,401736323,3146151,19,129689,1,True,False,matched,7.0,2025-08-15,under,0.11631325148184135,1.9615384615384617,0.9615384615384617,1.0,False,False,False
2357,db575bcf6cd10ee229322b882f03804d,56,Natasha Howard,natashahoward,MIN,points,11.5,-106.0,-122.0,10,10,2025-08-14 17:28:05+00:00,2025-08-14 17:28:05+00:00,2025-08-14 17:28:05+00:00,2025-08-15 23:30:00+00:00,0.0,2025-08-15,2025,REG,IND,WAS,1.064112656345666,True,,0.4819416314468661,401736322,2529130,5,16,1,True,False,matched,11.0,2025-08-15,under,0.06203518781975653,1.819672131147541,0.819672131147541,1.0,False,False,False
2356,4a81cb998d2759ea4b4020958ab9336b,221,Tiffany Hayes,tiffanyhayes,GSV,points,12.5,-108.0,-120.0,10,10,2025-08-14 17:28:08+00:00,2025-08-14 17:28:08+00:00,2025-08-14 17:28:08+00:00,2025-08-15 23:30:00+00:00,0.0,2025-08-15,2025,REG,CHI,GSV,1.0646853146853146,True,,0.48646030463369283,401736323,1054,129689,19,0,True,False,matched,13.0,2025-08-15,under,0.1449232174508326,1.8333333333333335,-1.0,1.0,False,False,False
2357,45e5ce5049879f4a6998c9f259de90e4,70,Kelsey Mitchell,kelseymitchell,IND,assists,4.5,104.0,-138.0,10,10,2025-08-14 17:28:09+00:00,2025-08-14 17:28:09+00:00,2025-08-14 17:28:09+00:00,2025-08-15 23:30:00+00:00,0.0,2025-08-15,2025,REG,IND,WAS,1.0700280112044818,True,,0.4535791638529251,401736322,3142191,5,16,1,True,False,matched,9.0,2025-08-15,under,0.2125851293628177,1.7246376811594204,-1.0,1.0,False,False,False
2357,913ff130bdb70dc83fa759a2dfc68e04,573,Sonia Citron,soniacitron,WAS,points,16.5,100.0,-130.0,10,10,2025-08-14 17:28:09+00:00,2025-08-14 17:28:09+00:00,2025-08-14 17:28:09+00:00,2025-08-15 23:30:00+00:00,0.0,2025-08-15,2025,REG,IND,WAS,1.065217391304348,True,,0.4663164946059025,401736322,4433524,16,5,0,True,False,matched,21.0,2025-08-15,under,0.10268171290436773,1.7692307692307692,-1.0,1.0,False,False,False
2357,ad8a81c59aae92d527f96d02ff826a29,149,Sug Sutton,sugsutton,DAL,assists,3.5,-168.0,126.0,10,10,2025-08-14 17:32:59+00:00,2025-08-14 17:32:59+00:00,2025-08-14 17:32:59+00:00,2025-08-15 23:30:00+00:00,0.0,2025-08-15,2025,REG,IND,WAS,1.0693435477479856,True,,0.5954775535118485,401736322,4068159,16,5,0,True,False,matched,4.0,2025-08-15,under,0.24260900643441385,2.26,-1.0,1.0,False,False,False
2356,85c58d0a297a0e02975544011c6478b1,55,Veronica Burton,veronicaburton,GSV,points,10.5,-106.0,-122.0,10,10,2025-08-14 17:32:59+00:00,2025-08-14 17:32:59+00:00,2025-08-14 17:32:59+00:00,2025-08-15 23:30:00+00:00,0.0,2025-08-15,2025,REG,CHI,GSV,1.064112656345666,True,,0.4819416314468661,401736323,4398935,129689,19,0,True,False,matched,11.0,2025-08-15,under,0.18770659301361342,1.819672131147541,-1.0,1.0,False,False,False
2356,26da9881f548003f4896e7deb2080e05,36,Rachel Banham,rachelbanham,CHI,points,10.5,-128.0,-102.0,10,10,2025-08-14 17:33:00+00:00,2025-08-14 17:33:00+00:00,2025-08-14 17:33:00+00:00,2025-08-15 23:30:00+00:00,0.0,2025-08-15,2025,REG,CHI,GSV,1.0663540038214347,True,,0.5291749480305961,401736323,2566186,19,129689,1,True,False,matched,15.0,2025-08-15,under,0.20723539789318313,1.9803921568627452,-1.0,1.0,False,False,False
2357,9c20c263fb6e4dd4b11edb934b0d4c85,572,Kiki Iriafen,kikiiriafen,WAS,points,14.5,100.0,-130.0,10,10,2025-08-14 17:33:00+00:00,2025-08-14 17:33:00+00:00,2025-08-14 17:33:00+00:00,2025-08-15 23:30:00+00:00,0.0,2025-08-15,2025,REG,IND,WAS,1.065217391304348,True,,0.4663164946059025,401736322,4898384,16,5,0,True,False,matched,18.0,2025-08-15,under,0.15303676688929557,1.7692307692307692,-1.0,1.0,False,False,False
2356,1fcdf1386061555e96ce85305353c3b8,33,Elizabeth Williams,elizabethwilliams,CHI,rebounds,7.5,-136.0,102.0,10,10,2025-08-14 17:33:01+00:00,2025-08-14 17:33:01+00:00,2025-08-14 17:33:01+00:00,2025-08-15 23:30:00+00:00,0.0,2025-08-15,2025,REG,CHI,GSV,1.071320691391173,True,,0.5420932924427202,401736323,2566081,19,129689,1,True,False,matched,5.0,2025-08-15,under,0.4387385881782681,2.02,1.02,1.0,False,False,False
2358,e8c0bb57de6ee10a579f570b9110d344,87,Cameron Brink,cameronbrink,LAS,points,6.5,-114.0,-114.0,10,10,2025-08-14 20:03:49+00:00,2025-08-14 20:03:49+00:00,2025-08-14 20:03:49+00:00,2025-08-15 23:30:00+00:00,0.0,2025-08-15,2025,REG,DAL,LAS,1.0654205607476634,True,,0.5000000000000001,401736324,4433404,6,3,0,True,False,matched,3.0,2025-08-15,under,0.1198467810322304,1.8771929824561404,0.8771929824561404,1.0,False,False,False
2361,5580a9513e32e99b39dd440a4e454dc8,132,Sabrina Ionescu,sabrinaionescu,NYL,points,18.5,-110.0,-118.0,10,10,2025-08-14 20:19:29+00:00,2025-08-14 20:19:29+00:00,2025-08-14 20:19:29+00:00,2025-08-16 18:00:00+00:00,0.0,2025-08-16,2025,REG,MIN,NYL,1.0650939274792486,True,,0.4909754767731684,401736327,4066533,9,8,0,True,False,matched,13.0,2025-08-16,under,0.15089458886210727,1.847457627118644,0.847457627118644,1.0,False,False,False
2361,1034e43c65755b6e7515b2a61c1c7230,125,Kayla McBride,kaylamcbride,MIN,threes,2.5,-132.0,100.0,10,10,2025-08-14 20:19:29+00:00,2025-08-14 20:19:29+00:00,2025-08-14 20:19:29+00:00,2025-08-16 18:00:00+00:00,0.0,2025-08-16,2025,REG,MIN,NYL,1.0689655172413794,True,,0.5356937238338165,401736327,2529205,8,9,1,True,False,matched,2.0,2025-08-16,under,0.05291622030783216,2.0,1.0,1.0,False,False,False
2361,f50b1f51ea26b916d57cb061d18f9916,121,Alanna Smith,alannasmith,DAL,points,12.5,-104.0,-125.0,10,10,2025-08-14 20:27:38+00:00,2025-08-14 20:27:38+00:00,2025-08-14 20:27:38+00:00,2025-08-16 18:00:00+00:00,0.0,2025-08-16,2025,REG,MIN,NYL,1.065359477124183,True,,0.4763687479911608,401736327,3913881,8,9,1,True,False,matched,14.0,2025-08-16,under,0.2467684115660123,1.8,-1.0,1.0,False,False,False
2361,3d52ef1616284b4c30872e6a10b43d1d,233,Emma Meesseman,emmameesseman,FA,points,15.5,104.0,-135.0,10,10,2025-08-14 20:27:38+00:00,2025-08-14 20:27:38+00:00,2025-08-14 20:27:38+00:00,2025-08-16 18:00:00+00:00,0.0,2025-08-16,2025,REG,MIN,NYL,1.0646641635377556,True,,0.45648742045938223,401736327,3027368,9,8,0,True,False,matched,10.0,2025-08-16,under,0.22352534377894384,1.7407407407407407,0.7407407407407407,1.0,False,False,False
2361,e53599f86154d31691bb897c6894ec62,117,Courtney Williams,courtneywilliams,MIN,points,14.5,-125.0,-104.0,10,10,2025-08-14 20:27:38+00:00,2025-08-14 20:27:38+00:00,2025-08-14 20:27:38+00:00,2025-08-16 18:00:00+00:00,0.0,2025-08-16,2025,REG,MIN,NYL,1.065359477124183,True,,0.5236312520088393,401736327,2987891,8,9,1,True,False,matched,26.0,2025-08-16,under,0.18705627444909662,1.9615384615384617,-1.0,1.0,False,False,False
2361,26aeb8c84cc7464413eb777219adc3e7,141,Jonquel Jones,jonqueljones,NYL,points,13.5,-118.0,-110.0,10,10,2025-08-14 20:27:38+00:00,2025-08-14 20:27:38+00:00,2025-08-14 20:27:38+00:00,2025-08-16 18:00:00+00:00,0.0,2025-08-16,2025,REG,MIN,NYL,1.0650939274792486,True,,0.5090245232268319,401736327,2999101,9,8,0,True,False,matched,17.0,2025-08-16,under,0.071641024607216,1.9090909090909092,-1.0,1.0,False,False,False
2356,60a8e0f586eb514e68f4bb37515b5001,120,Cecilia Zandalasini,ceciliazandalasini,GSV,points,10.5,-118.0,-110.0,10,10,2025-08-15 00:33:38+00:00,2025-08-15 00:33:38+00:00,2025-08-15 00:33:38+00:00,2025-08-15 23:30:00+00:00,0.0,2025-08-15,2025,REG,CHI,GSV,1.0650939274792486,True,,0.5090245232268319,401736323,4257500,129689,19,0,True,False,matched,20.0,2025-08-15,under,0.17799584459670448,1.9090909090909092,-1.0,1.0,False,False,False
2361,713aaf90d82eb564743387f4ec971cbf,48,DiJonai Carrington,dijonaicarrington,CHI,rebounds,4.5,122.0,-162.0,10,10,2025-08-15 01:02:26+00:00,2025-08-15 01:02:26+00:00,2025-08-15 01:02:26+00:00,2025-08-16 18:00:00+00:00,0.0,2025-08-16,2025,REG,MIN,NYL,1.0687710611374732,True,,0.41310819110441305,401736327,4066548,8,9,1,True,False,matched,2.0,2025-08-16,over,0.07046134962937456,2.2199999999999998,-1.0,1.0,False,False,False
2361,033162ee40adf199413c441203ad9859,116,Jessica Shepard,jessicashepard,DAL,rebounds,8.5,-112.0,-118.0,10,10,2025-08-15 01:08:45+00:00,2025-08-15 01:08:45+00:00,2025-08-15 01:08:45+00:00,2025-08-16 18:00:00+00:00,0.0,2025-08-16,2025,REG,MIN,NYL,1.0695862904621776,True,,0.49327872882454105,401736327,3906949,8,9,1,True,False,matched,10.0,2025-08-16,under,0.29685600277257446,1.847457627118644,-1.0,1.0,False,False,False
2358,c9f5a416936e1d3fdd9c39908f28a10b,10,Haley Jones,haleyjones,DAL,points,8.5,-130.0,100.0,19,19,2025-08-15 13:19:28+00:00,2025-08-15 13:19:28+00:00,2025-08-15 13:19:28+00:00,2025-08-15 23:30:00+00:00,0.0,2025-08-15,2025,REG,DAL,LAS,1.065217391304348,True,,0.5336835053940976,401736324,4595910,3,6,1,True,False,matched,4.0,2025-08-15,under,0.34240807353936453,2.0,1.0,1.0,False,False,False
2360,635a66a7220d64421c87eb6cc04f4f6d,73,NaLyssa Smith,nalyssasmith,LVA,rebounds,5.5,-179.0,134.0,60,60,2025-08-15 18:09:33+00:00,2025-08-15 18:09:33+00:00,2025-08-15 18:09:33+00:00,2025-08-16 02:00:00+00:00,0.0,2025-08-15,2025,REG,PHX,LVA,1.068927488282327,True,,0.6109147511387446,401736326,4398776,17,11,0,True,False,matched,9.0,2025-08-15,under,0.10326827581418907,2.34,-1.0,1.0,False,False,False
2358,fe474ee618491b0523210669bd6c3772,84,Julie Allemand,julieallemand,TOR,rebounds,4.5,102.0,-136.0,10,10,2025-08-15 21:27:01+00:00,2025-08-15 21:27:01+00:00,2025-08-15 21:27:01+00:00,2025-08-15 23:30:00+00:00,0.0,2025-08-15,2025,REG,DAL,LAS,1.071320691391173,True,,0.4579067075572801,401736324,4001679,6,3,0,True,False,matched,4.0,2025-08-15,under,0.06064578642976293,1.7352941176470589,0.7352941176470589,1.0,False,False,False
2358,a567464f0802bb083d1282a98de7187c,61,Maddy Siegrist,maddysiegrist,DAL,rebounds,4.5,-158.0,118.0,10,10,2025-08-15 22:47:17+00:00,2025-08-15 22:47:17+00:00,2025-08-15 22:47:17+00:00,2025-08-15 23:30:00+00:00,0.0,2025-08-15,2025,REG,DAL,LAS,1.0711186971054691,True,,0.5796527091990534,401736324,4399415,3,6,1,True,False,matched,3.0,2025-08-15,under,0.3260465936276089,2.1799999999999997,1.1799999999999997,1.0,False,False,False
2357,31f08995e95c25945f62d41667c555fc,76,Lexie Hull,lexiehull,IND,points,8.5,-114.0,-114.0,10,10,2025-08-15 23:08:50+00:00,2025-08-15 23:08:50+00:00,2025-08-15 23:08:50+00:00,2025-08-15 23:30:00+00:00,0.0,2025-08-15,2025,REG,IND,WAS,1.0654205607476634,True,,0.5000000000000001,401736322,4398829,5,16,1,True,False,matched,7.0,2025-08-15,under,0.5373203548234889,1.8771929824561404,0.8771929824561404,1.0,False,False,False
2365,b90c0a399ecf99e92b6dd71ead794c82,40,Alyssa Thomas,alyssathomas,PHO,assists,8.5,-128.0,-104.0,10,10,2025-08-16 05:42:16+00:00,2025-08-16 05:42:16+00:00,2025-08-16 05:42:16+00:00,2025-08-17 22:00:00+00:00,0.0,2025-08-17,2025,REG,SEA,PHX,1.0712074303405572,True,,0.5267388899028808,401736331,2529140,11,14,0,True,False,matched,11.0,2025-08-17,under,0.0704163354121925,1.9615384615384617,-1.0,1.0,False,False,False
2362,5cedc1d953566b6ca4ccda13d82e5c2d,70,Kelsey Mitchell,kelseymitchell,IND,assists,5.5,128.0,-172.0,10,10,2025-08-16 05:47:14+00:00,2025-08-16 05:47:14+00:00,2025-08-16 05:47:14+00:00,2025-08-17 17:00:00+00:00,0.0,2025-08-17,2025,REG,CON,IND,1.0709494324045408,True,,0.39957653069922067,401736329,3142191,5,18,0,True,False,matched,6.0,2025-08-17,under,0.33815879009254257,1.5813953488372094,-1.0,1.0,False,False,False
2362,1c1c0165dded96df463ad6a71628dd2a,76,Lexie Hull,lexiehull,IND,rebounds,4.5,108.0,-144.0,10,10,2025-08-16 05:47:14+00:00,2025-08-16 05:47:14+00:00,2025-08-16 05:47:14+00:00,2025-08-17 17:00:00+00:00,0.0,2025-08-17,2025,REG,CON,IND,1.0709331651954601,True,,0.4433154794603006,401736329,4398829,5,18,0,True,False,matched,7.0,2025-08-17,under,0.14635955785765792,1.6944444444444444,-1.0,1.0,False,False,False
2362,3f05c9630a41dc440892c897cdd6cf42,22,Marina Mabrey,marinamabrey,TOR,points,15.5,104.0,-135.0,10,10,2025-08-16 05:47:14+00:00,2025-08-16 05:47:14+00:00,2025-08-16 05:47:14+00:00,2025-08-17 17:00:00+00:00,0.0,2025-08-17,2025,REG,CON,IND,1.0646641635377556,True,,0.45648742045938223,401736329,3904576,18,5,1,True,False,matched,27.0,2025-08-17,under,0.12212479826994982,1.7407407407407407,-1.0,1.0,False,False,False
2362,022969a234b1906b59f4d779ebfdef94,71,Aliyah Boston,aliyahboston,IND,points,14.5,-108.0,-120.0,10,10,2025-08-16 05:47:14+00:00,2025-08-16 05:47:14+00:00,2025-08-16 05:47:14+00:00,2025-08-17 17:00:00+00:00,0.0,2025-08-17,2025,REG,CON,IND,1.0646853146853146,True,,0.48646030463369283,401736329,4432831,5,18,0,True,False,matched,14.0,2025-08-17,under,0.11583748978951092,1.8333333333333335,0.8333333333333335,1.0,False,False,False
2362,66bca6b6fd4d194ae5eb2aa4ba35289f,156,Sophie Cunningham,sophiecunningham,IND,rebounds,3.5,-114.0,-114.0,10,10,2025-08-16 05:47:14+00:00,2025-08-16 05:47:14+00:00,2025-08-16 05:47:14+00:00,2025-08-17 17:00:00+00:00,0.0,2025-08-17,2025,REG,CON,IND,1.0654205607476634,True,,0.5000000000000001,401736329,3907781,5,18,0,True,False,matched,1.0,2025-08-17,under,0.1043589317252554,1.8771929824561404,0.8771929824561404,1.0,False,False,False
2362,4ac1afabe85ff1b5af67cff08692729d,519,Aneesah Morrow,aneesahmorrow,CON,rebounds,7.5,-114.0,-114.0,10,10,2025-08-16 05:47:14+00:00,2025-08-16 05:47:14+00:00,2025-08-16 05:47:14+00:00,2025-08-17 17:00:00+00:00,0.0,2025-08-17,2025,REG,CON,IND,1.0654205607476634,True,,0.5000000000000001,401736329,4684384,18,5,1,True,False,matched,11.0,2025-08-17,under,0.06861430003204316,1.8771929824561404,-1.0,1.0,False,False,False
2365,15da29c0ce7580007f27e188a779fc09,54,Satou Sabally,satousabally,NYL,assists,2.5,-146.0,110.0,10,10,2025-08-16 05:47:15+00:00,2025-08-16 05:47:15+00:00,2025-08-16 05:47:15+00:00,2025-08-17 22:00:00+00:00,0.0,2025-08-17,2025,REG,SEA,PHX,1.0696864111498257,True,,0.5607420039050215,401736331,4281929,11,14,0,True,False,matched,2.0,2025-08-17,under,0.20790202116618223,2.1,1.1,1.0,False,False,False
2365,dd7229bbea128348e0bd37423e5d795f,182,Brittney Sykes,brittneysykes,TOR,points,13.5,-130.0,100.0,10,10,2025-08-16 05:47:15+00:00,2025-08-16 05:47:15+00:00,2025-08-16 05:47:15+00:00,2025-08-17 22:00:00+00:00,0.0,2025-08-17,2025,REG,SEA,PHX,1.065217391304348,True,,0.5336835053940976,401736331,2988756,14,11,1,True,False,matched,11.0,2025-08-17,under,0.15428296970145672,2.0,1.0,1.0,False,False,False
2365,3b8a29ba465bee0538e664dbada9db07,155,Kahleah Copper,kahleahcopper,PHO,points,15.5,-125.0,-104.0,10,10,2025-08-16 05:47:15+00:00,2025-08-16 05:47:15+00:00,2025-08-16 05:47:15+00:00,2025-08-17 22:00:00+00:00,0.0,2025-08-17,2025,REG,SEA,PHX,1.065359477124183,True,,0.5236312520088393,401736331,2998938,11,14,0,True,False,matched,17.0,2025-08-17,under,0.12516375669860164,1.9615384615384617,-1.0,1.0,False,False,False
2362,4592037335223fc5aeba16d862217c4e,56,Natasha Howard,natashahoward,MIN,points,12.5,106.0,-138.0,10,10,2025-08-16 05:47:15+00:00,2025-08-16 05:47:15+00:00,2025-08-16 05:47:15+00:00,2025-08-17 17:00:00+00:00,0.0,2025-08-17,2025,REG,CON,IND,1.0652688259769927,True,,0.4512435291926419,401736329,2529130,5,18,0,True,False,matched,18.0,2025-08-17,under,0.10107655579818925,1.7246376811594204,-1.0,1.0,False,False,False
2365,47a5850bcea5cfd75790c66851794d79,175,Skylar Diggins,skylardiggins,CHI,points,13.5,-102.0,-128.0,10,10,2025-08-16 05:47:15+00:00,2025-08-16 05:47:15+00:00,2025-08-16 05:47:15+00:00,2025-08-17 22:00:00+00:00,0.0,2025-08-17,2025,REG,SEA,PHX,1.0663540038214347,True,,0.47082505196940394,401736331,2491205,14,11,1,True,False,matched,14.0,2025-08-17,under,0.08337676216182693,1.78125,-1.0,1.0,False,False,False
2362,0770ebede5af58d31eecc694214db561,9,Tina Charles,tinacharles,FA,points,15.5,-114.0,-114.0,10,10,2025-08-16 05:47:15+00:00,2025-08-16 05:47:15+00:00,2025-08-16 05:47:15+00:00,2025-08-17 17:00:00+00:00,0.0,2025-08-17,2025,REG,CON,IND,1.0654205607476634,True,,0.5000000000000001,401736329,918,18,5,1,True,False,matched,21.0,2025-08-17,under,0.06995670746814381,1.8771929824561404,-1.0,1.0,False,False,False
2365,fc5f8d291c9420a4a4d1cb926b32a68d,45,DeWanna Bonner,dewannabonner,PHO,rebounds,4.5,134.0,-180.0,10,10,2025-08-16 05:53:05+00:00,2025-08-16 05:53:05+00:00,2025-08-16 05:53:05+00:00,2025-08-17 22:00:00+00:00,0.0,2025-08-17,2025,REG,SEA,PHX,1.0702075702075702,True,,0.38834080463047865,401736331,869,11,14,0,True,False,matched,1.0,2025-08-17,over,0.11175612092904808,2.34,-1.0,1.0,False,False,False
2363,01f8624339e0f9632dd45b4f7df6ffe1,84,Julie Allemand,julieallemand,TOR,rebounds,4.5,-148.0,112.0,10,10,2025-08-16 05:58:30+00:00,2025-08-16 05:58:30+00:00,2025-08-16 05:58:30+00:00,2025-08-17 19:00:00+00:00,0.0,2025-08-17,2025,REG,WAS,LAS,1.0684723067559343,True,,0.5647227530167998,401736328,4001679,6,16,0,True,False,matched,2.0,2025-08-17,under,0.325265984348016,2.12,1.12,1.0,False,False,False
2363,269899fd29e5b89f152b846a71f81f0c,149,Sug Sutton,sugsutton,DAL,points,9.5,-108.0,-120.0,10,10,2025-08-16 05:58:30+00:00,2025-08-16 05:58:30+00:00,2025-08-16 05:58:30+00:00,2025-08-17 19:00:00+00:00,0.0,2025-08-17,2025,REG,WAS,LAS,1.0646853146853146,True,,0.48646030463369283,401736328,4068159,16,6,1,True,False,matched,8.0,2025-08-17,under,0.24186268772831937,1.8333333333333335,0.8333333333333335,1.0,False,False,False
2363,45f9fb439f9640ce976657ec8b4ab752,573,Sonia Citron,soniacitron,WAS,assists,3.5,-108.0,-122.0,10,10,2025-08-16 05:58:30+00:00,2025-08-16 05:58:30+00:00,2025-08-16 05:58:30+00:00,2025-08-17 19:00:00+00:00,0.0,2025-08-17,2025,REG,WAS,LAS,1.0687803187803186,True,,0.48431040390879443,401736328,4433524,16,6,1,True,False,matched,3.0,2025-08-17,under,0.22524373947424503,1.819672131147541,0.819672131147541,1.0,False,False,False
2363,b9e698bf0cdb29286dee43c7bd7bb3f3,89,Dearica Hamby,dearicahamby,LAS,assists,2.5,-182.0,136.0,10,10,2025-08-16 05:58:30+00:00,2025-08-16 05:58:30+00:00,2025-08-16 05:58:30+00:00,2025-08-17 19:00:00+00:00,0.0,2025-08-17,2025,REG,WAS,LAS,1.0691188844813078,True,,0.6147799949652675,401736328,2566106,6,16,0,True,False,matched,7.0,2025-08-17,under,0.22340717592526094,2.3600000000000003,-1.0,1.0,False,False,False
2363,40161b3c816a858f1a28141b43aea1c3,101,Kelsey Plum,kelseyplum,LAS,points,18.5,-135.0,104.0,10,10,2025-08-16 05:58:30+00:00,2025-08-16 05:58:30+00:00,2025-08-16 05:58:30+00:00,2025-08-17 19:00:00+00:00,0.0,2025-08-17,2025,REG,WAS,LAS,1.0646641635377556,True,,0.5435125795406177,401736328,3065570,6,16,0,True,False,matched,25.0,2025-08-17,under,0.18957277842194564,2.04,-1.0,1.0,False,False,False
2363,31cc8aef383fb34b09bea2196d1ca691,94,Rickea Jackson,rickeajackson,CHI,points,15.5,-118.0,-110.0,10,10,2025-08-16 05:58:30+00:00,2025-08-16 05:58:30+00:00,2025-08-16 05:58:30+00:00,2025-08-17 19:00:00+00:00,0.0,2025-08-17,2025,REG,WAS,LAS,1.0650939274792486,True,,0.5090245232268319,401736328,4433630,6,16,0,True,False,matched,17.0,2025-08-17,under,0.18063347787821588,1.9090909090909092,-1.0,1.0,False,False,False
2363,f3463b7171b261164670c6b50ddab17b,82,Azura Stevens,azurastevens,CHI,points,13.5,100.0,-130.0,10,10,2025-08-16 05:58:30+00:00,2025-08-16 05:58:30+00:00,2025-08-16 05:58:30+00:00,2025-08-17 19:00:00+00:00,0.0,2025-08-17,2025,REG,WAS,LAS,1.065217391304348,True,,0.4663164946059025,401736328,3142010,6,16,0,True,False,matched,6.0,2025-08-17,under,0.055111409429959235,1.7692307692307692,0.7692307692307692,1.0,False,False,False
2363,cfd835aa2390f65c1c7ca759a895c74e,572,Kiki Iriafen,kikiiriafen,WAS,rebounds,9.5,-108.0,-122.0,10,10,2025-08-16 05:58:31+00:00,2025-08-16 05:58:31+00:00,2025-08-16 05:58:31+00:00,2025-08-17 19:00:00+00:00,0.0,2025-08-17,2025,REG,WAS,LAS,1.0687803187803186,True,,0.48431040390879443,401736328,4898384,16,6,1,True,False,matched,10.0,2025-08-17,under,0.19750140243218695,1.819672131147541,-1.0,1.0,False,False,False
2366,95ba5ad3fcf445ce09ff377bb7d701a8,55,Veronica Burton,veronicaburton,GSV,points,10.5,-122.0,-106.0,10,10,2025-08-16 05:58:31+00:00,2025-08-16 05:58:31+00:00,2025-08-16 05:58:31+00:00,2025-08-18 00:30:00+00:00,0.0,2025-08-17,2025,REG,GSV,ATL,1.064112656345666,True,,0.518058368553134,401736332,4398935,129689,20,1,True,False,matched,16.0,2025-08-17,under,0.09110729118431782,1.9433962264150944,-1.0,1.0,False,False,False
2366,ee8a6d5ebc320039495291929b173035,120,Cecilia Zandalasini,ceciliazandalasini,GSV,points,13.5,-113.0,-115.0,10,10,2025-08-16 05:58:32+00:00,2025-08-16 05:58:32+00:00,2025-08-16 05:58:32+00:00,2025-08-18 00:30:00+00:00,0.0,2025-08-17,2025,REG,GSV,ATL,1.0654001528551151,True,,0.49774423259931944,401736332,4257500,129689,20,1,True,False,matched,11.0,2025-08-17,under,0.4152601998221489,1.8695652173913042,0.8695652173913042,1.0,False,False,False
2366,a18005aab3be3a64c5a660fd48e477d3,15,Rhyne Howard,rhynehoward,ATL,rebounds,3.5,-168.0,126.0,10,10,2025-08-16 05:58:32+00:00,2025-08-16 05:58:32+00:00,2025-08-16 05:58:32+00:00,2025-08-18 00:30:00+00:00,0.0,2025-08-17,2025,REG,GSV,ATL,1.0693435477479856,True,,0.5954775535118485,401736332,4398674,20,129689,0,True,False,matched,5.0,2025-08-17,under,0.2020917088275595,2.26,-1.0,1.0,False,False,False
2366,07cf000142f6d8c3a2b1a2083d2cd0a4,1,Allisha Gray,allishagray,ATL,assists,3.5,-122.0,-108.0,10,10,2025-08-16 05:58:32+00:00,2025-08-16 05:58:32+00:00,2025-08-16 05:58:32+00:00,2025-08-18 00:30:00+00:00,0.0,2025-08-17,2025,REG,GSV,ATL,1.0687803187803186,True,,0.5156895960912058,401736332,3058901,20,129689,0,True,False,matched,4.0,2025-08-17,under,0.19908814493402732,1.925925925925926,-1.0,1.0,False,False,False
2366,88cd132171417133b01b8bf2dec4a6dc,537,Janelle Salaun,janellesalaun,GSV,points,11.5,-102.0,-128.0,10,10,2025-08-16 05:58:32+00:00,2025-08-16 05:58:32+00:00,2025-08-16 05:58:32+00:00,2025-08-18 00:30:00+00:00,0.0,2025-08-17,2025,REG,GSV,ATL,1.0663540038214347,True,,0.47082505196940394,401736332,4790264,129689,20,1,True,False,matched,5.0,2025-08-17,under,0.11969296743738939,1.78125,0.78125,1.0,False,False,False
2366,4c2325968038f0952aff2f294c167878,49,Brionna Jones,brionnajones,ATL,points,11.5,-106.0,-122.0,10,10,2025-08-16 05:58:32+00:00,2025-08-16 05:58:32+00:00,2025-08-16 05:58:32+00:00,2025-08-18 00:30:00+00:00,0.0,2025-08-17,2025,REG,GSV,ATL,1.064112656345666,True,,0.4819416314468661,401736332,3058895,20,129689,0,True,False,matched,13.0,2025-08-17,under,0.11549548724320569,1.819672131147541,-1.0,1.0,False,False,False
2366,42474bc0510581bb1468c798d5710bbc,221,Tiffany Hayes,tiffanyhayes,GSV,points,12.5,100.0,-130.0,10,10,2025-08-16 05:58:32+00:00,2025-08-16 05:58:32+00:00,2025-08-16 05:58:32+00:00,2025-08-18 00:30:00+00:00,0.0,2025-08-17,2025,REG,GSV,ATL,1.065217391304348,True,,0.4663164946059025,401736332,1054,129689,20,1,True,False,matched,4.0,2025-08-17,under,0.10222327983564022,1.7692307692307692,0.7692307692307692,1.0,False,False,False
2364,4b1260dad00162f6498a782f0ca8e20f,103,A'ja Wilson,ajawilson,LVA,rebounds,11.5,-132.0,100.0,10,10,2025-08-16 06:51:25+00:00,2025-08-16 06:51:25+00:00,2025-08-16 06:51:25+00:00,2025-08-17 19:30:00+00:00,0.0,2025-08-17,2025,REG,LVA,DAL,1.0689655172413794,True,,0.5356937238338165,401736330,3149391,17,3,1,True,False,matched,8.0,2025-08-17,under,0.1826651927606741,2.0,1.0,1.0,False,False,False
2364,448073b69582152c559ba69f71aa86cb,528,Paige Bueckers,paigebueckers,DAL,points,18.5,-130.0,100.0,10,10,2025-08-16 06:57:01+00:00,2025-08-16 06:57:01+00:00,2025-08-16 06:57:01+00:00,2025-08-17 19:30:00+00:00,0.0,2025-08-17,2025,REG,LVA,DAL,1.065217391304348,True,,0.5336835053940976,401736330,4433730,3,17,0,True,False,matched,18.0,2025-08-17,under,0.19872265580958115,2.0,1.0,1.0,False,False,False
2364,cb144173bc026a921fb4306e08fce6c1,61,Maddy Siegrist,maddysiegrist,DAL,points,13.5,-125.0,-104.0,10,10,2025-08-16 13:20:57+00:00,2025-08-16 13:20:57+00:00,2025-08-16 13:20:57+00:00,2025-08-17 19:30:00+00:00,0.0,2025-08-17,2025,REG,LVA,DAL,1.065359477124183,True,,0.5236312520088393,401736330,4399415,3,17,0,True,False,matched,23.0,2025-08-17,under,0.4292663365123508,1.9615384615384617,-1.0,1.0,False,False,False
2361,90b3a1dd8d3131b3eb366119126f1aa1,163,Natasha Cloud,natashacloud,CHI,threes,1.5,160.0,-200.0,24,24,2025-08-16 14:43:11+00:00,2025-08-16 14:43:11+00:00,2025-08-16 14:43:11+00:00,2025-08-16 18:00:00+00:00,0.0,2025-08-16,2025,REG,MIN,NYL,1.051282051282051,True,,0.35535006246594214,401736327,2529137,9,8,0,True,False,matched,0.0,2025-08-16,under,0.05364123505493845,1.5,0.5,1.0,False,False,False
2363,91d01ec24bb4736134cc249bb8619e93,196,Shakira Austin,shakiraaustin,WAS,rebounds,6.5,-152.0,114.0,10,10,2025-08-16 22:56:44+00:00,2025-08-16 22:56:44+00:00,2025-08-16 22:56:44+00:00,2025-08-17 19:00:00+00:00,0.0,2025-08-17,2025,REG,WAS,LAS,1.0704643228007713,True,,0.5703965275254933,401736328,4398911,16,6,1,True,False,matched,6.0,2025-08-17,under,0.05674946331077946,2.1399999999999997,1.1399999999999997,1.0,False,False,False
2362,b5a6b46ac3f15d4035983efd16dec6db,293,Odyssey Sims,odysseysims,DAL,assists,5.5,165.0,-217.0,60,60,2025-08-17 16:55:47+00:00,2025-08-17 16:55:47+00:00,2025-08-17 16:55:47+00:00,2025-08-17 17:00:00+00:00,0.0,2025-08-17,2025,REG,CON,IND,1.0619010773168265,True,,0.34151668831412246,401736329,2529047,5,18,0,True,False,matched,7.0,2025-08-17,under,0.241382285830296,1.4608294930875576,-1.0,1.0,False,False,False
2366,e505c9c0e74254cbf037290644aaad09,16,Naz Hillmon,nazhillmon,ATL,rebounds,7.5,-130.0,-102.0,10,10,2025-08-17 21:16:12+00:00,2025-08-17 21:16:12+00:00,2025-08-17 21:16:12+00:00,2025-08-18 00:30:00+00:00,0.0,2025-08-17,2025,REG,GSV,ATL,1.0701678863538528,True,,0.5312123494364493,401736332,4398915,20,129689,0,True,False,matched,5.0,2025-08-17,under,0.22042399097202248,1.9803921568627452,0.9803921568627452,1.0,False,False,False
2366,b83cc8b954482e736675409f125b6278,72,Temi Fagbenle,temifagbenle,TOR,points,9.5,251.0,-357.0,60,60,2025-08-18 00:28:40+00:00,2025-08-18 00:28:40+00:00,2025-08-18 00:28:40+00:00,2025-08-18 00:30:00+00:00,0.0,2025-08-17,2025,REG,GSV,ATL,1.0660819041563026,True,,0.24292589451697164,401736332,2569044,129689,20,1,True,False,matched,8.0,2025-08-17,under,0.0807048826115766,1.280112044817927,0.28011204481792706,1.0,False,False,False
2371,1cf497be4c3b750023f509283153c905,103,A'ja Wilson,ajawilson,LVA,points,24.5,-118.0,-110.0,10,10,2025-08-18 04:34:25+00:00,2025-08-18 04:34:25+00:00,2025-08-18 04:34:25+00:00,2025-08-20 02:00:00+00:00,0.0,2025-08-19,2025,REG,LVA,ATL,1.0650939274792486,True,,0.5090245232268319,401736336,3149391,17,20,1,True,False,matched,32.0,2025-08-19,under,0.2244727342878029,1.9090909090909092,-1.0,1.0,False,False,False
2371,a02b6f952d074e7d1a905c80eb2fb6c5,15,Rhyne Howard,rhynehoward,ATL,assists,3.5,-172.0,128.0,10,10,2025-08-18 04:34:25+00:00,2025-08-18 04:34:25+00:00,2025-08-18 04:34:25+00:00,2025-08-20 02:00:00+00:00,0.0,2025-08-19,2025,REG,LVA,ATL,1.0709494324045408,True,,0.6004234693007796,401736336,4398674,20,17,0,True,False,matched,6.0,2025-08-19,under,0.20039825469161404,2.2800000000000002,-1.0,1.0,False,False,False
2371,3090de123abda3e4753c335ae2150e7e,102,Jackie Young,jackieyoung,LVA,points,16.5,-104.0,-125.0,10,10,2025-08-18 04:34:25+00:00,2025-08-18 04:34:25+00:00,2025-08-18 04:34:25+00:00,2025-08-20 02:00:00+00:00,0.0,2025-08-19,2025,REG,LVA,ATL,1.065359477124183,True,,0.4763687479911608,401736336,4065870,17,20,1,True,False,matched,16.0,2025-08-19,under,0.0627406543026327,1.8,0.8,1.0,False,False,False
2371,6d3026bef0aa3bbdb4bd4de119363ec5,107,Chelsea Gray,chelseagray,LVA,points,9.5,-130.0,100.0,10,10,2025-08-18 04:39:42+00:00,2025-08-18 04:39:42+00:00,2025-08-18 04:39:42+00:00,2025-08-20 02:00:00+00:00,0.0,2025-08-19,2025,REG,LVA,ATL,1.065217391304348,True,,0.5336835053940976,401736336,2529122,17,20,1,True,False,matched,8.0,2025-08-19,under,0.07483039729080199,2.0,1.0,1.0,False,False,False
2367,9d2662e1bd295e524d1ad2dd4e2d781d,233,Emma Meesseman,emmameesseman,FA,points,13.5,-120.0,-110.0,10,10,2025-08-18 04:48:58+00:00,2025-08-18 04:48:58+00:00,2025-08-18 04:48:58+00:00,2025-08-19 23:00:00+00:00,0.0,2025-08-19,2025,REG,NYL,MIN,1.0692640692640691,True,,0.5112040114787568,401736333,3027368,9,8,1,True,False,matched,13.0,2025-08-19,under,0.11780028276945698,1.9090909090909092,0.9090909090909092,1.0,False,False,False
2367,f35080b5b9f67420faf171f4bbe16949,141,Jonquel Jones,jonqueljones,NYL,rebounds,8.5,-108.0,-122.0,10,10,2025-08-18 04:48:58+00:00,2025-08-18 04:48:58+00:00,2025-08-18 04:48:58+00:00,2025-08-19 23:00:00+00:00,0.0,2025-08-19,2025,REG,NYL,MIN,1.0687803187803186,True,,0.48431040390879443,401736333,2999101,9,8,1,True,False,matched,10.0,2025-08-19,under,0.08703364363420685,1.819672131147541,-1.0,1.0,False,False,False
2367,122a11aa5e37fe1c466c078d8f2440e3,163,Natasha Cloud,natashacloud,CHI,points,9.5,-115.0,-113.0,10,10,2025-08-18 04:48:58+00:00,2025-08-18 04:48:58+00:00,2025-08-18 04:48:58+00:00,2025-08-19 23:00:00+00:00,0.0,2025-08-19,2025,REG,NYL,MIN,1.0654001528551151,True,,0.5022557674006809,401736333,2529137,9,8,1,True,False,matched,10.0,2025-08-19,under,0.07818412894610471,1.8849557522123894,-1.0,1.0,False,False,False
2367,233295b66c9c3a6e978fa8df3fdfd3cd,132,Sabrina Ionescu,sabrinaionescu,NYL,threes,2.5,138.0,-186.0,10,10,2025-08-18 04:48:58+00:00,2025-08-18 04:48:58+00:00,2025-08-18 04:48:58+00:00,2025-08-19 23:00:00+00:00,0.0,2025-08-19,2025,REG,NYL,MIN,1.070517717576541,True,,0.3807086475713989,401736333,4066533,9,8,1,True,False,matched,4.0,2025-08-19,under,0.05358564049987313,1.5376344086021505,-1.0,1.0,False,False,False
2367,dff21b7358c26fb25430732eb2bc1f92,117,Courtney Williams,courtneywilliams,MIN,points,14.5,-128.0,-102.0,10,10,2025-08-18 04:55:09+00:00,2025-08-18 04:55:09+00:00,2025-08-18 04:55:09+00:00,2025-08-19 23:00:00+00:00,0.0,2025-08-19,2025,REG,NYL,MIN,1.0663540038214347,True,,0.5291749480305961,401736333,2987891,8,9,0,True,False,matched,17.0,2025-08-19,under,0.14046749450967405,1.9803921568627452,-1.0,1.0,False,False,False
2367,ac30d3ca29981adc409f36133a838ee1,116,Jessica Shepard,jessicashepard,DAL,rebounds,8.5,112.0,-148.0,10,10,2025-08-18 04:55:09+00:00,2025-08-18 04:55:09+00:00,2025-08-18 04:55:09+00:00,2025-08-19 23:00:00+00:00,0.0,2025-08-19,2025,REG,NYL,MIN,1.0684723067559343,True,,0.43527724698320036,401736333,3906949,8,9,0,True,False,matched,10.0,2025-08-19,under,0.13817869044998649,1.6756756756756757,-1.0,1.0,False,False,False
2367,866418474a51c00a99132fad7a5e5f4d,121,Alanna Smith,alannasmith,DAL,threes,1.5,100.0,-132.0,10,10,2025-08-18 04:55:09+00:00,2025-08-18 04:55:09+00:00,2025-08-18 04:55:09+00:00,2025-08-19 23:00:00+00:00,0.0,2025-08-19,2025,REG,NYL,MIN,1.0689655172413794,True,,0.46430627616618364,401736333,3913881,8,9,0,True,False,matched,0.0,2025-08-19,under,0.09064922127734659,1.7575757575757576,0.7575757575757576,1.0,False,False,False
2367,bdc45f7342608799d8dbaa32b979b6b4,125,Kayla McBride,kaylamcbride,MIN,points,14.5,-118.0,-110.0,10,10,2025-08-18 04:55:09+00:00,2025-08-18 04:55:09+00:00,2025-08-18 04:55:09+00:00,2025-08-19 23:00:00+00:00,0.0,2025-08-19,2025,REG,NYL,MIN,1.0650939274792486,True,,0.5090245232268319,401736333,2529205,8,9,0,True,False,matched,6.0,2025-08-19,under,0.08084904145080946,1.9090909090909092,0.9090909090909092,1.0,False,False,False
2369,42530bfdc10dbb4ee7a89502a6d131a6,182,Brittney Sykes,brittneysykes,TOR,rebounds,3.5,-136.0,102.0,10,10,2025-08-18 05:00:12+00:00,2025-08-18 05:00:12+00:00,2025-08-18 05:00:12+00:00,2025-08-20 00:00:00+00:00,0.0,2025-08-19,2025,REG,CHI,SEA,1.071320691391173,True,,0.5420932924427202,401736335,2988756,14,19,0,True,False,matched,4.0,2025-08-19,under,0.3561892205040645,2.02,-1.0,1.0,False,False,False
2369,fafae4ab4472487e78a660ab7eb80d00,30,Kamilla Cardoso,kamillacardoso,CHI,rebounds,10.5,-106.0,-125.0,10,10,2025-08-18 05:00:12+00:00,2025-08-18 05:00:12+00:00,2025-08-18 05:00:12+00:00,2025-08-20 00:00:00+00:00,0.0,2025-08-19,2025,REG,CHI,SEA,1.070118662351672,True,,0.4787708928615623,401736335,4433405,19,14,1,True,False,matched,6.0,2025-08-19,under,0.24474327782950683,1.8,0.8,1.0,False,False,False
2369,54620080cd867c58bbadfae9e789e797,208,Gabby Williams,gabbywilliams,GSV,threes,1.5,148.0,-200.0,10,10,2025-08-18 05:00:12+00:00,2025-08-18 05:00:12+00:00,2025-08-18 05:00:12+00:00,2025-08-20 00:00:00+00:00,0.0,2025-08-19,2025,REG,CHI,SEA,1.0698924731182795,True,,0.3634985050458517,401736335,3142328,14,19,0,True,False,matched,0.0,2025-08-19,under,0.18901851947354367,1.5,0.5,1.0,False,False,False
2369,fb957826c13a77a4c9b0d74d6a71cd0d,175,Skylar Diggins,skylardiggins,CHI,points,14.5,-110.0,-120.0,10,10,2025-08-18 05:00:12+00:00,2025-08-18 05:00:12+00:00,2025-08-18 05:00:12+00:00,2025-08-20 00:00:00+00:00,0.0,2025-08-19,2025,REG,CHI,SEA,1.0692640692640691,True,,0.4887959885212434,401736335,2491205,14,19,0,True,False,matched,24.0,2025-08-19,under,0.14146228761390034,1.8333333333333335,-1.0,1.0,False,False,False
2369,6ca2ced74ef789212cf0744f3a1e69fd,180,Nneka Ogwumike,nnekaogwumike,LAS,rebounds,7.5,-104.0,-128.0,10,10,2025-08-18 05:00:12+00:00,2025-08-18 05:00:12+00:00,2025-08-18 05:00:12+00:00,2025-08-20 00:00:00+00:00,0.0,2025-08-19,2025,REG,CHI,SEA,1.0712074303405572,True,,0.4732611100971195,401736335,1068,14,19,0,True,False,matched,6.0,2025-08-19,under,0.07103316231210444,1.78125,0.78125,1.0,False,False,False
2369,78e38df29724e0ef0d2ebb05235cd5cf,33,Elizabeth Williams,elizabethwilliams,CHI,points,10.5,-108.0,-120.0,10,10,2025-08-18 05:00:13+00:00,2025-08-18 05:00:13+00:00,2025-08-18 05:00:13+00:00,2025-08-20 00:00:00+00:00,0.0,2025-08-19,2025,REG,CHI,SEA,1.0646853146853146,True,,0.48646030463369283,401736335,2566081,19,14,1,True,False,matched,10.0,2025-08-19,under,0.10477074840388556,1.8333333333333335,0.8333333333333335,1.0,False,False,False
2369,09331e72e461d1dbb90569aaacaa96bd,185,Ariel Atkins,arielatkins,LAS,rebounds,3.5,116.0,-154.0,10,10,2025-08-18 05:00:13+00:00,2025-08-18 05:00:13+00:00,2025-08-18 05:00:13+00:00,2025-08-20 00:00:00+00:00,0.0,2025-08-19,2025,REG,CHI,SEA,1.0692621755613883,True,,0.425792012343204,401736335,3146151,19,14,1,True,False,matched,5.0,2025-08-19,under,0.09793739231052923,1.6493506493506493,-1.0,1.0,False,False,False
2368,9099c08a3cd8532db173fc72bccacba5,22,Marina Mabrey,marinamabrey,TOR,points,15.5,102.0,-132.0,10,10,2025-08-18 05:05:22+00:00,2025-08-18 05:05:22+00:00,2025-08-18 05:05:22+00:00,2025-08-19 23:30:00+00:00,0.0,2025-08-19,2025,REG,WAS,CON,1.0640150221918745,True,,0.4618487426836327,401736334,3904576,18,16,0,True,False,matched,9.0,2025-08-19,under,0.1856806773323284,1.7575757575757576,0.7575757575757576,1.0,False,False,False
2368,6b51d0720fd2470cfa9a078e8a91f342,572,Kiki Iriafen,kikiiriafen,WAS,rebounds,8.5,-152.0,114.0,10,10,2025-08-18 05:05:22+00:00,2025-08-18 05:05:22+00:00,2025-08-18 05:05:22+00:00,2025-08-19 23:30:00+00:00,0.0,2025-08-19,2025,REG,WAS,CON,1.0704643228007713,True,,0.5703965275254933,401736334,4898384,16,18,1,True,False,matched,12.0,2025-08-19,under,0.16897677880316986,2.1399999999999997,-1.0,1.0,False,False,False
2368,a8c7484c188a2a25bebb9c30ba5ec948,573,Sonia Citron,soniacitron,WAS,assists,3.5,110.0,-146.0,10,10,2025-08-18 05:05:22+00:00,2025-08-18 05:05:22+00:00,2025-08-18 05:05:22+00:00,2025-08-19 23:30:00+00:00,0.0,2025-08-19,2025,REG,WAS,CON,1.0696864111498257,True,,0.4392579960949788,401736334,4433524,16,18,1,True,False,matched,3.0,2025-08-19,under,0.15463899157933853,1.6849315068493151,0.6849315068493151,1.0,False,False,False
2368,04da7d574925e2831dd26399803b362f,196,Shakira Austin,shakiraaustin,WAS,points,13.5,-102.0,-128.0,10,10,2025-08-18 05:05:22+00:00,2025-08-18 05:05:22+00:00,2025-08-18 05:05:22+00:00,2025-08-19 23:30:00+00:00,0.0,2025-08-19,2025,REG,WAS,CON,1.0663540038214347,True,,0.47082505196940394,401736334,4398911,16,18,1,True,False,matched,12.0,2025-08-19,under,0.0715757286178273,1.78125,0.78125,1.0,False,False,False
2368,7202b62ef0f2fc83eb469fd42491a926,9,Tina Charles,tinacharles,FA,points,15.5,-114.0,-114.0,10,10,2025-08-18 05:05:23+00:00,2025-08-18 05:05:23+00:00,2025-08-18 05:05:23+00:00,2025-08-19 23:30:00+00:00,0.0,2025-08-19,2025,REG,WAS,CON,1.0654205607476634,True,,0.5000000000000001,401736334,918,18,16,0,True,False,matched,13.0,2025-08-19,under,0.12796940514331495,1.8771929824561404,0.8771929824561404,1.0,False,False,False
2370,9f280773fa89696664a03de98fe82d74,55,Veronica Burton,veronicaburton,GSV,threes,1.5,162.0,-220.0,10,10,2025-08-18 05:21:22+00:00,2025-08-18 05:21:22+00:00,2025-08-18 05:21:22+00:00,2025-08-20 02:00:00+00:00,0.0,2025-08-19,2025,REG,GSV,PHX,1.069179389312977,True,,0.3415656920936278,401736337,4398935,129689,11,1,True,False,matched,2.0,2025-08-19,over,0.293970627851624,2.62,1.62,1.0,False,False,False
2370,136d34985c5631639c8cccd4ff615f7f,54,Satou Sabally,satousabally,NYL,points,15.5,-128.0,-102.0,10,10,2025-08-18 05:21:22+00:00,2025-08-18 05:21:22+00:00,2025-08-18 05:21:22+00:00,2025-08-20 02:00:00+00:00,0.0,2025-08-19,2025,REG,GSV,PHX,1.0663540038214347,True,,0.5291749480305961,401736337,4281929,11,129689,0,True,False,matched,17.0,2025-08-19,under,0.23848577791730974,1.9803921568627452,-1.0,1.0,False,False,False
2370,a56a4ccad199342280e61151701ad4e1,40,Alyssa Thomas,alyssathomas,PHO,rebounds,8.5,-138.0,104.0,10,10,2025-08-18 05:21:22+00:00,2025-08-18 05:21:22+00:00,2025-08-18 05:21:22+00:00,2025-08-20 02:00:00+00:00,0.0,2025-08-19,2025,REG,GSV,PHX,1.0700280112044818,True,,0.5464208361470752,401736337,2529140,11,129689,0,True,False,matched,9.0,2025-08-19,under,0.1484683256084126,2.04,-1.0,1.0,False,False,False
2370,20231cdb531bfac7e235effb537164bc,155,Kahleah Copper,kahleahcopper,PHO,points,15.5,-125.0,-104.0,10,10,2025-08-18 05:21:23+00:00,2025-08-18 05:21:23+00:00,2025-08-18 05:21:23+00:00,2025-08-20 02:00:00+00:00,0.0,2025-08-19,2025,REG,GSV,PHX,1.065359477124183,True,,0.5236312520088393,401736337,2998938,11,129689,0,True,False,matched,25.0,2025-08-19,under,0.23700989130286437,1.9615384615384617,-1.0,1.0,False,False,False
2368,966606dd8d8c9530c8da12ce6ce348b6,519,Aneesah Morrow,aneesahmorrow,CON,points,9.5,125.0,-160.0,13,13,2025-08-18 12:41:41+00:00,2025-08-18 12:41:41+00:00,2025-08-18 12:41:41+00:00,2025-08-19 23:30:00+00:00,0.0,2025-08-19,2025,REG,WAS,CON,1.0598290598290598,True,,0.41195635021412313,401736334,4684384,18,16,0,True,False,matched,2.0,2025-08-19,under,0.09929367574577941,1.625,0.625,1.0,False,False,False
2369,f76ec6abf7641fdeba8c79450659cbe9,36,Rachel Banham,rachelbanham,CHI,threes,2.5,158.0,-215.0,10,10,2025-08-18 15:56:53+00:00,2025-08-18 15:56:53+00:00,2025-08-18 15:56:53+00:00,2025-08-20 00:00:00+00:00,0.0,2025-08-19,2025,REG,CHI,SEA,1.0701365817644888,True,,0.347126998954303,401736335,2566186,19,14,1,True,False,matched,1.0,2025-08-19,over,0.0672769785091244,2.58,-1.0,1.0,False,False,False
2372,74b4f0807fdb7145b9bea2c119f5a3bd,528,Paige Bueckers,paigebueckers,DAL,rebounds,4.5,102.0,-136.0,10,10,2025-08-18 17:46:33+00:00,2025-08-18 17:46:33+00:00,2025-08-18 17:46:33+00:00,2025-08-21 02:00:00+00:00,0.0,2025-08-20,2025,REG,LAS,DAL,1.071320691391173,True,,0.4579067075572801,401736338,4433730,3,6,0,True,False,matched,4.0,2025-08-20,under,0.09281180509841125,1.7352941176470589,0.7352941176470589,1.0,False,False,False
2367,2f658ae7f34f96c2c65b163d5eda2961,147,Leonie Fiebich,leoniefiebich,NYL,rebounds,3.5,116.0,-154.0,10,10,2025-08-19 00:46:55+00:00,2025-08-19 00:46:55+00:00,2025-08-19 00:46:55+00:00,2025-08-19 23:00:00+00:00,0.0,2025-08-19,2025,REG,NYL,MIN,1.0692621755613883,True,,0.425792012343204,401736333,4683006,9,8,1,True,False,matched,5.0,2025-08-19,over,0.05021986303985593,2.16,1.1600000000000001,1.0,False,False,False
2370,8151ec8eaadb50de7051e70c153ba721,45,DeWanna Bonner,dewannabonner,PHO,points,10.5,-125.0,-104.0,10,10,2025-08-19 01:01:46+00:00,2025-08-19 01:01:46+00:00,2025-08-19 01:01:46+00:00,2025-08-20 02:00:00+00:00,0.0,2025-08-19,2025,REG,GSV,PHX,1.065359477124183,True,,0.5236312520088393,401736337,869,11,129689,0,True,False,matched,12.0,2025-08-19,under,0.143259693845938,1.9615384615384617,-1.0,1.0,False,False,False
2372,2992b6dd07eff45e057dc3a841c3013e,10,Haley Jones,haleyjones,DAL,points,8.5,-114.0,-114.0,10,10,2025-08-19 01:25:33+00:00,2025-08-19 01:25:33+00:00,2025-08-19 01:25:33+00:00,2025-08-21 02:00:00+00:00,0.0,2025-08-20,2025,REG,LAS,DAL,1.0654205607476634,True,,0.5000000000000001,401736338,4595910,3,6,0,True,False,matched,3.0,2025-08-20,under,0.3300824443733919,1.8771929824561404,0.8771929824561404,1.0,False,False,False
2372,7ec56f7e014f79feedbfe83841fafee2,61,Maddy Siegrist,maddysiegrist,DAL,rebounds,4.5,-162.0,122.0,10,10,2025-08-19 01:25:33+00:00,2025-08-19 01:25:33+00:00,2025-08-19 01:25:33+00:00,2025-08-21 02:00:00+00:00,0.0,2025-08-20,2025,REG,LAS,DAL,1.0687710611374732,True,,0.5868918088955871,401736338,4399415,3,6,0,True,False,matched,4.0,2025-08-20,under,0.315642907957823,2.2199999999999998,1.2199999999999998,1.0,False,False,False
2372,cb77ef75abbe647ec293046150fb3316,82,Azura Stevens,azurastevens,CHI,rebounds,6.5,-154.0,116.0,10,10,2025-08-19 01:25:33+00:00,2025-08-19 01:25:33+00:00,2025-08-19 01:25:33+00:00,2025-08-21 02:00:00+00:00,0.0,2025-08-20,2025,REG,LAS,DAL,1.0692621755613883,True,,0.574207987656796,401736338,3142010,6,3,1,True,False,matched,8.0,2025-08-20,under,0.09140966158609848,2.16,-1.0,1.0,False,False,False
2372,95b1ae86e383afc4ef1ae1dd734e6952,84,Julie Allemand,julieallemand,TOR,rebounds,4.5,102.0,-136.0,10,10,2025-08-19 01:30:20+00:00,2025-08-19 01:30:20+00:00,2025-08-19 01:30:20+00:00,2025-08-21 02:00:00+00:00,0.0,2025-08-20,2025,REG,LAS,DAL,1.071320691391173,True,,0.4579067075572801,401736338,4001679,6,3,1,True,False,matched,3.0,2025-08-20,under,0.11254292628696388,1.7352941176470589,0.7352941176470589,1.0,False,False,False
2369,3e6026af2a2dff5dc8ad233f3921742d,176,Ezi Magbegor,ezimagbegor,SEA,rebounds,5.5,-140.0,110.0,12,12,2025-08-19 10:30:43+00:00,2025-08-19 10:30:43+00:00,2025-08-19 10:30:43+00:00,2025-08-20 00:00:00+00:00,0.0,2025-08-19,2025,REG,CHI,SEA,1.0595238095238093,True,,0.555167954788897,401736335,4420318,14,19,0,True,False,matched,8.0,2025-08-19,under,0.10488070582687603,2.1,-1.0,1.0,False,False,False
2369,bb712334d64fa2eb8158662954f73b35,570,Dominique Malonga,dominiquemalonga,SEA,rebounds,5.5,-140.0,110.0,12,12,2025-08-19 10:30:43+00:00,2025-08-19 10:30:43+00:00,2025-08-19 10:30:43+00:00,2025-08-20 00:00:00+00:00,0.0,2025-08-19,2025,REG,CHI,SEA,1.0595238095238093,True,,0.555167954788897,401736335,5220150,14,19,0,True,False,matched,7.0,2025-08-19,under,0.09523355616798679,2.1,-1.0,1.0,False,False,False
2368,f5e525c852ffe49711e77baa3de07d4e,39,Leila Lacan,leilalacan,CON,assists,4.5,-122.0,-106.0,10,10,2025-08-19 11:45:34+00:00,2025-08-19 11:45:34+00:00,2025-08-19 11:45:34+00:00,2025-08-19 23:30:00+00:00,0.0,2025-08-19,2025,REG,WAS,CON,1.064112656345666,True,,0.518058368553134,401736334,5208981,18,16,0,True,False,matched,4.0,2025-08-19,under,0.08273739568408645,1.9433962264150944,0.9433962264150944,1.0,False,False,False
2369,c628b1ca7081083629b871b5dcdd6425,26,Angel Reese,angelreese,ATL,rebounds,9.5,116.0,-154.0,10,10,2025-08-19 16:59:30+00:00,2025-08-19 16:59:30+00:00,2025-08-19 16:59:30+00:00,2025-08-20 00:00:00+00:00,0.0,2025-08-19,2025,REG,CHI,SEA,1.0692621755613883,True,,0.425792012343204,401736335,4433402,19,14,1,True,False,matched,7.0,2025-08-19,over,0.5066136939405176,2.16,-1.0,1.0,False,False,False
2370,0ce631171b623ce5d43d738d695376ed,58,Carla Leite,carlaleite,PDX,points,8.5,-113.0,-115.0,10,10,2025-08-20 01:50:05+00:00,2025-08-20 01:50:05+00:00,2025-08-20 01:50:05+00:00,2025-08-20 02:00:00+00:00,0.0,2025-08-19,2025,REG,GSV,PHX,1.0654001528551151,True,,0.49774423259931944,401736337,5208982,129689,11,1,True,False,matched,15.0,2025-08-19,under,0.30679444189430083,1.8695652173913042,-1.0,1.0,False,False,False
2373,0f91502e9827b7597e228345fa41ca5e,196,Shakira Austin,shakiraaustin,WAS,points,13.5,-128.0,-102.0,10,10,2025-08-20 04:27:04+00:00,2025-08-20 04:27:04+00:00,2025-08-20 04:27:04+00:00,2025-08-21 23:00:00+00:00,0.0,2025-08-21,2025,REG,CON,WAS,1.0663540038214347,True,,0.5291749480305961,401736339,4398911,16,18,0,True,False,matched,6.0,2025-08-21,under,0.21374542795009815,1.9803921568627452,0.9803921568627452,1.0,False,False,False
2373,823b1e4c1091e4f5aa6176d4d39e962f,572,Kiki Iriafen,kikiiriafen,WAS,rebounds,8.5,-152.0,114.0,10,10,2025-08-20 04:27:04+00:00,2025-08-20 04:27:04+00:00,2025-08-20 04:27:04+00:00,2025-08-21 23:00:00+00:00,0.0,2025-08-21,2025,REG,CON,WAS,1.0704643228007713,True,,0.5703965275254933,401736339,4898384,16,18,0,True,False,matched,10.0,2025-08-21,under,0.17031002479676244,2.1399999999999997,-1.0,1.0,False,False,False
2373,0399364bb6f59fff2b9d40b265493abd,149,Sug Sutton,sugsutton,DAL,assists,4.5,-114.0,-114.0,10,10,2025-08-20 04:27:04+00:00,2025-08-20 04:27:04+00:00,2025-08-20 04:27:04+00:00,2025-08-21 23:00:00+00:00,0.0,2025-08-21,2025,REG,CON,WAS,1.0654205607476634,True,,0.5000000000000001,401736339,4068159,16,18,0,True,False,matched,6.0,2025-08-21,under,0.1573365712409403,1.8771929824561404,-1.0,1.0,False,False,False
2373,433ba344437cd3d4afd29f880cdbac2b,573,Sonia Citron,soniacitron,WAS,assists,3.5,140.0,-188.0,10,10,2025-08-20 04:27:04+00:00,2025-08-20 04:27:04+00:00,2025-08-20 04:27:04+00:00,2025-08-21 23:00:00+00:00,0.0,2025-08-21,2025,REG,CON,WAS,1.0694444444444444,True,,0.37770717896550643,401736339,4433524,16,18,0,True,False,matched,1.0,2025-08-21,under,0.08139735720157842,1.5319148936170213,0.5319148936170213,1.0,False,False,False
2373,c5c64efdd6577b04bcd1d221ae021051,22,Marina Mabrey,marinamabrey,TOR,points,14.5,-118.0,-110.0,10,10,2025-08-20 04:27:04+00:00,2025-08-20 04:27:04+00:00,2025-08-20 04:27:04+00:00,2025-08-21 23:00:00+00:00,0.0,2025-08-21,2025,REG,CON,WAS,1.0650939274792486,True,,0.5090245232268319,401736339,3904576,18,16,1,True,False,matched,7.0,2025-08-21,under,0.08010512743647508,1.9090909090909092,0.9090909090909092,1.0,False,False,False
2374,af876899f8c57e3205c6ff1361c7dc19,185,Ariel Atkins,arielatkins,LAS,points,14.5,102.0,-132.0,10,10,2025-08-20 05:27:16+00:00,2025-08-20 05:27:16+00:00,2025-08-20 05:27:16+00:00,2025-08-21 23:00:00+00:00,0.0,2025-08-21,2025,REG,NYL,CHI,1.0640150221918745,True,,0.4618487426836327,401736340,3146151,19,9,0,True,False,matched,19.0,2025-08-21,under,0.2709021899888267,1.7575757575757576,-1.0,1.0,False,False,False
2374,0df02d8958c287fe5a0c6abe1759cf18,233,Emma Meesseman,emmameesseman,FA,points,14.5,-122.0,-106.0,10,10,2025-08-20 05:27:16+00:00,2025-08-20 05:27:16+00:00,2025-08-20 05:27:16+00:00,2025-08-21 23:00:00+00:00,0.0,2025-08-21,2025,REG,NYL,CHI,1.064112656345666,True,,0.518058368553134,401736340,3027368,9,19,1,True,False,matched,5.0,2025-08-21,under,0.17669040849049872,1.9433962264150944,0.9433962264150944,1.0,False,False,False
2374,46907761d5c3e8462828a1915f8eac95,132,Sabrina Ionescu,sabrinaionescu,NYL,points,18.5,-115.0,-113.0,10,10,2025-08-20 05:27:16+00:00,2025-08-20 05:27:16+00:00,2025-08-20 05:27:16+00:00,2025-08-21 23:00:00+00:00,0.0,2025-08-21,2025,REG,NYL,CHI,1.0654001528551151,True,,0.5022557674006809,401736340,4066533,9,19,1,True,False,matched,16.0,2025-08-21,under,0.1273266655506443,1.8849557522123894,0.8849557522123894,1.0,False,False,False
2374,3a74ccbc48d30dc5a7ca6529030440fc,163,Natasha Cloud,natashacloud,CHI,points,9.5,-122.0,-106.0,10,10,2025-08-20 05:27:16+00:00,2025-08-20 05:27:16+00:00,2025-08-20 05:27:16+00:00,2025-08-21 23:00:00+00:00,0.0,2025-08-21,2025,REG,NYL,CHI,1.064112656345666,True,,0.518058368553134,401736340,2529137,9,19,1,True,False,matched,14.0,2025-08-21,under,0.07322771212757878,1.9433962264150944,-1.0,1.0,False,False,False
2374,e3d7a3c2b526e9f15b7591ebf04c3c79,141,Jonquel Jones,jonqueljones,NYL,points,15.5,-102.0,-128.0,10,10,2025-08-20 05:27:16+00:00,2025-08-20 05:27:16+00:00,2025-08-20 05:27:16+00:00,2025-08-21 23:00:00+00:00,0.0,2025-08-21,2025,REG,NYL,CHI,1.0663540038214347,True,,0.47082505196940394,401736340,2999101,9,19,1,True,False,matched,25.0,2025-08-21,under,0.07271312689811271,1.78125,-1.0,1.0,False,False,False
2376,6054e629fc10e17aeb8cc41b2f65c23e,107,Chelsea Gray,chelseagray,LVA,rebounds,3.5,-152.0,114.0,10,10,2025-08-20 05:46:38+00:00,2025-08-20 05:46:38+00:00,2025-08-20 05:46:38+00:00,2025-08-22 02:00:00+00:00,0.0,2025-08-21,2025,REG,LVA,PHX,1.0704643228007713,True,,0.5703965275254933,401736342,2529122,17,11,1,True,False,matched,3.0,2025-08-21,under,0.25097768541960264,2.1399999999999997,1.1399999999999997,1.0,False,False,False
2376,2bbfda2ed98be8a16946d5cc48544972,54,Satou Sabally,satousabally,NYL,points,15.5,-120.0,-108.0,10,10,2025-08-20 05:46:38+00:00,2025-08-20 05:46:38+00:00,2025-08-20 05:46:38+00:00,2025-08-22 02:00:00+00:00,0.0,2025-08-21,2025,REG,LVA,PHX,1.0646853146853146,True,,0.5135396953663074,401736342,4281929,11,17,0,True,False,matched,15.0,2025-08-21,under,0.13792063985218633,1.925925925925926,0.925925925925926,1.0,False,False,False
2376,af8f4253d67c6532f12d6b848c80265d,102,Jackie Young,jackieyoung,LVA,rebounds,4.5,-128.0,-104.0,10,10,2025-08-20 05:46:38+00:00,2025-08-20 05:46:38+00:00,2025-08-20 05:46:38+00:00,2025-08-22 02:00:00+00:00,0.0,2025-08-21,2025,REG,LVA,PHX,1.0712074303405572,True,,0.5267388899028808,401736342,4065870,17,11,1,True,False,matched,5.0,2025-08-21,under,0.07978967262997938,1.9615384615384617,-1.0,1.0,False,False,False
2376,3d7c34cd49817f9bcde0771f791b5e44,155,Kahleah Copper,kahleahcopper,PHO,rebounds,3.5,-158.0,118.0,10,10,2025-08-20 05:46:39+00:00,2025-08-20 05:46:39+00:00,2025-08-20 05:46:39+00:00,2025-08-22 02:00:00+00:00,0.0,2025-08-21,2025,REG,LVA,PHX,1.0711186971054691,True,,0.5796527091990534,401736342,2998938,11,17,0,True,False,matched,2.0,2025-08-21,under,0.22296830254968136,2.1799999999999997,1.1799999999999997,1.0,False,False,False
2376,02f0b6e889774279609c8a234ef4ff00,103,A'ja Wilson,ajawilson,LVA,rebounds,11.5,-136.0,102.0,10,10,2025-08-20 05:46:39+00:00,2025-08-20 05:46:39+00:00,2025-08-20 05:46:39+00:00,2025-08-22 02:00:00+00:00,0.0,2025-08-21,2025,REG,LVA,PHX,1.071320691391173,True,,0.5420932924427202,401736342,3149391,17,11,1,True,False,matched,13.0,2025-08-21,under,0.19353017764861863,2.02,-1.0,1.0,False,False,False
2376,561fc4f46e8979357979565f88875174,40,Alyssa Thomas,alyssathomas,PHO,assists,8.5,-138.0,104.0,10,10,2025-08-20 05:46:39+00:00,2025-08-20 05:46:39+00:00,2025-08-20 05:46:39+00:00,2025-08-22 02:00:00+00:00,0.0,2025-08-21,2025,REG,LVA,PHX,1.0700280112044818,True,,0.5464208361470752,401736342,2529140,11,17,0,True,False,matched,6.0,2025-08-21,under,0.06327120685113197,2.04,1.04,1.0,False,False,False
2376,344872adb86252cf309184922bbf2f55,166,Jewell Loyd,jewellloyd,LVA,threes,1.5,-154.0,116.0,10,10,2025-08-20 05:46:39+00:00,2025-08-20 05:46:39+00:00,2025-08-20 05:46:39+00:00,2025-08-22 02:00:00+00:00,0.0,2025-08-21,2025,REG,LVA,PHX,1.0692621755613883,True,,0.574207987656796,401736342,2987869,17,11,1,True,False,matched,1.0,2025-08-21,over,0.058104366718450484,1.6493506493506493,-1.0,1.0,False,False,False
2375,4d1f3cb905114a2696f03410bd4cf558,125,Kayla McBride,kaylamcbride,MIN,points,14.5,-110.0,-118.0,10,10,2025-08-20 06:44:45+00:00,2025-08-20 06:44:45+00:00,2025-08-20 06:44:45+00:00,2025-08-21 23:30:00+00:00,0.0,2025-08-21,2025,REG,ATL,MIN,1.0650939274792486,True,,0.4909754767731684,401736341,2529205,8,20,0,True,False,matched,15.0,2025-08-21,under,0.11748119569264687,1.847457627118644,-1.0,1.0,False,False,False
2375,e08ba2b084a5b4a7365453d4fa434787,15,Rhyne Howard,rhynehoward,ATL,points,15.5,-113.0,-115.0,10,10,2025-08-20 06:44:46+00:00,2025-08-20 06:44:46+00:00,2025-08-20 06:44:46+00:00,2025-08-21 23:30:00+00:00,0.0,2025-08-21,2025,REG,ATL,MIN,1.0654001528551151,True,,0.49774423259931944,401736341,4398674,20,8,1,True,False,matched,16.0,2025-08-21,under,0.07607809257964193,1.8695652173913042,-1.0,1.0,False,False,False
2375,c6a657f7af95930d1572886a472ee856,1,Allisha Gray,allishagray,ATL,assists,3.5,140.0,-188.0,10,10,2025-08-20 06:44:46+00:00,2025-08-20 06:44:46+00:00,2025-08-20 06:44:46+00:00,2025-08-21 23:30:00+00:00,0.0,2025-08-21,2025,REG,ATL,MIN,1.0694444444444444,True,,0.37770717896550643,401736341,3058901,20,8,1,True,False,matched,2.0,2025-08-21,over,0.06125129643960836,2.4,-1.0,1.0,False,False,False
2375,aabf766671e6b41f4f8e496d9e93a9d6,117,Courtney Williams,courtneywilliams,MIN,points,14.5,-102.0,-128.0,10,10,2025-08-20 06:51:08+00:00,2025-08-20 06:51:08+00:00,2025-08-20 06:51:08+00:00,2025-08-21 23:30:00+00:00,0.0,2025-08-21,2025,REG,ATL,MIN,1.0663540038214347,True,,0.47082505196940394,401736341,2987891,8,20,0,True,False,matched,6.0,2025-08-21,under,0.09463112041357685,1.78125,0.78125,1.0,False,False,False
2375,2344646ab37c79341007c1026bbe4edd,121,Alanna Smith,alannasmith,DAL,points,10.5,-118.0,-110.0,10,10,2025-08-20 16:33:17+00:00,2025-08-20 16:33:17+00:00,2025-08-20 16:33:17+00:00,2025-08-21 23:30:00+00:00,0.0,2025-08-21,2025,REG,ATL,MIN,1.0650939274792486,True,,0.5090245232268319,401736341,3913881,8,20,0,True,False,matched,10.0,2025-08-21,under,0.20368556533717186,1.9090909090909092,0.9090909090909092,1.0,False,False,False
2372,74792fc88410b06ce1b14a59bc106295,87,Cameron Brink,cameronbrink,LAS,threes,0.5,-140.0,110.0,24,24,2025-08-20 21:35:38+00:00,2025-08-20 21:35:38+00:00,2025-08-20 21:35:38+00:00,2025-08-21 02:00:00+00:00,0.0,2025-08-20,2025,REG,LAS,DAL,1.0595238095238093,True,,0.555167954788897,401736338,4433404,6,3,1,True,False,matched,1.0,2025-08-20,under,0.14612330942691543,2.1,-1.0,1.0,False,False,False
2373,15d8b4245ead855f209f1b1f97ca7d2b,170,Jade Melbourne,jademelbourne,SEA,points,9.5,-110.0,-130.0,33,33,2025-08-21 00:22:54+00:00,2025-08-21 00:22:54+00:00,2025-08-21 00:22:54+00:00,2025-08-21 23:00:00+00:00,0.0,2025-08-21,2025,REG,CON,WAS,1.0890269151138718,True,,0.47832076753442404,401736339,5017726,16,18,0,True,False,matched,4.0,2025-08-21,under,0.3320979317625832,1.7692307692307692,0.7692307692307692,1.0,False,False,False
2375,c03fe0e3f62c488092ba7d27350d8459,16,Naz Hillmon,nazhillmon,ATL,points,9.5,-106.0,-122.0,10,10,2025-08-21 00:35:27+00:00,2025-08-21 00:35:27+00:00,2025-08-21 00:35:27+00:00,2025-08-21 23:30:00+00:00,0.0,2025-08-21,2025,REG,ATL,MIN,1.064112656345666,True,,0.4819416314468661,401736341,4398915,20,8,1,True,False,matched,2.0,2025-08-21,under,0.05509488250076777,1.819672131147541,0.819672131147541,1.0,False,False,False
2372,d7612b73c06c4209833f835b76a46973,529,Luisa Geiselsoder,luisageiselsoder,PDX,rebounds,4.5,-125.0,-106.0,10,10,2025-08-21 00:56:17+00:00,2025-08-21 00:56:17+00:00,2025-08-21 00:56:17+00:00,2025-08-21 02:00:00+00:00,0.0,2025-08-20,2025,REG,LAS,DAL,1.070118662351672,True,,0.5212291071384377,401736338,4682797,3,6,0,True,False,matched,6.0,2025-08-20,under,0.1255880668390359,1.9433962264150944,-1.0,1.0,False,False,False
2377,fa4d05e857fdaaad237d917d8578769d,61,Maddy Siegrist,maddysiegrist,DAL,points,14.5,-110.0,-118.0,10,10,2025-08-21 06:46:23+00:00,2025-08-21 06:46:23+00:00,2025-08-21 06:46:23+00:00,2025-08-22 23:30:00+00:00,0.0,2025-08-22,2025,REG,DAL,SEA,1.0650939274792486,True,,0.4909754767731684,401736344,4399415,3,14,1,True,False,matched,12.0,2025-08-22,under,0.2362072213376335,1.847457627118644,0.847457627118644,1.0,False,False,False
2377,7bf40f17d2a2ff7329c6ad2729db6a13,180,Nneka Ogwumike,nnekaogwumike,LAS,assists,2.5,-178.0,132.0,10,10,2025-08-21 06:46:23+00:00,2025-08-21 06:46:23+00:00,2025-08-21 06:46:23+00:00,2025-08-22 23:30:00+00:00,0.0,2025-08-22,2025,REG,DAL,SEA,1.0713222525427932,True,,0.6084851511650193,401736344,1068,14,3,0,True,False,matched,4.0,2025-08-22,under,0.22686076866742744,2.3200000000000003,-1.0,1.0,False,False,False
2377,9f959b2544cd181af2c7290e0d4a9dde,529,Luisa Geiselsoder,luisageiselsoder,PDX,points,8.5,-120.0,-108.0,10,10,2025-08-21 06:46:24+00:00,2025-08-21 06:46:24+00:00,2025-08-21 06:46:24+00:00,2025-08-22 23:30:00+00:00,0.0,2025-08-22,2025,REG,DAL,SEA,1.0646853146853146,True,,0.5135396953663074,401736344,4682797,3,14,1,True,False,matched,3.0,2025-08-22,under,0.28633799032848184,1.925925925925926,0.925925925925926,1.0,False,False,False
2377,bb2e4bd9bc2139a5cc7e3af35318846b,208,Gabby Williams,gabbywilliams,GSV,threes,1.5,162.0,-220.0,10,10,2025-08-21 06:46:24+00:00,2025-08-21 06:46:24+00:00,2025-08-21 06:46:24+00:00,2025-08-22 23:30:00+00:00,0.0,2025-08-22,2025,REG,DAL,SEA,1.069179389312977,True,,0.3415656920936278,401736344,3142328,14,3,0,True,False,matched,1.0,2025-08-22,under,0.15089479609145948,1.4545454545454546,0.4545454545454546,1.0,False,False,False
2377,90e161faae762d1a32ce97767c2b9fdb,528,Paige Bueckers,paigebueckers,DAL,threes,1.5,148.0,-200.0,10,10,2025-08-21 06:46:24+00:00,2025-08-21 06:46:24+00:00,2025-08-21 06:46:24+00:00,2025-08-22 23:30:00+00:00,0.0,2025-08-22,2025,REG,DAL,SEA,1.0698924731182795,True,,0.3634985050458517,401736344,4433730,3,14,1,True,False,matched,1.0,2025-08-22,under,0.12470799136121247,1.5,0.5,1.0,False,False,False
2377,bf85a597bd539707c04e69b24ba8f9e7,182,Brittney Sykes,brittneysykes,TOR,points,13.5,-122.0,-106.0,10,10,2025-08-21 06:46:24+00:00,2025-08-21 06:46:24+00:00,2025-08-21 06:46:24+00:00,2025-08-22 23:30:00+00:00,0.0,2025-08-22,2025,REG,DAL,SEA,1.064112656345666,True,,0.518058368553134,401736344,2988756,14,3,0,True,False,matched,8.0,2025-08-22,under,0.09363287048362867,1.9433962264150944,0.9433962264150944,1.0,False,False,False
2375,338a691bc06184fcd4494530a1a7a183,115,Natisha Hiedeman,natishahiedeman,SEA,points,7.5,-120.0,-108.0,10,10,2025-08-21 14:10:15+00:00,2025-08-21 14:10:15+00:00,2025-08-21 14:10:15+00:00,2025-08-21 23:30:00+00:00,0.0,2025-08-21,2025,REG,ATL,MIN,1.0646853146853146,True,,0.5135396953663074,401736341,3906753,8,20,0,True,False,matched,4.0,2025-08-21,under,0.12035817326925713,1.925925925925926,0.925925925925926,1.0,False,False,False
2375,ecb939be05b9b2e8efb6090135a2b6de,116,Jessica Shepard,jessicashepard,DAL,points,9.5,104.0,-135.0,10,10,2025-08-21 23:22:57+00:00,2025-08-21 23:22:57+00:00,2025-08-21 23:22:57+00:00,2025-08-21 23:30:00+00:00,0.0,2025-08-21,2025,REG,ATL,MIN,1.0646641635377556,True,,0.45648742045938223,401736341,3906949,8,20,0,True,False,matched,15.0,2025-08-21,under,0.20568845421352971,1.7407407407407407,-1.0,1.0,False,False,False
2378,e3c9d856cc8903ab18744a75671db50d,293,Odyssey Sims,odysseysims,DAL,points,11.5,-110.0,-118.0,10,10,2025-08-22 02:59:10+00:00,2025-08-22 02:59:10+00:00,2025-08-22 02:59:10+00:00,2025-08-22 23:30:00+00:00,0.0,2025-08-22,2025,REG,IND,MIN,1.0650939274792486,True,,0.4909754767731684,401736343,2529047,5,8,1,True,False,matched,4.0,2025-08-22,under,0.3013566107102643,1.847457627118644,0.847457627118644,1.0,False,False,False
2378,1ef1f7af4e306ecf69ac515dbc92115e,56,Natasha Howard,natashahoward,MIN,points,12.5,-102.0,-128.0,10,10,2025-08-22 02:59:10+00:00,2025-08-22 02:59:10+00:00,2025-08-22 02:59:10+00:00,2025-08-22 23:30:00+00:00,0.0,2025-08-22,2025,REG,IND,MIN,1.0663540038214347,True,,0.47082505196940394,401736343,2529130,5,8,1,True,False,matched,8.0,2025-08-22,under,0.09660131888278062,1.78125,0.78125,1.0,False,False,False
2378,ae8f2bc8f068cf59fa4f78495b37bb51,70,Kelsey Mitchell,kelseymitchell,IND,assists,4.5,-158.0,118.0,10,10,2025-08-22 02:59:11+00:00,2025-08-22 02:59:11+00:00,2025-08-22 02:59:11+00:00,2025-08-22 23:30:00+00:00,0.0,2025-08-22,2025,REG,IND,MIN,1.0711186971054691,True,,0.5796527091990534,401736343,3142191,5,8,1,True,False,matched,5.0,2025-08-22,under,0.28753559896563896,2.1799999999999997,-1.0,1.0,False,False,False
2378,aee07222ce43d65a502a9b086a9214ff,117,Courtney Williams,courtneywilliams,MIN,rebounds,4.5,-136.0,102.0,10,10,2025-08-22 02:59:11+00:00,2025-08-22 02:59:11+00:00,2025-08-22 02:59:11+00:00,2025-08-22 23:30:00+00:00,0.0,2025-08-22,2025,REG,IND,MIN,1.071320691391173,True,,0.5420932924427202,401736343,2987891,8,5,0,True,False,matched,4.0,2025-08-22,under,0.05896973502735664,2.02,1.02,1.0,False,False,False
2378,1e461bb0351aa7381191f99909168afe,125,Kayla McBride,kaylamcbride,MIN,points,14.5,-102.0,-128.0,10,10,2025-08-22 02:59:11+00:00,2025-08-22 02:59:11+00:00,2025-08-22 02:59:11+00:00,2025-08-22 23:30:00+00:00,0.0,2025-08-22,2025,REG,IND,MIN,1.0663540038214347,True,,0.47082505196940394,401736343,2529205,8,5,0,True,False,matched,29.0,2025-08-22,under,0.05339315363529801,1.78125,-1.0,1.0,False,False,False
2379,e4a56ee3938967887245d2a3e178ed51,54,Satou Sabally,satousabally,NYL,points,16.5,-130.0,100.0,10,10,2025-08-22 05:31:06+00:00,2025-08-22 05:31:06+00:00,2025-08-22 05:31:06+00:00,2025-08-23 02:00:00+00:00,0.0,2025-08-22,2025,REG,PHX,GSV,1.065217391304348,True,,0.5336835053940976,401736345,4281929,11,129689,1,True,False,matched,12.0,2025-08-22,under,0.27952651820060975,2.0,1.0,1.0,False,False,False
2379,1cdc05a2c97d5d884c24613b2cbe6846,40,Alyssa Thomas,alyssathomas,PHO,points,15.5,-108.0,-120.0,10,10,2025-08-22 05:31:06+00:00,2025-08-22 05:31:06+00:00,2025-08-22 05:31:06+00:00,2025-08-23 02:00:00+00:00,0.0,2025-08-22,2025,REG,PHX,GSV,1.0646853146853146,True,,0.48646030463369283,401736345,2529140,11,129689,1,True,False,matched,13.0,2025-08-22,under,0.1331976025289089,1.8333333333333335,0.8333333333333335,1.0,False,False,False
2379,ef4be5229af5b8f1f003ade0d112d276,537,Janelle Salaun,janellesalaun,GSV,points,11.5,-104.0,-125.0,10,10,2025-08-22 05:41:37+00:00,2025-08-22 05:41:37+00:00,2025-08-22 05:41:37+00:00,2025-08-23 02:00:00+00:00,0.0,2025-08-22,2025,REG,PHX,GSV,1.065359477124183,True,,0.4763687479911608,401736345,4790264,129689,11,0,True,False,matched,15.0,2025-08-22,under,0.10593265902429133,1.8,-1.0,1.0,False,False,False
2379,61355c040a7a6b10410be65f457e982c,221,Tiffany Hayes,tiffanyhayes,GSV,points,11.5,-113.0,-115.0,10,10,2025-08-22 05:41:38+00:00,2025-08-22 05:41:38+00:00,2025-08-22 05:41:38+00:00,2025-08-23 02:00:00+00:00,0.0,2025-08-22,2025,REG,PHX,GSV,1.0654001528551151,True,,0.49774423259931944,401736345,1054,129689,11,0,True,False,matched,5.0,2025-08-22,under,0.12242656021087356,1.8695652173913042,0.8695652173913042,1.0,False,False,False
2379,44aa99d3236a9a2554817c2d3ac9125a,55,Veronica Burton,veronicaburton,GSV,threes,1.5,124.0,-166.0,10,10,2025-08-22 05:41:38+00:00,2025-08-22 05:41:38+00:00,2025-08-22 05:41:38+00:00,2025-08-23 02:00:00+00:00,0.0,2025-08-22,2025,REG,PHX,GSV,1.0704887218045114,True,,0.40796342297849103,401736345,4398935,129689,11,0,True,False,matched,1.0,2025-08-22,over,0.07537228277303298,2.24,-1.0,1.0,False,False,False
2378,c59625e6256f57f9ad7e22a37eea74ef,121,Alanna Smith,alannasmith,DAL,points,10.5,-114.0,-114.0,10,10,2025-08-22 05:46:17+00:00,2025-08-22 05:46:17+00:00,2025-08-22 05:46:17+00:00,2025-08-22 23:30:00+00:00,0.0,2025-08-22,2025,REG,IND,MIN,1.0654205607476634,True,,0.5000000000000001,401736343,3913881,8,5,0,True,False,matched,8.0,2025-08-22,under,0.14907940298554473,1.8771929824561404,0.8771929824561404,1.0,False,False,False
2378,75e239eebd45e3ae5613e6c15a508525,76,Lexie Hull,lexiehull,IND,threes,1.5,130.0,-180.0,33,33,2025-08-22 09:15:42+00:00,2025-08-22 09:15:42+00:00,2025-08-22 09:15:42+00:00,2025-08-22 23:30:00+00:00,0.0,2025-08-22,2025,REG,IND,MIN,1.0776397515527951,True,,0.39173338193533264,401736343,4398829,5,8,1,True,False,matched,4.0,2025-08-22,under,0.11091315974707933,1.5555555555555556,-1.0,1.0,False,False,False
2377,e5e36fbf18c66fd94fb5339e92133698,570,Dominique Malonga,dominiquemalonga,SEA,rebounds,6.5,-140.0,106.0,10,10,2025-08-22 16:41:12+00:00,2025-08-22 16:41:12+00:00,2025-08-22 16:41:12+00:00,2025-08-22 23:30:00+00:00,0.0,2025-08-22,2025,REG,DAL,SEA,1.0687702265372168,True,,0.5506638564937638,401736344,5220150,14,3,0,True,False,matched,9.0,2025-08-22,under,0.2602374592224967,2.06,-1.0,1.0,False,False,False
2380,5cfdcead9a3920b2806055f83094948d,141,Jonquel Jones,jonqueljones,NYL,points,16.5,-115.0,-113.0,10,10,2025-08-22 18:13:31+00:00,2025-08-22 18:13:31+00:00,2025-08-22 18:13:31+00:00,2025-08-23 18:00:00+00:00,0.0,2025-08-23,2025,REG,ATL,NYL,1.0654001528551151,True,,0.5022557674006809,401736346,2999101,9,20,0,True,False,matched,11.0,2025-08-23,under,0.24951890457737552,1.8849557522123894,0.8849557522123894,1.0,False,False,False
2380,666a4ef2cb54c1cecdb3c47f8ef20608,233,Emma Meesseman,emmameesseman,FA,points,13.5,-122.0,-106.0,10,10,2025-08-22 18:13:31+00:00,2025-08-22 18:13:31+00:00,2025-08-22 18:13:31+00:00,2025-08-23 18:00:00+00:00,0.0,2025-08-23,2025,REG,ATL,NYL,1.064112656345666,True,,0.518058368553134,401736346,3027368,9,20,0,True,False,matched,10.0,2025-08-23,under,0.2096000872829194,1.9433962264150944,0.9433962264150944,1.0,False,False,False
2380,0a1f40f400ab6ac0f1919a2d9a99bf5c,163,Natasha Cloud,natashacloud,CHI,points,9.5,-118.0,-110.0,10,10,2025-08-22 18:13:31+00:00,2025-08-22 18:13:31+00:00,2025-08-22 18:13:31+00:00,2025-08-23 18:00:00+00:00,0.0,2025-08-23,2025,REG,ATL,NYL,1.0650939274792486,True,,0.5090245232268319,401736346,2529137,9,20,0,True,False,matched,7.0,2025-08-23,under,0.14957811881570143,1.9090909090909092,0.9090909090909092,1.0,False,False,False
2380,9746a5b15b6015332d81e3334a3e70e0,1,Allisha Gray,allishagray,ATL,rebounds,4.5,-114.0,-114.0,10,10,2025-08-22 18:13:31+00:00,2025-08-22 18:13:31+00:00,2025-08-22 18:13:31+00:00,2025-08-23 18:00:00+00:00,0.0,2025-08-23,2025,REG,ATL,NYL,1.0654205607476634,True,,0.5000000000000001,401736346,3058901,20,9,1,True,False,matched,4.0,2025-08-23,over,0.08581437073601672,1.8771929824561404,-1.0,1.0,False,False,False
2380,60bba5db3704940e7bd6fe4f9223a3e6,15,Rhyne Howard,rhynehoward,ATL,threes,2.5,114.0,-152.0,10,10,2025-08-22 18:13:31+00:00,2025-08-22 18:13:31+00:00,2025-08-22 18:13:31+00:00,2025-08-23 18:00:00+00:00,0.0,2025-08-23,2025,REG,ATL,NYL,1.0704643228007713,True,,0.42960347247450675,401736346,4398674,20,9,1,True,False,matched,1.0,2025-08-23,over,0.07336373241581684,2.1399999999999997,-1.0,1.0,False,False,False
2380,65313a291c54ccfe37539d3a15173af9,49,Brionna Jones,brionnajones,ATL,rebounds,5.5,-125.0,-106.0,10,10,2025-08-22 18:13:32+00:00,2025-08-22 18:13:32+00:00,2025-08-22 18:13:32+00:00,2025-08-23 18:00:00+00:00,0.0,2025-08-23,2025,REG,ATL,NYL,1.070118662351672,True,,0.5212291071384377,401736346,3058895,20,9,1,True,False,matched,8.0,2025-08-23,over,0.06176837318935996,1.8,0.8,1.0,False,False,False
2381,09dbaa64931d384741f2aaad6c0233de,103,A'ja Wilson,ajawilson,LVA,points,22.5,-125.0,-104.0,10,10,2025-08-22 21:26:38+00:00,2025-08-22 21:26:38+00:00,2025-08-22 21:26:38+00:00,2025-08-23 19:00:00+00:00,0.0,2025-08-23,2025,REG,WAS,LVA,1.065359477124183,True,,0.5236312520088393,401736347,3149391,17,16,0,True,False,matched,36.0,2025-08-23,under,0.07720825774177076,1.9615384615384617,-1.0,1.0,False,False,False
2381,06e86e4007af08a9e2e4cca4779a82bf,573,Sonia Citron,soniacitron,WAS,threes,1.5,138.0,-186.0,10,10,2025-08-22 21:26:39+00:00,2025-08-22 21:26:39+00:00,2025-08-22 21:26:39+00:00,2025-08-23 19:00:00+00:00,0.0,2025-08-23,2025,REG,WAS,LVA,1.070517717576541,True,,0.3807086475713989,401736347,4433524,16,17,1,True,False,matched,4.0,2025-08-23,over,0.3486636381679795,2.38,1.38,1.0,False,False,False
2381,6b6e281f287fd56b82d9f4af6199162b,102,Jackie Young,jackieyoung,LVA,threes,1.5,-146.0,110.0,10,10,2025-08-22 21:26:39+00:00,2025-08-22 21:26:39+00:00,2025-08-22 21:26:39+00:00,2025-08-23 19:00:00+00:00,0.0,2025-08-23,2025,REG,WAS,LVA,1.0696864111498257,True,,0.5607420039050215,401736347,4065870,17,16,0,True,False,matched,1.0,2025-08-23,under,0.11873004099805368,2.1,1.1,1.0,False,False,False
2381,c0336b46628e218e84aa9ab7b2930aa0,107,Chelsea Gray,chelseagray,LVA,points,10.5,100.0,-130.0,10,10,2025-08-22 21:26:39+00:00,2025-08-22 21:26:39+00:00,2025-08-22 21:26:39+00:00,2025-08-23 19:00:00+00:00,0.0,2025-08-23,2025,REG,WAS,LVA,1.065217391304348,True,,0.4663164946059025,401736347,2529122,17,16,0,True,False,matched,5.0,2025-08-23,under,0.07160597311960082,1.7692307692307692,0.7692307692307692,1.0,False,False,False
2381,9f5f5ab8efa4cb9963e1896a529f522c,196,Shakira Austin,shakiraaustin,WAS,points,11.5,-130.0,100.0,10,10,2025-08-22 21:26:39+00:00,2025-08-22 21:26:39+00:00,2025-08-22 21:26:39+00:00,2025-08-23 19:00:00+00:00,0.0,2025-08-23,2025,REG,WAS,LVA,1.065217391304348,True,,0.5336835053940976,401736347,4398911,16,17,1,True,False,matched,18.0,2025-08-23,under,0.05373084342709533,2.0,-1.0,1.0,False,False,False
2378,4d08acd2dbdcec591ec1c0d2792a81da,116,Jessica Shepard,jessicashepard,DAL,points,10.5,-106.0,-122.0,10,10,2025-08-22 22:54:35+00:00,2025-08-22 22:54:35+00:00,2025-08-22 22:54:35+00:00,2025-08-22 23:30:00+00:00,0.0,2025-08-22,2025,REG,IND,MIN,1.064112656345666,True,,0.4819416314468661,401736343,3906949,8,5,0,True,False,matched,22.0,2025-08-22,under,0.2766078629405145,1.819672131147541,-1.0,1.0,False,False,False
2379,5d5790aa5fdb265e9dd35daa02842d82,109,Kate Martin,katemartin,LAS,points,9.5,102.0,-132.0,10,10,2025-08-22 23:23:01+00:00,2025-08-22 23:23:01+00:00,2025-08-22 23:23:01+00:00,2025-08-23 02:00:00+00:00,0.0,2025-08-22,2025,REG,PHX,GSV,1.0640150221918745,True,,0.4618487426836327,401736345,4398907,129689,11,0,True,False,matched,7.0,2025-08-22,under,0.47033918030240385,1.7575757575757576,0.7575757575757576,1.0,False,False,False
2379,fbbebbe0543c7f40aa3b22b477759467,45,DeWanna Bonner,dewannabonner,PHO,points,10.5,-122.0,-106.0,10,10,2025-08-22 23:52:18+00:00,2025-08-22 23:52:18+00:00,2025-08-22 23:52:18+00:00,2025-08-23 02:00:00+00:00,0.0,2025-08-22,2025,REG,PHX,GSV,1.064112656345666,True,,0.518058368553134,401736345,869,11,129689,1,True,False,matched,14.0,2025-08-22,under,0.07338856552447176,1.9433962264150944,-1.0,1.0,False,False,False
2379,56e6f6493b6ef1e681b0175d62a171a6,153,Natasha Mack,natashamack,PHO,rebounds,5.5,-114.0,-114.0,10,10,2025-08-22 23:52:19+00:00,2025-08-22 23:52:19+00:00,2025-08-22 23:52:19+00:00,2025-08-23 02:00:00+00:00,0.0,2025-08-22,2025,REG,PHX,GSV,1.0654205607476634,True,,0.5000000000000001,401736345,4068042,11,129689,1,True,False,matched,4.0,2025-08-22,under,0.17004895131847808,1.8771929824561404,0.8771929824561404,1.0,False,False,False
2382,6f35d4cdefba22a4588601aee4ae6780,185,Ariel Atkins,arielatkins,LAS,points,15.5,100.0,-130.0,10,10,2025-08-23 03:44:56+00:00,2025-08-23 03:44:56+00:00,2025-08-23 03:44:56+00:00,2025-08-23 20:00:00+00:00,0.0,2025-08-23,2025,REG,CHI,CON,1.065217391304348,True,,0.4663164946059025,401736348,3146151,19,18,1,True,False,matched,12.0,2025-08-23,under,0.21564790776177756,1.7692307692307692,0.7692307692307692,1.0,False,False,False
2382,9dfe054b9e002039987038ac5f25fe17,39,Leila Lacan,leilalacan,CON,assists,4.5,-138.0,104.0,10,10,2025-08-23 03:44:56+00:00,2025-08-23 03:44:56+00:00,2025-08-23 03:44:56+00:00,2025-08-23 20:00:00+00:00,0.0,2025-08-23,2025,REG,CHI,CON,1.0700280112044818,True,,0.5464208361470752,401736348,5208981,18,19,0,True,False,matched,4.0,2025-08-23,under,0.13358252653302688,2.04,1.04,1.0,False,False,False
2382,0fffd87a2634a5da881496153c93a17a,22,Marina Mabrey,marinamabrey,TOR,threes,1.5,-154.0,116.0,10,10,2025-08-23 03:44:56+00:00,2025-08-23 03:44:56+00:00,2025-08-23 03:44:56+00:00,2025-08-23 20:00:00+00:00,0.0,2025-08-23,2025,REG,CHI,CON,1.0692621755613883,True,,0.574207987656796,401736348,3904576,18,19,0,True,False,matched,2.0,2025-08-23,under,0.09183038969694585,2.16,-1.0,1.0,False,False,False
2381,9b6f1691db859f72e8c765b5339eb460,166,Jewell Loyd,jewellloyd,LVA,points,10.5,-120.0,-108.0,10,10,2025-08-23 04:56:23+00:00,2025-08-23 04:56:23+00:00,2025-08-23 04:56:23+00:00,2025-08-23 19:00:00+00:00,0.0,2025-08-23,2025,REG,WAS,LVA,1.0646853146853146,True,,0.5135396953663074,401736347,2987869,17,16,0,True,False,matched,8.0,2025-08-23,under,0.05854158780597879,1.925925925925926,0.925925925925926,1.0,False,False,False
2381,e0962169776af6650a565bfcfd58a99b,170,Jade Melbourne,jademelbourne,SEA,points,9.5,110.0,-155.0,33,33,2025-08-23 09:00:44+00:00,2025-08-23 09:00:44+00:00,2025-08-23 09:00:44+00:00,2025-08-23 19:00:00+00:00,0.0,2025-08-23,2025,REG,WAS,LVA,1.0840336134453783,True,,0.4312621062414176,401736347,5017726,16,17,1,True,False,matched,2.0,2025-08-23,under,0.27300977438727114,1.6451612903225805,0.6451612903225805,1.0,False,False,False
2381,01e2c7c5b1d2a8504d4aa719f5f42210,149,Sug Sutton,sugsutton,DAL,points,8.5,-115.0,-120.0,33,33,2025-08-23 09:00:44+00:00,2025-08-23 09:00:44+00:00,2025-08-23 09:00:44+00:00,2025-08-23 19:00:00+00:00,0.0,2025-08-23,2025,REG,WAS,LVA,1.080338266384778,True,,0.4944937749375121,401736347,4068159,16,17,1,True,False,matched,4.0,2025-08-23,under,0.20482819149628434,1.8333333333333335,0.8333333333333335,1.0,False,False,False
2381,047e6bc7c34b7caa4cf63397209a0d35,572,Kiki Iriafen,kikiiriafen,WAS,assists,1.5,-213.0,160.0,60,60,2025-08-23 17:04:38+00:00,2025-08-23 17:04:38+00:00,2025-08-23 17:04:38+00:00,2025-08-23 19:00:00+00:00,0.0,2025-08-23,2025,REG,WAS,LVA,1.0651265667240106,True,,0.6529286804297271,401736347,4898384,16,17,1,True,False,matched,3.0,2025-08-23,under,0.11186468837623431,2.6,-1.0,1.0,False,False,False
2384,ff7e97f942e78a09a962842edce61c6d,528,Paige Bueckers,paigebueckers,DAL,threes,1.5,136.0,-182.0,10,10,2025-08-23 19:11:01+00:00,2025-08-23 19:11:01+00:00,2025-08-23 19:11:01+00:00,2025-08-24 20:00:00+00:00,0.0,2025-08-24,2025,REG,DAL,GSV,1.0691188844813078,True,,0.3852200050347327,401736350,4433730,3,129689,1,True,False,matched,1.0,2025-08-24,under,0.05504326380031194,1.5494505494505495,0.5494505494505495,1.0,False,False,False
2384,65d20107563864e369f6c374a5a906bf,61,Maddy Siegrist,maddysiegrist,DAL,rebounds,4.5,-146.0,110.0,10,10,2025-08-23 19:17:34+00:00,2025-08-23 19:17:34+00:00,2025-08-23 19:17:34+00:00,2025-08-24 20:00:00+00:00,0.0,2025-08-24,2025,REG,DAL,GSV,1.0696864111498257,True,,0.5607420039050215,401736350,4399415,3,129689,1,True,False,matched,5.0,2025-08-24,under,0.28669861803776897,2.1,-1.0,1.0,False,False,False
2385,ce40637b53256e82491fce5dd9277c10,71,Aliyah Boston,aliyahboston,IND,points,14.5,100.0,-130.0,10,10,2025-08-23 20:19:48+00:00,2025-08-23 20:19:48+00:00,2025-08-23 20:19:48+00:00,2025-08-24 23:00:00+00:00,0.0,2025-08-24,2025,REG,MIN,IND,1.065217391304348,True,,0.4663164946059025,401736351,4432831,5,8,0,True,False,matched,14.0,2025-08-24,under,0.07499003307763463,1.7692307692307692,0.7692307692307692,1.0,False,False,False
2385,e5b0aa572d5717ec9e7236c38fa5956c,70,Kelsey Mitchell,kelseymitchell,IND,points,21.5,-102.0,-128.0,10,10,2025-08-23 20:19:48+00:00,2025-08-23 20:19:48+00:00,2025-08-23 20:19:48+00:00,2025-08-24 23:00:00+00:00,0.0,2025-08-24,2025,REG,MIN,IND,1.0663540038214347,True,,0.47082505196940394,401736351,3142191,5,8,0,True,False,matched,26.0,2025-08-24,under,0.07318305614697429,1.78125,-1.0,1.0,False,False,False
2385,7297f80f691697d26c5d1735fcccce56,76,Lexie Hull,lexiehull,IND,points,8.5,-128.0,-102.0,10,10,2025-08-24 00:37:51+00:00,2025-08-24 00:37:51+00:00,2025-08-24 00:37:51+00:00,2025-08-24 23:00:00+00:00,0.0,2025-08-24,2025,REG,MIN,IND,1.0663540038214347,True,,0.5291749480305961,401736351,4398829,5,8,0,True,False,matched,6.0,2025-08-24,under,0.33646470845929277,1.9803921568627452,0.9803921568627452,1.0,False,False,False
2385,82cb5ef205a06e0b6c8dd9065a4216ac,56,Natasha Howard,natashahoward,MIN,points,11.5,-114.0,-114.0,10,10,2025-08-24 00:37:51+00:00,2025-08-24 00:37:51+00:00,2025-08-24 00:37:51+00:00,2025-08-24 23:00:00+00:00,0.0,2025-08-24,2025,REG,MIN,IND,1.0654205607476634,True,,0.5000000000000001,401736351,2529130,5,8,0,True,False,matched,10.0,2025-08-24,under,0.13539880759365552,1.8771929824561404,0.8771929824561404,1.0,False,False,False
2385,0f5b47284a7053c9d86d10e84fdf9e5f,117,Courtney Williams,courtneywilliams,MIN,points,13.5,-104.0,-125.0,10,10,2025-08-24 00:37:51+00:00,2025-08-24 00:37:51+00:00,2025-08-24 00:37:51+00:00,2025-08-24 23:00:00+00:00,0.0,2025-08-24,2025,REG,MIN,IND,1.065359477124183,True,,0.4763687479911608,401736351,2987891,8,5,1,True,False,matched,14.0,2025-08-24,under,0.07195251134960945,1.8,-1.0,1.0,False,False,False
2385,3a1e368f1e2320b7bcb982be94ec8152,112,Napheesa Collier,napheesacollier,MIN,rebounds,6.5,124.0,-166.0,10,10,2025-08-24 00:42:27+00:00,2025-08-24 00:42:27+00:00,2025-08-24 00:42:27+00:00,2025-08-24 23:00:00+00:00,0.0,2025-08-24,2025,REG,MIN,IND,1.0704887218045114,True,,0.40796342297849103,401736351,3917450,8,5,1,True,False,matched,9.0,2025-08-24,over,0.19479347706003136,2.24,1.2400000000000002,1.0,False,False,False
2383,58ccd33d4651cecde60fd6f6bc8be0a3,182,Brittney Sykes,brittneysykes,TOR,rebounds,3.5,-125.0,-106.0,10,10,2025-08-24 03:22:54+00:00,2025-08-24 03:22:54+00:00,2025-08-24 03:22:54+00:00,2025-08-24 19:00:00+00:00,0.0,2025-08-24,2025,REG,WAS,SEA,1.070118662351672,True,,0.5212291071384377,401736349,2988756,14,16,0,True,False,matched,3.0,2025-08-24,under,0.33535859714288596,1.9433962264150944,0.9433962264150944,1.0,False,False,False
2383,26da4092b2214438bee13a3808971979,175,Skylar Diggins,skylardiggins,CHI,points,14.5,-114.0,-114.0,10,10,2025-08-24 03:22:54+00:00,2025-08-24 03:22:54+00:00,2025-08-24 03:22:54+00:00,2025-08-24 19:00:00+00:00,0.0,2025-08-24,2025,REG,WAS,SEA,1.0654205607476634,True,,0.5000000000000001,401736349,2491205,14,16,0,True,False,matched,10.0,2025-08-24,under,0.19618026594322363,1.8771929824561404,0.8771929824561404,1.0,False,False,False
2383,0424efcbd30e034ad56cf704d18040d9,572,Kiki Iriafen,kikiiriafen,WAS,rebounds,9.5,-136.0,102.0,10,10,2025-08-24 03:22:54+00:00,2025-08-24 03:22:54+00:00,2025-08-24 03:22:54+00:00,2025-08-24 19:00:00+00:00,0.0,2025-08-24,2025,REG,WAS,SEA,1.071320691391173,True,,0.5420932924427202,401736349,4898384,16,14,1,True,False,matched,6.0,2025-08-24,under,0.1727911449347762,2.02,1.02,1.0,False,False,False
2383,ca3f98e6f8b185d82d2a84d7f684b3ba,573,Sonia Citron,soniacitron,WAS,threes,1.5,116.0,-154.0,10,10,2025-08-24 03:22:54+00:00,2025-08-24 03:22:54+00:00,2025-08-24 03:22:54+00:00,2025-08-24 19:00:00+00:00,0.0,2025-08-24,2025,REG,WAS,SEA,1.0692621755613883,True,,0.425792012343204,401736349,4433524,16,14,1,True,False,matched,0.0,2025-08-24,over,0.17122147098546492,2.16,-1.0,1.0,False,False,False
2383,47646210e00e1620d3680b2ee3b8ce50,180,Nneka Ogwumike,nnekaogwumike,LAS,rebounds,7.5,104.0,-138.0,10,10,2025-08-24 03:22:54+00:00,2025-08-24 03:22:54+00:00,2025-08-24 03:22:54+00:00,2025-08-24 19:00:00+00:00,0.0,2025-08-24,2025,REG,WAS,SEA,1.0700280112044818,True,,0.4535791638529251,401736349,1068,14,16,0,True,False,matched,6.0,2025-08-24,under,0.13464587997134903,1.7246376811594204,0.7246376811594204,1.0,False,False,False
2383,ed18b5da1fa0d336ba0655a9593f091b,208,Gabby Williams,gabbywilliams,GSV,threes,1.5,194.0,-270.0,10,10,2025-08-24 03:22:54+00:00,2025-08-24 03:22:54+00:00,2025-08-24 03:22:54+00:00,2025-08-24 19:00:00+00:00,0.0,2025-08-24,2025,REG,WAS,SEA,1.0698657841514985,True,,0.2979582365398174,401736349,3142328,14,16,0,True,False,matched,1.0,2025-08-24,under,0.11046878276624134,1.3703703703703702,0.37037037037037024,1.0,False,False,False
2383,5464b7bc740cf0dd22087b15541b8105,196,Shakira Austin,shakiraaustin,WAS,rebounds,6.5,-132.0,100.0,10,10,2025-08-24 03:22:54+00:00,2025-08-24 03:22:54+00:00,2025-08-24 03:22:54+00:00,2025-08-24 19:00:00+00:00,0.0,2025-08-24,2025,REG,WAS,SEA,1.0689655172413794,True,,0.5356937238338165,401736349,4398911,16,14,1,True,False,matched,5.0,2025-08-24,under,0.08116066760621349,2.0,1.0,1.0,False,False,False
2383,9a023246c95036e7183c847e673ab4a4,570,Dominique Malonga,dominiquemalonga,SEA,rebounds,7.5,114.0,-152.0,10,10,2025-08-24 03:27:28+00:00,2025-08-24 03:27:28+00:00,2025-08-24 03:27:28+00:00,2025-08-24 19:00:00+00:00,0.0,2025-08-24,2025,REG,WAS,SEA,1.0704643228007713,True,,0.42960347247450675,401736349,5220150,14,16,0,True,False,matched,10.0,2025-08-24,under,0.14837752794781484,1.6578947368421053,-1.0,1.0,False,False,False
2384,38272b61dcc6a2d0f5a74df891e8846c,537,Janelle Salaun,janellesalaun,GSV,rebounds,4.5,-146.0,110.0,10,10,2025-08-24 03:50:58+00:00,2025-08-24 03:50:58+00:00,2025-08-24 03:50:58+00:00,2025-08-24 20:00:00+00:00,0.0,2025-08-24,2025,REG,DAL,GSV,1.0696864111498257,True,,0.5607420039050215,401736350,4790264,129689,3,0,True,False,matched,9.0,2025-08-24,under,0.1448779474567271,2.1,-1.0,1.0,False,False,False
2384,e7c777f3302b72dc6152dfc85ff7b8f8,529,Luisa Geiselsoder,luisageiselsoder,PDX,points,6.5,-114.0,-114.0,10,10,2025-08-24 17:31:40+00:00,2025-08-24 17:31:40+00:00,2025-08-24 17:31:40+00:00,2025-08-24 20:00:00+00:00,0.0,2025-08-24,2025,REG,DAL,GSV,1.0654205607476634,True,,0.5000000000000001,401736350,4682797,3,129689,1,True,False,matched,3.0,2025-08-24,under,0.07023392665214595,1.8771929824561404,0.8771929824561404,1.0,False,False,False
2387,71dc7fe85863b0e311ee44c972bccd6c,102,Jackie Young,jackieyoung,LVA,points,16.5,-115.0,-113.0,10,10,2025-08-25 03:35:18+00:00,2025-08-25 03:35:18+00:00,2025-08-25 03:35:18+00:00,2025-08-26 00:00:00+00:00,0.0,2025-08-25,2025,REG,CHI,LVA,1.0654001528551151,True,,0.5022557674006809,401736353,4065870,17,19,0,True,False,matched,22.0,2025-08-25,under,0.20030797588566301,1.8849557522123894,-1.0,1.0,False,False,False
2387,e792db33211da3999713ad0d5fe66494,185,Ariel Atkins,arielatkins,LAS,assists,3.5,-132.0,100.0,10,10,2025-08-25 03:35:18+00:00,2025-08-25 03:35:18+00:00,2025-08-25 03:35:18+00:00,2025-08-26 00:00:00+00:00,0.0,2025-08-25,2025,REG,CHI,LVA,1.0689655172413794,True,,0.5356937238338165,401736353,3146151,19,17,1,True,False,matched,7.0,2025-08-25,under,0.16856232235595403,2.0,-1.0,1.0,False,False,False
2387,42164c78b3dabfe1027da2166ae0cd19,166,Jewell Loyd,jewellloyd,LVA,points,12.5,-102.0,-128.0,10,10,2025-08-25 03:35:18+00:00,2025-08-25 03:35:18+00:00,2025-08-25 03:35:18+00:00,2025-08-26 00:00:00+00:00,0.0,2025-08-25,2025,REG,CHI,LVA,1.0663540038214347,True,,0.47082505196940394,401736353,2987869,17,19,0,True,False,matched,2.0,2025-08-25,under,0.13634769672289626,1.78125,0.78125,1.0,False,False,False
2387,f6fdcc70ed8365600d977c313dea5f1c,30,Kamilla Cardoso,kamillacardoso,CHI,rebounds,8.5,-152.0,114.0,10,10,2025-08-25 03:35:18+00:00,2025-08-25 03:35:18+00:00,2025-08-25 03:35:18+00:00,2025-08-26 00:00:00+00:00,0.0,2025-08-25,2025,REG,CHI,LVA,1.0704643228007713,True,,0.5703965275254933,401736353,4433405,19,17,1,True,False,matched,10.0,2025-08-25,under,0.09862093751019452,2.1399999999999997,-1.0,1.0,False,False,False
2387,45b334759f38648f7d20e4fea76986ee,107,Chelsea Gray,chelseagray,LVA,threes,1.5,162.0,-220.0,10,10,2025-08-25 03:35:18+00:00,2025-08-25 03:35:18+00:00,2025-08-25 03:35:18+00:00,2025-08-26 00:00:00+00:00,0.0,2025-08-25,2025,REG,CHI,LVA,1.069179389312977,True,,0.3415656920936278,401736353,2529122,17,19,0,True,False,matched,4.0,2025-08-25,under,0.09688159424717799,1.4545454545454546,-1.0,1.0,False,False,False
2387,827c7e84c0b7646a55c8f67cc1b6fb06,103,A'ja Wilson,ajawilson,LVA,assists,2.5,-138.0,104.0,10,10,2025-08-25 03:35:19+00:00,2025-08-25 03:35:19+00:00,2025-08-25 03:35:19+00:00,2025-08-26 00:00:00+00:00,0.0,2025-08-25,2025,REG,CHI,LVA,1.0700280112044818,True,,0.5464208361470752,401736353,3149391,17,19,0,True,False,matched,3.0,2025-08-25,under,0.10773284304550962,2.04,-1.0,1.0,False,False,False
2387,28bd7879760c57d8c4299760acf4a91c,36,Rachel Banham,rachelbanham,CHI,points,8.5,-122.0,-106.0,10,10,2025-08-25 03:35:19+00:00,2025-08-25 03:35:19+00:00,2025-08-25 03:35:19+00:00,2025-08-26 00:00:00+00:00,0.0,2025-08-25,2025,REG,CHI,LVA,1.064112656345666,True,,0.518058368553134,401736353,2566186,19,17,1,True,False,matched,3.0,2025-08-25,under,0.05321550182510171,1.9433962264150944,0.9433962264150944,1.0,False,False,False
2386,aa4d7205f00c9875da3f80d5598b55ed,9,Tina Charles,tinacharles,FA,points,15.5,-128.0,-102.0,10,10,2025-08-25 06:17:48+00:00,2025-08-25 06:17:48+00:00,2025-08-25 06:17:48+00:00,2025-08-25 23:00:00+00:00,0.0,2025-08-25,2025,REG,NYL,CON,1.0663540038214347,True,,0.5291749480305961,401736352,918,18,9,0,True,False,matched,13.0,2025-08-25,under,0.09067247800633083,1.9803921568627452,0.9803921568627452,1.0,False,False,False
2386,689c1cc4e7377a775d21a9b268fd76d9,22,Marina Mabrey,marinamabrey,TOR,assists,4.5,102.0,-136.0,10,10,2025-08-25 06:17:48+00:00,2025-08-25 06:17:48+00:00,2025-08-25 06:17:48+00:00,2025-08-25 23:00:00+00:00,0.0,2025-08-25,2025,REG,NYL,CON,1.071320691391173,True,,0.4579067075572801,401736352,3904576,18,9,0,True,False,matched,5.0,2025-08-25,under,0.05413443965432624,1.7352941176470589,-1.0,1.0,False,False,False
2386,88a5ba0e541ee82c1bffacc04d1d5160,137,Breanna Stewart,breannastewart,NYL,rebounds,5.5,118.0,-158.0,10,10,2025-08-25 06:17:49+00:00,2025-08-25 06:17:49+00:00,2025-08-25 06:17:49+00:00,2025-08-25 23:00:00+00:00,0.0,2025-08-25,2025,REG,NYL,CON,1.0711186971054691,True,,0.42034729080094674,401736352,2998928,9,18,1,True,False,matched,5.0,2025-08-25,over,0.29459652286878824,2.1799999999999997,-1.0,1.0,False,False,False
2386,711eb7a0c37eb90b685352006c42e52e,147,Leonie Fiebich,leoniefiebich,NYL,assists,2.5,-115.0,-115.0,24,24,2025-08-25 07:49:12+00:00,2025-08-25 07:49:12+00:00,2025-08-25 07:49:12+00:00,2025-08-25 23:00:00+00:00,0.0,2025-08-25,2025,REG,NYL,CON,1.0697674418604652,True,,0.5,401736352,4683006,9,18,1,True,False,matched,2.0,2025-08-25,under,0.09182329350118001,1.8695652173913042,0.8695652173913042,1.0,False,False,False
2387,2d219f00ad828d13cb14f9a21160e74d,33,Elizabeth Williams,elizabethwilliams,CHI,rebounds,4.5,-114.0,-114.0,10,10,2025-08-25 08:58:09+00:00,2025-08-25 08:58:09+00:00,2025-08-25 08:58:09+00:00,2025-08-26 00:00:00+00:00,0.0,2025-08-25,2025,REG,CHI,LVA,1.0654205607476634,True,,0.5000000000000001,401736353,2566081,19,17,1,True,False,matched,5.0,2025-08-25,over,0.21512747422892914,1.8771929824561404,0.8771929824561404,1.0,False,False,False
2388,6f150f4aba7d65a6debb9d7d58d207e7,71,Aliyah Boston,aliyahboston,IND,assists,3.5,-115.0,-115.0,24,24,2025-08-25 10:07:48+00:00,2025-08-25 10:07:48+00:00,2025-08-25 10:07:48+00:00,2025-08-26 23:00:00+00:00,0.0,2025-08-26,2025,REG,IND,SEA,1.0697674418604652,True,,0.5,401736354,4432831,5,14,1,True,False,matched,3.0,2025-08-26,under,0.07541190938038544,1.8695652173913042,0.8695652173913042,1.0,False,False,False
2389,704f057f94be49926ae32c6812961a85,101,Kelsey Plum,kelseyplum,LAS,threes,2.5,125.0,-155.0,24,24,2025-08-25 10:07:48+00:00,2025-08-25 10:07:48+00:00,2025-08-25 10:07:48+00:00,2025-08-27 02:00:00+00:00,0.0,2025-08-26,2025,REG,LAS,PHX,1.0522875816993464,True,,0.4161844529605166,401736355,3065570,6,11,1,True,False,matched,2.0,2025-08-26,under,0.05193139515047129,1.6451612903225805,0.6451612903225805,1.0,False,False,False
2388,42f303a8e72e55dfcb286fb9f22e4a96,175,Skylar Diggins,skylardiggins,CHI,threes,1.5,100.0,-130.0,24,24,2025-08-25 10:07:49+00:00,2025-08-25 10:07:49+00:00,2025-08-25 10:07:49+00:00,2025-08-26 23:00:00+00:00,0.0,2025-08-26,2025,REG,IND,SEA,1.065217391304348,True,,0.4663164946059025,401736354,2491205,14,5,0,True,False,matched,0.0,2025-08-26,under,0.15831090069297105,1.7692307692307692,0.7692307692307692,1.0,False,False,False
2386,dda196498042bb2b6c4473cc7048d45a,141,Jonquel Jones,jonqueljones,NYL,points,14.5,-128.0,-102.0,10,10,2025-08-25 15:10:15+00:00,2025-08-25 15:10:15+00:00,2025-08-25 15:10:15+00:00,2025-08-25 23:00:00+00:00,0.0,2025-08-25,2025,REG,NYL,CON,1.0663540038214347,True,,0.5291749480305961,401736352,2999101,9,18,1,True,False,matched,18.0,2025-08-25,under,0.05790745915383089,1.9803921568627452,-1.0,1.0,False,False,False
2386,f46893c77d7571bb9681b8fb021c44e1,132,Sabrina Ionescu,sabrinaionescu,NYL,rebounds,4.5,128.0,-172.0,10,10,2025-08-25 15:10:16+00:00,2025-08-25 15:10:16+00:00,2025-08-25 15:10:16+00:00,2025-08-25 23:00:00+00:00,0.0,2025-08-25,2025,REG,NYL,CON,1.0709494324045408,True,,0.39957653069922067,401736352,4066533,9,18,1,True,False,matched,7.0,2025-08-25,over,0.1028169598145311,2.2800000000000002,1.2800000000000002,1.0,False,False,False
2386,88256f4450b2cceda7ca0aabeb52ffd7,518,Saniya Rivers,saniyarivers,CON,points,9.5,-125.0,-125.0,60,60,2025-08-25 15:30:29+00:00,2025-08-25 15:30:29+00:00,2025-08-25 15:30:29+00:00,2025-08-25 23:00:00+00:00,0.0,2025-08-25,2025,REG,NYL,CON,1.1111111111111112,True,,0.5,401736352,4433514,18,9,0,True,False,matched,3.0,2025-08-25,under,0.06636231436811535,1.8,0.8,1.0,False,False,False
2389,d0ca5a793d4e63cde41238a57dcc9484,87,Cameron Brink,cameronbrink,LAS,points,6.5,100.0,-130.0,10,10,2025-08-25 15:49:02+00:00,2025-08-25 15:49:02+00:00,2025-08-25 15:49:02+00:00,2025-08-27 02:00:00+00:00,0.0,2025-08-26,2025,REG,LAS,PHX,1.065217391304348,True,,0.4663164946059025,401736355,4433404,6,11,1,True,False,matched,4.0,2025-08-26,under,0.11896410860657536,1.7692307692307692,0.7692307692307692,1.0,False,False,False
2389,e2e53e604bb2ed6497ef2924b6edd704,94,Rickea Jackson,rickeajackson,CHI,points,16.5,-113.0,-115.0,10,10,2025-08-25 15:53:40+00:00,2025-08-25 15:53:40+00:00,2025-08-25 15:53:40+00:00,2025-08-27 02:00:00+00:00,0.0,2025-08-26,2025,REG,LAS,PHX,1.0654001528551151,True,,0.49774423259931944,401736355,4433630,6,11,1,True,False,matched,21.0,2025-08-26,under,0.11091576754309396,1.8695652173913042,-1.0,1.0,False,False,False
2389,2381cbab7c57ebe2d10c7285efeede9d,89,Dearica Hamby,dearicahamby,LAS,points,17.5,-128.0,-102.0,10,10,2025-08-25 15:58:28+00:00,2025-08-25 15:58:28+00:00,2025-08-25 15:58:28+00:00,2025-08-27 02:00:00+00:00,0.0,2025-08-26,2025,REG,LAS,PHX,1.0663540038214347,True,,0.5291749480305961,401736355,2566106,6,11,1,True,False,matched,25.0,2025-08-26,under,0.1325199114852713,1.9803921568627452,-1.0,1.0,False,False,False
2389,a8b09cc05a1ecf2a49e8cd13f8caa196,82,Azura Stevens,azurastevens,CHI,points,13.5,100.0,-130.0,10,10,2025-08-25 15:58:28+00:00,2025-08-25 15:58:28+00:00,2025-08-25 15:58:28+00:00,2025-08-27 02:00:00+00:00,0.0,2025-08-26,2025,REG,LAS,PHX,1.065217391304348,True,,0.4663164946059025,401736355,3142010,6,11,1,True,False,matched,5.0,2025-08-26,under,0.12575021514527535,1.7692307692307692,0.7692307692307692,1.0,False,False,False
2389,c488d41261d9aad0d97776fdb5f71e7b,54,Satou Sabally,satousabally,NYL,rebounds,6.5,112.0,-148.0,10,10,2025-08-25 15:58:28+00:00,2025-08-25 15:58:28+00:00,2025-08-25 15:58:28+00:00,2025-08-27 02:00:00+00:00,0.0,2025-08-26,2025,REG,LAS,PHX,1.0684723067559343,True,,0.43527724698320036,401736355,4281929,11,6,0,True,False,matched,3.0,2025-08-26,under,0.10583309895811882,1.6756756756756757,0.6756756756756757,1.0,False,False,False
2388,1a0fd9f7030d35ecf97693f304365100,180,Nneka Ogwumike,nnekaogwumike,LAS,threes,2.5,152.0,-205.0,10,10,2025-08-25 16:24:21+00:00,2025-08-25 16:24:21+00:00,2025-08-25 16:24:21+00:00,2025-08-26 23:00:00+00:00,0.0,2025-08-26,2025,REG,IND,SEA,1.0689565443663804,True,,0.3574180627171931,401736354,1068,14,5,0,True,False,matched,2.0,2025-08-26,under,0.22143497871278736,1.4878048780487805,0.4878048780487805,1.0,False,False,False
2388,588c71124d495c8bef134ee40c5d1187,570,Dominique Malonga,dominiquemalonga,SEA,points,11.5,-122.0,-106.0,10,10,2025-08-25 16:24:22+00:00,2025-08-25 16:24:22+00:00,2025-08-25 16:24:22+00:00,2025-08-26 23:00:00+00:00,0.0,2025-08-26,2025,REG,IND,SEA,1.064112656345666,True,,0.518058368553134,401736354,5220150,14,5,0,True,False,matched,8.0,2025-08-26,under,0.18218972056371308,1.9433962264150944,0.9433962264150944,1.0,False,False,False
2388,0d01a07b023183a1bf4190e673392332,56,Natasha Howard,natashahoward,MIN,rebounds,7.5,116.0,-152.0,10,10,2025-08-25 16:44:21+00:00,2025-08-25 16:44:21+00:00,2025-08-25 16:44:21+00:00,2025-08-26 23:00:00+00:00,0.0,2025-08-26,2025,REG,IND,SEA,1.066137566137566,True,,0.4275370112309487,401736354,2529130,5,14,1,True,False,matched,5.0,2025-08-26,under,0.05328829638296878,1.6578947368421053,0.6578947368421053,1.0,False,False,False
2388,dcea5c2683adce1659f6a963b5d6a1b0,176,Ezi Magbegor,ezimagbegor,SEA,rebounds,5.5,-170.0,120.0,33,33,2025-08-25 18:46:08+00:00,2025-08-25 18:46:08+00:00,2025-08-25 18:46:08+00:00,2025-08-26 23:00:00+00:00,0.0,2025-08-26,2025,REG,IND,SEA,1.0841750841750841,True,,0.5914367336052418,401736354,4420318,14,5,0,True,False,matched,2.0,2025-08-26,under,0.0824712278883516,2.2,1.2000000000000002,1.0,False,False,False
2386,7cec492dffcba9c7989fb3ee0787d8b7,233,Emma Meesseman,emmameesseman,FA,points,11.5,-130.0,100.0,10,10,2025-08-25 22:58:40+00:00,2025-08-25 22:58:40+00:00,2025-08-25 22:58:40+00:00,2025-08-25 23:00:00+00:00,0.0,2025-08-25,2025,REG,NYL,CON,1.065217391304348,True,,0.5336835053940976,401736352,3027368,9,18,1,True,False,matched,10.0,2025-08-25,under,0.0844915592604083,2.0,1.0,1.0,False,False,False
2390,0ecf8e7f6a2270d4b7736d7f2e8e101d,103,A'ja Wilson,ajawilson,LVA,points,23.5,-120.0,-108.0,10,10,2025-08-26 04:08:18+00:00,2025-08-26 04:08:18+00:00,2025-08-26 04:08:18+00:00,2025-08-27 23:30:00+00:00,0.0,2025-08-27,2025,REG,ATL,LVA,1.0646853146853146,True,,0.5135396953663074,401736356,3149391,17,20,0,True,False,matched,34.0,2025-08-27,under,0.15343432090735692,1.925925925925926,-1.0,1.0,False,False,False
2390,365bfc739e0dd44c92e8eb51192e4861,102,Jackie Young,jackieyoung,LVA,points,15.5,-115.0,-113.0,10,10,2025-08-26 04:12:48+00:00,2025-08-26 04:12:48+00:00,2025-08-26 04:12:48+00:00,2025-08-27 23:30:00+00:00,0.0,2025-08-27,2025,REG,ATL,LVA,1.0654001528551151,True,,0.5022557674006809,401736356,4065870,17,20,0,True,False,matched,10.0,2025-08-27,under,0.22508033399570077,1.8849557522123894,0.8849557522123894,1.0,False,False,False
2390,7cad624460681059c3d9e559ff4cfa3f,73,NaLyssa Smith,nalyssasmith,LVA,points,7.5,-110.0,-118.0,10,10,2025-08-26 04:12:48+00:00,2025-08-26 04:12:48+00:00,2025-08-26 04:12:48+00:00,2025-08-27 23:30:00+00:00,0.0,2025-08-27,2025,REG,ATL,LVA,1.0650939274792486,True,,0.4909754767731684,401736356,4398776,17,20,0,True,False,matched,2.0,2025-08-27,under,0.10318624269978532,1.847457627118644,0.847457627118644,1.0,False,False,False
2390,cdab64bbe7e40faa6fd3e205970c903e,15,Rhyne Howard,rhynehoward,ATL,points,16.5,100.0,-130.0,10,10,2025-08-26 04:12:48+00:00,2025-08-26 04:12:48+00:00,2025-08-26 04:12:48+00:00,2025-08-27 23:30:00+00:00,0.0,2025-08-27,2025,REG,ATL,LVA,1.065217391304348,True,,0.4663164946059025,401736356,4398674,20,17,1,True,False,matched,19.0,2025-08-27,under,0.08454435956635303,1.7692307692307692,-1.0,1.0,False,False,False
2390,a753b9fd63adec70c828e50bcb26888e,107,Chelsea Gray,chelseagray,LVA,points,9.5,-110.0,-118.0,10,10,2025-08-26 04:12:49+00:00,2025-08-26 04:12:49+00:00,2025-08-26 04:12:49+00:00,2025-08-27 23:30:00+00:00,0.0,2025-08-27,2025,REG,ATL,LVA,1.0650939274792486,True,,0.4909754767731684,401736356,2529122,17,20,0,True,False,matched,14.0,2025-08-27,under,0.10895113932232903,1.847457627118644,-1.0,1.0,False,False,False
2390,91141a2129dcf8f21573dfacac8aa33b,166,Jewell Loyd,jewellloyd,LVA,points,10.5,-125.0,-104.0,10,10,2025-08-26 04:17:19+00:00,2025-08-26 04:17:19+00:00,2025-08-26 04:17:19+00:00,2025-08-27 23:30:00+00:00,0.0,2025-08-27,2025,REG,ATL,LVA,1.065359477124183,True,,0.5236312520088393,401736356,2987869,17,20,0,True,False,matched,14.0,2025-08-27,under,0.15571929194143747,1.9615384615384617,-1.0,1.0,False,False,False
2391,3743b4c4ae4f98190fb1263772e4bcc8,22,Marina Mabrey,marinamabrey,TOR,rebounds,4.5,-125.0,-106.0,10,10,2025-08-26 04:36:47+00:00,2025-08-26 04:36:47+00:00,2025-08-26 04:36:47+00:00,2025-08-28 00:00:00+00:00,0.0,2025-08-27,2025,REG,DAL,CON,1.070118662351672,True,,0.5212291071384377,401736357,3904576,18,3,0,True,False,matched,4.0,2025-08-27,under,0.10170466030363429,1.9433962264150944,0.9433962264150944,1.0,False,False,False
2391,2e6e7e62840e92250abe6478c0ea7ded,61,Maddy Siegrist,maddysiegrist,DAL,rebounds,4.5,-146.0,110.0,10,10,2025-08-26 04:36:48+00:00,2025-08-26 04:36:48+00:00,2025-08-26 04:36:48+00:00,2025-08-28 00:00:00+00:00,0.0,2025-08-27,2025,REG,DAL,CON,1.0696864111498257,True,,0.5607420039050215,401736357,4399415,3,18,1,True,False,matched,2.0,2025-08-27,under,0.18948551687345566,2.1,1.1,1.0,False,False,False
2388,b814aa8fb3aa096d30e775b194b2b198,76,Lexie Hull,lexiehull,IND,points,9.5,150.0,-200.0,13,13,2025-08-26 16:43:36+00:00,2025-08-26 16:43:36+00:00,2025-08-26 16:43:36+00:00,2025-08-26 23:00:00+00:00,0.0,2025-08-26,2025,REG,IND,SEA,1.0666666666666667,True,,0.3620786141911938,401736354,4398829,5,14,1,True,False,matched,5.0,2025-08-26,under,0.06894292015551479,1.5,0.5,1.0,False,False,False
2392,b9feb44fba701b21f7092bd3d011142e,137,Breanna Stewart,breannastewart,NYL,threes,0.5,-245.0,178.0,10,10,2025-08-27 06:19:29+00:00,2025-08-27 06:19:29+00:00,2025-08-27 06:19:29+00:00,2025-08-28 23:00:00+00:00,0.0,2025-08-28,2025,REG,NYL,WAS,1.0698571577520593,True,,0.6816736496668425,401736358,2998928,9,16,1,True,False,matched,1.0,2025-08-28,under,0.6796024550385064,2.7800000000000002,-1.0,1.0,False,False,False
2392,581fae5e01ecba4352b9f85c59a5068e,149,Sug Sutton,sugsutton,DAL,assists,4.5,-160.0,120.0,10,10,2025-08-27 06:19:29+00:00,2025-08-27 06:19:29+00:00,2025-08-27 06:19:29+00:00,2025-08-28 23:00:00+00:00,0.0,2025-08-28,2025,REG,NYL,WAS,1.06993006993007,True,,0.583305061424049,401736358,4068159,16,9,0,True,False,matched,3.0,2025-08-28,under,0.15018862244817932,2.2,1.2000000000000002,1.0,False,False,False
2392,718bb0d485e60c349d4babc97c911c90,572,Kiki Iriafen,kikiiriafen,WAS,rebounds,10.5,110.0,-146.0,10,10,2025-08-27 06:19:29+00:00,2025-08-27 06:19:29+00:00,2025-08-27 06:19:29+00:00,2025-08-28 23:00:00+00:00,0.0,2025-08-28,2025,REG,NYL,WAS,1.0696864111498257,True,,0.4392579960949788,401736358,4898384,16,9,0,True,False,matched,4.0,2025-08-28,under,0.14631978717604366,1.6849315068493151,0.6849315068493151,1.0,False,False,False
2392,6301eeb4862b191fb773e561da8ce0bf,132,Sabrina Ionescu,sabrinaionescu,NYL,assists,5.5,-138.0,104.0,10,10,2025-08-27 06:19:29+00:00,2025-08-27 06:19:29+00:00,2025-08-27 06:19:29+00:00,2025-08-28 23:00:00+00:00,0.0,2025-08-28,2025,REG,NYL,WAS,1.0700280112044818,True,,0.5464208361470752,401736358,4066533,9,16,1,True,True,did_not_play,,2025-08-28,under,0.11413617855545316,2.04,0.0,0.0,False,True,False
2392,74f22326f71f6841c3d3d23d4bcde314,141,Jonquel Jones,jonqueljones,NYL,assists,3.5,118.0,-158.0,10,10,2025-08-27 06:19:29+00:00,2025-08-27 06:19:29+00:00,2025-08-27 06:19:29+00:00,2025-08-28 23:00:00+00:00,0.0,2025-08-28,2025,REG,NYL,WAS,1.0711186971054691,True,,0.42034729080094674,401736358,2999101,9,16,1,True,True,did_not_play,,2025-08-28,under,0.10889653446552583,1.6329113924050633,0.0,0.0,False,True,False
2392,5ac9314612beaecd4496d75659f39e24,573,Sonia Citron,soniacitron,WAS,rebounds,3.5,-110.0,-120.0,10,10,2025-08-27 06:19:29+00:00,2025-08-27 06:19:29+00:00,2025-08-27 06:19:29+00:00,2025-08-28 23:00:00+00:00,0.0,2025-08-28,2025,REG,NYL,WAS,1.0692640692640691,True,,0.4887959885212434,401736358,4433524,16,9,0,True,False,matched,3.0,2025-08-28,under,0.08795452609680476,1.8333333333333335,0.8333333333333335,1.0,False,False,False
2392,b0300656a445bad8b9619e5abfb597e0,196,Shakira Austin,shakiraaustin,WAS,points,14.5,100.0,-130.0,10,10,2025-08-27 06:19:29+00:00,2025-08-27 06:19:29+00:00,2025-08-27 06:19:29+00:00,2025-08-28 23:00:00+00:00,0.0,2025-08-28,2025,REG,NYL,WAS,1.065217391304348,True,,0.4663164946059025,401736358,4398911,16,9,0,True,False,matched,7.0,2025-08-28,under,0.08753387065729523,1.7692307692307692,0.7692307692307692,1.0,False,False,False
2393,0db8b733824cbb9b77cd3850e924ac93,175,Skylar Diggins,skylardiggins,CHI,points,13.5,-128.0,-102.0,10,10,2025-08-27 06:40:11+00:00,2025-08-27 06:40:11+00:00,2025-08-27 06:40:11+00:00,2025-08-29 00:00:00+00:00,0.0,2025-08-28,2025,REG,MIN,SEA,1.0663540038214347,True,,0.5291749480305961,401736359,2491205,14,8,0,True,False,matched,23.0,2025-08-28,under,0.2032700910298671,1.9803921568627452,-1.0,1.0,False,False,False
2393,dfa83d74752e5d2a8f23b438a6bbb8c2,180,Nneka Ogwumike,nnekaogwumike,LAS,rebounds,6.5,-146.0,110.0,10,10,2025-08-27 06:40:11+00:00,2025-08-27 06:40:11+00:00,2025-08-27 06:40:11+00:00,2025-08-29 00:00:00+00:00,0.0,2025-08-28,2025,REG,MIN,SEA,1.0696864111498257,True,,0.5607420039050215,401736359,1068,14,8,0,True,False,matched,9.0,2025-08-28,under,0.15491043478627897,2.1,-1.0,1.0,False,False,False
2393,889fac5ce889538315f7c0ac7f5fdeae,112,Napheesa Collier,napheesacollier,MIN,rebounds,7.5,-122.0,-108.0,10,10,2025-08-27 06:40:11+00:00,2025-08-27 06:40:11+00:00,2025-08-27 06:40:11+00:00,2025-08-29 00:00:00+00:00,0.0,2025-08-28,2025,REG,MIN,SEA,1.0687803187803186,True,,0.5156895960912058,401736359,3917450,8,14,1,True,False,matched,9.0,2025-08-28,under,0.07163812667773461,1.925925925925926,-1.0,1.0,False,False,False
2393,c6c1a209aadc67f37a908ec8693e930e,570,Dominique Malonga,dominiquemalonga,SEA,points,11.5,-114.0,-114.0,10,10,2025-08-27 06:45:24+00:00,2025-08-27 06:45:24+00:00,2025-08-27 06:45:24+00:00,2025-08-29 00:00:00+00:00,0.0,2025-08-28,2025,REG,MIN,SEA,1.0654205607476634,True,,0.5000000000000001,401736359,5220150,14,8,0,True,False,matched,13.0,2025-08-28,under,0.1390704850311289,1.8771929824561404,-1.0,1.0,False,False,False
2393,fe6d6bc9204a9a289fb7c97c9c1b5071,182,Brittney Sykes,brittneysykes,TOR,assists,3.5,136.0,-182.0,10,10,2025-08-27 06:45:24+00:00,2025-08-27 06:45:24+00:00,2025-08-27 06:45:24+00:00,2025-08-29 00:00:00+00:00,0.0,2025-08-28,2025,REG,MIN,SEA,1.0691188844813078,True,,0.3852200050347327,401736359,2988756,14,8,0,True,False,matched,5.0,2025-08-28,over,0.08972207157365952,2.3600000000000003,1.3600000000000003,1.0,False,False,False
2393,be9cbce144f8d9581d2665005c33fee0,125,Kayla McBride,kaylamcbride,MIN,threes,2.5,116.0,-154.0,10,10,2025-08-27 06:45:24+00:00,2025-08-27 06:45:24+00:00,2025-08-27 06:45:24+00:00,2025-08-29 00:00:00+00:00,0.0,2025-08-28,2025,REG,MIN,SEA,1.0692621755613883,True,,0.425792012343204,401736359,2529205,8,14,1,True,False,matched,5.0,2025-08-28,over,0.055464889067278866,2.16,1.1600000000000001,1.0,False,False,False
2393,3274bea65724b19f385c569c9becc650,117,Courtney Williams,courtneywilliams,MIN,points,13.5,100.0,-130.0,10,10,2025-08-27 06:45:25+00:00,2025-08-27 06:45:25+00:00,2025-08-27 06:45:25+00:00,2025-08-29 00:00:00+00:00,0.0,2025-08-28,2025,REG,MIN,SEA,1.065217391304348,True,,0.4663164946059025,401736359,2987891,8,14,1,True,False,matched,18.0,2025-08-28,under,0.0702357222037659,1.7692307692307692,-1.0,1.0,False,False,False
2394,de567caab447ad54a0f3a24d2397a535,40,Alyssa Thomas,alyssathomas,PHO,assists,9.5,-148.0,112.0,10,10,2025-08-27 06:50:28+00:00,2025-08-27 06:50:28+00:00,2025-08-27 06:50:28+00:00,2025-08-29 02:00:00+00:00,0.0,2025-08-28,2025,REG,PHX,CHI,1.0684723067559343,True,,0.5647227530167998,401736360,2529140,11,19,1,True,False,matched,6.0,2025-08-28,under,0.1732068375778017,2.12,1.12,1.0,False,False,False
2394,d3542eb144e4b61bc911a5182495042e,26,Angel Reese,angelreese,ATL,assists,3.5,-114.0,-114.0,10,10,2025-08-27 06:50:28+00:00,2025-08-27 06:50:28+00:00,2025-08-27 06:50:28+00:00,2025-08-29 02:00:00+00:00,0.0,2025-08-28,2025,REG,PHX,CHI,1.0654205607476634,True,,0.5000000000000001,401736360,4433402,19,11,0,True,False,matched,4.0,2025-08-28,under,0.05041520751213141,1.8771929824561404,-1.0,1.0,False,False,False
2392,508b7328db51bcc2f74164b94cb5feb3,147,Leonie Fiebich,leoniefiebich,NYL,threes,1.5,-115.0,-125.0,33,33,2025-08-27 13:29:12+00:00,2025-08-27 13:29:12+00:00,2025-08-27 13:29:12+00:00,2025-08-28 23:00:00+00:00,0.0,2025-08-28,2025,REG,NYL,WAS,1.0904392764857882,True,,0.489168290835087,401736358,4683006,9,16,1,True,False,matched,0.0,2025-08-28,under,0.078318128003105,1.8,0.8,1.0,False,False,False
2394,a27779da9b270852a43819befabae736,30,Kamilla Cardoso,kamillacardoso,CHI,rebounds,9.5,100.0,-132.0,10,10,2025-08-27 15:51:47+00:00,2025-08-27 15:51:47+00:00,2025-08-27 15:51:47+00:00,2025-08-29 02:00:00+00:00,0.0,2025-08-28,2025,REG,PHX,CHI,1.0689655172413794,True,,0.46430627616618364,401736360,4433405,19,11,0,True,False,matched,7.0,2025-08-28,under,0.06902749116923329,1.7575757575757576,0.7575757575757576,1.0,False,False,False
2394,607f4ad443867e2d2d1dd933be33c995,155,Kahleah Copper,kahleahcopper,PHO,points,16.5,-122.0,-106.0,10,10,2025-08-27 15:56:53+00:00,2025-08-27 15:56:53+00:00,2025-08-27 15:56:53+00:00,2025-08-29 02:00:00+00:00,0.0,2025-08-28,2025,REG,PHX,CHI,1.064112656345666,True,,0.518058368553134,401736360,2998938,11,19,1,True,False,matched,28.0,2025-08-28,under,0.17253381065770096,1.9433962264150944,-1.0,1.0,False,False,False
2394,afbb937237af7e3cb4fd635989ba7bf0,54,Satou Sabally,satousabally,NYL,points,15.5,-114.0,-114.0,10,10,2025-08-27 15:56:53+00:00,2025-08-27 15:56:53+00:00,2025-08-27 15:56:53+00:00,2025-08-29 02:00:00+00:00,0.0,2025-08-28,2025,REG,PHX,CHI,1.0654205607476634,True,,0.5000000000000001,401736360,4281929,11,19,1,True,False,matched,9.0,2025-08-28,under,0.07249463004439255,1.8771929824561404,0.8771929824561404,1.0,False,False,False
2394,07720c4965c3bb8e51a78b91a996aaeb,185,Ariel Atkins,arielatkins,LAS,points,13.5,-125.0,-104.0,10,10,2025-08-27 16:07:08+00:00,2025-08-27 16:07:08+00:00,2025-08-27 16:07:08+00:00,2025-08-29 02:00:00+00:00,0.0,2025-08-28,2025,REG,PHX,CHI,1.065359477124183,True,,0.5236312520088393,401736360,3146151,19,11,0,True,False,matched,9.0,2025-08-28,under,0.09741814321354059,1.9615384615384617,0.9615384615384617,1.0,False,False,False
2396,81e3ce09ae19522f073346676f18cfd8,87,Cameron Brink,cameronbrink,LAS,rebounds,5.5,-114.0,-114.0,10,10,2025-08-27 18:04:33+00:00,2025-08-27 18:04:33+00:00,2025-08-27 18:04:33+00:00,2025-08-30 02:00:00+00:00,0.0,2025-08-29,2025,REG,LAS,IND,1.0654205607476634,True,,0.5000000000000001,401736362,4433404,6,5,1,True,False,matched,5.0,2025-08-29,under,0.3253107559592587,1.8771929824561404,0.8771929824561404,1.0,False,False,False
2390,9070f3a59d140e1b4d194812e19b75ea,510,Te-Hina Paopao,tehinapaopao,ATL,threes,1.5,-146.0,110.0,10,10,2025-08-27 18:39:38+00:00,2025-08-27 18:39:38+00:00,2025-08-27 18:39:38+00:00,2025-08-27 23:30:00+00:00,0.0,2025-08-27,2025,REG,ATL,LVA,1.0696864111498257,True,,0.5607420039050215,401736356,4433431,20,17,1,True,False,matched,1.0,2025-08-27,under,0.26003658421367126,2.1,1.1,1.0,False,False,False
2396,400adc41069a2334a2284dcd115078fa,71,Aliyah Boston,aliyahboston,IND,rebounds,8.5,-114.0,-114.0,10,10,2025-08-27 18:39:42+00:00,2025-08-27 18:39:42+00:00,2025-08-27 18:39:42+00:00,2025-08-30 02:00:00+00:00,0.0,2025-08-29,2025,REG,LAS,IND,1.0654205607476634,True,,0.5000000000000001,401736362,4432831,5,6,0,True,False,matched,11.0,2025-08-29,under,0.07274670548883982,1.8771929824561404,-1.0,1.0,False,False,False
2396,df5d2b84a0dbf4ce928cb47ad720bd3b,70,Kelsey Mitchell,kelseymitchell,IND,threes,2.5,-102.0,-130.0,10,10,2025-08-27 18:44:53+00:00,2025-08-27 18:44:53+00:00,2025-08-27 18:44:53+00:00,2025-08-30 02:00:00+00:00,0.0,2025-08-29,2025,REG,LAS,IND,1.0701678863538528,True,,0.46878765056355093,401736362,3142191,5,6,0,True,False,matched,1.0,2025-08-29,over,0.08531609731693024,1.9803921568627452,-1.0,1.0,False,False,False
2390,97a5d158daa1dc5c063cf814b8d6e090,16,Naz Hillmon,nazhillmon,ATL,threes,1.5,164.0,-225.0,10,10,2025-08-27 22:59:31+00:00,2025-08-27 22:59:31+00:00,2025-08-27 22:59:31+00:00,2025-08-27 23:30:00+00:00,0.0,2025-08-27,2025,REG,ATL,LVA,1.0710955710955712,True,,0.33738864980507277,401736356,4398915,20,17,1,True,False,matched,0.0,2025-08-27,under,0.11903269579841161,1.4444444444444444,0.4444444444444444,1.0,False,False,False
2391,dff518f9869e64b73894e78b673e88d8,518,Saniya Rivers,saniyarivers,CON,points,8.5,-128.0,-102.0,10,10,2025-08-27 23:05:00+00:00,2025-08-27 23:05:00+00:00,2025-08-27 23:05:00+00:00,2025-08-28 00:00:00+00:00,0.0,2025-08-27,2025,REG,DAL,CON,1.0663540038214347,True,,0.5291749480305961,401736357,4433514,18,3,0,True,False,matched,11.0,2025-08-27,under,0.08982055915897419,1.9803921568627452,-1.0,1.0,False,False,False
2391,9b062a6c807de339a4a5fd544b40ac5c,39,Leila Lacan,leilalacan,CON,assists,4.5,-130.0,-102.0,10,10,2025-08-27 23:11:29+00:00,2025-08-27 23:11:29+00:00,2025-08-27 23:11:29+00:00,2025-08-28 00:00:00+00:00,0.0,2025-08-27,2025,REG,DAL,CON,1.0701678863538528,True,,0.5312123494364493,401736357,5208981,18,3,0,True,False,matched,6.0,2025-08-27,under,0.18465627658496286,1.9803921568627452,-1.0,1.0,False,False,False
2391,df9bc177ed11754c220bf2987ff29bbc,526,Aziaha James,aziahajames,DAL,points,9.5,104.0,-135.0,10,10,2025-08-27 23:29:22+00:00,2025-08-27 23:29:22+00:00,2025-08-27 23:29:22+00:00,2025-08-28 00:00:00+00:00,0.0,2025-08-27,2025,REG,DAL,CON,1.0646641635377556,True,,0.45648742045938223,401736357,4433807,3,18,1,True,False,matched,22.0,2025-08-27,under,0.44240312110868035,1.7407407407407407,-1.0,1.0,False,False,False
2392,ad5ce2e71dd8fbe83d97f0b3f6c5698a,233,Emma Meesseman,emmameesseman,FA,assists,3.5,128.0,-172.0,10,10,2025-08-28 03:23:24+00:00,2025-08-28 03:23:24+00:00,2025-08-28 03:23:24+00:00,2025-08-28 23:00:00+00:00,0.0,2025-08-28,2025,REG,NYL,WAS,1.0709494324045408,True,,0.39957653069922067,401736358,3027368,9,16,1,True,False,matched,5.0,2025-08-28,over,0.09798421182386541,2.2800000000000002,1.2800000000000002,1.0,False,False,False
2393,e1e60245b73c898e9a8e9d5568fd9005,176,Ezi Magbegor,ezimagbegor,SEA,rebounds,5.5,-140.0,105.0,33,33,2025-08-28 10:06:37+00:00,2025-08-28 10:06:37+00:00,2025-08-28 10:06:37+00:00,2025-08-29 00:00:00+00:00,0.0,2025-08-28,2025,REG,MIN,SEA,1.0711382113821137,True,,0.5495039019869297,401736359,4420318,14,8,0,True,False,matched,7.0,2025-08-28,under,0.14373941004577645,2.05,-1.0,1.0,False,False,False
2393,e52c3e2374e828ad69b3874f9baf4094,115,Natisha Hiedeman,natishahiedeman,SEA,threes,1.5,162.0,-220.0,10,10,2025-08-28 15:22:25+00:00,2025-08-28 15:22:25+00:00,2025-08-28 15:22:25+00:00,2025-08-29 00:00:00+00:00,0.0,2025-08-28,2025,REG,MIN,SEA,1.069179389312977,True,,0.3415656920936278,401736359,3906753,8,14,1,True,False,matched,0.0,2025-08-28,under,0.09877718905805935,1.4545454545454546,0.4545454545454546,1.0,False,False,False
2395,c4fbef1f8daa0ba463968719f0cb16ab,15,Rhyne Howard,rhynehoward,ATL,points,16.5,-120.0,-108.0,10,10,2025-08-28 15:49:07+00:00,2025-08-28 15:49:07+00:00,2025-08-28 15:49:07+00:00,2025-08-29 23:30:00+00:00,0.0,2025-08-29,2025,REG,ATL,DAL,1.0646853146853146,True,,0.5135396953663074,401736361,4398674,20,3,1,True,False,matched,24.0,2025-08-29,under,0.09998921252164056,1.925925925925926,-1.0,1.0,False,False,False
2395,af27a0705d99dc476e893002d46029a9,1,Allisha Gray,allishagray,ATL,threes,2.5,148.0,-200.0,10,10,2025-08-28 15:49:07+00:00,2025-08-28 15:49:07+00:00,2025-08-28 15:49:07+00:00,2025-08-29 23:30:00+00:00,0.0,2025-08-29,2025,REG,ATL,DAL,1.0698924731182795,True,,0.3634985050458517,401736361,3058901,20,3,1,True,False,matched,1.0,2025-08-29,over,0.07382228427568727,2.48,-1.0,1.0,False,False,False
2395,e267e947f5e9b546f643a925762440a7,528,Paige Bueckers,paigebueckers,DAL,points,18.5,-114.0,-114.0,10,10,2025-08-28 15:54:01+00:00,2025-08-28 15:54:01+00:00,2025-08-28 15:54:01+00:00,2025-08-29 23:30:00+00:00,0.0,2025-08-29,2025,REG,ATL,DAL,1.0654205607476634,True,,0.5000000000000001,401736361,4433730,3,20,0,True,False,matched,16.0,2025-08-29,under,0.16117406161038317,1.8771929824561404,0.8771929824561404,1.0,False,False,False
2395,eb51be046f38f82bc4d29ee7de6cb417,61,Maddy Siegrist,maddysiegrist,DAL,points,15.5,-128.0,-102.0,10,10,2025-08-28 15:54:02+00:00,2025-08-28 15:54:02+00:00,2025-08-28 15:54:02+00:00,2025-08-29 23:30:00+00:00,0.0,2025-08-29,2025,REG,ATL,DAL,1.0663540038214347,True,,0.5291749480305961,401736361,4399415,3,20,0,True,False,matched,23.0,2025-08-29,under,0.48325059621334854,1.9803921568627452,-1.0,1.0,False,False,False
2396,545cc6fb443641cff0ca336e6ffc054e,84,Julie Allemand,julieallemand,TOR,assists,6.5,-125.0,-106.0,10,10,2025-08-29 06:07:05+00:00,2025-08-29 06:07:05+00:00,2025-08-29 06:07:05+00:00,2025-08-30 02:00:00+00:00,0.0,2025-08-29,2025,REG,LAS,IND,1.070118662351672,True,,0.5212291071384377,401736362,4001679,6,5,1,True,False,matched,4.0,2025-08-29,under,0.17868317154668528,1.9433962264150944,0.9433962264150944,1.0,False,False,False
2396,474eb434ed8e0b03d17b457ae9f1848d,56,Natasha Howard,natashahoward,MIN,points,11.5,-106.0,-122.0,10,10,2025-08-29 06:16:46+00:00,2025-08-29 06:16:46+00:00,2025-08-29 06:16:46+00:00,2025-08-30 02:00:00+00:00,0.0,2025-08-29,2025,REG,LAS,IND,1.064112656345666,True,,0.4819416314468661,401736362,2529130,5,6,0,True,False,matched,5.0,2025-08-29,under,0.07001250120390579,1.819672131147541,0.819672131147541,1.0,False,False,False
2396,39a84c2f465fb4318e94151f604a38f9,76,Lexie Hull,lexiehull,IND,rebounds,4.5,-114.0,-114.0,10,10,2025-08-29 06:16:47+00:00,2025-08-29 06:16:47+00:00,2025-08-29 06:16:47+00:00,2025-08-30 02:00:00+00:00,0.0,2025-08-29,2025,REG,LAS,IND,1.0654205607476634,True,,0.5000000000000001,401736362,4398829,5,6,0,True,False,matched,5.0,2025-08-29,under,0.059538580930518836,1.8771929824561404,-1.0,1.0,False,False,False
2396,ed4e3f39a87099b225285302f4bc62c9,293,Odyssey Sims,odysseysims,DAL,threes,1.5,136.0,-186.0,10,10,2025-08-29 06:21:29+00:00,2025-08-29 06:21:29+00:00,2025-08-29 06:21:29+00:00,2025-08-30 02:00:00+00:00,0.0,2025-08-29,2025,REG,LAS,IND,1.0740784639089722,True,,0.38231581416686883,401736362,2529047,5,6,0,True,False,matched,1.0,2025-08-29,under,0.2223268000287583,1.5376344086021505,0.5376344086021505,1.0,False,False,False
2397,cfec71b01ab8e6f0e6ab19088f49da83,117,Courtney Williams,courtneywilliams,MIN,rebounds,4.5,-125.0,-106.0,10,10,2025-08-29 07:04:24+00:00,2025-08-29 07:04:24+00:00,2025-08-29 07:04:24+00:00,2025-08-30 23:00:00+00:00,0.0,2025-08-30,2025,REG,CON,MIN,1.070118662351672,True,,0.5212291071384377,401736363,2987891,8,18,0,True,False,matched,8.0,2025-08-30,under,0.1495302066781959,1.9433962264150944,-1.0,1.0,False,False,False
2397,a94784346af8ce7ad576140e4f0ddb1b,112,Napheesa Collier,napheesacollier,MIN,points,22.5,-125.0,-104.0,10,10,2025-08-29 07:04:24+00:00,2025-08-29 07:04:24+00:00,2025-08-29 07:04:24+00:00,2025-08-30 23:00:00+00:00,0.0,2025-08-30,2025,REG,CON,MIN,1.065359477124183,True,,0.5236312520088393,401736363,3917450,8,18,0,True,False,matched,17.0,2025-08-30,under,0.13692549121067682,1.9615384615384617,0.9615384615384617,1.0,False,False,False
2399,a5f12197e82c1aeaf85e25092f47ff79,180,Nneka Ogwumike,nnekaogwumike,LAS,rebounds,6.5,-154.0,116.0,10,10,2025-08-29 07:24:39+00:00,2025-08-29 07:24:39+00:00,2025-08-29 07:24:39+00:00,2025-08-31 01:00:00+00:00,0.0,2025-08-30,2025,REG,SEA,CHI,1.0692621755613883,True,,0.574207987656796,401736365,1068,14,19,1,True,False,matched,7.0,2025-08-30,under,0.2705797018818057,2.16,-1.0,1.0,False,False,False
2399,d388d2e26f4b01dc57841b4882441647,175,Skylar Diggins,skylardiggins,CHI,threes,1.5,126.0,-168.0,10,10,2025-08-29 07:24:39+00:00,2025-08-29 07:24:39+00:00,2025-08-29 07:24:39+00:00,2025-08-31 01:00:00+00:00,0.0,2025-08-30,2025,REG,SEA,CHI,1.0693435477479856,True,,0.4045224464881516,401736365,2491205,14,19,1,True,False,matched,1.0,2025-08-30,under,0.1189213706056606,1.5952380952380953,0.5952380952380953,1.0,False,False,False
2399,1a4e8024434a2f1e7ecb3a401bab8708,185,Ariel Atkins,arielatkins,LAS,points,13.5,-122.0,-106.0,10,10,2025-08-29 07:24:39+00:00,2025-08-29 07:24:39+00:00,2025-08-29 07:24:39+00:00,2025-08-31 01:00:00+00:00,0.0,2025-08-30,2025,REG,SEA,CHI,1.064112656345666,True,,0.518058368553134,401736365,3146151,19,14,0,True,False,matched,7.0,2025-08-30,under,0.06835066479841123,1.9433962264150944,0.9433962264150944,1.0,False,False,False
2399,4d6739d4dd47686635b7e0b63b1a1be3,30,Kamilla Cardoso,kamillacardoso,CHI,rebounds,9.5,-114.0,-114.0,10,10,2025-08-29 07:24:40+00:00,2025-08-29 07:24:40+00:00,2025-08-29 07:24:40+00:00,2025-08-31 01:00:00+00:00,0.0,2025-08-30,2025,REG,SEA,CHI,1.0654205607476634,True,,0.5000000000000001,401736365,4433405,19,14,0,True,False,matched,10.0,2025-08-30,under,0.13423482885339677,1.8771929824561404,-1.0,1.0,False,False,False
2400,6479ed962ba5fe5122579c7d52410692,40,Alyssa Thomas,alyssathomas,PHO,rebounds,9.5,-144.0,108.0,10,10,2025-08-29 07:24:40+00:00,2025-08-29 07:24:40+00:00,2025-08-29 07:24:40+00:00,2025-08-31 02:00:00+00:00,0.0,2025-08-30,2025,REG,PHX,NYL,1.0709331651954601,True,,0.5566845205396996,401736366,2529140,11,9,1,True,False,matched,5.0,2025-08-30,under,0.07529463777333151,2.08,1.08,1.0,False,False,False
2399,d0e107efe5a2caea71c747ff104fc21f,26,Angel Reese,angelreese,ATL,rebounds,13.5,110.0,-146.0,10,10,2025-08-29 07:24:40+00:00,2025-08-29 07:24:40+00:00,2025-08-29 07:24:40+00:00,2025-08-31 01:00:00+00:00,0.0,2025-08-30,2025,REG,SEA,CHI,1.0696864111498257,True,,0.4392579960949788,401736365,4433402,19,14,0,True,False,matched,10.0,2025-08-30,under,0.06436520881452751,1.6849315068493151,0.6849315068493151,1.0,False,False,False
2400,2cb58d1b49b5d45430b45d1cf96a489d,137,Breanna Stewart,breannastewart,NYL,points,16.5,-106.0,-122.0,10,10,2025-08-29 07:29:57+00:00,2025-08-29 07:29:57+00:00,2025-08-29 07:29:57+00:00,2025-08-31 02:00:00+00:00,0.0,2025-08-30,2025,REG,PHX,NYL,1.064112656345666,True,,0.4819416314468661,401736366,2998928,9,11,0,True,False,matched,14.0,2025-08-30,under,0.10593486527702223,1.819672131147541,0.819672131147541,1.0,False,False,False
2400,b45047159efde1cc490fde7a989e91ec,141,Jonquel Jones,jonqueljones,NYL,rebounds,8.5,-114.0,-114.0,10,10,2025-08-29 16:59:06+00:00,2025-08-29 16:59:06+00:00,2025-08-29 16:59:06+00:00,2025-08-31 02:00:00+00:00,0.0,2025-08-30,2025,REG,PHX,NYL,1.0654205607476634,True,,0.5000000000000001,401736366,2999101,9,11,0,True,False,matched,6.0,2025-08-30,under,0.06466992283629724,1.8771929824561404,0.8771929824561404,1.0,False,False,False
2400,11e68654b775dd48f259a8b119f420ec,155,Kahleah Copper,kahleahcopper,PHO,points,16.5,-120.0,-108.0,10,10,2025-08-29 17:04:30+00:00,2025-08-29 17:04:30+00:00,2025-08-29 17:04:30+00:00,2025-08-31 02:00:00+00:00,0.0,2025-08-30,2025,REG,PHX,NYL,1.0646853146853146,True,,0.5135396953663074,401736366,2998938,11,9,1,True,False,matched,22.0,2025-08-30,under,0.16340403360004735,1.925925925925926,-1.0,1.0,False,False,False
2398,7d6377262b0d57d889c7601b5ca00625,573,Sonia Citron,soniacitron,WAS,threes,1.5,-166.0,124.0,10,10,2025-08-29 17:15:28+00:00,2025-08-29 17:15:28+00:00,2025-08-29 17:15:28+00:00,2025-08-31 00:30:00+00:00,0.0,2025-08-30,2025,REG,GSV,WAS,1.0704887218045114,True,,0.5920365770215091,401736364,4433524,16,129689,0,True,False,matched,1.0,2025-08-30,under,0.11011048246340893,2.24,1.2400000000000002,1.0,False,False,False
2398,ce1141fd5b7492b4d267ae5dc9b609fe,196,Shakira Austin,shakiraaustin,WAS,rebounds,6.5,-125.0,-106.0,10,10,2025-08-29 17:20:48+00:00,2025-08-29 17:20:48+00:00,2025-08-29 17:20:48+00:00,2025-08-31 00:30:00+00:00,0.0,2025-08-30,2025,REG,GSV,WAS,1.070118662351672,True,,0.5212291071384377,401736364,4398911,16,129689,0,True,False,matched,2.0,2025-08-30,under,0.2062181771053629,1.9433962264150944,0.9433962264150944,1.0,False,False,False
2398,0913ad38726cdb12bd9e617e8171b578,572,Kiki Iriafen,kikiiriafen,WAS,points,12.5,-125.0,-104.0,10,10,2025-08-29 17:41:18+00:00,2025-08-29 17:41:18+00:00,2025-08-29 17:41:18+00:00,2025-08-31 00:30:00+00:00,0.0,2025-08-30,2025,REG,GSV,WAS,1.065359477124183,True,,0.5236312520088393,401736364,4898384,16,129689,0,True,False,matched,9.0,2025-08-30,under,0.12263889037313025,1.9615384615384617,0.9615384615384617,1.0,False,False,False
2398,777011264f59485b0ca3429ca1feac48,537,Janelle Salaun,janellesalaun,GSV,points,11.5,-104.0,-125.0,10,10,2025-08-29 17:41:19+00:00,2025-08-29 17:41:19+00:00,2025-08-29 17:41:19+00:00,2025-08-31 00:30:00+00:00,0.0,2025-08-30,2025,REG,GSV,WAS,1.065359477124183,True,,0.4763687479911608,401736364,4790264,129689,16,1,True,False,matched,20.0,2025-08-30,under,0.08297246519398749,1.8,-1.0,1.0,False,False,False
2397,dcc730e49aa8bd0e260da8ea5d7c4131,39,Leila Lacan,leilalacan,CON,assists,4.5,-130.0,-102.0,10,10,2025-08-29 19:14:03+00:00,2025-08-29 19:14:03+00:00,2025-08-29 19:14:03+00:00,2025-08-30 23:00:00+00:00,0.0,2025-08-30,2025,REG,CON,MIN,1.0701678863538528,True,,0.5312123494364493,401736363,5208981,18,8,1,True,False,matched,5.0,2025-08-30,under,0.09657150425229283,1.9803921568627452,-1.0,1.0,False,False,False
2397,3be746100ea14b10d35e6b619673c753,519,Aneesah Morrow,aneesahmorrow,CON,rebounds,8.5,-114.0,-114.0,10,10,2025-08-29 19:14:03+00:00,2025-08-29 19:14:03+00:00,2025-08-29 19:14:03+00:00,2025-08-30 23:00:00+00:00,0.0,2025-08-30,2025,REG,CON,MIN,1.0654205607476634,True,,0.5000000000000001,401736363,4684384,18,8,1,True,False,matched,11.0,2025-08-30,under,0.09307613246944346,1.8771929824561404,-1.0,1.0,False,False,False
2397,07d5f813b1a63932e2207e579978bcce,22,Marina Mabrey,marinamabrey,TOR,rebounds,4.5,102.0,-136.0,10,10,2025-08-29 19:14:03+00:00,2025-08-29 19:14:03+00:00,2025-08-29 19:14:03+00:00,2025-08-30 23:00:00+00:00,0.0,2025-08-30,2025,REG,CON,MIN,1.071320691391173,True,,0.4579067075572801,401736363,3904576,18,8,1,True,False,matched,4.0,2025-08-30,under,0.055230640244039064,1.7352941176470589,0.7352941176470589,1.0,False,False,False
2395,ceae0ac7cea53c9c5ba5f761d6c7e56a,193,Myisha Hines-Allen,myishahinesallen,IND,assists,3.5,-144.0,108.0,10,10,2025-08-29 22:59:33+00:00,2025-08-29 22:59:33+00:00,2025-08-29 22:59:33+00:00,2025-08-29 23:30:00+00:00,0.0,2025-08-29,2025,REG,ATL,DAL,1.0709331651954601,True,,0.5566845205396996,401736361,3142055,3,20,0,True,False,matched,2.0,2025-08-29,under,0.668360133227623,2.08,1.08,1.0,False,False,False
2400,d31303756cead095b036a718e1f69aeb,132,Sabrina Ionescu,sabrinaionescu,NYL,assists,6.5,122.0,-162.0,10,10,2025-08-30 05:06:45+00:00,2025-08-30 05:06:45+00:00,2025-08-30 05:06:45+00:00,2025-08-31 02:00:00+00:00,0.0,2025-08-30,2025,REG,PHX,NYL,1.0687710611374732,True,,0.41310819110441305,401736366,4066533,9,11,0,True,True,did_not_play,,2025-08-30,under,0.1334229256202803,1.617283950617284,0.0,0.0,False,True,False
2400,7d94792cd1b9cd089479ee06e084766b,163,Natasha Cloud,natashacloud,CHI,assists,5.5,108.0,-144.0,10,10,2025-08-30 05:11:49+00:00,2025-08-30 05:11:49+00:00,2025-08-30 05:11:49+00:00,2025-08-31 02:00:00+00:00,0.0,2025-08-30,2025,REG,PHX,NYL,1.0709331651954601,True,,0.4433154794603006,401736366,2529137,9,11,0,True,False,matched,4.0,2025-08-30,under,0.2020726335132983,1.6944444444444444,0.6944444444444444,1.0,False,False,False
2402,0921a95ac740e650e7cd6ae60ff94f45,70,Kelsey Mitchell,kelseymitchell,IND,points,20.5,-113.0,-115.0,10,10,2025-08-30 05:18:18+00:00,2025-08-30 05:18:18+00:00,2025-08-30 05:18:18+00:00,2025-09-01 00:30:00+00:00,0.0,2025-08-31,2025,REG,GSV,IND,1.0654001528551151,True,,0.49774423259931944,401736368,3142191,5,129689,0,True,False,matched,14.0,2025-08-31,under,0.08449123162532823,1.8695652173913042,0.8695652173913042,1.0,False,False,False
2402,2424e074ba21e9f131ddd9d6d4e8ad1c,71,Aliyah Boston,aliyahboston,IND,rebounds,8.5,-104.0,-128.0,10,10,2025-08-30 05:18:18+00:00,2025-08-30 05:18:18+00:00,2025-08-30 05:18:18+00:00,2025-09-01 00:30:00+00:00,0.0,2025-08-31,2025,REG,GSV,IND,1.0712074303405572,True,,0.4732611100971195,401736368,4432831,5,129689,0,True,False,matched,6.0,2025-08-31,under,0.07868982160828064,1.78125,0.78125,1.0,False,False,False
2402,750564116cba25f66cda7cdd4ca7ded6,293,Odyssey Sims,odysseysims,DAL,assists,4.5,132.0,-178.0,10,10,2025-08-30 05:18:18+00:00,2025-08-30 05:18:18+00:00,2025-08-30 05:18:18+00:00,2025-09-01 00:30:00+00:00,0.0,2025-08-31,2025,REG,GSV,IND,1.0713222525427932,True,,0.39151484883498083,401736368,2529047,5,129689,0,True,False,matched,5.0,2025-08-31,under,0.07291265340598935,1.5617977528089888,-1.0,1.0,False,False,False
2402,7de7d196280d5094f0c40af3c7031f0a,56,Natasha Howard,natashahoward,MIN,points,10.5,100.0,-130.0,10,10,2025-08-30 05:18:18+00:00,2025-08-30 05:18:18+00:00,2025-08-30 05:18:18+00:00,2025-09-01 00:30:00+00:00,0.0,2025-08-31,2025,REG,GSV,IND,1.065217391304348,True,,0.4663164946059025,401736368,2529130,5,129689,0,True,False,matched,13.0,2025-08-31,under,0.07016937320951838,1.7692307692307692,-1.0,1.0,False,False,False
2401,b2be9c0e5eac1e1f9e0ee05aae8e85e8,94,Rickea Jackson,rickeajackson,CHI,points,16.5,-110.0,-118.0,10,10,2025-08-30 05:47:25+00:00,2025-08-30 05:47:25+00:00,2025-08-30 05:47:25+00:00,2025-09-01 00:00:00+00:00,0.0,2025-08-31,2025,REG,LAS,WAS,1.0650939274792486,True,,0.4909754767731684,401736367,4433630,6,16,1,True,False,matched,16.0,2025-08-31,under,0.0796978534644856,1.847457627118644,0.847457627118644,1.0,False,False,False
2401,ee82ae3b3f10e8161ef819c0fed1fd1d,101,Kelsey Plum,kelseyplum,LAS,points,20.5,-104.0,-125.0,10,10,2025-08-30 05:47:25+00:00,2025-08-30 05:47:25+00:00,2025-08-30 05:47:25+00:00,2025-09-01 00:00:00+00:00,0.0,2025-08-31,2025,REG,LAS,WAS,1.065359477124183,True,,0.4763687479911608,401736367,3065570,6,16,1,True,False,matched,18.0,2025-08-31,under,0.066180423269534,1.8,0.8,1.0,False,False,False
2401,b1c6ec900e0e4d34af7dd1c01383acee,87,Cameron Brink,cameronbrink,LAS,rebounds,4.5,-166.0,124.0,10,10,2025-08-30 05:47:26+00:00,2025-08-30 05:47:26+00:00,2025-08-30 05:47:26+00:00,2025-09-01 00:00:00+00:00,0.0,2025-08-31,2025,REG,LAS,WAS,1.0704887218045114,True,,0.5920365770215091,401736367,4433404,6,16,1,True,False,matched,2.0,2025-08-31,under,0.2940155726462697,2.24,1.2400000000000002,1.0,False,False,False
2401,c06c3582cfdf969f768cef17d0a6d0ec,89,Dearica Hamby,dearicahamby,LAS,points,17.5,-120.0,-108.0,10,10,2025-08-30 05:47:26+00:00,2025-08-30 05:47:26+00:00,2025-08-30 05:47:26+00:00,2025-09-01 00:00:00+00:00,0.0,2025-08-31,2025,REG,LAS,WAS,1.0646853146853146,True,,0.5135396953663074,401736367,2566106,6,16,1,True,False,matched,20.0,2025-08-31,under,0.06310567514529886,1.925925925925926,-1.0,1.0,False,False,False
2398,9ff6fdfcbed63b8e76647ad8e9ffea57,149,Sug Sutton,sugsutton,DAL,points,9.5,190.0,-270.0,60,60,2025-08-30 18:57:56+00:00,2025-08-30 18:57:56+00:00,2025-08-30 18:57:56+00:00,2025-08-31 00:30:00+00:00,0.0,2025-08-30,2025,REG,GSV,WAS,1.0745573159366264,True,,0.2998418633437753,401736364,4068159,16,129689,0,True,False,matched,17.0,2025-08-30,under,0.09630353824145318,1.3703703703703702,-1.0,1.0,False,False,False
2399,6b85bb9efd24497885ba109662f81f8b,208,Gabby Williams,gabbywilliams,GSV,points,10.5,-114.0,-114.0,10,10,2025-08-30 19:11:04+00:00,2025-08-30 19:11:04+00:00,2025-08-30 19:11:04+00:00,2025-08-31 01:00:00+00:00,0.0,2025-08-30,2025,REG,SEA,CHI,1.0654205607476634,True,,0.5000000000000001,401736365,3142328,14,19,1,True,False,matched,12.0,2025-08-30,under,0.08678358101661993,1.8771929824561404,-1.0,1.0,False,False,False
2397,b2e4e127f5689b0cb1713851c155e37c,115,Natisha Hiedeman,natishahiedeman,SEA,threes,0.5,-192.0,142.0,10,10,2025-08-30 19:31:16+00:00,2025-08-30 19:31:16+00:00,2025-08-30 19:31:16+00:00,2025-08-30 23:00:00+00:00,0.0,2025-08-30,2025,REG,CON,MIN,1.0707573870712102,True,,0.6266397913999663,401736363,3906753,8,18,0,True,False,matched,0.0,2025-08-30,under,0.10729986062012953,2.42,1.42,1.0,False,False,False
2399,37d88b761aefa264a0ba4ccea8b716c1,36,Rachel Banham,rachelbanham,CHI,points,9.5,178.0,-244.0,60,60,2025-08-30 23:06:30+00:00,2025-08-30 23:06:30+00:00,2025-08-30 23:06:30+00:00,2025-08-31 01:00:00+00:00,0.0,2025-08-30,2025,REG,SEA,CHI,1.0690145557972226,True,,0.3188533774347294,401736365,2566186,19,14,0,True,False,matched,5.0,2025-08-30,over,0.0700855838879848,2.7800000000000002,-1.0,1.0,False,False,False
2398,be6d4511410fbb5c587ca19ba83e3959,13,Iliana Rupert,ilianarupert,GSV,points,10.5,-128.0,-102.0,10,10,2025-08-31 00:08:22+00:00,2025-08-31 00:08:22+00:00,2025-08-31 00:08:22+00:00,2025-08-31 00:30:00+00:00,0.0,2025-08-30,2025,REG,GSV,WAS,1.0663540038214347,True,,0.5291749480305961,401736364,4790263,129689,16,1,True,False,matched,7.0,2025-08-30,under,0.5005236823303872,1.9803921568627452,0.9803921568627452,1.0,False,False,False
2400,ff31425b016a96c7be436ebe0e9885a6,130,Kennedy Burke,kennedyburke,CON,points,9.5,-110.0,-118.0,10,10,2025-08-31 00:08:24+00:00,2025-08-31 00:08:24+00:00,2025-08-31 00:08:24+00:00,2025-08-31 02:00:00+00:00,0.0,2025-08-30,2025,REG,PHX,NYL,1.0650939274792486,True,,0.4909754767731684,401736366,3922628,9,11,0,True,False,matched,1.0,2025-08-30,under,0.25663558729087055,1.847457627118644,0.847457627118644,1.0,False,False,False
2400,ef909201aeded709e90807d3723cff8d,147,Leonie Fiebich,leoniefiebich,NYL,points,9.5,-104.0,-125.0,10,10,2025-08-31 00:18:15+00:00,2025-08-31 00:18:15+00:00,2025-08-31 00:18:15+00:00,2025-08-31 02:00:00+00:00,0.0,2025-08-30,2025,REG,PHX,NYL,1.065359477124183,True,,0.4763687479911608,401736366,4683006,9,11,0,True,False,matched,4.0,2025-08-30,under,0.1584653124967536,1.8,0.8,1.0,False,False,False
2402,aa04cdd3f923369c09fd8608a3aa37bd,55,Veronica Burton,veronicaburton,GSV,rebounds,4.5,-114.0,-114.0,10,10,2025-08-31 02:47:00+00:00,2025-08-31 02:47:00+00:00,2025-08-31 02:47:00+00:00,2025-09-01 00:30:00+00:00,0.0,2025-08-31,2025,REG,GSV,IND,1.0654205607476634,True,,0.5000000000000001,401736368,4398935,129689,5,1,True,False,matched,7.0,2025-08-31,under,0.15351195654567562,1.8771929824561404,-1.0,1.0,False,False,False
2402,fdded575b1934caeb5de77ade0fb39fc,537,Janelle Salaun,janellesalaun,GSV,points,12.5,-102.0,-128.0,10,10,2025-08-31 02:47:00+00:00,2025-08-31 02:47:00+00:00,2025-08-31 02:47:00+00:00,2025-09-01 00:30:00+00:00,0.0,2025-08-31,2025,REG,GSV,IND,1.0663540038214347,True,,0.47082505196940394,401736368,4790264,129689,5,1,True,False,matched,10.0,2025-08-31,under,0.12002496720379335,1.78125,0.78125,1.0,False,False,False
2401,c9a730bda543a82cfd432d456825cea8,572,Kiki Iriafen,kikiiriafen,WAS,rebounds,8.5,-132.0,100.0,10,10,2025-08-31 03:07:14+00:00,2025-08-31 03:07:14+00:00,2025-08-31 03:07:14+00:00,2025-09-01 00:00:00+00:00,0.0,2025-08-31,2025,REG,LAS,WAS,1.0689655172413794,True,,0.5356937238338165,401736367,4898384,16,6,0,True,False,matched,13.0,2025-08-31,under,0.05994790181807208,2.0,-1.0,1.0,False,False,False
2401,45ef47cacbf57b978b3e90747db8e6c2,573,Sonia Citron,soniacitron,WAS,assists,2.5,-158.0,118.0,10,10,2025-08-31 03:07:15+00:00,2025-08-31 03:07:15+00:00,2025-08-31 03:07:15+00:00,2025-09-01 00:00:00+00:00,0.0,2025-08-31,2025,REG,LAS,WAS,1.0711186971054691,True,,0.5796527091990534,401736367,4433524,16,6,0,True,False,matched,3.0,2025-08-31,under,0.2987219123662801,2.1799999999999997,-1.0,1.0,False,False,False
2403,aa69ff3a01256be0829eef77c1ad3378,15,Rhyne Howard,rhynehoward,ATL,points,17.5,-113.0,-115.0,10,10,2025-08-31 05:14:23+00:00,2025-08-31 05:14:23+00:00,2025-08-31 05:14:23+00:00,2025-09-01 17:00:00+00:00,0.0,2025-09-01,2025,REG,CON,ATL,1.0654001528551151,True,,0.49774423259931944,401736369,4398674,20,18,0,True,False,matched,23.0,2025-09-01,under,0.14255518316271887,1.8695652173913042,-1.0,1.0,False,False,False
2403,229abb586b75077e6d75e2db0a6c444e,1,Allisha Gray,allishagray,ATL,points,17.5,-118.0,-110.0,10,10,2025-08-31 05:14:23+00:00,2025-08-31 05:14:23+00:00,2025-08-31 05:14:23+00:00,2025-09-01 17:00:00+00:00,0.0,2025-09-01,2025,REG,CON,ATL,1.0650939274792486,True,,0.5090245232268319,401736369,3058901,20,18,0,True,False,matched,17.0,2025-09-01,under,0.10403821388514273,1.9090909090909092,0.9090909090909092,1.0,False,False,False
2403,cabf384e6b82696f1cd78022df3f7997,49,Brionna Jones,brionnajones,ATL,points,12.5,-114.0,-114.0,10,10,2025-08-31 05:14:23+00:00,2025-08-31 05:14:23+00:00,2025-08-31 05:14:23+00:00,2025-09-01 17:00:00+00:00,0.0,2025-09-01,2025,REG,CON,ATL,1.0654205607476634,True,,0.5000000000000001,401736369,3058895,20,18,0,True,False,matched,10.0,2025-09-01,under,0.08249179883616703,1.8771929824561404,0.8771929824561404,1.0,False,False,False
2403,6f0920cd4aeb82ea2fa53568e65e211e,22,Marina Mabrey,marinamabrey,TOR,threes,1.5,-166.0,124.0,10,10,2025-08-31 05:14:23+00:00,2025-08-31 05:14:23+00:00,2025-08-31 05:14:23+00:00,2025-09-01 17:00:00+00:00,0.0,2025-09-01,2025,REG,CON,ATL,1.0704887218045114,True,,0.5920365770215091,401736369,3904576,18,20,1,True,False,matched,1.0,2025-09-01,under,0.06311038450962869,2.24,1.2400000000000002,1.0,False,False,False
2403,d81b1f60581b78eceed98f5a22cea6fb,39,Leila Lacan,leilalacan,CON,assists,4.5,-158.0,118.0,10,10,2025-08-31 05:14:24+00:00,2025-08-31 05:14:24+00:00,2025-08-31 05:14:24+00:00,2025-09-01 17:00:00+00:00,0.0,2025-09-01,2025,REG,CON,ATL,1.0711186971054691,True,,0.5796527091990534,401736369,5208981,18,20,1,True,False,matched,4.0,2025-09-01,under,0.22393365166474044,2.1799999999999997,1.1799999999999997,1.0,False,False,False
2404,eda76587d57f5465d63905c3666a4c17,117,Courtney Williams,courtneywilliams,MIN,rebounds,4.5,-138.0,104.0,10,10,2025-08-31 05:33:16+00:00,2025-08-31 05:33:16+00:00,2025-08-31 05:33:16+00:00,2025-09-02 00:00:00+00:00,0.0,2025-09-01,2025,REG,MIN,DAL,1.0700280112044818,True,,0.5464208361470752,401736370,2987891,8,3,1,True,False,matched,3.0,2025-09-01,under,0.13538354147161463,2.04,1.04,1.0,False,False,False
2404,f5b9905ef38b71b741deef7e82899829,528,Paige Bueckers,paigebueckers,DAL,rebounds,3.5,-114.0,-114.0,10,10,2025-08-31 05:33:16+00:00,2025-08-31 05:33:16+00:00,2025-08-31 05:33:16+00:00,2025-09-02 00:00:00+00:00,0.0,2025-09-01,2025,REG,MIN,DAL,1.0654205607476634,True,,0.5000000000000001,401736370,4433730,3,8,0,True,False,matched,1.0,2025-09-01,under,0.13424576381688802,1.8771929824561404,0.8771929824561404,1.0,False,False,False
2404,058c789f8d04deb0360a3b5c12c6d614,112,Napheesa Collier,napheesacollier,MIN,rebounds,8.5,104.0,-138.0,10,10,2025-08-31 05:33:16+00:00,2025-08-31 05:33:16+00:00,2025-08-31 05:33:16+00:00,2025-09-02 00:00:00+00:00,0.0,2025-09-01,2025,REG,MIN,DAL,1.0700280112044818,True,,0.4535791638529251,401736370,3917450,8,3,1,True,False,matched,3.0,2025-09-01,under,0.08788466692350316,1.7246376811594204,0.7246376811594204,1.0,False,False,False
2404,d3559d8aba1e4a371b757471016f4181,125,Kayla McBride,kaylamcbride,MIN,threes,2.5,-112.0,-118.0,10,10,2025-08-31 05:33:16+00:00,2025-08-31 05:33:16+00:00,2025-08-31 05:33:16+00:00,2025-09-02 00:00:00+00:00,0.0,2025-09-01,2025,REG,MIN,DAL,1.0695862904621776,True,,0.49327872882454105,401736370,2529205,8,3,1,True,True,did_not_play,,2025-09-01,over,0.06593980033743391,1.8928571428571428,0.0,0.0,False,True,False
2404,e48e66245a1cffc151af04e064c7098d,193,Myisha Hines-Allen,myishahinesallen,IND,points,9.5,-128.0,-102.0,10,10,2025-08-31 05:42:50+00:00,2025-08-31 05:42:50+00:00,2025-08-31 05:42:50+00:00,2025-09-02 00:00:00+00:00,0.0,2025-09-01,2025,REG,MIN,DAL,1.0663540038214347,True,,0.5291749480305961,401736370,3142055,3,8,0,True,False,matched,7.0,2025-09-01,under,0.33749163612993827,1.9803921568627452,0.9803921568627452,1.0,False,False,False
2404,382d23e2e1fab6ea3fac529dc82ff4ff,61,Maddy Siegrist,maddysiegrist,DAL,rebounds,4.5,-158.0,118.0,10,10,2025-08-31 05:42:50+00:00,2025-08-31 05:42:50+00:00,2025-08-31 05:42:50+00:00,2025-09-02 00:00:00+00:00,0.0,2025-09-01,2025,REG,MIN,DAL,1.0711186971054691,True,,0.5796527091990534,401736370,4399415,3,8,0,True,False,matched,4.0,2025-09-01,under,0.29922728096102497,2.1799999999999997,1.1799999999999997,1.0,False,False,False
2405,495d80bd6f10a422ba5fe63a0eb95137,180,Nneka Ogwumike,nnekaogwumike,LAS,rebounds,7.5,-108.0,-122.0,10,10,2025-08-31 06:17:23+00:00,2025-08-31 06:17:23+00:00,2025-08-31 06:17:23+00:00,2025-09-02 02:00:00+00:00,0.0,2025-09-01,2025,REG,SEA,LAS,1.0687803187803186,True,,0.48431040390879443,401736371,1068,14,6,1,True,False,matched,3.0,2025-09-01,under,0.18791777028104,1.819672131147541,0.819672131147541,1.0,False,False,False
2405,c257b7212a2a889cf9529792309b4ef4,208,Gabby Williams,gabbywilliams,GSV,points,11.5,-106.0,-122.0,10,10,2025-08-31 06:17:23+00:00,2025-08-31 06:17:23+00:00,2025-08-31 06:17:23+00:00,2025-09-02 02:00:00+00:00,0.0,2025-09-01,2025,REG,SEA,LAS,1.064112656345666,True,,0.4819416314468661,401736371,3142328,14,6,1,True,False,matched,8.0,2025-09-01,under,0.10474666250031434,1.819672131147541,0.819672131147541,1.0,False,False,False
2401,c99013787c1e62f79b9e8ee5226ca234,84,Julie Allemand,julieallemand,TOR,rebounds,3.5,-136.0,104.0,10,10,2025-08-31 23:30:42+00:00,2025-08-31 23:30:42+00:00,2025-08-31 23:30:42+00:00,2025-09-01 00:00:00+00:00,0.0,2025-08-31,2025,REG,LAS,WAS,1.0664672648720506,True,,0.5444880602493525,401736367,4001679,6,16,1,True,False,matched,6.0,2025-08-31,under,0.07939521603718791,2.04,-1.0,1.0,False,False,False
2401,f86951fd526e4578605d62071b6d8db2,149,Sug Sutton,sugsutton,DAL,points,7.5,-118.0,-110.0,10,10,2025-08-31 23:59:22+00:00,2025-08-31 23:59:22+00:00,2025-08-31 23:59:22+00:00,2025-09-01 00:00:00+00:00,0.0,2025-08-31,2025,REG,LAS,WAS,1.0650939274792486,True,,0.5090245232268319,401736367,4068159,16,6,0,True,False,matched,2.0,2025-08-31,under,0.19788957475230246,1.9090909090909092,0.9090909090909092,1.0,False,False,False
2402,a1b6ee167b35f97a58e849a1e440e16f,13,Iliana Rupert,ilianarupert,GSV,points,14.5,326.0,-435.0,60,60,2025-09-01 00:06:38+00:00,2025-09-01 00:06:38+00:00,2025-09-01 00:06:38+00:00,2025-09-01 00:30:00+00:00,0.0,2025-08-31,2025,REG,GSV,IND,1.0478258961870914,True,,0.2033895549305386,401736368,4790263,129689,5,1,True,False,matched,21.0,2025-08-31,under,0.08382917544500768,1.2298850574712643,-1.0,1.0,False,False,False
2402,8921e9135ab6f87dd41224b2210f0268,72,Temi Fagbenle,temifagbenle,TOR,points,6.5,-120.0,-110.0,13,13,2025-09-01 00:08:26+00:00,2025-09-01 00:08:26+00:00,2025-09-01 00:08:26+00:00,2025-09-01 00:30:00+00:00,0.0,2025-08-31,2025,REG,GSV,IND,1.0692640692640691,True,,0.5112040114787568,401736368,2569044,129689,5,1,True,False,matched,6.0,2025-08-31,under,0.1269243401072354,1.9090909090909092,0.9090909090909092,1.0,False,False,False
2405,ae10827201b71c570aabac5e00085779,101,Kelsey Plum,kelseyplum,LAS,assists,5.5,-106.0,-125.0,10,10,2025-09-01 02:16:47+00:00,2025-09-01 02:16:47+00:00,2025-09-01 02:16:47+00:00,2025-09-02 02:00:00+00:00,0.0,2025-09-01,2025,REG,SEA,LAS,1.070118662351672,True,,0.4787708928615623,401736371,3065570,6,14,0,True,False,matched,7.0,2025-09-01,under,0.1258752885309975,1.8,-1.0,1.0,False,False,False
2405,68e2a5b06146b3cf3a44a597236a7023,94,Rickea Jackson,rickeajackson,CHI,points,15.5,-114.0,-114.0,10,10,2025-09-01 02:16:47+00:00,2025-09-01 02:16:47+00:00,2025-09-01 02:16:47+00:00,2025-09-02 02:00:00+00:00,0.0,2025-09-01,2025,REG,SEA,LAS,1.0654205607476634,True,,0.5000000000000001,401736371,4433630,6,14,0,True,False,matched,23.0,2025-09-01,under,0.12175571331648416,1.8771929824561404,-1.0,1.0,False,False,False
2405,e10315c49cf36b5d444e12ec507de908,89,Dearica Hamby,dearicahamby,LAS,rebounds,7.5,-114.0,-114.0,10,10,2025-09-01 02:16:47+00:00,2025-09-01 02:16:47+00:00,2025-09-01 02:16:47+00:00,2025-09-02 02:00:00+00:00,0.0,2025-09-01,2025,REG,SEA,LAS,1.0654205607476634,True,,0.5000000000000001,401736371,2566106,6,14,0,True,False,matched,11.0,2025-09-01,under,0.07066679750203364,1.8771929824561404,-1.0,1.0,False,False,False
2405,0665d25415de9062dbc9b070b2565ae4,176,Ezi Magbegor,ezimagbegor,SEA,rebounds,6.5,-114.0,-114.0,10,10,2025-09-01 02:35:17+00:00,2025-09-01 02:35:17+00:00,2025-09-01 02:35:17+00:00,2025-09-02 02:00:00+00:00,0.0,2025-09-01,2025,REG,SEA,LAS,1.0654205607476634,True,,0.5000000000000001,401736371,4420318,14,6,1,True,False,matched,5.0,2025-09-01,under,0.1537180090435502,1.8771929824561404,0.8771929824561404,1.0,False,False,False
2405,cc29e21877684b022452a8ef9b74315c,87,Cameron Brink,cameronbrink,LAS,points,5.5,-115.0,-113.0,10,10,2025-09-01 02:35:17+00:00,2025-09-01 02:35:17+00:00,2025-09-01 02:35:17+00:00,2025-09-02 02:00:00+00:00,0.0,2025-09-01,2025,REG,SEA,LAS,1.0654001528551151,True,,0.5022557674006809,401736371,4433404,6,14,0,True,False,matched,9.0,2025-09-01,under,0.10667544613478908,1.8849557522123894,-1.0,1.0,False,False,False
2403,4d9df2db23e12875da1d5f019552340c,16,Naz Hillmon,nazhillmon,ATL,points,8.5,100.0,-130.0,10,10,2025-09-01 04:46:57+00:00,2025-09-01 04:46:57+00:00,2025-09-01 04:46:57+00:00,2025-09-01 17:00:00+00:00,0.0,2025-09-01,2025,REG,CON,ATL,1.065217391304348,True,,0.4663164946059025,401736369,4398915,20,18,0,True,False,matched,17.0,2025-09-01,under,0.09256336629333539,1.7692307692307692,-1.0,1.0,False,False,False
2406,ca9e2f532f5490e3aabd12634403d41d,293,Odyssey Sims,odysseysims,DAL,threes,1.5,164.0,-225.0,10,10,2025-09-01 04:46:59+00:00,2025-09-01 04:46:59+00:00,2025-09-01 04:46:59+00:00,2025-09-03 02:00:00+00:00,0.0,2025-09-02,2025,REG,PHX,IND,1.0710955710955712,True,,0.33738864980507277,401736373,2529047,5,11,0,True,False,matched,1.0,2025-09-02,under,0.1735483099103355,1.4444444444444444,0.4444444444444444,1.0,False,False,False
2406,8eb8a5b418edd771449dc86316bc5f9d,54,Satou Sabally,satousabally,NYL,rebounds,5.5,-106.0,-125.0,10,10,2025-09-01 04:46:59+00:00,2025-09-01 04:46:59+00:00,2025-09-01 04:46:59+00:00,2025-09-03 02:00:00+00:00,0.0,2025-09-02,2025,REG,PHX,IND,1.070118662351672,True,,0.4787708928615623,401736373,4281929,11,5,1,True,False,matched,2.0,2025-09-02,under,0.12745830330931462,1.8,0.8,1.0,False,False,False
2406,bdc5f06bf186d05837ea91f78948a2cb,56,Natasha Howard,natashahoward,MIN,points,9.5,-130.0,100.0,10,10,2025-09-01 04:46:59+00:00,2025-09-01 04:46:59+00:00,2025-09-01 04:46:59+00:00,2025-09-03 02:00:00+00:00,0.0,2025-09-02,2025,REG,PHX,IND,1.065217391304348,True,,0.5336835053940976,401736373,2529130,5,11,0,True,False,matched,4.0,2025-09-02,under,0.10496384719016055,2.0,1.0,1.0,False,False,False
2407,82283c0f912b18d1337720c3723ae3c8,141,Jonquel Jones,jonqueljones,NYL,assists,3.5,124.0,-166.0,10,10,2025-09-01 06:26:59+00:00,2025-09-01 06:26:59+00:00,2025-09-01 06:26:59+00:00,2025-09-03 02:00:00+00:00,0.0,2025-09-02,2025,REG,GSV,NYL,1.0704887218045114,True,,0.40796342297849103,401736372,2999101,9,129689,0,True,False,matched,1.0,2025-09-02,under,0.11086699771336911,1.6024096385542168,0.6024096385542168,1.0,False,False,False
2407,5123c696f5ff48dc874e0394d08c4dc1,137,Breanna Stewart,breannastewart,NYL,points,15.5,102.0,-132.0,10,10,2025-09-01 06:26:59+00:00,2025-09-01 06:26:59+00:00,2025-09-01 06:26:59+00:00,2025-09-03 02:00:00+00:00,0.0,2025-09-02,2025,REG,GSV,NYL,1.0640150221918745,True,,0.4618487426836327,401736372,2998928,9,129689,0,True,False,matched,19.0,2025-09-02,under,0.09646345623250091,1.7575757575757576,-1.0,1.0,False,False,False
2407,d18328dbfbedee7c911ceb7c48c4ea9f,537,Janelle Salaun,janellesalaun,GSV,threes,1.5,124.0,-166.0,10,10,2025-09-01 06:26:59+00:00,2025-09-01 06:26:59+00:00,2025-09-01 06:26:59+00:00,2025-09-03 02:00:00+00:00,0.0,2025-09-02,2025,REG,GSV,NYL,1.0704887218045114,True,,0.40796342297849103,401736372,4790264,129689,9,1,True,False,matched,2.0,2025-09-02,over,0.07464481528613187,2.24,1.2400000000000002,1.0,False,False,False
2407,84dab046ba6fa7def38c32707e8be5ef,55,Veronica Burton,veronicaburton,GSV,assists,6.5,-158.0,118.0,10,10,2025-09-01 06:27:00+00:00,2025-09-01 06:27:00+00:00,2025-09-01 06:27:00+00:00,2025-09-03 02:00:00+00:00,0.0,2025-09-02,2025,REG,GSV,NYL,1.0711186971054691,True,,0.5796527091990534,401736372,4398935,129689,9,1,True,False,matched,9.0,2025-09-02,under,0.27927385053574294,2.1799999999999997,-1.0,1.0,False,False,False
2404,7ce1936e64fe8b4be2e065171bbbd1e3,115,Natisha Hiedeman,natishahiedeman,SEA,threes,1.5,138.0,-186.0,10,10,2025-09-01 13:54:40+00:00,2025-09-01 13:54:40+00:00,2025-09-01 13:54:40+00:00,2025-09-02 00:00:00+00:00,0.0,2025-09-01,2025,REG,MIN,DAL,1.070517717576541,True,,0.3807086475713989,401736370,3906753,8,3,1,True,False,matched,4.0,2025-09-01,under,0.22717611686631037,1.5376344086021505,-1.0,1.0,False,False,False
2404,5523bc437d25204c78b7a607ec496af4,48,DiJonai Carrington,dijonaicarrington,CHI,points,11.5,-114.0,-114.0,10,10,2025-09-01 15:17:34+00:00,2025-09-01 15:17:34+00:00,2025-09-01 15:17:34+00:00,2025-09-02 00:00:00+00:00,0.0,2025-09-01,2025,REG,MIN,DAL,1.0654205607476634,True,,0.5000000000000001,401736370,4066548,8,3,1,True,False,matched,4.0,2025-09-01,under,0.280868376557247,1.8771929824561404,0.8771929824561404,1.0,False,False,False
2403,e538707f204c532a23995c327017b5e5,2,Jordin Canada,jordincanada,ATL,assists,4.5,114.0,-152.0,10,10,2025-09-01 16:24:21+00:00,2025-09-01 16:24:21+00:00,2025-09-01 16:24:21+00:00,2025-09-01 17:00:00+00:00,0.0,2025-09-01,2025,REG,CON,ATL,1.0704643228007713,True,,0.42960347247450675,401736369,3142250,20,18,0,True,False,matched,1.0,2025-09-01,over,0.3893715914006681,2.1399999999999997,-1.0,1.0,False,False,False
2403,718aa80473f70662e17f9a9e5529af9e,519,Aneesah Morrow,aneesahmorrow,CON,points,8.5,-115.0,-115.0,36,36,2025-09-01 16:37:43+00:00,2025-09-01 16:37:43+00:00,2025-09-01 16:37:43+00:00,2025-09-01 17:00:00+00:00,0.0,2025-09-01,2025,REG,CON,ATL,1.0697674418604652,True,,0.5,401736369,4684384,18,20,1,True,False,matched,6.0,2025-09-01,under,0.11865535853729398,1.8695652173913042,0.8695652173913042,1.0,False,False,False
2405,c0e91a58eaffe4df0771f8b4603180aa,82,Azura Stevens,azurastevens,CHI,threes,1.5,126.0,-168.0,10,10,2025-09-01 21:23:53+00:00,2025-09-01 21:23:53+00:00,2025-09-01 21:23:53+00:00,2025-09-02 02:00:00+00:00,0.0,2025-09-01,2025,REG,SEA,LAS,1.0693435477479856,True,,0.4045224464881516,401736371,3142010,6,14,0,True,False,matched,1.0,2025-09-01,over,0.08422523042144392,2.26,-1.0,1.0,False,False,False
2405,4258128097b3fe844f26f0fff11082ad,570,Dominique Malonga,dominiquemalonga,SEA,rebounds,7.5,-114.0,-114.0,10,10,2025-09-02 00:28:37+00:00,2025-09-02 00:28:37+00:00,2025-09-02 00:28:37+00:00,2025-09-02 02:00:00+00:00,0.0,2025-09-01,2025,REG,SEA,LAS,1.0654205607476634,True,,0.5000000000000001,401736371,5220150,14,6,1,True,False,matched,2.0,2025-09-01,under,0.16925630274490855,1.8771929824561404,0.8771929824561404,1.0,False,False,False
2405,3190062123dd0e3ec3ec11cae70dd65b,84,Julie Allemand,julieallemand,TOR,rebounds,3.5,-172.0,128.0,10,10,2025-09-02 01:52:27+00:00,2025-09-02 01:52:27+00:00,2025-09-02 01:52:27+00:00,2025-09-02 02:00:00+00:00,0.0,2025-09-01,2025,REG,SEA,LAS,1.0709494324045408,True,,0.6004234693007796,401736371,4001679,6,14,0,True,False,matched,3.0,2025-09-01,under,0.13498470406626495,2.2800000000000002,1.2800000000000002,1.0,False,False,False
2407,90016bce83097946b2722b5b464eac9f,163,Natasha Cloud,natashacloud,CHI,points,9.5,-115.0,-113.0,10,10,2025-09-02 03:03:08+00:00,2025-09-02 03:03:08+00:00,2025-09-02 03:03:08+00:00,2025-09-03 02:00:00+00:00,0.0,2025-09-02,2025,REG,GSV,NYL,1.0654001528551151,True,,0.5022557674006809,401736372,2529137,9,129689,0,True,False,matched,19.0,2025-09-02,under,0.12346465688226504,1.8849557522123894,-1.0,1.0,False,False,False
2407,b794261dd2c1b7061ebbd52f1e819f2e,13,Iliana Rupert,ilianarupert,GSV,points,10.5,105.0,-150.0,33,33,2025-09-02 03:04:16+00:00,2025-09-02 03:04:16+00:00,2025-09-02 03:04:16+00:00,2025-09-03 02:00:00+00:00,0.0,2025-09-02,2025,REG,GSV,NYL,1.0878048780487806,True,,0.44129415758498114,401736372,4790263,129689,9,1,True,False,matched,2.0,2025-09-02,under,0.14514915732374456,1.6666666666666665,0.6666666666666665,1.0,False,False,False
2407,c10959fd19b25db1c131610223c65762,147,Leonie Fiebich,leoniefiebich,NYL,points,9.5,115.0,-165.0,33,33,2025-09-02 03:04:16+00:00,2025-09-02 03:04:16+00:00,2025-09-02 03:04:16+00:00,2025-09-03 02:00:00+00:00,0.0,2025-09-02,2025,REG,GSV,NYL,1.0877577885037297,True,,0.41756450654041355,401736372,4683006,9,129689,0,True,False,matched,3.0,2025-09-02,under,0.1270489194759188,1.606060606060606,0.606060606060606,1.0,False,False,False
2406,ba0c8bb0f62934f3a7518d341bc4b9dd,45,DeWanna Bonner,dewannabonner,PHO,points,11.5,102.0,-132.0,10,10,2025-09-02 05:24:05+00:00,2025-09-02 05:24:05+00:00,2025-09-02 05:24:05+00:00,2025-09-03 02:00:00+00:00,0.0,2025-09-02,2025,REG,PHX,IND,1.0640150221918745,True,,0.4618487426836327,401736373,869,11,5,1,True,False,matched,19.0,2025-09-02,under,0.05497796974562763,1.7575757575757576,-1.0,1.0,False,False,False
2409,259060e2b22ba4c1ac52f2e49f7e3f0d,39,Leila Lacan,leilalacan,CON,assists,4.5,-158.0,118.0,10,10,2025-09-02 06:07:46+00:00,2025-09-02 06:07:46+00:00,2025-09-02 06:07:46+00:00,2025-09-04 00:00:00+00:00,0.0,2025-09-03,2025,REG,CHI,CON,1.0711186971054691,True,,0.5796527091990534,401736375,5208981,18,19,0,True,False,matched,1.0,2025-09-03,under,0.25875009056728976,2.1799999999999997,1.1799999999999997,1.0,False,False,False
2407,dac152b12a5dd03e4d407053f33921e5,58,Carla Leite,carlaleite,PDX,points,10.5,-105.0,-135.0,33,33,2025-09-02 06:19:58+00:00,2025-09-02 06:19:58+00:00,2025-09-02 06:19:58+00:00,2025-09-03 02:00:00+00:00,0.0,2025-09-02,2025,REG,GSV,NYL,1.0866632070576026,True,,0.46744138600370294,401736372,5208982,129689,9,1,True,False,matched,6.0,2025-09-02,under,0.2311125443261094,1.7407407407407407,0.7407407407407407,1.0,False,False,False
2409,c217dae37c3d41614107bf98a5138cc0,185,Ariel Atkins,arielatkins,LAS,rebounds,3.5,-152.0,114.0,10,10,2025-09-02 06:27:10+00:00,2025-09-02 06:27:10+00:00,2025-09-02 06:27:10+00:00,2025-09-04 00:00:00+00:00,0.0,2025-09-03,2025,REG,CHI,CON,1.0704643228007713,True,,0.5703965275254933,401736375,3146151,19,18,1,True,False,matched,6.0,2025-09-03,under,0.21589611939675396,2.1399999999999997,-1.0,1.0,False,False,False
2409,93cffe72ac02ff37a8b0fb06d4586d1b,30,Kamilla Cardoso,kamillacardoso,CHI,rebounds,9.5,-130.0,-102.0,10,10,2025-09-02 06:27:10+00:00,2025-09-02 06:27:10+00:00,2025-09-02 06:27:10+00:00,2025-09-04 00:00:00+00:00,0.0,2025-09-03,2025,REG,CHI,CON,1.0701678863538528,True,,0.5312123494364493,401736375,4433405,19,18,1,True,False,matched,5.0,2025-09-03,under,0.1883686414590744,1.9803921568627452,0.9803921568627452,1.0,False,False,False
2409,a71911be990280b35ee0e42ada36a9b0,26,Angel Reese,angelreese,ATL,rebounds,12.5,-144.0,108.0,10,10,2025-09-02 06:27:10+00:00,2025-09-02 06:27:10+00:00,2025-09-02 06:27:10+00:00,2025-09-04 00:00:00+00:00,0.0,2025-09-03,2025,REG,CHI,CON,1.0709331651954601,True,,0.5566845205396996,401736375,4433402,19,18,1,True,False,matched,13.0,2025-09-03,under,0.09944893081883893,2.08,-1.0,1.0,False,False,False
2408,0bcc478f5a7c036e4c68e0a5a84979e3,89,Dearica Hamby,dearicahamby,LAS,points,16.5,-130.0,100.0,10,10,2025-09-02 06:47:20+00:00,2025-09-02 06:47:20+00:00,2025-09-02 06:47:20+00:00,2025-09-03 23:30:00+00:00,0.0,2025-09-03,2025,REG,ATL,LAS,1.065217391304348,True,,0.5336835053940976,401736374,2566106,6,20,0,True,False,matched,21.0,2025-09-03,under,0.23495543629142762,2.0,-1.0,1.0,False,False,False
2408,52a4a10e75cbf220bd6aa7ecd81d3552,94,Rickea Jackson,rickeajackson,CHI,points,14.5,-120.0,-108.0,10,10,2025-09-02 06:47:20+00:00,2025-09-02 06:47:20+00:00,2025-09-02 06:47:20+00:00,2025-09-03 23:30:00+00:00,0.0,2025-09-03,2025,REG,ATL,LAS,1.0646853146853146,True,,0.5135396953663074,401736374,4433630,6,20,0,True,False,matched,15.0,2025-09-03,under,0.14453002134336895,1.925925925925926,-1.0,1.0,False,False,False
2408,b6bb0de6fdf2cbb27bcb4532c204734a,16,Naz Hillmon,nazhillmon,ATL,points,8.5,-125.0,-104.0,10,10,2025-09-02 06:47:20+00:00,2025-09-02 06:47:20+00:00,2025-09-02 06:47:20+00:00,2025-09-03 23:30:00+00:00,0.0,2025-09-03,2025,REG,ATL,LAS,1.065359477124183,True,,0.5236312520088393,401736374,4398915,20,6,1,True,False,matched,15.0,2025-09-03,under,0.13443970012349798,1.9615384615384617,-1.0,1.0,False,False,False
2408,041c5ceff806415ae5d091d0b4a0b8dd,49,Brionna Jones,brionnajones,ATL,rebounds,6.5,-132.0,100.0,10,10,2025-09-02 06:47:20+00:00,2025-09-02 06:47:20+00:00,2025-09-02 06:47:20+00:00,2025-09-03 23:30:00+00:00,0.0,2025-09-03,2025,REG,ATL,LAS,1.0689655172413794,True,,0.5356937238338165,401736374,3058895,20,6,1,True,False,matched,13.0,2025-09-03,under,0.12273665372713904,2.0,-1.0,1.0,False,False,False
2408,871c06fa2dec4ff542d05d21f9a1db2a,2,Jordin Canada,jordincanada,ATL,points,9.5,-122.0,-106.0,10,10,2025-09-02 06:47:20+00:00,2025-09-02 06:47:20+00:00,2025-09-02 06:47:20+00:00,2025-09-03 23:30:00+00:00,0.0,2025-09-03,2025,REG,ATL,LAS,1.064112656345666,True,,0.518058368553134,401736374,3142250,20,6,1,True,False,matched,10.0,2025-09-03,over,0.11797372913357967,1.819672131147541,0.819672131147541,1.0,False,False,False
2408,6888af32b022719f75ead482c04d40ec,87,Cameron Brink,cameronbrink,LAS,rebounds,4.5,102.0,-136.0,10,10,2025-09-02 06:47:20+00:00,2025-09-02 06:47:20+00:00,2025-09-02 06:47:20+00:00,2025-09-03 23:30:00+00:00,0.0,2025-09-03,2025,REG,ATL,LAS,1.071320691391173,True,,0.4579067075572801,401736374,4433404,6,20,0,True,False,matched,3.0,2025-09-03,under,0.0833065623341685,1.7352941176470589,0.7352941176470589,1.0,False,False,False
2408,47d554acce991fb8ac1ba091e545dad5,15,Rhyne Howard,rhynehoward,ATL,points,18.5,100.0,-130.0,10,10,2025-09-02 06:47:20+00:00,2025-09-02 06:47:20+00:00,2025-09-02 06:47:20+00:00,2025-09-03 23:30:00+00:00,0.0,2025-09-03,2025,REG,ATL,LAS,1.065217391304348,True,,0.4663164946059025,401736374,4398674,20,6,1,True,False,matched,19.0,2025-09-03,under,0.059569819569821325,1.7692307692307692,-1.0,1.0,False,False,False
2408,51b023e1ffd71e65bd275b7b79e62610,82,Azura Stevens,azurastevens,CHI,threes,1.5,140.0,-188.0,10,10,2025-09-02 06:47:20+00:00,2025-09-02 06:47:20+00:00,2025-09-02 06:47:20+00:00,2025-09-03 23:30:00+00:00,0.0,2025-09-03,2025,REG,ATL,LAS,1.0694444444444444,True,,0.37770717896550643,401736374,3142010,6,20,0,True,False,matched,1.0,2025-09-03,over,0.050434174468332205,2.4,-1.0,1.0,False,False,False
2407,e78d5643c34cdfbffde8b348a01bdc06,233,Emma Meesseman,emmameesseman,FA,threes,1.5,178.0,-245.0,10,10,2025-09-02 17:49:32+00:00,2025-09-02 17:49:32+00:00,2025-09-02 17:49:32+00:00,2025-09-03 02:00:00+00:00,0.0,2025-09-02,2025,REG,GSV,NYL,1.0698571577520593,True,,0.3183263503331576,401736372,3027368,9,129689,0,True,False,matched,1.0,2025-09-02,under,0.17514900271088432,1.4081632653061225,0.40816326530612246,1.0,False,False,False
2406,dc3923940004b12075c9e1dd6615d589,76,Lexie Hull,lexiehull,IND,points,7.5,-110.0,-120.0,13,13,2025-09-02 21:16:02+00:00,2025-09-02 21:16:02+00:00,2025-09-02 21:16:02+00:00,2025-09-03 02:00:00+00:00,0.0,2025-09-02,2025,REG,PHX,IND,1.0692640692640691,True,,0.4887959885212434,401736373,4398829,5,11,0,True,False,matched,18.0,2025-09-02,under,0.18734059802245773,1.8333333333333335,-1.0,1.0,False,False,False
2407,a140ce04d09548b5a1994fc46adcefb8,109,Kate Martin,katemartin,LAS,points,9.5,200.0,-286.0,60,60,2025-09-02 21:33:31+00:00,2025-09-02 21:33:31+00:00,2025-09-02 21:33:31+00:00,2025-09-03 02:00:00+00:00,0.0,2025-09-02,2025,REG,GSV,NYL,1.07426597582038,True,,0.2880280413009956,401736372,4398907,129689,9,1,True,False,matched,11.0,2025-09-02,under,0.05773443912208451,1.3496503496503496,-1.0,1.0,False,False,False
2409,18170bd7590430ca60ac5fe89f49e3f5,519,Aneesah Morrow,aneesahmorrow,CON,rebounds,8.5,-108.0,-122.0,10,10,2025-09-03 00:42:02+00:00,2025-09-03 00:42:02+00:00,2025-09-03 00:42:02+00:00,2025-09-04 00:00:00+00:00,0.0,2025-09-03,2025,REG,CHI,CON,1.0687803187803186,True,,0.48431040390879443,401736375,4684384,18,19,0,True,False,matched,1.0,2025-09-03,under,0.11949922261556795,1.819672131147541,0.819672131147541,1.0,False,False,False
2412,0d69193304bbfcd8ecd044e853a2d71d,117,Courtney Williams,courtneywilliams,MIN,points,13.5,-128.0,-102.0,10,10,2025-09-03 01:05:44+00:00,2025-09-03 01:05:44+00:00,2025-09-03 01:05:44+00:00,2025-09-05 02:00:00+00:00,0.0,2025-09-04,2025,REG,LVA,MIN,1.0663540038214347,True,,0.5291749480305961,401736378,2987891,8,17,0,True,False,matched,14.0,2025-09-04,under,0.193801499995997,1.9803921568627452,-1.0,1.0,False,False,False
2412,5854f93c324b91dd7c0d96dc8ace0d47,112,Napheesa Collier,napheesacollier,MIN,points,22.5,100.0,-130.0,10,10,2025-09-03 01:05:44+00:00,2025-09-03 01:05:44+00:00,2025-09-03 01:05:44+00:00,2025-09-05 02:00:00+00:00,0.0,2025-09-04,2025,REG,LVA,MIN,1.065217391304348,True,,0.4663164946059025,401736378,3917450,8,17,0,True,False,matched,12.0,2025-09-04,under,0.10539648936133106,1.7692307692307692,0.7692307692307692,1.0,False,False,False
2412,38f4da4909a9f30fb25066f898e3a1b0,125,Kayla McBride,kaylamcbride,MIN,threes,2.5,112.0,-148.0,10,10,2025-09-03 01:05:45+00:00,2025-09-03 01:05:45+00:00,2025-09-03 01:05:45+00:00,2025-09-05 02:00:00+00:00,0.0,2025-09-04,2025,REG,LVA,MIN,1.0684723067559343,True,,0.43527724698320036,401736378,2529205,8,17,0,True,False,matched,2.0,2025-09-04,over,0.13590030983130824,2.12,-1.0,1.0,False,False,False
2412,f3376709418e34ea1b22ead9c23bee8d,102,Jackie Young,jackieyoung,LVA,assists,4.5,-122.0,-108.0,10,10,2025-09-03 01:18:06+00:00,2025-09-03 01:18:06+00:00,2025-09-03 01:18:06+00:00,2025-09-05 02:00:00+00:00,0.0,2025-09-04,2025,REG,LVA,MIN,1.0687803187803186,True,,0.5156895960912058,401736378,4065870,17,8,1,True,False,matched,5.0,2025-09-04,over,0.15207112568988368,1.819672131147541,0.819672131147541,1.0,False,False,False
2412,e5778b010ccff82dcf1e81492670bab6,103,A'ja Wilson,ajawilson,LVA,points,22.5,-130.0,100.0,10,10,2025-09-03 01:18:06+00:00,2025-09-03 01:18:06+00:00,2025-09-03 01:18:06+00:00,2025-09-05 02:00:00+00:00,0.0,2025-09-04,2025,REG,LVA,MIN,1.065217391304348,True,,0.5336835053940976,401736378,3149391,17,8,1,True,False,matched,31.0,2025-09-04,under,0.057379995045961474,2.0,-1.0,1.0,False,False,False
2410,9c3c4f9c6561ebed4512923453e7d39a,54,Satou Sabally,satousabally,NYL,points,14.5,-128.0,-102.0,10,10,2025-09-03 04:52:27+00:00,2025-09-03 04:52:27+00:00,2025-09-03 04:52:27+00:00,2025-09-04 23:30:00+00:00,0.0,2025-09-04,2025,REG,WAS,PHX,1.0663540038214347,True,,0.5291749480305961,401736376,4281929,11,16,0,True,False,matched,10.0,2025-09-04,under,0.1373250695745804,1.9803921568627452,0.9803921568627452,1.0,False,False,False
2410,468b913aef9c44d15d9668541ca226ff,40,Alyssa Thomas,alyssathomas,PHO,points,14.5,-108.0,-120.0,10,10,2025-09-03 04:52:27+00:00,2025-09-03 04:52:27+00:00,2025-09-03 04:52:27+00:00,2025-09-04 23:30:00+00:00,0.0,2025-09-04,2025,REG,WAS,PHX,1.0646853146853146,True,,0.48646030463369283,401736376,2529140,11,16,0,True,False,matched,12.0,2025-09-04,under,0.06630689360376374,1.8333333333333335,0.8333333333333335,1.0,False,False,False
2410,2a7e5380e10102651d1f1ffd67e088c8,196,Shakira Austin,shakiraaustin,WAS,points,12.5,102.0,-132.0,10,10,2025-09-03 04:52:27+00:00,2025-09-03 04:52:27+00:00,2025-09-03 04:52:27+00:00,2025-09-04 23:30:00+00:00,0.0,2025-09-04,2025,REG,WAS,PHX,1.0640150221918745,True,,0.4618487426836327,401736376,4398911,16,11,1,True,False,matched,15.0,2025-09-04,under,0.05618398712928807,1.7575757575757576,-1.0,1.0,False,False,False
2411,9e5f87ba6849d34f4ab804bb7608cda1,55,Veronica Burton,veronicaburton,GSV,rebounds,4.5,-158.0,118.0,10,10,2025-09-03 04:52:28+00:00,2025-09-03 04:52:28+00:00,2025-09-03 04:52:28+00:00,2025-09-05 02:00:00+00:00,0.0,2025-09-04,2025,REG,GSV,DAL,1.0711186971054691,True,,0.5796527091990534,401736377,4398935,129689,3,1,True,False,matched,3.0,2025-09-04,under,0.23801088720539915,2.1799999999999997,1.1799999999999997,1.0,False,False,False
2411,5de1742e0f84031526f45b966fb3b444,61,Maddy Siegrist,maddysiegrist,DAL,points,14.5,100.0,-130.0,10,10,2025-09-03 04:52:28+00:00,2025-09-03 04:52:28+00:00,2025-09-03 04:52:28+00:00,2025-09-05 02:00:00+00:00,0.0,2025-09-04,2025,REG,GSV,DAL,1.065217391304348,True,,0.4663164946059025,401736377,4399415,3,129689,0,True,False,matched,16.0,2025-09-04,under,0.20072002125467853,1.7692307692307692,-1.0,1.0,False,False,False
2411,d99287157b25b91a0124cefc665f64d0,520,Amy Okonkwo,amyokonkwo,FA,threes,1.5,138.0,-186.0,10,10,2025-09-03 04:52:28+00:00,2025-09-03 04:52:28+00:00,2025-09-03 04:52:28+00:00,2025-09-05 02:00:00+00:00,0.0,2025-09-04,2025,REG,GSV,DAL,1.070517717576541,True,,0.3807086475713989,401736377,3142242,3,129689,0,True,False,matched,0.0,2025-09-04,under,0.1976493361038175,1.5376344086021505,0.5376344086021505,1.0,False,False,False
2411,bf0bf99c1e9016709589197edf64d1c2,528,Paige Bueckers,paigebueckers,DAL,rebounds,3.5,110.0,-146.0,10,10,2025-09-03 04:52:28+00:00,2025-09-03 04:52:28+00:00,2025-09-03 04:52:28+00:00,2025-09-05 02:00:00+00:00,0.0,2025-09-04,2025,REG,GSV,DAL,1.0696864111498257,True,,0.4392579960949788,401736377,4433730,3,129689,0,True,False,matched,4.0,2025-09-04,under,0.10478540970069339,1.6849315068493151,-1.0,1.0,False,False,False
2411,734e13435dd810a8c640d8373a2cf32d,537,Janelle Salaun,janellesalaun,GSV,rebounds,5.5,102.0,-136.0,10,10,2025-09-03 04:52:28+00:00,2025-09-03 04:52:28+00:00,2025-09-03 04:52:28+00:00,2025-09-05 02:00:00+00:00,0.0,2025-09-04,2025,REG,GSV,DAL,1.071320691391173,True,,0.4579067075572801,401736377,4790264,129689,3,1,True,False,matched,6.0,2025-09-04,under,0.07177368668135714,1.7352941176470589,-1.0,1.0,False,False,False
2410,e4d7fc1c722cbfbcd476f24c1774cd3c,45,DeWanna Bonner,dewannabonner,PHO,points,11.5,-110.0,-118.0,10,10,2025-09-03 17:17:19+00:00,2025-09-03 17:17:19+00:00,2025-09-03 17:17:19+00:00,2025-09-04 23:30:00+00:00,0.0,2025-09-04,2025,REG,WAS,PHX,1.0650939274792486,True,,0.4909754767731684,401736376,869,11,16,0,True,False,matched,9.0,2025-09-04,under,0.15091787043108734,1.847457627118644,0.847457627118644,1.0,False,False,False
2412,6ad796a2a9a384fbc77599705995afa4,166,Jewell Loyd,jewellloyd,LVA,threes,1.5,-168.0,126.0,10,10,2025-09-03 17:17:19+00:00,2025-09-03 17:17:19+00:00,2025-09-03 17:17:19+00:00,2025-09-05 02:00:00+00:00,0.0,2025-09-04,2025,REG,LVA,MIN,1.0693435477479856,True,,0.5954775535118485,401736378,2987869,17,8,1,True,False,matched,2.0,2025-09-04,under,0.05191716900961607,2.26,-1.0,1.0,False,False,False
2413,2eaba05b60f81a76fc9ced3b31c1d2c3,82,Azura Stevens,azurastevens,CHI,rebounds,5.5,-106.0,-125.0,10,10,2025-09-04 02:09:02+00:00,2025-09-04 02:09:02+00:00,2025-09-04 02:09:02+00:00,2025-09-05 23:30:00+00:00,0.0,2025-09-05,2025,REG,ATL,LAS,1.070118662351672,True,,0.4787708928615623,401736379,3142010,6,20,0,True,False,matched,8.0,2025-09-05,over,0.1953556470004127,1.9433962264150944,0.9433962264150944,1.0,False,False,False
2413,52d612ab1cc0694b23ec0517f3b7264b,16,Naz Hillmon,nazhillmon,ATL,points,10.5,-114.0,-115.0,10,10,2025-09-04 02:09:02+00:00,2025-09-04 02:09:02+00:00,2025-09-04 02:09:02+00:00,2025-09-05 23:30:00+00:00,0.0,2025-09-05,2025,REG,ATL,LAS,1.0675940013040643,True,,0.49887602265758907,401736379,4398915,20,6,1,True,False,matched,8.0,2025-09-05,under,0.18812659471644122,1.8695652173913042,0.8695652173913042,1.0,False,False,False
2413,7f18659cbb96123549629a3e6352c3fd,15,Rhyne Howard,rhynehoward,ATL,rebounds,4.5,-125.0,-106.0,10,10,2025-09-04 02:09:02+00:00,2025-09-04 02:09:02+00:00,2025-09-04 02:09:02+00:00,2025-09-05 23:30:00+00:00,0.0,2025-09-05,2025,REG,ATL,LAS,1.070118662351672,True,,0.5212291071384377,401736379,4398674,20,6,1,True,False,matched,5.0,2025-09-05,under,0.13622486557464758,1.9433962264150944,-1.0,1.0,False,False,False
2413,6e3a893a9e7580a44f7fbe91c9b70c1a,89,Dearica Hamby,dearicahamby,LAS,points,17.5,-106.0,-122.0,10,10,2025-09-04 02:09:02+00:00,2025-09-04 02:09:02+00:00,2025-09-04 02:09:02+00:00,2025-09-05 23:30:00+00:00,0.0,2025-09-05,2025,REG,ATL,LAS,1.064112656345666,True,,0.4819416314468661,401736379,2566106,6,20,0,True,False,matched,26.0,2025-09-05,under,0.12915363232261395,1.819672131147541,-1.0,1.0,False,False,False
2413,e03bbedb22c43cbe31e60ce571284d3d,49,Brionna Jones,brionnajones,ATL,points,13.5,-114.0,-114.0,10,10,2025-09-04 02:09:02+00:00,2025-09-04 02:09:02+00:00,2025-09-04 02:09:02+00:00,2025-09-05 23:30:00+00:00,0.0,2025-09-05,2025,REG,ATL,LAS,1.0654205607476634,True,,0.5000000000000001,401736379,3058895,20,6,1,True,False,matched,12.0,2025-09-05,under,0.09827915562808559,1.8771929824561404,0.8771929824561404,1.0,False,False,False
2413,4d6173bf572073c6a9342b0b16617834,101,Kelsey Plum,kelseyplum,LAS,points,17.5,-106.0,-122.0,10,10,2025-09-04 02:09:02+00:00,2025-09-04 02:09:02+00:00,2025-09-04 02:09:02+00:00,2025-09-05 23:30:00+00:00,0.0,2025-09-05,2025,REG,ATL,LAS,1.064112656345666,True,,0.4819416314468661,401736379,3065570,6,20,0,True,False,matched,20.0,2025-09-05,under,0.07987592558186352,1.819672131147541,-1.0,1.0,False,False,False
2413,7eaf9d1888139f48276dc6c5adf37e3c,94,Rickea Jackson,rickeajackson,CHI,points,14.5,-114.0,-114.0,10,10,2025-09-04 02:09:02+00:00,2025-09-04 02:09:02+00:00,2025-09-04 02:09:02+00:00,2025-09-05 23:30:00+00:00,0.0,2025-09-05,2025,REG,ATL,LAS,1.0654205607476634,True,,0.5000000000000001,401736379,4433630,6,20,0,True,False,matched,17.0,2025-09-05,under,0.06961046765003204,1.8771929824561404,-1.0,1.0,False,False,False
2415,3cd72358a27139ee617fe89e04f96f28,163,Natasha Cloud,natashacloud,CHI,assists,4.5,-154.0,116.0,10,10,2025-09-04 03:49:46+00:00,2025-09-04 03:49:46+00:00,2025-09-04 03:49:46+00:00,2025-09-06 02:00:00+00:00,0.0,2025-09-05,2025,REG,SEA,NYL,1.0692621755613883,True,,0.574207987656796,401736381,2529137,9,14,0,True,False,matched,6.0,2025-09-05,under,0.19603678222358445,2.16,-1.0,1.0,False,False,False
2415,f3e1900fbf3fc0f0a6d6f64e2d7320c5,137,Breanna Stewart,breannastewart,NYL,points,17.5,-114.0,-114.0,10,10,2025-09-04 03:49:46+00:00,2025-09-04 03:49:46+00:00,2025-09-04 03:49:46+00:00,2025-09-06 02:00:00+00:00,0.0,2025-09-05,2025,REG,SEA,NYL,1.0654205607476634,True,,0.5000000000000001,401736381,2998928,9,14,0,True,False,matched,24.0,2025-09-05,under,0.19114276736873398,1.8771929824561404,-1.0,1.0,False,False,False
2415,9cc4470b6dde76ae8ca1f17a8cbe845d,141,Jonquel Jones,jonqueljones,NYL,rebounds,7.5,-130.0,-102.0,10,10,2025-09-04 03:49:46+00:00,2025-09-04 03:49:46+00:00,2025-09-04 03:49:46+00:00,2025-09-06 02:00:00+00:00,0.0,2025-09-05,2025,REG,SEA,NYL,1.0701678863538528,True,,0.5312123494364493,401736381,2999101,9,14,0,True,False,matched,2.0,2025-09-05,under,0.05298914013860023,1.9803921568627452,0.9803921568627452,1.0,False,False,False
2414,cf3ba79e0a5b4ef19f107ed7b2fe38ff,76,Lexie Hull,lexiehull,IND,threes,1.5,-158.0,118.0,10,10,2025-09-04 04:08:38+00:00,2025-09-04 04:08:38+00:00,2025-09-04 04:08:38+00:00,2025-09-05 23:30:00+00:00,0.0,2025-09-05,2025,REG,IND,CHI,1.0711186971054691,True,,0.5796527091990534,401736380,4398829,5,19,1,True,False,matched,1.0,2025-09-05,under,0.2306693975979091,2.1799999999999997,1.1799999999999997,1.0,False,False,False
2414,0d8d6e0f59f6e6dc552d7ca046c744f1,71,Aliyah Boston,aliyahboston,IND,points,15.5,-110.0,-118.0,10,10,2025-09-04 04:08:38+00:00,2025-09-04 04:08:38+00:00,2025-09-04 04:08:38+00:00,2025-09-05 23:30:00+00:00,0.0,2025-09-05,2025,REG,IND,CHI,1.0650939274792486,True,,0.4909754767731684,401736380,4432831,5,19,1,True,False,matched,11.0,2025-09-05,under,0.11192357309319845,1.847457627118644,0.847457627118644,1.0,False,False,False
2414,b197527310b89702b1196a8b3db2dc80,293,Odyssey Sims,odysseysims,DAL,assists,4.5,-112.0,-118.0,10,10,2025-09-04 04:08:39+00:00,2025-09-04 04:08:39+00:00,2025-09-04 04:08:39+00:00,2025-09-05 23:30:00+00:00,0.0,2025-09-05,2025,REG,IND,CHI,1.0695862904621776,True,,0.49327872882454105,401736380,2529047,5,19,1,True,False,matched,4.0,2025-09-05,under,0.23110492902414947,1.847457627118644,0.847457627118644,1.0,False,False,False
2414,92d5ca726bdce757c0337c1cf23f210b,30,Kamilla Cardoso,kamillacardoso,CHI,rebounds,9.5,-114.0,-114.0,10,10,2025-09-04 04:19:47+00:00,2025-09-04 04:19:47+00:00,2025-09-04 04:19:47+00:00,2025-09-05 23:30:00+00:00,0.0,2025-09-05,2025,REG,IND,CHI,1.0654205607476634,True,,0.5000000000000001,401736380,4433405,19,5,0,True,False,matched,9.0,2025-09-05,under,0.1485439568180979,1.8771929824561404,0.8771929824561404,1.0,False,False,False
2415,25ab946cd57cfa06f5143c034f108652,570,Dominique Malonga,dominiquemalonga,SEA,points,11.5,-110.0,-118.0,10,10,2025-09-04 04:30:55+00:00,2025-09-04 04:30:55+00:00,2025-09-04 04:30:55+00:00,2025-09-06 02:00:00+00:00,0.0,2025-09-05,2025,REG,SEA,NYL,1.0650939274792486,True,,0.4909754767731684,401736381,5220150,14,9,1,True,False,matched,8.0,2025-09-05,under,0.16340331531950097,1.847457627118644,0.847457627118644,1.0,False,False,False
2415,274da46ca6017c44125bb59980c8b22b,180,Nneka Ogwumike,nnekaogwumike,LAS,rebounds,6.5,-128.0,-104.0,10,10,2025-09-04 04:30:55+00:00,2025-09-04 04:30:55+00:00,2025-09-04 04:30:55+00:00,2025-09-06 02:00:00+00:00,0.0,2025-09-05,2025,REG,SEA,NYL,1.0712074303405572,True,,0.5267388899028808,401736381,1068,14,9,1,True,False,matched,9.0,2025-09-05,under,0.16231781005195656,1.9615384615384617,-1.0,1.0,False,False,False
2415,c4a378a2e7e6075f336e9b23cf1be558,208,Gabby Williams,gabbywilliams,GSV,points,10.5,100.0,-130.0,10,10,2025-09-04 04:30:55+00:00,2025-09-04 04:30:55+00:00,2025-09-04 04:30:55+00:00,2025-09-06 02:00:00+00:00,0.0,2025-09-05,2025,REG,SEA,NYL,1.065217391304348,True,,0.4663164946059025,401736381,3142328,14,9,1,True,False,matched,7.0,2025-09-05,under,0.0672571742224356,1.7692307692307692,0.7692307692307692,1.0,False,False,False
2415,a713b9659cc43858131f4424d3113eb2,175,Skylar Diggins,skylardiggins,CHI,points,13.5,-114.0,-114.0,10,10,2025-09-04 04:30:55+00:00,2025-09-04 04:30:55+00:00,2025-09-04 04:30:55+00:00,2025-09-06 02:00:00+00:00,0.0,2025-09-05,2025,REG,SEA,NYL,1.0654205607476634,True,,0.5000000000000001,401736381,2491205,14,9,1,True,False,matched,14.0,2025-09-05,under,0.055610832047887526,1.8771929824561404,-1.0,1.0,False,False,False
2411,44da40aadee9cf237282703d389cfa68,280,Kaila Charles,kailacharles,GSV,points,9.5,104.0,-135.0,10,10,2025-09-04 15:46:01+00:00,2025-09-04 15:46:01+00:00,2025-09-04 15:46:01+00:00,2025-09-05 02:00:00+00:00,0.0,2025-09-04,2025,REG,GSV,DAL,1.0646641635377556,True,,0.45648742045938223,401736377,4065780,129689,3,1,True,False,matched,0.0,2025-09-04,under,0.19165125988953619,1.7407407407407407,0.7407407407407407,1.0,False,False,False
2411,871313fa11975e611e9b6f11c994ea12,13,Iliana Rupert,ilianarupert,GSV,points,10.5,125.0,-175.0,33,33,2025-09-04 20:59:08+00:00,2025-09-04 20:59:08+00:00,2025-09-04 20:59:08+00:00,2025-09-05 02:00:00+00:00,0.0,2025-09-04,2025,REG,GSV,DAL,1.0808080808080809,True,,0.39996205811533175,401736377,4790263,129689,3,1,True,False,matched,10.0,2025-09-04,under,0.06817696884724261,1.5714285714285714,0.5714285714285714,1.0,False,False,False
2411,885a95d488b7bf8d78f2eafb3863095d,193,Myisha Hines-Allen,myishahinesallen,IND,points,9.5,110.0,-143.0,60,60,2025-09-05 01:04:21+00:00,2025-09-05 01:04:21+00:00,2025-09-05 01:04:21+00:00,2025-09-05 02:00:00+00:00,0.0,2025-09-04,2025,REG,GSV,DAL,1.0646678424456204,True,,0.4420195959048457,401736377,3142055,3,129689,0,True,False,matched,12.0,2025-09-04,under,0.217532497184867,1.6993006993006992,-1.0,1.0,False,False,False
2413,c51ef3e47feda421016aa71ec0a92006,2,Jordin Canada,jordincanada,ATL,points,12.5,-125.0,-104.0,10,10,2025-09-05 05:14:02+00:00,2025-09-05 05:14:02+00:00,2025-09-05 05:14:02+00:00,2025-09-05 23:30:00+00:00,0.0,2025-09-05,2025,REG,ATL,LAS,1.065359477124183,True,,0.5236312520088393,401736379,3142250,20,6,1,True,False,matched,4.0,2025-09-05,under,0.061339276579583046,1.9615384615384617,0.9615384615384617,1.0,False,False,False
2417,be60792574df10d3b7fcffe7144eb871,55,Veronica Burton,veronicaburton,GSV,points,13.5,-120.0,-108.0,10,10,2025-09-05 05:56:29+00:00,2025-09-05 05:56:29+00:00,2025-09-05 05:56:29+00:00,2025-09-07 00:30:00+00:00,0.0,2025-09-06,2025,REG,GSV,MIN,1.0646853146853146,True,,0.5135396953663074,401736383,4398935,129689,8,1,True,False,matched,14.0,2025-09-06,under,0.2521202820076132,1.925925925925926,-1.0,1.0,False,False,False
2417,b425dd1c869008126f97c8527a61c9a4,537,Janelle Salaun,janellesalaun,GSV,rebounds,4.5,-162.0,122.0,10,10,2025-09-05 05:56:29+00:00,2025-09-05 05:56:29+00:00,2025-09-05 05:56:29+00:00,2025-09-07 00:30:00+00:00,0.0,2025-09-06,2025,REG,GSV,MIN,1.0687710611374732,True,,0.5868918088955871,401736383,4790264,129689,8,1,True,False,matched,8.0,2025-09-06,under,0.1758251615507067,2.2199999999999998,-1.0,1.0,False,False,False
2417,dcedae225400901cc65c3affae9db079,117,Courtney Williams,courtneywilliams,MIN,points,14.5,100.0,-130.0,10,10,2025-09-05 05:56:30+00:00,2025-09-05 05:56:30+00:00,2025-09-05 05:56:30+00:00,2025-09-07 00:30:00+00:00,0.0,2025-09-06,2025,REG,GSV,MIN,1.065217391304348,True,,0.4663164946059025,401736383,2987891,8,129689,0,True,False,matched,14.0,2025-09-06,under,0.19533057049981073,1.7692307692307692,0.7692307692307692,1.0,False,False,False
2417,dc17935ef6ff9716d08c9757874fb77a,112,Napheesa Collier,napheesacollier,MIN,rebounds,7.5,-118.0,-112.0,10,10,2025-09-05 05:56:30+00:00,2025-09-05 05:56:30+00:00,2025-09-05 05:56:30+00:00,2025-09-07 00:30:00+00:00,0.0,2025-09-06,2025,REG,GSV,MIN,1.0695862904621776,True,,0.5067212711754592,401736383,3917450,8,129689,0,True,False,matched,5.0,2025-09-06,under,0.18174991006150654,1.8928571428571428,0.8928571428571428,1.0,False,False,False
2417,a9ccb0ecd242a1560c3158fcba6b328d,125,Kayla McBride,kaylamcbride,MIN,threes,2.5,116.0,-154.0,10,10,2025-09-05 05:56:30+00:00,2025-09-05 05:56:30+00:00,2025-09-05 05:56:30+00:00,2025-09-07 00:30:00+00:00,0.0,2025-09-06,2025,REG,GSV,MIN,1.0692621755613883,True,,0.425792012343204,401736383,2529205,8,129689,0,True,False,matched,0.0,2025-09-06,over,0.08915574048742991,2.16,-1.0,1.0,False,False,False
2416,0596a504f8ded7a120de59aa02e95208,40,Alyssa Thomas,alyssathomas,PHO,points,14.5,-104.0,-125.0,10,10,2025-09-05 06:40:27+00:00,2025-09-05 06:40:27+00:00,2025-09-05 06:40:27+00:00,2025-09-06 17:00:00+00:00,0.0,2025-09-06,2025,REG,CON,PHX,1.065359477124183,True,,0.4763687479911608,401736382,2529140,11,18,0,True,False,matched,14.0,2025-09-06,under,0.09099688632703756,1.8,0.8,1.0,False,False,False
2416,8526415d8f50e625f0f47016f96698c3,155,Kahleah Copper,kahleahcopper,PHO,points,16.5,-106.0,-122.0,10,10,2025-09-05 06:40:27+00:00,2025-09-05 06:40:27+00:00,2025-09-05 06:40:27+00:00,2025-09-06 17:00:00+00:00,0.0,2025-09-06,2025,REG,CON,PHX,1.064112656345666,True,,0.4819416314468661,401736382,2998938,11,18,0,True,False,matched,18.0,2025-09-06,under,0.06577923559630755,1.819672131147541,-1.0,1.0,False,False,False
2416,3226d01310f4b92a59f2cfc99ce04e37,54,Satou Sabally,satousabally,NYL,points,14.5,-108.0,-120.0,10,10,2025-09-05 06:40:27+00:00,2025-09-05 06:40:27+00:00,2025-09-05 06:40:27+00:00,2025-09-06 17:00:00+00:00,0.0,2025-09-06,2025,REG,CON,PHX,1.0646853146853146,True,,0.48646030463369283,401736382,4281929,11,18,0,True,False,matched,11.0,2025-09-06,under,0.060015309498128055,1.8333333333333335,0.8333333333333335,1.0,False,False,False
2416,5306def403ce768caca79ee9d6a0eb65,39,Leila Lacan,leilalacan,CON,assists,4.5,-115.0,-115.0,24,24,2025-09-05 12:17:22+00:00,2025-09-05 12:17:22+00:00,2025-09-05 12:17:22+00:00,2025-09-06 17:00:00+00:00,0.0,2025-09-06,2025,REG,CON,PHX,1.0697674418604652,True,,0.5,401736382,5208981,18,11,1,True,False,matched,0.0,2025-09-06,under,0.16761334323858523,1.8695652173913042,0.8695652173913042,1.0,False,False,False
2414,955f49981e7790f009d71ffa9a8205cf,33,Elizabeth Williams,elizabethwilliams,CHI,rebounds,7.5,104.0,-138.0,10,10,2025-09-05 12:43:06+00:00,2025-09-05 12:43:06+00:00,2025-09-05 12:43:06+00:00,2025-09-05 23:30:00+00:00,0.0,2025-09-05,2025,REG,IND,CHI,1.0700280112044818,True,,0.4535791638529251,401736380,2566081,19,5,0,True,False,matched,11.0,2025-09-05,under,0.45306178894514343,1.7246376811594204,-1.0,1.0,False,False,False
2416,aa87d592434713a17f599436fdc0ac8a,22,Marina Mabrey,marinamabrey,TOR,points,14.5,-118.0,-110.0,10,10,2025-09-05 17:19:08+00:00,2025-09-05 17:19:08+00:00,2025-09-05 17:19:08+00:00,2025-09-06 17:00:00+00:00,0.0,2025-09-06,2025,REG,CON,PHX,1.0650939274792486,True,,0.5090245232268319,401736382,3904576,18,11,1,True,False,matched,23.0,2025-09-06,under,0.24378462564121545,1.9090909090909092,-1.0,1.0,False,False,False
2416,43a7b3cffb121ca3d88f2fcf80ec30ed,9,Tina Charles,tinacharles,FA,points,17.5,-104.0,-125.0,10,10,2025-09-05 17:19:08+00:00,2025-09-05 17:19:08+00:00,2025-09-05 17:19:08+00:00,2025-09-06 17:00:00+00:00,0.0,2025-09-06,2025,REG,CON,PHX,1.065359477124183,True,,0.4763687479911608,401736382,918,18,11,1,True,False,matched,22.0,2025-09-06,under,0.09700494102897123,1.8,-1.0,1.0,False,False,False
2419,a58c566dc284da7804176a42113749e4,101,Kelsey Plum,kelseyplum,LAS,threes,2.5,-105.0,-125.0,24,24,2025-09-06 10:17:43+00:00,2025-09-06 10:17:43+00:00,2025-09-06 10:17:43+00:00,2025-09-07 22:00:00+00:00,0.0,2025-09-07,2025,REG,LAS,DAL,1.067750677506775,True,,0.47757418034290006,401736385,3065570,6,3,1,True,False,matched,2.0,2025-09-07,under,0.17952394124772336,1.8,0.8,1.0,False,False,False
2418,d627cc4abc2ddfc22301f0d988148586,70,Kelsey Mitchell,kelseymitchell,IND,assists,3.5,-140.0,110.0,24,24,2025-09-06 10:17:44+00:00,2025-09-06 10:17:44+00:00,2025-09-06 10:17:44+00:00,2025-09-07 19:00:00+00:00,0.0,2025-09-07,2025,REG,WAS,IND,1.0595238095238093,True,,0.555167954788897,401736384,3142191,5,16,0,True,False,matched,1.0,2025-09-07,under,0.13940936174254887,2.1,1.1,1.0,False,False,False
2418,8c5d4ed62c38c74cf08e337562a75376,573,Sonia Citron,soniacitron,WAS,threes,1.5,100.0,-130.0,24,24,2025-09-06 10:17:44+00:00,2025-09-06 10:17:44+00:00,2025-09-06 10:17:44+00:00,2025-09-07 19:00:00+00:00,0.0,2025-09-07,2025,REG,WAS,IND,1.065217391304348,True,,0.4663164946059025,401736384,4433524,16,5,1,True,False,matched,2.0,2025-09-07,over,0.07889796489708828,2.0,1.0,1.0,False,False,False
2420,6399ad9bc799f09678c58f285cb13a04,30,Kamilla Cardoso,kamillacardoso,CHI,assists,3.5,120.0,-150.0,24,24,2025-09-06 10:38:31+00:00,2025-09-06 10:38:31+00:00,2025-09-06 10:38:31+00:00,2025-09-08 01:00:00+00:00,0.0,2025-09-07,2025,REG,LVA,CHI,1.0545454545454547,True,,0.4253013906678685,401736386,4433405,19,17,0,True,False,matched,3.0,2025-09-07,under,0.1790202847931992,1.6666666666666665,0.6666666666666665,1.0,False,False,False
2420,2ed5484ababe5edd19fa20d068d236ad,103,A'ja Wilson,ajawilson,LVA,assists,2.5,-140.0,110.0,24,24,2025-09-06 10:38:31+00:00,2025-09-06 10:38:31+00:00,2025-09-06 10:38:31+00:00,2025-09-08 01:00:00+00:00,0.0,2025-09-07,2025,REG,LVA,CHI,1.0595238095238093,True,,0.555167954788897,401736386,3149391,17,19,1,True,False,matched,2.0,2025-09-07,under,0.1498363540633389,2.1,1.1,1.0,False,False,False
2420,4fb2060b3dce64134cf0890f577d59ac,102,Jackie Young,jackieyoung,LVA,assists,4.5,-140.0,110.0,24,24,2025-09-06 10:38:31+00:00,2025-09-06 10:38:31+00:00,2025-09-06 10:38:31+00:00,2025-09-08 01:00:00+00:00,0.0,2025-09-07,2025,REG,LVA,CHI,1.0595238095238093,True,,0.555167954788897,401736386,4065870,17,19,1,True,False,matched,9.0,2025-09-07,over,0.07002149726823592,1.7142857142857144,0.7142857142857144,1.0,False,False,False
2419,824d3b96964db56a327b1d6af55d4e5e,61,Maddy Siegrist,maddysiegrist,DAL,points,15.5,100.0,-130.0,12,12,2025-09-06 11:05:41+00:00,2025-09-06 11:05:41+00:00,2025-09-06 11:05:41+00:00,2025-09-07 22:00:00+00:00,0.0,2025-09-07,2025,REG,LAS,DAL,1.065217391304348,True,,0.4663164946059025,401736385,4399415,3,6,0,True,False,matched,13.0,2025-09-07,under,0.13278705230164928,1.7692307692307692,0.7692307692307692,1.0,False,False,False
2417,3514b64629e2a9740fc04466e93cef6e,115,Natisha Hiedeman,natishahiedeman,SEA,threes,1.5,-115.0,-115.0,13,13,2025-09-06 15:39:54+00:00,2025-09-06 15:39:54+00:00,2025-09-06 15:39:54+00:00,2025-09-07 00:30:00+00:00,0.0,2025-09-06,2025,REG,GSV,MIN,1.0697674418604652,True,,0.5,401736383,3906753,8,129689,0,True,False,matched,6.0,2025-09-06,under,0.3422805484274151,1.8695652173913042,-1.0,1.0,False,False,False
2416,2263390b28c8f5d3d674f8e4d116eb66,45,DeWanna Bonner,dewannabonner,PHO,points,10.5,-125.0,-104.0,10,10,2025-09-06 16:11:31+00:00,2025-09-06 16:11:31+00:00,2025-09-06 16:11:31+00:00,2025-09-06 17:00:00+00:00,0.0,2025-09-06,2025,REG,CON,PHX,1.065359477124183,True,,0.5236312520088393,401736382,869,11,18,0,True,False,matched,9.0,2025-09-06,under,0.06237301357140057,1.9615384615384617,0.9615384615384617,1.0,False,False,False
2418,2ce5ba05ca37e1b1af1bdbf085729a85,293,Odyssey Sims,odysseysims,DAL,points,10.5,102.0,-132.0,10,10,2025-09-06 16:11:33+00:00,2025-09-06 16:11:33+00:00,2025-09-06 16:11:33+00:00,2025-09-07 19:00:00+00:00,0.0,2025-09-07,2025,REG,WAS,IND,1.0640150221918745,True,,0.4618487426836327,401736384,2529047,5,16,0,True,False,matched,6.0,2025-09-07,under,0.139186025664863,1.7575757575757576,0.7575757575757576,1.0,False,False,False
2418,906de6f6724a24d6cf350681b0366fa4,56,Natasha Howard,natashahoward,MIN,points,10.5,-102.0,-128.0,10,10,2025-09-06 16:11:34+00:00,2025-09-06 16:11:34+00:00,2025-09-06 16:11:34+00:00,2025-09-07 19:00:00+00:00,0.0,2025-09-07,2025,REG,WAS,IND,1.0663540038214347,True,,0.47082505196940394,401736384,2529130,5,16,0,True,False,matched,17.0,2025-09-07,under,0.09826970609723351,1.78125,-1.0,1.0,False,False,False
2420,bcdde0318a9b9cd8117161b2d141ff84,185,Ariel Atkins,arielatkins,LAS,points,12.5,-110.0,-118.0,10,10,2025-09-06 16:11:35+00:00,2025-09-06 16:11:35+00:00,2025-09-06 16:11:35+00:00,2025-09-08 01:00:00+00:00,0.0,2025-09-07,2025,REG,LVA,CHI,1.0650939274792486,True,,0.4909754767731684,401736386,3146151,19,17,0,True,True,did_not_play,,2025-09-07,under,0.10300546930204313,1.847457627118644,0.0,0.0,False,True,False
2420,00f5e0c2f45c7d2b2433ae2739b12926,107,Chelsea Gray,chelseagray,LVA,assists,6.5,124.0,-166.0,10,10,2025-09-06 16:11:35+00:00,2025-09-06 16:11:35+00:00,2025-09-06 16:11:35+00:00,2025-09-08 01:00:00+00:00,0.0,2025-09-07,2025,REG,LVA,CHI,1.0704887218045114,True,,0.40796342297849103,401736386,2529122,17,19,1,True,False,matched,4.0,2025-09-07,over,0.053808166238923594,2.24,-1.0,1.0,False,False,False
2417,1c40b742dcad10739c74cdb285439155,13,Iliana Rupert,ilianarupert,GSV,points,9.5,-110.0,-120.0,13,13,2025-09-06 18:25:11+00:00,2025-09-06 18:25:11+00:00,2025-09-06 18:25:11+00:00,2025-09-07 00:30:00+00:00,0.0,2025-09-06,2025,REG,GSV,MIN,1.0692640692640691,True,,0.4887959885212434,401736383,4790263,129689,8,1,True,False,matched,15.0,2025-09-06,under,0.21531594243578106,1.8333333333333335,-1.0,1.0,False,False,False
2417,2f59b61b6d531815cdc06279c3a4bbb0,116,Jessica Shepard,jessicashepard,DAL,rebounds,8.5,-122.0,-108.0,10,10,2025-09-06 21:05:22+00:00,2025-09-06 21:05:22+00:00,2025-09-06 21:05:22+00:00,2025-09-07 00:30:00+00:00,0.0,2025-09-06,2025,REG,GSV,MIN,1.0687803187803186,True,,0.5156895960912058,401736383,3906949,8,129689,0,True,False,matched,13.0,2025-09-06,under,0.4953615107870134,1.925925925925926,-1.0,1.0,False,False,False
2421,82c23f04a27866e8830848147855097d,22,Marina Mabrey,marinamabrey,TOR,points,13.5,-110.0,-118.0,10,10,2025-09-07 04:50:06+00:00,2025-09-07 04:50:06+00:00,2025-09-07 04:50:06+00:00,2025-09-08 23:30:00+00:00,0.0,2025-09-08,2025,REG,ATL,CON,1.0650939274792486,True,,0.4909754767731684,401736387,3904576,18,20,0,True,False,matched,8.0,2025-09-08,under,0.19172750809739525,1.847457627118644,0.847457627118644,1.0,False,False,False
2421,00b28762086b82ac5159cf449710d4c9,15,Rhyne Howard,rhynehoward,ATL,threes,3.5,142.0,-192.0,10,10,2025-09-07 04:50:06+00:00,2025-09-07 04:50:06+00:00,2025-09-07 04:50:06+00:00,2025-09-08 23:30:00+00:00,0.0,2025-09-08,2025,REG,ATL,CON,1.0707573870712102,True,,0.37336020860003377,401736387,4398674,20,18,1,True,False,matched,2.0,2025-09-08,over,0.08536733844106192,2.42,-1.0,1.0,False,False,False
2421,b9d4bd597a1457a37a4b925817537c60,9,Tina Charles,tinacharles,FA,points,15.5,-115.0,-113.0,10,10,2025-09-07 04:50:06+00:00,2025-09-07 04:50:06+00:00,2025-09-07 04:50:06+00:00,2025-09-08 23:30:00+00:00,0.0,2025-09-08,2025,REG,ATL,CON,1.0654001528551151,True,,0.5022557674006809,401736387,918,18,20,0,True,False,matched,12.0,2025-09-08,under,0.08312400828751931,1.8849557522123894,0.8849557522123894,1.0,False,False,False
2421,b7b37460a841de5c359a4cf7d78f457c,49,Brionna Jones,brionnajones,ATL,points,13.5,100.0,-130.0,10,10,2025-09-07 04:50:06+00:00,2025-09-07 04:50:06+00:00,2025-09-07 04:50:06+00:00,2025-09-08 23:30:00+00:00,0.0,2025-09-08,2025,REG,ATL,CON,1.065217391304348,True,,0.4663164946059025,401736387,3058895,20,18,1,True,False,matched,8.0,2025-09-08,under,0.08174595440390386,1.7692307692307692,0.7692307692307692,1.0,False,False,False
2419,4818343952fbfac186049ad3c1571a6a,10,Haley Jones,haleyjones,DAL,rebounds,4.5,-125.0,-106.0,10,10,2025-09-07 07:37:08+00:00,2025-09-07 07:37:08+00:00,2025-09-07 07:37:08+00:00,2025-09-07 22:00:00+00:00,0.0,2025-09-07,2025,REG,LAS,DAL,1.070118662351672,True,,0.5212291071384377,401736385,4595910,3,6,0,True,False,matched,6.0,2025-09-07,under,0.27827857263614125,1.9433962264150944,-1.0,1.0,False,False,False
2418,3498f703c4b6b3c7f06de2fe7e6ec00a,76,Lexie Hull,lexiehull,IND,points,9.5,120.0,-150.0,13,13,2025-09-07 13:24:38+00:00,2025-09-07 13:24:38+00:00,2025-09-07 13:24:38+00:00,2025-09-07 19:00:00+00:00,0.0,2025-09-07,2025,REG,WAS,IND,1.0545454545454547,True,,0.4253013906678685,401736384,4398829,5,16,0,True,False,matched,7.0,2025-09-07,under,0.14167475188113549,1.6666666666666665,0.6666666666666665,1.0,False,False,False
2421,dfca21043efa508795a9dad6ef52c20b,519,Aneesah Morrow,aneesahmorrow,CON,rebounds,7.5,-130.0,-102.0,10,10,2025-09-07 16:30:50+00:00,2025-09-07 16:30:50+00:00,2025-09-07 16:30:50+00:00,2025-09-08 23:30:00+00:00,0.0,2025-09-08,2025,REG,ATL,CON,1.0701678863538528,True,,0.5312123494364493,401736387,4684384,18,20,0,True,False,matched,14.0,2025-09-08,under,0.22701808750489033,1.9803921568627452,-1.0,1.0,False,False,False
2421,633eb7ba04c35a17377f36f067bbf6ba,2,Jordin Canada,jordincanada,ATL,rebounds,3.5,-152.0,114.0,10,10,2025-09-07 16:30:51+00:00,2025-09-07 16:30:51+00:00,2025-09-07 16:30:51+00:00,2025-09-08 23:30:00+00:00,0.0,2025-09-08,2025,REG,ATL,CON,1.0704643228007713,True,,0.5703965275254933,401736387,3142250,20,18,1,True,False,matched,4.0,2025-09-08,under,0.37198393438261146,2.1399999999999997,-1.0,1.0,False,False,False
2421,8ea3a0376bdf5f51dc4906db4edc3663,16,Naz Hillmon,nazhillmon,ATL,points,10.5,100.0,-130.0,10,10,2025-09-07 16:30:51+00:00,2025-09-07 16:30:51+00:00,2025-09-07 16:30:51+00:00,2025-09-08 23:30:00+00:00,0.0,2025-09-08,2025,REG,ATL,CON,1.065217391304348,True,,0.4663164946059025,401736387,4398915,20,18,1,True,False,matched,14.0,2025-09-08,under,0.14707930752936493,1.7692307692307692,-1.0,1.0,False,False,False
2422,dc3cd002c3dee730172a41ca309a1086,573,Sonia Citron,soniacitron,WAS,threes,1.5,138.0,-186.0,10,10,2025-09-07 23:50:45+00:00,2025-09-07 23:50:45+00:00,2025-09-07 23:50:45+00:00,2025-09-09 23:00:00+00:00,0.0,2025-09-09,2025,REG,NYL,WAS,1.070517717576541,True,,0.3807086475713989,401736388,4433524,16,9,0,True,False,matched,3.0,2025-09-09,over,0.22233798054524262,2.38,1.38,1.0,False,False,False
2422,2b31c1a5d4229b5c07edfa77c140b96e,141,Jonquel Jones,jonqueljones,NYL,rebounds,7.5,-125.0,-106.0,10,10,2025-09-07 23:50:45+00:00,2025-09-07 23:50:45+00:00,2025-09-07 23:50:45+00:00,2025-09-09 23:00:00+00:00,0.0,2025-09-09,2025,REG,NYL,WAS,1.070118662351672,True,,0.5212291071384377,401736388,2999101,9,16,1,True,False,matched,11.0,2025-09-09,under,0.15374386497682635,1.9433962264150944,-1.0,1.0,False,False,False
2422,1b2dcd1e7147b1e42b39133a3f99f685,137,Breanna Stewart,breannastewart,NYL,points,18.5,100.0,-130.0,10,10,2025-09-07 23:50:45+00:00,2025-09-07 23:50:45+00:00,2025-09-07 23:50:45+00:00,2025-09-09 23:00:00+00:00,0.0,2025-09-09,2025,REG,NYL,WAS,1.065217391304348,True,,0.4663164946059025,401736388,2998928,9,16,1,True,False,matched,14.0,2025-09-09,under,0.10000493206756395,1.7692307692307692,0.7692307692307692,1.0,False,False,False
2422,904043dfe794b7a75b2f64151fca7575,163,Natasha Cloud,natashacloud,CHI,points,10.5,-128.0,-102.0,10,10,2025-09-07 23:50:45+00:00,2025-09-07 23:50:45+00:00,2025-09-07 23:50:45+00:00,2025-09-09 23:00:00+00:00,0.0,2025-09-09,2025,REG,NYL,WAS,1.0663540038214347,True,,0.5291749480305961,401736388,2529137,9,16,1,True,False,matched,11.0,2025-09-09,under,0.09936528363429215,1.9803921568627452,-1.0,1.0,False,False,False
2422,df09268818880ba15ec19d79fa5aca2e,572,Kiki Iriafen,kikiiriafen,WAS,points,12.5,-130.0,100.0,10,10,2025-09-07 23:50:45+00:00,2025-09-07 23:50:45+00:00,2025-09-07 23:50:45+00:00,2025-09-09 23:00:00+00:00,0.0,2025-09-09,2025,REG,NYL,WAS,1.065217391304348,True,,0.5336835053940976,401736388,4898384,16,9,0,True,False,matched,16.0,2025-09-09,under,0.06495052414252567,2.0,-1.0,1.0,False,False,False
2423,7efc7cefe13789e5573d62c3552ef7c9,76,Lexie Hull,lexiehull,IND,threes,1.5,-130.0,-102.0,10,10,2025-09-08 00:36:37+00:00,2025-09-08 00:36:37+00:00,2025-09-08 00:36:37+00:00,2025-09-09 23:30:00+00:00,0.0,2025-09-09,2025,REG,IND,MIN,1.0701678863538528,True,,0.5312123494364493,401736389,4398829,5,8,1,True,False,matched,0.0,2025-09-09,under,0.18392941822018039,1.9803921568627452,0.9803921568627452,1.0,False,False,False
2423,11f0182e44eb3b3e0d31d0c43d856dd6,71,Aliyah Boston,aliyahboston,IND,points,14.5,-114.0,-114.0,10,10,2025-09-08 00:36:37+00:00,2025-09-08 00:36:37+00:00,2025-09-08 00:36:37+00:00,2025-09-09 23:30:00+00:00,0.0,2025-09-09,2025,REG,IND,MIN,1.0654205607476634,True,,0.5000000000000001,401736389,4432831,5,8,1,True,False,matched,12.0,2025-09-09,under,0.14055549528559008,1.8771929824561404,0.8771929824561404,1.0,False,False,False
2423,d278d64b1eec232f71506466b77b492b,293,Odyssey Sims,odysseysims,DAL,points,9.5,-120.0,-108.0,10,10,2025-09-08 00:36:37+00:00,2025-09-08 00:36:37+00:00,2025-09-08 00:36:37+00:00,2025-09-09 23:30:00+00:00,0.0,2025-09-09,2025,REG,IND,MIN,1.0646853146853146,True,,0.5135396953663074,401736389,2529047,5,8,1,True,False,matched,15.0,2025-09-09,under,0.11541144237709133,1.925925925925926,-1.0,1.0,False,False,False
2424,9808fbb63014df79df4c3b58fd0e35b5,54,Satou Sabally,satousabally,NYL,threes,1.5,128.0,-172.0,10,10,2025-09-08 01:33:04+00:00,2025-09-08 01:33:04+00:00,2025-09-08 01:33:04+00:00,2025-09-10 02:00:00+00:00,0.0,2025-09-09,2025,REG,PHX,LAS,1.0709494324045408,True,,0.39957653069922067,401736391,4281929,11,6,1,True,False,matched,4.0,2025-09-09,over,0.1333981168767332,2.2800000000000002,1.2800000000000002,1.0,False,False,False
2424,942eefc55ac1581fc8c5fe2c2de90b24,155,Kahleah Copper,kahleahcopper,PHO,threes,1.5,-125.0,-106.0,10,10,2025-09-08 01:33:04+00:00,2025-09-08 01:33:04+00:00,2025-09-08 01:33:04+00:00,2025-09-10 02:00:00+00:00,0.0,2025-09-09,2025,REG,PHX,LAS,1.070118662351672,True,,0.5212291071384377,401736391,2998938,11,6,1,True,False,matched,1.0,2025-09-09,over,0.06899666975046614,1.8,-1.0,1.0,False,False,False
2424,5084b42c9cd26d6318285f0893934320,40,Alyssa Thomas,alyssathomas,PHO,rebounds,9.5,-118.0,-112.0,10,10,2025-09-08 01:33:04+00:00,2025-09-08 01:33:04+00:00,2025-09-08 01:33:04+00:00,2025-09-10 02:00:00+00:00,0.0,2025-09-09,2025,REG,PHX,LAS,1.0695862904621776,True,,0.5067212711754592,401736391,2529140,11,6,1,True,False,matched,11.0,2025-09-09,under,0.06414847327920586,1.8928571428571428,-1.0,1.0,False,False,False
2426,a18f6a034617860c6b2df481bb092126,182,Brittney Sykes,brittneysykes,TOR,points,10.5,-130.0,100.0,10,10,2025-09-08 02:28:24+00:00,2025-09-08 02:28:24+00:00,2025-09-08 02:28:24+00:00,2025-09-10 02:00:00+00:00,0.0,2025-09-09,2025,REG,SEA,GSV,1.065217391304348,True,,0.5336835053940976,401736392,2988756,14,129689,1,True,False,matched,14.0,2025-09-09,under,0.1345297789908057,2.0,-1.0,1.0,False,False,False
2426,0879ac151e1dd24d68e3e1247ed47cf1,55,Veronica Burton,veronicaburton,GSV,points,12.5,-118.0,-110.0,10,10,2025-09-08 02:28:24+00:00,2025-09-08 02:28:24+00:00,2025-09-08 02:28:24+00:00,2025-09-10 02:00:00+00:00,0.0,2025-09-09,2025,REG,SEA,GSV,1.0650939274792486,True,,0.5090245232268319,401736392,4398935,129689,14,0,True,False,matched,14.0,2025-09-09,under,0.13245314177702006,1.9090909090909092,-1.0,1.0,False,False,False
2426,d42e9310d4d6fe8410c7f74d0b5c4369,537,Janelle Salaun,janellesalaun,GSV,threes,1.5,100.0,-132.0,10,10,2025-09-08 02:28:24+00:00,2025-09-08 02:28:24+00:00,2025-09-08 02:28:24+00:00,2025-09-10 02:00:00+00:00,0.0,2025-09-09,2025,REG,SEA,GSV,1.0689655172413794,True,,0.46430627616618364,401736392,4790264,129689,14,0,True,False,matched,5.0,2025-09-09,over,0.1307070563939608,2.0,1.0,1.0,False,False,False
2426,216aa3eaf345aa33e72b5aef03879457,175,Skylar Diggins,skylardiggins,CHI,points,13.5,-114.0,-114.0,10,10,2025-09-08 02:28:24+00:00,2025-09-08 02:28:24+00:00,2025-09-08 02:28:24+00:00,2025-09-10 02:00:00+00:00,0.0,2025-09-09,2025,REG,SEA,GSV,1.0654205607476634,True,,0.5000000000000001,401736392,2491205,14,129689,1,True,False,matched,10.0,2025-09-09,under,0.09545495196991893,1.8771929824561404,0.8771929824561404,1.0,False,False,False
2426,eca5f0d66a8e9f6c1ac2e651b957fda1,180,Nneka Ogwumike,nnekaogwumike,LAS,points,17.5,-114.0,-114.0,10,10,2025-09-08 02:28:24+00:00,2025-09-08 02:28:24+00:00,2025-09-08 02:28:24+00:00,2025-09-10 02:00:00+00:00,0.0,2025-09-09,2025,REG,SEA,GSV,1.0654205607476634,True,,0.5000000000000001,401736392,1068,14,129689,1,True,False,matched,16.0,2025-09-09,under,0.09303937892066094,1.8771929824561404,0.8771929824561404,1.0,False,False,False
2426,48fafbf5c58c315ec2778f960dcc1ffc,208,Gabby Williams,gabbywilliams,GSV,points,9.5,-110.0,-118.0,10,10,2025-09-08 02:28:25+00:00,2025-09-08 02:28:25+00:00,2025-09-08 02:28:25+00:00,2025-09-10 02:00:00+00:00,0.0,2025-09-09,2025,REG,SEA,GSV,1.0650939274792486,True,,0.4909754767731684,401736392,3142328,14,129689,1,True,False,matched,2.0,2025-09-09,under,0.08174514610744649,1.847457627118644,0.847457627118644,1.0,False,False,False
2425,68225626e414e250f51d61ce5cd8763d,103,A'ja Wilson,ajawilson,LVA,assists,2.5,-128.0,-104.0,10,10,2025-09-08 04:26:18+00:00,2025-09-08 04:26:18+00:00,2025-09-08 04:26:18+00:00,2025-09-10 02:00:00+00:00,0.0,2025-09-09,2025,REG,LVA,CHI,1.0712074303405572,True,,0.5267388899028808,401736390,3149391,17,19,1,True,False,matched,4.0,2025-09-09,under,0.07365794431925105,1.9615384615384617,-1.0,1.0,False,False,False
2425,cc5f78f62e29802d1501cd0fbb83a8a3,107,Chelsea Gray,chelseagray,LVA,points,10.5,-122.0,-106.0,10,10,2025-09-08 04:26:18+00:00,2025-09-08 04:26:18+00:00,2025-09-08 04:26:18+00:00,2025-09-10 02:00:00+00:00,0.0,2025-09-09,2025,REG,LVA,CHI,1.064112656345666,True,,0.518058368553134,401736390,2529122,17,19,1,True,False,matched,10.0,2025-09-09,under,0.06642152007453644,1.9433962264150944,0.9433962264150944,1.0,False,False,False
2425,f82b775c1a738394a61db8e4b0bb924a,102,Jackie Young,jackieyoung,LVA,points,15.5,-114.0,-114.0,10,10,2025-09-08 04:26:18+00:00,2025-09-08 04:26:18+00:00,2025-09-08 04:26:18+00:00,2025-09-10 02:00:00+00:00,0.0,2025-09-09,2025,REG,LVA,CHI,1.0654205607476634,True,,0.5000000000000001,401736390,4065870,17,19,1,True,False,matched,15.0,2025-09-09,under,0.057807240002889004,1.8771929824561404,0.8771929824561404,1.0,False,False,False
2425,a9e4a4b12937838455ff78806bb3b575,30,Kamilla Cardoso,kamillacardoso,CHI,rebounds,9.5,-118.0,-112.0,10,10,2025-09-08 04:26:19+00:00,2025-09-08 04:26:19+00:00,2025-09-08 04:26:19+00:00,2025-09-10 02:00:00+00:00,0.0,2025-09-09,2025,REG,LVA,CHI,1.0695862904621776,True,,0.5067212711754592,401736390,4433405,19,17,0,True,False,matched,13.0,2025-09-09,under,0.23649656852278522,1.8928571428571428,-1.0,1.0,False,False,False
2424,50439ed5e09deabfb46a2917f1126fa4,82,Azura Stevens,azurastevens,CHI,threes,1.5,190.0,-240.0,24,24,2025-09-08 13:15:53+00:00,2025-09-08 13:15:53+00:00,2025-09-08 13:15:53+00:00,2025-09-10 02:00:00+00:00,0.0,2025-09-09,2025,REG,PHX,LAS,1.050709939148073,True,,0.31482669350282655,401736391,3142010,6,11,0,True,False,matched,1.0,2025-09-09,over,0.17948744822141882,2.9,-1.0,1.0,False,False,False
2424,342214076a012b8dd442d8d0315d0856,89,Dearica Hamby,dearicahamby,LAS,assists,3.5,120.0,-150.0,24,24,2025-09-08 13:15:53+00:00,2025-09-08 13:15:53+00:00,2025-09-08 13:15:53+00:00,2025-09-10 02:00:00+00:00,0.0,2025-09-09,2025,REG,PHX,LAS,1.0545454545454547,True,,0.4253013906678685,401736391,2566106,6,11,0,True,False,matched,5.0,2025-09-09,under,0.11148813768330368,1.6666666666666665,-1.0,1.0,False,False,False
2424,f736b9f0835e1a3eb8032f9550068bf0,101,Kelsey Plum,kelseyplum,LAS,assists,5.5,-115.0,-115.0,24,24,2025-09-08 13:15:53+00:00,2025-09-08 13:15:53+00:00,2025-09-08 13:15:53+00:00,2025-09-10 02:00:00+00:00,0.0,2025-09-09,2025,REG,PHX,LAS,1.0697674418604652,True,,0.5,401736391,3065570,6,11,0,True,False,matched,5.0,2025-09-09,under,0.1085308169861357,1.8695652173913042,0.8695652173913042,1.0,False,False,False
2424,e25a5e4710d1a6befa495c4578b2efe4,94,Rickea Jackson,rickeajackson,CHI,threes,1.5,-180.0,145.0,24,24,2025-09-08 13:15:53+00:00,2025-09-08 13:15:53+00:00,2025-09-08 13:15:53+00:00,2025-09-10 02:00:00+00:00,0.0,2025-09-09,2025,REG,PHX,LAS,1.0510204081632653,True,,0.6203266093860251,401736391,4433630,6,11,0,True,False,matched,1.0,2025-09-09,under,0.10103865667453871,2.45,1.4500000000000002,1.0,False,False,False
2423,9b9b62cdb0aa233281481fc3d2d56113,125,Kayla McBride,kaylamcbride,MIN,threes,2.5,130.0,-160.0,24,24,2025-09-08 13:15:54+00:00,2025-09-08 13:15:54+00:00,2025-09-08 13:15:54+00:00,2025-09-09 23:30:00+00:00,0.0,2025-09-09,2025,REG,IND,MIN,1.0501672240802677,True,,0.4074611221872626,401736389,2529205,8,5,0,True,False,matched,0.0,2025-09-09,over,0.10848806391414922,2.3,-1.0,1.0,False,False,False
2423,13a968a485367ed71c126104a1b8ae56,117,Courtney Williams,courtneywilliams,MIN,threes,1.5,125.0,-155.0,24,24,2025-09-08 13:15:54+00:00,2025-09-08 13:15:54+00:00,2025-09-08 13:15:54+00:00,2025-09-09 23:30:00+00:00,0.0,2025-09-09,2025,REG,IND,MIN,1.0522875816993464,True,,0.4161844529605166,401736389,2987891,8,5,0,True,False,matched,0.0,2025-09-09,under,0.08095019243470197,1.6451612903225805,0.6451612903225805,1.0,False,False,False
2421,9470d11fafd340d9b75545c105e745d4,1,Allisha Gray,allishagray,ATL,rebounds,3.5,100.0,-132.0,10,10,2025-09-08 16:49:43+00:00,2025-09-08 16:49:43+00:00,2025-09-08 16:49:43+00:00,2025-09-08 23:30:00+00:00,0.0,2025-09-08,2025,REG,ATL,CON,1.0689655172413794,True,,0.46430627616618364,401736387,3058901,20,18,1,True,False,matched,6.0,2025-09-08,over,0.3528780738699673,2.0,1.0,1.0,False,False,False
2423,3cb32fe1f04c6bdbc528431d5fb0b938,112,Napheesa Collier,napheesacollier,MIN,rebounds,7.5,-140.0,100.0,33,33,2025-09-08 17:46:56+00:00,2025-09-08 17:46:56+00:00,2025-09-08 17:46:56+00:00,2025-09-09 23:30:00+00:00,0.0,2025-09-09,2025,REG,IND,MIN,1.0833333333333333,True,,0.5434863681281015,401736389,3917450,8,5,0,True,True,did_not_play,,2025-09-09,under,0.24465642329326126,2.0,0.0,0.0,False,True,False
2426,db9ec3ac5ffa57cca48f282116b27343,13,Iliana Rupert,ilianarupert,GSV,points,10.5,-102.0,-128.0,10,10,2025-09-09 00:56:38+00:00,2025-09-09 00:56:38+00:00,2025-09-09 00:56:38+00:00,2025-09-10 02:00:00+00:00,0.0,2025-09-09,2025,REG,SEA,GSV,1.0663540038214347,True,,0.47082505196940394,401736392,4790263,129689,14,0,True,False,matched,6.0,2025-09-09,under,0.2072119039617481,1.78125,0.78125,1.0,False,False,False
2426,5186e486ba81ac39b78025b1fbe0a798,280,Kaila Charles,kailacharles,GSV,points,9.5,-110.0,-130.0,33,33,2025-09-09 02:25:16+00:00,2025-09-09 02:25:16+00:00,2025-09-09 02:25:16+00:00,2025-09-10 02:00:00+00:00,0.0,2025-09-09,2025,REG,SEA,GSV,1.0890269151138718,True,,0.47832076753442404,401736392,4065780,129689,14,0,True,False,matched,12.0,2025-09-09,under,0.2962494280166666,1.7692307692307692,-1.0,1.0,False,False,False
2427,7fb6195494f6af2729acd1f440c7573d,22,Marina Mabrey,marinamabrey,TOR,threes,1.5,-140.0,110.0,24,24,2025-09-09 10:22:44+00:00,2025-09-09 10:22:44+00:00,2025-09-09 10:22:44+00:00,2025-09-10 23:00:00+00:00,0.0,2025-09-10,2025,REG,CON,ATL,1.0595238095238093,True,,0.555167954788897,401736393,3904576,18,20,1,True,False,matched,2.0,2025-09-10,under,0.14630494973550384,2.1,-1.0,1.0,False,False,False
2427,e588009142dc8cec04e857c35a432c3c,2,Jordin Canada,jordincanada,ATL,assists,6.5,-105.0,-125.0,24,24,2025-09-09 10:22:44+00:00,2025-09-09 10:22:44+00:00,2025-09-09 10:22:44+00:00,2025-09-10 23:00:00+00:00,0.0,2025-09-10,2025,REG,CON,ATL,1.067750677506775,True,,0.47757418034290006,401736393,3142250,20,18,0,True,False,matched,4.0,2025-09-10,under,0.10569794456684661,1.8,0.8,1.0,False,False,False
2427,9b6efd5862b640e48b457c3df2425690,1,Allisha Gray,allishagray,ATL,threes,2.5,150.0,-185.0,24,24,2025-09-09 10:22:44+00:00,2025-09-09 10:22:44+00:00,2025-09-09 10:22:44+00:00,2025-09-10 23:00:00+00:00,0.0,2025-09-10,2025,REG,CON,ATL,1.049122807017544,True,,0.3723998049350017,401736393,3058901,20,18,0,True,False,matched,3.0,2025-09-10,under,0.05575825808245172,1.5405405405405406,-1.0,1.0,False,False,False
2427,3174ee3875a7dc33a0dba2588a35fc5f,15,Rhyne Howard,rhynehoward,ATL,assists,4.5,-120.0,-110.0,24,24,2025-09-09 10:22:44+00:00,2025-09-09 10:22:44+00:00,2025-09-09 10:22:44+00:00,2025-09-10 23:00:00+00:00,0.0,2025-09-10,2025,REG,CON,ATL,1.0692640692640691,True,,0.5112040114787568,401736393,4398674,20,18,0,True,False,matched,4.0,2025-09-10,under,0.05237254737625879,1.9090909090909092,0.9090909090909092,1.0,False,False,False
2426,8c3aef4c6494f9261424336efba3e3a3,570,Dominique Malonga,dominiquemalonga,SEA,rebounds,5.5,-139.0,104.0,60,60,2025-09-09 11:04:09+00:00,2025-09-09 11:04:09+00:00,2025-09-09 11:04:09+00:00,2025-09-10 02:00:00+00:00,0.0,2025-09-09,2025,REG,SEA,GSV,1.0717860365903684,True,,0.5473782698715587,401736392,5220150,14,129689,1,True,False,matched,7.0,2025-09-09,under,0.1143671314913815,2.04,-1.0,1.0,False,False,False
2427,14164ee0d83068858349a028012aca41,16,Naz Hillmon,nazhillmon,ATL,points,9.5,-123.0,-106.0,60,60,2025-09-09 12:07:19+00:00,2025-09-09 12:07:19+00:00,2025-09-09 12:07:19+00:00,2025-09-10 23:00:00+00:00,0.0,2025-09-10,2025,REG,CON,ATL,1.066132613522574,True,,0.5191222890950726,401736393,4398915,20,18,0,True,False,matched,7.0,2025-09-10,under,0.18255010755751683,1.9433962264150944,0.9433962264150944,1.0,False,False,False
2423,a9d3c846063188b28dc92dd9a51d9e1a,116,Jessica Shepard,jessicashepard,DAL,points,14.5,-110.0,-120.0,13,13,2025-09-09 12:09:43+00:00,2025-09-09 12:09:43+00:00,2025-09-09 12:09:43+00:00,2025-09-09 23:30:00+00:00,0.0,2025-09-09,2025,REG,IND,MIN,1.0692640692640691,True,,0.4887959885212434,401736389,3906949,8,5,0,True,False,matched,16.0,2025-09-09,under,0.6271748769487935,1.8333333333333335,-1.0,1.0,False,False,False
2427,01fc2dcd339347da1ad73c4e4ea10e56,9,Tina Charles,tinacharles,FA,points,14.5,-140.0,110.0,13,13,2025-09-10 15:01:43+00:00,2025-09-10 15:01:43+00:00,2025-09-10 15:01:43+00:00,2025-09-10 23:00:00+00:00,0.0,2025-09-10,2025,REG,CON,ATL,1.0595238095238093,True,,0.555167954788897,401736393,918,18,20,1,True,False,matched,9.0,2025-09-10,under,0.096949128716879,2.1,1.1,1.0,False,False,False
2427,7bf5c717f59a47f354063121c39cc578,519,Aneesah Morrow,aneesahmorrow,CON,rebounds,9.5,115.0,-145.0,13,13,2025-09-10 15:27:43+00:00,2025-09-10 15:27:43+00:00,2025-09-10 15:27:43+00:00,2025-09-10 23:00:00+00:00,0.0,2025-09-10,2025,REG,CON,ATL,1.056953013763645,True,,0.4348401999529958,401736393,4684384,18,20,1,True,False,matched,10.0,2025-09-10,under,0.1261971968019443,1.6896551724137931,-1.0,1.0,False,False,False
2427,7d41d9aff77112fcd2d38122c5afed1b,518,Saniya Rivers,saniyarivers,CON,points,11.5,-137.0,-123.0,60,60,2025-09-10 20:07:27+00:00,2025-09-10 20:07:27+00:00,2025-09-10 20:07:27+00:00,2025-09-10 23:00:00+00:00,0.0,2025-09-10,2025,REG,CON,ATL,1.1296285784564153,True,,0.5142268617549557,401736393,4433514,18,20,1,True,False,matched,16.0,2025-09-10,under,0.2749970620100419,1.8130081300813008,-1.0,1.0,False,False,False
2428,d3226f85a28f036f47dd01bc82d120c4,55,Veronica Burton,veronicaburton,GSV,points,12.5,-115.0,-116.0,13,13,2025-09-11 06:56:26+00:00,2025-09-11 06:56:26+00:00,2025-09-11 06:56:26+00:00,2025-09-12 00:00:00+00:00,0.0,2025-09-11,2025,REG,MIN,GSV,1.0719207579672698,True,,0.4988837324457281,401736396,4398935,129689,8,0,True,False,matched,8.0,2025-09-11,under,0.12172009668730815,1.8620689655172413,0.8620689655172413,1.0,False,False,False
2428,2a7bca1e3f1967ffa6d267ab79f40b17,112,Napheesa Collier,napheesacollier,MIN,points,19.5,-119.0,-114.0,13,13,2025-09-11 07:20:34+00:00,2025-09-11 07:20:34+00:00,2025-09-11 07:20:34+00:00,2025-09-12 00:00:00+00:00,0.0,2025-09-11,2025,REG,MIN,GSV,1.0760892758076217,True,,0.5055436854248784,401736396,3917450,8,129689,1,True,False,matched,19.0,2025-09-11,under,0.08142970547340317,1.8771929824561404,0.8771929824561404,1.0,False,False,False
2428,c706de508334d4cf0263bcde1f75a76a,280,Kaila Charles,kailacharles,GSV,rebounds,5.5,-137.0,100.0,13,13,2025-09-11 10:10:08+00:00,2025-09-11 10:10:08+00:00,2025-09-11 10:10:08+00:00,2025-09-12 00:00:00+00:00,0.0,2025-09-11,2025,REG,MIN,GSV,1.0780590717299579,True,,0.5406094161837047,401736396,4065780,129689,8,0,True,False,matched,7.0,2025-09-11,under,0.27602000588578446,2.0,-1.0,1.0,False,False,False
2431,1efcde7dbfc646ad7003152048406a43,107,Chelsea Gray,chelseagray,LVA,points,9.5,-169.0,125.0,13,13,2025-09-11 22:33:42+00:00,2025-09-11 22:33:42+00:00,2025-09-11 22:33:42+00:00,2025-09-12 02:00:00+00:00,0.0,2025-09-11,2025,REG,LAS,LVA,1.0726972325485336,True,,0.5953587091432891,401736397,2529122,17,6,0,True,False,matched,15.0,2025-09-11,under,0.10175959420275227,2.25,-1.0,1.0,False,False,False
2448,c80f63ed8ea95ff0fe031ae38c69ce95,112,Napheesa Collier,napheesacollier,MIN,rebounds,6.5,-154.0,116.0,10,10,2025-09-12 04:30:40+00:00,2025-09-12 04:30:40+00:00,2025-09-12 04:30:40+00:00,2025-09-14 17:00:00+00:00,0.0,2025-09-14,2025,PST,MIN,GSV,1.0692621755613883,True,,0.574207987656796,401820272,3917450,8,129689,1,True,False,matched,6.0,2025-09-14,under,0.1312868019158402,2.16,1.1600000000000001,1.0,False,False,False
2450,cea8bc9b0dcb08e88ce59b40ea558f80,54,Satou Sabally,satousabally,NYL,rebounds,6.5,100.0,-132.0,10,10,2025-09-12 04:30:41+00:00,2025-09-12 04:30:41+00:00,2025-09-12 04:30:41+00:00,2025-09-14 21:00:00+00:00,0.0,2025-09-14,2025,PST,PHX,NYL,1.0689655172413794,True,,0.46430627616618364,401820314,4281929,11,9,1,True,False,matched,8.0,2025-09-14,under,0.32043477150555366,1.7575757575757576,-1.0,1.0,False,False,False
2450,63b41bf65dea6d10625bf91d5156ed8e,141,Jonquel Jones,jonqueljones,NYL,rebounds,9.5,100.0,-132.0,10,10,2025-09-12 04:30:41+00:00,2025-09-12 04:30:41+00:00,2025-09-12 04:30:41+00:00,2025-09-14 21:00:00+00:00,0.0,2025-09-14,2025,PST,PHX,NYL,1.0689655172413794,True,,0.46430627616618364,401820314,2999101,9,11,0,True,False,matched,12.0,2025-09-14,under,0.30904097250999263,1.7575757575757576,-1.0,1.0,False,False,False
2450,ae322f4d36f1d46eb893130067f5723f,137,Breanna Stewart,breannastewart,NYL,points,18.5,-128.0,-102.0,10,10,2025-09-12 04:30:41+00:00,2025-09-12 04:30:41+00:00,2025-09-12 04:30:41+00:00,2025-09-14 21:00:00+00:00,0.0,2025-09-14,2025,PST,PHX,NYL,1.0663540038214347,True,,0.5291749480305961,401820314,2998928,9,11,0,True,False,matched,18.0,2025-09-14,under,0.30419120837794883,1.9803921568627452,0.9803921568627452,1.0,False,False,False
2450,fea22a5a3665c6c4dc4a36abcb1ff75e,40,Alyssa Thomas,alyssathomas,PHO,points,15.5,-114.0,-114.0,10,10,2025-09-12 04:30:41+00:00,2025-09-12 04:30:41+00:00,2025-09-12 04:30:41+00:00,2025-09-14 21:00:00+00:00,0.0,2025-09-14,2025,PST,PHX,NYL,1.0654205607476634,True,,0.5000000000000001,401820314,2529140,11,9,1,True,False,matched,14.0,2025-09-14,under,0.3038847589044761,1.8771929824561404,0.8771929824561404,1.0,False,False,False
2450,2e9dc0b985275d9f223401ff36d50fd2,132,Sabrina Ionescu,sabrinaionescu,NYL,points,17.5,-120.0,-108.0,10,10,2025-09-12 04:30:41+00:00,2025-09-12 04:30:41+00:00,2025-09-12 04:30:41+00:00,2025-09-14 21:00:00+00:00,0.0,2025-09-14,2025,PST,PHX,NYL,1.0646853146853146,True,,0.5135396953663074,401820314,4066533,9,11,0,True,False,matched,16.0,2025-09-14,under,0.2600766513636089,1.925925925925926,0.925925925925926,1.0,False,False,False
2450,32877675342c5821ff266ce03dc085bb,155,Kahleah Copper,kahleahcopper,PHO,points,17.5,-114.0,-114.0,10,10,2025-09-12 04:30:41+00:00,2025-09-12 04:30:41+00:00,2025-09-12 04:30:41+00:00,2025-09-14 21:00:00+00:00,0.0,2025-09-14,2025,PST,PHX,NYL,1.0654205607476634,True,,0.5000000000000001,401820314,2998938,11,9,1,True,False,matched,15.0,2025-09-14,under,0.23579763792636477,1.8771929824561404,0.8771929824561404,1.0,False,False,False
2451,7fdc7b1aae5ebce804dcc6d15bfd77d6,103,A'ja Wilson,ajawilson,LVA,rebounds,10.5,-146.0,110.0,10,10,2025-09-12 04:42:19+00:00,2025-09-12 04:42:19+00:00,2025-09-12 04:42:19+00:00,2025-09-15 02:00:00+00:00,0.0,2025-09-14,2025,PST,LVA,SEA,1.0696864111498257,True,,0.5607420039050215,401820315,3149391,17,14,1,True,False,matched,8.0,2025-09-14,under,0.24922513838518245,2.1,1.1,1.0,False,False,False
2451,435253eff1799519ff5a760df2483fff,102,Jackie Young,jackieyoung,LVA,points,16.5,-118.0,-110.0,10,10,2025-09-12 05:05:45+00:00,2025-09-12 05:05:45+00:00,2025-09-12 05:05:45+00:00,2025-09-15 02:00:00+00:00,0.0,2025-09-14,2025,PST,LVA,SEA,1.0650939274792486,True,,0.5090245232268319,401820315,4065870,17,14,1,True,False,matched,18.0,2025-09-14,under,0.14385224466582758,1.9090909090909092,-1.0,1.0,False,False,False
2451,47f09b1966fff2b1557eb3a23045bb16,107,Chelsea Gray,chelseagray,LVA,points,11.5,-128.0,-102.0,10,10,2025-09-12 05:17:45+00:00,2025-09-12 05:17:45+00:00,2025-09-12 05:17:45+00:00,2025-09-15 02:00:00+00:00,0.0,2025-09-14,2025,PST,LVA,SEA,1.0663540038214347,True,,0.5291749480305961,401820315,2529122,17,14,1,True,False,matched,5.0,2025-09-14,under,0.19966442356268888,1.9803921568627452,0.9803921568627452,1.0,False,False,False
2449,8bd23cd0681b195b16d4b545a05ee01e,293,Odyssey Sims,odysseysims,DAL,points,10.5,-120.0,-108.0,10,10,2025-09-12 05:52:05+00:00,2025-09-12 05:52:05+00:00,2025-09-12 05:52:05+00:00,2025-09-14 19:00:00+00:00,0.0,2025-09-14,2025,PST,ATL,IND,1.0646853146853146,True,,0.5135396953663074,401820313,2529047,5,20,0,True,False,matched,10.0,2025-09-14,under,0.268322287003264,1.925925925925926,0.925925925925926,1.0,False,False,False
2449,cd7d973b9ecc2a6e630c2d58bd130eff,56,Natasha Howard,natashahoward,MIN,points,11.5,-120.0,-110.0,10,10,2025-09-12 05:52:05+00:00,2025-09-12 05:52:05+00:00,2025-09-12 05:52:05+00:00,2025-09-14 19:00:00+00:00,0.0,2025-09-14,2025,PST,ATL,IND,1.0692640692640691,True,,0.5112040114787568,401820313,2529130,5,20,0,True,False,matched,5.0,2025-09-14,under,0.2296280597158396,1.9090909090909092,0.9090909090909092,1.0,False,False,False
2449,c5686b48263125acca7eb35901f22494,70,Kelsey Mitchell,kelseymitchell,IND,points,18.5,-118.0,-110.0,10,10,2025-09-12 05:52:05+00:00,2025-09-12 05:52:05+00:00,2025-09-12 05:52:05+00:00,2025-09-14 19:00:00+00:00,0.0,2025-09-14,2025,PST,ATL,IND,1.0650939274792486,True,,0.5090245232268319,401820313,3142191,5,20,0,True,False,matched,27.0,2025-09-14,under,0.13611178806039465,1.9090909090909092,-1.0,1.0,False,False,False
2449,cc4bc56f3a3f7d4654d77fc42a19d112,16,Naz Hillmon,nazhillmon,ATL,threes,1.5,108.0,-144.0,10,10,2025-09-12 05:52:05+00:00,2025-09-12 05:52:05+00:00,2025-09-12 05:52:05+00:00,2025-09-14 19:00:00+00:00,0.0,2025-09-14,2025,PST,ATL,IND,1.0709331651954601,True,,0.4433154794603006,401820313,4398915,20,5,1,True,False,matched,2.0,2025-09-14,under,0.059100282928584214,1.6944444444444444,-1.0,1.0,False,False,False
2449,1c16f28608885d5a90f5d29ba79430c5,49,Brionna Jones,brionnajones,ATL,points,13.5,-114.0,-114.0,10,10,2025-09-12 05:52:06+00:00,2025-09-12 05:52:06+00:00,2025-09-12 05:52:06+00:00,2025-09-14 19:00:00+00:00,0.0,2025-09-14,2025,PST,ATL,IND,1.0654205607476634,True,,0.5000000000000001,401820313,3058895,20,5,1,True,False,matched,12.0,2025-09-14,under,0.22265527507218824,1.8771929824561404,0.8771929824561404,1.0,False,False,False
2449,1f7b48071f2d2d5247a61b93eacb4776,71,Aliyah Boston,aliyahboston,IND,points,13.5,-122.0,-106.0,10,10,2025-09-12 05:52:06+00:00,2025-09-12 05:52:06+00:00,2025-09-12 05:52:06+00:00,2025-09-14 19:00:00+00:00,0.0,2025-09-14,2025,PST,ATL,IND,1.064112656345666,True,,0.518058368553134,401820313,4432831,5,20,0,True,False,matched,8.0,2025-09-14,under,0.2003142651421334,1.9433962264150944,0.9433962264150944,1.0,False,False,False
2449,18fbaa132e17ddb7b8b6acad0ce1648f,1,Allisha Gray,allishagray,ATL,assists,3.5,-104.0,-128.0,10,10,2025-09-12 05:52:06+00:00,2025-09-12 05:52:06+00:00,2025-09-12 05:52:06+00:00,2025-09-14 19:00:00+00:00,0.0,2025-09-14,2025,PST,ATL,IND,1.0712074303405572,True,,0.4732611100971195,401820313,3058901,20,5,1,True,False,matched,4.0,2025-09-14,under,0.19177333370134692,1.78125,-1.0,1.0,False,False,False
2449,88310a8cb985501ffa432f7fbfc456ae,76,Lexie Hull,lexiehull,IND,points,7.5,100.0,-130.0,10,10,2025-09-12 05:52:06+00:00,2025-09-12 05:52:06+00:00,2025-09-12 05:52:06+00:00,2025-09-14 19:00:00+00:00,0.0,2025-09-14,2025,PST,ATL,IND,1.065217391304348,True,,0.4663164946059025,401820313,4398829,5,20,0,True,False,matched,9.0,2025-09-14,under,0.1239761867200952,1.7692307692307692,-1.0,1.0,False,False,False
2449,199e6433a660ba1f4956bb043105d8e7,15,Rhyne Howard,rhynehoward,ATL,points,17.5,-118.0,-110.0,10,10,2025-09-12 05:52:06+00:00,2025-09-12 05:52:06+00:00,2025-09-12 05:52:06+00:00,2025-09-14 19:00:00+00:00,0.0,2025-09-14,2025,PST,ATL,IND,1.0650939274792486,True,,0.5090245232268319,401820313,4398674,20,5,1,True,False,matched,20.0,2025-09-14,under,0.052347690401723046,1.9090909090909092,-1.0,1.0,False,False,False
2451,1d1df68a0215d3b0e2adeb989b65b90c,180,Nneka Ogwumike,nnekaogwumike,LAS,assists,2.5,104.0,-138.0,10,10,2025-09-12 06:08:47+00:00,2025-09-12 06:08:47+00:00,2025-09-12 06:08:47+00:00,2025-09-15 02:00:00+00:00,0.0,2025-09-14,2025,PST,LVA,SEA,1.0700280112044818,True,,0.4535791638529251,401820315,1068,14,17,0,True,False,matched,3.0,2025-09-14,under,0.220236693940558,1.7246376811594204,-1.0,1.0,False,False,False
2451,c108f89d91ab56bb57075b24395bb263,182,Brittney Sykes,brittneysykes,TOR,points,10.5,-130.0,100.0,10,10,2025-09-12 06:08:47+00:00,2025-09-12 06:08:47+00:00,2025-09-12 06:08:47+00:00,2025-09-15 02:00:00+00:00,0.0,2025-09-14,2025,PST,LVA,SEA,1.065217391304348,True,,0.5336835053940976,401820315,2988756,14,17,0,True,False,matched,0.0,2025-09-14,under,0.09761228634096702,2.0,1.0,1.0,False,False,False
2451,82c575d337d1ac2d98d3155951305d31,175,Skylar Diggins,skylardiggins,CHI,points,13.5,-122.0,-106.0,10,10,2025-09-12 06:08:48+00:00,2025-09-12 06:08:48+00:00,2025-09-12 06:08:48+00:00,2025-09-15 02:00:00+00:00,0.0,2025-09-14,2025,PST,LVA,SEA,1.064112656345666,True,,0.518058368553134,401820315,2491205,14,17,0,True,False,matched,12.0,2025-09-14,under,0.17106105697499802,1.9433962264150944,0.9433962264150944,1.0,False,False,False
2448,500ad438accba3be15ccca09b4d41167,537,Janelle Salaun,janellesalaun,GSV,threes,1.5,-114.0,-114.0,10,10,2025-09-12 06:40:43+00:00,2025-09-12 06:40:43+00:00,2025-09-12 06:40:43+00:00,2025-09-14 17:00:00+00:00,0.0,2025-09-14,2025,PST,MIN,GSV,1.0654205607476634,True,,0.5000000000000001,401820272,4790264,129689,8,0,True,False,matched,3.0,2025-09-14,over,0.14253045170011686,1.8771929824561404,0.8771929824561404,1.0,False,False,False
2448,edafe85c6d6944ceac54b9b3434ad540,221,Tiffany Hayes,tiffanyhayes,GSV,points,10.5,-106.0,-122.0,10,10,2025-09-12 06:40:43+00:00,2025-09-12 06:40:43+00:00,2025-09-12 06:40:43+00:00,2025-09-14 17:00:00+00:00,0.0,2025-09-14,2025,PST,MIN,GSV,1.064112656345666,True,,0.4819416314468661,401820272,1054,129689,8,0,True,True,did_not_play,,2025-09-14,under,0.08567961682175096,1.819672131147541,0.0,0.0,False,True,False
2448,de949518a6b19c901058478c4bb18d9a,55,Veronica Burton,veronicaburton,GSV,assists,5.5,118.0,-158.0,10,10,2025-09-12 06:40:44+00:00,2025-09-12 06:40:44+00:00,2025-09-12 06:40:44+00:00,2025-09-14 17:00:00+00:00,0.0,2025-09-14,2025,PST,MIN,GSV,1.0711186971054691,True,,0.42034729080094674,401820272,4398935,129689,8,0,True,False,matched,7.0,2025-09-14,over,0.34055138497901805,2.1799999999999997,1.1799999999999997,1.0,False,False,False
2448,9c0d9b75f777db6b6543fe74351bfa0b,125,Kayla McBride,kaylamcbride,MIN,points,13.5,-108.0,-120.0,10,10,2025-09-12 06:40:44+00:00,2025-09-12 06:40:44+00:00,2025-09-12 06:40:44+00:00,2025-09-14 17:00:00+00:00,0.0,2025-09-14,2025,PST,MIN,GSV,1.0646853146853146,True,,0.48646030463369283,401820272,2529205,8,129689,1,True,False,matched,17.0,2025-09-14,under,0.17303626879123918,1.8333333333333335,-1.0,1.0,False,False,False
2448,f40a16b24b312f9960a8769b49233ca5,117,Courtney Williams,courtneywilliams,MIN,rebounds,4.5,-152.0,114.0,10,10,2025-09-12 06:40:44+00:00,2025-09-12 06:40:44+00:00,2025-09-12 06:40:44+00:00,2025-09-14 17:00:00+00:00,0.0,2025-09-14,2025,PST,MIN,GSV,1.0704643228007713,True,,0.5703965275254933,401820272,2987891,8,129689,1,True,False,matched,4.0,2025-09-14,under,0.11872135888040503,2.1399999999999997,1.1399999999999997,1.0,False,False,False
2450,c6b482999d09f1379341c3b36a17e4f8,163,Natasha Cloud,natashacloud,CHI,threes,1.5,178.0,-245.0,10,10,2025-09-12 07:02:10+00:00,2025-09-12 07:02:10+00:00,2025-09-12 07:02:10+00:00,2025-09-14 21:00:00+00:00,0.0,2025-09-14,2025,PST,PHX,NYL,1.0698571577520593,True,,0.3183263503331576,401820314,2529137,9,11,0,True,False,matched,3.0,2025-09-14,over,0.0764280559391729,2.7800000000000002,1.7800000000000002,1.0,False,False,False
2450,4d5ff1b82489d77cc6453cac4e06fe1c,233,Emma Meesseman,emmameesseman,FA,rebounds,4.5,-120.0,-110.0,10,10,2025-09-12 07:02:10+00:00,2025-09-12 07:02:10+00:00,2025-09-12 07:02:10+00:00,2025-09-14 21:00:00+00:00,0.0,2025-09-14,2025,PST,PHX,NYL,1.0692640692640691,True,,0.5112040114787568,401820314,3027368,9,11,0,True,False,matched,8.0,2025-09-14,under,0.0625766747813864,1.9090909090909092,-1.0,1.0,False,False,False
2449,8eaeacb6513a7bd24e7fb82b4642a9bd,2,Jordin Canada,jordincanada,ATL,points,10.5,-125.0,-105.0,12,12,2025-09-12 09:45:10+00:00,2025-09-12 09:45:10+00:00,2025-09-12 09:45:10+00:00,2025-09-14 19:00:00+00:00,0.0,2025-09-14,2025,PST,ATL,IND,1.067750677506775,True,,0.5224258196571001,401820313,3142250,20,5,1,True,False,matched,2.0,2025-09-14,under,0.15506529275284708,1.9523809523809523,0.9523809523809523,1.0,False,False,False
2451,d9035f4acd3cb06f64989568bda146f4,208,Gabby Williams,gabbywilliams,GSV,rebounds,3.5,-154.0,116.0,10,10,2025-09-12 14:12:10+00:00,2025-09-12 14:12:10+00:00,2025-09-12 14:12:10+00:00,2025-09-15 02:00:00+00:00,0.0,2025-09-14,2025,PST,LVA,SEA,1.0692621755613883,True,,0.574207987656796,401820315,3142328,14,17,0,True,False,matched,3.0,2025-09-14,under,0.13707330852051214,2.16,1.1600000000000001,1.0,False,False,False
2448,931389e39dd40f8cebc527b61742135f,121,Alanna Smith,alannasmith,DAL,rebounds,4.5,-114.0,-114.0,10,10,2025-09-12 15:20:04+00:00,2025-09-12 15:20:04+00:00,2025-09-12 15:20:04+00:00,2025-09-14 17:00:00+00:00,0.0,2025-09-14,2025,PST,MIN,GSV,1.0654205607476634,True,,0.5000000000000001,401820272,3913881,8,129689,1,True,False,matched,6.0,2025-09-14,under,0.05014974536722694,1.8771929824561404,-1.0,1.0,False,False,False
2450,7a37e5b4a5365c7cc4e337fd3e9df111,177,Sami Whitcomb,samiwhitcomb,PHO,threes,1.5,128.0,-172.0,10,10,2025-09-12 17:50:17+00:00,2025-09-12 17:50:17+00:00,2025-09-12 17:50:17+00:00,2025-09-14 21:00:00+00:00,0.0,2025-09-14,2025,PST,PHX,NYL,1.0709494324045408,True,,0.39957653069922067,401820314,887,11,9,1,True,False,matched,2.0,2025-09-14,over,0.227363296589365,2.2800000000000002,1.2800000000000002,1.0,False,False,False
2450,c5a798e53f6d753347aae67ff836035a,45,DeWanna Bonner,dewannabonner,PHO,threes,1.5,118.0,-158.0,10,10,2025-09-12 17:50:17+00:00,2025-09-12 17:50:17+00:00,2025-09-12 17:50:17+00:00,2025-09-14 21:00:00+00:00,0.0,2025-09-14,2025,PST,PHX,NYL,1.0711186971054691,True,,0.42034729080094674,401820314,869,11,9,1,True,False,matched,1.0,2025-09-14,under,0.06989245241447517,1.6329113924050633,0.6329113924050633,1.0,False,False,False
2448,ccc48eb2922a212ead0a1866f8e036ef,120,Cecilia Zandalasini,ceciliazandalasini,GSV,points,9.5,106.0,-138.0,10,10,2025-09-12 18:08:56+00:00,2025-09-12 18:08:56+00:00,2025-09-12 18:08:56+00:00,2025-09-14 17:00:00+00:00,0.0,2025-09-14,2025,PST,MIN,GSV,1.0652688259769927,True,,0.4512435291926419,401820272,4257500,129689,8,0,True,False,matched,14.0,2025-09-14,under,0.05553237254046639,1.7246376811594204,-1.0,1.0,False,False,False
2451,c4023a832cb1f62e106dc09146fb3854,73,NaLyssa Smith,nalyssasmith,LVA,rebounds,4.5,114.0,-152.0,10,10,2025-09-12 18:09:00+00:00,2025-09-12 18:09:00+00:00,2025-09-12 18:09:00+00:00,2025-09-15 02:00:00+00:00,0.0,2025-09-14,2025,PST,LVA,SEA,1.0704643228007713,True,,0.42960347247450675,401820315,4398776,17,14,1,True,False,matched,9.0,2025-09-14,over,0.10367714057964095,2.1399999999999997,1.1399999999999997,1.0,False,False,False
2448,ce227200d1917a241c5a5ffa98db2425,13,Iliana Rupert,ilianarupert,GSV,rebounds,4.5,134.0,-180.0,10,10,2025-09-12 19:20:35+00:00,2025-09-12 19:20:35+00:00,2025-09-12 19:20:35+00:00,2025-09-14 17:00:00+00:00,0.0,2025-09-14,2025,PST,MIN,GSV,1.0702075702075702,True,,0.38834080463047865,401820272,4790263,129689,8,0,True,False,matched,3.0,2025-09-14,under,0.11912345696291049,1.5555555555555556,0.5555555555555556,1.0,False,False,False
2451,f320848a4bb61a58af0b8d6d8f052a56,66,Erica Wheeler,ericawheeler,LAS,assists,3.5,140.0,-170.0,24,24,2025-09-12 19:49:43+00:00,2025-09-12 19:49:43+00:00,2025-09-12 19:49:43+00:00,2025-09-15 02:00:00+00:00,0.0,2025-09-14,2025,PST,LVA,SEA,1.0462962962962963,True,,0.3910947128467968,401820315,2491214,14,17,0,True,False,matched,1.0,2025-09-14,under,0.17444082947412437,1.5882352941176472,0.5882352941176472,1.0,False,False,False
2448,ac5812fd5fa325a55cf562adacea6156,128,Bridget Carleton,bridgetcarleton,PDX,points,6.5,-118.0,-110.0,10,10,2025-09-12 22:32:57+00:00,2025-09-12 22:32:57+00:00,2025-09-12 22:32:57+00:00,2025-09-14 17:00:00+00:00,0.0,2025-09-14,2025,PST,MIN,GSV,1.0650939274792486,True,,0.5090245232268319,401820272,3906972,8,129689,1,True,False,matched,2.0,2025-09-14,under,0.2945445917637025,1.9090909090909092,0.9090909090909092,1.0,False,False,False
2448,0c1aeba769f781e6a5dde0bfa1845bf1,280,Kaila Charles,kailacharles,GSV,points,8.5,-128.0,-102.0,10,10,2025-09-13 22:35:39+00:00,2025-09-13 22:35:39+00:00,2025-09-13 22:35:39+00:00,2025-09-14 17:00:00+00:00,0.0,2025-09-14,2025,PST,MIN,GSV,1.0663540038214347,True,,0.5291749480305961,401820272,4065780,129689,8,0,True,False,matched,2.0,2025-09-14,under,0.33208608384815375,1.9803921568627452,0.9803921568627452,1.0,False,False,False
2450,3ec2590f305be00ef37e820960ecbb4c,563,Monique Akoa Makani,moniqueakoamakani,PHO,points,6.5,-120.0,-111.0,13,13,2025-09-14 00:39:30+00:00,2025-09-14 00:39:30+00:00,2025-09-14 00:39:30+00:00,2025-09-14 21:00:00+00:00,0.0,2025-09-14,2025,PST,PHX,NYL,1.0715208961654459,True,,0.5100485111155957,401820314,5274110,11,9,1,True,False,matched,8.0,2025-09-14,under,0.12173208900411286,1.900900900900901,-1.0,1.0,False,False,False
2451,52b841ce4ae65eba665b00ad930b5075,166,Jewell Loyd,jewellloyd,LVA,rebounds,3.5,144.0,-196.0,60,60,2025-09-14 21:09:10+00:00,2025-09-14 21:09:10+00:00,2025-09-14 21:09:10+00:00,2025-09-15 02:00:00+00:00,0.0,2025-09-14,2025,PST,LVA,SEA,1.0719982277359326,True,,0.3691070941266568,401820315,2987869,17,14,1,True,False,matched,3.0,2025-09-14,under,0.07236197611631456,1.510204081632653,0.510204081632653,1.0,False,False,False
2455,8b1a287fd11548ed6943461774944a07,112,Napheesa Collier,napheesacollier,MIN,points,20.5,-128.0,-102.0,10,10,2025-09-14 22:44:48+00:00,2025-09-14 22:44:48+00:00,2025-09-14 22:44:48+00:00,2025-09-18 02:00:00+00:00,0.0,2025-09-17,2025,PST,GSV,MIN,1.0663540038214347,True,,0.5291749480305961,401820319,3917450,8,129689,0,True,False,matched,24.0,2025-09-17,under,0.24666622565699814,1.9803921568627452,-1.0,1.0,False,False,False
2455,7b8e0885cb0d6889356cdbf513120346,125,Kayla McBride,kaylamcbride,MIN,points,14.5,102.0,-132.0,10,10,2025-09-14 23:51:48+00:00,2025-09-14 23:51:48+00:00,2025-09-14 23:51:48+00:00,2025-09-18 02:00:00+00:00,0.0,2025-09-17,2025,PST,GSV,MIN,1.0640150221918745,True,,0.4618487426836327,401820319,2529205,8,129689,0,True,False,matched,18.0,2025-09-17,under,0.25217708644983927,1.7575757575757576,-1.0,1.0,False,False,False
2455,5b9f86d5765b671553deb5e38e2e37dd,117,Courtney Williams,courtneywilliams,MIN,points,12.5,-110.0,-118.0,10,10,2025-09-14 23:51:48+00:00,2025-09-14 23:51:48+00:00,2025-09-14 23:51:48+00:00,2025-09-18 02:00:00+00:00,0.0,2025-09-17,2025,PST,GSV,MIN,1.0650939274792486,True,,0.4909754767731684,401820319,2987891,8,129689,0,True,False,matched,6.0,2025-09-17,under,0.17199411746256876,1.847457627118644,0.847457627118644,1.0,False,False,False
2455,d3fde402c3bde5f0e16972e0cd635e56,55,Veronica Burton,veronicaburton,GSV,points,12.5,-130.0,100.0,10,10,2025-09-15 00:07:10+00:00,2025-09-15 00:07:10+00:00,2025-09-15 00:07:10+00:00,2025-09-18 02:00:00+00:00,0.0,2025-09-17,2025,PST,GSV,MIN,1.065217391304348,True,,0.5336835053940976,401820319,4398935,129689,8,1,True,False,matched,13.0,2025-09-17,under,0.2339731428913342,2.0,-1.0,1.0,False,False,False
2455,a6e3f1357252cb17c46a29cb025756bb,537,Janelle Salaun,janellesalaun,GSV,points,11.5,-130.0,100.0,10,10,2025-09-15 00:07:10+00:00,2025-09-15 00:07:10+00:00,2025-09-15 00:07:10+00:00,2025-09-18 02:00:00+00:00,0.0,2025-09-17,2025,PST,GSV,MIN,1.065217391304348,True,,0.5336835053940976,401820319,4790264,129689,8,1,True,False,matched,14.0,2025-09-17,under,0.09736136096782078,2.0,-1.0,1.0,False,False,False
2455,4c699227d7dfd6e8ccee9f32915c567f,120,Cecilia Zandalasini,ceciliazandalasini,GSV,rebounds,3.5,-120.0,-110.0,10,10,2025-09-15 00:07:11+00:00,2025-09-15 00:07:11+00:00,2025-09-15 00:07:11+00:00,2025-09-18 02:00:00+00:00,0.0,2025-09-17,2025,PST,GSV,MIN,1.0692640692640691,True,,0.5112040114787568,401820319,4257500,129689,8,1,True,False,matched,5.0,2025-09-17,under,0.3655550048061342,1.9090909090909092,-1.0,1.0,False,False,False
2454,7e192e8b01342057151dd1231f00cc2c,40,Alyssa Thomas,alyssathomas,PHO,rebounds,9.5,-125.0,-106.0,10,10,2025-09-15 00:34:24+00:00,2025-09-15 00:34:24+00:00,2025-09-15 00:34:24+00:00,2025-09-18 00:00:00+00:00,0.0,2025-09-17,2025,PST,NYL,PHX,1.070118662351672,True,,0.5212291071384377,401820318,2529140,11,9,0,True,False,matched,6.0,2025-09-17,under,0.31615012697389655,1.9433962264150944,0.9433962264150944,1.0,False,False,False
2454,bdd5b7055ce9ec61fba4c680e6570429,155,Kahleah Copper,kahleahcopper,PHO,assists,1.5,-168.0,126.0,10,10,2025-09-15 00:34:25+00:00,2025-09-15 00:34:25+00:00,2025-09-15 00:34:25+00:00,2025-09-18 00:00:00+00:00,0.0,2025-09-17,2025,PST,NYL,PHX,1.0693435477479856,True,,0.5954775535118485,401820318,2998938,11,9,0,True,False,matched,0.0,2025-09-17,under,0.43904859406423913,2.26,1.2599999999999998,1.0,False,False,False
2454,f982026796acde81825c6ee69ec9f111,132,Sabrina Ionescu,sabrinaionescu,NYL,points,18.5,-110.0,-118.0,10,10,2025-09-15 00:34:25+00:00,2025-09-15 00:34:25+00:00,2025-09-15 00:34:25+00:00,2025-09-18 00:00:00+00:00,0.0,2025-09-17,2025,PST,NYL,PHX,1.0650939274792486,True,,0.4909754767731684,401820318,4066533,9,11,1,True,False,matched,9.0,2025-09-17,under,0.2563471643768838,1.847457627118644,0.847457627118644,1.0,False,False,False
2454,497192414f9a1e61e301e57d42d5833c,141,Jonquel Jones,jonqueljones,NYL,rebounds,8.5,-128.0,-104.0,10,10,2025-09-15 00:43:30+00:00,2025-09-15 00:43:30+00:00,2025-09-15 00:43:30+00:00,2025-09-18 00:00:00+00:00,0.0,2025-09-17,2025,PST,NYL,PHX,1.0712074303405572,True,,0.5267388899028808,401820318,2999101,9,11,1,True,False,matched,13.0,2025-09-17,under,0.3678987581616896,1.9615384615384617,-1.0,1.0,False,False,False
2454,f1c5e5941cda9a12acab2b659b28ead4,233,Emma Meesseman,emmameesseman,FA,rebounds,5.5,-102.0,-130.0,10,10,2025-09-15 00:43:30+00:00,2025-09-15 00:43:30+00:00,2025-09-15 00:43:30+00:00,2025-09-18 00:00:00+00:00,0.0,2025-09-17,2025,PST,NYL,PHX,1.0701678863538528,True,,0.46878765056355093,401820318,3027368,9,11,1,True,False,matched,6.0,2025-09-17,under,0.18888481693392833,1.7692307692307692,-1.0,1.0,False,False,False
2454,ceb7a430202fb7cb42c3ac08b8ce29d4,54,Satou Sabally,satousabally,NYL,rebounds,5.5,-154.0,116.0,10,10,2025-09-15 00:43:31+00:00,2025-09-15 00:43:31+00:00,2025-09-15 00:43:31+00:00,2025-09-18 00:00:00+00:00,0.0,2025-09-17,2025,PST,NYL,PHX,1.0692621755613883,True,,0.574207987656796,401820318,4281929,11,9,0,True,False,matched,7.0,2025-09-17,under,0.4138938666217756,2.16,-1.0,1.0,False,False,False
2454,a28b8da24129f2cd743a1f9eba2f2d62,163,Natasha Cloud,natashacloud,CHI,points,10.5,-113.0,-115.0,10,10,2025-09-15 00:43:31+00:00,2025-09-15 00:43:31+00:00,2025-09-15 00:43:31+00:00,2025-09-18 00:00:00+00:00,0.0,2025-09-17,2025,PST,NYL,PHX,1.0654001528551151,True,,0.49774423259931944,401820318,2529137,9,11,1,True,False,matched,8.0,2025-09-17,under,0.14287216130959512,1.8695652173913042,0.8695652173913042,1.0,False,False,False
2452,f848609414845d8530f762f8f70859ed,49,Brionna Jones,brionnajones,ATL,points,12.5,-128.0,-102.0,10,10,2025-09-15 00:52:33+00:00,2025-09-15 00:52:33+00:00,2025-09-15 00:52:33+00:00,2025-09-16 23:30:00+00:00,0.0,2025-09-16,2025,PST,IND,ATL,1.0663540038214347,True,,0.5291749480305961,401820316,3058895,20,5,0,True,False,matched,8.0,2025-09-16,under,0.23891747537472008,1.9803921568627452,0.9803921568627452,1.0,False,False,False
2452,c8d2e18e9fba7270b1d28dd3e069aec8,293,Odyssey Sims,odysseysims,DAL,threes,1.5,178.0,-245.0,10,10,2025-09-15 00:52:33+00:00,2025-09-15 00:52:33+00:00,2025-09-15 00:52:33+00:00,2025-09-16 23:30:00+00:00,0.0,2025-09-16,2025,PST,IND,ATL,1.0698571577520593,True,,0.3183263503331576,401820316,2529047,5,20,1,True,False,matched,1.0,2025-09-16,under,0.2110427672722797,1.4081632653061225,0.40816326530612246,1.0,False,False,False
2452,a73af46ef3fce009877d1f80a850eaf1,1,Allisha Gray,allishagray,ATL,assists,3.5,110.0,-146.0,10,10,2025-09-15 00:52:33+00:00,2025-09-15 00:52:33+00:00,2025-09-15 00:52:33+00:00,2025-09-16 23:30:00+00:00,0.0,2025-09-16,2025,PST,IND,ATL,1.0696864111498257,True,,0.4392579960949788,401820316,3058901,20,5,0,True,False,matched,2.0,2025-09-16,under,0.16509986317500658,1.6849315068493151,0.6849315068493151,1.0,False,False,False
2452,7befab697a378854a039336390a398a5,2,Jordin Canada,jordincanada,ATL,points,11.5,104.0,-135.0,10,10,2025-09-15 00:52:33+00:00,2025-09-15 00:52:33+00:00,2025-09-15 00:52:33+00:00,2025-09-16 23:30:00+00:00,0.0,2025-09-16,2025,PST,IND,ATL,1.0646641635377556,True,,0.45648742045938223,401820316,3142250,20,5,0,True,False,matched,4.0,2025-09-16,under,0.14607534989338777,1.7407407407407407,0.7407407407407407,1.0,False,False,False
2452,afbf1a0c01788573ad6f6854af2c78db,71,Aliyah Boston,aliyahboston,IND,points,14.5,-102.0,-128.0,10,10,2025-09-15 00:52:33+00:00,2025-09-15 00:52:33+00:00,2025-09-15 00:52:33+00:00,2025-09-16 23:30:00+00:00,0.0,2025-09-16,2025,PST,IND,ATL,1.0663540038214347,True,,0.47082505196940394,401820316,4432831,5,20,1,True,False,matched,15.0,2025-09-16,under,0.14089981012579456,1.78125,-1.0,1.0,False,False,False
2452,61c0bf75448ee495f7b9e4cea3bc3e15,76,Lexie Hull,lexiehull,IND,threes,1.5,108.0,-144.0,10,10,2025-09-15 00:52:33+00:00,2025-09-15 00:52:33+00:00,2025-09-15 00:52:33+00:00,2025-09-16 23:30:00+00:00,0.0,2025-09-16,2025,PST,IND,ATL,1.0709331651954601,True,,0.4433154794603006,401820316,4398829,5,20,1,True,False,matched,1.0,2025-09-16,under,0.14045234330972894,1.6944444444444444,0.6944444444444444,1.0,False,False,False
2452,8535b2ac49d665a9b619ee10b21eb035,56,Natasha Howard,natashahoward,MIN,rebounds,6.5,-118.0,-112.0,10,10,2025-09-15 00:52:33+00:00,2025-09-15 00:52:33+00:00,2025-09-15 00:52:33+00:00,2025-09-16 23:30:00+00:00,0.0,2025-09-16,2025,PST,IND,ATL,1.0695862904621776,True,,0.5067212711754592,401820316,2529130,5,20,1,True,False,matched,5.0,2025-09-16,under,0.13658414239982036,1.8928571428571428,0.8928571428571428,1.0,False,False,False
2452,954884a32521765f36fb62dfbbfa92ae,16,Naz Hillmon,nazhillmon,ATL,points,9.5,-104.0,-125.0,10,10,2025-09-15 00:52:33+00:00,2025-09-15 00:52:33+00:00,2025-09-15 00:52:33+00:00,2025-09-16 23:30:00+00:00,0.0,2025-09-16,2025,PST,IND,ATL,1.065359477124183,True,,0.4763687479911608,401820316,4398915,20,5,0,True,False,matched,8.0,2025-09-16,under,0.11052239539589226,1.8,0.8,1.0,False,False,False
2452,207231bd672673b2a086d04122e19bd3,70,Kelsey Mitchell,kelseymitchell,IND,points,19.5,-106.0,-122.0,10,10,2025-09-15 00:52:33+00:00,2025-09-15 00:52:33+00:00,2025-09-15 00:52:33+00:00,2025-09-16 23:30:00+00:00,0.0,2025-09-16,2025,PST,IND,ATL,1.064112656345666,True,,0.4819416314468661,401820316,3142191,5,20,1,True,False,matched,19.0,2025-09-16,under,0.10581102916190688,1.819672131147541,0.819672131147541,1.0,False,False,False
2452,405c74f038832c776a1f1ac258220461,15,Rhyne Howard,rhynehoward,ATL,points,17.5,-118.0,-110.0,10,10,2025-09-15 00:52:33+00:00,2025-09-15 00:52:33+00:00,2025-09-15 00:52:33+00:00,2025-09-16 23:30:00+00:00,0.0,2025-09-16,2025,PST,IND,ATL,1.0650939274792486,True,,0.5090245232268319,401820316,4398674,20,5,0,True,False,matched,10.0,2025-09-16,under,0.08615239721437445,1.9090909090909092,0.9090909090909092,1.0,False,False,False
2454,207d328edb450271ca98670b18518d1b,45,DeWanna Bonner,dewannabonner,PHO,points,10.5,-110.0,-118.0,10,10,2025-09-15 00:52:34+00:00,2025-09-15 00:52:34+00:00,2025-09-15 00:52:34+00:00,2025-09-18 00:00:00+00:00,0.0,2025-09-17,2025,PST,NYL,PHX,1.0650939274792486,True,,0.4909754767731684,401820318,869,11,9,0,True,False,matched,14.0,2025-09-17,under,0.18260921520578682,1.847457627118644,-1.0,1.0,False,False,False
2455,03539615b900c63ffa05ed9b2228b7bb,121,Alanna Smith,alannasmith,DAL,points,7.5,-118.0,-110.0,10,10,2025-09-15 01:19:58+00:00,2025-09-15 01:19:58+00:00,2025-09-15 01:19:58+00:00,2025-09-18 02:00:00+00:00,0.0,2025-09-17,2025,PST,GSV,MIN,1.0650939274792486,True,,0.5090245232268319,401820319,3913881,8,129689,0,True,False,matched,2.0,2025-09-17,under,0.08707554226160041,1.9090909090909092,0.9090909090909092,1.0,False,False,False
2453,062ea6b61c121e8637ca49419528be1f,103,A'ja Wilson,ajawilson,LVA,points,24.5,-128.0,-102.0,10,10,2025-09-15 04:07:50+00:00,2025-09-15 04:07:50+00:00,2025-09-15 04:07:50+00:00,2025-09-17 01:30:00+00:00,0.0,2025-09-16,2025,PST,SEA,LVA,1.0663540038214347,True,,0.5291749480305961,401820317,3149391,17,14,0,True,False,matched,21.0,2025-09-16,under,0.19519750456829293,1.9803921568627452,0.9803921568627452,1.0,False,False,False
2453,b7a06bb97da53a93e4932dcc2d98c562,180,Nneka Ogwumike,nnekaogwumike,LAS,rebounds,8.5,108.0,-144.0,10,10,2025-09-15 04:17:19+00:00,2025-09-15 04:17:19+00:00,2025-09-15 04:17:19+00:00,2025-09-17 01:30:00+00:00,0.0,2025-09-16,2025,PST,SEA,LVA,1.0709331651954601,True,,0.4433154794603006,401820317,1068,14,17,1,True,False,matched,10.0,2025-09-16,under,0.2533337811613189,1.6944444444444444,-1.0,1.0,False,False,False
2453,363b828d653d34e51f7928f516c3e537,102,Jackie Young,jackieyoung,LVA,points,15.5,-128.0,-102.0,10,10,2025-09-15 04:17:19+00:00,2025-09-15 04:17:19+00:00,2025-09-15 04:17:19+00:00,2025-09-17 01:30:00+00:00,0.0,2025-09-16,2025,PST,SEA,LVA,1.0663540038214347,True,,0.5291749480305961,401820317,4065870,17,14,0,True,False,matched,25.0,2025-09-16,under,0.1450968872443112,1.9803921568627452,-1.0,1.0,False,False,False
2453,314c58d3e504992f74b948cc9a28611e,208,Gabby Williams,gabbywilliams,GSV,points,10.5,102.0,-132.0,10,10,2025-09-15 04:26:56+00:00,2025-09-15 04:26:56+00:00,2025-09-15 04:26:56+00:00,2025-09-17 01:30:00+00:00,0.0,2025-09-16,2025,PST,SEA,LVA,1.0640150221918745,True,,0.4618487426836327,401820317,3142328,14,17,1,True,False,matched,6.0,2025-09-16,under,0.2007242520183536,1.7575757575757576,0.7575757575757576,1.0,False,False,False
2453,e6f21f663d7770eaf13d5aa4c5af4b98,175,Skylar Diggins,skylardiggins,CHI,assists,4.5,-160.0,120.0,10,10,2025-09-15 04:26:57+00:00,2025-09-15 04:26:57+00:00,2025-09-15 04:26:57+00:00,2025-09-17 01:30:00+00:00,0.0,2025-09-16,2025,PST,SEA,LVA,1.06993006993007,True,,0.583305061424049,401820317,2491205,14,17,1,True,False,matched,7.0,2025-09-16,over,0.1107312706866384,1.625,0.625,1.0,False,False,False
2453,29a9bf35057349c6448fed934dc96c60,166,Jewell Loyd,jewellloyd,LVA,rebounds,2.5,-174.0,130.0,10,10,2025-09-15 04:36:27+00:00,2025-09-15 04:36:27+00:00,2025-09-15 04:36:27+00:00,2025-09-17 01:30:00+00:00,0.0,2025-09-16,2025,PST,SEA,LVA,1.069819105046017,True,,0.603727082826799,401820317,2987869,17,14,0,True,False,matched,1.0,2025-09-16,under,0.22113675237636177,2.3,1.2999999999999998,1.0,False,False,False
2453,11121dbb29326bb7ef795b6ffe2790b2,73,NaLyssa Smith,nalyssasmith,LVA,rebounds,4.5,-162.0,122.0,10,10,2025-09-15 05:55:02+00:00,2025-09-15 05:55:02+00:00,2025-09-15 05:55:02+00:00,2025-09-17 01:30:00+00:00,0.0,2025-09-16,2025,PST,SEA,LVA,1.0687710611374732,True,,0.5868918088955871,401820317,4398776,17,14,0,True,False,matched,8.0,2025-09-16,under,0.173791778777087,2.2199999999999998,-1.0,1.0,False,False,False
2453,83af90ee33429ac98768ded4380daa7a,66,Erica Wheeler,ericawheeler,LAS,threes,1.5,130.0,-160.0,24,24,2025-09-15 09:00:06+00:00,2025-09-15 09:00:06+00:00,2025-09-15 09:00:06+00:00,2025-09-17 01:30:00+00:00,0.0,2025-09-16,2025,PST,SEA,LVA,1.0501672240802677,True,,0.4074611221872626,401820317,2491214,14,17,1,True,False,matched,2.0,2025-09-16,over,0.1887142037181686,2.3,1.2999999999999998,1.0,False,False,False
2455,13feba89cc253fd2f4f01df0b44daf1b,115,Natisha Hiedeman,natishahiedeman,SEA,assists,3.5,135.0,-185.0,13,13,2025-09-15 12:19:41+00:00,2025-09-15 12:19:41+00:00,2025-09-15 12:19:41+00:00,2025-09-18 02:00:00+00:00,0.0,2025-09-17,2025,PST,GSV,MIN,1.0746547219111608,True,,0.38385233546996933,401820319,3906753,8,129689,0,True,False,matched,7.0,2025-09-17,under,0.06188287003874143,1.5405405405405406,-1.0,1.0,False,False,False
2455,0cb367bc50a18ce425060b9185294f36,280,Kaila Charles,kailacharles,GSV,points,7.5,-128.0,-102.0,10,10,2025-09-17 00:23:14+00:00,2025-09-17 00:23:14+00:00,2025-09-17 00:23:14+00:00,2025-09-18 02:00:00+00:00,0.0,2025-09-17,2025,PST,GSV,MIN,1.0663540038214347,True,,0.5291749480305961,401820319,4065780,129689,8,1,True,False,matched,5.0,2025-09-17,under,0.2598930258594781,1.9803921568627452,0.9803921568627452,1.0,False,False,False
2456,57c88d150cd7763dda7d5ba8154ead07,71,Aliyah Boston,aliyahboston,IND,points,13.5,-130.0,100.0,10,10,2025-09-17 02:27:50+00:00,2025-09-17 02:27:50+00:00,2025-09-17 02:27:50+00:00,2025-09-18 23:30:00+00:00,0.0,2025-09-18,2025,PST,ATL,IND,1.065217391304348,True,,0.5336835053940976,401820320,4432831,5,20,0,True,False,matched,14.0,2025-09-18,under,0.27370192729197,2.0,-1.0,1.0,False,False,False
2456,47ffab45b994675543b72a407fa82963,70,Kelsey Mitchell,kelseymitchell,IND,rebounds,1.5,-158.0,118.0,10,10,2025-09-17 02:27:50+00:00,2025-09-17 02:27:50+00:00,2025-09-17 02:27:50+00:00,2025-09-18 23:30:00+00:00,0.0,2025-09-18,2025,PST,ATL,IND,1.0711186971054691,True,,0.5796527091990534,401820320,3142191,5,20,0,True,False,matched,2.0,2025-09-18,under,0.25584056172314185,2.1799999999999997,-1.0,1.0,False,False,False
2456,36c7c57abf784cf19e8fe95e3f68e595,2,Jordin Canada,jordincanada,ATL,points,10.5,-114.0,-114.0,10,10,2025-09-17 02:27:50+00:00,2025-09-17 02:27:50+00:00,2025-09-17 02:27:50+00:00,2025-09-18 23:30:00+00:00,0.0,2025-09-18,2025,PST,ATL,IND,1.0654205607476634,True,,0.5000000000000001,401820320,3142250,20,5,1,True,False,matched,18.0,2025-09-18,under,0.18534923947731619,1.8771929824561404,-1.0,1.0,False,False,False
2456,1041b6e9104c9cf0d3cbb63b017b5bec,49,Brionna Jones,brionnajones,ATL,points,12.5,-125.0,-104.0,10,10,2025-09-17 02:27:50+00:00,2025-09-17 02:27:50+00:00,2025-09-17 02:27:50+00:00,2025-09-18 23:30:00+00:00,0.0,2025-09-18,2025,PST,ATL,IND,1.065359477124183,True,,0.5236312520088393,401820320,3058895,20,5,1,True,False,matched,12.0,2025-09-18,under,0.18014266416251262,1.9615384615384617,0.9615384615384617,1.0,False,False,False
2456,e079939855ee970ecb0f73a86b23a7cd,15,Rhyne Howard,rhynehoward,ATL,assists,3.5,-110.0,-120.0,10,10,2025-09-17 02:27:50+00:00,2025-09-17 02:27:50+00:00,2025-09-17 02:27:50+00:00,2025-09-18 23:30:00+00:00,0.0,2025-09-18,2025,PST,ATL,IND,1.0692640692640691,True,,0.4887959885212434,401820320,4398674,20,5,1,True,False,matched,3.0,2025-09-18,over,0.15007398781115644,1.9090909090909092,-1.0,1.0,False,False,False
2456,80a272abc12c749870a5e51c6a25728a,1,Allisha Gray,allishagray,ATL,rebounds,4.5,-166.0,130.0,12,12,2025-09-17 02:52:54+00:00,2025-09-17 02:52:54+00:00,2025-09-17 02:52:54+00:00,2025-09-18 23:30:00+00:00,0.0,2025-09-18,2025,PST,ATL,IND,1.058842759071592,True,,0.5974407104482947,401820320,3058901,20,5,1,True,False,matched,12.0,2025-09-18,under,0.14519146400071148,2.3,-1.0,1.0,False,False,False
2457,4768e2da802abb8f2d0006682baaf402,180,Nneka Ogwumike,nnekaogwumike,LAS,rebounds,8.5,118.0,-158.0,10,10,2025-09-17 04:50:19+00:00,2025-09-17 04:50:19+00:00,2025-09-17 04:50:19+00:00,2025-09-19 01:30:00+00:00,0.0,2025-09-18,2025,PST,LVA,SEA,1.0711186971054691,True,,0.42034729080094674,401820321,1068,14,17,0,True,False,matched,9.0,2025-09-18,under,0.2135073280117974,1.6329113924050633,-1.0,1.0,False,False,False
2457,dd48f0ca4a14984dae880b05fe0eb52f,103,A'ja Wilson,ajawilson,LVA,rebounds,10.5,-132.0,100.0,10,10,2025-09-17 04:50:19+00:00,2025-09-17 04:50:19+00:00,2025-09-17 04:50:19+00:00,2025-09-19 01:30:00+00:00,0.0,2025-09-18,2025,PST,LVA,SEA,1.0689655172413794,True,,0.5356937238338165,401820321,3149391,17,14,1,True,False,matched,5.0,2025-09-18,under,0.10024112500931254,2.0,1.0,1.0,False,False,False
2457,98a67bcb7e83664206e5f740890ec44a,175,Skylar Diggins,skylardiggins,CHI,points,13.5,-113.0,-115.0,10,10,2025-09-17 05:01:41+00:00,2025-09-17 05:01:41+00:00,2025-09-17 05:01:41+00:00,2025-09-19 01:30:00+00:00,0.0,2025-09-18,2025,PST,LVA,SEA,1.0654001528551151,True,,0.49774423259931944,401820321,2491205,14,17,0,True,False,matched,13.0,2025-09-18,under,0.1430796895393458,1.8695652173913042,0.8695652173913042,1.0,False,False,False
2457,61066fc6cc84acbc813be55ef25485d1,102,Jackie Young,jackieyoung,LVA,assists,5.5,-114.0,-114.0,10,10,2025-09-17 05:01:41+00:00,2025-09-17 05:01:41+00:00,2025-09-17 05:01:41+00:00,2025-09-19 01:30:00+00:00,0.0,2025-09-18,2025,PST,LVA,SEA,1.0654205607476634,True,,0.5000000000000001,401820321,4065870,17,14,1,True,False,matched,1.0,2025-09-18,over,0.11320848818102502,1.8771929824561404,-1.0,1.0,False,False,False
2457,9099c0857451612a46a227cd8bf173c6,208,Gabby Williams,gabbywilliams,GSV,points,10.5,100.0,-130.0,10,10,2025-09-17 05:01:42+00:00,2025-09-17 05:01:42+00:00,2025-09-17 05:01:42+00:00,2025-09-19 01:30:00+00:00,0.0,2025-09-18,2025,PST,LVA,SEA,1.065217391304348,True,,0.4663164946059025,401820321,3142328,14,17,0,True,False,matched,7.0,2025-09-18,under,0.17332370787601592,1.7692307692307692,0.7692307692307692,1.0,False,False,False
2457,fdb52d9ec7808c10ba3e3a9a738c2a74,107,Chelsea Gray,chelseagray,LVA,threes,1.5,162.0,-220.0,10,10,2025-09-17 05:01:42+00:00,2025-09-17 05:01:42+00:00,2025-09-17 05:01:42+00:00,2025-09-19 01:30:00+00:00,0.0,2025-09-18,2025,PST,LVA,SEA,1.069179389312977,True,,0.3415656920936278,401820321,2529122,17,14,1,True,False,matched,2.0,2025-09-18,over,0.16089708736160024,2.62,1.62,1.0,False,False,False
2457,46dab330843a220b1550b12fb3bca165,570,Dominique Malonga,dominiquemalonga,SEA,rebounds,6.5,-122.0,-108.0,10,10,2025-09-17 05:12:49+00:00,2025-09-17 05:12:49+00:00,2025-09-17 05:12:49+00:00,2025-09-19 01:30:00+00:00,0.0,2025-09-18,2025,PST,LVA,SEA,1.0687803187803186,True,,0.5156895960912058,401820321,5220150,14,17,0,True,False,matched,5.0,2025-09-18,under,0.1367312727235902,1.925925925925926,0.925925925925926,1.0,False,False,False
2457,9ad227cf77461b190e0042de2569bb94,166,Jewell Loyd,jewellloyd,LVA,threes,1.5,-154.0,116.0,10,10,2025-09-17 05:12:49+00:00,2025-09-17 05:12:49+00:00,2025-09-17 05:12:49+00:00,2025-09-19 01:30:00+00:00,0.0,2025-09-18,2025,PST,LVA,SEA,1.0692621755613883,True,,0.574207987656796,401820321,2987869,17,14,1,True,False,matched,0.0,2025-09-18,over,0.1288636245334262,1.6493506493506493,-1.0,1.0,False,False,False
2456,004ab2acf456f139f35a68b210978ffd,76,Lexie Hull,lexiehull,IND,points,7.5,-120.0,-108.0,10,10,2025-09-17 05:24:29+00:00,2025-09-17 05:24:29+00:00,2025-09-17 05:24:29+00:00,2025-09-18 23:30:00+00:00,0.0,2025-09-18,2025,PST,ATL,IND,1.0646853146853146,True,,0.5135396953663074,401820320,4398829,5,20,0,True,False,matched,10.0,2025-09-18,under,0.19874704583547498,1.925925925925926,-1.0,1.0,False,False,False
2456,ab1f753ee6546359d6185a27a7201769,56,Natasha Howard,natashahoward,MIN,points,10.5,-128.0,-102.0,10,10,2025-09-17 05:24:30+00:00,2025-09-17 05:24:30+00:00,2025-09-17 05:24:30+00:00,2025-09-18 23:30:00+00:00,0.0,2025-09-18,2025,PST,ATL,IND,1.0663540038214347,True,,0.5291749480305961,401820320,2529130,5,20,0,True,False,matched,12.0,2025-09-18,under,0.2317194994581913,1.9803921568627452,-1.0,1.0,False,False,False
2457,9cccc269908d8927830dce0dcd573220,73,NaLyssa Smith,nalyssasmith,LVA,rebounds,5.5,-152.0,114.0,10,10,2025-09-17 05:24:31+00:00,2025-09-17 05:24:31+00:00,2025-09-17 05:24:31+00:00,2025-09-19 01:30:00+00:00,0.0,2025-09-18,2025,PST,LVA,SEA,1.0704643228007713,True,,0.5703965275254933,401820321,4398776,17,14,1,True,False,matched,4.0,2025-09-18,under,0.2766085150988544,2.1399999999999997,1.1399999999999997,1.0,False,False,False
2454,1138e63dc95d4641d475246be5943cd6,147,Leonie Fiebich,leoniefiebich,NYL,threes,1.5,-106.0,-127.0,13,13,2025-09-17 16:45:34+00:00,2025-09-17 16:45:34+00:00,2025-09-17 16:45:34+00:00,2025-09-18 00:00:00+00:00,0.0,2025-09-17,2025,PST,NYL,PHX,1.074034472434883,True,,0.4766915315132948,401820318,4683006,9,11,1,True,False,matched,0.0,2025-09-17,under,0.09001543666822098,1.7874015748031495,0.7874015748031495,1.0,False,False,False
2457,be260efcb7573c59da3de6b4f9c0ae12,66,Erica Wheeler,ericawheeler,LAS,points,9.5,104.0,-135.0,10,10,2025-09-17 17:41:43+00:00,2025-09-17 17:41:43+00:00,2025-09-17 17:41:43+00:00,2025-09-19 01:30:00+00:00,0.0,2025-09-18,2025,PST,LVA,SEA,1.0646641635377556,True,,0.45648742045938223,401820321,2491214,14,17,0,True,False,matched,16.0,2025-09-18,under,0.09173375315647309,1.7407407407407407,-1.0,1.0,False,False,False
2456,f7ee98e7ec870832247c26177fb4742f,293,Odyssey Sims,odysseysims,DAL,points,9.5,102.0,-132.0,10,10,2025-09-17 17:53:11+00:00,2025-09-17 17:53:11+00:00,2025-09-17 17:53:11+00:00,2025-09-18 23:30:00+00:00,0.0,2025-09-18,2025,PST,ATL,IND,1.0640150221918745,True,,0.4618487426836327,401820320,2529047,5,20,0,True,False,matched,16.0,2025-09-18,under,0.061169399266341073,1.7575757575757576,-1.0,1.0,False,False,False
2454,bb96d3f4e0473ff21cae7dd93889700b,563,Monique Akoa Makani,moniqueakoamakani,LAS,points,9.5,175.0,-250.0,60,60,2025-09-17 18:16:43+00:00,2025-09-17 18:16:43+00:00,2025-09-17 18:16:43+00:00,2025-09-18 00:00:00+00:00,0.0,2025-09-17,2025,PST,NYL,PHX,1.077922077922078,True,,0.31734374673808396,401820318,5274110,11,9,0,True,False,matched,6.0,2025-09-17,under,0.0837028068808085,1.4,0.3999999999999999,1.0,False,False,False
2454,9032ced7f435d7a25d20ea47fe9261c4,137,Breanna Stewart,breannastewart,NYL,assists,3.5,160.0,-213.0,60,60,2025-09-17 22:41:05+00:00,2025-09-17 22:41:05+00:00,2025-09-17 22:41:05+00:00,2025-09-18 00:00:00+00:00,0.0,2025-09-17,2025,PST,NYL,PHX,1.0651265667240106,True,,0.34707131957027293,401820318,2998928,9,11,1,True,False,matched,2.0,2025-09-17,over,0.060834645004485766,2.6,-1.0,1.0,False,False,False
2459,995f969ea2918c3e0c3e162710c1c847,40,Alyssa Thomas,alyssathomas,PHO,points,15.5,-108.0,-120.0,10,10,2025-09-18 03:14:26+00:00,2025-09-18 03:14:26+00:00,2025-09-18 03:14:26+00:00,2025-09-20 01:00:00+00:00,0.0,2025-09-19,2025,PST,PHX,NYL,1.0646853146853146,True,,0.48646030463369283,401820324,2529140,11,9,1,True,False,matched,20.0,2025-09-19,under,0.3337213853364774,1.8333333333333335,-1.0,1.0,False,False,False
2459,3da7ffa129199f70e9f243514abc1bf1,141,Jonquel Jones,jonqueljones,NYL,rebounds,9.5,-102.0,-130.0,10,10,2025-09-18 03:24:34+00:00,2025-09-18 03:24:34+00:00,2025-09-18 03:24:34+00:00,2025-09-20 01:00:00+00:00,0.0,2025-09-19,2025,PST,PHX,NYL,1.0701678863538528,True,,0.46878765056355093,401820324,2999101,9,11,0,True,False,matched,8.0,2025-09-19,under,0.29922971280154725,1.7692307692307692,0.7692307692307692,1.0,False,False,False
2459,77a8c883581c13f5c6cfd23a95735a9f,132,Sabrina Ionescu,sabrinaionescu,NYL,threes,2.5,110.0,-146.0,10,10,2025-09-18 03:24:34+00:00,2025-09-18 03:24:34+00:00,2025-09-18 03:24:34+00:00,2025-09-20 01:00:00+00:00,0.0,2025-09-19,2025,PST,PHX,NYL,1.0696864111498257,True,,0.4392579960949788,401820324,4066533,9,11,0,True,False,matched,3.0,2025-09-19,under,0.20404414837450702,1.6849315068493151,-1.0,1.0,False,False,False
2459,c143fe58ad228fd6b9862f41aac6859c,54,Satou Sabally,satousabally,NYL,points,14.5,-130.0,100.0,10,10,2025-09-18 03:35:06+00:00,2025-09-18 03:35:06+00:00,2025-09-18 03:35:06+00:00,2025-09-20 01:00:00+00:00,0.0,2025-09-19,2025,PST,PHX,NYL,1.065217391304348,True,,0.5336835053940976,401820324,4281929,11,9,1,True,False,matched,23.0,2025-09-19,under,0.19841936526312198,2.0,-1.0,1.0,False,False,False
2459,ceec14f6755553cb5b50ba780cf2bd0b,155,Kahleah Copper,kahleahcopper,PHO,points,15.5,-120.0,-108.0,10,10,2025-09-18 03:35:06+00:00,2025-09-18 03:35:06+00:00,2025-09-18 03:35:06+00:00,2025-09-20 01:00:00+00:00,0.0,2025-09-19,2025,PST,PHX,NYL,1.0646853146853146,True,,0.5135396953663074,401820324,2998938,11,9,1,True,False,matched,12.0,2025-09-19,under,0.17892688321821915,1.925925925925926,0.925925925925926,1.0,False,False,False
2459,158d57bd15e9250cf2a83e05150fb379,137,Breanna Stewart,breannastewart,NYL,rebounds,4.5,-120.0,-110.0,10,10,2025-09-18 07:12:39+00:00,2025-09-18 07:12:39+00:00,2025-09-18 07:12:39+00:00,2025-09-20 01:00:00+00:00,0.0,2025-09-19,2025,PST,PHX,NYL,1.0692640692640691,True,,0.5112040114787568,401820324,2998928,9,11,0,True,False,matched,9.0,2025-09-19,over,0.2900974780907107,1.8333333333333335,0.8333333333333335,1.0,False,False,False
2459,24593a24ec5631ef9e2ad306953fa17e,45,DeWanna Bonner,dewannabonner,PHO,rebounds,5.5,-114.0,-114.0,10,10,2025-09-18 09:48:58+00:00,2025-09-18 09:48:58+00:00,2025-09-18 09:48:58+00:00,2025-09-20 01:00:00+00:00,0.0,2025-09-19,2025,PST,PHX,NYL,1.0654205607476634,True,,0.5000000000000001,401820324,869,11,9,1,True,False,matched,8.0,2025-09-19,under,0.3408211848609931,1.8771929824561404,-1.0,1.0,False,False,False
2459,bdb86922f29c234168af23b53d77ea6d,233,Emma Meesseman,emmameesseman,FA,rebounds,5.5,118.0,-158.0,10,10,2025-09-18 09:48:59+00:00,2025-09-18 09:48:59+00:00,2025-09-18 09:48:59+00:00,2025-09-20 01:00:00+00:00,0.0,2025-09-19,2025,PST,PHX,NYL,1.0711186971054691,True,,0.42034729080094674,401820324,3027368,9,11,0,True,False,matched,2.0,2025-09-19,under,0.060634207391025874,1.6329113924050633,0.6329113924050633,1.0,False,False,False
2456,944c2d5018d7791276813e7c00e71b83,11,Aerial Powers,aerialpowers,FA,assists,1.5,-175.0,130.0,60,60,2025-09-18 20:06:25+00:00,2025-09-18 20:06:25+00:00,2025-09-18 20:06:25+00:00,2025-09-18 23:30:00+00:00,0.0,2025-09-18,2025,PST,ATL,IND,1.0711462450592886,True,,0.6044938039932303,401820320,2999035,5,20,0,True,False,matched,1.0,2025-09-18,under,0.3197901743860204,2.3,1.2999999999999998,1.0,False,False,False
2456,6b92717e773c2f0edd4b58c468847924,16,Naz Hillmon,nazhillmon,ATL,threes,1.5,115.0,-159.0,13,13,2025-09-18 20:57:56+00:00,2025-09-18 20:57:56+00:00,2025-09-18 20:57:56+00:00,2025-09-18 23:30:00+00:00,0.0,2025-09-18,2025,PST,ATL,IND,1.0790158929693814,True,,0.4225406514319231,401820320,4398915,20,5,1,True,False,matched,2.0,2025-09-18,under,0.07022706283906499,1.6289308176100628,-1.0,1.0,False,False,False
2459,103b2991850d045c42ac80e7038f52b0,563,Monique Akoa Makani,moniqueakoamakani,PHO,rebounds,3.5,167.0,-233.0,60,60,2025-09-19 04:15:15+00:00,2025-09-19 04:15:15+00:00,2025-09-19 04:15:15+00:00,2025-09-20 01:00:00+00:00,0.0,2025-09-19,2025,PST,PHX,NYL,1.0742315349056923,True,,0.33102360600765024,401820324,5274110,11,9,1,True,False,matched,3.0,2025-09-19,under,0.11195781597056137,1.4291845493562232,0.4291845493562232,1.0,False,False,False
2465,104fea0f9e436de4c52dff488c43956c,70,Kelsey Mitchell,kelseymitchell,IND,points,20.5,-105.0,-125.0,12,12,2025-09-19 04:20:08+00:00,2025-09-19 04:20:08+00:00,2025-09-19 04:20:08+00:00,2025-09-21 19:00:00+00:00,0.0,2025-09-21,2025,PST,LVA,IND,1.067750677506775,True,,0.47757418034290006,401820327,3142191,5,17,0,True,False,matched,34.0,2025-09-21,under,0.12419454383018846,1.8,-1.0,1.0,False,False,False
2465,f1adc60393d48fb17f04f61f8a15d905,107,Chelsea Gray,chelseagray,LVA,points,10.5,100.0,-130.0,12,12,2025-09-19 04:20:08+00:00,2025-09-19 04:20:08+00:00,2025-09-19 04:20:08+00:00,2025-09-21 19:00:00+00:00,0.0,2025-09-21,2025,PST,LVA,IND,1.065217391304348,True,,0.4663164946059025,401820327,2529122,17,5,1,True,False,matched,13.0,2025-09-21,under,0.05238320886507852,1.7692307692307692,-1.0,1.0,False,False,False
2465,78d348cc3dcd4a7b9fb0f49ee5a554d1,71,Aliyah Boston,aliyahboston,IND,points,13.5,-125.0,-105.0,12,12,2025-09-19 04:31:21+00:00,2025-09-19 04:31:21+00:00,2025-09-19 04:31:21+00:00,2025-09-21 19:00:00+00:00,0.0,2025-09-21,2025,PST,LVA,IND,1.067750677506775,True,,0.5224258196571001,401820327,4432831,5,17,0,True,False,matched,6.0,2025-09-21,under,0.21178247646307752,1.9523809523809523,0.9523809523809523,1.0,False,False,False
2465,85d5fe7b25e7fd0804ab5cd7b1599743,102,Jackie Young,jackieyoung,LVA,assists,5.5,128.0,-172.0,10,10,2025-09-19 04:40:57+00:00,2025-09-19 04:40:57+00:00,2025-09-19 04:40:57+00:00,2025-09-21 19:00:00+00:00,0.0,2025-09-21,2025,PST,LVA,IND,1.0709494324045408,True,,0.39957653069922067,401820327,4065870,17,5,1,True,False,matched,2.0,2025-09-21,over,0.28771460966684204,2.2800000000000002,-1.0,1.0,False,False,False
2465,e4e323038bd1707dd47a9c279fd158cf,56,Natasha Howard,natashahoward,MIN,rebounds,6.5,-132.0,100.0,10,10,2025-09-19 04:40:57+00:00,2025-09-19 04:40:57+00:00,2025-09-19 04:40:57+00:00,2025-09-21 19:00:00+00:00,0.0,2025-09-21,2025,PST,LVA,IND,1.0689655172413794,True,,0.5356937238338165,401820327,2529130,5,17,0,True,False,matched,11.0,2025-09-21,under,0.23382085831812194,2.0,-1.0,1.0,False,False,False
2459,014c3724ad8bd04c13473f45310b5263,147,Leonie Fiebich,leoniefiebich,NYL,rebounds,3.5,-104.0,-128.0,10,10,2025-09-19 05:15:24+00:00,2025-09-19 05:15:24+00:00,2025-09-19 05:15:24+00:00,2025-09-20 01:00:00+00:00,0.0,2025-09-19,2025,PST,PHX,NYL,1.0712074303405572,True,,0.4732611100971195,401820324,4683006,9,11,0,True,False,matched,3.0,2025-09-19,under,0.08025809679758011,1.78125,0.78125,1.0,False,False,False
2465,85e59964ea1b3202df2dcf0c3a89b975,293,Odyssey Sims,odysseysims,DAL,points,9.5,-122.0,-110.0,13,13,2025-09-19 11:15:43+00:00,2025-09-19 11:15:43+00:00,2025-09-19 11:15:43+00:00,2025-09-21 19:00:00+00:00,0.0,2025-09-21,2025,PST,LVA,IND,1.0733590733590734,True,,0.5133544081098238,401820327,2529047,5,17,0,True,False,matched,17.0,2025-09-21,under,0.17673406311047213,1.9090909090909092,-1.0,1.0,False,False,False
2465,4b6deb0b62885ac392a732115fb5bb70,76,Lexie Hull,lexiehull,IND,points,8.5,-102.0,-128.0,10,10,2025-09-19 12:39:51+00:00,2025-09-19 12:39:51+00:00,2025-09-19 12:39:51+00:00,2025-09-21 19:00:00+00:00,0.0,2025-09-21,2025,PST,LVA,IND,1.0663540038214347,True,,0.47082505196940394,401820327,4398829,5,17,0,True,False,matched,6.0,2025-09-21,under,0.21876134331104458,1.78125,0.78125,1.0,False,False,False
2465,20ae54c993547aab44a2bc6c9ae54c68,166,Jewell Loyd,jewellloyd,LVA,threes,1.5,-120.0,-110.0,10,10,2025-09-19 15:14:41+00:00,2025-09-19 15:14:41+00:00,2025-09-19 15:14:41+00:00,2025-09-21 19:00:00+00:00,0.0,2025-09-21,2025,PST,LVA,IND,1.0692640692640691,True,,0.5112040114787568,401820327,2987869,17,5,1,True,False,matched,1.0,2025-09-21,over,0.26576931495997785,1.8333333333333335,-1.0,1.0,False,False,False
2460,327f66d52970e984f609df6464405f9b,40,Alyssa Thomas,alyssathomas,PHO,points,15.5,105.0,-135.0,12,12,2025-09-20 04:21:32+00:00,2025-09-20 04:21:32+00:00,2025-09-20 04:21:32+00:00,2025-09-21 21:00:00+00:00,0.0,2025-09-21,2025,PST,MIN,PHX,1.0622729631551635,True,,0.45531139401703796,401820328,2529140,11,8,0,True,False,matched,18.0,2025-09-21,under,0.2872742540581185,1.7407407407407407,-1.0,1.0,False,False,False
2460,d33d3c938d108945ee7f23001f2f9ca6,54,Satou Sabally,satousabally,NYL,points,14.5,-115.0,-115.0,12,12,2025-09-20 04:21:32+00:00,2025-09-20 04:21:32+00:00,2025-09-20 04:21:32+00:00,2025-09-21 21:00:00+00:00,0.0,2025-09-21,2025,PST,MIN,PHX,1.0697674418604652,True,,0.5,401820328,4281929,11,8,0,True,False,matched,10.0,2025-09-21,under,0.1508982861524309,1.8695652173913042,0.8695652173913042,1.0,False,False,False
2460,8e37b105dcc435bc73356bcdea9ce86a,117,Courtney Williams,courtneywilliams,MIN,points,13.5,105.0,-135.0,12,12,2025-09-20 04:21:32+00:00,2025-09-20 04:21:32+00:00,2025-09-20 04:21:32+00:00,2025-09-21 21:00:00+00:00,0.0,2025-09-21,2025,PST,MIN,PHX,1.0622729631551635,True,,0.45531139401703796,401820328,2987891,8,11,1,True,False,matched,23.0,2025-09-21,under,0.1471459338612734,1.7407407407407407,-1.0,1.0,False,False,False
2460,61395c0b7487f5793ee03947c66d292e,112,Napheesa Collier,napheesacollier,MIN,points,21.5,-120.0,-110.0,12,12,2025-09-20 04:21:32+00:00,2025-09-20 04:21:32+00:00,2025-09-20 04:21:32+00:00,2025-09-21 21:00:00+00:00,0.0,2025-09-21,2025,PST,MIN,PHX,1.0692640692640691,True,,0.5112040114787568,401820328,3917450,8,11,1,True,False,matched,18.0,2025-09-21,under,0.13696351291149672,1.9090909090909092,0.9090909090909092,1.0,False,False,False
2460,58d560d2c9f099a0e941b3f90b6d8e0f,155,Kahleah Copper,kahleahcopper,PHO,points,15.5,105.0,-135.0,12,12,2025-09-20 04:21:32+00:00,2025-09-20 04:21:32+00:00,2025-09-20 04:21:32+00:00,2025-09-21 21:00:00+00:00,0.0,2025-09-21,2025,PST,MIN,PHX,1.0622729631551635,True,,0.45531139401703796,401820328,2998938,11,8,0,True,False,matched,22.0,2025-09-21,under,0.10619203934738364,1.7407407407407407,-1.0,1.0,False,False,False
2460,4e6735202faff04ceca37719ff319a3a,125,Kayla McBride,kaylamcbride,MIN,points,13.5,-115.0,-115.0,12,12,2025-09-20 04:21:32+00:00,2025-09-20 04:21:32+00:00,2025-09-20 04:21:32+00:00,2025-09-21 21:00:00+00:00,0.0,2025-09-21,2025,PST,MIN,PHX,1.0697674418604652,True,,0.5,401820328,2529205,8,11,1,True,False,matched,21.0,2025-09-21,under,0.08689483263414816,1.8695652173913042,-1.0,1.0,False,False,False
2460,fb3e09041bee8f532df039bf1dc517a0,121,Alanna Smith,alannasmith,DAL,rebounds,4.5,-115.0,-115.0,12,12,2025-09-20 04:33:23+00:00,2025-09-20 04:33:23+00:00,2025-09-20 04:33:23+00:00,2025-09-21 21:00:00+00:00,0.0,2025-09-21,2025,PST,MIN,PHX,1.0697674418604652,True,,0.5,401820328,3913881,8,11,1,True,False,matched,6.0,2025-09-21,under,0.14308927241654806,1.8695652173913042,-1.0,1.0,False,False,False
2465,1c270bd766812ba3e9b82130e569998c,103,A'ja Wilson,ajawilson,LVA,threes,0.5,-240.0,150.0,33,33,2025-09-20 09:58:28+00:00,2025-09-20 09:58:28+00:00,2025-09-20 09:58:28+00:00,2025-09-21 19:00:00+00:00,0.0,2025-09-21,2025,PST,LVA,IND,1.1058823529411765,True,,0.6620616945528875,401820327,3149391,17,5,1,True,False,matched,0.0,2025-09-21,under,0.1227488992552015,2.5,1.5,1.0,False,False,False
2460,56dec3c0a26f6cf7720de65c9520bdb1,563,Monique Akoa Makani,moniqueakoamakani,PHO,points,7.5,-114.0,-118.0,13,13,2025-09-20 16:11:00+00:00,2025-09-20 16:11:00+00:00,2025-09-20 16:11:00+00:00,2025-09-21 21:00:00+00:00,0.0,2025-09-21,2025,PST,MIN,PHX,1.0739946840435564,True,,0.49555000929585213,401820328,5274110,11,8,0,True,False,matched,2.0,2025-09-21,under,0.23110533618624252,1.847457627118644,0.847457627118644,1.0,False,False,False
2460,c1d5787a6dd70bad197f5236ec9045f7,45,DeWanna Bonner,dewannabonner,PHO,rebounds,4.5,-138.0,104.0,10,10,2025-09-20 22:20:09+00:00,2025-09-20 22:20:09+00:00,2025-09-20 22:20:09+00:00,2025-09-21 21:00:00+00:00,0.0,2025-09-21,2025,PST,MIN,PHX,1.0700280112044818,True,,0.5464208361470752,401820328,869,11,8,0,True,False,matched,9.0,2025-09-21,under,0.11978824681723366,2.04,-1.0,1.0,False,False,False
2466,0e32968fd0706e0db5aa2c21d9a3f5b9,70,Kelsey Mitchell,kelseymitchell,IND,points,20.5,-128.0,-102.0,10,10,2025-09-21 22:26:13+00:00,2025-09-21 22:26:13+00:00,2025-09-21 22:26:13+00:00,2025-09-24 01:30:00+00:00,0.0,2025-09-23,2025,PST,LVA,IND,1.0663540038214347,True,,0.5291749480305961,401820331,3142191,5,17,0,True,False,matched,13.0,2025-09-23,under,0.21663902072678182,1.9803921568627452,0.9803921568627452,1.0,False,False,False
2466,5082ebc213a90763e7581db3f8ff085f,71,Aliyah Boston,aliyahboston,IND,rebounds,8.5,-140.0,106.0,10,10,2025-09-21 22:26:13+00:00,2025-09-21 22:26:13+00:00,2025-09-21 22:26:13+00:00,2025-09-24 01:30:00+00:00,0.0,2025-09-23,2025,PST,LVA,IND,1.0687702265372168,True,,0.5506638564937638,401820331,4432831,5,17,0,True,False,matched,13.0,2025-09-23,under,0.1828890874669351,2.06,-1.0,1.0,False,False,False
2466,0dc3383fb53df779c4ba05fba5295bbb,102,Jackie Young,jackieyoung,LVA,threes,1.5,-114.0,-114.0,10,10,2025-09-21 22:26:14+00:00,2025-09-21 22:26:14+00:00,2025-09-21 22:26:14+00:00,2025-09-24 01:30:00+00:00,0.0,2025-09-23,2025,PST,LVA,IND,1.0654205607476634,True,,0.5000000000000001,401820331,4065870,17,5,1,True,False,matched,2.0,2025-09-23,over,0.06450892039172074,1.8771929824561404,0.8771929824561404,1.0,False,False,False
2466,563717a2a66d811fb7127847bfc02ce8,107,Chelsea Gray,chelseagray,LVA,assists,6.5,126.0,-168.0,10,10,2025-09-21 22:35:42+00:00,2025-09-21 22:35:42+00:00,2025-09-21 22:35:42+00:00,2025-09-24 01:30:00+00:00,0.0,2025-09-23,2025,PST,LVA,IND,1.0693435477479856,True,,0.4045224464881516,401820331,2529122,17,5,1,True,False,matched,10.0,2025-09-23,over,0.133893096354387,2.26,1.2599999999999998,1.0,False,False,False
2461,13010b508e58cfd9b5388adb957c0f5f,112,Napheesa Collier,napheesacollier,MIN,rebounds,7.5,-130.0,-102.0,10,10,2025-09-21 23:04:00+00:00,2025-09-21 23:04:00+00:00,2025-09-21 23:04:00+00:00,2025-09-23 23:30:00+00:00,0.0,2025-09-23,2025,PST,MIN,PHX,1.0701678863538528,True,,0.5312123494364493,401820330,3917450,8,11,1,True,False,matched,6.0,2025-09-23,under,0.25497580618665666,1.9803921568627452,0.9803921568627452,1.0,False,False,False
2461,eac64104dace0c02964a3fd4bd4f2152,40,Alyssa Thomas,alyssathomas,PHO,points,15.5,-104.0,-125.0,10,10,2025-09-21 23:04:01+00:00,2025-09-21 23:04:01+00:00,2025-09-21 23:04:01+00:00,2025-09-23 23:30:00+00:00,0.0,2025-09-23,2025,PST,MIN,PHX,1.065359477124183,True,,0.4763687479911608,401820330,2529140,11,8,0,True,False,matched,19.0,2025-09-23,under,0.27601236683490316,1.8,-1.0,1.0,False,False,False
2461,aeb453e5a3c4d761b6ff187b4ef50372,117,Courtney Williams,courtneywilliams,MIN,points,13.5,-108.0,-120.0,10,10,2025-09-21 23:13:19+00:00,2025-09-21 23:13:19+00:00,2025-09-21 23:13:19+00:00,2025-09-23 23:30:00+00:00,0.0,2025-09-23,2025,PST,MIN,PHX,1.0646853146853146,True,,0.48646030463369283,401820330,2987891,8,11,1,True,False,matched,20.0,2025-09-23,under,0.20940316119470265,1.8333333333333335,-1.0,1.0,False,False,False
2461,e754190ee42523774ebb598243a3fb65,155,Kahleah Copper,kahleahcopper,PHO,threes,1.5,-158.0,118.0,10,10,2025-09-21 23:13:20+00:00,2025-09-21 23:13:20+00:00,2025-09-21 23:13:20+00:00,2025-09-23 23:30:00+00:00,0.0,2025-09-23,2025,PST,MIN,PHX,1.0711186971054691,True,,0.5796527091990534,401820330,2998938,11,8,0,True,False,matched,2.0,2025-09-23,under,0.21083667099477255,2.1799999999999997,-1.0,1.0,False,False,False
2461,2193a5144a5ef016b8c94b434a173163,54,Satou Sabally,satousabally,NYL,points,14.5,-115.0,-114.0,10,10,2025-09-21 23:13:20+00:00,2025-09-21 23:13:20+00:00,2025-09-21 23:13:20+00:00,2025-09-23 23:30:00+00:00,0.0,2025-09-23,2025,PST,MIN,PHX,1.0675940013040643,True,,0.5011239773424112,401820330,4281929,11,8,0,True,False,matched,24.0,2025-09-23,under,0.09298581097735498,1.8771929824561404,-1.0,1.0,False,False,False
2461,b2c99e212d19c507dfac39c0f6fbd30b,125,Kayla McBride,kaylamcbride,MIN,points,14.5,100.0,-130.0,10,10,2025-09-21 23:13:21+00:00,2025-09-21 23:13:21+00:00,2025-09-21 23:13:21+00:00,2025-09-23 23:30:00+00:00,0.0,2025-09-23,2025,PST,MIN,PHX,1.065217391304348,True,,0.4663164946059025,401820330,2529205,8,11,1,True,False,matched,21.0,2025-09-23,under,0.10105415682401869,1.7692307692307692,-1.0,1.0,False,False,False
2461,64f1ce063668659382c76cd603509277,121,Alanna Smith,alannasmith,DAL,rebounds,4.5,-114.0,-114.0,10,10,2025-09-22 00:17:12+00:00,2025-09-22 00:17:12+00:00,2025-09-22 00:17:12+00:00,2025-09-23 23:30:00+00:00,0.0,2025-09-23,2025,PST,MIN,PHX,1.0654205607476634,True,,0.5000000000000001,401820330,3913881,8,11,1,True,False,matched,9.0,2025-09-23,under,0.14416684141766556,1.8771929824561404,-1.0,1.0,False,False,False
2461,3c3b6ba4689d5feb709488681a1955b7,45,DeWanna Bonner,dewannabonner,PHO,rebounds,4.5,-158.0,118.0,10,10,2025-09-22 00:17:12+00:00,2025-09-22 00:17:12+00:00,2025-09-22 00:17:12+00:00,2025-09-23 23:30:00+00:00,0.0,2025-09-23,2025,PST,MIN,PHX,1.0711186971054691,True,,0.5796527091990534,401820330,869,11,8,0,True,False,matched,3.0,2025-09-23,under,0.11763887032713677,2.1799999999999997,1.1799999999999997,1.0,False,False,False
2466,c829f1b0801419515e3e1e7a75e75bb3,166,Jewell Loyd,jewellloyd,LVA,threes,1.5,100.0,-132.0,10,10,2025-09-22 00:17:13+00:00,2025-09-22 00:17:13+00:00,2025-09-22 00:17:13+00:00,2025-09-24 01:30:00+00:00,0.0,2025-09-23,2025,PST,LVA,IND,1.0689655172413794,True,,0.46430627616618364,401820331,2987869,17,5,1,True,False,matched,2.0,2025-09-23,over,0.29970354466366883,2.0,1.0,1.0,False,False,False
2461,c37ce30d6b05dd741ca4acbe9dff8695,115,Natisha Hiedeman,natishahiedeman,SEA,threes,1.5,178.0,-245.0,10,10,2025-09-22 00:17:13+00:00,2025-09-22 00:17:13+00:00,2025-09-22 00:17:13+00:00,2025-09-23 23:30:00+00:00,0.0,2025-09-23,2025,PST,MIN,PHX,1.0698571577520593,True,,0.3183263503331576,401820330,3906753,8,11,1,True,False,matched,0.0,2025-09-23,over,0.0619058284938776,2.7800000000000002,-1.0,1.0,False,False,False
2466,a6069f4985587465cbfdd6188440ac96,76,Lexie Hull,lexiehull,IND,points,7.5,-125.0,-104.0,10,10,2025-09-22 00:27:21+00:00,2025-09-22 00:27:21+00:00,2025-09-22 00:27:21+00:00,2025-09-24 01:30:00+00:00,0.0,2025-09-23,2025,PST,LVA,IND,1.065359477124183,True,,0.5236312520088393,401820331,4398829,5,17,0,True,False,matched,15.0,2025-09-23,under,0.1853560066974389,1.9615384615384617,-1.0,1.0,False,False,False
2466,525b23debeb32e1e1e4d64b9fbc39ecf,56,Natasha Howard,natashahoward,MIN,rebounds,6.5,-132.0,100.0,10,10,2025-09-22 00:27:22+00:00,2025-09-22 00:27:22+00:00,2025-09-22 00:27:22+00:00,2025-09-24 01:30:00+00:00,0.0,2025-09-23,2025,PST,LVA,IND,1.0689655172413794,True,,0.5356937238338165,401820331,2529130,5,17,0,True,False,matched,7.0,2025-09-23,under,0.2319021346575118,2.0,-1.0,1.0,False,False,False
2466,b85044ac3e91c7814b962a229d212924,293,Odyssey Sims,odysseysims,DAL,points,9.5,-130.0,100.0,10,10,2025-09-22 00:27:22+00:00,2025-09-22 00:27:22+00:00,2025-09-22 00:27:22+00:00,2025-09-24 01:30:00+00:00,0.0,2025-09-23,2025,PST,LVA,IND,1.065217391304348,True,,0.5336835053940976,401820331,2529047,5,17,0,True,False,matched,18.0,2025-09-23,under,0.17166684886304284,2.0,-1.0,1.0,False,False,False
2461,5c2692f87d6f80e801a1bad3b27c7fcc,177,Sami Whitcomb,samiwhitcomb,PHO,points,7.5,-130.0,100.0,10,10,2025-09-22 18:48:59+00:00,2025-09-22 18:48:59+00:00,2025-09-22 18:48:59+00:00,2025-09-23 23:30:00+00:00,0.0,2025-09-23,2025,PST,MIN,PHX,1.065217391304348,True,,0.5336835053940976,401820330,887,11,8,0,True,False,matched,13.0,2025-09-23,under,0.22826294807825026,2.0,-1.0,1.0,False,False,False
2466,91a3eb53ae4812f59c2c535bff450e5a,103,A'ja Wilson,ajawilson,LVA,threes,0.5,-220.0,150.0,33,33,2025-09-23 18:45:01+00:00,2025-09-23 18:45:01+00:00,2025-09-23 18:45:01+00:00,2025-09-24 01:30:00+00:00,0.0,2025-09-23,2025,PST,LVA,IND,1.0875,True,,0.6505486528676324,401820331,3149391,17,5,1,True,False,matched,1.0,2025-09-23,under,0.21341200141946792,2.5,-1.0,1.0,False,False,False
2462,e2a7a1ee3357e32fe3205a66f62011eb,40,Alyssa Thomas,alyssathomas,PHO,points,14.5,-128.0,-102.0,10,10,2025-09-24 02:08:33+00:00,2025-09-24 02:08:33+00:00,2025-09-24 02:08:33+00:00,2025-09-27 01:30:00+00:00,0.0,2025-09-26,2025,PST,PHX,MIN,1.0663540038214347,True,,0.5291749480305961,401820333,2529140,11,8,1,True,False,matched,21.0,2025-09-26,under,0.2607443975099985,1.9803921568627452,-1.0,1.0,False,False,False
2462,e085c1b7668eb322dd988d4230d28229,117,Courtney Williams,courtneywilliams,MIN,points,13.5,-120.0,-108.0,10,10,2025-09-24 02:08:33+00:00,2025-09-24 02:08:33+00:00,2025-09-24 02:08:33+00:00,2025-09-27 01:30:00+00:00,0.0,2025-09-26,2025,PST,PHX,MIN,1.0646853146853146,True,,0.5135396953663074,401820333,2987891,8,11,0,True,False,matched,14.0,2025-09-26,under,0.20475207954631836,1.925925925925926,-1.0,1.0,False,False,False
2462,f0a9cd0039190a1ab1970d6ea98f1621,54,Satou Sabally,satousabally,NYL,points,15.5,-114.0,-114.0,10,10,2025-09-24 02:08:33+00:00,2025-09-24 02:08:33+00:00,2025-09-24 02:08:33+00:00,2025-09-27 01:30:00+00:00,0.0,2025-09-26,2025,PST,PHX,MIN,1.0654205607476634,True,,0.5000000000000001,401820333,4281929,11,8,1,True,False,matched,23.0,2025-09-26,under,0.16330154916660206,1.8771929824561404,-1.0,1.0,False,False,False
2462,f94531ecfe13ce1b2cecd74287b7d75d,112,Napheesa Collier,napheesacollier,MIN,points,21.5,-114.0,-114.0,10,10,2025-09-24 02:08:33+00:00,2025-09-24 02:08:33+00:00,2025-09-24 02:08:33+00:00,2025-09-27 01:30:00+00:00,0.0,2025-09-26,2025,PST,PHX,MIN,1.0654205607476634,True,,0.5000000000000001,401820333,3917450,8,11,0,True,False,matched,17.0,2025-09-26,under,0.16211567682571054,1.8771929824561404,0.8771929824561404,1.0,False,False,False
2462,4be50a31aa93cccd92f27f9bd31f94bd,125,Kayla McBride,kaylamcbride,MIN,points,15.5,-104.0,-125.0,10,10,2025-09-24 02:08:33+00:00,2025-09-24 02:08:33+00:00,2025-09-24 02:08:33+00:00,2025-09-27 01:30:00+00:00,0.0,2025-09-26,2025,PST,PHX,MIN,1.065359477124183,True,,0.4763687479911608,401820333,2529205,8,11,0,True,False,matched,12.0,2025-09-26,under,0.15906408039468517,1.8,0.8,1.0,False,False,False
2462,38375858617daf045f945e0129998ea2,155,Kahleah Copper,kahleahcopper,PHO,threes,1.5,-138.0,104.0,10,10,2025-09-24 02:08:33+00:00,2025-09-24 02:08:33+00:00,2025-09-24 02:08:33+00:00,2025-09-27 01:30:00+00:00,0.0,2025-09-26,2025,PST,PHX,MIN,1.0700280112044818,True,,0.5464208361470752,401820333,2998938,11,8,1,True,False,matched,1.0,2025-09-26,under,0.10322829070958373,2.04,1.04,1.0,False,False,False
2467,e088d9b106bbce39592d733b58aeee55,102,Jackie Young,jackieyoung,LVA,points,16.5,-130.0,100.0,10,10,2025-09-24 03:41:35+00:00,2025-09-24 03:41:35+00:00,2025-09-24 03:41:35+00:00,2025-09-26 23:30:00+00:00,0.0,2025-09-26,2025,PST,IND,LVA,1.065217391304348,True,,0.5336835053940976,401820334,4065870,17,5,0,True,False,matched,25.0,2025-09-26,under,0.17831876139613234,2.0,-1.0,1.0,False,False,False
2467,fa77e99a8522907b76b8d5fb09b8586a,107,Chelsea Gray,chelseagray,LVA,threes,1.5,164.0,-225.0,10,10,2025-09-24 03:41:35+00:00,2025-09-24 03:41:35+00:00,2025-09-24 03:41:35+00:00,2025-09-26 23:30:00+00:00,0.0,2025-09-26,2025,PST,IND,LVA,1.0710955710955712,True,,0.33738864980507277,401820334,2529122,17,5,0,True,False,matched,1.0,2025-09-26,over,0.15374193091308264,2.6399999999999997,-1.0,1.0,False,False,False
2467,20caa21757bdf6d369552983cfabd68c,71,Aliyah Boston,aliyahboston,IND,rebounds,8.5,-132.0,100.0,10,10,2025-09-24 03:41:35+00:00,2025-09-24 03:41:35+00:00,2025-09-24 03:41:35+00:00,2025-09-26 23:30:00+00:00,0.0,2025-09-26,2025,PST,IND,LVA,1.0689655172413794,True,,0.5356937238338165,401820334,4432831,5,17,1,True,False,matched,8.0,2025-09-26,under,0.08039805165488245,2.0,1.0,1.0,False,False,False
2467,368c8ad4dda7b3fdd88799911631196a,70,Kelsey Mitchell,kelseymitchell,IND,assists,3.5,-118.0,-112.0,10,10,2025-09-24 03:41:35+00:00,2025-09-24 03:41:35+00:00,2025-09-24 03:41:35+00:00,2025-09-26 23:30:00+00:00,0.0,2025-09-26,2025,PST,IND,LVA,1.0695862904621776,True,,0.5067212711754592,401820334,3142191,5,17,1,True,False,matched,1.0,2025-09-26,under,0.07003622727650072,1.8928571428571428,0.8928571428571428,1.0,False,False,False
2467,2916a7c01dcb36451bd1b96911236560,293,Odyssey Sims,odysseysims,DAL,threes,1.5,194.0,-270.0,10,10,2025-09-24 03:41:36+00:00,2025-09-24 03:41:36+00:00,2025-09-24 03:41:36+00:00,2025-09-26 23:30:00+00:00,0.0,2025-09-26,2025,PST,IND,LVA,1.0698657841514985,True,,0.2979582365398174,401820334,2529047,5,17,1,True,False,matched,0.0,2025-09-26,under,0.19110203020607336,1.3703703703703702,0.37037037037037024,1.0,False,False,False
2467,232794b3fb0a93bc63adfc062805c91a,103,A'ja Wilson,ajawilson,LVA,points,25.5,-118.0,-110.0,10,10,2025-09-24 03:41:36+00:00,2025-09-24 03:41:36+00:00,2025-09-24 03:41:36+00:00,2025-09-26 23:30:00+00:00,0.0,2025-09-26,2025,PST,IND,LVA,1.0650939274792486,True,,0.5090245232268319,401820334,3149391,17,5,0,True,False,matched,13.0,2025-09-26,under,0.18741012301687443,1.9090909090909092,0.9090909090909092,1.0,False,False,False
2467,e48b5a7b5d491543cc10418cbb763832,56,Natasha Howard,natashahoward,MIN,rebounds,6.5,-152.0,114.0,10,10,2025-09-24 03:41:36+00:00,2025-09-24 03:41:36+00:00,2025-09-24 03:41:36+00:00,2025-09-26 23:30:00+00:00,0.0,2025-09-26,2025,PST,IND,LVA,1.0704643228007713,True,,0.5703965275254933,401820334,2529130,5,17,1,True,False,matched,5.0,2025-09-26,under,0.1842716415645313,2.1399999999999997,1.1399999999999997,1.0,False,False,False
2467,075d66aa1c983d9d75fbdf19316d605b,76,Lexie Hull,lexiehull,IND,points,7.5,-130.0,100.0,10,10,2025-09-24 03:41:36+00:00,2025-09-24 03:41:36+00:00,2025-09-24 03:41:36+00:00,2025-09-26 23:30:00+00:00,0.0,2025-09-26,2025,PST,IND,LVA,1.065217391304348,True,,0.5336835053940976,401820334,4398829,5,17,1,True,False,matched,16.0,2025-09-26,under,0.18276498420946663,2.0,-1.0,1.0,False,False,False
2467,a44ccdc25857a1f35bac15acae41d693,73,NaLyssa Smith,nalyssasmith,LVA,points,7.5,-106.0,-122.0,10,10,2025-09-24 03:41:36+00:00,2025-09-24 03:41:36+00:00,2025-09-24 03:41:36+00:00,2025-09-26 23:30:00+00:00,0.0,2025-09-26,2025,PST,IND,LVA,1.064112656345666,True,,0.4819416314468661,401820334,4398776,17,5,0,True,False,matched,16.0,2025-09-26,under,0.11040472739586299,1.819672131147541,-1.0,1.0,False,False,False
2462,7fb0faf129e36ee1c011be3c5916dd0f,121,Alanna Smith,alannasmith,DAL,rebounds,4.5,-120.0,-110.0,10,10,2025-09-24 04:10:47+00:00,2025-09-24 04:10:47+00:00,2025-09-24 04:10:47+00:00,2025-09-27 01:30:00+00:00,0.0,2025-09-26,2025,PST,PHX,MIN,1.0692640692640691,True,,0.5112040114787568,401820333,3913881,8,11,0,True,False,matched,1.0,2025-09-26,under,0.1255328230879898,1.9090909090909092,0.9090909090909092,1.0,False,False,False
2462,d33577c34ba7343da9a944c94c0705fc,128,Bridget Carleton,bridgetcarleton,PDX,rebounds,3.5,-140.0,100.0,33,33,2025-09-24 07:54:53+00:00,2025-09-24 07:54:53+00:00,2025-09-24 07:54:53+00:00,2025-09-27 01:30:00+00:00,0.0,2025-09-26,2025,PST,PHX,MIN,1.0833333333333333,True,,0.5434863681281015,401820333,3906972,8,11,0,True,False,matched,4.0,2025-09-26,under,0.11298835008768437,2.0,-1.0,1.0,False,False,False
2467,8f729d84393c68cbbf51b71e0bdb6c9b,166,Jewell Loyd,jewellloyd,LVA,threes,1.5,-132.0,100.0,10,10,2025-09-24 19:46:01+00:00,2025-09-24 19:46:01+00:00,2025-09-24 19:46:01+00:00,2025-09-26 23:30:00+00:00,0.0,2025-09-26,2025,PST,IND,LVA,1.0689655172413794,True,,0.5356937238338165,401820334,2987869,17,5,0,True,False,matched,0.0,2025-09-26,over,0.0913162163172676,1.7575757575757576,-1.0,1.0,False,False,False
2462,86337069c6f2546c8ca822fee4c4ae23,45,DeWanna Bonner,dewannabonner,PHO,rebounds,5.5,-154.0,116.0,10,10,2025-09-24 20:22:54+00:00,2025-09-24 20:22:54+00:00,2025-09-24 20:22:54+00:00,2025-09-27 01:30:00+00:00,0.0,2025-09-26,2025,PST,PHX,MIN,1.0692621755613883,True,,0.574207987656796,401820333,869,11,8,1,True,False,matched,8.0,2025-09-26,under,0.2736404140817696,2.16,-1.0,1.0,False,False,False
2462,5b7aabdcb94b5b5423b382b6bc3dd172,177,Sami Whitcomb,samiwhitcomb,PHO,points,8.5,-102.0,-128.0,10,10,2025-09-24 23:05:24+00:00,2025-09-24 23:05:24+00:00,2025-09-24 23:05:24+00:00,2025-09-27 01:30:00+00:00,0.0,2025-09-26,2025,PST,PHX,MIN,1.0663540038214347,True,,0.47082505196940394,401820333,887,11,8,1,True,False,matched,4.0,2025-09-26,under,0.14390152848782622,1.78125,0.78125,1.0,False,False,False
2468,6be8400f103fae6f28325a0b5d0c82e9,76,Lexie Hull,lexiehull,IND,points,9.5,-108.0,-120.0,10,10,2025-09-27 02:19:53+00:00,2025-09-27 02:19:53+00:00,2025-09-27 02:19:53+00:00,2025-09-28 19:00:00+00:00,0.0,2025-09-28,2025,PST,IND,LVA,1.0646853146853146,True,,0.48646030463369283,401820337,4398829,5,17,1,True,False,matched,7.0,2025-09-28,under,0.24058164677254884,1.8333333333333335,0.8333333333333335,1.0,False,False,False
2468,f3f0d707dfc0592680218bcbea5c7302,71,Aliyah Boston,aliyahboston,IND,points,13.5,104.0,-135.0,10,10,2025-09-27 02:19:53+00:00,2025-09-27 02:19:53+00:00,2025-09-27 02:19:53+00:00,2025-09-28 19:00:00+00:00,0.0,2025-09-28,2025,PST,IND,LVA,1.0646641635377556,True,,0.45648742045938223,401820337,4432831,5,17,1,True,False,matched,24.0,2025-09-28,under,0.10695663816655276,1.7407407407407407,-1.0,1.0,False,False,False
2468,f0403b40acca44e421592b12998fdcfa,70,Kelsey Mitchell,kelseymitchell,IND,points,20.5,-115.0,-113.0,10,10,2025-09-27 02:19:53+00:00,2025-09-27 02:19:53+00:00,2025-09-27 02:19:53+00:00,2025-09-28 19:00:00+00:00,0.0,2025-09-28,2025,PST,IND,LVA,1.0654001528551151,True,,0.5022557674006809,401820337,3142191,5,17,1,True,False,matched,25.0,2025-09-28,under,0.1011489610279287,1.8849557522123894,-1.0,1.0,False,False,False
2468,5ec5a1ef8bbb358b94363a622c378c2f,107,Chelsea Gray,chelseagray,LVA,points,9.5,-128.0,-102.0,10,10,2025-09-27 02:19:53+00:00,2025-09-27 02:19:53+00:00,2025-09-27 02:19:53+00:00,2025-09-28 19:00:00+00:00,0.0,2025-09-28,2025,PST,IND,LVA,1.0663540038214347,True,,0.5291749480305961,401820337,2529122,17,5,0,True,False,matched,12.0,2025-09-28,under,0.09898930301190301,1.9803921568627452,-1.0,1.0,False,False,False
2468,2869d6cf3f55c0f9faab76f9907d430a,103,A'ja Wilson,ajawilson,LVA,threes,0.5,-210.0,154.0,10,10,2025-09-27 02:19:54+00:00,2025-09-27 02:19:54+00:00,2025-09-27 02:19:54+00:00,2025-09-28 19:00:00+00:00,0.0,2025-09-28,2025,PST,IND,LVA,1.0711201422402845,True,,0.647128898265053,401820337,3149391,17,5,0,True,False,matched,0.0,2025-09-28,under,0.21571110626891998,2.54,1.54,1.0,False,False,False
2468,1b2c9b818e55d3656bacb7809699fc8e,73,NaLyssa Smith,nalyssasmith,LVA,points,9.5,104.0,-135.0,10,10,2025-09-27 02:19:54+00:00,2025-09-27 02:19:54+00:00,2025-09-27 02:19:54+00:00,2025-09-28 19:00:00+00:00,0.0,2025-09-28,2025,PST,IND,LVA,1.0646641635377556,True,,0.45648742045938223,401820337,4398776,17,5,0,True,False,matched,8.0,2025-09-28,under,0.1549851994563088,1.7407407407407407,0.7407407407407407,1.0,False,False,False
2468,489c40039b6ee31703a2e7e1bf9c7780,102,Jackie Young,jackieyoung,LVA,points,16.5,-113.0,-115.0,10,10,2025-09-27 02:19:54+00:00,2025-09-27 02:19:54+00:00,2025-09-27 02:19:54+00:00,2025-09-28 19:00:00+00:00,0.0,2025-09-28,2025,PST,IND,LVA,1.0654001528551151,True,,0.49774423259931944,401820337,4065870,17,5,0,True,False,matched,18.0,2025-09-28,under,0.12090217297790329,1.8695652173913042,-1.0,1.0,False,False,False
2468,085cf0c64ae7d2b53897dcfb20bdc7c0,293,Odyssey Sims,odysseysims,DAL,rebounds,2.5,132.0,-174.0,10,10,2025-09-27 02:19:54+00:00,2025-09-27 02:19:54+00:00,2025-09-27 02:19:54+00:00,2025-09-28 19:00:00+00:00,0.0,2025-09-28,2025,PST,IND,LVA,1.0660709791089857,True,,0.3945530008595402,401820337,2529047,5,17,1,True,False,matched,1.0,2025-09-28,under,0.06008599146218624,1.5747126436781609,0.5747126436781609,1.0,False,False,False
2468,c852af8b49f3f7e0c8c9d9a96c31b820,166,Jewell Loyd,jewellloyd,LVA,threes,1.5,104.0,-138.0,10,10,2025-09-27 02:42:13+00:00,2025-09-27 02:42:13+00:00,2025-09-27 02:42:13+00:00,2025-09-28 19:00:00+00:00,0.0,2025-09-28,2025,PST,IND,LVA,1.0700280112044818,True,,0.4535791638529251,401820337,2987869,17,5,0,True,False,matched,2.0,2025-09-28,over,0.25629076297964837,2.04,1.04,1.0,False,False,False
2463,aa7e92174b0ce41821f4f9cfc0775ee4,54,Satou Sabally,satousabally,NYL,assists,2.5,158.0,-215.0,10,10,2025-09-27 04:09:04+00:00,2025-09-27 04:09:04+00:00,2025-09-27 04:09:04+00:00,2025-09-29 00:00:00+00:00,0.0,2025-09-28,2025,PST,PHX,MIN,1.0701365817644888,True,,0.347126998954303,401820338,4281929,11,8,1,True,False,matched,3.0,2025-09-28,over,0.3051260710877479,2.58,1.58,1.0,False,False,False
2463,a2686701d77a804631c6fb7c8fd57bf5,155,Kahleah Copper,kahleahcopper,PHO,assists,1.5,-138.0,104.0,10,10,2025-09-27 04:09:04+00:00,2025-09-27 04:09:04+00:00,2025-09-27 04:09:04+00:00,2025-09-29 00:00:00+00:00,0.0,2025-09-28,2025,PST,PHX,MIN,1.0700280112044818,True,,0.5464208361470752,401820338,2998938,11,8,1,True,False,matched,0.0,2025-09-28,under,0.2547213861086393,2.04,1.04,1.0,False,False,False
2463,464b7116200cdeba3ed7ccb9563acd73,40,Alyssa Thomas,alyssathomas,PHO,points,15.5,-114.0,-114.0,10,10,2025-09-27 04:09:04+00:00,2025-09-27 04:09:04+00:00,2025-09-27 04:09:04+00:00,2025-09-29 00:00:00+00:00,0.0,2025-09-28,2025,PST,PHX,MIN,1.0654205607476634,True,,0.5000000000000001,401820338,2529140,11,8,1,True,False,matched,23.0,2025-09-28,under,0.2046710762524372,1.8771929824561404,-1.0,1.0,False,False,False
2463,b5d60739a100a5da09edce3883acb655,117,Courtney Williams,courtneywilliams,MIN,points,17.5,102.0,-132.0,10,10,2025-09-27 04:40:13+00:00,2025-09-27 04:40:13+00:00,2025-09-27 04:40:13+00:00,2025-09-29 00:00:00+00:00,0.0,2025-09-28,2025,PST,PHX,MIN,1.0640150221918745,True,,0.4618487426836327,401820338,2987891,8,11,0,True,False,matched,20.0,2025-09-28,under,0.28671646385896826,1.7575757575757576,-1.0,1.0,False,False,False
2463,6baa5cff0a40799783de86905c899070,125,Kayla McBride,kaylamcbride,MIN,points,17.5,-114.0,-114.0,10,10,2025-09-27 04:40:13+00:00,2025-09-27 04:40:13+00:00,2025-09-27 04:40:13+00:00,2025-09-29 00:00:00+00:00,0.0,2025-09-28,2025,PST,PHX,MIN,1.0654205607476634,True,,0.5000000000000001,401820338,2529205,8,11,0,True,False,matched,31.0,2025-09-28,under,0.2722913514882488,1.8771929824561404,-1.0,1.0,False,False,False
2463,42d1b1067030cc217feb4aa7d5a0eb49,115,Natisha Hiedeman,natishahiedeman,SEA,points,9.5,-102.0,-128.0,10,10,2025-09-27 04:40:13+00:00,2025-09-27 04:40:13+00:00,2025-09-27 04:40:13+00:00,2025-09-29 00:00:00+00:00,0.0,2025-09-28,2025,PST,PHX,MIN,1.0663540038214347,True,,0.47082505196940394,401820338,3906753,8,11,0,True,False,matched,3.0,2025-09-28,under,0.09042852295956116,1.78125,0.78125,1.0,False,False,False
2463,7cb27efd8103e0990636fcbd68aa786c,177,Sami Whitcomb,samiwhitcomb,PHO,points,9.5,115.0,-165.0,33,33,2025-09-27 10:51:41+00:00,2025-09-27 10:51:41+00:00,2025-09-27 10:51:41+00:00,2025-09-29 00:00:00+00:00,0.0,2025-09-28,2025,PST,PHX,MIN,1.0877577885037297,True,,0.41756450654041355,401820338,887,11,8,1,True,False,matched,6.0,2025-09-28,under,0.05233584385337303,1.606060606060606,0.606060606060606,1.0,False,False,False
2463,d100f925ac6cda2ab8cfc1b233e3590d,128,Bridget Carleton,bridgetcarleton,PDX,rebounds,3.5,-185.0,130.0,33,33,2025-09-27 13:11:42+00:00,2025-09-27 13:11:42+00:00,2025-09-27 13:11:42+00:00,2025-09-29 00:00:00+00:00,0.0,2025-09-28,2025,PST,PHX,MIN,1.083905415713196,True,,0.6119415302438886,401820338,3906972,8,11,0,True,False,matched,3.0,2025-09-28,under,0.19398143306285331,2.3,1.2999999999999998,1.0,False,False,False
2463,b1cc71c94d2d4bf2a824f2ba2060c5fc,121,Alanna Smith,alannasmith,DAL,rebounds,5.5,-125.0,-115.0,33,33,2025-09-27 22:10:57+00:00,2025-09-27 22:10:57+00:00,2025-09-27 22:10:57+00:00,2025-09-29 00:00:00+00:00,0.0,2025-09-28,2025,PST,PHX,MIN,1.0904392764857882,True,,0.5108317091649132,401820338,3913881,8,11,0,True,False,matched,8.0,2025-09-28,under,0.22154678062873362,1.8695652173913042,-1.0,1.0,False,False,False
2463,1aa860ca8892d9394ec9ffe6d24a4fa8,563,Monique Akoa Makani,moniqueakoamakani,PHO,assists,3.5,145.0,-205.0,13,13,2025-09-28 15:18:11+00:00,2025-09-28 15:18:11+00:00,2025-09-28 15:18:11+00:00,2025-09-29 00:00:00+00:00,0.0,2025-09-28,2025,PST,PHX,MIN,1.080294412847106,True,,0.36239392960245215,401820338,5274110,11,8,1,True,False,matched,2.0,2025-09-28,under,0.05211260798060435,1.4878048780487805,0.4878048780487805,1.0,False,False,False
2469,9769fdfb21e6b941e07a4ccf882bc04f,71,Aliyah Boston,aliyahboston,IND,rebounds,9.5,-112.0,-118.0,10,10,2025-09-28 23:13:00+00:00,2025-09-28 23:13:00+00:00,2025-09-28 23:13:00+00:00,2025-10-01 01:30:00+00:00,0.0,2025-09-30,2025,PST,LVA,IND,1.0695862904621776,True,,0.49327872882454105,401820340,4432831,5,17,0,True,False,matched,16.0,2025-09-30,under,0.1347660668427862,1.847457627118644,-1.0,1.0,False,False,False
2469,fe411667f397917ab0d0e7d6f29a43ad,70,Kelsey Mitchell,kelseymitchell,IND,points,21.5,100.0,-130.0,10,10,2025-09-28 23:13:00+00:00,2025-09-28 23:13:00+00:00,2025-09-28 23:13:00+00:00,2025-10-01 01:30:00+00:00,0.0,2025-09-30,2025,PST,LVA,IND,1.065217391304348,True,,0.4663164946059025,401820340,3142191,5,17,0,True,False,matched,15.0,2025-09-30,under,0.10980928140225821,1.7692307692307692,0.7692307692307692,1.0,False,False,False
2469,f873e747645fcf39dc85ed9a0b334bb1,103,A'ja Wilson,ajawilson,LVA,points,25.5,-102.0,-128.0,10,10,2025-09-28 23:13:00+00:00,2025-09-28 23:13:00+00:00,2025-09-28 23:13:00+00:00,2025-10-01 01:30:00+00:00,0.0,2025-09-30,2025,PST,LVA,IND,1.0663540038214347,True,,0.47082505196940394,401820340,3149391,17,5,1,True,False,matched,35.0,2025-09-30,under,0.10922472134260164,1.78125,-1.0,1.0,False,False,False
2469,905e1a86901509ef066378e406532f82,76,Lexie Hull,lexiehull,IND,rebounds,4.5,-130.0,-102.0,10,10,2025-09-28 23:13:01+00:00,2025-09-28 23:13:01+00:00,2025-09-28 23:13:01+00:00,2025-10-01 01:30:00+00:00,0.0,2025-09-30,2025,PST,LVA,IND,1.0701678863538528,True,,0.5312123494364493,401820340,4398829,5,17,0,True,False,matched,7.0,2025-09-30,under,0.17207106301213826,1.9803921568627452,-1.0,1.0,False,False,False
2469,95950794d72f850a75d9f5679e311896,293,Odyssey Sims,odysseysims,DAL,points,9.5,-122.0,-106.0,10,10,2025-09-28 23:13:01+00:00,2025-09-28 23:13:01+00:00,2025-09-28 23:13:01+00:00,2025-10-01 01:30:00+00:00,0.0,2025-09-30,2025,PST,LVA,IND,1.064112656345666,True,,0.518058368553134,401820340,2529047,5,17,0,True,False,matched,27.0,2025-09-30,under,0.10771419333973897,1.9433962264150944,-1.0,1.0,False,False,False
2469,58694ee017521db638ccea79a960e714,107,Chelsea Gray,chelseagray,LVA,assists,5.5,-146.0,110.0,10,10,2025-09-28 23:13:01+00:00,2025-09-28 23:13:01+00:00,2025-09-28 23:13:01+00:00,2025-10-01 01:30:00+00:00,0.0,2025-09-30,2025,PST,LVA,IND,1.0696864111498257,True,,0.5607420039050215,401820340,2529122,17,5,1,True,False,matched,6.0,2025-09-30,over,0.05344272651672827,1.6849315068493151,0.6849315068493151,1.0,False,False,False
2463,ce57decadc815236f68c72d343de9074,116,Jessica Shepard,jessicashepard,DAL,points,10.5,-114.0,-114.0,10,10,2025-09-28 23:39:54+00:00,2025-09-28 23:39:54+00:00,2025-09-28 23:39:54+00:00,2025-09-29 00:00:00+00:00,0.0,2025-09-28,2025,PST,PHX,MIN,1.0654205607476634,True,,0.5000000000000001,401820338,3906949,8,11,0,True,False,matched,14.0,2025-09-28,under,0.5983612963752913,1.8771929824561404,-1.0,1.0,False,False,False
2469,0a076b74973061a36913a06473992f4f,166,Jewell Loyd,jewellloyd,LVA,threes,1.5,124.0,-166.0,10,10,2025-09-29 03:08:55+00:00,2025-09-29 03:08:55+00:00,2025-09-29 03:08:55+00:00,2025-10-01 01:30:00+00:00,0.0,2025-09-30,2025,PST,LVA,IND,1.0704887218045114,True,,0.40796342297849103,401820340,2987869,17,5,1,True,False,matched,2.0,2025-09-30,over,0.2858650728573604,2.24,1.2400000000000002,1.0,False,False,False
2469,02e445c0cecbd921e4ed42069720587f,23,Dana Evans,danaevans,LVA,assists,3.5,140.0,-193.0,13,13,2025-09-30 17:16:06+00:00,2025-09-30 17:16:06+00:00,2025-09-30 17:16:06+00:00,2025-10-01 01:30:00+00:00,0.0,2025-09-30,2025,PST,LVA,IND,1.0753697383390215,True,,0.3742067407107211,401820340,4281190,17,5,1,True,False,matched,2.0,2025-09-30,under,0.05741226761982138,1.5181347150259068,0.5181347150259068,1.0,False,False,False
2470,123a1c38ec3a8535c8c439b579ac2c57,54,Satou Sabally,satousabally,NYL,rebounds,6.5,-135.0,105.0,19,19,2025-10-02 10:51:46+00:00,2025-10-02 10:51:46+00:00,2025-10-02 10:51:46+00:00,2025-10-04 00:00:00+00:00,0.0,2025-10-03,2025,PST,LVA,PHX,1.0622729631551635,True,,0.5446886059829622,401820322,4281929,11,17,0,True,False,matched,4.0,2025-10-03,under,0.23736117529243633,2.05,1.0499999999999998,1.0,False,False,False
2470,c4b74254750270824a4eededd3ed7922,73,NaLyssa Smith,nalyssasmith,LVA,rebounds,5.5,-105.0,-125.0,19,19,2025-10-02 10:51:46+00:00,2025-10-02 10:51:46+00:00,2025-10-02 10:51:46+00:00,2025-10-04 00:00:00+00:00,0.0,2025-10-03,2025,PST,LVA,PHX,1.067750677506775,True,,0.47757418034290006,401820322,4398776,17,11,1,True,False,matched,6.0,2025-10-03,under,0.21342987572981031,1.8,-1.0,1.0,False,False,False
2470,60e98f5833ed001b5203b53371cb824b,155,Kahleah Copper,kahleahcopper,PHO,rebounds,3.5,-105.0,-125.0,19,19,2025-10-02 10:51:46+00:00,2025-10-02 10:51:46+00:00,2025-10-02 10:51:46+00:00,2025-10-04 00:00:00+00:00,0.0,2025-10-03,2025,PST,LVA,PHX,1.067750677506775,True,,0.47757418034290006,401820322,2998938,11,17,0,True,False,matched,4.0,2025-10-03,under,0.1282811502187033,1.8,-1.0,1.0,False,False,False
2470,2d1e1cc0382c9c73a4200669d0cbbfc2,40,Alyssa Thomas,alyssathomas,PHO,rebounds,9.5,105.0,-135.0,19,19,2025-10-02 10:51:46+00:00,2025-10-02 10:51:46+00:00,2025-10-02 10:51:46+00:00,2025-10-04 00:00:00+00:00,0.0,2025-10-03,2025,PST,LVA,PHX,1.0622729631551635,True,,0.45531139401703796,401820322,2529140,11,17,0,True,False,matched,10.0,2025-10-03,under,0.09950802851974305,1.7407407407407407,-1.0,1.0,False,False,False
2470,4189d05ec82818cf2d5e3c759ce40228,45,DeWanna Bonner,dewannabonner,PHO,points,8.5,-115.0,-115.0,19,19,2025-10-02 10:51:46+00:00,2025-10-02 10:51:46+00:00,2025-10-02 10:51:46+00:00,2025-10-04 00:00:00+00:00,0.0,2025-10-03,2025,PST,LVA,PHX,1.0697674418604652,True,,0.5,401820322,869,11,17,0,True,False,matched,10.0,2025-10-03,under,0.06608653805748166,1.8695652173913042,-1.0,1.0,False,False,False
2470,ab6d056a1cbe19d500a29b2e7c1f8d65,177,Sami Whitcomb,samiwhitcomb,PHO,points,7.5,-115.0,-115.0,19,19,2025-10-02 10:51:46+00:00,2025-10-02 10:51:46+00:00,2025-10-02 10:51:46+00:00,2025-10-04 00:00:00+00:00,0.0,2025-10-03,2025,PST,LVA,PHX,1.0697674418604652,True,,0.5,401820322,887,11,17,0,True,False,matched,6.0,2025-10-03,under,0.06069786641907976,1.8695652173913042,0.8695652173913042,1.0,False,False,False
2470,5b31279dbbe9d1dc20ea6daf1a92ce2e,166,Jewell Loyd,jewellloyd,LVA,threes,1.5,105.0,-135.0,19,19,2025-10-02 10:51:47+00:00,2025-10-02 10:51:47+00:00,2025-10-02 10:51:47+00:00,2025-10-04 00:00:00+00:00,0.0,2025-10-03,2025,PST,LVA,PHX,1.0622729631551635,True,,0.45531139401703796,401820322,2987869,17,11,1,True,False,matched,2.0,2025-10-03,over,0.18502345780728913,2.05,1.0499999999999998,1.0,False,False,False
2470,f7dfa8f3dfdf0a63833fccd9106a2b31,107,Chelsea Gray,chelseagray,LVA,assists,6.5,115.0,-150.0,19,19,2025-10-02 10:51:47+00:00,2025-10-02 10:51:47+00:00,2025-10-02 10:51:47+00:00,2025-10-04 00:00:00+00:00,0.0,2025-10-03,2025,PST,LVA,PHX,1.0651162790697675,True,,0.4303309521852797,401820322,2529122,17,11,1,True,False,matched,10.0,2025-10-03,over,0.11178385049740869,2.15,1.15,1.0,False,False,False
2470,7a88f809b44a885c7c2083032eb16a6b,103,A'ja Wilson,ajawilson,LVA,assists,2.5,-175.0,135.0,19,19,2025-10-02 10:51:47+00:00,2025-10-02 10:51:47+00:00,2025-10-02 10:51:47+00:00,2025-10-04 00:00:00+00:00,0.0,2025-10-03,2025,PST,LVA,PHX,1.0618955512572534,True,,0.6087266696418293,401820322,3149391,17,11,1,True,False,matched,5.0,2025-10-03,under,0.05443921070784763,2.35,-1.0,1.0,False,False,False
2470,8b8657d1a346c26801da0212e6d1f69d,102,Jackie Young,jackieyoung,LVA,assists,5.5,114.0,-152.0,10,10,2025-10-02 10:52:02+00:00,2025-10-02 10:52:02+00:00,2025-10-02 10:52:02+00:00,2025-10-04 00:00:00+00:00,0.0,2025-10-03,2025,PST,LVA,PHX,1.0704643228007713,True,,0.42960347247450675,401820322,4065870,17,11,1,True,False,matched,5.0,2025-10-03,over,0.18859968379407066,2.1399999999999997,-1.0,1.0,False,False,False
2471,bac4a9a05458361492cc87addecab9fc,155,Kahleah Copper,kahleahcopper,PHO,points,16.5,-120.0,-108.0,10,10,2025-10-04 02:20:57+00:00,2025-10-04 02:20:57+00:00,2025-10-04 02:20:57+00:00,2025-10-05 19:00:00+00:00,0.0,2025-10-05,2025,PST,LVA,PHX,1.0646853146853146,True,,0.5135396953663074,401820325,2998938,11,17,0,True,False,matched,23.0,2025-10-05,under,0.216390716988278,1.925925925925926,-1.0,1.0,False,False,False
2471,a5fa17b40e72561d6f7b25f6a71f5c2c,54,Satou Sabally,satousabally,NYL,points,16.5,-120.0,-108.0,10,10,2025-10-04 02:20:57+00:00,2025-10-04 02:20:57+00:00,2025-10-04 02:20:57+00:00,2025-10-05 19:00:00+00:00,0.0,2025-10-05,2025,PST,LVA,PHX,1.0646853146853146,True,,0.5135396953663074,401820325,4281929,11,17,0,True,False,matched,22.0,2025-10-05,under,0.11098304132628228,1.925925925925926,-1.0,1.0,False,False,False
2471,a03253c4180124fd56154569a5580814,45,DeWanna Bonner,dewannabonner,PHO,rebounds,6.5,100.0,-132.0,10,10,2025-10-04 02:20:58+00:00,2025-10-04 02:20:58+00:00,2025-10-04 02:20:58+00:00,2025-10-05 19:00:00+00:00,0.0,2025-10-05,2025,PST,LVA,PHX,1.0689655172413794,True,,0.46430627616618364,401820325,869,11,17,0,True,False,matched,0.0,2025-10-05,under,0.2377047364011453,1.7575757575757576,0.7575757575757576,1.0,False,False,False
2471,b6e91dfe058769224d9246836aa32377,103,A'ja Wilson,ajawilson,LVA,assists,3.5,-104.0,-128.0,10,10,2025-10-04 02:20:58+00:00,2025-10-04 02:20:58+00:00,2025-10-04 02:20:58+00:00,2025-10-05 19:00:00+00:00,0.0,2025-10-05,2025,PST,LVA,PHX,1.0712074303405572,True,,0.4732611100971195,401820325,3149391,17,11,1,True,False,matched,3.0,2025-10-05,under,0.16404135507468048,1.78125,0.78125,1.0,False,False,False
2471,8df9cc0999c4eeb2a64e7e7290ef4dc7,102,Jackie Young,jackieyoung,LVA,assists,5.5,-102.0,-130.0,10,10,2025-10-04 02:20:58+00:00,2025-10-04 02:20:58+00:00,2025-10-04 02:20:58+00:00,2025-10-05 19:00:00+00:00,0.0,2025-10-05,2025,PST,LVA,PHX,1.0701678863538528,True,,0.46878765056355093,401820325,4065870,17,11,1,True,False,matched,2.0,2025-10-05,over,0.09995022964267142,1.9803921568627452,-1.0,1.0,False,False,False
2471,afb37408af6d5b2d627b0803ab00ea4d,40,Alyssa Thomas,alyssathomas,PHO,points,14.5,-125.0,-104.0,10,10,2025-10-04 02:20:58+00:00,2025-10-04 02:20:58+00:00,2025-10-04 02:20:58+00:00,2025-10-05 19:00:00+00:00,0.0,2025-10-05,2025,PST,LVA,PHX,1.065359477124183,True,,0.5236312520088393,401820325,2529140,11,17,0,True,False,matched,10.0,2025-10-05,under,0.09276266230198793,1.9615384615384617,0.9615384615384617,1.0,False,False,False
2471,75c1a036384a90c610b9b055f89968df,166,Jewell Loyd,jewellloyd,LVA,points,9.5,-130.0,100.0,10,10,2025-10-04 02:20:59+00:00,2025-10-04 02:20:59+00:00,2025-10-04 02:20:59+00:00,2025-10-05 19:00:00+00:00,0.0,2025-10-05,2025,PST,LVA,PHX,1.065217391304348,True,,0.5336835053940976,401820325,2987869,17,11,1,True,False,matched,9.0,2025-10-05,under,0.17468557220995617,2.0,1.0,1.0,False,False,False
2471,c763c1dd7b5f75a1ac8d984eafef5da9,107,Chelsea Gray,chelseagray,LVA,threes,1.5,148.0,-200.0,10,10,2025-10-04 02:20:59+00:00,2025-10-04 02:20:59+00:00,2025-10-04 02:20:59+00:00,2025-10-05 19:00:00+00:00,0.0,2025-10-05,2025,PST,LVA,PHX,1.0698924731182795,True,,0.3634985050458517,401820325,2529122,17,11,1,True,False,matched,1.0,2025-10-05,over,0.09811702572679415,2.48,-1.0,1.0,False,False,False
2471,679509bca4349ef62a0898ef2a70151c,23,Dana Evans,danaevans,LVA,threes,1.5,114.0,-152.0,10,10,2025-10-04 02:31:59+00:00,2025-10-04 02:31:59+00:00,2025-10-04 02:31:59+00:00,2025-10-05 19:00:00+00:00,0.0,2025-10-05,2025,PST,LVA,PHX,1.0704643228007713,True,,0.42960347247450675,401820325,4281190,17,11,1,True,False,matched,1.0,2025-10-05,under,0.3217094010047204,1.6578947368421053,0.6578947368421053,1.0,False,False,False
2471,8fd1479525aa7c41668291cadb56c414,73,NaLyssa Smith,nalyssasmith,LVA,rebounds,5.5,104.0,-138.0,10,10,2025-10-04 03:38:20+00:00,2025-10-04 03:38:20+00:00,2025-10-04 03:38:20+00:00,2025-10-05 19:00:00+00:00,0.0,2025-10-05,2025,PST,LVA,PHX,1.0700280112044818,True,,0.4535791638529251,401820325,4398776,17,11,1,True,False,matched,5.0,2025-10-05,under,0.16262604840456868,1.7246376811594204,0.7246376811594204,1.0,False,False,False
2471,9304432925c3213845be93c5911e56f0,177,Sami Whitcomb,samiwhitcomb,PHO,threes,1.5,-136.0,100.0,13,13,2025-10-05 14:08:58+00:00,2025-10-05 14:08:58+00:00,2025-10-05 14:08:58+00:00,2025-10-05 19:00:00+00:00,0.0,2025-10-05,2025,PST,LVA,PHX,1.076271186440678,True,,0.539638540809211,401820325,887,11,17,0,True,False,matched,0.0,2025-10-05,under,0.05961650260013063,2.0,1.0,1.0,False,False,False
2471,c2a9040547dad5fbf3fe90c714c3da7d,563,Monique Akoa Makani,moniqueakoamakani,PHO,points,6.5,-121.0,-112.0,13,13,2025-10-05 15:37:53+00:00,2025-10-05 15:37:53+00:00,2025-10-05 15:37:53+00:00,2025-10-05 19:00:00+00:00,0.0,2025-10-05,2025,PST,LVA,PHX,1.0758131990096476,True,,0.5099800714886372,401820325,5274110,11,17,0,True,False,matched,9.0,2025-10-05,under,0.08359657325238734,1.8928571428571428,-1.0,1.0,False,False,False
2472,34d6f94ad02bc3cd247c63f8fd2323e0,155,Kahleah Copper,kahleahcopper,PHO,assists,2.5,148.0,-200.0,10,10,2025-10-05 21:14:56+00:00,2025-10-05 21:14:56+00:00,2025-10-05 21:14:56+00:00,2025-10-09 00:00:00+00:00,0.0,2025-10-08,2025,PST,PHX,LVA,1.0698924731182795,True,,0.3634985050458517,401820326,2998938,11,17,1,True,False,matched,0.0,2025-10-08,under,0.2798771851458087,1.5,0.5,1.0,False,False,False
2472,ad6ff74dc2505b776eaaa60a6a082b65,107,Chelsea Gray,chelseagray,LVA,threes,1.5,188.0,-260.0,10,10,2025-10-05 21:14:56+00:00,2025-10-05 21:14:56+00:00,2025-10-05 21:14:56+00:00,2025-10-09 00:00:00+00:00,0.0,2025-10-08,2025,PST,PHX,LVA,1.0694444444444444,True,,0.30559904235364327,401820326,2529122,17,11,0,True,False,matched,1.0,2025-10-08,over,0.22780290933272518,2.88,-1.0,1.0,False,False,False
2472,012c0a3f2929afa5fa8620c1ffd901a9,103,A'ja Wilson,ajawilson,LVA,threes,0.5,-166.0,124.0,10,10,2025-10-05 21:14:56+00:00,2025-10-05 21:14:56+00:00,2025-10-05 21:14:56+00:00,2025-10-09 00:00:00+00:00,0.0,2025-10-08,2025,PST,PHX,LVA,1.0704887218045114,True,,0.5920365770215091,401820326,3149391,17,11,0,True,False,matched,1.0,2025-10-08,under,0.19717606540033078,2.24,-1.0,1.0,False,False,False
2472,e8ba794520c7bcda535673c648e07c13,54,Satou Sabally,satousabally,NYL,points,17.5,-120.0,-108.0,10,10,2025-10-05 21:14:56+00:00,2025-10-05 21:14:56+00:00,2025-10-05 21:14:56+00:00,2025-10-09 00:00:00+00:00,0.0,2025-10-08,2025,PST,PHX,LVA,1.0646853146853146,True,,0.5135396953663074,401820326,4281929,11,17,1,True,False,matched,24.0,2025-10-08,under,0.13196894728558173,1.925925925925926,-1.0,1.0,False,False,False
2472,c917dd9fca0f88f302ca77e0d102943f,73,NaLyssa Smith,nalyssasmith,LVA,points,5.5,-128.0,-102.0,10,10,2025-10-05 21:14:56+00:00,2025-10-05 21:14:56+00:00,2025-10-05 21:14:56+00:00,2025-10-09 00:00:00+00:00,0.0,2025-10-08,2025,PST,PHX,LVA,1.0663540038214347,True,,0.5291749480305961,401820326,4398776,17,11,0,True,False,matched,2.0,2025-10-08,over,0.06487706289007716,1.78125,-1.0,1.0,False,False,False
2472,835676d85c32c6a1b271a49d868abe35,40,Alyssa Thomas,alyssathomas,PHO,rebounds,9.5,100.0,-132.0,10,10,2025-10-05 21:14:56+00:00,2025-10-05 21:14:56+00:00,2025-10-05 21:14:56+00:00,2025-10-09 00:00:00+00:00,0.0,2025-10-08,2025,PST,PHX,LVA,1.0689655172413794,True,,0.46430627616618364,401820326,2529140,11,17,1,True,False,matched,12.0,2025-10-08,under,0.06154677164599803,1.7575757575757576,-1.0,1.0,False,False,False
2472,4ec816486baa526c14e3a395bc6ceeeb,23,Dana Evans,danaevans,LVA,assists,2.5,-138.0,104.0,10,10,2025-10-05 21:14:56+00:00,2025-10-05 21:14:56+00:00,2025-10-05 21:14:56+00:00,2025-10-09 00:00:00+00:00,0.0,2025-10-08,2025,PST,PHX,LVA,1.0700280112044818,True,,0.5464208361470752,401820326,4281190,17,11,0,True,False,matched,1.0,2025-10-08,under,0.055894827298772654,2.04,1.04,1.0,False,False,False
2472,227a2fe9fbd7c19076501467d81058df,45,DeWanna Bonner,dewannabonner,PHO,rebounds,5.5,-148.0,112.0,10,10,2025-10-05 21:14:57+00:00,2025-10-05 21:14:57+00:00,2025-10-05 21:14:57+00:00,2025-10-09 00:00:00+00:00,0.0,2025-10-08,2025,PST,PHX,LVA,1.0684723067559343,True,,0.5647227530167998,401820326,869,11,17,1,True,False,matched,10.0,2025-10-08,under,0.15458196210958053,2.12,-1.0,1.0,False,False,False
2472,1465349bb13c9a19741ad9be792ad514,102,Jackie Young,jackieyoung,LVA,assists,5.5,128.0,-172.0,10,10,2025-10-05 21:14:57+00:00,2025-10-05 21:14:57+00:00,2025-10-05 21:14:57+00:00,2025-10-09 00:00:00+00:00,0.0,2025-10-08,2025,PST,PHX,LVA,1.0709494324045408,True,,0.39957653069922067,401820326,4065870,17,11,0,True,False,matched,9.0,2025-10-08,over,0.1497863713028399,2.2800000000000002,1.2800000000000002,1.0,False,False,False
2472,60f1cd5f005d93079a7359a5a5724d53,166,Jewell Loyd,jewellloyd,LVA,threes,1.5,-118.0,-112.0,10,10,2025-10-05 21:14:58+00:00,2025-10-05 21:14:58+00:00,2025-10-05 21:14:58+00:00,2025-10-09 00:00:00+00:00,0.0,2025-10-08,2025,PST,PHX,LVA,1.0695862904621776,True,,0.5067212711754592,401820326,2987869,17,11,0,True,False,matched,4.0,2025-10-08,over,0.07445975928741938,1.847457627118644,0.847457627118644,1.0,False,False,False
2472,e8a20b78a45014a303a6397a23c2e842,563,Monique Akoa Makani,moniqueakoamakani,LAS,points,6.5,-125.0,-105.0,12,12,2025-10-05 22:36:56+00:00,2025-10-05 22:36:56+00:00,2025-10-05 22:36:56+00:00,2025-10-09 00:00:00+00:00,0.0,2025-10-08,2025,PST,PHX,LVA,1.067750677506775,True,,0.5224258196571001,401820326,5274110,11,17,1,True,False,matched,6.0,2025-10-08,under,0.08614658600805247,1.9523809523809523,0.9523809523809523,1.0,False,False,False
2472,edb77cea629e0fbafa01ccbd6fd83004,177,Sami Whitcomb,samiwhitcomb,PHO,rebounds,2.5,-167.0,123.0,36,36,2025-10-05 23:00:36+00:00,2025-10-05 23:00:36+00:00,2025-10-05 23:00:36+00:00,2025-10-09 00:00:00+00:00,0.0,2025-10-08,2025,PST,PHX,LVA,1.0738986580675502,True,,0.5919069228017925,401820326,887,11,17,1,True,False,matched,1.0,2025-10-08,under,0.34545407950412377,2.23,1.23,1.0,False,False,False
2473,ba7b806263264083a729e75549bf4610,45,DeWanna Bonner,dewannabonner,PHO,points,14.5,-110.0,-118.0,10,10,2025-10-09 02:42:39+00:00,2025-10-09 02:42:39+00:00,2025-10-09 02:42:39+00:00,2025-10-11 00:00:00+00:00,0.0,2025-10-10,2025,PST,PHX,LVA,1.0650939274792486,True,,0.4909754767731684,401820329,869,11,17,1,True,False,matched,10.0,2025-10-10,under,0.5486957708570401,1.847457627118644,0.847457627118644,1.0,False,False,False
2473,04e045f8296bb3bcb1cd550b2dab062a,103,A'ja Wilson,ajawilson,LVA,rebounds,11.5,-114.0,-114.0,10,10,2025-10-09 02:42:39+00:00,2025-10-09 02:42:39+00:00,2025-10-09 02:42:39+00:00,2025-10-11 00:00:00+00:00,0.0,2025-10-10,2025,PST,PHX,LVA,1.0654205607476634,True,,0.5000000000000001,401820329,3149391,17,11,0,True,False,matched,9.0,2025-10-10,under,0.22269171533248322,1.8771929824561404,0.8771929824561404,1.0,False,False,False
2473,900e0d2b2bb3660ba8469f51729d602f,107,Chelsea Gray,chelseagray,LVA,assists,6.5,100.0,-132.0,10,10,2025-10-09 02:42:39+00:00,2025-10-09 02:42:39+00:00,2025-10-09 02:42:39+00:00,2025-10-11 00:00:00+00:00,0.0,2025-10-10,2025,PST,PHX,LVA,1.0689655172413794,True,,0.46430627616618364,401820329,2529122,17,11,0,True,False,matched,4.0,2025-10-10,over,0.09116670613215966,2.0,-1.0,1.0,False,False,False
2473,8ed070920fa784f753561adc06d3c195,102,Jackie Young,jackieyoung,LVA,assists,5.5,-130.0,-102.0,10,10,2025-10-09 02:42:39+00:00,2025-10-09 02:42:39+00:00,2025-10-09 02:42:39+00:00,2025-10-11 00:00:00+00:00,0.0,2025-10-10,2025,PST,PHX,LVA,1.0701678863538528,True,,0.5312123494364493,401820329,4065870,17,11,0,True,False,matched,8.0,2025-10-10,under,0.0870936442511388,1.9803921568627452,-1.0,1.0,False,False,False
2473,da55aef12f191b937eae3e74a34a3bda,155,Kahleah Copper,kahleahcopper,PHO,assists,2.5,158.0,-215.0,10,10,2025-10-09 02:42:40+00:00,2025-10-09 02:42:40+00:00,2025-10-09 02:42:40+00:00,2025-10-11 00:00:00+00:00,0.0,2025-10-10,2025,PST,PHX,LVA,1.0701365817644888,True,,0.347126998954303,401820329,2998938,11,17,1,True,False,matched,1.0,2025-10-10,under,0.2861497467346463,1.4651162790697674,0.4651162790697674,1.0,False,False,False
2473,0bddb04e411db9d4bff790efa0e49acf,40,Alyssa Thomas,alyssathomas,PHO,points,16.5,-106.0,-122.0,10,10,2025-10-09 02:42:40+00:00,2025-10-09 02:42:40+00:00,2025-10-09 02:42:40+00:00,2025-10-11 00:00:00+00:00,0.0,2025-10-10,2025,PST,PHX,LVA,1.064112656345666,True,,0.4819416314468661,401820329,2529140,11,17,1,True,False,matched,17.0,2025-10-10,under,0.16297545246579903,1.819672131147541,-1.0,1.0,False,False,False
2473,3e598917b814c06707f4132f16313421,166,Jewell Loyd,jewellloyd,LVA,points,10.5,104.0,-135.0,10,10,2025-10-09 02:42:40+00:00,2025-10-09 02:42:40+00:00,2025-10-09 02:42:40+00:00,2025-10-11 00:00:00+00:00,0.0,2025-10-10,2025,PST,PHX,LVA,1.0646641635377556,True,,0.45648742045938223,401820329,2987869,17,11,0,True,False,matched,12.0,2025-10-10,under,0.05437135978473984,1.7407407407407407,-1.0,1.0,False,False,False
2473,94124c3953e841bfc9c6d866ae13a3ef,73,NaLyssa Smith,nalyssasmith,LVA,rebounds,5.5,120.0,-170.0,13,13,2025-10-09 21:06:48+00:00,2025-10-09 21:06:48+00:00,2025-10-09 21:06:48+00:00,2025-10-11 00:00:00+00:00,0.0,2025-10-10,2025,PST,PHX,LVA,1.0841750841750841,True,,0.40856326639475826,401820329,4398776,17,11,0,True,False,matched,5.0,2025-10-10,under,0.07096622565832017,1.5882352941176472,0.5882352941176472,1.0,False,False,False
2473,86267b445e4dab8f6aba4838d8c30a10,177,Sami Whitcomb,samiwhitcomb,PHO,rebounds,2.5,-146.0,110.0,10,10,2025-10-09 22:08:41+00:00,2025-10-09 22:08:41+00:00,2025-10-09 22:08:41+00:00,2025-10-11 00:00:00+00:00,0.0,2025-10-10,2025,PST,PHX,LVA,1.0696864111498257,True,,0.5607420039050215,401820329,887,11,17,1,True,False,matched,0.0,2025-10-10,under,0.3843657561414709,2.1,1.1,1.0,False,False,False
2473,8b07c710c0d745210df13a44532f7e29,563,Monique Akoa Makani,moniqueakoamakani,PHO,rebounds,3.5,160.0,-225.0,13,13,2025-10-10 13:04:16+00:00,2025-10-10 13:04:16+00:00,2025-10-10 13:04:16+00:00,2025-10-11 00:00:00+00:00,0.0,2025-10-10,2025,PST,PHX,LVA,1.0769230769230769,True,,0.3398716205474144,401820329,5274110,11,17,1,True,False,matched,5.0,2025-10-10,under,0.16881620722451277,1.4444444444444444,-1.0,1.0,False,False,False
