event_id,offer_id,bp_player_id,player,normalized_player,bp_player_team,market,open_line,open_over,open_under,open_book,open_book_under,open_created_over,open_created_under,forecast_at,tip_at,pair_skew_seconds,date,season,season_type,event_home,event_away,open_booksum,open_coherent,rejection_reasons,p_open,game_id,athlete_id,team_id,opponent_team_id,home,matched,void,match_reason,actual,game_date,side,claimed_ev,decimal_odds,profit,settled_stake,is_push,is_void,is_unresolved
2147,21b2bc5b-dd0a-4152-a03c-bc0cbf39550b,112,Napheesa Collier,napheesacollier,MIN,assists,3.5,-118.0,-112.0,10,10,2025-05-13 13:58:15+00:00,2025-05-13 13:58:15+00:00,2025-05-13 13:58:15+00:00,2025-05-16 23:30:00+00:00,0.0,2025-05-16,2025,REG,DAL,MIN,1.0695862904621776,True,,0.5067212711754592,401736113,3917450,8,3,0,True,False,matched,4.0,2025-05-16,under,0.28376269209812344,1.8928571428571428,-1.0,1.0,False,False,False
2147,9171ed3f-72a4-4a84-a04d-66ac259620f7,63,Arike Ogunbowale,arikeogunbowale,DAL,points,21.5,-104.0,-125.0,10,10,2025-05-13 13:58:16+00:00,2025-05-13 13:58:16+00:00,2025-05-13 13:58:16+00:00,2025-05-16 23:30:00+00:00,0.0,2025-05-16,2025,REG,DAL,MIN,1.065359477124183,True,,0.4763687479911608,401736113,3904577,3,8,1,True,False,matched,16.0,2025-05-16,under,0.158197055956404,1.8,0.8,1.0,False,False,False
2147,f3d455d1-75b2-4f9e-b17b-a77e4613bf0a,128,Bridget Carleton,bridgetcarleton,PDX,points,9.5,-115.0,-113.0,10,10,2025-05-13 13:58:16+00:00,2025-05-13 13:58:16+00:00,2025-05-13 13:58:16+00:00,2025-05-16 23:30:00+00:00,0.0,2025-05-16,2025,REG,DAL,MIN,1.0654001528551151,True,,0.5022557674006809,401736113,3906972,8,3,0,True,False,matched,3.0,2025-05-16,under,0.15355530675390072,1.8849557522123894,0.8849557522123894,1.0,False,False,False
2147,0e69a99d-820c-4072-ab44-50e2094b0172,117,Courtney Williams,courtneywilliams,MIN,assists,5.5,-130.0,-102.0,10,10,2025-05-13 13:58:16+00:00,2025-05-13 13:58:16+00:00,2025-05-13 13:58:16+00:00,2025-05-16 23:30:00+00:00,0.0,2025-05-16,2025,REG,DAL,MIN,1.0701678863538528,True,,0.5312123494364493,401736113,2987891,8,3,0,True,False,matched,9.0,2025-05-16,under,0.1421066253354744,1.9803921568627452,-1.0,1.0,False,False,False
2146,4b04f15f-0d91-40ed-bbb9-38ee89212cb2,15,Rhyne Howard,rhynehoward,ATL,points,17.5,-130.0,100.0,19,19,2025-05-14 15:10:14+00:00,2025-05-14 15:10:14+00:00,2025-05-14 15:10:14+00:00,2025-05-16 23:30:00+00:00,0.0,2025-05-16,2025,REG,WAS,ATL,1.065217391304348,True,,0.5336835053940976,401736112,4398674,20,16,0,True,False,matched,11.0,2025-05-16,under,0.23903861702383639,2.0,1.0,1.0,False,False,False
2149,220e2327-a005-442b-bc21-c1fc884c4a82,102,Jackie Young,jackieyoung,LVA,assists,4.5,-110.0,-120.0,19,19,2025-05-14 15:24:14+00:00,2025-05-14 15:24:14+00:00,2025-05-14 15:24:14+00:00,2025-05-17 17:00:00+00:00,0.0,2025-05-17,2025,REG,NYL,LVA,1.0692640692640691,True,,0.4887959885212434,401736116,4065870,17,9,0,True,False,matched,5.0,2025-05-17,under,0.3111308149914375,1.8333333333333335,-1.0,1.0,False,False,False
2149,cf8b1cc4-7e08-44c9-bab4-a03b8b6a0766,103,A'ja Wilson,ajawilson,LVA,points,25.5,-110.0,-120.0,19,19,2025-05-14 15:24:14+00:00,2025-05-14 15:24:14+00:00,2025-05-14 15:24:14+00:00,2025-05-17 17:00:00+00:00,0.0,2025-05-17,2025,REG,NYL,LVA,1.0692640692640691,True,,0.4887959885212434,401736116,3149391,17,9,0,True,False,matched,31.0,2025-05-17,under,0.2846362229626493,1.8333333333333335,-1.0,1.0,False,False,False
2149,a3bad779-7ba0-4462-854d-9b2ff794867e,132,Sabrina Ionescu,sabrinaionescu,NYL,points,18.5,-110.0,-120.0,19,19,2025-05-14 15:24:14+00:00,2025-05-14 15:24:14+00:00,2025-05-14 15:24:14+00:00,2025-05-17 17:00:00+00:00,0.0,2025-05-17,2025,REG,NYL,LVA,1.0692640692640691,True,,0.4887959885212434,401736116,4066533,9,17,1,True,False,matched,8.0,2025-05-17,under,0.2796150277285056,1.8333333333333335,0.8333333333333335,1.0,False,False,False
2149,04845953-d4b7-4f38-bbf1-d6b623af118a,137,Breanna Stewart,breannastewart,NYL,points,20.5,-125.0,-105.0,19,19,2025-05-14 15:24:14+00:00,2025-05-14 15:24:14+00:00,2025-05-14 15:24:14+00:00,2025-05-17 17:00:00+00:00,0.0,2025-05-17,2025,REG,NYL,LVA,1.067750677506775,True,,0.5224258196571001,401736116,2998928,9,17,1,True,False,matched,25.0,2025-05-17,under,0.17506714802322265,1.9523809523809523,-1.0,1.0,False,False,False
2150,a6baa8f5-a8c2-4dbd-96e7-f77ecd098ac5,26,Angel Reese,angelreese,ATL,rebounds,13.5,-115.0,-115.0,19,19,2025-05-14 15:24:15+00:00,2025-05-14 15:24:15+00:00,2025-05-14 15:24:15+00:00,2025-05-17 19:00:00+00:00,0.0,2025-05-17,2025,REG,IND,CHI,1.0697674418604652,True,,0.5,401736115,4433402,19,5,0,True,False,matched,17.0,2025-05-17,under,0.47315387428883793,1.8695652173913042,-1.0,1.0,False,False,False
2150,78b681c8-d2f2-4501-984b-31235b941a00,68,Caitlin Clark,caitlinclark,IND,threes,3.5,-110.0,-120.0,19,19,2025-05-14 15:24:15+00:00,2025-05-14 15:24:15+00:00,2025-05-14 15:24:15+00:00,2025-05-17 19:00:00+00:00,0.0,2025-05-17,2025,REG,IND,CHI,1.0692640692640691,True,,0.4887959885212434,401736115,4433403,5,19,1,True,False,matched,4.0,2025-05-17,under,0.33043716846521537,1.8333333333333335,-1.0,1.0,False,False,False
2150,a94dee49-b8cf-40f2-a3d8-7f42c4a0e33b,70,Kelsey Mitchell,kelseymitchell,IND,points,17.5,-130.0,100.0,19,19,2025-05-14 15:24:15+00:00,2025-05-14 15:24:15+00:00,2025-05-14 15:24:15+00:00,2025-05-17 19:00:00+00:00,0.0,2025-05-17,2025,REG,IND,CHI,1.065217391304348,True,,0.5336835053940976,401736115,3142191,5,19,1,True,False,matched,15.0,2025-05-17,under,0.08975651146872243,2.0,1.0,1.0,False,False,False
2150,a893c99d-9048-4261-9e27-5667bf2a92a7,30,Kamilla Cardoso,kamillacardoso,CHI,points,10.5,-128.0,-102.0,10,10,2025-05-14 16:50:40+00:00,2025-05-14 16:50:40+00:00,2025-05-14 16:50:40+00:00,2025-05-17 19:00:00+00:00,0.0,2025-05-17,2025,REG,IND,CHI,1.0663540038214347,True,,0.5291749480305961,401736115,4433405,19,5,0,True,False,matched,7.0,2025-05-17,under,0.21885781598160614,1.9803921568627452,0.9803921568627452,1.0,False,False,False
2146,50e69cc2-0509-4ab3-ad57-16cee75fcf27,1,Allisha Gray,allishagray,ATL,assists,2.5,-150.0,120.0,24,24,2025-05-14 17:10:28+00:00,2025-05-14 17:10:28+00:00,2025-05-14 17:10:28+00:00,2025-05-16 23:30:00+00:00,0.0,2025-05-16,2025,REG,WAS,ATL,1.0545454545454547,True,,0.5746986093321318,401736112,3058901,20,16,0,True,False,matched,7.0,2025-05-16,under,0.12690150531179079,2.2,-1.0,1.0,False,False,False
2146,ef9fc660-24ca-4a80-a801-fd7a4b01ec30,149,Sug Sutton,sugsutton,DAL,assists,4.5,-115.0,-115.0,24,24,2025-05-14 17:32:34+00:00,2025-05-14 17:32:34+00:00,2025-05-14 17:32:34+00:00,2025-05-16 23:30:00+00:00,0.0,2025-05-16,2025,REG,WAS,ATL,1.0697674418604652,True,,0.5,401736112,4068159,16,20,1,True,False,matched,2.0,2025-05-16,under,0.8241649580208509,1.8695652173913042,0.8695652173913042,1.0,False,False,False
2146,e6a6b4ff-a015-4d24-9e43-e39a95377bbe,170,Jade Melbourne,jademelbourne,SEA,assists,2.5,-150.0,120.0,24,24,2025-05-14 17:32:34+00:00,2025-05-14 17:32:34+00:00,2025-05-14 17:32:34+00:00,2025-05-16 23:30:00+00:00,0.0,2025-05-16,2025,REG,WAS,ATL,1.0545454545454547,True,,0.5746986093321318,401736112,5017726,16,20,1,True,False,matched,1.0,2025-05-16,under,0.7031818853424314,2.2,1.2000000000000002,1.0,False,False,False
2146,9545fbbc-7580-4f2a-855c-771d99b1de7c,182,Brittney Sykes,brittneysykes,TOR,assists,3.5,-135.0,105.0,24,24,2025-05-14 17:32:34+00:00,2025-05-14 17:32:34+00:00,2025-05-14 17:32:34+00:00,2025-05-16 23:30:00+00:00,0.0,2025-05-16,2025,REG,WAS,ATL,1.0622729631551635,True,,0.5446886059829622,401736112,2988756,16,20,1,True,False,matched,5.0,2025-05-16,under,0.5879530853429249,2.05,-1.0,1.0,False,False,False
2146,47a70e40-b05d-4ec8-b4af-597bcb67d368,191,Emily Engstler,emilyengstler,PDX,assists,2.5,-150.0,120.0,24,24,2025-05-14 17:32:34+00:00,2025-05-14 17:32:34+00:00,2025-05-14 17:32:34+00:00,2025-05-16 23:30:00+00:00,0.0,2025-05-16,2025,REG,WAS,ATL,1.0545454545454547,True,,0.5746986093321318,401736112,4398729,16,20,1,True,False,matched,1.0,2025-05-16,under,0.45136041549977785,2.2,1.2000000000000002,1.0,False,False,False
2146,9a605e8b-7fd6-4c0e-b4f4-208a75a1a48b,189,Stefanie Dolson,stefaniedolson,SEA,assists,2.5,-115.0,-115.0,24,24,2025-05-14 17:32:34+00:00,2025-05-14 17:32:34+00:00,2025-05-14 17:32:34+00:00,2025-05-16 23:30:00+00:00,0.0,2025-05-16,2025,REG,WAS,ATL,1.0697674418604652,True,,0.5,401736112,2529183,16,20,1,True,False,matched,3.0,2025-05-16,under,0.2942265200059219,1.8695652173913042,-1.0,1.0,False,False,False
2149,8f680478-f593-4ae4-b9a0-9afd801e9708,107,Chelsea Gray,chelseagray,LVA,points,9.5,-122.0,-106.0,10,10,2025-05-14 17:38:16+00:00,2025-05-14 17:38:16+00:00,2025-05-14 17:38:16+00:00,2025-05-17 17:00:00+00:00,0.0,2025-05-17,2025,REG,NYL,LVA,1.064112656345666,True,,0.518058368553134,401736116,2529122,17,9,0,True,False,matched,12.0,2025-05-17,under,0.08652002184199964,1.9433962264150944,-1.0,1.0,False,False,False
2149,c211fc04-c37e-433f-bff6-39ecffe70f6f,141,Jonquel Jones,jonqueljones,NYL,rebounds,8.5,-130.0,-102.0,10,10,2025-05-14 17:45:36+00:00,2025-05-14 17:45:36+00:00,2025-05-14 17:45:36+00:00,2025-05-17 17:00:00+00:00,0.0,2025-05-17,2025,REG,NYL,LVA,1.0701678863538528,True,,0.5312123494364493,401736116,2999101,9,17,1,True,False,matched,10.0,2025-05-17,under,0.16340242863267423,1.9803921568627452,-1.0,1.0,False,False,False
2147,72424617-d997-4730-95b7-067dc2554f53,116,Jessica Shepard,jessicashepard,DAL,rebounds,7.5,120.0,-160.0,10,10,2025-05-16 01:01:08+00:00,2025-05-16 01:01:08+00:00,2025-05-16 01:01:08+00:00,2025-05-16 23:30:00+00:00,0.0,2025-05-16,2025,REG,DAL,MIN,1.06993006993007,True,,0.41669493857595097,401736113,3906949,8,3,0,True,False,matched,8.0,2025-05-16,under,0.37113859098151597,1.625,-1.0,1.0,False,False,False
2147,7aa944a2-690d-4257-94dc-179e7c880e0b,115,Natisha Hiedeman,natishahiedeman,SEA,points,5.5,-104.0,-125.0,10,10,2025-05-16 01:13:23+00:00,2025-05-16 01:13:23+00:00,2025-05-16 01:13:23+00:00,2025-05-16 23:30:00+00:00,0.0,2025-05-16,2025,REG,DAL,MIN,1.065359477124183,True,,0.4763687479911608,401736113,3906753,8,3,0,True,False,matched,4.0,2025-05-16,under,0.10328190703672346,1.8,0.8,1.0,False,False,False
2149,cbd86a0d-e593-40af-9cc2-fa84b1875e69,147,Leonie Fiebich,leoniefiebich,NYL,threes,1.5,-186.0,138.0,10,10,2025-05-16 04:40:52+00:00,2025-05-16 04:40:52+00:00,2025-05-16 04:40:52+00:00,2025-05-17 17:00:00+00:00,0.0,2025-05-17,2025,REG,NYL,LVA,1.070517717576541,True,,0.6192913524286012,401736116,4683006,9,17,1,True,False,matched,0.0,2025-05-17,under,0.22674353205405257,2.38,1.38,1.0,False,False,False
2146,4f4afef5-b499-4109-b534-94c2d3a69d05,196,Shakira Austin,shakiraaustin,WAS,rebounds,6.5,-105.0,-135.0,49,49,2025-05-16 15:06:48+00:00,2025-05-16 15:06:48+00:00,2025-05-16 15:06:48+00:00,2025-05-16 23:30:00+00:00,0.0,2025-05-16,2025,REG,WAS,ATL,1.0866632070576026,True,,0.46744138600370294,401736112,4398911,16,20,1,True,True,did_not_play,,2025-05-16,under,0.09831713788359359,1.7407407407407407,0.0,0.0,False,True,False
2149,2422abd8-34dc-4f17-9132-477f0f1285b7,108,Kiah Stokes,kiahstokes,GSV,rebounds,6.5,-120.0,-120.0,49,49,2025-05-17 14:15:55+00:00,2025-05-17 14:15:55+00:00,2025-05-17 14:15:55+00:00,2025-05-17 17:00:00+00:00,0.0,2025-05-17,2025,REG,NYL,LVA,1.0909090909090908,True,,0.5,401736116,2590093,17,9,0,True,False,matched,7.0,2025-05-17,under,0.761016295784674,1.8333333333333335,-1.0,1.0,False,False,False
2152,c2b023b5-ed1c-4f4b-91a6-f8902a179796,196,Shakira Austin,shakiraaustin,WAS,points,12.5,-114.0,-114.0,10,10,2025-05-17 23:23:58+00:00,2025-05-17 23:23:58+00:00,2025-05-17 23:23:58+00:00,2025-05-18 17:00:00+00:00,0.0,2025-05-18,2025,REG,CON,WAS,1.0654205607476634,True,,0.5000000000000001,401736118,4398911,16,18,0,True,False,matched,4.0,2025-05-18,under,0.4898257640887077,1.8771929824561404,0.8771929824561404,1.0,False,False,False
2152,818e3aaa-ec61-43ad-ae76-892fe20258e1,22,Marina Mabrey,marinamabrey,TOR,assists,3.5,-114.0,-114.0,10,10,2025-05-17 23:23:58+00:00,2025-05-17 23:23:58+00:00,2025-05-17 23:23:58+00:00,2025-05-18 17:00:00+00:00,0.0,2025-05-18,2025,REG,CON,WAS,1.0654205607476634,True,,0.5000000000000001,401736118,3904576,18,16,1,True,False,matched,3.0,2025-05-18,under,0.43330633682016473,1.8771929824561404,0.8771929824561404,1.0,False,False,False
2152,91059397-d777-40e5-8f9f-546459796a7e,182,Brittney Sykes,brittneysykes,TOR,assists,3.5,-154.0,116.0,10,10,2025-05-17 23:23:58+00:00,2025-05-17 23:23:58+00:00,2025-05-17 23:23:58+00:00,2025-05-18 17:00:00+00:00,0.0,2025-05-18,2025,REG,CON,WAS,1.0692621755613883,True,,0.574207987656796,401736118,2988756,16,18,0,True,False,matched,7.0,2025-05-18,under,0.3354865335353036,2.16,-1.0,1.0,False,False,False
2153,86b40da3-f7f0-4bff-b9d2-02a38712719e,101,Kelsey Plum,kelseyplum,LAS,assists,5.5,-136.0,102.0,10,10,2025-05-17 23:58:58+00:00,2025-05-17 23:58:58+00:00,2025-05-17 23:58:58+00:00,2025-05-18 22:00:00+00:00,0.0,2025-05-18,2025,REG,LAS,MIN,1.071320691391173,True,,0.5420932924427202,401736119,3065570,6,8,1,True,False,matched,5.0,2025-05-18,under,0.6823800684787105,2.02,1.02,1.0,False,False,False
2153,d2070b10-a2ff-43e0-be36-d8ec48866289,82,Azura Stevens,azurastevens,CHI,rebounds,6.5,-146.0,110.0,10,10,2025-05-17 23:58:58+00:00,2025-05-17 23:58:58+00:00,2025-05-17 23:58:58+00:00,2025-05-18 22:00:00+00:00,0.0,2025-05-18,2025,REG,LAS,MIN,1.0696864111498257,True,,0.5607420039050215,401736119,3142010,6,8,1,True,False,matched,6.0,2025-05-18,under,0.14531441574276716,2.1,1.1,1.0,False,False,False
2153,6f7d239e-0abb-4b63-8c32-fdf3a73e20f3,117,Courtney Williams,courtneywilliams,MIN,rebounds,4.5,-114.0,-114.0,10,10,2025-05-17 23:58:58+00:00,2025-05-17 23:58:58+00:00,2025-05-17 23:58:58+00:00,2025-05-18 22:00:00+00:00,0.0,2025-05-18,2025,REG,LAS,MIN,1.0654205607476634,True,,0.5000000000000001,401736119,2987891,8,6,0,True,False,matched,5.0,2025-05-18,under,0.13318042259586066,1.8771929824561404,-1.0,1.0,False,False,False
2153,7943b592-f1bf-4961-97a2-e49783594d44,112,Napheesa Collier,napheesacollier,MIN,threes,1.5,194.0,-270.0,10,10,2025-05-17 23:58:58+00:00,2025-05-17 23:58:58+00:00,2025-05-17 23:58:58+00:00,2025-05-18 22:00:00+00:00,0.0,2025-05-18,2025,REG,LAS,MIN,1.0698657841514985,True,,0.2979582365398174,401736119,3917450,8,6,0,True,False,matched,2.0,2025-05-18,under,0.10984528174970937,1.3703703703703702,-1.0,1.0,False,False,False
2153,3b39c616-a321-4160-af2f-e4c43c294b24,293,Odyssey Sims,odysseysims,DAL,points,7.5,102.0,-132.0,10,10,2025-05-17 23:58:58+00:00,2025-05-17 23:58:58+00:00,2025-05-17 23:58:58+00:00,2025-05-18 22:00:00+00:00,0.0,2025-05-18,2025,REG,LAS,MIN,1.0640150221918745,True,,0.4618487426836327,401736119,2529047,6,8,1,True,False,matched,2.0,2025-05-18,over,0.0867396383758669,2.02,-1.0,1.0,False,False,False
2153,f7d02bad-7d71-4a80-8a40-8c3435a8d7a8,89,Dearica Hamby,dearicahamby,LAS,rebounds,8.5,-138.0,104.0,10,10,2025-05-17 23:58:58+00:00,2025-05-17 23:58:58+00:00,2025-05-17 23:58:58+00:00,2025-05-18 22:00:00+00:00,0.0,2025-05-18,2025,REG,LAS,MIN,1.0700280112044818,True,,0.5464208361470752,401736119,2566106,6,8,1,True,False,matched,10.0,2025-05-18,under,0.05798053002657144,2.04,-1.0,1.0,False,False,False
2153,b959e149-3cef-43a7-b1c3-3c814f5a42c3,128,Bridget Carleton,bridgetcarleton,PDX,points,10.5,-104.0,-125.0,10,10,2025-05-17 23:58:59+00:00,2025-05-17 23:58:59+00:00,2025-05-17 23:58:59+00:00,2025-05-18 22:00:00+00:00,0.0,2025-05-18,2025,REG,LAS,MIN,1.065359477124183,True,,0.4763687479911608,401736119,3906972,8,6,0,True,False,matched,8.0,2025-05-18,under,0.25956998568324013,1.8,0.8,1.0,False,False,False
2154,67320a36-bd75-4f9f-bbf1-3fc297bbfe34,193,Myisha Hines-Allen,myishahinesallen,IND,points,9.5,-114.0,-114.0,10,10,2025-05-18 20:58:17+00:00,2025-05-18 20:58:17+00:00,2025-05-18 20:58:17+00:00,2025-05-20 00:00:00+00:00,0.0,2025-05-19,2025,REG,DAL,SEA,1.0654205607476634,True,,0.5000000000000001,401736120,3142055,3,14,1,True,False,matched,4.0,2025-05-19,under,0.40660973508108433,1.8771929824561404,0.8771929824561404,1.0,False,False,False
2154,12782443-537f-42d9-8fc3-3ccf24433ae4,73,NaLyssa Smith,nalyssasmith,LVA,points,9.5,106.0,-138.0,10,10,2025-05-18 20:58:17+00:00,2025-05-18 20:58:17+00:00,2025-05-18 20:58:17+00:00,2025-05-20 00:00:00+00:00,0.0,2025-05-19,2025,REG,DAL,SEA,1.0652688259769927,True,,0.4512435291926419,401736120,4398776,3,14,1,True,False,matched,12.0,2025-05-19,under,0.3516391612945439,1.7246376811594204,-1.0,1.0,False,False,False
2154,684d50df-4628-4f52-8e32-5491448a1e03,61,Maddy Siegrist,maddysiegrist,DAL,points,9.5,-128.0,-102.0,10,10,2025-05-18 20:58:17+00:00,2025-05-18 20:58:17+00:00,2025-05-18 20:58:17+00:00,2025-05-20 00:00:00+00:00,0.0,2025-05-19,2025,REG,DAL,SEA,1.0663540038214347,True,,0.5291749480305961,401736120,4399415,3,14,1,True,False,matched,12.0,2025-05-19,under,0.26722760859200934,1.9803921568627452,-1.0,1.0,False,False,False
2154,ab0830d7-a875-41ee-a55e-5f8e33f841c9,176,Ezi Magbegor,ezimagbegor,SEA,rebounds,8.5,116.0,-154.0,10,10,2025-05-18 20:58:17+00:00,2025-05-18 20:58:17+00:00,2025-05-18 20:58:17+00:00,2025-05-20 00:00:00+00:00,0.0,2025-05-19,2025,REG,DAL,SEA,1.0692621755613883,True,,0.425792012343204,401736120,4420318,14,3,0,True,False,matched,8.0,2025-05-19,under,0.22777544211894607,1.6493506493506493,0.6493506493506493,1.0,False,False,False
2154,d20214a3-a550-474e-ab25-f7a6b9eabdbb,48,DiJonai Carrington,dijonaicarrington,CHI,rebounds,4.5,-106.0,-125.0,10,10,2025-05-18 20:58:17+00:00,2025-05-18 20:58:17+00:00,2025-05-18 20:58:17+00:00,2025-05-20 00:00:00+00:00,0.0,2025-05-19,2025,REG,DAL,SEA,1.070118662351672,True,,0.4787708928615623,401736120,4066548,3,14,1,True,False,matched,4.0,2025-05-19,over,0.2250773915164488,1.9433962264150944,-1.0,1.0,False,False,False
2154,7ac0a83b-eb46-4e42-8796-7ea7e2d4605e,180,Nneka Ogwumike,nnekaogwumike,LAS,points,17.5,-120.0,-108.0,10,10,2025-05-18 20:58:17+00:00,2025-05-18 20:58:17+00:00,2025-05-18 20:58:17+00:00,2025-05-20 00:00:00+00:00,0.0,2025-05-19,2025,REG,DAL,SEA,1.0646853146853146,True,,0.5135396953663074,401736120,1068,14,3,0,True,False,matched,23.0,2025-05-19,under,0.16321642252831992,1.925925925925926,-1.0,1.0,False,False,False
2154,45f5873a-47f1-4079-bdae-2db48f9e5142,63,Arike Ogunbowale,arikeogunbowale,DAL,assists,4.5,118.0,-158.0,10,10,2025-05-18 20:58:17+00:00,2025-05-18 20:58:17+00:00,2025-05-18 20:58:17+00:00,2025-05-20 00:00:00+00:00,0.0,2025-05-19,2025,REG,DAL,SEA,1.0711186971054691,True,,0.42034729080094674,401736120,3904577,3,14,1,True,False,matched,0.0,2025-05-19,over,0.09920773922105175,2.1799999999999997,-1.0,1.0,False,False,False
2154,24cdf9f5-fa6c-4086-980b-a59e2886258d,208,Gabby Williams,gabbywilliams,GSV,points,9.5,-115.0,-114.0,10,10,2025-05-18 20:58:17+00:00,2025-05-18 20:58:17+00:00,2025-05-18 20:58:17+00:00,2025-05-20 00:00:00+00:00,0.0,2025-05-19,2025,REG,DAL,SEA,1.0675940013040643,True,,0.5011239773424112,401736120,3142328,14,3,0,True,False,matched,17.0,2025-05-19,over,0.06383453718971638,1.8695652173913042,0.8695652173913042,1.0,False,False,False
2155,7d502cb2-19b7-4f83-b884-6d21af1bd04a,68,Caitlin Clark,caitlinclark,IND,threes,3.5,-110.0,-120.0,10,10,2025-05-19 13:51:12+00:00,2025-05-19 13:51:12+00:00,2025-05-19 13:51:12+00:00,2025-05-20 23:00:00+00:00,0.0,2025-05-20,2025,REG,IND,ATL,1.0692640692640691,True,,0.4887959885212434,401736122,4433403,5,20,1,True,False,matched,5.0,2025-05-20,under,0.3380708595650674,1.8333333333333335,-1.0,1.0,False,False,False
2155,a6536902-0123-4dbb-bee7-d6f92facc5bc,45,DeWanna Bonner,dewannabonner,PHO,rebounds,4.5,134.0,-180.0,10,10,2025-05-19 15:17:23+00:00,2025-05-19 15:17:23+00:00,2025-05-19 15:17:23+00:00,2025-05-20 23:00:00+00:00,0.0,2025-05-20,2025,REG,IND,ATL,1.0702075702075702,True,,0.38834080463047865,401736122,869,5,20,1,True,False,matched,3.0,2025-05-20,over,0.43326686201500336,2.34,-1.0,1.0,False,False,False
2155,5dea443a-90de-4111-8667-12f9f2830fd6,71,Aliyah Boston,aliyahboston,IND,threes,1.5,178.0,-245.0,10,10,2025-05-19 15:17:23+00:00,2025-05-19 15:17:23+00:00,2025-05-19 15:17:23+00:00,2025-05-20 23:00:00+00:00,0.0,2025-05-20,2025,REG,IND,ATL,1.0698571577520593,True,,0.3183263503331576,401736122,4432831,5,20,1,True,False,matched,0.0,2025-05-20,under,0.37891408534455256,1.4081632653061225,0.40816326530612246,1.0,False,False,False
2155,2c399d1d-fe05-48ba-8f95-7c77e69df134,56,Natasha Howard,natashahoward,MIN,threes,1.5,178.0,-245.0,10,10,2025-05-19 15:17:23+00:00,2025-05-19 15:17:23+00:00,2025-05-19 15:17:23+00:00,2025-05-20 23:00:00+00:00,0.0,2025-05-20,2025,REG,IND,ATL,1.0698571577520593,True,,0.3183263503331576,401736122,2529130,5,20,1,True,False,matched,0.0,2025-05-20,under,0.2556065138804148,1.4081632653061225,0.40816326530612246,1.0,False,False,False
2155,bf3c07df-938d-45ed-b244-7c9989dae052,1,Allisha Gray,allishagray,ATL,assists,3.5,-172.0,128.0,10,10,2025-05-19 15:27:47+00:00,2025-05-19 15:27:47+00:00,2025-05-19 15:27:47+00:00,2025-05-20 23:00:00+00:00,0.0,2025-05-20,2025,REG,IND,ATL,1.0709494324045408,True,,0.6004234693007796,401736122,3058901,20,5,0,True,False,matched,6.0,2025-05-20,under,0.23584493899376074,2.2800000000000002,-1.0,1.0,False,False,False
2155,aab4d992-9219-43c0-b360-d1ed1276714e,15,Rhyne Howard,rhynehoward,ATL,threes,3.5,110.0,-146.0,10,10,2025-05-19 15:27:47+00:00,2025-05-19 15:27:47+00:00,2025-05-19 15:27:47+00:00,2025-05-20 23:00:00+00:00,0.0,2025-05-20,2025,REG,IND,ATL,1.0696864111498257,True,,0.4392579960949788,401736122,4398674,20,5,0,True,False,matched,4.0,2025-05-20,under,0.18105574157268312,1.6849315068493151,-1.0,1.0,False,False,False
2155,f7dca399-56da-427c-9164-7f0f1b901df9,49,Brionna Jones,brionnajones,ATL,rebounds,6.5,-114.0,-114.0,10,10,2025-05-19 15:27:47+00:00,2025-05-19 15:27:47+00:00,2025-05-19 15:27:47+00:00,2025-05-20 23:00:00+00:00,0.0,2025-05-20,2025,REG,IND,ATL,1.0654205607476634,True,,0.5000000000000001,401736122,3058895,20,5,0,True,False,matched,13.0,2025-05-20,under,0.17508963875572026,1.8771929824561404,-1.0,1.0,False,False,False
2155,87e0d1bf-25e0-4f96-a1cd-054ea95c0e3c,148,Brittney Griner,brittneygriner,CON,rebounds,7.5,-104.0,-128.0,10,10,2025-05-19 15:27:47+00:00,2025-05-19 15:27:47+00:00,2025-05-19 15:27:47+00:00,2025-05-20 23:00:00+00:00,0.0,2025-05-20,2025,REG,IND,ATL,1.0712074303405572,True,,0.4732611100971195,401736122,2490553,20,5,0,True,False,matched,8.0,2025-05-20,under,0.14476078588475194,1.78125,-1.0,1.0,False,False,False
2156,c9ade5cb-fee2-4a17-ae92-2fe352069957,107,Chelsea Gray,chelseagray,LVA,threes,1.5,-118.0,-112.0,10,10,2025-05-19 18:41:44+00:00,2025-05-19 18:41:44+00:00,2025-05-19 18:41:44+00:00,2025-05-20 23:00:00+00:00,0.0,2025-05-20,2025,REG,CON,LVA,1.0695862904621776,True,,0.5067212711754592,401736121,2529122,17,18,0,True,False,matched,0.0,2025-05-20,under,0.14922484454545554,1.8928571428571428,0.8928571428571428,1.0,False,False,False
2156,ed4ac1a5-d663-4d54-a896-843ad9fe9404,103,A'ja Wilson,ajawilson,LVA,points,26.5,-113.0,-115.0,10,10,2025-05-19 18:41:45+00:00,2025-05-19 18:41:45+00:00,2025-05-19 18:41:45+00:00,2025-05-20 23:00:00+00:00,0.0,2025-05-20,2025,REG,CON,LVA,1.0654001528551151,True,,0.49774423259931944,401736121,3149391,17,18,0,True,False,matched,22.0,2025-05-20,under,0.3308748002236948,1.8695652173913042,0.8695652173913042,1.0,False,False,False
2156,93db4d35-3728-48c4-93f6-3936189fd7bd,102,Jackie Young,jackieyoung,LVA,points,15.5,-128.0,-102.0,10,10,2025-05-19 18:41:45+00:00,2025-05-19 18:41:45+00:00,2025-05-19 18:41:45+00:00,2025-05-20 23:00:00+00:00,0.0,2025-05-20,2025,REG,CON,LVA,1.0663540038214347,True,,0.5291749480305961,401736121,4065870,17,18,0,True,False,matched,16.0,2025-05-20,under,0.2785708663974617,1.9803921568627452,-1.0,1.0,False,False,False
2156,d731aa90-eccd-4116-8ab4-4be6eb392a1a,166,Jewell Loyd,jewellloyd,LVA,points,15.5,-114.0,-115.0,10,10,2025-05-19 18:45:15+00:00,2025-05-19 18:45:15+00:00,2025-05-19 18:45:15+00:00,2025-05-20 23:00:00+00:00,0.0,2025-05-20,2025,REG,CON,LVA,1.0675940013040643,True,,0.49887602265758907,401736121,2987869,17,18,0,True,False,matched,20.0,2025-05-20,under,0.0656418801840642,1.8695652173913042,-1.0,1.0,False,False,False
2156,f4c13156-a322-4c4f-be54-a23b62177e25,22,Marina Mabrey,marinamabrey,TOR,points,16.5,-108.0,-120.0,10,10,2025-05-19 19:09:36+00:00,2025-05-19 19:09:36+00:00,2025-05-19 19:09:36+00:00,2025-05-20 23:00:00+00:00,0.0,2025-05-20,2025,REG,CON,LVA,1.0646853146853146,True,,0.48646030463369283,401736121,3904576,18,17,1,True,False,matched,7.0,2025-05-20,under,0.2181530452782744,1.8333333333333335,0.8333333333333335,1.0,False,False,False
2156,13c2b6a6-61bc-447e-a3b9-ba81dc15022a,9,Tina Charles,tinacharles,FA,points,17.5,-114.0,-114.0,10,10,2025-05-19 19:09:36+00:00,2025-05-19 19:09:36+00:00,2025-05-19 19:09:36+00:00,2025-05-20 23:00:00+00:00,0.0,2025-05-20,2025,REG,CON,LVA,1.0654205607476634,True,,0.5000000000000001,401736121,918,18,17,1,True,False,matched,20.0,2025-05-20,under,0.21759738589872485,1.8771929824561404,-1.0,1.0,False,False,False
2156,01aa0593-21ac-4eff-85b5-be6ef332ea10,43,Olivia Nelson-Ododa,olivianelsonododa,CON,points,10.5,100.0,-130.0,19,19,2025-05-20 19:31:46+00:00,2025-05-20 19:31:46+00:00,2025-05-20 19:31:46+00:00,2025-05-20 23:00:00+00:00,0.0,2025-05-20,2025,REG,CON,LVA,1.065217391304348,True,,0.4663164946059025,401736121,4398966,18,17,1,True,False,matched,8.0,2025-05-20,under,0.6306371522815748,1.7692307692307692,0.7692307692307692,1.0,False,False,False
2157,903bc1a9-8eb0-45f0-a0f5-362dd6b540f9,63,Arike Ogunbowale,arikeogunbowale,DAL,threes,1.5,-144.0,108.0,10,10,2025-05-20 20:21:50+00:00,2025-05-20 20:21:50+00:00,2025-05-20 20:21:50+00:00,2025-05-22 00:00:00+00:00,0.0,2025-05-21,2025,REG,MIN,DAL,1.0709331651954601,True,,0.5566845205396996,401736123,3904577,3,8,0,True,False,matched,5.0,2025-05-21,over,0.08312138595729385,1.6944444444444444,0.6944444444444444,1.0,False,False,False
2157,43be0cc9-fb76-4adb-ac3e-a61c9d659589,73,NaLyssa Smith,nalyssasmith,LVA,rebounds,4.5,108.0,-144.0,10,10,2025-05-20 20:21:51+00:00,2025-05-20 20:21:51+00:00,2025-05-20 20:21:51+00:00,2025-05-22 00:00:00+00:00,0.0,2025-05-21,2025,REG,MIN,DAL,1.0709331651954601,True,,0.4433154794603006,401736123,4398776,3,8,0,True,False,matched,7.0,2025-05-21,over,0.0673139101635879,2.08,1.08,1.0,False,False,False
2157,62bc6879-61e9-4640-9ae3-0e6597db3f13,121,Alanna Smith,alannasmith,DAL,threes,1.5,-130.0,-102.0,10,10,2025-05-20 20:57:44+00:00,2025-05-20 20:57:44+00:00,2025-05-20 20:57:44+00:00,2025-05-22 00:00:00+00:00,0.0,2025-05-21,2025,REG,MIN,DAL,1.0701678863538528,True,,0.5312123494364493,401736123,3913881,8,3,1,True,False,matched,3.0,2025-05-21,under,0.3340085883232884,1.9803921568627452,-1.0,1.0,False,False,False
2157,5da1b549-9a4e-4dd6-bc87-93b1f5ba1a97,112,Napheesa Collier,napheesacollier,MIN,points,24.5,-115.0,-113.0,10,10,2025-05-20 20:57:44+00:00,2025-05-20 20:57:44+00:00,2025-05-20 20:57:44+00:00,2025-05-22 00:00:00+00:00,0.0,2025-05-21,2025,REG,MIN,DAL,1.0654001528551151,True,,0.5022557674006809,401736123,3917450,8,3,1,True,False,matched,28.0,2025-05-21,under,0.2528533124981253,1.8849557522123894,-1.0,1.0,False,False,False
2157,42b40a0e-27a0-44d7-93aa-b54905de8ea8,128,Bridget Carleton,bridgetcarleton,PDX,threes,1.5,-178.0,132.0,10,10,2025-05-20 20:57:44+00:00,2025-05-20 20:57:44+00:00,2025-05-20 20:57:44+00:00,2025-05-22 00:00:00+00:00,0.0,2025-05-21,2025,REG,MIN,DAL,1.0713222525427932,True,,0.6084851511650193,401736123,3906972,8,3,1,True,False,matched,1.0,2025-05-21,under,0.1985475732154443,2.3200000000000003,1.3200000000000003,1.0,False,False,False
2157,e5883cff-7a2f-4b86-a22a-93026980c2c6,117,Courtney Williams,courtneywilliams,MIN,threes,1.5,128.0,-172.0,10,10,2025-05-20 20:57:44+00:00,2025-05-20 20:57:44+00:00,2025-05-20 20:57:44+00:00,2025-05-22 00:00:00+00:00,0.0,2025-05-21,2025,REG,MIN,DAL,1.0709494324045408,True,,0.39957653069922067,401736123,2987891,8,3,1,True,False,matched,1.0,2025-05-21,under,0.08620575573442929,1.5813953488372094,0.5813953488372094,1.0,False,False,False
2157,7af0f039-2409-49e2-b080-5e7b68bbe7ae,193,Myisha Hines-Allen,myishahinesallen,IND,points,7.5,-115.0,-115.0,19,19,2025-05-21 01:05:08+00:00,2025-05-21 01:05:08+00:00,2025-05-21 01:05:08+00:00,2025-05-22 00:00:00+00:00,0.0,2025-05-21,2025,REG,MIN,DAL,1.0697674418604652,True,,0.5,401736123,3142055,3,8,0,True,False,matched,11.0,2025-05-21,under,0.1590266754195413,1.8695652173913042,-1.0,1.0,False,False,False
2157,838bc5f2-2c2e-4f5a-93ae-8d231d6dc7c5,48,DiJonai Carrington,dijonaicarrington,CHI,rebounds,4.5,100.0,-130.0,19,19,2025-05-21 01:05:09+00:00,2025-05-21 01:05:09+00:00,2025-05-21 01:05:09+00:00,2025-05-22 00:00:00+00:00,0.0,2025-05-21,2025,REG,MIN,DAL,1.065217391304348,True,,0.4663164946059025,401736123,4066548,3,8,0,True,False,matched,2.0,2025-05-21,over,0.17250819239919246,2.0,-1.0,1.0,False,False,False
2160,e9373de0-28fa-4b3a-9ef4-bc3e077ea9f8,68,Caitlin Clark,caitlinclark,IND,threes,3.5,-162.0,122.0,10,10,2025-05-21 06:14:29+00:00,2025-05-21 06:14:29+00:00,2025-05-21 06:14:29+00:00,2025-05-22 23:30:00+00:00,0.0,2025-05-22,2025,REG,ATL,IND,1.0687710611374732,True,,0.5868918088955871,401736126,4433403,5,20,0,True,False,matched,0.0,2025-05-22,under,0.6202821681278814,2.2199999999999998,1.2199999999999998,1.0,False,False,False
2158,8a2365c2-298f-4a87-a9e6-84a6e25f4306,72,Temi Fagbenle,temifagbenle,TOR,threes,1.5,-155.0,110.0,49,49,2025-05-21 13:19:24+00:00,2025-05-21 13:19:24+00:00,2025-05-21 13:19:24+00:00,2025-05-22 02:00:00+00:00,0.0,2025-05-21,2025,REG,GSV,WAS,1.0840336134453783,True,,0.5687378937585825,401736124,2569044,129689,16,1,True,False,matched,0.0,2025-05-21,under,0.9257377223270264,2.1,1.1,1.0,False,False,False
2158,1cf6c306-4e4f-452c-9228-d7a1e33d3665,170,Jade Melbourne,jademelbourne,SEA,threes,1.5,140.0,-200.0,49,49,2025-05-21 13:19:24+00:00,2025-05-21 13:19:24+00:00,2025-05-21 13:19:24+00:00,2025-05-22 02:00:00+00:00,0.0,2025-05-21,2025,REG,GSV,WAS,1.0833333333333333,True,,0.3694516640081069,401736124,5017726,16,129689,0,True,False,matched,1.0,2025-05-21,under,0.17808267277706705,1.5,0.5,1.0,False,False,False
2158,813cb952-3d0b-4471-aa28-b7c8665ea0a0,184,Julie Vanloo,julievanloo,FA,points,8.5,-115.0,-115.0,49,49,2025-05-21 13:19:24+00:00,2025-05-21 13:19:24+00:00,2025-05-21 13:19:24+00:00,2025-05-22 02:00:00+00:00,0.0,2025-05-21,2025,REG,GSV,WAS,1.0697674418604652,True,,0.5,401736124,2566110,129689,16,1,True,False,matched,0.0,2025-05-21,under,0.17423771579095615,1.8695652173913042,0.8695652173913042,1.0,False,False,False
2158,c4932e44-c1fc-4feb-8037-e831052ce951,139,Kayla Thornton,kaylathornton,GSV,points,10.5,-110.0,-118.0,10,10,2025-05-21 14:56:13+00:00,2025-05-21 14:56:13+00:00,2025-05-21 14:56:13+00:00,2025-05-22 02:00:00+00:00,0.0,2025-05-21,2025,REG,GSV,WAS,1.0650939274792486,True,,0.4909754767731684,401736124,2529622,129689,16,1,True,False,matched,18.0,2025-05-21,under,0.5849564539288548,1.847457627118644,-1.0,1.0,False,False,False
2158,4eacfae0-7104-4567-b720-6a7a24f90c6e,221,Tiffany Hayes,tiffanyhayes,GSV,points,15.5,-130.0,100.0,10,10,2025-05-21 14:56:13+00:00,2025-05-21 14:56:13+00:00,2025-05-21 14:56:13+00:00,2025-05-22 02:00:00+00:00,0.0,2025-05-21,2025,REG,GSV,WAS,1.065217391304348,True,,0.5336835053940976,401736124,1054,129689,16,1,True,False,matched,2.0,2025-05-21,under,0.4805771283698992,2.0,1.0,1.0,False,False,False
2158,98b4db34-3248-4d01-ab29-25509c70fdf9,182,Brittney Sykes,brittneysykes,TOR,points,20.5,-102.0,-128.0,10,10,2025-05-21 14:56:13+00:00,2025-05-21 14:56:13+00:00,2025-05-21 14:56:13+00:00,2025-05-22 02:00:00+00:00,0.0,2025-05-21,2025,REG,GSV,WAS,1.0663540038214347,True,,0.47082505196940394,401736124,2988756,16,129689,0,True,False,matched,30.0,2025-05-21,under,0.2737047413311735,1.78125,-1.0,1.0,False,False,False
2158,a473ba19-3b2b-4bfe-b990-96e20596ddd0,83,Monique Billings,moniquebillings,IND,rebounds,7.5,-120.0,-120.0,49,49,2025-05-21 16:29:47+00:00,2025-05-21 16:29:47+00:00,2025-05-21 16:29:47+00:00,2025-05-22 02:00:00+00:00,0.0,2025-05-21,2025,REG,GSV,WAS,1.0909090909090908,True,,0.5,401736124,3142255,129689,16,1,True,False,matched,3.0,2025-05-21,under,0.6036367014004089,1.8333333333333335,0.8333333333333335,1.0,False,False,False
2158,92aea57f-0390-4b23-bc2d-0a52788c387e,149,Sug Sutton,sugsutton,DAL,points,7.5,-115.0,-115.0,49,49,2025-05-21 18:35:07+00:00,2025-05-21 18:35:07+00:00,2025-05-21 18:35:07+00:00,2025-05-22 02:00:00+00:00,0.0,2025-05-21,2025,REG,GSV,WAS,1.0697674418604652,True,,0.5,401736124,4068159,16,129689,0,True,False,matched,0.0,2025-05-21,under,0.39857002657064733,1.8695652173913042,0.8695652173913042,1.0,False,False,False
2157,51664502-58cb-45bd-b8c3-717042f4a52d,61,Maddy Siegrist,maddysiegrist,DAL,points,9.5,-110.0,-120.0,19,19,2025-05-21 18:48:09+00:00,2025-05-21 18:48:09+00:00,2025-05-21 18:48:09+00:00,2025-05-22 00:00:00+00:00,0.0,2025-05-21,2025,REG,MIN,DAL,1.0692640692640691,True,,0.4887959885212434,401736123,4399415,3,8,0,True,False,matched,7.0,2025-05-21,under,0.18753898050378176,1.8333333333333335,0.8333333333333335,1.0,False,False,False
2159,902e4af9-4279-4e80-b92d-394ebef08fe9,54,Satou Sabally,satousabally,NYL,threes,2.5,-162.0,122.0,10,10,2025-05-21 19:05:18+00:00,2025-05-21 19:05:18+00:00,2025-05-21 19:05:18+00:00,2025-05-22 02:00:00+00:00,0.0,2025-05-21,2025,REG,PHX,LAS,1.0687710611374732,True,,0.5868918088955871,401736125,4281929,11,6,1,True,False,matched,1.0,2025-05-21,under,0.4595608876613972,2.2199999999999998,1.2199999999999998,1.0,False,False,False
2159,abadf839-e6cf-4731-9a87-05bf91219945,101,Kelsey Plum,kelseyplum,LAS,assists,5.5,-102.0,-130.0,10,10,2025-05-21 19:05:18+00:00,2025-05-21 19:05:18+00:00,2025-05-21 19:05:18+00:00,2025-05-22 02:00:00+00:00,0.0,2025-05-21,2025,REG,PHX,LAS,1.0701678863538528,True,,0.46878765056355093,401736125,3065570,6,11,0,True,False,matched,6.0,2025-05-21,under,0.4236900236586353,1.7692307692307692,-1.0,1.0,False,False,False
2159,99d02b5e-f8af-4e63-b4c1-10f36091565e,40,Alyssa Thomas,alyssathomas,PHO,rebounds,8.5,-140.0,106.0,10,10,2025-05-21 19:05:18+00:00,2025-05-21 19:05:18+00:00,2025-05-21 19:05:18+00:00,2025-05-22 02:00:00+00:00,0.0,2025-05-21,2025,REG,PHX,LAS,1.0687702265372168,True,,0.5506638564937638,401736125,2529140,11,6,1,True,False,matched,5.0,2025-05-21,under,0.35133195823610924,2.06,1.06,1.0,False,False,False
2159,2c52a16c-8022-4943-9e92-19052b75ca00,82,Azura Stevens,azurastevens,CHI,points,13.5,100.0,-130.0,10,10,2025-05-21 19:05:18+00:00,2025-05-21 19:05:18+00:00,2025-05-21 19:05:18+00:00,2025-05-22 02:00:00+00:00,0.0,2025-05-21,2025,REG,PHX,LAS,1.065217391304348,True,,0.4663164946059025,401736125,3142010,6,11,0,True,False,matched,23.0,2025-05-21,under,0.23306980007947997,1.7692307692307692,-1.0,1.0,False,False,False
2159,dfedd11f-f7db-4c60-8966-d5c3b05e850c,89,Dearica Hamby,dearicahamby,LAS,points,16.5,-128.0,-102.0,10,10,2025-05-21 19:05:18+00:00,2025-05-21 19:05:18+00:00,2025-05-21 19:05:18+00:00,2025-05-22 02:00:00+00:00,0.0,2025-05-21,2025,REG,PHX,LAS,1.0663540038214347,True,,0.5291749480305961,401736125,2566106,6,11,0,True,False,matched,15.0,2025-05-21,under,0.17782336093040407,1.9803921568627452,0.9803921568627452,1.0,False,False,False
2159,71ad9735-59ec-4f93-92bb-4f09827e0829,177,Sami Whitcomb,samiwhitcomb,PHO,points,8.5,100.0,-130.0,13,13,2025-05-21 19:05:52+00:00,2025-05-21 19:05:52+00:00,2025-05-21 19:05:52+00:00,2025-05-22 02:00:00+00:00,0.0,2025-05-21,2025,REG,PHX,LAS,1.065217391304348,True,,0.4663164946059025,401736125,887,11,6,1,True,False,matched,6.0,2025-05-21,under,0.37866133335440905,1.7692307692307692,0.7692307692307692,1.0,False,False,False
2159,985b862b-2e8a-47ee-8f34-bdd82c91c824,94,Rickea Jackson,rickeajackson,CHI,threes,1.5,-120.0,-120.0,49,49,2025-05-21 19:08:53+00:00,2025-05-21 19:08:53+00:00,2025-05-21 19:08:53+00:00,2025-05-22 02:00:00+00:00,0.0,2025-05-21,2025,REG,PHX,LAS,1.0909090909090908,True,,0.5,401736125,4433630,6,11,0,True,True,did_not_play,,2025-05-21,under,0.1508336570535938,1.8333333333333335,0.0,0.0,False,True,False
2160,ee925907-bd0d-4a71-a058-bf9ae5e77798,71,Aliyah Boston,aliyahboston,IND,assists,3.5,-136.0,102.0,10,10,2025-05-21 19:24:07+00:00,2025-05-21 19:24:07+00:00,2025-05-21 19:24:07+00:00,2025-05-22 23:30:00+00:00,0.0,2025-05-22,2025,REG,ATL,IND,1.071320691391173,True,,0.5420932924427202,401736126,4432831,5,20,0,True,False,matched,3.0,2025-05-22,under,0.31383107184706416,2.02,1.02,1.0,False,False,False
2160,e528e07a-d3e9-4f23-bda8-a27ce9772646,49,Brionna Jones,brionnajones,ATL,points,14.5,-120.0,-108.0,10,10,2025-05-21 20:19:03+00:00,2025-05-21 20:19:03+00:00,2025-05-21 20:19:03+00:00,2025-05-22 23:30:00+00:00,0.0,2025-05-22,2025,REG,ATL,IND,1.0646853146853146,True,,0.5135396953663074,401736126,3058895,20,5,1,True,False,matched,15.0,2025-05-22,under,0.1762748602562067,1.925925925925926,-1.0,1.0,False,False,False
2160,fdd19c18-15a4-4b1c-8dde-9e094e0a146e,1,Allisha Gray,allishagray,ATL,assists,4.5,-102.0,-130.0,10,10,2025-05-21 20:19:03+00:00,2025-05-21 20:19:03+00:00,2025-05-21 20:19:03+00:00,2025-05-22 23:30:00+00:00,0.0,2025-05-22,2025,REG,ATL,IND,1.0701678863538528,True,,0.46878765056355093,401736126,3058901,20,5,1,True,False,matched,2.0,2025-05-22,under,0.16664646574771186,1.7692307692307692,0.7692307692307692,1.0,False,False,False
2160,ea43b240-561a-4ff6-b823-74aa3590badb,15,Rhyne Howard,rhynehoward,ATL,threes,3.5,104.0,-138.0,10,10,2025-05-21 20:19:03+00:00,2025-05-21 20:19:03+00:00,2025-05-21 20:19:03+00:00,2025-05-22 23:30:00+00:00,0.0,2025-05-22,2025,REG,ATL,IND,1.0700280112044818,True,,0.4535791638529251,401736126,4398674,20,5,1,True,False,matched,3.0,2025-05-22,under,0.16393540111777083,1.7246376811594204,0.7246376811594204,1.0,False,False,False
2161,58745c6f-6ca7-40fa-9455-fcab920c5ada,26,Angel Reese,angelreese,ATL,assists,2.5,-110.0,-120.0,24,24,2025-05-22 06:36:51+00:00,2025-05-22 06:36:51+00:00,2025-05-22 06:36:51+00:00,2025-05-23 00:00:00+00:00,0.0,2025-05-22,2025,REG,CHI,NYL,1.0692640692640691,True,,0.4887959885212434,401736127,4433402,19,9,1,True,False,matched,1.0,2025-05-22,under,0.29610363670389395,1.8333333333333335,0.8333333333333335,1.0,False,False,False
2161,e65b107a-4d9f-4347-9f3c-1ea278c88fda,185,Ariel Atkins,arielatkins,LAS,assists,3.5,140.0,-170.0,24,24,2025-05-22 06:36:51+00:00,2025-05-22 06:36:51+00:00,2025-05-22 06:36:51+00:00,2025-05-23 00:00:00+00:00,0.0,2025-05-22,2025,REG,CHI,NYL,1.0462962962962963,True,,0.3910947128467968,401736127,3146151,19,9,1,True,False,matched,1.0,2025-05-22,under,0.24719386780857944,1.5882352941176472,0.5882352941176472,1.0,False,False,False
2161,57587dd4-1ac5-4301-9c07-ac18cb18ecb3,132,Sabrina Ionescu,sabrinaionescu,NYL,threes,2.5,-125.0,-105.0,24,24,2025-05-22 06:36:52+00:00,2025-05-22 06:36:52+00:00,2025-05-22 06:36:52+00:00,2025-05-23 00:00:00+00:00,0.0,2025-05-22,2025,REG,CHI,NYL,1.067750677506775,True,,0.5224258196571001,401736127,4066533,9,19,0,True,False,matched,2.0,2025-05-22,under,0.16894876678337994,1.9523809523809523,0.9523809523809523,1.0,False,False,False
2161,4531817b-389e-4291-b447-5119c369952b,137,Breanna Stewart,breannastewart,NYL,threes,1.5,125.0,-155.0,24,24,2025-05-22 06:36:52+00:00,2025-05-22 06:36:52+00:00,2025-05-22 06:36:52+00:00,2025-05-23 00:00:00+00:00,0.0,2025-05-22,2025,REG,CHI,NYL,1.0522875816993464,True,,0.4161844529605166,401736127,2998928,9,19,0,True,False,matched,2.0,2025-05-22,under,0.13786842984037667,1.6451612903225805,-1.0,1.0,False,False,False
2161,e360f188-87c9-4f6f-8872-08fee7471e15,163,Natasha Cloud,natashacloud,CHI,assists,6.5,-115.0,-115.0,24,24,2025-05-22 06:36:52+00:00,2025-05-22 06:36:52+00:00,2025-05-22 06:36:52+00:00,2025-05-23 00:00:00+00:00,0.0,2025-05-22,2025,REG,CHI,NYL,1.0697674418604652,True,,0.5,401736127,2529137,9,19,0,True,False,matched,8.0,2025-05-22,over,0.08070749978528408,1.8695652173913042,0.8695652173913042,1.0,False,False,False
2161,40dd554c-6d2f-4f7d-9746-fd6f1afebcc6,30,Kamilla Cardoso,kamillacardoso,CHI,rebounds,8.5,-115.0,-120.0,33,33,2025-05-22 11:20:01+00:00,2025-05-22 11:20:01+00:00,2025-05-22 11:20:01+00:00,2025-05-23 00:00:00+00:00,0.0,2025-05-22,2025,REG,CHI,NYL,1.080338266384778,True,,0.4944937749375121,401736127,4433405,19,9,1,True,False,matched,4.0,2025-05-22,under,0.150198131231711,1.8333333333333335,0.8333333333333335,1.0,False,False,False
2161,41a06ffa-0b1f-4892-b5e2-e5d6787fe106,145,Courtney Vandersloot,courtneyvandersloot,CHI,rebounds,3.5,-125.0,-115.0,49,49,2025-05-22 13:25:17+00:00,2025-05-22 13:25:17+00:00,2025-05-22 13:25:17+00:00,2025-05-23 00:00:00+00:00,0.0,2025-05-22,2025,REG,CHI,NYL,1.0904392764857882,True,,0.5108317091649132,401736127,981,19,9,1,True,False,matched,2.0,2025-05-22,under,0.3032168673836405,1.8695652173913042,0.8695652173913042,1.0,False,False,False
2161,b5091621-4ca2-47b8-9ae1-5902e5ab046c,147,Leonie Fiebich,leoniefiebich,NYL,points,7.5,-105.0,-125.0,49,49,2025-05-22 13:25:17+00:00,2025-05-22 13:25:17+00:00,2025-05-22 13:25:17+00:00,2025-05-23 00:00:00+00:00,0.0,2025-05-22,2025,REG,CHI,NYL,1.067750677506775,True,,0.47757418034290006,401736127,4683006,9,19,0,True,False,matched,7.0,2025-05-22,over,0.0725035945351663,1.9523809523809523,-1.0,1.0,False,False,False
2161,e3a099fa-40f4-443b-9cd7-9014ff38bf9d,141,Jonquel Jones,jonqueljones,NYL,rebounds,9.5,-110.0,-125.0,33,33,2025-05-22 15:20:20+00:00,2025-05-22 15:20:20+00:00,2025-05-22 15:20:20+00:00,2025-05-23 00:00:00+00:00,0.0,2025-05-22,2025,REG,CHI,NYL,1.0793650793650795,True,,0.48347295800639944,401736127,2999101,9,19,0,True,False,matched,7.0,2025-05-22,under,0.2415529465637828,1.8,0.8,1.0,False,False,False
2162,aac2319a-ad9d-469c-968e-61f88fb07d1c,22,Marina Mabrey,marinamabrey,TOR,assists,3.5,102.0,-136.0,10,10,2025-05-22 20:11:18+00:00,2025-05-22 20:11:18+00:00,2025-05-22 20:11:18+00:00,2025-05-23 23:30:00+00:00,0.0,2025-05-23,2025,REG,MIN,CON,1.071320691391173,True,,0.4579067075572801,401736128,3904576,18,8,0,True,False,matched,6.0,2025-05-23,under,0.39100961391433686,1.7352941176470589,-1.0,1.0,False,False,False
2162,1ed31576-b691-4202-9bc8-5c6e72d61509,112,Napheesa Collier,napheesacollier,MIN,points,24.5,-122.0,-106.0,10,10,2025-05-22 20:11:18+00:00,2025-05-22 20:11:18+00:00,2025-05-22 20:11:18+00:00,2025-05-23 23:30:00+00:00,0.0,2025-05-23,2025,REG,MIN,CON,1.064112656345666,True,,0.518058368553134,401736128,3917450,8,18,1,True,False,matched,33.0,2025-05-23,under,0.3647616895100885,1.9433962264150944,-1.0,1.0,False,False,False
2162,320ebb18-150f-4c25-b645-f02e152d069b,9,Tina Charles,tinacharles,FA,points,18.5,100.0,-130.0,10,10,2025-05-22 20:11:18+00:00,2025-05-22 20:11:18+00:00,2025-05-22 20:11:18+00:00,2025-05-23 23:30:00+00:00,0.0,2025-05-23,2025,REG,MIN,CON,1.065217391304348,True,,0.4663164946059025,401736128,918,18,8,0,True,False,matched,4.0,2025-05-23,under,0.23342502892987166,1.7692307692307692,0.7692307692307692,1.0,False,False,False
2162,59678695-d3e0-4ad5-b045-e70a399356a0,121,Alanna Smith,alannasmith,DAL,threes,1.5,-114.0,-114.0,10,10,2025-05-22 20:11:18+00:00,2025-05-22 20:11:18+00:00,2025-05-22 20:11:18+00:00,2025-05-23 23:30:00+00:00,0.0,2025-05-23,2025,REG,MIN,CON,1.0654205607476634,True,,0.5000000000000001,401736128,3913881,8,18,1,True,False,matched,0.0,2025-05-23,under,0.19324189791975982,1.8771929824561404,0.8771929824561404,1.0,False,False,False
2162,27ff3ca5-e576-4cd5-9029-147018fc250c,117,Courtney Williams,courtneywilliams,MIN,assists,7.5,108.0,-144.0,10,10,2025-05-22 20:11:18+00:00,2025-05-22 20:11:18+00:00,2025-05-22 20:11:18+00:00,2025-05-23 23:30:00+00:00,0.0,2025-05-23,2025,REG,MIN,CON,1.0709331651954601,True,,0.4433154794603006,401736128,2987891,8,18,1,True,False,matched,3.0,2025-05-23,under,0.19060070495139642,1.6944444444444444,0.6944444444444444,1.0,False,False,False
2160,b720cbe1-d5b1-4edb-bd57-325625f852fa,45,DeWanna Bonner,dewannabonner,PHO,points,7.5,-130.0,100.0,49,49,2025-05-22 20:25:22+00:00,2025-05-22 20:25:22+00:00,2025-05-22 20:25:22+00:00,2025-05-22 23:30:00+00:00,0.0,2025-05-22,2025,REG,ATL,IND,1.065217391304348,True,,0.5336835053940976,401736126,869,5,20,0,True,False,matched,1.0,2025-05-22,over,0.09709494170075134,1.7692307692307692,-1.0,1.0,False,False,False
2165,a2696d00-fbef-4f80-9b88-258a1ee40748,103,A'ja Wilson,ajawilson,LVA,assists,3.5,-125.0,-106.0,10,10,2025-05-23 04:59:00+00:00,2025-05-23 04:59:00+00:00,2025-05-23 04:59:00+00:00,2025-05-24 02:00:00+00:00,0.0,2025-05-23,2025,REG,LVA,WAS,1.070118662351672,True,,0.5212291071384377,401736129,3149391,17,16,1,True,False,matched,5.0,2025-05-23,under,0.37844891593802377,1.9433962264150944,-1.0,1.0,False,False,False
2165,3a13cd38-b86d-41a4-b1f8-2b4e7dc0b003,102,Jackie Young,jackieyoung,LVA,assists,4.5,-114.0,-114.0,10,10,2025-05-23 04:59:00+00:00,2025-05-23 04:59:00+00:00,2025-05-23 04:59:00+00:00,2025-05-24 02:00:00+00:00,0.0,2025-05-23,2025,REG,LVA,WAS,1.0654205607476634,True,,0.5000000000000001,401736129,4065870,17,16,1,True,False,matched,3.0,2025-05-23,under,0.2234466484050851,1.8771929824561404,0.8771929824561404,1.0,False,False,False
2165,5f03b1dd-8d30-4a37-99ed-71d52b1b8b79,107,Chelsea Gray,chelseagray,LVA,points,12.5,-114.0,-114.0,10,10,2025-05-23 04:59:00+00:00,2025-05-23 04:59:00+00:00,2025-05-23 04:59:00+00:00,2025-05-24 02:00:00+00:00,0.0,2025-05-23,2025,REG,LVA,WAS,1.0654205607476634,True,,0.5000000000000001,401736129,2529122,17,16,1,True,False,matched,17.0,2025-05-23,under,0.21430588864352001,1.8771929824561404,-1.0,1.0,False,False,False
2164,4aa6abb4-f887-496d-9493-bf98ebfef303,139,Kayla Thornton,kaylathornton,GSV,points,15.5,-102.0,-128.0,10,10,2025-05-23 05:41:02+00:00,2025-05-23 05:41:02+00:00,2025-05-23 05:41:02+00:00,2025-05-24 02:00:00+00:00,0.0,2025-05-23,2025,REG,LAS,GSV,1.0663540038214347,True,,0.47082505196940394,401736130,2529622,129689,6,0,True,False,matched,14.0,2025-05-23,under,0.6798477498324768,1.78125,0.78125,1.0,False,False,False
2164,bbbd0a9e-d781-494b-b0ea-4c0856aea89f,101,Kelsey Plum,kelseyplum,LAS,assists,5.5,-140.0,106.0,10,10,2025-05-23 05:41:02+00:00,2025-05-23 05:41:02+00:00,2025-05-23 05:41:02+00:00,2025-05-24 02:00:00+00:00,0.0,2025-05-23,2025,REG,LAS,GSV,1.0687702265372168,True,,0.5506638564937638,401736130,3065570,6,129689,1,True,False,matched,3.0,2025-05-23,under,0.5763593927960899,2.06,1.06,1.0,False,False,False
2164,0aaaf5d1-3843-49a0-a7ff-e1d81835976a,82,Azura Stevens,azurastevens,CHI,threes,1.5,-136.0,102.0,10,10,2025-05-23 05:41:02+00:00,2025-05-23 05:41:02+00:00,2025-05-23 05:41:02+00:00,2025-05-24 02:00:00+00:00,0.0,2025-05-23,2025,REG,LAS,GSV,1.071320691391173,True,,0.5420932924427202,401736130,3142010,6,129689,1,True,False,matched,0.0,2025-05-23,under,0.2920730826473881,2.02,1.02,1.0,False,False,False
2164,0ed3e092-eeec-4bce-8816-0167cc850b84,72,Temi Fagbenle,temifagbenle,TOR,rebounds,5.5,-125.0,-106.0,10,10,2025-05-23 05:41:02+00:00,2025-05-23 05:41:02+00:00,2025-05-23 05:41:02+00:00,2025-05-24 02:00:00+00:00,0.0,2025-05-23,2025,REG,LAS,GSV,1.070118662351672,True,,0.5212291071384377,401736130,2569044,129689,6,0,True,False,matched,6.0,2025-05-23,under,0.20552102706227204,1.9433962264150944,-1.0,1.0,False,False,False
2164,123caa36-c1fa-4dbc-98fe-a73ed530d34f,89,Dearica Hamby,dearicahamby,LAS,points,15.5,-128.0,-102.0,10,10,2025-05-23 05:41:02+00:00,2025-05-23 05:41:02+00:00,2025-05-23 05:41:02+00:00,2025-05-24 02:00:00+00:00,0.0,2025-05-23,2025,REG,LAS,GSV,1.0663540038214347,True,,0.5291749480305961,401736130,2566106,6,129689,1,True,False,matched,25.0,2025-05-23,under,0.11086890908688185,1.9803921568627452,-1.0,1.0,False,False,False
2162,ae876376-02de-4a09-9845-b2e3cf0c8b63,128,Bridget Carleton,bridgetcarleton,PDX,threes,1.5,-150.0,120.0,24,24,2025-05-23 09:42:01+00:00,2025-05-23 09:42:01+00:00,2025-05-23 09:42:01+00:00,2025-05-23 23:30:00+00:00,0.0,2025-05-23,2025,REG,MIN,CON,1.0545454545454547,True,,0.5746986093321318,401736128,3906972,8,18,1,True,False,matched,2.0,2025-05-23,under,0.2521905562574402,2.2,-1.0,1.0,False,False,False
2166,984cc155-88ec-433a-9b67-383950b9b586,68,Caitlin Clark,caitlinclark,IND,threes,3.5,-110.0,-120.0,10,10,2025-05-23 15:51:17+00:00,2025-05-23 15:51:17+00:00,2025-05-23 15:51:17+00:00,2025-05-24 17:00:00+00:00,0.0,2025-05-24,2025,REG,IND,NYL,1.0692640692640691,True,,0.4887959885212434,401736132,4433403,5,9,1,True,False,matched,2.0,2025-05-24,under,0.3076350040994636,1.8333333333333335,0.8333333333333335,1.0,False,False,False
2163,7b57d773-049f-4f23-b68b-e5a62c56cf83,176,Ezi Magbegor,ezimagbegor,SEA,rebounds,7.5,-148.0,112.0,10,10,2025-05-23 16:00:18+00:00,2025-05-23 16:00:18+00:00,2025-05-23 16:00:18+00:00,2025-05-24 02:00:00+00:00,0.0,2025-05-23,2025,REG,SEA,PHX,1.0684723067559343,True,,0.5647227530167998,401736131,4420318,14,11,1,True,False,matched,7.0,2025-05-23,under,0.3227307278717348,2.12,1.12,1.0,False,False,False
2163,6bfb11f6-9654-4703-a9cd-ed53ba09d001,54,Satou Sabally,satousabally,NYL,points,21.5,-110.0,-118.0,10,10,2025-05-23 16:00:18+00:00,2025-05-23 16:00:18+00:00,2025-05-23 16:00:18+00:00,2025-05-24 02:00:00+00:00,0.0,2025-05-23,2025,REG,SEA,PHX,1.0650939274792486,True,,0.4909754767731684,401736131,4281929,11,14,0,True,False,matched,15.0,2025-05-23,under,0.28014542404755166,1.847457627118644,0.847457627118644,1.0,False,False,False
2163,590f907c-6887-4474-bdf3-5e17f6215d3c,208,Gabby Williams,gabbywilliams,GSV,assists,4.5,-125.0,-106.0,10,10,2025-05-23 16:00:18+00:00,2025-05-23 16:00:18+00:00,2025-05-23 16:00:18+00:00,2025-05-24 02:00:00+00:00,0.0,2025-05-23,2025,REG,SEA,PHX,1.070118662351672,True,,0.5212291071384377,401736131,3142328,14,11,1,True,False,matched,2.0,2025-05-23,under,0.20604574535829734,1.9433962264150944,0.9433962264150944,1.0,False,False,False
2163,4b6cc2f1-49d6-415d-a356-f573f2041ba5,180,Nneka Ogwumike,nnekaogwumike,LAS,points,17.5,-122.0,-106.0,10,10,2025-05-23 16:00:18+00:00,2025-05-23 16:00:18+00:00,2025-05-23 16:00:18+00:00,2025-05-24 02:00:00+00:00,0.0,2025-05-23,2025,REG,SEA,PHX,1.064112656345666,True,,0.518058368553134,401736131,1068,14,11,1,True,False,matched,24.0,2025-05-23,under,0.1822872924215917,1.9433962264150944,-1.0,1.0,False,False,False
2163,7396c470-3980-4ae6-bb15-1cc9e8684565,40,Alyssa Thomas,alyssathomas,PHO,points,15.5,-104.0,-125.0,10,10,2025-05-23 16:00:19+00:00,2025-05-23 16:00:19+00:00,2025-05-23 16:00:19+00:00,2025-05-24 02:00:00+00:00,0.0,2025-05-23,2025,REG,SEA,PHX,1.065359477124183,True,,0.4763687479911608,401736131,2529140,11,14,0,True,False,matched,16.0,2025-05-23,under,0.17044908093221528,1.8,-1.0,1.0,False,False,False
2163,617b6fb2-d8ca-46ed-8901-71413a7f31e4,175,Skylar Diggins,skylardiggins,CHI,points,18.5,-110.0,-118.0,10,10,2025-05-23 16:00:19+00:00,2025-05-23 16:00:19+00:00,2025-05-23 16:00:19+00:00,2025-05-24 02:00:00+00:00,0.0,2025-05-23,2025,REG,SEA,PHX,1.0650939274792486,True,,0.4909754767731684,401736131,2491205,14,11,1,True,False,matched,24.0,2025-05-23,under,0.13228336502491989,1.847457627118644,-1.0,1.0,False,False,False
2163,8d0f06e8-7833-443e-a178-d80fa44db8a5,177,Sami Whitcomb,samiwhitcomb,PHO,threes,1.5,-115.0,-115.0,24,24,2025-05-23 16:06:05+00:00,2025-05-23 16:06:05+00:00,2025-05-23 16:06:05+00:00,2025-05-24 02:00:00+00:00,0.0,2025-05-23,2025,REG,SEA,PHX,1.0697674418604652,True,,0.5,401736131,887,11,14,0,True,False,matched,1.0,2025-05-23,under,0.1856397418737321,1.8695652173913042,0.8695652173913042,1.0,False,False,False
2165,a7b38d28-5297-44f7-91b5-dc74cc525e67,170,Jade Melbourne,jademelbourne,SEA,points,8.5,-115.0,-120.0,33,33,2025-05-23 17:58:08+00:00,2025-05-23 17:58:08+00:00,2025-05-23 17:58:08+00:00,2025-05-24 02:00:00+00:00,0.0,2025-05-23,2025,REG,LVA,WAS,1.080338266384778,True,,0.4944937749375121,401736129,5017726,16,17,0,True,False,matched,14.0,2025-05-23,under,0.13767625304689646,1.8333333333333335,-1.0,1.0,False,False,False
2166,39fa2be8-ff33-4ded-9068-3716bb9dcc5c,141,Jonquel Jones,jonqueljones,NYL,rebounds,8.5,-146.0,110.0,10,10,2025-05-23 19:18:43+00:00,2025-05-23 19:18:43+00:00,2025-05-23 19:18:43+00:00,2025-05-24 17:00:00+00:00,0.0,2025-05-24,2025,REG,IND,NYL,1.0696864111498257,True,,0.5607420039050215,401736132,2999101,9,5,0,True,False,matched,12.0,2025-05-24,under,0.2512306626137567,2.1,-1.0,1.0,False,False,False
2166,dd978a34-86de-41db-8cdc-4fa6f12b3736,163,Natasha Cloud,natashacloud,CHI,threes,1.5,140.0,-188.0,10,10,2025-05-23 19:18:43+00:00,2025-05-23 19:18:43+00:00,2025-05-23 19:18:43+00:00,2025-05-24 17:00:00+00:00,0.0,2025-05-24,2025,REG,IND,NYL,1.0694444444444444,True,,0.37770717896550643,401736132,2529137,9,5,0,True,False,matched,2.0,2025-05-24,over,0.17050033262616848,2.4,1.4,1.0,False,False,False
2166,735dd7df-6f7f-4a0f-9a6d-5b491d4e6e03,132,Sabrina Ionescu,sabrinaionescu,NYL,points,16.5,-108.0,-120.0,10,10,2025-05-23 19:18:43+00:00,2025-05-23 19:18:43+00:00,2025-05-23 19:18:43+00:00,2025-05-24 17:00:00+00:00,0.0,2025-05-24,2025,REG,IND,NYL,1.0646853146853146,True,,0.48646030463369283,401736132,4066533,9,5,0,True,False,matched,23.0,2025-05-24,under,0.13864040201212907,1.8333333333333335,-1.0,1.0,False,False,False
2166,40fcbb88-66d7-4890-b386-e38d287849ee,71,Aliyah Boston,aliyahboston,IND,points,15.5,-102.0,-128.0,10,10,2025-05-23 19:18:43+00:00,2025-05-23 19:18:43+00:00,2025-05-23 19:18:43+00:00,2025-05-24 17:00:00+00:00,0.0,2025-05-24,2025,REG,IND,NYL,1.0663540038214347,True,,0.47082505196940394,401736132,4432831,5,9,1,True,False,matched,27.0,2025-05-24,under,0.12603396074349965,1.78125,-1.0,1.0,False,False,False
2166,d5f42941-5bcc-4dfe-a069-1a0e6f81f210,137,Breanna Stewart,breannastewart,NYL,threes,1.5,194.0,-270.0,10,10,2025-05-23 19:18:43+00:00,2025-05-23 19:18:43+00:00,2025-05-23 19:18:43+00:00,2025-05-24 17:00:00+00:00,0.0,2025-05-24,2025,REG,IND,NYL,1.0698657841514985,True,,0.2979582365398174,401736132,2998928,9,5,0,True,False,matched,0.0,2025-05-24,over,0.09607215970065919,2.94,-1.0,1.0,False,False,False
2167,d8f7fcd0-50fe-4dce-945b-b5f7f7b0e5fb,1,Allisha Gray,allishagray,ATL,threes,3.5,102.0,-136.0,10,10,2025-05-23 20:38:13+00:00,2025-05-23 20:38:13+00:00,2025-05-23 20:38:13+00:00,2025-05-24 19:00:00+00:00,0.0,2025-05-24,2025,REG,ATL,DAL,1.071320691391173,True,,0.4579067075572801,401736133,3058901,20,3,1,True,False,matched,4.0,2025-05-24,under,0.45059170708821716,1.7352941176470589,-1.0,1.0,False,False,False
2167,f1b2f222-5b95-4a8d-b1c1-18cde0375b94,49,Brionna Jones,brionnajones,ATL,rebounds,8.5,-108.0,-122.0,10,10,2025-05-23 20:38:13+00:00,2025-05-23 20:38:13+00:00,2025-05-23 20:38:13+00:00,2025-05-24 19:00:00+00:00,0.0,2025-05-24,2025,REG,ATL,DAL,1.0687803187803186,True,,0.48431040390879443,401736133,3058895,20,3,1,True,False,matched,15.0,2025-05-24,under,0.2494538833655094,1.819672131147541,-1.0,1.0,False,False,False
2167,c0f743a9-c758-41ba-9705-3ebdd31dc166,15,Rhyne Howard,rhynehoward,ATL,rebounds,4.5,102.0,-136.0,10,10,2025-05-23 20:38:13+00:00,2025-05-23 20:38:13+00:00,2025-05-23 20:38:13+00:00,2025-05-24 19:00:00+00:00,0.0,2025-05-24,2025,REG,ATL,DAL,1.071320691391173,True,,0.4579067075572801,401736133,4398674,20,3,1,True,False,matched,7.0,2025-05-24,under,0.06882434610173838,1.7352941176470589,-1.0,1.0,False,False,False
2167,5229b14f-bb0d-4a74-a54f-f5aa5b6d1c8d,148,Brittney Griner,brittneygriner,CON,points,16.5,-128.0,-102.0,10,10,2025-05-23 20:38:13+00:00,2025-05-23 20:38:13+00:00,2025-05-23 20:38:13+00:00,2025-05-24 19:00:00+00:00,0.0,2025-05-24,2025,REG,ATL,DAL,1.0663540038214347,True,,0.5291749480305961,401736133,2490553,20,3,1,True,False,matched,15.0,2025-05-24,under,0.05691652609143005,1.9803921568627452,0.9803921568627452,1.0,False,False,False
2162,26779bb7-9faa-446f-8b02-74b980689922,43,Olivia Nelson-Ododa,olivianelsonododa,CON,points,8.5,105.0,-140.0,33,33,2025-05-23 22:22:16+00:00,2025-05-23 22:22:16+00:00,2025-05-23 22:22:16+00:00,2025-05-23 23:30:00+00:00,0.0,2025-05-23,2025,REG,MIN,CON,1.0711382113821137,True,,0.4504960980130703,401736128,4398966,18,8,0,True,False,matched,10.0,2025-05-23,under,0.35331941044080195,1.7142857142857144,-1.0,1.0,False,False,False
2165,c30dad5c-6e25-486c-aadf-b8efbb9b0f0a,189,Stefanie Dolson,stefaniedolson,SEA,points,7.5,-115.0,-115.0,49,49,2025-05-24 01:58:03+00:00,2025-05-24 01:58:03+00:00,2025-05-24 01:58:03+00:00,2025-05-24 02:00:00+00:00,0.0,2025-05-23,2025,REG,LVA,WAS,1.0697674418604652,True,,0.5,401736129,2529183,16,17,0,True,False,matched,8.0,2025-05-23,under,0.25802311531860267,1.8695652173913042,-1.0,1.0,False,False,False
2167,0e5fbfc8-887e-41d3-9437-2ee9698c5c7c,48,DiJonai Carrington,dijonaicarrington,CHI,assists,4.5,130.0,-165.0,19,19,2025-05-24 03:38:40+00:00,2025-05-24 03:38:40+00:00,2025-05-24 03:38:40+00:00,2025-05-24 19:00:00+00:00,0.0,2025-05-24,2025,REG,ATL,DAL,1.0574241181296147,True,,0.40336479341976944,401736133,4066548,3,20,0,True,False,matched,1.0,2025-05-24,under,0.5571375613934656,1.606060606060606,0.606060606060606,1.0,False,False,False
2166,80a9d599-3cea-4c8c-9a38-581af5ab18d3,45,DeWanna Bonner,dewannabonner,PHO,threes,0.5,-140.0,110.0,24,24,2025-05-24 06:16:15+00:00,2025-05-24 06:16:15+00:00,2025-05-24 06:16:15+00:00,2025-05-24 17:00:00+00:00,0.0,2025-05-24,2025,REG,IND,NYL,1.0595238095238093,True,,0.555167954788897,401736132,869,5,9,1,True,False,matched,0.0,2025-05-24,over,0.08560173933541437,1.7142857142857144,-1.0,1.0,False,False,False
2167,27931d7a-f59b-415c-b4e7-5a6cb8b19847,193,Myisha Hines-Allen,myishahinesallen,IND,points,8.5,-115.0,-115.0,49,49,2025-05-24 07:17:39+00:00,2025-05-24 07:17:39+00:00,2025-05-24 07:17:39+00:00,2025-05-24 19:00:00+00:00,0.0,2025-05-24,2025,REG,ATL,DAL,1.0697674418604652,True,,0.5,401736133,3142055,3,20,0,True,False,matched,2.0,2025-05-24,under,0.230074577989423,1.8695652173913042,0.8695652173913042,1.0,False,False,False
2167,c221bc3f-336e-46df-b619-53bf80a3a101,73,NaLyssa Smith,nalyssasmith,LVA,points,8.5,-115.0,-115.0,49,49,2025-05-24 07:17:39+00:00,2025-05-24 07:17:39+00:00,2025-05-24 07:17:39+00:00,2025-05-24 19:00:00+00:00,0.0,2025-05-24,2025,REG,ATL,DAL,1.0697674418604652,True,,0.5,401736133,4398776,3,20,0,True,False,matched,13.0,2025-05-24,under,0.13511811603945828,1.8695652173913042,-1.0,1.0,False,False,False
2168,3fab284e-0bfc-439a-ab75-06d21239197a,49,Brionna Jones,brionnajones,ATL,rebounds,8.5,-104.0,-128.0,10,10,2025-05-25 00:27:18+00:00,2025-05-25 00:27:18+00:00,2025-05-25 00:27:18+00:00,2025-05-25 19:00:00+00:00,0.0,2025-05-25,2025,REG,ATL,CON,1.0712074303405572,True,,0.4732611100971195,401736134,3058895,20,18,1,True,False,matched,9.0,2025-05-25,under,0.2803544223392167,1.78125,-1.0,1.0,False,False,False
2168,7a3af5c2-f163-4830-8b0a-2e4ad01a92fa,1,Allisha Gray,allishagray,ATL,assists,4.5,-104.0,-128.0,10,10,2025-05-25 00:27:19+00:00,2025-05-25 00:27:19+00:00,2025-05-25 00:27:19+00:00,2025-05-25 19:00:00+00:00,0.0,2025-05-25,2025,REG,ATL,CON,1.0712074303405572,True,,0.4732611100971195,401736134,3058901,20,18,1,True,False,matched,3.0,2025-05-25,under,0.3167616136252749,1.78125,0.78125,1.0,False,False,False
2168,fbc6be45-e130-402d-8a6d-9cb4e68aabcc,15,Rhyne Howard,rhynehoward,ATL,threes,3.5,130.0,-174.0,10,10,2025-05-25 00:27:19+00:00,2025-05-25 00:27:19+00:00,2025-05-25 00:27:19+00:00,2025-05-25 19:00:00+00:00,0.0,2025-05-25,2025,REG,ATL,CON,1.069819105046017,True,,0.3962729171732011,401736134,4398674,20,18,1,True,False,matched,1.0,2025-05-25,under,0.16094735541060734,1.5747126436781609,0.5747126436781609,1.0,False,False,False
2168,c2a03ac4-f077-4f07-a379-9b2fbc97a682,22,Marina Mabrey,marinamabrey,TOR,points,14.5,-118.0,-110.0,10,10,2025-05-25 00:27:19+00:00,2025-05-25 00:27:19+00:00,2025-05-25 00:27:19+00:00,2025-05-25 19:00:00+00:00,0.0,2025-05-25,2025,REG,ATL,CON,1.0650939274792486,True,,0.5090245232268319,401736134,3904576,18,20,0,True,False,matched,12.0,2025-05-25,under,0.10770393919041554,1.9090909090909092,0.9090909090909092,1.0,False,False,False
2168,cd2037e0-6473-46ae-b59f-6e8a77ad1880,9,Tina Charles,tinacharles,FA,rebounds,7.5,-104.0,-128.0,10,10,2025-05-25 00:27:19+00:00,2025-05-25 00:27:19+00:00,2025-05-25 00:27:19+00:00,2025-05-25 19:00:00+00:00,0.0,2025-05-25,2025,REG,ATL,CON,1.0712074303405572,True,,0.4732611100971195,401736134,918,18,20,0,True,False,matched,7.0,2025-05-25,over,0.08912096818255255,1.9615384615384617,-1.0,1.0,False,False,False
2171,7817668e-7900-4aae-8c87-253572cce42c,145,Courtney Vandersloot,courtneyvandersloot,CHI,assists,5.5,126.0,-168.0,10,10,2025-05-25 00:51:12+00:00,2025-05-25 00:51:12+00:00,2025-05-25 00:51:12+00:00,2025-05-25 22:00:00+00:00,0.0,2025-05-25,2025,REG,LAS,CHI,1.0693435477479856,True,,0.4045224464881516,401736135,981,19,6,0,True,False,matched,2.0,2025-05-25,under,0.3782770600255986,1.5952380952380953,0.5952380952380953,1.0,False,False,False
2171,2ecc7de6-ba1c-49c2-a59a-7c3d2044342b,26,Angel Reese,angelreese,ATL,rebounds,13.5,-108.0,-122.0,10,10,2025-05-25 00:51:12+00:00,2025-05-25 00:51:12+00:00,2025-05-25 00:51:12+00:00,2025-05-25 22:00:00+00:00,0.0,2025-05-25,2025,REG,LAS,CHI,1.0687803187803186,True,,0.48431040390879443,401736135,4433402,19,6,0,True,False,matched,12.0,2025-05-25,under,0.31579657929754273,1.819672131147541,0.819672131147541,1.0,False,False,False
2171,b5c40d78-66eb-4c96-a899-31f9cd000676,185,Ariel Atkins,arielatkins,LAS,threes,1.5,138.0,-186.0,10,10,2025-05-25 00:51:12+00:00,2025-05-25 00:51:12+00:00,2025-05-25 00:51:12+00:00,2025-05-25 22:00:00+00:00,0.0,2025-05-25,2025,REG,LAS,CHI,1.070517717576541,True,,0.3807086475713989,401736135,3146151,19,6,0,True,False,matched,0.0,2025-05-25,over,0.3057186742933368,2.38,-1.0,1.0,False,False,False
2171,ca3d92db-b057-4924-b0c2-ea7880b9a585,101,Kelsey Plum,kelseyplum,LAS,points,23.5,-118.0,-110.0,10,10,2025-05-25 00:51:12+00:00,2025-05-25 00:51:12+00:00,2025-05-25 00:51:12+00:00,2025-05-25 22:00:00+00:00,0.0,2025-05-25,2025,REG,LAS,CHI,1.0650939274792486,True,,0.5090245232268319,401736135,3065570,6,19,1,True,False,matched,28.0,2025-05-25,under,0.28651172433314936,1.9090909090909092,-1.0,1.0,False,False,False
2171,83e7e9e7-2db6-4104-942d-6324a1d89e73,82,Azura Stevens,azurastevens,CHI,points,13.5,-122.0,-106.0,10,10,2025-05-25 00:51:12+00:00,2025-05-25 00:51:12+00:00,2025-05-25 00:51:12+00:00,2025-05-25 22:00:00+00:00,0.0,2025-05-25,2025,REG,LAS,CHI,1.064112656345666,True,,0.518058368553134,401736135,3142010,6,19,1,True,False,matched,24.0,2025-05-25,under,0.25999326813349377,1.9433962264150944,-1.0,1.0,False,False,False
2171,fcce6b42-dbf5-46e1-a50b-ca48400e6b32,30,Kamilla Cardoso,kamillacardoso,CHI,rebounds,6.5,100.0,-132.0,10,10,2025-05-25 00:51:12+00:00,2025-05-25 00:51:12+00:00,2025-05-25 00:51:12+00:00,2025-05-25 22:00:00+00:00,0.0,2025-05-25,2025,REG,LAS,CHI,1.0689655172413794,True,,0.46430627616618364,401736135,4433405,19,6,0,True,False,matched,6.0,2025-05-25,over,0.06352734828928158,2.0,-1.0,1.0,False,False,False
2170,b18bdade-403b-4d1e-abc4-08ed567a595b,54,Satou Sabally,satousabally,NYL,points,21.5,-114.0,-114.0,10,10,2025-05-25 01:08:09+00:00,2025-05-25 01:08:09+00:00,2025-05-25 01:08:09+00:00,2025-05-25 22:00:00+00:00,0.0,2025-05-25,2025,REG,PHX,WAS,1.0654205607476634,True,,0.5000000000000001,401736136,4281929,11,16,1,True,False,matched,12.0,2025-05-25,under,0.251696390426448,1.8771929824561404,0.8771929824561404,1.0,False,False,False
2170,8ff41579-1a12-4f82-b19a-4adfce4ceba3,40,Alyssa Thomas,alyssathomas,PHO,points,16.5,-106.0,-122.0,10,10,2025-05-25 01:08:10+00:00,2025-05-25 01:08:10+00:00,2025-05-25 01:08:10+00:00,2025-05-25 22:00:00+00:00,0.0,2025-05-25,2025,REG,PHX,WAS,1.064112656345666,True,,0.4819416314468661,401736136,2529140,11,16,1,True,False,matched,11.0,2025-05-25,under,0.19743450191577633,1.819672131147541,0.819672131147541,1.0,False,False,False
2169,c9bb8cd4-38f3-43d9-85c7-2859a12be76d,103,A'ja Wilson,ajawilson,LVA,rebounds,11.5,-114.0,-114.0,10,10,2025-05-25 02:34:22+00:00,2025-05-25 02:34:22+00:00,2025-05-25 02:34:22+00:00,2025-05-25 22:00:00+00:00,0.0,2025-05-25,2025,REG,SEA,LVA,1.0654205607476634,True,,0.5000000000000001,401736137,3149391,17,14,0,True,False,matched,5.0,2025-05-25,under,0.14746737724854547,1.8771929824561404,0.8771929824561404,1.0,False,False,False
2169,52ca0dbe-ced1-4c4b-a79d-6582d8ad03d4,102,Jackie Young,jackieyoung,LVA,points,16.5,-120.0,-108.0,10,10,2025-05-25 02:34:23+00:00,2025-05-25 02:34:23+00:00,2025-05-25 02:34:23+00:00,2025-05-25 22:00:00+00:00,0.0,2025-05-25,2025,REG,SEA,LVA,1.0646853146853146,True,,0.5135396953663074,401736137,4065870,17,14,0,True,False,matched,14.0,2025-05-25,under,0.23328916183507187,1.925925925925926,0.925925925925926,1.0,False,False,False
2169,a57e67cb-0f37-4f9d-a7a2-a33f2a684f0d,107,Chelsea Gray,chelseagray,LVA,assists,4.5,108.0,-144.0,10,10,2025-05-25 02:34:23+00:00,2025-05-25 02:34:23+00:00,2025-05-25 02:34:23+00:00,2025-05-25 22:00:00+00:00,0.0,2025-05-25,2025,REG,SEA,LVA,1.0709331651954601,True,,0.4433154794603006,401736137,2529122,17,14,0,True,False,matched,3.0,2025-05-25,over,0.16406149626138844,2.08,-1.0,1.0,False,False,False
2169,5e6c8ff1-99fe-4160-9dc1-b3f85fd82339,180,Nneka Ogwumike,nnekaogwumike,LAS,points,18.5,-104.0,-125.0,10,10,2025-05-25 02:34:23+00:00,2025-05-25 02:34:23+00:00,2025-05-25 02:34:23+00:00,2025-05-25 22:00:00+00:00,0.0,2025-05-25,2025,REG,SEA,LVA,1.065359477124183,True,,0.4763687479911608,401736137,1068,14,17,1,True,False,matched,23.0,2025-05-25,under,0.16404272704825584,1.8,-1.0,1.0,False,False,False
2169,9bb89aa1-424a-4bfd-8648-5d50131404d7,166,Jewell Loyd,jewellloyd,LVA,rebounds,3.5,-152.0,114.0,10,10,2025-05-25 02:34:23+00:00,2025-05-25 02:34:23+00:00,2025-05-25 02:34:23+00:00,2025-05-25 22:00:00+00:00,0.0,2025-05-25,2025,REG,SEA,LVA,1.0704643228007713,True,,0.5703965275254933,401736137,2987869,17,14,0,True,False,matched,2.0,2025-05-25,under,0.13708066377839428,2.1399999999999997,1.1399999999999997,1.0,False,False,False
2169,8a02ec9e-906d-4ff9-b0f4-bfe50a1be4d6,175,Skylar Diggins,skylardiggins,CHI,points,19.5,104.0,-135.0,10,10,2025-05-25 02:34:23+00:00,2025-05-25 02:34:23+00:00,2025-05-25 02:34:23+00:00,2025-05-25 22:00:00+00:00,0.0,2025-05-25,2025,REG,SEA,LVA,1.0646641635377556,True,,0.45648742045938223,401736137,2491205,14,17,1,True,False,matched,10.0,2025-05-25,under,0.1357483190552522,1.7407407407407407,0.7407407407407407,1.0,False,False,False
2169,10f0e23e-2f2e-4020-b8ea-a0638ca009a7,176,Ezi Magbegor,ezimagbegor,SEA,rebounds,7.5,-122.0,-108.0,10,10,2025-05-25 02:34:23+00:00,2025-05-25 02:34:23+00:00,2025-05-25 02:34:23+00:00,2025-05-25 22:00:00+00:00,0.0,2025-05-25,2025,REG,SEA,LVA,1.0687803187803186,True,,0.5156895960912058,401736137,4420318,14,17,1,True,False,matched,7.0,2025-05-25,under,0.13248930945045134,1.925925925925926,0.925925925925926,1.0,False,False,False
2169,056265b0-7cd0-4d33-835a-9a4ed76fdce3,208,Gabby Williams,gabbywilliams,GSV,points,11.5,-120.0,-108.0,10,10,2025-05-25 02:34:23+00:00,2025-05-25 02:34:23+00:00,2025-05-25 02:34:23+00:00,2025-05-25 22:00:00+00:00,0.0,2025-05-25,2025,REG,SEA,LVA,1.0646853146853146,True,,0.5135396953663074,401736137,3142328,14,17,1,True,False,matched,12.0,2025-05-25,under,0.1223903857832338,1.925925925925926,-1.0,1.0,False,False,False
2170,25252480-5857-4a2a-bc59-35a6002ee773,573,Sonia Citron,soniacitron,WAS,threes,1.5,120.0,-150.0,24,24,2025-05-25 07:56:11+00:00,2025-05-25 07:56:11+00:00,2025-05-25 07:56:11+00:00,2025-05-25 22:00:00+00:00,0.0,2025-05-25,2025,REG,PHX,WAS,1.0545454545454547,True,,0.4253013906678685,401736136,4433524,16,11,0,True,False,matched,2.0,2025-05-25,over,0.1756678504168514,2.2,1.2000000000000002,1.0,False,False,False
2168,712c6fa5-48d0-409c-976a-082cbdedf24d,43,Olivia Nelson-Ododa,olivianelsonododa,CON,rebounds,6.5,-110.0,-125.0,33,33,2025-05-25 10:06:07+00:00,2025-05-25 10:06:07+00:00,2025-05-25 10:06:07+00:00,2025-05-25 19:00:00+00:00,0.0,2025-05-25,2025,REG,ATL,CON,1.0793650793650795,True,,0.48347295800639944,401736134,4398966,18,20,0,True,False,matched,5.0,2025-05-25,under,0.23953777404197185,1.8,0.8,1.0,False,False,False
2170,ae7b3e98-f737-483d-b21a-694950b365fb,189,Stefanie Dolson,stefaniedolson,SEA,points,7.5,-115.0,-115.0,49,49,2025-05-25 10:28:23+00:00,2025-05-25 10:28:23+00:00,2025-05-25 10:28:23+00:00,2025-05-25 22:00:00+00:00,0.0,2025-05-25,2025,REG,PHX,WAS,1.0697674418604652,True,,0.5,401736136,2529183,16,11,0,True,False,matched,2.0,2025-05-25,under,0.13776676506026314,1.8695652173913042,0.8695652173913042,1.0,False,False,False
2170,6cb4de6a-61f5-49b8-a517-4f2cf8f91322,177,Sami Whitcomb,samiwhitcomb,PHO,points,7.5,100.0,-130.0,49,49,2025-05-25 10:28:23+00:00,2025-05-25 10:28:23+00:00,2025-05-25 10:28:23+00:00,2025-05-25 22:00:00+00:00,0.0,2025-05-25,2025,REG,PHX,WAS,1.065217391304348,True,,0.4663164946059025,401736136,887,11,16,1,True,False,matched,5.0,2025-05-25,under,0.11740638989481689,1.7692307692307692,0.7692307692307692,1.0,False,False,False
2170,ac0c37de-7654-4ea2-b178-311aa3c40422,170,Jade Melbourne,jademelbourne,SEA,points,10.5,120.0,-165.0,33,33,2025-05-25 12:27:53+00:00,2025-05-25 12:27:53+00:00,2025-05-25 12:27:53+00:00,2025-05-25 22:00:00+00:00,0.0,2025-05-25,2025,REG,PHX,WAS,1.077186963979417,True,,0.4125727301166773,401736136,5017726,16,11,0,True,False,matched,6.0,2025-05-25,under,0.06053081452745723,1.606060606060606,0.606060606060606,1.0,False,False,False
2170,6480a7c9-56a1-4c9a-9c16-68153bc2cbd0,182,Brittney Sykes,brittneysykes,TOR,points,18.5,-128.0,-102.0,10,10,2025-05-25 21:26:46+00:00,2025-05-25 21:26:46+00:00,2025-05-25 21:26:46+00:00,2025-05-25 22:00:00+00:00,0.0,2025-05-25,2025,REG,PHX,WAS,1.0663540038214347,True,,0.5291749480305961,401736136,2988756,16,11,0,True,False,matched,10.0,2025-05-25,under,0.27230198621687757,1.9803921568627452,0.9803921568627452,1.0,False,False,False
2172,fb879d15-4905-4bcf-a3ec-c5cac64a3d77,132,Sabrina Ionescu,sabrinaionescu,NYL,rebounds,4.5,130.0,-174.0,10,10,2025-05-26 04:17:20+00:00,2025-05-26 04:17:20+00:00,2025-05-26 04:17:20+00:00,2025-05-27 23:00:00+00:00,0.0,2025-05-27,2025,REG,NYL,GSV,1.069819105046017,True,,0.3962729171732011,401736139,4066533,9,129689,1,True,False,matched,5.0,2025-05-27,over,0.2468484066264211,2.3,1.2999999999999998,1.0,False,False,False
2172,8789a992-39c9-4e73-b907-56ccacf20c6b,139,Kayla Thornton,kaylathornton,GSV,threes,1.5,-200.0,148.0,10,10,2025-05-26 04:17:21+00:00,2025-05-26 04:17:21+00:00,2025-05-26 04:17:21+00:00,2025-05-27 23:00:00+00:00,0.0,2025-05-27,2025,REG,NYL,GSV,1.0698924731182795,True,,0.6365014949541484,401736139,2529622,129689,9,0,True,False,matched,2.0,2025-05-27,under,0.6053957803689944,2.48,-1.0,1.0,False,False,False
2172,db39fcb2-cdc2-4f74-a916-74d291792b7d,72,Temi Fagbenle,temifagbenle,TOR,points,10.5,-122.0,-106.0,10,10,2025-05-26 04:17:21+00:00,2025-05-26 04:17:21+00:00,2025-05-26 04:17:21+00:00,2025-05-27 23:00:00+00:00,0.0,2025-05-27,2025,REG,NYL,GSV,1.064112656345666,True,,0.518058368553134,401736139,2569044,129689,9,0,True,False,matched,11.0,2025-05-27,under,0.4720998779821092,1.9433962264150944,-1.0,1.0,False,False,False
2172,af54c68f-b557-4d4c-97ae-63daddaee2ee,163,Natasha Cloud,natashacloud,CHI,threes,1.5,138.0,-186.0,10,10,2025-05-26 04:17:21+00:00,2025-05-26 04:17:21+00:00,2025-05-26 04:17:21+00:00,2025-05-27 23:00:00+00:00,0.0,2025-05-27,2025,REG,NYL,GSV,1.070517717576541,True,,0.3807086475713989,401736139,2529137,9,129689,1,True,False,matched,1.0,2025-05-27,over,0.1335511407936404,2.38,-1.0,1.0,False,False,False
2172,bd3c3de2-50d9-4007-991a-d614c7b66d03,137,Breanna Stewart,breannastewart,NYL,points,18.5,-125.0,-104.0,10,10,2025-05-26 04:17:21+00:00,2025-05-26 04:17:21+00:00,2025-05-26 04:17:21+00:00,2025-05-27 23:00:00+00:00,0.0,2025-05-27,2025,REG,NYL,GSV,1.065359477124183,True,,0.5236312520088393,401736139,2998928,9,129689,1,True,False,matched,24.0,2025-05-27,under,0.09334183275926822,1.9615384615384617,-1.0,1.0,False,False,False
2172,58459077-7df0-4c9e-bc3b-64746eaa7ce9,141,Jonquel Jones,jonqueljones,NYL,rebounds,8.5,-152.0,114.0,10,10,2025-05-26 04:17:21+00:00,2025-05-26 04:17:21+00:00,2025-05-26 04:17:21+00:00,2025-05-27 23:00:00+00:00,0.0,2025-05-27,2025,REG,NYL,GSV,1.0704643228007713,True,,0.5703965275254933,401736139,2999101,9,129689,1,True,False,matched,10.0,2025-05-27,under,0.0898064929638227,2.1399999999999997,-1.0,1.0,False,False,False
2174,1f31573f-b466-426b-a51d-5bb3ce12def0,176,Ezi Magbegor,ezimagbegor,SEA,points,10.5,-120.0,-108.0,10,10,2025-05-26 05:05:11+00:00,2025-05-26 05:05:11+00:00,2025-05-26 05:05:11+00:00,2025-05-28 00:00:00+00:00,0.0,2025-05-27,2025,REG,MIN,SEA,1.0646853146853146,True,,0.5135396953663074,401736140,4420318,14,8,0,True,False,matched,6.0,2025-05-27,under,0.30296586924377167,1.925925925925926,0.925925925925926,1.0,False,False,False
2174,5a9ad4c0-6a9a-4bf5-b0a8-c946bd9bc58d,112,Napheesa Collier,napheesacollier,MIN,points,24.5,-114.0,-114.0,10,10,2025-05-26 05:05:11+00:00,2025-05-26 05:05:11+00:00,2025-05-26 05:05:11+00:00,2025-05-28 00:00:00+00:00,0.0,2025-05-27,2025,REG,MIN,SEA,1.0654205607476634,True,,0.5000000000000001,401736140,3917450,8,14,1,True,False,matched,16.0,2025-05-27,under,0.2945932826778244,1.8771929824561404,0.8771929824561404,1.0,False,False,False
2174,e30d9194-fcf1-46d8-a904-76e3e4bcc420,180,Nneka Ogwumike,nnekaogwumike,LAS,points,19.5,100.0,-130.0,10,10,2025-05-26 05:05:11+00:00,2025-05-26 05:05:11+00:00,2025-05-26 05:05:11+00:00,2025-05-28 00:00:00+00:00,0.0,2025-05-27,2025,REG,MIN,SEA,1.065217391304348,True,,0.4663164946059025,401736140,1068,14,8,0,True,False,matched,11.0,2025-05-27,under,0.19787539363888607,1.7692307692307692,0.7692307692307692,1.0,False,False,False
2174,2b7bd6a5-90a7-4cc5-8f3d-558b7ce3fff6,117,Courtney Williams,courtneywilliams,MIN,points,14.5,102.0,-132.0,10,10,2025-05-26 05:05:11+00:00,2025-05-26 05:05:11+00:00,2025-05-26 05:05:11+00:00,2025-05-28 00:00:00+00:00,0.0,2025-05-27,2025,REG,MIN,SEA,1.0640150221918745,True,,0.4618487426836327,401736140,2987891,8,14,1,True,False,matched,23.0,2025-05-27,under,0.14075948540186978,1.7575757575757576,-1.0,1.0,False,False,False
2174,9cc8de88-7ac3-4e2f-8d73-316a5592c5a4,208,Gabby Williams,gabbywilliams,GSV,assists,3.5,-166.0,124.0,10,10,2025-05-26 05:05:11+00:00,2025-05-26 05:05:11+00:00,2025-05-26 05:05:11+00:00,2025-05-28 00:00:00+00:00,0.0,2025-05-27,2025,REG,MIN,SEA,1.0704887218045114,True,,0.5920365770215091,401736140,3142328,14,8,0,True,False,matched,6.0,2025-05-27,under,0.11212785288951865,2.24,-1.0,1.0,False,False,False
2174,93d2a458-f81d-4e8e-9134-ba360879030a,175,Skylar Diggins,skylardiggins,CHI,points,16.5,-120.0,-108.0,10,10,2025-05-26 05:05:11+00:00,2025-05-26 05:05:11+00:00,2025-05-26 05:05:11+00:00,2025-05-28 00:00:00+00:00,0.0,2025-05-27,2025,REG,MIN,SEA,1.0646853146853146,True,,0.5135396953663074,401736140,2491205,14,8,0,True,False,matched,18.0,2025-05-27,under,0.09527213030256754,1.925925925925926,-1.0,1.0,False,False,False
2173,efedfcc6-9ea4-44b2-907e-79f6f4ff7a7e,63,Arike Ogunbowale,arikeogunbowale,DAL,points,18.5,-114.0,-114.0,10,10,2025-05-26 05:39:40+00:00,2025-05-26 05:39:40+00:00,2025-05-26 05:39:40+00:00,2025-05-27 23:00:00+00:00,0.0,2025-05-27,2025,REG,CON,DAL,1.0654205607476634,True,,0.5000000000000001,401736138,3904577,3,18,0,True,False,matched,19.0,2025-05-27,under,0.19105123275220276,1.8771929824561404,-1.0,1.0,False,False,False
2173,7f963dc6-30a8-4d27-b4f4-6496cd9b4cb6,9,Tina Charles,tinacharles,FA,rebounds,7.5,100.0,-132.0,10,10,2025-05-26 05:39:40+00:00,2025-05-26 05:39:40+00:00,2025-05-26 05:39:40+00:00,2025-05-27 23:00:00+00:00,0.0,2025-05-27,2025,REG,CON,DAL,1.0689655172413794,True,,0.46430627616618364,401736138,918,18,3,1,True,False,matched,6.0,2025-05-27,over,0.14013694507340774,2.0,-1.0,1.0,False,False,False
2173,85eb13bc-dc00-4952-b89d-5d699d272f1b,22,Marina Mabrey,marinamabrey,TOR,assists,3.5,-172.0,128.0,10,10,2025-05-26 05:39:40+00:00,2025-05-26 05:39:40+00:00,2025-05-26 05:39:40+00:00,2025-05-27 23:00:00+00:00,0.0,2025-05-27,2025,REG,CON,DAL,1.0709494324045408,True,,0.6004234693007796,401736138,3904576,18,3,1,True,False,matched,1.0,2025-05-27,under,0.0595427091291052,2.2800000000000002,1.2800000000000002,1.0,False,False,False
2173,a753704f-7839-45f3-8b5b-2a8dc8128271,528,Paige Bueckers,paigebueckers,DAL,assists,6.5,-122.0,-108.0,10,10,2025-05-26 05:39:41+00:00,2025-05-26 05:39:41+00:00,2025-05-26 05:39:41+00:00,2025-05-27 23:00:00+00:00,0.0,2025-05-27,2025,REG,CON,DAL,1.0687803187803186,True,,0.5156895960912058,401736138,4433730,3,18,0,True,False,matched,7.0,2025-05-27,under,0.23982794389389,1.925925925925926,-1.0,1.0,False,False,False
2176,77512a21-c359-4df1-bf29-8b02103852e3,101,Kelsey Plum,kelseyplum,LAS,assists,5.5,-135.0,105.0,24,24,2025-05-26 11:18:05+00:00,2025-05-26 11:18:05+00:00,2025-05-26 11:18:05+00:00,2025-05-28 02:00:00+00:00,0.0,2025-05-27,2025,REG,LAS,ATL,1.0622729631551635,True,,0.5446886059829622,401736141,3065570,6,20,1,True,False,matched,5.0,2025-05-27,under,0.47051458558869647,2.05,1.0499999999999998,1.0,False,False,False
2176,c8012688-2ff4-4a24-92f3-87bfbb804df1,1,Allisha Gray,allishagray,ATL,threes,2.5,-135.0,105.0,24,24,2025-05-26 11:18:05+00:00,2025-05-26 11:18:05+00:00,2025-05-26 11:18:05+00:00,2025-05-28 02:00:00+00:00,0.0,2025-05-27,2025,REG,LAS,ATL,1.0622729631551635,True,,0.5446886059829622,401736141,3058901,20,6,0,True,False,matched,2.0,2025-05-27,under,0.40373719952383735,2.05,1.0499999999999998,1.0,False,False,False
2175,8bf3c610-73ab-4a6c-a041-6af821b75e62,145,Courtney Vandersloot,courtneyvandersloot,CHI,assists,3.5,-150.0,120.0,24,24,2025-05-26 11:18:05+00:00,2025-05-26 11:18:05+00:00,2025-05-26 11:18:05+00:00,2025-05-28 02:00:00+00:00,0.0,2025-05-27,2025,REG,PHX,CHI,1.0545454545454547,True,,0.5746986093321318,401736142,981,19,11,0,True,False,matched,11.0,2025-05-27,under,0.22144784957383135,2.2,-1.0,1.0,False,False,False
2176,78e76e57-2c7b-4125-bd60-ed10f37c646f,15,Rhyne Howard,rhynehoward,ATL,assists,4.5,-115.0,-115.0,24,24,2025-05-26 11:18:05+00:00,2025-05-26 11:18:05+00:00,2025-05-26 11:18:05+00:00,2025-05-28 02:00:00+00:00,0.0,2025-05-27,2025,REG,LAS,ATL,1.0697674418604652,True,,0.5,401736141,4398674,20,6,0,True,False,matched,7.0,2025-05-27,under,0.21209378706423132,1.8695652173913042,-1.0,1.0,False,False,False
2175,14a56cfc-5cae-4114-a0a6-afb4d71fe918,26,Angel Reese,angelreese,ATL,assists,1.5,-115.0,-115.0,24,24,2025-05-26 11:18:05+00:00,2025-05-26 11:18:05+00:00,2025-05-26 11:18:05+00:00,2025-05-28 02:00:00+00:00,0.0,2025-05-27,2025,REG,PHX,CHI,1.0697674418604652,True,,0.5,401736142,4433402,19,11,0,True,False,matched,3.0,2025-05-27,over,0.14922648160537566,1.8695652173913042,0.8695652173913042,1.0,False,False,False
2176,7c26b900-87b5-483e-9006-9e7fd8533d5f,89,Dearica Hamby,dearicahamby,LAS,assists,2.5,-125.0,-105.0,24,24,2025-05-26 11:18:05+00:00,2025-05-26 11:18:05+00:00,2025-05-26 11:18:05+00:00,2025-05-28 02:00:00+00:00,0.0,2025-05-27,2025,REG,LAS,ATL,1.067750677506775,True,,0.5224258196571001,401736141,2566106,6,20,1,True,False,matched,8.0,2025-05-27,over,0.11494075338338317,1.8,0.8,1.0,False,False,False
2174,214b4278-c2cc-4f43-bafe-c2396cbd3893,116,Jessica Shepard,jessicashepard,DAL,points,12.5,120.0,-170.0,33,33,2025-05-26 13:59:16+00:00,2025-05-26 13:59:16+00:00,2025-05-26 13:59:16+00:00,2025-05-28 00:00:00+00:00,0.0,2025-05-27,2025,REG,MIN,SEA,1.0841750841750841,True,,0.40856326639475826,401736140,3906949,8,14,1,True,False,matched,4.0,2025-05-27,under,0.31174244196238743,1.5882352941176472,0.5882352941176472,1.0,False,False,False
2173,4d87b11a-4df5-4d6f-b040-bbe85d62586d,61,Maddy Siegrist,maddysiegrist,DAL,points,12.5,110.0,-160.0,33,33,2025-05-26 15:27:07+00:00,2025-05-26 15:27:07+00:00,2025-05-26 15:27:07+00:00,2025-05-27 23:00:00+00:00,0.0,2025-05-27,2025,REG,CON,DAL,1.0915750915750917,True,,0.4269962481828023,401736138,4399415,3,18,0,True,False,matched,12.0,2025-05-27,under,0.29167741436393724,1.625,0.625,1.0,False,False,False
2176,a2b210e7-34cf-42f6-9c68-c326715f2da2,82,Azura Stevens,azurastevens,CHI,points,13.5,-128.0,-102.0,10,10,2025-05-26 17:22:34+00:00,2025-05-26 17:22:34+00:00,2025-05-26 17:22:34+00:00,2025-05-28 02:00:00+00:00,0.0,2025-05-27,2025,REG,LAS,ATL,1.0663540038214347,True,,0.5291749480305961,401736141,3142010,6,20,1,True,False,matched,10.0,2025-05-27,under,0.25099645070350624,1.9803921568627452,0.9803921568627452,1.0,False,False,False
2176,948cbbf2-edaa-4099-be1b-caf799c27f58,49,Brionna Jones,brionnajones,ATL,rebounds,10.5,-108.0,-122.0,10,10,2025-05-26 17:36:55+00:00,2025-05-26 17:36:55+00:00,2025-05-26 17:36:55+00:00,2025-05-28 02:00:00+00:00,0.0,2025-05-27,2025,REG,LAS,ATL,1.0687803187803186,True,,0.48431040390879443,401736141,3058895,20,6,0,True,False,matched,2.0,2025-05-27,under,0.473507490747046,1.819672131147541,0.819672131147541,1.0,False,False,False
2175,99ec2a3a-202d-4bfe-ac89-b19d804d2316,40,Alyssa Thomas,alyssathomas,PHO,points,16.5,-106.0,-122.0,10,10,2025-05-26 17:40:30+00:00,2025-05-26 17:40:30+00:00,2025-05-26 17:40:30+00:00,2025-05-28 02:00:00+00:00,0.0,2025-05-27,2025,REG,PHX,CHI,1.064112656345666,True,,0.4819416314468661,401736142,2529140,11,19,1,True,False,matched,10.0,2025-05-27,under,0.14428447968674396,1.819672131147541,0.819672131147541,1.0,False,False,False
2175,21a5d033-5064-4e22-8518-0d337fe132f5,185,Ariel Atkins,arielatkins,LAS,threes,1.5,152.0,-200.0,10,10,2025-05-26 17:40:31+00:00,2025-05-26 17:40:31+00:00,2025-05-26 17:40:31+00:00,2025-05-28 02:00:00+00:00,0.0,2025-05-27,2025,REG,PHX,CHI,1.0634920634920635,True,,0.36068443721893606,401736142,3146151,19,11,0,True,False,matched,2.0,2025-05-27,over,0.3135989826461237,2.52,1.52,1.0,False,False,False
2175,1e8d291a-7a0d-42a2-b082-1b5d07fea07b,54,Satou Sabally,satousabally,NYL,points,21.5,-114.0,-114.0,10,10,2025-05-26 17:40:31+00:00,2025-05-26 17:40:31+00:00,2025-05-26 17:40:31+00:00,2025-05-28 02:00:00+00:00,0.0,2025-05-27,2025,REG,PHX,CHI,1.0654205607476634,True,,0.5000000000000001,401736142,4281929,11,19,1,True,False,matched,20.0,2025-05-27,under,0.23639941974344197,1.8771929824561404,0.8771929824561404,1.0,False,False,False
2172,47a4485c-218d-4dc4-ae66-c4a92fbe85e6,55,Veronica Burton,veronicaburton,GSV,points,11.5,-125.0,-104.0,10,10,2025-05-27 01:22:42+00:00,2025-05-27 01:22:42+00:00,2025-05-27 01:22:42+00:00,2025-05-27 23:00:00+00:00,0.0,2025-05-27,2025,REG,NYL,GSV,1.065359477124183,True,,0.5236312520088393,401736139,4398935,129689,9,0,True,False,matched,13.0,2025-05-27,under,0.5140516000054841,1.9615384615384617,-1.0,1.0,False,False,False
2175,80fdcc03-b0fe-4da6-a6dc-e90fafa7a81e,177,Sami Whitcomb,samiwhitcomb,PHO,points,7.5,-115.0,-115.0,19,19,2025-05-27 01:50:21+00:00,2025-05-27 01:50:21+00:00,2025-05-27 01:50:21+00:00,2025-05-28 02:00:00+00:00,0.0,2025-05-27,2025,REG,PHX,CHI,1.0697674418604652,True,,0.5,401736142,887,11,19,1,True,False,matched,3.0,2025-05-27,under,0.10023261772070646,1.8695652173913042,0.8695652173913042,1.0,False,False,False
2174,2b06eed3-419c-4dd0-ba36-cf1170cf866a,121,Alanna Smith,alannasmith,DAL,points,10.5,-125.0,-104.0,10,10,2025-05-27 06:46:30+00:00,2025-05-27 06:46:30+00:00,2025-05-27 06:46:30+00:00,2025-05-28 00:00:00+00:00,0.0,2025-05-27,2025,REG,MIN,SEA,1.065359477124183,True,,0.5236312520088393,401736140,3913881,8,14,1,True,False,matched,16.0,2025-05-27,under,0.453743474837427,1.9615384615384617,-1.0,1.0,False,False,False
2177,fd290c81-d70a-4379-bf3e-1003a8be229a,68,Caitlin Clark,caitlinclark,IND,assists,9.5,-115.0,-115.0,24,24,2025-05-27 11:45:22+00:00,2025-05-27 11:45:22+00:00,2025-05-27 11:45:22+00:00,2025-05-28 23:30:00+00:00,0.0,2025-05-28,2025,REG,WAS,IND,1.0697674418604652,True,,0.5,401736143,4433403,5,16,0,True,True,did_not_play,,2025-05-28,under,0.15096570862653236,1.8695652173913042,0.0,0.0,False,True,False
2177,4e8e24a6-080e-4705-9303-1c8d7773c9a2,573,Sonia Citron,soniacitron,WAS,threes,1.5,-160.0,130.0,24,24,2025-05-27 11:45:22+00:00,2025-05-27 11:45:22+00:00,2025-05-27 11:45:22+00:00,2025-05-28 23:30:00+00:00,0.0,2025-05-28,2025,REG,WAS,IND,1.0501672240802677,True,,0.5925388778127377,401736143,4433524,16,5,1,True,False,matched,0.0,2025-05-28,under,0.07577518028941344,2.3,1.2999999999999998,1.0,False,False,False
2177,4952244a-1554-4bb9-8652-a7328a3363b2,182,Brittney Sykes,brittneysykes,TOR,threes,1.5,125.0,-155.0,24,24,2025-05-27 11:45:22+00:00,2025-05-27 11:45:22+00:00,2025-05-27 11:45:22+00:00,2025-05-28 23:30:00+00:00,0.0,2025-05-28,2025,REG,WAS,IND,1.0522875816993464,True,,0.4161844529605166,401736143,2988756,16,5,1,True,False,matched,1.0,2025-05-28,under,0.06113165538064952,1.6451612903225805,0.6451612903225805,1.0,False,False,False
2173,10f1ce7f-4e86-4324-bd0a-3147a720ac92,43,Olivia Nelson-Ododa,olivianelsonododa,CON,points,11.5,-110.0,-125.0,33,33,2025-05-27 15:55:28+00:00,2025-05-27 15:55:28+00:00,2025-05-27 15:55:28+00:00,2025-05-27 23:00:00+00:00,0.0,2025-05-27,2025,REG,CON,DAL,1.0793650793650795,True,,0.48347295800639944,401736138,4398966,18,3,1,True,False,matched,6.0,2025-05-27,under,0.5166530763644304,1.8,0.8,1.0,False,False,False
2177,ea05d855-cc8b-490c-887e-d582f6293d3a,71,Aliyah Boston,aliyahboston,IND,points,17.5,-114.0,-114.0,10,10,2025-05-27 17:58:02+00:00,2025-05-27 17:58:02+00:00,2025-05-27 17:58:02+00:00,2025-05-28 23:30:00+00:00,0.0,2025-05-28,2025,REG,WAS,IND,1.0654205607476634,True,,0.5000000000000001,401736143,4432831,5,16,0,True,False,matched,10.0,2025-05-28,under,0.24390687969260588,1.8771929824561404,0.8771929824561404,1.0,False,False,False
2177,f5a55524-c5e4-44a3-97c4-aec20fe4c680,56,Natasha Howard,natashahoward,MIN,rebounds,7.5,-122.0,-108.0,10,10,2025-05-27 17:58:02+00:00,2025-05-27 17:58:02+00:00,2025-05-27 17:58:02+00:00,2025-05-28 23:30:00+00:00,0.0,2025-05-28,2025,REG,WAS,IND,1.0687803187803186,True,,0.5156895960912058,401736143,2529130,5,16,0,True,False,matched,6.0,2025-05-28,under,0.23672287591237878,1.925925925925926,0.925925925925926,1.0,False,False,False
2177,89458e3c-97bc-477f-9a0f-cdefcff8f275,76,Lexie Hull,lexiehull,IND,points,9.5,-128.0,-102.0,10,10,2025-05-28 06:00:18+00:00,2025-05-28 06:00:18+00:00,2025-05-28 06:00:18+00:00,2025-05-28 23:30:00+00:00,0.0,2025-05-28,2025,REG,WAS,IND,1.0663540038214347,True,,0.5291749480305961,401736143,4398829,5,16,0,True,False,matched,9.0,2025-05-28,under,0.37580075466424095,1.9803921568627452,0.9803921568627452,1.0,False,False,False
2177,55a6f91c-1f3b-401d-9ec3-d134060b7cf3,156,Sophie Cunningham,sophiecunningham,IND,threes,1.5,-158.0,118.0,10,10,2025-05-28 06:00:18+00:00,2025-05-28 06:00:18+00:00,2025-05-28 06:00:18+00:00,2025-05-28 23:30:00+00:00,0.0,2025-05-28,2025,REG,WAS,IND,1.0711186971054691,True,,0.5796527091990534,401736143,3907781,5,16,0,True,False,matched,0.0,2025-05-28,under,0.2749332133031028,2.1799999999999997,1.1799999999999997,1.0,False,False,False
2178,6388d65d-bbec-4b67-ac70-41e5259a0760,139,Kayla Thornton,kaylathornton,GSV,threes,1.5,-154.0,116.0,10,10,2025-05-28 16:48:07+00:00,2025-05-28 16:48:07+00:00,2025-05-28 16:48:07+00:00,2025-05-29 23:00:00+00:00,0.0,2025-05-29,2025,REG,NYL,GSV,1.0692621755613883,True,,0.574207987656796,401736144,2529622,129689,9,0,True,False,matched,0.0,2025-05-29,under,0.42634313585890793,2.16,1.1600000000000001,1.0,False,False,False
2178,a7330933-b0ed-4dc3-8663-b7f8ec073bda,163,Natasha Cloud,natashacloud,CHI,threes,1.5,164.0,-225.0,10,10,2025-05-28 16:48:07+00:00,2025-05-28 16:48:07+00:00,2025-05-28 16:48:07+00:00,2025-05-29 23:00:00+00:00,0.0,2025-05-29,2025,REG,NYL,GSV,1.0710955710955712,True,,0.33738864980507277,401736144,2529137,9,129689,1,True,False,matched,1.0,2025-05-29,over,0.34818083559216095,2.6399999999999997,-1.0,1.0,False,False,False
2178,011e2f19-074b-40d5-88fd-d4abfcfea1d1,132,Sabrina Ionescu,sabrinaionescu,NYL,assists,4.5,116.0,-154.0,10,10,2025-05-28 16:48:07+00:00,2025-05-28 16:48:07+00:00,2025-05-28 16:48:07+00:00,2025-05-29 23:00:00+00:00,0.0,2025-05-29,2025,REG,NYL,GSV,1.0692621755613883,True,,0.425792012343204,401736144,4066533,9,129689,1,True,False,matched,4.0,2025-05-29,over,0.29442706708899663,2.16,-1.0,1.0,False,False,False
2178,23cd5d25-ae06-454d-88e8-d280822eb05a,141,Jonquel Jones,jonqueljones,NYL,points,13.5,-128.0,-102.0,10,10,2025-05-28 16:48:07+00:00,2025-05-28 16:48:07+00:00,2025-05-28 16:48:07+00:00,2025-05-29 23:00:00+00:00,0.0,2025-05-29,2025,REG,NYL,GSV,1.0663540038214347,True,,0.5291749480305961,401736144,2999101,9,129689,1,True,True,did_not_play,,2025-05-29,under,0.05809733417944529,1.9803921568627452,0.0,0.0,False,True,False
2178,62122abb-b6bc-41db-9516-1322930b7257,55,Veronica Burton,veronicaburton,GSV,points,11.5,-110.0,-118.0,10,10,2025-05-28 16:48:08+00:00,2025-05-28 16:48:08+00:00,2025-05-28 16:48:08+00:00,2025-05-29 23:00:00+00:00,0.0,2025-05-29,2025,REG,NYL,GSV,1.0650939274792486,True,,0.4909754767731684,401736144,4398935,129689,9,0,True,False,matched,2.0,2025-05-29,under,0.365630118492379,1.847457627118644,0.847457627118644,1.0,False,False,False
2178,26d6691a-e3bd-41e2-b61d-83dcbbce12ef,72,Temi Fagbenle,temifagbenle,TOR,points,9.5,-120.0,-108.0,10,10,2025-05-28 16:48:08+00:00,2025-05-28 16:48:08+00:00,2025-05-28 16:48:08+00:00,2025-05-29 23:00:00+00:00,0.0,2025-05-29,2025,REG,NYL,GSV,1.0646853146853146,True,,0.5135396953663074,401736144,2569044,129689,9,0,True,False,matched,9.0,2025-05-29,under,0.30885549923829886,1.925925925925926,0.925925925925926,1.0,False,False,False
2179,2afb4640-e12d-400f-822e-df91cdccf8fd,26,Angel Reese,angelreese,ATL,rebounds,12.5,-132.0,100.0,10,10,2025-05-28 17:54:34+00:00,2025-05-28 17:54:34+00:00,2025-05-28 17:54:34+00:00,2025-05-30 00:00:00+00:00,0.0,2025-05-29,2025,REG,CHI,DAL,1.0689655172413794,True,,0.5356937238338165,401736145,4433402,19,3,1,True,False,matched,9.0,2025-05-29,under,0.335510278421368,2.0,1.0,1.0,False,False,False
2179,8234fc6d-4409-4b48-9df2-5db78bb38ff0,145,Courtney Vandersloot,courtneyvandersloot,CHI,assists,5.5,-114.0,-114.0,10,10,2025-05-28 17:54:34+00:00,2025-05-28 17:54:34+00:00,2025-05-28 17:54:34+00:00,2025-05-30 00:00:00+00:00,0.0,2025-05-29,2025,REG,CHI,DAL,1.0654205607476634,True,,0.5000000000000001,401736145,981,19,3,1,True,False,matched,9.0,2025-05-29,under,0.280288166965318,1.8771929824561404,-1.0,1.0,False,False,False
2179,7e867457-5b6f-4c7b-b9f1-443f22fcfaf0,528,Paige Bueckers,paigebueckers,DAL,threes,0.5,-245.0,178.0,10,10,2025-05-28 17:54:34+00:00,2025-05-28 17:54:34+00:00,2025-05-28 17:54:34+00:00,2025-05-30 00:00:00+00:00,0.0,2025-05-29,2025,REG,CHI,DAL,1.0698571577520593,True,,0.6816736496668425,401736145,4433730,3,19,0,True,False,matched,1.0,2025-05-29,under,0.2204734551140164,2.7800000000000002,-1.0,1.0,False,False,False
2179,0c8774da-46ab-4ea8-bd25-38187a92f72d,185,Ariel Atkins,arielatkins,LAS,threes,1.5,100.0,-132.0,10,10,2025-05-28 17:54:35+00:00,2025-05-28 17:54:35+00:00,2025-05-28 17:54:35+00:00,2025-05-30 00:00:00+00:00,0.0,2025-05-29,2025,REG,CHI,DAL,1.0689655172413794,True,,0.46430627616618364,401736145,3146151,19,3,1,True,False,matched,2.0,2025-05-29,over,0.10038744733324945,2.0,1.0,1.0,False,False,False
2184,58be8da4-d279-4924-88b4-b786bac4f0ea,101,Kelsey Plum,kelseyplum,LAS,assists,5.5,-136.0,102.0,10,10,2025-05-30 04:31:30+00:00,2025-05-30 04:31:30+00:00,2025-05-30 04:31:30+00:00,2025-05-31 02:00:00+00:00,0.0,2025-05-30,2025,REG,LVA,LAS,1.071320691391173,True,,0.5420932924427202,401736148,3065570,6,17,0,True,False,matched,3.0,2025-05-30,under,0.4601208434094872,2.02,1.02,1.0,False,False,False
2184,e4664d4b-2ee7-4809-b99a-2d0e81f27ece,82,Azura Stevens,azurastevens,CHI,rebounds,9.5,-102.0,-130.0,10,10,2025-05-30 04:31:30+00:00,2025-05-30 04:31:30+00:00,2025-05-30 04:31:30+00:00,2025-05-31 02:00:00+00:00,0.0,2025-05-30,2025,REG,LVA,LAS,1.0701678863538528,True,,0.46878765056355093,401736148,3142010,6,17,0,True,False,matched,10.0,2025-05-30,under,0.16660468243853582,1.7692307692307692,-1.0,1.0,False,False,False
2184,c384dd42-6b15-4544-beec-7f978db3f9f7,102,Jackie Young,jackieyoung,LVA,threes,1.5,-178.0,132.0,10,10,2025-05-30 04:31:30+00:00,2025-05-30 04:31:30+00:00,2025-05-30 04:31:30+00:00,2025-05-31 02:00:00+00:00,0.0,2025-05-30,2025,REG,LVA,LAS,1.0713222525427932,True,,0.6084851511650193,401736148,4065870,17,6,1,True,False,matched,3.0,2025-05-30,under,0.12742483848096597,2.3200000000000003,-1.0,1.0,False,False,False
2184,0c53c146-4ebf-46b1-af86-bf418c70f34e,103,A'ja Wilson,ajawilson,LVA,rebounds,11.5,-102.0,-130.0,10,10,2025-05-30 04:31:30+00:00,2025-05-30 04:31:30+00:00,2025-05-30 04:31:30+00:00,2025-05-31 02:00:00+00:00,0.0,2025-05-30,2025,REG,LVA,LAS,1.0701678863538528,True,,0.46878765056355093,401736148,3149391,17,6,1,True,False,matched,13.0,2025-05-30,under,0.11423068349325949,1.7692307692307692,-1.0,1.0,False,False,False
2184,80488ebf-c46d-42e0-bd65-0a956eaf7edd,166,Jewell Loyd,jewellloyd,LVA,points,15.5,-118.0,-110.0,10,10,2025-05-30 04:31:31+00:00,2025-05-30 04:31:31+00:00,2025-05-30 04:31:31+00:00,2025-05-31 02:00:00+00:00,0.0,2025-05-30,2025,REG,LVA,LAS,1.0650939274792486,True,,0.5090245232268319,401736148,2987869,17,6,1,True,False,matched,3.0,2025-05-30,under,0.09562903259427452,1.9090909090909092,0.9090909090909092,1.0,False,False,False
2184,8db72053-00a7-485a-af45-d8d41f1226ad,107,Chelsea Gray,chelseagray,LVA,points,11.5,-108.0,-120.0,10,10,2025-05-30 04:31:31+00:00,2025-05-30 04:31:31+00:00,2025-05-30 04:31:31+00:00,2025-05-31 02:00:00+00:00,0.0,2025-05-30,2025,REG,LVA,LAS,1.0646853146853146,True,,0.48646030463369283,401736148,2529122,17,6,1,True,False,matched,15.0,2025-05-30,under,0.05115526387682323,1.8333333333333335,-1.0,1.0,False,False,False
2181,82423539-5aea-45b0-9257-adef87f30ebf,132,Sabrina Ionescu,sabrinaionescu,NYL,assists,4.5,124.0,-166.0,10,10,2025-05-30 05:02:26+00:00,2025-05-30 05:02:26+00:00,2025-05-30 05:02:26+00:00,2025-05-30 23:30:00+00:00,0.0,2025-05-30,2025,REG,WAS,NYL,1.0704887218045114,True,,0.40796342297849103,401736147,4066533,9,16,0,True,False,matched,5.0,2025-05-30,over,0.3674143689104479,2.24,1.2400000000000002,1.0,False,False,False
2181,7b83c824-ec6c-41ca-aab0-0fc592acd403,182,Brittney Sykes,brittneysykes,TOR,points,18.5,-130.0,100.0,10,10,2025-05-30 05:02:26+00:00,2025-05-30 05:02:26+00:00,2025-05-30 05:02:26+00:00,2025-05-30 23:30:00+00:00,0.0,2025-05-30,2025,REG,WAS,NYL,1.065217391304348,True,,0.5336835053940976,401736147,2988756,16,9,1,True,False,matched,20.0,2025-05-30,under,0.33684615826036796,2.0,-1.0,1.0,False,False,False
2181,ae7a40dc-4805-4117-b885-3af7272846cb,572,Kiki Iriafen,kikiiriafen,WAS,rebounds,9.5,-136.0,102.0,10,10,2025-05-30 05:02:26+00:00,2025-05-30 05:02:26+00:00,2025-05-30 05:02:26+00:00,2025-05-30 23:30:00+00:00,0.0,2025-05-30,2025,REG,WAS,NYL,1.071320691391173,True,,0.5420932924427202,401736147,4898384,16,9,1,True,False,matched,7.0,2025-05-30,under,0.13082059091598308,2.02,1.02,1.0,False,False,False
2181,38877d65-fc85-42fd-a424-fba8f541908d,141,Jonquel Jones,jonqueljones,NYL,rebounds,9.5,100.0,-132.0,10,10,2025-05-30 05:02:26+00:00,2025-05-30 05:02:26+00:00,2025-05-30 05:02:26+00:00,2025-05-30 23:30:00+00:00,0.0,2025-05-30,2025,REG,WAS,NYL,1.0689655172413794,True,,0.46430627616618364,401736147,2999101,9,16,0,True,False,matched,18.0,2025-05-30,under,0.11771218913986914,1.7575757575757576,-1.0,1.0,False,False,False
2181,c409c1b9-2e0f-4239-9ec4-51c909b917e9,163,Natasha Cloud,natashacloud,CHI,threes,1.5,130.0,-174.0,10,10,2025-05-30 05:02:26+00:00,2025-05-30 05:02:26+00:00,2025-05-30 05:02:26+00:00,2025-05-30 23:30:00+00:00,0.0,2025-05-30,2025,REG,WAS,NYL,1.069819105046017,True,,0.3962729171732011,401736147,2529137,9,16,0,True,False,matched,0.0,2025-05-30,over,0.10961702437721887,2.3,-1.0,1.0,False,False,False
2181,7faad5c4-882e-4bcc-9b7d-eed0d9d74352,137,Breanna Stewart,breannastewart,NYL,points,18.5,-128.0,-102.0,10,10,2025-05-30 05:02:26+00:00,2025-05-30 05:02:26+00:00,2025-05-30 05:02:26+00:00,2025-05-30 23:30:00+00:00,0.0,2025-05-30,2025,REG,WAS,NYL,1.0663540038214347,True,,0.5291749480305961,401736147,2998928,9,16,0,True,False,matched,10.0,2025-05-30,under,0.10736904488009258,1.9803921568627452,0.9803921568627452,1.0,False,False,False
2180,48291552-73ca-4251-9ca9-6adb531a0a58,71,Aliyah Boston,aliyahboston,IND,rebounds,9.5,-130.0,-102.0,10,10,2025-05-30 05:17:04+00:00,2025-05-30 05:17:04+00:00,2025-05-30 05:17:04+00:00,2025-05-30 23:30:00+00:00,0.0,2025-05-30,2025,REG,IND,CON,1.0701678863538528,True,,0.5312123494364493,401736146,4432831,5,18,1,True,False,matched,5.0,2025-05-30,under,0.2277924973592364,1.9803921568627452,0.9803921568627452,1.0,False,False,False
2180,e52b398c-ad0c-4a05-b79d-23e97bf3fb54,9,Tina Charles,tinacharles,FA,points,18.5,-114.0,-114.0,10,10,2025-05-30 05:17:04+00:00,2025-05-30 05:17:04+00:00,2025-05-30 05:17:04+00:00,2025-05-30 23:30:00+00:00,0.0,2025-05-30,2025,REG,IND,CON,1.0654205607476634,True,,0.5000000000000001,401736146,918,18,5,0,True,False,matched,18.0,2025-05-30,under,0.22393360434832,1.8771929824561404,0.8771929824561404,1.0,False,False,False
2180,7915edd6-2b6c-4657-9c31-ee063eb0797d,56,Natasha Howard,natashahoward,MIN,rebounds,6.5,-132.0,100.0,10,10,2025-05-30 05:17:04+00:00,2025-05-30 05:17:04+00:00,2025-05-30 05:17:04+00:00,2025-05-30 23:30:00+00:00,0.0,2025-05-30,2025,REG,IND,CON,1.0689655172413794,True,,0.5356937238338165,401736146,2529130,5,18,1,True,False,matched,6.0,2025-05-30,under,0.21659815007698757,2.0,1.0,1.0,False,False,False
2180,4219caf6-448a-4742-b8ce-0beb16baf38b,70,Kelsey Mitchell,kelseymitchell,IND,points,17.5,-128.0,-102.0,10,10,2025-05-30 05:17:04+00:00,2025-05-30 05:17:04+00:00,2025-05-30 05:17:04+00:00,2025-05-30 23:30:00+00:00,0.0,2025-05-30,2025,REG,IND,CON,1.0663540038214347,True,,0.5291749480305961,401736146,3142191,5,18,1,True,False,matched,13.0,2025-05-30,under,0.1041611161795386,1.9803921568627452,0.9803921568627452,1.0,False,False,False
2182,016b22d6-7021-4f3e-a75e-ffe12bb050da,15,Rhyne Howard,rhynehoward,ATL,points,16.5,-128.0,-102.0,10,10,2025-05-30 05:55:23+00:00,2025-05-30 05:55:23+00:00,2025-05-30 05:55:23+00:00,2025-05-31 02:00:00+00:00,0.0,2025-05-30,2025,REG,SEA,ATL,1.0663540038214347,True,,0.5291749480305961,401736150,4398674,20,14,0,True,False,matched,33.0,2025-05-30,under,0.18930700007756612,1.9803921568627452,-1.0,1.0,False,False,False
2182,7909e9aa-e515-4384-83ec-ee7a4c56b0e0,1,Allisha Gray,allishagray,ATL,threes,2.5,148.0,-200.0,10,10,2025-05-30 05:55:23+00:00,2025-05-30 05:55:23+00:00,2025-05-30 05:55:23+00:00,2025-05-31 02:00:00+00:00,0.0,2025-05-30,2025,REG,SEA,ATL,1.0698924731182795,True,,0.3634985050458517,401736150,3058901,20,14,0,True,False,matched,3.0,2025-05-30,under,0.06495753791393,1.5,-1.0,1.0,False,False,False
2182,e39f83c8-91c9-4557-8d35-736e752e0b1b,49,Brionna Jones,brionnajones,ATL,rebounds,9.5,-106.0,-125.0,10,10,2025-05-30 05:55:24+00:00,2025-05-30 05:55:24+00:00,2025-05-30 05:55:24+00:00,2025-05-31 02:00:00+00:00,0.0,2025-05-30,2025,REG,SEA,ATL,1.070118662351672,True,,0.4787708928615623,401736150,3058895,20,14,0,True,False,matched,5.0,2025-05-30,under,0.3731562131960695,1.8,0.8,1.0,False,False,False
2182,6bedb2a1-7e2f-4993-853e-5f950e24f61f,175,Skylar Diggins,skylardiggins,CHI,threes,1.5,140.0,-188.0,10,10,2025-05-30 06:04:00+00:00,2025-05-30 06:04:00+00:00,2025-05-30 06:04:00+00:00,2025-05-31 02:00:00+00:00,0.0,2025-05-30,2025,REG,SEA,ATL,1.0694444444444444,True,,0.37770717896550643,401736150,2491205,14,20,1,True,False,matched,0.0,2025-05-30,under,0.05446869624049461,1.5319148936170213,0.5319148936170213,1.0,False,False,False
2182,80887e58-da73-4261-870e-a752c888672a,176,Ezi Magbegor,ezimagbegor,SEA,points,9.5,-125.0,-104.0,10,10,2025-05-30 06:04:01+00:00,2025-05-30 06:04:01+00:00,2025-05-30 06:04:01+00:00,2025-05-31 02:00:00+00:00,0.0,2025-05-30,2025,REG,SEA,ATL,1.065359477124183,True,,0.5236312520088393,401736150,4420318,14,20,1,True,False,matched,8.0,2025-05-30,under,0.17686843236372818,1.9615384615384617,0.9615384615384617,1.0,False,False,False
2182,a9e32b8c-cb5c-48cb-9324-cb15da4327de,180,Nneka Ogwumike,nnekaogwumike,LAS,points,18.5,102.0,-132.0,10,10,2025-05-30 06:04:01+00:00,2025-05-30 06:04:01+00:00,2025-05-30 06:04:01+00:00,2025-05-31 02:00:00+00:00,0.0,2025-05-30,2025,REG,SEA,ATL,1.0640150221918745,True,,0.4618487426836327,401736150,1068,14,20,1,True,False,matched,16.0,2025-05-30,under,0.12820334189081556,1.7575757575757576,0.7575757575757576,1.0,False,False,False
2182,566f93a4-30ec-4a40-9b90-0cfbebfabdb7,6,Nia Coffey,niacoffey,MIN,threes,1.5,105.0,-135.0,24,24,2025-05-30 06:23:17+00:00,2025-05-30 06:23:17+00:00,2025-05-30 06:23:17+00:00,2025-05-31 02:00:00+00:00,0.0,2025-05-30,2025,REG,SEA,ATL,1.0622729631551635,True,,0.45531139401703796,401736150,3054590,20,14,0,True,False,matched,0.0,2025-05-30,under,0.30528967009902946,1.7407407407407407,0.7407407407407407,1.0,False,False,False
2182,e12f579b-4b85-49ec-9940-ae70a3161bbb,208,Gabby Williams,gabbywilliams,GSV,threes,1.5,-125.0,-105.0,24,24,2025-05-30 06:23:17+00:00,2025-05-30 06:23:17+00:00,2025-05-30 06:23:17+00:00,2025-05-31 02:00:00+00:00,0.0,2025-05-30,2025,REG,SEA,ATL,1.067750677506775,True,,0.5224258196571001,401736150,3142328,14,20,1,True,False,matched,2.0,2025-05-30,under,0.23617680650393336,1.9523809523809523,-1.0,1.0,False,False,False
2183,ae432100-83cd-4afd-bf6b-851b12ed4ca4,54,Satou Sabally,satousabally,NYL,points,20.5,-122.0,-104.0,10,10,2025-05-30 07:00:11+00:00,2025-05-30 07:00:11+00:00,2025-05-30 07:00:11+00:00,2025-05-31 02:00:00+00:00,0.0,2025-05-30,2025,REG,PHX,MIN,1.059353471118177,True,,0.5204616807260106,401736149,4281929,11,8,1,True,False,matched,26.0,2025-05-30,under,0.36006451672025863,1.9615384615384617,-1.0,1.0,False,False,False
2183,c7050dfe-d307-423d-9f6f-05ff473adeec,40,Alyssa Thomas,alyssathomas,PHO,rebounds,7.5,-144.0,108.0,10,10,2025-05-30 07:00:11+00:00,2025-05-30 07:00:11+00:00,2025-05-30 07:00:11+00:00,2025-05-31 02:00:00+00:00,0.0,2025-05-30,2025,REG,PHX,MIN,1.0709331651954601,True,,0.5566845205396996,401736149,2529140,11,8,1,True,True,did_not_play,,2025-05-30,under,0.20592638721640938,2.08,0.0,0.0,False,True,False
2183,9973bd1a-8d91-4118-9fe9-92ba25684bc3,177,Sami Whitcomb,samiwhitcomb,PHO,threes,1.5,-145.0,115.0,24,24,2025-05-30 07:26:26+00:00,2025-05-30 07:26:26+00:00,2025-05-30 07:26:26+00:00,2025-05-31 02:00:00+00:00,0.0,2025-05-30,2025,REG,PHX,MIN,1.056953013763645,True,,0.5651598000470045,401736149,887,11,8,1,True,False,matched,1.0,2025-05-30,under,0.36353805453546495,2.15,1.15,1.0,False,False,False
2183,10f89f76-c61d-4782-8e99-3240f323e699,117,Courtney Williams,courtneywilliams,MIN,assists,4.5,-135.0,105.0,24,24,2025-05-30 07:26:26+00:00,2025-05-30 07:26:26+00:00,2025-05-30 07:26:26+00:00,2025-05-31 02:00:00+00:00,0.0,2025-05-30,2025,REG,PHX,MIN,1.0622729631551635,True,,0.5446886059829622,401736149,2987891,8,11,0,True,False,matched,7.0,2025-05-30,over,0.1514061820554286,1.7407407407407407,0.7407407407407407,1.0,False,False,False
2183,c62230d8-f07c-4f59-bf95-f9f941c41034,125,Kayla McBride,kaylamcbride,MIN,threes,2.5,-125.0,-105.0,24,24,2025-05-30 07:26:26+00:00,2025-05-30 07:26:26+00:00,2025-05-30 07:26:26+00:00,2025-05-31 02:00:00+00:00,0.0,2025-05-30,2025,REG,PHX,MIN,1.067750677506775,True,,0.5224258196571001,401736149,2529205,8,11,0,True,False,matched,3.0,2025-05-30,under,0.12174388194178937,1.9523809523809523,-1.0,1.0,False,False,False
2183,bd99dd3c-ec2a-4bdc-8b61-e23e6ac0b899,121,Alanna Smith,alannasmith,DAL,rebounds,4.5,-125.0,-106.0,10,10,2025-05-30 12:29:33+00:00,2025-05-30 12:29:33+00:00,2025-05-30 12:29:33+00:00,2025-05-31 02:00:00+00:00,0.0,2025-05-30,2025,REG,PHX,MIN,1.070118662351672,True,,0.5212291071384377,401736149,3913881,8,11,0,True,False,matched,4.0,2025-05-30,over,0.12745940296072145,1.8,-1.0,1.0,False,False,False
2180,71afae50-28d7-428b-87b8-322ed171f7fd,43,Olivia Nelson-Ododa,olivianelsonododa,CON,points,9.5,-115.0,-115.0,49,49,2025-05-30 13:05:54+00:00,2025-05-30 13:05:54+00:00,2025-05-30 13:05:54+00:00,2025-05-30 23:30:00+00:00,0.0,2025-05-30,2025,REG,IND,CON,1.0697674418604652,True,,0.5,401736146,4398966,18,5,0,True,False,matched,8.0,2025-05-30,under,0.3501131815819112,1.8695652173913042,0.8695652173913042,1.0,False,False,False
2180,6570b157-985e-4d32-a601-b82cf1da6563,76,Lexie Hull,lexiehull,IND,points,8.5,-115.0,-115.0,49,49,2025-05-30 13:05:54+00:00,2025-05-30 13:05:54+00:00,2025-05-30 13:05:54+00:00,2025-05-30 23:30:00+00:00,0.0,2025-05-30,2025,REG,IND,CON,1.0697674418604652,True,,0.5,401736146,4398829,5,18,1,True,False,matched,12.0,2025-05-30,under,0.11137545939945642,1.8695652173913042,-1.0,1.0,False,False,False
2180,6315ba31-6f9a-4ebf-9258-9769e61c8c9d,22,Marina Mabrey,marinamabrey,TOR,points,15.5,-104.0,-125.0,10,10,2025-05-30 22:49:33+00:00,2025-05-30 22:49:33+00:00,2025-05-30 22:49:33+00:00,2025-05-30 23:30:00+00:00,0.0,2025-05-30,2025,REG,IND,CON,1.065359477124183,True,,0.4763687479911608,401736146,3904576,18,5,0,True,False,matched,26.0,2025-05-30,under,0.08803284789828164,1.8,-1.0,1.0,False,False,False
2183,e4168b6c-05f2-4b50-9739-15b0eae8dc7c,563,Monique Akoa Makani,moniqueakoamakani,PHO,points,8.5,-145.0,110.0,19,19,2025-05-30 23:44:34+00:00,2025-05-30 23:44:34+00:00,2025-05-30 23:44:34+00:00,2025-05-31 02:00:00+00:00,0.0,2025-05-30,2025,REG,PHX,MIN,1.0680272108843538,True,,0.5598270164425229,401736149,5274110,11,8,1,True,False,matched,5.0,2025-05-30,under,0.11047331301425484,2.1,1.1,1.0,False,False,False
2185,bc8a986c-c245-4155-8735-c21ea69a5c9d,145,Courtney Vandersloot,courtneyvandersloot,CHI,assists,6.5,-102.0,-130.0,10,10,2025-05-31 06:14:16+00:00,2025-05-31 06:14:16+00:00,2025-05-31 06:14:16+00:00,2025-06-01 00:00:00+00:00,0.0,2025-05-31,2025,REG,DAL,CHI,1.0701678863538528,True,,0.46878765056355093,401736151,981,19,3,0,True,False,matched,7.0,2025-05-31,under,0.25853904344913387,1.7692307692307692,-1.0,1.0,False,False,False
2185,0fd90626-92be-4200-aa05-64b9bf2c5daf,185,Ariel Atkins,arielatkins,LAS,threes,1.5,116.0,-154.0,10,10,2025-05-31 06:14:16+00:00,2025-05-31 06:14:16+00:00,2025-05-31 06:14:16+00:00,2025-06-01 00:00:00+00:00,0.0,2025-05-31,2025,REG,DAL,CHI,1.0692621755613883,True,,0.425792012343204,401736151,3146151,19,3,0,True,False,matched,4.0,2025-05-31,over,0.17199378144384025,2.16,1.1600000000000001,1.0,False,False,False
2185,6539c02f-a794-46d0-bb3b-9183d2a189d2,26,Angel Reese,angelreese,ATL,rebounds,12.5,-102.0,-130.0,10,10,2025-05-31 06:14:17+00:00,2025-05-31 06:14:17+00:00,2025-05-31 06:14:17+00:00,2025-06-01 00:00:00+00:00,0.0,2025-05-31,2025,REG,DAL,CHI,1.0701678863538528,True,,0.46878765056355093,401736151,4433402,19,3,0,True,False,matched,9.0,2025-05-31,under,0.17666636096416005,1.7692307692307692,0.7692307692307692,1.0,False,False,False
2185,b66e637d-4e8b-4e31-a6e3-86577735018f,63,Arike Ogunbowale,arikeogunbowale,DAL,threes,2.5,-154.0,116.0,10,10,2025-05-31 06:21:02+00:00,2025-05-31 06:21:02+00:00,2025-05-31 06:21:02+00:00,2025-06-01 00:00:00+00:00,0.0,2025-05-31,2025,REG,DAL,CHI,1.0692621755613883,True,,0.574207987656796,401736151,3904577,3,19,1,True,False,matched,1.0,2025-05-31,under,0.14090686751697984,2.16,1.1600000000000001,1.0,False,False,False
2185,7d88d3d1-eab5-4f76-a8a9-cbcea631e38e,48,DiJonai Carrington,dijonaicarrington,CHI,rebounds,3.5,-132.0,100.0,10,10,2025-05-31 06:21:02+00:00,2025-05-31 06:21:02+00:00,2025-05-31 06:21:02+00:00,2025-06-01 00:00:00+00:00,0.0,2025-05-31,2025,REG,DAL,CHI,1.0689655172413794,True,,0.5356937238338165,401736151,4066548,3,19,1,True,False,matched,3.0,2025-05-31,over,0.14064911571466054,1.7575757575757576,-1.0,1.0,False,False,False
2185,7890d0da-a4ad-4cd1-bf08-f4a446280c93,30,Kamilla Cardoso,kamillacardoso,CHI,assists,2.5,150.0,-185.0,24,24,2025-05-31 07:28:09+00:00,2025-05-31 07:28:09+00:00,2025-05-31 07:28:09+00:00,2025-06-01 00:00:00+00:00,0.0,2025-05-31,2025,REG,DAL,CHI,1.049122807017544,True,,0.3723998049350017,401736151,4433405,19,3,0,True,False,matched,1.0,2025-05-31,under,0.12220454105708628,1.5405405405405406,0.5405405405405406,1.0,False,False,False
2185,034e512f-6965-4a56-b5e6-cb77cc5466e0,61,Maddy Siegrist,maddysiegrist,DAL,points,10.5,120.0,-170.0,33,33,2025-05-31 08:06:21+00:00,2025-05-31 08:06:21+00:00,2025-05-31 08:06:21+00:00,2025-06-01 00:00:00+00:00,0.0,2025-05-31,2025,REG,DAL,CHI,1.0841750841750841,True,,0.40856326639475826,401736151,4399415,3,19,1,True,False,matched,11.0,2025-05-31,under,0.1531705001637671,1.5882352941176472,-1.0,1.0,False,False,False
2185,c95eddcf-5562-465a-a7e1-bf7c052a8c48,193,Myisha Hines-Allen,myishahinesallen,IND,points,9.5,-113.0,-115.0,10,10,2025-05-31 22:21:02+00:00,2025-05-31 22:21:02+00:00,2025-05-31 22:21:02+00:00,2025-06-01 00:00:00+00:00,0.0,2025-05-31,2025,REG,DAL,CHI,1.0654001528551151,True,,0.49774423259931944,401736151,3142055,3,19,1,True,False,matched,1.0,2025-05-31,under,0.32110431309417936,1.8695652173913042,0.8695652173913042,1.0,False,False,False
2185,0466b020-857e-484c-a01a-c113a67a9e1d,96,Kia Nurse,kianurse,TOR,threes,1.5,-125.0,-115.0,49,49,2025-05-31 22:38:30+00:00,2025-05-31 22:38:30+00:00,2025-05-31 22:38:30+00:00,2025-06-01 00:00:00+00:00,0.0,2025-05-31,2025,REG,DAL,CHI,1.0904392764857882,True,,0.5108317091649132,401736151,3142327,19,3,0,True,False,matched,2.0,2025-05-31,under,0.10335408474761648,1.8695652173913042,-1.0,1.0,False,False,False
2186,f0f9325e-403b-4f4c-87fe-dfaa29db185d,9,Tina Charles,tinacharles,FA,rebounds,6.5,116.0,-154.0,10,10,2025-06-01 03:34:35+00:00,2025-06-01 03:34:35+00:00,2025-06-01 03:34:35+00:00,2025-06-01 19:00:00+00:00,0.0,2025-06-01,2025,REG,NYL,CON,1.0692621755613883,True,,0.425792012343204,401736152,918,18,9,0,True,False,matched,1.0,2025-06-01,over,0.31493123189288974,2.16,-1.0,1.0,False,False,False
2186,d8266bd6-966d-4e67-a112-7abc5db2ec91,43,Olivia Nelson-Ododa,olivianelsonododa,CON,points,9.5,102.0,-132.0,10,10,2025-06-01 03:37:56+00:00,2025-06-01 03:37:56+00:00,2025-06-01 03:37:56+00:00,2025-06-01 19:00:00+00:00,0.0,2025-06-01,2025,REG,NYL,CON,1.0640150221918745,True,,0.4618487426836327,401736152,4398966,18,9,0,True,False,matched,6.0,2025-06-01,under,0.25714819496458946,1.7575757575757576,0.7575757575757576,1.0,False,False,False
2186,4f2a3c71-407f-4386-a1bb-64a452e2a3ea,22,Marina Mabrey,marinamabrey,TOR,points,16.5,-110.0,-118.0,10,10,2025-06-01 03:37:56+00:00,2025-06-01 03:37:56+00:00,2025-06-01 03:37:56+00:00,2025-06-01 19:00:00+00:00,0.0,2025-06-01,2025,REG,NYL,CON,1.0650939274792486,True,,0.4909754767731684,401736152,3904576,18,9,0,True,False,matched,8.0,2025-06-01,under,0.19159484238544183,1.847457627118644,0.847457627118644,1.0,False,False,False
2186,1426cb58-b6ff-4738-9a6c-f28d62148668,132,Sabrina Ionescu,sabrinaionescu,NYL,assists,4.5,-104.0,-128.0,10,10,2025-06-01 03:44:41+00:00,2025-06-01 03:44:41+00:00,2025-06-01 03:44:41+00:00,2025-06-01 19:00:00+00:00,0.0,2025-06-01,2025,REG,NYL,CON,1.0712074303405572,True,,0.4732611100971195,401736152,4066533,9,18,1,True,False,matched,5.0,2025-06-01,over,0.2921040922801631,1.9615384615384617,0.9615384615384617,1.0,False,False,False
2186,e00a9a10-b7e8-42b0-a1e7-b236fc5b65c5,137,Breanna Stewart,breannastewart,NYL,rebounds,5.5,-114.0,-114.0,10,10,2025-06-01 03:44:41+00:00,2025-06-01 03:44:41+00:00,2025-06-01 03:44:41+00:00,2025-06-01 19:00:00+00:00,0.0,2025-06-01,2025,REG,NYL,CON,1.0654205607476634,True,,0.5000000000000001,401736152,2998928,9,18,1,True,False,matched,3.0,2025-06-01,over,0.08137013952993016,1.8771929824561404,-1.0,1.0,False,False,False
2186,20c6958d-60f3-40c8-aeb8-7b52333f5640,141,Jonquel Jones,jonqueljones,NYL,rebounds,10.5,-130.0,-102.0,10,10,2025-06-01 03:48:05+00:00,2025-06-01 03:48:05+00:00,2025-06-01 03:48:05+00:00,2025-06-01 19:00:00+00:00,0.0,2025-06-01,2025,REG,NYL,CON,1.0701678863538528,True,,0.5312123494364493,401736152,2999101,9,18,1,True,False,matched,11.0,2025-06-01,under,0.37785993341959057,1.9803921568627452,-1.0,1.0,False,False,False
2186,6030f50d-9015-4e4f-9891-f1c2b7f07eb4,163,Natasha Cloud,natashacloud,CHI,rebounds,3.5,-168.0,126.0,10,10,2025-06-01 03:48:05+00:00,2025-06-01 03:48:05+00:00,2025-06-01 03:48:05+00:00,2025-06-01 19:00:00+00:00,0.0,2025-06-01,2025,REG,NYL,CON,1.0693435477479856,True,,0.5954775535118485,401736152,2529137,9,18,1,True,False,matched,2.0,2025-06-01,under,0.27594284719171386,2.26,1.2599999999999998,1.0,False,False,False
2187,5dc35783-e67a-44d4-84da-640cd4450a72,103,A'ja Wilson,ajawilson,LVA,points,24.5,-113.0,-115.0,10,10,2025-06-01 05:28:51+00:00,2025-06-01 05:28:51+00:00,2025-06-01 05:28:51+00:00,2025-06-01 22:00:00+00:00,0.0,2025-06-01,2025,REG,SEA,LVA,1.0654001528551151,True,,0.49774423259931944,401736154,3149391,17,14,0,True,False,matched,19.0,2025-06-01,under,0.19424115827361438,1.8695652173913042,0.8695652173913042,1.0,False,False,False
2187,2868ad94-313f-400c-8312-0f5966e5651b,107,Chelsea Gray,chelseagray,LVA,assists,3.5,-112.0,-118.0,10,10,2025-06-01 05:32:14+00:00,2025-06-01 05:32:14+00:00,2025-06-01 05:32:14+00:00,2025-06-01 22:00:00+00:00,0.0,2025-06-01,2025,REG,SEA,LVA,1.0695862904621776,True,,0.49327872882454105,401736154,2529122,17,14,0,True,False,matched,6.0,2025-06-01,over,0.2868695388739758,1.8928571428571428,0.8928571428571428,1.0,False,False,False
2187,73eca18e-ade5-4761-b470-1c5d23cde460,102,Jackie Young,jackieyoung,LVA,rebounds,3.5,142.0,-192.0,10,10,2025-06-01 05:32:14+00:00,2025-06-01 05:32:14+00:00,2025-06-01 05:32:14+00:00,2025-06-01 22:00:00+00:00,0.0,2025-06-01,2025,REG,SEA,LVA,1.0707573870712102,True,,0.37336020860003377,401736154,4065870,17,14,0,True,False,matched,4.0,2025-06-01,over,0.27405544631301465,2.42,1.42,1.0,False,False,False
2187,82f4a9b2-3e24-47cc-b083-ba4831220d2c,166,Jewell Loyd,jewellloyd,LVA,threes,1.5,-154.0,116.0,10,10,2025-06-01 05:32:14+00:00,2025-06-01 05:32:14+00:00,2025-06-01 05:32:14+00:00,2025-06-01 22:00:00+00:00,0.0,2025-06-01,2025,REG,SEA,LVA,1.0692621755613883,True,,0.574207987656796,401736154,2987869,17,14,0,True,False,matched,2.0,2025-06-01,under,0.09010489433305968,2.16,-1.0,1.0,False,False,False
2187,7a64aead-7a42-4a74-839d-4a86971b79c3,175,Skylar Diggins,skylardiggins,CHI,assists,6.5,102.0,-136.0,10,10,2025-06-01 05:35:37+00:00,2025-06-01 05:35:37+00:00,2025-06-01 05:35:37+00:00,2025-06-01 22:00:00+00:00,0.0,2025-06-01,2025,REG,SEA,LVA,1.071320691391173,True,,0.4579067075572801,401736154,2491205,14,17,1,True,False,matched,5.0,2025-06-01,over,0.0998228895523059,2.02,-1.0,1.0,False,False,False
2187,0ea6f20d-17bb-4031-9ff4-2e10f95d7557,180,Nneka Ogwumike,nnekaogwumike,LAS,points,17.5,-108.0,-120.0,10,10,2025-06-01 05:35:38+00:00,2025-06-01 05:35:38+00:00,2025-06-01 05:35:38+00:00,2025-06-01 22:00:00+00:00,0.0,2025-06-01,2025,REG,SEA,LVA,1.0646853146853146,True,,0.48646030463369283,401736154,1068,14,17,1,True,False,matched,9.0,2025-06-01,under,0.13015016685042669,1.8333333333333335,0.8333333333333335,1.0,False,False,False
2187,5d9690cc-4291-47a5-81cb-b89fcb209f48,208,Gabby Williams,gabbywilliams,GSV,points,12.5,-108.0,-120.0,10,10,2025-06-01 05:35:38+00:00,2025-06-01 05:35:38+00:00,2025-06-01 05:35:38+00:00,2025-06-01 22:00:00+00:00,0.0,2025-06-01,2025,REG,SEA,LVA,1.0646853146853146,True,,0.48646030463369283,401736154,3142328,14,17,1,True,False,matched,20.0,2025-06-01,under,0.11563940111953463,1.8333333333333335,-1.0,1.0,False,False,False
2189,84458e0e-26c5-4f3c-bd3d-d72a52124454,112,Napheesa Collier,napheesacollier,MIN,points,23.5,-113.0,-115.0,10,10,2025-06-01 06:07:19+00:00,2025-06-01 06:07:19+00:00,2025-06-01 06:07:19+00:00,2025-06-02 00:30:00+00:00,0.0,2025-06-01,2025,REG,GSV,MIN,1.0654001528551151,True,,0.49774423259931944,401736155,3917450,8,129689,0,True,False,matched,24.0,2025-06-01,under,0.21636072479958518,1.8695652173913042,-1.0,1.0,False,False,False
2189,d6d06920-dc32-4573-a35b-5a498a49c2ec,139,Kayla Thornton,kaylathornton,GSV,threes,1.5,-158.0,118.0,10,10,2025-06-01 06:14:04+00:00,2025-06-01 06:14:04+00:00,2025-06-01 06:14:04+00:00,2025-06-02 00:30:00+00:00,0.0,2025-06-01,2025,REG,GSV,MIN,1.0711186971054691,True,,0.5796527091990534,401736155,2529622,129689,8,1,True,False,matched,1.0,2025-06-01,under,0.4616818711378174,2.1799999999999997,1.1799999999999997,1.0,False,False,False
2189,223f2890-3dc3-4cf1-ba7e-fc761f5f72a2,72,Temi Fagbenle,temifagbenle,TOR,rebounds,5.5,-154.0,116.0,10,10,2025-06-01 06:14:04+00:00,2025-06-01 06:14:04+00:00,2025-06-01 06:14:04+00:00,2025-06-02 00:30:00+00:00,0.0,2025-06-01,2025,REG,GSV,MIN,1.0692621755613883,True,,0.574207987656796,401736155,2569044,129689,8,1,True,False,matched,3.0,2025-06-01,under,0.45198624769485846,2.16,1.1600000000000001,1.0,False,False,False
2188,9f25f6bd-11a0-4a64-847d-555d2bcc58e2,101,Kelsey Plum,kelseyplum,LAS,assists,6.5,116.0,-154.0,10,10,2025-06-01 06:31:14+00:00,2025-06-01 06:31:14+00:00,2025-06-01 06:31:14+00:00,2025-06-01 22:00:00+00:00,0.0,2025-06-01,2025,REG,LAS,PHX,1.0692621755613883,True,,0.425792012343204,401736153,3065570,6,11,1,True,False,matched,2.0,2025-06-01,under,0.3706699726095343,1.6493506493506493,0.6493506493506493,1.0,False,False,False
2188,618d548a-1ad7-43da-bc82-3f4a881c02b3,82,Azura Stevens,azurastevens,CHI,rebounds,9.5,-112.0,-118.0,10,10,2025-06-01 06:31:14+00:00,2025-06-01 06:31:14+00:00,2025-06-01 06:31:14+00:00,2025-06-01 22:00:00+00:00,0.0,2025-06-01,2025,REG,LAS,PHX,1.0695862904621776,True,,0.49327872882454105,401736153,3142010,6,11,1,True,False,matched,7.0,2025-06-01,under,0.24316771787907193,1.847457627118644,0.847457627118644,1.0,False,False,False
2188,a64a59fd-4e48-481a-9be3-8307799ee3b4,54,Satou Sabally,satousabally,NYL,threes,2.5,110.0,-146.0,10,10,2025-06-01 06:38:15+00:00,2025-06-01 06:38:15+00:00,2025-06-01 06:38:15+00:00,2025-06-01 22:00:00+00:00,0.0,2025-06-01,2025,REG,LAS,PHX,1.0696864111498257,True,,0.4392579960949788,401736153,4281929,11,6,0,True,False,matched,2.0,2025-06-01,under,0.21285310014039316,1.6849315068493151,0.6849315068493151,1.0,False,False,False
2188,0158702c-c8a2-4208-b5d5-512d9835e1b2,177,Sami Whitcomb,samiwhitcomb,PHO,threes,1.5,-145.0,115.0,24,24,2025-06-01 07:42:55+00:00,2025-06-01 07:42:55+00:00,2025-06-01 07:42:55+00:00,2025-06-01 22:00:00+00:00,0.0,2025-06-01,2025,REG,LAS,PHX,1.056953013763645,True,,0.5651598000470045,401736153,887,11,6,0,True,False,matched,3.0,2025-06-01,under,0.2817298080010598,2.15,-1.0,1.0,False,False,False
2189,5a440240-f3e8-4a3e-a472-bbed5ceec086,121,Alanna Smith,alannasmith,DAL,threes,1.5,-140.0,110.0,24,24,2025-06-01 08:02:19+00:00,2025-06-01 08:02:19+00:00,2025-06-01 08:02:19+00:00,2025-06-02 00:30:00+00:00,0.0,2025-06-01,2025,REG,GSV,MIN,1.0595238095238093,True,,0.555167954788897,401736155,3913881,8,129689,0,True,False,matched,0.0,2025-06-01,under,0.2961987355593645,2.1,1.1,1.0,False,False,False
2189,a71f1a50-1d52-4803-8ec9-13c3cc98175a,117,Courtney Williams,courtneywilliams,MIN,assists,5.5,-150.0,120.0,24,24,2025-06-01 08:02:19+00:00,2025-06-01 08:02:19+00:00,2025-06-01 08:02:19+00:00,2025-06-02 00:30:00+00:00,0.0,2025-06-01,2025,REG,GSV,MIN,1.0545454545454547,True,,0.5746986093321318,401736155,2987891,8,129689,0,True,False,matched,5.0,2025-06-01,under,0.06823524928875901,2.2,1.2000000000000002,1.0,False,False,False
2189,cdaee241-e26b-4845-8d3c-57ef94d2880b,537,Janelle Salaun,janellesalaun,GSV,rebounds,5.5,-130.0,-102.0,10,10,2025-06-01 22:17:54+00:00,2025-06-01 22:17:54+00:00,2025-06-01 22:17:54+00:00,2025-06-02 00:30:00+00:00,0.0,2025-06-01,2025,REG,GSV,MIN,1.0701678863538528,True,,0.5312123494364493,401736155,4790264,129689,8,1,True,False,matched,6.0,2025-06-01,over,0.16027196389870052,1.7692307692307692,0.7692307692307692,1.0,False,False,False
2189,9085a1bd-0634-4890-9fb4-1fc7aa5ad4a3,125,Kayla McBride,kaylamcbride,MIN,points,14.5,-130.0,100.0,10,10,2025-06-01 23:09:46+00:00,2025-06-01 23:09:46+00:00,2025-06-01 23:09:46+00:00,2025-06-02 00:30:00+00:00,0.0,2025-06-01,2025,REG,GSV,MIN,1.065217391304348,True,,0.5336835053940976,401736155,2529205,8,129689,0,True,False,matched,16.0,2025-06-01,under,0.1307012878525955,2.0,-1.0,1.0,False,False,False
2189,29dd915c-a9db-4be5-9669-b531e7cd323f,128,Bridget Carleton,bridgetcarleton,PDX,rebounds,3.5,-130.0,-110.0,49,49,2025-06-01 23:26:45+00:00,2025-06-01 23:26:45+00:00,2025-06-01 23:26:45+00:00,2025-06-02 00:30:00+00:00,0.0,2025-06-01,2025,REG,GSV,MIN,1.0890269151138718,True,,0.521679232465576,401736155,3906972,8,129689,0,True,False,matched,2.0,2025-06-01,under,0.06615383107235723,1.9090909090909092,0.9090909090909092,1.0,False,False,False
2189,238e78d7-657a-4813-ae70-0bb94a5bb5a9,55,Veronica Burton,veronicaburton,GSV,points,9.5,-108.0,-120.0,10,10,2025-06-02 00:14:00+00:00,2025-06-02 00:14:00+00:00,2025-06-02 00:14:00+00:00,2025-06-02 00:30:00+00:00,0.0,2025-06-01,2025,REG,GSV,MIN,1.0646853146853146,True,,0.48646030463369283,401736155,4398935,129689,8,1,True,False,matched,21.0,2025-06-01,under,0.18637617027060138,1.8333333333333335,-1.0,1.0,False,False,False
2190,d4442bfb-0aaf-4464-8142-9a338b717c96,182,Brittney Sykes,brittneysykes,TOR,rebounds,4.5,-146.0,110.0,10,10,2025-06-02 04:53:03+00:00,2025-06-02 04:53:03+00:00,2025-06-02 04:53:03+00:00,2025-06-03 23:00:00+00:00,0.0,2025-06-03,2025,REG,IND,WAS,1.0696864111498257,True,,0.5607420039050215,401736156,2988756,16,5,0,True,False,matched,6.0,2025-06-03,under,0.13470317333789894,2.1,-1.0,1.0,False,False,False
2190,7f805c1d-cca4-48a9-8398-d2f8a3af9802,572,Kiki Iriafen,kikiiriafen,WAS,rebounds,9.5,110.0,-146.0,10,10,2025-06-02 04:53:03+00:00,2025-06-02 04:53:03+00:00,2025-06-02 04:53:03+00:00,2025-06-03 23:00:00+00:00,0.0,2025-06-03,2025,REG,IND,WAS,1.0696864111498257,True,,0.4392579960949788,401736156,4898384,16,5,0,True,False,matched,9.0,2025-06-03,under,0.13348534210763507,1.6849315068493151,0.6849315068493151,1.0,False,False,False
2190,cf195df5-11e5-4d8f-b47a-19fdeee4b655,71,Aliyah Boston,aliyahboston,IND,points,15.5,-102.0,-128.0,10,10,2025-06-02 04:53:03+00:00,2025-06-02 04:53:03+00:00,2025-06-02 04:53:03+00:00,2025-06-03 23:00:00+00:00,0.0,2025-06-03,2025,REG,IND,WAS,1.0663540038214347,True,,0.47082505196940394,401736156,4432831,5,16,1,True,False,matched,10.0,2025-06-03,under,0.078049888070019,1.78125,0.78125,1.0,False,False,False
2190,7ffcd434-0a36-4e11-843d-3415d4905925,573,Sonia Citron,soniacitron,WAS,threes,1.5,-130.0,-102.0,10,10,2025-06-02 04:53:03+00:00,2025-06-02 04:53:03+00:00,2025-06-02 04:53:03+00:00,2025-06-03 23:00:00+00:00,0.0,2025-06-03,2025,REG,IND,WAS,1.0701678863538528,True,,0.5312123494364493,401736156,4433524,16,5,0,True,False,matched,1.0,2025-06-03,under,0.06162770448547983,1.9803921568627452,0.9803921568627452,1.0,False,False,False
2192,edaaa959-eb79-4920-b0e0-1e7200be9cb6,208,Gabby Williams,gabbywilliams,GSV,threes,1.5,-130.0,-102.0,10,10,2025-06-02 05:16:22+00:00,2025-06-02 05:16:22+00:00,2025-06-02 05:16:22+00:00,2025-06-04 01:30:00+00:00,0.0,2025-06-03,2025,REG,SEA,DAL,1.0701678863538528,True,,0.5312123494364493,401736158,3142328,14,3,1,True,False,matched,1.0,2025-06-03,under,0.25751923725988657,1.9803921568627452,0.9803921568627452,1.0,False,False,False
2192,4bb4486b-3f22-4fa4-a7b5-d27b2651742c,176,Ezi Magbegor,ezimagbegor,SEA,rebounds,7.5,-136.0,102.0,10,10,2025-06-02 05:16:22+00:00,2025-06-02 05:16:22+00:00,2025-06-02 05:16:22+00:00,2025-06-04 01:30:00+00:00,0.0,2025-06-03,2025,REG,SEA,DAL,1.071320691391173,True,,0.5420932924427202,401736158,4420318,14,3,1,True,False,matched,7.0,2025-06-03,under,0.19026485787935155,2.02,1.02,1.0,False,False,False
2192,fdbc3449-c808-4804-9335-ab0c43bebcf7,180,Nneka Ogwumike,nnekaogwumike,LAS,rebounds,8.5,-112.0,-118.0,10,10,2025-06-02 05:16:22+00:00,2025-06-02 05:16:22+00:00,2025-06-02 05:16:22+00:00,2025-06-04 01:30:00+00:00,0.0,2025-06-03,2025,REG,SEA,DAL,1.0695862904621776,True,,0.49327872882454105,401736158,1068,14,3,1,True,False,matched,9.0,2025-06-03,under,0.12463175073392929,1.847457627118644,-1.0,1.0,False,False,False
2192,7df38eff-8af0-4664-a2b6-ee9dccff786c,61,Maddy Siegrist,maddysiegrist,DAL,points,9.5,-110.0,-118.0,10,10,2025-06-02 05:16:22+00:00,2025-06-02 05:16:22+00:00,2025-06-02 05:16:22+00:00,2025-06-04 01:30:00+00:00,0.0,2025-06-03,2025,REG,SEA,DAL,1.0650939274792486,True,,0.4909754767731684,401736158,4399415,3,14,0,True,False,matched,11.0,2025-06-03,under,0.09909718851224181,1.847457627118644,-1.0,1.0,False,False,False
2192,bf7ef245-53df-4f45-99df-5004432f59b4,48,DiJonai Carrington,dijonaicarrington,CHI,rebounds,3.5,-152.0,114.0,10,10,2025-06-02 05:16:22+00:00,2025-06-02 05:16:22+00:00,2025-06-02 05:16:22+00:00,2025-06-04 01:30:00+00:00,0.0,2025-06-03,2025,REG,SEA,DAL,1.0704643228007713,True,,0.5703965275254933,401736158,4066548,3,14,0,True,False,matched,8.0,2025-06-03,over,0.06978802497385983,1.6578947368421053,0.6578947368421053,1.0,False,False,False
2191,5c0d807d-372e-45c4-b665-8f0f9d8aface,112,Napheesa Collier,napheesacollier,MIN,points,22.5,-104.0,-125.0,10,10,2025-06-02 06:20:25+00:00,2025-06-02 06:20:25+00:00,2025-06-02 06:20:25+00:00,2025-06-04 00:00:00+00:00,0.0,2025-06-03,2025,REG,MIN,PHX,1.065359477124183,True,,0.4763687479911608,401736157,3917450,8,11,1,True,False,matched,18.0,2025-06-03,under,0.12108311753666551,1.8,0.8,1.0,False,False,False
2191,8aec2a5d-d8e0-4908-9b46-27d5e32ef947,117,Courtney Williams,courtneywilliams,MIN,assists,5.5,-102.0,-130.0,10,10,2025-06-02 06:20:25+00:00,2025-06-02 06:20:25+00:00,2025-06-02 06:20:25+00:00,2025-06-04 00:00:00+00:00,0.0,2025-06-03,2025,REG,MIN,PHX,1.0701678863538528,True,,0.46878765056355093,401736157,2987891,8,11,1,True,False,matched,5.0,2025-06-03,over,0.11542109613522694,1.9803921568627452,-1.0,1.0,False,False,False
2191,a9d60966-756e-40de-9b76-9f3f6b173012,121,Alanna Smith,alannasmith,DAL,rebounds,4.5,-130.0,-102.0,10,10,2025-06-02 06:20:25+00:00,2025-06-02 06:20:25+00:00,2025-06-02 06:20:25+00:00,2025-06-04 00:00:00+00:00,0.0,2025-06-03,2025,REG,MIN,PHX,1.0701678863538528,True,,0.5312123494364493,401736157,3913881,8,11,1,True,False,matched,3.0,2025-06-03,over,0.10756410671918981,1.7692307692307692,-1.0,1.0,False,False,False
2191,0586089b-5f9b-4c46-a3c4-160713189fb7,125,Kayla McBride,kaylamcbride,MIN,points,15.5,100.0,-130.0,10,10,2025-06-02 06:20:25+00:00,2025-06-02 06:20:25+00:00,2025-06-02 06:20:25+00:00,2025-06-04 00:00:00+00:00,0.0,2025-06-03,2025,REG,MIN,PHX,1.065217391304348,True,,0.4663164946059025,401736157,2529205,8,11,1,True,False,matched,13.0,2025-06-03,under,0.061433410468631766,1.7692307692307692,0.7692307692307692,1.0,False,False,False
2191,029a4586-317b-4561-9f42-11986f82b2b0,54,Satou Sabally,satousabally,NYL,points,21.5,-115.0,-113.0,10,10,2025-06-02 06:23:45+00:00,2025-06-02 06:23:45+00:00,2025-06-02 06:23:45+00:00,2025-06-04 00:00:00+00:00,0.0,2025-06-03,2025,REG,MIN,PHX,1.0654001528551151,True,,0.5022557674006809,401736157,4281929,11,8,0,True,False,matched,15.0,2025-06-03,under,0.29938115927855136,1.8849557522123894,0.8849557522123894,1.0,False,False,False
2191,e96362aa-8bee-4abf-962e-8869d9ed7258,177,Sami Whitcomb,samiwhitcomb,PHO,threes,1.5,-150.0,105.0,49,49,2025-06-02 09:24:05+00:00,2025-06-02 09:24:05+00:00,2025-06-02 09:24:05+00:00,2025-06-04 00:00:00+00:00,0.0,2025-06-03,2025,REG,MIN,PHX,1.0878048780487806,True,,0.5587058424150191,401736157,887,11,8,0,True,False,matched,0.0,2025-06-03,under,0.11408116564032039,2.05,1.0499999999999998,1.0,False,False,False
2191,7dfbbdd9-509f-4abf-9b01-4803db7dc7d8,128,Bridget Carleton,bridgetcarleton,PDX,points,9.5,275.0,-400.0,49,49,2025-06-02 23:26:27+00:00,2025-06-02 23:26:27+00:00,2025-06-02 23:26:27+00:00,2025-06-04 00:00:00+00:00,0.0,2025-06-03,2025,REG,MIN,PHX,1.0666666666666667,True,,0.22349859889953516,401736157,3906972,8,11,1,True,False,matched,3.0,2025-06-03,over,0.2483576205516217,3.75,-1.0,1.0,False,False,False
2191,444876fa-bc9d-4712-bcb1-f06b0f99503d,563,Monique Akoa Makani,moniqueakoamakani,PHO,points,10.5,-105.0,-127.0,36,36,2025-06-03 06:58:58+00:00,2025-06-03 06:58:58+00:00,2025-06-03 06:58:58+00:00,2025-06-04 00:00:00+00:00,0.0,2025-06-03,2025,REG,MIN,PHX,1.0716664875899862,True,,0.47549523736149757,401736157,5274110,11,8,0,True,False,matched,4.0,2025-06-03,under,0.3070964218171144,1.7874015748031495,0.7874015748031495,1.0,False,False,False
2194,5ce2544c-ca23-4130-8ff9-a9e6dc85c367,55,Veronica Burton,veronicaburton,GSV,threes,1.5,138.0,-186.0,10,10,2025-06-04 03:18:18+00:00,2025-06-04 03:18:18+00:00,2025-06-04 03:18:18+00:00,2025-06-06 02:00:00+00:00,0.0,2025-06-05,2025,REG,PHX,GSV,1.070517717576541,True,,0.3807086475713989,401736160,4398935,129689,11,0,True,False,matched,1.0,2025-06-05,under,0.06475893679181782,1.5376344086021505,0.5376344086021505,1.0,False,False,False
2194,6c503250-405e-404c-9f1e-cd45f17db727,139,Kayla Thornton,kaylathornton,GSV,rebounds,5.5,-125.0,-106.0,10,10,2025-06-04 03:18:19+00:00,2025-06-04 03:18:19+00:00,2025-06-04 03:18:19+00:00,2025-06-06 02:00:00+00:00,0.0,2025-06-05,2025,REG,PHX,GSV,1.070118662351672,True,,0.5212291071384377,401736160,2529622,129689,11,0,True,False,matched,3.0,2025-06-05,under,0.47835967616287345,1.9433962264150944,0.9433962264150944,1.0,False,False,False
2194,22a5f4ce-2952-4e2d-ae89-fa9eb435f3f5,54,Satou Sabally,satousabally,NYL,threes,1.5,-178.0,132.0,10,10,2025-06-04 03:18:19+00:00,2025-06-04 03:18:19+00:00,2025-06-04 03:18:19+00:00,2025-06-06 02:00:00+00:00,0.0,2025-06-05,2025,REG,PHX,GSV,1.0713222525427932,True,,0.6084851511650193,401736160,4281929,11,129689,1,True,False,matched,1.0,2025-06-05,under,0.2065677848804091,2.3200000000000003,1.3200000000000003,1.0,False,False,False
2194,b5c0ff1c-0274-4024-a418-82e8d7ce5966,537,Janelle Salaun,janellesalaun,GSV,points,12.5,-104.0,-125.0,10,10,2025-06-04 03:18:19+00:00,2025-06-04 03:18:19+00:00,2025-06-04 03:18:19+00:00,2025-06-06 02:00:00+00:00,0.0,2025-06-05,2025,REG,PHX,GSV,1.065359477124183,True,,0.4763687479911608,401736160,4790264,129689,11,0,True,False,matched,9.0,2025-06-05,under,0.11844298732262709,1.8,0.8,1.0,False,False,False
2193,b6ce32d5-6b29-440e-91e8-71595d64fd98,132,Sabrina Ionescu,sabrinaionescu,NYL,assists,4.5,134.0,-180.0,10,10,2025-06-04 05:51:12+00:00,2025-06-04 05:51:12+00:00,2025-06-04 05:51:12+00:00,2025-06-05 23:30:00+00:00,0.0,2025-06-05,2025,REG,WAS,NYL,1.0702075702075702,True,,0.38834080463047865,401736159,4066533,9,16,0,True,False,matched,7.0,2025-06-05,over,0.3094034821879173,2.34,1.3399999999999999,1.0,False,False,False
2193,76221825-8c5c-4f13-945b-0807d0e2ee13,182,Brittney Sykes,brittneysykes,TOR,points,19.5,102.0,-132.0,10,10,2025-06-04 05:51:12+00:00,2025-06-04 05:51:12+00:00,2025-06-04 05:51:12+00:00,2025-06-05 23:30:00+00:00,0.0,2025-06-05,2025,REG,WAS,NYL,1.0640150221918745,True,,0.4618487426836327,401736159,2988756,16,9,1,True,False,matched,7.0,2025-06-05,under,0.24140223062569516,1.7575757575757576,0.7575757575757576,1.0,False,False,False
2193,4ecfb3e3-7aa4-443f-8fd0-06fa3d440dea,573,Sonia Citron,soniacitron,WAS,points,12.5,-114.0,-114.0,10,10,2025-06-04 05:51:12+00:00,2025-06-04 05:51:12+00:00,2025-06-04 05:51:12+00:00,2025-06-05 23:30:00+00:00,0.0,2025-06-05,2025,REG,WAS,NYL,1.0654205607476634,True,,0.5000000000000001,401736159,4433524,16,9,1,True,False,matched,13.0,2025-06-05,under,0.06480521389167127,1.8771929824561404,-1.0,1.0,False,False,False
2193,e35e085a-4940-4fc8-903c-8ee2dd7b29c4,141,Jonquel Jones,jonqueljones,NYL,threes,1.5,118.0,-158.0,10,10,2025-06-04 05:51:12+00:00,2025-06-04 05:51:12+00:00,2025-06-04 05:51:12+00:00,2025-06-05 23:30:00+00:00,0.0,2025-06-05,2025,REG,WAS,NYL,1.0711186971054691,True,,0.42034729080094674,401736159,2999101,9,16,0,True,False,matched,0.0,2025-06-05,under,0.05463240087416177,1.6329113924050633,0.6329113924050633,1.0,False,False,False
2193,c5112726-ce26-4e79-a8ff-73422f3cef0d,137,Breanna Stewart,breannastewart,NYL,rebounds,5.5,118.0,-158.0,10,10,2025-06-04 05:51:13+00:00,2025-06-04 05:51:13+00:00,2025-06-04 05:51:13+00:00,2025-06-05 23:30:00+00:00,0.0,2025-06-05,2025,REG,WAS,NYL,1.0711186971054691,True,,0.42034729080094674,401736159,2998928,9,16,0,True,False,matched,11.0,2025-06-05,over,0.194980265004833,2.1799999999999997,1.1799999999999997,1.0,False,False,False
2194,3bbfd11a-e698-4070-8f1f-da85684a7bd4,300,Kitija Laksa,kitijalaksa,FA,threes,1.5,-150.0,120.0,24,24,2025-06-04 10:35:56+00:00,2025-06-04 10:35:56+00:00,2025-06-04 10:35:56+00:00,2025-06-06 02:00:00+00:00,0.0,2025-06-05,2025,REG,PHX,GSV,1.0545454545454547,True,,0.5746986093321318,401736160,3920741,11,129689,1,True,False,matched,2.0,2025-06-05,under,0.2475982469385442,2.2,-1.0,1.0,False,False,False
2194,08b01caa-46de-4ecc-8f84-1d8464fb527b,72,Temi Fagbenle,temifagbenle,TOR,points,8.5,-125.0,-105.0,49,49,2025-06-04 13:23:49+00:00,2025-06-04 13:23:49+00:00,2025-06-04 13:23:49+00:00,2025-06-06 02:00:00+00:00,0.0,2025-06-05,2025,REG,PHX,GSV,1.067750677506775,True,,0.5224258196571001,401736160,2569044,129689,11,0,True,False,matched,12.0,2025-06-05,under,0.26663230526443576,1.9523809523809523,-1.0,1.0,False,False,False
2196,807aeac5-3c82-4184-bd3f-65fdfca2df21,101,Kelsey Plum,kelseyplum,LAS,assists,5.5,118.0,-158.0,10,10,2025-06-05 19:56:50+00:00,2025-06-05 19:56:50+00:00,2025-06-05 19:56:50+00:00,2025-06-07 01:30:00+00:00,0.0,2025-06-06,2025,REG,DAL,LAS,1.0711186971054691,True,,0.42034729080094674,401736162,3065570,6,3,0,True,False,matched,9.0,2025-06-06,under,0.24720837070104823,1.6329113924050633,-1.0,1.0,False,False,False
2196,9861fff6-bf53-479a-b1e6-31131dcfb5e5,82,Azura Stevens,azurastevens,CHI,threes,1.5,100.0,-132.0,10,10,2025-06-05 19:56:50+00:00,2025-06-05 19:56:50+00:00,2025-06-05 19:56:50+00:00,2025-06-07 01:30:00+00:00,0.0,2025-06-06,2025,REG,DAL,LAS,1.0689655172413794,True,,0.46430627616618364,401736162,3142010,6,3,0,True,False,matched,5.0,2025-06-06,under,0.20383689012931677,1.7575757575757576,-1.0,1.0,False,False,False
2196,dd98b987-a356-44c8-9106-53cb478b8cd6,89,Dearica Hamby,dearicahamby,LAS,rebounds,8.5,-114.0,-114.0,10,10,2025-06-05 19:56:50+00:00,2025-06-05 19:56:50+00:00,2025-06-05 19:56:50+00:00,2025-06-07 01:30:00+00:00,0.0,2025-06-06,2025,REG,DAL,LAS,1.0654205607476634,True,,0.5000000000000001,401736162,2566106,6,3,0,True,False,matched,4.0,2025-06-06,under,0.07733044127301647,1.8771929824561404,0.8771929824561404,1.0,False,False,False
2195,cffef3c2-0153-4d49-9bea-c0b1991babd3,49,Brionna Jones,brionnajones,ATL,rebounds,8.5,104.0,-138.0,10,10,2025-06-05 20:35:28+00:00,2025-06-05 20:35:28+00:00,2025-06-05 20:35:28+00:00,2025-06-06 23:30:00+00:00,0.0,2025-06-06,2025,REG,CON,ATL,1.0700280112044818,True,,0.4535791638529251,401736161,3058895,20,18,0,True,False,matched,6.0,2025-06-06,under,0.29189426527010853,1.7246376811594204,0.7246376811594204,1.0,False,False,False
2195,f15c3db7-27a3-45d6-9539-1eaaa8e82a1d,148,Brittney Griner,brittneygriner,CON,rebounds,6.5,-125.0,-106.0,10,10,2025-06-05 20:35:28+00:00,2025-06-05 20:35:28+00:00,2025-06-05 20:35:28+00:00,2025-06-06 23:30:00+00:00,0.0,2025-06-06,2025,REG,CON,ATL,1.070118662351672,True,,0.5212291071384377,401736161,2490553,20,18,0,True,False,matched,6.0,2025-06-06,under,0.28973189420576023,1.9433962264150944,0.9433962264150944,1.0,False,False,False
2195,f8a222bc-d651-4a98-b218-2496e9f5f7f9,15,Rhyne Howard,rhynehoward,ATL,assists,4.5,-128.0,-104.0,10,10,2025-06-05 20:35:28+00:00,2025-06-05 20:35:28+00:00,2025-06-05 20:35:28+00:00,2025-06-06 23:30:00+00:00,0.0,2025-06-06,2025,REG,CON,ATL,1.0712074303405572,True,,0.5267388899028808,401736161,4398674,20,18,0,True,False,matched,6.0,2025-06-06,under,0.21227932253179332,1.9615384615384617,-1.0,1.0,False,False,False
2195,9aa51d2c-2ec0-45eb-85d5-52cc0bce4c73,9,Tina Charles,tinacharles,FA,rebounds,6.5,116.0,-154.0,10,10,2025-06-05 20:35:28+00:00,2025-06-05 20:35:28+00:00,2025-06-05 20:35:28+00:00,2025-06-06 23:30:00+00:00,0.0,2025-06-06,2025,REG,CON,ATL,1.0692621755613883,True,,0.425792012343204,401736161,918,18,20,1,True,False,matched,4.0,2025-06-06,over,0.1548359062517608,2.16,-1.0,1.0,False,False,False
2195,d1fbbf84-4da0-4dc4-a7cb-2de92931369f,1,Allisha Gray,allishagray,ATL,assists,3.5,-148.0,112.0,10,10,2025-06-05 20:35:28+00:00,2025-06-05 20:35:28+00:00,2025-06-05 20:35:28+00:00,2025-06-06 23:30:00+00:00,0.0,2025-06-06,2025,REG,CON,ATL,1.0684723067559343,True,,0.5647227530167998,401736161,3058901,20,18,0,True,False,matched,4.0,2025-06-06,under,0.12897189278627058,2.12,-1.0,1.0,False,False,False
2195,8a876085-0349-48dd-9fbd-761be0753d9e,22,Marina Mabrey,marinamabrey,TOR,points,15.5,-108.0,-120.0,10,10,2025-06-05 20:35:28+00:00,2025-06-05 20:35:28+00:00,2025-06-05 20:35:28+00:00,2025-06-06 23:30:00+00:00,0.0,2025-06-06,2025,REG,CON,ATL,1.0646853146853146,True,,0.48646030463369283,401736161,3904576,18,20,1,True,False,matched,34.0,2025-06-06,under,0.09854383679771395,1.8333333333333335,-1.0,1.0,False,False,False
2195,98a65dcf-1d6d-449a-850b-ea972938f5dd,43,Olivia Nelson-Ododa,olivianelsonododa,CON,rebounds,5.5,-158.0,118.0,10,10,2025-06-06 00:04:00+00:00,2025-06-06 00:04:00+00:00,2025-06-06 00:04:00+00:00,2025-06-06 23:30:00+00:00,0.0,2025-06-06,2025,REG,CON,ATL,1.0711186971054691,True,,0.5796527091990534,401736161,4398966,18,20,1,True,False,matched,1.0,2025-06-06,under,0.401586096338396,2.1799999999999997,1.1799999999999997,1.0,False,False,False
2194,8cc4804e-7dc5-4bef-b407-fe19deaebe9d,177,Sami Whitcomb,samiwhitcomb,PHO,points,9.5,-114.0,-114.0,10,10,2025-06-06 01:48:09+00:00,2025-06-06 01:48:09+00:00,2025-06-06 01:48:09+00:00,2025-06-06 02:00:00+00:00,0.0,2025-06-05,2025,REG,PHX,GSV,1.0654205607476634,True,,0.5000000000000001,401736160,887,11,129689,1,True,False,matched,9.0,2025-06-05,under,0.3163403184903723,1.8771929824561404,0.8771929824561404,1.0,False,False,False
2198,09bb133f-be56-4c00-a78d-993655c7aabb,71,Aliyah Boston,aliyahboston,IND,assists,3.5,-172.0,128.0,10,10,2025-06-06 05:29:50+00:00,2025-06-06 05:29:50+00:00,2025-06-06 05:29:50+00:00,2025-06-08 00:00:00+00:00,0.0,2025-06-07,2025,REG,CHI,IND,1.0709494324045408,True,,0.6004234693007796,401736164,4432831,5,19,0,True,False,matched,5.0,2025-06-07,under,0.16366119994057815,2.2800000000000002,-1.0,1.0,False,False,False
2198,63b24c9d-046c-4186-9225-709d222bc45b,26,Angel Reese,angelreese,ATL,assists,2.5,-136.0,102.0,10,10,2025-06-06 05:29:50+00:00,2025-06-06 05:29:50+00:00,2025-06-06 05:29:50+00:00,2025-06-08 00:00:00+00:00,0.0,2025-06-07,2025,REG,CHI,IND,1.071320691391173,True,,0.5420932924427202,401736164,4433402,19,5,1,True,False,matched,2.0,2025-06-07,under,0.12814172773918558,2.02,1.02,1.0,False,False,False
2198,cf59b6ad-0dbe-4fee-a7a8-782d3214efb5,185,Ariel Atkins,arielatkins,LAS,rebounds,3.5,-120.0,-110.0,10,10,2025-06-06 05:29:50+00:00,2025-06-06 05:29:50+00:00,2025-06-06 05:29:50+00:00,2025-06-08 00:00:00+00:00,0.0,2025-06-07,2025,REG,CHI,IND,1.0692640692640691,True,,0.5112040114787568,401736164,3146151,19,5,1,True,False,matched,3.0,2025-06-07,under,0.12017859844329892,1.9090909090909092,0.9090909090909092,1.0,False,False,False
2198,d47d6bcd-9352-4adb-ad59-8e93f016fd75,145,Courtney Vandersloot,courtneyvandersloot,CHI,assists,6.5,-136.0,102.0,10,10,2025-06-06 05:29:51+00:00,2025-06-06 05:29:51+00:00,2025-06-06 05:29:51+00:00,2025-06-08 00:00:00+00:00,0.0,2025-06-07,2025,REG,CHI,IND,1.071320691391173,True,,0.5420932924427202,401736164,981,19,5,1,True,False,matched,0.0,2025-06-07,under,0.4299481684277595,2.02,1.02,1.0,False,False,False
2198,b66573dd-325a-4de6-ade9-21b363931c0d,70,Kelsey Mitchell,kelseymitchell,IND,points,20.5,-106.0,-122.0,10,10,2025-06-06 05:29:51+00:00,2025-06-06 05:29:51+00:00,2025-06-06 05:29:51+00:00,2025-06-08 00:00:00+00:00,0.0,2025-06-07,2025,REG,CHI,IND,1.064112656345666,True,,0.4819416314468661,401736164,3142191,5,19,0,True,False,matched,17.0,2025-06-07,under,0.1291295028092202,1.819672131147541,0.819672131147541,1.0,False,False,False
2199,abf875cf-1640-4884-b9c5-8b0eb30dce16,54,Satou Sabally,satousabally,NYL,threes,1.5,-178.0,132.0,10,10,2025-06-06 05:47:05+00:00,2025-06-06 05:47:05+00:00,2025-06-06 05:47:05+00:00,2025-06-08 02:00:00+00:00,0.0,2025-06-07,2025,REG,PHX,SEA,1.0713222525427932,True,,0.6084851511650193,401736165,4281929,11,14,1,True,False,matched,2.0,2025-06-07,under,0.2921353630543849,2.3200000000000003,-1.0,1.0,False,False,False
2199,4048e52e-1a5a-4818-8f37-5aeb21683ef2,180,Nneka Ogwumike,nnekaogwumike,LAS,points,17.5,-120.0,-108.0,10,10,2025-06-06 05:47:05+00:00,2025-06-06 05:47:05+00:00,2025-06-06 05:47:05+00:00,2025-06-08 02:00:00+00:00,0.0,2025-06-07,2025,REG,PHX,SEA,1.0646853146853146,True,,0.5135396953663074,401736165,1068,14,11,0,True,False,matched,13.0,2025-06-07,under,0.2368695809157787,1.925925925925926,0.925925925925926,1.0,False,False,False
2199,f323cf96-0687-4bdd-86b8-15810e87c6cc,175,Skylar Diggins,skylardiggins,CHI,points,17.5,-104.0,-125.0,10,10,2025-06-06 05:47:05+00:00,2025-06-06 05:47:05+00:00,2025-06-06 05:47:05+00:00,2025-06-08 02:00:00+00:00,0.0,2025-06-07,2025,REG,PHX,SEA,1.065359477124183,True,,0.4763687479911608,401736165,2491205,14,11,0,True,False,matched,26.0,2025-06-07,under,0.14844719255763517,1.8,-1.0,1.0,False,False,False
2199,ca5fd2d9-456c-4eef-82bd-3c54a84a15c6,208,Gabby Williams,gabbywilliams,GSV,points,14.5,102.0,-132.0,10,10,2025-06-06 05:47:05+00:00,2025-06-06 05:47:05+00:00,2025-06-06 05:47:05+00:00,2025-06-08 02:00:00+00:00,0.0,2025-06-07,2025,REG,PHX,SEA,1.0640150221918745,True,,0.4618487426836327,401736165,3142328,14,11,0,True,False,matched,21.0,2025-06-07,under,0.10441127344000994,1.7575757575757576,-1.0,1.0,False,False,False
2199,b1c9e37f-46b8-43e0-8fc5-c9e608daaf64,176,Ezi Magbegor,ezimagbegor,SEA,rebounds,8.5,112.0,-148.0,10,10,2025-06-06 05:47:05+00:00,2025-06-06 05:47:05+00:00,2025-06-06 05:47:05+00:00,2025-06-08 02:00:00+00:00,0.0,2025-06-07,2025,REG,PHX,SEA,1.0684723067559343,True,,0.43527724698320036,401736165,4420318,14,11,0,True,False,matched,8.0,2025-06-07,under,0.05916057638226113,1.6756756756756757,0.6756756756756757,1.0,False,False,False
2197,74def887-32b3-46d6-a4d3-075aa4ecee0d,139,Kayla Thornton,kaylathornton,GSV,points,11.5,-115.0,-113.0,10,10,2025-06-06 06:21:01+00:00,2025-06-06 06:21:01+00:00,2025-06-06 06:21:01+00:00,2025-06-07 19:00:00+00:00,0.0,2025-06-07,2025,REG,GSV,LVA,1.0654001528551151,True,,0.5022557674006809,401736163,2529622,129689,17,1,True,False,matched,22.0,2025-06-07,under,0.4045946087109684,1.8849557522123894,-1.0,1.0,False,False,False
2197,a40be21e-f3de-4ac4-bbd6-d2060ef9ed18,55,Veronica Burton,veronicaburton,GSV,points,10.5,-120.0,-108.0,10,10,2025-06-06 06:21:01+00:00,2025-06-06 06:21:01+00:00,2025-06-06 06:21:01+00:00,2025-06-07 19:00:00+00:00,0.0,2025-06-07,2025,REG,GSV,LVA,1.0646853146853146,True,,0.5135396953663074,401736163,4398935,129689,17,1,True,False,matched,14.0,2025-06-07,under,0.3586037913298917,1.925925925925926,-1.0,1.0,False,False,False
2197,b0a78da2-15ab-41c5-b918-a939e785fc9e,102,Jackie Young,jackieyoung,LVA,rebounds,3.5,140.0,-188.0,10,10,2025-06-06 06:21:01+00:00,2025-06-06 06:21:01+00:00,2025-06-06 06:21:01+00:00,2025-06-07 19:00:00+00:00,0.0,2025-06-07,2025,REG,GSV,LVA,1.0694444444444444,True,,0.37770717896550643,401736163,4065870,17,129689,0,True,False,matched,3.0,2025-06-07,over,0.28250872089997314,2.4,-1.0,1.0,False,False,False
2197,af216461-f69a-405b-b143-93213bd53423,103,A'ja Wilson,ajawilson,LVA,assists,3.5,-128.0,-104.0,10,10,2025-06-06 06:21:01+00:00,2025-06-06 06:21:01+00:00,2025-06-06 06:21:01+00:00,2025-06-07 19:00:00+00:00,0.0,2025-06-07,2025,REG,GSV,LVA,1.0712074303405572,True,,0.5267388899028808,401736163,3149391,17,129689,0,True,False,matched,2.0,2025-06-07,under,0.1970847852260093,1.9615384615384617,0.9615384615384617,1.0,False,False,False
2197,4db872ec-6c44-48ec-8810-f822d6bf3b31,537,Janelle Salaun,janellesalaun,GSV,points,11.5,-122.0,-106.0,10,10,2025-06-06 06:21:01+00:00,2025-06-06 06:21:01+00:00,2025-06-06 06:21:01+00:00,2025-06-07 19:00:00+00:00,0.0,2025-06-07,2025,REG,GSV,LVA,1.064112656345666,True,,0.518058368553134,401736163,4790264,129689,17,1,True,False,matched,4.0,2025-06-07,under,0.0911985109918172,1.9433962264150944,0.9433962264150944,1.0,False,False,False
2197,4e81dd1d-94d9-4136-a583-3f2b63f42774,166,Jewell Loyd,jewellloyd,LVA,assists,3.5,144.0,-194.0,10,10,2025-06-06 06:21:01+00:00,2025-06-06 06:21:01+00:00,2025-06-06 06:21:01+00:00,2025-06-07 19:00:00+00:00,0.0,2025-06-07,2025,REG,GSV,LVA,1.0697000111520019,True,,0.3704715671741537,401736163,2987869,17,129689,0,True,False,matched,1.0,2025-06-07,under,0.07011479821688954,1.5154639175257731,0.5154639175257731,1.0,False,False,False
2197,2b57a4cb-0220-41b5-a053-4b750652008e,107,Chelsea Gray,chelseagray,LVA,points,10.5,-128.0,-102.0,10,10,2025-06-06 06:21:01+00:00,2025-06-06 06:21:01+00:00,2025-06-06 06:21:01+00:00,2025-06-07 19:00:00+00:00,0.0,2025-06-07,2025,REG,GSV,LVA,1.0663540038214347,True,,0.5291749480305961,401736163,2529122,17,129689,0,True,False,matched,16.0,2025-06-07,under,0.06401004521104775,1.9803921568627452,-1.0,1.0,False,False,False
2195,19c42ff7-05fd-48de-80bf-978b018c81d4,518,Saniya Rivers,saniyarivers,CON,points,8.5,-115.0,-115.0,49,49,2025-06-06 11:31:15+00:00,2025-06-06 11:31:15+00:00,2025-06-06 11:31:15+00:00,2025-06-06 23:30:00+00:00,0.0,2025-06-06,2025,REG,CON,ATL,1.0697674418604652,True,,0.5,401736161,4433514,18,20,1,True,False,matched,9.0,2025-06-06,under,0.19409425490312782,1.8695652173913042,-1.0,1.0,False,False,False
2196,792bfcb5-53ee-452f-9347-1a8abc927b5a,61,Maddy Siegrist,maddysiegrist,DAL,points,11.5,105.0,-150.0,33,33,2025-06-06 12:06:07+00:00,2025-06-06 12:06:07+00:00,2025-06-06 12:06:07+00:00,2025-06-07 01:30:00+00:00,0.0,2025-06-06,2025,REG,DAL,LAS,1.0878048780487806,True,,0.44129415758498114,401736162,4399415,3,6,1,True,False,matched,4.0,2025-06-06,under,0.09001734162796027,1.6666666666666665,0.6666666666666665,1.0,False,False,False
2198,ecaa527a-0aaf-41e0-8e49-d7bd425f236f,56,Natasha Howard,natashahoward,MIN,points,9.5,-105.0,-125.0,19,19,2025-06-07 04:08:44+00:00,2025-06-07 04:08:44+00:00,2025-06-07 04:08:44+00:00,2025-06-08 00:00:00+00:00,0.0,2025-06-07,2025,REG,CHI,IND,1.067750677506775,True,,0.47757418034290006,401736164,2529130,5,19,0,True,False,matched,13.0,2025-06-07,over,0.16079487148554567,1.9523809523809523,0.9523809523809523,1.0,False,False,False
2199,1fc3c2e8-82c6-4add-87c5-116dbef1bc39,177,Sami Whitcomb,samiwhitcomb,PHO,points,8.5,-110.0,-130.0,33,33,2025-06-07 06:09:42+00:00,2025-06-07 06:09:42+00:00,2025-06-07 06:09:42+00:00,2025-06-08 02:00:00+00:00,0.0,2025-06-07,2025,REG,PHX,SEA,1.0890269151138718,True,,0.47832076753442404,401736165,887,11,14,1,True,False,matched,7.0,2025-06-07,under,0.0754270858444055,1.7692307692307692,0.7692307692307692,1.0,False,False,False
2199,0227fb80-e82d-4d64-92aa-5c0581878a0c,300,Kitija Laksa,kitijalaksa,FA,points,8.5,100.0,-130.0,49,49,2025-06-07 14:03:34+00:00,2025-06-07 14:03:34+00:00,2025-06-07 14:03:34+00:00,2025-06-08 02:00:00+00:00,0.0,2025-06-07,2025,REG,PHX,SEA,1.065217391304348,True,,0.4663164946059025,401736165,3920741,11,14,1,True,False,matched,9.0,2025-06-07,under,0.08344740789197047,1.7692307692307692,-1.0,1.0,False,False,False
2197,9fb91f77-a52c-4389-885d-10eb3d19c14d,72,Temi Fagbenle,temifagbenle,TOR,points,9.5,105.0,-150.0,33,33,2025-06-07 16:35:02+00:00,2025-06-07 16:35:02+00:00,2025-06-07 16:35:02+00:00,2025-06-07 19:00:00+00:00,0.0,2025-06-07,2025,REG,GSV,LVA,1.0878048780487806,True,,0.44129415758498114,401736163,2569044,129689,17,1,True,False,matched,7.0,2025-06-07,under,0.09375405545552362,1.6666666666666665,0.6666666666666665,1.0,False,False,False
2198,7a8302f6-ad70-4eb2-accf-150c2ce5dc70,30,Kamilla Cardoso,kamillacardoso,CHI,points,10.5,-120.0,-108.0,10,10,2025-06-07 16:50:51+00:00,2025-06-07 16:50:51+00:00,2025-06-07 16:50:51+00:00,2025-06-08 00:00:00+00:00,0.0,2025-06-07,2025,REG,CHI,IND,1.0646853146853146,True,,0.5135396953663074,401736164,4433405,19,5,1,True,False,matched,8.0,2025-06-07,under,0.155127629114298,1.925925925925926,0.925925925925926,1.0,False,False,False
2198,0e18f856-c0e6-4615-9785-2d833fe4d3e2,76,Lexie Hull,lexiehull,IND,points,10.5,-105.0,-125.0,19,19,2025-06-07 18:30:59+00:00,2025-06-07 18:30:59+00:00,2025-06-07 18:30:59+00:00,2025-06-08 00:00:00+00:00,0.0,2025-06-07,2025,REG,CHI,IND,1.067750677506775,True,,0.47757418034290006,401736164,4398829,5,19,0,True,False,matched,9.0,2025-06-07,under,0.15975105887619861,1.8,0.8,1.0,False,False,False
2198,5b7cce1a-d92d-480b-aedb-1717bfea429a,96,Kia Nurse,kianurse,TOR,points,9.5,-115.0,-120.0,33,33,2025-06-07 23:41:04+00:00,2025-06-07 23:41:04+00:00,2025-06-07 23:41:04+00:00,2025-06-08 00:00:00+00:00,0.0,2025-06-07,2025,REG,CHI,IND,1.080338266384778,True,,0.4944937749375121,401736164,3142327,19,5,1,True,False,matched,3.0,2025-06-07,under,0.23220776317946862,1.8333333333333335,0.8333333333333335,1.0,False,False,False
2200,a86f78d8-49e9-4edf-a18c-013c2e01982c,9,Tina Charles,tinacharles,FA,points,16.5,-113.0,-115.0,10,10,2025-06-08 00:28:21+00:00,2025-06-08 00:28:21+00:00,2025-06-08 00:28:21+00:00,2025-06-08 19:00:00+00:00,0.0,2025-06-08,2025,REG,WAS,CON,1.0654001528551151,True,,0.49774423259931944,401736166,918,18,16,0,True,False,matched,17.0,2025-06-08,under,0.16184500850524297,1.8695652173913042,-1.0,1.0,False,False,False
2200,093d5283-8aa9-4c79-925d-c529fae61a69,22,Marina Mabrey,marinamabrey,TOR,points,15.5,-130.0,100.0,10,10,2025-06-08 00:28:21+00:00,2025-06-08 00:28:21+00:00,2025-06-08 00:28:21+00:00,2025-06-08 19:00:00+00:00,0.0,2025-06-08,2025,REG,WAS,CON,1.065217391304348,True,,0.5336835053940976,401736166,3904576,18,16,0,True,False,matched,15.0,2025-06-08,under,0.11457214596339171,2.0,1.0,1.0,False,False,False
2200,4a6aecc8-ac4c-4cf8-bbc5-fc051a9cda71,572,Kiki Iriafen,kikiiriafen,WAS,rebounds,8.5,-108.0,-122.0,10,10,2025-06-08 00:28:21+00:00,2025-06-08 00:28:21+00:00,2025-06-08 00:28:21+00:00,2025-06-08 19:00:00+00:00,0.0,2025-06-08,2025,REG,WAS,CON,1.0687803187803186,True,,0.48431040390879443,401736166,4898384,16,18,1,True,False,matched,5.0,2025-06-08,under,0.10764653143702624,1.819672131147541,0.819672131147541,1.0,False,False,False
2200,81df9456-564a-41e6-865b-33633c8d9e49,573,Sonia Citron,soniacitron,WAS,threes,1.5,-108.0,-122.0,10,10,2025-06-08 00:28:21+00:00,2025-06-08 00:28:21+00:00,2025-06-08 00:28:21+00:00,2025-06-08 19:00:00+00:00,0.0,2025-06-08,2025,REG,WAS,CON,1.0687803187803186,True,,0.48431040390879443,401736166,4433524,16,18,1,True,False,matched,0.0,2025-06-08,under,0.0803212345929637,1.819672131147541,0.819672131147541,1.0,False,False,False
2200,6b9be666-c002-4f94-ba6f-264816be2402,182,Brittney Sykes,brittneysykes,TOR,points,18.5,-110.0,-118.0,10,10,2025-06-08 00:28:22+00:00,2025-06-08 00:28:22+00:00,2025-06-08 00:28:22+00:00,2025-06-08 19:00:00+00:00,0.0,2025-06-08,2025,REG,WAS,CON,1.0650939274792486,True,,0.4909754767731684,401736166,2988756,16,18,1,True,False,matched,28.0,2025-06-08,under,0.214271891319194,1.847457627118644,-1.0,1.0,False,False,False
2201,e41d368e-5c31-4eb2-86f4-831f88550ed2,112,Napheesa Collier,napheesacollier,MIN,rebounds,9.5,-138.0,104.0,10,10,2025-06-08 01:10:34+00:00,2025-06-08 01:10:34+00:00,2025-06-08 01:10:34+00:00,2025-06-08 20:00:00+00:00,0.0,2025-06-08,2025,REG,DAL,MIN,1.0700280112044818,True,,0.5464208361470752,401736167,3917450,8,3,0,True,False,matched,10.0,2025-06-08,under,0.23189237588878114,2.04,-1.0,1.0,False,False,False
2201,cd1eec45-b7b1-486d-b009-75ac600ff3ab,63,Arike Ogunbowale,arikeogunbowale,DAL,assists,3.5,-104.0,-128.0,10,10,2025-06-08 01:10:34+00:00,2025-06-08 01:10:34+00:00,2025-06-08 01:10:34+00:00,2025-06-08 20:00:00+00:00,0.0,2025-06-08,2025,REG,DAL,MIN,1.0712074303405572,True,,0.4732611100971195,401736167,3904577,3,8,1,True,False,matched,6.0,2025-06-08,over,0.09762886447236696,1.9615384615384617,0.9615384615384617,1.0,False,False,False
2201,810a1720-c568-40a5-9817-ac8f81328cdb,117,Courtney Williams,courtneywilliams,MIN,rebounds,4.5,-162.0,122.0,10,10,2025-06-08 01:14:03+00:00,2025-06-08 01:14:03+00:00,2025-06-08 01:14:03+00:00,2025-06-08 20:00:00+00:00,0.0,2025-06-08,2025,REG,DAL,MIN,1.0687710611374732,True,,0.5868918088955871,401736167,2987891,8,3,0,True,False,matched,2.0,2025-06-08,under,0.2872167985699138,2.2199999999999998,1.2199999999999998,1.0,False,False,False
2201,8296cafc-95f6-4e33-88c7-f9a07a0f17ff,125,Kayla McBride,kaylamcbride,MIN,threes,2.5,-118.0,-112.0,10,10,2025-06-08 01:14:03+00:00,2025-06-08 01:14:03+00:00,2025-06-08 01:14:03+00:00,2025-06-08 20:00:00+00:00,0.0,2025-06-08,2025,REG,DAL,MIN,1.0695862904621776,True,,0.5067212711754592,401736167,2529205,8,3,0,True,False,matched,6.0,2025-06-08,under,0.11767928383276144,1.8928571428571428,-1.0,1.0,False,False,False
2201,67ec1d83-92c6-433a-9767-a2bbdbba9abe,121,Alanna Smith,alannasmith,DAL,rebounds,4.5,122.0,-162.0,10,10,2025-06-08 01:17:45+00:00,2025-06-08 01:17:45+00:00,2025-06-08 01:17:45+00:00,2025-06-08 20:00:00+00:00,0.0,2025-06-08,2025,REG,DAL,MIN,1.0687710611374732,True,,0.41310819110441305,401736167,3913881,8,3,0,True,False,matched,7.0,2025-06-08,over,0.19706460121532654,2.2199999999999998,1.2199999999999998,1.0,False,False,False
2201,aca1391d-7513-4540-b243-59c7e51c9e6c,48,DiJonai Carrington,dijonaicarrington,CHI,assists,2.5,-115.0,-115.0,24,24,2025-06-08 07:06:44+00:00,2025-06-08 07:06:44+00:00,2025-06-08 07:06:44+00:00,2025-06-08 20:00:00+00:00,0.0,2025-06-08,2025,REG,DAL,MIN,1.0697674418604652,True,,0.5,401736167,4066548,3,8,1,True,False,matched,1.0,2025-06-08,under,0.2152854400492898,1.8695652173913042,0.8695652173913042,1.0,False,False,False
2202,ae55e625-6bc6-45ff-8634-d345dd07c07a,101,Kelsey Plum,kelseyplum,LAS,assists,5.5,110.0,-140.0,24,24,2025-06-08 12:30:30+00:00,2025-06-08 12:30:30+00:00,2025-06-08 12:30:30+00:00,2025-06-10 02:00:00+00:00,0.0,2025-06-09,2025,REG,LAS,GSV,1.0595238095238093,True,,0.44483204521110303,401736168,3065570,6,129689,1,True,False,matched,7.0,2025-06-09,under,0.18660725141066403,1.7142857142857144,-1.0,1.0,False,False,False
2202,475fc21d-f5f6-46fd-99dc-1b488131245d,89,Dearica Hamby,dearicahamby,LAS,assists,3.5,-115.0,-115.0,24,24,2025-06-08 12:30:30+00:00,2025-06-08 12:30:30+00:00,2025-06-08 12:30:30+00:00,2025-06-10 02:00:00+00:00,0.0,2025-06-09,2025,REG,LAS,GSV,1.0697674418604652,True,,0.5,401736168,2566106,6,129689,1,True,False,matched,5.0,2025-06-09,under,0.08073728352415666,1.8695652173913042,-1.0,1.0,False,False,False
2202,b9224fbe-da57-499c-95d4-8cfce0a02136,55,Veronica Burton,veronicaburton,GSV,assists,4.5,-115.0,-115.0,24,24,2025-06-08 12:30:30+00:00,2025-06-08 12:30:30+00:00,2025-06-08 12:30:30+00:00,2025-06-10 02:00:00+00:00,0.0,2025-06-09,2025,REG,LAS,GSV,1.0697674418604652,True,,0.5,401736168,4398935,129689,6,0,True,False,matched,6.0,2025-06-09,under,0.054874079620507,1.8695652173913042,-1.0,1.0,False,False,False
2202,65545213-f7c8-4b95-9635-4abbc43859ac,139,Kayla Thornton,kaylathornton,GSV,points,12.5,102.0,-132.0,10,10,2025-06-08 14:49:17+00:00,2025-06-08 14:49:17+00:00,2025-06-08 14:49:17+00:00,2025-06-10 02:00:00+00:00,0.0,2025-06-09,2025,REG,LAS,GSV,1.0640150221918745,True,,0.4618487426836327,401736168,2529622,129689,6,0,True,False,matched,18.0,2025-06-09,under,0.16840928554113987,1.7575757575757576,-1.0,1.0,False,False,False
2202,5d9129c9-45a8-4288-b91d-f6222b16572d,537,Janelle Salaun,janellesalaun,GSV,rebounds,4.5,132.0,-178.0,10,10,2025-06-08 14:49:17+00:00,2025-06-08 14:49:17+00:00,2025-06-08 14:49:17+00:00,2025-06-10 02:00:00+00:00,0.0,2025-06-09,2025,REG,LAS,GSV,1.0713222525427932,True,,0.39151484883498083,401736168,4790264,129689,6,0,True,False,matched,8.0,2025-06-09,over,0.11415644288228888,2.3200000000000003,1.3200000000000003,1.0,False,False,False
2202,d16d6108-4d16-41e3-9026-66cc0aa06df9,82,Azura Stevens,azurastevens,CHI,points,13.5,100.0,-130.0,10,10,2025-06-08 15:13:48+00:00,2025-06-08 15:13:48+00:00,2025-06-08 15:13:48+00:00,2025-06-10 02:00:00+00:00,0.0,2025-06-09,2025,REG,LAS,GSV,1.065217391304348,True,,0.4663164946059025,401736168,3142010,6,129689,1,True,False,matched,6.0,2025-06-09,under,0.11061053909454455,1.7692307692307692,0.7692307692307692,1.0,False,False,False
2203,2e74ce8a-97eb-40b7-a126-4ff72c50c121,15,Rhyne Howard,rhynehoward,ATL,threes,2.5,-150.0,120.0,24,24,2025-06-09 11:13:37+00:00,2025-06-09 11:13:37+00:00,2025-06-09 11:13:37+00:00,2025-06-10 23:30:00+00:00,0.0,2025-06-10,2025,REG,ATL,IND,1.0545454545454547,True,,0.5746986093321318,401736169,4398674,20,5,1,True,False,matched,0.0,2025-06-10,under,0.15594891380091874,2.2,1.2000000000000002,1.0,False,False,False
2203,1b7e4f5d-790e-4f7f-adf6-30f6fcb6b2a7,1,Allisha Gray,allishagray,ATL,assists,4.5,105.0,-135.0,24,24,2025-06-09 11:13:37+00:00,2025-06-09 11:13:37+00:00,2025-06-09 11:13:37+00:00,2025-06-10 23:30:00+00:00,0.0,2025-06-10,2025,REG,ATL,IND,1.0622729631551635,True,,0.45531139401703796,401736169,3058901,20,5,1,True,False,matched,4.0,2025-06-10,under,0.15125681321326728,1.7407407407407407,0.7407407407407407,1.0,False,False,False
2203,3847a801-f60f-4a60-906b-071cff64e856,70,Kelsey Mitchell,kelseymitchell,IND,assists,2.5,-135.0,105.0,24,24,2025-06-09 11:13:37+00:00,2025-06-09 11:13:37+00:00,2025-06-09 11:13:37+00:00,2025-06-10 23:30:00+00:00,0.0,2025-06-10,2025,REG,ATL,IND,1.0622729631551635,True,,0.5446886059829622,401736169,3142191,5,20,0,True,False,matched,1.0,2025-06-10,under,0.15038309338602607,2.05,1.0499999999999998,1.0,False,False,False
2203,f8df796e-68eb-427f-aba6-1641d527f414,71,Aliyah Boston,aliyahboston,IND,assists,3.5,-135.0,105.0,24,24,2025-06-09 11:13:37+00:00,2025-06-09 11:13:37+00:00,2025-06-09 11:13:37+00:00,2025-06-10 23:30:00+00:00,0.0,2025-06-10,2025,REG,ATL,IND,1.0622729631551635,True,,0.5446886059829622,401736169,4432831,5,20,0,True,False,matched,5.0,2025-06-10,under,0.0683764627796804,2.05,-1.0,1.0,False,False,False
2204,07027488-4a77-4b1e-b43b-e3877914fc3e,132,Sabrina Ionescu,sabrinaionescu,NYL,threes,2.5,-155.0,125.0,24,24,2025-06-09 11:17:00+00:00,2025-06-09 11:17:00+00:00,2025-06-09 11:17:00+00:00,2025-06-11 00:00:00+00:00,0.0,2025-06-10,2025,REG,NYL,CHI,1.0522875816993464,True,,0.5838155470394836,401736170,4066533,9,19,1,True,False,matched,2.0,2025-06-10,under,0.21170883482242775,2.25,1.25,1.0,False,False,False
2204,eabfe9aa-0ab4-456c-afe5-8cc31688b928,163,Natasha Cloud,natashacloud,CHI,assists,6.5,105.0,-135.0,24,24,2025-06-09 11:20:22+00:00,2025-06-09 11:20:22+00:00,2025-06-09 11:20:22+00:00,2025-06-11 00:00:00+00:00,0.0,2025-06-10,2025,REG,NYL,CHI,1.0622729631551635,True,,0.45531139401703796,401736170,2529137,9,19,1,True,False,matched,3.0,2025-06-10,over,0.14466253726278594,2.05,-1.0,1.0,False,False,False
2204,5a981e69-a4eb-40f6-a26a-591026ffea06,137,Breanna Stewart,breannastewart,NYL,assists,3.5,120.0,-150.0,24,24,2025-06-09 11:20:22+00:00,2025-06-09 11:20:22+00:00,2025-06-09 11:20:22+00:00,2025-06-11 00:00:00+00:00,0.0,2025-06-10,2025,REG,NYL,CHI,1.0545454545454547,True,,0.4253013906678685,401736170,2998928,9,19,1,True,False,matched,5.0,2025-06-10,over,0.08972432109261719,2.2,1.2000000000000002,1.0,False,False,False
2203,af05057b-b5ff-4a26-a736-f6f243fc7b02,49,Brionna Jones,brionnajones,ATL,rebounds,6.5,-165.0,115.0,33,33,2025-06-09 16:21:36+00:00,2025-06-09 16:21:36+00:00,2025-06-09 16:21:36+00:00,2025-06-10 23:30:00+00:00,0.0,2025-06-10,2025,REG,ATL,IND,1.0877577885037297,True,,0.5824354934595865,401736169,3058895,20,5,1,True,False,matched,10.0,2025-06-10,under,0.18372568517547988,2.15,-1.0,1.0,False,False,False
2203,ba276ffa-7411-4689-82fa-68113a0bbaac,148,Brittney Griner,brittneygriner,CON,rebounds,6.5,-135.0,-105.0,33,33,2025-06-09 16:21:36+00:00,2025-06-09 16:21:36+00:00,2025-06-09 16:21:36+00:00,2025-06-10 23:30:00+00:00,0.0,2025-06-10,2025,REG,ATL,IND,1.0866632070576026,True,,0.532558613996297,401736169,2490553,20,5,1,True,False,matched,4.0,2025-06-10,under,0.15999962300106885,1.9523809523809523,0.9523809523809523,1.0,False,False,False
2204,15184791-00af-472f-95a8-871759e99597,26,Angel Reese,angelreese,ATL,rebounds,11.5,-170.0,120.0,33,33,2025-06-09 16:25:03+00:00,2025-06-09 16:25:03+00:00,2025-06-09 16:25:03+00:00,2025-06-11 00:00:00+00:00,0.0,2025-06-10,2025,REG,NYL,CHI,1.0841750841750841,True,,0.5914367336052418,401736170,4433402,19,9,0,True,False,matched,11.0,2025-06-10,under,0.44929423310411554,2.2,1.2000000000000002,1.0,False,False,False
2204,9717421c-a0a6-474d-825f-8df7faaa5ffc,185,Ariel Atkins,arielatkins,LAS,rebounds,3.5,-125.0,-115.0,33,33,2025-06-09 16:25:03+00:00,2025-06-09 16:25:03+00:00,2025-06-09 16:25:03+00:00,2025-06-11 00:00:00+00:00,0.0,2025-06-10,2025,REG,NYL,CHI,1.0904392764857882,True,,0.5108317091649132,401736170,3146151,19,9,0,True,False,matched,4.0,2025-06-10,under,0.10191164798947278,1.8695652173913042,-1.0,1.0,False,False,False
2204,02996933-04a4-40a8-b595-7e72692994d3,30,Kamilla Cardoso,kamillacardoso,CHI,points,10.5,-105.0,-135.0,33,33,2025-06-09 16:25:03+00:00,2025-06-09 16:25:03+00:00,2025-06-09 16:25:03+00:00,2025-06-11 00:00:00+00:00,0.0,2025-06-10,2025,REG,NYL,CHI,1.0866632070576026,True,,0.46744138600370294,401736170,4433405,19,9,0,True,False,matched,8.0,2025-06-10,under,0.0899478595543245,1.7407407407407407,0.7407407407407407,1.0,False,False,False
2202,df175b7c-7cf7-4a9b-97d7-f4b949136ca4,72,Temi Fagbenle,temifagbenle,TOR,points,8.5,-115.0,-115.0,19,19,2025-06-09 18:05:12+00:00,2025-06-09 18:05:12+00:00,2025-06-09 18:05:12+00:00,2025-06-10 02:00:00+00:00,0.0,2025-06-09,2025,REG,LAS,GSV,1.0697674418604652,True,,0.5,401736168,2569044,129689,6,0,True,False,matched,14.0,2025-06-09,under,0.2679645410855967,1.8695652173913042,-1.0,1.0,False,False,False
2202,c00d840a-3fdc-479e-8d72-dac5301c6ab1,109,Kate Martin,katemartin,LAS,points,8.5,-110.0,-120.0,49,49,2025-06-10 00:52:32+00:00,2025-06-10 00:52:32+00:00,2025-06-10 00:52:32+00:00,2025-06-10 02:00:00+00:00,0.0,2025-06-09,2025,REG,LAS,GSV,1.0692640692640691,True,,0.4887959885212434,401736168,4398907,129689,6,0,True,False,matched,0.0,2025-06-09,under,0.15894615857269317,1.8333333333333335,0.8333333333333335,1.0,False,False,False
2204,f2d7231f-fbba-4199-a108-e148debf6b59,96,Kia Nurse,kianurse,TOR,points,7.5,-130.0,100.0,19,19,2025-06-10 03:07:53+00:00,2025-06-10 03:07:53+00:00,2025-06-10 03:07:53+00:00,2025-06-11 00:00:00+00:00,0.0,2025-06-10,2025,REG,NYL,CHI,1.065217391304348,True,,0.5336835053940976,401736170,3142327,19,9,0,True,False,matched,8.0,2025-06-10,under,0.2317122990802546,2.0,-1.0,1.0,False,False,False
2205,8b62e98c-0b26-49d5-ac71-dac2f0fe2b70,208,Gabby Williams,gabbywilliams,GSV,threes,2.5,124.0,-166.0,10,10,2025-06-10 06:10:52+00:00,2025-06-10 06:10:52+00:00,2025-06-10 06:10:52+00:00,2025-06-12 02:00:00+00:00,0.0,2025-06-11,2025,REG,SEA,MIN,1.0704887218045114,True,,0.40796342297849103,401736173,3142328,14,8,1,True,False,matched,0.0,2025-06-11,under,0.2129643379446492,1.6024096385542168,0.6024096385542168,1.0,False,False,False
2205,d5f5b372-d8cf-4111-b103-39d0a39ac9ac,112,Napheesa Collier,napheesacollier,MIN,assists,3.5,-138.0,104.0,10,10,2025-06-10 06:10:52+00:00,2025-06-10 06:10:52+00:00,2025-06-10 06:10:52+00:00,2025-06-12 02:00:00+00:00,0.0,2025-06-11,2025,REG,SEA,MIN,1.0700280112044818,True,,0.5464208361470752,401736173,3917450,8,14,0,True,False,matched,5.0,2025-06-11,under,0.21206896864963115,2.04,-1.0,1.0,False,False,False
2205,210e5ab9-2648-498c-b156-9df91ebfe05b,176,Ezi Magbegor,ezimagbegor,SEA,rebounds,7.5,-118.0,-112.0,10,10,2025-06-10 06:10:52+00:00,2025-06-10 06:10:52+00:00,2025-06-10 06:10:52+00:00,2025-06-12 02:00:00+00:00,0.0,2025-06-11,2025,REG,SEA,MIN,1.0695862904621776,True,,0.5067212711754592,401736173,4420318,14,8,1,True,False,matched,8.0,2025-06-11,under,0.12006342587386576,1.8928571428571428,-1.0,1.0,False,False,False
2205,bd61cee8-2349-4adc-99f2-f4a6543f2f93,121,Alanna Smith,alannasmith,DAL,rebounds,4.5,-125.0,-106.0,10,10,2025-06-10 06:10:52+00:00,2025-06-10 06:10:52+00:00,2025-06-10 06:10:52+00:00,2025-06-12 02:00:00+00:00,0.0,2025-06-11,2025,REG,SEA,MIN,1.070118662351672,True,,0.5212291071384377,401736173,3913881,8,14,0,True,False,matched,6.0,2025-06-11,over,0.08562518191042601,1.8,0.8,1.0,False,False,False
2205,1ca36890-42f5-442b-a7fc-dd98d79a6992,117,Courtney Williams,courtneywilliams,MIN,assists,5.5,-130.0,-102.0,10,10,2025-06-10 06:10:52+00:00,2025-06-10 06:10:52+00:00,2025-06-10 06:10:52+00:00,2025-06-12 02:00:00+00:00,0.0,2025-06-11,2025,REG,SEA,MIN,1.0701678863538528,True,,0.5312123494364493,401736173,2987891,8,14,0,True,False,matched,6.0,2025-06-11,under,0.06543536554919444,1.9803921568627452,-1.0,1.0,False,False,False
2205,0a469e1e-2c02-471b-88ba-0077f150e6f0,125,Kayla McBride,kaylamcbride,MIN,points,14.5,-106.0,-122.0,10,10,2025-06-10 06:10:53+00:00,2025-06-10 06:10:53+00:00,2025-06-10 06:10:53+00:00,2025-06-12 02:00:00+00:00,0.0,2025-06-11,2025,REG,SEA,MIN,1.064112656345666,True,,0.4819416314468661,401736173,2529205,8,14,0,True,False,matched,19.0,2025-06-11,under,0.08486452825680996,1.819672131147541,-1.0,1.0,False,False,False
2206,0007577c-708c-4126-a7f2-2e294fbaa681,103,A'ja Wilson,ajawilson,LVA,assists,3.5,-148.0,112.0,10,10,2025-06-10 18:14:43+00:00,2025-06-10 18:14:43+00:00,2025-06-10 18:14:43+00:00,2025-06-12 02:00:00+00:00,0.0,2025-06-11,2025,REG,LVA,LAS,1.0684723067559343,True,,0.5647227530167998,401736171,3149391,17,6,1,True,False,matched,5.0,2025-06-11,under,0.34654833505869626,2.12,-1.0,1.0,False,False,False
2206,348347af-c129-4184-9641-798144e0a807,102,Jackie Young,jackieyoung,LVA,points,15.5,-125.0,-104.0,10,10,2025-06-10 18:14:43+00:00,2025-06-10 18:14:43+00:00,2025-06-10 18:14:43+00:00,2025-06-12 02:00:00+00:00,0.0,2025-06-11,2025,REG,LVA,LAS,1.065359477124183,True,,0.5236312520088393,401736171,4065870,17,6,1,True,False,matched,34.0,2025-06-11,under,0.15453185859372287,1.9615384615384617,-1.0,1.0,False,False,False
2206,17deed71-9f37-413d-badc-21c12b05e3bf,166,Jewell Loyd,jewellloyd,LVA,threes,1.5,-166.0,124.0,10,10,2025-06-10 18:14:43+00:00,2025-06-10 18:14:43+00:00,2025-06-10 18:14:43+00:00,2025-06-12 02:00:00+00:00,0.0,2025-06-11,2025,REG,LVA,LAS,1.0704887218045114,True,,0.5920365770215091,401736171,2987869,17,6,1,True,False,matched,1.0,2025-06-11,under,0.10656302081212743,2.24,1.2400000000000002,1.0,False,False,False
2206,7525c1f1-bb86-4560-88bf-2a9fabb3af8f,107,Chelsea Gray,chelseagray,LVA,rebounds,3.5,-120.0,-110.0,10,10,2025-06-10 18:14:43+00:00,2025-06-10 18:14:43+00:00,2025-06-10 18:14:43+00:00,2025-06-12 02:00:00+00:00,0.0,2025-06-11,2025,REG,LVA,LAS,1.0692640692640691,True,,0.5112040114787568,401736171,2529122,17,6,1,True,False,matched,1.0,2025-06-11,under,0.08690146875939031,1.9090909090909092,0.9090909090909092,1.0,False,False,False
2206,bb66f2ae-1268-468f-b6a5-c7a10416cff7,101,Kelsey Plum,kelseyplum,LAS,threes,2.5,-154.0,116.0,10,10,2025-06-10 18:18:19+00:00,2025-06-10 18:18:19+00:00,2025-06-10 18:18:19+00:00,2025-06-12 02:00:00+00:00,0.0,2025-06-11,2025,REG,LVA,LAS,1.0692621755613883,True,,0.574207987656796,401736171,3065570,6,17,0,True,False,matched,0.0,2025-06-11,under,0.18671248643500854,2.16,1.1600000000000001,1.0,False,False,False
2206,90d4d110-6734-42e4-aa68-5af44d5f8057,82,Azura Stevens,azurastevens,CHI,points,11.5,-114.0,-114.0,10,10,2025-06-10 18:18:19+00:00,2025-06-10 18:18:19+00:00,2025-06-10 18:18:19+00:00,2025-06-12 02:00:00+00:00,0.0,2025-06-11,2025,REG,LVA,LAS,1.0654205607476634,True,,0.5000000000000001,401736171,3142010,6,17,0,True,False,matched,19.0,2025-06-11,under,0.07718312018066509,1.8771929824561404,-1.0,1.0,False,False,False
2206,a10c6238-c9a3-49b2-b254-677847e5d48e,89,Dearica Hamby,dearicahamby,LAS,points,15.5,-128.0,-102.0,10,10,2025-06-10 18:18:19+00:00,2025-06-10 18:18:19+00:00,2025-06-10 18:18:19+00:00,2025-06-12 02:00:00+00:00,0.0,2025-06-11,2025,REG,LVA,LAS,1.0663540038214347,True,,0.5291749480305961,401736171,2566106,6,17,0,True,False,matched,19.0,2025-06-11,under,0.055023446471853754,1.9803921568627452,-1.0,1.0,False,False,False
2203,797b253b-8055-4ac3-943c-b42a4010bb9c,76,Lexie Hull,lexiehull,IND,points,9.5,-120.0,-115.0,33,33,2025-06-10 19:03:51+00:00,2025-06-10 19:03:51+00:00,2025-06-10 19:03:51+00:00,2025-06-10 23:30:00+00:00,0.0,2025-06-10,2025,REG,ATL,IND,1.080338266384778,True,,0.5055062250624879,401736169,4398829,5,20,0,True,False,matched,0.0,2025-06-10,under,0.17087316124317825,1.8695652173913042,0.8695652173913042,1.0,False,False,False
2207,d4743f34-329c-4830-82f3-1f35a199db20,48,DiJonai Carrington,dijonaicarrington,CHI,rebounds,3.5,-114.0,-114.0,10,10,2025-06-11 05:42:21+00:00,2025-06-11 05:42:21+00:00,2025-06-11 05:42:21+00:00,2025-06-12 02:00:00+00:00,0.0,2025-06-11,2025,REG,PHX,DAL,1.0654205607476634,True,,0.5000000000000001,401736172,4066548,3,11,0,True,False,matched,8.0,2025-06-11,over,0.2913383607395451,1.8771929824561404,0.8771929824561404,1.0,False,False,False
2207,88085eaf-298f-46a0-99f3-e99038831711,40,Alyssa Thomas,alyssathomas,PHO,points,14.5,-128.0,-102.0,10,10,2025-06-11 05:42:21+00:00,2025-06-11 05:42:21+00:00,2025-06-11 05:42:21+00:00,2025-06-12 02:00:00+00:00,0.0,2025-06-11,2025,REG,PHX,DAL,1.0663540038214347,True,,0.5291749480305961,401736172,2529140,11,3,1,True,False,matched,11.0,2025-06-11,under,0.1705951883831492,1.9803921568627452,0.9803921568627452,1.0,False,False,False
2207,44dc3076-346e-4b38-b7c8-9c616cc95aa6,63,Arike Ogunbowale,arikeogunbowale,DAL,assists,3.5,-130.0,-102.0,10,10,2025-06-11 05:42:21+00:00,2025-06-11 05:42:21+00:00,2025-06-11 05:42:21+00:00,2025-06-12 02:00:00+00:00,0.0,2025-06-11,2025,REG,PHX,DAL,1.0701678863538528,True,,0.5312123494364493,401736172,3904577,3,11,0,True,False,matched,4.0,2025-06-11,over,0.11416045335132247,1.7692307692307692,0.7692307692307692,1.0,False,False,False
2207,66c7eff9-3258-448e-9623-c466f6b207dc,54,Satou Sabally,satousabally,NYL,points,21.5,-102.0,-128.0,10,10,2025-06-11 05:42:21+00:00,2025-06-11 05:42:21+00:00,2025-06-11 05:42:21+00:00,2025-06-12 02:00:00+00:00,0.0,2025-06-11,2025,REG,PHX,DAL,1.0663540038214347,True,,0.47082505196940394,401736172,4281929,11,3,1,True,False,matched,20.0,2025-06-11,under,0.1078720562337595,1.78125,0.78125,1.0,False,False,False
2207,40d8cefa-5214-4c7d-bdae-fd471a181069,528,Paige Bueckers,paigebueckers,DAL,assists,6.5,102.0,-136.0,10,10,2025-06-11 05:42:21+00:00,2025-06-11 05:42:21+00:00,2025-06-11 05:42:21+00:00,2025-06-12 02:00:00+00:00,0.0,2025-06-11,2025,REG,PHX,DAL,1.071320691391173,True,,0.4579067075572801,401736172,4433730,3,11,0,True,False,matched,4.0,2025-06-11,under,0.0998289030971311,1.7352941176470589,0.7352941176470589,1.0,False,False,False
2207,cba84ec1-8931-413d-89cb-847c670470c0,177,Sami Whitcomb,samiwhitcomb,PHO,points,8.5,100.0,-130.0,49,49,2025-06-11 14:03:41+00:00,2025-06-11 14:03:41+00:00,2025-06-11 14:03:41+00:00,2025-06-12 02:00:00+00:00,0.0,2025-06-11,2025,REG,PHX,DAL,1.065217391304348,True,,0.4663164946059025,401736172,887,11,3,1,True,False,matched,8.0,2025-06-11,under,0.12430030454915386,1.7692307692307692,0.7692307692307692,1.0,False,False,False
2207,60bb25ef-f589-4ac9-a36a-33e155a2f0af,61,Maddy Siegrist,maddysiegrist,DAL,points,9.5,-110.0,-125.0,33,33,2025-06-11 19:51:15+00:00,2025-06-11 19:51:15+00:00,2025-06-11 19:51:15+00:00,2025-06-12 02:00:00+00:00,0.0,2025-06-11,2025,REG,PHX,DAL,1.0793650793650795,True,,0.48347295800639944,401736172,4399415,3,11,0,True,False,matched,3.0,2025-06-11,under,0.08073191132956786,1.8,0.8,1.0,False,False,False
2207,2131d8de-f83a-404f-824b-418cd0bed4cd,193,Myisha Hines-Allen,myishahinesallen,IND,rebounds,5.5,-120.0,-115.0,33,33,2025-06-11 19:58:37+00:00,2025-06-11 19:58:37+00:00,2025-06-11 19:58:37+00:00,2025-06-12 02:00:00+00:00,0.0,2025-06-11,2025,REG,PHX,DAL,1.080338266384778,True,,0.5055062250624879,401736172,3142055,3,11,0,True,False,matched,2.0,2025-06-11,under,0.1713528778750541,1.8695652173913042,0.8695652173913042,1.0,False,False,False
2208,139743ae-9ae3-4950-a724-6a2c3fdf480e,26,Angel Reese,angelreese,ATL,rebounds,11.5,-130.0,-102.0,10,10,2025-06-12 00:18:23+00:00,2025-06-12 00:18:23+00:00,2025-06-12 00:18:23+00:00,2025-06-13 23:30:00+00:00,0.0,2025-06-13,2025,REG,ATL,CHI,1.0701678863538528,True,,0.5312123494364493,401736174,4433402,19,20,0,True,False,matched,9.0,2025-06-13,under,0.34068114822890266,1.9803921568627452,0.9803921568627452,1.0,False,False,False
2208,095130f2-15f8-42f8-9a9b-d9e47fbe5104,185,Ariel Atkins,arielatkins,LAS,assists,3.5,118.0,-158.0,10,10,2025-06-12 00:18:23+00:00,2025-06-12 00:18:23+00:00,2025-06-12 00:18:23+00:00,2025-06-13 23:30:00+00:00,0.0,2025-06-13,2025,REG,ATL,CHI,1.0711186971054691,True,,0.42034729080094674,401736174,3146151,19,20,0,True,False,matched,5.0,2025-06-13,under,0.1489594788572961,1.6329113924050633,-1.0,1.0,False,False,False
2208,4254f251-84a9-4ed2-bcf7-a2c42f75e21d,30,Kamilla Cardoso,kamillacardoso,CHI,rebounds,7.5,116.0,-154.0,10,10,2025-06-12 00:33:04+00:00,2025-06-12 00:33:04+00:00,2025-06-12 00:33:04+00:00,2025-06-13 23:30:00+00:00,0.0,2025-06-13,2025,REG,ATL,CHI,1.0692621755613883,True,,0.425792012343204,401736174,4433405,19,20,0,True,False,matched,9.0,2025-06-13,under,0.1098814797886315,1.6493506493506493,-1.0,1.0,False,False,False
2208,ee1dbd59-7a92-4c9f-bd67-6328587754a4,15,Rhyne Howard,rhynehoward,ATL,assists,4.5,130.0,-174.0,10,10,2025-06-12 00:36:53+00:00,2025-06-12 00:36:53+00:00,2025-06-12 00:36:53+00:00,2025-06-13 23:30:00+00:00,0.0,2025-06-13,2025,REG,ATL,CHI,1.069819105046017,True,,0.3962729171732011,401736174,4398674,20,19,1,True,False,matched,4.0,2025-06-13,over,0.1948715400477622,2.3,-1.0,1.0,False,False,False
2208,57a8b94a-eaca-4487-be33-d9faf5a45b82,1,Allisha Gray,allishagray,ATL,threes,1.5,-198.0,146.0,10,10,2025-06-12 00:36:53+00:00,2025-06-12 00:36:53+00:00,2025-06-12 00:36:53+00:00,2025-06-13 23:30:00+00:00,0.0,2025-06-13,2025,REG,ATL,CHI,1.0709335952419927,True,,0.6337196281856059,401736174,3058901,20,19,1,True,False,matched,0.0,2025-06-13,under,0.12687346314275738,2.46,1.46,1.0,False,False,False
2209,cdf45d72-50d5-492e-bd74-c9668d2cf822,528,Paige Bueckers,paigebueckers,DAL,threes,1.5,-140.0,106.0,10,10,2025-06-12 19:25:29+00:00,2025-06-12 19:25:29+00:00,2025-06-12 19:25:29+00:00,2025-06-14 02:00:00+00:00,0.0,2025-06-13,2025,REG,LVA,DAL,1.0687702265372168,True,,0.5506638564937638,401736175,4433730,3,17,0,True,False,matched,0.0,2025-06-13,under,0.2570170743948123,2.06,1.06,1.0,False,False,False
2209,c55b65a5-28c1-45cd-965b-c1d6171c49f0,166,Jewell Loyd,jewellloyd,LVA,rebounds,4.5,-114.0,-114.0,10,10,2025-06-13 01:48:24+00:00,2025-06-13 01:48:24+00:00,2025-06-13 01:48:24+00:00,2025-06-14 02:00:00+00:00,0.0,2025-06-13,2025,REG,LVA,DAL,1.0654205607476634,True,,0.5000000000000001,401736175,2987869,17,3,1,True,False,matched,3.0,2025-06-13,under,0.33635209930225657,1.8771929824561404,0.8771929824561404,1.0,False,False,False
2209,f11032ad-2f89-4732-8e25-00b0c80f904e,107,Chelsea Gray,chelseagray,LVA,rebounds,3.5,-144.0,108.0,10,10,2025-06-13 01:48:24+00:00,2025-06-13 01:48:24+00:00,2025-06-13 01:48:24+00:00,2025-06-14 02:00:00+00:00,0.0,2025-06-13,2025,REG,LVA,DAL,1.0709331651954601,True,,0.5566845205396996,401736175,2529122,17,3,1,True,False,matched,4.0,2025-06-13,under,0.24497818533366778,2.08,-1.0,1.0,False,False,False
2209,62226030-88e6-40df-aef2-a102c19b34b3,102,Jackie Young,jackieyoung,LVA,points,18.5,-108.0,-120.0,10,10,2025-06-13 01:48:24+00:00,2025-06-13 01:48:24+00:00,2025-06-13 01:48:24+00:00,2025-06-14 02:00:00+00:00,0.0,2025-06-13,2025,REG,LVA,DAL,1.0646853146853146,True,,0.48646030463369283,401736175,4065870,17,3,1,True,False,matched,28.0,2025-06-13,under,0.13630493667316396,1.8333333333333335,-1.0,1.0,False,False,False
2211,72c7f9bc-8b4a-4a56-8547-b97dab9a2e68,132,Sabrina Ionescu,sabrinaionescu,NYL,threes,2.5,-148.0,112.0,10,10,2025-06-13 20:39:52+00:00,2025-06-13 20:39:52+00:00,2025-06-13 20:39:52+00:00,2025-06-14 19:00:00+00:00,0.0,2025-06-14,2025,REG,IND,NYL,1.0684723067559343,True,,0.5647227530167998,401736177,4066533,9,5,0,True,False,matched,4.0,2025-06-14,under,0.20451791908693695,2.12,-1.0,1.0,False,False,False
2211,b50b17ec-56c0-42d4-aee7-f4729ea344a4,68,Caitlin Clark,caitlinclark,IND,threes,2.5,-154.0,116.0,10,10,2025-06-13 20:39:52+00:00,2025-06-13 20:39:52+00:00,2025-06-13 20:39:52+00:00,2025-06-14 19:00:00+00:00,0.0,2025-06-14,2025,REG,IND,NYL,1.0692621755613883,True,,0.574207987656796,401736177,4433403,5,9,1,True,False,matched,7.0,2025-06-14,under,0.18360286140261184,2.16,-1.0,1.0,False,False,False
2211,496f2076-fb1c-49b5-8c56-a8e580f5ca23,71,Aliyah Boston,aliyahboston,IND,points,13.5,-122.0,-106.0,10,10,2025-06-13 20:39:52+00:00,2025-06-13 20:39:52+00:00,2025-06-13 20:39:52+00:00,2025-06-14 19:00:00+00:00,0.0,2025-06-14,2025,REG,IND,NYL,1.064112656345666,True,,0.518058368553134,401736177,4432831,5,9,1,True,False,matched,10.0,2025-06-14,under,0.16619515007194874,1.9433962264150944,0.9433962264150944,1.0,False,False,False
2211,d5047f85-5966-4c7e-a3f3-3c937f075cfb,137,Breanna Stewart,breannastewart,NYL,points,19.5,-108.0,-120.0,10,10,2025-06-13 20:39:52+00:00,2025-06-13 20:39:52+00:00,2025-06-13 20:39:52+00:00,2025-06-14 19:00:00+00:00,0.0,2025-06-14,2025,REG,IND,NYL,1.0646853146853146,True,,0.48646030463369283,401736177,2998928,9,5,0,True,False,matched,24.0,2025-06-14,under,0.09397106053031445,1.8333333333333335,-1.0,1.0,False,False,False
2211,4a390bac-a7fd-4b8f-b136-efbbca0df5b8,163,Natasha Cloud,natashacloud,CHI,rebounds,3.5,-114.0,-114.0,10,10,2025-06-14 02:17:52+00:00,2025-06-14 02:17:52+00:00,2025-06-14 02:17:52+00:00,2025-06-14 19:00:00+00:00,0.0,2025-06-14,2025,REG,IND,NYL,1.0654205607476634,True,,0.5000000000000001,401736177,2529137,9,5,0,True,False,matched,6.0,2025-06-14,under,0.15263479138024694,1.8771929824561404,-1.0,1.0,False,False,False
2210,a0a209c4-e86a-4ff6-b89c-881fd48140db,101,Kelsey Plum,kelseyplum,LAS,points,18.5,-125.0,-104.0,10,10,2025-06-14 05:46:57+00:00,2025-06-14 05:46:57+00:00,2025-06-14 05:46:57+00:00,2025-06-14 17:00:00+00:00,0.0,2025-06-14,2025,REG,MIN,LAS,1.065359477124183,True,,0.5236312520088393,401736176,3065570,6,8,0,True,False,matched,20.0,2025-06-14,under,0.21471173205246508,1.9615384615384617,-1.0,1.0,False,False,False
2210,e621eaeb-42f3-4143-bf3f-659ed33a8485,112,Napheesa Collier,napheesacollier,MIN,points,22.5,-120.0,-108.0,10,10,2025-06-14 05:46:57+00:00,2025-06-14 05:46:57+00:00,2025-06-14 05:46:57+00:00,2025-06-14 17:00:00+00:00,0.0,2025-06-14,2025,REG,MIN,LAS,1.0646853146853146,True,,0.5135396953663074,401736176,3917450,8,6,1,True,False,matched,32.0,2025-06-14,under,0.1388333507178599,1.925925925925926,-1.0,1.0,False,False,False
2210,e96f7e29-a52f-436a-a6ce-416d57f10ca0,125,Kayla McBride,kaylamcbride,MIN,points,15.5,-125.0,-104.0,10,10,2025-06-14 05:46:57+00:00,2025-06-14 05:46:57+00:00,2025-06-14 05:46:57+00:00,2025-06-14 17:00:00+00:00,0.0,2025-06-14,2025,REG,MIN,LAS,1.065359477124183,True,,0.5236312520088393,401736176,2529205,8,6,1,True,False,matched,4.0,2025-06-14,under,0.1350219230887908,1.9615384615384617,0.9615384615384617,1.0,False,False,False
2210,a9951bcc-e805-4c5c-967c-20041d7e57bb,117,Courtney Williams,courtneywilliams,MIN,rebounds,4.5,108.0,-144.0,10,10,2025-06-14 05:46:57+00:00,2025-06-14 05:46:57+00:00,2025-06-14 05:46:57+00:00,2025-06-14 17:00:00+00:00,0.0,2025-06-14,2025,REG,MIN,LAS,1.0709331651954601,True,,0.4433154794603006,401736176,2987891,8,6,1,True,False,matched,3.0,2025-06-14,under,0.11451919439494568,1.6944444444444444,0.6944444444444444,1.0,False,False,False
2210,a3e37944-3615-4f77-9ca2-fd6f05a38cba,89,Dearica Hamby,dearicahamby,LAS,rebounds,7.5,-136.0,102.0,10,10,2025-06-14 05:46:57+00:00,2025-06-14 05:46:57+00:00,2025-06-14 05:46:57+00:00,2025-06-14 17:00:00+00:00,0.0,2025-06-14,2025,REG,MIN,LAS,1.071320691391173,True,,0.5420932924427202,401736176,2566106,6,8,0,True,False,matched,12.0,2025-06-14,under,0.10423440059612527,2.02,-1.0,1.0,False,False,False
2210,1129f826-efbd-4821-ab31-58caa010a60e,82,Azura Stevens,azurastevens,CHI,points,12.5,-106.0,-122.0,10,10,2025-06-14 05:46:57+00:00,2025-06-14 05:46:57+00:00,2025-06-14 05:46:57+00:00,2025-06-14 17:00:00+00:00,0.0,2025-06-14,2025,REG,MIN,LAS,1.064112656345666,True,,0.4819416314468661,401736176,3142010,6,8,0,True,False,matched,4.0,2025-06-14,under,0.07246862179251123,1.819672131147541,0.819672131147541,1.0,False,False,False
2212,8501b8c1-e8c6-4972-956c-bc1a9723e7ff,208,Gabby Williams,gabbywilliams,GSV,threes,1.5,-174.0,130.0,10,10,2025-06-14 06:17:44+00:00,2025-06-14 06:17:44+00:00,2025-06-14 06:17:44+00:00,2025-06-15 00:30:00+00:00,0.0,2025-06-14,2025,REG,GSV,SEA,1.069819105046017,True,,0.603727082826799,401736178,3142328,14,129689,0,True,False,matched,1.0,2025-06-14,under,0.3667125371196053,2.3,1.2999999999999998,1.0,False,False,False
2212,6e00465e-9ded-4d4d-bcc1-55bca55207c6,72,Temi Fagbenle,temifagbenle,TOR,rebounds,7.5,-118.0,-112.0,10,10,2025-06-14 06:17:44+00:00,2025-06-14 06:17:44+00:00,2025-06-14 06:17:44+00:00,2025-06-15 00:30:00+00:00,0.0,2025-06-14,2025,REG,GSV,SEA,1.0695862904621776,True,,0.5067212711754592,401736178,2569044,129689,14,1,True,False,matched,7.0,2025-06-14,under,0.31888800402808165,1.8928571428571428,0.8928571428571428,1.0,False,False,False
2212,4cb06923-84af-4e5d-a08f-260b1b828ea5,55,Veronica Burton,veronicaburton,GSV,points,13.5,102.0,-132.0,10,10,2025-06-14 06:17:44+00:00,2025-06-14 06:17:44+00:00,2025-06-14 06:17:44+00:00,2025-06-15 00:30:00+00:00,0.0,2025-06-14,2025,REG,GSV,SEA,1.0640150221918745,True,,0.4618487426836327,401736178,4398935,129689,14,1,True,False,matched,8.0,2025-06-14,under,0.3021708196706722,1.7575757575757576,0.7575757575757576,1.0,False,False,False
2212,969b21fc-76f7-457b-902c-bb71f0e340ee,139,Kayla Thornton,kaylathornton,GSV,points,13.5,-120.0,-108.0,10,10,2025-06-14 06:17:44+00:00,2025-06-14 06:17:44+00:00,2025-06-14 06:17:44+00:00,2025-06-15 00:30:00+00:00,0.0,2025-06-14,2025,REG,GSV,SEA,1.0646853146853146,True,,0.5135396953663074,401736178,2529622,129689,14,1,True,False,matched,22.0,2025-06-14,under,0.2842375663850896,1.925925925925926,-1.0,1.0,False,False,False
2212,74000fc3-b2f8-4a21-99b6-983e9af4c19b,175,Skylar Diggins,skylardiggins,CHI,assists,4.5,-148.0,114.0,10,10,2025-06-14 06:17:44+00:00,2025-06-14 06:17:44+00:00,2025-06-14 06:17:44+00:00,2025-06-15 00:30:00+00:00,0.0,2025-06-14,2025,REG,GSV,SEA,1.0640639131745555,True,,0.5668405336028035,401736178,2491205,14,129689,0,True,False,matched,3.0,2025-06-14,over,0.17172420528744387,1.6756756756756757,-1.0,1.0,False,False,False
2212,8e175ef7-fc32-42cb-9035-357d4a5cc1d9,176,Ezi Magbegor,ezimagbegor,SEA,rebounds,7.5,-130.0,-102.0,10,10,2025-06-14 06:17:44+00:00,2025-06-14 06:17:44+00:00,2025-06-14 06:17:44+00:00,2025-06-15 00:30:00+00:00,0.0,2025-06-14,2025,REG,GSV,SEA,1.0701678863538528,True,,0.5312123494364493,401736178,4420318,14,129689,0,True,False,matched,6.0,2025-06-14,under,0.14555692248425905,1.9803921568627452,0.9803921568627452,1.0,False,False,False
2212,003b3e8f-6f2c-45e7-bef8-659df6a8e9e0,180,Nneka Ogwumike,nnekaogwumike,LAS,points,17.5,-102.0,-128.0,10,10,2025-06-14 06:17:44+00:00,2025-06-14 06:17:44+00:00,2025-06-14 06:17:44+00:00,2025-06-15 00:30:00+00:00,0.0,2025-06-14,2025,REG,GSV,SEA,1.0663540038214347,True,,0.47082505196940394,401736178,1068,14,129689,0,True,False,matched,6.0,2025-06-14,under,0.12611260674044433,1.78125,0.78125,1.0,False,False,False
2212,8d8e8fa2-3b0c-4846-a50b-d68c488c20f1,83,Monique Billings,moniquebillings,IND,rebounds,5.5,-140.0,100.0,33,33,2025-06-14 08:20:18+00:00,2025-06-14 08:20:18+00:00,2025-06-14 08:20:18+00:00,2025-06-15 00:30:00+00:00,0.0,2025-06-14,2025,REG,GSV,SEA,1.0833333333333333,True,,0.5434863681281015,401736178,3142255,129689,14,1,True,False,matched,4.0,2025-06-14,under,0.33800150850400634,2.0,1.0,1.0,False,False,False
2212,be457ae3-6d85-469f-83df-493b03829606,66,Erica Wheeler,ericawheeler,LAS,points,11.5,105.0,-150.0,33,33,2025-06-14 13:27:32+00:00,2025-06-14 13:27:32+00:00,2025-06-14 13:27:32+00:00,2025-06-15 00:30:00+00:00,0.0,2025-06-14,2025,REG,GSV,SEA,1.0878048780487806,True,,0.44129415758498114,401736178,2491214,14,129689,0,True,False,matched,6.0,2025-06-14,under,0.1090780494735093,1.6666666666666665,0.6666666666666665,1.0,False,False,False
2212,7c97146c-7eef-4c2c-a67e-fd10ac19ca67,58,Carla Leite,carlaleite,PDX,points,9.5,110.0,-145.0,49,49,2025-06-14 22:51:48+00:00,2025-06-14 22:51:48+00:00,2025-06-14 22:51:48+00:00,2025-06-15 00:30:00+00:00,0.0,2025-06-14,2025,REG,GSV,SEA,1.0680272108843538,True,,0.44017298355747725,401736178,5208982,129689,14,1,True,False,matched,14.0,2025-06-14,under,0.1768577384566089,1.6896551724137931,-1.0,1.0,False,False,False
2215,0707c0ab-066a-40bb-9634-98241400fb8a,102,Jackie Young,jackieyoung,LVA,points,20.5,-128.0,-102.0,10,10,2025-06-15 03:08:09+00:00,2025-06-15 03:08:09+00:00,2025-06-15 03:08:09+00:00,2025-06-15 22:00:00+00:00,0.0,2025-06-15,2025,REG,LVA,PHX,1.0663540038214347,True,,0.5291749480305961,401736181,4065870,17,11,1,True,False,matched,15.0,2025-06-15,under,0.31607668490203117,1.9803921568627452,0.9803921568627452,1.0,False,False,False
2215,e64fa28a-d2ea-4843-a2c1-a1296fdcbb60,54,Satou Sabally,satousabally,NYL,assists,3.5,142.0,-192.0,10,10,2025-06-15 03:08:09+00:00,2025-06-15 03:08:09+00:00,2025-06-15 03:08:09+00:00,2025-06-15 22:00:00+00:00,0.0,2025-06-15,2025,REG,LVA,PHX,1.0707573870712102,True,,0.37336020860003377,401736181,4281929,11,17,0,True,False,matched,3.0,2025-06-15,over,0.22936012834961095,2.42,-1.0,1.0,False,False,False
2215,f5c0c2db-2beb-4abc-870f-0164b9bf2884,107,Chelsea Gray,chelseagray,LVA,assists,4.5,-148.0,114.0,10,10,2025-06-15 03:08:09+00:00,2025-06-15 03:08:09+00:00,2025-06-15 03:08:09+00:00,2025-06-15 22:00:00+00:00,0.0,2025-06-15,2025,REG,LVA,PHX,1.0640639131745555,True,,0.5668405336028035,401736181,2529122,17,11,1,True,False,matched,4.0,2025-06-15,under,0.19824541230395237,2.1399999999999997,1.1399999999999997,1.0,False,False,False
2215,84b02338-190a-4233-bf88-9c0811991a62,40,Alyssa Thomas,alyssathomas,PHO,rebounds,6.5,116.0,-154.0,10,10,2025-06-15 03:08:09+00:00,2025-06-15 03:08:09+00:00,2025-06-15 03:08:09+00:00,2025-06-15 22:00:00+00:00,0.0,2025-06-15,2025,REG,LVA,PHX,1.0692621755613883,True,,0.425792012343204,401736181,2529140,11,17,0,True,False,matched,6.0,2025-06-15,over,0.15157191488084115,2.16,-1.0,1.0,False,False,False
2215,ed875441-efcd-4dae-a5ba-820e28e35945,166,Jewell Loyd,jewellloyd,LVA,points,14.5,-113.0,-115.0,10,10,2025-06-15 03:08:09+00:00,2025-06-15 03:08:09+00:00,2025-06-15 03:08:09+00:00,2025-06-15 22:00:00+00:00,0.0,2025-06-15,2025,REG,LVA,PHX,1.0654001528551151,True,,0.49774423259931944,401736181,2987869,17,11,1,True,False,matched,17.0,2025-06-15,under,0.1347983527406013,1.8695652173913042,-1.0,1.0,False,False,False
2213,75f8eef3-7a62-41ab-89cf-97296b4f85af,9,Tina Charles,tinacharles,FA,points,16.5,-122.0,-106.0,10,10,2025-06-15 05:24:13+00:00,2025-06-15 05:24:13+00:00,2025-06-15 05:24:13+00:00,2025-06-15 16:00:00+00:00,0.0,2025-06-15,2025,REG,CON,CHI,1.064112656345666,True,,0.518058368553134,401736179,918,18,19,1,True,False,matched,19.0,2025-06-15,under,0.15057843103986057,1.9433962264150944,-1.0,1.0,False,False,False
2213,3bd8a3e7-34ff-4428-97e5-e0419156d2af,22,Marina Mabrey,marinamabrey,TOR,points,16.5,-118.0,-110.0,10,10,2025-06-15 05:24:13+00:00,2025-06-15 05:24:13+00:00,2025-06-15 05:24:13+00:00,2025-06-15 16:00:00+00:00,0.0,2025-06-15,2025,REG,CON,CHI,1.0650939274792486,True,,0.5090245232268319,401736179,3904576,18,19,1,True,False,matched,22.0,2025-06-15,under,0.11487685130587355,1.9090909090909092,-1.0,1.0,False,False,False
2213,683eb7a5-c80a-4ad5-b68a-eccb219b129f,43,Olivia Nelson-Ododa,olivianelsonododa,CON,rebounds,5.5,-158.0,118.0,10,10,2025-06-15 05:27:35+00:00,2025-06-15 05:27:35+00:00,2025-06-15 05:27:35+00:00,2025-06-15 16:00:00+00:00,0.0,2025-06-15,2025,REG,CON,CHI,1.0711186971054691,True,,0.5796527091990534,401736179,4398966,18,19,1,True,False,matched,10.0,2025-06-15,under,0.7916136269377477,2.1799999999999997,-1.0,1.0,False,False,False
2213,a3e669a9-49d5-48eb-9cbd-1c5ac58b3c09,26,Angel Reese,angelreese,ATL,rebounds,11.5,-122.0,-108.0,10,10,2025-06-15 05:27:35+00:00,2025-06-15 05:27:35+00:00,2025-06-15 05:27:35+00:00,2025-06-15 16:00:00+00:00,0.0,2025-06-15,2025,REG,CON,CHI,1.0687803187803186,True,,0.5156895960912058,401736179,4433402,19,18,0,True,False,matched,13.0,2025-06-15,under,0.2242384248945432,1.925925925925926,-1.0,1.0,False,False,False
2213,1e4aff0d-3e37-4b64-9496-74d592dd6774,30,Kamilla Cardoso,kamillacardoso,CHI,rebounds,6.5,-154.0,116.0,10,10,2025-06-15 05:27:35+00:00,2025-06-15 05:27:35+00:00,2025-06-15 05:27:35+00:00,2025-06-15 16:00:00+00:00,0.0,2025-06-15,2025,REG,CON,CHI,1.0692621755613883,True,,0.574207987656796,401736179,4433405,19,18,0,True,False,matched,7.0,2025-06-15,under,0.07675449127988065,2.16,-1.0,1.0,False,False,False
2214,3da587d7-7845-4e58-b184-380b9ffbf7dc,182,Brittney Sykes,brittneysykes,TOR,points,19.5,-113.0,-115.0,10,10,2025-06-15 05:54:58+00:00,2025-06-15 05:54:58+00:00,2025-06-15 05:54:58+00:00,2025-06-15 18:00:00+00:00,0.0,2025-06-15,2025,REG,WAS,ATL,1.0654001528551151,True,,0.49774423259931944,401736180,2988756,16,20,1,True,False,matched,9.0,2025-06-15,under,0.2587093577839289,1.8695652173913042,0.8695652173913042,1.0,False,False,False
2214,32315539-c950-4ffe-808e-869bc8e56949,573,Sonia Citron,soniacitron,WAS,points,12.5,-130.0,100.0,10,10,2025-06-15 05:54:58+00:00,2025-06-15 05:54:58+00:00,2025-06-15 05:54:58+00:00,2025-06-15 18:00:00+00:00,0.0,2025-06-15,2025,REG,WAS,ATL,1.065217391304348,True,,0.5336835053940976,401736180,4433524,16,20,1,True,False,matched,10.0,2025-06-15,under,0.19425517367490008,2.0,1.0,1.0,False,False,False
2214,e2c9fa7d-6721-496e-b343-8176c9b0ca13,572,Kiki Iriafen,kikiiriafen,WAS,points,13.5,-114.0,-114.0,10,10,2025-06-15 05:54:58+00:00,2025-06-15 05:54:58+00:00,2025-06-15 05:54:58+00:00,2025-06-15 18:00:00+00:00,0.0,2025-06-15,2025,REG,WAS,ATL,1.0654205607476634,True,,0.5000000000000001,401736180,4898384,16,20,1,True,False,matched,6.0,2025-06-15,under,0.12886799667126225,1.8771929824561404,0.8771929824561404,1.0,False,False,False
2214,a9d2f3b7-5ebd-4709-b169-b112a9a53b1c,15,Rhyne Howard,rhynehoward,ATL,threes,2.5,-180.0,134.0,10,10,2025-06-15 05:58:20+00:00,2025-06-15 05:58:20+00:00,2025-06-15 05:58:20+00:00,2025-06-15 18:00:00+00:00,0.0,2025-06-15,2025,REG,WAS,ATL,1.0702075702075702,True,,0.6116591953695215,401736180,4398674,20,16,0,True,False,matched,4.0,2025-06-15,under,0.1959488938600656,2.34,-1.0,1.0,False,False,False
2214,364382f5-84b0-4f48-ae68-e46c5336a348,148,Brittney Griner,brittneygriner,CON,points,12.5,-122.0,-106.0,10,10,2025-06-15 05:58:20+00:00,2025-06-15 05:58:20+00:00,2025-06-15 05:58:20+00:00,2025-06-15 18:00:00+00:00,0.0,2025-06-15,2025,REG,WAS,ATL,1.064112656345666,True,,0.518058368553134,401736180,2490553,20,16,0,True,False,matched,2.0,2025-06-15,under,0.08990172233216998,1.9433962264150944,0.9433962264150944,1.0,False,False,False
2214,d142e6ae-0de6-466a-ac5a-0bbf6e7b544e,1,Allisha Gray,allishagray,ATL,threes,1.5,-154.0,116.0,10,10,2025-06-15 05:58:20+00:00,2025-06-15 05:58:20+00:00,2025-06-15 05:58:20+00:00,2025-06-15 18:00:00+00:00,0.0,2025-06-15,2025,REG,WAS,ATL,1.0692621755613883,True,,0.574207987656796,401736180,3058901,20,16,0,True,False,matched,6.0,2025-06-15,under,0.08395202010775088,2.16,-1.0,1.0,False,False,False
2214,dcf17384-5d2e-4bd2-b922-c6bcbd52a093,49,Brionna Jones,brionnajones,ATL,rebounds,8.5,-122.0,-108.0,10,10,2025-06-15 05:58:21+00:00,2025-06-15 05:58:21+00:00,2025-06-15 05:58:21+00:00,2025-06-15 18:00:00+00:00,0.0,2025-06-15,2025,REG,WAS,ATL,1.0687803187803186,True,,0.5156895960912058,401736180,3058895,20,16,0,True,False,matched,4.0,2025-06-15,under,0.325364142035407,1.925925925925926,0.925925925925926,1.0,False,False,False
2213,9dc2660c-8e42-401d-83c1-66f2be63d7e9,185,Ariel Atkins,arielatkins,LAS,assists,3.5,120.0,-150.0,24,24,2025-06-15 08:33:14+00:00,2025-06-15 08:33:14+00:00,2025-06-15 08:33:14+00:00,2025-06-15 16:00:00+00:00,0.0,2025-06-15,2025,REG,CON,CHI,1.0545454545454547,True,,0.4253013906678685,401736179,3146151,19,18,0,True,False,matched,4.0,2025-06-15,under,0.06003956939995975,1.6666666666666665,-1.0,1.0,False,False,False
2215,f8fcf824-85d1-432d-93f8-2b6314da196c,177,Sami Whitcomb,samiwhitcomb,PHO,points,8.5,-105.0,-125.0,49,49,2025-06-15 10:03:40+00:00,2025-06-15 10:03:40+00:00,2025-06-15 10:03:40+00:00,2025-06-15 22:00:00+00:00,0.0,2025-06-15,2025,REG,LVA,PHX,1.067750677506775,True,,0.47757418034290006,401736181,887,11,17,0,True,False,matched,18.0,2025-06-15,under,0.08625106885770184,1.8,-1.0,1.0,False,False,False
2213,918929c3-e3fd-403a-a633-0f253372e5df,518,Saniya Rivers,saniyarivers,CON,points,7.5,-115.0,-115.0,19,19,2025-06-15 13:04:58+00:00,2025-06-15 13:04:58+00:00,2025-06-15 13:04:58+00:00,2025-06-15 16:00:00+00:00,0.0,2025-06-15,2025,REG,CON,CHI,1.0697674418604652,True,,0.5,401736179,4433514,18,19,1,True,True,did_not_play,,2025-06-15,under,0.25887811881371303,1.8695652173913042,0.0,0.0,False,True,False
2214,8dcd2dc6-65ee-4e3a-b34d-36b20d8e3de7,2,Jordin Canada,jordincanada,ATL,points,8.5,-115.0,-115.0,13,13,2025-06-15 13:57:19+00:00,2025-06-15 13:57:19+00:00,2025-06-15 13:57:19+00:00,2025-06-15 18:00:00+00:00,0.0,2025-06-15,2025,REG,WAS,ATL,1.0697674418604652,True,,0.5,401736180,3142250,20,16,0,True,False,matched,4.0,2025-06-15,under,0.0595226692860355,1.8695652173913042,0.8695652173913042,1.0,False,False,False
2216,cc4c9251-b376-43c4-97c4-e80edc05ad3e,68,Caitlin Clark,caitlinclark,IND,rebounds,5.5,-146.0,110.0,10,10,2025-06-15 20:17:14+00:00,2025-06-15 20:17:14+00:00,2025-06-15 20:17:14+00:00,2025-06-17 23:00:00+00:00,0.0,2025-06-17,2025,REG,IND,CON,1.0696864111498257,True,,0.5607420039050215,401736182,4433403,5,18,1,True,False,matched,1.0,2025-06-17,under,0.16613590496756053,2.1,1.1,1.0,False,False,False
2219,00af4ee4-0fae-477e-a835-ca0397357be6,182,Brittney Sykes,brittneysykes,TOR,points,19.5,-110.0,-118.0,10,10,2025-06-16 02:20:42+00:00,2025-06-16 02:20:42+00:00,2025-06-16 02:20:42+00:00,2025-06-18 00:00:00+00:00,0.0,2025-06-17,2025,REG,CHI,WAS,1.0650939274792486,True,,0.4909754767731684,401736184,2988756,16,19,0,True,False,matched,32.0,2025-06-17,under,0.25793840547811475,1.847457627118644,-1.0,1.0,False,False,False
2219,a2f75c7c-fefd-44a9-94a0-3d7afe4bf0b3,572,Kiki Iriafen,kikiiriafen,WAS,rebounds,7.5,-148.0,112.0,10,10,2025-06-16 02:20:42+00:00,2025-06-16 02:20:42+00:00,2025-06-16 02:20:42+00:00,2025-06-18 00:00:00+00:00,0.0,2025-06-17,2025,REG,CHI,WAS,1.0684723067559343,True,,0.5647227530167998,401736184,4898384,16,19,0,True,False,matched,6.0,2025-06-17,under,0.15126829231778655,2.12,1.12,1.0,False,False,False
2219,086eb38f-8a4b-4d9d-8c43-978fd7f9b56d,26,Angel Reese,angelreese,ATL,points,11.5,-130.0,100.0,10,10,2025-06-16 02:20:42+00:00,2025-06-16 02:20:42+00:00,2025-06-16 02:20:42+00:00,2025-06-18 00:00:00+00:00,0.0,2025-06-17,2025,REG,CHI,WAS,1.065217391304348,True,,0.5336835053940976,401736184,4433402,19,16,1,True,False,matched,17.0,2025-06-17,under,0.09849188194615133,2.0,-1.0,1.0,False,False,False
2219,e5ce5aff-5a41-45e3-8729-e4a06777bc4a,185,Ariel Atkins,arielatkins,LAS,points,13.5,-110.0,-118.0,10,10,2025-06-16 02:20:42+00:00,2025-06-16 02:20:42+00:00,2025-06-16 02:20:42+00:00,2025-06-18 00:00:00+00:00,0.0,2025-06-17,2025,REG,CHI,WAS,1.0650939274792486,True,,0.4909754767731684,401736184,3146151,19,16,1,True,False,matched,10.0,2025-06-17,under,0.07667211006714264,1.847457627118644,0.847457627118644,1.0,False,False,False
2217,4325ddd9-e90a-487e-80d8-d1f936a5372e,49,Brionna Jones,brionnajones,ATL,rebounds,7.5,-148.0,112.0,10,10,2025-06-16 02:37:39+00:00,2025-06-16 02:37:39+00:00,2025-06-16 02:37:39+00:00,2025-06-17 23:00:00+00:00,0.0,2025-06-17,2025,REG,NYL,ATL,1.0684723067559343,True,,0.5647227530167998,401736183,3058895,20,9,0,True,False,matched,3.0,2025-06-17,under,0.33547361037168866,2.12,1.12,1.0,False,False,False
2217,17b32d18-6d2a-4940-a1e0-aafe2323aa08,141,Jonquel Jones,jonqueljones,NYL,rebounds,10.5,108.0,-144.0,10,10,2025-06-16 02:37:39+00:00,2025-06-16 02:37:39+00:00,2025-06-16 02:37:39+00:00,2025-06-17 23:00:00+00:00,0.0,2025-06-17,2025,REG,NYL,ATL,1.0709331651954601,True,,0.4433154794603006,401736183,2999101,9,20,1,True,False,matched,10.0,2025-06-17,under,0.3192330155330476,1.6944444444444444,0.6944444444444444,1.0,False,False,False
2217,b569ee91-3fb2-45cd-bdb8-7a7517f24628,15,Rhyne Howard,rhynehoward,ATL,threes,3.5,-104.0,-128.0,10,10,2025-06-16 02:37:39+00:00,2025-06-16 02:37:39+00:00,2025-06-16 02:37:39+00:00,2025-06-17 23:00:00+00:00,0.0,2025-06-17,2025,REG,NYL,ATL,1.0712074303405572,True,,0.4732611100971195,401736183,4398674,20,9,0,True,False,matched,2.0,2025-06-17,under,0.30626759462103087,1.78125,0.78125,1.0,False,False,False
2217,5c5811e6-00c3-494c-993b-a09eb4760426,163,Natasha Cloud,natashacloud,CHI,assists,5.5,104.0,-138.0,10,10,2025-06-16 02:37:39+00:00,2025-06-16 02:37:39+00:00,2025-06-16 02:37:39+00:00,2025-06-17 23:00:00+00:00,0.0,2025-06-17,2025,REG,NYL,ATL,1.0700280112044818,True,,0.4535791638529251,401736183,2529137,9,20,1,True,False,matched,5.0,2025-06-17,over,0.17673647932507636,2.04,-1.0,1.0,False,False,False
2217,cb4fb2a5-2afe-420b-aac1-3c119f06ea6d,1,Allisha Gray,allishagray,ATL,threes,2.5,108.0,-144.0,10,10,2025-06-16 02:37:39+00:00,2025-06-16 02:37:39+00:00,2025-06-16 02:37:39+00:00,2025-06-17 23:00:00+00:00,0.0,2025-06-17,2025,REG,NYL,ATL,1.0709331651954601,True,,0.4433154794603006,401736183,3058901,20,9,0,True,False,matched,2.0,2025-06-17,under,0.1764757522556648,1.6944444444444444,0.6944444444444444,1.0,False,False,False
2217,24a32d9a-3e59-45f4-b1fb-5a18f4d7c035,148,Brittney Griner,brittneygriner,CON,rebounds,5.5,-154.0,116.0,10,10,2025-06-16 02:37:39+00:00,2025-06-16 02:37:39+00:00,2025-06-16 02:37:39+00:00,2025-06-17 23:00:00+00:00,0.0,2025-06-17,2025,REG,NYL,ATL,1.0692621755613883,True,,0.574207987656796,401736183,2490553,20,9,0,True,False,matched,2.0,2025-06-17,under,0.16332407648509278,2.16,1.1600000000000001,1.0,False,False,False
2217,4340856c-d0a0-425c-afed-b09a027ec80c,132,Sabrina Ionescu,sabrinaionescu,NYL,points,18.5,-110.0,-118.0,10,10,2025-06-16 02:37:39+00:00,2025-06-16 02:37:39+00:00,2025-06-16 02:37:39+00:00,2025-06-17 23:00:00+00:00,0.0,2025-06-17,2025,REG,NYL,ATL,1.0650939274792486,True,,0.4909754767731684,401736183,4066533,9,20,1,True,False,matched,34.0,2025-06-17,under,0.16003719942556904,1.847457627118644,-1.0,1.0,False,False,False
2217,90a4a41a-c52e-421a-8f36-ae3ae895ea18,137,Breanna Stewart,breannastewart,NYL,points,20.5,-104.0,-122.0,10,10,2025-06-16 02:37:39+00:00,2025-06-16 02:37:39+00:00,2025-06-16 02:37:39+00:00,2025-06-17 23:00:00+00:00,0.0,2025-06-17,2025,REG,NYL,ATL,1.059353471118177,True,,0.47953831927398954,401736183,2998928,9,20,1,True,False,matched,23.0,2025-06-17,under,0.1360905626825784,1.819672131147541,-1.0,1.0,False,False,False
2220,0fb92124-2fdc-4afe-ab2b-d21c7e48ce2b,528,Paige Bueckers,paigebueckers,DAL,assists,6.5,-132.0,100.0,10,10,2025-06-16 02:51:16+00:00,2025-06-16 02:51:16+00:00,2025-06-16 02:51:16+00:00,2025-06-18 00:00:00+00:00,0.0,2025-06-17,2025,REG,DAL,GSV,1.0689655172413794,True,,0.5356937238338165,401736185,4433730,3,129689,1,True,False,matched,2.0,2025-06-17,under,0.18545958347305636,2.0,1.0,1.0,False,False,False
2220,1021fcbc-1709-4bd2-b56b-5893dc915889,139,Kayla Thornton,kaylathornton,GSV,threes,1.5,-178.0,132.0,10,10,2025-06-16 03:49:16+00:00,2025-06-16 03:49:16+00:00,2025-06-16 03:49:16+00:00,2025-06-18 00:00:00+00:00,0.0,2025-06-17,2025,REG,DAL,GSV,1.0713222525427932,True,,0.6084851511650193,401736185,2529622,129689,3,0,True,False,matched,2.0,2025-06-17,under,0.24873330000711447,2.3200000000000003,-1.0,1.0,False,False,False
2220,100cc8aa-a4e2-4a2d-9473-8f51816687aa,55,Veronica Burton,veronicaburton,GSV,assists,5.5,-158.0,118.0,10,10,2025-06-16 03:49:17+00:00,2025-06-16 03:49:17+00:00,2025-06-16 03:49:17+00:00,2025-06-18 00:00:00+00:00,0.0,2025-06-17,2025,REG,DAL,GSV,1.0711186971054691,True,,0.5796527091990534,401736185,4398935,129689,3,0,True,False,matched,5.0,2025-06-17,under,0.3903796873566111,2.1799999999999997,1.1799999999999997,1.0,False,False,False
2216,677f2808-0da1-4648-97b1-926f4f2387da,22,Marina Mabrey,marinamabrey,TOR,threes,2.5,-172.0,128.0,10,10,2025-06-16 04:31:08+00:00,2025-06-16 04:31:08+00:00,2025-06-16 04:31:08+00:00,2025-06-17 23:00:00+00:00,0.0,2025-06-17,2025,REG,IND,CON,1.0709494324045408,True,,0.6004234693007796,401736182,3904576,18,5,0,True,False,matched,0.0,2025-06-17,under,0.173716913007896,2.2800000000000002,1.2800000000000002,1.0,False,False,False
2216,85d965d5-6a32-4849-9aca-d67be53a696c,9,Tina Charles,tinacharles,FA,points,17.5,-110.0,-118.0,10,10,2025-06-16 04:31:08+00:00,2025-06-16 04:31:08+00:00,2025-06-16 04:31:08+00:00,2025-06-17 23:00:00+00:00,0.0,2025-06-17,2025,REG,IND,CON,1.0650939274792486,True,,0.4909754767731684,401736182,918,18,5,0,True,False,matched,20.0,2025-06-17,under,0.166555757758641,1.847457627118644,-1.0,1.0,False,False,False
2218,52efe202-7e07-4995-8092-f6071cbde379,121,Alanna Smith,alannasmith,DAL,points,10.5,104.0,-135.0,10,10,2025-06-16 05:12:20+00:00,2025-06-16 05:12:20+00:00,2025-06-16 05:12:20+00:00,2025-06-18 00:00:00+00:00,0.0,2025-06-17,2025,REG,MIN,LVA,1.0646641635377556,True,,0.45648742045938223,401736186,3913881,8,17,1,True,False,matched,10.0,2025-06-17,under,0.20319826079255104,1.7407407407407407,0.7407407407407407,1.0,False,False,False
2218,a50bb11b-b429-4478-9643-e0f2feb89cfe,112,Napheesa Collier,napheesacollier,MIN,points,23.5,-108.0,-120.0,10,10,2025-06-16 05:12:20+00:00,2025-06-16 05:12:20+00:00,2025-06-16 05:12:20+00:00,2025-06-18 00:00:00+00:00,0.0,2025-06-17,2025,REG,MIN,LVA,1.0646853146853146,True,,0.48646030463369283,401736186,3917450,8,17,1,True,False,matched,7.0,2025-06-17,under,0.17795163570753958,1.8333333333333335,0.8333333333333335,1.0,False,False,False
2218,f7fe7f67-3072-479f-8d3f-255d33364c30,125,Kayla McBride,kaylamcbride,MIN,points,15.5,-108.0,-120.0,10,10,2025-06-16 05:12:20+00:00,2025-06-16 05:12:20+00:00,2025-06-16 05:12:20+00:00,2025-06-18 00:00:00+00:00,0.0,2025-06-17,2025,REG,MIN,LVA,1.0646853146853146,True,,0.48646030463369283,401736186,2529205,8,17,1,True,False,matched,8.0,2025-06-17,under,0.15487673489068426,1.8333333333333335,0.8333333333333335,1.0,False,False,False
2221,99c04dd8-204d-4a36-a169-f8a44895585a,82,Azura Stevens,azurastevens,CHI,points,11.5,-122.0,-106.0,10,10,2025-06-16 05:57:07+00:00,2025-06-16 05:57:07+00:00,2025-06-16 05:57:07+00:00,2025-06-18 02:00:00+00:00,0.0,2025-06-17,2025,REG,LAS,SEA,1.064112656345666,True,,0.518058368553134,401736187,3142010,6,14,1,True,False,matched,16.0,2025-06-17,under,0.1836979150495578,1.9433962264150944,-1.0,1.0,False,False,False
2221,57ab5c1e-2cce-4b4c-9b68-247faa0a98dc,180,Nneka Ogwumike,nnekaogwumike,LAS,points,16.5,-102.0,-128.0,10,10,2025-06-16 05:57:07+00:00,2025-06-16 05:57:07+00:00,2025-06-16 05:57:07+00:00,2025-06-18 02:00:00+00:00,0.0,2025-06-17,2025,REG,LAS,SEA,1.0663540038214347,True,,0.47082505196940394,401736187,1068,14,6,0,True,False,matched,26.0,2025-06-17,under,0.1258809041655547,1.78125,-1.0,1.0,False,False,False
2221,32c63cca-292f-42ec-8a0d-18a18b7cfd9d,208,Gabby Williams,gabbywilliams,GSV,points,13.5,-120.0,-108.0,10,10,2025-06-16 05:57:07+00:00,2025-06-16 05:57:07+00:00,2025-06-16 05:57:07+00:00,2025-06-18 02:00:00+00:00,0.0,2025-06-17,2025,REG,LAS,SEA,1.0646853146853146,True,,0.5135396953663074,401736187,3142328,14,6,0,True,False,matched,11.0,2025-06-17,under,0.11177668730616186,1.925925925925926,0.925925925925926,1.0,False,False,False
2221,d7a8ae44-a3b4-4d29-ab9a-93a443aba6ec,89,Dearica Hamby,dearicahamby,LAS,points,17.5,100.0,-130.0,10,10,2025-06-16 05:57:07+00:00,2025-06-16 05:57:07+00:00,2025-06-16 05:57:07+00:00,2025-06-18 02:00:00+00:00,0.0,2025-06-17,2025,REG,LAS,SEA,1.065217391304348,True,,0.4663164946059025,401736187,2566106,6,14,1,True,False,matched,8.0,2025-06-17,under,0.09743735033654416,1.7692307692307692,0.7692307692307692,1.0,False,False,False
2221,6b05f0e2-00cc-42cb-aec3-d8b9fcf3fd3e,175,Skylar Diggins,skylardiggins,CHI,points,17.5,-115.0,-113.0,10,10,2025-06-16 05:57:07+00:00,2025-06-16 05:57:07+00:00,2025-06-16 05:57:07+00:00,2025-06-18 02:00:00+00:00,0.0,2025-06-17,2025,REG,LAS,SEA,1.0654001528551151,True,,0.5022557674006809,401736187,2491205,14,6,0,True,False,matched,15.0,2025-06-17,under,0.09679212363013534,1.8849557522123894,0.8849557522123894,1.0,False,False,False
2221,549eae8d-7de3-4ee5-a3cf-487b7c6e9e94,176,Ezi Magbegor,ezimagbegor,SEA,rebounds,7.5,-122.0,-108.0,10,10,2025-06-16 05:57:07+00:00,2025-06-16 05:57:07+00:00,2025-06-16 05:57:07+00:00,2025-06-18 02:00:00+00:00,0.0,2025-06-17,2025,REG,LAS,SEA,1.0687803187803186,True,,0.5156895960912058,401736187,4420318,14,6,0,True,False,matched,3.0,2025-06-17,under,0.051461066779522946,1.925925925925926,0.925925925925926,1.0,False,False,False
2218,5680af23-e9c3-486b-88e1-3144205e7d55,107,Chelsea Gray,chelseagray,LVA,assists,4.5,-130.0,100.0,24,24,2025-06-16 12:23:29+00:00,2025-06-16 12:23:29+00:00,2025-06-16 12:23:29+00:00,2025-06-18 00:00:00+00:00,0.0,2025-06-17,2025,REG,MIN,LVA,1.065217391304348,True,,0.5336835053940976,401736186,2529122,17,8,0,True,False,matched,6.0,2025-06-17,under,0.17144101999359046,2.0,-1.0,1.0,False,False,False
2218,f64b886a-5477-4166-8dc9-db7d04a7baf3,166,Jewell Loyd,jewellloyd,LVA,threes,2.5,125.0,-155.0,24,24,2025-06-16 12:23:29+00:00,2025-06-16 12:23:29+00:00,2025-06-16 12:23:29+00:00,2025-06-18 00:00:00+00:00,0.0,2025-06-17,2025,REG,MIN,LVA,1.0522875816993464,True,,0.4161844529605166,401736186,2987869,17,8,0,True,False,matched,4.0,2025-06-17,under,0.1461314584386913,1.6451612903225805,-1.0,1.0,False,False,False
2218,4beb5598-7c9d-4a6c-9d01-b529983a53a6,102,Jackie Young,jackieyoung,LVA,threes,2.5,140.0,-170.0,24,24,2025-06-16 12:23:29+00:00,2025-06-16 12:23:29+00:00,2025-06-16 12:23:29+00:00,2025-06-18 00:00:00+00:00,0.0,2025-06-17,2025,REG,MIN,LVA,1.0462962962962963,True,,0.3910947128467968,401736186,4065870,17,8,0,True,False,matched,1.0,2025-06-17,under,0.1274392396644915,1.5882352941176472,0.5882352941176472,1.0,False,False,False
2219,ef042a7e-2bb9-4ea7-8187-cf1dbfcb1ac3,573,Sonia Citron,soniacitron,WAS,threes,1.5,120.0,-150.0,24,24,2025-06-16 12:23:30+00:00,2025-06-16 12:23:30+00:00,2025-06-16 12:23:30+00:00,2025-06-18 00:00:00+00:00,0.0,2025-06-17,2025,REG,CHI,WAS,1.0545454545454547,True,,0.4253013906678685,401736184,4433524,16,19,0,True,False,matched,1.0,2025-06-17,under,0.06528304619221903,1.6666666666666665,0.6666666666666665,1.0,False,False,False
2216,fb124faa-606d-4cf7-9c15-2407c3d2615c,43,Olivia Nelson-Ododa,olivianelsonododa,CON,rebounds,6.5,102.0,-136.0,10,10,2025-06-17 03:43:22+00:00,2025-06-17 03:43:22+00:00,2025-06-17 03:43:22+00:00,2025-06-17 23:00:00+00:00,0.0,2025-06-17,2025,REG,IND,CON,1.071320691391173,True,,0.4579067075572801,401736182,4398966,18,5,0,True,False,matched,8.0,2025-06-17,under,0.26884425115167776,1.7352941176470589,-1.0,1.0,False,False,False
2216,17549d74-5d31-4fa3-902c-e71f24f7d78f,76,Lexie Hull,lexiehull,IND,rebounds,3.5,-105.0,-135.0,49,49,2025-06-17 11:01:31+00:00,2025-06-17 11:01:31+00:00,2025-06-17 11:01:31+00:00,2025-06-17 23:00:00+00:00,0.0,2025-06-17,2025,REG,IND,CON,1.0866632070576026,True,,0.46744138600370294,401736182,4398829,5,18,1,True,False,matched,3.0,2025-06-17,over,0.06209766983543358,1.9523809523809523,-1.0,1.0,False,False,False
2220,062fd24d-b706-4e84-b237-6f715b1a5179,83,Monique Billings,moniquebillings,IND,points,9.5,-190.0,145.0,49,49,2025-06-17 12:03:50+00:00,2025-06-17 12:03:50+00:00,2025-06-17 12:03:50+00:00,2025-06-18 00:00:00+00:00,0.0,2025-06-17,2025,REG,DAL,GSV,1.0633356790992259,True,,0.627503342529811,401736185,3142255,129689,3,0,True,False,matched,18.0,2025-06-17,under,0.9636594816857167,2.45,-1.0,1.0,False,False,False
2220,f3b9c227-8e94-4150-83ce-b2ef6207c379,58,Carla Leite,carlaleite,PDX,points,9.5,-195.0,145.0,49,49,2025-06-17 17:32:48+00:00,2025-06-17 17:32:48+00:00,2025-06-17 17:32:48+00:00,2025-06-18 00:00:00+00:00,0.0,2025-06-17,2025,REG,DAL,GSV,1.0691802144586648,True,,0.6309553346406138,401736185,5208982,129689,3,0,True,False,matched,8.0,2025-06-17,under,0.5495499409469878,2.45,1.4500000000000002,1.0,False,False,False
2222,f85c06a7-1b32-4fcf-96e3-56d8a8f5b72e,40,Alyssa Thomas,alyssathomas,PHO,points,13.5,-102.0,-128.0,10,10,2025-06-18 04:51:25+00:00,2025-06-18 04:51:25+00:00,2025-06-18 04:51:25+00:00,2025-06-18 23:00:00+00:00,0.0,2025-06-18,2025,REG,CON,PHX,1.0663540038214347,True,,0.47082505196940394,401736188,2529140,11,18,0,True,False,matched,14.0,2025-06-18,under,0.08362115573541617,1.78125,-1.0,1.0,False,False,False
2222,868abb2c-992d-4c8a-92bc-92d579add7ef,9,Tina Charles,tinacharles,FA,rebounds,6.5,124.0,-166.0,10,10,2025-06-18 04:51:26+00:00,2025-06-18 04:51:26+00:00,2025-06-18 04:51:26+00:00,2025-06-18 23:00:00+00:00,0.0,2025-06-18,2025,REG,CON,PHX,1.0704887218045114,True,,0.40796342297849103,401736188,918,18,11,1,True,False,matched,4.0,2025-06-18,over,0.3273327432200274,2.24,-1.0,1.0,False,False,False
2222,a26369a2-9e9a-4fd1-a5fa-fb636335593a,22,Marina Mabrey,marinamabrey,TOR,assists,3.5,112.0,-148.0,10,10,2025-06-18 04:51:26+00:00,2025-06-18 04:51:26+00:00,2025-06-18 04:51:26+00:00,2025-06-18 23:00:00+00:00,0.0,2025-06-18,2025,REG,CON,PHX,1.0684723067559343,True,,0.43527724698320036,401736188,3904576,18,11,1,True,False,matched,7.0,2025-06-18,over,0.2592870893380409,2.12,1.12,1.0,False,False,False
2222,b4498181-25cb-456e-b471-ae0ae34d3987,54,Satou Sabally,satousabally,NYL,assists,2.5,-166.0,124.0,10,10,2025-06-18 04:51:26+00:00,2025-06-18 04:51:26+00:00,2025-06-18 04:51:26+00:00,2025-06-18 23:00:00+00:00,0.0,2025-06-18,2025,REG,CON,PHX,1.0704887218045114,True,,0.5920365770215091,401736188,4281929,11,18,0,True,False,matched,1.0,2025-06-18,over,0.15496098043247286,1.6024096385542168,-1.0,1.0,False,False,False
2222,78d3adfd-e264-4a9f-a5f3-e88fcfa85999,43,Olivia Nelson-Ododa,olivianelsonododa,CON,rebounds,6.5,124.0,-166.0,10,10,2025-06-18 05:18:48+00:00,2025-06-18 05:18:48+00:00,2025-06-18 05:18:48+00:00,2025-06-18 23:00:00+00:00,0.0,2025-06-18,2025,REG,CON,PHX,1.0704887218045114,True,,0.40796342297849103,401736188,4398966,18,11,1,True,False,matched,14.0,2025-06-18,under,0.1174273029173955,1.6024096385542168,-1.0,1.0,False,False,False
2222,19a604aa-c8d7-4301-874a-724aeed99bc9,177,Sami Whitcomb,samiwhitcomb,PHO,points,7.5,-130.0,100.0,49,49,2025-06-18 11:02:01+00:00,2025-06-18 11:02:01+00:00,2025-06-18 11:02:01+00:00,2025-06-18 23:00:00+00:00,0.0,2025-06-18,2025,REG,CON,PHX,1.065217391304348,True,,0.5336835053940976,401736188,887,11,18,0,True,True,did_not_play,,2025-06-18,under,0.06321081077525642,2.0,0.0,0.0,False,True,False
2223,7fcdf51d-d918-4a7b-8774-b6cb84f63b58,54,Satou Sabally,satousabally,NYL,points,20.5,-102.0,-128.0,10,10,2025-06-19 01:43:43+00:00,2025-06-19 01:43:43+00:00,2025-06-19 01:43:43+00:00,2025-06-19 23:00:00+00:00,0.0,2025-06-19,2025,REG,NYL,PHX,1.0663540038214347,True,,0.47082505196940394,401736189,4281929,11,9,0,True,False,matched,15.0,2025-06-19,under,0.17795425096634737,1.78125,0.78125,1.0,False,False,False
2223,12155ad6-4a82-42c7-a0c2-2f0bb70f42b9,40,Alyssa Thomas,alyssathomas,PHO,assists,9.5,116.0,-152.0,10,10,2025-06-19 01:43:43+00:00,2025-06-19 01:43:43+00:00,2025-06-19 01:43:43+00:00,2025-06-19 23:00:00+00:00,0.0,2025-06-19,2025,REG,NYL,PHX,1.066137566137566,True,,0.4275370112309487,401736189,2529140,11,9,0,True,False,matched,7.0,2025-06-19,under,0.07074116453116469,1.6578947368421053,0.6578947368421053,1.0,False,False,False
2223,b6727bdd-0c10-48f5-9690-2cd1765a2edf,163,Natasha Cloud,natashacloud,CHI,rebounds,3.5,130.0,-174.0,10,10,2025-06-19 01:43:43+00:00,2025-06-19 01:43:43+00:00,2025-06-19 01:43:43+00:00,2025-06-19 23:00:00+00:00,0.0,2025-06-19,2025,REG,NYL,PHX,1.069819105046017,True,,0.3962729171732011,401736189,2529137,9,11,1,True,False,matched,3.0,2025-06-19,over,0.06935398736588905,2.3,-1.0,1.0,False,False,False
2223,4a2bbd68-ca86-44aa-a4c9-5045f8f3f45f,141,Jonquel Jones,jonqueljones,NYL,rebounds,10.5,116.0,-154.0,10,10,2025-06-19 01:43:44+00:00,2025-06-19 01:43:44+00:00,2025-06-19 01:43:44+00:00,2025-06-19 23:00:00+00:00,0.0,2025-06-19,2025,REG,NYL,PHX,1.0692621755613883,True,,0.425792012343204,401736189,2999101,9,11,1,True,False,matched,4.0,2025-06-19,under,0.15262351999514195,1.6493506493506493,0.6493506493506493,1.0,False,False,False
2223,204bf310-faee-47ef-af52-b828f6fa38db,137,Breanna Stewart,breannastewart,NYL,rebounds,5.5,-148.0,112.0,10,10,2025-06-19 01:43:44+00:00,2025-06-19 01:43:44+00:00,2025-06-19 01:43:44+00:00,2025-06-19 23:00:00+00:00,0.0,2025-06-19,2025,REG,NYL,PHX,1.0684723067559343,True,,0.5647227530167998,401736189,2998928,9,11,1,True,False,matched,3.0,2025-06-19,over,0.07074791375561484,1.6756756756756757,-1.0,1.0,False,False,False
2224,c42e5794-437d-4124-873c-e60402bd0dbb,76,Lexie Hull,lexiehull,IND,points,9.5,-106.0,-122.0,10,10,2025-06-19 02:33:41+00:00,2025-06-19 02:33:41+00:00,2025-06-19 02:33:41+00:00,2025-06-20 02:00:00+00:00,0.0,2025-06-19,2025,REG,GSV,IND,1.064112656345666,True,,0.4819416314468661,401736190,4398829,5,129689,0,True,False,matched,3.0,2025-06-19,under,0.15457981148631572,1.819672131147541,0.819672131147541,1.0,False,False,False
2224,c1cb9dd3-1066-46bc-a171-ce9f45b2f687,139,Kayla Thornton,kaylathornton,GSV,rebounds,7.5,-122.0,-108.0,10,10,2025-06-19 02:33:42+00:00,2025-06-19 02:33:42+00:00,2025-06-19 02:33:42+00:00,2025-06-20 02:00:00+00:00,0.0,2025-06-19,2025,REG,GSV,IND,1.0687803187803186,True,,0.5156895960912058,401736190,2529622,129689,5,1,True,False,matched,6.0,2025-06-19,under,0.42860896218308603,1.925925925925926,0.925925925925926,1.0,False,False,False
2224,aea044b5-6861-41ba-8ff5-5ac9e128a9e6,58,Carla Leite,carlaleite,PDX,points,10.5,102.0,-132.0,10,10,2025-06-19 02:33:42+00:00,2025-06-19 02:33:42+00:00,2025-06-19 02:33:42+00:00,2025-06-20 02:00:00+00:00,0.0,2025-06-19,2025,REG,GSV,IND,1.0640150221918745,True,,0.4618487426836327,401736190,5208982,129689,5,1,True,False,matched,8.0,2025-06-19,under,0.25709074549185956,1.7575757575757576,0.7575757575757576,1.0,False,False,False
2224,c971fbb7-fc8f-48ab-855b-646dc459af19,83,Monique Billings,moniquebillings,IND,points,11.5,100.0,-130.0,10,10,2025-06-19 02:33:42+00:00,2025-06-19 02:33:42+00:00,2025-06-19 02:33:42+00:00,2025-06-20 02:00:00+00:00,0.0,2025-06-19,2025,REG,GSV,IND,1.065217391304348,True,,0.4663164946059025,401736190,3142255,129689,5,1,True,False,matched,8.0,2025-06-19,under,0.23929685662447225,1.7692307692307692,0.7692307692307692,1.0,False,False,False
2224,ff3a4374-724f-484a-992f-c73e57ea10f9,68,Caitlin Clark,caitlinclark,IND,threes,3.5,108.0,-144.0,10,10,2025-06-19 02:33:42+00:00,2025-06-19 02:33:42+00:00,2025-06-19 02:33:42+00:00,2025-06-20 02:00:00+00:00,0.0,2025-06-19,2025,REG,GSV,IND,1.0709331651954601,True,,0.4433154794603006,401736190,4433403,5,129689,0,True,False,matched,0.0,2025-06-19,under,0.19691018473837835,1.6944444444444444,0.6944444444444444,1.0,False,False,False
2224,e1254a43-f2a2-4282-a960-5f3e6f2434b5,55,Veronica Burton,veronicaburton,GSV,points,11.5,100.0,-130.0,10,10,2025-06-19 02:33:42+00:00,2025-06-19 02:33:42+00:00,2025-06-19 02:33:42+00:00,2025-06-20 02:00:00+00:00,0.0,2025-06-19,2025,REG,GSV,IND,1.065217391304348,True,,0.4663164946059025,401736190,4398935,129689,5,1,True,False,matched,11.0,2025-06-19,under,0.1962372329666086,1.7692307692307692,0.7692307692307692,1.0,False,False,False
2224,5730eacd-e16c-4b11-802a-223665536832,56,Natasha Howard,natashahoward,MIN,points,11.5,-118.0,-110.0,10,10,2025-06-19 02:33:42+00:00,2025-06-19 02:33:42+00:00,2025-06-19 02:33:42+00:00,2025-06-20 02:00:00+00:00,0.0,2025-06-19,2025,REG,GSV,IND,1.0650939274792486,True,,0.5090245232268319,401736190,2529130,5,129689,0,True,False,matched,13.0,2025-06-19,under,0.10837158407695008,1.9090909090909092,-1.0,1.0,False,False,False
2224,bde8b2d5-30ad-4ef9-99f8-7587c57bb692,70,Kelsey Mitchell,kelseymitchell,IND,points,17.5,-113.0,-115.0,10,10,2025-06-19 02:33:42+00:00,2025-06-19 02:33:42+00:00,2025-06-19 02:33:42+00:00,2025-06-20 02:00:00+00:00,0.0,2025-06-19,2025,REG,GSV,IND,1.0654001528551151,True,,0.49774423259931944,401736190,3142191,5,129689,0,True,False,matched,16.0,2025-06-19,under,0.09173557009932454,1.8695652173913042,0.8695652173913042,1.0,False,False,False
2224,dad65e5e-90cb-4e3b-b67f-c4f521dfca1b,71,Aliyah Boston,aliyahboston,IND,assists,4.5,114.0,-152.0,10,10,2025-06-19 02:33:42+00:00,2025-06-19 02:33:42+00:00,2025-06-19 02:33:42+00:00,2025-06-20 02:00:00+00:00,0.0,2025-06-19,2025,REG,GSV,IND,1.0704643228007713,True,,0.42960347247450675,401736190,4432831,5,129689,0,True,False,matched,1.0,2025-06-19,under,0.08555621982234396,1.6578947368421053,0.6578947368421053,1.0,False,False,False
2225,27a16f3b-3823-48b7-a48c-8d4293dec236,22,Marina Mabrey,marinamabrey,TOR,assists,3.5,-110.0,-120.0,10,10,2025-06-19 17:41:52+00:00,2025-06-19 17:41:52+00:00,2025-06-19 17:41:52+00:00,2025-06-20 23:30:00+00:00,0.0,2025-06-20,2025,REG,CON,DAL,1.0692640692640691,True,,0.4887959885212434,401736192,3904576,18,3,1,True,False,matched,6.0,2025-06-20,over,0.13048959755963524,1.9090909090909092,0.9090909090909092,1.0,False,False,False
2225,1fcab596-591c-460b-9b76-616bbcb22d53,63,Arike Ogunbowale,arikeogunbowale,DAL,assists,4.5,100.0,-132.0,10,10,2025-06-19 17:41:52+00:00,2025-06-19 17:41:52+00:00,2025-06-19 17:41:52+00:00,2025-06-20 23:30:00+00:00,0.0,2025-06-20,2025,REG,CON,DAL,1.0689655172413794,True,,0.46430627616618364,401736192,3904577,3,18,0,True,False,matched,1.0,2025-06-20,over,0.1058660222345027,2.0,-1.0,1.0,False,False,False
2225,77a25250-c9bd-4f58-ad02-6ea11cbe7766,528,Paige Bueckers,paigebueckers,DAL,points,17.5,-114.0,-114.0,10,10,2025-06-19 17:41:52+00:00,2025-06-19 17:41:52+00:00,2025-06-19 17:41:52+00:00,2025-06-20 23:30:00+00:00,0.0,2025-06-20,2025,REG,CON,DAL,1.0654205607476634,True,,0.5000000000000001,401736192,4433730,3,18,0,True,False,matched,21.0,2025-06-20,under,0.10019616396542286,1.8771929824561404,-1.0,1.0,False,False,False
2225,614c58c3-cfb2-4198-a82b-09a25f88595a,9,Tina Charles,tinacharles,FA,rebounds,6.5,-114.0,-114.0,10,10,2025-06-19 17:41:52+00:00,2025-06-19 17:41:52+00:00,2025-06-19 17:41:52+00:00,2025-06-20 23:30:00+00:00,0.0,2025-06-20,2025,REG,CON,DAL,1.0654205607476634,True,,0.5000000000000001,401736192,918,18,3,1,True,False,matched,6.0,2025-06-20,under,0.05820914901403995,1.8771929824561404,0.8771929824561404,1.0,False,False,False
2226,8fb778d5-072a-44de-a8b9-628c0c1d9d07,15,Rhyne Howard,rhynehoward,ATL,assists,4.5,122.0,-162.0,10,10,2025-06-19 20:54:55+00:00,2025-06-19 20:54:55+00:00,2025-06-19 20:54:55+00:00,2025-06-20 23:30:00+00:00,0.0,2025-06-20,2025,REG,ATL,WAS,1.0687710611374732,True,,0.41310819110441305,401736191,4398674,20,16,1,True,False,matched,6.0,2025-06-20,over,0.17474699915903624,2.2199999999999998,1.2199999999999998,1.0,False,False,False
2226,df36c8f3-e5d1-4521-83fc-b572ae717504,182,Brittney Sykes,brittneysykes,TOR,points,18.5,100.0,-130.0,10,10,2025-06-19 20:54:55+00:00,2025-06-19 20:54:55+00:00,2025-06-19 20:54:55+00:00,2025-06-20 23:30:00+00:00,0.0,2025-06-20,2025,REG,ATL,WAS,1.065217391304348,True,,0.4663164946059025,401736191,2988756,16,20,0,True,False,matched,21.0,2025-06-20,under,0.14897496418763007,1.7692307692307692,-1.0,1.0,False,False,False
2226,d6b656f7-ffff-4912-b32e-b6fb44e4f540,572,Kiki Iriafen,kikiiriafen,WAS,points,12.5,-108.0,-120.0,10,10,2025-06-19 20:54:55+00:00,2025-06-19 20:54:55+00:00,2025-06-19 20:54:55+00:00,2025-06-20 23:30:00+00:00,0.0,2025-06-20,2025,REG,ATL,WAS,1.0646853146853146,True,,0.48646030463369283,401736191,4898384,16,20,0,True,False,matched,9.0,2025-06-20,under,0.14360768407293845,1.8333333333333335,0.8333333333333335,1.0,False,False,False
2226,7e0be18a-ecbc-4e8e-94c5-9db5d5fd7ff6,49,Brionna Jones,brionnajones,ATL,points,12.5,-114.0,-114.0,10,10,2025-06-19 20:54:55+00:00,2025-06-19 20:54:55+00:00,2025-06-19 20:54:55+00:00,2025-06-20 23:30:00+00:00,0.0,2025-06-20,2025,REG,ATL,WAS,1.0654205607476634,True,,0.5000000000000001,401736191,3058895,20,16,1,True,False,matched,14.0,2025-06-20,under,0.09678041186598663,1.8771929824561404,-1.0,1.0,False,False,False
2226,2a0d18b3-f413-47e9-be3b-9091912725ab,1,Allisha Gray,allishagray,ATL,threes,2.5,124.0,-166.0,10,10,2025-06-19 20:54:56+00:00,2025-06-19 20:54:56+00:00,2025-06-19 20:54:56+00:00,2025-06-20 23:30:00+00:00,0.0,2025-06-20,2025,REG,ATL,WAS,1.0704887218045114,True,,0.40796342297849103,401736191,3058901,20,16,1,True,False,matched,2.0,2025-06-20,under,0.1170961939036761,1.6024096385542168,0.6024096385542168,1.0,False,False,False
2227,7cefcaaa-e41f-457f-a8be-cbeb95781ad9,176,Ezi Magbegor,ezimagbegor,SEA,rebounds,7.5,-130.0,-102.0,10,10,2025-06-20 04:55:52+00:00,2025-06-20 04:55:52+00:00,2025-06-20 04:55:52+00:00,2025-06-21 02:00:00+00:00,0.0,2025-06-20,2025,REG,LVA,SEA,1.0701678863538528,True,,0.5312123494364493,401736193,4420318,14,17,0,True,False,matched,2.0,2025-06-20,under,0.3109097521379257,1.9803921568627452,0.9803921568627452,1.0,False,False,False
2227,8adbab20-f7f6-4107-9fba-96e1c8949d82,103,A'ja Wilson,ajawilson,LVA,rebounds,11.5,-122.0,-110.0,10,10,2025-06-20 04:55:52+00:00,2025-06-20 04:55:52+00:00,2025-06-20 04:55:52+00:00,2025-06-21 02:00:00+00:00,0.0,2025-06-20,2025,REG,LVA,SEA,1.0733590733590734,True,,0.5133544081098238,401736193,3149391,17,14,1,True,False,matched,14.0,2025-06-20,under,0.30258705796404334,1.9090909090909092,-1.0,1.0,False,False,False
2227,7d9972b6-cff3-4069-b0f6-577bbe71723a,208,Gabby Williams,gabbywilliams,GSV,threes,1.5,-138.0,104.0,10,10,2025-06-20 04:55:52+00:00,2025-06-20 04:55:52+00:00,2025-06-20 04:55:52+00:00,2025-06-21 02:00:00+00:00,0.0,2025-06-20,2025,REG,LVA,SEA,1.0700280112044818,True,,0.5464208361470752,401736193,3142328,14,17,0,True,False,matched,3.0,2025-06-20,under,0.24057352459775855,2.04,-1.0,1.0,False,False,False
2227,ba15779c-f20c-4b95-9b3f-d78b4c3afc40,175,Skylar Diggins,skylardiggins,CHI,points,17.5,-114.0,-114.0,10,10,2025-06-20 04:55:52+00:00,2025-06-20 04:55:52+00:00,2025-06-20 04:55:52+00:00,2025-06-21 02:00:00+00:00,0.0,2025-06-20,2025,REG,LVA,SEA,1.0654205607476634,True,,0.5000000000000001,401736193,2491205,14,17,0,True,False,matched,24.0,2025-06-20,under,0.16104258947926775,1.8771929824561404,-1.0,1.0,False,False,False
2227,b9dedde7-bc91-465c-b2a2-559f2de0c881,102,Jackie Young,jackieyoung,LVA,assists,3.5,130.0,-174.0,10,10,2025-06-20 12:46:36+00:00,2025-06-20 12:46:36+00:00,2025-06-20 12:46:36+00:00,2025-06-21 02:00:00+00:00,0.0,2025-06-20,2025,REG,LVA,SEA,1.069819105046017,True,,0.3962729171732011,401736193,4065870,17,14,1,True,False,matched,5.0,2025-06-20,over,0.33822900070035494,2.3,1.2999999999999998,1.0,False,False,False
2228,9455a1fb-1b6c-4d9f-b65a-791deb61a0ca,26,Angel Reese,angelreese,ATL,rebounds,12.5,110.0,-146.0,10,10,2025-06-20 19:31:11+00:00,2025-06-20 19:31:11+00:00,2025-06-20 19:31:11+00:00,2025-06-21 17:00:00+00:00,0.0,2025-06-21,2025,REG,CHI,PHX,1.0696864111498257,True,,0.4392579960949788,401736194,4433402,19,11,1,True,False,matched,2.0,2025-06-21,under,0.1504025862746456,1.6849315068493151,0.6849315068493151,1.0,False,False,False
2228,9b2854a8-65c1-47dc-a2d2-eef9b25a8a99,54,Satou Sabally,satousabally,NYL,points,18.5,-115.0,-113.0,10,10,2025-06-20 19:31:11+00:00,2025-06-20 19:31:11+00:00,2025-06-20 19:31:11+00:00,2025-06-21 17:00:00+00:00,0.0,2025-06-21,2025,REG,CHI,PHX,1.0654001528551151,True,,0.5022557674006809,401736194,4281929,11,19,0,True,False,matched,15.0,2025-06-21,under,0.13436529382161355,1.8849557522123894,0.8849557522123894,1.0,False,False,False
2228,3dd8924f-8839-4c56-b898-3028ac6e3bbe,40,Alyssa Thomas,alyssathomas,PHO,points,13.5,-114.0,-114.0,10,10,2025-06-20 19:31:11+00:00,2025-06-20 19:31:11+00:00,2025-06-20 19:31:11+00:00,2025-06-21 17:00:00+00:00,0.0,2025-06-21,2025,REG,CHI,PHX,1.0654205607476634,True,,0.5000000000000001,401736194,2529140,11,19,0,True,False,matched,11.0,2025-06-21,under,0.07855026608254134,1.8771929824561404,0.8771929824561404,1.0,False,False,False
2228,88c34f6f-9607-4383-bb2e-23d4392500a4,185,Ariel Atkins,arielatkins,LAS,threes,1.5,-114.0,-114.0,10,10,2025-06-20 19:31:11+00:00,2025-06-20 19:31:11+00:00,2025-06-20 19:31:11+00:00,2025-06-21 17:00:00+00:00,0.0,2025-06-21,2025,REG,CHI,PHX,1.0654205607476634,True,,0.5000000000000001,401736194,3146151,19,11,1,True,False,matched,2.0,2025-06-21,under,0.068116263718633,1.8771929824561404,-1.0,1.0,False,False,False
2228,4b57d803-d22a-4325-b568-a69e0c3dd9b9,155,Kahleah Copper,kahleahcopper,PHO,points,12.5,102.0,-132.0,10,10,2025-06-20 19:31:12+00:00,2025-06-20 19:31:12+00:00,2025-06-20 19:31:12+00:00,2025-06-21 17:00:00+00:00,0.0,2025-06-21,2025,REG,CHI,PHX,1.0640150221918745,True,,0.4618487426836327,401736194,2998938,11,19,0,True,False,matched,16.0,2025-06-21,over,0.152012421695931,2.02,1.02,1.0,False,False,False
2229,0d1e0835-29b4-437a-9388-586f6a9a2d30,89,Dearica Hamby,dearicahamby,LAS,points,16.5,-114.0,-114.0,10,10,2025-06-20 19:53:31+00:00,2025-06-20 19:53:31+00:00,2025-06-20 19:53:31+00:00,2025-06-22 00:00:00+00:00,0.0,2025-06-21,2025,REG,MIN,LAS,1.0654205607476634,True,,0.5000000000000001,401736195,2566106,6,8,0,True,False,matched,13.0,2025-06-21,under,0.23349535071733235,1.8771929824561404,0.8771929824561404,1.0,False,False,False
2229,b8a3095c-dde6-4a71-a2b2-00d65f4aadf6,94,Rickea Jackson,rickeajackson,CHI,points,15.5,-120.0,-108.0,10,10,2025-06-20 19:53:31+00:00,2025-06-20 19:53:31+00:00,2025-06-20 19:53:31+00:00,2025-06-22 00:00:00+00:00,0.0,2025-06-21,2025,REG,MIN,LAS,1.0646853146853146,True,,0.5135396953663074,401736195,4433630,6,8,0,True,False,matched,9.0,2025-06-21,under,0.19589001269627215,1.925925925925926,0.925925925925926,1.0,False,False,False
2229,f92eb0bc-3f85-4f91-9dc4-5fda8e0ff14a,82,Azura Stevens,azurastevens,CHI,points,12.5,-110.0,-118.0,10,10,2025-06-20 19:53:31+00:00,2025-06-20 19:53:31+00:00,2025-06-20 19:53:31+00:00,2025-06-22 00:00:00+00:00,0.0,2025-06-21,2025,REG,MIN,LAS,1.0650939274792486,True,,0.4909754767731684,401736195,3142010,6,8,0,True,False,matched,11.0,2025-06-21,under,0.18121782571459494,1.847457627118644,0.847457627118644,1.0,False,False,False
2225,7f34bddf-15d9-4e4e-ae99-92245171de9e,43,Olivia Nelson-Ododa,olivianelsonododa,CON,points,8.5,-128.0,-102.0,10,10,2025-06-20 22:48:43+00:00,2025-06-20 22:48:43+00:00,2025-06-20 22:48:43+00:00,2025-06-20 23:30:00+00:00,0.0,2025-06-20,2025,REG,CON,DAL,1.0663540038214347,True,,0.5291749480305961,401736192,4398966,18,3,1,True,False,matched,6.0,2025-06-20,under,0.2213897818273663,1.9803921568627452,0.9803921568627452,1.0,False,False,False
2227,ecd71677-cde9-4695-97bb-f0a827120990,66,Erica Wheeler,ericawheeler,LAS,points,10.5,-108.0,-120.0,10,10,2025-06-21 01:41:12+00:00,2025-06-21 01:41:12+00:00,2025-06-21 01:41:12+00:00,2025-06-21 02:00:00+00:00,0.0,2025-06-20,2025,REG,LVA,SEA,1.0646853146853146,True,,0.48646030463369283,401736193,2491214,14,17,0,True,False,matched,17.0,2025-06-20,under,0.14409860620535203,1.8333333333333335,-1.0,1.0,False,False,False
2229,3a7cadb6-e0b0-451d-aaec-b2f2d9db8621,101,Kelsey Plum,kelseyplum,LAS,assists,5.5,-108.0,-122.0,10,10,2025-06-21 02:14:44+00:00,2025-06-21 02:14:44+00:00,2025-06-21 02:14:44+00:00,2025-06-22 00:00:00+00:00,0.0,2025-06-21,2025,REG,MIN,LAS,1.0687803187803186,True,,0.48431040390879443,401736195,3065570,6,8,0,True,False,matched,4.0,2025-06-21,under,0.23486438631803064,1.819672131147541,0.819672131147541,1.0,False,False,False
2229,c4bc784e-517d-4f24-a029-e394d44cc4f3,112,Napheesa Collier,napheesacollier,MIN,assists,3.5,-160.0,120.0,10,10,2025-06-21 02:18:15+00:00,2025-06-21 02:18:15+00:00,2025-06-21 02:18:15+00:00,2025-06-22 00:00:00+00:00,0.0,2025-06-21,2025,REG,MIN,LAS,1.06993006993007,True,,0.583305061424049,401736195,3917450,8,6,1,True,True,did_not_play,,2025-06-21,under,0.19201741610033557,2.2,0.0,0.0,False,True,False
2230,1528bdfd-e349-49cf-a086-bfd37601cbec,68,Caitlin Clark,caitlinclark,IND,points,20.5,-128.0,-102.0,10,10,2025-06-21 06:49:46+00:00,2025-06-21 06:49:46+00:00,2025-06-21 06:49:46+00:00,2025-06-22 19:00:00+00:00,0.0,2025-06-22,2025,REG,LVA,IND,1.0663540038214347,True,,0.5291749480305961,401736198,4433403,5,17,0,True,False,matched,19.0,2025-06-22,under,0.21758054709479796,1.9803921568627452,0.9803921568627452,1.0,False,False,False
2230,8a3d6d17-aad6-48a7-8441-b44d4b0cf52f,103,A'ja Wilson,ajawilson,LVA,rebounds,10.5,-132.0,100.0,10,10,2025-06-21 06:49:46+00:00,2025-06-21 06:49:46+00:00,2025-06-21 06:49:46+00:00,2025-06-22 19:00:00+00:00,0.0,2025-06-22,2025,REG,LVA,IND,1.0689655172413794,True,,0.5356937238338165,401736198,3149391,17,5,1,True,False,matched,7.0,2025-06-22,under,0.21588407534775317,2.0,1.0,1.0,False,False,False
2229,feed74cd-8a88-40b3-a924-93d252885d01,117,Courtney Williams,courtneywilliams,MIN,threes,1.5,-105.0,-125.0,24,24,2025-06-21 10:55:31+00:00,2025-06-21 10:55:31+00:00,2025-06-21 10:55:31+00:00,2025-06-22 00:00:00+00:00,0.0,2025-06-21,2025,REG,MIN,LAS,1.067750677506775,True,,0.47757418034290006,401736195,2987891,8,6,1,True,False,matched,2.0,2025-06-21,under,0.266971498194463,1.8,-1.0,1.0,False,False,False
2230,9e40fef7-6ae2-4a74-9694-197aaa69cf3f,166,Jewell Loyd,jewellloyd,LVA,threes,2.5,105.0,-135.0,24,24,2025-06-21 11:20:42+00:00,2025-06-21 11:20:42+00:00,2025-06-21 11:20:42+00:00,2025-06-22 19:00:00+00:00,0.0,2025-06-22,2025,REG,LVA,IND,1.0622729631551635,True,,0.45531139401703796,401736198,2987869,17,5,1,True,False,matched,0.0,2025-06-22,under,0.1565888338343503,1.7407407407407407,0.7407407407407407,1.0,False,False,False
2230,452573b9-b601-47fe-a7dc-7b13598d644b,107,Chelsea Gray,chelseagray,LVA,assists,5.5,105.0,-135.0,24,24,2025-06-21 11:20:42+00:00,2025-06-21 11:20:42+00:00,2025-06-21 11:20:42+00:00,2025-06-22 19:00:00+00:00,0.0,2025-06-22,2025,REG,LVA,IND,1.0622729631551635,True,,0.45531139401703796,401736198,2529122,17,5,1,True,False,matched,3.0,2025-06-22,under,0.0887279290406412,1.7407407407407407,0.7407407407407407,1.0,False,False,False
2229,e106f134-d80b-49f8-bb82-13cd8e9edce0,121,Alanna Smith,alannasmith,DAL,points,9.5,-120.0,-108.0,10,10,2025-06-21 12:36:30+00:00,2025-06-21 12:36:30+00:00,2025-06-21 12:36:30+00:00,2025-06-22 00:00:00+00:00,0.0,2025-06-21,2025,REG,MIN,LAS,1.0646853146853146,True,,0.5135396953663074,401736195,3913881,8,6,1,True,False,matched,6.0,2025-06-21,under,0.09294690764607555,1.925925925925926,0.925925925925926,1.0,False,False,False
2232,b7a2a424-d7ce-4418-adff-30789a5c331d,528,Paige Bueckers,paigebueckers,DAL,rebounds,3.5,-172.0,128.0,10,10,2025-06-21 17:38:08+00:00,2025-06-21 17:38:08+00:00,2025-06-21 17:38:08+00:00,2025-06-22 19:00:00+00:00,0.0,2025-06-22,2025,REG,WAS,DAL,1.0709494324045408,True,,0.6004234693007796,401736197,4433730,3,16,0,True,False,matched,9.0,2025-06-22,under,0.20397348566272894,2.2800000000000002,-1.0,1.0,False,False,False
2232,6cb8c98b-0de5-4e0e-98db-5b1a32f48132,182,Brittney Sykes,brittneysykes,TOR,points,19.5,-114.0,-114.0,10,10,2025-06-21 17:38:08+00:00,2025-06-21 17:38:08+00:00,2025-06-21 17:38:08+00:00,2025-06-22 19:00:00+00:00,0.0,2025-06-22,2025,REG,WAS,DAL,1.0654205607476634,True,,0.5000000000000001,401736197,2988756,16,3,1,True,False,matched,8.0,2025-06-22,under,0.0820770990895216,1.8771929824561404,0.8771929824561404,1.0,False,False,False
2231,87978add-c3e8-436b-8168-f6d4c18a41da,15,Rhyne Howard,rhynehoward,ATL,points,17.5,-118.0,-110.0,10,10,2025-06-21 19:59:16+00:00,2025-06-21 19:59:16+00:00,2025-06-21 19:59:16+00:00,2025-06-22 19:00:00+00:00,0.0,2025-06-22,2025,REG,ATL,CHI,1.0650939274792486,True,,0.5090245232268319,401736196,4398674,20,19,1,True,False,matched,22.0,2025-06-22,under,0.0976196123655459,1.9090909090909092,-1.0,1.0,False,False,False
2231,4b01808f-ceb3-4544-88f5-33ddffab12f9,49,Brionna Jones,brionnajones,ATL,rebounds,6.5,-136.0,102.0,10,10,2025-06-21 19:59:17+00:00,2025-06-21 19:59:17+00:00,2025-06-21 19:59:17+00:00,2025-06-22 19:00:00+00:00,0.0,2025-06-22,2025,REG,ATL,CHI,1.071320691391173,True,,0.5420932924427202,401736196,3058895,20,19,1,True,False,matched,11.0,2025-06-22,under,0.2376724030498239,2.02,-1.0,1.0,False,False,False
2231,6d2d8173-a45d-457a-9812-dca53e16578d,26,Angel Reese,angelreese,ATL,assists,3.5,142.0,-192.0,10,10,2025-06-21 19:59:17+00:00,2025-06-21 19:59:17+00:00,2025-06-21 19:59:17+00:00,2025-06-22 19:00:00+00:00,0.0,2025-06-22,2025,REG,ATL,CHI,1.0707573870712102,True,,0.37336020860003377,401736196,4433402,19,20,0,True,False,matched,4.0,2025-06-22,over,0.07692070983996313,2.42,1.42,1.0,False,False,False
2233,d84d858d-8680-4e42-a87a-897e25cba13b,208,Gabby Williams,gabbywilliams,GSV,threes,1.5,-138.0,104.0,10,10,2025-06-22 01:42:28+00:00,2025-06-22 01:42:28+00:00,2025-06-22 01:42:28+00:00,2025-06-22 23:00:00+00:00,0.0,2025-06-22,2025,REG,SEA,NYL,1.0700280112044818,True,,0.5464208361470752,401736199,3142328,14,9,1,True,False,matched,1.0,2025-06-22,under,0.2362892213563959,2.04,1.04,1.0,False,False,False
2233,ffa27daf-cadf-46b0-8df7-6684879c6fc3,137,Breanna Stewart,breannastewart,NYL,rebounds,6.5,-122.0,-108.0,10,10,2025-06-22 01:42:28+00:00,2025-06-22 01:42:28+00:00,2025-06-22 01:42:28+00:00,2025-06-22 23:00:00+00:00,0.0,2025-06-22,2025,REG,SEA,NYL,1.0687803187803186,True,,0.5156895960912058,401736199,2998928,9,14,0,True,False,matched,9.0,2025-06-22,under,0.08638894426036203,1.925925925925926,-1.0,1.0,False,False,False
2233,67091948-527d-44ad-b7a9-dae543734ca6,132,Sabrina Ionescu,sabrinaionescu,NYL,points,19.5,-122.0,-106.0,10,10,2025-06-22 01:42:29+00:00,2025-06-22 01:42:29+00:00,2025-06-22 01:42:29+00:00,2025-06-22 23:00:00+00:00,0.0,2025-06-22,2025,REG,SEA,NYL,1.064112656345666,True,,0.518058368553134,401736199,4066533,9,14,0,True,True,did_not_play,,2025-06-22,under,0.16305101242891568,1.9433962264150944,0.0,0.0,False,True,False
2233,d07845e7-6408-4b73-bcb9-41a13c410a78,163,Natasha Cloud,natashacloud,CHI,points,9.5,102.0,-132.0,10,10,2025-06-22 01:42:29+00:00,2025-06-22 01:42:29+00:00,2025-06-22 01:42:29+00:00,2025-06-22 23:00:00+00:00,0.0,2025-06-22,2025,REG,SEA,NYL,1.0640150221918745,True,,0.4618487426836327,401736199,2529137,9,14,0,True,False,matched,5.0,2025-06-22,under,0.07814283647994447,1.7575757575757576,0.7575757575757576,1.0,False,False,False
2234,0b04c2a2-cdfc-4121-8d9f-1589b9ab081d,83,Monique Billings,moniquebillings,IND,rebounds,6.5,-140.0,106.0,10,10,2025-06-22 04:07:36+00:00,2025-06-22 04:07:36+00:00,2025-06-22 04:07:36+00:00,2025-06-23 00:30:00+00:00,0.0,2025-06-22,2025,REG,GSV,CON,1.0687702265372168,True,,0.5506638564937638,401736200,3142255,129689,18,1,True,False,matched,6.0,2025-06-22,under,0.561553364245436,2.06,1.06,1.0,False,False,False
2234,c3260f35-0f6d-4efd-b333-46c452d7eaa1,139,Kayla Thornton,kaylathornton,GSV,threes,1.5,-200.0,148.0,10,10,2025-06-22 04:07:36+00:00,2025-06-22 04:07:36+00:00,2025-06-22 04:07:36+00:00,2025-06-23 00:30:00+00:00,0.0,2025-06-22,2025,REG,GSV,CON,1.0698924731182795,True,,0.6365014949541484,401736200,2529622,129689,18,1,True,False,matched,2.0,2025-06-22,under,0.3913602131102117,2.48,-1.0,1.0,False,False,False
2234,38d492b8-3729-4a59-8ff4-96a30847fef7,58,Carla Leite,carlaleite,PDX,points,9.5,-114.0,-114.0,10,10,2025-06-22 04:07:36+00:00,2025-06-22 04:07:36+00:00,2025-06-22 04:07:36+00:00,2025-06-23 00:30:00+00:00,0.0,2025-06-22,2025,REG,GSV,CON,1.0654205607476634,True,,0.5000000000000001,401736200,5208982,129689,18,1,True,True,did_not_play,,2025-06-22,under,0.29692432556888115,1.8771929824561404,0.0,0.0,False,True,False
2234,fb05c7d1-d21d-4cf5-9668-7f0007c7336c,9,Tina Charles,tinacharles,FA,points,17.5,-104.0,-125.0,10,10,2025-06-22 04:07:36+00:00,2025-06-22 04:07:36+00:00,2025-06-22 04:07:36+00:00,2025-06-23 00:30:00+00:00,0.0,2025-06-22,2025,REG,GSV,CON,1.065359477124183,True,,0.4763687479911608,401736200,918,18,129689,0,True,False,matched,9.0,2025-06-22,under,0.20293645091777857,1.8,0.8,1.0,False,False,False
2234,c939c1c9-2a62-4f99-b193-938d576dca27,55,Veronica Burton,veronicaburton,GSV,points,10.5,-114.0,-114.0,10,10,2025-06-22 04:07:36+00:00,2025-06-22 04:07:36+00:00,2025-06-22 04:07:36+00:00,2025-06-23 00:30:00+00:00,0.0,2025-06-22,2025,REG,GSV,CON,1.0654205607476634,True,,0.5000000000000001,401736200,4398935,129689,18,1,True,False,matched,10.0,2025-06-22,under,0.14760463179609917,1.8771929824561404,0.8771929824561404,1.0,False,False,False
2231,9bdf8a8e-aa24-476d-aa77-684cceb79826,2,Jordin Canada,jordincanada,ATL,points,9.5,-120.0,-110.0,49,49,2025-06-22 10:11:24+00:00,2025-06-22 10:11:24+00:00,2025-06-22 10:11:24+00:00,2025-06-22 19:00:00+00:00,0.0,2025-06-22,2025,REG,ATL,CHI,1.0692640692640691,True,,0.5112040114787568,401736196,3142250,20,19,1,True,False,matched,6.0,2025-06-22,under,0.22122614596994772,1.9090909090909092,0.9090909090909092,1.0,False,False,False
2234,36029e76-dec2-4bb4-a825-18e52fc09a93,52,Jacy Sheldon,jacysheldon,CHI,points,8.5,-125.0,-105.0,12,12,2025-06-22 11:20:50+00:00,2025-06-22 11:20:50+00:00,2025-06-22 11:20:50+00:00,2025-06-23 00:30:00+00:00,0.0,2025-06-22,2025,REG,GSV,CON,1.067750677506775,True,,0.5224258196571001,401736200,4432865,18,129689,0,True,False,matched,10.0,2025-06-22,under,0.36627757000376726,1.9523809523809523,-1.0,1.0,False,False,False
2238,b59d30dd-964c-40ea-8714-fd45c9b69d66,68,Caitlin Clark,caitlinclark,IND,points,20.5,-115.0,-115.0,12,12,2025-06-22 21:36:12+00:00,2025-06-22 21:36:12+00:00,2025-06-22 21:36:12+00:00,2025-06-25 02:00:00+00:00,0.0,2025-06-24,2025,REG,SEA,IND,1.0697674418604652,True,,0.5,401736204,4433403,5,14,0,True,False,matched,6.0,2025-06-24,under,0.19063893255087488,1.8695652173913042,0.8695652173913042,1.0,False,False,False
2233,34af4827-ffb0-428f-8181-3e83a09da521,66,Erica Wheeler,ericawheeler,LAS,points,10.5,-130.0,100.0,10,10,2025-06-22 22:21:34+00:00,2025-06-22 22:21:34+00:00,2025-06-22 22:21:34+00:00,2025-06-22 23:00:00+00:00,0.0,2025-06-22,2025,REG,SEA,NYL,1.065217391304348,True,,0.5336835053940976,401736199,2491214,14,9,1,True,False,matched,9.0,2025-06-22,under,0.09202613132684284,2.0,1.0,1.0,False,False,False
2234,60ded3b7-cf2e-4182-8f0c-54a7a150b3f5,518,Saniya Rivers,saniyarivers,CON,points,9.5,120.0,-160.0,49,49,2025-06-22 22:31:52+00:00,2025-06-22 22:31:52+00:00,2025-06-22 22:31:52+00:00,2025-06-23 00:30:00+00:00,0.0,2025-06-22,2025,REG,GSV,CON,1.06993006993007,True,,0.41669493857595097,401736200,4433514,18,129689,0,True,False,matched,2.0,2025-06-22,under,0.14514809747487273,1.625,0.625,1.0,False,False,False
2233,2e72de64-3985-4126-9e42-62535bd8e886,131,Nyara Sabally,nyarasabally,TOR,points,9.5,155.0,-210.0,49,49,2025-06-22 22:52:52+00:00,2025-06-22 22:52:52+00:00,2025-06-22 22:52:52+00:00,2025-06-22 23:00:00+00:00,0.0,2025-06-22,2025,REG,SEA,NYL,1.0695762175838077,True,,0.35220063099197196,401736199,4398768,9,14,0,True,False,matched,8.0,2025-06-22,under,0.08189436545120182,1.4761904761904763,0.4761904761904763,1.0,False,False,False
2238,ab03d620-1dfb-43c7-ba55-f12a3ba24eec,71,Aliyah Boston,aliyahboston,IND,points,13.5,-130.0,100.0,10,10,2025-06-23 00:45:59+00:00,2025-06-23 00:45:59+00:00,2025-06-23 00:45:59+00:00,2025-06-25 02:00:00+00:00,0.0,2025-06-24,2025,REG,SEA,IND,1.065217391304348,True,,0.5336835053940976,401736204,4432831,5,14,0,True,False,matched,31.0,2025-06-24,under,0.1835994899204828,2.0,-1.0,1.0,False,False,False
2238,aef0b7b2-067e-4673-a770-77db5badabaf,70,Kelsey Mitchell,kelseymitchell,IND,points,16.5,-130.0,100.0,10,10,2025-06-23 00:49:26+00:00,2025-06-23 00:49:26+00:00,2025-06-23 00:49:26+00:00,2025-06-25 02:00:00+00:00,0.0,2025-06-24,2025,REG,SEA,IND,1.065217391304348,True,,0.5336835053940976,401736204,3142191,5,14,0,True,False,matched,26.0,2025-06-24,under,0.1192227287008778,2.0,-1.0,1.0,False,False,False
2238,be29b186-eb45-4c67-ac50-dbeccc71260e,180,Nneka Ogwumike,nnekaogwumike,LAS,points,16.5,-130.0,100.0,10,10,2025-06-23 00:59:59+00:00,2025-06-23 00:59:59+00:00,2025-06-23 00:59:59+00:00,2025-06-25 02:00:00+00:00,0.0,2025-06-24,2025,REG,SEA,IND,1.065217391304348,True,,0.5336835053940976,401736204,1068,14,5,1,True,False,matched,16.0,2025-06-24,under,0.1243782310327497,2.0,1.0,1.0,False,False,False
2238,a4130a6a-a32d-4d91-b9da-48b9686c528a,175,Skylar Diggins,skylardiggins,CHI,points,17.5,-115.0,-113.0,10,10,2025-06-23 01:06:50+00:00,2025-06-23 01:06:50+00:00,2025-06-23 01:06:50+00:00,2025-06-25 02:00:00+00:00,0.0,2025-06-24,2025,REG,SEA,IND,1.0654001528551151,True,,0.5022557674006809,401736204,2491205,14,5,1,True,False,matched,22.0,2025-06-24,under,0.10966833893556588,1.8849557522123894,-1.0,1.0,False,False,False
2238,17b35e96-9db0-4868-9e96-45988a4938de,208,Gabby Williams,gabbywilliams,GSV,threes,1.5,-138.0,104.0,10,10,2025-06-23 01:10:17+00:00,2025-06-23 01:10:17+00:00,2025-06-23 01:10:17+00:00,2025-06-25 02:00:00+00:00,0.0,2025-06-24,2025,REG,SEA,IND,1.0700280112044818,True,,0.5464208361470752,401736204,3142328,14,5,1,True,False,matched,0.0,2025-06-24,under,0.2282110889187876,2.04,1.04,1.0,False,False,False
2238,92f9b6d1-2448-4951-993a-580010080e90,176,Ezi Magbegor,ezimagbegor,SEA,rebounds,6.5,-132.0,100.0,10,10,2025-06-23 01:17:27+00:00,2025-06-23 01:17:27+00:00,2025-06-23 01:17:27+00:00,2025-06-25 02:00:00+00:00,0.0,2025-06-24,2025,REG,SEA,IND,1.0689655172413794,True,,0.5356937238338165,401736204,4420318,14,5,1,True,False,matched,5.0,2025-06-24,under,0.15727859525414734,2.0,1.0,1.0,False,False,False
2235,c28edcf8-6e37-4a8a-b14e-642b9e1e3d8f,49,Brionna Jones,brionnajones,ATL,rebounds,7.5,102.0,-136.0,10,10,2025-06-23 02:10:49+00:00,2025-06-23 02:10:49+00:00,2025-06-23 02:10:49+00:00,2025-06-25 00:00:00+00:00,0.0,2025-06-24,2025,REG,DAL,ATL,1.071320691391173,True,,0.4579067075572801,401736203,3058895,20,3,0,True,False,matched,7.0,2025-06-24,under,0.2351015336075522,1.7352941176470589,0.7352941176470589,1.0,False,False,False
2235,a484d3ac-f4d3-48d5-9f88-44d905ed4c96,15,Rhyne Howard,rhynehoward,ATL,threes,2.5,-158.0,118.0,10,10,2025-06-23 02:10:49+00:00,2025-06-23 02:10:49+00:00,2025-06-23 02:10:49+00:00,2025-06-25 00:00:00+00:00,0.0,2025-06-24,2025,REG,DAL,ATL,1.0711186971054691,True,,0.5796527091990534,401736203,4398674,20,3,0,True,False,matched,5.0,2025-06-24,under,0.18045270744781022,2.1799999999999997,-1.0,1.0,False,False,False
2235,29b0920a-b005-48f4-9f4c-4cae908cf606,63,Arike Ogunbowale,arikeogunbowale,DAL,assists,3.5,-120.0,-110.0,10,10,2025-06-23 02:10:49+00:00,2025-06-23 02:10:49+00:00,2025-06-23 02:10:49+00:00,2025-06-25 00:00:00+00:00,0.0,2025-06-24,2025,REG,DAL,ATL,1.0692640692640691,True,,0.5112040114787568,401736203,3904577,3,20,1,True,False,matched,4.0,2025-06-24,over,0.17735357150469305,1.8333333333333335,0.8333333333333335,1.0,False,False,False
2235,35f028b4-7afd-4b85-8a63-c04698761e6b,1,Allisha Gray,allishagray,ATL,threes,2.5,116.0,-154.0,10,10,2025-06-23 02:10:49+00:00,2025-06-23 02:10:49+00:00,2025-06-23 02:10:49+00:00,2025-06-25 00:00:00+00:00,0.0,2025-06-24,2025,REG,DAL,ATL,1.0692621755613883,True,,0.425792012343204,401736203,3058901,20,3,0,True,False,matched,2.0,2025-06-24,under,0.1529039936784305,1.6493506493506493,0.6493506493506493,1.0,False,False,False
2235,17506527-7cb7-4b90-9c35-afc487d5f2c0,528,Paige Bueckers,paigebueckers,DAL,points,18.5,100.0,-130.0,10,10,2025-06-23 02:10:49+00:00,2025-06-23 02:10:49+00:00,2025-06-23 02:10:49+00:00,2025-06-25 00:00:00+00:00,0.0,2025-06-24,2025,REG,DAL,ATL,1.065217391304348,True,,0.4663164946059025,401736203,4433730,3,20,1,True,False,matched,12.0,2025-06-24,under,0.12410720811403847,1.7692307692307692,0.7692307692307692,1.0,False,False,False
2236,3f0659e6-952c-4431-bfc5-d227010dc6a2,26,Angel Reese,angelreese,ATL,rebounds,10.5,-146.0,110.0,10,10,2025-06-23 03:37:20+00:00,2025-06-23 03:37:20+00:00,2025-06-23 03:37:20+00:00,2025-06-25 00:00:00+00:00,0.0,2025-06-24,2025,REG,CHI,LAS,1.0696864111498257,True,,0.5607420039050215,401736202,4433402,19,6,1,True,False,matched,17.0,2025-06-24,under,0.22238161503583703,2.1,-1.0,1.0,False,False,False
2236,05ca8e56-fef1-4dff-aac3-f6b96c964f90,185,Ariel Atkins,arielatkins,LAS,threes,1.5,138.0,-186.0,10,10,2025-06-23 03:37:20+00:00,2025-06-23 03:37:20+00:00,2025-06-23 03:37:20+00:00,2025-06-25 00:00:00+00:00,0.0,2025-06-24,2025,REG,CHI,LAS,1.070517717576541,True,,0.3807086475713989,401736202,3146151,19,6,1,True,False,matched,1.0,2025-06-24,over,0.14214848419375004,2.38,-1.0,1.0,False,False,False
2236,f4c3fb3b-0c80-452e-9e20-1c6ef9616d87,101,Kelsey Plum,kelseyplum,LAS,points,18.5,-118.0,-110.0,10,10,2025-06-23 03:37:20+00:00,2025-06-23 03:37:20+00:00,2025-06-23 03:37:20+00:00,2025-06-25 00:00:00+00:00,0.0,2025-06-24,2025,REG,CHI,LAS,1.0650939274792486,True,,0.5090245232268319,401736202,3065570,6,19,0,True,False,matched,20.0,2025-06-24,under,0.11479170865023725,1.9090909090909092,-1.0,1.0,False,False,False
2237,9d810514-8cd4-4efb-8d52-e46ae63f7ae9,573,Sonia Citron,soniacitron,WAS,rebounds,3.5,-125.0,-106.0,10,10,2025-06-23 05:44:16+00:00,2025-06-23 05:44:16+00:00,2025-06-23 05:44:16+00:00,2025-06-25 00:00:00+00:00,0.0,2025-06-24,2025,REG,WAS,MIN,1.070118662351672,True,,0.5212291071384377,401736201,4433524,16,8,1,True,False,matched,4.0,2025-06-24,over,0.2898278652093837,1.8,0.8,1.0,False,False,False
2237,9a5dd850-de4d-4c62-91a3-a357c9329a4b,112,Napheesa Collier,napheesacollier,MIN,points,21.5,-110.0,-118.0,10,10,2025-06-23 05:44:16+00:00,2025-06-23 05:44:16+00:00,2025-06-23 05:44:16+00:00,2025-06-25 00:00:00+00:00,0.0,2025-06-24,2025,REG,WAS,MIN,1.0650939274792486,True,,0.4909754767731684,401736201,3917450,8,16,0,True,True,did_not_play,,2025-06-24,under,0.12514602024309834,1.847457627118644,0.0,0.0,False,True,False
2237,f91bd14c-48a9-4632-be57-e63031b22bda,572,Kiki Iriafen,kikiiriafen,WAS,rebounds,6.5,-132.0,100.0,10,10,2025-06-23 05:44:16+00:00,2025-06-23 05:44:16+00:00,2025-06-23 05:44:16+00:00,2025-06-25 00:00:00+00:00,0.0,2025-06-24,2025,REG,WAS,MIN,1.0689655172413794,True,,0.5356937238338165,401736201,4898384,16,8,1,True,False,matched,11.0,2025-06-24,over,0.06419992942131009,1.7575757575757576,0.7575757575757576,1.0,False,False,False
2237,b3be6015-11f1-48b0-a9ab-883b8774e894,182,Brittney Sykes,brittneysykes,TOR,points,18.5,-108.0,-120.0,10,10,2025-06-23 05:44:17+00:00,2025-06-23 05:44:17+00:00,2025-06-23 05:44:17+00:00,2025-06-25 00:00:00+00:00,0.0,2025-06-24,2025,REG,WAS,MIN,1.0646853146853146,True,,0.48646030463369283,401736201,2988756,16,8,1,True,True,did_not_play,,2025-06-24,under,0.1985363306496693,1.8333333333333335,0.0,0.0,False,True,False
2237,d716f7bb-31ea-4307-834e-85a9dab13d3a,196,Shakira Austin,shakiraaustin,WAS,points,13.5,-114.0,-114.0,10,10,2025-06-23 05:44:17+00:00,2025-06-23 05:44:17+00:00,2025-06-23 05:44:17+00:00,2025-06-25 00:00:00+00:00,0.0,2025-06-24,2025,REG,WAS,MIN,1.0654205607476634,True,,0.5000000000000001,401736201,4398911,16,8,1,True,False,matched,19.0,2025-06-24,under,0.17827484022058104,1.8771929824561404,-1.0,1.0,False,False,False
2237,0f5311af-e940-4da8-9311-43c4fe3545df,125,Kayla McBride,kaylamcbride,MIN,threes,2.5,-130.0,100.0,24,24,2025-06-23 14:33:43+00:00,2025-06-23 14:33:43+00:00,2025-06-23 14:33:43+00:00,2025-06-25 00:00:00+00:00,0.0,2025-06-24,2025,REG,WAS,MIN,1.065217391304348,True,,0.5336835053940976,401736201,2529205,8,16,0,True,False,matched,0.0,2025-06-24,under,0.23293893609980654,2.0,1.0,1.0,False,False,False
2237,5198f0ef-942f-4b71-86bd-229e1df39926,117,Courtney Williams,courtneywilliams,MIN,assists,5.5,-140.0,110.0,24,24,2025-06-23 14:33:43+00:00,2025-06-23 14:33:43+00:00,2025-06-23 14:33:43+00:00,2025-06-25 00:00:00+00:00,0.0,2025-06-24,2025,REG,WAS,MIN,1.0595238095238093,True,,0.555167954788897,401736201,2987891,8,16,0,True,False,matched,4.0,2025-06-24,under,0.061993057611723745,2.1,1.1,1.0,False,False,False
2239,f7e6faba-2945-4d23-ba4c-0bfe727af361,137,Breanna Stewart,breannastewart,NYL,points,21.5,-102.0,-128.0,10,10,2025-06-23 19:21:21+00:00,2025-06-23 19:21:21+00:00,2025-06-23 19:21:21+00:00,2025-06-26 02:00:00+00:00,0.0,2025-06-25,2025,REG,GSV,NYL,1.0663540038214347,True,,0.47082505196940394,401736205,2998928,9,129689,0,True,False,matched,23.0,2025-06-25,under,0.09948187175246864,1.78125,-1.0,1.0,False,False,False
2239,44ac54e2-9a52-4afc-a94a-e984a4eef1d4,163,Natasha Cloud,natashacloud,CHI,rebounds,3.5,-136.0,102.0,10,10,2025-06-23 19:21:21+00:00,2025-06-23 19:21:21+00:00,2025-06-23 19:21:21+00:00,2025-06-26 02:00:00+00:00,0.0,2025-06-25,2025,REG,GSV,NYL,1.071320691391173,True,,0.5420932924427202,401736205,2529137,9,129689,0,True,False,matched,3.0,2025-06-25,under,0.09115903482765325,2.02,1.02,1.0,False,False,False
2239,31ff1ce5-4e56-4f77-bea1-ef83a1429bb3,139,Kayla Thornton,kaylathornton,GSV,threes,1.5,-178.0,132.0,10,10,2025-06-23 19:25:48+00:00,2025-06-23 19:25:48+00:00,2025-06-23 19:25:48+00:00,2025-06-26 02:00:00+00:00,0.0,2025-06-25,2025,REG,GSV,NYL,1.0713222525427932,True,,0.6084851511650193,401736205,2529622,129689,9,1,True,False,matched,1.0,2025-06-25,under,0.3726739355526963,2.3200000000000003,1.3200000000000003,1.0,False,False,False
2240,48151b90-be80-463a-bca9-de87f0a69273,9,Tina Charles,tinacharles,FA,points,16.5,-108.0,-120.0,10,10,2025-06-24 03:17:26+00:00,2025-06-24 03:17:26+00:00,2025-06-24 03:17:26+00:00,2025-06-26 02:00:00+00:00,0.0,2025-06-25,2025,REG,LVA,CON,1.0646853146853146,True,,0.48646030463369283,401736206,918,18,17,0,True,False,matched,18.0,2025-06-25,under,0.14875425481689492,1.8333333333333335,-1.0,1.0,False,False,False
2240,f9eed9a0-6948-499f-ab5f-8b4c44155038,22,Marina Mabrey,marinamabrey,TOR,rebounds,4.5,-114.0,-114.0,10,10,2025-06-24 03:17:26+00:00,2025-06-24 03:17:26+00:00,2025-06-24 03:17:26+00:00,2025-06-26 02:00:00+00:00,0.0,2025-06-25,2025,REG,LVA,CON,1.0654205607476634,True,,0.5000000000000001,401736206,3904576,18,17,0,True,True,did_not_play,,2025-06-25,under,0.08760561002656386,1.8771929824561404,0.0,0.0,False,True,False
2240,14545130-f5d0-4a5a-b813-d4d7ab04cd9e,52,Jacy Sheldon,jacysheldon,CHI,points,7.5,-114.0,-114.0,10,10,2025-06-24 03:17:26+00:00,2025-06-24 03:17:26+00:00,2025-06-24 03:17:26+00:00,2025-06-26 02:00:00+00:00,0.0,2025-06-25,2025,REG,LVA,CON,1.0654205607476634,True,,0.5000000000000001,401736206,4432865,18,17,0,True,False,matched,8.0,2025-06-25,under,0.07448159008875815,1.8771929824561404,-1.0,1.0,False,False,False
2240,8bda9561-6964-4c2f-adaa-9f4907642738,107,Chelsea Gray,chelseagray,LVA,assists,4.5,104.0,-138.0,10,10,2025-06-24 03:17:27+00:00,2025-06-24 03:17:27+00:00,2025-06-24 03:17:27+00:00,2025-06-26 02:00:00+00:00,0.0,2025-06-25,2025,REG,LVA,CON,1.0700280112044818,True,,0.4535791638529251,401736206,2529122,17,18,1,True,False,matched,6.0,2025-06-25,over,0.1455939455984862,2.04,1.04,1.0,False,False,False
2240,ebcdc64c-9584-4827-8e9f-773ebf5f67c2,166,Jewell Loyd,jewellloyd,LVA,threes,1.5,-200.0,148.0,10,10,2025-06-24 03:17:27+00:00,2025-06-24 03:17:27+00:00,2025-06-24 03:17:27+00:00,2025-06-26 02:00:00+00:00,0.0,2025-06-25,2025,REG,LVA,CON,1.0698924731182795,True,,0.6365014949541484,401736206,2987869,17,18,1,True,False,matched,3.0,2025-06-25,under,0.10276332701446589,2.48,-1.0,1.0,False,False,False
2240,3866a736-9c9e-49e7-8683-b9824562ae50,103,A'ja Wilson,ajawilson,LVA,points,21.5,-128.0,-102.0,10,10,2025-06-24 03:17:27+00:00,2025-06-24 03:17:27+00:00,2025-06-24 03:17:27+00:00,2025-06-26 02:00:00+00:00,0.0,2025-06-25,2025,REG,LVA,CON,1.0663540038214347,True,,0.5291749480305961,401736206,3149391,17,18,1,True,False,matched,22.0,2025-06-25,under,0.09558208333874563,1.9803921568627452,-1.0,1.0,False,False,False
2240,abff246a-c68e-4313-8974-f08cc6fdc02b,102,Jackie Young,jackieyoung,LVA,points,16.5,-128.0,-102.0,10,10,2025-06-24 03:17:27+00:00,2025-06-24 03:17:27+00:00,2025-06-24 03:17:27+00:00,2025-06-26 02:00:00+00:00,0.0,2025-06-25,2025,REG,LVA,CON,1.0663540038214347,True,,0.5291749480305961,401736206,4065870,17,18,1,True,False,matched,20.0,2025-06-25,under,0.08925275390713372,1.9803921568627452,-1.0,1.0,False,False,False
2239,0bbda3e4-aea4-406a-9e7c-9dac0ac5ad3b,55,Veronica Burton,veronicaburton,GSV,points,11.5,-108.0,-120.0,10,10,2025-06-24 04:11:15+00:00,2025-06-24 04:11:15+00:00,2025-06-24 04:11:15+00:00,2025-06-26 02:00:00+00:00,0.0,2025-06-25,2025,REG,GSV,NYL,1.0646853146853146,True,,0.48646030463369283,401736205,4398935,129689,9,1,True,False,matched,7.0,2025-06-25,under,0.2814596860700449,1.8333333333333335,0.8333333333333335,1.0,False,False,False
2239,1c4d5488-51ca-4971-9444-0a1ff5073aaa,132,Sabrina Ionescu,sabrinaionescu,NYL,points,19.5,-118.0,-110.0,10,10,2025-06-24 04:11:15+00:00,2025-06-24 04:11:15+00:00,2025-06-24 04:11:15+00:00,2025-06-26 02:00:00+00:00,0.0,2025-06-25,2025,REG,GSV,NYL,1.0650939274792486,True,,0.5090245232268319,401736205,4066533,9,129689,0,True,False,matched,11.0,2025-06-25,under,0.14252054442487477,1.9090909090909092,0.9090909090909092,1.0,False,False,False
2239,d1a3e6d6-8187-4870-8bb7-f7016690c7c5,83,Monique Billings,moniquebillings,IND,rebounds,6.5,-122.0,-108.0,10,10,2025-06-24 04:11:16+00:00,2025-06-24 04:11:16+00:00,2025-06-24 04:11:16+00:00,2025-06-26 02:00:00+00:00,0.0,2025-06-25,2025,REG,GSV,NYL,1.0687803187803186,True,,0.5156895960912058,401736205,3142255,129689,9,1,True,False,matched,7.0,2025-06-25,under,0.43644767450114336,1.925925925925926,-1.0,1.0,False,False,False
2239,02529433-b030-4b59-9e65-4bda15e02b47,131,Nyara Sabally,nyarasabally,TOR,points,8.5,-118.0,-110.0,10,10,2025-06-24 04:33:37+00:00,2025-06-24 04:33:37+00:00,2025-06-24 04:33:37+00:00,2025-06-26 02:00:00+00:00,0.0,2025-06-25,2025,REG,GSV,NYL,1.0650939274792486,True,,0.5090245232268319,401736205,4398768,9,129689,0,True,False,matched,3.0,2025-06-25,under,0.17406314364948905,1.9090909090909092,0.9090909090909092,1.0,False,False,False
2235,f0002773-80d9-4d68-a30d-b9492e7996d1,526,Aziaha James,aziahajames,DAL,points,9.5,-185.0,140.0,49,49,2025-06-24 12:03:59+00:00,2025-06-24 12:03:59+00:00,2025-06-24 12:03:59+00:00,2025-06-25 00:00:00+00:00,0.0,2025-06-24,2025,REG,DAL,ATL,1.0657894736842106,True,,0.6201490873731403,401736203,4433807,3,20,1,True,False,matched,11.0,2025-06-24,under,0.5773404175241188,2.4,-1.0,1.0,False,False,False
2237,a654b232-be01-4d21-a948-8c40efd106c2,121,Alanna Smith,alannasmith,DAL,points,11.5,100.0,-130.0,10,10,2025-06-24 18:55:55+00:00,2025-06-24 18:55:55+00:00,2025-06-24 18:55:55+00:00,2025-06-25 00:00:00+00:00,0.0,2025-06-24,2025,REG,WAS,MIN,1.065217391304348,True,,0.4663164946059025,401736201,3913881,8,16,0,True,False,matched,26.0,2025-06-24,under,0.2625276694775569,1.7692307692307692,-1.0,1.0,False,False,False
2241,eaebda66-9877-4abe-8238-32016c173870,68,Caitlin Clark,caitlinclark,IND,threes,3.5,-105.0,-130.0,12,12,2025-06-25 03:17:53+00:00,2025-06-25 03:17:53+00:00,2025-06-25 03:17:53+00:00,2025-06-26 23:00:00+00:00,0.0,2025-06-26,2025,REG,IND,LAS,1.0774125132555674,True,,0.4724269137319091,401736207,4433403,5,6,1,True,True,did_not_play,,2025-06-26,under,0.1883741836545505,1.7692307692307692,0.0,0.0,False,True,False
2241,b369e2b5-317c-499a-9943-e7ee6b45b8bd,89,Dearica Hamby,dearicahamby,LAS,points,16.5,-118.0,-110.0,10,10,2025-06-25 04:43:52+00:00,2025-06-25 04:43:52+00:00,2025-06-25 04:43:52+00:00,2025-06-26 23:00:00+00:00,0.0,2025-06-26,2025,REG,IND,LAS,1.0650939274792486,True,,0.5090245232268319,401736207,2566106,6,5,0,True,False,matched,14.0,2025-06-26,under,0.20251453694902577,1.9090909090909092,0.9090909090909092,1.0,False,False,False
2241,500e0c88-db49-4f97-ad4d-5849a26b0f2b,101,Kelsey Plum,kelseyplum,LAS,points,20.5,-110.0,-118.0,10,10,2025-06-25 04:43:52+00:00,2025-06-25 04:43:52+00:00,2025-06-25 04:43:52+00:00,2025-06-26 23:00:00+00:00,0.0,2025-06-26,2025,REG,IND,LAS,1.0650939274792486,True,,0.4909754767731684,401736207,3065570,6,5,0,True,False,matched,21.0,2025-06-26,under,0.19276410073434985,1.847457627118644,-1.0,1.0,False,False,False
2241,e9d662b6-1942-4dc9-b9e5-6ac3c7626ae3,82,Azura Stevens,azurastevens,CHI,threes,1.5,118.0,-158.0,10,10,2025-06-25 04:43:52+00:00,2025-06-25 04:43:52+00:00,2025-06-25 04:43:52+00:00,2025-06-26 23:00:00+00:00,0.0,2025-06-26,2025,REG,IND,LAS,1.0711186971054691,True,,0.42034729080094674,401736207,3142010,6,5,0,True,False,matched,1.0,2025-06-26,under,0.1083513087521259,1.6329113924050633,0.6329113924050633,1.0,False,False,False
2241,5031ae05-0dcc-46bf-8119-0938b045ff67,56,Natasha Howard,natashahoward,MIN,points,10.5,-128.0,-102.0,10,10,2025-06-25 04:43:52+00:00,2025-06-25 04:43:52+00:00,2025-06-25 04:43:52+00:00,2025-06-26 23:00:00+00:00,0.0,2025-06-26,2025,REG,IND,LAS,1.0663540038214347,True,,0.5291749480305961,401736207,2529130,5,6,1,True,False,matched,13.0,2025-06-26,under,0.06491259232631458,1.9803921568627452,-1.0,1.0,False,False,False
2241,089d66a1-fc55-401a-b840-879290a096a7,71,Aliyah Boston,aliyahboston,IND,points,14.5,-120.0,-108.0,10,10,2025-06-25 04:43:52+00:00,2025-06-25 04:43:52+00:00,2025-06-25 04:43:52+00:00,2025-06-26 23:00:00+00:00,0.0,2025-06-26,2025,REG,IND,LAS,1.0646853146853146,True,,0.5135396953663074,401736207,4432831,5,6,1,True,False,matched,12.0,2025-06-26,under,0.0634278184423277,1.925925925925926,0.925925925925926,1.0,False,False,False
2241,21072c9a-e733-4cce-9fb9-a5865d4384a9,94,Rickea Jackson,rickeajackson,CHI,threes,1.5,-106.0,-125.0,10,10,2025-06-25 04:43:52+00:00,2025-06-25 04:43:52+00:00,2025-06-25 04:43:52+00:00,2025-06-26 23:00:00+00:00,0.0,2025-06-26,2025,REG,IND,LAS,1.070118662351672,True,,0.4787708928615623,401736207,4433630,6,5,0,True,False,matched,1.0,2025-06-26,under,0.055019482937958775,1.8,0.8,1.0,False,False,False
2244,c1beb950-0d7d-4c14-8ecf-d521c6ea0b1f,528,Paige Bueckers,paigebueckers,DAL,assists,5.5,130.0,-174.0,10,10,2025-06-25 06:04:00+00:00,2025-06-25 06:04:00+00:00,2025-06-25 06:04:00+00:00,2025-06-27 23:30:00+00:00,0.0,2025-06-27,2025,REG,DAL,IND,1.069819105046017,True,,0.3962729171732011,401736210,4433730,3,5,1,True,False,matched,6.0,2025-06-27,over,0.21153965727173585,2.3,1.2999999999999998,1.0,False,False,False
2239,922587be-79c5-4e72-a809-e52bdc3d185e,221,Tiffany Hayes,tiffanyhayes,GSV,points,14.5,-110.0,-118.0,10,10,2025-06-25 13:13:58+00:00,2025-06-25 13:13:58+00:00,2025-06-25 13:13:58+00:00,2025-06-26 02:00:00+00:00,0.0,2025-06-25,2025,REG,GSV,NYL,1.0650939274792486,True,,0.4909754767731684,401736205,1054,129689,9,1,True,False,matched,15.0,2025-06-25,under,0.39397334894947644,1.847457627118644,-1.0,1.0,False,False,False
2240,51664922-80dc-43b1-8649-206dab043a28,519,Aneesah Morrow,aneesahmorrow,CON,rebounds,6.5,106.0,-140.0,10,10,2025-06-25 13:28:35+00:00,2025-06-25 13:28:35+00:00,2025-06-25 13:28:35+00:00,2025-06-26 02:00:00+00:00,0.0,2025-06-25,2025,REG,LVA,CON,1.0687702265372168,True,,0.44933614350623635,401736206,4684384,18,17,0,True,False,matched,6.0,2025-06-25,under,0.4939345846419471,1.7142857142857144,0.7142857142857144,1.0,False,False,False
2244,5a7efa4d-205c-4d06-9c23-3f5de348f287,56,Natasha Howard,natashahoward,MIN,points,10.5,-110.0,-118.0,10,10,2025-06-25 16:11:17+00:00,2025-06-25 16:11:17+00:00,2025-06-25 16:11:17+00:00,2025-06-27 23:30:00+00:00,0.0,2025-06-27,2025,REG,DAL,IND,1.0650939274792486,True,,0.4909754767731684,401736210,2529130,5,3,0,True,False,matched,15.0,2025-06-27,under,0.18744959864340033,1.847457627118644,-1.0,1.0,False,False,False
2244,fa1fd087-29e1-4629-99f3-02e584225f42,71,Aliyah Boston,aliyahboston,IND,assists,3.5,142.0,-192.0,10,10,2025-06-25 16:11:17+00:00,2025-06-25 16:11:17+00:00,2025-06-25 16:11:17+00:00,2025-06-27 23:30:00+00:00,0.0,2025-06-27,2025,REG,DAL,IND,1.0707573870712102,True,,0.37336020860003377,401736210,4432831,5,3,0,True,False,matched,3.0,2025-06-27,over,0.1608888629789751,2.42,-1.0,1.0,False,False,False
2244,37eea952-4125-460e-82ca-c168759f47ee,63,Arike Ogunbowale,arikeogunbowale,DAL,threes,1.5,-130.0,-102.0,10,10,2025-06-25 16:11:17+00:00,2025-06-25 16:11:17+00:00,2025-06-25 16:11:17+00:00,2025-06-27 23:30:00+00:00,0.0,2025-06-27,2025,REG,DAL,IND,1.0701678863538528,True,,0.5312123494364493,401736210,3904577,3,5,1,True,False,matched,1.0,2025-06-27,over,0.12340652177459915,1.7692307692307692,-1.0,1.0,False,False,False
2242,7a1a52fc-c518-4cf3-89d2-c7830cbc71aa,182,Brittney Sykes,brittneysykes,TOR,points,18.5,-118.0,-110.0,10,10,2025-06-26 04:07:31+00:00,2025-06-26 04:07:31+00:00,2025-06-26 04:07:31+00:00,2025-06-27 02:00:00+00:00,0.0,2025-06-26,2025,REG,LVA,WAS,1.0650939274792486,True,,0.5090245232268319,401736208,2988756,16,17,0,True,True,did_not_play,,2025-06-26,under,0.20360714035800315,1.9090909090909092,0.0,0.0,False,True,False
2242,d6f105c5-5979-4e7d-9628-a84f9594bc94,103,A'ja Wilson,ajawilson,LVA,rebounds,9.5,114.0,-152.0,10,10,2025-06-26 04:07:31+00:00,2025-06-26 04:07:31+00:00,2025-06-26 04:07:31+00:00,2025-06-27 02:00:00+00:00,0.0,2025-06-26,2025,REG,LVA,WAS,1.0704643228007713,True,,0.42960347247450675,401736208,3149391,17,16,1,True,False,matched,5.0,2025-06-26,over,0.099337457924554,2.1399999999999997,-1.0,1.0,False,False,False
2242,0e1af4bc-2d2c-4b25-b033-a484add13c0c,102,Jackie Young,jackieyoung,LVA,assists,3.5,102.0,-136.0,10,10,2025-06-26 04:07:32+00:00,2025-06-26 04:07:32+00:00,2025-06-26 04:07:32+00:00,2025-06-27 02:00:00+00:00,0.0,2025-06-26,2025,REG,LVA,WAS,1.071320691391173,True,,0.4579067075572801,401736208,4065870,17,16,1,True,False,matched,5.0,2025-06-26,over,0.2429322703683663,2.02,1.02,1.0,False,False,False
2242,d78875a2-97c7-440c-8854-a2042fbb3c49,107,Chelsea Gray,chelseagray,LVA,assists,4.5,130.0,-174.0,10,10,2025-06-26 04:07:32+00:00,2025-06-26 04:07:32+00:00,2025-06-26 04:07:32+00:00,2025-06-27 02:00:00+00:00,0.0,2025-06-26,2025,REG,LVA,WAS,1.069819105046017,True,,0.3962729171732011,401736208,2529122,17,16,1,True,False,matched,8.0,2025-06-26,over,0.23932588342145333,2.3,1.2999999999999998,1.0,False,False,False
2242,559f67d1-04af-4a80-8152-db42a900d598,166,Jewell Loyd,jewellloyd,LVA,points,10.5,-120.0,-108.0,10,10,2025-06-26 04:07:32+00:00,2025-06-26 04:07:32+00:00,2025-06-26 04:07:32+00:00,2025-06-27 02:00:00+00:00,0.0,2025-06-26,2025,REG,LVA,WAS,1.0646853146853146,True,,0.5135396953663074,401736208,2987869,17,16,1,True,False,matched,11.0,2025-06-26,over,0.05168114783115274,1.8333333333333335,0.8333333333333335,1.0,False,False,False
2242,e7ebb087-2c0f-4cb7-9a75-6093fb82ceac,196,Shakira Austin,shakiraaustin,WAS,rebounds,7.5,-130.0,-110.0,33,33,2025-06-26 10:25:33+00:00,2025-06-26 10:25:33+00:00,2025-06-26 10:25:33+00:00,2025-06-27 02:00:00+00:00,0.0,2025-06-26,2025,REG,LVA,WAS,1.0890269151138718,True,,0.521679232465576,401736208,4398911,16,17,0,True,False,matched,13.0,2025-06-26,under,0.15065933089960715,1.9090909090909092,-1.0,1.0,False,False,False
2241,6136e83e-42e2-4a84-84c9-c4572f687dc3,156,Sophie Cunningham,sophiecunningham,IND,points,5.5,-106.0,-122.0,10,10,2025-06-26 14:19:14+00:00,2025-06-26 14:19:14+00:00,2025-06-26 14:19:14+00:00,2025-06-26 23:00:00+00:00,0.0,2025-06-26,2025,REG,IND,LAS,1.064112656345666,True,,0.4819416314468661,401736207,3907781,5,6,1,True,False,matched,10.0,2025-06-26,under,0.08426822690467778,1.819672131147541,-1.0,1.0,False,False,False
2243,c24786f3-cec0-4caf-bf03-a92199230829,112,Napheesa Collier,napheesacollier,MIN,assists,3.5,100.0,-132.0,10,10,2025-06-26 17:55:20+00:00,2025-06-26 17:55:20+00:00,2025-06-26 17:55:20+00:00,2025-06-27 23:30:00+00:00,0.0,2025-06-27,2025,REG,ATL,MIN,1.0689655172413794,True,,0.46430627616618364,401736209,3917450,8,20,0,True,False,matched,6.0,2025-06-27,under,0.17403175370058216,1.7575757575757576,-1.0,1.0,False,False,False
2243,6349ddc8-0afc-438c-adeb-157fc1119783,15,Rhyne Howard,rhynehoward,ATL,points,17.5,100.0,-130.0,10,10,2025-06-26 17:55:20+00:00,2025-06-26 17:55:20+00:00,2025-06-26 17:55:20+00:00,2025-06-27 23:30:00+00:00,0.0,2025-06-27,2025,REG,ATL,MIN,1.065217391304348,True,,0.4663164946059025,401736209,4398674,20,8,1,True,False,matched,15.0,2025-06-27,under,0.08262219171524071,1.7692307692307692,0.7692307692307692,1.0,False,False,False
2243,5e276b8e-d725-4296-9c14-fdf97ebaa2e6,125,Kayla McBride,kaylamcbride,MIN,assists,3.5,-132.0,100.0,10,10,2025-06-26 17:55:21+00:00,2025-06-26 17:55:21+00:00,2025-06-26 17:55:21+00:00,2025-06-27 23:30:00+00:00,0.0,2025-06-27,2025,REG,ATL,MIN,1.0689655172413794,True,,0.5356937238338165,401736209,2529205,8,20,0,True,False,matched,3.0,2025-06-27,under,0.24831130002376595,2.0,1.0,1.0,False,False,False
2243,600c8e29-5de2-4009-8052-3f42b3732215,1,Allisha Gray,allishagray,ATL,points,18.5,-122.0,-106.0,10,10,2025-06-26 17:55:21+00:00,2025-06-26 17:55:21+00:00,2025-06-26 17:55:21+00:00,2025-06-27 23:30:00+00:00,0.0,2025-06-27,2025,REG,ATL,MIN,1.064112656345666,True,,0.518058368553134,401736209,3058901,20,8,1,True,False,matched,17.0,2025-06-27,under,0.2372645118441838,1.9433962264150944,0.9433962264150944,1.0,False,False,False
2243,c2cf5c24-a83f-46d1-bd1d-0d760ad26339,121,Alanna Smith,alannasmith,DAL,points,11.5,-120.0,-108.0,10,10,2025-06-26 17:55:21+00:00,2025-06-26 17:55:21+00:00,2025-06-26 17:55:21+00:00,2025-06-27 23:30:00+00:00,0.0,2025-06-27,2025,REG,ATL,MIN,1.0646853146853146,True,,0.5135396953663074,401736209,3913881,8,20,0,True,False,matched,9.0,2025-06-27,under,0.19781283027409235,1.925925925925926,0.925925925925926,1.0,False,False,False
2243,e82b0839-9858-42b3-a011-c539e060c873,117,Courtney Williams,courtneywilliams,MIN,points,13.5,102.0,-132.0,10,10,2025-06-26 17:55:21+00:00,2025-06-26 17:55:21+00:00,2025-06-26 17:55:21+00:00,2025-06-27 23:30:00+00:00,0.0,2025-06-27,2025,REG,ATL,MIN,1.0640150221918745,True,,0.4618487426836327,401736209,2987891,8,20,0,True,False,matched,16.0,2025-06-27,under,0.15600000295126498,1.7575757575757576,-1.0,1.0,False,False,False
2243,03cc41e3-5964-44ad-8127-c43d82a9d16d,49,Brionna Jones,brionnajones,ATL,points,12.5,-102.0,-128.0,10,10,2025-06-26 17:55:21+00:00,2025-06-26 17:55:21+00:00,2025-06-26 17:55:21+00:00,2025-06-27 23:30:00+00:00,0.0,2025-06-27,2025,REG,ATL,MIN,1.0663540038214347,True,,0.47082505196940394,401736209,3058895,20,8,1,True,False,matched,18.0,2025-06-27,under,0.08052086645815909,1.78125,-1.0,1.0,False,False,False
2243,e91435c1-71a1-417a-a99b-82566f0f4f6e,148,Brittney Griner,brittneygriner,CON,points,9.5,100.0,-130.0,10,10,2025-06-26 17:55:21+00:00,2025-06-26 17:55:21+00:00,2025-06-26 17:55:21+00:00,2025-06-27 23:30:00+00:00,0.0,2025-06-27,2025,REG,ATL,MIN,1.065217391304348,True,,0.4663164946059025,401736209,2490553,20,8,1,True,False,matched,16.0,2025-06-27,under,0.07546967585497477,1.7692307692307692,-1.0,1.0,False,False,False
2245,7a3438bb-139b-42f6-abdf-98000e52da97,40,Alyssa Thomas,alyssathomas,PHO,assists,8.5,-148.0,112.0,10,10,2025-06-26 19:41:12+00:00,2025-06-26 19:41:12+00:00,2025-06-26 19:41:12+00:00,2025-06-28 02:00:00+00:00,0.0,2025-06-27,2025,REG,PHX,NYL,1.0684723067559343,True,,0.5647227530167998,401736212,2529140,11,9,1,True,False,matched,15.0,2025-06-27,under,0.25765809785697275,2.12,-1.0,1.0,False,False,False
2245,8bc984ad-7b39-424f-92aa-5460d7c8dc46,54,Satou Sabally,satousabally,NYL,points,18.5,100.0,-130.0,10,10,2025-06-26 19:41:12+00:00,2025-06-26 19:41:12+00:00,2025-06-26 19:41:12+00:00,2025-06-28 02:00:00+00:00,0.0,2025-06-27,2025,REG,PHX,NYL,1.065217391304348,True,,0.4663164946059025,401736212,4281929,11,9,1,True,False,matched,25.0,2025-06-27,under,0.1486059667020927,1.7692307692307692,-1.0,1.0,False,False,False
2245,a7608dbd-97cf-465a-93a2-0f9213eea606,177,Sami Whitcomb,samiwhitcomb,PHO,rebounds,3.5,-132.0,100.0,10,10,2025-06-26 19:41:12+00:00,2025-06-26 19:41:12+00:00,2025-06-26 19:41:12+00:00,2025-06-28 02:00:00+00:00,0.0,2025-06-27,2025,REG,PHX,NYL,1.0689655172413794,True,,0.5356937238338165,401736212,887,11,9,1,True,False,matched,0.0,2025-06-27,under,0.13660942836263568,2.0,1.0,1.0,False,False,False
2245,fca34d9c-e93a-440f-b1bb-9a29eab70b71,132,Sabrina Ionescu,sabrinaionescu,NYL,points,18.5,-122.0,-106.0,10,10,2025-06-26 19:41:12+00:00,2025-06-26 19:41:12+00:00,2025-06-26 19:41:12+00:00,2025-06-28 02:00:00+00:00,0.0,2025-06-27,2025,REG,PHX,NYL,1.064112656345666,True,,0.518058368553134,401736212,4066533,9,11,0,True,False,matched,9.0,2025-06-27,under,0.12521535870437578,1.9433962264150944,0.9433962264150944,1.0,False,False,False
2245,086e7814-7d39-4e7a-be21-78fe44893881,137,Breanna Stewart,breannastewart,NYL,points,20.5,-120.0,-108.0,10,10,2025-06-26 19:41:12+00:00,2025-06-26 19:41:12+00:00,2025-06-26 19:41:12+00:00,2025-06-28 02:00:00+00:00,0.0,2025-06-27,2025,REG,PHX,NYL,1.0646853146853146,True,,0.5135396953663074,401736212,2998928,9,11,0,True,False,matched,17.0,2025-06-27,under,0.1197703619749585,1.925925925925926,0.925925925925926,1.0,False,False,False
2245,3c4c119b-7823-4baf-8b37-18ed0d707fc4,163,Natasha Cloud,natashacloud,CHI,rebounds,3.5,-120.0,-110.0,10,10,2025-06-26 19:41:12+00:00,2025-06-26 19:41:12+00:00,2025-06-26 19:41:12+00:00,2025-06-28 02:00:00+00:00,0.0,2025-06-27,2025,REG,PHX,NYL,1.0692640692640691,True,,0.5112040114787568,401736212,2529137,9,11,0,True,False,matched,4.0,2025-06-27,under,0.0880375974508788,1.9090909090909092,-1.0,1.0,False,False,False
2245,80899cf6-7284-4902-9a24-811a8ea8ffd5,155,Kahleah Copper,kahleahcopper,PHO,rebounds,3.5,-132.0,100.0,10,10,2025-06-26 19:41:12+00:00,2025-06-26 19:41:12+00:00,2025-06-26 19:41:12+00:00,2025-06-28 02:00:00+00:00,0.0,2025-06-27,2025,REG,PHX,NYL,1.0689655172413794,True,,0.5356937238338165,401736212,2998938,11,9,1,True,False,matched,4.0,2025-06-27,under,0.07397634239330952,2.0,-1.0,1.0,False,False,False
2246,2576b061-ddee-45dd-9bc3-c4b5a2c71c49,26,Angel Reese,angelreese,ATL,rebounds,11.5,-108.0,-122.0,10,10,2025-06-26 19:49:11+00:00,2025-06-26 19:49:11+00:00,2025-06-26 19:49:11+00:00,2025-06-28 02:00:00+00:00,0.0,2025-06-27,2025,REG,GSV,CHI,1.0687803187803186,True,,0.48431040390879443,401736211,4433402,19,129689,0,True,False,matched,18.0,2025-06-27,under,0.15140429922302479,1.819672131147541,-1.0,1.0,False,False,False
2246,3b3c180d-bcdb-46e2-93c4-c43f94a61e67,139,Kayla Thornton,kaylathornton,GSV,rebounds,6.5,-146.0,110.0,10,10,2025-06-26 19:53:07+00:00,2025-06-26 19:53:07+00:00,2025-06-26 19:53:07+00:00,2025-06-28 02:00:00+00:00,0.0,2025-06-27,2025,REG,GSV,CHI,1.0696864111498257,True,,0.5607420039050215,401736211,2529622,129689,19,1,True,False,matched,6.0,2025-06-27,under,0.31433685364145586,2.1,1.1,1.0,False,False,False
2246,61e1c267-59b3-4817-800d-fa3485ae0c0d,221,Tiffany Hayes,tiffanyhayes,GSV,points,13.5,-120.0,-108.0,10,10,2025-06-26 19:53:07+00:00,2025-06-26 19:53:07+00:00,2025-06-26 19:53:07+00:00,2025-06-28 02:00:00+00:00,0.0,2025-06-27,2025,REG,GSV,CHI,1.0646853146853146,True,,0.5135396953663074,401736211,1054,129689,19,1,True,False,matched,13.0,2025-06-27,under,0.19222299856496583,1.925925925925926,0.925925925925926,1.0,False,False,False
2246,5a3f34f4-4ef7-4a4a-be23-dc6846924df7,185,Ariel Atkins,arielatkins,LAS,threes,1.5,138.0,-186.0,10,10,2025-06-26 19:53:07+00:00,2025-06-26 19:53:07+00:00,2025-06-26 19:53:07+00:00,2025-06-28 02:00:00+00:00,0.0,2025-06-27,2025,REG,GSV,CHI,1.070517717576541,True,,0.3807086475713989,401736211,3146151,19,129689,0,True,False,matched,2.0,2025-06-27,over,0.11606586011900577,2.38,1.38,1.0,False,False,False
2246,88bf7d07-3d25-4d85-a584-5567d9cd425e,83,Monique Billings,moniquebillings,IND,rebounds,5.5,-125.0,-106.0,10,10,2025-06-26 19:57:12+00:00,2025-06-26 19:57:12+00:00,2025-06-26 19:57:12+00:00,2025-06-28 02:00:00+00:00,0.0,2025-06-27,2025,REG,GSV,CHI,1.070118662351672,True,,0.5212291071384377,401736211,3142255,129689,19,1,True,False,matched,4.0,2025-06-27,under,0.20485188728708703,1.9433962264150944,0.9433962264150944,1.0,False,False,False
2247,4ba0a4bc-61ee-4f29-9b59-4fb4f69f1ab2,9,Tina Charles,tinacharles,FA,points,15.5,-120.0,-108.0,10,10,2025-06-26 20:28:11+00:00,2025-06-26 20:28:11+00:00,2025-06-26 20:28:11+00:00,2025-06-28 02:00:00+00:00,0.0,2025-06-27,2025,REG,SEA,CON,1.0646853146853146,True,,0.5135396953663074,401736213,918,18,14,0,True,False,matched,7.0,2025-06-27,under,0.13758694920348707,1.925925925925926,0.925925925925926,1.0,False,False,False
2247,17c80774-265e-40fd-bf0f-89080fcb725f,208,Gabby Williams,gabbywilliams,GSV,threes,1.5,-118.0,-112.0,10,10,2025-06-26 20:40:14+00:00,2025-06-26 20:40:14+00:00,2025-06-26 20:40:14+00:00,2025-06-28 02:00:00+00:00,0.0,2025-06-27,2025,REG,SEA,CON,1.0695862904621776,True,,0.5067212711754592,401736213,3142328,14,18,1,True,False,matched,2.0,2025-06-27,under,0.11442210414897436,1.8928571428571428,-1.0,1.0,False,False,False
2247,5c294c4e-a86a-40eb-ae17-1fc34120f0a3,66,Erica Wheeler,ericawheeler,LAS,points,12.5,-102.0,-128.0,10,10,2025-06-26 20:40:16+00:00,2025-06-26 20:40:16+00:00,2025-06-26 20:40:16+00:00,2025-06-28 02:00:00+00:00,0.0,2025-06-27,2025,REG,SEA,CON,1.0663540038214347,True,,0.47082505196940394,401736213,2491214,14,18,1,True,False,matched,6.0,2025-06-27,under,0.12611900433232548,1.78125,0.78125,1.0,False,False,False
2247,dc66f2e0-1464-4edc-a545-741ab5f690a0,175,Skylar Diggins,skylardiggins,CHI,points,19.5,-102.0,-128.0,10,10,2025-06-26 20:40:16+00:00,2025-06-26 20:40:16+00:00,2025-06-26 20:40:16+00:00,2025-06-28 02:00:00+00:00,0.0,2025-06-27,2025,REG,SEA,CON,1.0663540038214347,True,,0.47082505196940394,401736213,2491205,14,18,1,True,False,matched,24.0,2025-06-27,under,0.1132574313519244,1.78125,-1.0,1.0,False,False,False
2247,f61ad88a-5352-4961-90c2-481d41442f99,180,Nneka Ogwumike,nnekaogwumike,LAS,points,16.5,-128.0,-102.0,10,10,2025-06-26 20:40:16+00:00,2025-06-26 20:40:16+00:00,2025-06-26 20:40:16+00:00,2025-06-28 02:00:00+00:00,0.0,2025-06-27,2025,REG,SEA,CON,1.0663540038214347,True,,0.5291749480305961,401736213,1068,14,18,1,True,False,matched,16.0,2025-06-27,under,0.09388388264453296,1.9803921568627452,0.9803921568627452,1.0,False,False,False
2241,04524abf-0bcd-4494-88ad-009c5bb8203f,88,Aari McDonald,aarimcdonald,FA,points,10.5,-115.0,-115.0,49,49,2025-06-26 21:30:29+00:00,2025-06-26 21:30:29+00:00,2025-06-26 21:30:29+00:00,2025-06-26 23:00:00+00:00,0.0,2025-06-26,2025,REG,IND,LAS,1.0697674418604652,True,,0.5,401736207,4066553,5,6,1,True,False,matched,14.0,2025-06-26,under,0.26575941474083736,1.8695652173913042,-1.0,1.0,False,False,False
2242,8b9a91e8-385c-4f56-af5b-8843223c615b,573,Sonia Citron,soniacitron,WAS,assists,3.5,-130.0,-110.0,49,49,2025-06-27 00:39:19+00:00,2025-06-27 00:39:19+00:00,2025-06-27 00:39:19+00:00,2025-06-27 02:00:00+00:00,0.0,2025-06-26,2025,REG,LVA,WAS,1.0890269151138718,True,,0.521679232465576,401736208,4433524,16,17,0,True,False,matched,2.0,2025-06-26,under,0.4853740251303069,1.9090909090909092,0.9090909090909092,1.0,False,False,False
2244,f37e6db5-caf1-4089-bd31-82a1e8a63619,95,Li Yueru,liyueru,DAL,rebounds,7.5,-110.0,-118.0,19,19,2025-06-27 03:12:36+00:00,2025-06-27 03:12:36+00:00,2025-06-27 03:12:36+00:00,2025-06-27 23:30:00+00:00,0.0,2025-06-27,2025,REG,DAL,IND,1.0650939274792486,True,,0.4909754767731684,401736210,4336633,3,5,1,True,False,matched,3.0,2025-06-27,under,0.4597110829308092,1.847457627118644,0.847457627118644,1.0,False,False,False
2246,7258dae0-ef11-4d56-acb0-cd550ff800a9,109,Kate Martin,katemartin,LAS,assists,1.5,-105.0,-125.0,24,24,2025-06-27 14:58:14+00:00,2025-06-27 14:58:14+00:00,2025-06-27 14:58:14+00:00,2025-06-28 02:00:00+00:00,0.0,2025-06-27,2025,REG,GSV,CHI,1.067750677506775,True,,0.47757418034290006,401736211,4398907,129689,19,1,True,False,matched,0.0,2025-06-27,under,0.19034804491840251,1.8,0.8,1.0,False,False,False
2244,ac582672-6b15-4c7a-ac84-1a00b0c485b8,76,Lexie Hull,lexiehull,IND,rebounds,4.5,112.0,-154.0,13,13,2025-06-27 15:41:15+00:00,2025-06-27 15:41:15+00:00,2025-06-27 15:41:15+00:00,2025-06-27 23:30:00+00:00,0.0,2025-06-27,2025,REG,DAL,IND,1.0779973258059723,True,,0.42996855297574704,401736210,4398829,5,3,0,True,False,matched,2.0,2025-06-27,over,0.21380045826234456,2.12,-1.0,1.0,False,False,False
2247,66f6892a-c41e-488f-a8f9-fede8b32a46e,43,Olivia Nelson-Ododa,olivianelsonododa,CON,points,8.5,-110.0,-120.0,13,13,2025-06-27 19:31:34+00:00,2025-06-27 19:31:34+00:00,2025-06-27 19:31:34+00:00,2025-06-28 02:00:00+00:00,0.0,2025-06-27,2025,REG,SEA,CON,1.0692640692640691,True,,0.4887959885212434,401736213,4398966,18,14,0,True,False,matched,12.0,2025-06-27,under,0.0892826087614012,1.8333333333333335,-1.0,1.0,False,False,False
2244,6b3c8e95-839a-4b00-837a-e9ca6af29e76,88,Aari McDonald,aarimcdonald,FA,points,11.5,102.0,-132.0,10,10,2025-06-27 23:08:47+00:00,2025-06-27 23:08:47+00:00,2025-06-27 23:08:47+00:00,2025-06-27 23:30:00+00:00,0.0,2025-06-27,2025,REG,DAL,IND,1.0640150221918745,True,,0.4618487426836327,401736210,4066553,5,3,0,True,False,matched,13.0,2025-06-27,under,0.23290549076714778,1.7575757575757576,-1.0,1.0,False,False,False
2245,27c2b2c4-7085-4e00-a9ea-93204dcace63,131,Nyara Sabally,nyarasabally,TOR,rebounds,5.5,-152.0,114.0,10,10,2025-06-28 01:42:25+00:00,2025-06-28 01:42:25+00:00,2025-06-28 01:42:25+00:00,2025-06-28 02:00:00+00:00,0.0,2025-06-27,2025,REG,PHX,NYL,1.0704643228007713,True,,0.5703965275254933,401736212,4398768,9,11,0,True,False,matched,6.0,2025-06-27,under,0.2940465128606302,2.1399999999999997,-1.0,1.0,False,False,False
2248,3d8fc72c-a22e-4283-a98e-480fb834bc00,182,Brittney Sykes,brittneysykes,TOR,points,18.5,-110.0,-118.0,10,10,2025-06-28 02:52:30+00:00,2025-06-28 02:52:30+00:00,2025-06-28 02:52:30+00:00,2025-06-29 00:00:00+00:00,0.0,2025-06-28,2025,REG,DAL,WAS,1.0650939274792486,True,,0.4909754767731684,401736214,2988756,16,3,0,True,False,matched,6.0,2025-06-28,under,0.1301166867040513,1.847457627118644,0.847457627118644,1.0,False,False,False
2248,7a99ea09-4cbc-4f0e-b413-7e26f2b3c169,572,Kiki Iriafen,kikiiriafen,WAS,rebounds,7.5,-154.0,116.0,10,10,2025-06-28 02:56:13+00:00,2025-06-28 02:56:13+00:00,2025-06-28 02:56:13+00:00,2025-06-29 00:00:00+00:00,0.0,2025-06-28,2025,REG,DAL,WAS,1.0692621755613883,True,,0.574207987656796,401736214,4898384,16,3,0,True,False,matched,2.0,2025-06-28,under,0.10808123135709397,2.16,1.1600000000000001,1.0,False,False,False
2248,f3ce6ef7-b85b-4c60-8bab-a5e9c990749a,196,Shakira Austin,shakiraaustin,WAS,points,14.5,-110.0,-118.0,10,10,2025-06-28 02:59:54+00:00,2025-06-28 02:59:54+00:00,2025-06-28 02:59:54+00:00,2025-06-29 00:00:00+00:00,0.0,2025-06-28,2025,REG,DAL,WAS,1.0650939274792486,True,,0.4909754767731684,401736214,4398911,16,3,0,True,False,matched,18.0,2025-06-28,under,0.11403868376258025,1.847457627118644,-1.0,1.0,False,False,False
2248,6a215fa4-4896-4cfc-8faa-3552c373325c,573,Sonia Citron,soniacitron,WAS,assists,2.5,-115.0,-115.0,24,24,2025-06-28 07:07:19+00:00,2025-06-28 07:07:19+00:00,2025-06-28 07:07:19+00:00,2025-06-29 00:00:00+00:00,0.0,2025-06-28,2025,REG,DAL,WAS,1.0697674418604652,True,,0.5,401736214,4433524,16,3,0,True,False,matched,2.0,2025-06-28,under,0.06986244201862646,1.8695652173913042,0.8695652173913042,1.0,False,False,False
2248,6c38caee-98d8-4da6-a3e9-fbf8566ba40b,95,Li Yueru,liyueru,DAL,points,9.5,105.0,-140.0,33,33,2025-06-28 10:58:41+00:00,2025-06-28 10:58:41+00:00,2025-06-28 10:58:41+00:00,2025-06-29 00:00:00+00:00,0.0,2025-06-28,2025,REG,DAL,WAS,1.0711382113821137,True,,0.4504960980130703,401736214,4336633,3,16,1,True,False,matched,4.0,2025-06-28,under,0.25073718475561885,1.7142857142857144,0.7142857142857144,1.0,False,False,False
2248,59f39fa4-9823-4802-9e09-f734d1680644,73,NaLyssa Smith,nalyssasmith,LVA,rebounds,6.5,-146.0,110.0,10,10,2025-06-28 18:36:36+00:00,2025-06-28 18:36:36+00:00,2025-06-28 18:36:36+00:00,2025-06-29 00:00:00+00:00,0.0,2025-06-28,2025,REG,DAL,WAS,1.0696864111498257,True,,0.5607420039050215,401736214,4398776,3,16,1,True,False,matched,7.0,2025-06-28,under,0.23677427134531037,2.1,-1.0,1.0,False,False,False
2249,a9bea4fa-1d0f-4ee1-9762-06ae86b63c33,137,Breanna Stewart,breannastewart,NYL,threes,1.5,168.0,-230.0,10,10,2025-06-28 19:01:34+00:00,2025-06-28 19:01:34+00:00,2025-06-28 19:01:34+00:00,2025-06-29 19:00:00+00:00,0.0,2025-06-29,2025,REG,ATL,NYL,1.070104025327906,True,,0.33212328770060234,401736215,2998928,9,20,0,True,False,matched,1.0,2025-06-29,under,0.0545853726021136,1.434782608695652,0.4347826086956521,1.0,False,False,False
2249,3f5b983d-18be-4e89-bb72-b91adb90eb16,15,Rhyne Howard,rhynehoward,ATL,threes,3.5,130.0,-174.0,10,10,2025-06-28 19:01:35+00:00,2025-06-28 19:01:35+00:00,2025-06-28 19:01:35+00:00,2025-06-29 19:00:00+00:00,0.0,2025-06-29,2025,REG,ATL,NYL,1.069819105046017,True,,0.3962729171732011,401736215,4398674,20,9,1,True,False,matched,0.0,2025-06-29,under,0.1042205108795724,1.5747126436781609,0.5747126436781609,1.0,False,False,False
2249,be180a18-6989-4678-88d0-f74eda389a45,132,Sabrina Ionescu,sabrinaionescu,NYL,rebounds,3.5,-152.0,114.0,10,10,2025-06-28 19:01:35+00:00,2025-06-28 19:01:35+00:00,2025-06-28 19:01:35+00:00,2025-06-29 19:00:00+00:00,0.0,2025-06-29,2025,REG,ATL,NYL,1.0704643228007713,True,,0.5703965275254933,401736215,4066533,9,20,0,True,False,matched,4.0,2025-06-29,under,0.083091669344458,2.1399999999999997,-1.0,1.0,False,False,False
2249,13a4966d-a73a-4812-92e8-df34aecae8a2,148,Brittney Griner,brittneygriner,CON,rebounds,4.5,-158.0,118.0,10,10,2025-06-28 19:06:46+00:00,2025-06-28 19:06:46+00:00,2025-06-28 19:06:46+00:00,2025-06-29 19:00:00+00:00,0.0,2025-06-29,2025,REG,ATL,NYL,1.0711186971054691,True,,0.5796527091990534,401736215,2490553,20,9,1,True,False,matched,4.0,2025-06-29,over,0.13986968994507942,1.6329113924050633,-1.0,1.0,False,False,False
2249,9e9078d7-c91d-430a-89ca-934956ad8221,163,Natasha Cloud,natashacloud,CHI,rebounds,3.5,-136.0,102.0,10,10,2025-06-28 19:06:47+00:00,2025-06-28 19:06:47+00:00,2025-06-28 19:06:47+00:00,2025-06-29 19:00:00+00:00,0.0,2025-06-29,2025,REG,ATL,NYL,1.071320691391173,True,,0.5420932924427202,401736215,2529137,9,20,0,True,False,matched,4.0,2025-06-29,under,0.10840789195696188,2.02,-1.0,1.0,False,False,False
2251,743986d6-8501-4282-8104-5ef0dc39e0ec,40,Alyssa Thomas,alyssathomas,PHO,points,13.5,-125.0,-104.0,10,10,2025-06-28 19:13:49+00:00,2025-06-28 19:13:49+00:00,2025-06-28 19:13:49+00:00,2025-06-29 22:00:00+00:00,0.0,2025-06-29,2025,REG,PHX,LVA,1.065359477124183,True,,0.5236312520088393,401736217,2529140,11,17,1,True,False,matched,16.0,2025-06-29,under,0.1353888186588012,1.9615384615384617,-1.0,1.0,False,False,False
2251,81056f6a-3883-4319-a389-b1d06983b5f4,155,Kahleah Copper,kahleahcopper,PHO,threes,1.5,-136.0,102.0,10,10,2025-06-28 19:13:49+00:00,2025-06-28 19:13:49+00:00,2025-06-28 19:13:49+00:00,2025-06-29 22:00:00+00:00,0.0,2025-06-29,2025,REG,PHX,LVA,1.071320691391173,True,,0.5420932924427202,401736217,2998938,11,17,1,True,False,matched,2.0,2025-06-29,under,0.09509877486146645,2.02,-1.0,1.0,False,False,False
2251,d9626748-52c1-48c9-87aa-f2c7994db2a7,103,A'ja Wilson,ajawilson,LVA,points,20.5,-122.0,-106.0,10,10,2025-06-28 19:13:49+00:00,2025-06-28 19:13:49+00:00,2025-06-28 19:13:49+00:00,2025-06-29 22:00:00+00:00,0.0,2025-06-29,2025,REG,PHX,LVA,1.064112656345666,True,,0.518058368553134,401736217,3149391,17,11,0,True,False,matched,26.0,2025-06-29,under,0.056141240403023374,1.9433962264150944,-1.0,1.0,False,False,False
2251,4d7f36bd-a9b8-420b-8bfb-6d9d07a6a948,166,Jewell Loyd,jewellloyd,LVA,threes,1.5,-186.0,140.0,10,10,2025-06-28 19:16:30+00:00,2025-06-28 19:16:30+00:00,2025-06-28 19:16:30+00:00,2025-06-29 22:00:00+00:00,0.0,2025-06-29,2025,REG,PHX,LVA,1.067016317016317,True,,0.6208673647410283,401736217,2987869,17,11,0,True,False,matched,2.0,2025-06-29,under,0.13890010330216762,2.4,-1.0,1.0,False,False,False
2251,0f1bc7ed-f2ee-41a3-8fcd-a2d23167cb15,54,Satou Sabally,satousabally,NYL,threes,1.5,-166.0,124.0,10,10,2025-06-28 19:16:31+00:00,2025-06-28 19:16:31+00:00,2025-06-28 19:16:31+00:00,2025-06-29 22:00:00+00:00,0.0,2025-06-29,2025,REG,PHX,LVA,1.0704887218045114,True,,0.5920365770215091,401736217,4281929,11,17,1,True,False,matched,1.0,2025-06-29,under,0.11516021698837142,2.24,1.2400000000000002,1.0,False,False,False
2251,ff53badb-04e8-46ce-a8f6-ed47e12d9f6e,107,Chelsea Gray,chelseagray,LVA,points,12.5,-120.0,-108.0,10,10,2025-06-28 19:16:31+00:00,2025-06-28 19:16:31+00:00,2025-06-28 19:16:31+00:00,2025-06-29 22:00:00+00:00,0.0,2025-06-29,2025,REG,PHX,LVA,1.0646853146853146,True,,0.5135396953663074,401736217,2529122,17,11,0,True,False,matched,9.0,2025-06-29,under,0.07293807644341888,1.925925925925926,0.925925925925926,1.0,False,False,False
2251,82157c4f-d772-4d45-8738-11ac4af5a83d,300,Kitija Laksa,kitijalaksa,FA,points,10.5,-104.0,-125.0,10,10,2025-06-28 19:20:06+00:00,2025-06-28 19:20:06+00:00,2025-06-28 19:20:06+00:00,2025-06-29 22:00:00+00:00,0.0,2025-06-29,2025,REG,PHX,LVA,1.065359477124183,True,,0.4763687479911608,401736217,3920741,11,17,1,True,False,matched,5.0,2025-06-29,under,0.12297757860742664,1.8,0.8,1.0,False,False,False
2253,079cf849-b39a-42c0-8d19-8464b8f5ffe7,175,Skylar Diggins,skylardiggins,CHI,points,18.5,-104.0,-125.0,10,10,2025-06-28 19:20:06+00:00,2025-06-28 19:20:06+00:00,2025-06-28 19:20:06+00:00,2025-06-30 00:30:00+00:00,0.0,2025-06-29,2025,REG,GSV,SEA,1.065359477124183,True,,0.4763687479911608,401736219,2491205,14,129689,0,True,False,matched,18.0,2025-06-29,under,0.1084659538030141,1.8,0.8,1.0,False,False,False
2253,565fb511-58c0-47cb-bf04-2459d0bdde86,139,Kayla Thornton,kaylathornton,GSV,rebounds,6.5,-152.0,114.0,10,10,2025-06-28 19:23:42+00:00,2025-06-28 19:23:42+00:00,2025-06-28 19:23:42+00:00,2025-06-30 00:30:00+00:00,0.0,2025-06-29,2025,REG,GSV,SEA,1.0704643228007713,True,,0.5703965275254933,401736219,2529622,129689,14,1,True,False,matched,5.0,2025-06-29,under,0.3583330732175851,2.1399999999999997,1.1399999999999997,1.0,False,False,False
2253,c60cd548-3382-40b0-93de-d18a141cccc8,180,Nneka Ogwumike,nnekaogwumike,LAS,rebounds,7.5,-138.0,104.0,10,10,2025-06-28 19:23:42+00:00,2025-06-28 19:23:42+00:00,2025-06-28 19:23:42+00:00,2025-06-30 00:30:00+00:00,0.0,2025-06-29,2025,REG,GSV,SEA,1.0700280112044818,True,,0.5464208361470752,401736219,1068,14,129689,0,True,False,matched,7.0,2025-06-29,under,0.10915450429563456,2.04,1.04,1.0,False,False,False
2253,f06a0a63-4cc8-4a8d-9011-5a9943671ee5,208,Gabby Williams,gabbywilliams,GSV,points,13.5,-106.0,-122.0,10,10,2025-06-28 19:23:42+00:00,2025-06-28 19:23:42+00:00,2025-06-28 19:23:42+00:00,2025-06-30 00:30:00+00:00,0.0,2025-06-29,2025,REG,GSV,SEA,1.064112656345666,True,,0.4819416314468661,401736219,3142328,14,129689,0,True,False,matched,2.0,2025-06-29,under,0.08178815003995227,1.819672131147541,0.819672131147541,1.0,False,False,False
2253,6da3705e-5ff2-48fb-ad30-7fd59ef46d79,55,Veronica Burton,veronicaburton,GSV,points,9.5,-125.0,-104.0,10,10,2025-06-28 19:27:17+00:00,2025-06-28 19:27:17+00:00,2025-06-28 19:27:17+00:00,2025-06-30 00:30:00+00:00,0.0,2025-06-29,2025,REG,GSV,SEA,1.065359477124183,True,,0.5236312520088393,401736219,4398935,129689,14,1,True,False,matched,15.0,2025-06-29,under,0.24544214901218475,1.9615384615384617,-1.0,1.0,False,False,False
2253,77f57362-3df2-40ce-804c-c7218e67f4ae,66,Erica Wheeler,ericawheeler,LAS,points,11.5,-122.0,-106.0,10,10,2025-06-28 19:27:17+00:00,2025-06-28 19:27:17+00:00,2025-06-28 19:27:17+00:00,2025-06-30 00:30:00+00:00,0.0,2025-06-29,2025,REG,GSV,SEA,1.064112656345666,True,,0.518058368553134,401736219,2491214,14,129689,0,True,False,matched,13.0,2025-06-29,under,0.21511941785087824,1.9433962264150944,-1.0,1.0,False,False,False
2253,be8f7d39-c967-4657-b4f4-bbfefe5e2ee3,221,Tiffany Hayes,tiffanyhayes,GSV,rebounds,3.5,-146.0,110.0,10,10,2025-06-28 19:27:17+00:00,2025-06-28 19:27:17+00:00,2025-06-28 19:27:17+00:00,2025-06-30 00:30:00+00:00,0.0,2025-06-29,2025,REG,GSV,SEA,1.0696864111498257,True,,0.5607420039050215,401736219,1054,129689,14,1,True,False,matched,3.0,2025-06-29,under,0.13184987547252852,2.1,1.1,1.0,False,False,False
2253,6dc84484-66be-410c-b08d-1cd5aeffd2ac,176,Ezi Magbegor,ezimagbegor,SEA,rebounds,6.5,-118.0,-112.0,10,10,2025-06-28 19:27:17+00:00,2025-06-28 19:27:17+00:00,2025-06-28 19:27:17+00:00,2025-06-30 00:30:00+00:00,0.0,2025-06-29,2025,REG,GSV,SEA,1.0695862904621776,True,,0.5067212711754592,401736219,4420318,14,129689,0,True,False,matched,6.0,2025-06-29,under,0.05932845673049586,1.8928571428571428,0.8928571428571428,1.0,False,False,False
2250,b9036446-244d-44e8-81c2-b3960ea12f9b,26,Angel Reese,angelreese,ATL,rebounds,12.5,-112.0,-118.0,10,10,2025-06-28 19:30:49+00:00,2025-06-28 19:30:49+00:00,2025-06-28 19:30:49+00:00,2025-06-29 20:00:00+00:00,0.0,2025-06-29,2025,REG,LAS,CHI,1.0695862904621776,True,,0.49327872882454105,401736216,4433402,19,6,0,True,False,matched,16.0,2025-06-29,under,0.3193696211319158,1.847457627118644,-1.0,1.0,False,False,False
2250,02956dce-c815-44b1-93d6-1a1b6c2836af,158,Rebecca Allen,rebeccaallen,NYL,rebounds,3.5,-125.0,-106.0,10,10,2025-06-28 19:30:49+00:00,2025-06-28 19:30:49+00:00,2025-06-28 19:30:49+00:00,2025-06-29 20:00:00+00:00,0.0,2025-06-29,2025,REG,LAS,CHI,1.070118662351672,True,,0.5212291071384377,401736216,3102133,19,6,0,True,False,matched,4.0,2025-06-29,under,0.08502542522936579,1.9433962264150944,-1.0,1.0,False,False,False
2250,b95ac105-ddd8-475a-9064-47f34d0498da,82,Azura Stevens,azurastevens,CHI,threes,1.5,-106.0,-125.0,10,10,2025-06-28 19:30:50+00:00,2025-06-28 19:30:50+00:00,2025-06-28 19:30:50+00:00,2025-06-29 20:00:00+00:00,0.0,2025-06-29,2025,REG,LAS,CHI,1.070118662351672,True,,0.4787708928615623,401736216,3142010,6,19,1,True,False,matched,3.0,2025-06-29,under,0.104485370027952,1.8,-1.0,1.0,False,False,False
2250,5a7c7a7b-8701-450e-83f1-94e6abf2b0bc,36,Rachel Banham,rachelbanham,CHI,points,7.5,-110.0,-118.0,10,10,2025-06-28 19:30:50+00:00,2025-06-28 19:30:50+00:00,2025-06-28 19:30:50+00:00,2025-06-29 20:00:00+00:00,0.0,2025-06-29,2025,REG,LAS,CHI,1.0650939274792486,True,,0.4909754767731684,401736216,2566186,19,6,0,True,False,matched,13.0,2025-06-29,under,0.08538719476929973,1.847457627118644,-1.0,1.0,False,False,False
2252,091af6e1-61ba-4d8c-a946-021939ecd41c,112,Napheesa Collier,napheesacollier,MIN,points,23.5,-110.0,-118.0,10,10,2025-06-28 19:34:29+00:00,2025-06-28 19:34:29+00:00,2025-06-28 19:34:29+00:00,2025-06-29 23:00:00+00:00,0.0,2025-06-29,2025,REG,MIN,CON,1.0650939274792486,True,,0.4909754767731684,401736218,3917450,8,18,1,True,False,matched,23.0,2025-06-29,under,0.15601310104807425,1.847457627118644,0.847457627118644,1.0,False,False,False
2252,8447c3e5-a1dc-4d46-9bbf-8a58ba89e9b3,117,Courtney Williams,courtneywilliams,MIN,rebounds,4.5,-146.0,110.0,10,10,2025-06-28 19:38:05+00:00,2025-06-28 19:38:05+00:00,2025-06-28 19:38:05+00:00,2025-06-29 23:00:00+00:00,0.0,2025-06-29,2025,REG,MIN,CON,1.0696864111498257,True,,0.5607420039050215,401736218,2987891,8,18,1,True,False,matched,9.0,2025-06-29,under,0.25121485085712353,2.1,-1.0,1.0,False,False,False
2252,9194beff-20ad-4134-a9cf-c9f011143612,121,Alanna Smith,alannasmith,DAL,rebounds,5.5,114.0,-152.0,10,10,2025-06-28 19:38:05+00:00,2025-06-28 19:38:05+00:00,2025-06-28 19:38:05+00:00,2025-06-29 23:00:00+00:00,0.0,2025-06-29,2025,REG,MIN,CON,1.0704643228007713,True,,0.42960347247450675,401736218,3913881,8,18,1,True,False,matched,7.0,2025-06-29,over,0.15731183799229792,2.1399999999999997,1.1399999999999997,1.0,False,False,False
2252,91f70ea3-5156-498f-a2f0-977a91bd29b1,125,Kayla McBride,kaylamcbride,MIN,assists,3.5,-152.0,114.0,10,10,2025-06-28 19:38:05+00:00,2025-06-28 19:38:05+00:00,2025-06-28 19:38:05+00:00,2025-06-29 23:00:00+00:00,0.0,2025-06-29,2025,REG,MIN,CON,1.0704643228007713,True,,0.5703965275254933,401736218,2529205,8,18,1,True,False,matched,5.0,2025-06-29,under,0.15368544509935234,2.1399999999999997,-1.0,1.0,False,False,False
2252,bc91176c-cdfa-406e-bb07-d97806ea2c20,9,Tina Charles,tinacharles,FA,points,15.5,-114.0,-114.0,10,10,2025-06-28 19:41:44+00:00,2025-06-28 19:41:44+00:00,2025-06-28 19:41:44+00:00,2025-06-29 23:00:00+00:00,0.0,2025-06-29,2025,REG,MIN,CON,1.0654205607476634,True,,0.5000000000000001,401736218,918,18,8,0,True,False,matched,4.0,2025-06-29,under,0.19729288930153704,1.8771929824561404,0.8771929824561404,1.0,False,False,False
2253,56e31c8c-161d-4535-8f65-d3a271a42827,109,Kate Martin,katemartin,LAS,points,8.5,-105.0,-135.0,33,33,2025-06-29 02:13:15+00:00,2025-06-29 02:13:15+00:00,2025-06-29 02:13:15+00:00,2025-06-30 00:30:00+00:00,0.0,2025-06-29,2025,REG,GSV,SEA,1.0866632070576026,True,,0.46744138600370294,401736219,4398907,129689,14,1,True,False,matched,11.0,2025-06-29,under,0.10966925057499477,1.7407407407407407,-1.0,1.0,False,False,False
2252,5eef8688-c028-4a51-aa48-a543ce9dff37,519,Aneesah Morrow,aneesahmorrow,CON,points,10.5,100.0,-140.0,33,33,2025-06-29 02:20:48+00:00,2025-06-29 02:20:48+00:00,2025-06-29 02:20:48+00:00,2025-06-29 23:00:00+00:00,0.0,2025-06-29,2025,REG,MIN,CON,1.0833333333333333,True,,0.4565136318718986,401736218,4684384,18,8,0,True,False,matched,16.0,2025-06-29,under,0.1708438385849168,1.7142857142857144,-1.0,1.0,False,False,False
2252,5600ffb0-4fbe-4695-8e10-b93e3816e8f1,52,Jacy Sheldon,jacysheldon,CHI,points,9.5,-110.0,-130.0,33,33,2025-06-29 03:40:57+00:00,2025-06-29 03:40:57+00:00,2025-06-29 03:40:57+00:00,2025-06-29 23:00:00+00:00,0.0,2025-06-29,2025,REG,MIN,CON,1.0890269151138718,True,,0.47832076753442404,401736218,4432865,18,8,0,True,False,matched,7.0,2025-06-29,under,0.19646301172043523,1.7692307692307692,0.7692307692307692,1.0,False,False,False
2253,5b45de02-5a46-4879-ab58-56b3697523d8,83,Monique Billings,moniquebillings,IND,rebounds,5.5,-140.0,110.0,12,12,2025-06-29 12:16:54+00:00,2025-06-29 12:16:54+00:00,2025-06-29 12:16:54+00:00,2025-06-30 00:30:00+00:00,0.0,2025-06-29,2025,REG,GSV,SEA,1.0595238095238093,True,,0.555167954788897,401736219,3142255,129689,14,1,True,False,matched,3.0,2025-06-29,under,0.2306162649039168,2.1,1.1,1.0,False,False,False
2447,06a3c67e-a521-4eda-bf54-e6c77efd4646,112,Napheesa Collier,napheesacollier,MIN,rebounds,8.5,-146.0,110.0,10,10,2025-06-30 18:56:10+00:00,2025-06-30 18:56:10+00:00,2025-06-30 18:56:10+00:00,2025-07-02 00:00:00+00:00,0.0,2025-07-01,2025,CC,MIN,IND,1.0696864111498257,True,,0.5607420039050215,401736430,3917450,8,5,1,True,False,matched,9.0,2025-07-01,under,0.23099615292362208,2.1,-1.0,1.0,False,False,False
2447,4a30f54b-f721-479d-b108-5caea68428db,68,Caitlin Clark,caitlinclark,IND,points,19.5,-110.0,-118.0,10,10,2025-06-30 18:56:10+00:00,2025-06-30 18:56:10+00:00,2025-06-30 18:56:10+00:00,2025-07-02 00:00:00+00:00,0.0,2025-07-01,2025,CC,MIN,IND,1.0650939274792486,True,,0.4909754767731684,401736430,4433403,5,8,0,True,True,did_not_play,,2025-07-01,under,0.22823131154004594,1.847457627118644,0.0,0.0,False,True,False
2447,816e8c4e-5c77-40a3-9ff1-50382dff2bdf,56,Natasha Howard,natashahoward,MIN,points,12.5,102.0,-132.0,10,10,2025-06-30 18:56:10+00:00,2025-06-30 18:56:10+00:00,2025-06-30 18:56:10+00:00,2025-07-02 00:00:00+00:00,0.0,2025-07-01,2025,CC,MIN,IND,1.0640150221918745,True,,0.4618487426836327,401736430,2529130,5,8,0,True,False,matched,16.0,2025-07-01,under,0.19462647901395752,1.7575757575757576,-1.0,1.0,False,False,False
2447,9ab02b2b-8e9b-41ee-a230-2c4ab2fd6034,71,Aliyah Boston,aliyahboston,IND,rebounds,8.5,-122.0,-108.0,10,10,2025-06-30 18:56:10+00:00,2025-06-30 18:56:10+00:00,2025-06-30 18:56:10+00:00,2025-07-02 00:00:00+00:00,0.0,2025-07-01,2025,CC,MIN,IND,1.0687803187803186,True,,0.5156895960912058,401736430,4432831,5,8,0,True,False,matched,11.0,2025-07-01,under,0.14010571705057517,1.925925925925926,-1.0,1.0,False,False,False
2447,22389db6-c436-4bf7-b914-fad114ed9211,125,Kayla McBride,kaylamcbride,MIN,points,14.5,-125.0,-104.0,10,10,2025-06-30 18:56:10+00:00,2025-06-30 18:56:10+00:00,2025-06-30 18:56:10+00:00,2025-07-02 00:00:00+00:00,0.0,2025-07-01,2025,CC,MIN,IND,1.065359477124183,True,,0.5236312520088393,401736430,2529205,8,5,1,True,False,matched,7.0,2025-07-01,under,0.1121115812806171,1.9615384615384617,0.9615384615384617,1.0,False,False,False
2447,ffa68991-9c42-4943-b010-22d1a3ea67a6,76,Lexie Hull,lexiehull,IND,threes,1.5,168.0,-230.0,10,10,2025-06-30 18:56:10+00:00,2025-06-30 18:56:10+00:00,2025-06-30 18:56:10+00:00,2025-07-02 00:00:00+00:00,0.0,2025-07-01,2025,CC,MIN,IND,1.070104025327906,True,,0.33212328770060234,401736430,4398829,5,8,0,True,False,matched,2.0,2025-07-01,under,0.10776482811479757,1.434782608695652,-1.0,1.0,False,False,False
2447,71fd261a-152e-47ad-a437-b2133bd35d7c,117,Courtney Williams,courtneywilliams,MIN,points,12.5,-125.0,-104.0,10,10,2025-06-30 18:56:10+00:00,2025-06-30 18:56:10+00:00,2025-06-30 18:56:10+00:00,2025-07-02 00:00:00+00:00,0.0,2025-07-01,2025,CC,MIN,IND,1.065359477124183,True,,0.5236312520088393,401736430,2987891,8,5,1,True,False,matched,11.0,2025-07-01,under,0.09107333303316933,1.9615384615384617,0.9615384615384617,1.0,False,False,False
2447,f7250c04-ecb8-4c9a-82d1-522a90bfa678,121,Alanna Smith,alannasmith,DAL,rebounds,5.5,118.0,-158.0,10,10,2025-06-30 18:56:10+00:00,2025-06-30 18:56:10+00:00,2025-06-30 18:56:10+00:00,2025-07-02 00:00:00+00:00,0.0,2025-07-01,2025,CC,MIN,IND,1.0711186971054691,True,,0.42034729080094674,401736430,3913881,8,5,1,True,False,matched,5.0,2025-07-01,over,0.06424759919416789,2.1799999999999997,-1.0,1.0,False,False,False
2447,e9f04b7c-952a-4466-ade2-b94af5d0925e,70,Kelsey Mitchell,kelseymitchell,IND,points,19.5,106.0,-138.0,10,10,2025-06-30 18:56:10+00:00,2025-06-30 18:56:10+00:00,2025-06-30 18:56:10+00:00,2025-07-02 00:00:00+00:00,0.0,2025-07-01,2025,CC,MIN,IND,1.0652688259769927,True,,0.4512435291926419,401736430,3142191,5,8,0,True,False,matched,12.0,2025-07-01,under,0.05809461479970679,1.7246376811594204,0.7246376811594204,1.0,False,False,False
2255,3680168f-93d4-491a-8ffd-5234e1b11f0e,132,Sabrina Ionescu,sabrinaionescu,NYL,threes,2.5,-158.0,118.0,10,10,2025-06-30 19:21:17+00:00,2025-06-30 19:21:17+00:00,2025-06-30 19:21:17+00:00,2025-07-03 23:00:00+00:00,0.0,2025-07-03,2025,REG,NYL,LAS,1.0711186971054691,True,,0.5796527091990534,401736221,4066533,9,6,1,True,False,matched,3.0,2025-07-03,under,0.16900607478589913,2.1799999999999997,-1.0,1.0,False,False,False
2255,57d982d4-ca0e-40c7-b875-e9d96199b971,82,Azura Stevens,azurastevens,CHI,threes,1.5,-114.0,-114.0,10,10,2025-06-30 19:21:18+00:00,2025-06-30 19:21:18+00:00,2025-06-30 19:21:18+00:00,2025-07-03 23:00:00+00:00,0.0,2025-07-03,2025,REG,NYL,LAS,1.0654205607476634,True,,0.5000000000000001,401736221,3142010,6,9,0,True,False,matched,1.0,2025-07-03,under,0.17026906579556167,1.8771929824561404,0.8771929824561404,1.0,False,False,False
2255,7a02a52a-e014-4f3e-a849-75ab7c9edf89,137,Breanna Stewart,breannastewart,NYL,points,20.5,-128.0,-102.0,10,10,2025-06-30 19:21:18+00:00,2025-06-30 19:21:18+00:00,2025-06-30 19:21:18+00:00,2025-07-03 23:00:00+00:00,0.0,2025-07-03,2025,REG,NYL,LAS,1.0663540038214347,True,,0.5291749480305961,401736221,2998928,9,6,1,True,False,matched,17.0,2025-07-03,under,0.13213213507507693,1.9803921568627452,0.9803921568627452,1.0,False,False,False
2255,51be864d-8f85-4b73-a1ff-9dd8cd695425,89,Dearica Hamby,dearicahamby,LAS,rebounds,7.5,-114.0,-114.0,10,10,2025-06-30 19:21:18+00:00,2025-06-30 19:21:18+00:00,2025-06-30 19:21:18+00:00,2025-07-03 23:00:00+00:00,0.0,2025-07-03,2025,REG,NYL,LAS,1.0654205607476634,True,,0.5000000000000001,401736221,2566106,6,9,0,True,False,matched,9.0,2025-07-03,over,0.08465530878750388,1.8771929824561404,0.8771929824561404,1.0,False,False,False
2255,817f1bc7-3c51-4dd9-a684-004c15ca25f0,101,Kelsey Plum,kelseyplum,LAS,points,18.5,-120.0,-108.0,10,10,2025-06-30 19:21:18+00:00,2025-06-30 19:21:18+00:00,2025-06-30 19:21:18+00:00,2025-07-03 23:00:00+00:00,0.0,2025-07-03,2025,REG,NYL,LAS,1.0646853146853146,True,,0.5135396953663074,401736221,3065570,6,9,0,True,False,matched,13.0,2025-07-03,under,0.07869130529738733,1.925925925925926,0.925925925925926,1.0,False,False,False
2255,e5899c73-7adf-46da-b3a6-ac6d1ef0854a,163,Natasha Cloud,natashacloud,CHI,assists,6.5,-112.0,-118.0,10,10,2025-06-30 19:21:18+00:00,2025-06-30 19:21:18+00:00,2025-06-30 19:21:18+00:00,2025-07-03 23:00:00+00:00,0.0,2025-07-03,2025,REG,NYL,LAS,1.0695862904621776,True,,0.49327872882454105,401736221,2529137,9,6,1,True,False,matched,7.0,2025-07-03,over,0.06845409369353239,1.8928571428571428,0.8928571428571428,1.0,False,False,False
2447,bb613ee6-0743-402e-8169-cb0b7ce58d61,128,Bridget Carleton,bridgetcarleton,PDX,threes,1.5,-110.0,-120.0,12,12,2025-06-30 22:48:53+00:00,2025-06-30 22:48:53+00:00,2025-06-30 22:48:53+00:00,2025-07-02 00:00:00+00:00,0.0,2025-07-01,2025,CC,MIN,IND,1.0692640692640691,True,,0.4887959885212434,401736430,3906972,8,5,1,True,False,matched,0.0,2025-07-01,under,0.06079354056991748,1.8333333333333335,0.8333333333333335,1.0,False,False,False
2257,3c5d7679-4f35-45bb-a0c6-0c091c99f7a0,54,Satou Sabally,satousabally,NYL,points,17.5,-114.0,-114.0,10,10,2025-07-01 04:57:32+00:00,2025-07-01 04:57:32+00:00,2025-07-01 04:57:32+00:00,2025-07-04 00:00:00+00:00,0.0,2025-07-03,2025,REG,DAL,PHX,1.0654205607476634,True,,0.5000000000000001,401736223,4281929,11,3,0,True,False,matched,20.0,2025-07-03,under,0.09855073355852845,1.8771929824561404,-1.0,1.0,False,False,False
2257,131a8320-c823-437f-a904-71c05f85f9a4,155,Kahleah Copper,kahleahcopper,PHO,threes,1.5,-136.0,102.0,10,10,2025-07-01 04:57:32+00:00,2025-07-01 04:57:32+00:00,2025-07-01 04:57:32+00:00,2025-07-04 00:00:00+00:00,0.0,2025-07-03,2025,REG,DAL,PHX,1.071320691391173,True,,0.5420932924427202,401736223,2998938,11,3,0,True,False,matched,4.0,2025-07-03,under,0.09646683678142093,2.02,-1.0,1.0,False,False,False
2257,5fbd98b8-2df7-4a65-9907-53cf29046ccd,177,Sami Whitcomb,samiwhitcomb,PHO,threes,2.5,122.0,-162.0,10,10,2025-07-01 04:57:32+00:00,2025-07-01 04:57:32+00:00,2025-07-01 04:57:32+00:00,2025-07-04 00:00:00+00:00,0.0,2025-07-03,2025,REG,DAL,PHX,1.0687710611374732,True,,0.41310819110441305,401736223,887,11,3,0,True,False,matched,1.0,2025-07-03,under,0.06813863565640405,1.617283950617284,0.617283950617284,1.0,False,False,False
2447,8def1bbc-a262-4714-9000-da6451d81c22,156,Sophie Cunningham,sophiecunningham,IND,points,8.5,-105.0,-130.0,33,33,2025-07-01 19:57:48+00:00,2025-07-01 19:57:48+00:00,2025-07-01 19:57:48+00:00,2025-07-02 00:00:00+00:00,0.0,2025-07-01,2025,CC,MIN,IND,1.0774125132555674,True,,0.4724269137319091,401736430,3907781,5,8,0,True,False,matched,13.0,2025-07-01,under,0.3575613405998398,1.7692307692307692,-1.0,1.0,False,False,False
2447,b3c74cc4-3405-4698-8f47-5b2ab4edd687,88,Aari McDonald,aarimcdonald,FA,points,10.5,-110.0,-120.0,12,12,2025-07-01 20:19:02+00:00,2025-07-01 20:19:02+00:00,2025-07-01 20:19:02+00:00,2025-07-02 00:00:00+00:00,0.0,2025-07-01,2025,CC,MIN,IND,1.0692640692640691,True,,0.4887959885212434,401736430,4066553,5,8,0,True,False,matched,12.0,2025-07-01,under,0.21323159142332943,1.8333333333333335,-1.0,1.0,False,False,False
2256,a3ca89e7-ffb1-41bc-89ce-12f99959ceb9,2,Jordin Canada,jordincanada,ATL,points,11.5,-104.0,-122.0,10,10,2025-07-02 04:00:19+00:00,2025-07-02 04:00:19+00:00,2025-07-02 04:00:19+00:00,2025-07-03 23:30:00+00:00,0.0,2025-07-03,2025,REG,ATL,SEA,1.059353471118177,True,,0.47953831927398954,401736222,3142250,20,14,1,True,False,matched,25.0,2025-07-03,under,0.2744866807848706,1.819672131147541,-1.0,1.0,False,False,False
2256,32df5a4c-884c-489c-8770-aab2848c8800,66,Erica Wheeler,ericawheeler,LAS,points,11.5,-118.0,-110.0,10,10,2025-07-02 04:00:19+00:00,2025-07-02 04:00:19+00:00,2025-07-02 04:00:19+00:00,2025-07-03 23:30:00+00:00,0.0,2025-07-03,2025,REG,ATL,SEA,1.0650939274792486,True,,0.5090245232268319,401736222,2491214,14,20,0,True,False,matched,21.0,2025-07-03,under,0.2005430818126928,1.9090909090909092,-1.0,1.0,False,False,False
2256,a2cc3879-fe9c-473c-8845-dd8e08f85814,176,Ezi Magbegor,ezimagbegor,SEA,points,6.5,-130.0,100.0,10,10,2025-07-02 04:00:19+00:00,2025-07-02 04:00:19+00:00,2025-07-02 04:00:19+00:00,2025-07-03 23:30:00+00:00,0.0,2025-07-03,2025,REG,ATL,SEA,1.065217391304348,True,,0.5336835053940976,401736222,4420318,14,20,0,True,False,matched,5.0,2025-07-03,under,0.14340104300611295,2.0,1.0,1.0,False,False,False
2256,8323b570-7436-4706-97ba-387f980234b2,1,Allisha Gray,allishagray,ATL,threes,2.5,116.0,-154.0,10,10,2025-07-02 04:00:19+00:00,2025-07-02 04:00:19+00:00,2025-07-02 04:00:19+00:00,2025-07-03 23:30:00+00:00,0.0,2025-07-03,2025,REG,ATL,SEA,1.0692621755613883,True,,0.425792012343204,401736222,3058901,20,14,1,True,False,matched,2.0,2025-07-03,under,0.14109663585536525,1.6493506493506493,0.6493506493506493,1.0,False,False,False
2256,4c350926-1f82-45b4-a745-e85abef65c08,148,Brittney Griner,brittneygriner,CON,rebounds,5.5,114.0,-152.0,10,10,2025-07-02 04:00:19+00:00,2025-07-02 04:00:19+00:00,2025-07-02 04:00:19+00:00,2025-07-03 23:30:00+00:00,0.0,2025-07-03,2025,REG,ATL,SEA,1.0704643228007713,True,,0.42960347247450675,401736222,2490553,20,14,1,True,False,matched,4.0,2025-07-03,over,0.1343524763013313,2.1399999999999997,-1.0,1.0,False,False,False
2256,6aedf55f-3387-4a53-85d2-30ca835610d9,49,Brionna Jones,brionnajones,ATL,points,13.5,-130.0,100.0,10,10,2025-07-02 04:00:19+00:00,2025-07-02 04:00:19+00:00,2025-07-02 04:00:19+00:00,2025-07-03 23:30:00+00:00,0.0,2025-07-03,2025,REG,ATL,SEA,1.065217391304348,True,,0.5336835053940976,401736222,3058895,20,14,1,True,False,matched,18.0,2025-07-03,under,0.11999250173102172,2.0,-1.0,1.0,False,False,False
2256,e2465b4e-8793-41f6-9670-a4e406c51bcd,180,Nneka Ogwumike,nnekaogwumike,LAS,points,16.5,-106.0,-122.0,10,10,2025-07-02 04:00:19+00:00,2025-07-02 04:00:19+00:00,2025-07-02 04:00:19+00:00,2025-07-03 23:30:00+00:00,0.0,2025-07-03,2025,REG,ATL,SEA,1.064112656345666,True,,0.4819416314468661,401736222,1068,14,20,0,True,False,matched,24.0,2025-07-03,under,0.07760326859915234,1.819672131147541,-1.0,1.0,False,False,False
2256,cde920a0-1a57-49ef-aa70-efb4fc95e14b,208,Gabby Williams,gabbywilliams,GSV,rebounds,4.5,102.0,-136.0,10,10,2025-07-02 04:00:19+00:00,2025-07-02 04:00:19+00:00,2025-07-02 04:00:19+00:00,2025-07-03 23:30:00+00:00,0.0,2025-07-03,2025,REG,ATL,SEA,1.071320691391173,True,,0.4579067075572801,401736222,3142328,14,20,0,True,False,matched,5.0,2025-07-03,over,0.0516048209676922,2.02,1.02,1.0,False,False,False
2256,4aff4bfc-617c-4cfb-bfe3-8267c8a08a99,175,Skylar Diggins,skylardiggins,CHI,points,17.5,-108.0,-120.0,10,10,2025-07-02 04:00:20+00:00,2025-07-02 04:00:20+00:00,2025-07-02 04:00:20+00:00,2025-07-03 23:30:00+00:00,0.0,2025-07-03,2025,REG,ATL,SEA,1.0646853146853146,True,,0.48646030463369283,401736222,2491205,14,20,0,True,False,matched,11.0,2025-07-03,under,0.07863337015775557,1.8333333333333335,0.8333333333333335,1.0,False,False,False
2258,b1576f43-9b53-4cdb-b365-321de12c7068,117,Courtney Williams,courtneywilliams,MIN,points,12.5,-108.0,-120.0,10,10,2025-07-02 04:21:29+00:00,2025-07-02 04:21:29+00:00,2025-07-02 04:21:29+00:00,2025-07-04 00:00:00+00:00,0.0,2025-07-03,2025,REG,MIN,WAS,1.0646853146853146,True,,0.48646030463369283,401736224,2987891,8,16,1,True,False,matched,10.0,2025-07-03,under,0.052129645818562165,1.8333333333333335,0.8333333333333335,1.0,False,False,False
2258,bb4331b7-33fb-483b-8a40-68e276e465bb,573,Sonia Citron,soniacitron,WAS,rebounds,4.5,108.0,-144.0,10,10,2025-07-02 04:21:30+00:00,2025-07-02 04:21:30+00:00,2025-07-02 04:21:30+00:00,2025-07-04 00:00:00+00:00,0.0,2025-07-03,2025,REG,MIN,WAS,1.0709331651954601,True,,0.4433154794603006,401736224,4433524,16,8,0,True,False,matched,4.0,2025-07-03,over,0.24796451913768242,2.08,-1.0,1.0,False,False,False
2258,5a9b5dfa-fdf7-415f-87e0-153e1093b6dd,196,Shakira Austin,shakiraaustin,WAS,rebounds,7.5,-138.0,104.0,10,10,2025-07-02 04:21:30+00:00,2025-07-02 04:21:30+00:00,2025-07-02 04:21:30+00:00,2025-07-04 00:00:00+00:00,0.0,2025-07-03,2025,REG,MIN,WAS,1.0700280112044818,True,,0.5464208361470752,401736224,4398911,16,8,0,True,False,matched,5.0,2025-07-03,under,0.2227831678584038,2.04,1.04,1.0,False,False,False
2258,f1e63732-dd01-4927-a33f-99b9d0b00fd2,112,Napheesa Collier,napheesacollier,MIN,assists,3.5,-125.0,-106.0,10,10,2025-07-02 04:21:30+00:00,2025-07-02 04:21:30+00:00,2025-07-02 04:21:30+00:00,2025-07-04 00:00:00+00:00,0.0,2025-07-03,2025,REG,MIN,WAS,1.070118662351672,True,,0.5212291071384377,401736224,3917450,8,16,1,True,False,matched,4.0,2025-07-03,under,0.13164150424164195,1.9433962264150944,-1.0,1.0,False,False,False
2258,2c9ee3fb-531a-42c8-82d7-dc422dccddb9,182,Brittney Sykes,brittneysykes,TOR,rebounds,3.5,116.0,-154.0,10,10,2025-07-02 04:21:30+00:00,2025-07-02 04:21:30+00:00,2025-07-02 04:21:30+00:00,2025-07-04 00:00:00+00:00,0.0,2025-07-03,2025,REG,MIN,WAS,1.0692621755613883,True,,0.425792012343204,401736224,2988756,16,8,0,True,False,matched,2.0,2025-07-03,over,0.12556294527457945,2.16,-1.0,1.0,False,False,False
2258,2aab62c7-97fd-4446-b499-e02eeab6f1fa,121,Alanna Smith,alannasmith,DAL,rebounds,5.5,122.0,-162.0,10,10,2025-07-02 04:21:30+00:00,2025-07-02 04:21:30+00:00,2025-07-02 04:21:30+00:00,2025-07-04 00:00:00+00:00,0.0,2025-07-03,2025,REG,MIN,WAS,1.0687710611374732,True,,0.41310819110441305,401736224,3913881,8,16,1,True,False,matched,4.0,2025-07-03,over,0.12190316248670713,2.2199999999999998,-1.0,1.0,False,False,False
2258,ccc3edf5-e3b3-4b51-a7d0-05d9314aab92,572,Kiki Iriafen,kikiiriafen,WAS,points,11.5,-114.0,-114.0,10,10,2025-07-02 04:21:30+00:00,2025-07-02 04:21:30+00:00,2025-07-02 04:21:30+00:00,2025-07-04 00:00:00+00:00,0.0,2025-07-03,2025,REG,MIN,WAS,1.0654205607476634,True,,0.5000000000000001,401736224,4898384,16,8,0,True,False,matched,2.0,2025-07-03,under,0.12169281607975835,1.8771929824561404,0.8771929824561404,1.0,False,False,False
2258,f15b29ab-1c9a-4fef-a49e-1bf3cf40a3b7,125,Kayla McBride,kaylamcbride,MIN,points,14.5,-114.0,-114.0,10,10,2025-07-02 04:21:30+00:00,2025-07-02 04:21:30+00:00,2025-07-02 04:21:30+00:00,2025-07-04 00:00:00+00:00,0.0,2025-07-03,2025,REG,MIN,WAS,1.0654205607476634,True,,0.5000000000000001,401736224,2529205,8,16,1,True,False,matched,10.0,2025-07-03,under,0.09849108849984894,1.8771929824561404,0.8771929824561404,1.0,False,False,False
2254,2680a14b-1bd3-4651-912c-54b782613572,56,Natasha Howard,natashahoward,MIN,points,12.5,-118.0,-110.0,10,10,2025-07-02 04:28:28+00:00,2025-07-02 04:28:28+00:00,2025-07-02 04:28:28+00:00,2025-07-03 23:00:00+00:00,0.0,2025-07-03,2025,REG,IND,LVA,1.0650939274792486,True,,0.5090245232268319,401736220,2529130,5,17,1,True,False,matched,11.0,2025-07-03,under,0.23124205131858644,1.9090909090909092,0.9090909090909092,1.0,False,False,False
2254,d37fabae-28b4-4a35-acff-ef41b1fda19f,88,Aari McDonald,aarimcdonald,FA,points,11.5,100.0,-130.0,10,10,2025-07-02 04:28:28+00:00,2025-07-02 04:28:28+00:00,2025-07-02 04:28:28+00:00,2025-07-03 23:00:00+00:00,0.0,2025-07-03,2025,REG,IND,LVA,1.065217391304348,True,,0.4663164946059025,401736220,4066553,5,17,1,True,False,matched,8.0,2025-07-03,under,0.197798531530679,1.7692307692307692,0.7692307692307692,1.0,False,False,False
2254,f55a25e4-770c-4cfe-b738-03174dedab35,103,A'ja Wilson,ajawilson,LVA,points,22.5,-115.0,-113.0,10,10,2025-07-02 04:28:28+00:00,2025-07-02 04:28:28+00:00,2025-07-02 04:28:28+00:00,2025-07-03 23:00:00+00:00,0.0,2025-07-03,2025,REG,IND,LVA,1.0654001528551151,True,,0.5022557674006809,401736220,3149391,17,5,0,True,False,matched,29.0,2025-07-03,under,0.09994020672705761,1.8849557522123894,-1.0,1.0,False,False,False
2254,84ec52c6-f673-4313-9f93-b98523ee781d,166,Jewell Loyd,jewellloyd,LVA,rebounds,4.5,134.0,-180.0,10,10,2025-07-02 04:28:28+00:00,2025-07-02 04:28:28+00:00,2025-07-02 04:28:28+00:00,2025-07-03 23:00:00+00:00,0.0,2025-07-03,2025,REG,IND,LVA,1.0702075702075702,True,,0.38834080463047865,401736220,2987869,17,5,0,True,False,matched,4.0,2025-07-03,under,0.05006423930340326,1.5555555555555556,0.5555555555555556,1.0,False,False,False
2254,87471bc7-d3c8-4379-b5bc-52589a608288,107,Chelsea Gray,chelseagray,LVA,rebounds,3.5,-158.0,118.0,10,10,2025-07-02 04:28:29+00:00,2025-07-02 04:28:29+00:00,2025-07-02 04:28:29+00:00,2025-07-03 23:00:00+00:00,0.0,2025-07-03,2025,REG,IND,LVA,1.0711186971054691,True,,0.5796527091990534,401736220,2529122,17,5,0,True,False,matched,3.0,2025-07-03,under,0.07795334885884264,2.1799999999999997,1.1799999999999997,1.0,False,False,False
2254,fddfdc69-0462-4de3-93d0-a22e6ef4a460,102,Jackie Young,jackieyoung,LVA,rebounds,4.5,134.0,-180.0,10,10,2025-07-02 04:28:29+00:00,2025-07-02 04:28:29+00:00,2025-07-02 04:28:29+00:00,2025-07-03 23:00:00+00:00,0.0,2025-07-03,2025,REG,IND,LVA,1.0702075702075702,True,,0.38834080463047865,401736220,4065870,17,5,0,True,False,matched,1.0,2025-07-03,over,0.052531559961965235,2.34,-1.0,1.0,False,False,False
2257,7432300a-bf91-4225-a66b-8192fa12efa4,95,Li Yueru,liyueru,DAL,points,8.5,-102.0,-128.0,10,10,2025-07-02 23:07:07+00:00,2025-07-02 23:07:07+00:00,2025-07-02 23:07:07+00:00,2025-07-04 00:00:00+00:00,0.0,2025-07-03,2025,REG,DAL,PHX,1.0663540038214347,True,,0.47082505196940394,401736223,4336633,3,11,1,True,False,matched,12.0,2025-07-03,under,0.32630694267063465,1.78125,-1.0,1.0,False,False,False
2254,ebafac10-bc35-4d2f-bd27-1c2c171f95a4,76,Lexie Hull,lexiehull,IND,rebounds,3.5,-195.0,135.0,49,49,2025-07-03 19:29:53+00:00,2025-07-03 19:29:53+00:00,2025-07-03 19:29:53+00:00,2025-07-03 23:00:00+00:00,0.0,2025-07-03,2025,REG,IND,LVA,1.0865488640461594,True,,0.6231940595562159,401736220,4398829,5,17,1,True,False,matched,6.0,2025-07-03,under,0.2591716341263751,2.35,-1.0,1.0,False,False,False
2260,45dde412-dc2e-43c0-8777-baf0d6c32319,112,Napheesa Collier,napheesacollier,MIN,points,20.5,-128.0,-102.0,10,10,2025-07-04 03:42:53+00:00,2025-07-04 03:42:53+00:00,2025-07-04 03:42:53+00:00,2025-07-06 00:00:00+00:00,0.0,2025-07-05,2025,REG,MIN,GSV,1.0663540038214347,True,,0.5291749480305961,401736226,3917450,8,129689,1,True,False,matched,22.0,2025-07-05,under,0.1853343098225459,1.9803921568627452,-1.0,1.0,False,False,False
2260,2644e9be-32ec-48bc-beb4-a0a7c93a1fa8,125,Kayla McBride,kaylamcbride,MIN,points,13.5,-130.0,100.0,10,10,2025-07-04 03:42:53+00:00,2025-07-04 03:42:53+00:00,2025-07-04 03:42:53+00:00,2025-07-06 00:00:00+00:00,0.0,2025-07-05,2025,REG,MIN,GSV,1.065217391304348,True,,0.5336835053940976,401736226,2529205,8,129689,1,True,False,matched,12.0,2025-07-05,under,0.15898997327378595,2.0,1.0,1.0,False,False,False
2260,545bfb02-538d-4660-a22f-6c954a660343,55,Veronica Burton,veronicaburton,GSV,assists,4.5,-122.0,-108.0,10,10,2025-07-04 03:50:00+00:00,2025-07-04 03:50:00+00:00,2025-07-04 03:50:00+00:00,2025-07-06 00:00:00+00:00,0.0,2025-07-05,2025,REG,MIN,GSV,1.0687803187803186,True,,0.5156895960912058,401736226,4398935,129689,8,0,True,False,matched,4.0,2025-07-05,under,0.18530763171947207,1.925925925925926,0.925925925925926,1.0,False,False,False
2260,23c28600-b2e0-43f8-a41c-0bbd1eaf94d8,121,Alanna Smith,alannasmith,DAL,rebounds,5.5,110.0,-146.0,10,10,2025-07-04 03:50:00+00:00,2025-07-04 03:50:00+00:00,2025-07-04 03:50:00+00:00,2025-07-06 00:00:00+00:00,0.0,2025-07-05,2025,REG,MIN,GSV,1.0696864111498257,True,,0.4392579960949788,401736226,3913881,8,129689,1,True,False,matched,5.0,2025-07-05,over,0.14016647510671904,2.1,-1.0,1.0,False,False,False
2260,2cc72686-c320-4c33-8d84-ef0148247522,139,Kayla Thornton,kaylathornton,GSV,rebounds,6.5,-114.0,-114.0,10,10,2025-07-04 03:53:36+00:00,2025-07-04 03:53:36+00:00,2025-07-04 03:53:36+00:00,2025-07-06 00:00:00+00:00,0.0,2025-07-05,2025,REG,MIN,GSV,1.0654205607476634,True,,0.5000000000000001,401736226,2529622,129689,8,0,True,False,matched,10.0,2025-07-05,under,0.32893514560205617,1.8771929824561404,-1.0,1.0,False,False,False
2259,96f9ac6a-fc4b-4ddf-8b9f-c34a70172f3b,76,Lexie Hull,lexiehull,IND,points,7.5,-106.0,-122.0,10,10,2025-07-04 05:53:06+00:00,2025-07-04 05:53:06+00:00,2025-07-04 05:53:06+00:00,2025-07-05 23:00:00+00:00,0.0,2025-07-05,2025,REG,IND,LAS,1.064112656345666,True,,0.4819416314468661,401736225,4398829,5,6,1,True,False,matched,5.0,2025-07-05,under,0.16989592448333585,1.819672131147541,0.819672131147541,1.0,False,False,False
2259,3cd06815-9654-43c0-89d2-ebe6523d2fc2,56,Natasha Howard,natashahoward,MIN,points,13.5,-120.0,-110.0,10,10,2025-07-04 05:53:06+00:00,2025-07-04 05:53:06+00:00,2025-07-04 05:53:06+00:00,2025-07-05 23:00:00+00:00,0.0,2025-07-05,2025,REG,IND,LAS,1.0692640692640691,True,,0.5112040114787568,401736225,2529130,5,6,1,True,False,matched,21.0,2025-07-05,under,0.1653643426456471,1.9090909090909092,-1.0,1.0,False,False,False
2259,9af83bef-d734-4cca-ba6b-3d499b4441fd,89,Dearica Hamby,dearicahamby,LAS,assists,3.5,132.0,-178.0,10,10,2025-07-04 05:53:06+00:00,2025-07-04 05:53:06+00:00,2025-07-04 05:53:06+00:00,2025-07-05 23:00:00+00:00,0.0,2025-07-05,2025,REG,IND,LAS,1.0713222525427932,True,,0.39151484883498083,401736225,2566106,6,5,0,True,False,matched,4.0,2025-07-05,over,0.1522894393420755,2.3200000000000003,1.3200000000000003,1.0,False,False,False
2259,7e6b8af8-a317-4211-b4c8-f9ae026e132c,101,Kelsey Plum,kelseyplum,LAS,points,19.5,-114.0,-114.0,10,10,2025-07-04 05:53:06+00:00,2025-07-04 05:53:06+00:00,2025-07-04 05:53:06+00:00,2025-07-05 23:00:00+00:00,0.0,2025-07-05,2025,REG,IND,LAS,1.0654205607476634,True,,0.5000000000000001,401736225,3065570,6,5,0,True,False,matched,20.0,2025-07-05,under,0.15138713941686976,1.8771929824561404,-1.0,1.0,False,False,False
2259,7e72e6c1-e1a4-48c0-9f50-e4001e2955d1,70,Kelsey Mitchell,kelseymitchell,IND,points,20.5,100.0,-130.0,10,10,2025-07-04 05:53:06+00:00,2025-07-04 05:53:06+00:00,2025-07-04 05:53:06+00:00,2025-07-05 23:00:00+00:00,0.0,2025-07-05,2025,REG,IND,LAS,1.065217391304348,True,,0.4663164946059025,401736225,3142191,5,6,1,True,False,matched,19.0,2025-07-05,under,0.06751880625733686,1.7692307692307692,0.7692307692307692,1.0,False,False,False
2259,71914af6-33ba-4456-9113-5e8d1f7b2163,88,Aari McDonald,aarimcdonald,FA,points,9.5,-122.0,-106.0,10,10,2025-07-04 06:03:57+00:00,2025-07-04 06:03:57+00:00,2025-07-04 06:03:57+00:00,2025-07-05 23:00:00+00:00,0.0,2025-07-05,2025,REG,IND,LAS,1.064112656345666,True,,0.518058368553134,401736225,4066553,5,6,1,True,False,matched,4.0,2025-07-05,under,0.09214135983483329,1.9433962264150944,0.9433962264150944,1.0,False,False,False
2261,517acea5-ba79-46b9-8879-554ea7c66016,137,Breanna Stewart,breannastewart,NYL,points,20.5,-114.0,-114.0,10,10,2025-07-04 15:51:08+00:00,2025-07-04 15:51:08+00:00,2025-07-04 15:51:08+00:00,2025-07-06 17:00:00+00:00,0.0,2025-07-06,2025,REG,NYL,SEA,1.0654205607476634,True,,0.5000000000000001,401736228,2998928,9,14,1,True,False,matched,8.0,2025-07-06,under,0.08988897412723951,1.8771929824561404,0.8771929824561404,1.0,False,False,False
2261,b45f0371-bf4a-4dc6-8620-5c8a21a86d08,132,Sabrina Ionescu,sabrinaionescu,NYL,points,18.5,-102.0,-128.0,10,10,2025-07-04 15:51:08+00:00,2025-07-04 15:51:08+00:00,2025-07-04 15:51:08+00:00,2025-07-06 17:00:00+00:00,0.0,2025-07-06,2025,REG,NYL,SEA,1.0663540038214347,True,,0.47082505196940394,401736228,4066533,9,14,1,True,False,matched,22.0,2025-07-06,under,0.087173462635171,1.78125,-1.0,1.0,False,False,False
2261,c4811cdc-bb06-4fa5-93f4-58fbac8ed9f1,175,Skylar Diggins,skylardiggins,CHI,points,16.5,-125.0,-104.0,10,10,2025-07-04 15:51:08+00:00,2025-07-04 15:51:08+00:00,2025-07-04 15:51:08+00:00,2025-07-06 17:00:00+00:00,0.0,2025-07-06,2025,REG,NYL,SEA,1.065359477124183,True,,0.5236312520088393,401736228,2491205,14,9,0,True,False,matched,13.0,2025-07-06,under,0.07692367858278837,1.9615384615384617,0.9615384615384617,1.0,False,False,False
2261,d8a341ec-5305-46ae-84dc-243190cf76f8,180,Nneka Ogwumike,nnekaogwumike,LAS,points,17.5,100.0,-130.0,10,10,2025-07-04 15:51:08+00:00,2025-07-04 15:51:08+00:00,2025-07-04 15:51:08+00:00,2025-07-06 17:00:00+00:00,0.0,2025-07-06,2025,REG,NYL,SEA,1.065217391304348,True,,0.4663164946059025,401736228,1068,14,9,0,True,False,matched,15.0,2025-07-06,under,0.07600997922124164,1.7692307692307692,0.7692307692307692,1.0,False,False,False
2261,a820d398-4ea0-45ca-bb74-78d6ab5bac8f,163,Natasha Cloud,natashacloud,CHI,rebounds,3.5,-162.0,122.0,10,10,2025-07-04 15:51:08+00:00,2025-07-04 15:51:08+00:00,2025-07-04 15:51:08+00:00,2025-07-06 17:00:00+00:00,0.0,2025-07-06,2025,REG,NYL,SEA,1.0687710611374732,True,,0.5868918088955871,401736228,2529137,9,14,1,True,False,matched,3.0,2025-07-06,under,0.059235551252842966,2.2199999999999998,1.2199999999999998,1.0,False,False,False
2262,e1c36c77-981e-4508-8e55-0f165965a5df,107,Chelsea Gray,chelseagray,LVA,points,12.5,102.0,-132.0,10,10,2025-07-04 16:04:06+00:00,2025-07-04 16:04:06+00:00,2025-07-04 16:04:06+00:00,2025-07-06 20:00:00+00:00,0.0,2025-07-06,2025,REG,CON,LVA,1.0640150221918745,True,,0.4618487426836327,401736227,2529122,17,18,0,True,False,matched,6.0,2025-07-06,under,0.11968641454229051,1.7575757575757576,0.7575757575757576,1.0,False,False,False
2262,55929cc1-3e63-4489-9390-5e33b1a7c114,166,Jewell Loyd,jewellloyd,LVA,rebounds,3.5,-162.0,122.0,10,10,2025-07-04 16:04:06+00:00,2025-07-04 16:04:06+00:00,2025-07-04 16:04:06+00:00,2025-07-06 20:00:00+00:00,0.0,2025-07-06,2025,REG,CON,LVA,1.0687710611374732,True,,0.5868918088955871,401736227,2987869,17,18,0,True,False,matched,6.0,2025-07-06,under,0.07574174662186661,2.2199999999999998,-1.0,1.0,False,False,False
2262,3183e8c2-c293-4a4e-a935-ed250a4ed911,102,Jackie Young,jackieyoung,LVA,points,15.5,-120.0,-108.0,10,10,2025-07-04 16:04:07+00:00,2025-07-04 16:04:07+00:00,2025-07-04 16:04:07+00:00,2025-07-06 20:00:00+00:00,0.0,2025-07-06,2025,REG,CON,LVA,1.0646853146853146,True,,0.5135396953663074,401736227,4065870,17,18,0,True,False,matched,14.0,2025-07-06,under,0.11197637306591662,1.925925925925926,0.925925925925926,1.0,False,False,False
2262,9d509e07-b535-42a3-8f8d-c82e52954181,103,A'ja Wilson,ajawilson,LVA,points,23.5,-108.0,-120.0,10,10,2025-07-04 16:04:07+00:00,2025-07-04 16:04:07+00:00,2025-07-04 16:04:07+00:00,2025-07-06 20:00:00+00:00,0.0,2025-07-06,2025,REG,CON,LVA,1.0646853146853146,True,,0.48646030463369283,401736227,3149391,17,18,0,True,False,matched,19.0,2025-07-06,under,0.10688784993987727,1.8333333333333335,0.8333333333333335,1.0,False,False,False
2262,3b9a778b-6934-42bf-baf2-03f3dc83b9aa,9,Tina Charles,tinacharles,FA,points,14.5,102.0,-132.0,10,10,2025-07-04 16:04:07+00:00,2025-07-04 16:04:07+00:00,2025-07-04 16:04:07+00:00,2025-07-06 20:00:00+00:00,0.0,2025-07-06,2025,REG,CON,LVA,1.0640150221918745,True,,0.4618487426836327,401736227,918,18,17,1,True,False,matched,11.0,2025-07-06,under,0.05366818353532704,1.7575757575757576,0.7575757575757576,1.0,False,False,False
2263,11edaaec-5212-4b30-b810-d735d27a5a28,26,Angel Reese,angelreese,ATL,rebounds,13.5,-108.0,-122.0,10,10,2025-07-04 16:50:19+00:00,2025-07-04 16:50:19+00:00,2025-07-04 16:50:19+00:00,2025-07-06 23:00:00+00:00,0.0,2025-07-06,2025,REG,MIN,CHI,1.0687803187803186,True,,0.48431040390879443,401736229,4433402,19,8,0,True,False,matched,17.0,2025-07-06,under,0.4011978064450024,1.819672131147541,-1.0,1.0,False,False,False
2263,b12e12b2-22c7-4108-870f-c612a14290f3,185,Ariel Atkins,arielatkins,LAS,points,15.5,-104.0,-125.0,10,10,2025-07-04 16:50:19+00:00,2025-07-04 16:50:19+00:00,2025-07-04 16:50:19+00:00,2025-07-06 23:00:00+00:00,0.0,2025-07-06,2025,REG,MIN,CHI,1.065359477124183,True,,0.4763687479911608,401736229,3146151,19,8,0,True,False,matched,11.0,2025-07-06,under,0.09588133313928165,1.8,0.8,1.0,False,False,False
2261,8a7d22cd-3956-45a4-8620-769d8b65a64b,130,Kennedy Burke,kennedyburke,CON,points,9.5,-118.0,-110.0,10,10,2025-07-05 01:46:08+00:00,2025-07-05 01:46:08+00:00,2025-07-05 01:46:08+00:00,2025-07-06 17:00:00+00:00,0.0,2025-07-06,2025,REG,NYL,SEA,1.0650939274792486,True,,0.5090245232268319,401736228,3922628,9,14,1,True,False,matched,4.0,2025-07-06,under,0.10071111408827726,1.9090909090909092,0.9090909090909092,1.0,False,False,False
2261,e5ead6c7-2024-49ab-8400-b2e8c0561784,176,Ezi Magbegor,ezimagbegor,SEA,points,7.5,-110.0,-120.0,13,13,2025-07-06 01:43:34+00:00,2025-07-06 01:43:34+00:00,2025-07-06 01:43:34+00:00,2025-07-06 17:00:00+00:00,0.0,2025-07-06,2025,REG,NYL,SEA,1.0692640692640691,True,,0.4887959885212434,401736228,4420318,14,9,0,True,False,matched,14.0,2025-07-06,under,0.05232442102325702,1.8333333333333335,-1.0,1.0,False,False,False
2262,ee5f8896-7df3-4992-a7de-d336b1389b5f,43,Olivia Nelson-Ododa,olivianelsonododa,CON,points,8.5,-115.0,-115.0,13,13,2025-07-06 01:51:09+00:00,2025-07-06 01:51:09+00:00,2025-07-06 01:51:09+00:00,2025-07-06 20:00:00+00:00,0.0,2025-07-06,2025,REG,CON,LVA,1.0697674418604652,True,,0.5,401736227,4398966,18,17,1,True,False,matched,9.0,2025-07-06,under,0.1574971542444411,1.8695652173913042,-1.0,1.0,False,False,False
2263,6b305817-4d8e-4f46-89a8-210f26fda77e,112,Napheesa Collier,napheesacollier,MIN,points,21.5,-122.0,-106.0,10,10,2025-07-06 03:13:58+00:00,2025-07-06 03:13:58+00:00,2025-07-06 03:13:58+00:00,2025-07-06 23:00:00+00:00,0.0,2025-07-06,2025,REG,MIN,CHI,1.064112656345666,True,,0.518058368553134,401736229,3917450,8,19,1,True,False,matched,21.0,2025-07-06,under,0.1279113935336314,1.9433962264150944,0.9433962264150944,1.0,False,False,False
2263,d9bb2371-3a1f-47e0-b4bb-c3eb37d2ad8d,117,Courtney Williams,courtneywilliams,MIN,assists,5.5,102.0,-136.0,10,10,2025-07-06 03:13:58+00:00,2025-07-06 03:13:58+00:00,2025-07-06 03:13:58+00:00,2025-07-06 23:00:00+00:00,0.0,2025-07-06,2025,REG,MIN,CHI,1.071320691391173,True,,0.4579067075572801,401736229,2987891,8,19,1,True,False,matched,6.0,2025-07-06,over,0.10576438886529216,2.02,1.02,1.0,False,False,False
2263,932939c0-0e06-464c-a563-4263c57ed1cb,125,Kayla McBride,kaylamcbride,MIN,threes,2.5,-104.0,-128.0,10,10,2025-07-06 03:13:58+00:00,2025-07-06 03:13:58+00:00,2025-07-06 03:13:58+00:00,2025-07-06 23:00:00+00:00,0.0,2025-07-06,2025,REG,MIN,CHI,1.0712074303405572,True,,0.4732611100971195,401736229,2529205,8,19,1,True,False,matched,1.0,2025-07-06,under,0.09069781160581941,1.78125,0.78125,1.0,False,False,False
2262,46d0793c-3bbb-49f8-aa0d-3242b865bf92,52,Jacy Sheldon,jacysheldon,CHI,points,9.5,150.0,-200.0,49,49,2025-07-06 09:56:13+00:00,2025-07-06 09:56:13+00:00,2025-07-06 09:56:13+00:00,2025-07-06 20:00:00+00:00,0.0,2025-07-06,2025,REG,CON,LVA,1.0666666666666667,True,,0.3620786141911938,401736227,4432865,18,17,1,True,False,matched,8.0,2025-07-06,under,0.059665081927891606,1.5,0.5,1.0,False,False,False
2265,45c1ba8c-4fdf-4432-a8dc-22e7774b0f64,95,Li Yueru,liyueru,DAL,points,8.5,-110.0,-118.0,10,10,2025-07-06 15:49:03+00:00,2025-07-06 15:49:03+00:00,2025-07-06 15:49:03+00:00,2025-07-08 02:00:00+00:00,0.0,2025-07-07,2025,REG,PHX,DAL,1.0650939274792486,True,,0.4909754767731684,401736231,4336633,3,11,0,True,False,matched,2.0,2025-07-07,under,0.2447879893355519,1.847457627118644,0.847457627118644,1.0,False,False,False
2265,efe6a4ec-defd-493d-ac84-3ea79529dee7,528,Paige Bueckers,paigebueckers,DAL,points,19.5,-110.0,-118.0,10,10,2025-07-06 15:49:03+00:00,2025-07-06 15:49:03+00:00,2025-07-06 15:49:03+00:00,2025-07-08 02:00:00+00:00,0.0,2025-07-07,2025,REG,PHX,DAL,1.0650939274792486,True,,0.4909754767731684,401736231,4433730,3,11,0,True,False,matched,11.0,2025-07-07,under,0.10025903561939364,1.847457627118644,0.847457627118644,1.0,False,False,False
2265,a54e3cf6-f9c9-4c2e-b760-139fca087811,155,Kahleah Copper,kahleahcopper,PHO,threes,1.5,-200.0,148.0,10,10,2025-07-06 15:52:51+00:00,2025-07-06 15:52:51+00:00,2025-07-06 15:52:51+00:00,2025-07-08 02:00:00+00:00,0.0,2025-07-07,2025,REG,PHX,DAL,1.0698924731182795,True,,0.6365014949541484,401736231,2998938,11,3,1,True,True,did_not_play,,2025-07-07,under,0.23713906338710267,2.48,0.0,0.0,False,True,False
2265,68d10a52-8bcc-4707-8e36-aa72b5c99c28,40,Alyssa Thomas,alyssathomas,PHO,assists,9.5,-110.0,-120.0,10,10,2025-07-06 15:52:51+00:00,2025-07-06 15:52:51+00:00,2025-07-06 15:52:51+00:00,2025-07-08 02:00:00+00:00,0.0,2025-07-07,2025,REG,PHX,DAL,1.0692640692640691,True,,0.4887959885212434,401736231,2529140,11,3,1,True,False,matched,15.0,2025-07-07,under,0.16068592424171885,1.8333333333333335,-1.0,1.0,False,False,False
2265,d183cb83-2d41-40e5-8db0-5f1a131adf79,54,Satou Sabally,satousabally,NYL,threes,1.5,-188.0,140.0,10,10,2025-07-06 15:52:51+00:00,2025-07-06 15:52:51+00:00,2025-07-06 15:52:51+00:00,2025-07-08 02:00:00+00:00,0.0,2025-07-07,2025,REG,PHX,DAL,1.0694444444444444,True,,0.6222928210344938,401736231,4281929,11,3,1,True,True,did_not_play,,2025-07-07,under,0.09867863032232382,2.4,0.0,0.0,False,True,False
2265,06cd4ca1-afe6-43f5-8ccc-ab147d1b007a,177,Sami Whitcomb,samiwhitcomb,PHO,points,9.5,-113.0,-115.0,10,10,2025-07-06 15:52:51+00:00,2025-07-06 15:52:51+00:00,2025-07-06 15:52:51+00:00,2025-07-08 02:00:00+00:00,0.0,2025-07-07,2025,REG,PHX,DAL,1.0654001528551151,True,,0.49774423259931944,401736231,887,11,3,1,True,False,matched,36.0,2025-07-07,under,0.08313430152707074,1.8695652173913042,-1.0,1.0,False,False,False
2264,0952a74a-787a-4e2a-a984-a1934b101491,221,Tiffany Hayes,tiffanyhayes,GSV,points,15.5,-128.0,-102.0,10,10,2025-07-06 16:17:33+00:00,2025-07-06 16:17:33+00:00,2025-07-06 16:17:33+00:00,2025-07-07 23:30:00+00:00,0.0,2025-07-07,2025,REG,ATL,GSV,1.0663540038214347,True,,0.5291749480305961,401736230,1054,129689,20,0,True,False,matched,12.0,2025-07-07,under,0.32598264838652286,1.9803921568627452,0.9803921568627452,1.0,False,False,False
2264,7d53ccb9-da54-4a7f-bc23-bd55501f5465,139,Kayla Thornton,kaylathornton,GSV,rebounds,6.5,-118.0,-112.0,10,10,2025-07-06 16:17:33+00:00,2025-07-06 16:17:33+00:00,2025-07-06 16:17:33+00:00,2025-07-07 23:30:00+00:00,0.0,2025-07-07,2025,REG,ATL,GSV,1.0695862904621776,True,,0.5067212711754592,401736230,2529622,129689,20,0,True,False,matched,6.0,2025-07-07,under,0.2199278255645904,1.8928571428571428,0.8928571428571428,1.0,False,False,False
2264,05baaebc-ea59-4dda-83a2-51d9f5b64dff,1,Allisha Gray,allishagray,ATL,assists,3.5,-162.0,122.0,10,10,2025-07-06 16:25:05+00:00,2025-07-06 16:25:05+00:00,2025-07-06 16:25:05+00:00,2025-07-07 23:30:00+00:00,0.0,2025-07-07,2025,REG,ATL,GSV,1.0687710611374732,True,,0.5868918088955871,401736230,3058901,20,129689,1,True,False,matched,4.0,2025-07-07,under,0.15684026939894508,2.2199999999999998,-1.0,1.0,False,False,False
2264,681585af-a41f-4fe1-ad72-86c502853291,49,Brionna Jones,brionnajones,ATL,points,14.5,-104.0,-125.0,10,10,2025-07-06 16:25:05+00:00,2025-07-06 16:25:05+00:00,2025-07-06 16:25:05+00:00,2025-07-07 23:30:00+00:00,0.0,2025-07-07,2025,REG,ATL,GSV,1.065359477124183,True,,0.4763687479911608,401736230,3058895,20,129689,1,True,False,matched,14.0,2025-07-07,under,0.07736015162872778,1.8,0.8,1.0,False,False,False
2264,b26d60f3-28d6-4045-81f2-f40a12b4ee0c,15,Rhyne Howard,rhynehoward,ATL,points,16.5,-115.0,-115.0,12,12,2025-07-06 21:22:15+00:00,2025-07-06 21:22:15+00:00,2025-07-06 21:22:15+00:00,2025-07-07 23:30:00+00:00,0.0,2025-07-07,2025,REG,ATL,GSV,1.0697674418604652,True,,0.5,401736230,4398674,20,129689,1,True,False,matched,15.0,2025-07-07,under,0.11028346962459412,1.8695652173913042,0.8695652173913042,1.0,False,False,False
2263,bb5a07f5-3f07-47f5-9792-5e89a6ffb9bc,116,Jessica Shepard,jessicashepard,DAL,rebounds,7.5,-104.0,-128.0,10,10,2025-07-06 22:17:42+00:00,2025-07-06 22:17:42+00:00,2025-07-06 22:17:42+00:00,2025-07-06 23:00:00+00:00,0.0,2025-07-06,2025,REG,MIN,CHI,1.0712074303405572,True,,0.4732611100971195,401736229,3906949,8,19,1,True,False,matched,3.0,2025-07-06,under,0.3028848113676745,1.78125,0.78125,1.0,False,False,False
2263,143cbfc4-914c-4cf6-b7e5-441b646303d0,128,Bridget Carleton,bridgetcarleton,PDX,rebounds,3.5,110.0,-146.0,10,10,2025-07-06 22:17:42+00:00,2025-07-06 22:17:42+00:00,2025-07-06 22:17:42+00:00,2025-07-06 23:00:00+00:00,0.0,2025-07-06,2025,REG,MIN,CHI,1.0696864111498257,True,,0.4392579960949788,401736229,3906972,8,19,1,True,False,matched,5.0,2025-07-06,under,0.061481752138622725,1.6849315068493151,-1.0,1.0,False,False,False
2264,79a69e74-4d39-4c8d-8e13-3584b1d14317,148,Brittney Griner,brittneygriner,CON,points,10.5,-122.0,-106.0,10,10,2025-07-07 02:10:36+00:00,2025-07-07 02:10:36+00:00,2025-07-07 02:10:36+00:00,2025-07-07 23:30:00+00:00,0.0,2025-07-07,2025,REG,ATL,GSV,1.064112656345666,True,,0.518058368553134,401736230,2490553,20,129689,1,True,False,matched,11.0,2025-07-07,under,0.20007783132428797,1.9433962264150944,-1.0,1.0,False,False,False
2264,691f2b61-2ba5-4939-8b28-6b698f70534c,72,Temi Fagbenle,temifagbenle,TOR,rebounds,5.5,-158.0,118.0,10,10,2025-07-07 02:17:31+00:00,2025-07-07 02:17:31+00:00,2025-07-07 02:17:31+00:00,2025-07-07 23:30:00+00:00,0.0,2025-07-07,2025,REG,ATL,GSV,1.0711186971054691,True,,0.5796527091990534,401736230,2569044,129689,20,0,True,False,matched,4.0,2025-07-07,under,0.21764697861490745,2.1799999999999997,1.1799999999999997,1.0,False,False,False
2264,fd0864e7-7ed8-49b6-ad48-b4d310b66e39,55,Veronica Burton,veronicaburton,GSV,points,9.5,100.0,-130.0,10,10,2025-07-07 02:21:00+00:00,2025-07-07 02:21:00+00:00,2025-07-07 02:21:00+00:00,2025-07-07 23:30:00+00:00,0.0,2025-07-07,2025,REG,ATL,GSV,1.065217391304348,True,,0.4663164946059025,401736230,4398935,129689,20,0,True,False,matched,11.0,2025-07-07,under,0.09109621570115145,1.7692307692307692,-1.0,1.0,False,False,False
2265,cb1e6849-3fd5-4653-9866-080724bb4acd,526,Aziaha James,aziahajames,DAL,threes,2.5,140.0,-188.0,10,10,2025-07-07 03:20:07+00:00,2025-07-07 03:20:07+00:00,2025-07-07 03:20:07+00:00,2025-07-08 02:00:00+00:00,0.0,2025-07-07,2025,REG,PHX,DAL,1.0694444444444444,True,,0.37770717896550643,401736231,4433807,3,11,0,True,False,matched,1.0,2025-07-07,under,0.20447165196783604,1.5319148936170213,0.5319148936170213,1.0,False,False,False
2267,47966291-e6de-4572-acee-46d19dffe66c,107,Chelsea Gray,chelseagray,LVA,threes,1.5,-106.0,-125.0,10,10,2025-07-07 05:46:15+00:00,2025-07-07 05:46:15+00:00,2025-07-07 05:46:15+00:00,2025-07-09 00:00:00+00:00,0.0,2025-07-08,2025,REG,NYL,LVA,1.070118662351672,True,,0.4787708928615623,401736233,2529122,17,9,0,True,False,matched,2.0,2025-07-08,under,0.05820438354512114,1.8,-1.0,1.0,False,False,False
2267,3b3a3b3c-e0d3-4225-b639-b08417a430e6,102,Jackie Young,jackieyoung,LVA,rebounds,4.5,-106.0,-125.0,10,10,2025-07-07 05:46:16+00:00,2025-07-07 05:46:16+00:00,2025-07-07 05:46:16+00:00,2025-07-09 00:00:00+00:00,0.0,2025-07-08,2025,REG,NYL,LVA,1.070118662351672,True,,0.4787708928615623,401736233,4065870,17,9,0,True,False,matched,7.0,2025-07-08,under,0.19230102391403825,1.8,-1.0,1.0,False,False,False
2267,75675bfd-535e-462d-b40f-36150f64c4cf,163,Natasha Cloud,natashacloud,CHI,rebounds,3.5,-162.0,122.0,10,10,2025-07-07 05:46:16+00:00,2025-07-07 05:46:16+00:00,2025-07-07 05:46:16+00:00,2025-07-09 00:00:00+00:00,0.0,2025-07-08,2025,REG,NYL,LVA,1.0687710611374732,True,,0.5868918088955871,401736233,2529137,9,17,1,True,True,did_not_play,,2025-07-08,under,0.16229563614913883,2.2199999999999998,0.0,0.0,False,True,False
2267,f7504691-48db-493c-8434-73c77c5a45a5,137,Breanna Stewart,breannastewart,NYL,points,19.5,-130.0,100.0,10,10,2025-07-07 05:46:16+00:00,2025-07-07 05:46:16+00:00,2025-07-07 05:46:16+00:00,2025-07-09 00:00:00+00:00,0.0,2025-07-08,2025,REG,NYL,LVA,1.065217391304348,True,,0.5336835053940976,401736233,2998928,9,17,1,True,False,matched,15.0,2025-07-08,under,0.15557540389501368,2.0,1.0,1.0,False,False,False
2267,5cfab8d8-dd63-4acf-8326-9a643a090d50,103,A'ja Wilson,ajawilson,LVA,rebounds,10.5,100.0,-132.0,10,10,2025-07-07 05:46:16+00:00,2025-07-07 05:46:16+00:00,2025-07-07 05:46:16+00:00,2025-07-09 00:00:00+00:00,0.0,2025-07-08,2025,REG,NYL,LVA,1.0689655172413794,True,,0.46430627616618364,401736233,3149391,17,9,0,True,False,matched,4.0,2025-07-08,under,0.12760716768677638,1.7575757575757576,0.7575757575757576,1.0,False,False,False
2267,70cf26ba-6cb2-4486-9316-38de4dbc2a5f,132,Sabrina Ionescu,sabrinaionescu,NYL,points,16.5,-128.0,-102.0,10,10,2025-07-07 05:46:16+00:00,2025-07-07 05:46:16+00:00,2025-07-07 05:46:16+00:00,2025-07-09 00:00:00+00:00,0.0,2025-07-08,2025,REG,NYL,LVA,1.0663540038214347,True,,0.5291749480305961,401736233,4066533,9,17,1,True,False,matched,28.0,2025-07-08,under,0.07710515175949029,1.9803921568627452,-1.0,1.0,False,False,False
2266,986af88e-0e3a-4e35-bc04-aa0a9143a48c,26,Angel Reese,angelreese,ATL,rebounds,13.5,-138.0,104.0,10,10,2025-07-07 06:18:03+00:00,2025-07-07 06:18:03+00:00,2025-07-07 06:18:03+00:00,2025-07-08 15:30:00+00:00,0.0,2025-07-08,2025,REG,WAS,CHI,1.0700280112044818,True,,0.5464208361470752,401736232,4433402,19,16,0,True,False,matched,15.0,2025-07-08,under,0.554572817662308,2.04,-1.0,1.0,False,False,False
2266,c36c3983-263a-414c-b18b-2a1686e08e0a,196,Shakira Austin,shakiraaustin,WAS,points,13.5,-128.0,-102.0,10,10,2025-07-07 06:18:03+00:00,2025-07-07 06:18:03+00:00,2025-07-07 06:18:03+00:00,2025-07-08 15:30:00+00:00,0.0,2025-07-08,2025,REG,WAS,CHI,1.0663540038214347,True,,0.5291749480305961,401736232,4398911,16,19,1,True,False,matched,15.0,2025-07-08,under,0.09241686095354174,1.9803921568627452,-1.0,1.0,False,False,False
2266,09f19835-39ef-46be-a2ce-c7c2c43f39bf,185,Ariel Atkins,arielatkins,LAS,assists,3.5,-108.0,-122.0,10,10,2025-07-07 06:18:03+00:00,2025-07-07 06:18:03+00:00,2025-07-07 06:18:03+00:00,2025-07-08 15:30:00+00:00,0.0,2025-07-08,2025,REG,WAS,CHI,1.0687803187803186,True,,0.48431040390879443,401736232,3146151,19,16,0,True,False,matched,5.0,2025-07-08,under,0.06173489857842218,1.819672131147541,-1.0,1.0,False,False,False
2266,1cc5fa52-ad57-4e63-b952-0c05b7e60b82,182,Brittney Sykes,brittneysykes,TOR,points,15.5,-106.0,-122.0,10,10,2025-07-07 06:18:03+00:00,2025-07-07 06:18:03+00:00,2025-07-07 06:18:03+00:00,2025-07-08 15:30:00+00:00,0.0,2025-07-08,2025,REG,WAS,CHI,1.064112656345666,True,,0.4819416314468661,401736232,2988756,16,19,1,True,False,matched,11.0,2025-07-08,under,0.056933399677973895,1.819672131147541,0.819672131147541,1.0,False,False,False
2265,8d4167c97a89c8844e5f1efa62267536,300,Kitija Laksa,kitijalaksa,FA,points,11.5,-130.0,100.0,10,10,2025-07-07 23:04:15+00:00,2025-07-07 23:04:15+00:00,2025-07-07 23:04:15+00:00,2025-07-08 02:00:00+00:00,0.0,2025-07-07,2025,REG,PHX,DAL,1.065217391304348,True,,0.5336835053940976,401736231,3920741,11,3,1,True,False,matched,6.0,2025-07-07,under,0.5805473190793379,2.0,1.0,1.0,False,False,False
2265,7b0df1bd542938c8938a1ec2a582925b,563,Monique Akoa Makani,moniqueakoamakani,PHO,points,11.5,-108.0,-124.0,36,36,2025-07-08 01:11:21+00:00,2025-07-08 01:11:21+00:00,2025-07-08 01:11:21+00:00,2025-07-08 02:00:00+00:00,0.0,2025-07-07,2025,REG,PHX,DAL,1.0728021978021978,True,,0.48218893754347536,401736231,5274110,11,3,1,True,False,matched,4.0,2025-07-07,under,0.3747764453857839,1.8064516129032258,0.8064516129032258,1.0,False,False,False
2265,d1215507345cccea60ab46ae09ec8276,564,Kathryn Westbeld,kathrynwestbeld,PHO,points,8.5,-122.0,-106.0,10,10,2025-07-08 01:53:47+00:00,2025-07-08 01:53:47+00:00,2025-07-08 01:53:47+00:00,2025-07-08 02:00:00+00:00,0.0,2025-07-07,2025,REG,PHX,DAL,1.064112656345666,True,,0.518058368553134,401736231,3142087,11,3,1,True,False,matched,14.0,2025-07-07,under,0.5230837175496248,1.9433962264150944,-1.0,1.0,False,False,False
2269,5468c914fbd805d7cd6cd35ff4a240fd,68,Caitlin Clark,caitlinclark,IND,points,19.5,100.0,-130.0,12,12,2025-07-08 03:45:24+00:00,2025-07-08 03:45:24+00:00,2025-07-08 03:45:24+00:00,2025-07-09 16:00:00+00:00,0.0,2025-07-09,2025,REG,IND,GSV,1.065217391304348,True,,0.4663164946059025,401736235,4433403,5,129689,1,True,False,matched,10.0,2025-07-09,under,0.17601393789281838,1.7692307692307692,0.7692307692307692,1.0,False,False,False
2268,6f6fab065f7bc09a80705ae663b41966,9,Tina Charles,tinacharles,FA,rebounds,3.5,-154.0,116.0,10,10,2025-07-08 18:57:51+00:00,2025-07-08 18:57:51+00:00,2025-07-08 18:57:51+00:00,2025-07-09 15:00:00+00:00,0.0,2025-07-09,2025,REG,CON,SEA,1.0692621755613883,True,,0.574207987656796,401736234,918,18,14,1,True,False,matched,11.0,2025-07-09,over,0.16830031680532265,1.6493506493506493,0.6493506493506493,1.0,False,False,False
2268,8408654169112bc43dcec873ec3f9dbc,43,Olivia Nelson-Ododa,olivianelsonododa,CON,points,8.5,-114.0,-114.0,10,10,2025-07-08 18:57:51+00:00,2025-07-08 18:57:51+00:00,2025-07-08 18:57:51+00:00,2025-07-09 15:00:00+00:00,0.0,2025-07-09,2025,REG,CON,SEA,1.0654205607476634,True,,0.5000000000000001,401736234,4398966,18,14,1,True,False,matched,8.0,2025-07-09,under,0.16450540519384088,1.8771929824561404,0.8771929824561404,1.0,False,False,False
2268,d167565ec7294c4817217c2fa2a4867d,52,Jacy Sheldon,jacysheldon,CHI,points,8.5,104.0,-138.0,10,10,2025-07-08 18:57:51+00:00,2025-07-08 18:57:51+00:00,2025-07-08 18:57:51+00:00,2025-07-09 15:00:00+00:00,0.0,2025-07-09,2025,REG,CON,SEA,1.0700280112044818,True,,0.4535791638529251,401736234,4432865,18,14,1,True,False,matched,16.0,2025-07-09,under,0.0844641607785907,1.7246376811594204,-1.0,1.0,False,False,False
2268,a5160184633f79119f5c071f2212e19e,66,Erica Wheeler,ericawheeler,LAS,points,11.5,-115.0,-113.0,10,10,2025-07-08 19:06:17+00:00,2025-07-08 19:06:17+00:00,2025-07-08 19:06:17+00:00,2025-07-09 15:00:00+00:00,0.0,2025-07-09,2025,REG,CON,SEA,1.0654001528551151,True,,0.5022557674006809,401736234,2491214,14,18,0,True,False,matched,10.0,2025-07-09,under,0.11741043140248858,1.8849557522123894,0.8849557522123894,1.0,False,False,False
2268,0db81a70e7ca7abba81b0b2502f7352b,175,Skylar Diggins,skylardiggins,CHI,points,16.5,-128.0,-102.0,10,10,2025-07-08 19:06:17+00:00,2025-07-08 19:06:17+00:00,2025-07-08 19:06:17+00:00,2025-07-09 15:00:00+00:00,0.0,2025-07-09,2025,REG,CON,SEA,1.0663540038214347,True,,0.5291749480305961,401736234,2491205,14,18,0,True,False,matched,23.0,2025-07-09,under,0.08469842558411833,1.9803921568627452,-1.0,1.0,False,False,False
2268,bea678b6866f2f779ca8673f14cca23a,180,Nneka Ogwumike,nnekaogwumike,LAS,points,16.5,-114.0,-114.0,10,10,2025-07-08 19:06:17+00:00,2025-07-08 19:06:17+00:00,2025-07-08 19:06:17+00:00,2025-07-09 15:00:00+00:00,0.0,2025-07-09,2025,REG,CON,SEA,1.0654205607476634,True,,0.5000000000000001,401736234,1068,14,18,0,True,False,matched,12.0,2025-07-09,under,0.06161608627300175,1.8771929824561404,0.8771929824561404,1.0,False,False,False
2268,95cbb51792e338b1bc0c3aa5aa67b337,208,Gabby Williams,gabbywilliams,GSV,threes,1.5,100.0,-132.0,10,10,2025-07-08 19:06:18+00:00,2025-07-08 19:06:18+00:00,2025-07-08 19:06:18+00:00,2025-07-09 15:00:00+00:00,0.0,2025-07-09,2025,REG,CON,SEA,1.0689655172413794,True,,0.46430627616618364,401736234,3142328,14,18,0,True,False,matched,2.0,2025-07-09,under,0.08566184915121533,1.7575757575757576,-1.0,1.0,False,False,False
2268,ce5527bcf0fe18f39af7ece1482e092f,176,Ezi Magbegor,ezimagbegor,SEA,rebounds,6.5,-106.0,-125.0,10,10,2025-07-08 19:06:18+00:00,2025-07-08 19:06:18+00:00,2025-07-08 19:06:18+00:00,2025-07-09 15:00:00+00:00,0.0,2025-07-09,2025,REG,CON,SEA,1.070118662351672,True,,0.4787708928615623,401736234,4420318,14,18,0,True,False,matched,6.0,2025-07-09,under,0.08284130061158745,1.8,0.8,1.0,False,False,False
2271,65acdc5305f82f1f2e6314b9894e4144,528,Paige Bueckers,paigebueckers,DAL,threes,1.5,154.0,-210.0,10,10,2025-07-08 20:59:59+00:00,2025-07-08 20:59:59+00:00,2025-07-08 20:59:59+00:00,2025-07-10 00:00:00+00:00,0.0,2025-07-09,2025,REG,CHI,DAL,1.0711201422402845,True,,0.352871101734947,401736237,4433730,3,19,0,True,False,matched,0.0,2025-07-09,under,0.057742683026797414,1.4761904761904763,0.4761904761904763,1.0,False,False,False
2271,e9d1f6f5da27ccf4ebd9375954cebf1e,26,Angel Reese,angelreese,ATL,rebounds,14.5,100.0,-132.0,10,10,2025-07-08 21:00:00+00:00,2025-07-08 21:00:00+00:00,2025-07-08 21:00:00+00:00,2025-07-10 00:00:00+00:00,0.0,2025-07-09,2025,REG,CHI,DAL,1.0689655172413794,True,,0.46430627616618364,401736237,4433402,19,3,1,True,False,matched,11.0,2025-07-09,under,0.4288506702776961,1.7575757575757576,0.7575757575757576,1.0,False,False,False
2269,d8dae54ba90673e7703982e0b40484df,55,Veronica Burton,veronicaburton,GSV,points,10.5,-115.0,-115.0,12,12,2025-07-08 22:10:15+00:00,2025-07-08 22:10:15+00:00,2025-07-08 22:10:15+00:00,2025-07-09 16:00:00+00:00,0.0,2025-07-09,2025,REG,IND,GSV,1.0697674418604652,True,,0.5,401736235,4398935,129689,5,0,True,False,matched,21.0,2025-07-09,under,0.28693309917799764,1.8695652173913042,-1.0,1.0,False,False,False
2269,c155ce43912757634eb3336d3d834a8b,139,Kayla Thornton,kaylathornton,GSV,points,15.5,-110.0,-120.0,12,12,2025-07-08 22:10:15+00:00,2025-07-08 22:10:15+00:00,2025-07-08 22:10:15+00:00,2025-07-09 16:00:00+00:00,0.0,2025-07-09,2025,REG,IND,GSV,1.0692640692640691,True,,0.4887959885212434,401736235,2529622,129689,5,0,True,False,matched,18.0,2025-07-09,under,0.26813795841259136,1.8333333333333335,-1.0,1.0,False,False,False
2269,faf046fe7e755d85c4206fae451f04b1,70,Kelsey Mitchell,kelseymitchell,IND,points,19.5,-110.0,-120.0,12,12,2025-07-08 22:10:15+00:00,2025-07-08 22:10:15+00:00,2025-07-08 22:10:15+00:00,2025-07-09 16:00:00+00:00,0.0,2025-07-09,2025,REG,IND,GSV,1.0692640692640691,True,,0.4887959885212434,401736235,3142191,5,129689,1,True,False,matched,12.0,2025-07-09,under,0.06909544751138263,1.8333333333333335,0.8333333333333335,1.0,False,False,False
2269,7ee039b38a880a3c6fa679717309f3d1,71,Aliyah Boston,aliyahboston,IND,rebounds,8.5,-130.0,100.0,12,12,2025-07-08 22:10:15+00:00,2025-07-08 22:10:15+00:00,2025-07-08 22:10:15+00:00,2025-07-09 16:00:00+00:00,0.0,2025-07-09,2025,REG,IND,GSV,1.065217391304348,True,,0.5336835053940976,401736235,4432831,5,129689,1,True,False,matched,6.0,2025-07-09,under,0.05910981129170545,2.0,1.0,1.0,False,False,False
2269,34c50087f2acac533b94f420cc5fca58,56,Natasha Howard,natashahoward,MIN,points,12.5,-110.0,-120.0,12,12,2025-07-08 22:10:15+00:00,2025-07-08 22:10:15+00:00,2025-07-08 22:10:15+00:00,2025-07-09 16:00:00+00:00,0.0,2025-07-09,2025,REG,IND,GSV,1.0692640692640691,True,,0.4887959885212434,401736235,2529130,5,129689,1,True,False,matched,4.0,2025-07-09,under,0.05522422821583617,1.8333333333333335,0.8333333333333335,1.0,False,False,False
2269,a94f0efff3140a76fa4b213b59dd9520,221,Tiffany Hayes,tiffanyhayes,GSV,threes,2.5,125.0,-170.0,12,12,2025-07-08 22:15:46+00:00,2025-07-08 22:15:46+00:00,2025-07-08 22:15:46+00:00,2025-07-09 16:00:00+00:00,0.0,2025-07-09,2025,REG,IND,GSV,1.074074074074074,True,,0.40385080525541167,401736235,1054,129689,5,0,True,False,matched,0.0,2025-07-09,under,0.2601479607754465,1.5882352941176472,0.5882352941176472,1.0,False,False,False
2269,ad66e39928d75c5e0469f652a5f59796,109,Kate Martin,katemartin,LAS,points,10.5,-115.0,-115.0,12,12,2025-07-08 22:15:47+00:00,2025-07-08 22:15:47+00:00,2025-07-08 22:15:47+00:00,2025-07-09 16:00:00+00:00,0.0,2025-07-09,2025,REG,IND,GSV,1.0697674418604652,True,,0.5,401736235,4398907,129689,5,0,True,False,matched,5.0,2025-07-09,under,0.39460131972834367,1.8695652173913042,0.8695652173913042,1.0,False,False,False
2269,646ba47d5767450146ed2d9f892a4c65,83,Monique Billings,moniquebillings,IND,rebounds,5.5,-115.0,-115.0,12,12,2025-07-08 22:15:47+00:00,2025-07-08 22:15:47+00:00,2025-07-08 22:15:47+00:00,2025-07-09 16:00:00+00:00,0.0,2025-07-09,2025,REG,IND,GSV,1.0697674418604652,True,,0.5,401736235,3142255,129689,5,0,True,False,matched,2.0,2025-07-09,under,0.24569998921942365,1.8695652173913042,0.8695652173913042,1.0,False,False,False
2269,690207ebda1b3b5ea8e04bec50124a9f,72,Temi Fagbenle,temifagbenle,TOR,rebounds,5.5,-115.0,-115.0,12,12,2025-07-08 22:15:47+00:00,2025-07-08 22:15:47+00:00,2025-07-08 22:15:47+00:00,2025-07-09 16:00:00+00:00,0.0,2025-07-09,2025,REG,IND,GSV,1.0697674418604652,True,,0.5,401736235,2569044,129689,5,0,True,False,matched,5.0,2025-07-09,under,0.12247867396414991,1.8695652173913042,0.8695652173913042,1.0,False,False,False
2270,54b03017a77d2eea64b655845239d43c,112,Napheesa Collier,napheesacollier,MIN,points,21.5,-114.0,-114.0,10,10,2025-07-09 02:43:43+00:00,2025-07-09 02:43:43+00:00,2025-07-09 02:43:43+00:00,2025-07-09 19:30:00+00:00,0.0,2025-07-09,2025,REG,PHX,MIN,1.0654205607476634,True,,0.5000000000000001,401736236,3917450,8,11,0,True,False,matched,18.0,2025-07-09,under,0.1365408698757301,1.8771929824561404,0.8771929824561404,1.0,False,False,False
2270,13392e85599543c55887914ca4eafbca,125,Kayla McBride,kaylamcbride,MIN,points,14.5,-108.0,-120.0,10,10,2025-07-09 03:03:54+00:00,2025-07-09 03:03:54+00:00,2025-07-09 03:03:54+00:00,2025-07-09 19:30:00+00:00,0.0,2025-07-09,2025,REG,PHX,MIN,1.0646853146853146,True,,0.48646030463369283,401736236,2529205,8,11,0,True,False,matched,6.0,2025-07-09,under,0.12795417695368172,1.8333333333333335,0.8333333333333335,1.0,False,False,False
2270,35a76e36cccdde1fd7e4de32907f65ed,121,Alanna Smith,alannasmith,DAL,points,9.5,-114.0,-114.0,10,10,2025-07-09 03:11:57+00:00,2025-07-09 03:11:57+00:00,2025-07-09 03:11:57+00:00,2025-07-09 19:30:00+00:00,0.0,2025-07-09,2025,REG,PHX,MIN,1.0654205607476634,True,,0.5000000000000001,401736236,3913881,8,11,0,True,False,matched,2.0,2025-07-09,under,0.09240357855927289,1.8771929824561404,0.8771929824561404,1.0,False,False,False
2270,dd43f1ee947461cd99c554d46e6d385b,40,Alyssa Thomas,alyssathomas,PHO,rebounds,8.5,-114.0,-114.0,10,10,2025-07-09 03:33:23+00:00,2025-07-09 03:33:23+00:00,2025-07-09 03:33:23+00:00,2025-07-09 19:30:00+00:00,0.0,2025-07-09,2025,REG,PHX,MIN,1.0654205607476634,True,,0.5000000000000001,401736236,2529140,11,8,1,True,False,matched,8.0,2025-07-09,under,0.20032553839217232,1.8771929824561404,0.8771929824561404,1.0,False,False,False
2271,fdda32e71bc81daaa650f38672abbb48,95,Li Yueru,liyueru,DAL,points,7.5,-130.0,100.0,10,10,2025-07-09 03:41:24+00:00,2025-07-09 03:41:24+00:00,2025-07-09 03:41:24+00:00,2025-07-10 00:00:00+00:00,0.0,2025-07-09,2025,REG,CHI,DAL,1.065217391304348,True,,0.5336835053940976,401736237,4336633,3,19,0,True,False,matched,18.0,2025-07-09,under,0.26952420676848654,2.0,-1.0,1.0,False,False,False
2270,b0cdfb0f69905f5faafad6f717ce77b0,177,Sami Whitcomb,samiwhitcomb,PHO,points,12.5,-120.0,-108.0,10,10,2025-07-09 03:41:24+00:00,2025-07-09 03:41:24+00:00,2025-07-09 03:41:24+00:00,2025-07-09 19:30:00+00:00,0.0,2025-07-09,2025,REG,PHX,MIN,1.0646853146853146,True,,0.5135396953663074,401736236,887,11,8,1,True,False,matched,10.0,2025-07-09,under,0.2659827051606957,1.925925925925926,0.925925925925926,1.0,False,False,False
2271,3091dbf2cb2ab12a2bf2042763bdee1a,526,Aziaha James,aziahajames,DAL,threes,1.5,-146.0,110.0,10,10,2025-07-09 03:45:20+00:00,2025-07-09 03:45:20+00:00,2025-07-09 03:45:20+00:00,2025-07-10 00:00:00+00:00,0.0,2025-07-09,2025,REG,CHI,DAL,1.0696864111498257,True,,0.5607420039050215,401736237,4433807,3,19,0,True,False,matched,0.0,2025-07-09,under,0.24139756812974866,2.1,1.1,1.0,False,False,False
2271,d097ec16fd34023f1bdebc62b97a1603,185,Ariel Atkins,arielatkins,LAS,points,14.5,-130.0,100.0,10,10,2025-07-09 03:45:20+00:00,2025-07-09 03:45:20+00:00,2025-07-09 03:45:20+00:00,2025-07-10 00:00:00+00:00,0.0,2025-07-09,2025,REG,CHI,DAL,1.065217391304348,True,,0.5336835053940976,401736237,3146151,19,3,1,True,False,matched,7.0,2025-07-09,under,0.09202364059283563,2.0,1.0,1.0,False,False,False
2271,eaa9a9625843f88803302069e8d9cab9,36,Rachel Banham,rachelbanham,CHI,threes,1.5,-128.0,-104.0,10,10,2025-07-09 03:49:23+00:00,2025-07-09 03:49:23+00:00,2025-07-09 03:49:23+00:00,2025-07-10 00:00:00+00:00,0.0,2025-07-09,2025,REG,CHI,DAL,1.0712074303405572,True,,0.5267388899028808,401736237,2566186,19,3,1,True,False,matched,2.0,2025-07-09,over,0.05031783618661001,1.78125,0.78125,1.0,False,False,False
2271,2b546fdf3c37e276a5463237936897bb,33,Elizabeth Williams,elizabethwilliams,CHI,rebounds,6.5,-146.0,110.0,10,10,2025-07-09 03:53:23+00:00,2025-07-09 03:53:23+00:00,2025-07-09 03:53:23+00:00,2025-07-10 00:00:00+00:00,0.0,2025-07-09,2025,REG,CHI,DAL,1.0696864111498257,True,,0.5607420039050215,401736237,2566081,19,3,1,True,False,matched,5.0,2025-07-09,under,0.42454662094856466,2.1,1.1,1.0,False,False,False
2269,6f97f83a05fcf4c4c56365b823c874b3,76,Lexie Hull,lexiehull,IND,threes,1.5,150.0,-220.0,49,49,2025-07-09 07:58:18+00:00,2025-07-09 07:58:18+00:00,2025-07-09 07:58:18+00:00,2025-07-09 16:00:00+00:00,0.0,2025-07-09,2025,REG,IND,GSV,1.0875,True,,0.3494513471323677,401736235,4398829,5,129689,1,True,False,matched,1.0,2025-07-09,under,0.062027660309102006,1.4545454545454546,0.4545454545454546,1.0,False,False,False
2270,4ca5815e37a35923e6b004e69b61402e,563,Monique Akoa Makani,moniqueakoamakani,PHO,points,9.5,100.0,-130.0,13,13,2025-07-09 15:05:49+00:00,2025-07-09 15:05:49+00:00,2025-07-09 15:05:49+00:00,2025-07-09 19:30:00+00:00,0.0,2025-07-09,2025,REG,PHX,MIN,1.065217391304348,True,,0.4663164946059025,401736236,5274110,11,8,1,True,False,matched,13.0,2025-07-09,under,0.21146288369685967,1.7692307692307692,-1.0,1.0,False,False,False
2274,8825086ff4db94dea0cfb758176262e5,68,Caitlin Clark,caitlinclark,IND,assists,8.5,-120.0,-110.0,12,12,2025-07-09 20:52:25+00:00,2025-07-09 20:52:25+00:00,2025-07-09 20:52:25+00:00,2025-07-11 23:30:00+00:00,0.0,2025-07-11,2025,REG,IND,ATL,1.0692640692640691,True,,0.5112040114787568,401736240,4433403,5,20,1,True,False,matched,9.0,2025-07-11,under,0.20108749149845756,1.9090909090909092,-1.0,1.0,False,False,False
2272,09b01f0c2a2998bbe0586bb2da1e110c,112,Napheesa Collier,napheesacollier,MIN,points,21.5,-122.0,-106.0,10,10,2025-07-10 03:38:36+00:00,2025-07-10 03:38:36+00:00,2025-07-10 03:38:36+00:00,2025-07-10 19:00:00+00:00,0.0,2025-07-10,2025,REG,LAS,MIN,1.064112656345666,True,,0.518058368553134,401736238,3917450,8,6,0,True,False,matched,17.0,2025-07-10,under,0.1688392932030407,1.9433962264150944,0.9433962264150944,1.0,False,False,False
2272,cc875dc41155b2ac7cef8628f32a1658,125,Kayla McBride,kaylamcbride,MIN,assists,3.5,110.0,-146.0,10,10,2025-07-10 03:38:36+00:00,2025-07-10 03:38:36+00:00,2025-07-10 03:38:36+00:00,2025-07-10 19:00:00+00:00,0.0,2025-07-10,2025,REG,LAS,MIN,1.0696864111498257,True,,0.4392579960949788,401736238,2529205,8,6,0,True,False,matched,2.0,2025-07-10,under,0.13662805571375658,1.6849315068493151,0.6849315068493151,1.0,False,False,False
2272,364d286cc4235ad18ffb70faba9aae9a,101,Kelsey Plum,kelseyplum,LAS,rebounds,3.5,142.0,-192.0,10,10,2025-07-10 03:38:36+00:00,2025-07-10 03:38:36+00:00,2025-07-10 03:38:36+00:00,2025-07-10 19:00:00+00:00,0.0,2025-07-10,2025,REG,LAS,MIN,1.0707573870712102,True,,0.37336020860003377,401736238,3065570,6,8,1,True,False,matched,3.0,2025-07-10,over,0.08319080258951872,2.42,-1.0,1.0,False,False,False
2272,e9b4e3df529d6cb757247946d85101d4,82,Azura Stevens,azurastevens,CHI,threes,1.5,108.0,-144.0,10,10,2025-07-10 03:42:46+00:00,2025-07-10 03:42:46+00:00,2025-07-10 03:42:46+00:00,2025-07-10 19:00:00+00:00,0.0,2025-07-10,2025,REG,LAS,MIN,1.0709331651954601,True,,0.4433154794603006,401736238,3142010,6,8,1,True,False,matched,0.0,2025-07-10,under,0.09231629644494621,1.6944444444444444,0.6944444444444444,1.0,False,False,False
2272,6563beb32fe1e650a0f44b4c077effbb,121,Alanna Smith,alannasmith,DAL,points,9.5,-106.0,-122.0,10,10,2025-07-10 03:46:52+00:00,2025-07-10 03:46:52+00:00,2025-07-10 03:46:52+00:00,2025-07-10 19:00:00+00:00,0.0,2025-07-10,2025,REG,LAS,MIN,1.064112656345666,True,,0.4819416314468661,401736238,3913881,8,6,0,True,False,matched,15.0,2025-07-10,under,0.07989439813244514,1.819672131147541,-1.0,1.0,False,False,False
2273,9c360c418fa0ec55680e9f16b64a33fe,196,Shakira Austin,shakiraaustin,WAS,points,14.5,-108.0,-120.0,10,10,2025-07-10 05:03:32+00:00,2025-07-10 05:03:32+00:00,2025-07-10 05:03:32+00:00,2025-07-10 23:30:00+00:00,0.0,2025-07-10,2025,REG,WAS,LVA,1.0646853146853146,True,,0.48646030463369283,401736239,4398911,16,17,1,True,False,matched,16.0,2025-07-10,under,0.14360410191332085,1.8333333333333335,-1.0,1.0,False,False,False
2273,d5bb92ed826a9b6628ccc8edb1db9261,166,Jewell Loyd,jewellloyd,LVA,threes,1.5,-132.0,100.0,10,10,2025-07-10 05:03:32+00:00,2025-07-10 05:03:32+00:00,2025-07-10 05:03:32+00:00,2025-07-10 23:30:00+00:00,0.0,2025-07-10,2025,REG,WAS,LVA,1.0689655172413794,True,,0.5356937238338165,401736239,2987869,17,16,0,True,False,matched,2.0,2025-07-10,under,0.10077045619108865,2.0,-1.0,1.0,False,False,False
2273,ea24d01e0b3697c12791b89cadbf4fe8,573,Sonia Citron,soniacitron,WAS,rebounds,4.5,-122.0,-108.0,10,10,2025-07-10 05:03:32+00:00,2025-07-10 05:03:32+00:00,2025-07-10 05:03:32+00:00,2025-07-10 23:30:00+00:00,0.0,2025-07-10,2025,REG,WAS,LVA,1.0687803187803186,True,,0.5156895960912058,401736239,4433524,16,17,1,True,False,matched,5.0,2025-07-10,over,0.0874479072127467,1.819672131147541,0.819672131147541,1.0,False,False,False
2273,deeb60f6a3945f23ef2375f37ab312b7,102,Jackie Young,jackieyoung,LVA,points,17.5,-114.0,-114.0,10,10,2025-07-10 05:03:33+00:00,2025-07-10 05:03:33+00:00,2025-07-10 05:03:33+00:00,2025-07-10 23:30:00+00:00,0.0,2025-07-10,2025,REG,WAS,LVA,1.0654205607476634,True,,0.5000000000000001,401736239,4065870,17,16,0,True,False,matched,10.0,2025-07-10,under,0.21500126956670107,1.8771929824561404,0.8771929824561404,1.0,False,False,False
2273,f08f0d8b9ead975600d193cc6bb08282,182,Brittney Sykes,brittneysykes,TOR,points,15.5,-115.0,-113.0,10,10,2025-07-10 05:03:33+00:00,2025-07-10 05:03:33+00:00,2025-07-10 05:03:33+00:00,2025-07-10 23:30:00+00:00,0.0,2025-07-10,2025,REG,WAS,LVA,1.0654001528551151,True,,0.5022557674006809,401736239,2988756,16,17,1,True,False,matched,18.0,2025-07-10,under,0.14310404564675488,1.8849557522123894,-1.0,1.0,False,False,False
2273,9a2c2d780008c2e7ab1cbf9248d58c3a,572,Kiki Iriafen,kikiiriafen,WAS,points,11.5,-106.0,-122.0,10,10,2025-07-10 05:03:33+00:00,2025-07-10 05:03:33+00:00,2025-07-10 05:03:33+00:00,2025-07-10 23:30:00+00:00,0.0,2025-07-10,2025,REG,WAS,LVA,1.064112656345666,True,,0.4819416314468661,401736239,4898384,16,17,1,True,False,matched,12.0,2025-07-10,under,0.12589637868881376,1.819672131147541,-1.0,1.0,False,False,False
2273,9602c1591719620e9e45d7793b8085ec,107,Chelsea Gray,chelseagray,LVA,rebounds,4.5,116.0,-154.0,10,10,2025-07-10 05:03:33+00:00,2025-07-10 05:03:33+00:00,2025-07-10 05:03:33+00:00,2025-07-10 23:30:00+00:00,0.0,2025-07-10,2025,REG,WAS,LVA,1.0692621755613883,True,,0.425792012343204,401736239,2529122,17,16,0,True,False,matched,7.0,2025-07-10,under,0.11489421401795885,1.6493506493506493,-1.0,1.0,False,False,False
2274,1bc81c917dbb9efb2727ddaf0d6fc374,1,Allisha Gray,allishagray,ATL,threes,1.5,-188.0,140.0,10,10,2025-07-10 06:30:07+00:00,2025-07-10 06:30:07+00:00,2025-07-10 06:30:07+00:00,2025-07-11 23:30:00+00:00,0.0,2025-07-11,2025,REG,IND,ATL,1.0694444444444444,True,,0.6222928210344938,401736240,3058901,20,5,0,True,False,matched,1.0,2025-07-11,under,0.0793405408830673,2.4,1.4,1.0,False,False,False
2274,979c2cab1d6969433249ec3b2f6e88b4,71,Aliyah Boston,aliyahboston,IND,points,14.5,-130.0,100.0,10,10,2025-07-10 06:30:08+00:00,2025-07-10 06:30:08+00:00,2025-07-10 06:30:08+00:00,2025-07-11 23:30:00+00:00,0.0,2025-07-11,2025,REG,IND,ATL,1.065217391304348,True,,0.5336835053940976,401736240,4432831,5,20,1,True,False,matched,19.0,2025-07-11,under,0.10099730104508375,2.0,-1.0,1.0,False,False,False
2274,b0a41d92fa4930bd1ae8524f6c560c9c,2,Jordin Canada,jordincanada,ATL,points,10.5,-110.0,-118.0,10,10,2025-07-10 06:34:34+00:00,2025-07-10 06:34:34+00:00,2025-07-10 06:34:34+00:00,2025-07-11 23:30:00+00:00,0.0,2025-07-11,2025,REG,IND,ATL,1.0650939274792486,True,,0.4909754767731684,401736240,3142250,20,5,0,True,False,matched,30.0,2025-07-11,under,0.12613219864676872,1.847457627118644,-1.0,1.0,False,False,False
2274,9c3d47beaf1f6b5e339b0496ce95aaff,15,Rhyne Howard,rhynehoward,ATL,points,16.5,100.0,-130.0,10,10,2025-07-10 06:34:34+00:00,2025-07-10 06:34:34+00:00,2025-07-10 06:34:34+00:00,2025-07-11 23:30:00+00:00,0.0,2025-07-11,2025,REG,IND,ATL,1.065217391304348,True,,0.4663164946059025,401736240,4398674,20,5,0,True,False,matched,14.0,2025-07-11,under,0.08183899421629937,1.7692307692307692,0.7692307692307692,1.0,False,False,False
2274,9c3f8bb230aa0576b8356d8d6a5282a2,56,Natasha Howard,natashahoward,MIN,rebounds,5.5,110.0,-146.0,10,10,2025-07-10 06:34:35+00:00,2025-07-10 06:34:35+00:00,2025-07-10 06:34:35+00:00,2025-07-11 23:30:00+00:00,0.0,2025-07-11,2025,REG,IND,ATL,1.0696864111498257,True,,0.4392579960949788,401736240,2529130,5,20,1,True,False,matched,7.0,2025-07-11,over,0.20887913251445978,2.1,1.1,1.0,False,False,False
2274,339fb49aaae2b631ddfe78714c70c3ec,49,Brionna Jones,brionnajones,ATL,rebounds,6.5,-146.0,110.0,10,10,2025-07-10 06:34:35+00:00,2025-07-10 06:34:35+00:00,2025-07-10 06:34:35+00:00,2025-07-11 23:30:00+00:00,0.0,2025-07-11,2025,REG,IND,ATL,1.0696864111498257,True,,0.5607420039050215,401736240,3058895,20,5,0,True,False,matched,3.0,2025-07-11,under,0.18704348798585096,2.1,1.1,1.0,False,False,False
2272,ec6c3a42ccfcccffd40b66aa26375e26,128,Bridget Carleton,bridgetcarleton,PDX,rebounds,3.5,120.0,-150.0,13,13,2025-07-10 07:38:01+00:00,2025-07-10 07:38:01+00:00,2025-07-10 07:38:01+00:00,2025-07-10 19:00:00+00:00,0.0,2025-07-10,2025,REG,LAS,MIN,1.0545454545454547,True,,0.4253013906678685,401736238,3906972,8,6,0,True,False,matched,3.0,2025-07-10,under,0.06829148688946413,1.6666666666666665,0.6666666666666665,1.0,False,False,False
2275,5c8c97302328d5409d3f44e40614f875,175,Skylar Diggins,skylardiggins,CHI,assists,5.5,-122.0,-108.0,10,10,2025-07-10 14:57:06+00:00,2025-07-10 14:57:06+00:00,2025-07-10 14:57:06+00:00,2025-07-12 02:00:00+00:00,0.0,2025-07-11,2025,REG,SEA,CON,1.0687803187803186,True,,0.5156895960912058,401736241,2491205,14,18,1,True,False,matched,5.0,2025-07-11,over,0.05573083654551314,1.819672131147541,-1.0,1.0,False,False,False
2275,790e3390197f11018e18ed55be481581,9,Tina Charles,tinacharles,FA,rebounds,4.5,-114.0,-114.0,10,10,2025-07-10 15:06:46+00:00,2025-07-10 15:06:46+00:00,2025-07-10 15:06:46+00:00,2025-07-12 02:00:00+00:00,0.0,2025-07-11,2025,REG,SEA,CON,1.0654205607476634,True,,0.5000000000000001,401736241,918,18,14,0,True,False,matched,10.0,2025-07-11,over,0.2669139285950196,1.8771929824561404,0.8771929824561404,1.0,False,False,False
2275,314debb4002971c89ab3ddd6bfc1046d,66,Erica Wheeler,ericawheeler,LAS,points,11.5,-125.0,-104.0,10,10,2025-07-10 15:06:46+00:00,2025-07-10 15:06:46+00:00,2025-07-10 15:06:46+00:00,2025-07-12 02:00:00+00:00,0.0,2025-07-11,2025,REG,SEA,CON,1.065359477124183,True,,0.5236312520088393,401736241,2491214,14,18,1,True,False,matched,6.0,2025-07-11,under,0.15903647243672508,1.9615384615384617,0.9615384615384617,1.0,False,False,False
2275,e9705e0799437339755f5d9de2dfbc45,519,Aneesah Morrow,aneesahmorrow,CON,points,10.5,102.0,-132.0,10,10,2025-07-10 15:15:40+00:00,2025-07-10 15:15:40+00:00,2025-07-10 15:15:40+00:00,2025-07-12 02:00:00+00:00,0.0,2025-07-11,2025,REG,SEA,CON,1.0640150221918745,True,,0.4618487426836327,401736241,4684384,18,14,0,True,False,matched,4.0,2025-07-11,under,0.1535283560977363,1.7575757575757576,0.7575757575757576,1.0,False,False,False
2275,b8caca06a417df81f3b11e319ee28c0c,43,Olivia Nelson-Ododa,olivianelsonododa,CON,points,8.5,-110.0,-118.0,10,10,2025-07-10 15:15:40+00:00,2025-07-10 15:15:40+00:00,2025-07-10 15:15:40+00:00,2025-07-12 02:00:00+00:00,0.0,2025-07-11,2025,REG,SEA,CON,1.0650939274792486,True,,0.4909754767731684,401736241,4398966,18,14,0,True,False,matched,10.0,2025-07-11,under,0.0565349371359804,1.847457627118644,-1.0,1.0,False,False,False
2273,1f106e0b8f24a9e56ff99301c9906e92,103,A'ja Wilson,ajawilson,LVA,points,21.5,-120.0,-108.0,10,10,2025-07-10 17:13:47+00:00,2025-07-10 17:13:47+00:00,2025-07-10 17:13:47+00:00,2025-07-10 23:30:00+00:00,0.0,2025-07-10,2025,REG,WAS,LVA,1.0646853146853146,True,,0.5135396953663074,401736239,3149391,17,16,0,True,True,did_not_play,,2025-07-10,under,0.10414157795654744,1.925925925925926,0.0,0.0,False,True,False
2273,1d9ebcc7eb0d000fadc92340dc5ac413,108,Kiah Stokes,kiahstokes,GSV,rebounds,7.5,-144.0,108.0,10,10,2025-07-10 23:11:21+00:00,2025-07-10 23:11:21+00:00,2025-07-10 23:11:21+00:00,2025-07-10 23:30:00+00:00,0.0,2025-07-10,2025,REG,WAS,LVA,1.0709331651954601,True,,0.5566845205396996,401736239,2590093,17,16,0,True,False,matched,3.0,2025-07-10,under,0.8666494277237751,2.08,1.08,1.0,False,False,False
2273,a58635748f67c1652215fb0dc6e89d31,73,NaLyssa Smith,nalyssasmith,LVA,rebounds,7.5,118.0,-158.0,10,10,2025-07-10 23:15:46+00:00,2025-07-10 23:15:46+00:00,2025-07-10 23:15:46+00:00,2025-07-10 23:30:00+00:00,0.0,2025-07-10,2025,REG,WAS,LVA,1.0711186971054691,True,,0.42034729080094674,401736239,4398776,17,16,0,True,False,matched,4.0,2025-07-10,under,0.06583261147182468,1.6329113924050633,0.6329113924050633,1.0,False,False,False
2276,37c362c8b21eb63201a8adf28397c844,26,Angel Reese,angelreese,ATL,rebounds,12.5,-130.0,-102.0,10,10,2025-07-11 00:37:26+00:00,2025-07-11 00:37:26+00:00,2025-07-11 00:37:26+00:00,2025-07-12 17:00:00+00:00,0.0,2025-07-12,2025,REG,CHI,MIN,1.0701678863538528,True,,0.5312123494364493,401736242,4433402,19,8,1,True,False,matched,11.0,2025-07-12,under,0.3564092460590789,1.9803921568627452,0.9803921568627452,1.0,False,False,False
2276,5273b6cfd475d759a33a8f8b43410f93,112,Napheesa Collier,napheesacollier,MIN,points,21.5,-122.0,-106.0,10,10,2025-07-11 02:33:19+00:00,2025-07-11 02:33:19+00:00,2025-07-11 02:33:19+00:00,2025-07-12 17:00:00+00:00,0.0,2025-07-12,2025,REG,CHI,MIN,1.064112656345666,True,,0.518058368553134,401736242,3917450,8,19,0,True,False,matched,26.0,2025-07-12,under,0.1796841883974868,1.9433962264150944,-1.0,1.0,False,False,False
2276,c2904962b8143171a9e28a53f3e89b23,185,Ariel Atkins,arielatkins,LAS,rebounds,3.5,-108.0,-122.0,10,10,2025-07-11 02:33:19+00:00,2025-07-11 02:33:19+00:00,2025-07-11 02:33:19+00:00,2025-07-12 17:00:00+00:00,0.0,2025-07-12,2025,REG,CHI,MIN,1.0687803187803186,True,,0.48431040390879443,401736242,3146151,19,8,1,True,False,matched,3.0,2025-07-12,under,0.1450101999396774,1.819672131147541,0.819672131147541,1.0,False,False,False
2276,e17a7c4b9a1055dfaa1151c61a7f398f,117,Courtney Williams,courtneywilliams,MIN,rebounds,5.5,110.0,-146.0,10,10,2025-07-11 02:33:19+00:00,2025-07-11 02:33:19+00:00,2025-07-11 02:33:19+00:00,2025-07-12 17:00:00+00:00,0.0,2025-07-12,2025,REG,CHI,MIN,1.0696864111498257,True,,0.4392579960949788,401736242,2987891,8,19,0,True,False,matched,8.0,2025-07-12,under,0.05053435766049846,1.6849315068493151,-1.0,1.0,False,False,False
2276,8fed1ff50ef71872ba523f306f56059a,36,Rachel Banham,rachelbanham,CHI,points,9.5,-118.0,-110.0,10,10,2025-07-11 02:33:20+00:00,2025-07-11 02:33:20+00:00,2025-07-11 02:33:20+00:00,2025-07-12 17:00:00+00:00,0.0,2025-07-12,2025,REG,CHI,MIN,1.0650939274792486,True,,0.5090245232268319,401736242,2566186,19,8,1,True,False,matched,12.0,2025-07-12,under,0.09765900380284315,1.9090909090909092,-1.0,1.0,False,False,False
2276,a6588de46c4d74129eb70e026ae41106,125,Kayla McBride,kaylamcbride,MIN,points,13.5,100.0,-130.0,10,10,2025-07-11 02:33:20+00:00,2025-07-11 02:33:20+00:00,2025-07-11 02:33:20+00:00,2025-07-12 17:00:00+00:00,0.0,2025-07-12,2025,REG,CHI,MIN,1.065217391304348,True,,0.4663164946059025,401736242,2529205,8,19,0,True,False,matched,17.0,2025-07-12,under,0.06589666052776944,1.7692307692307692,-1.0,1.0,False,False,False
2275,db989a3b1da602fd2be37d211fa9410d,52,Jacy Sheldon,jacysheldon,CHI,threes,1.5,-110.0,-130.0,33,33,2025-07-11 04:07:22+00:00,2025-07-11 04:07:22+00:00,2025-07-11 04:07:22+00:00,2025-07-12 02:00:00+00:00,0.0,2025-07-11,2025,REG,SEA,CON,1.0890269151138718,True,,0.47832076753442404,401736241,4432865,18,14,0,True,False,matched,0.0,2025-07-11,under,0.09639055190741747,1.7692307692307692,0.7692307692307692,1.0,False,False,False
2275,e78bb998f5726425390835ed0f68e97c,274,Bria Hartley,briahartley,FA,assists,3.5,105.0,-135.0,24,24,2025-07-11 08:14:40+00:00,2025-07-11 08:14:40+00:00,2025-07-11 08:14:40+00:00,2025-07-12 02:00:00+00:00,0.0,2025-07-11,2025,REG,SEA,CON,1.0622729631551635,True,,0.45531139401703796,401736241,2529185,18,14,0,True,False,matched,2.0,2025-07-11,under,0.05894800717580145,1.7407407407407407,0.7407407407407407,1.0,False,False,False
2277,c588694cfcdc121bc43856c744811d1e,107,Chelsea Gray,chelseagray,LVA,points,12.5,-114.0,-114.0,10,10,2025-07-11 14:22:09+00:00,2025-07-11 14:22:09+00:00,2025-07-11 14:22:09+00:00,2025-07-12 20:00:00+00:00,0.0,2025-07-12,2025,REG,LVA,GSV,1.0654205607476634,True,,0.5000000000000001,401736243,2529122,17,129689,1,True,False,matched,6.0,2025-07-12,under,0.25048636280811054,1.8771929824561404,0.8771929824561404,1.0,False,False,False
2277,605681b5106eeff921dceb8aa4d53117,55,Veronica Burton,veronicaburton,GSV,assists,5.5,-102.0,-130.0,10,10,2025-07-11 14:22:09+00:00,2025-07-11 14:22:09+00:00,2025-07-11 14:22:09+00:00,2025-07-12 20:00:00+00:00,0.0,2025-07-12,2025,REG,LVA,GSV,1.0701678863538528,True,,0.46878765056355093,401736243,4398935,129689,17,0,True,False,matched,8.0,2025-07-12,under,0.0718588326837239,1.7692307692307692,-1.0,1.0,False,False,False
2277,ced999ce5619604a15eff8ba7b58fc2a,109,Kate Martin,katemartin,LAS,points,8.5,-125.0,-104.0,10,10,2025-07-11 14:22:10+00:00,2025-07-11 14:22:10+00:00,2025-07-11 14:22:10+00:00,2025-07-12 20:00:00+00:00,0.0,2025-07-12,2025,REG,LVA,GSV,1.065359477124183,True,,0.5236312520088393,401736243,4398907,129689,17,0,True,False,matched,8.0,2025-07-12,under,0.271542718500508,1.9615384615384617,0.9615384615384617,1.0,False,False,False
2277,cd744088dbb0d23e97f301a8266c8e1f,102,Jackie Young,jackieyoung,LVA,points,17.5,-114.0,-114.0,10,10,2025-07-11 14:22:10+00:00,2025-07-11 14:22:10+00:00,2025-07-11 14:22:10+00:00,2025-07-12 20:00:00+00:00,0.0,2025-07-12,2025,REG,LVA,GSV,1.0654205607476634,True,,0.5000000000000001,401736243,4065870,17,129689,1,True,False,matched,30.0,2025-07-12,under,0.25319848524982624,1.8771929824561404,-1.0,1.0,False,False,False
2277,3d20d116d2f63eba05c4ee6e6d099581,166,Jewell Loyd,jewellloyd,LVA,threes,1.5,-188.0,140.0,10,10,2025-07-11 14:22:10+00:00,2025-07-11 14:22:10+00:00,2025-07-11 14:22:10+00:00,2025-07-12 20:00:00+00:00,0.0,2025-07-12,2025,REG,LVA,GSV,1.0694444444444444,True,,0.6222928210344938,401736243,2987869,17,129689,1,True,False,matched,3.0,2025-07-12,under,0.21962713429483266,2.4,-1.0,1.0,False,False,False
2277,737da081e38843f387c7240c96ff83ec,139,Kayla Thornton,kaylathornton,GSV,points,14.5,-118.0,-110.0,10,10,2025-07-11 14:22:10+00:00,2025-07-11 14:22:10+00:00,2025-07-11 14:22:10+00:00,2025-07-12 20:00:00+00:00,0.0,2025-07-12,2025,REG,LVA,GSV,1.0650939274792486,True,,0.5090245232268319,401736243,2529622,129689,17,0,True,False,matched,10.0,2025-07-12,under,0.19611546030231208,1.9090909090909092,0.9090909090909092,1.0,False,False,False
2277,fb5afd3356b59a637a857f071182c087,72,Temi Fagbenle,temifagbenle,TOR,points,7.5,-120.0,-108.0,10,10,2025-07-11 14:22:10+00:00,2025-07-11 14:22:10+00:00,2025-07-11 14:22:10+00:00,2025-07-12 20:00:00+00:00,0.0,2025-07-12,2025,REG,LVA,GSV,1.0646853146853146,True,,0.5135396953663074,401736243,2569044,129689,17,0,True,False,matched,13.0,2025-07-12,under,0.16345090609070084,1.925925925925926,-1.0,1.0,False,False,False
2277,d3a510eca75cc12ba3495cce2bbf86b5,221,Tiffany Hayes,tiffanyhayes,GSV,points,12.5,-106.0,-122.0,10,10,2025-07-11 14:22:11+00:00,2025-07-11 14:22:11+00:00,2025-07-11 14:22:11+00:00,2025-07-12 20:00:00+00:00,0.0,2025-07-12,2025,REG,LVA,GSV,1.064112656345666,True,,0.4819416314468661,401736243,1054,129689,17,0,True,False,matched,16.0,2025-07-12,under,0.0869348438981809,1.819672131147541,-1.0,1.0,False,False,False
2278,aba491fe920208704a6e351738f0d3c0,68,Caitlin Clark,caitlinclark,IND,rebounds,4.5,-128.0,-104.0,10,10,2025-07-12 02:22:20+00:00,2025-07-12 02:22:20+00:00,2025-07-12 02:22:20+00:00,2025-07-13 17:00:00+00:00,0.0,2025-07-13,2025,REG,IND,DAL,1.0712074303405572,True,,0.5267388899028808,401736244,4433403,5,3,1,True,False,matched,3.0,2025-07-13,under,0.12522787435138077,1.9615384615384617,0.9615384615384617,1.0,False,False,False
2278,ab4ead2bbdf9f066f2a95e97a7f505ee,528,Paige Bueckers,paigebueckers,DAL,rebounds,3.5,-162.0,122.0,10,10,2025-07-12 02:31:03+00:00,2025-07-12 02:31:03+00:00,2025-07-12 02:31:03+00:00,2025-07-13 17:00:00+00:00,0.0,2025-07-13,2025,REG,IND,DAL,1.0687710611374732,True,,0.5868918088955871,401736244,4433730,3,5,0,True,False,matched,4.0,2025-07-13,under,0.13575828467312195,2.2199999999999998,-1.0,1.0,False,False,False
2278,41e5f047e1e10aafcbd9a1a6f5d19a8a,76,Lexie Hull,lexiehull,IND,points,7.5,100.0,-130.0,10,10,2025-07-12 14:41:00+00:00,2025-07-12 14:41:00+00:00,2025-07-12 14:41:00+00:00,2025-07-13 17:00:00+00:00,0.0,2025-07-13,2025,REG,IND,DAL,1.065217391304348,True,,0.4663164946059025,401736244,4398829,5,3,1,True,False,matched,3.0,2025-07-13,under,0.27882045240097075,1.7692307692307692,0.7692307692307692,1.0,False,False,False
2278,9ef9d8cec266f0d31c60abf7808e959b,56,Natasha Howard,natashahoward,MIN,rebounds,6.5,124.0,-166.0,10,10,2025-07-12 14:41:00+00:00,2025-07-12 14:41:00+00:00,2025-07-12 14:41:00+00:00,2025-07-13 17:00:00+00:00,0.0,2025-07-13,2025,REG,IND,DAL,1.0704887218045114,True,,0.40796342297849103,401736244,2529130,5,3,1,True,False,matched,2.0,2025-07-13,over,0.08017189961219551,2.24,-1.0,1.0,False,False,False
2278,2e57d4c1f9cd92a8d23d8567e0dfae91,95,Li Yueru,liyueru,DAL,rebounds,6.5,-112.0,-118.0,10,10,2025-07-12 14:41:01+00:00,2025-07-12 14:41:01+00:00,2025-07-12 14:41:01+00:00,2025-07-13 17:00:00+00:00,0.0,2025-07-13,2025,REG,IND,DAL,1.0695862904621776,True,,0.49327872882454105,401736244,4336633,3,5,0,True,False,matched,5.0,2025-07-13,under,0.13845833587941464,1.847457627118644,0.847457627118644,1.0,False,False,False
2278,d4c8a888efab04f46adf6f6e4d63a57d,63,Arike Ogunbowale,arikeogunbowale,DAL,points,15.5,-130.0,100.0,10,10,2025-07-12 14:41:01+00:00,2025-07-12 14:41:01+00:00,2025-07-12 14:41:01+00:00,2025-07-13 17:00:00+00:00,0.0,2025-07-13,2025,REG,IND,DAL,1.065217391304348,True,,0.5336835053940976,401736244,3904577,3,5,0,True,False,matched,2.0,2025-07-13,under,0.10412396806336344,2.0,1.0,1.0,False,False,False
2279,0d3ee87da6473c0f0e0a447a73094216,137,Breanna Stewart,breannastewart,NYL,threes,1.5,148.0,-200.0,10,10,2025-07-12 14:54:37+00:00,2025-07-12 14:54:37+00:00,2025-07-12 14:54:37+00:00,2025-07-13 19:00:00+00:00,0.0,2025-07-13,2025,REG,NYL,ATL,1.0698924731182795,True,,0.3634985050458517,401736245,2998928,9,20,1,True,False,matched,1.0,2025-07-13,under,0.10589241515028974,1.5,0.5,1.0,False,False,False
2279,dce74fdd6f2d8280703109dae31df5c2,15,Rhyne Howard,rhynehoward,ATL,points,16.5,102.0,-132.0,10,10,2025-07-12 14:54:37+00:00,2025-07-12 14:54:37+00:00,2025-07-12 14:54:37+00:00,2025-07-13 19:00:00+00:00,0.0,2025-07-13,2025,REG,NYL,ATL,1.0640150221918745,True,,0.4618487426836327,401736245,4398674,20,9,0,True,True,did_not_play,,2025-07-13,under,0.062666111881653,1.7575757575757576,0.0,0.0,False,True,False
2279,f31a1f6c545886799ea3cb3cc7322f08,49,Brionna Jones,brionnajones,ATL,points,13.5,-125.0,-104.0,10,10,2025-07-12 14:54:38+00:00,2025-07-12 14:54:38+00:00,2025-07-12 14:54:38+00:00,2025-07-13 19:00:00+00:00,0.0,2025-07-13,2025,REG,NYL,ATL,1.065359477124183,True,,0.5236312520088393,401736245,3058895,20,9,0,True,False,matched,8.0,2025-07-13,under,0.16320495904331744,1.9615384615384617,0.9615384615384617,1.0,False,False,False
2279,da98504af4d6d964723fc4089f38ccdd,148,Brittney Griner,brittneygriner,CON,rebounds,4.5,-138.0,104.0,10,10,2025-07-12 14:54:38+00:00,2025-07-12 14:54:38+00:00,2025-07-12 14:54:38+00:00,2025-07-13 19:00:00+00:00,0.0,2025-07-13,2025,REG,NYL,ATL,1.0700280112044818,True,,0.5464208361470752,401736245,2490553,20,9,0,True,False,matched,10.0,2025-07-13,over,0.13445136098952337,1.7246376811594204,0.7246376811594204,1.0,False,False,False
2279,a7de35ae5f04e80d91e472baafe41152,132,Sabrina Ionescu,sabrinaionescu,NYL,threes,2.5,-132.0,100.0,10,10,2025-07-12 14:54:38+00:00,2025-07-12 14:54:38+00:00,2025-07-12 14:54:38+00:00,2025-07-13 19:00:00+00:00,0.0,2025-07-13,2025,REG,NYL,ATL,1.0689655172413794,True,,0.5356937238338165,401736245,4066533,9,20,1,True,False,matched,0.0,2025-07-13,under,0.11563434474938666,2.0,1.0,1.0,False,False,False
2279,18c0ad83864ca0f6e333014713036091,1,Allisha Gray,allishagray,ATL,points,17.5,-102.0,-128.0,10,10,2025-07-12 14:54:39+00:00,2025-07-12 14:54:39+00:00,2025-07-12 14:54:39+00:00,2025-07-13 19:00:00+00:00,0.0,2025-07-13,2025,REG,NYL,ATL,1.0663540038214347,True,,0.47082505196940394,401736245,3058901,20,9,0,True,False,matched,16.0,2025-07-13,under,0.07649818999574443,1.78125,0.78125,1.0,False,False,False
2277,448588cc691c06c6457fb7fc73ab377f,103,A'ja Wilson,ajawilson,LVA,points,21.5,-120.0,-108.0,10,10,2025-07-12 15:13:48+00:00,2025-07-12 15:13:48+00:00,2025-07-12 15:13:48+00:00,2025-07-12 20:00:00+00:00,0.0,2025-07-12,2025,REG,LVA,GSV,1.0646853146853146,True,,0.5135396953663074,401736243,3149391,17,129689,1,True,False,matched,34.0,2025-07-12,under,0.14215107570373803,1.925925925925926,-1.0,1.0,False,False,False
2281,6850ab2c3345e845952593c5a7f559cb,182,Brittney Sykes,brittneysykes,TOR,points,14.5,-128.0,-102.0,10,10,2025-07-12 16:03:37+00:00,2025-07-12 16:03:37+00:00,2025-07-12 16:03:37+00:00,2025-07-13 22:00:00+00:00,0.0,2025-07-13,2025,REG,SEA,WAS,1.0663540038214347,True,,0.5291749480305961,401736247,2988756,16,14,0,True,False,matched,19.0,2025-07-13,under,0.1344805715607067,1.9803921568627452,-1.0,1.0,False,False,False
2281,4bee1ff7859aae534034e85bd64ccf57,180,Nneka Ogwumike,nnekaogwumike,LAS,points,15.5,-130.0,100.0,10,10,2025-07-12 16:03:37+00:00,2025-07-12 16:03:37+00:00,2025-07-12 16:03:37+00:00,2025-07-13 22:00:00+00:00,0.0,2025-07-13,2025,REG,SEA,WAS,1.065217391304348,True,,0.5336835053940976,401736247,1068,14,16,1,True,False,matched,16.0,2025-07-13,under,0.10230127374156472,2.0,-1.0,1.0,False,False,False
2281,f319a9761c689375d792cf21bbb56af9,196,Shakira Austin,shakiraaustin,WAS,points,13.5,-130.0,100.0,10,10,2025-07-12 16:03:38+00:00,2025-07-12 16:03:38+00:00,2025-07-12 16:03:38+00:00,2025-07-13 22:00:00+00:00,0.0,2025-07-13,2025,REG,SEA,WAS,1.065217391304348,True,,0.5336835053940976,401736247,4398911,16,14,0,True,False,matched,9.0,2025-07-13,under,0.1802533178755924,2.0,1.0,1.0,False,False,False
2281,dcfd6c48ce13613a2b4c27f5df2c973b,572,Kiki Iriafen,kikiiriafen,WAS,points,11.5,102.0,-132.0,10,10,2025-07-12 16:08:00+00:00,2025-07-12 16:08:00+00:00,2025-07-12 16:08:00+00:00,2025-07-13 22:00:00+00:00,0.0,2025-07-13,2025,REG,SEA,WAS,1.0640150221918745,True,,0.4618487426836327,401736247,4898384,16,14,0,True,False,matched,10.0,2025-07-13,under,0.13743610895325248,1.7575757575757576,0.7575757575757576,1.0,False,False,False
2281,d176125b8833b1287f9af09302e36aa9,66,Erica Wheeler,ericawheeler,LAS,points,10.5,-115.0,-113.0,10,10,2025-07-12 16:08:00+00:00,2025-07-12 16:08:00+00:00,2025-07-12 16:08:00+00:00,2025-07-13 22:00:00+00:00,0.0,2025-07-13,2025,REG,SEA,WAS,1.0654001528551151,True,,0.5022557674006809,401736247,2491214,14,16,1,True,False,matched,6.0,2025-07-13,under,0.11294715053578175,1.8849557522123894,0.8849557522123894,1.0,False,False,False
2281,1f1a6ebedd763516c633bfeb2eb7b843,208,Gabby Williams,gabbywilliams,GSV,points,13.5,-114.0,-114.0,10,10,2025-07-12 16:08:01+00:00,2025-07-12 16:08:01+00:00,2025-07-12 16:08:01+00:00,2025-07-13 22:00:00+00:00,0.0,2025-07-13,2025,REG,SEA,WAS,1.0654205607476634,True,,0.5000000000000001,401736247,3142328,14,16,1,True,False,matched,6.0,2025-07-13,under,0.05957100447327851,1.8771929824561404,0.8771929824561404,1.0,False,False,False
2280,222fe7bd4a9ef6d59602ac5284075b76,101,Kelsey Plum,kelseyplum,LAS,assists,5.5,124.0,-166.0,10,10,2025-07-12 17:48:24+00:00,2025-07-12 17:48:24+00:00,2025-07-12 17:48:24+00:00,2025-07-13 22:00:00+00:00,0.0,2025-07-13,2025,REG,LAS,CON,1.0704887218045114,True,,0.40796342297849103,401736246,3065570,6,18,1,True,False,matched,3.0,2025-07-13,over,0.13184973457969817,2.24,-1.0,1.0,False,False,False
2280,5fc41c39529685248a280e8be902dd0d,9,Tina Charles,tinacharles,FA,rebounds,5.5,122.0,-162.0,10,10,2025-07-12 17:52:54+00:00,2025-07-12 17:52:54+00:00,2025-07-12 17:52:54+00:00,2025-07-13 22:00:00+00:00,0.0,2025-07-13,2025,REG,LAS,CON,1.0687710611374732,True,,0.41310819110441305,401736246,918,18,6,0,True,False,matched,7.0,2025-07-13,over,0.2723606154924307,2.2199999999999998,1.2199999999999998,1.0,False,False,False
2279,5c010d0465ded37bc550a32e9cc2a8d4,147,Leonie Fiebich,leoniefiebich,NYL,points,9.5,100.0,-140.0,33,33,2025-07-12 19:04:53+00:00,2025-07-12 19:04:53+00:00,2025-07-12 19:04:53+00:00,2025-07-13 19:00:00+00:00,0.0,2025-07-13,2025,REG,NYL,ATL,1.0833333333333333,True,,0.4565136318718986,401736245,4683006,9,20,1,True,False,matched,21.0,2025-07-13,under,0.06763838697944802,1.7142857142857144,-1.0,1.0,False,False,False
2280,e8d495d795cbd7a1bdbddae857a07c45,518,Saniya Rivers,saniyarivers,CON,points,9.5,-110.0,-130.0,33,33,2025-07-12 19:04:57+00:00,2025-07-12 19:04:57+00:00,2025-07-12 19:04:57+00:00,2025-07-13 22:00:00+00:00,0.0,2025-07-13,2025,REG,LAS,CON,1.0890269151138718,True,,0.47832076753442404,401736246,4433514,18,6,0,True,False,matched,20.0,2025-07-13,under,0.05170460175155783,1.7692307692307692,-1.0,1.0,False,False,False
2279,e5e0e06c96b54f85d9c44b322365b86b,130,Kennedy Burke,kennedyburke,CON,points,10.5,-102.0,-128.0,10,10,2025-07-13 00:03:46+00:00,2025-07-13 00:03:46+00:00,2025-07-13 00:03:46+00:00,2025-07-13 19:00:00+00:00,0.0,2025-07-13,2025,REG,NYL,ATL,1.0663540038214347,True,,0.47082505196940394,401736245,3922628,9,20,1,True,False,matched,7.0,2025-07-13,under,0.13087025453230255,1.78125,0.78125,1.0,False,False,False
2278,f09fc9d71e7a29d28772e3db4b7e8cab,526,Aziaha James,aziahajames,DAL,points,14.5,-130.0,100.0,10,10,2025-07-13 00:15:58+00:00,2025-07-13 00:15:58+00:00,2025-07-13 00:15:58+00:00,2025-07-13 17:00:00+00:00,0.0,2025-07-13,2025,REG,IND,DAL,1.065217391304348,True,,0.5336835053940976,401736244,4433807,3,5,0,True,False,matched,11.0,2025-07-13,under,0.34044437140043593,2.0,1.0,1.0,False,False,False
2278,345aa0410f0beacb0e8d733608b12be5,156,Sophie Cunningham,sophiecunningham,IND,rebounds,3.5,-195.0,135.0,49,49,2025-07-13 06:39:50+00:00,2025-07-13 06:39:50+00:00,2025-07-13 06:39:50+00:00,2025-07-13 17:00:00+00:00,0.0,2025-07-13,2025,REG,IND,DAL,1.0865488640461594,True,,0.6231940595562159,401736244,3907781,5,3,1,True,False,matched,5.0,2025-07-13,under,0.09124061596187016,2.35,-1.0,1.0,False,False,False
2278,2cf7b5bd1f4a7589396195ebbf5b193d,529,Luisa Geiselsoder,luisageiselsoder,PDX,rebounds,5.5,160.0,-240.0,49,49,2025-07-13 06:39:50+00:00,2025-07-13 06:39:50+00:00,2025-07-13 06:39:50+00:00,2025-07-13 17:00:00+00:00,0.0,2025-07-13,2025,REG,IND,DAL,1.090497737556561,True,,0.33140826419126496,401736244,4682797,3,5,0,True,False,matched,7.0,2025-07-13,under,0.08207072215250491,1.4166666666666667,-1.0,1.0,False,False,False
2282,f05fd0a7300e91fda2bd81429078bca8,125,Kayla McBride,kaylamcbride,MIN,points,13.5,-118.0,-110.0,10,10,2025-07-13 14:48:17+00:00,2025-07-13 14:48:17+00:00,2025-07-13 14:48:17+00:00,2025-07-15 00:00:00+00:00,0.0,2025-07-14,2025,REG,CHI,MIN,1.0650939274792486,True,,0.5090245232268319,401736248,2529205,8,19,0,True,False,matched,17.0,2025-07-14,under,0.170313166103214,1.9090909090909092,-1.0,1.0,False,False,False
2282,de89f619991fc4baa766f84cbc5f2482,112,Napheesa Collier,napheesacollier,MIN,points,21.5,-114.0,-114.0,10,10,2025-07-13 14:48:17+00:00,2025-07-13 14:48:17+00:00,2025-07-13 14:48:17+00:00,2025-07-15 00:00:00+00:00,0.0,2025-07-14,2025,REG,CHI,MIN,1.0654205607476634,True,,0.5000000000000001,401736248,3917450,8,19,0,True,False,matched,29.0,2025-07-14,under,0.13244306131234312,1.8771929824561404,-1.0,1.0,False,False,False
2282,2b17debc1e5aabdb51bc9e31371b701b,117,Courtney Williams,courtneywilliams,MIN,points,13.5,-125.0,-104.0,10,10,2025-07-13 14:48:17+00:00,2025-07-13 14:48:17+00:00,2025-07-13 14:48:17+00:00,2025-07-15 00:00:00+00:00,0.0,2025-07-14,2025,REG,CHI,MIN,1.065359477124183,True,,0.5236312520088393,401736248,2987891,8,19,0,True,False,matched,18.0,2025-07-14,under,0.06784325185273121,1.9615384615384617,-1.0,1.0,False,False,False
2282,e9ebd5efff6ef54f98ecd87700110d0a,26,Angel Reese,angelreese,ATL,rebounds,12.5,-128.0,-104.0,10,10,2025-07-13 14:48:18+00:00,2025-07-13 14:48:18+00:00,2025-07-13 14:48:18+00:00,2025-07-15 00:00:00+00:00,0.0,2025-07-14,2025,REG,CHI,MIN,1.0712074303405572,True,,0.5267388899028808,401736248,4433402,19,8,1,True,False,matched,10.0,2025-07-14,under,0.27437475617726836,1.9615384615384617,0.9615384615384617,1.0,False,False,False
2282,cac82e06ced74bdbea6c7a58a9e746f8,185,Ariel Atkins,arielatkins,LAS,threes,1.5,-114.0,-114.0,10,10,2025-07-13 14:48:18+00:00,2025-07-13 14:48:18+00:00,2025-07-13 14:48:18+00:00,2025-07-15 00:00:00+00:00,0.0,2025-07-14,2025,REG,CHI,MIN,1.0654205607476634,True,,0.5000000000000001,401736248,3146151,19,8,1,True,False,matched,0.0,2025-07-14,under,0.0882600993204995,1.8771929824561404,0.8771929824561404,1.0,False,False,False
2282,765a874f4e46f3f31cc1b2f6fa4b1ce7,121,Alanna Smith,alannasmith,DAL,points,9.5,-114.0,-114.0,10,10,2025-07-13 14:48:19+00:00,2025-07-13 14:48:19+00:00,2025-07-13 14:48:19+00:00,2025-07-15 00:00:00+00:00,0.0,2025-07-14,2025,REG,CHI,MIN,1.0654205607476634,True,,0.5000000000000001,401736248,3913881,8,19,0,True,False,matched,4.0,2025-07-14,under,0.06635729080546854,1.8771929824561404,0.8771929824561404,1.0,False,False,False
2284,09932e33a0fce16abfa0c3102d680d1d,68,Caitlin Clark,caitlinclark,IND,assists,8.5,-120.0,-110.0,12,12,2025-07-13 20:16:31+00:00,2025-07-13 20:16:31+00:00,2025-07-13 20:16:31+00:00,2025-07-16 00:00:00+00:00,0.0,2025-07-15,2025,REG,CON,IND,1.0692640692640691,True,,0.5112040114787568,401736250,4433403,5,18,0,True,False,matched,7.0,2025-07-15,under,0.2254300474557847,1.9090909090909092,0.9090909090909092,1.0,False,False,False
2283,51fb121ef7c8b033890aa25f865010cb,40,Alyssa Thomas,alyssathomas,PHO,points,15.5,-122.0,-106.0,10,10,2025-07-14 02:46:56+00:00,2025-07-14 02:46:56+00:00,2025-07-14 02:46:56+00:00,2025-07-15 02:00:00+00:00,0.0,2025-07-14,2025,REG,GSV,PHX,1.064112656345666,True,,0.518058368553134,401736249,2529140,11,129689,0,True,False,matched,17.0,2025-07-14,under,0.2508605773234552,1.9433962264150944,-1.0,1.0,False,False,False
2283,39b8a746e0e8321b48b80c5478b9996c,139,Kayla Thornton,kaylathornton,GSV,rebounds,6.5,-154.0,116.0,10,10,2025-07-14 02:46:57+00:00,2025-07-14 02:46:57+00:00,2025-07-14 02:46:57+00:00,2025-07-15 02:00:00+00:00,0.0,2025-07-14,2025,REG,GSV,PHX,1.0692621755613883,True,,0.574207987656796,401736249,2529622,129689,11,1,True,False,matched,6.0,2025-07-14,under,0.21381517614935613,2.16,1.1600000000000001,1.0,False,False,False
2283,ea777b990c63eda1c8400bd32fde56ed,55,Veronica Burton,veronicaburton,GSV,rebounds,3.5,-172.0,128.0,10,10,2025-07-14 02:50:30+00:00,2025-07-14 02:50:30+00:00,2025-07-14 02:50:30+00:00,2025-07-15 02:00:00+00:00,0.0,2025-07-14,2025,REG,GSV,PHX,1.0709494324045408,True,,0.6004234693007796,401736249,4398935,129689,11,1,True,False,matched,2.0,2025-07-14,under,0.18206488512966235,2.2800000000000002,1.2800000000000002,1.0,False,False,False
2283,adc3f46d9ce2e705e8e640ee79b4c71d,177,Sami Whitcomb,samiwhitcomb,PHO,points,12.5,-102.0,-128.0,10,10,2025-07-14 02:50:30+00:00,2025-07-14 02:50:30+00:00,2025-07-14 02:50:30+00:00,2025-07-15 02:00:00+00:00,0.0,2025-07-14,2025,REG,GSV,PHX,1.0663540038214347,True,,0.47082505196940394,401736249,887,11,129689,0,True,False,matched,7.0,2025-07-14,under,0.14393296703082764,1.78125,0.78125,1.0,False,False,False
2283,dbb1b91334e072e87bc4d7bce11cbb12,563,Monique Akoa Makani,moniqueakoamakani,PHO,points,9.5,-105.0,-125.0,12,12,2025-07-14 03:25:49+00:00,2025-07-14 03:25:49+00:00,2025-07-14 03:25:49+00:00,2025-07-15 02:00:00+00:00,0.0,2025-07-14,2025,REG,GSV,PHX,1.067750677506775,True,,0.47757418034290006,401736249,5274110,11,129689,0,True,False,matched,9.0,2025-07-14,under,0.06232581520694758,1.8,0.8,1.0,False,False,False
2282,9f8f68d8ddcdec0ee096879b10caf011,36,Rachel Banham,rachelbanham,CHI,points,9.5,-118.0,-110.0,10,10,2025-07-14 03:47:21+00:00,2025-07-14 03:47:21+00:00,2025-07-14 03:47:21+00:00,2025-07-15 00:00:00+00:00,0.0,2025-07-14,2025,REG,CHI,MIN,1.0650939274792486,True,,0.5090245232268319,401736248,2566186,19,8,1,True,False,matched,15.0,2025-07-14,under,0.11137289222118585,1.9090909090909092,-1.0,1.0,False,False,False
2284,a13790262035a1cf0851024cea148e27,70,Kelsey Mitchell,kelseymitchell,IND,threes,2.5,158.0,-215.0,10,10,2025-07-14 03:52:00+00:00,2025-07-14 03:52:00+00:00,2025-07-14 03:52:00+00:00,2025-07-16 00:00:00+00:00,0.0,2025-07-15,2025,REG,CON,IND,1.0701365817644888,True,,0.347126998954303,401736250,3142191,5,18,0,True,False,matched,0.0,2025-07-15,over,0.06417855040584097,2.58,-1.0,1.0,False,False,False
2284,a8960764ee0c0631424eada7900a4ede,9,Tina Charles,tinacharles,FA,points,15.5,-108.0,-120.0,10,10,2025-07-14 03:55:39+00:00,2025-07-14 03:55:39+00:00,2025-07-14 03:55:39+00:00,2025-07-16 00:00:00+00:00,0.0,2025-07-15,2025,REG,CON,IND,1.0646853146853146,True,,0.48646030463369283,401736250,918,18,5,1,True,False,matched,21.0,2025-07-15,under,0.07805242891744685,1.8333333333333335,-1.0,1.0,False,False,False
2284,f439ff8b61698eeeecdf5e694e2a5792,518,Saniya Rivers,saniyarivers,CON,points,10.5,-102.0,-128.0,10,10,2025-07-14 03:59:15+00:00,2025-07-14 03:59:15+00:00,2025-07-14 03:59:15+00:00,2025-07-16 00:00:00+00:00,0.0,2025-07-15,2025,REG,CON,IND,1.0663540038214347,True,,0.47082505196940394,401736250,4433514,18,5,1,True,False,matched,8.0,2025-07-15,under,0.1625759856437814,1.78125,0.78125,1.0,False,False,False
2285,b00a37b5bc7ce06363655bfd8a45caa2,82,Azura Stevens,azurastevens,CHI,threes,1.5,-120.0,-110.0,10,10,2025-07-14 05:05:36+00:00,2025-07-14 05:05:36+00:00,2025-07-14 05:05:36+00:00,2025-07-16 02:00:00+00:00,0.0,2025-07-15,2025,REG,LAS,WAS,1.0692640692640691,True,,0.5112040114787568,401736251,3142010,6,16,1,True,False,matched,3.0,2025-07-15,under,0.16050553647952848,1.9090909090909092,-1.0,1.0,False,False,False
2285,0ba4103e535b99314ff4742550bf9f31,573,Sonia Citron,soniacitron,WAS,rebounds,4.5,102.0,-136.0,10,10,2025-07-14 05:05:36+00:00,2025-07-14 05:05:36+00:00,2025-07-14 05:05:36+00:00,2025-07-16 02:00:00+00:00,0.0,2025-07-15,2025,REG,LAS,WAS,1.071320691391173,True,,0.4579067075572801,401736251,4433524,16,6,0,True,False,matched,6.0,2025-07-15,over,0.13803247293740079,2.02,1.02,1.0,False,False,False
2285,0484824806f94977345d6f07f0db1c02,101,Kelsey Plum,kelseyplum,LAS,assists,4.5,-146.0,110.0,10,10,2025-07-14 05:05:36+00:00,2025-07-14 05:05:36+00:00,2025-07-14 05:05:36+00:00,2025-07-16 02:00:00+00:00,0.0,2025-07-15,2025,REG,LAS,WAS,1.0696864111498257,True,,0.5607420039050215,401736251,3065570,6,16,1,True,False,matched,6.0,2025-07-15,over,0.08457431344598909,1.6849315068493151,0.6849315068493151,1.0,False,False,False
2285,947a709150534f6656d0e97e13562d41,182,Brittney Sykes,brittneysykes,TOR,points,15.5,-108.0,-120.0,10,10,2025-07-14 05:05:36+00:00,2025-07-14 05:05:36+00:00,2025-07-14 05:05:36+00:00,2025-07-16 02:00:00+00:00,0.0,2025-07-15,2025,REG,LAS,WAS,1.0646853146853146,True,,0.48646030463369283,401736251,2988756,16,6,0,True,False,matched,8.0,2025-07-15,under,0.07434760136161533,1.8333333333333335,0.8333333333333335,1.0,False,False,False
2285,6588e7a1226746532132fcc3f96ef1d9,196,Shakira Austin,shakiraaustin,WAS,points,13.5,-125.0,-104.0,10,10,2025-07-14 05:05:36+00:00,2025-07-14 05:05:36+00:00,2025-07-14 05:05:36+00:00,2025-07-16 02:00:00+00:00,0.0,2025-07-15,2025,REG,LAS,WAS,1.065359477124183,True,,0.5236312520088393,401736251,4398911,16,6,0,True,False,matched,16.0,2025-07-15,under,0.05834018432151056,1.9615384615384617,-1.0,1.0,False,False,False
2285,72cb061f6d2223ecf0f23acad41174da,572,Kiki Iriafen,kikiiriafen,WAS,rebounds,7.5,-154.0,116.0,10,10,2025-07-14 05:05:37+00:00,2025-07-14 05:05:37+00:00,2025-07-14 05:05:37+00:00,2025-07-16 02:00:00+00:00,0.0,2025-07-15,2025,REG,LAS,WAS,1.0692621755613883,True,,0.574207987656796,401736251,4898384,16,6,0,True,False,matched,8.0,2025-07-15,under,0.21721902394259218,2.16,-1.0,1.0,False,False,False
2286,a8063555791a4724e53cb26e07dea2be,36,Rachel Banham,rachelbanham,CHI,assists,3.5,100.0,-130.0,24,24,2025-07-15 11:38:21+00:00,2025-07-15 11:38:21+00:00,2025-07-15 11:38:21+00:00,2025-07-16 16:00:00+00:00,0.0,2025-07-16,2025,REG,CHI,ATL,1.065217391304348,True,,0.4663164946059025,401736252,2566186,19,20,1,True,False,matched,2.0,2025-07-16,under,0.23629009302990867,1.7692307692307692,0.7692307692307692,1.0,False,False,False
2286,a4eee4e0571fb98dd775e6b98b53b666,26,Angel Reese,angelreese,ATL,assists,3.5,115.0,-145.0,24,24,2025-07-15 11:38:21+00:00,2025-07-15 11:38:21+00:00,2025-07-15 11:38:21+00:00,2025-07-16 16:00:00+00:00,0.0,2025-07-16,2025,REG,CHI,ATL,1.056953013763645,True,,0.4348401999529958,401736252,4433402,19,20,1,True,True,did_not_play,,2025-07-16,over,0.07886784814817316,2.15,0.0,0.0,False,True,False
2286,137843074734c354574a1d094f3b0931,2,Jordin Canada,jordincanada,ATL,assists,6.5,100.0,-130.0,24,24,2025-07-15 11:38:21+00:00,2025-07-15 11:38:21+00:00,2025-07-15 11:38:21+00:00,2025-07-16 16:00:00+00:00,0.0,2025-07-16,2025,REG,CHI,ATL,1.065217391304348,True,,0.4663164946059025,401736252,3142250,20,19,0,True,False,matched,8.0,2025-07-16,under,0.07079616903190117,1.7692307692307692,-1.0,1.0,False,False,False
2288,b7fb9bd4ce4fcb4e41e8351c6af0a222,55,Veronica Burton,veronicaburton,GSV,assists,5.5,-120.0,-110.0,24,24,2025-07-15 11:41:14+00:00,2025-07-15 11:41:14+00:00,2025-07-15 11:41:14+00:00,2025-07-16 19:00:00+00:00,0.0,2025-07-16,2025,REG,SEA,GSV,1.0692640692640691,True,,0.5112040114787568,401736254,4398935,129689,14,0,True,False,matched,4.0,2025-07-16,under,0.2205665228262712,1.9090909090909092,0.9090909090909092,1.0,False,False,False
2288,18967182db021615925cff9d4767453e,221,Tiffany Hayes,tiffanyhayes,GSV,threes,1.5,-140.0,110.0,24,24,2025-07-15 11:41:14+00:00,2025-07-15 11:41:14+00:00,2025-07-15 11:41:14+00:00,2025-07-16 19:00:00+00:00,0.0,2025-07-16,2025,REG,SEA,GSV,1.0595238095238093,True,,0.555167954788897,401736254,1054,129689,14,0,True,False,matched,1.0,2025-07-16,under,0.10459362255829746,2.1,1.1,1.0,False,False,False
2288,da41b6b8a66da0e2915ac86972863f73,175,Skylar Diggins,skylardiggins,CHI,assists,5.5,100.0,-130.0,24,24,2025-07-15 11:41:14+00:00,2025-07-15 11:41:14+00:00,2025-07-15 11:41:14+00:00,2025-07-16 19:00:00+00:00,0.0,2025-07-16,2025,REG,SEA,GSV,1.065217391304348,True,,0.4663164946059025,401736254,2491205,14,129689,1,True,False,matched,6.0,2025-07-16,over,0.07089327015027069,2.0,1.0,1.0,False,False,False
2287,1da93045df2c7a9b43fda9df5963656b,125,Kayla McBride,kaylamcbride,MIN,assists,3.5,100.0,-130.0,24,24,2025-07-15 11:41:15+00:00,2025-07-15 11:41:15+00:00,2025-07-15 11:41:15+00:00,2025-07-16 17:00:00+00:00,0.0,2025-07-16,2025,REG,MIN,PHX,1.065217391304348,True,,0.4663164946059025,401736253,2529205,8,11,1,True,False,matched,5.0,2025-07-16,under,0.21675837109973306,1.7692307692307692,-1.0,1.0,False,False,False
2287,8c7530df827fea99961990f85fb4e4a0,40,Alyssa Thomas,alyssathomas,PHO,assists,9.5,100.0,-130.0,24,24,2025-07-15 11:41:15+00:00,2025-07-15 11:41:15+00:00,2025-07-15 11:41:15+00:00,2025-07-16 17:00:00+00:00,0.0,2025-07-16,2025,REG,MIN,PHX,1.065217391304348,True,,0.4663164946059025,401736253,2529140,11,8,0,True,False,matched,9.0,2025-07-16,under,0.14643234604534666,1.7692307692307692,0.7692307692307692,1.0,False,False,False
2287,87575c6b0db75a4feb087fe574d2da96,112,Napheesa Collier,napheesacollier,MIN,assists,3.5,-140.0,110.0,24,24,2025-07-15 11:41:15+00:00,2025-07-15 11:41:15+00:00,2025-07-15 11:41:15+00:00,2025-07-16 17:00:00+00:00,0.0,2025-07-16,2025,REG,MIN,PHX,1.0595238095238093,True,,0.555167954788897,401736253,3917450,8,11,1,True,False,matched,0.0,2025-07-16,under,0.13882623250860998,2.1,1.1,1.0,False,False,False
2287,0defd723977abe763612d0f0a2ff0a40,117,Courtney Williams,courtneywilliams,MIN,assists,6.5,-125.0,-105.0,24,24,2025-07-15 11:41:15+00:00,2025-07-15 11:41:15+00:00,2025-07-15 11:41:15+00:00,2025-07-16 17:00:00+00:00,0.0,2025-07-16,2025,REG,MIN,PHX,1.067750677506775,True,,0.5224258196571001,401736253,2987891,8,11,1,True,False,matched,5.0,2025-07-16,under,0.1218642399283617,1.9523809523809523,0.9523809523809523,1.0,False,False,False
2287,5e0422eb4f628e4054f29285045adbed,177,Sami Whitcomb,samiwhitcomb,PHO,threes,2.5,140.0,-170.0,24,24,2025-07-15 11:41:15+00:00,2025-07-15 11:41:15+00:00,2025-07-15 11:41:15+00:00,2025-07-16 17:00:00+00:00,0.0,2025-07-16,2025,REG,MIN,PHX,1.0462962962962963,True,,0.3910947128467968,401736253,887,11,8,0,True,False,matched,2.0,2025-07-16,under,0.07037246804318986,1.5882352941176472,0.5882352941176472,1.0,False,False,False
2290,905a2a9874b24e18f0ba7e6f305511c4,166,Jewell Loyd,jewellloyd,LVA,threes,1.5,-170.0,140.0,24,24,2025-07-15 11:46:59+00:00,2025-07-15 11:46:59+00:00,2025-07-15 11:46:59+00:00,2025-07-17 00:00:00+00:00,0.0,2025-07-16,2025,REG,DAL,LVA,1.0462962962962963,True,,0.6089052871532034,401736256,2987869,17,3,0,True,False,matched,1.0,2025-07-16,under,0.15503978415419295,2.4,1.4,1.0,False,False,False
2290,06f8b7358e93568c8c5961d3ef49d2bd,63,Arike Ogunbowale,arikeogunbowale,DAL,assists,3.5,-105.0,-125.0,24,24,2025-07-15 11:46:59+00:00,2025-07-15 11:46:59+00:00,2025-07-15 11:46:59+00:00,2025-07-17 00:00:00+00:00,0.0,2025-07-16,2025,REG,DAL,LVA,1.067750677506775,True,,0.47757418034290006,401736256,3904577,3,17,1,True,False,matched,6.0,2025-07-16,over,0.062031814101142224,1.9523809523809523,0.9523809523809523,1.0,False,False,False
2284,54647065d44cdda35cdf95e46d842e90,274,Bria Hartley,briahartley,FA,points,10.5,-115.0,-113.0,10,10,2025-07-15 17:10:42+00:00,2025-07-15 17:10:42+00:00,2025-07-15 17:10:42+00:00,2025-07-16 00:00:00+00:00,0.0,2025-07-15,2025,REG,CON,IND,1.0654001528551151,True,,0.5022557674006809,401736250,2529185,18,5,1,True,False,matched,11.0,2025-07-15,under,0.052623356867175786,1.8849557522123894,-1.0,1.0,False,False,False
2286,f37f425d57fc17bf6b3fc53205b1d780,1,Allisha Gray,allishagray,ATL,points,19.5,100.0,-130.0,10,10,2025-07-15 18:13:39+00:00,2025-07-15 18:13:39+00:00,2025-07-15 18:13:39+00:00,2025-07-16 16:00:00+00:00,0.0,2025-07-16,2025,REG,CHI,ATL,1.065217391304348,True,,0.4663164946059025,401736252,3058901,20,19,0,True,False,matched,14.0,2025-07-16,under,0.1482588217341741,1.7692307692307692,0.7692307692307692,1.0,False,False,False
2286,b22d5786e5e25846cfb7cb037fe408d2,49,Brionna Jones,brionnajones,ATL,points,14.5,-102.0,-128.0,10,10,2025-07-15 18:13:40+00:00,2025-07-15 18:13:40+00:00,2025-07-15 18:13:40+00:00,2025-07-16 16:00:00+00:00,0.0,2025-07-16,2025,REG,CHI,ATL,1.0663540038214347,True,,0.47082505196940394,401736252,3058895,20,19,0,True,False,matched,14.0,2025-07-16,under,0.1406051153349555,1.78125,0.78125,1.0,False,False,False
2286,d48b9f847cab17d2d9114b2f5b970c6a,148,Brittney Griner,brittneygriner,CON,rebounds,5.5,122.0,-162.0,10,10,2025-07-15 18:17:36+00:00,2025-07-15 18:17:36+00:00,2025-07-15 18:17:36+00:00,2025-07-16 16:00:00+00:00,0.0,2025-07-16,2025,REG,CHI,ATL,1.0687710611374732,True,,0.41310819110441305,401736252,2490553,20,19,0,True,False,matched,5.0,2025-07-16,over,0.23770761039846955,2.2199999999999998,-1.0,1.0,False,False,False
2284,b672364b49c7aec1c8760f4fd8fdab41,52,Jacy Sheldon,jacysheldon,CHI,points,9.5,155.0,-190.0,13,13,2025-07-15 20:47:49+00:00,2025-07-15 20:47:49+00:00,2025-07-15 20:47:49+00:00,2025-07-16 00:00:00+00:00,0.0,2025-07-15,2025,REG,CON,IND,1.0473292765382016,True,,0.36540694709976745,401736250,4432865,18,5,1,True,False,matched,1.0,2025-07-15,under,0.13080364835917685,1.526315789473684,0.5263157894736841,1.0,False,False,False
2284,5ab460bbe618dbd2309bea3212210bc1,156,Sophie Cunningham,sophiecunningham,IND,points,6.5,-130.0,100.0,13,13,2025-07-15 20:47:49+00:00,2025-07-15 20:47:49+00:00,2025-07-15 20:47:49+00:00,2025-07-16 00:00:00+00:00,0.0,2025-07-15,2025,REG,CON,IND,1.065217391304348,True,,0.5336835053940976,401736250,3907781,5,18,0,True,False,matched,11.0,2025-07-15,under,0.09381273538118412,2.0,-1.0,1.0,False,False,False
2288,f289af74bea0fd0d11b8e8987b720de9,180,Nneka Ogwumike,nnekaogwumike,LAS,points,15.5,-130.0,100.0,10,10,2025-07-15 21:38:25+00:00,2025-07-15 21:38:25+00:00,2025-07-15 21:38:25+00:00,2025-07-16 19:00:00+00:00,0.0,2025-07-16,2025,REG,SEA,GSV,1.065217391304348,True,,0.5336835053940976,401736254,1068,14,129689,1,True,False,matched,22.0,2025-07-16,under,0.1057909510827375,2.0,-1.0,1.0,False,False,False
2288,8d73ba031436a36e924858454095d95a,139,Kayla Thornton,kaylathornton,GSV,rebounds,6.5,-154.0,116.0,10,10,2025-07-15 21:43:07+00:00,2025-07-15 21:43:07+00:00,2025-07-15 21:43:07+00:00,2025-07-16 19:00:00+00:00,0.0,2025-07-16,2025,REG,SEA,GSV,1.0692621755613883,True,,0.574207987656796,401736254,2529622,129689,14,0,True,False,matched,4.0,2025-07-16,under,0.18504563915759187,2.16,1.1600000000000001,1.0,False,False,False
2288,b4a32200d63aa531ad9c11f7f0dc4175,176,Ezi Magbegor,ezimagbegor,SEA,points,12.5,-105.0,-125.0,12,12,2025-07-15 21:49:21+00:00,2025-07-15 21:49:21+00:00,2025-07-15 21:49:21+00:00,2025-07-16 19:00:00+00:00,0.0,2025-07-16,2025,REG,SEA,GSV,1.067750677506775,True,,0.47757418034290006,401736254,4420318,14,129689,1,True,False,matched,3.0,2025-07-16,under,0.21425786711756784,1.8,0.8,1.0,False,False,False
2288,59ace73413ea9fa7e00cc0a8e67cc502,66,Erica Wheeler,ericawheeler,LAS,points,10.5,-115.0,-115.0,12,12,2025-07-15 21:49:21+00:00,2025-07-15 21:49:21+00:00,2025-07-15 21:49:21+00:00,2025-07-16 19:00:00+00:00,0.0,2025-07-16,2025,REG,SEA,GSV,1.0697674418604652,True,,0.5,401736254,2491214,14,129689,1,True,False,matched,15.0,2025-07-16,under,0.14788580042964522,1.8695652173913042,-1.0,1.0,False,False,False
2288,71d6163a32fb1e35cfe74887cc2f3d85,537,Janelle Salaun,janellesalaun,GSV,points,11.5,-115.0,-115.0,12,12,2025-07-15 21:55:32+00:00,2025-07-15 21:55:32+00:00,2025-07-15 21:55:32+00:00,2025-07-16 19:00:00+00:00,0.0,2025-07-16,2025,REG,SEA,GSV,1.0697674418604652,True,,0.5,401736254,4790264,129689,14,0,True,False,matched,10.0,2025-07-16,under,0.3579119964933383,1.8695652173913042,0.8695652173913042,1.0,False,False,False
2285,964d6b4e3577bddd7a08e8bbfd59ff91,149,Sug Sutton,sugsutton,DAL,points,9.5,312.0,-476.0,60,60,2025-07-16 01:15:08+00:00,2025-07-16 01:15:08+00:00,2025-07-16 01:15:08+00:00,2025-07-16 02:00:00+00:00,0.0,2025-07-15,2025,REG,LAS,WAS,1.0691073354908307,True,,0.19668752240339232,401736251,4068159,16,6,0,True,False,matched,14.0,2025-07-15,over,0.3110776979066998,4.12,3.12,1.0,False,False,False
2287,ad0fac92a2ed9c7d9eded4aa3ac7cc38,121,Alanna Smith,alannasmith,DAL,points,8.5,-130.0,100.0,19,19,2025-07-16 03:02:29+00:00,2025-07-16 03:02:29+00:00,2025-07-16 03:02:29+00:00,2025-07-16 17:00:00+00:00,0.0,2025-07-16,2025,REG,MIN,PHX,1.065217391304348,True,,0.5336835053940976,401736253,3913881,8,11,1,True,False,matched,11.0,2025-07-16,under,0.07741939817446114,2.0,-1.0,1.0,False,False,False
2290,4d2fe0c473206187b752aaa70aab49ee,103,A'ja Wilson,ajawilson,LVA,points,21.5,-115.0,-115.0,19,19,2025-07-16 03:11:10+00:00,2025-07-16 03:11:10+00:00,2025-07-16 03:11:10+00:00,2025-07-17 00:00:00+00:00,0.0,2025-07-16,2025,REG,DAL,LVA,1.0697674418604652,True,,0.5,401736256,3149391,17,3,0,True,False,matched,37.0,2025-07-16,under,0.08055041743478863,1.8695652173913042,-1.0,1.0,False,False,False
2290,37a510854cd068ca38822a136e62ca38,95,Li Yueru,liyueru,DAL,rebounds,6.5,-115.0,-115.0,19,19,2025-07-16 03:11:10+00:00,2025-07-16 03:11:10+00:00,2025-07-16 03:11:10+00:00,2025-07-17 00:00:00+00:00,0.0,2025-07-16,2025,REG,DAL,LVA,1.0697674418604652,True,,0.5,401736256,4336633,3,17,1,True,False,matched,8.0,2025-07-16,under,0.051600480589141684,1.8695652173913042,-1.0,1.0,False,False,False
2290,663ea9d92c03a87557f75edcdb914d5a,526,Aziaha James,aziahajames,DAL,points,11.5,-115.0,-125.0,33,33,2025-07-16 06:38:20+00:00,2025-07-16 06:38:20+00:00,2025-07-16 06:38:20+00:00,2025-07-17 00:00:00+00:00,0.0,2025-07-16,2025,REG,DAL,LVA,1.0904392764857882,True,,0.489168290835087,401736256,4433807,3,17,1,True,False,matched,2.0,2025-07-16,under,0.0686610917955564,1.8,0.8,1.0,False,False,False
2289,4fd844fa1e3695972e84fb434c2704db,88,Aari McDonald,aarimcdonald,FA,points,9.5,-114.0,-114.0,10,10,2025-07-16 07:29:43+00:00,2025-07-16 07:29:43+00:00,2025-07-16 07:29:43+00:00,2025-07-16 23:30:00+00:00,0.0,2025-07-16,2025,REG,NYL,IND,1.0654205607476634,True,,0.5000000000000001,401736255,4066553,5,9,0,True,False,matched,10.0,2025-07-16,under,0.2762939397832561,1.8771929824561404,-1.0,1.0,False,False,False
2289,96f9ca1a0001da3adf317b34ff79873c,70,Kelsey Mitchell,kelseymitchell,IND,points,18.5,-118.0,-110.0,10,10,2025-07-16 07:29:43+00:00,2025-07-16 07:29:43+00:00,2025-07-16 07:29:43+00:00,2025-07-16 23:30:00+00:00,0.0,2025-07-16,2025,REG,NYL,IND,1.0650939274792486,True,,0.5090245232268319,401736255,3142191,5,9,0,True,False,matched,16.0,2025-07-16,under,0.1000740377084986,1.9090909090909092,0.9090909090909092,1.0,False,False,False
2289,13d878f83f12f970ef5409195aa87f43,137,Breanna Stewart,breannastewart,NYL,points,19.5,-110.0,-118.0,10,10,2025-07-16 07:29:43+00:00,2025-07-16 07:29:43+00:00,2025-07-16 07:29:43+00:00,2025-07-16 23:30:00+00:00,0.0,2025-07-16,2025,REG,NYL,IND,1.0650939274792486,True,,0.4909754767731684,401736255,2998928,9,5,1,True,False,matched,24.0,2025-07-16,under,0.06885596203466376,1.847457627118644,-1.0,1.0,False,False,False
2289,c74b6f85d9c77340c4172461748290ad,71,Aliyah Boston,aliyahboston,IND,rebounds,7.5,120.0,-160.0,10,10,2025-07-16 07:29:44+00:00,2025-07-16 07:29:44+00:00,2025-07-16 07:29:44+00:00,2025-07-16 23:30:00+00:00,0.0,2025-07-16,2025,REG,NYL,IND,1.06993006993007,True,,0.41669493857595097,401736255,4432831,5,9,0,True,False,matched,3.0,2025-07-16,over,0.1708053413996325,2.2,-1.0,1.0,False,False,False
2289,7529c13247359742233dca9b2e3eae2a,76,Lexie Hull,lexiehull,IND,rebounds,4.5,102.0,-136.0,10,10,2025-07-16 07:29:44+00:00,2025-07-16 07:29:44+00:00,2025-07-16 07:29:44+00:00,2025-07-16 23:30:00+00:00,0.0,2025-07-16,2025,REG,NYL,IND,1.071320691391173,True,,0.4579067075572801,401736255,4398829,5,9,0,True,False,matched,7.0,2025-07-16,under,0.1600061422570575,1.7352941176470589,-1.0,1.0,False,False,False
2289,1bfc4a224d7c4ebf36e059718a133376,132,Sabrina Ionescu,sabrinaionescu,NYL,points,18.5,-120.0,-108.0,10,10,2025-07-16 07:29:44+00:00,2025-07-16 07:29:44+00:00,2025-07-16 07:29:44+00:00,2025-07-16 23:30:00+00:00,0.0,2025-07-16,2025,REG,NYL,IND,1.0646853146853146,True,,0.5135396953663074,401736255,4066533,9,5,1,True,False,matched,15.0,2025-07-16,under,0.15932505898814087,1.925925925925926,0.925925925925926,1.0,False,False,False
2289,a80339a293aeec7347f4fd3fec02a7f1,163,Natasha Cloud,natashacloud,CHI,assists,5.5,118.0,-158.0,10,10,2025-07-16 07:29:44+00:00,2025-07-16 07:29:44+00:00,2025-07-16 07:29:44+00:00,2025-07-16 23:30:00+00:00,0.0,2025-07-16,2025,REG,NYL,IND,1.0711186971054691,True,,0.42034729080094674,401736255,2529137,9,5,1,True,False,matched,3.0,2025-07-16,over,0.13353206441074872,2.1799999999999997,-1.0,1.0,False,False,False
2289,dfd5b0b6e2a3da4a95d0b8f06b128832,147,Leonie Fiebich,leoniefiebich,NYL,points,9.5,-115.0,-113.0,10,10,2025-07-16 07:29:44+00:00,2025-07-16 07:29:44+00:00,2025-07-16 07:29:44+00:00,2025-07-16 23:30:00+00:00,0.0,2025-07-16,2025,REG,NYL,IND,1.0654001528551151,True,,0.5022557674006809,401736255,4683006,9,5,1,True,False,matched,10.0,2025-07-16,under,0.06863395613553175,1.8849557522123894,-1.0,1.0,False,False,False
2289,2d37e578bb5d402b1c26cbdcf481e1cc,156,Sophie Cunningham,sophiecunningham,IND,points,7.5,-115.0,-115.0,13,13,2025-07-16 20:41:44+00:00,2025-07-16 20:41:44+00:00,2025-07-16 20:41:44+00:00,2025-07-16 23:30:00+00:00,0.0,2025-07-16,2025,REG,NYL,IND,1.0697674418604652,True,,0.5,401736255,3907781,5,9,0,True,False,matched,12.0,2025-07-16,under,0.11574501248656038,1.8695652173913042,-1.0,1.0,False,False,False
2290,f80538d31675c22f41154288e0f263c9,530,JJ Quinerly,jjquinerly,FA,points,11.5,-114.0,-114.0,10,10,2025-07-16 22:28:28+00:00,2025-07-16 22:28:28+00:00,2025-07-16 22:28:28+00:00,2025-07-17 00:00:00+00:00,0.0,2025-07-16,2025,REG,DAL,LVA,1.0654205607476634,True,,0.5000000000000001,401736256,4434015,3,17,1,True,False,matched,17.0,2025-07-16,under,0.21034676002795671,1.8771929824561404,-1.0,1.0,False,False,False
2289,e780e26bd901c423b9de4adb47e95bf2,131,Nyara Sabally,nyarasabally,TOR,points,7.5,104.0,-135.0,10,10,2025-07-16 23:18:31+00:00,2025-07-16 23:18:31+00:00,2025-07-16 23:18:31+00:00,2025-07-16 23:30:00+00:00,0.0,2025-07-16,2025,REG,NYL,IND,1.0646641635377556,True,,0.45648742045938223,401736255,4398768,9,5,1,True,False,matched,2.0,2025-07-16,under,0.08585189848454416,1.7407407407407407,0.7407407407407407,1.0,False,False,False
2291,b9c9d6da822d813312d648cb76b576f0,573,Sonia Citron,soniacitron,WAS,threes,1.5,-130.0,-102.0,10,10,2025-07-20 15:31:00+00:00,2025-07-20 15:31:00+00:00,2025-07-20 15:31:00+00:00,2025-07-22 23:30:00+00:00,0.0,2025-07-22,2025,REG,WAS,LAS,1.0701678863538528,True,,0.5312123494364493,401736257,4433524,16,6,1,True,False,matched,1.0,2025-07-22,under,0.1652218841988009,1.9803921568627452,0.9803921568627452,1.0,False,False,False
2291,a61d1ed74a01971b305e4dc096f0a6fd,196,Shakira Austin,shakiraaustin,WAS,points,14.5,-128.0,-102.0,10,10,2025-07-20 15:31:00+00:00,2025-07-20 15:31:00+00:00,2025-07-20 15:31:00+00:00,2025-07-22 23:30:00+00:00,0.0,2025-07-22,2025,REG,WAS,LAS,1.0663540038214347,True,,0.5291749480305961,401736257,4398911,16,6,1,True,False,matched,17.0,2025-07-22,under,0.14725315616645201,1.9803921568627452,-1.0,1.0,False,False,False
2291,bac7a5f5cb7cd0d12486125f56033787,182,Brittney Sykes,brittneysykes,TOR,points,15.5,-114.0,-114.0,10,10,2025-07-20 15:31:00+00:00,2025-07-20 15:31:00+00:00,2025-07-20 15:31:00+00:00,2025-07-22 23:30:00+00:00,0.0,2025-07-22,2025,REG,WAS,LAS,1.0654205607476634,True,,0.5000000000000001,401736257,2988756,16,6,1,True,False,matched,18.0,2025-07-22,under,0.12290846100011521,1.8771929824561404,-1.0,1.0,False,False,False
2291,69d2f47bdbfe1f003d54813e83c6e9b5,89,Dearica Hamby,dearicahamby,LAS,rebounds,6.5,-152.0,114.0,10,10,2025-07-20 15:31:00+00:00,2025-07-20 15:31:00+00:00,2025-07-20 15:31:00+00:00,2025-07-22 23:30:00+00:00,0.0,2025-07-22,2025,REG,WAS,LAS,1.0704643228007713,True,,0.5703965275254933,401736257,2566106,6,16,0,True,False,matched,14.0,2025-07-22,under,0.08469186730190775,2.1399999999999997,-1.0,1.0,False,False,False
2291,d6fa75882fcc1b7f90b5f07e145645af,101,Kelsey Plum,kelseyplum,LAS,threes,2.5,104.0,-138.0,10,10,2025-07-20 15:31:00+00:00,2025-07-20 15:31:00+00:00,2025-07-20 15:31:00+00:00,2025-07-22 23:30:00+00:00,0.0,2025-07-22,2025,REG,WAS,LAS,1.0700280112044818,True,,0.4535791638529251,401736257,3065570,6,16,0,True,False,matched,3.0,2025-07-22,under,0.050880521184550886,1.7246376811594204,-1.0,1.0,False,False,False
2293,609ab1692d2d81a66b83674fbdb0ee4a,26,Angel Reese,angelreese,ATL,rebounds,11.5,-140.0,106.0,10,10,2025-07-20 16:13:06+00:00,2025-07-20 16:13:06+00:00,2025-07-20 16:13:06+00:00,2025-07-23 00:00:00+00:00,0.0,2025-07-22,2025,REG,MIN,CHI,1.0687702265372168,True,,0.5506638564937638,401736259,4433402,19,8,0,True,False,matched,11.0,2025-07-22,under,0.21429149494349659,2.06,1.06,1.0,False,False,False
2293,a2f4a9f370d6e409dce85eba6c7b7fcf,112,Napheesa Collier,napheesacollier,MIN,assists,3.5,102.0,-136.0,10,10,2025-07-20 16:13:06+00:00,2025-07-20 16:13:06+00:00,2025-07-20 16:13:06+00:00,2025-07-23 00:00:00+00:00,0.0,2025-07-22,2025,REG,MIN,CHI,1.071320691391173,True,,0.4579067075572801,401736259,3917450,8,19,1,True,False,matched,4.0,2025-07-22,under,0.1341905899435183,1.7352941176470589,-1.0,1.0,False,False,False
2293,0b5ceb8663e9439987c0816ca2251c64,117,Courtney Williams,courtneywilliams,MIN,assists,6.5,-102.0,-130.0,10,10,2025-07-20 16:13:06+00:00,2025-07-20 16:13:06+00:00,2025-07-20 16:13:06+00:00,2025-07-23 00:00:00+00:00,0.0,2025-07-22,2025,REG,MIN,CHI,1.0701678863538528,True,,0.46878765056355093,401736259,2987891,8,19,1,True,False,matched,7.0,2025-07-22,under,0.08602297376204271,1.7692307692307692,-1.0,1.0,False,False,False
2293,81345d18592d428918b16c1a6624ff25,36,Rachel Banham,rachelbanham,CHI,points,11.5,-122.0,-106.0,10,10,2025-07-20 16:13:07+00:00,2025-07-20 16:13:07+00:00,2025-07-20 16:13:07+00:00,2025-07-23 00:00:00+00:00,0.0,2025-07-22,2025,REG,MIN,CHI,1.064112656345666,True,,0.518058368553134,401736259,2566186,19,8,0,True,False,matched,8.0,2025-07-22,under,0.36618533819684057,1.9433962264150944,0.9433962264150944,1.0,False,False,False
2293,af20e8dd1762f48483d31593deb18065,185,Ariel Atkins,arielatkins,LAS,threes,1.5,-114.0,-114.0,10,10,2025-07-20 16:13:07+00:00,2025-07-20 16:13:07+00:00,2025-07-20 16:13:07+00:00,2025-07-23 00:00:00+00:00,0.0,2025-07-22,2025,REG,MIN,CHI,1.0654205607476634,True,,0.5000000000000001,401736259,3146151,19,8,0,True,True,did_not_play,,2025-07-22,under,0.19666656861496146,1.8771929824561404,0.0,0.0,False,True,False
2293,15ffc2da4fa3a7d696fc6c2b8c9d7b81,30,Kamilla Cardoso,kamillacardoso,CHI,points,11.5,-120.0,-108.0,10,10,2025-07-20 16:13:07+00:00,2025-07-20 16:13:07+00:00,2025-07-20 16:13:07+00:00,2025-07-23 00:00:00+00:00,0.0,2025-07-22,2025,REG,MIN,CHI,1.0646853146853146,True,,0.5135396953663074,401736259,4433405,19,8,0,True,False,matched,10.0,2025-07-22,under,0.13766017754765864,1.925925925925926,0.925925925925926,1.0,False,False,False
2293,8e5e276644d3f7555d696b86474177e7,121,Alanna Smith,alannasmith,DAL,points,8.5,-130.0,100.0,10,10,2025-07-20 16:13:07+00:00,2025-07-20 16:13:07+00:00,2025-07-20 16:13:07+00:00,2025-07-23 00:00:00+00:00,0.0,2025-07-22,2025,REG,MIN,CHI,1.065217391304348,True,,0.5336835053940976,401736259,3913881,8,19,1,True,False,matched,10.0,2025-07-22,under,0.11342839379400149,2.0,-1.0,1.0,False,False,False
2293,287068f0163f1c1de535ca4f4565390b,125,Kayla McBride,kaylamcbride,MIN,points,14.5,-102.0,-128.0,10,10,2025-07-20 16:13:07+00:00,2025-07-20 16:13:07+00:00,2025-07-20 16:13:07+00:00,2025-07-23 00:00:00+00:00,0.0,2025-07-22,2025,REG,MIN,CHI,1.0663540038214347,True,,0.47082505196940394,401736259,2529205,8,19,1,True,False,matched,19.0,2025-07-22,under,0.0714716815461533,1.78125,-1.0,1.0,False,False,False
2292,2448e6e6069acf63ae2626920ee39375,88,Aari McDonald,aarimcdonald,FA,points,9.5,-108.0,-120.0,10,10,2025-07-20 17:45:17+00:00,2025-07-20 17:45:17+00:00,2025-07-20 17:45:17+00:00,2025-07-23 00:00:00+00:00,0.0,2025-07-22,2025,REG,NYL,IND,1.0646853146853146,True,,0.48646030463369283,401736258,4066553,5,9,0,True,False,matched,5.0,2025-07-22,under,0.2395165754387692,1.8333333333333335,0.8333333333333335,1.0,False,False,False
2292,d3db7c4929ec55438e2c03af4320d38a,56,Natasha Howard,natashahoward,MIN,rebounds,6.5,104.0,-138.0,10,10,2025-07-20 17:45:17+00:00,2025-07-20 17:45:17+00:00,2025-07-20 17:45:17+00:00,2025-07-23 00:00:00+00:00,0.0,2025-07-22,2025,REG,NYL,IND,1.0700280112044818,True,,0.4535791638529251,401736258,2529130,5,9,0,True,False,matched,6.0,2025-07-22,over,0.08494861562665762,2.04,-1.0,1.0,False,False,False
2292,8db987fb62aa47e1fcf3de586d82cde2,137,Breanna Stewart,breannastewart,NYL,points,19.5,-128.0,-102.0,10,10,2025-07-20 17:45:17+00:00,2025-07-20 17:45:17+00:00,2025-07-20 17:45:17+00:00,2025-07-23 00:00:00+00:00,0.0,2025-07-22,2025,REG,NYL,IND,1.0663540038214347,True,,0.5291749480305961,401736258,2998928,9,5,1,True,False,matched,17.0,2025-07-22,under,0.07867947503983475,1.9803921568627452,0.9803921568627452,1.0,False,False,False
2292,871a0f6fea47c98aef19a22c30f2b30c,132,Sabrina Ionescu,sabrinaionescu,NYL,rebounds,4.5,134.0,-180.0,10,10,2025-07-20 17:45:17+00:00,2025-07-20 17:45:17+00:00,2025-07-20 17:45:17+00:00,2025-07-23 00:00:00+00:00,0.0,2025-07-22,2025,REG,NYL,IND,1.0702075702075702,True,,0.38834080463047865,401736258,4066533,9,5,1,True,False,matched,5.0,2025-07-22,over,0.0748360816057928,2.34,1.3399999999999999,1.0,False,False,False
2292,f5236029e7d91261f071ade68582b565,156,Sophie Cunningham,sophiecunningham,IND,points,7.5,-128.0,-102.0,10,10,2025-07-20 17:45:17+00:00,2025-07-20 17:45:17+00:00,2025-07-20 17:45:17+00:00,2025-07-23 00:00:00+00:00,0.0,2025-07-22,2025,REG,NYL,IND,1.0663540038214347,True,,0.5291749480305961,401736258,3907781,5,9,0,True,False,matched,15.0,2025-07-22,under,0.05264552883029422,1.9803921568627452,-1.0,1.0,False,False,False
2292,cdffbec220b176009cd98ebde7455625,71,Aliyah Boston,aliyahboston,IND,points,13.5,-125.0,-104.0,10,10,2025-07-20 17:45:18+00:00,2025-07-20 17:45:18+00:00,2025-07-20 17:45:18+00:00,2025-07-23 00:00:00+00:00,0.0,2025-07-22,2025,REG,NYL,IND,1.065359477124183,True,,0.5236312520088393,401736258,4432831,5,9,0,True,False,matched,15.0,2025-07-22,under,0.06820002070916864,1.9615384615384617,-1.0,1.0,False,False,False
2292,57166c6212907db7eb975a47229a9d00,147,Leonie Fiebich,leoniefiebich,NYL,rebounds,4.5,122.0,-162.0,10,10,2025-07-20 17:45:18+00:00,2025-07-20 17:45:18+00:00,2025-07-20 17:45:18+00:00,2025-07-23 00:00:00+00:00,0.0,2025-07-22,2025,REG,NYL,IND,1.0687710611374732,True,,0.41310819110441305,401736258,4683006,9,5,1,True,False,matched,5.0,2025-07-22,under,0.0672063628193516,1.617283950617284,-1.0,1.0,False,False,False
2292,1b9883bdd5aa40eb514456c2d7ea48c2,70,Kelsey Mitchell,kelseymitchell,IND,threes,2.5,110.0,-146.0,10,10,2025-07-20 17:45:18+00:00,2025-07-20 17:45:18+00:00,2025-07-20 17:45:18+00:00,2025-07-23 00:00:00+00:00,0.0,2025-07-22,2025,REG,NYL,IND,1.0696864111498257,True,,0.4392579960949788,401736258,3142191,5,9,0,True,False,matched,3.0,2025-07-22,under,0.05752218847530399,1.6849315068493151,-1.0,1.0,False,False,False
2294,7e5cbe2589f8262723c2ae643f417522,208,Gabby Williams,gabbywilliams,GSV,points,12.5,-120.0,-108.0,10,10,2025-07-20 18:27:51+00:00,2025-07-20 18:27:51+00:00,2025-07-20 18:27:51+00:00,2025-07-23 02:00:00+00:00,0.0,2025-07-22,2025,REG,SEA,DAL,1.0646853146853146,True,,0.5135396953663074,401736261,3142328,14,3,1,True,False,matched,14.0,2025-07-22,under,0.08497846642166135,1.925925925925926,-1.0,1.0,False,False,False
2294,017b36a85c775cd4382625e715e906c3,95,Li Yueru,liyueru,DAL,rebounds,6.5,100.0,-132.0,10,10,2025-07-20 18:27:51+00:00,2025-07-20 18:27:51+00:00,2025-07-20 18:27:51+00:00,2025-07-23 02:00:00+00:00,0.0,2025-07-22,2025,REG,SEA,DAL,1.0689655172413794,True,,0.46430627616618364,401736261,4336633,3,14,0,True,False,matched,10.0,2025-07-22,under,0.0704640096001733,1.7575757575757576,-1.0,1.0,False,False,False
2294,3b60b01e76fb2a8a38a95b20ce40e5e6,175,Skylar Diggins,skylardiggins,CHI,assists,5.5,-106.0,-125.0,10,10,2025-07-20 18:27:52+00:00,2025-07-20 18:27:52+00:00,2025-07-20 18:27:52+00:00,2025-07-23 02:00:00+00:00,0.0,2025-07-22,2025,REG,SEA,DAL,1.070118662351672,True,,0.4787708928615623,401736261,2491205,14,3,1,True,True,did_not_play,,2025-07-22,over,0.12262234129570682,1.9433962264150944,0.0,0.0,False,True,False
2294,08237066b2ba677e5b27a90689782e79,176,Ezi Magbegor,ezimagbegor,SEA,points,9.5,-122.0,-106.0,10,10,2025-07-20 18:27:52+00:00,2025-07-20 18:27:52+00:00,2025-07-20 18:27:52+00:00,2025-07-23 02:00:00+00:00,0.0,2025-07-22,2025,REG,SEA,DAL,1.064112656345666,True,,0.518058368553134,401736261,4420318,14,3,1,True,False,matched,12.0,2025-07-22,under,0.10926788328034115,1.9433962264150944,-1.0,1.0,False,False,False
2294,4cf4ea366782ea0f1fc5cf98ba7da08e,63,Arike Ogunbowale,arikeogunbowale,DAL,threes,1.5,100.0,-132.0,10,10,2025-07-20 18:27:52+00:00,2025-07-20 18:27:52+00:00,2025-07-20 18:27:52+00:00,2025-07-23 02:00:00+00:00,0.0,2025-07-22,2025,REG,SEA,DAL,1.0689655172413794,True,,0.46430627616618364,401736261,3904577,3,14,0,True,False,matched,4.0,2025-07-22,over,0.10554928786028223,2.0,1.0,1.0,False,False,False
2295,033766ea9bb3f47ddaaf15b7db90da1c,1,Allisha Gray,allishagray,ATL,assists,3.5,-168.0,126.0,10,10,2025-07-20 19:01:10+00:00,2025-07-20 19:01:10+00:00,2025-07-20 19:01:10+00:00,2025-07-23 02:00:00+00:00,0.0,2025-07-22,2025,REG,LVA,ATL,1.0693435477479856,True,,0.5954775535118485,401736260,3058901,20,17,0,True,False,matched,2.0,2025-07-22,under,0.29099263791978097,2.26,1.2599999999999998,1.0,False,False,False
2295,1e13468298e95e2813492c56742a3f00,49,Brionna Jones,brionnajones,ATL,points,14.5,104.0,-135.0,10,10,2025-07-20 19:01:10+00:00,2025-07-20 19:01:10+00:00,2025-07-20 19:01:10+00:00,2025-07-23 02:00:00+00:00,0.0,2025-07-22,2025,REG,LVA,ATL,1.0646641635377556,True,,0.45648742045938223,401736260,3058895,20,17,0,True,False,matched,7.0,2025-07-22,under,0.1603461933613144,1.7407407407407407,0.7407407407407407,1.0,False,False,False
2295,a85a9d3d181febb8459b47388105b628,2,Jordin Canada,jordincanada,ATL,points,12.5,-113.0,-115.0,10,10,2025-07-20 19:01:10+00:00,2025-07-20 19:01:10+00:00,2025-07-20 19:01:10+00:00,2025-07-23 02:00:00+00:00,0.0,2025-07-22,2025,REG,LVA,ATL,1.0654001528551151,True,,0.49774423259931944,401736260,3142250,20,17,0,True,False,matched,12.0,2025-07-22,under,0.08519293873026013,1.8695652173913042,0.8695652173913042,1.0,False,False,False
2295,23b76d777c9bbf3883f472255da9bab1,148,Brittney Griner,brittneygriner,CON,points,11.5,102.0,-132.0,10,10,2025-07-20 19:01:10+00:00,2025-07-20 19:01:10+00:00,2025-07-20 19:01:10+00:00,2025-07-23 02:00:00+00:00,0.0,2025-07-22,2025,REG,LVA,ATL,1.0640150221918745,True,,0.4618487426836327,401736260,2490553,20,17,0,True,False,matched,9.0,2025-07-22,under,0.06008904743228016,1.7575757575757576,0.7575757575757576,1.0,False,False,False
2295,aeb1615bab9bbbfe343192e54369df6c,166,Jewell Loyd,jewellloyd,LVA,points,13.5,-118.0,-110.0,10,10,2025-07-20 19:05:15+00:00,2025-07-20 19:05:15+00:00,2025-07-20 19:05:15+00:00,2025-07-23 02:00:00+00:00,0.0,2025-07-22,2025,REG,LVA,ATL,1.0650939274792486,True,,0.5090245232268319,401736260,2987869,17,20,1,True,False,matched,7.0,2025-07-22,under,0.17327856586080992,1.9090909090909092,0.9090909090909092,1.0,False,False,False
2295,3a804171bb4624e62b2197df17c33b45,103,A'ja Wilson,ajawilson,LVA,points,23.5,-110.0,-118.0,10,10,2025-07-20 19:05:15+00:00,2025-07-20 19:05:15+00:00,2025-07-20 19:05:15+00:00,2025-07-23 02:00:00+00:00,0.0,2025-07-22,2025,REG,LVA,ATL,1.0650939274792486,True,,0.4909754767731684,401736260,3149391,17,20,1,True,False,matched,24.0,2025-07-22,under,0.17294696321438224,1.847457627118644,-1.0,1.0,False,False,False
2295,9a41df35693f717175cd0da4549e8841,107,Chelsea Gray,chelseagray,LVA,points,10.5,-104.0,-125.0,10,10,2025-07-20 19:05:15+00:00,2025-07-20 19:05:15+00:00,2025-07-20 19:05:15+00:00,2025-07-23 02:00:00+00:00,0.0,2025-07-22,2025,REG,LVA,ATL,1.065359477124183,True,,0.4763687479911608,401736260,2529122,17,20,1,True,False,matched,9.0,2025-07-22,under,0.0781599205974346,1.8,0.8,1.0,False,False,False
2295,412ac4129a8a8f325f53f59724e264d6,102,Jackie Young,jackieyoung,LVA,assists,3.5,-130.0,-102.0,10,10,2025-07-20 19:05:16+00:00,2025-07-20 19:05:16+00:00,2025-07-20 19:05:16+00:00,2025-07-23 02:00:00+00:00,0.0,2025-07-22,2025,REG,LVA,ATL,1.0701678863538528,True,,0.5312123494364493,401736260,4065870,17,20,1,True,False,matched,7.0,2025-07-22,over,0.08171309190972154,1.7692307692307692,0.7692307692307692,1.0,False,False,False
2293,9ecd82e1261bf0ec7f5d6bdf3aba8b96,33,Elizabeth Williams,elizabethwilliams,CHI,points,9.5,-114.0,-114.0,10,10,2025-07-22 10:43:20+00:00,2025-07-22 10:43:20+00:00,2025-07-22 10:43:20+00:00,2025-07-23 00:00:00+00:00,0.0,2025-07-22,2025,REG,MIN,CHI,1.0654205607476634,True,,0.5000000000000001,401736259,2566081,19,8,0,True,False,matched,4.0,2025-07-22,under,0.21162444821146292,1.8771929824561404,0.8771929824561404,1.0,False,False,False
2294,02264c2fdbe281a68c1355945b9bae98,180,Nneka Ogwumike,nnekaogwumike,LAS,assists,2.5,-112.0,-118.0,10,10,2025-07-23 01:21:30+00:00,2025-07-23 01:21:30+00:00,2025-07-23 01:21:30+00:00,2025-07-23 02:00:00+00:00,0.0,2025-07-22,2025,REG,SEA,DAL,1.0695862904621776,True,,0.49327872882454105,401736261,1068,14,3,1,True,False,matched,0.0,2025-07-22,under,0.05850738016931889,1.847457627118644,0.847457627118644,1.0,False,False,False
2294,416937c931b8dab0d7b35a1adb4bc66c,530,JJ Quinerly,jjquinerly,FA,points,13.5,-113.0,-115.0,10,10,2025-07-23 01:34:15+00:00,2025-07-23 01:34:15+00:00,2025-07-23 01:34:15+00:00,2025-07-23 02:00:00+00:00,0.0,2025-07-22,2025,REG,SEA,DAL,1.0654001528551151,True,,0.49774423259931944,401736261,4434015,3,14,0,True,False,matched,9.0,2025-07-22,under,0.33456907804385216,1.8695652173913042,0.8695652173913042,1.0,False,False,False
2296,662d1920be5896a3a76463e8fc090aef,155,Kahleah Copper,kahleahcopper,PHO,rebounds,3.5,116.0,-154.0,10,10,2025-07-23 05:43:27+00:00,2025-07-23 05:43:27+00:00,2025-07-23 05:43:27+00:00,2025-07-24 02:00:00+00:00,0.0,2025-07-23,2025,REG,PHX,ATL,1.0692621755613883,True,,0.425792012343204,401736262,2998938,11,20,1,True,False,matched,1.0,2025-07-23,over,0.2207644720845181,2.16,-1.0,1.0,False,False,False
2296,7e18c4fa38b27f792fad107c2ae3b70e,1,Allisha Gray,allishagray,ATL,assists,3.5,-128.0,-104.0,10,10,2025-07-23 05:43:27+00:00,2025-07-23 05:43:27+00:00,2025-07-23 05:43:27+00:00,2025-07-24 02:00:00+00:00,0.0,2025-07-23,2025,REG,PHX,ATL,1.0712074303405572,True,,0.5267388899028808,401736262,3058901,20,11,0,True,False,matched,6.0,2025-07-23,under,0.1953350831773511,1.9615384615384617,-1.0,1.0,False,False,False
2296,3cdf17e99d3c9bfe392f8dc6032b96d7,40,Alyssa Thomas,alyssathomas,PHO,points,14.5,-102.0,-128.0,10,10,2025-07-23 05:43:27+00:00,2025-07-23 05:43:27+00:00,2025-07-23 05:43:27+00:00,2025-07-24 02:00:00+00:00,0.0,2025-07-23,2025,REG,PHX,ATL,1.0663540038214347,True,,0.47082505196940394,401736262,2529140,11,20,1,True,False,matched,7.0,2025-07-23,under,0.07134991994772533,1.78125,0.78125,1.0,False,False,False
2296,7ae382e0e612d06b1c23264a94dad212,2,Jordin Canada,jordincanada,ATL,assists,6.5,-130.0,-102.0,10,10,2025-07-23 05:43:28+00:00,2025-07-23 05:43:28+00:00,2025-07-23 05:43:28+00:00,2025-07-24 02:00:00+00:00,0.0,2025-07-23,2025,REG,PHX,ATL,1.0701678863538528,True,,0.5312123494364493,401736262,3142250,20,11,0,True,False,matched,6.0,2025-07-23,under,0.3149841107748556,1.9803921568627452,0.9803921568627452,1.0,False,False,False
2296,275c1e80c826430ed2812c0949761e93,177,Sami Whitcomb,samiwhitcomb,PHO,threes,1.5,-200.0,148.0,10,10,2025-07-23 05:43:28+00:00,2025-07-23 05:43:28+00:00,2025-07-23 05:43:28+00:00,2025-07-24 02:00:00+00:00,0.0,2025-07-23,2025,REG,PHX,ATL,1.0698924731182795,True,,0.6365014949541484,401736262,887,11,20,1,True,False,matched,3.0,2025-07-23,under,0.17183423051474334,2.48,-1.0,1.0,False,False,False
2296,56a7560daa3d46b28c9dcfbc65904cf2,49,Brionna Jones,brionnajones,ATL,points,13.5,100.0,-130.0,10,10,2025-07-23 05:43:28+00:00,2025-07-23 05:43:28+00:00,2025-07-23 05:43:28+00:00,2025-07-24 02:00:00+00:00,0.0,2025-07-23,2025,REG,PHX,ATL,1.065217391304348,True,,0.4663164946059025,401736262,3058895,20,11,0,True,False,matched,8.0,2025-07-23,under,0.11627360034774081,1.7692307692307692,0.7692307692307692,1.0,False,False,False
2296,bf76920384e67ec7e67674ab7cf1729b,54,Satou Sabally,satousabally,NYL,points,17.5,-122.0,-106.0,10,10,2025-07-23 05:43:29+00:00,2025-07-23 05:43:29+00:00,2025-07-23 05:43:29+00:00,2025-07-24 02:00:00+00:00,0.0,2025-07-23,2025,REG,PHX,ATL,1.064112656345666,True,,0.518058368553134,401736262,4281929,11,20,1,True,False,matched,13.0,2025-07-23,under,0.2184634770879652,1.9433962264150944,0.9433962264150944,1.0,False,False,False
2302,37569087159001b72644c9913fd241ac,528,Paige Bueckers,paigebueckers,DAL,points,17.5,-102.0,-128.0,10,10,2025-07-23 15:46:12+00:00,2025-07-23 15:46:12+00:00,2025-07-23 15:46:12+00:00,2025-07-26 02:00:00+00:00,0.0,2025-07-25,2025,REG,GSV,DAL,1.0663540038214347,True,,0.47082505196940394,401736268,4433730,3,129689,0,True,False,matched,17.0,2025-07-25,under,0.0629675143873688,1.78125,0.78125,1.0,False,False,False
2297,723dd803111c27813abf00fc5bc02105,103,A'ja Wilson,ajawilson,LVA,rebounds,9.5,-144.0,108.0,10,10,2025-07-23 17:01:02+00:00,2025-07-23 17:01:02+00:00,2025-07-23 17:01:02+00:00,2025-07-24 23:00:00+00:00,0.0,2025-07-24,2025,REG,IND,LVA,1.0709331651954601,True,,0.5566845205396996,401736264,3149391,17,5,0,True,False,matched,6.0,2025-07-24,under,0.18789632057747735,2.08,1.08,1.0,False,False,False
2297,1fcdaedfbdc4173aa573f47bfe7ded42,56,Natasha Howard,natashahoward,MIN,rebounds,5.5,-154.0,116.0,10,10,2025-07-23 19:22:32+00:00,2025-07-23 19:22:32+00:00,2025-07-23 19:22:32+00:00,2025-07-24 23:00:00+00:00,0.0,2025-07-24,2025,REG,IND,LVA,1.0692621755613883,True,,0.574207987656796,401736264,2529130,5,17,1,True,False,matched,13.0,2025-07-24,over,0.12718310496690577,1.6493506493506493,0.6493506493506493,1.0,False,False,False
2297,ba53da68595d1fe917bc32e30b7cd37f,70,Kelsey Mitchell,kelseymitchell,IND,threes,2.5,-114.0,-114.0,10,10,2025-07-23 19:22:33+00:00,2025-07-23 19:22:33+00:00,2025-07-23 19:22:33+00:00,2025-07-24 23:00:00+00:00,0.0,2025-07-24,2025,REG,IND,LVA,1.0654205607476634,True,,0.5000000000000001,401736264,3142191,5,17,1,True,False,matched,3.0,2025-07-24,under,0.12723347208718078,1.8771929824561404,-1.0,1.0,False,False,False
2298,498a312a123ef392c8e5132e3531870e,101,Kelsey Plum,kelseyplum,LAS,assists,5.5,130.0,-174.0,10,10,2025-07-23 19:39:12+00:00,2025-07-23 19:39:12+00:00,2025-07-23 19:39:12+00:00,2025-07-24 23:00:00+00:00,0.0,2025-07-24,2025,REG,CON,LAS,1.069819105046017,True,,0.3962729171732011,401736263,3065570,6,18,0,True,False,matched,6.0,2025-07-24,over,0.14672117422804243,2.3,1.2999999999999998,1.0,False,False,False
2298,3049948ba20b1d7b124214cd840dbef5,9,Tina Charles,tinacharles,FA,rebounds,6.5,124.0,-166.0,10,10,2025-07-23 19:45:08+00:00,2025-07-23 19:45:08+00:00,2025-07-23 19:45:08+00:00,2025-07-24 23:00:00+00:00,0.0,2025-07-24,2025,REG,CON,LAS,1.0704887218045114,True,,0.40796342297849103,401736263,918,18,6,1,True,False,matched,10.0,2025-07-24,over,0.13752418639512343,2.24,1.2400000000000002,1.0,False,False,False
2298,91c70d7fbba5fe1a70198512a49ac2e3,89,Dearica Hamby,dearicahamby,LAS,rebounds,7.5,104.0,-138.0,10,10,2025-07-23 19:49:08+00:00,2025-07-23 19:49:08+00:00,2025-07-23 19:49:08+00:00,2025-07-24 23:00:00+00:00,0.0,2025-07-24,2025,REG,CON,LAS,1.0700280112044818,True,,0.4535791638529251,401736263,2566106,6,18,0,True,False,matched,11.0,2025-07-24,over,0.17101223143072086,2.04,1.04,1.0,False,False,False
2298,878b03832bef6f24e751e8c8813bcf61,22,Marina Mabrey,marinamabrey,TOR,threes,1.5,116.0,-154.0,10,10,2025-07-23 19:57:10+00:00,2025-07-23 19:57:10+00:00,2025-07-23 19:57:10+00:00,2025-07-24 23:00:00+00:00,0.0,2025-07-24,2025,REG,CON,LAS,1.0692621755613883,True,,0.425792012343204,401736263,3904576,18,6,1,True,False,matched,2.0,2025-07-24,over,0.4294100128095262,2.16,1.1600000000000001,1.0,False,False,False
2297,e8e72b9d6549dc14b18fedc376a5023b,107,Chelsea Gray,chelseagray,LVA,rebounds,3.5,134.0,-180.0,10,10,2025-07-23 19:57:10+00:00,2025-07-23 19:57:10+00:00,2025-07-23 19:57:10+00:00,2025-07-24 23:00:00+00:00,0.0,2025-07-24,2025,REG,IND,LVA,1.0702075702075702,True,,0.38834080463047865,401736264,2529122,17,5,0,True,False,matched,3.0,2025-07-24,over,0.15839359767923744,2.34,-1.0,1.0,False,False,False
2299,8cac7d8bf8573608fc587cd17568acc9,66,Erica Wheeler,ericawheeler,LAS,points,11.5,-130.0,100.0,10,10,2025-07-23 20:28:14+00:00,2025-07-23 20:28:14+00:00,2025-07-23 20:28:14+00:00,2025-07-25 00:30:00+00:00,0.0,2025-07-24,2025,REG,CHI,SEA,1.065217391304348,True,,0.5336835053940976,401736265,2491214,14,19,0,True,False,matched,13.0,2025-07-24,under,0.31169340803594386,2.0,-1.0,1.0,False,False,False
2299,ea8c5ad120528fd277c15312a53c5e76,208,Gabby Williams,gabbywilliams,GSV,threes,1.5,-106.0,-125.0,10,10,2025-07-23 20:28:14+00:00,2025-07-23 20:28:14+00:00,2025-07-23 20:28:14+00:00,2025-07-25 00:30:00+00:00,0.0,2025-07-24,2025,REG,CHI,SEA,1.070118662351672,True,,0.4787708928615623,401736265,3142328,14,19,0,True,False,matched,0.0,2025-07-24,under,0.2596183149785942,1.8,0.8,1.0,False,False,False
2299,e8ee220b9ba18b62aaac74fc5e378e5d,176,Ezi Magbegor,ezimagbegor,SEA,rebounds,6.5,-132.0,100.0,10,10,2025-07-23 20:28:14+00:00,2025-07-23 20:28:14+00:00,2025-07-23 20:28:14+00:00,2025-07-25 00:30:00+00:00,0.0,2025-07-24,2025,REG,CHI,SEA,1.0689655172413794,True,,0.5356937238338165,401736265,4420318,14,19,0,True,False,matched,5.0,2025-07-24,under,0.11859897510147005,2.0,1.0,1.0,False,False,False
2299,3a4770787bd105554aaab2e97fb453cc,180,Nneka Ogwumike,nnekaogwumike,LAS,points,18.5,-120.0,-108.0,10,10,2025-07-23 20:28:15+00:00,2025-07-23 20:28:15+00:00,2025-07-23 20:28:15+00:00,2025-07-25 00:30:00+00:00,0.0,2025-07-24,2025,REG,CHI,SEA,1.0646853146853146,True,,0.5135396953663074,401736265,1068,14,19,0,True,False,matched,10.0,2025-07-24,under,0.2176811283453955,1.925925925925926,0.925925925925926,1.0,False,False,False
2299,25adf20f09d58ee6eb6f133d8faa58f3,36,Rachel Banham,rachelbanham,CHI,points,10.5,-115.0,-113.0,10,10,2025-07-23 20:32:47+00:00,2025-07-23 20:32:47+00:00,2025-07-23 20:32:47+00:00,2025-07-25 00:30:00+00:00,0.0,2025-07-24,2025,REG,CHI,SEA,1.0654001528551151,True,,0.5022557674006809,401736265,2566186,19,14,1,True,False,matched,13.0,2025-07-24,under,0.24838671483220165,1.8849557522123894,-1.0,1.0,False,False,False
2299,6b24f4e9545a95a206141145fac2bc0c,26,Angel Reese,angelreese,ATL,rebounds,12.5,-106.0,-125.0,10,10,2025-07-23 20:32:47+00:00,2025-07-23 20:32:47+00:00,2025-07-23 20:32:47+00:00,2025-07-25 00:30:00+00:00,0.0,2025-07-24,2025,REG,CHI,SEA,1.070118662351672,True,,0.4787708928615623,401736265,4433402,19,14,1,True,True,did_not_play,,2025-07-24,under,0.1967668599291149,1.8,0.0,0.0,False,True,False
2296,1404b30ff9452acafe839cc4759c91db,148,Brittney Griner,brittneygriner,CON,points,10.5,-125.0,-104.0,10,10,2025-07-23 23:10:54+00:00,2025-07-23 23:10:54+00:00,2025-07-23 23:10:54+00:00,2025-07-24 02:00:00+00:00,0.0,2025-07-23,2025,REG,PHX,ATL,1.065359477124183,True,,0.5236312520088393,401736262,2490553,20,11,0,True,False,matched,17.0,2025-07-23,under,0.09475768641750609,1.9615384615384617,-1.0,1.0,False,False,False
2297,33c9450ef42ce742a8811806a9421458,73,NaLyssa Smith,nalyssasmith,LVA,rebounds,4.5,-125.0,-106.0,10,10,2025-07-24 00:04:01+00:00,2025-07-24 00:04:01+00:00,2025-07-24 00:04:01+00:00,2025-07-24 23:00:00+00:00,0.0,2025-07-24,2025,REG,IND,LVA,1.070118662351672,True,,0.5212291071384377,401736264,4398776,17,5,0,True,False,matched,10.0,2025-07-24,over,0.1408137098349609,1.8,0.8,1.0,False,False,False
2297,0ccebbef2dfe8b54d5146fd4e83b0ed7,88,Aari McDonald,aarimcdonald,FA,assists,4.5,-152.0,114.0,10,10,2025-07-24 00:04:02+00:00,2025-07-24 00:04:02+00:00,2025-07-24 00:04:02+00:00,2025-07-24 23:00:00+00:00,0.0,2025-07-24,2025,REG,IND,LVA,1.0704643228007713,True,,0.5703965275254933,401736264,4066553,5,17,1,True,False,matched,4.0,2025-07-24,under,0.1288828556114306,2.1399999999999997,1.1399999999999997,1.0,False,False,False
2297,42bf16f0c7c66caaa7c9afd287bb8976,156,Sophie Cunningham,sophiecunningham,IND,points,9.5,-108.0,-120.0,10,10,2025-07-24 00:04:02+00:00,2025-07-24 00:04:02+00:00,2025-07-24 00:04:02+00:00,2025-07-24 23:00:00+00:00,0.0,2025-07-24,2025,REG,IND,LVA,1.0646853146853146,True,,0.48646030463369283,401736264,3907781,5,17,1,True,False,matched,15.0,2025-07-24,under,0.1132528936051807,1.8333333333333335,-1.0,1.0,False,False,False
2298,8906a228d0d30216c8ab7623b20b5dde,43,Olivia Nelson-Ododa,olivianelsonododa,CON,points,8.5,-115.0,-125.0,33,33,2025-07-24 00:04:46+00:00,2025-07-24 00:04:46+00:00,2025-07-24 00:04:46+00:00,2025-07-24 23:00:00+00:00,0.0,2025-07-24,2025,REG,CON,LAS,1.0904392764857882,True,,0.489168290835087,401736263,4398966,18,6,1,True,False,matched,17.0,2025-07-24,under,0.2429101278486397,1.8,-1.0,1.0,False,False,False
2302,2a89af0705ae87a38ae817eb71bbedd7,530,JJ Quinerly,jjquinerly,FA,points,12.5,102.0,-132.0,10,10,2025-07-24 00:48:33+00:00,2025-07-24 00:48:33+00:00,2025-07-24 00:48:33+00:00,2025-07-26 02:00:00+00:00,0.0,2025-07-25,2025,REG,GSV,DAL,1.0640150221918745,True,,0.4618487426836327,401736268,4434015,3,129689,0,True,False,matched,3.0,2025-07-25,under,0.20126583670016235,1.7575757575757576,0.7575757575757576,1.0,False,False,False
2302,0e6a3bb47f2f226da11acc29fe91cde9,221,Tiffany Hayes,tiffanyhayes,GSV,assists,3.5,132.0,-178.0,10,10,2025-07-24 00:48:33+00:00,2025-07-24 00:48:33+00:00,2025-07-24 00:48:33+00:00,2025-07-26 02:00:00+00:00,0.0,2025-07-25,2025,REG,GSV,DAL,1.0713222525427932,True,,0.39151484883498083,401736268,1054,129689,3,1,True,False,matched,5.0,2025-07-25,under,0.1795285645854089,1.5617977528089888,-1.0,1.0,False,False,False
2302,2aec357149cd62a2a071aef4bfef3692,55,Veronica Burton,veronicaburton,GSV,assists,5.5,-144.0,108.0,10,10,2025-07-24 00:48:34+00:00,2025-07-24 00:48:34+00:00,2025-07-24 00:48:34+00:00,2025-07-26 02:00:00+00:00,0.0,2025-07-25,2025,REG,GSV,DAL,1.0709331651954601,True,,0.5566845205396996,401736268,4398935,129689,3,1,True,False,matched,3.0,2025-07-25,under,0.3720477652574008,2.08,1.08,1.0,False,False,False
2299,64f55fac1f07bc529e69cecd17f8cdd4,30,Kamilla Cardoso,kamillacardoso,CHI,points,12.5,-130.0,100.0,12,12,2025-07-24 01:05:35+00:00,2025-07-24 01:05:35+00:00,2025-07-24 01:05:35+00:00,2025-07-25 00:30:00+00:00,0.0,2025-07-24,2025,REG,CHI,SEA,1.065217391304348,True,,0.5336835053940976,401736265,4433405,19,14,1,True,False,matched,13.0,2025-07-24,under,0.25420648392741707,2.0,-1.0,1.0,False,False,False
2298,3a4c077848b7fa6e731b2e5efa4dc35a,518,Saniya Rivers,saniyarivers,CON,threes,1.5,210.0,-270.0,24,24,2025-07-24 06:39:13+00:00,2025-07-24 06:39:13+00:00,2025-07-24 06:39:13+00:00,2025-07-24 23:00:00+00:00,0.0,2025-07-24,2025,REG,CON,LAS,1.05231037489102,True,,0.29094669688776803,401736263,4433514,18,6,1,True,False,matched,0.0,2025-07-24,under,0.06498472241810688,1.3703703703703702,0.37037037037037024,1.0,False,False,False
2301,1a8cee36725daa7ce44d281546956de8,137,Breanna Stewart,breannastewart,NYL,rebounds,6.5,-132.0,100.0,10,10,2025-07-24 07:28:07+00:00,2025-07-24 07:28:07+00:00,2025-07-24 07:28:07+00:00,2025-07-25 23:30:00+00:00,0.0,2025-07-25,2025,REG,NYL,PHX,1.0689655172413794,True,,0.5356937238338165,401736266,2998928,9,11,1,True,False,matched,8.0,2025-07-25,over,0.15616273301830308,1.7575757575757576,0.7575757575757576,1.0,False,False,False
2301,a7bc6dfb45e1c8e026739491a6d2fd6f,132,Sabrina Ionescu,sabrinaionescu,NYL,points,17.5,-128.0,-102.0,10,10,2025-07-24 07:28:07+00:00,2025-07-24 07:28:07+00:00,2025-07-24 07:28:07+00:00,2025-07-25 23:30:00+00:00,0.0,2025-07-25,2025,REG,NYL,PHX,1.0663540038214347,True,,0.5291749480305961,401736266,4066533,9,11,1,True,False,matched,29.0,2025-07-25,under,0.1138213011181538,1.9803921568627452,-1.0,1.0,False,False,False
2301,f32c76a70499037031a57cf997072330,141,Jonquel Jones,jonqueljones,NYL,points,12.5,-114.0,-114.0,10,10,2025-07-24 07:28:07+00:00,2025-07-24 07:28:07+00:00,2025-07-24 07:28:07+00:00,2025-07-25 23:30:00+00:00,0.0,2025-07-25,2025,REG,NYL,PHX,1.0654205607476634,True,,0.5000000000000001,401736266,2999101,9,11,1,True,False,matched,20.0,2025-07-25,under,0.11213492045230133,1.8771929824561404,-1.0,1.0,False,False,False
2301,adf2e3128b2f47fe090bce59b6f587db,40,Alyssa Thomas,alyssathomas,PHO,assists,9.5,106.0,-140.0,10,10,2025-07-24 07:28:08+00:00,2025-07-24 07:28:08+00:00,2025-07-24 07:28:08+00:00,2025-07-25 23:30:00+00:00,0.0,2025-07-25,2025,REG,NYL,PHX,1.0687702265372168,True,,0.44933614350623635,401736266,2529140,11,9,0,True,False,matched,8.0,2025-07-25,under,0.206682659829804,1.7142857142857144,0.7142857142857144,1.0,False,False,False
2301,a616682da556a680f1f50db4434dc8b2,155,Kahleah Copper,kahleahcopper,PHO,rebounds,3.5,104.0,-138.0,10,10,2025-07-24 07:28:08+00:00,2025-07-24 07:28:08+00:00,2025-07-24 07:28:08+00:00,2025-07-25 23:30:00+00:00,0.0,2025-07-25,2025,REG,NYL,PHX,1.0700280112044818,True,,0.4535791638529251,401736266,2998938,11,9,0,True,False,matched,3.0,2025-07-25,over,0.1649443108047287,2.04,-1.0,1.0,False,False,False
2301,3f72e7d01a5c7375e4357d5532f79429,54,Satou Sabally,satousabally,NYL,points,17.5,-102.0,-128.0,10,10,2025-07-24 07:28:08+00:00,2025-07-24 07:28:08+00:00,2025-07-24 07:28:08+00:00,2025-07-25 23:30:00+00:00,0.0,2025-07-25,2025,REG,NYL,PHX,1.0663540038214347,True,,0.47082505196940394,401736266,4281929,11,9,0,True,False,matched,6.0,2025-07-25,under,0.10832191160377647,1.78125,0.78125,1.0,False,False,False
2299,1e9e858f66cd887813ef92bff61b4e0f,175,Skylar Diggins,skylardiggins,CHI,threes,1.5,104.0,-138.0,10,10,2025-07-24 18:48:10+00:00,2025-07-24 18:48:10+00:00,2025-07-24 18:48:10+00:00,2025-07-25 00:30:00+00:00,0.0,2025-07-24,2025,REG,CHI,SEA,1.0700280112044818,True,,0.4535791638529251,401736265,2491205,14,19,0,True,False,matched,3.0,2025-07-24,under,0.09929468322038826,1.7246376811594204,-1.0,1.0,False,False,False
2300,bcc820321881c0548eec70f888ef3718,103,A'ja Wilson,ajawilson,LVA,points,21.5,-122.0,-106.0,10,10,2025-07-25 04:07:42+00:00,2025-07-25 04:07:42+00:00,2025-07-25 04:07:42+00:00,2025-07-25 23:30:00+00:00,0.0,2025-07-25,2025,REG,MIN,LVA,1.064112656345666,True,,0.518058368553134,401736267,3149391,17,8,0,True,False,matched,15.0,2025-07-25,under,0.15970742146538486,1.9433962264150944,0.9433962264150944,1.0,False,False,False
2300,72079510488c99e5b5156ed4e56be19c,117,Courtney Williams,courtneywilliams,MIN,threes,1.5,194.0,-270.0,10,10,2025-07-25 04:07:42+00:00,2025-07-25 04:07:42+00:00,2025-07-25 04:07:42+00:00,2025-07-25 23:30:00+00:00,0.0,2025-07-25,2025,REG,MIN,LVA,1.0698657841514985,True,,0.2979582365398174,401736267,2987891,8,17,1,True,False,matched,3.0,2025-07-25,over,0.10883982626877753,2.94,1.94,1.0,False,False,False
2300,775c47e793154e3dd8ab10181a6b43f9,125,Kayla McBride,kaylamcbride,MIN,points,14.5,-108.0,-120.0,10,10,2025-07-25 04:07:42+00:00,2025-07-25 04:07:42+00:00,2025-07-25 04:07:42+00:00,2025-07-25 23:30:00+00:00,0.0,2025-07-25,2025,REG,MIN,LVA,1.0646853146853146,True,,0.48646030463369283,401736267,2529205,8,17,1,True,False,matched,13.0,2025-07-25,under,0.09786159870489458,1.8333333333333335,0.8333333333333335,1.0,False,False,False
2300,319c475aa07f653b98a1fbb95be507e9,112,Napheesa Collier,napheesacollier,MIN,points,20.5,-110.0,-118.0,10,10,2025-07-25 04:07:42+00:00,2025-07-25 04:07:42+00:00,2025-07-25 04:07:42+00:00,2025-07-25 23:30:00+00:00,0.0,2025-07-25,2025,REG,MIN,LVA,1.0650939274792486,True,,0.4909754767731684,401736267,3917450,8,17,1,True,False,matched,25.0,2025-07-25,under,0.07023227120190795,1.847457627118644,-1.0,1.0,False,False,False
2300,e86e86c8f22fcd31683968fa52e13ad1,166,Jewell Loyd,jewellloyd,LVA,threes,1.5,148.0,-200.0,10,10,2025-07-25 05:07:56+00:00,2025-07-25 05:07:56+00:00,2025-07-25 05:07:56+00:00,2025-07-25 23:30:00+00:00,0.0,2025-07-25,2025,REG,MIN,LVA,1.0698924731182795,True,,0.3634985050458517,401736267,2987869,17,8,0,True,False,matched,0.0,2025-07-25,over,0.15714581774539527,2.48,-1.0,1.0,False,False,False
2300,c42cc6d57472f55a8e6aab587ba5aab3,121,Alanna Smith,alannasmith,DAL,points,9.5,-102.0,-128.0,10,10,2025-07-25 05:20:04+00:00,2025-07-25 05:20:04+00:00,2025-07-25 05:20:04+00:00,2025-07-25 23:30:00+00:00,0.0,2025-07-25,2025,REG,MIN,LVA,1.0663540038214347,True,,0.47082505196940394,401736267,3913881,8,17,1,True,False,matched,4.0,2025-07-25,under,0.10135760456809095,1.78125,0.78125,1.0,False,False,False
2302,0213b5cf0068f9942a6affe7692f2c8c,537,Janelle Salaun,janellesalaun,GSV,rebounds,5.5,104.0,-138.0,10,10,2025-07-25 06:07:57+00:00,2025-07-25 06:07:57+00:00,2025-07-25 06:07:57+00:00,2025-07-26 02:00:00+00:00,0.0,2025-07-25,2025,REG,GSV,DAL,1.0700280112044818,True,,0.4535791638529251,401736268,4790264,129689,3,1,True,False,matched,7.0,2025-07-25,under,0.5150495468873589,1.7246376811594204,-1.0,1.0,False,False,False
2304,8debbe819fb1d79d8b434a1264f8158d,182,Brittney Sykes,brittneysykes,TOR,assists,4.5,-115.0,-115.0,24,24,2025-07-25 15:13:28+00:00,2025-07-25 15:13:28+00:00,2025-07-25 15:13:28+00:00,2025-07-26 23:30:00+00:00,0.0,2025-07-26,2025,REG,WAS,SEA,1.0697674418604652,True,,0.5,401736271,2988756,16,14,1,True,False,matched,5.0,2025-07-26,under,0.1521446936603063,1.8695652173913042,-1.0,1.0,False,False,False
2304,4f2ca2d2f684dfb97d6cddae820316cf,208,Gabby Williams,gabbywilliams,GSV,assists,4.5,-135.0,105.0,24,24,2025-07-25 15:13:28+00:00,2025-07-25 15:13:28+00:00,2025-07-25 15:13:28+00:00,2025-07-26 23:30:00+00:00,0.0,2025-07-26,2025,REG,WAS,SEA,1.0622729631551635,True,,0.5446886059829622,401736271,3142328,14,16,0,True,False,matched,1.0,2025-07-26,under,0.06330916977509832,2.05,1.0499999999999998,1.0,False,False,False
2304,d50a92c67d68ef2e5c03c52e128b615a,573,Sonia Citron,soniacitron,WAS,threes,1.5,-115.0,-115.0,24,24,2025-07-25 15:17:43+00:00,2025-07-25 15:17:43+00:00,2025-07-25 15:17:43+00:00,2025-07-26 23:30:00+00:00,0.0,2025-07-26,2025,REG,WAS,SEA,1.0697674418604652,True,,0.5,401736271,4433524,16,14,1,True,False,matched,0.0,2025-07-26,under,0.08852595141617658,1.8695652173913042,0.8695652173913042,1.0,False,False,False
2300,807ce2102e72f87d4dd51aa858d752c4,73,NaLyssa Smith,nalyssasmith,LVA,rebounds,5.5,110.0,-146.0,10,10,2025-07-25 16:37:34+00:00,2025-07-25 16:37:34+00:00,2025-07-25 16:37:34+00:00,2025-07-25 23:30:00+00:00,0.0,2025-07-25,2025,REG,MIN,LVA,1.0696864111498257,True,,0.4392579960949788,401736267,4398776,17,8,0,True,False,matched,5.0,2025-07-25,over,0.18772052539122508,2.1,-1.0,1.0,False,False,False
2300,2dfcbbe827a3316abff0683e4b3fde8e,102,Jackie Young,jackieyoung,LVA,assists,3.5,-125.0,-106.0,10,10,2025-07-25 16:37:35+00:00,2025-07-25 16:37:35+00:00,2025-07-25 16:37:35+00:00,2025-07-25 23:30:00+00:00,0.0,2025-07-25,2025,REG,MIN,LVA,1.070118662351672,True,,0.5212291071384377,401736267,4065870,17,8,0,True,False,matched,5.0,2025-07-25,over,0.0907713848469423,1.8,0.8,1.0,False,False,False
2304,abdce0b1bb8244d7fcbbbeb8e49129ab,180,Nneka Ogwumike,nnekaogwumike,LAS,rebounds,6.5,-125.0,-106.0,10,10,2025-07-25 19:27:52+00:00,2025-07-25 19:27:52+00:00,2025-07-25 19:27:52+00:00,2025-07-26 23:30:00+00:00,0.0,2025-07-26,2025,REG,WAS,SEA,1.070118662351672,True,,0.5212291071384377,401736271,1068,14,16,0,True,False,matched,5.0,2025-07-26,under,0.17735444431501995,1.9433962264150944,0.9433962264150944,1.0,False,False,False
2304,8802b6084aecff849b07c8eca39167b6,196,Shakira Austin,shakiraaustin,WAS,points,14.5,-102.0,-128.0,10,10,2025-07-25 20:24:00+00:00,2025-07-25 20:24:00+00:00,2025-07-25 20:24:00+00:00,2025-07-26 23:30:00+00:00,0.0,2025-07-26,2025,REG,WAS,SEA,1.0663540038214347,True,,0.47082505196940394,401736271,4398911,16,14,1,True,False,matched,14.0,2025-07-26,under,0.10302155994305806,1.78125,0.78125,1.0,False,False,False
2304,40325a5b57b116e89a926b4a85d32bcd,176,Ezi Magbegor,ezimagbegor,SEA,rebounds,6.5,-130.0,-102.0,10,10,2025-07-26 00:51:03+00:00,2025-07-26 00:51:03+00:00,2025-07-26 00:51:03+00:00,2025-07-26 23:30:00+00:00,0.0,2025-07-26,2025,REG,WAS,SEA,1.0701678863538528,True,,0.5312123494364493,401736271,4420318,14,16,0,True,False,matched,3.0,2025-07-26,under,0.1456131845922733,1.9803921568627452,0.9803921568627452,1.0,False,False,False
2304,51f69928c7a3ddc7b0623ae49d366921,66,Erica Wheeler,ericawheeler,LAS,points,10.5,-130.0,100.0,10,10,2025-07-26 00:51:04+00:00,2025-07-26 00:51:04+00:00,2025-07-26 00:51:04+00:00,2025-07-26 23:30:00+00:00,0.0,2025-07-26,2025,REG,WAS,SEA,1.065217391304348,True,,0.5336835053940976,401736271,2491214,14,16,0,True,False,matched,12.0,2025-07-26,under,0.22132255946510954,2.0,-1.0,1.0,False,False,False
2304,6c6290820426101b0ced6759496be155,572,Kiki Iriafen,kikiiriafen,WAS,points,10.5,-110.0,-120.0,10,10,2025-07-26 00:59:46+00:00,2025-07-26 00:59:46+00:00,2025-07-26 00:59:46+00:00,2025-07-26 23:30:00+00:00,0.0,2025-07-26,2025,REG,WAS,SEA,1.0692640692640691,True,,0.4887959885212434,401736271,4898384,16,14,1,True,False,matched,7.0,2025-07-26,under,0.08964576980338274,1.8333333333333335,0.8333333333333335,1.0,False,False,False
2302,65e196a9a3be0896b030260d191ec84a,120,Cecilia Zandalasini,ceciliazandalasini,GSV,points,11.5,-104.0,-125.0,10,10,2025-07-26 01:47:48+00:00,2025-07-26 01:47:48+00:00,2025-07-26 01:47:48+00:00,2025-07-26 02:00:00+00:00,0.0,2025-07-25,2025,REG,GSV,DAL,1.065359477124183,True,,0.4763687479911608,401736268,4257500,129689,3,1,True,False,matched,10.0,2025-07-25,under,0.5074163952292654,1.8,0.8,1.0,False,False,False
2303,ab3a9f2767ce0d0b46bf47d1fbe9d946,147,Leonie Fiebich,leoniefiebich,NYL,points,6.5,-113.0,-115.0,10,10,2025-07-26 03:42:19+00:00,2025-07-26 03:42:19+00:00,2025-07-26 03:42:19+00:00,2025-07-26 23:00:00+00:00,0.0,2025-07-26,2025,REG,NYL,LAS,1.0654001528551151,True,,0.49774423259931944,401736270,4683006,9,6,1,True,False,matched,10.0,2025-07-26,over,0.2995376182176308,1.8849557522123894,0.8849557522123894,1.0,False,False,False
2303,13e530bd3c42e26cef34311e7bef1695,132,Sabrina Ionescu,sabrinaionescu,NYL,threes,2.5,-158.0,118.0,10,10,2025-07-26 03:42:19+00:00,2025-07-26 03:42:19+00:00,2025-07-26 03:42:19+00:00,2025-07-26 23:00:00+00:00,0.0,2025-07-26,2025,REG,NYL,LAS,1.0711186971054691,True,,0.5796527091990534,401736270,4066533,9,6,1,True,False,matched,2.0,2025-07-26,under,0.16954856353714998,2.1799999999999997,1.1799999999999997,1.0,False,False,False
2303,cf7659314a602e279e2366beb5902492,94,Rickea Jackson,rickeajackson,CHI,rebounds,3.5,-125.0,-106.0,10,10,2025-07-26 03:42:19+00:00,2025-07-26 03:42:19+00:00,2025-07-26 03:42:19+00:00,2025-07-26 23:00:00+00:00,0.0,2025-07-26,2025,REG,NYL,LAS,1.070118662351672,True,,0.5212291071384377,401736270,4433630,6,9,0,True,False,matched,3.0,2025-07-26,under,0.1271824270494631,1.9433962264150944,0.9433962264150944,1.0,False,False,False
2303,5af787e729a645bac241e45d711af24f,137,Breanna Stewart,breannastewart,NYL,rebounds,6.5,-122.0,-108.0,10,10,2025-07-26 03:42:19+00:00,2025-07-26 03:42:19+00:00,2025-07-26 03:42:19+00:00,2025-07-26 23:00:00+00:00,0.0,2025-07-26,2025,REG,NYL,LAS,1.0687803187803186,True,,0.5156895960912058,401736270,2998928,9,6,1,True,False,matched,1.0,2025-07-26,over,0.1251133265711587,1.819672131147541,-1.0,1.0,False,False,False
2303,3fac7419c3a392f4361f5df38e7ec839,82,Azura Stevens,azurastevens,CHI,threes,1.5,-166.0,124.0,10,10,2025-07-26 03:42:20+00:00,2025-07-26 03:42:20+00:00,2025-07-26 03:42:20+00:00,2025-07-26 23:00:00+00:00,0.0,2025-07-26,2025,REG,NYL,LAS,1.0704887218045114,True,,0.5920365770215091,401736270,3142010,6,9,0,True,False,matched,0.0,2025-07-26,under,0.25402552892091285,2.24,1.2400000000000002,1.0,False,False,False
2303,32b67d1c784e42c6abbbfa1b9c62cc86,141,Jonquel Jones,jonqueljones,NYL,threes,1.5,100.0,-132.0,10,10,2025-07-26 03:42:20+00:00,2025-07-26 03:42:20+00:00,2025-07-26 03:42:20+00:00,2025-07-26 23:00:00+00:00,0.0,2025-07-26,2025,REG,NYL,LAS,1.0689655172413794,True,,0.46430627616618364,401736270,2999101,9,6,1,True,False,matched,2.0,2025-07-26,under,0.18605621176555193,1.7575757575757576,-1.0,1.0,False,False,False
2305,4c7fbfbc64e299b2c8708fa5364be1d6,537,Janelle Salaun,janellesalaun,GSV,rebounds,5.5,-125.0,-106.0,10,10,2025-07-26 06:03:22+00:00,2025-07-26 06:03:22+00:00,2025-07-26 06:03:22+00:00,2025-07-27 17:00:00+00:00,0.0,2025-07-27,2025,REG,CON,GSV,1.070118662351672,True,,0.5212291071384377,401736272,4790264,129689,18,0,True,False,matched,3.0,2025-07-27,under,0.7049668732037644,1.9433962264150944,0.9433962264150944,1.0,False,False,False
2305,29594615b22e27d86709d3a2ccb340a4,55,Veronica Burton,veronicaburton,GSV,assists,5.5,-122.0,-108.0,10,10,2025-07-26 06:03:22+00:00,2025-07-26 06:03:22+00:00,2025-07-26 06:03:22+00:00,2025-07-27 17:00:00+00:00,0.0,2025-07-27,2025,REG,CON,GSV,1.0687803187803186,True,,0.5156895960912058,401736272,4398935,129689,18,0,True,False,matched,3.0,2025-07-27,under,0.3625914866689976,1.925925925925926,0.925925925925926,1.0,False,False,False
2305,292f137fc1e00bf21aa31a0f6ac49f1f,221,Tiffany Hayes,tiffanyhayes,GSV,points,14.5,-114.0,-114.0,10,10,2025-07-26 06:03:22+00:00,2025-07-26 06:03:22+00:00,2025-07-26 06:03:22+00:00,2025-07-27 17:00:00+00:00,0.0,2025-07-27,2025,REG,CON,GSV,1.0654205607476634,True,,0.5000000000000001,401736272,1054,129689,18,0,True,False,matched,4.0,2025-07-27,under,0.3547604783254796,1.8771929824561404,0.8771929824561404,1.0,False,False,False
2305,4e67480de46bdbdd4d15e7e2a2c8413f,9,Tina Charles,tinacharles,FA,rebounds,6.5,118.0,-158.0,10,10,2025-07-26 06:03:22+00:00,2025-07-26 06:03:22+00:00,2025-07-26 06:03:22+00:00,2025-07-27 17:00:00+00:00,0.0,2025-07-27,2025,REG,CON,GSV,1.0711186971054691,True,,0.42034729080094674,401736272,918,18,129689,1,True,False,matched,6.0,2025-07-27,over,0.2974967366128133,2.1799999999999997,-1.0,1.0,False,False,False
2306,125d53e8216a51680f4079f7a408609d,156,Sophie Cunningham,sophiecunningham,IND,threes,1.5,-162.0,122.0,10,10,2025-07-27 03:42:49+00:00,2025-07-27 03:42:49+00:00,2025-07-27 03:42:49+00:00,2025-07-27 19:00:00+00:00,0.0,2025-07-27,2025,REG,CHI,IND,1.0687710611374732,True,,0.5868918088955871,401736269,3907781,5,19,0,True,False,matched,1.0,2025-07-27,under,0.10880485778889959,2.2199999999999998,1.2199999999999998,1.0,False,False,False
2306,7e32a4e7d48d6fa2fba473bece9d03c5,70,Kelsey Mitchell,kelseymitchell,IND,points,20.5,-113.0,-115.0,10,10,2025-07-27 03:42:49+00:00,2025-07-27 03:42:49+00:00,2025-07-27 03:42:49+00:00,2025-07-27 19:00:00+00:00,0.0,2025-07-27,2025,REG,CHI,IND,1.0654001528551151,True,,0.49774423259931944,401736269,3142191,5,19,0,True,False,matched,35.0,2025-07-27,under,0.10269868525609943,1.8695652173913042,-1.0,1.0,False,False,False
2306,d19f453f3d645831811370177aacff30,88,Aari McDonald,aarimcdonald,FA,assists,4.5,-144.0,108.0,10,10,2025-07-27 03:42:50+00:00,2025-07-27 03:42:50+00:00,2025-07-27 03:42:50+00:00,2025-07-27 19:00:00+00:00,0.0,2025-07-27,2025,REG,CHI,IND,1.0709331651954601,True,,0.5566845205396996,401736269,4066553,5,19,0,True,False,matched,4.0,2025-07-27,under,0.3260680853274425,2.08,1.08,1.0,False,False,False
2306,ad255cb67fcd7df2155644490d84216c,26,Angel Reese,angelreese,ATL,rebounds,12.5,106.0,-140.0,10,10,2025-07-27 03:42:50+00:00,2025-07-27 03:42:50+00:00,2025-07-27 03:42:50+00:00,2025-07-27 19:00:00+00:00,0.0,2025-07-27,2025,REG,CHI,IND,1.0687702265372168,True,,0.44933614350623635,401736269,4433402,19,5,1,True,True,did_not_play,,2025-07-27,under,0.14510320550802847,1.7142857142857144,0.0,0.0,False,True,False
2306,63f1542af8d5247f4dee23373d9f240a,56,Natasha Howard,natashahoward,MIN,points,12.5,-128.0,-102.0,10,10,2025-07-27 03:42:50+00:00,2025-07-27 03:42:50+00:00,2025-07-27 03:42:50+00:00,2025-07-27 19:00:00+00:00,0.0,2025-07-27,2025,REG,CHI,IND,1.0663540038214347,True,,0.5291749480305961,401736269,2529130,5,19,0,True,False,matched,0.0,2025-07-27,under,0.10498580109602129,1.9803921568627452,0.9803921568627452,1.0,False,False,False
2306,7e0037035edb609962520e2a67c57b09,71,Aliyah Boston,aliyahboston,IND,points,15.5,-110.0,-118.0,10,10,2025-07-27 03:42:50+00:00,2025-07-27 03:42:50+00:00,2025-07-27 03:42:50+00:00,2025-07-27 19:00:00+00:00,0.0,2025-07-27,2025,REG,CHI,IND,1.0650939274792486,True,,0.4909754767731684,401736269,4432831,5,19,0,True,False,matched,14.0,2025-07-27,under,0.08171040973810562,1.847457627118644,0.847457627118644,1.0,False,False,False
2305,973c8084580b2565b1598d292bd19742,22,Marina Mabrey,marinamabrey,TOR,threes,1.5,-114.0,-114.0,10,10,2025-07-27 03:55:38+00:00,2025-07-27 03:55:38+00:00,2025-07-27 03:55:38+00:00,2025-07-27 17:00:00+00:00,0.0,2025-07-27,2025,REG,CON,GSV,1.0654205607476634,True,,0.5000000000000001,401736272,3904576,18,129689,1,True,False,matched,2.0,2025-07-27,over,0.1773766903282577,1.8771929824561404,0.8771929824561404,1.0,False,False,False
2308,9e1313f0ec4d8cc38b81d7a7de5fd301,573,Sonia Citron,soniacitron,WAS,threes,1.5,164.0,-225.0,10,10,2025-07-27 03:59:46+00:00,2025-07-27 03:59:46+00:00,2025-07-27 03:59:46+00:00,2025-07-27 22:00:00+00:00,0.0,2025-07-27,2025,REG,WAS,PHX,1.0710955710955712,True,,0.33738864980507277,401736274,4433524,16,11,1,True,False,matched,0.0,2025-07-27,over,0.2098493494429211,2.6399999999999997,-1.0,1.0,False,False,False
2308,e32d7c93a1359f8562cfc26a10b0fa87,54,Satou Sabally,satousabally,NYL,threes,1.5,-188.0,140.0,10,10,2025-07-27 03:59:46+00:00,2025-07-27 03:59:46+00:00,2025-07-27 03:59:46+00:00,2025-07-27 22:00:00+00:00,0.0,2025-07-27,2025,REG,WAS,PHX,1.0694444444444444,True,,0.6222928210344938,401736274,4281929,11,16,0,True,False,matched,0.0,2025-07-27,under,0.16938377061463683,2.4,1.4,1.0,False,False,False
2308,b2ccd77fc976cfbb899db60991213706,182,Brittney Sykes,brittneysykes,TOR,rebounds,3.5,128.0,-172.0,10,10,2025-07-27 03:59:46+00:00,2025-07-27 03:59:46+00:00,2025-07-27 03:59:46+00:00,2025-07-27 22:00:00+00:00,0.0,2025-07-27,2025,REG,WAS,PHX,1.0709494324045408,True,,0.39957653069922067,401736274,2988756,16,11,1,True,False,matched,1.0,2025-07-27,over,0.07004719654805736,2.2800000000000002,-1.0,1.0,False,False,False
2308,e6f5c97498e37478643af3779f14cfa9,196,Shakira Austin,shakiraaustin,WAS,rebounds,8.5,-108.0,-122.0,10,10,2025-07-27 03:59:47+00:00,2025-07-27 03:59:47+00:00,2025-07-27 03:59:47+00:00,2025-07-27 22:00:00+00:00,0.0,2025-07-27,2025,REG,WAS,PHX,1.0687803187803186,True,,0.48431040390879443,401736274,4398911,16,11,1,True,False,matched,8.0,2025-07-27,under,0.1291663730810026,1.819672131147541,0.819672131147541,1.0,False,False,False
2305,2e1a9a4f7ae470dbe2c937232f2b4b54,120,Cecilia Zandalasini,ceciliazandalasini,GSV,points,10.5,-120.0,-106.0,10,10,2025-07-27 04:13:07+00:00,2025-07-27 04:13:07+00:00,2025-07-27 04:13:07+00:00,2025-07-27 17:00:00+00:00,0.0,2025-07-27,2025,REG,CON,GSV,1.060017652250662,True,,0.5159090588905224,401736272,4257500,129689,18,0,True,False,matched,0.0,2025-07-27,under,0.33895659372290826,1.9433962264150944,0.9433962264150944,1.0,False,False,False
2309,a51dbb984de47aede7836874928e7003,2,Jordin Canada,jordincanada,ATL,rebounds,4.5,126.0,-168.0,10,10,2025-07-27 05:10:20+00:00,2025-07-27 05:10:20+00:00,2025-07-27 05:10:20+00:00,2025-07-27 23:00:00+00:00,0.0,2025-07-27,2025,REG,MIN,ATL,1.0693435477479856,True,,0.4045224464881516,401736275,3142250,20,8,0,True,False,matched,4.0,2025-07-27,under,0.1359257075083936,1.5952380952380953,0.5952380952380953,1.0,False,False,False
2309,345256200ecd4ff40f9076dd423c600a,112,Napheesa Collier,napheesacollier,MIN,points,20.5,-110.0,-118.0,10,10,2025-07-27 05:10:20+00:00,2025-07-27 05:10:20+00:00,2025-07-27 05:10:20+00:00,2025-07-27 23:00:00+00:00,0.0,2025-07-27,2025,REG,MIN,ATL,1.0650939274792486,True,,0.4909754767731684,401736275,3917450,8,20,1,True,False,matched,32.0,2025-07-27,under,0.10720548959595022,1.847457627118644,-1.0,1.0,False,False,False
2309,fc131927615636895dceca61217c2dac,1,Allisha Gray,allishagray,ATL,assists,3.5,-130.0,-102.0,10,10,2025-07-27 05:10:20+00:00,2025-07-27 05:10:20+00:00,2025-07-27 05:10:20+00:00,2025-07-27 23:00:00+00:00,0.0,2025-07-27,2025,REG,MIN,ATL,1.0701678863538528,True,,0.5312123494364493,401736275,3058901,20,8,0,True,False,matched,2.0,2025-07-27,under,0.09012488342020747,1.9803921568627452,0.9803921568627452,1.0,False,False,False
2309,8366ceabd748fe78d733f81a8735861a,148,Brittney Griner,brittneygriner,CON,points,11.5,-108.0,-120.0,10,10,2025-07-27 05:10:20+00:00,2025-07-27 05:10:20+00:00,2025-07-27 05:10:20+00:00,2025-07-27 23:00:00+00:00,0.0,2025-07-27,2025,REG,MIN,ATL,1.0646853146853146,True,,0.48646030463369283,401736275,2490553,20,8,0,True,False,matched,22.0,2025-07-27,under,0.08915209631847382,1.8333333333333335,-1.0,1.0,False,False,False
2309,971e1d77a88706ef6d208779ff6123ac,49,Brionna Jones,brionnajones,ATL,rebounds,6.5,-140.0,106.0,10,10,2025-07-27 05:10:21+00:00,2025-07-27 05:10:21+00:00,2025-07-27 05:10:21+00:00,2025-07-27 23:00:00+00:00,0.0,2025-07-27,2025,REG,MIN,ATL,1.0687702265372168,True,,0.5506638564937638,401736275,3058895,20,8,0,True,False,matched,3.0,2025-07-27,under,0.2234773823217282,2.06,1.06,1.0,False,False,False
2309,5a1344d0f6ca1c9f1b75b271216f7165,117,Courtney Williams,courtneywilliams,MIN,points,14.5,-114.0,-114.0,10,10,2025-07-27 05:10:21+00:00,2025-07-27 05:10:21+00:00,2025-07-27 05:10:21+00:00,2025-07-27 23:00:00+00:00,0.0,2025-07-27,2025,REG,MIN,ATL,1.0654205607476634,True,,0.5000000000000001,401736275,2987891,8,20,1,True,False,matched,11.0,2025-07-27,under,0.125503221134751,1.8771929824561404,0.8771929824561404,1.0,False,False,False
2309,61af25aa9f2a188196aea75aa39d3e4e,128,Bridget Carleton,bridgetcarleton,PDX,rebounds,3.5,-136.0,102.0,10,10,2025-07-27 05:10:21+00:00,2025-07-27 05:10:21+00:00,2025-07-27 05:10:21+00:00,2025-07-27 23:00:00+00:00,0.0,2025-07-27,2025,REG,MIN,ATL,1.071320691391173,True,,0.5420932924427202,401736275,3906972,8,20,1,True,False,matched,4.0,2025-07-27,under,0.11280839071319704,2.02,-1.0,1.0,False,False,False
2307,ac1ed74dae777694757bb194b7f3a66b,103,A'ja Wilson,ajawilson,LVA,points,23.5,-106.0,-122.0,10,10,2025-07-27 05:27:58+00:00,2025-07-27 05:27:58+00:00,2025-07-27 05:27:58+00:00,2025-07-27 20:00:00+00:00,0.0,2025-07-27,2025,REG,DAL,LVA,1.064112656345666,True,,0.4819416314468661,401736273,3149391,17,3,0,True,False,matched,14.0,2025-07-27,under,0.117641934249814,1.819672131147541,0.819672131147541,1.0,False,False,False
2307,d5ba3efe30df23bb1d2f680c12ed6972,63,Arike Ogunbowale,arikeogunbowale,DAL,points,17.5,100.0,-130.0,10,10,2025-07-27 05:27:58+00:00,2025-07-27 05:27:58+00:00,2025-07-27 05:27:58+00:00,2025-07-27 20:00:00+00:00,0.0,2025-07-27,2025,REG,DAL,LVA,1.065217391304348,True,,0.4663164946059025,401736273,3904577,3,17,1,True,False,matched,18.0,2025-07-27,under,0.08580025975472239,1.7692307692307692,-1.0,1.0,False,False,False
2307,fe83429ddac897237508eae06a9ff785,530,JJ Quinerly,jjquinerly,FA,assists,4.5,-125.0,-106.0,10,10,2025-07-27 05:31:52+00:00,2025-07-27 05:31:52+00:00,2025-07-27 05:31:52+00:00,2025-07-27 20:00:00+00:00,0.0,2025-07-27,2025,REG,DAL,LVA,1.070118662351672,True,,0.5212291071384377,401736273,4434015,3,17,1,True,False,matched,5.0,2025-07-27,under,0.37374811244398176,1.9433962264150944,-1.0,1.0,False,False,False
2307,cc9f300b58d2561f6cc7e5e48ba92cf6,102,Jackie Young,jackieyoung,LVA,assists,4.5,-162.0,122.0,10,10,2025-07-27 05:31:52+00:00,2025-07-27 05:31:52+00:00,2025-07-27 05:31:52+00:00,2025-07-27 20:00:00+00:00,0.0,2025-07-27,2025,REG,DAL,LVA,1.0687710611374732,True,,0.5868918088955871,401736273,4065870,17,3,0,True,False,matched,8.0,2025-07-27,under,0.1829642526423037,2.2199999999999998,-1.0,1.0,False,False,False
2307,177edb83512dbadfab9f443460d6d97f,107,Chelsea Gray,chelseagray,LVA,assists,4.5,-154.0,116.0,10,10,2025-07-27 05:31:52+00:00,2025-07-27 05:31:52+00:00,2025-07-27 05:31:52+00:00,2025-07-27 20:00:00+00:00,0.0,2025-07-27,2025,REG,DAL,LVA,1.0692621755613883,True,,0.574207987656796,401736273,2529122,17,3,0,True,False,matched,8.0,2025-07-27,under,0.15765424464604033,2.16,-1.0,1.0,False,False,False
2307,5953cc8a036b31dd8c25923aecc82569,166,Jewell Loyd,jewellloyd,LVA,points,10.5,-115.0,-113.0,10,10,2025-07-27 05:31:52+00:00,2025-07-27 05:31:52+00:00,2025-07-27 05:31:52+00:00,2025-07-27 20:00:00+00:00,0.0,2025-07-27,2025,REG,DAL,LVA,1.0654001528551151,True,,0.5022557674006809,401736273,2987869,17,3,0,True,False,matched,20.0,2025-07-27,under,0.0840372465154623,1.8849557522123894,-1.0,1.0,False,False,False
2309,b476dba030907b80cde813b205e5cb33,125,Kayla McBride,kaylamcbride,MIN,rebounds,2.5,-130.0,-110.0,33,33,2025-07-27 07:10:20+00:00,2025-07-27 07:10:20+00:00,2025-07-27 07:10:20+00:00,2025-07-27 23:00:00+00:00,0.0,2025-07-27,2025,REG,MIN,ATL,1.0890269151138718,True,,0.521679232465576,401736275,2529205,8,20,1,True,False,matched,1.0,2025-07-27,under,0.06741122647507425,1.9090909090909092,0.9090909090909092,1.0,False,False,False
2307,704dcccd253296b00af00daafda3f696,95,Li Yueru,liyueru,DAL,rebounds,6.5,-115.0,-115.0,33,33,2025-07-27 07:34:07+00:00,2025-07-27 07:34:07+00:00,2025-07-27 07:34:07+00:00,2025-07-27 20:00:00+00:00,0.0,2025-07-27,2025,REG,DAL,LVA,1.0697674418604652,True,,0.5,401736273,4336633,3,17,1,True,False,matched,4.0,2025-07-27,under,0.3405533456672101,1.8695652173913042,0.8695652173913042,1.0,False,False,False
2306,59c0117e8ee49db31a0c371715f74633,30,Kamilla Cardoso,kamillacardoso,CHI,rebounds,9.5,-118.0,-112.0,10,10,2025-07-27 18:21:42+00:00,2025-07-27 18:21:42+00:00,2025-07-27 18:21:42+00:00,2025-07-27 19:00:00+00:00,0.0,2025-07-27,2025,REG,CHI,IND,1.0695862904621776,True,,0.5067212711754592,401736269,4433405,19,5,1,True,False,matched,12.0,2025-07-27,under,0.245249733385008,1.8928571428571428,-1.0,1.0,False,False,False
2306,4cc2a9bb2b05980f60bdda7145e2ab9a,33,Elizabeth Williams,elizabethwilliams,CHI,points,9.5,-130.0,100.0,10,10,2025-07-27 18:33:34+00:00,2025-07-27 18:33:34+00:00,2025-07-27 18:33:34+00:00,2025-07-27 19:00:00+00:00,0.0,2025-07-27,2025,REG,CHI,IND,1.065217391304348,True,,0.5336835053940976,401736269,2566081,19,5,1,True,False,matched,9.0,2025-07-27,under,0.25291771756977305,2.0,1.0,1.0,False,False,False
2306,f0e2422b33570a9c9588b92fa493ff24,36,Rachel Banham,rachelbanham,CHI,points,11.5,-106.0,-122.0,10,10,2025-07-27 18:33:34+00:00,2025-07-27 18:33:34+00:00,2025-07-27 18:33:34+00:00,2025-07-27 19:00:00+00:00,0.0,2025-07-27,2025,REG,CHI,IND,1.064112656345666,True,,0.4819416314468661,401736269,2566186,19,5,1,True,False,matched,26.0,2025-07-27,under,0.18810398786038707,1.819672131147541,-1.0,1.0,False,False,False
2308,5403bc9bbdf2cfb72860d2d266d02609,155,Kahleah Copper,kahleahcopper,PHO,rebounds,3.5,150.0,-180.0,13,13,2025-07-27 21:12:18+00:00,2025-07-27 21:12:18+00:00,2025-07-27 21:12:18+00:00,2025-07-27 22:00:00+00:00,0.0,2025-07-27,2025,REG,WAS,PHX,1.0428571428571427,True,,0.3760221779176465,401736274,2998938,11,16,0,True,False,matched,3.0,2025-07-27,over,0.11681100904801922,2.5,-1.0,1.0,False,False,False
2311,c85a9fb91fb28e1921d0e641f71e5828,132,Sabrina Ionescu,sabrinaionescu,NYL,threes,2.5,-180.0,134.0,10,10,2025-07-28 02:48:18+00:00,2025-07-28 02:48:18+00:00,2025-07-28 02:48:18+00:00,2025-07-29 00:00:00+00:00,0.0,2025-07-28,2025,REG,DAL,NYL,1.0702075702075702,True,,0.6116591953695215,401736277,4066533,9,3,0,True,False,matched,1.0,2025-07-28,under,0.22831730262834932,2.34,1.3399999999999999,1.0,False,False,False
2311,6f40ebada194e15c79c8fd6cc4b9e8c9,528,Paige Bueckers,paigebueckers,DAL,rebounds,3.5,-158.0,118.0,10,10,2025-07-28 02:48:18+00:00,2025-07-28 02:48:18+00:00,2025-07-28 02:48:18+00:00,2025-07-29 00:00:00+00:00,0.0,2025-07-28,2025,REG,DAL,NYL,1.0711186971054691,True,,0.5796527091990534,401736277,4433730,3,9,1,True,False,matched,6.0,2025-07-28,under,0.20422479658354425,2.1799999999999997,-1.0,1.0,False,False,False
2311,8724081f34332a9039cabee0c444f644,141,Jonquel Jones,jonqueljones,NYL,points,14.5,-130.0,100.0,10,10,2025-07-28 02:51:55+00:00,2025-07-28 02:51:55+00:00,2025-07-28 02:51:55+00:00,2025-07-29 00:00:00+00:00,0.0,2025-07-28,2025,REG,DAL,NYL,1.065217391304348,True,,0.5336835053940976,401736277,2999101,9,3,0,True,False,matched,18.0,2025-07-28,under,0.24742444276793701,2.0,-1.0,1.0,False,False,False
2311,b77780661377d1ac478fd87d0dd9bef5,147,Leonie Fiebich,leoniefiebich,NYL,threes,1.5,-132.0,100.0,10,10,2025-07-28 02:51:56+00:00,2025-07-28 02:51:56+00:00,2025-07-28 02:51:56+00:00,2025-07-29 00:00:00+00:00,0.0,2025-07-28,2025,REG,DAL,NYL,1.0689655172413794,True,,0.5356937238338165,401736277,4683006,9,3,0,True,False,matched,1.0,2025-07-28,under,0.16870480142542243,2.0,1.0,1.0,False,False,False
2311,c0b9b96073a0706197328a54c62a0aee,163,Natasha Cloud,natashacloud,CHI,rebounds,3.5,-125.0,-106.0,10,10,2025-07-28 02:51:56+00:00,2025-07-28 02:51:56+00:00,2025-07-28 02:51:56+00:00,2025-07-29 00:00:00+00:00,0.0,2025-07-28,2025,REG,DAL,NYL,1.070118662351672,True,,0.5212291071384377,401736277,2529137,9,3,0,True,False,matched,3.0,2025-07-28,under,0.0535894508659332,1.9433962264150944,0.9433962264150944,1.0,False,False,False
2310,09de415212bf1ca7a26967d881e98ac2,208,Gabby Williams,gabbywilliams,GSV,points,12.5,-120.0,-108.0,10,10,2025-07-28 03:49:27+00:00,2025-07-28 03:49:27+00:00,2025-07-28 03:49:27+00:00,2025-07-28 23:00:00+00:00,0.0,2025-07-28,2025,REG,CON,SEA,1.0646853146853146,True,,0.5135396953663074,401736276,3142328,14,18,0,True,False,matched,16.0,2025-07-28,under,0.2608877103818103,1.925925925925926,-1.0,1.0,False,False,False
2310,144bb54c9129bec8d3f04c960bff9205,180,Nneka Ogwumike,nnekaogwumike,LAS,rebounds,6.5,-140.0,106.0,10,10,2025-07-28 03:49:27+00:00,2025-07-28 03:49:27+00:00,2025-07-28 03:49:27+00:00,2025-07-28 23:00:00+00:00,0.0,2025-07-28,2025,REG,CON,SEA,1.0687702265372168,True,,0.5506638564937638,401736276,1068,14,18,0,True,False,matched,3.0,2025-07-28,under,0.23982001347028598,2.06,1.06,1.0,False,False,False
2310,9c008527acc6fc4eba4e46fac9f852d9,66,Erica Wheeler,ericawheeler,LAS,points,10.5,-125.0,-104.0,10,10,2025-07-28 03:49:27+00:00,2025-07-28 03:49:27+00:00,2025-07-28 03:49:27+00:00,2025-07-28 23:00:00+00:00,0.0,2025-07-28,2025,REG,CON,SEA,1.065359477124183,True,,0.5236312520088393,401736276,2491214,14,18,0,True,False,matched,8.0,2025-07-28,under,0.17171967332329569,1.9615384615384617,0.9615384615384617,1.0,False,False,False
2310,7e72fc5a9cf42315249707ff5b532f11,175,Skylar Diggins,skylardiggins,CHI,assists,5.5,-130.0,-102.0,10,10,2025-07-28 03:49:27+00:00,2025-07-28 03:49:27+00:00,2025-07-28 03:49:27+00:00,2025-07-28 23:00:00+00:00,0.0,2025-07-28,2025,REG,CON,SEA,1.0701678863538528,True,,0.5312123494364493,401736276,2491205,14,18,0,True,False,matched,11.0,2025-07-28,under,0.10493626095553221,1.9803921568627452,-1.0,1.0,False,False,False
2310,aaa10a97135f3a8836323335839f0685,176,Ezi Magbegor,ezimagbegor,SEA,rebounds,6.5,-130.0,-102.0,10,10,2025-07-28 03:58:46+00:00,2025-07-28 03:58:46+00:00,2025-07-28 03:58:46+00:00,2025-07-28 23:00:00+00:00,0.0,2025-07-28,2025,REG,CON,SEA,1.0701678863538528,True,,0.5312123494364493,401736276,4420318,14,18,0,True,False,matched,5.0,2025-07-28,under,0.1967168069988865,1.9803921568627452,0.9803921568627452,1.0,False,False,False
2310,70ff114c731df54670416fb18eb5d9b2,22,Marina Mabrey,marinamabrey,TOR,points,13.5,-118.0,-110.0,10,10,2025-07-28 04:03:01+00:00,2025-07-28 04:03:01+00:00,2025-07-28 04:03:01+00:00,2025-07-28 23:00:00+00:00,0.0,2025-07-28,2025,REG,CON,SEA,1.0650939274792486,True,,0.5090245232268319,401736276,3904576,18,14,1,True,False,matched,8.0,2025-07-28,under,0.1638131478003617,1.9090909090909092,0.9090909090909092,1.0,False,False,False
2310,4451d8fa0f9bad4b971691461f492090,9,Tina Charles,tinacharles,FA,points,16.5,-120.0,-108.0,10,10,2025-07-28 04:10:59+00:00,2025-07-28 04:10:59+00:00,2025-07-28 04:10:59+00:00,2025-07-28 23:00:00+00:00,0.0,2025-07-28,2025,REG,CON,SEA,1.0646853146853146,True,,0.5135396953663074,401736276,918,18,14,1,True,False,matched,11.0,2025-07-28,under,0.11501017181940709,1.925925925925926,0.925925925925926,1.0,False,False,False
2313,228d5ef22d625c07fbc20f2ceb20f103,1,Allisha Gray,allishagray,ATL,points,17.5,-108.0,-120.0,10,10,2025-07-28 04:42:08+00:00,2025-07-28 04:42:08+00:00,2025-07-28 04:42:08+00:00,2025-07-29 23:30:00+00:00,0.0,2025-07-29,2025,REG,ATL,GSV,1.0646853146853146,True,,0.48646030463369283,401736278,3058901,20,129689,1,True,False,matched,12.0,2025-07-29,under,0.07019498040686528,1.8333333333333335,0.8333333333333335,1.0,False,False,False
2313,ebaa83742125737dd63b56173a215ac4,49,Brionna Jones,brionnajones,ATL,points,10.5,-128.0,-102.0,10,10,2025-07-28 04:46:21+00:00,2025-07-28 04:46:21+00:00,2025-07-28 04:46:21+00:00,2025-07-29 23:30:00+00:00,0.0,2025-07-29,2025,REG,ATL,GSV,1.0663540038214347,True,,0.5291749480305961,401736278,3058895,20,129689,1,True,False,matched,8.0,2025-07-29,under,0.09325454262712712,1.9803921568627452,0.9803921568627452,1.0,False,False,False
2313,7604e7ea84615caa00be63de33c72574,2,Jordin Canada,jordincanada,ATL,rebounds,3.5,-136.0,102.0,10,10,2025-07-28 04:46:21+00:00,2025-07-28 04:46:21+00:00,2025-07-28 04:46:21+00:00,2025-07-29 23:30:00+00:00,0.0,2025-07-29,2025,REG,ATL,GSV,1.071320691391173,True,,0.5420932924427202,401736278,3142250,20,129689,1,True,False,matched,2.0,2025-07-29,under,0.06413466567825205,2.02,1.02,1.0,False,False,False
2313,cdd7076f1c4bdbddabcaae732d7342b2,537,Janelle Salaun,janellesalaun,GSV,rebounds,5.5,-146.0,110.0,10,10,2025-07-28 04:53:53+00:00,2025-07-28 04:53:53+00:00,2025-07-28 04:53:53+00:00,2025-07-29 23:30:00+00:00,0.0,2025-07-29,2025,REG,ATL,GSV,1.0696864111498257,True,,0.5607420039050215,401736278,4790264,129689,20,0,True,False,matched,1.0,2025-07-29,under,0.44177279623933685,2.1,1.1,1.0,False,False,False
2313,96cb7e29546c8fb0beb535740779157a,55,Veronica Burton,veronicaburton,GSV,points,10.5,-132.0,102.0,10,10,2025-07-28 04:53:53+00:00,2025-07-28 04:53:53+00:00,2025-07-28 04:53:53+00:00,2025-07-29 23:30:00+00:00,0.0,2025-07-29,2025,REG,ATL,GSV,1.0640150221918745,True,,0.5381512573163673,401736278,4398935,129689,20,0,True,False,matched,10.0,2025-07-29,under,0.3628973466084214,2.02,1.02,1.0,False,False,False
2313,88eac4b7fd179f7361e286d9f641ee70,221,Tiffany Hayes,tiffanyhayes,GSV,points,13.5,-110.0,-118.0,10,10,2025-07-28 04:53:53+00:00,2025-07-28 04:53:53+00:00,2025-07-28 04:53:53+00:00,2025-07-29 23:30:00+00:00,0.0,2025-07-29,2025,REG,ATL,GSV,1.0650939274792486,True,,0.4909754767731684,401736278,1054,129689,20,0,True,False,matched,15.0,2025-07-29,under,0.2909259023645431,1.847457627118644,-1.0,1.0,False,False,False
2311,f2077265b5a211c1995c4102ec257e4a,10,Haley Jones,haleyjones,DAL,rebounds,9.5,-115.0,-125.0,39,39,2025-07-28 05:08:18+00:00,2025-07-28 05:08:18+00:00,2025-07-28 05:08:18+00:00,2025-07-29 00:00:00+00:00,0.0,2025-07-28,2025,REG,DAL,NYL,1.0904392764857882,True,,0.489168290835087,401736277,4595910,3,9,1,True,False,matched,3.0,2025-07-28,under,0.768244044505255,1.8,0.8,1.0,False,False,False
2314,8cf53cee8a1b790f2c4b9f0b3e086139,82,Azura Stevens,azurastevens,CHI,threes,1.5,-154.0,116.0,10,10,2025-07-28 05:35:42+00:00,2025-07-28 05:35:42+00:00,2025-07-28 05:35:42+00:00,2025-07-30 02:00:00+00:00,0.0,2025-07-29,2025,REG,LAS,LVA,1.0692621755613883,True,,0.574207987656796,401736280,3142010,6,17,1,True,False,matched,1.0,2025-07-29,under,0.16303324011112946,2.16,1.1600000000000001,1.0,False,False,False
2314,f630029ecdbb37d2ef2d53a6e2265050,101,Kelsey Plum,kelseyplum,LAS,assists,5.5,102.0,-136.0,10,10,2025-07-28 05:35:42+00:00,2025-07-28 05:35:42+00:00,2025-07-28 05:35:42+00:00,2025-07-30 02:00:00+00:00,0.0,2025-07-29,2025,REG,LAS,LVA,1.071320691391173,True,,0.4579067075572801,401736280,3065570,6,17,1,True,False,matched,8.0,2025-07-29,over,0.1051848336261696,2.02,1.02,1.0,False,False,False
2310,3dce80634f40d8cf1890b5bef8a56783,274,Bria Hartley,briahartley,FA,points,9.5,-128.0,-102.0,10,10,2025-07-28 06:23:21+00:00,2025-07-28 06:23:21+00:00,2025-07-28 06:23:21+00:00,2025-07-28 23:00:00+00:00,0.0,2025-07-28,2025,REG,CON,SEA,1.0663540038214347,True,,0.5291749480305961,401736276,2529185,18,14,1,True,False,matched,17.0,2025-07-28,under,0.06010304486403262,1.9803921568627452,-1.0,1.0,False,False,False
2314,2f292800d1675f798f3900e00dc8bd95,102,Jackie Young,jackieyoung,LVA,points,15.5,-118.0,-110.0,10,10,2025-07-28 06:40:07+00:00,2025-07-28 06:40:07+00:00,2025-07-28 06:40:07+00:00,2025-07-30 02:00:00+00:00,0.0,2025-07-29,2025,REG,LAS,LVA,1.0650939274792486,True,,0.5090245232268319,401736280,4065870,17,6,0,True,False,matched,18.0,2025-07-29,under,0.0840626018164411,1.9090909090909092,-1.0,1.0,False,False,False
2314,2d5dd64ba2699fc6667286d81a0f7ec9,103,A'ja Wilson,ajawilson,LVA,points,22.5,-128.0,-102.0,10,10,2025-07-28 06:40:08+00:00,2025-07-28 06:40:08+00:00,2025-07-28 06:40:08+00:00,2025-07-30 02:00:00+00:00,0.0,2025-07-29,2025,REG,LAS,LVA,1.0663540038214347,True,,0.5291749480305961,401736280,3149391,17,6,0,True,False,matched,34.0,2025-07-29,under,0.20020518257241537,1.9803921568627452,-1.0,1.0,False,False,False
2314,9064228adadf1fbcd7154d4d9264a298,166,Jewell Loyd,jewellloyd,LVA,threes,1.5,128.0,-172.0,10,10,2025-07-28 06:40:08+00:00,2025-07-28 06:40:08+00:00,2025-07-28 06:40:08+00:00,2025-07-30 02:00:00+00:00,0.0,2025-07-29,2025,REG,LAS,LVA,1.0709494324045408,True,,0.39957653069922067,401736280,2987869,17,6,0,True,False,matched,2.0,2025-07-29,over,0.1001731161529138,2.2800000000000002,1.2800000000000002,1.0,False,False,False
2312,df739e8147820842a0ed6dff1a88da32,182,Brittney Sykes,brittneysykes,TOR,assists,4.5,145.0,-180.0,24,24,2025-07-28 11:42:39+00:00,2025-07-28 11:42:39+00:00,2025-07-28 11:42:39+00:00,2025-07-29 23:30:00+00:00,0.0,2025-07-29,2025,REG,WAS,CHI,1.0510204081632653,True,,0.37967339061397504,401736279,2988756,16,19,1,True,False,matched,6.0,2025-07-29,over,0.07537986638028826,2.45,1.4500000000000002,1.0,False,False,False
2311,9db077357bcd30e9fd3e6b497e231082,63,Arike Ogunbowale,arikeogunbowale,DAL,rebounds,2.5,-130.0,100.0,19,19,2025-07-28 13:54:48+00:00,2025-07-28 13:54:48+00:00,2025-07-28 13:54:48+00:00,2025-07-29 00:00:00+00:00,0.0,2025-07-28,2025,REG,DAL,NYL,1.065217391304348,True,,0.5336835053940976,401736277,3904577,3,9,1,True,False,matched,1.0,2025-07-28,under,0.0695413483456655,2.0,1.0,1.0,False,False,False
2312,81723bdee997ea097925326ebb22128e,196,Shakira Austin,shakiraaustin,WAS,rebounds,7.5,-154.0,116.0,10,10,2025-07-28 18:32:15+00:00,2025-07-28 18:32:15+00:00,2025-07-28 18:32:15+00:00,2025-07-29 23:30:00+00:00,0.0,2025-07-29,2025,REG,WAS,CHI,1.0692621755613883,True,,0.574207987656796,401736279,4398911,16,19,1,True,False,matched,6.0,2025-07-29,under,0.18724503308174595,2.16,1.1600000000000001,1.0,False,False,False
2312,90ae977f2b85770e56f18683b2380ebd,26,Angel Reese,angelreese,ATL,rebounds,11.5,-140.0,106.0,10,10,2025-07-28 18:32:16+00:00,2025-07-28 18:32:16+00:00,2025-07-28 18:32:16+00:00,2025-07-29 23:30:00+00:00,0.0,2025-07-29,2025,REG,WAS,CHI,1.0687702265372168,True,,0.5506638564937638,401736279,4433402,19,16,0,True,False,matched,13.0,2025-07-29,under,0.22968007747406477,2.06,-1.0,1.0,False,False,False
2312,562046dbb8c5a8cc23504804303df84a,30,Kamilla Cardoso,kamillacardoso,CHI,points,12.5,-118.0,-110.0,10,10,2025-07-28 18:36:33+00:00,2025-07-28 18:36:33+00:00,2025-07-28 18:36:33+00:00,2025-07-29 23:30:00+00:00,0.0,2025-07-29,2025,REG,WAS,CHI,1.0650939274792486,True,,0.5090245232268319,401736279,4433405,19,16,0,True,False,matched,21.0,2025-07-29,under,0.13503928424407963,1.9090909090909092,-1.0,1.0,False,False,False
2312,a30ce41b8ece2e62bed5458d990226a5,36,Rachel Banham,rachelbanham,CHI,threes,2.5,-136.0,102.0,10,10,2025-07-28 18:40:44+00:00,2025-07-28 18:40:44+00:00,2025-07-28 18:40:44+00:00,2025-07-29 23:30:00+00:00,0.0,2025-07-29,2025,REG,WAS,CHI,1.071320691391173,True,,0.5420932924427202,401736279,2566186,19,16,0,True,False,matched,3.0,2025-07-29,under,0.21038801297260062,2.02,-1.0,1.0,False,False,False
2312,b4d04df9066b4b85413e4f634f4900ce,572,Kiki Iriafen,kikiiriafen,WAS,points,11.5,102.0,-132.0,10,10,2025-07-28 19:02:47+00:00,2025-07-28 19:02:47+00:00,2025-07-28 19:02:47+00:00,2025-07-29 23:30:00+00:00,0.0,2025-07-29,2025,REG,WAS,CHI,1.0640150221918745,True,,0.4618487426836327,401736279,4898384,16,19,1,True,False,matched,22.0,2025-07-29,under,0.11473773031245993,1.7575757575757576,-1.0,1.0,False,False,False
2311,db24888d22ee495066b8e40e790b1cbd,95,Li Yueru,liyueru,DAL,rebounds,5.5,-138.0,104.0,10,10,2025-07-28 19:19:57+00:00,2025-07-28 19:19:57+00:00,2025-07-28 19:19:57+00:00,2025-07-29 00:00:00+00:00,0.0,2025-07-28,2025,REG,DAL,NYL,1.0700280112044818,True,,0.5464208361470752,401736277,4336633,3,9,1,True,False,matched,7.0,2025-07-28,under,0.14258388131972344,2.04,-1.0,1.0,False,False,False
2311,f06d633a04feae70126db8ea58d081d5,21,Isabelle Harrison,isabelleharrison,TOR,points,9.5,111.0,-143.0,60,60,2025-07-28 23:53:53+00:00,2025-07-28 23:53:53+00:00,2025-07-28 23:53:53+00:00,2025-07-29 00:00:00+00:00,0.0,2025-07-28,2025,REG,DAL,NYL,1.0624110155442437,True,,0.4409274944850059,401736277,2566453,9,3,0,True,False,matched,10.0,2025-07-28,under,0.3500484321750178,1.6993006993006992,-1.0,1.0,False,False,False
2315,805c4c9785af995d6903d240f0b6bd41,54,Satou Sabally,satousabally,NYL,rebounds,5.5,-144.0,108.0,10,10,2025-07-29 06:34:07+00:00,2025-07-29 06:34:07+00:00,2025-07-29 06:34:07+00:00,2025-07-30 23:00:00+00:00,0.0,2025-07-30,2025,REG,IND,PHX,1.0709331651954601,True,,0.5566845205396996,401736281,4281929,11,5,0,True,False,matched,5.0,2025-07-30,under,0.11597328430811632,2.08,1.08,1.0,False,False,False
2315,9d692b8723934c97cef380b1dc736a94,88,Aari McDonald,aarimcdonald,FA,assists,4.5,-132.0,100.0,10,10,2025-07-29 07:01:00+00:00,2025-07-29 07:01:00+00:00,2025-07-29 07:01:00+00:00,2025-07-30 23:00:00+00:00,0.0,2025-07-30,2025,REG,IND,PHX,1.0689655172413794,True,,0.5356937238338165,401736281,4066553,5,11,1,True,False,matched,4.0,2025-07-30,under,0.21363666348365,2.0,1.0,1.0,False,False,False
2315,41812dc0c1796aa3baa7c3cf0deaeae2,71,Aliyah Boston,aliyahboston,IND,assists,3.5,-112.0,-118.0,10,10,2025-07-29 07:01:00+00:00,2025-07-29 07:01:00+00:00,2025-07-29 07:01:00+00:00,2025-07-30 23:00:00+00:00,0.0,2025-07-30,2025,REG,IND,PHX,1.0695862904621776,True,,0.49327872882454105,401736281,4432831,5,11,1,True,False,matched,1.0,2025-07-30,over,0.142590521954937,1.8928571428571428,-1.0,1.0,False,False,False
2315,9303f293e5831b69b5c18d28378b5b26,56,Natasha Howard,natashahoward,MIN,rebounds,6.5,-136.0,102.0,10,10,2025-07-29 07:01:01+00:00,2025-07-29 07:01:01+00:00,2025-07-29 07:01:01+00:00,2025-07-30 23:00:00+00:00,0.0,2025-07-30,2025,REG,IND,PHX,1.071320691391173,True,,0.5420932924427202,401736281,2529130,5,11,1,True,False,matched,6.0,2025-07-30,under,0.22877635153553288,2.02,1.02,1.0,False,False,False
2315,c9bb35c8bc56ed9a363fc45583974faf,156,Sophie Cunningham,sophiecunningham,IND,rebounds,4.5,132.0,-178.0,10,10,2025-07-29 07:08:38+00:00,2025-07-29 07:08:38+00:00,2025-07-29 07:08:38+00:00,2025-07-30 23:00:00+00:00,0.0,2025-07-30,2025,REG,IND,PHX,1.0713222525427932,True,,0.39151484883498083,401736281,3907781,5,11,1,True,False,matched,3.0,2025-07-30,under,0.0796890054506047,1.5617977528089888,0.5617977528089888,1.0,False,False,False
2312,edb499c566b9647333b695a0200c9621,149,Sug Sutton,sugsutton,DAL,assists,3.5,115.0,-154.0,60,60,2025-07-29 13:32:11+00:00,2025-07-29 13:32:11+00:00,2025-07-29 13:32:11+00:00,2025-07-29 23:30:00+00:00,0.0,2025-07-29,2025,REG,WAS,CHI,1.0714154916681926,True,,0.4268184360315859,401736279,4068159,16,19,1,True,False,matched,3.0,2025-07-29,over,0.12003836990780825,2.15,-1.0,1.0,False,False,False
2316,540ff0157ab9f0f329796d7010ca6dec,132,Sabrina Ionescu,sabrinaionescu,NYL,points,19.5,-125.0,-104.0,10,10,2025-07-29 18:20:08+00:00,2025-07-29 18:20:08+00:00,2025-07-29 18:20:08+00:00,2025-07-31 00:00:00+00:00,0.0,2025-07-30,2025,REG,MIN,NYL,1.065359477124183,True,,0.5236312520088393,401736283,4066533,9,8,0,True,False,matched,31.0,2025-07-30,under,0.2592317900261673,1.9615384615384617,-1.0,1.0,False,False,False
2316,5c1233f375b5e850276ad93d94a1b47c,112,Napheesa Collier,napheesacollier,MIN,points,21.5,-106.0,-122.0,10,10,2025-07-29 18:20:08+00:00,2025-07-29 18:20:08+00:00,2025-07-29 18:20:08+00:00,2025-07-31 00:00:00+00:00,0.0,2025-07-30,2025,REG,MIN,NYL,1.064112656345666,True,,0.4819416314468661,401736283,3917450,8,9,1,True,False,matched,30.0,2025-07-30,under,0.12108763518085486,1.819672131147541,-1.0,1.0,False,False,False
2316,4bf4e288d8261bf3c0af7edf91de5292,117,Courtney Williams,courtneywilliams,MIN,rebounds,5.5,-120.0,-110.0,10,10,2025-07-29 18:37:28+00:00,2025-07-29 18:37:28+00:00,2025-07-29 18:37:28+00:00,2025-07-31 00:00:00+00:00,0.0,2025-07-30,2025,REG,MIN,NYL,1.0692640692640691,True,,0.5112040114787568,401736283,2987891,8,9,1,True,False,matched,9.0,2025-07-30,under,0.26481046784836787,1.9090909090909092,-1.0,1.0,False,False,False
2316,2a793e4309d09c0ed4a5776b06ac1f9d,141,Jonquel Jones,jonqueljones,NYL,points,14.5,-118.0,-110.0,10,10,2025-07-29 18:37:28+00:00,2025-07-29 18:37:28+00:00,2025-07-29 18:37:28+00:00,2025-07-31 00:00:00+00:00,0.0,2025-07-30,2025,REG,MIN,NYL,1.0650939274792486,True,,0.5090245232268319,401736283,2999101,9,8,0,True,False,matched,12.0,2025-07-30,under,0.2045773512732489,1.9090909090909092,0.9090909090909092,1.0,False,False,False
2314,93c4b1a2a4d732e6fef2f9a800421168,87,Cameron Brink,cameronbrink,LAS,points,7.5,150.0,-180.0,13,13,2025-07-29 18:39:04+00:00,2025-07-29 18:39:04+00:00,2025-07-29 18:39:04+00:00,2025-07-30 02:00:00+00:00,0.0,2025-07-29,2025,REG,LAS,LVA,1.0428571428571427,True,,0.3760221779176465,401736280,4433404,6,17,1,True,False,matched,5.0,2025-07-29,under,0.06958625293571519,1.5555555555555556,0.5555555555555556,1.0,False,False,False
2312,6e5bd3aefeaa0deeb6ef36ac8f2fee9e,96,Kia Nurse,kianurse,TOR,points,9.5,213.0,-294.0,60,60,2025-07-29 23:10:28+00:00,2025-07-29 23:10:28+00:00,2025-07-29 23:10:28+00:00,2025-07-29 23:30:00+00:00,0.0,2025-07-29,2025,REG,WAS,CHI,1.065681711292389,True,,0.27918420328450927,401736279,3142327,19,16,0,True,False,matched,7.0,2025-07-29,over,0.25468692234695145,3.13,-1.0,1.0,False,False,False
2316,a44a2e2c0a6eaf414b0520dfd775fe31,125,Kayla McBride,kaylamcbride,MIN,points,13.5,-120.0,-108.0,10,10,2025-07-30 02:57:06+00:00,2025-07-30 02:57:06+00:00,2025-07-30 02:57:06+00:00,2025-07-31 00:00:00+00:00,0.0,2025-07-30,2025,REG,MIN,NYL,1.0646853146853146,True,,0.5135396953663074,401736283,2529205,8,9,1,True,False,matched,24.0,2025-07-30,under,0.13068313149717325,1.925925925925926,-1.0,1.0,False,False,False
2316,a809abd62a39c6a2c581e0fb30df35c9,163,Natasha Cloud,natashacloud,CHI,assists,6.5,118.0,-158.0,10,10,2025-07-30 02:57:07+00:00,2025-07-30 02:57:07+00:00,2025-07-30 02:57:07+00:00,2025-07-31 00:00:00+00:00,0.0,2025-07-30,2025,REG,MIN,NYL,1.0711186971054691,True,,0.42034729080094674,401736283,2529137,9,8,0,True,False,matched,7.0,2025-07-30,under,0.111624552864583,1.6329113924050633,-1.0,1.0,False,False,False
2317,43ee4aea588d2175f2a92725622dd8c6,63,Arike Ogunbowale,arikeogunbowale,DAL,assists,3.5,-102.0,-130.0,10,10,2025-07-30 03:37:58+00:00,2025-07-30 03:37:58+00:00,2025-07-30 03:37:58+00:00,2025-07-31 00:00:00+00:00,0.0,2025-07-30,2025,REG,DAL,ATL,1.0701678863538528,True,,0.46878765056355093,401736282,3904577,3,20,1,True,False,matched,2.0,2025-07-30,over,0.32286600135540766,1.9803921568627452,-1.0,1.0,False,False,False
2317,bb78bffadf97e7760329f82fcfe83c1a,530,JJ Quinerly,jjquinerly,FA,assists,3.5,-125.0,-106.0,10,10,2025-07-30 03:37:58+00:00,2025-07-30 03:37:58+00:00,2025-07-30 03:37:58+00:00,2025-07-31 00:00:00+00:00,0.0,2025-07-30,2025,REG,DAL,ATL,1.070118662351672,True,,0.5212291071384377,401736282,4434015,3,20,1,True,False,matched,2.0,2025-07-30,under,0.12335809972683731,1.9433962264150944,0.9433962264150944,1.0,False,False,False
2317,26f91df5b18098f6eaac0a8052bf5e52,49,Brionna Jones,brionnajones,ATL,rebounds,6.5,116.0,-154.0,10,10,2025-07-30 03:37:58+00:00,2025-07-30 03:37:58+00:00,2025-07-30 03:37:58+00:00,2025-07-31 00:00:00+00:00,0.0,2025-07-30,2025,REG,DAL,ATL,1.0692621755613883,True,,0.425792012343204,401736282,3058895,20,3,0,True,False,matched,6.0,2025-07-30,under,0.11165052646564633,1.6493506493506493,0.6493506493506493,1.0,False,False,False
2317,cad6bb70934f633e7d9bff9d77194432,1,Allisha Gray,allishagray,ATL,threes,2.5,108.0,-144.0,10,10,2025-07-30 03:37:58+00:00,2025-07-30 03:37:58+00:00,2025-07-30 03:37:58+00:00,2025-07-31 00:00:00+00:00,0.0,2025-07-30,2025,REG,DAL,ATL,1.0709331651954601,True,,0.4433154794603006,401736282,3058901,20,3,0,True,False,matched,3.0,2025-07-30,under,0.09464971213143986,1.6944444444444444,-1.0,1.0,False,False,False
2317,a90f2a094a38e616e94b92fd01ccc6f7,528,Paige Bueckers,paigebueckers,DAL,threes,1.5,126.0,-168.0,10,10,2025-07-30 03:37:58+00:00,2025-07-30 03:37:58+00:00,2025-07-30 03:37:58+00:00,2025-07-31 00:00:00+00:00,0.0,2025-07-30,2025,REG,DAL,ATL,1.0693435477479856,True,,0.4045224464881516,401736282,4433730,3,20,1,True,False,matched,3.0,2025-07-30,under,0.0867114134059751,1.5952380952380953,-1.0,1.0,False,False,False
2316,d2f9f111ee40cc7e233d0f92123711d2,121,Alanna Smith,alannasmith,DAL,points,10.5,115.0,-165.0,33,33,2025-07-30 05:38:56+00:00,2025-07-30 05:38:56+00:00,2025-07-30 05:38:56+00:00,2025-07-31 00:00:00+00:00,0.0,2025-07-30,2025,REG,MIN,NYL,1.0877577885037297,True,,0.41756450654041355,401736283,3913881,8,9,1,True,False,matched,12.0,2025-07-30,under,0.052854336999488605,1.606060606060606,-1.0,1.0,False,False,False
2316,31ee1060ccc800323f852f6e99f3eddf,128,Bridget Carleton,bridgetcarleton,PDX,points,8.5,-105.0,-135.0,33,33,2025-07-30 07:45:15+00:00,2025-07-30 07:45:15+00:00,2025-07-30 07:45:15+00:00,2025-07-31 00:00:00+00:00,0.0,2025-07-30,2025,REG,MIN,NYL,1.0866632070576026,True,,0.46744138600370294,401736283,3906972,8,9,1,True,False,matched,10.0,2025-07-30,under,0.2098912345578527,1.7407407407407407,-1.0,1.0,False,False,False
2316,1d93c61b629d5e24256309d4a5e8e3f8,147,Leonie Fiebich,leoniefiebich,NYL,threes,1.5,-105.0,-125.0,24,24,2025-07-30 13:01:19+00:00,2025-07-30 13:01:19+00:00,2025-07-30 13:01:19+00:00,2025-07-31 00:00:00+00:00,0.0,2025-07-30,2025,REG,MIN,NYL,1.067750677506775,True,,0.47757418034290006,401736283,4683006,9,8,0,True,False,matched,0.0,2025-07-30,under,0.08166970691458197,1.8,0.8,1.0,False,False,False
2315,d38151b015f5cdbdaa5e4dea80ddcadb,70,Kelsey Mitchell,kelseymitchell,IND,assists,3.5,135.0,-165.0,24,24,2025-07-30 16:54:47+00:00,2025-07-30 16:54:47+00:00,2025-07-30 16:54:47+00:00,2025-07-30 23:00:00+00:00,0.0,2025-07-30,2025,REG,IND,PHX,1.0481734243275793,True,,0.3991056903902242,401736281,3142191,5,11,1,True,False,matched,3.0,2025-07-30,under,0.12551641973879185,1.606060606060606,0.606060606060606,1.0,False,False,False
2318,9aef500e4e5c96b10f4a952937969762,537,Janelle Salaun,janellesalaun,GSV,rebounds,4.5,-138.0,104.0,10,10,2025-07-30 20:12:33+00:00,2025-07-30 20:12:33+00:00,2025-07-30 20:12:33+00:00,2025-07-31 23:30:00+00:00,0.0,2025-07-31,2025,REG,WAS,GSV,1.0700280112044818,True,,0.5464208361470752,401736284,4790264,129689,16,0,True,False,matched,4.0,2025-07-31,under,0.2841091196765577,2.04,1.04,1.0,False,False,False
2318,7d135fe5bc4996d6674cd904fb913158,55,Veronica Burton,veronicaburton,GSV,rebounds,3.5,-162.0,122.0,10,10,2025-07-30 20:12:33+00:00,2025-07-30 20:12:33+00:00,2025-07-30 20:12:33+00:00,2025-07-31 23:30:00+00:00,0.0,2025-07-31,2025,REG,WAS,GSV,1.0687710611374732,True,,0.5868918088955871,401736284,4398935,129689,16,0,True,False,matched,7.0,2025-07-31,under,0.1450174152280137,2.2199999999999998,-1.0,1.0,False,False,False
2318,57329996882485440dd2d882848140ca,196,Shakira Austin,shakiraaustin,WAS,points,14.5,-108.0,-120.0,10,10,2025-07-30 20:12:33+00:00,2025-07-30 20:12:33+00:00,2025-07-30 20:12:33+00:00,2025-07-31 23:30:00+00:00,0.0,2025-07-31,2025,REG,WAS,GSV,1.0646853146853146,True,,0.48646030463369283,401736284,4398911,16,129689,1,True,False,matched,10.0,2025-07-31,under,0.14225116771243934,1.8333333333333335,0.8333333333333335,1.0,False,False,False
2318,fb3c7c49e852538eedc18d521fb02aec,182,Brittney Sykes,brittneysykes,TOR,points,13.5,-114.0,-114.0,10,10,2025-07-30 20:12:33+00:00,2025-07-30 20:12:33+00:00,2025-07-30 20:12:33+00:00,2025-07-31 23:30:00+00:00,0.0,2025-07-31,2025,REG,WAS,GSV,1.0654205607476634,True,,0.5000000000000001,401736284,2988756,16,129689,1,True,False,matched,8.0,2025-07-31,under,0.10104609412349347,1.8771929824561404,0.8771929824561404,1.0,False,False,False
2318,7b7dc6bdceb4d194aa0b2eac3420b702,221,Tiffany Hayes,tiffanyhayes,GSV,points,12.5,-128.0,-102.0,10,10,2025-07-30 20:12:34+00:00,2025-07-30 20:12:34+00:00,2025-07-30 20:12:34+00:00,2025-07-31 23:30:00+00:00,0.0,2025-07-31,2025,REG,WAS,GSV,1.0663540038214347,True,,0.5291749480305961,401736284,1054,129689,16,0,True,False,matched,0.0,2025-07-31,under,0.22878164691869213,1.9803921568627452,0.9803921568627452,1.0,False,False,False
2318,07d689defc616a8f08c18e36243319f9,572,Kiki Iriafen,kikiiriafen,WAS,points,11.5,-105.0,-125.0,12,12,2025-07-30 22:55:24+00:00,2025-07-30 22:55:24+00:00,2025-07-30 22:55:24+00:00,2025-07-31 23:30:00+00:00,0.0,2025-07-31,2025,REG,WAS,GSV,1.067750677506775,True,,0.47757418034290006,401736284,4898384,16,129689,1,True,False,matched,10.0,2025-07-31,under,0.08333825539725204,1.8,0.8,1.0,False,False,False
2316,b3a8d338b350769b4701afa58b866925,21,Isabelle Harrison,isabelleharrison,TOR,rebounds,5.5,128.0,-172.0,10,10,2025-07-30 23:09:27+00:00,2025-07-30 23:09:27+00:00,2025-07-30 23:09:27+00:00,2025-07-31 00:00:00+00:00,0.0,2025-07-30,2025,REG,MIN,NYL,1.0709494324045408,True,,0.39957653069922067,401736283,2566453,9,8,0,True,False,matched,2.0,2025-07-30,under,0.32730646576568057,1.5813953488372094,0.5813953488372094,1.0,False,False,False
2316,27ec5d1f967b61154c6b82e9240ab752,297,Marine Johannes,marinejohannes,NYL,points,8.5,108.0,-140.0,10,10,2025-07-30 23:48:49+00:00,2025-07-30 23:48:49+00:00,2025-07-30 23:48:49+00:00,2025-07-31 00:00:00+00:00,0.0,2025-07-30,2025,REG,MIN,NYL,1.0641025641025639,True,,0.4470574861947943,401736283,4038379,9,8,0,True,False,matched,14.0,2025-07-30,under,0.2592153778087798,1.7142857142857144,-1.0,1.0,False,False,False
2318,3ccdcbde6aab0fb663c499a899c27022,120,Cecilia Zandalasini,ceciliazandalasini,GSV,threes,1.5,-122.0,-108.0,10,10,2025-07-31 02:37:31+00:00,2025-07-31 02:37:31+00:00,2025-07-31 02:37:31+00:00,2025-07-31 23:30:00+00:00,0.0,2025-07-31,2025,REG,WAS,GSV,1.0687803187803186,True,,0.5156895960912058,401736284,4257500,129689,16,0,True,True,did_not_play,,2025-07-31,under,0.19874509039381671,1.925925925925926,0.0,0.0,False,True,False
2321,e7a8b5ccf2c9d4d91dbdcff0e80370dc,88,Aari McDonald,aarimcdonald,FA,assists,4.5,-158.0,118.0,10,10,2025-07-31 04:36:26+00:00,2025-07-31 04:36:26+00:00,2025-07-31 04:36:26+00:00,2025-08-01 23:30:00+00:00,0.0,2025-08-01,2025,REG,DAL,IND,1.0711186971054691,True,,0.5796527091990534,401736288,4066553,5,3,0,True,False,matched,6.0,2025-08-01,under,0.30446446546032846,2.1799999999999997,-1.0,1.0,False,False,False
2321,1ac66979797050b605a8b5e7418fd1fd,71,Aliyah Boston,aliyahboston,IND,rebounds,8.5,-128.0,-104.0,10,10,2025-07-31 04:36:26+00:00,2025-07-31 04:36:26+00:00,2025-07-31 04:36:26+00:00,2025-08-01 23:30:00+00:00,0.0,2025-08-01,2025,REG,DAL,IND,1.0712074303405572,True,,0.5267388899028808,401736288,4432831,5,3,0,True,False,matched,11.0,2025-08-01,under,0.116863073109094,1.9615384615384617,-1.0,1.0,False,False,False
2321,14ec3bee73aa81e9fafaa7a10452d893,56,Natasha Howard,natashahoward,MIN,rebounds,5.5,-158.0,118.0,10,10,2025-07-31 04:36:26+00:00,2025-07-31 04:36:26+00:00,2025-07-31 04:36:26+00:00,2025-08-01 23:30:00+00:00,0.0,2025-08-01,2025,REG,DAL,IND,1.0711186971054691,True,,0.5796527091990534,401736288,2529130,5,3,0,True,False,matched,16.0,2025-08-01,under,0.09736936043990269,2.1799999999999997,-1.0,1.0,False,False,False
2321,2d4c24f350a456c7dcff2b45633d6b1d,70,Kelsey Mitchell,kelseymitchell,IND,threes,2.5,-120.0,-110.0,10,10,2025-07-31 04:36:26+00:00,2025-07-31 04:36:26+00:00,2025-07-31 04:36:26+00:00,2025-08-01 23:30:00+00:00,0.0,2025-08-01,2025,REG,DAL,IND,1.0692640692640691,True,,0.5112040114787568,401736288,3142191,5,3,0,True,False,matched,3.0,2025-08-01,under,0.096236643708342,1.9090909090909092,-1.0,1.0,False,False,False
2321,86831a20dc24eae4cb770580c6a0b15b,530,JJ Quinerly,jjquinerly,FA,points,9.5,104.0,-135.0,10,10,2025-07-31 04:36:26+00:00,2025-07-31 04:36:26+00:00,2025-07-31 04:36:26+00:00,2025-08-01 23:30:00+00:00,0.0,2025-08-01,2025,REG,DAL,IND,1.0646641635377556,True,,0.45648742045938223,401736288,4434015,3,5,1,True,False,matched,6.0,2025-08-01,under,0.06474610459934665,1.7407407407407407,0.7407407407407407,1.0,False,False,False
2321,25e8a5e2aeee8bcfa2cfd98a0e203fcc,156,Sophie Cunningham,sophiecunningham,IND,threes,1.5,-146.0,110.0,10,10,2025-07-31 04:36:26+00:00,2025-07-31 04:36:26+00:00,2025-07-31 04:36:26+00:00,2025-08-01 23:30:00+00:00,0.0,2025-08-01,2025,REG,DAL,IND,1.0696864111498257,True,,0.5607420039050215,401736288,3907781,5,3,0,True,False,matched,0.0,2025-08-01,under,0.05125000320373457,2.1,1.1,1.0,False,False,False
2321,7e6d86d0367ada8b244c9ea8661c3cb0,528,Paige Bueckers,paigebueckers,DAL,assists,4.5,-138.0,104.0,10,10,2025-07-31 04:36:27+00:00,2025-07-31 04:36:27+00:00,2025-07-31 04:36:27+00:00,2025-08-01 23:30:00+00:00,0.0,2025-08-01,2025,REG,DAL,IND,1.0700280112044818,True,,0.5464208361470752,401736288,4433730,3,5,1,True,False,matched,4.0,2025-08-01,over,0.07837977935081769,1.7246376811594204,-1.0,1.0,False,False,False
2319,bf643f5c58b3168d840e9775feb17546,155,Kahleah Copper,kahleahcopper,PHO,points,14.5,-128.0,-102.0,10,10,2025-07-31 05:21:15+00:00,2025-07-31 05:21:15+00:00,2025-07-31 05:21:15+00:00,2025-08-01 23:30:00+00:00,0.0,2025-08-01,2025,REG,ATL,PHX,1.0663540038214347,True,,0.5291749480305961,401736285,2998938,11,20,0,True,False,matched,19.0,2025-08-01,under,0.12267214302215468,1.9803921568627452,-1.0,1.0,False,False,False
2319,4a43fc6b3a6e0ce319200c776213f36c,54,Satou Sabally,satousabally,NYL,rebounds,5.5,-125.0,-106.0,10,10,2025-07-31 05:21:15+00:00,2025-07-31 05:21:15+00:00,2025-07-31 05:21:15+00:00,2025-08-01 23:30:00+00:00,0.0,2025-08-01,2025,REG,ATL,PHX,1.070118662351672,True,,0.5212291071384377,401736285,4281929,11,20,0,True,False,matched,1.0,2025-08-01,under,0.05871795272613839,1.9433962264150944,0.9433962264150944,1.0,False,False,False
2319,4c2c232979f30fc589ec3080bb9c7bda,1,Allisha Gray,allishagray,ATL,points,19.5,-110.0,-118.0,10,10,2025-07-31 05:24:56+00:00,2025-07-31 05:24:56+00:00,2025-07-31 05:24:56+00:00,2025-08-01 23:30:00+00:00,0.0,2025-08-01,2025,REG,ATL,PHX,1.0650939274792486,True,,0.4909754767731684,401736285,3058901,20,11,1,True,False,matched,26.0,2025-08-01,under,0.18523359559735336,1.847457627118644,-1.0,1.0,False,False,False
2321,ce4be0da7ccbeb4b47ebd6cfb576b5a6,63,Arike Ogunbowale,arikeogunbowale,DAL,assists,3.5,-140.0,100.0,33,33,2025-07-31 10:23:03+00:00,2025-07-31 10:23:03+00:00,2025-07-31 10:23:03+00:00,2025-08-01 23:30:00+00:00,0.0,2025-08-01,2025,REG,DAL,IND,1.0833333333333333,True,,0.5434863681281015,401736288,3904577,3,5,1,True,False,matched,5.0,2025-08-01,over,0.1363680168332383,1.7142857142857144,0.7142857142857144,1.0,False,False,False
2318,6e00809d2154e97c52da1aa63416c74f,149,Sug Sutton,sugsutton,DAL,points,7.5,-115.0,-115.0,13,13,2025-07-31 10:44:25+00:00,2025-07-31 10:44:25+00:00,2025-07-31 10:44:25+00:00,2025-07-31 23:30:00+00:00,0.0,2025-07-31,2025,REG,WAS,GSV,1.0697674418604652,True,,0.5,401736284,4068159,16,129689,1,True,False,matched,7.0,2025-07-31,under,0.0713495574560774,1.8695652173913042,0.8695652173913042,1.0,False,False,False
2319,63e7d553e80a0c9e100dc88b3110c650,49,Brionna Jones,brionnajones,ATL,points,11.5,-118.0,-110.0,10,10,2025-07-31 12:45:11+00:00,2025-07-31 12:45:11+00:00,2025-07-31 12:45:11+00:00,2025-08-01 23:30:00+00:00,0.0,2025-08-01,2025,REG,ATL,PHX,1.0650939274792486,True,,0.5090245232268319,401736285,3058895,20,11,1,True,False,matched,16.0,2025-08-01,under,0.1151630571300038,1.9090909090909092,-1.0,1.0,False,False,False
2320,26d0760f6fd45c5807e7c64b507299c2,297,Marine Johannes,marinejohannes,NYL,points,9.5,-114.0,-114.0,10,10,2025-07-31 14:39:05+00:00,2025-07-31 14:39:05+00:00,2025-07-31 14:39:05+00:00,2025-08-01 23:30:00+00:00,0.0,2025-08-01,2025,REG,CON,NYL,1.0654205607476634,True,,0.5000000000000001,401736286,4038379,9,18,0,True,False,matched,0.0,2025-08-01,under,0.28475204887516503,1.8771929824561404,0.8771929824561404,1.0,False,False,False
2320,61b40f897ca6468155fc9192a0fb0165,141,Jonquel Jones,jonqueljones,NYL,assists,3.5,-114.0,-114.0,10,10,2025-07-31 14:39:06+00:00,2025-07-31 14:39:06+00:00,2025-07-31 14:39:06+00:00,2025-08-01 23:30:00+00:00,0.0,2025-08-01,2025,REG,CON,NYL,1.0654205607476634,True,,0.5000000000000001,401736286,2999101,9,18,0,True,False,matched,4.0,2025-08-01,under,0.43722303288444336,1.8771929824561404,-1.0,1.0,False,False,False
2320,2675d76a8a7832ecf905154090720379,147,Leonie Fiebich,leoniefiebich,NYL,threes,1.5,-154.0,116.0,10,10,2025-07-31 14:39:06+00:00,2025-07-31 14:39:06+00:00,2025-07-31 14:39:06+00:00,2025-08-01 23:30:00+00:00,0.0,2025-08-01,2025,REG,CON,NYL,1.0692621755613883,True,,0.574207987656796,401736286,4683006,9,18,0,True,False,matched,0.0,2025-08-01,under,0.289654752198183,2.16,1.1600000000000001,1.0,False,False,False
2320,361734477d0fd48f6756c2dd3a916dd4,163,Natasha Cloud,natashacloud,CHI,assists,7.5,118.0,-158.0,10,10,2025-07-31 14:39:06+00:00,2025-07-31 14:39:06+00:00,2025-07-31 14:39:06+00:00,2025-08-01 23:30:00+00:00,0.0,2025-08-01,2025,REG,CON,NYL,1.0711186971054691,True,,0.42034729080094674,401736286,2529137,9,18,0,True,False,matched,3.0,2025-08-01,under,0.25635258034177366,1.6329113924050633,0.6329113924050633,1.0,False,False,False
2320,dc4d4cba14fdf2a73e8eb59434e23b9d,132,Sabrina Ionescu,sabrinaionescu,NYL,assists,6.5,-130.0,-102.0,10,10,2025-07-31 14:39:06+00:00,2025-07-31 14:39:06+00:00,2025-07-31 14:39:06+00:00,2025-08-01 23:30:00+00:00,0.0,2025-08-01,2025,REG,CON,NYL,1.0701678863538528,True,,0.5312123494364493,401736286,4066533,9,18,0,True,False,matched,5.0,2025-08-01,under,0.23231501395077891,1.9803921568627452,0.9803921568627452,1.0,False,False,False
2320,c214a81400705810409abcbe0d0528f2,9,Tina Charles,tinacharles,FA,rebounds,5.5,-148.0,112.0,10,10,2025-07-31 14:43:00+00:00,2025-07-31 14:43:00+00:00,2025-07-31 14:43:00+00:00,2025-08-01 23:30:00+00:00,0.0,2025-08-01,2025,REG,CON,NYL,1.0684723067559343,True,,0.5647227530167998,401736286,918,18,9,1,True,False,matched,4.0,2025-08-01,over,0.10882748753123628,1.6756756756756757,-1.0,1.0,False,False,False
2320,371b8041fead6c8c2f3d3483fce789d2,274,Bria Hartley,briahartley,FA,assists,3.5,-160.0,120.0,10,10,2025-07-31 14:43:01+00:00,2025-07-31 14:43:01+00:00,2025-07-31 14:43:01+00:00,2025-08-01 23:30:00+00:00,0.0,2025-08-01,2025,REG,CON,NYL,1.06993006993007,True,,0.583305061424049,401736286,2529185,18,9,1,True,False,matched,2.0,2025-08-01,under,0.210567700356248,2.2,1.2000000000000002,1.0,False,False,False
2323,7ad915d3f032fee3ae427159b33c8ed6,208,Gabby Williams,gabbywilliams,GSV,threes,1.5,124.0,-166.0,10,10,2025-07-31 15:11:27+00:00,2025-07-31 15:11:27+00:00,2025-07-31 15:11:27+00:00,2025-08-02 02:00:00+00:00,0.0,2025-08-01,2025,REG,SEA,LAS,1.0704887218045114,True,,0.40796342297849103,401736289,3142328,14,6,1,True,False,matched,2.0,2025-08-01,under,0.22753565626777647,1.6024096385542168,-1.0,1.0,False,False,False
2323,ef785eb5b498901023b4c37ca01c8478,180,Nneka Ogwumike,nnekaogwumike,LAS,rebounds,7.5,120.0,-160.0,10,10,2025-07-31 15:11:27+00:00,2025-07-31 15:11:27+00:00,2025-07-31 15:11:27+00:00,2025-08-02 02:00:00+00:00,0.0,2025-08-01,2025,REG,SEA,LAS,1.06993006993007,True,,0.41669493857595097,401736289,1068,14,6,1,True,False,matched,12.0,2025-08-01,under,0.2098679870958835,1.625,-1.0,1.0,False,False,False
2323,8fe95a48d3a88ddfc00de11c651c3b44,176,Ezi Magbegor,ezimagbegor,SEA,rebounds,6.5,-106.0,-125.0,10,10,2025-07-31 15:11:27+00:00,2025-07-31 15:11:27+00:00,2025-07-31 15:11:27+00:00,2025-08-02 02:00:00+00:00,0.0,2025-08-01,2025,REG,SEA,LAS,1.070118662351672,True,,0.4787708928615623,401736289,4420318,14,6,1,True,False,matched,11.0,2025-08-01,under,0.1544441897453533,1.8,-1.0,1.0,False,False,False
2323,bac4114eddb498ce93b4d05bd1f7b349,82,Azura Stevens,azurastevens,CHI,threes,1.5,-114.0,-114.0,10,10,2025-07-31 15:11:27+00:00,2025-07-31 15:11:27+00:00,2025-07-31 15:11:27+00:00,2025-08-02 02:00:00+00:00,0.0,2025-08-01,2025,REG,SEA,LAS,1.0654205607476634,True,,0.5000000000000001,401736289,3142010,6,14,0,True,False,matched,3.0,2025-08-01,under,0.08857266861183855,1.8771929824561404,-1.0,1.0,False,False,False
2323,7d707e1faae4306842f3ffbc687903bd,66,Erica Wheeler,ericawheeler,LAS,points,10.5,-102.0,-128.0,10,10,2025-07-31 15:11:27+00:00,2025-07-31 15:11:27+00:00,2025-07-31 15:11:27+00:00,2025-08-02 02:00:00+00:00,0.0,2025-08-01,2025,REG,SEA,LAS,1.0663540038214347,True,,0.47082505196940394,401736289,2491214,14,6,1,True,False,matched,15.0,2025-08-01,under,0.052941714075154855,1.78125,-1.0,1.0,False,False,False
2323,5a4ce921487b0cd92f0267cd222b530d,175,Skylar Diggins,skylardiggins,CHI,points,16.5,-110.0,-118.0,10,10,2025-07-31 15:11:28+00:00,2025-07-31 15:11:28+00:00,2025-07-31 15:11:28+00:00,2025-08-02 02:00:00+00:00,0.0,2025-08-01,2025,REG,SEA,LAS,1.0650939274792486,True,,0.4909754767731684,401736289,2491205,14,6,1,True,False,matched,18.0,2025-08-01,under,0.13726685013264867,1.847457627118644,-1.0,1.0,False,False,False
2323,77b9ee7fc8203bb48f647f9bc6f41eae,101,Kelsey Plum,kelseyplum,LAS,threes,2.5,-108.0,-122.0,10,10,2025-07-31 15:11:28+00:00,2025-07-31 15:11:28+00:00,2025-07-31 15:11:28+00:00,2025-08-02 02:00:00+00:00,0.0,2025-08-01,2025,REG,SEA,LAS,1.0687803187803186,True,,0.48431040390879443,401736289,3065570,6,14,0,True,False,matched,2.0,2025-08-01,under,0.0953759652751292,1.819672131147541,0.819672131147541,1.0,False,False,False
2323,8fafa15e15417fb08ef33e326e2f7234,89,Dearica Hamby,dearicahamby,LAS,points,15.5,-120.0,-108.0,10,10,2025-07-31 15:11:28+00:00,2025-07-31 15:11:28+00:00,2025-07-31 15:11:28+00:00,2025-08-02 02:00:00+00:00,0.0,2025-08-01,2025,REG,SEA,LAS,1.0646853146853146,True,,0.5135396953663074,401736289,2566106,6,14,0,True,False,matched,21.0,2025-08-01,under,0.07295478236237185,1.925925925925926,-1.0,1.0,False,False,False
2323,e5a30a3b63929d4195f6071ae28c8668,94,Rickea Jackson,rickeajackson,CHI,points,13.5,-113.0,-118.0,10,10,2025-07-31 15:11:28+00:00,2025-07-31 15:11:28+00:00,2025-07-31 15:11:28+00:00,2025-08-02 02:00:00+00:00,0.0,2025-08-01,2025,REG,SEA,LAS,1.0718008355946074,True,,0.49441831186089263,401736289,4433630,6,14,0,True,False,matched,27.0,2025-08-01,under,0.05602089353758899,1.847457627118644,-1.0,1.0,False,False,False
2320,086fa4191b998e3986b5eb54b49933a2,22,Marina Mabrey,marinamabrey,TOR,rebounds,3.5,-165.0,115.0,33,33,2025-08-01 00:06:09+00:00,2025-08-01 00:06:09+00:00,2025-08-01 00:06:09+00:00,2025-08-01 23:30:00+00:00,0.0,2025-08-01,2025,REG,CON,NYL,1.0877577885037297,True,,0.5824354934595865,401736286,3904576,18,9,1,True,False,matched,10.0,2025-08-01,under,0.31818648676896966,2.15,-1.0,1.0,False,False,False
2323,24d63257b7ae76a2fa85ca4fac805277,87,Cameron Brink,cameronbrink,LAS,points,5.5,-125.0,-104.0,10,10,2025-08-01 01:52:06+00:00,2025-08-01 01:52:06+00:00,2025-08-01 01:52:06+00:00,2025-08-02 02:00:00+00:00,0.0,2025-08-01,2025,REG,SEA,LAS,1.065359477124183,True,,0.5236312520088393,401736289,4433404,6,14,0,True,False,matched,7.0,2025-08-01,under,0.08908862421916508,1.9615384615384617,-1.0,1.0,False,False,False
2322,88ff0862be088dcbbd71975aed446a7e,33,Elizabeth Williams,elizabethwilliams,CHI,points,9.5,-122.0,-106.0,10,10,2025-08-01 02:50:16+00:00,2025-08-01 02:50:16+00:00,2025-08-01 02:50:16+00:00,2025-08-01 23:30:00+00:00,0.0,2025-08-01,2025,REG,CHI,GSV,1.064112656345666,True,,0.518058368553134,401736287,2566081,19,129689,1,True,False,matched,15.0,2025-08-01,under,0.5134898550014939,1.9433962264150944,-1.0,1.0,False,False,False
2322,39f3ddfd0f78ca08ac6b353783858f3c,537,Janelle Salaun,janellesalaun,GSV,points,13.5,102.0,-132.0,10,10,2025-08-01 02:50:16+00:00,2025-08-01 02:50:16+00:00,2025-08-01 02:50:16+00:00,2025-08-01 23:30:00+00:00,0.0,2025-08-01,2025,REG,CHI,GSV,1.0640150221918745,True,,0.4618487426836327,401736287,4790264,129689,19,0,True,False,matched,16.0,2025-08-01,under,0.2946440755206851,1.7575757575757576,-1.0,1.0,False,False,False
2322,1edce1e4acddf1b52560d0c1221f58d8,55,Veronica Burton,veronicaburton,GSV,assists,4.5,-144.0,108.0,10,10,2025-08-01 02:50:16+00:00,2025-08-01 02:50:16+00:00,2025-08-01 02:50:16+00:00,2025-08-01 23:30:00+00:00,0.0,2025-08-01,2025,REG,CHI,GSV,1.0709331651954601,True,,0.5566845205396996,401736287,4398935,129689,19,0,True,False,matched,7.0,2025-08-01,under,0.21160345547552034,2.08,-1.0,1.0,False,False,False
2322,e994c0dbf01ed7c9ffe7e01fd5010b0c,30,Kamilla Cardoso,kamillacardoso,CHI,rebounds,9.5,-125.0,-106.0,10,10,2025-08-01 02:50:16+00:00,2025-08-01 02:50:16+00:00,2025-08-01 02:50:16+00:00,2025-08-01 23:30:00+00:00,0.0,2025-08-01,2025,REG,CHI,GSV,1.070118662351672,True,,0.5212291071384377,401736287,4433405,19,129689,1,True,False,matched,11.0,2025-08-01,under,0.13615935941029944,1.9433962264150944,-1.0,1.0,False,False,False
2324,c0e6488cce2fee6471ce8d5a3728f3e6,102,Jackie Young,jackieyoung,LVA,rebounds,3.5,-125.0,-104.0,10,10,2025-08-01 04:36:26+00:00,2025-08-01 04:36:26+00:00,2025-08-01 04:36:26+00:00,2025-08-02 19:00:00+00:00,0.0,2025-08-02,2025,REG,LVA,MIN,1.065359477124183,True,,0.5236312520088393,401736290,4065870,17,8,1,True,False,matched,1.0,2025-08-02,over,0.1888021717596926,1.8,-1.0,1.0,False,False,False
2324,176a4d49fef965c9d9ee20a41bc6c2a7,107,Chelsea Gray,chelseagray,LVA,points,9.5,-122.0,-106.0,10,10,2025-08-01 04:36:26+00:00,2025-08-01 04:36:26+00:00,2025-08-01 04:36:26+00:00,2025-08-02 19:00:00+00:00,0.0,2025-08-02,2025,REG,LVA,MIN,1.064112656345666,True,,0.518058368553134,401736290,2529122,17,8,1,True,False,matched,3.0,2025-08-02,under,0.12395645638097291,1.9433962264150944,0.9433962264150944,1.0,False,False,False
2324,01f0a95dbf79dfe0806948e07fc09fbc,112,Napheesa Collier,napheesacollier,MIN,rebounds,8.5,-128.0,-104.0,10,10,2025-08-01 04:36:26+00:00,2025-08-01 04:36:26+00:00,2025-08-01 04:36:26+00:00,2025-08-02 19:00:00+00:00,0.0,2025-08-02,2025,REG,LVA,MIN,1.0712074303405572,True,,0.5267388899028808,401736290,3917450,8,17,0,True,False,matched,3.0,2025-08-02,under,0.08232854425277969,1.9615384615384617,0.9615384615384617,1.0,False,False,False
2324,8ea4b123be46ca64befd9742dc34c8d5,103,A'ja Wilson,ajawilson,LVA,points,22.5,-120.0,-108.0,10,10,2025-08-01 04:36:27+00:00,2025-08-01 04:36:27+00:00,2025-08-01 04:36:27+00:00,2025-08-02 19:00:00+00:00,0.0,2025-08-02,2025,REG,LVA,MIN,1.0646853146853146,True,,0.5135396953663074,401736290,3149391,17,8,1,True,False,matched,10.0,2025-08-02,under,0.19304950075824134,1.925925925925926,0.925925925925926,1.0,False,False,False
2324,fffee676ba032f98cb5fc843e634656e,121,Alanna Smith,alannasmith,DAL,points,9.5,-128.0,-102.0,10,10,2025-08-01 04:36:27+00:00,2025-08-01 04:36:27+00:00,2025-08-01 04:36:27+00:00,2025-08-02 19:00:00+00:00,0.0,2025-08-02,2025,REG,LVA,MIN,1.0663540038214347,True,,0.5291749480305961,401736290,3913881,8,17,0,True,False,matched,7.0,2025-08-02,under,0.17552470020403893,1.9803921568627452,0.9803921568627452,1.0,False,False,False
2324,6c6f444b0566bca5e44355bf5c80110d,117,Courtney Williams,courtneywilliams,MIN,points,13.5,-130.0,100.0,10,10,2025-08-01 04:36:27+00:00,2025-08-01 04:36:27+00:00,2025-08-01 04:36:27+00:00,2025-08-02 19:00:00+00:00,0.0,2025-08-02,2025,REG,LVA,MIN,1.065217391304348,True,,0.5336835053940976,401736290,2987891,8,17,0,True,False,matched,9.0,2025-08-02,under,0.17184265043598917,2.0,1.0,1.0,False,False,False
2324,49092de90586dff6da5de3c556c277a7,125,Kayla McBride,kaylamcbride,MIN,points,13.5,-125.0,-102.0,10,10,2025-08-01 04:36:27+00:00,2025-08-01 04:36:27+00:00,2025-08-01 04:36:27+00:00,2025-08-02 19:00:00+00:00,0.0,2025-08-02,2025,REG,LVA,MIN,1.0605060506050605,True,,0.5260687813288253,401736290,2529205,8,17,0,True,False,matched,24.0,2025-08-02,under,0.1054443895579551,1.9803921568627452,-1.0,1.0,False,False,False
2324,2c15ac5504bacfc0e10c835109bad140,128,Bridget Carleton,bridgetcarleton,PDX,points,7.5,-118.0,-110.0,10,10,2025-08-01 04:36:27+00:00,2025-08-01 04:36:27+00:00,2025-08-01 04:36:27+00:00,2025-08-02 19:00:00+00:00,0.0,2025-08-02,2025,REG,LVA,MIN,1.0650939274792486,True,,0.5090245232268319,401736290,3906972,8,17,0,True,False,matched,6.0,2025-08-02,under,0.07245551523441263,1.9090909090909092,0.9090909090909092,1.0,False,False,False
2322,3bd1933010f6e06843764e866c2b55f2,221,Tiffany Hayes,tiffanyhayes,GSV,points,12.5,-110.0,-118.0,10,10,2025-08-01 15:42:53+00:00,2025-08-01 15:42:53+00:00,2025-08-01 15:42:53+00:00,2025-08-01 23:30:00+00:00,0.0,2025-08-01,2025,REG,CHI,GSV,1.0650939274792486,True,,0.4909754767731684,401736287,1054,129689,19,0,True,True,did_not_play,,2025-08-01,under,0.27479297435496475,1.847457627118644,0.0,0.0,False,True,False
2322,34ae4f45dd3ccf04db542dcb3157520c,58,Carla Leite,carlaleite,PDX,points,9.5,-114.0,-114.0,10,10,2025-08-01 23:22:17+00:00,2025-08-01 23:22:17+00:00,2025-08-01 23:22:17+00:00,2025-08-01 23:30:00+00:00,0.0,2025-08-01,2025,REG,CHI,GSV,1.0654205607476634,True,,0.5000000000000001,401736287,5208982,129689,19,0,True,False,matched,11.0,2025-08-01,under,0.47026803083355045,1.8771929824561404,-1.0,1.0,False,False,False
2328,c0c60526fbfa07fa87f907d991579610,30,Kamilla Cardoso,kamillacardoso,CHI,rebounds,10.5,-108.0,-122.0,10,10,2025-08-02 05:26:03+00:00,2025-08-02 05:26:03+00:00,2025-08-02 05:26:03+00:00,2025-08-03 22:00:00+00:00,0.0,2025-08-03,2025,REG,CHI,PHX,1.0687803187803186,True,,0.48431040390879443,401736293,4433405,19,11,1,True,False,matched,10.0,2025-08-03,under,0.1821304231341601,1.819672131147541,0.819672131147541,1.0,False,False,False
2327,dbcfb4dd36b2ba01287a7bbbe6fad6e6,71,Aliyah Boston,aliyahboston,IND,points,14.5,-122.0,-106.0,10,10,2025-08-02 05:56:35+00:00,2025-08-02 05:56:35+00:00,2025-08-02 05:56:35+00:00,2025-08-03 19:00:00+00:00,0.0,2025-08-03,2025,REG,SEA,IND,1.064112656345666,True,,0.518058368553134,401736295,4432831,5,14,0,True,False,matched,16.0,2025-08-03,under,0.132752081956094,1.9433962264150944,-1.0,1.0,False,False,False
2327,fe7bfe158c48ca77834987f99aa80212,70,Kelsey Mitchell,kelseymitchell,IND,points,19.5,-102.0,-128.0,10,10,2025-08-02 05:56:35+00:00,2025-08-02 05:56:35+00:00,2025-08-02 05:56:35+00:00,2025-08-03 19:00:00+00:00,0.0,2025-08-03,2025,REG,SEA,IND,1.0663540038214347,True,,0.47082505196940394,401736295,3142191,5,14,0,True,False,matched,9.0,2025-08-03,under,0.13260802653222703,1.78125,0.78125,1.0,False,False,False
2327,df98494b3b3c0b6e90c8bdfcc5dbad8f,180,Nneka Ogwumike,nnekaogwumike,LAS,rebounds,6.5,-140.0,106.0,10,10,2025-08-02 06:07:57+00:00,2025-08-02 06:07:57+00:00,2025-08-02 06:07:57+00:00,2025-08-03 19:00:00+00:00,0.0,2025-08-03,2025,REG,SEA,IND,1.0687702265372168,True,,0.5506638564937638,401736295,1068,14,5,1,True,False,matched,3.0,2025-08-03,under,0.30158223098177644,2.06,1.06,1.0,False,False,False
2327,ba3f4c9de5b1b59393e600ba91330027,208,Gabby Williams,gabbywilliams,GSV,points,12.5,-118.0,-110.0,10,10,2025-08-02 06:07:57+00:00,2025-08-02 06:07:57+00:00,2025-08-02 06:07:57+00:00,2025-08-03 19:00:00+00:00,0.0,2025-08-03,2025,REG,SEA,IND,1.0650939274792486,True,,0.5090245232268319,401736295,3142328,14,5,1,True,False,matched,12.0,2025-08-03,under,0.19752869406577617,1.9090909090909092,0.9090909090909092,1.0,False,False,False
2327,f78d24671395b4cb2ea85524a8674c00,175,Skylar Diggins,skylardiggins,CHI,points,15.5,-106.0,-122.0,10,10,2025-08-02 06:07:57+00:00,2025-08-02 06:07:57+00:00,2025-08-02 06:07:57+00:00,2025-08-03 19:00:00+00:00,0.0,2025-08-03,2025,REG,SEA,IND,1.064112656345666,True,,0.4819416314468661,401736295,2491205,14,5,1,True,False,matched,13.0,2025-08-03,under,0.06923014744709743,1.819672131147541,0.819672131147541,1.0,False,False,False
2325,efe712dc19497e16d8a2340724a979f3,22,Marina Mabrey,marinamabrey,TOR,rebounds,3.5,-172.0,128.0,10,10,2025-08-02 06:41:57+00:00,2025-08-02 06:41:57+00:00,2025-08-02 06:41:57+00:00,2025-08-03 17:00:00+00:00,0.0,2025-08-03,2025,REG,CON,NYL,1.0709494324045408,True,,0.6004234693007796,401736292,3904576,18,9,1,True,False,matched,3.0,2025-08-03,under,0.3978960137788941,2.2800000000000002,1.2800000000000002,1.0,False,False,False
2325,f7ec558c27f47d4a228ce5e9b7d82c11,141,Jonquel Jones,jonqueljones,NYL,assists,2.5,-168.0,126.0,10,10,2025-08-02 06:41:57+00:00,2025-08-02 06:41:57+00:00,2025-08-02 06:41:57+00:00,2025-08-03 17:00:00+00:00,0.0,2025-08-03,2025,REG,CON,NYL,1.0693435477479856,True,,0.5954775535118485,401736292,2999101,9,18,0,True,False,matched,4.0,2025-08-03,under,0.2845557894037938,2.26,-1.0,1.0,False,False,False
2325,1fec1c7f6fb82e687b7fd34e5395ab2d,9,Tina Charles,tinacharles,FA,rebounds,5.5,-125.0,-106.0,10,10,2025-08-02 06:41:57+00:00,2025-08-02 06:41:57+00:00,2025-08-02 06:41:57+00:00,2025-08-03 17:00:00+00:00,0.0,2025-08-03,2025,REG,CON,NYL,1.070118662351672,True,,0.5212291071384377,401736292,918,18,9,1,True,False,matched,8.0,2025-08-03,over,0.19109062296655638,1.8,0.8,1.0,False,False,False
2325,dc394b8127b98fe0449cec252c1a30e3,132,Sabrina Ionescu,sabrinaionescu,NYL,points,22.5,-104.0,-125.0,10,10,2025-08-02 06:41:57+00:00,2025-08-02 06:41:57+00:00,2025-08-02 06:41:57+00:00,2025-08-03 17:00:00+00:00,0.0,2025-08-03,2025,REG,CON,NYL,1.065359477124183,True,,0.4763687479911608,401736292,4066533,9,18,0,True,False,matched,36.0,2025-08-03,under,0.14440360297062899,1.8,-1.0,1.0,False,False,False
2325,285f4ecf217c7493f051e452c49ffc7d,274,Bria Hartley,briahartley,FA,assists,3.5,100.0,-132.0,10,10,2025-08-02 15:50:48+00:00,2025-08-02 15:50:48+00:00,2025-08-02 15:50:48+00:00,2025-08-03 17:00:00+00:00,0.0,2025-08-03,2025,REG,CON,NYL,1.0689655172413794,True,,0.46430627616618364,401736292,2529185,18,9,1,True,False,matched,4.0,2025-08-03,under,0.09230543764462051,1.7575757575757576,-1.0,1.0,False,False,False
2327,bb8729526417a128d82a409b63193ff6,156,Sophie Cunningham,sophiecunningham,IND,rebounds,4.5,-114.0,-114.0,10,10,2025-08-02 16:12:26+00:00,2025-08-02 16:12:26+00:00,2025-08-02 16:12:26+00:00,2025-08-03 19:00:00+00:00,0.0,2025-08-03,2025,REG,SEA,IND,1.0654205607476634,True,,0.5000000000000001,401736295,3907781,5,14,0,True,False,matched,5.0,2025-08-03,under,0.29891295608914054,1.8771929824561404,-1.0,1.0,False,False,False
2327,92cd9db8b6933bf02dfaf23f4ae95ebf,56,Natasha Howard,natashahoward,MIN,points,10.5,-120.0,-108.0,10,10,2025-08-02 16:12:26+00:00,2025-08-02 16:12:26+00:00,2025-08-02 16:12:26+00:00,2025-08-03 19:00:00+00:00,0.0,2025-08-03,2025,REG,SEA,IND,1.0646853146853146,True,,0.5135396953663074,401736295,2529130,5,14,0,True,False,matched,21.0,2025-08-03,under,0.12036002235593884,1.925925925925926,-1.0,1.0,False,False,False
2325,31b8f9843a801ad017ef8bc9e3de63d5,147,Leonie Fiebich,leoniefiebich,NYL,points,9.5,-110.0,-118.0,10,10,2025-08-02 16:16:32+00:00,2025-08-02 16:16:32+00:00,2025-08-02 16:16:32+00:00,2025-08-03 17:00:00+00:00,0.0,2025-08-03,2025,REG,CON,NYL,1.0650939274792486,True,,0.4909754767731684,401736292,4683006,9,18,0,True,False,matched,5.0,2025-08-03,under,0.07163525721636915,1.847457627118644,0.847457627118644,1.0,False,False,False
2327,30c9119482c71bec1f85077c025c71b6,66,Erica Wheeler,ericawheeler,LAS,threes,1.5,194.0,-270.0,10,10,2025-08-02 16:16:33+00:00,2025-08-02 16:16:33+00:00,2025-08-02 16:16:33+00:00,2025-08-03 19:00:00+00:00,0.0,2025-08-03,2025,REG,SEA,IND,1.0698657841514985,True,,0.2979582365398174,401736295,2491214,14,5,1,True,False,matched,1.0,2025-08-03,over,0.4502613302788764,2.94,-1.0,1.0,False,False,False
2327,2b28b0a62b7a138b98b841cede1e27f4,88,Aari McDonald,aarimcdonald,FA,threes,1.5,110.0,-146.0,10,10,2025-08-02 16:16:33+00:00,2025-08-02 16:16:33+00:00,2025-08-02 16:16:33+00:00,2025-08-03 19:00:00+00:00,0.0,2025-08-03,2025,REG,SEA,IND,1.0696864111498257,True,,0.4392579960949788,401736295,4066553,5,14,0,True,False,matched,0.0,2025-08-03,under,0.07628062947662434,1.6849315068493151,0.6849315068493151,1.0,False,False,False
2326,1271dbc1ab47e93687b8996981d4752a,49,Brionna Jones,brionnajones,ATL,points,13.5,-122.0,-106.0,10,10,2025-08-02 17:29:05+00:00,2025-08-02 17:29:05+00:00,2025-08-02 17:29:05+00:00,2025-08-03 19:00:00+00:00,0.0,2025-08-03,2025,REG,ATL,WAS,1.064112656345666,True,,0.518058368553134,401736291,3058895,20,16,1,True,False,matched,23.0,2025-08-03,under,0.3224060265275896,1.9433962264150944,-1.0,1.0,False,False,False
2326,c389d892ccedc441aac1dbf574cf37ea,1,Allisha Gray,allishagray,ATL,assists,3.5,-166.0,124.0,10,10,2025-08-02 17:29:05+00:00,2025-08-02 17:29:05+00:00,2025-08-02 17:29:05+00:00,2025-08-03 19:00:00+00:00,0.0,2025-08-03,2025,REG,ATL,WAS,1.0704887218045114,True,,0.5920365770215091,401736291,3058901,20,16,1,True,False,matched,4.0,2025-08-03,under,0.2559536117050143,2.24,-1.0,1.0,False,False,False
2326,86ea0f14c8c20b33c86ad552a0f06b6c,2,Jordin Canada,jordincanada,ATL,rebounds,3.5,-120.0,-110.0,10,10,2025-08-02 17:29:06+00:00,2025-08-02 17:29:06+00:00,2025-08-02 17:29:06+00:00,2025-08-03 19:00:00+00:00,0.0,2025-08-03,2025,REG,ATL,WAS,1.0692640692640691,True,,0.5112040114787568,401736291,3142250,20,16,1,True,False,matched,2.0,2025-08-03,under,0.10533326552274114,1.9090909090909092,0.9090909090909092,1.0,False,False,False
2326,d0a7fca478d5be310d47b60342f89ddf,182,Brittney Sykes,brittneysykes,TOR,points,13.5,-102.0,-125.0,10,10,2025-08-02 17:33:31+00:00,2025-08-02 17:33:31+00:00,2025-08-02 17:33:31+00:00,2025-08-03 19:00:00+00:00,0.0,2025-08-03,2025,REG,ATL,WAS,1.0605060506050605,True,,0.4739312186711749,401736291,2988756,16,20,0,True,False,matched,6.0,2025-08-03,under,0.09663891729280677,1.8,0.8,1.0,False,False,False
2326,98e6f6cace72eb320e73dea4f184c326,196,Shakira Austin,shakiraaustin,WAS,points,13.5,-118.0,-110.0,10,10,2025-08-02 17:33:32+00:00,2025-08-02 17:33:32+00:00,2025-08-02 17:33:32+00:00,2025-08-03 19:00:00+00:00,0.0,2025-08-03,2025,REG,ATL,WAS,1.0650939274792486,True,,0.5090245232268319,401736291,4398911,16,20,0,True,False,matched,16.0,2025-08-03,under,0.12989457845175967,1.9090909090909092,-1.0,1.0,False,False,False
2326,9daf4c7dd228ea97f842788f89b4d929,572,Kiki Iriafen,kikiiriafen,WAS,points,10.5,-110.0,-118.0,10,10,2025-08-02 17:33:32+00:00,2025-08-02 17:33:32+00:00,2025-08-02 17:33:32+00:00,2025-08-03 19:00:00+00:00,0.0,2025-08-03,2025,REG,ATL,WAS,1.0650939274792486,True,,0.4909754767731684,401736291,4898384,16,20,0,True,False,matched,22.0,2025-08-03,under,0.08942428936351843,1.847457627118644,-1.0,1.0,False,False,False
2326,22c5ce37029bf0c24544a3303320edca,573,Sonia Citron,soniacitron,WAS,points,12.5,-118.0,-110.0,10,10,2025-08-02 17:33:32+00:00,2025-08-02 17:33:32+00:00,2025-08-02 17:33:32+00:00,2025-08-03 19:00:00+00:00,0.0,2025-08-03,2025,REG,ATL,WAS,1.0650939274792486,True,,0.5090245232268319,401736291,4433524,16,20,0,True,False,matched,16.0,2025-08-03,under,0.050939465710534204,1.9090909090909092,-1.0,1.0,False,False,False
2328,3e08c18687e704cb5eccbd8e3746d9bf,54,Satou Sabally,satousabally,NYL,rebounds,5.5,-130.0,-102.0,10,10,2025-08-02 17:38:00+00:00,2025-08-02 17:38:00+00:00,2025-08-02 17:38:00+00:00,2025-08-03 22:00:00+00:00,0.0,2025-08-03,2025,REG,CHI,PHX,1.0701678863538528,True,,0.5312123494364493,401736293,4281929,11,19,0,True,True,did_not_play,,2025-08-03,under,0.3961609389367952,1.9803921568627452,0.0,0.0,False,True,False
2328,0da4634522634064a74632ee5c06a66b,36,Rachel Banham,rachelbanham,CHI,threes,2.5,-138.0,104.0,10,10,2025-08-02 17:42:57+00:00,2025-08-02 17:42:57+00:00,2025-08-02 17:42:57+00:00,2025-08-03 22:00:00+00:00,0.0,2025-08-03,2025,REG,CHI,PHX,1.0700280112044818,True,,0.5464208361470752,401736293,2566186,19,11,1,True,False,matched,0.0,2025-08-03,under,0.21943454471750928,2.04,1.04,1.0,False,False,False
2328,f818c4a136343fb87f6e11bca4ab242e,33,Elizabeth Williams,elizabethwilliams,CHI,points,9.5,-128.0,-102.0,10,10,2025-08-02 17:42:57+00:00,2025-08-02 17:42:57+00:00,2025-08-02 17:42:57+00:00,2025-08-03 22:00:00+00:00,0.0,2025-08-03,2025,REG,CHI,PHX,1.0663540038214347,True,,0.5291749480305961,401736293,2566081,19,11,1,True,False,matched,15.0,2025-08-03,under,0.17936287388051997,1.9803921568627452,-1.0,1.0,False,False,False
2328,7bba99e234f805e516d9096eb7d9ce39,26,Angel Reese,angelreese,ATL,rebounds,11.5,-138.0,104.0,10,10,2025-08-02 17:42:57+00:00,2025-08-02 17:42:57+00:00,2025-08-02 17:42:57+00:00,2025-08-03 22:00:00+00:00,0.0,2025-08-03,2025,REG,CHI,PHX,1.0700280112044818,True,,0.5464208361470752,401736293,4433402,19,11,1,True,True,did_not_play,,2025-08-03,under,0.11771510467121132,2.04,0.0,0.0,False,True,False
2329,04aea79ce4e48f96683ea51c1d2093b1,537,Janelle Salaun,janellesalaun,GSV,points,12.5,-125.0,-104.0,10,10,2025-08-02 23:39:31+00:00,2025-08-02 23:39:31+00:00,2025-08-02 23:39:31+00:00,2025-08-03 22:00:00+00:00,0.0,2025-08-03,2025,REG,LVA,GSV,1.065359477124183,True,,0.5236312520088393,401736294,4790264,129689,17,0,True,False,matched,6.0,2025-08-03,under,0.2588415369426386,1.9615384615384617,0.9615384615384617,1.0,False,False,False
2329,ad2a15bfbe91c145710a145c3fdf2351,102,Jackie Young,jackieyoung,LVA,points,15.5,-130.0,100.0,10,10,2025-08-02 23:39:31+00:00,2025-08-02 23:39:31+00:00,2025-08-02 23:39:31+00:00,2025-08-03 22:00:00+00:00,0.0,2025-08-03,2025,REG,LVA,GSV,1.065217391304348,True,,0.5336835053940976,401736294,4065870,17,129689,1,True,False,matched,20.0,2025-08-03,under,0.18203544644901615,2.0,-1.0,1.0,False,False,False
2329,ab63d3b1ea6bec865374bc7fb2a5d2ce,55,Veronica Burton,veronicaburton,GSV,points,11.5,-108.0,-120.0,10,10,2025-08-02 23:39:31+00:00,2025-08-02 23:39:31+00:00,2025-08-02 23:39:31+00:00,2025-08-03 22:00:00+00:00,0.0,2025-08-03,2025,REG,LVA,GSV,1.0646853146853146,True,,0.48646030463369283,401736294,4398935,129689,17,0,True,False,matched,8.0,2025-08-03,under,0.16012058742625568,1.8333333333333335,0.8333333333333335,1.0,False,False,False
2329,cdcaa7123279d9e5111f8a9edefdf092,72,Temi Fagbenle,temifagbenle,TOR,points,7.5,-118.0,-110.0,10,10,2025-08-02 23:39:31+00:00,2025-08-02 23:39:31+00:00,2025-08-02 23:39:31+00:00,2025-08-03 22:00:00+00:00,0.0,2025-08-03,2025,REG,LVA,GSV,1.0650939274792486,True,,0.5090245232268319,401736294,2569044,129689,17,0,True,False,matched,0.0,2025-08-03,under,0.14201553606618433,1.9090909090909092,0.9090909090909092,1.0,False,False,False
2329,dbf8563eeba2117e0eb0bead89d6a808,103,A'ja Wilson,ajawilson,LVA,points,22.5,-106.0,-122.0,10,10,2025-08-02 23:39:31+00:00,2025-08-02 23:39:31+00:00,2025-08-02 23:39:31+00:00,2025-08-03 22:00:00+00:00,0.0,2025-08-03,2025,REG,LVA,GSV,1.064112656345666,True,,0.4819416314468661,401736294,3149391,17,129689,1,True,False,matched,14.0,2025-08-03,under,0.1306454254779652,1.819672131147541,0.819672131147541,1.0,False,False,False
2329,9aa35899b36c204cd1ffd6b5fe9b9ceb,107,Chelsea Gray,chelseagray,LVA,points,10.5,-102.0,-128.0,10,10,2025-08-02 23:39:31+00:00,2025-08-02 23:39:31+00:00,2025-08-02 23:39:31+00:00,2025-08-03 22:00:00+00:00,0.0,2025-08-03,2025,REG,LVA,GSV,1.0663540038214347,True,,0.47082505196940394,401736294,2529122,17,129689,1,True,False,matched,11.0,2025-08-03,under,0.12727510997658548,1.78125,-1.0,1.0,False,False,False
2328,4f791f795a76756bc81c4a760008fc5f,563,Monique Akoa Makani,moniqueakoamakani,PHO,threes,1.5,-110.0,-120.0,19,19,2025-08-03 02:55:49+00:00,2025-08-03 02:55:49+00:00,2025-08-03 02:55:49+00:00,2025-08-03 22:00:00+00:00,0.0,2025-08-03,2025,REG,CHI,PHX,1.0692640692640691,True,,0.4887959885212434,401736293,5274110,11,19,0,True,False,matched,0.0,2025-08-03,under,0.3063029858631873,1.8333333333333335,0.8333333333333335,1.0,False,False,False
2325,12957b4d8f387a83abc8002999488596,297,Marine Johannes,marinejohannes,NYL,points,8.5,-113.0,-115.0,10,10,2025-08-03 05:50:19+00:00,2025-08-03 05:50:19+00:00,2025-08-03 05:50:19+00:00,2025-08-03 17:00:00+00:00,0.0,2025-08-03,2025,REG,CON,NYL,1.0654001528551151,True,,0.49774423259931944,401736292,4038379,9,18,0,True,False,matched,3.0,2025-08-03,under,0.2671336692421787,1.8695652173913042,0.8695652173913042,1.0,False,False,False
2330,f37a0aad5eef0475d373dc184f97bb98,132,Sabrina Ionescu,sabrinaionescu,NYL,threes,2.5,-180.0,134.0,10,10,2025-08-04 03:47:52+00:00,2025-08-04 03:47:52+00:00,2025-08-04 03:47:52+00:00,2025-08-05 23:00:00+00:00,0.0,2025-08-05,2025,REG,NYL,DAL,1.0702075702075702,True,,0.6116591953695215,401736296,4066533,9,3,1,True,False,matched,1.0,2025-08-05,under,0.34566009772622996,2.34,1.3399999999999999,1.0,False,False,False
2330,83e34a151d7558d851e4e9d1571740c1,163,Natasha Cloud,natashacloud,CHI,rebounds,3.5,-158.0,118.0,10,10,2025-08-04 03:47:52+00:00,2025-08-04 03:47:52+00:00,2025-08-04 03:47:52+00:00,2025-08-05 23:00:00+00:00,0.0,2025-08-05,2025,REG,NYL,DAL,1.0711186971054691,True,,0.5796527091990534,401736296,2529137,9,3,1,True,False,matched,4.0,2025-08-05,under,0.19760310346808363,2.1799999999999997,-1.0,1.0,False,False,False
2330,3b6378d06dc608c4994dfb2e39909913,63,Arike Ogunbowale,arikeogunbowale,DAL,rebounds,2.5,-114.0,-114.0,10,10,2025-08-04 03:47:52+00:00,2025-08-04 03:47:52+00:00,2025-08-04 03:47:52+00:00,2025-08-05 23:00:00+00:00,0.0,2025-08-05,2025,REG,NYL,DAL,1.0654205607476634,True,,0.5000000000000001,401736296,3904577,3,9,0,True,False,matched,4.0,2025-08-05,under,0.154109453203583,1.8771929824561404,-1.0,1.0,False,False,False
2330,28b77018ad2cba82cbbfb76343e9b7d6,141,Jonquel Jones,jonqueljones,NYL,threes,1.5,-114.0,-114.0,10,10,2025-08-04 03:47:52+00:00,2025-08-04 03:47:52+00:00,2025-08-04 03:47:52+00:00,2025-08-05 23:00:00+00:00,0.0,2025-08-05,2025,REG,NYL,DAL,1.0654205607476634,True,,0.5000000000000001,401736296,2999101,9,3,1,True,False,matched,3.0,2025-08-05,under,0.13404153563009596,1.8771929824561404,-1.0,1.0,False,False,False
2330,7a596f2228ae4e09985ae4f2e6c3fe2f,10,Haley Jones,haleyjones,DAL,points,8.5,-102.0,-128.0,10,10,2025-08-04 03:47:52+00:00,2025-08-04 03:47:52+00:00,2025-08-04 03:47:52+00:00,2025-08-05 23:00:00+00:00,0.0,2025-08-05,2025,REG,NYL,DAL,1.0663540038214347,True,,0.47082505196940394,401736296,4595910,3,9,0,True,False,matched,11.0,2025-08-05,under,0.11634491509949307,1.78125,-1.0,1.0,False,False,False
2331,7acbbf065b728a0fdfe081025b1655bb,26,Angel Reese,angelreese,ATL,rebounds,11.5,-132.0,100.0,10,10,2025-08-04 03:55:30+00:00,2025-08-04 03:55:30+00:00,2025-08-04 03:55:30+00:00,2025-08-06 00:00:00+00:00,0.0,2025-08-05,2025,REG,CHI,WAS,1.0689655172413794,True,,0.5356937238338165,401736297,4433402,19,16,1,True,True,did_not_play,,2025-08-05,under,0.18078118841262397,2.0,0.0,0.0,False,True,False
2331,58b27f015abc49084bad1cbbc70d1702,196,Shakira Austin,shakiraaustin,WAS,rebounds,7.5,-146.0,110.0,10,10,2025-08-04 03:59:17+00:00,2025-08-04 03:59:17+00:00,2025-08-04 03:59:17+00:00,2025-08-06 00:00:00+00:00,0.0,2025-08-05,2025,REG,CHI,WAS,1.0696864111498257,True,,0.5607420039050215,401736297,4398911,16,19,0,True,False,matched,5.0,2025-08-05,under,0.27589079852622145,2.1,1.1,1.0,False,False,False
2331,78b0196376701a385e7d0c459bff4cd0,572,Kiki Iriafen,kikiiriafen,WAS,rebounds,7.5,-148.0,112.0,10,10,2025-08-04 03:59:17+00:00,2025-08-04 03:59:17+00:00,2025-08-04 03:59:17+00:00,2025-08-06 00:00:00+00:00,0.0,2025-08-05,2025,REG,CHI,WAS,1.0684723067559343,True,,0.5647227530167998,401736297,4898384,16,19,0,True,False,matched,6.0,2025-08-05,under,0.18321103108638231,2.12,1.12,1.0,False,False,False
2331,af228d74560b6a30f04250ff4d30524f,573,Sonia Citron,soniacitron,WAS,threes,1.5,-114.0,-114.0,10,10,2025-08-04 03:59:17+00:00,2025-08-04 03:59:17+00:00,2025-08-04 03:59:17+00:00,2025-08-06 00:00:00+00:00,0.0,2025-08-05,2025,REG,CHI,WAS,1.0654205607476634,True,,0.5000000000000001,401736297,4433524,16,19,0,True,False,matched,1.0,2025-08-05,under,0.08736581255477488,1.8771929824561404,0.8771929824561404,1.0,False,False,False
2333,a2a72f5a3b1fda62d2f83883d9293cf1,101,Kelsey Plum,kelseyplum,LAS,assists,5.5,104.0,-136.0,10,10,2025-08-04 04:29:52+00:00,2025-08-04 04:29:52+00:00,2025-08-04 04:29:52+00:00,2025-08-06 02:00:00+00:00,0.0,2025-08-05,2025,REG,LAS,IND,1.0664672648720506,True,,0.45551193975064763,401736298,3065570,6,5,1,True,False,matched,11.0,2025-08-05,over,0.2388298888112131,2.04,1.04,1.0,False,False,False
2333,6a74f10044c6a7119065812aa2b9e38b,71,Aliyah Boston,aliyahboston,IND,rebounds,8.5,-138.0,104.0,10,10,2025-08-04 04:29:52+00:00,2025-08-04 04:29:52+00:00,2025-08-04 04:29:52+00:00,2025-08-06 02:00:00+00:00,0.0,2025-08-05,2025,REG,LAS,IND,1.0700280112044818,True,,0.5464208361470752,401736298,4432831,5,6,0,True,False,matched,9.0,2025-08-05,under,0.12095014824810651,2.04,-1.0,1.0,False,False,False
2333,1e97c8dd9b5c8631bc354c816b92bd63,70,Kelsey Mitchell,kelseymitchell,IND,threes,2.5,-108.0,-122.0,10,10,2025-08-04 04:29:52+00:00,2025-08-04 04:29:52+00:00,2025-08-04 04:29:52+00:00,2025-08-06 02:00:00+00:00,0.0,2025-08-05,2025,REG,LAS,IND,1.0687803187803186,True,,0.48431040390879443,401736298,3142191,5,6,0,True,False,matched,7.0,2025-08-05,under,0.08016467295833302,1.819672131147541,-1.0,1.0,False,False,False
2333,aaa09302e765766cc01446c2358e24e1,87,Cameron Brink,cameronbrink,LAS,points,5.5,-120.0,-108.0,10,10,2025-08-04 04:33:41+00:00,2025-08-04 04:33:41+00:00,2025-08-04 04:33:41+00:00,2025-08-06 02:00:00+00:00,0.0,2025-08-05,2025,REG,LAS,IND,1.0646853146853146,True,,0.5135396953663074,401736298,4433404,6,5,1,True,False,matched,0.0,2025-08-05,under,0.06172618423246079,1.925925925925926,0.925925925925926,1.0,False,False,False
2332,5a88cbc7cd7c0061c219ef03a69e03fe,121,Alanna Smith,alannasmith,DAL,points,12.5,100.0,-130.0,10,10,2025-08-04 05:13:13+00:00,2025-08-04 05:13:13+00:00,2025-08-04 05:13:13+00:00,2025-08-06 02:00:00+00:00,0.0,2025-08-05,2025,REG,SEA,MIN,1.065217391304348,True,,0.4663164946059025,401736300,3913881,8,14,0,True,False,matched,6.0,2025-08-05,under,0.44449990018220026,1.7692307692307692,0.7692307692307692,1.0,False,False,False
2332,f99ffb7f959da5b81e160051ebd9a7b7,116,Jessica Shepard,jessicashepard,DAL,points,9.5,-114.0,-114.0,10,10,2025-08-04 05:13:13+00:00,2025-08-04 05:13:13+00:00,2025-08-04 05:13:13+00:00,2025-08-06 02:00:00+00:00,0.0,2025-08-05,2025,REG,SEA,MIN,1.0654205607476634,True,,0.5000000000000001,401736300,3906949,8,14,0,True,False,matched,13.0,2025-08-05,under,0.34955668009337215,1.8771929824561404,-1.0,1.0,False,False,False
2332,5fafe869c7320f1872ce222ec5b4799f,125,Kayla McBride,kaylamcbride,MIN,points,17.5,100.0,-130.0,10,10,2025-08-04 05:13:13+00:00,2025-08-04 05:13:13+00:00,2025-08-04 05:13:13+00:00,2025-08-06 02:00:00+00:00,0.0,2025-08-05,2025,REG,SEA,MIN,1.065217391304348,True,,0.4663164946059025,401736300,2529205,8,14,0,True,False,matched,14.0,2025-08-05,under,0.23454474338268216,1.7692307692307692,0.7692307692307692,1.0,False,False,False
2332,98f463ca57abb8254d9d92ae04d7474f,208,Gabby Williams,gabbywilliams,GSV,points,11.5,-130.0,100.0,10,10,2025-08-04 05:13:13+00:00,2025-08-04 05:13:13+00:00,2025-08-04 05:13:13+00:00,2025-08-06 02:00:00+00:00,0.0,2025-08-05,2025,REG,SEA,MIN,1.065217391304348,True,,0.5336835053940976,401736300,3142328,14,8,1,True,False,matched,9.0,2025-08-05,under,0.18824066367252673,2.0,1.0,1.0,False,False,False
2332,2c35c19030537f3ab7a9f3920934a833,66,Erica Wheeler,ericawheeler,LAS,points,9.5,-130.0,100.0,10,10,2025-08-04 05:13:13+00:00,2025-08-04 05:13:13+00:00,2025-08-04 05:13:13+00:00,2025-08-06 02:00:00+00:00,0.0,2025-08-05,2025,REG,SEA,MIN,1.065217391304348,True,,0.5336835053940976,401736300,2491214,14,8,1,True,False,matched,19.0,2025-08-05,under,0.12737699085648502,2.0,-1.0,1.0,False,False,False
2332,ca221c8ba472dfcdc06269da45cfdbcb,175,Skylar Diggins,skylardiggins,CHI,rebounds,3.5,128.0,-172.0,10,10,2025-08-04 05:13:13+00:00,2025-08-04 05:13:13+00:00,2025-08-04 05:13:13+00:00,2025-08-06 02:00:00+00:00,0.0,2025-08-05,2025,REG,SEA,MIN,1.0709494324045408,True,,0.39957653069922067,401736300,2491205,14,8,1,True,False,matched,1.0,2025-08-05,over,0.08846679741399488,2.2800000000000002,-1.0,1.0,False,False,False
2332,d61bd7724738b7413f241b0a19a182ff,180,Nneka Ogwumike,nnekaogwumike,LAS,points,16.5,-122.0,-106.0,10,10,2025-08-04 05:13:13+00:00,2025-08-04 05:13:13+00:00,2025-08-04 05:13:13+00:00,2025-08-06 02:00:00+00:00,0.0,2025-08-05,2025,REG,SEA,MIN,1.064112656345666,True,,0.518058368553134,401736300,1068,14,8,1,True,False,matched,23.0,2025-08-05,under,0.06687944439856897,1.9433962264150944,-1.0,1.0,False,False,False
2332,e66b403302788ed86378909b1871cd83,117,Courtney Williams,courtneywilliams,MIN,rebounds,5.5,-114.0,-114.0,10,10,2025-08-04 05:13:14+00:00,2025-08-04 05:13:14+00:00,2025-08-04 05:13:14+00:00,2025-08-06 02:00:00+00:00,0.0,2025-08-05,2025,REG,SEA,MIN,1.0654205607476634,True,,0.5000000000000001,401736300,2987891,8,14,0,True,False,matched,4.0,2025-08-05,under,0.14200757906420441,1.8771929824561404,0.8771929824561404,1.0,False,False,False
2332,f524b51a111e9c8d47df2690648cdfc1,176,Ezi Magbegor,ezimagbegor,SEA,points,8.5,-122.0,-106.0,10,10,2025-08-04 05:13:14+00:00,2025-08-04 05:13:14+00:00,2025-08-04 05:13:14+00:00,2025-08-06 02:00:00+00:00,0.0,2025-08-05,2025,REG,SEA,MIN,1.064112656345666,True,,0.518058368553134,401736300,4420318,14,8,1,True,False,matched,8.0,2025-08-05,under,0.05356222184811149,1.9433962264150944,0.9433962264150944,1.0,False,False,False
2333,fd16a8c96f98c75ea4fa2209e311ba88,94,Rickea Jackson,rickeajackson,CHI,rebounds,3.5,-110.0,-130.0,33,33,2025-08-04 08:29:59+00:00,2025-08-04 08:29:59+00:00,2025-08-04 08:29:59+00:00,2025-08-06 02:00:00+00:00,0.0,2025-08-05,2025,REG,LAS,IND,1.0890269151138718,True,,0.47832076753442404,401736298,4433630,6,5,1,True,False,matched,5.0,2025-08-05,over,0.12326984845358918,1.9090909090909092,0.9090909090909092,1.0,False,False,False
2334,7684f85856c5caf4f2ced8bd446fff18,9,Tina Charles,tinacharles,FA,rebounds,5.5,-158.0,118.0,10,10,2025-08-04 14:20:46+00:00,2025-08-04 14:20:46+00:00,2025-08-04 14:20:46+00:00,2025-08-06 02:00:00+00:00,0.0,2025-08-05,2025,REG,PHX,CON,1.0711186971054691,True,,0.5796527091990534,401736299,918,18,11,0,True,False,matched,7.0,2025-08-05,over,0.10214322212839055,1.6329113924050633,0.6329113924050633,1.0,False,False,False
2334,140386306f6703d7c55c647be76f58ba,274,Bria Hartley,briahartley,FA,points,8.5,-110.0,-118.0,10,10,2025-08-04 14:20:47+00:00,2025-08-04 14:20:47+00:00,2025-08-04 14:20:47+00:00,2025-08-06 02:00:00+00:00,0.0,2025-08-05,2025,REG,PHX,CON,1.0650939274792486,True,,0.4909754767731684,401736299,2529185,18,11,0,True,False,matched,7.0,2025-08-05,over,0.09325984814693977,1.9090909090909092,-1.0,1.0,False,False,False
2334,d0da40c54348d65361ee1f3a7058b3b2,22,Marina Mabrey,marinamabrey,TOR,assists,3.5,-102.0,-130.0,10,10,2025-08-04 14:20:48+00:00,2025-08-04 14:20:48+00:00,2025-08-04 14:20:48+00:00,2025-08-06 02:00:00+00:00,0.0,2025-08-05,2025,REG,PHX,CON,1.0701678863538528,True,,0.46878765056355093,401736299,3904576,18,11,0,True,False,matched,3.0,2025-08-05,over,0.13305579121227457,1.9803921568627452,-1.0,1.0,False,False,False
2334,bd8f3aef9f667e5e2c90bc4dd3da3835,155,Kahleah Copper,kahleahcopper,PHO,points,17.5,-102.0,-128.0,10,10,2025-08-04 14:26:18+00:00,2025-08-04 14:26:18+00:00,2025-08-04 14:26:18+00:00,2025-08-06 02:00:00+00:00,0.0,2025-08-05,2025,REG,PHX,CON,1.0663540038214347,True,,0.47082505196940394,401736299,2998938,11,18,1,True,False,matched,15.0,2025-08-05,under,0.0651907393103281,1.78125,0.78125,1.0,False,False,False
2334,fc60b3f34af55c303e651df27fdc7fb5,54,Satou Sabally,satousabally,NYL,rebounds,5.5,-125.0,-106.0,10,10,2025-08-04 14:26:20+00:00,2025-08-04 14:26:20+00:00,2025-08-04 14:26:20+00:00,2025-08-06 02:00:00+00:00,0.0,2025-08-05,2025,REG,PHX,CON,1.070118662351672,True,,0.5212291071384377,401736299,4281929,11,18,1,True,False,matched,6.0,2025-08-05,under,0.24649004629568855,1.9433962264150944,-1.0,1.0,False,False,False
2334,6b3a46d400c3b8a2f51fb2386232ef67,40,Alyssa Thomas,alyssathomas,PHO,assists,8.5,-152.0,114.0,10,10,2025-08-04 14:26:20+00:00,2025-08-04 14:26:20+00:00,2025-08-04 14:26:20+00:00,2025-08-06 02:00:00+00:00,0.0,2025-08-05,2025,REG,PHX,CON,1.0704643228007713,True,,0.5703965275254933,401736299,2529140,11,18,1,True,False,matched,12.0,2025-08-05,under,0.1871156471362978,2.1399999999999997,-1.0,1.0,False,False,False
2334,c42df20bb60845b31ccdbe70ab407320,563,Monique Akoa Makani,moniqueakoamakani,PHO,threes,1.5,155.0,-190.0,13,13,2025-08-04 20:34:59+00:00,2025-08-04 20:34:59+00:00,2025-08-04 20:34:59+00:00,2025-08-06 02:00:00+00:00,0.0,2025-08-05,2025,REG,PHX,CON,1.0473292765382016,True,,0.36540694709976745,401736299,5274110,11,18,1,True,False,matched,1.0,2025-08-05,under,0.11906840231986265,1.526315789473684,0.5263157894736841,1.0,False,False,False
2331,f4264a789bec9dfb2e75d3ef19a3453e,30,Kamilla Cardoso,kamillacardoso,CHI,points,12.5,-130.0,100.0,10,10,2025-08-04 22:54:33+00:00,2025-08-04 22:54:33+00:00,2025-08-04 22:54:33+00:00,2025-08-06 00:00:00+00:00,0.0,2025-08-05,2025,REG,CHI,WAS,1.065217391304348,True,,0.5336835053940976,401736297,4433405,19,16,1,True,False,matched,16.0,2025-08-05,under,0.06598994981564976,2.0,-1.0,1.0,False,False,False
2331,b99686975d0619862c25c140cbfbdc06,36,Rachel Banham,rachelbanham,CHI,points,11.5,-125.0,-104.0,10,10,2025-08-04 22:59:47+00:00,2025-08-04 22:59:47+00:00,2025-08-04 22:59:47+00:00,2025-08-06 00:00:00+00:00,0.0,2025-08-05,2025,REG,CHI,WAS,1.065359477124183,True,,0.5236312520088393,401736297,2566186,19,16,1,True,False,matched,5.0,2025-08-05,under,0.14938943344919492,1.9615384615384617,0.9615384615384617,1.0,False,False,False
2332,364a0d9ac36304d5d8df9ed175c2ca7b,128,Bridget Carleton,bridgetcarleton,PDX,points,8.5,130.0,-170.0,13,13,2025-08-04 23:45:11+00:00,2025-08-04 23:45:11+00:00,2025-08-04 23:45:11+00:00,2025-08-06 02:00:00+00:00,0.0,2025-08-05,2025,REG,SEA,MIN,1.0644122383252816,True,,0.399381640165784,401736300,3906972,8,14,0,True,False,matched,12.0,2025-08-05,under,0.1055975675861443,1.5882352941176472,-1.0,1.0,False,False,False
2333,edfbd68327bdef10952ef592e05bc679,156,Sophie Cunningham,sophiecunningham,IND,rebounds,4.5,122.0,-162.0,10,10,2025-08-05 01:39:12+00:00,2025-08-05 01:39:12+00:00,2025-08-05 01:39:12+00:00,2025-08-06 02:00:00+00:00,0.0,2025-08-05,2025,REG,LAS,IND,1.0687710611374732,True,,0.41310819110441305,401736298,3907781,5,6,0,True,False,matched,1.0,2025-08-05,under,0.08597320683903292,1.617283950617284,0.617283950617284,1.0,False,False,False
2333,2374c2bc825ffaeee6874e3edfab433b,56,Natasha Howard,natashahoward,MIN,assists,2.5,-130.0,-110.0,33,33,2025-08-05 04:23:53+00:00,2025-08-05 04:23:53+00:00,2025-08-05 04:23:53+00:00,2025-08-06 02:00:00+00:00,0.0,2025-08-05,2025,REG,LAS,IND,1.0890269151138718,True,,0.521679232465576,401736298,2529130,5,6,0,True,False,matched,2.0,2025-08-05,under,0.06690619815586613,1.9090909090909092,0.9090909090909092,1.0,False,False,False
2335,3a8e94a12bd341fedba7d82647fc5d2d,221,Tiffany Hayes,tiffanyhayes,GSV,points,12.5,-113.0,-115.0,10,10,2025-08-05 04:56:25+00:00,2025-08-05 04:56:25+00:00,2025-08-05 04:56:25+00:00,2025-08-07 02:00:00+00:00,0.0,2025-08-06,2025,REG,GSV,LVA,1.0654001528551151,True,,0.49774423259931944,401736301,1054,129689,17,1,True,False,matched,14.0,2025-08-06,under,0.2900477766009356,1.8695652173913042,-1.0,1.0,False,False,False
2335,804dc6946d759f8c009bf1bf1d3547d1,103,A'ja Wilson,ajawilson,LVA,points,21.5,-128.0,-102.0,10,10,2025-08-05 04:56:25+00:00,2025-08-05 04:56:25+00:00,2025-08-05 04:56:25+00:00,2025-08-07 02:00:00+00:00,0.0,2025-08-06,2025,REG,GSV,LVA,1.0663540038214347,True,,0.5291749480305961,401736301,3149391,17,129689,0,True,False,matched,27.0,2025-08-06,under,0.19709070674183005,1.9803921568627452,-1.0,1.0,False,False,False
2335,1a74b8084e8e5c5e4da033134e0e8cf0,107,Chelsea Gray,chelseagray,LVA,threes,1.5,194.0,-270.0,10,10,2025-08-05 04:56:25+00:00,2025-08-05 04:56:25+00:00,2025-08-05 04:56:25+00:00,2025-08-07 02:00:00+00:00,0.0,2025-08-06,2025,REG,GSV,LVA,1.0698657841514985,True,,0.2979582365398174,401736301,2529122,17,129689,0,True,False,matched,0.0,2025-08-06,over,0.15958063771350184,2.94,-1.0,1.0,False,False,False
2335,d079f265cc03470ef011056aea59cdc0,166,Jewell Loyd,jewellloyd,LVA,points,12.5,-114.0,-114.0,10,10,2025-08-05 04:56:25+00:00,2025-08-05 04:56:25+00:00,2025-08-05 04:56:25+00:00,2025-08-07 02:00:00+00:00,0.0,2025-08-06,2025,REG,GSV,LVA,1.0654205607476634,True,,0.5000000000000001,401736301,2987869,17,129689,0,True,False,matched,14.0,2025-08-06,under,0.14563691317445843,1.8771929824561404,-1.0,1.0,False,False,False
2335,2b61b298ad4b3ae5c0edf56440fe0cde,102,Jackie Young,jackieyoung,LVA,points,15.5,-102.0,-128.0,10,10,2025-08-05 04:56:25+00:00,2025-08-05 04:56:25+00:00,2025-08-05 04:56:25+00:00,2025-08-07 02:00:00+00:00,0.0,2025-08-06,2025,REG,GSV,LVA,1.0663540038214347,True,,0.47082505196940394,401736301,4065870,17,129689,0,True,False,matched,14.0,2025-08-06,under,0.09093600383084699,1.78125,0.78125,1.0,False,False,False
2335,191a08834dd5a66227c27b25339c00fb,537,Janelle Salaun,janellesalaun,GSV,rebounds,4.5,-138.0,104.0,10,10,2025-08-05 15:39:42+00:00,2025-08-05 15:39:42+00:00,2025-08-05 15:39:42+00:00,2025-08-07 02:00:00+00:00,0.0,2025-08-06,2025,REG,GSV,LVA,1.0700280112044818,True,,0.5464208361470752,401736301,4790264,129689,17,1,True,False,matched,3.0,2025-08-06,under,0.14776106464775646,2.04,1.04,1.0,False,False,False
2335,d9bef32eb6adda0131a04a410546f63f,55,Veronica Burton,veronicaburton,GSV,points,10.5,-114.0,-114.0,10,10,2025-08-05 15:39:42+00:00,2025-08-05 15:39:42+00:00,2025-08-05 15:39:42+00:00,2025-08-07 02:00:00+00:00,0.0,2025-08-06,2025,REG,GSV,LVA,1.0654205607476634,True,,0.5000000000000001,401736301,4398935,129689,17,1,True,False,matched,6.0,2025-08-06,under,0.07492502121738681,1.8771929824561404,0.8771929824561404,1.0,False,False,False
2331,047493236022e016cf6c423cc1091a8d,185,Ariel Atkins,arielatkins,LAS,points,10.5,100.0,-130.0,19,19,2025-08-05 19:14:15+00:00,2025-08-05 19:14:15+00:00,2025-08-05 19:14:15+00:00,2025-08-06 00:00:00+00:00,0.0,2025-08-05,2025,REG,CHI,WAS,1.065217391304348,True,,0.4663164946059025,401736297,3146151,19,16,1,True,False,matched,15.0,2025-08-05,over,0.11541145660384777,2.0,1.0,1.0,False,False,False
2331,6f81a245eb964ab36e3d788f832d608e,33,Elizabeth Williams,elizabethwilliams,CHI,points,10.5,104.0,-135.0,10,10,2025-08-05 23:59:49+00:00,2025-08-05 23:59:49+00:00,2025-08-05 23:59:49+00:00,2025-08-06 00:00:00+00:00,0.0,2025-08-05,2025,REG,CHI,WAS,1.0646641635377556,True,,0.45648742045938223,401736297,2566081,19,16,1,True,False,matched,18.0,2025-08-05,under,0.15559089882016647,1.7407407407407407,-1.0,1.0,False,False,False
2338,c7c31ac2f62997c08244396c017e27b9,70,Kelsey Mitchell,kelseymitchell,IND,threes,2.5,-114.0,-114.0,10,10,2025-08-06 05:48:11+00:00,2025-08-06 05:48:11+00:00,2025-08-06 05:48:11+00:00,2025-08-08 02:00:00+00:00,0.0,2025-08-07,2025,REG,PHX,IND,1.0654205607476634,True,,0.5000000000000001,401736304,3142191,5,11,0,True,False,matched,1.0,2025-08-07,under,0.1106951922315792,1.8771929824561404,0.8771929824561404,1.0,False,False,False
2338,81e5be5b5954923a4815c313496afd80,71,Aliyah Boston,aliyahboston,IND,assists,3.5,-148.0,112.0,10,10,2025-08-06 05:48:11+00:00,2025-08-06 05:48:11+00:00,2025-08-06 05:48:11+00:00,2025-08-08 02:00:00+00:00,0.0,2025-08-07,2025,REG,PHX,IND,1.0684723067559343,True,,0.5647227530167998,401736304,4432831,5,11,0,True,False,matched,3.0,2025-08-07,under,0.07573256623155383,2.12,1.12,1.0,False,False,False
2338,934d20f094d6c46f643c21a1d2dc9d2d,40,Alyssa Thomas,alyssathomas,PHO,rebounds,8.5,-136.0,102.0,10,10,2025-08-06 05:48:12+00:00,2025-08-06 05:48:12+00:00,2025-08-06 05:48:12+00:00,2025-08-08 02:00:00+00:00,0.0,2025-08-07,2025,REG,PHX,IND,1.071320691391173,True,,0.5420932924427202,401736304,2529140,11,5,1,True,False,matched,11.0,2025-08-07,under,0.082068494188901,2.02,-1.0,1.0,False,False,False
2338,73ed621bf3146dc2a7fc945361d817fa,54,Satou Sabally,satousabally,NYL,rebounds,5.5,-102.0,-130.0,10,10,2025-08-06 05:53:51+00:00,2025-08-06 05:53:51+00:00,2025-08-06 05:53:51+00:00,2025-08-08 02:00:00+00:00,0.0,2025-08-07,2025,REG,PHX,IND,1.0701678863538528,True,,0.46878765056355093,401736304,4281929,11,5,1,True,False,matched,8.0,2025-08-07,under,0.15055826499865083,1.7692307692307692,-1.0,1.0,False,False,False
2338,34535dbc334a162693839fc87257c431,155,Kahleah Copper,kahleahcopper,PHO,points,15.5,-130.0,100.0,10,10,2025-08-06 05:53:51+00:00,2025-08-06 05:53:51+00:00,2025-08-06 05:53:51+00:00,2025-08-08 02:00:00+00:00,0.0,2025-08-07,2025,REG,PHX,IND,1.065217391304348,True,,0.5336835053940976,401736304,2998938,11,5,1,True,False,matched,11.0,2025-08-07,under,0.06885214532521,2.0,1.0,1.0,False,False,False
2338,3f6ffb6def8b2b5e1f9e6f923803eace,56,Natasha Howard,natashahoward,MIN,points,11.5,-114.0,-114.0,10,10,2025-08-06 05:53:52+00:00,2025-08-06 05:53:52+00:00,2025-08-06 05:53:52+00:00,2025-08-08 02:00:00+00:00,0.0,2025-08-07,2025,REG,PHX,IND,1.0654205607476634,True,,0.5000000000000001,401736304,2529130,5,11,0,True,False,matched,7.0,2025-08-07,under,0.07357623726923718,1.8771929824561404,0.8771929824561404,1.0,False,False,False
2337,ec575976af98e6ffd1bc987c5c93bf13,101,Kelsey Plum,kelseyplum,LAS,rebounds,2.5,-174.0,130.0,10,10,2025-08-06 06:03:58+00:00,2025-08-06 06:03:58+00:00,2025-08-06 06:03:58+00:00,2025-08-08 02:00:00+00:00,0.0,2025-08-07,2025,REG,LAS,CON,1.069819105046017,True,,0.603727082826799,401736303,3065570,6,18,1,True,False,matched,1.0,2025-08-07,over,0.08865131973239943,1.5747126436781609,-1.0,1.0,False,False,False
2337,2738161f353d0204e1a32fe4c35e48a0,89,Dearica Hamby,dearicahamby,LAS,rebounds,8.5,102.0,-136.0,10,10,2025-08-06 06:03:58+00:00,2025-08-06 06:03:58+00:00,2025-08-06 06:03:58+00:00,2025-08-08 02:00:00+00:00,0.0,2025-08-07,2025,REG,LAS,CON,1.071320691391173,True,,0.4579067075572801,401736303,2566106,6,18,1,True,False,matched,5.0,2025-08-07,over,0.08281985713156947,2.02,-1.0,1.0,False,False,False
2338,74b40e9c93b391773156df438e4b3467,156,Sophie Cunningham,sophiecunningham,IND,rebounds,3.5,-144.0,108.0,10,10,2025-08-06 06:03:58+00:00,2025-08-06 06:03:58+00:00,2025-08-06 06:03:58+00:00,2025-08-08 02:00:00+00:00,0.0,2025-08-07,2025,REG,PHX,IND,1.0709331651954601,True,,0.5566845205396996,401736304,3907781,5,11,0,True,False,matched,2.0,2025-08-07,under,0.07957094843180829,2.08,1.08,1.0,False,False,False
2337,51b2617ea4227fd62a18db3f6bbb7dcd,274,Bria Hartley,briahartley,FA,threes,1.5,118.0,-158.0,10,10,2025-08-06 06:03:59+00:00,2025-08-06 06:03:59+00:00,2025-08-06 06:03:59+00:00,2025-08-08 02:00:00+00:00,0.0,2025-08-07,2025,REG,LAS,CON,1.0711186971054691,True,,0.42034729080094674,401736303,2529185,18,6,0,True,False,matched,4.0,2025-08-07,over,0.12687930083008514,2.1799999999999997,1.1799999999999997,1.0,False,False,False
2336,0f2c226bf38212fabfdce1416156ad74,1,Allisha Gray,allishagray,ATL,threes,2.5,108.0,-144.0,10,10,2025-08-07 04:27:17+00:00,2025-08-07 04:27:17+00:00,2025-08-07 04:27:17+00:00,2025-08-08 00:00:00+00:00,0.0,2025-08-07,2025,REG,CHI,ATL,1.0709331651954601,True,,0.4433154794603006,401736302,3058901,20,19,0,True,False,matched,3.0,2025-08-07,under,0.1319277461487678,1.6944444444444444,-1.0,1.0,False,False,False
2336,5be9da0fb6337bfeb01c6708aa9f1d2a,49,Brionna Jones,brionnajones,ATL,points,13.5,-114.0,-114.0,10,10,2025-08-07 04:27:18+00:00,2025-08-07 04:27:18+00:00,2025-08-07 04:27:18+00:00,2025-08-08 00:00:00+00:00,0.0,2025-08-07,2025,REG,CHI,ATL,1.0654205607476634,True,,0.5000000000000001,401736302,3058895,20,19,0,True,False,matched,8.0,2025-08-07,under,0.14483127906504956,1.8771929824561404,0.8771929824561404,1.0,False,False,False
2336,d4c762a58346f4c1ac29bad7eb121d02,30,Kamilla Cardoso,kamillacardoso,CHI,rebounds,10.5,108.0,-144.0,10,10,2025-08-07 04:27:18+00:00,2025-08-07 04:27:18+00:00,2025-08-07 04:27:18+00:00,2025-08-08 00:00:00+00:00,0.0,2025-08-07,2025,REG,CHI,ATL,1.0709331651954601,True,,0.4433154794603006,401736302,4433405,19,20,1,True,False,matched,6.0,2025-08-07,under,0.1347487425941319,1.6944444444444444,0.6944444444444444,1.0,False,False,False
2336,4e163c672f52dfb04c175c98c4d314d0,185,Ariel Atkins,arielatkins,LAS,assists,2.5,-138.0,104.0,10,10,2025-08-07 04:31:40+00:00,2025-08-07 04:31:40+00:00,2025-08-07 04:31:40+00:00,2025-08-08 00:00:00+00:00,0.0,2025-08-07,2025,REG,CHI,ATL,1.0700280112044818,True,,0.5464208361470752,401736302,3146151,19,20,1,True,False,matched,4.0,2025-08-07,over,0.14136379882197614,1.7246376811594204,0.7246376811594204,1.0,False,False,False
2336,fdbba6311f8c6ed5482bf2487774ac68,16,Naz Hillmon,nazhillmon,ATL,rebounds,7.5,114.0,-152.0,10,10,2025-08-07 04:36:53+00:00,2025-08-07 04:36:53+00:00,2025-08-07 04:36:53+00:00,2025-08-08 00:00:00+00:00,0.0,2025-08-07,2025,REG,CHI,ATL,1.0704643228007713,True,,0.42960347247450675,401736302,4398915,20,19,0,True,False,matched,11.0,2025-08-07,under,0.18588531308388645,1.6578947368421053,-1.0,1.0,False,False,False
2336,9bc56084b14cebec24b7ba374f038a74,33,Elizabeth Williams,elizabethwilliams,CHI,rebounds,6.5,-138.0,104.0,10,10,2025-08-07 04:36:53+00:00,2025-08-07 04:36:53+00:00,2025-08-07 04:36:53+00:00,2025-08-08 00:00:00+00:00,0.0,2025-08-07,2025,REG,CHI,ATL,1.0700280112044818,True,,0.5464208361470752,401736302,2566081,19,20,1,True,False,matched,4.0,2025-08-07,under,0.13095661360588823,2.04,1.04,1.0,False,False,False
2337,974cf277e3a306ca1c4679ad602df43f,519,Aneesah Morrow,aneesahmorrow,CON,points,8.5,-110.0,-130.0,33,33,2025-08-07 07:35:35+00:00,2025-08-07 07:35:35+00:00,2025-08-07 07:35:35+00:00,2025-08-08 02:00:00+00:00,0.0,2025-08-07,2025,REG,LAS,CON,1.0890269151138718,True,,0.47832076753442404,401736303,4684384,18,6,0,True,False,matched,6.0,2025-08-07,under,0.07600983298619612,1.7692307692307692,0.7692307692307692,1.0,False,False,False
2339,b32f8986a7739c5c60b9703f2ceacb55,63,Arike Ogunbowale,arikeogunbowale,DAL,assists,4.5,135.0,-165.0,24,24,2025-08-07 12:56:13+00:00,2025-08-07 12:56:13+00:00,2025-08-07 12:56:13+00:00,2025-08-08 23:30:00+00:00,0.0,2025-08-08,2025,REG,DAL,NYL,1.0481734243275793,True,,0.3991056903902242,401736305,3904577,3,9,1,True,False,matched,3.0,2025-08-08,over,0.16773498727334868,2.35,-1.0,1.0,False,False,False
2340,ea8e027d1fb7d84f4304a76a015200ee,125,Kayla McBride,kaylamcbride,MIN,threes,2.5,-115.0,-115.0,24,24,2025-08-07 12:56:14+00:00,2025-08-07 12:56:14+00:00,2025-08-07 12:56:14+00:00,2025-08-08 23:30:00+00:00,0.0,2025-08-08,2025,REG,MIN,WAS,1.0697674418604652,True,,0.5,401736306,2529205,8,16,1,True,False,matched,0.0,2025-08-08,under,0.15191656829590644,1.8695652173913042,0.8695652173913042,1.0,False,False,False
2340,c40e82d82d0a78afbe4140ef7e1bd943,117,Courtney Williams,courtneywilliams,MIN,assists,5.5,-140.0,110.0,24,24,2025-08-07 12:56:14+00:00,2025-08-07 12:56:14+00:00,2025-08-07 12:56:14+00:00,2025-08-08 23:30:00+00:00,0.0,2025-08-08,2025,REG,MIN,WAS,1.0595238095238093,True,,0.555167954788897,401736306,2987891,8,16,1,True,False,matched,5.0,2025-08-08,over,0.10403434813301682,1.7142857142857144,-1.0,1.0,False,False,False
2340,34687335a6347746f753e24d9b4149a9,573,Sonia Citron,soniacitron,WAS,threes,1.5,-115.0,-115.0,24,24,2025-08-07 12:56:14+00:00,2025-08-07 12:56:14+00:00,2025-08-07 12:56:14+00:00,2025-08-08 23:30:00+00:00,0.0,2025-08-08,2025,REG,MIN,WAS,1.0697674418604652,True,,0.5,401736306,4433524,16,8,0,True,False,matched,4.0,2025-08-08,under,0.09707568780759318,1.8695652173913042,-1.0,1.0,False,False,False
2339,d5816083d0d8dd0e34568558667e9026,163,Natasha Cloud,natashacloud,CHI,assists,5.5,-145.0,115.0,24,24,2025-08-07 12:56:14+00:00,2025-08-07 12:56:14+00:00,2025-08-07 12:56:14+00:00,2025-08-08 23:30:00+00:00,0.0,2025-08-08,2025,REG,DAL,NYL,1.056953013763645,True,,0.5651598000470045,401736305,2529137,9,3,0,True,False,matched,3.0,2025-08-08,under,0.07152954177966331,2.15,1.15,1.0,False,False,False
2339,15492b0936c1e2d28c86b492a902cf28,132,Sabrina Ionescu,sabrinaionescu,NYL,threes,2.5,-105.0,-125.0,24,24,2025-08-07 12:56:14+00:00,2025-08-07 12:56:14+00:00,2025-08-07 12:56:14+00:00,2025-08-08 23:30:00+00:00,0.0,2025-08-08,2025,REG,DAL,NYL,1.067750677506775,True,,0.47757418034290006,401736305,4066533,9,3,0,True,False,matched,1.0,2025-08-08,under,0.05084661235566407,1.8,0.8,1.0,False,False,False
2341,1ec7547812bc8d4abb75ec1c9cac6a52,102,Jackie Young,jackieyoung,LVA,assists,4.5,-115.0,-115.0,24,24,2025-08-07 13:05:05+00:00,2025-08-07 13:05:05+00:00,2025-08-07 13:05:05+00:00,2025-08-09 02:00:00+00:00,0.0,2025-08-08,2025,REG,LVA,SEA,1.0697674418604652,True,,0.5,401736307,4065870,17,14,1,True,False,matched,5.0,2025-08-08,over,0.2037481261850827,1.8695652173913042,0.8695652173913042,1.0,False,False,False
2341,2aeee7c5651dc1c7b1d4f198f3362152,175,Skylar Diggins,skylardiggins,CHI,assists,6.5,100.0,-130.0,24,24,2025-08-07 13:05:05+00:00,2025-08-07 13:05:05+00:00,2025-08-07 13:05:05+00:00,2025-08-09 02:00:00+00:00,0.0,2025-08-08,2025,REG,LVA,SEA,1.065217391304348,True,,0.4663164946059025,401736307,2491205,14,17,0,True,False,matched,6.0,2025-08-08,under,0.13587553077986464,1.7692307692307692,0.7692307692307692,1.0,False,False,False
2341,cf2df040c3d85d2d880bcffed8e3b337,166,Jewell Loyd,jewellloyd,LVA,threes,1.5,-115.0,-115.0,24,24,2025-08-07 13:05:06+00:00,2025-08-07 13:05:06+00:00,2025-08-07 13:05:06+00:00,2025-08-09 02:00:00+00:00,0.0,2025-08-08,2025,REG,LVA,SEA,1.0697674418604652,True,,0.5,401736307,2987869,17,14,1,True,False,matched,3.0,2025-08-08,over,0.05320473030836409,1.8695652173913042,0.8695652173913042,1.0,False,False,False
2339,52fb892e10c412a2bc80743f25d7fdeb,141,Jonquel Jones,jonqueljones,NYL,threes,1.5,-138.0,104.0,10,10,2025-08-07 17:50:24+00:00,2025-08-07 17:50:24+00:00,2025-08-07 17:50:24+00:00,2025-08-08 23:30:00+00:00,0.0,2025-08-08,2025,REG,DAL,NYL,1.0700280112044818,True,,0.5464208361470752,401736305,2999101,9,3,0,True,False,matched,4.0,2025-08-08,under,0.2782129577548624,2.04,-1.0,1.0,False,False,False
2339,8161d5e14704f7ba92da8bf88d5059bc,147,Leonie Fiebich,leoniefiebich,NYL,rebounds,3.5,-162.0,122.0,10,10,2025-08-07 17:50:24+00:00,2025-08-07 17:50:24+00:00,2025-08-07 17:50:24+00:00,2025-08-08 23:30:00+00:00,0.0,2025-08-08,2025,REG,DAL,NYL,1.0687710611374732,True,,0.5868918088955871,401736305,4683006,9,3,0,True,False,matched,2.0,2025-08-08,under,0.13761635974642966,2.2199999999999998,1.2199999999999998,1.0,False,False,False
2339,0cc90028361952578a8e8167a29bdc05,233,Emma Meesseman,emmameesseman,FA,points,11.5,-128.0,-102.0,10,10,2025-08-07 17:54:36+00:00,2025-08-07 17:54:36+00:00,2025-08-07 17:54:36+00:00,2025-08-08 23:30:00+00:00,0.0,2025-08-08,2025,REG,DAL,NYL,1.0663540038214347,True,,0.5291749480305961,401736305,3027368,9,3,0,True,False,matched,14.0,2025-08-08,under,0.07799975058199882,1.9803921568627452,-1.0,1.0,False,False,False
2340,a2780ffbd6b3978cd97a75bf5a60bb04,196,Shakira Austin,shakiraaustin,WAS,rebounds,7.5,-148.0,112.0,10,10,2025-08-07 20:23:17+00:00,2025-08-07 20:23:17+00:00,2025-08-07 20:23:17+00:00,2025-08-08 23:30:00+00:00,0.0,2025-08-08,2025,REG,MIN,WAS,1.0684723067559343,True,,0.5647227530167998,401736306,4398911,16,8,0,True,False,matched,6.0,2025-08-08,under,0.34779888813689347,2.12,1.12,1.0,False,False,False
2340,773f725662e5bb667336397bae7b90cd,121,Alanna Smith,alannasmith,DAL,points,10.5,-110.0,-118.0,10,10,2025-08-07 20:23:17+00:00,2025-08-07 20:23:17+00:00,2025-08-07 20:23:17+00:00,2025-08-08 23:30:00+00:00,0.0,2025-08-08,2025,REG,MIN,WAS,1.0650939274792486,True,,0.4909754767731684,401736306,3913881,8,16,1,True,False,matched,25.0,2025-08-08,under,0.2697183538804611,1.847457627118644,-1.0,1.0,False,False,False
2340,705511f4d48e2fbc9ed56d6b0b42f514,572,Kiki Iriafen,kikiiriafen,WAS,rebounds,7.5,-118.0,-112.0,10,10,2025-08-07 20:23:17+00:00,2025-08-07 20:23:17+00:00,2025-08-07 20:23:17+00:00,2025-08-08 23:30:00+00:00,0.0,2025-08-08,2025,REG,MIN,WAS,1.0695862904621776,True,,0.5067212711754592,401736306,4898384,16,8,0,True,False,matched,9.0,2025-08-08,under,0.10625167139514174,1.8928571428571428,-1.0,1.0,False,False,False
2341,b78b7d0305b580bfeb0823e56cce354d,180,Nneka Ogwumike,nnekaogwumike,LAS,rebounds,6.5,-136.0,102.0,10,10,2025-08-07 22:24:56+00:00,2025-08-07 22:24:56+00:00,2025-08-07 22:24:56+00:00,2025-08-09 02:00:00+00:00,0.0,2025-08-08,2025,REG,LVA,SEA,1.071320691391173,True,,0.5420932924427202,401736307,1068,14,17,0,True,False,matched,9.0,2025-08-08,under,0.15061328722071454,2.02,-1.0,1.0,False,False,False
2341,4c42b7e74a9004489ce25219faf96071,208,Gabby Williams,gabbywilliams,GSV,points,12.5,102.0,-132.0,10,10,2025-08-07 22:24:56+00:00,2025-08-07 22:24:56+00:00,2025-08-07 22:24:56+00:00,2025-08-09 02:00:00+00:00,0.0,2025-08-08,2025,REG,LVA,SEA,1.0640150221918745,True,,0.4618487426836327,401736307,3142328,14,17,0,True,False,matched,14.0,2025-08-08,under,0.1252320384087453,1.7575757575757576,-1.0,1.0,False,False,False
2341,54668904e6e3234fe523937486afd218,103,A'ja Wilson,ajawilson,LVA,points,22.5,100.0,-130.0,10,10,2025-08-07 22:24:56+00:00,2025-08-07 22:24:56+00:00,2025-08-07 22:24:56+00:00,2025-08-09 02:00:00+00:00,0.0,2025-08-08,2025,REG,LVA,SEA,1.065217391304348,True,,0.4663164946059025,401736307,3149391,17,14,1,True,False,matched,29.0,2025-08-08,under,0.0968264419281018,1.7692307692307692,-1.0,1.0,False,False,False
2341,2596aae001dd5f2934fcee25037e9563,107,Chelsea Gray,chelseagray,LVA,points,9.5,-115.0,-113.0,10,10,2025-08-07 22:24:56+00:00,2025-08-07 22:24:56+00:00,2025-08-07 22:24:56+00:00,2025-08-09 02:00:00+00:00,0.0,2025-08-08,2025,REG,LVA,SEA,1.0654001528551151,True,,0.5022557674006809,401736307,2529122,17,14,1,True,False,matched,13.0,2025-08-08,under,0.08419188472373701,1.8849557522123894,-1.0,1.0,False,False,False
2336,1c618e694bafa59ea9165b318ada38e9,36,Rachel Banham,rachelbanham,CHI,points,10.5,100.0,-130.0,10,10,2025-08-07 23:11:44+00:00,2025-08-07 23:11:44+00:00,2025-08-07 23:11:44+00:00,2025-08-08 00:00:00+00:00,0.0,2025-08-07,2025,REG,CHI,ATL,1.065217391304348,True,,0.4663164946059025,401736302,2566186,19,20,1,True,False,matched,18.0,2025-08-07,under,0.08177697442756582,1.7692307692307692,-1.0,1.0,False,False,False
2337,4da1f4309549941e5a3f7e8b66a3f2e1,84,Julie Allemand,julieallemand,TOR,rebounds,4.5,-125.0,-106.0,10,10,2025-08-08 00:04:32+00:00,2025-08-08 00:04:32+00:00,2025-08-08 00:04:32+00:00,2025-08-08 02:00:00+00:00,0.0,2025-08-07,2025,REG,LAS,CON,1.070118662351672,True,,0.5212291071384377,401736303,4001679,6,18,1,True,False,matched,10.0,2025-08-07,under,0.30909514745622874,1.9433962264150944,-1.0,1.0,False,False,False
2337,818c1e74ec0935904bc6697ddfd66fb2,39,Leila Lacan,leilalacan,CON,points,8.5,-118.0,-110.0,10,10,2025-08-08 01:54:19+00:00,2025-08-08 01:54:19+00:00,2025-08-08 01:54:19+00:00,2025-08-08 02:00:00+00:00,0.0,2025-08-07,2025,REG,LAS,CON,1.0650939274792486,True,,0.5090245232268319,401736303,5208981,18,6,0,True,False,matched,10.0,2025-08-07,under,0.05539963743881671,1.9090909090909092,-1.0,1.0,False,False,False
2340,7ba2cdb7e58f4c84becccffb2ce0e37d,116,Jessica Shepard,jessicashepard,DAL,rebounds,9.5,-114.0,-114.0,10,10,2025-08-08 05:16:13+00:00,2025-08-08 05:16:13+00:00,2025-08-08 05:16:13+00:00,2025-08-08 23:30:00+00:00,0.0,2025-08-08,2025,REG,MIN,WAS,1.0654205607476634,True,,0.5000000000000001,401736306,3906949,8,16,1,True,False,matched,6.0,2025-08-08,under,0.39800073996633545,1.8771929824561404,0.8771929824561404,1.0,False,False,False
2340,9eb7c6db7f20666aa9c2e12510337975,149,Sug Sutton,sugsutton,DAL,points,9.5,-115.0,-113.0,10,10,2025-08-08 05:21:42+00:00,2025-08-08 05:21:42+00:00,2025-08-08 05:21:42+00:00,2025-08-08 23:30:00+00:00,0.0,2025-08-08,2025,REG,MIN,WAS,1.0654001528551151,True,,0.5022557674006809,401736306,4068159,16,8,0,True,False,matched,4.0,2025-08-08,under,0.2531283315938498,1.8849557522123894,0.8849557522123894,1.0,False,False,False
2342,872ba314a0f5633b33d6ef504447f897,71,Aliyah Boston,aliyahboston,IND,points,14.5,-130.0,100.0,10,10,2025-08-08 06:43:30+00:00,2025-08-08 06:43:30+00:00,2025-08-08 06:43:30+00:00,2025-08-10 00:00:00+00:00,0.0,2025-08-09,2025,REG,IND,CHI,1.065217391304348,True,,0.5336835053940976,401736309,4432831,5,19,1,True,False,matched,15.0,2025-08-09,under,0.09105863148630156,2.0,-1.0,1.0,False,False,False
2342,09479e8f0c93730fc38bedde3de8c741,70,Kelsey Mitchell,kelseymitchell,IND,assists,3.5,-104.0,-128.0,10,10,2025-08-08 06:43:30+00:00,2025-08-08 06:43:30+00:00,2025-08-08 06:43:30+00:00,2025-08-10 00:00:00+00:00,0.0,2025-08-09,2025,REG,IND,CHI,1.0712074303405572,True,,0.4732611100971195,401736309,3142191,5,19,1,True,False,matched,8.0,2025-08-09,under,0.059000005963989244,1.78125,-1.0,1.0,False,False,False
2342,df0c44bc7cb44ae621046cd30a176b0c,30,Kamilla Cardoso,kamillacardoso,CHI,rebounds,10.5,-114.0,-114.0,10,10,2025-08-08 06:48:40+00:00,2025-08-08 06:48:40+00:00,2025-08-08 06:48:40+00:00,2025-08-10 00:00:00+00:00,0.0,2025-08-09,2025,REG,IND,CHI,1.0654205607476634,True,,0.5000000000000001,401736309,4433405,19,5,0,True,False,matched,12.0,2025-08-09,under,0.2418987982566127,1.8771929824561404,-1.0,1.0,False,False,False
2342,2d110c541764f4d6307554dc32349067,156,Sophie Cunningham,sophiecunningham,IND,rebounds,3.5,-144.0,108.0,10,10,2025-08-08 06:54:46+00:00,2025-08-08 06:54:46+00:00,2025-08-08 06:54:46+00:00,2025-08-10 00:00:00+00:00,0.0,2025-08-09,2025,REG,IND,CHI,1.0709331651954601,True,,0.5566845205396996,401736309,3907781,5,19,1,True,False,matched,3.0,2025-08-09,under,0.16196917540849048,2.08,1.08,1.0,False,False,False
2342,43bef1bb5628824c6492985c60883c5b,33,Elizabeth Williams,elizabethwilliams,CHI,rebounds,6.5,-138.0,104.0,10,10,2025-08-08 06:54:46+00:00,2025-08-08 06:54:46+00:00,2025-08-08 06:54:46+00:00,2025-08-10 00:00:00+00:00,0.0,2025-08-09,2025,REG,IND,CHI,1.0700280112044818,True,,0.5464208361470752,401736309,2566081,19,5,0,True,False,matched,9.0,2025-08-09,under,0.1318058944343325,2.04,-1.0,1.0,False,False,False
2342,c8921fadc0c098a32ccec570851f0146,36,Rachel Banham,rachelbanham,CHI,threes,1.5,-200.0,148.0,10,10,2025-08-08 06:54:47+00:00,2025-08-08 06:54:47+00:00,2025-08-08 06:54:47+00:00,2025-08-10 00:00:00+00:00,0.0,2025-08-09,2025,REG,IND,CHI,1.0698924731182795,True,,0.6365014949541484,401736309,2566186,19,5,0,True,False,matched,3.0,2025-08-09,under,0.07318730109423566,2.48,-1.0,1.0,False,False,False
2343,02bca3e655c17fb50b338707badeea07,89,Dearica Hamby,dearicahamby,LAS,assists,2.5,-165.0,135.0,24,24,2025-08-08 10:30:42+00:00,2025-08-08 10:30:42+00:00,2025-08-08 10:30:42+00:00,2025-08-10 00:30:00+00:00,0.0,2025-08-09,2025,REG,GSV,LAS,1.0481734243275793,True,,0.600894309609776,401736308,2566106,6,129689,0,True,False,matched,1.0,2025-08-09,under,0.2651160485881488,2.35,1.35,1.0,False,False,False
2343,eedb3939d399d273366d8f32fb512d25,82,Azura Stevens,azurastevens,CHI,threes,1.5,-150.0,120.0,24,24,2025-08-08 10:30:42+00:00,2025-08-08 10:30:42+00:00,2025-08-08 10:30:42+00:00,2025-08-10 00:30:00+00:00,0.0,2025-08-09,2025,REG,GSV,LAS,1.0545454545454547,True,,0.5746986093321318,401736308,3142010,6,129689,0,True,False,matched,1.0,2025-08-09,under,0.14114028346791635,2.2,1.2000000000000002,1.0,False,False,False
2343,0b84fbe89d9adefda7b3b8560d431c27,101,Kelsey Plum,kelseyplum,LAS,threes,2.5,-130.0,100.0,24,24,2025-08-08 10:30:42+00:00,2025-08-08 10:30:42+00:00,2025-08-08 10:30:42+00:00,2025-08-10 00:30:00+00:00,0.0,2025-08-09,2025,REG,GSV,LAS,1.065217391304348,True,,0.5336835053940976,401736308,3065570,6,129689,0,True,False,matched,0.0,2025-08-09,under,0.10380443670740075,2.0,1.0,1.0,False,False,False
2343,84fa5ba06c154c044a4b30dee7ea3d37,537,Janelle Salaun,janellesalaun,GSV,threes,1.5,120.0,-150.0,24,24,2025-08-08 10:30:42+00:00,2025-08-08 10:30:42+00:00,2025-08-08 10:30:42+00:00,2025-08-10 00:30:00+00:00,0.0,2025-08-09,2025,REG,GSV,LAS,1.0545454545454547,True,,0.4253013906678685,401736308,4790264,129689,6,1,True,False,matched,3.0,2025-08-09,under,0.07533024562184065,1.6666666666666665,-1.0,1.0,False,False,False
2343,828faafe1ed17b3f7ca0b7bb040b247a,87,Cameron Brink,cameronbrink,LAS,points,6.5,-110.0,-118.0,10,10,2025-08-08 17:49:12+00:00,2025-08-08 17:49:12+00:00,2025-08-08 17:49:12+00:00,2025-08-10 00:30:00+00:00,0.0,2025-08-09,2025,REG,GSV,LAS,1.0650939274792486,True,,0.4909754767731684,401736308,4433404,6,129689,0,True,False,matched,5.0,2025-08-09,under,0.13097742674168417,1.847457627118644,0.847457627118644,1.0,False,False,False
2343,aed7e85e5fb05953386ba88a4758139e,94,Rickea Jackson,rickeajackson,CHI,rebounds,3.5,-172.0,128.0,10,10,2025-08-08 18:29:32+00:00,2025-08-08 18:29:32+00:00,2025-08-08 18:29:32+00:00,2025-08-10 00:30:00+00:00,0.0,2025-08-09,2025,REG,GSV,LAS,1.0709494324045408,True,,0.6004234693007796,401736308,4433630,6,129689,0,True,False,matched,6.0,2025-08-09,under,0.23877592001998693,2.2800000000000002,-1.0,1.0,False,False,False
2343,1e4dd6b4a1012e7361ac051a5307961b,221,Tiffany Hayes,tiffanyhayes,GSV,points,12.5,-128.0,-102.0,10,10,2025-08-08 18:41:19+00:00,2025-08-08 18:41:19+00:00,2025-08-08 18:41:19+00:00,2025-08-10 00:30:00+00:00,0.0,2025-08-09,2025,REG,GSV,LAS,1.0663540038214347,True,,0.5291749480305961,401736308,1054,129689,6,1,True,False,matched,8.0,2025-08-09,under,0.2289866402151695,1.9803921568627452,0.9803921568627452,1.0,False,False,False
2343,23c13172409482d1dde610c9147f8ee1,55,Veronica Burton,veronicaburton,GSV,rebounds,3.5,-144.0,108.0,10,10,2025-08-08 18:41:19+00:00,2025-08-08 18:41:19+00:00,2025-08-08 18:41:19+00:00,2025-08-10 00:30:00+00:00,0.0,2025-08-09,2025,REG,GSV,LAS,1.0709331651954601,True,,0.5566845205396996,401736308,4398935,129689,6,1,True,False,matched,5.0,2025-08-09,under,0.11242304985177765,2.08,-1.0,1.0,False,False,False
2339,b419ade87bd2c9d88aa08ed00fe64e83,10,Haley Jones,haleyjones,DAL,rebounds,3.5,-159.0,123.0,60,60,2025-08-08 22:56:53+00:00,2025-08-08 22:56:53+00:00,2025-08-08 22:56:53+00:00,2025-08-08 23:30:00+00:00,0.0,2025-08-08,2025,REG,DAL,NYL,1.0623301071731566,True,,0.5853416860106547,401736305,4595910,3,9,1,True,False,matched,2.0,2025-08-08,under,0.19214614166251553,2.23,1.23,1.0,False,False,False
2339,b839e347c62150421c4d2efdb6efde97,529,Luisa Geiselsoder,luisageiselsoder,PDX,points,8.5,-118.0,-110.0,10,10,2025-08-08 23:02:07+00:00,2025-08-08 23:02:07+00:00,2025-08-08 23:02:07+00:00,2025-08-08 23:30:00+00:00,0.0,2025-08-08,2025,REG,DAL,NYL,1.0650939274792486,True,,0.5090245232268319,401736305,4682797,3,9,1,True,False,matched,6.0,2025-08-08,under,0.18103249901502383,1.9090909090909092,0.9090909090909092,1.0,False,False,False
2339,61edbf3c7418a34030d1689d7166874f,95,Li Yueru,liyueru,DAL,points,9.5,-130.0,100.0,10,10,2025-08-08 23:23:29+00:00,2025-08-08 23:23:29+00:00,2025-08-08 23:23:29+00:00,2025-08-08 23:30:00+00:00,0.0,2025-08-08,2025,REG,DAL,NYL,1.065217391304348,True,,0.5336835053940976,401736305,4336633,3,9,1,True,False,matched,3.0,2025-08-08,under,0.531904659397045,2.0,1.0,1.0,False,False,False
2339,ea571e548e5510de5aff8b04a1d7c6d5,526,Aziaha James,aziahajames,DAL,points,9.5,-130.0,100.0,10,10,2025-08-08 23:28:45+00:00,2025-08-08 23:28:45+00:00,2025-08-08 23:28:45+00:00,2025-08-08 23:30:00+00:00,0.0,2025-08-08,2025,REG,DAL,NYL,1.065217391304348,True,,0.5336835053940976,401736305,4433807,3,9,1,True,False,matched,3.0,2025-08-08,under,0.6050320277888482,2.0,1.0,1.0,False,False,False
2344,699e7ac5b8d95462f10aacf9e8bdb38a,116,Jessica Shepard,jessicashepard,DAL,points,10.5,-108.0,-120.0,10,10,2025-08-09 05:35:20+00:00,2025-08-09 05:35:20+00:00,2025-08-09 05:35:20+00:00,2025-08-10 16:30:00+00:00,0.0,2025-08-10,2025,REG,NYL,MIN,1.0646853146853146,True,,0.48646030463369283,401736310,3906949,8,9,0,True,False,matched,6.0,2025-08-10,under,0.17097548180751504,1.8333333333333335,0.8333333333333335,1.0,False,False,False
2344,c6dd861783207261d47fb150ed254390,121,Alanna Smith,alannasmith,DAL,points,12.5,-102.0,-128.0,10,10,2025-08-09 05:35:21+00:00,2025-08-09 05:35:21+00:00,2025-08-09 05:35:21+00:00,2025-08-10 16:30:00+00:00,0.0,2025-08-10,2025,REG,NYL,MIN,1.0663540038214347,True,,0.47082505196940394,401736310,3913881,8,9,0,True,False,matched,8.0,2025-08-10,under,0.38860509199182663,1.78125,0.78125,1.0,False,False,False
2344,4694a9cb327c37f7fc3de91268459052,117,Courtney Williams,courtneywilliams,MIN,points,14.5,-114.0,-114.0,10,10,2025-08-09 05:35:21+00:00,2025-08-09 05:35:21+00:00,2025-08-09 05:35:21+00:00,2025-08-10 16:30:00+00:00,0.0,2025-08-10,2025,REG,NYL,MIN,1.0654205607476634,True,,0.5000000000000001,401736310,2987891,8,9,0,True,False,matched,14.0,2025-08-10,under,0.1695063738814041,1.8771929824561404,0.8771929824561404,1.0,False,False,False
2344,463f43b0c30ec626362b5f59be51b231,48,DiJonai Carrington,dijonaicarrington,CHI,points,10.5,106.0,-138.0,10,10,2025-08-09 05:35:21+00:00,2025-08-09 05:35:21+00:00,2025-08-09 05:35:21+00:00,2025-08-10 16:30:00+00:00,0.0,2025-08-10,2025,REG,NYL,MIN,1.0652688259769927,True,,0.4512435291926419,401736310,4066548,8,9,0,True,False,matched,15.0,2025-08-10,under,0.1367178950177511,1.7246376811594204,-1.0,1.0,False,False,False
2344,c9a033c60354e6ebae11601020ffe055,125,Kayla McBride,kaylamcbride,MIN,points,14.5,-108.0,-120.0,10,10,2025-08-09 05:35:21+00:00,2025-08-09 05:35:21+00:00,2025-08-09 05:35:21+00:00,2025-08-10 16:30:00+00:00,0.0,2025-08-10,2025,REG,NYL,MIN,1.0646853146853146,True,,0.48646030463369283,401736310,2529205,8,9,0,True,False,matched,18.0,2025-08-10,under,0.10056018846999526,1.8333333333333335,-1.0,1.0,False,False,False
2344,d231e2dcab6fa65c071456d9c7b64519,141,Jonquel Jones,jonqueljones,NYL,points,15.5,-114.0,-114.0,10,10,2025-08-09 05:40:30+00:00,2025-08-09 05:40:30+00:00,2025-08-09 05:40:30+00:00,2025-08-10 16:30:00+00:00,0.0,2025-08-10,2025,REG,NYL,MIN,1.0654205607476634,True,,0.5000000000000001,401736310,2999101,9,8,1,True,False,matched,11.0,2025-08-10,under,0.19954081716417443,1.8771929824561404,0.8771929824561404,1.0,False,False,False
2344,12f6dacffc412ad24eadaff69ec8aeb0,233,Emma Meesseman,emmameesseman,FA,rebounds,5.5,122.0,-162.0,10,10,2025-08-09 05:40:30+00:00,2025-08-09 05:40:30+00:00,2025-08-09 05:40:30+00:00,2025-08-10 16:30:00+00:00,0.0,2025-08-10,2025,REG,NYL,MIN,1.0687710611374732,True,,0.41310819110441305,401736310,3027368,9,8,1,True,False,matched,5.0,2025-08-10,under,0.17475442340540254,1.617283950617284,0.617283950617284,1.0,False,False,False
2344,29301d0da5f09fc72f7dd60e06a599c5,147,Leonie Fiebich,leoniefiebich,NYL,points,8.5,-122.0,-106.0,10,10,2025-08-09 05:40:30+00:00,2025-08-09 05:40:30+00:00,2025-08-09 05:40:30+00:00,2025-08-10 16:30:00+00:00,0.0,2025-08-10,2025,REG,NYL,MIN,1.064112656345666,True,,0.518058368553134,401736310,4683006,9,8,1,True,False,matched,6.0,2025-08-10,under,0.08016119931062349,1.9433962264150944,0.9433962264150944,1.0,False,False,False
2344,90041a9c287b3409c27bd4811a058b21,163,Natasha Cloud,natashacloud,CHI,points,9.5,-132.0,102.0,10,10,2025-08-09 05:40:32+00:00,2025-08-09 05:40:32+00:00,2025-08-09 05:40:32+00:00,2025-08-10 16:30:00+00:00,0.0,2025-08-10,2025,REG,NYL,MIN,1.0640150221918745,True,,0.5381512573163673,401736310,2529137,9,8,1,True,False,matched,14.0,2025-08-10,under,0.11428852230279668,2.02,-1.0,1.0,False,False,False
2348,46c6723e114aff047e06f7422328eac9,103,A'ja Wilson,ajawilson,LVA,threes,0.5,-225.0,162.0,10,10,2025-08-09 06:03:25+00:00,2025-08-09 06:03:25+00:00,2025-08-09 06:03:25+00:00,2025-08-11 01:00:00+00:00,0.0,2025-08-10,2025,REG,LVA,CON,1.0739870816206694,True,,0.6613805444569248,401736314,3149391,17,18,1,True,False,matched,0.0,2025-08-10,under,0.6910805389840248,2.62,1.62,1.0,False,False,False
2348,8e6e500b4441da3bc19f8bd552a98350,102,Jackie Young,jackieyoung,LVA,points,15.5,-120.0,-108.0,10,10,2025-08-09 06:03:25+00:00,2025-08-09 06:03:25+00:00,2025-08-09 06:03:25+00:00,2025-08-11 01:00:00+00:00,0.0,2025-08-10,2025,REG,LVA,CON,1.0646853146853146,True,,0.5135396953663074,401736314,4065870,17,18,1,True,False,matched,21.0,2025-08-10,under,0.055157604542481975,1.925925925925926,-1.0,1.0,False,False,False
2345,e5351a47765d077055621ba721d9cca8,63,Arike Ogunbowale,arikeogunbowale,DAL,rebounds,2.5,-172.0,128.0,10,10,2025-08-09 06:34:35+00:00,2025-08-09 06:34:35+00:00,2025-08-09 06:34:35+00:00,2025-08-10 20:00:00+00:00,0.0,2025-08-10,2025,REG,DAL,WAS,1.0709494324045408,True,,0.6004234693007796,401736311,3904577,3,16,1,True,False,matched,0.0,2025-08-10,under,0.24263775418565103,2.2800000000000002,1.2800000000000002,1.0,False,False,False
2345,54e103837a9722b4f76aea01b26925b6,573,Sonia Citron,soniacitron,WAS,assists,2.5,-154.0,116.0,10,10,2025-08-09 06:34:35+00:00,2025-08-09 06:34:35+00:00,2025-08-09 06:34:35+00:00,2025-08-10 20:00:00+00:00,0.0,2025-08-10,2025,REG,DAL,WAS,1.0692621755613883,True,,0.574207987656796,401736311,4433524,16,3,0,True,False,matched,6.0,2025-08-10,under,0.17689673701442304,2.16,-1.0,1.0,False,False,False
2345,2a88e725e2412196cdf79ffb7ec18157,528,Paige Bueckers,paigebueckers,DAL,assists,4.5,-112.0,-118.0,10,10,2025-08-09 06:34:35+00:00,2025-08-09 06:34:35+00:00,2025-08-09 06:34:35+00:00,2025-08-10 20:00:00+00:00,0.0,2025-08-10,2025,REG,DAL,WAS,1.0695862904621776,True,,0.49327872882454105,401736311,4433730,3,16,1,True,False,matched,3.0,2025-08-10,over,0.15917580295771294,1.8928571428571428,-1.0,1.0,False,False,False
2345,1ba01ba1e91d8601b8e852d9a9646364,149,Sug Sutton,sugsutton,DAL,points,9.5,100.0,-130.0,10,10,2025-08-09 06:34:35+00:00,2025-08-09 06:34:35+00:00,2025-08-09 06:34:35+00:00,2025-08-10 20:00:00+00:00,0.0,2025-08-10,2025,REG,DAL,WAS,1.065217391304348,True,,0.4663164946059025,401736311,4068159,16,3,0,True,False,matched,0.0,2025-08-10,under,0.13870655096687645,1.7692307692307692,0.7692307692307692,1.0,False,False,False
2345,3e0ea9acb29382b657bb0d89790e6362,572,Kiki Iriafen,kikiiriafen,WAS,rebounds,7.5,-138.0,104.0,10,10,2025-08-09 06:34:35+00:00,2025-08-09 06:34:35+00:00,2025-08-09 06:34:35+00:00,2025-08-10 20:00:00+00:00,0.0,2025-08-10,2025,REG,DAL,WAS,1.0700280112044818,True,,0.5464208361470752,401736311,4898384,16,3,0,True,False,matched,10.0,2025-08-10,under,0.11310459545411222,2.04,-1.0,1.0,False,False,False
2346,6e4411d28d459e3509d35f8129b42b4d,49,Brionna Jones,brionnajones,ATL,points,13.5,100.0,-130.0,10,10,2025-08-09 06:34:36+00:00,2025-08-09 06:34:36+00:00,2025-08-09 06:34:36+00:00,2025-08-10 22:00:00+00:00,0.0,2025-08-10,2025,REG,PHX,ATL,1.065217391304348,True,,0.4663164946059025,401736313,3058895,20,11,0,True,False,matched,15.0,2025-08-10,under,0.15643243101162213,1.7692307692307692,-1.0,1.0,False,False,False
2346,c17797e04ce54a61feed5790e77f36d9,54,Satou Sabally,satousabally,NYL,rebounds,5.5,-125.0,-106.0,10,10,2025-08-09 06:34:36+00:00,2025-08-09 06:34:36+00:00,2025-08-09 06:34:36+00:00,2025-08-10 22:00:00+00:00,0.0,2025-08-10,2025,REG,PHX,ATL,1.070118662351672,True,,0.5212291071384377,401736313,4281929,11,20,1,True,False,matched,5.0,2025-08-10,under,0.12375427024225821,1.9433962264150944,0.9433962264150944,1.0,False,False,False
2346,ce0dedda4e9d8dbfbbee1683dd3de857,16,Naz Hillmon,nazhillmon,ATL,rebounds,7.5,100.0,-132.0,10,10,2025-08-09 06:34:36+00:00,2025-08-09 06:34:36+00:00,2025-08-09 06:34:36+00:00,2025-08-10 22:00:00+00:00,0.0,2025-08-10,2025,REG,PHX,ATL,1.0689655172413794,True,,0.46430627616618364,401736313,4398915,20,11,0,True,False,matched,13.0,2025-08-10,under,0.11082839492607693,1.7575757575757576,-1.0,1.0,False,False,False
2346,d2ba65150003c1cc69e89b1404bb02d7,1,Allisha Gray,allishagray,ATL,points,17.5,-113.0,-115.0,10,10,2025-08-09 06:34:36+00:00,2025-08-09 06:34:36+00:00,2025-08-09 06:34:36+00:00,2025-08-10 22:00:00+00:00,0.0,2025-08-10,2025,REG,PHX,ATL,1.0654001528551151,True,,0.49774423259931944,401736313,3058901,20,11,0,True,False,matched,17.0,2025-08-10,under,0.09073577794533605,1.8695652173913042,0.8695652173913042,1.0,False,False,False
2346,f8b819e4c88775f2c7142f9ed4030460,155,Kahleah Copper,kahleahcopper,PHO,points,16.5,-102.0,-128.0,10,10,2025-08-09 06:34:36+00:00,2025-08-09 06:34:36+00:00,2025-08-09 06:34:36+00:00,2025-08-10 22:00:00+00:00,0.0,2025-08-10,2025,REG,PHX,ATL,1.0663540038214347,True,,0.47082505196940394,401736313,2998938,11,20,1,True,False,matched,9.0,2025-08-10,under,0.0897168633359316,1.78125,0.78125,1.0,False,False,False
2346,5a644b6f9adf5d4462617776c4fee06a,2,Jordin Canada,jordincanada,ATL,rebounds,3.5,-125.0,-106.0,10,10,2025-08-09 06:34:36+00:00,2025-08-09 06:34:36+00:00,2025-08-09 06:34:36+00:00,2025-08-10 22:00:00+00:00,0.0,2025-08-10,2025,REG,PHX,ATL,1.070118662351672,True,,0.5212291071384377,401736313,3142250,20,11,0,True,False,matched,2.0,2025-08-10,under,0.07304408906707865,1.9433962264150944,0.9433962264150944,1.0,False,False,False
2343,5e3ed2756f12d1b1f14e1de4807e7332,120,Cecilia Zandalasini,ceciliazandalasini,GSV,points,9.5,-110.0,-120.0,13,13,2025-08-09 11:27:32+00:00,2025-08-09 11:27:32+00:00,2025-08-09 11:27:32+00:00,2025-08-10 00:30:00+00:00,0.0,2025-08-09,2025,REG,GSV,LAS,1.0692640692640691,True,,0.4887959885212434,401736308,4257500,129689,6,1,True,False,matched,14.0,2025-08-09,under,0.1601691586509963,1.8333333333333335,-1.0,1.0,False,False,False
2348,6c6282598d28bb168a01230818dcee98,22,Marina Mabrey,marinamabrey,TOR,points,15.5,-118.0,-110.0,10,10,2025-08-09 17:32:50+00:00,2025-08-09 17:32:50+00:00,2025-08-09 17:32:50+00:00,2025-08-11 01:00:00+00:00,0.0,2025-08-10,2025,REG,LVA,CON,1.0650939274792486,True,,0.5090245232268319,401736314,3904576,18,17,0,True,False,matched,22.0,2025-08-10,under,0.15088340560115493,1.9090909090909092,-1.0,1.0,False,False,False
2347,83c1dfc243a2c1366cd6a158f1dd5508,175,Skylar Diggins,skylardiggins,CHI,rebounds,3.5,-114.0,-114.0,10,10,2025-08-09 17:38:38+00:00,2025-08-09 17:38:38+00:00,2025-08-09 17:38:38+00:00,2025-08-11 00:00:00+00:00,0.0,2025-08-10,2025,REG,LAS,SEA,1.0654205607476634,True,,0.5000000000000001,401736312,2491205,14,6,0,True,False,matched,2.0,2025-08-10,under,0.22326374014937428,1.8771929824561404,0.8771929824561404,1.0,False,False,False
2348,5260cde3ea0090f3156ade91a0034fa1,107,Chelsea Gray,chelseagray,LVA,rebounds,3.5,-152.0,114.0,10,10,2025-08-09 17:58:41+00:00,2025-08-09 17:58:41+00:00,2025-08-09 17:58:41+00:00,2025-08-11 01:00:00+00:00,0.0,2025-08-10,2025,REG,LVA,CON,1.0704643228007713,True,,0.5703965275254933,401736314,2529122,17,18,1,True,False,matched,2.0,2025-08-10,under,0.09276579321788941,2.1399999999999997,1.1399999999999997,1.0,False,False,False
2343,ec3d6b3ffa046e67e516afcb945adc97,72,Temi Fagbenle,temifagbenle,TOR,points,7.5,-102.0,-128.0,10,10,2025-08-09 23:22:00+00:00,2025-08-09 23:22:00+00:00,2025-08-09 23:22:00+00:00,2025-08-10 00:30:00+00:00,0.0,2025-08-09,2025,REG,GSV,LAS,1.0663540038214347,True,,0.47082505196940394,401736308,2569044,129689,6,1,True,False,matched,8.0,2025-08-09,under,0.06204943070916963,1.78125,-1.0,1.0,False,False,False
2342,e900155982c991323286055dadd44ace,76,Lexie Hull,lexiehull,IND,points,7.5,-130.0,100.0,10,10,2025-08-09 23:39:51+00:00,2025-08-09 23:39:51+00:00,2025-08-09 23:39:51+00:00,2025-08-10 00:00:00+00:00,0.0,2025-08-09,2025,REG,IND,CHI,1.065217391304348,True,,0.5336835053940976,401736309,4398829,5,19,1,True,False,matched,17.0,2025-08-09,under,0.47527936509010843,2.0,-1.0,1.0,False,False,False
2347,b447d5cd3c34b37d04b1db887bb1b86a,101,Kelsey Plum,kelseyplum,LAS,assists,5.5,102.0,-136.0,10,10,2025-08-10 03:11:11+00:00,2025-08-10 03:11:11+00:00,2025-08-10 03:11:11+00:00,2025-08-11 00:00:00+00:00,0.0,2025-08-10,2025,REG,LAS,SEA,1.071320691391173,True,,0.4579067075572801,401736312,3065570,6,14,1,True,False,matched,7.0,2025-08-10,over,0.16488260459775772,2.02,1.02,1.0,False,False,False
2347,f9c6c2ad0aca2234f06089d8167691a0,89,Dearica Hamby,dearicahamby,LAS,rebounds,7.5,-114.0,-114.0,10,10,2025-08-10 03:11:11+00:00,2025-08-10 03:11:11+00:00,2025-08-10 03:11:11+00:00,2025-08-11 00:00:00+00:00,0.0,2025-08-10,2025,REG,LAS,SEA,1.0654205607476634,True,,0.5000000000000001,401736312,2566106,6,14,1,True,False,matched,7.0,2025-08-10,over,0.09471981410630065,1.8771929824561404,-1.0,1.0,False,False,False
2347,c0e89673d7a6a9c97b54221ef3c53bbc,82,Azura Stevens,azurastevens,CHI,rebounds,7.5,114.0,-152.0,10,10,2025-08-10 03:11:11+00:00,2025-08-10 03:11:11+00:00,2025-08-10 03:11:11+00:00,2025-08-11 00:00:00+00:00,0.0,2025-08-10,2025,REG,LAS,SEA,1.0704643228007713,True,,0.42960347247450675,401736312,3142010,6,14,1,True,False,matched,8.0,2025-08-10,over,0.09382627772026875,2.1399999999999997,1.1399999999999997,1.0,False,False,False
2347,8f06b7fe5657ba27831680f56d5f8672,208,Gabby Williams,gabbywilliams,GSV,threes,1.5,126.0,-168.0,10,10,2025-08-10 04:06:44+00:00,2025-08-10 04:06:44+00:00,2025-08-10 04:06:44+00:00,2025-08-11 00:00:00+00:00,0.0,2025-08-10,2025,REG,LAS,SEA,1.0693435477479856,True,,0.4045224464881516,401736312,3142328,14,6,0,True,False,matched,1.0,2025-08-10,under,0.12088513315292426,1.5952380952380953,0.5952380952380953,1.0,False,False,False
2348,c306981505da0f8efddc52479e85feef,73,NaLyssa Smith,nalyssasmith,LVA,rebounds,5.5,118.0,-158.0,10,10,2025-08-10 04:43:21+00:00,2025-08-10 04:43:21+00:00,2025-08-10 04:43:21+00:00,2025-08-11 01:00:00+00:00,0.0,2025-08-10,2025,REG,LVA,CON,1.0711186971054691,True,,0.42034729080094674,401736314,4398776,17,18,1,True,False,matched,6.0,2025-08-10,over,0.36526536627951944,2.1799999999999997,1.1799999999999997,1.0,False,False,False
2344,b19b9f9d7635f85d20c5a39943a16cd6,128,Bridget Carleton,bridgetcarleton,PDX,threes,1.5,-120.0,-115.0,33,33,2025-08-10 04:52:36+00:00,2025-08-10 04:52:36+00:00,2025-08-10 04:52:36+00:00,2025-08-10 16:30:00+00:00,0.0,2025-08-10,2025,REG,NYL,MIN,1.080338266384778,True,,0.5055062250624879,401736310,3906972,8,9,0,True,False,matched,1.0,2025-08-10,under,0.06229136267798313,1.8695652173913042,0.8695652173913042,1.0,False,False,False
2348,09f73ee9d9b527810ca77cc9c25daa64,274,Bria Hartley,briahartley,FA,threes,1.5,100.0,-130.0,24,24,2025-08-10 08:51:12+00:00,2025-08-10 08:51:12+00:00,2025-08-10 08:51:12+00:00,2025-08-11 01:00:00+00:00,0.0,2025-08-10,2025,REG,LVA,CON,1.065217391304348,True,,0.4663164946059025,401736314,2529185,18,17,0,True,False,matched,3.0,2025-08-10,over,0.08192885288605423,2.0,1.0,1.0,False,False,False
2345,a22c60ac7245fea853ac8886d99cca1a,529,Luisa Geiselsoder,luisageiselsoder,PDX,rebounds,5.5,-125.0,-110.0,33,33,2025-08-10 12:34:56+00:00,2025-08-10 12:34:56+00:00,2025-08-10 12:34:56+00:00,2025-08-10 20:00:00+00:00,0.0,2025-08-10,2025,REG,DAL,WAS,1.0793650793650795,True,,0.5165270419936007,401736311,4682797,3,16,1,True,False,matched,1.0,2025-08-10,under,0.13501309018501884,1.9090909090909092,0.9090909090909092,1.0,False,False,False
2347,4225891debc15838e3cf8e11736c1c49,87,Cameron Brink,cameronbrink,LAS,points,5.5,-128.0,-102.0,10,10,2025-08-10 23:41:28+00:00,2025-08-10 23:41:28+00:00,2025-08-10 23:41:28+00:00,2025-08-11 00:00:00+00:00,0.0,2025-08-10,2025,REG,LAS,SEA,1.0663540038214347,True,,0.5291749480305961,401736312,4433404,6,14,1,True,False,matched,14.0,2025-08-10,under,0.05348566497541718,1.9803921568627452,-1.0,1.0,False,False,False
2347,160c7c4de93cb17495f84b3c9387cbfe,84,Julie Allemand,julieallemand,TOR,rebounds,5.5,114.0,-152.0,10,10,2025-08-10 23:41:29+00:00,2025-08-10 23:41:29+00:00,2025-08-10 23:41:29+00:00,2025-08-11 00:00:00+00:00,0.0,2025-08-10,2025,REG,LAS,SEA,1.0704643228007713,True,,0.42960347247450675,401736312,4001679,6,14,1,True,False,matched,2.0,2025-08-10,under,0.12787490914773786,1.6578947368421053,0.6578947368421053,1.0,False,False,False
2347,284c01cf7d44b6797ac97c16283b5b5a,570,Dominique Malonga,dominiquemalonga,SEA,rebounds,7.5,-102.0,-130.0,10,10,2025-08-10 23:45:30+00:00,2025-08-10 23:45:30+00:00,2025-08-10 23:45:30+00:00,2025-08-11 00:00:00+00:00,0.0,2025-08-10,2025,REG,LAS,SEA,1.0701678863538528,True,,0.46878765056355093,401736312,5220150,14,6,0,True,False,matched,11.0,2025-08-10,under,0.21116662264520653,1.7692307692307692,-1.0,1.0,False,False,False
2349,0c31813e5c60254d35d82105a2ae64d8,22,Marina Mabrey,marinamabrey,TOR,points,15.5,100.0,-130.0,10,10,2025-08-11 03:12:49+00:00,2025-08-11 03:12:49+00:00,2025-08-11 03:12:49+00:00,2025-08-12 02:00:00+00:00,0.0,2025-08-11,2025,REG,GSV,CON,1.065217391304348,True,,0.4663164946059025,401736315,3904576,18,129689,0,True,False,matched,3.0,2025-08-11,under,0.1392790688420802,1.7692307692307692,0.7692307692307692,1.0,False,False,False
2349,6b3aec893a2472460a9ac08833ab652e,55,Veronica Burton,veronicaburton,GSV,assists,5.5,124.0,-166.0,10,10,2025-08-11 03:17:50+00:00,2025-08-11 03:17:50+00:00,2025-08-11 03:17:50+00:00,2025-08-12 02:00:00+00:00,0.0,2025-08-11,2025,REG,GSV,CON,1.0704887218045114,True,,0.40796342297849103,401736315,4398935,129689,18,1,True,False,matched,10.0,2025-08-11,under,0.08384034197253026,1.6024096385542168,-1.0,1.0,False,False,False
2349,83b970bc9739778b5edbaa43b45440b9,537,Janelle Salaun,janellesalaun,GSV,points,11.5,-130.0,100.0,10,10,2025-08-11 03:17:51+00:00,2025-08-11 03:17:51+00:00,2025-08-11 03:17:51+00:00,2025-08-12 02:00:00+00:00,0.0,2025-08-11,2025,REG,GSV,CON,1.065217391304348,True,,0.5336835053940976,401736315,4790264,129689,18,1,True,False,matched,16.0,2025-08-11,under,0.2063494087640998,2.0,-1.0,1.0,False,False,False
2349,8405a693f020234e90d84544436b0d05,221,Tiffany Hayes,tiffanyhayes,GSV,points,12.5,-106.0,-122.0,10,10,2025-08-11 03:17:51+00:00,2025-08-11 03:17:51+00:00,2025-08-11 03:17:51+00:00,2025-08-12 02:00:00+00:00,0.0,2025-08-11,2025,REG,GSV,CON,1.064112656345666,True,,0.4819416314468661,401736315,1054,129689,18,1,True,False,matched,17.0,2025-08-11,under,0.17013463015589414,1.819672131147541,-1.0,1.0,False,False,False
2349,e23d6008f76cad4766254e28586fee53,274,Bria Hartley,briahartley,FA,threes,1.5,116.0,-158.0,10,10,2025-08-11 03:17:51+00:00,2025-08-11 03:17:51+00:00,2025-08-11 03:17:51+00:00,2025-08-12 02:00:00+00:00,0.0,2025-08-11,2025,REG,GSV,CON,1.0753660637381568,True,,0.42236202274290213,401736315,2529185,18,129689,0,True,False,matched,1.0,2025-08-11,over,0.1623466278654656,2.16,-1.0,1.0,False,False,False
2349,7de12bffb869a9d7762a17f8f132fc92,120,Cecilia Zandalasini,ceciliazandalasini,GSV,threes,1.5,-136.0,102.0,10,10,2025-08-11 03:17:51+00:00,2025-08-11 03:17:51+00:00,2025-08-11 03:17:51+00:00,2025-08-12 02:00:00+00:00,0.0,2025-08-11,2025,REG,GSV,CON,1.071320691391173,True,,0.5420932924427202,401736315,4257500,129689,18,1,True,False,matched,3.0,2025-08-11,under,0.08901664721695113,2.02,-1.0,1.0,False,False,False
2349,a1837e457dadc884a7369d3c405f3fd9,72,Temi Fagbenle,temifagbenle,TOR,points,7.5,-108.0,-120.0,10,10,2025-08-11 03:22:22+00:00,2025-08-11 03:22:22+00:00,2025-08-11 03:22:22+00:00,2025-08-12 02:00:00+00:00,0.0,2025-08-11,2025,REG,GSV,CON,1.0646853146853146,True,,0.48646030463369283,401736315,2569044,129689,18,1,True,False,matched,6.0,2025-08-11,under,0.06025307786558909,1.8333333333333335,0.8333333333333335,1.0,False,False,False
2350,281e6904dd1884f0ede351de7a8f89d1,71,Aliyah Boston,aliyahboston,IND,points,14.5,-130.0,100.0,10,10,2025-08-11 06:41:30+00:00,2025-08-11 06:41:30+00:00,2025-08-11 06:41:30+00:00,2025-08-12 23:30:00+00:00,0.0,2025-08-12,2025,REG,IND,DAL,1.065217391304348,True,,0.5336835053940976,401736316,4432831,5,3,1,True,False,matched,14.0,2025-08-12,under,0.11320482406753274,2.0,1.0,1.0,False,False,False
2350,02c0939c8512c43f39db0f5b1b227e98,63,Arike Ogunbowale,arikeogunbowale,DAL,points,15.5,-110.0,-118.0,10,10,2025-08-11 06:41:30+00:00,2025-08-11 06:41:30+00:00,2025-08-11 06:41:30+00:00,2025-08-12 23:30:00+00:00,0.0,2025-08-12,2025,REG,IND,DAL,1.0650939274792486,True,,0.4909754767731684,401736316,3904577,3,5,0,True,True,did_not_play,,2025-08-12,under,0.06630951801970225,1.847457627118644,0.0,0.0,False,True,False
2350,3d364c32773360f5dac2d2dffa19a9bf,76,Lexie Hull,lexiehull,IND,points,9.5,102.0,-132.0,10,10,2025-08-11 06:41:31+00:00,2025-08-11 06:41:31+00:00,2025-08-11 06:41:31+00:00,2025-08-12 23:30:00+00:00,0.0,2025-08-12,2025,REG,IND,DAL,1.0640150221918745,True,,0.4618487426836327,401736316,4398829,5,3,1,True,False,matched,0.0,2025-08-12,under,0.28115333432866096,1.7575757575757576,0.7575757575757576,1.0,False,False,False
2350,0009237b50dbf189cb3bf64f46eebf3e,529,Luisa Geiselsoder,luisageiselsoder,PDX,points,7.5,-128.0,-102.0,10,10,2025-08-11 06:41:31+00:00,2025-08-11 06:41:31+00:00,2025-08-11 06:41:31+00:00,2025-08-12 23:30:00+00:00,0.0,2025-08-12,2025,REG,IND,DAL,1.0663540038214347,True,,0.5291749480305961,401736316,4682797,3,5,0,True,False,matched,0.0,2025-08-12,under,0.17418372855467357,1.9803921568627452,0.9803921568627452,1.0,False,False,False
2350,1486d2b083d67b57958462385eabf0b4,70,Kelsey Mitchell,kelseymitchell,IND,points,20.5,-122.0,-106.0,10,10,2025-08-11 06:41:31+00:00,2025-08-11 06:41:31+00:00,2025-08-11 06:41:31+00:00,2025-08-12 23:30:00+00:00,0.0,2025-08-12,2025,REG,IND,DAL,1.064112656345666,True,,0.518058368553134,401736316,3142191,5,3,1,True,False,matched,24.0,2025-08-12,under,0.13569767412456935,1.9433962264150944,-1.0,1.0,False,False,False
2350,867d0a7ebf301ef1bd24db13a3bcb595,56,Natasha Howard,natashahoward,MIN,points,11.5,-114.0,-114.0,10,10,2025-08-11 06:41:31+00:00,2025-08-11 06:41:31+00:00,2025-08-11 06:41:31+00:00,2025-08-12 23:30:00+00:00,0.0,2025-08-12,2025,REG,IND,DAL,1.0654205607476634,True,,0.5000000000000001,401736316,2529130,5,3,1,True,False,matched,12.0,2025-08-12,under,0.1028898512625458,1.8771929824561404,-1.0,1.0,False,False,False
2351,5e1efe47e7921971d8e2d57e852c69f9,87,Cameron Brink,cameronbrink,LAS,rebounds,4.5,-146.0,110.0,10,10,2025-08-11 12:59:20+00:00,2025-08-11 12:59:20+00:00,2025-08-11 12:59:20+00:00,2025-08-13 02:00:00+00:00,0.0,2025-08-12,2025,REG,LAS,NYL,1.0696864111498257,True,,0.5607420039050215,401736317,4433404,6,9,1,True,False,matched,3.0,2025-08-12,under,0.39677689059953486,2.1,1.1,1.0,False,False,False
2351,52eb34920f2b7bcbd4ca65cd0509371a,141,Jonquel Jones,jonqueljones,NYL,points,15.5,-106.0,-122.0,10,10,2025-08-11 17:53:37+00:00,2025-08-11 17:53:37+00:00,2025-08-11 17:53:37+00:00,2025-08-13 02:00:00+00:00,0.0,2025-08-12,2025,REG,LAS,NYL,1.064112656345666,True,,0.4819416314468661,401736317,2999101,9,6,0,True,False,matched,21.0,2025-08-12,under,0.0940756043670144,1.819672131147541,-1.0,1.0,False,False,False
2351,b5dd6acec43db06ebf622cae701a58e3,163,Natasha Cloud,natashacloud,CHI,assists,5.5,118.0,-158.0,10,10,2025-08-11 17:53:37+00:00,2025-08-11 17:53:37+00:00,2025-08-11 17:53:37+00:00,2025-08-13 02:00:00+00:00,0.0,2025-08-12,2025,REG,LAS,NYL,1.0711186971054691,True,,0.42034729080094674,401736317,2529137,9,6,0,True,False,matched,2.0,2025-08-12,over,0.050938153322872104,2.1799999999999997,-1.0,1.0,False,False,False
2351,6e07b6f5d35f4c7b5d1f06ebe72daff3,233,Emma Meesseman,emmameesseman,FA,points,13.5,-104.0,-125.0,10,10,2025-08-11 17:53:38+00:00,2025-08-11 17:53:38+00:00,2025-08-11 17:53:38+00:00,2025-08-13 02:00:00+00:00,0.0,2025-08-12,2025,REG,LAS,NYL,1.065359477124183,True,,0.4763687479911608,401736317,3027368,9,6,0,True,False,matched,24.0,2025-08-12,under,0.10969127082549496,1.8,-1.0,1.0,False,False,False
2351,6ed47475c6d32cf6bbee073e8bbb1af6,101,Kelsey Plum,kelseyplum,LAS,points,19.5,-108.0,-120.0,10,10,2025-08-11 18:13:45+00:00,2025-08-11 18:13:45+00:00,2025-08-11 18:13:45+00:00,2025-08-13 02:00:00+00:00,0.0,2025-08-12,2025,REG,LAS,NYL,1.0646853146853146,True,,0.48646030463369283,401736317,3065570,6,9,1,True,False,matched,26.0,2025-08-12,under,0.1167865044142839,1.8333333333333335,-1.0,1.0,False,False,False
2351,8c71f1558aa28ae851ee14bf6bf4c987,82,Azura Stevens,azurastevens,CHI,points,12.5,-128.0,-102.0,10,10,2025-08-11 18:13:46+00:00,2025-08-11 18:13:46+00:00,2025-08-11 18:13:46+00:00,2025-08-13 02:00:00+00:00,0.0,2025-08-12,2025,REG,LAS,NYL,1.0663540038214347,True,,0.5291749480305961,401736317,3142010,6,9,1,True,False,matched,17.0,2025-08-12,under,0.07723079555254231,1.9803921568627452,-1.0,1.0,False,False,False
2351,ea8240beebce29413b832d751d496515,94,Rickea Jackson,rickeajackson,CHI,points,14.5,-114.0,-114.0,10,10,2025-08-11 18:13:47+00:00,2025-08-11 18:13:47+00:00,2025-08-11 18:13:47+00:00,2025-08-13 02:00:00+00:00,0.0,2025-08-12,2025,REG,LAS,NYL,1.0654205607476634,True,,0.5000000000000001,401736317,4433630,6,9,1,True,False,matched,16.0,2025-08-12,under,0.05452808929577063,1.8771929824561404,-1.0,1.0,False,False,False
2349,a84af99c1c830677ffcc630be45fb971,519,Aneesah Morrow,aneesahmorrow,CON,rebounds,8.5,104.0,-138.0,10,10,2025-08-11 23:37:55+00:00,2025-08-11 23:37:55+00:00,2025-08-11 23:37:55+00:00,2025-08-12 02:00:00+00:00,0.0,2025-08-11,2025,REG,GSV,CON,1.0700280112044818,True,,0.4535791638529251,401736315,4684384,18,129689,0,True,False,matched,14.0,2025-08-11,under,0.5011080364072825,1.7246376811594204,-1.0,1.0,False,False,False
2350,aa88b062854fb56dd4bf3950034bd774,156,Sophie Cunningham,sophiecunningham,IND,rebounds,3.5,-120.0,-110.0,10,10,2025-08-11 23:54:07+00:00,2025-08-11 23:54:07+00:00,2025-08-11 23:54:07+00:00,2025-08-12 23:30:00+00:00,0.0,2025-08-12,2025,REG,IND,DAL,1.0692640692640691,True,,0.5112040114787568,401736316,3907781,5,3,1,True,False,matched,2.0,2025-08-12,under,0.07254400665689231,1.9090909090909092,0.9090909090909092,1.0,False,False,False
2351,db0da7296f59bafb6d346507eb76073f,84,Julie Allemand,julieallemand,TOR,rebounds,4.5,-125.0,-106.0,10,10,2025-08-12 00:23:06+00:00,2025-08-12 00:23:06+00:00,2025-08-12 00:23:06+00:00,2025-08-13 02:00:00+00:00,0.0,2025-08-12,2025,REG,LAS,NYL,1.070118662351672,True,,0.5212291071384377,401736317,4001679,6,9,1,True,False,matched,5.0,2025-08-12,under,0.20173669815661655,1.9433962264150944,-1.0,1.0,False,False,False
2349,9c36d4ce80d531bef14c54598886e194,43,Olivia Nelson-Ododa,olivianelsonododa,CON,rebounds,5.5,-125.0,-106.0,10,10,2025-08-12 01:46:37+00:00,2025-08-12 01:46:37+00:00,2025-08-12 01:46:37+00:00,2025-08-12 02:00:00+00:00,0.0,2025-08-11,2025,REG,GSV,CON,1.070118662351672,True,,0.5212291071384377,401736315,4398966,18,129689,0,True,False,matched,4.0,2025-08-11,under,0.5320503658594178,1.9433962264150944,0.9433962264150944,1.0,False,False,False
2355,d390c23fcf7d6f1828c2d86f80e3b253,1,Allisha Gray,allishagray,ATL,assists,3.5,-174.0,130.0,10,10,2025-08-12 01:46:49+00:00,2025-08-12 01:46:49+00:00,2025-08-12 01:46:49+00:00,2025-08-14 02:00:00+00:00,0.0,2025-08-13,2025,REG,SEA,ATL,1.069819105046017,True,,0.603727082826799,401736321,3058901,20,14,0,True,False,matched,1.0,2025-08-13,under,0.23505193374973438,2.3,1.2999999999999998,1.0,False,False,False
2355,c496b381429f1644bb4c0532fdcc01ab,208,Gabby Williams,gabbywilliams,GSV,points,11.5,102.0,-132.0,10,10,2025-08-12 01:46:49+00:00,2025-08-12 01:46:49+00:00,2025-08-12 01:46:49+00:00,2025-08-14 02:00:00+00:00,0.0,2025-08-13,2025,REG,SEA,ATL,1.0640150221918745,True,,0.4618487426836327,401736321,3142328,14,20,1,True,False,matched,11.0,2025-08-13,under,0.09476641707944172,1.7575757575757576,0.7575757575757576,1.0,False,False,False
2355,9d59a1d942abfc511e8659471650a952,176,Ezi Magbegor,ezimagbegor,SEA,rebounds,5.5,-154.0,116.0,10,10,2025-08-12 01:46:50+00:00,2025-08-12 01:46:50+00:00,2025-08-12 01:46:50+00:00,2025-08-14 02:00:00+00:00,0.0,2025-08-13,2025,REG,SEA,ATL,1.0692621755613883,True,,0.574207987656796,401736321,4420318,14,20,1,True,False,matched,3.0,2025-08-13,under,0.2981703186863148,2.16,1.1600000000000001,1.0,False,False,False
2355,273942d703d56b38d6f9e431b0c021c8,175,Skylar Diggins,skylardiggins,CHI,points,13.5,-122.0,-106.0,10,10,2025-08-12 01:46:50+00:00,2025-08-12 01:46:50+00:00,2025-08-12 01:46:50+00:00,2025-08-14 02:00:00+00:00,0.0,2025-08-13,2025,REG,SEA,ATL,1.064112656345666,True,,0.518058368553134,401736321,2491205,14,20,1,True,False,matched,7.0,2025-08-13,under,0.14767447481452306,1.9433962264150944,0.9433962264150944,1.0,False,False,False
2355,22e6d1891e283d75bef539fd4105f247,15,Rhyne Howard,rhynehoward,ATL,threes,1.5,-130.0,-102.0,10,10,2025-08-12 01:46:50+00:00,2025-08-12 01:46:50+00:00,2025-08-12 01:46:50+00:00,2025-08-14 02:00:00+00:00,0.0,2025-08-13,2025,REG,SEA,ATL,1.0701678863538528,True,,0.5312123494364493,401736321,4398674,20,14,0,True,False,matched,5.0,2025-08-13,over,0.07475894266510452,1.7692307692307692,0.7692307692307692,1.0,False,False,False
2355,63267ae70353566a7a232f0c553f77a6,182,Brittney Sykes,brittneysykes,TOR,points,14.5,100.0,-130.0,10,10,2025-08-12 01:46:50+00:00,2025-08-12 01:46:50+00:00,2025-08-12 01:46:50+00:00,2025-08-14 02:00:00+00:00,0.0,2025-08-13,2025,REG,SEA,ATL,1.065217391304348,True,,0.4663164946059025,401736321,2988756,14,20,1,True,False,matched,7.0,2025-08-13,under,0.061133636332140195,1.7692307692307692,0.7692307692307692,1.0,False,False,False
2349,813e144296ec3cd21f01c874cb55fd1e,58,Carla Leite,carlaleite,PDX,points,8.5,-130.0,100.0,10,10,2025-08-12 01:55:30+00:00,2025-08-12 01:55:30+00:00,2025-08-12 01:55:30+00:00,2025-08-12 02:00:00+00:00,0.0,2025-08-11,2025,REG,GSV,CON,1.065217391304348,True,,0.5336835053940976,401736315,5208982,129689,18,1,True,False,matched,0.0,2025-08-11,under,0.08719455603256071,2.0,1.0,1.0,False,False,False
2353,e65c3a8bc9850144d1c68d171b19ef97,120,Cecilia Zandalasini,ceciliazandalasini,GSV,threes,1.5,-132.0,100.0,10,10,2025-08-12 04:37:15+00:00,2025-08-12 04:37:15+00:00,2025-08-12 04:37:15+00:00,2025-08-13 23:30:00+00:00,0.0,2025-08-13,2025,REG,WAS,GSV,1.0689655172413794,True,,0.5356937238338165,401736319,4257500,129689,16,0,True,False,matched,6.0,2025-08-13,under,0.10673255472125298,2.0,-1.0,1.0,False,False,False
2353,b8dc1fa055bb84ceb8c6cddbcbd19e2c,149,Sug Sutton,sugsutton,DAL,points,9.5,-106.0,-122.0,10,10,2025-08-12 04:37:16+00:00,2025-08-12 04:37:16+00:00,2025-08-12 04:37:16+00:00,2025-08-13 23:30:00+00:00,0.0,2025-08-13,2025,REG,WAS,GSV,1.064112656345666,True,,0.4819416314468661,401736319,4068159,16,129689,1,True,False,matched,15.0,2025-08-13,under,0.35666489958001124,1.819672131147541,-1.0,1.0,False,False,False
2353,7345f2dde8a7255533164a9af27a847f,537,Janelle Salaun,janellesalaun,GSV,rebounds,4.5,-146.0,110.0,10,10,2025-08-12 04:37:16+00:00,2025-08-12 04:37:16+00:00,2025-08-12 04:37:16+00:00,2025-08-13 23:30:00+00:00,0.0,2025-08-13,2025,REG,WAS,GSV,1.0696864111498257,True,,0.5607420039050215,401736319,4790264,129689,16,0,True,False,matched,4.0,2025-08-13,under,0.1942634585713432,2.1,1.1,1.0,False,False,False
2353,d306e10a82090168809fd9dbcf5cf5be,55,Veronica Burton,veronicaburton,GSV,rebounds,3.5,-172.0,128.0,10,10,2025-08-12 04:37:16+00:00,2025-08-12 04:37:16+00:00,2025-08-12 04:37:16+00:00,2025-08-13 23:30:00+00:00,0.0,2025-08-13,2025,REG,WAS,GSV,1.0709494324045408,True,,0.6004234693007796,401736319,4398935,129689,16,0,True,False,matched,7.0,2025-08-13,under,0.18190810209045388,2.2800000000000002,-1.0,1.0,False,False,False
2353,c6f96f1c5aeedc1ad2feabce0dfe6efe,221,Tiffany Hayes,tiffanyhayes,GSV,points,12.5,102.0,-132.0,10,10,2025-08-12 04:37:16+00:00,2025-08-12 04:37:16+00:00,2025-08-12 04:37:16+00:00,2025-08-13 23:30:00+00:00,0.0,2025-08-13,2025,REG,WAS,GSV,1.0640150221918745,True,,0.4618487426836327,401736319,1054,129689,16,0,True,False,matched,14.0,2025-08-13,under,0.18150092497733117,1.7575757575757576,-1.0,1.0,False,False,False
2353,102588e7e1016118af857c9df66ae232,573,Sonia Citron,soniacitron,WAS,points,14.5,-128.0,-102.0,10,10,2025-08-12 04:37:16+00:00,2025-08-12 04:37:16+00:00,2025-08-12 04:37:16+00:00,2025-08-13 23:30:00+00:00,0.0,2025-08-13,2025,REG,WAS,GSV,1.0663540038214347,True,,0.5291749480305961,401736319,4433524,16,129689,1,True,False,matched,15.0,2025-08-13,under,0.16002816334032227,1.9803921568627452,-1.0,1.0,False,False,False
2353,21dfe33e9e78334ea5376bffcb96a32c,572,Kiki Iriafen,kikiiriafen,WAS,rebounds,8.5,-130.0,-102.0,10,10,2025-08-12 04:37:16+00:00,2025-08-12 04:37:16+00:00,2025-08-12 04:37:16+00:00,2025-08-13 23:30:00+00:00,0.0,2025-08-13,2025,REG,WAS,GSV,1.0701678863538528,True,,0.5312123494364493,401736319,4898384,16,129689,1,True,False,matched,10.0,2025-08-13,under,0.1515501776967631,1.9803921568627452,-1.0,1.0,False,False,False
2352,8a054d5fce0e7a2529a0e005b4c6d06f,33,Elizabeth Williams,elizabethwilliams,CHI,points,10.5,-125.0,-104.0,10,10,2025-08-12 06:42:51+00:00,2025-08-12 06:42:51+00:00,2025-08-12 06:42:51+00:00,2025-08-13 23:00:00+00:00,0.0,2025-08-13,2025,REG,CON,CHI,1.065359477124183,True,,0.5236312520088393,401736318,2566081,19,18,0,True,False,matched,12.0,2025-08-13,under,0.13058706841354178,1.9615384615384617,-1.0,1.0,False,False,False
2352,177ff39e00c02711b3ae46e40b4cafe0,30,Kamilla Cardoso,kamillacardoso,CHI,rebounds,10.5,108.0,-144.0,10,10,2025-08-12 06:42:51+00:00,2025-08-12 06:42:51+00:00,2025-08-12 06:42:51+00:00,2025-08-13 23:00:00+00:00,0.0,2025-08-13,2025,REG,CON,CHI,1.0709331651954601,True,,0.4433154794603006,401736318,4433405,19,18,0,True,False,matched,9.0,2025-08-13,under,0.12880673283477911,1.6944444444444444,0.6944444444444444,1.0,False,False,False
2352,050ace83c7b8b07a811ed3e0c53d387c,9,Tina Charles,tinacharles,FA,points,15.5,-120.0,-108.0,10,10,2025-08-12 06:42:51+00:00,2025-08-12 06:42:51+00:00,2025-08-12 06:42:51+00:00,2025-08-13 23:00:00+00:00,0.0,2025-08-13,2025,REG,CON,CHI,1.0646853146853146,True,,0.5135396953663074,401736318,918,18,19,1,True,False,matched,15.0,2025-08-13,under,0.075796772555633,1.925925925925926,0.925925925925926,1.0,False,False,False
2352,8ec4b1d35fdb71a09e59a0eae9d3ce86,22,Marina Mabrey,marinamabrey,TOR,rebounds,4.5,-102.0,-130.0,10,10,2025-08-12 06:42:51+00:00,2025-08-12 06:42:51+00:00,2025-08-12 06:42:51+00:00,2025-08-13 23:00:00+00:00,0.0,2025-08-13,2025,REG,CON,CHI,1.0701678863538528,True,,0.46878765056355093,401736318,3904576,18,19,1,True,False,matched,5.0,2025-08-13,under,0.0732175192629771,1.7692307692307692,-1.0,1.0,False,False,False
2354,b9edf039dee5193f8cb1506c4cccb6ff,103,A'ja Wilson,ajawilson,LVA,rebounds,10.5,-114.0,-114.0,10,10,2025-08-12 18:52:54+00:00,2025-08-12 18:52:54+00:00,2025-08-12 18:52:54+00:00,2025-08-14 01:30:00+00:00,0.0,2025-08-13,2025,REG,LVA,NYL,1.0654205607476634,True,,0.5000000000000001,401736320,3149391,17,9,1,True,False,matched,16.0,2025-08-13,under,0.11682746454566423,1.8771929824561404,-1.0,1.0,False,False,False
2354,ff296c6ca6ff4707e6dc54200204293c,107,Chelsea Gray,chelseagray,LVA,points,9.5,-113.0,-115.0,10,10,2025-08-12 18:52:54+00:00,2025-08-12 18:52:54+00:00,2025-08-12 18:52:54+00:00,2025-08-14 01:30:00+00:00,0.0,2025-08-13,2025,REG,LVA,NYL,1.0654001528551151,True,,0.49774423259931944,401736320,2529122,17,9,1,True,False,matched,13.0,2025-08-13,under,0.08367915556510896,1.8695652173913042,-1.0,1.0,False,False,False
2350,2be91b7cb094e4a9bdf96a11125edc7c,530,JJ Quinerly,jjquinerly,FA,threes,1.5,140.0,-170.0,24,24,2025-08-12 22:59:17+00:00,2025-08-12 22:59:17+00:00,2025-08-12 22:59:17+00:00,2025-08-12 23:30:00+00:00,0.0,2025-08-12,2025,REG,IND,DAL,1.0462962962962963,True,,0.3910947128467968,401736316,4434015,3,5,0,True,False,matched,1.0,2025-08-12,under,0.432780175432579,1.5882352941176472,0.5882352941176472,1.0,False,False,False
2350,5b133e9cde4666c4049ab0641cacfe74,61,Maddy Siegrist,maddysiegrist,DAL,rebounds,4.5,-106.0,-125.0,10,10,2025-08-12 23:17:31+00:00,2025-08-12 23:17:31+00:00,2025-08-12 23:17:31+00:00,2025-08-12 23:30:00+00:00,0.0,2025-08-12,2025,REG,IND,DAL,1.070118662351672,True,,0.4787708928615623,401736316,4399415,3,5,0,True,False,matched,5.0,2025-08-12,under,0.2172609846266838,1.8,-1.0,1.0,False,False,False
2352,4adcc8a41e36f68521f11661ac3f2b82,43,Olivia Nelson-Ododa,olivianelsonododa,CON,points,8.5,-110.0,-124.0,36,36,2025-08-13 02:11:09+00:00,2025-08-13 02:11:09+00:00,2025-08-13 02:11:09+00:00,2025-08-13 23:00:00+00:00,0.0,2025-08-13,2025,REG,CON,CHI,1.0773809523809526,True,,0.48452355842279893,401736318,4398966,18,19,1,True,False,matched,8.0,2025-08-13,under,0.0770618033213763,1.8064516129032258,0.8064516129032258,1.0,False,False,False
2354,db408167068f4375ec616cb4271cf84d,233,Emma Meesseman,emmameesseman,FA,points,14.5,-125.0,-104.0,10,10,2025-08-13 05:55:01+00:00,2025-08-13 05:55:01+00:00,2025-08-13 05:55:01+00:00,2025-08-14 01:30:00+00:00,0.0,2025-08-13,2025,REG,LVA,NYL,1.065359477124183,True,,0.5236312520088393,401736320,3027368,9,17,0,True,False,matched,24.0,2025-08-13,under,0.31629336132536695,1.9615384615384617,-1.0,1.0,False,False,False
2354,6ce5f2904554668c06196af37fa8e906,141,Jonquel Jones,jonqueljones,NYL,rebounds,8.5,-152.0,114.0,10,10,2025-08-13 05:55:01+00:00,2025-08-13 05:55:01+00:00,2025-08-13 05:55:01+00:00,2025-08-14 01:30:00+00:00,0.0,2025-08-13,2025,REG,LVA,NYL,1.0704643228007713,True,,0.5703965275254933,401736320,2999101,9,17,0,True,False,matched,7.0,2025-08-13,under,0.2876979777888161,2.1399999999999997,1.1399999999999997,1.0,False,False,False
2354,bf4944b8bd59b96bdfb07e53d2720a78,163,Natasha Cloud,natashacloud,CHI,rebounds,3.5,142.0,-192.0,10,10,2025-08-13 05:55:01+00:00,2025-08-13 05:55:01+00:00,2025-08-13 05:55:01+00:00,2025-08-14 01:30:00+00:00,0.0,2025-08-13,2025,REG,LVA,NYL,1.0707573870712102,True,,0.37336020860003377,401736320,2529137,9,17,0,True,False,matched,5.0,2025-08-13,over,0.21522452515278973,2.42,1.42,1.0,False,False,False
2354,216b8b0e323ba9d2f086204937150e56,132,Sabrina Ionescu,sabrinaionescu,NYL,points,19.5,-125.0,-104.0,10,10,2025-08-13 05:55:01+00:00,2025-08-13 05:55:01+00:00,2025-08-13 05:55:01+00:00,2025-08-14 01:30:00+00:00,0.0,2025-08-13,2025,REG,LVA,NYL,1.065359477124183,True,,0.5236312520088393,401736320,4066533,9,17,0,True,False,matched,18.0,2025-08-13,under,0.1788037392630069,1.9615384615384617,0.9615384615384617,1.0,False,False,False
2354,96558aba298bfdae2595513841878f53,147,Leonie Fiebich,leoniefiebich,NYL,points,9.5,-122.0,-106.0,10,10,2025-08-13 05:55:01+00:00,2025-08-13 05:55:01+00:00,2025-08-13 05:55:01+00:00,2025-08-14 01:30:00+00:00,0.0,2025-08-13,2025,REG,LVA,NYL,1.064112656345666,True,,0.518058368553134,401736320,4683006,9,17,0,True,False,matched,5.0,2025-08-13,under,0.10068649599795387,1.9433962264150944,0.9433962264150944,1.0,False,False,False
2353,9e9badecde040a6bf0ed4199d20c76ec,72,Temi Fagbenle,temifagbenle,TOR,points,7.5,100.0,-130.0,13,13,2025-08-13 07:53:49+00:00,2025-08-13 07:53:49+00:00,2025-08-13 07:53:49+00:00,2025-08-13 23:30:00+00:00,0.0,2025-08-13,2025,REG,WAS,GSV,1.065217391304348,True,,0.4663164946059025,401736319,2569044,129689,16,0,True,False,matched,2.0,2025-08-13,under,0.0725756119968522,1.7692307692307692,0.7692307692307692,1.0,False,False,False
2355,adffe250b1359aa3fa1831e3560e3fd9,148,Brittney Griner,brittneygriner,CON,rebounds,4.5,-135.0,100.0,33,33,2025-08-13 12:36:39+00:00,2025-08-13 12:36:39+00:00,2025-08-13 12:36:39+00:00,2025-08-14 02:00:00+00:00,0.0,2025-08-13,2025,REG,SEA,ATL,1.074468085106383,True,,0.5386616051460363,401736321,2490553,20,14,0,True,False,matched,8.0,2025-08-13,under,0.17289360068758947,2.0,-1.0,1.0,False,False,False
2358,01f931de03897a0f998ab141c5c1d80b,94,Rickea Jackson,rickeajackson,CHI,threes,1.5,-138.0,104.0,10,10,2025-08-13 16:43:05+00:00,2025-08-13 16:43:05+00:00,2025-08-13 16:43:05+00:00,2025-08-15 23:30:00+00:00,0.0,2025-08-15,2025,REG,DAL,LAS,1.0700280112044818,True,,0.5464208361470752,401736324,4433630,6,3,0,True,False,matched,3.0,2025-08-15,under,0.1395334644026695,2.04,-1.0,1.0,False,False,False
2358,088acb164f4d3ec650a747bc21457080,528,Paige Bueckers,paigebueckers,DAL,assists,5.5,118.0,-158.0,10,10,2025-08-13 16:43:05+00:00,2025-08-13 16:43:05+00:00,2025-08-13 16:43:05+00:00,2025-08-15 23:30:00+00:00,0.0,2025-08-15,2025,REG,DAL,LAS,1.0711186971054691,True,,0.42034729080094674,401736324,4433730,3,6,1,True,False,matched,5.0,2025-08-15,over,0.09764344498916555,2.1799999999999997,-1.0,1.0,False,False,False
2358,05d73e83d50988db1c0975dff537c222,101,Kelsey Plum,kelseyplum,LAS,points,19.5,-125.0,-104.0,10,10,2025-08-13 17:01:51+00:00,2025-08-13 17:01:51+00:00,2025-08-13 17:01:51+00:00,2025-08-15 23:30:00+00:00,0.0,2025-08-15,2025,REG,DAL,LAS,1.065359477124183,True,,0.5236312520088393,401736324,3065570,6,3,0,True,False,matched,28.0,2025-08-15,under,0.14090359597560764,1.9615384615384617,-1.0,1.0,False,False,False
2355,e02ed70f9ae3a17d9532455cfb0e9403,16,Naz Hillmon,nazhillmon,ATL,points,11.5,-113.0,-115.0,10,10,2025-08-13 19:53:09+00:00,2025-08-13 19:53:09+00:00,2025-08-13 19:53:09+00:00,2025-08-14 02:00:00+00:00,0.0,2025-08-13,2025,REG,SEA,ATL,1.0654001528551151,True,,0.49774423259931944,401736321,4398915,20,14,0,True,False,matched,7.0,2025-08-13,under,0.09840316880803412,1.8695652173913042,0.8695652173913042,1.0,False,False,False
2355,cc15fd129746ea50d5a4cb9e87a7b12e,570,Dominique Malonga,dominiquemalonga,SEA,points,14.5,-115.0,-115.0,12,12,2025-08-13 23:56:00+00:00,2025-08-13 23:56:00+00:00,2025-08-13 23:56:00+00:00,2025-08-14 02:00:00+00:00,0.0,2025-08-13,2025,REG,SEA,ATL,1.0697674418604652,True,,0.5,401736321,5220150,14,20,1,True,False,matched,4.0,2025-08-13,under,0.38019745431439295,1.8695652173913042,0.8695652173913042,1.0,False,False,False
2360,e4e7a77391ab1fdfef4ec072569fa892,107,Chelsea Gray,chelseagray,LVA,points,9.5,-115.0,-114.0,10,10,2025-08-14 05:12:33+00:00,2025-08-14 05:12:33+00:00,2025-08-14 05:12:33+00:00,2025-08-16 02:00:00+00:00,0.0,2025-08-15,2025,REG,PHX,LVA,1.0675940013040643,True,,0.5011239773424112,401736326,2529122,17,11,0,True,False,matched,16.0,2025-08-15,under,0.09151343340122026,1.8771929824561404,-1.0,1.0,False,False,False
2360,19a927273e363a4c28ac6790f4ed1cf3,166,Jewell Loyd,jewellloyd,LVA,points,12.5,-106.0,-122.0,10,10,2025-08-14 05:12:33+00:00,2025-08-14 05:12:33+00:00,2025-08-14 05:12:33+00:00,2025-08-16 02:00:00+00:00,0.0,2025-08-15,2025,REG,PHX,LVA,1.064112656345666,True,,0.4819416314468661,401736326,2987869,17,11,0,True,False,matched,10.0,2025-08-15,under,0.08775525971455755,1.819672131147541,0.819672131147541,1.0,False,False,False
2360,d159b6ded6c4c1cf35e9ae47a77177a1,103,A'ja Wilson,ajawilson,LVA,points,21.5,-125.0,-104.0,10,10,2025-08-14 05:12:34+00:00,2025-08-14 05:12:34+00:00,2025-08-14 05:12:34+00:00,2025-08-16 02:00:00+00:00,0.0,2025-08-15,2025,REG,PHX,LVA,1.065359477124183,True,,0.5236312520088393,401736326,3149391,17,11,0,True,False,matched,30.0,2025-08-15,under,0.1744112436132378,1.9615384615384617,-1.0,1.0,False,False,False
2360,bef574c72c3dc0fa24660196aeb572f8,40,Alyssa Thomas,alyssathomas,PHO,rebounds,9.5,-102.0,-130.0,10,10,2025-08-14 05:12:34+00:00,2025-08-14 05:12:34+00:00,2025-08-14 05:12:34+00:00,2025-08-16 02:00:00+00:00,0.0,2025-08-15,2025,REG,PHX,LVA,1.0701678863538528,True,,0.46878765056355093,401736326,2529140,11,17,1,True,False,matched,6.0,2025-08-15,under,0.1069365544314464,1.7692307692307692,0.7692307692307692,1.0,False,False,False
2360,0a286d946d212c7bed6a4398ac351294,102,Jackie Young,jackieyoung,LVA,points,15.5,-122.0,-106.0,10,10,2025-08-14 05:12:34+00:00,2025-08-14 05:12:34+00:00,2025-08-14 05:12:34+00:00,2025-08-16 02:00:00+00:00,0.0,2025-08-15,2025,REG,PHX,LVA,1.064112656345666,True,,0.518058368553134,401736326,4065870,17,11,0,True,False,matched,17.0,2025-08-15,under,0.05889239043236982,1.9433962264150944,-1.0,1.0,False,False,False
2359,fc5a5ca19f587209ff6ac78aefe8e4d4,15,Rhyne Howard,rhynehoward,ATL,assists,3.5,-174.0,130.0,10,10,2025-08-14 07:00:42+00:00,2025-08-14 07:00:42+00:00,2025-08-14 07:00:42+00:00,2025-08-16 02:00:00+00:00,0.0,2025-08-15,2025,REG,ATL,SEA,1.069819105046017,True,,0.603727082826799,401736325,4398674,20,14,1,True,False,matched,1.0,2025-08-15,under,0.5180630086412352,2.3,1.2999999999999998,1.0,False,False,False
2359,44d56b0cd6a13e5d13af4f5664729019,1,Allisha Gray,allishagray,ATL,assists,3.5,-148.0,112.0,10,10,2025-08-14 07:00:42+00:00,2025-08-14 07:00:42+00:00,2025-08-14 07:00:42+00:00,2025-08-16 02:00:00+00:00,0.0,2025-08-15,2025,REG,ATL,SEA,1.0684723067559343,True,,0.5647227530167998,401736325,3058901,20,14,1,True,False,matched,4.0,2025-08-15,under,0.12326226788192163,2.12,-1.0,1.0,False,False,False
2359,5a976c12166ec84b782580312933b4d0,175,Skylar Diggins,skylardiggins,CHI,points,12.5,-118.0,-110.0,10,10,2025-08-14 07:00:42+00:00,2025-08-14 07:00:42+00:00,2025-08-14 07:00:42+00:00,2025-08-16 02:00:00+00:00,0.0,2025-08-15,2025,REG,ATL,SEA,1.0650939274792486,True,,0.5090245232268319,401736325,2491205,14,20,0,True,False,matched,21.0,2025-08-15,under,0.06535254542689373,1.9090909090909092,-1.0,1.0,False,False,False
2359,3c5fe37e3df1c74cfa460b40f2c7a5c2,180,Nneka Ogwumike,nnekaogwumike,LAS,points,16.5,-128.0,-102.0,10,10,2025-08-14 07:05:41+00:00,2025-08-14 07:05:41+00:00,2025-08-14 07:05:41+00:00,2025-08-16 02:00:00+00:00,0.0,2025-08-15,2025,REG,ATL,SEA,1.0663540038214347,True,,0.5291749480305961,401736325,1068,14,20,0,True,False,matched,16.0,2025-08-15,under,0.161062269504182,1.9803921568627452,0.9803921568627452,1.0,False,False,False
2359,1f9b67001a19781edc978005ed7ea547,16,Naz Hillmon,nazhillmon,ATL,rebounds,7.5,-148.0,112.0,10,10,2025-08-14 14:06:16+00:00,2025-08-14 14:06:16+00:00,2025-08-14 14:06:16+00:00,2025-08-16 02:00:00+00:00,0.0,2025-08-15,2025,REG,ATL,SEA,1.0684723067559343,True,,0.5647227530167998,401736325,4398915,20,14,1,True,False,matched,7.0,2025-08-15,under,0.27171904982736494,2.12,1.12,1.0,False,False,False
2359,0742915dacf8f0b14a24a3e61943c44b,182,Brittney Sykes,brittneysykes,TOR,points,14.5,-102.0,-128.0,10,10,2025-08-14 14:12:46+00:00,2025-08-14 14:12:46+00:00,2025-08-14 14:12:46+00:00,2025-08-16 02:00:00+00:00,0.0,2025-08-15,2025,REG,ATL,SEA,1.0663540038214347,True,,0.47082505196940394,401736325,2988756,14,20,0,True,False,matched,13.0,2025-08-15,under,0.12877508101673119,1.78125,0.78125,1.0,False,False,False
2358,35bb535c953dbf5c1a93e84ef4aac32a,89,Dearica Hamby,dearicahamby,LAS,assists,3.5,-102.0,-130.0,10,10,2025-08-14 17:05:33+00:00,2025-08-14 17:05:33+00:00,2025-08-14 17:05:33+00:00,2025-08-15 23:30:00+00:00,0.0,2025-08-15,2025,REG,DAL,LAS,1.0701678863538528,True,,0.46878765056355093,401736324,2566106,6,3,0,True,False,matched,4.0,2025-08-15,under,0.19211654267254968,1.7692307692307692,-1.0,1.0,False,False,False
2358,4e16a144ed25a12b6a710e2f846c863f,82,Azura Stevens,azurastevens,CHI,points,13.5,-114.0,-114.0,10,10,2025-08-14 17:12:40+00:00,2025-08-14 17:12:40+00:00,2025-08-14 17:12:40+00:00,2025-08-15 23:30:00+00:00,0.0,2025-08-15,2025,REG,DAL,LAS,1.0654205607476634,True,,0.5000000000000001,401736324,3142010,6,3,0,True,False,matched,15.0,2025-08-15,under,0.0749589328202257,1.8771929824561404,-1.0,1.0,False,False,False
2358,9e92d72c89e8de3a30de0f65811df33e,95,Li Yueru,liyueru,DAL,rebounds,6.5,102.0,-136.0,10,10,2025-08-14 17:17:48+00:00,2025-08-14 17:17:48+00:00,2025-08-14 17:17:48+00:00,2025-08-15 23:30:00+00:00,0.0,2025-08-15,2025,REG,DAL,LAS,1.071320691391173,True,,0.4579067075572801,401736324,4336633,3,6,1,True,False,matched,1.0,2025-08-15,under,0.32578784176679776,1.7352941176470589,0.7352941176470589,1.0,False,False,False
2358,b2e0104167fd1f4a4f0023a9b5e595a0,529,Luisa Geiselsoder,luisageiselsoder,PDX,rebounds,4.5,-118.0,-112.0,10,10,2025-08-14 17:17:48+00:00,2025-08-14 17:17:48+00:00,2025-08-14 17:17:48+00:00,2025-08-15 23:30:00+00:00,0.0,2025-08-15,2025,REG,DAL,LAS,1.0695862904621776,True,,0.5067212711754592,401736324,4682797,3,6,1,True,False,matched,3.0,2025-08-15,under,0.12278514868443596,1.8928571428571428,0.8928571428571428,1.0,False,False,False
2356,016db093c2ffe3f2372d5e87d3b08db7,30,Kamilla Cardoso,kamillacardoso,CHI,rebounds,10.5,-125.0,-106.0,10,10,2025-08-14 17:23:20+00:00,2025-08-14 17:23:20+00:00,2025-08-14 17:23:20+00:00,2025-08-15 23:30:00+00:00,0.0,2025-08-15,2025,REG,CHI,GSV,1.070118662351672,True,,0.5212291071384377,401736323,4433405,19,129689,1,True,False,matched,4.0,2025-08-15,under,0.3045969154261007,1.9433962264150944,0.9433962264150944,1.0,False,False,False
2356,3ed87aa1992a55310e82ae78907451ac,185,Ariel Atkins,arielatkins,LAS,points,11.5,-125.0,-104.0,10,10,2025-08-14 17:23:21+00:00,2025-08-14 17:23:21+00:00,2025-08-14 17:23:21+00:00,2025-08-15 23:30:00+00:00,0.0,2025-08-15,2025,REG,CHI,GSV,1.065359477124183,True,,0.5236312520088393,401736323,3146151,19,129689,1,True,False,matched,7.0,2025-08-15,under,0.355325622679227,1.9615384615384617,0.9615384615384617,1.0,False,False,False
2357,0edde39ae64e6d9d34336cf31d6b8366,71,Aliyah Boston,aliyahboston,IND,assists,3.5,-166.0,124.0,10,10,2025-08-14 17:23:21+00:00,2025-08-14 17:23:21+00:00,2025-08-14 17:23:21+00:00,2025-08-15 23:30:00+00:00,0.0,2025-08-15,2025,REG,IND,WAS,1.0704887218045114,True,,0.5920365770215091,401736322,4432831,5,16,1,True,False,matched,1.0,2025-08-15,under,0.1915524772454627,2.24,1.2400000000000002,1.0,False,False,False
2356,39bacb859420f024457785c54838eeb5,537,Janelle Salaun,janellesalaun,GSV,rebounds,4.5,-112.0,-118.0,10,10,2025-08-14 17:23:21+00:00,2025-08-14 17:23:21+00:00,2025-08-14 17:23:21+00:00,2025-08-15 23:30:00+00:00,0.0,2025-08-15,2025,REG,CHI,GSV,1.0695862904621776,True,,0.49327872882454105,401736323,4790264,129689,19,0,True,False,matched,6.0,2025-08-15,under,0.16605739040389117,1.847457627118644,-1.0,1.0,False,False,False
2357,db575bcf6cd10ee229322b882f03804d,56,Natasha Howard,natashahoward,MIN,points,11.5,-106.0,-122.0,10,10,2025-08-14 17:28:05+00:00,2025-08-14 17:28:05+00:00,2025-08-14 17:28:05+00:00,2025-08-15 23:30:00+00:00,0.0,2025-08-15,2025,REG,IND,WAS,1.064112656345666,True,,0.4819416314468661,401736322,2529130,5,16,1,True,False,matched,11.0,2025-08-15,under,0.08156343970033564,1.819672131147541,0.819672131147541,1.0,False,False,False
2356,4a81cb998d2759ea4b4020958ab9336b,221,Tiffany Hayes,tiffanyhayes,GSV,points,12.5,-108.0,-120.0,10,10,2025-08-14 17:28:08+00:00,2025-08-14 17:28:08+00:00,2025-08-14 17:28:08+00:00,2025-08-15 23:30:00+00:00,0.0,2025-08-15,2025,REG,CHI,GSV,1.0646853146853146,True,,0.48646030463369283,401736323,1054,129689,19,0,True,False,matched,13.0,2025-08-15,under,0.09905550561900078,1.8333333333333335,-1.0,1.0,False,False,False
2357,ea48a626090976acf1460ebe0e6d43d6,156,Sophie Cunningham,sophiecunningham,IND,threes,2.5,138.0,-186.0,10,10,2025-08-14 17:28:08+00:00,2025-08-14 17:28:08+00:00,2025-08-14 17:28:08+00:00,2025-08-15 23:30:00+00:00,0.0,2025-08-15,2025,REG,IND,WAS,1.070517717576541,True,,0.3807086475713989,401736322,3907781,5,16,1,True,False,matched,2.0,2025-08-15,under,0.09027329951352214,1.5376344086021505,0.5376344086021505,1.0,False,False,False
2357,913ff130bdb70dc83fa759a2dfc68e04,573,Sonia Citron,soniacitron,WAS,points,16.5,100.0,-130.0,10,10,2025-08-14 17:28:09+00:00,2025-08-14 17:28:09+00:00,2025-08-14 17:28:09+00:00,2025-08-15 23:30:00+00:00,0.0,2025-08-15,2025,REG,IND,WAS,1.065217391304348,True,,0.4663164946059025,401736322,4433524,16,5,0,True,False,matched,21.0,2025-08-15,under,0.1468810966867961,1.7692307692307692,-1.0,1.0,False,False,False
2357,fc094626cd522666d9325d639a71910d,70,Kelsey Mitchell,kelseymitchell,IND,points,20.5,-108.0,-120.0,10,10,2025-08-14 17:28:09+00:00,2025-08-14 17:28:09+00:00,2025-08-14 17:28:09+00:00,2025-08-15 23:30:00+00:00,0.0,2025-08-15,2025,REG,IND,WAS,1.0646853146853146,True,,0.48646030463369283,401736322,3142191,5,16,1,True,False,matched,14.0,2025-08-15,under,0.08312930477616737,1.8333333333333335,0.8333333333333335,1.0,False,False,False
2356,26da9881f548003f4896e7deb2080e05,36,Rachel Banham,rachelbanham,CHI,points,10.5,-128.0,-102.0,10,10,2025-08-14 17:33:00+00:00,2025-08-14 17:33:00+00:00,2025-08-14 17:33:00+00:00,2025-08-15 23:30:00+00:00,0.0,2025-08-15,2025,REG,CHI,GSV,1.0663540038214347,True,,0.5291749480305961,401736323,2566186,19,129689,1,True,False,matched,15.0,2025-08-15,under,0.17520042117832152,1.9803921568627452,-1.0,1.0,False,False,False
2357,9c20c263fb6e4dd4b11edb934b0d4c85,572,Kiki Iriafen,kikiiriafen,WAS,points,14.5,100.0,-130.0,10,10,2025-08-14 17:33:00+00:00,2025-08-14 17:33:00+00:00,2025-08-14 17:33:00+00:00,2025-08-15 23:30:00+00:00,0.0,2025-08-15,2025,REG,IND,WAS,1.065217391304348,True,,0.4663164946059025,401736322,4898384,16,5,0,True,False,matched,18.0,2025-08-15,under,0.13480506123956482,1.7692307692307692,-1.0,1.0,False,False,False
2356,1fcdf1386061555e96ce85305353c3b8,33,Elizabeth Williams,elizabethwilliams,CHI,rebounds,7.5,-136.0,102.0,10,10,2025-08-14 17:33:01+00:00,2025-08-14 17:33:01+00:00,2025-08-14 17:33:01+00:00,2025-08-15 23:30:00+00:00,0.0,2025-08-15,2025,REG,CHI,GSV,1.071320691391173,True,,0.5420932924427202,401736323,2566081,19,129689,1,True,False,matched,5.0,2025-08-15,under,0.29559643127590784,2.02,1.02,1.0,False,False,False
2358,e8c0bb57de6ee10a579f570b9110d344,87,Cameron Brink,cameronbrink,LAS,points,6.5,-114.0,-114.0,10,10,2025-08-14 20:03:49+00:00,2025-08-14 20:03:49+00:00,2025-08-14 20:03:49+00:00,2025-08-15 23:30:00+00:00,0.0,2025-08-15,2025,REG,DAL,LAS,1.0654205607476634,True,,0.5000000000000001,401736324,4433404,6,3,0,True,False,matched,3.0,2025-08-15,under,0.38032727575206837,1.8771929824561404,0.8771929824561404,1.0,False,False,False
2361,1034e43c65755b6e7515b2a61c1c7230,125,Kayla McBride,kaylamcbride,MIN,threes,2.5,-132.0,100.0,10,10,2025-08-14 20:19:29+00:00,2025-08-14 20:19:29+00:00,2025-08-14 20:19:29+00:00,2025-08-16 18:00:00+00:00,0.0,2025-08-16,2025,REG,MIN,NYL,1.0689655172413794,True,,0.5356937238338165,401736327,2529205,8,9,1,True,False,matched,2.0,2025-08-16,under,0.1884915359388749,2.0,1.0,1.0,False,False,False
2361,5580a9513e32e99b39dd440a4e454dc8,132,Sabrina Ionescu,sabrinaionescu,NYL,points,18.5,-110.0,-118.0,10,10,2025-08-14 20:19:29+00:00,2025-08-14 20:19:29+00:00,2025-08-14 20:19:29+00:00,2025-08-16 18:00:00+00:00,0.0,2025-08-16,2025,REG,MIN,NYL,1.0650939274792486,True,,0.4909754767731684,401736327,4066533,9,8,0,True,False,matched,13.0,2025-08-16,under,0.12669876591989626,1.847457627118644,0.847457627118644,1.0,False,False,False
2357,ee1cd84104e8c4e75a296ba29b4bde88,149,Sug Sutton,sugsutton,DAL,points,9.5,105.0,-150.0,33,33,2025-08-14 20:20:00+00:00,2025-08-14 20:20:00+00:00,2025-08-14 20:20:00+00:00,2025-08-15 23:30:00+00:00,0.0,2025-08-15,2025,REG,IND,WAS,1.0878048780487806,True,,0.44129415758498114,401736322,4068159,16,5,0,True,False,matched,13.0,2025-08-15,under,0.1030845426411503,1.6666666666666665,-1.0,1.0,False,False,False
2361,f50b1f51ea26b916d57cb061d18f9916,121,Alanna Smith,alannasmith,DAL,points,12.5,-104.0,-125.0,10,10,2025-08-14 20:27:38+00:00,2025-08-14 20:27:38+00:00,2025-08-14 20:27:38+00:00,2025-08-16 18:00:00+00:00,0.0,2025-08-16,2025,REG,MIN,NYL,1.065359477124183,True,,0.4763687479911608,401736327,3913881,8,9,1,True,False,matched,14.0,2025-08-16,under,0.1631613739144322,1.8,-1.0,1.0,False,False,False
2361,3d52ef1616284b4c30872e6a10b43d1d,233,Emma Meesseman,emmameesseman,FA,points,15.5,104.0,-135.0,10,10,2025-08-14 20:27:38+00:00,2025-08-14 20:27:38+00:00,2025-08-14 20:27:38+00:00,2025-08-16 18:00:00+00:00,0.0,2025-08-16,2025,REG,MIN,NYL,1.0646641635377556,True,,0.45648742045938223,401736327,3027368,9,8,0,True,False,matched,10.0,2025-08-16,under,0.14391576832682085,1.7407407407407407,0.7407407407407407,1.0,False,False,False
2361,e53599f86154d31691bb897c6894ec62,117,Courtney Williams,courtneywilliams,MIN,points,14.5,-125.0,-104.0,10,10,2025-08-14 20:27:38+00:00,2025-08-14 20:27:38+00:00,2025-08-14 20:27:38+00:00,2025-08-16 18:00:00+00:00,0.0,2025-08-16,2025,REG,MIN,NYL,1.065359477124183,True,,0.5236312520088393,401736327,2987891,8,9,1,True,False,matched,26.0,2025-08-16,under,0.13958744922233834,1.9615384615384617,-1.0,1.0,False,False,False
2361,26aeb8c84cc7464413eb777219adc3e7,141,Jonquel Jones,jonqueljones,NYL,points,13.5,-118.0,-110.0,10,10,2025-08-14 20:27:38+00:00,2025-08-14 20:27:38+00:00,2025-08-14 20:27:38+00:00,2025-08-16 18:00:00+00:00,0.0,2025-08-16,2025,REG,MIN,NYL,1.0650939274792486,True,,0.5090245232268319,401736327,2999101,9,8,0,True,False,matched,17.0,2025-08-16,under,0.05878012916198694,1.9090909090909092,-1.0,1.0,False,False,False
2361,713aaf90d82eb564743387f4ec971cbf,48,DiJonai Carrington,dijonaicarrington,CHI,rebounds,4.5,122.0,-162.0,10,10,2025-08-15 01:02:26+00:00,2025-08-15 01:02:26+00:00,2025-08-15 01:02:26+00:00,2025-08-16 18:00:00+00:00,0.0,2025-08-16,2025,REG,MIN,NYL,1.0687710611374732,True,,0.41310819110441305,401736327,4066548,8,9,1,True,False,matched,2.0,2025-08-16,over,0.08319653760357193,2.2199999999999998,-1.0,1.0,False,False,False
2361,033162ee40adf199413c441203ad9859,116,Jessica Shepard,jessicashepard,DAL,rebounds,8.5,-112.0,-118.0,10,10,2025-08-15 01:08:45+00:00,2025-08-15 01:08:45+00:00,2025-08-15 01:08:45+00:00,2025-08-16 18:00:00+00:00,0.0,2025-08-16,2025,REG,MIN,NYL,1.0695862904621776,True,,0.49327872882454105,401736327,3906949,8,9,1,True,False,matched,10.0,2025-08-16,under,0.44828400167768545,1.847457627118644,-1.0,1.0,False,False,False
2358,c9f5a416936e1d3fdd9c39908f28a10b,10,Haley Jones,haleyjones,DAL,points,8.5,-130.0,100.0,19,19,2025-08-15 13:19:28+00:00,2025-08-15 13:19:28+00:00,2025-08-15 13:19:28+00:00,2025-08-15 23:30:00+00:00,0.0,2025-08-15,2025,REG,DAL,LAS,1.065217391304348,True,,0.5336835053940976,401736324,4595910,3,6,1,True,False,matched,4.0,2025-08-15,under,0.23605576918611743,2.0,1.0,1.0,False,False,False
2358,fe474ee618491b0523210669bd6c3772,84,Julie Allemand,julieallemand,TOR,rebounds,4.5,102.0,-136.0,10,10,2025-08-15 21:27:01+00:00,2025-08-15 21:27:01+00:00,2025-08-15 21:27:01+00:00,2025-08-15 23:30:00+00:00,0.0,2025-08-15,2025,REG,DAL,LAS,1.071320691391173,True,,0.4579067075572801,401736324,4001679,6,3,0,True,False,matched,4.0,2025-08-15,under,0.16976649231228974,1.7352941176470589,0.7352941176470589,1.0,False,False,False
2357,31f08995e95c25945f62d41667c555fc,76,Lexie Hull,lexiehull,IND,points,8.5,-114.0,-114.0,10,10,2025-08-15 23:08:50+00:00,2025-08-15 23:08:50+00:00,2025-08-15 23:08:50+00:00,2025-08-15 23:30:00+00:00,0.0,2025-08-15,2025,REG,IND,WAS,1.0654205607476634,True,,0.5000000000000001,401736322,4398829,5,16,1,True,False,matched,7.0,2025-08-15,under,0.4238293279830946,1.8771929824561404,0.8771929824561404,1.0,False,False,False
2362,5cedc1d953566b6ca4ccda13d82e5c2d,70,Kelsey Mitchell,kelseymitchell,IND,assists,5.5,128.0,-172.0,10,10,2025-08-16 05:47:14+00:00,2025-08-16 05:47:14+00:00,2025-08-16 05:47:14+00:00,2025-08-17 17:00:00+00:00,0.0,2025-08-17,2025,REG,CON,IND,1.0709494324045408,True,,0.39957653069922067,401736329,3142191,5,18,0,True,False,matched,6.0,2025-08-17,under,0.23438842393912998,1.5813953488372094,-1.0,1.0,False,False,False
2362,1c1c0165dded96df463ad6a71628dd2a,76,Lexie Hull,lexiehull,IND,rebounds,4.5,108.0,-144.0,10,10,2025-08-16 05:47:14+00:00,2025-08-16 05:47:14+00:00,2025-08-16 05:47:14+00:00,2025-08-17 17:00:00+00:00,0.0,2025-08-17,2025,REG,CON,IND,1.0709331651954601,True,,0.4433154794603006,401736329,4398829,5,18,0,True,False,matched,7.0,2025-08-17,under,0.20485788019326945,1.6944444444444444,-1.0,1.0,False,False,False
2362,3f05c9630a41dc440892c897cdd6cf42,22,Marina Mabrey,marinamabrey,TOR,points,15.5,104.0,-135.0,10,10,2025-08-16 05:47:14+00:00,2025-08-16 05:47:14+00:00,2025-08-16 05:47:14+00:00,2025-08-17 17:00:00+00:00,0.0,2025-08-17,2025,REG,CON,IND,1.0646641635377556,True,,0.45648742045938223,401736329,3904576,18,5,1,True,False,matched,27.0,2025-08-17,under,0.061101478954247224,1.7407407407407407,-1.0,1.0,False,False,False
2362,022969a234b1906b59f4d779ebfdef94,71,Aliyah Boston,aliyahboston,IND,points,14.5,-108.0,-120.0,10,10,2025-08-16 05:47:14+00:00,2025-08-16 05:47:14+00:00,2025-08-16 05:47:14+00:00,2025-08-17 17:00:00+00:00,0.0,2025-08-17,2025,REG,CON,IND,1.0646853146853146,True,,0.48646030463369283,401736329,4432831,5,18,0,True,False,matched,14.0,2025-08-17,under,0.05925147500638295,1.8333333333333335,0.8333333333333335,1.0,False,False,False
2362,66bca6b6fd4d194ae5eb2aa4ba35289f,156,Sophie Cunningham,sophiecunningham,IND,rebounds,3.5,-114.0,-114.0,10,10,2025-08-16 05:47:14+00:00,2025-08-16 05:47:14+00:00,2025-08-16 05:47:14+00:00,2025-08-17 17:00:00+00:00,0.0,2025-08-17,2025,REG,CON,IND,1.0654205607476634,True,,0.5000000000000001,401736329,3907781,5,18,0,True,False,matched,1.0,2025-08-17,under,0.05533214273385545,1.8771929824561404,0.8771929824561404,1.0,False,False,False
2365,15da29c0ce7580007f27e188a779fc09,54,Satou Sabally,satousabally,NYL,assists,2.5,-146.0,110.0,10,10,2025-08-16 05:47:15+00:00,2025-08-16 05:47:15+00:00,2025-08-16 05:47:15+00:00,2025-08-17 22:00:00+00:00,0.0,2025-08-17,2025,REG,SEA,PHX,1.0696864111498257,True,,0.5607420039050215,401736331,4281929,11,14,0,True,False,matched,2.0,2025-08-17,under,0.1845854664965244,2.1,1.1,1.0,False,False,False
2365,3b8a29ba465bee0538e664dbada9db07,155,Kahleah Copper,kahleahcopper,PHO,points,15.5,-125.0,-104.0,10,10,2025-08-16 05:47:15+00:00,2025-08-16 05:47:15+00:00,2025-08-16 05:47:15+00:00,2025-08-17 22:00:00+00:00,0.0,2025-08-17,2025,REG,SEA,PHX,1.065359477124183,True,,0.5236312520088393,401736331,2998938,11,14,0,True,False,matched,17.0,2025-08-17,under,0.11857661409215436,1.9615384615384617,-1.0,1.0,False,False,False
2365,dd7229bbea128348e0bd37423e5d795f,182,Brittney Sykes,brittneysykes,TOR,points,13.5,-130.0,100.0,10,10,2025-08-16 05:47:15+00:00,2025-08-16 05:47:15+00:00,2025-08-16 05:47:15+00:00,2025-08-17 22:00:00+00:00,0.0,2025-08-17,2025,REG,SEA,PHX,1.065217391304348,True,,0.5336835053940976,401736331,2988756,14,11,1,True,False,matched,11.0,2025-08-17,under,0.11259182217508013,2.0,1.0,1.0,False,False,False
2362,4592037335223fc5aeba16d862217c4e,56,Natasha Howard,natashahoward,MIN,points,12.5,106.0,-138.0,10,10,2025-08-16 05:47:15+00:00,2025-08-16 05:47:15+00:00,2025-08-16 05:47:15+00:00,2025-08-17 17:00:00+00:00,0.0,2025-08-17,2025,REG,CON,IND,1.0652688259769927,True,,0.4512435291926419,401736329,2529130,5,18,0,True,False,matched,18.0,2025-08-17,under,0.1046458110090202,1.7246376811594204,-1.0,1.0,False,False,False
2365,47a5850bcea5cfd75790c66851794d79,175,Skylar Diggins,skylardiggins,CHI,points,13.5,-102.0,-128.0,10,10,2025-08-16 05:47:15+00:00,2025-08-16 05:47:15+00:00,2025-08-16 05:47:15+00:00,2025-08-17 22:00:00+00:00,0.0,2025-08-17,2025,REG,SEA,PHX,1.0663540038214347,True,,0.47082505196940394,401736331,2491205,14,11,1,True,False,matched,14.0,2025-08-17,under,0.10093151764624891,1.78125,-1.0,1.0,False,False,False
2362,ac46c1a1cd20973a64737c8c7125c307,519,Aneesah Morrow,aneesahmorrow,CON,points,9.5,-113.0,-115.0,10,10,2025-08-16 05:47:15+00:00,2025-08-16 05:47:15+00:00,2025-08-16 05:47:15+00:00,2025-08-17 17:00:00+00:00,0.0,2025-08-17,2025,REG,CON,IND,1.0654001528551151,True,,0.49774423259931944,401736329,4684384,18,5,1,True,False,matched,10.0,2025-08-17,under,0.08068611913645085,1.8695652173913042,-1.0,1.0,False,False,False
2362,0770ebede5af58d31eecc694214db561,9,Tina Charles,tinacharles,FA,points,15.5,-114.0,-114.0,10,10,2025-08-16 05:47:15+00:00,2025-08-16 05:47:15+00:00,2025-08-16 05:47:15+00:00,2025-08-17 17:00:00+00:00,0.0,2025-08-17,2025,REG,CON,IND,1.0654205607476634,True,,0.5000000000000001,401736329,918,18,5,1,True,False,matched,21.0,2025-08-17,under,0.056327020057622246,1.8771929824561404,-1.0,1.0,False,False,False
2365,c2053934ab8656a0a620da264f9485d2,176,Ezi Magbegor,ezimagbegor,SEA,rebounds,5.5,110.0,-146.0,10,10,2025-08-16 05:53:05+00:00,2025-08-16 05:53:05+00:00,2025-08-16 05:53:05+00:00,2025-08-17 22:00:00+00:00,0.0,2025-08-17,2025,REG,SEA,PHX,1.0696864111498257,True,,0.4392579960949788,401736331,4420318,14,11,1,True,False,matched,7.0,2025-08-17,over,0.1651954322066519,2.1,1.1,1.0,False,False,False
2365,fc5f8d291c9420a4a4d1cb926b32a68d,45,DeWanna Bonner,dewannabonner,PHO,rebounds,4.5,134.0,-180.0,10,10,2025-08-16 05:53:05+00:00,2025-08-16 05:53:05+00:00,2025-08-16 05:53:05+00:00,2025-08-17 22:00:00+00:00,0.0,2025-08-17,2025,REG,SEA,PHX,1.0702075702075702,True,,0.38834080463047865,401736331,869,11,14,0,True,False,matched,1.0,2025-08-17,over,0.05937463890636818,2.34,-1.0,1.0,False,False,False
2363,01f8624339e0f9632dd45b4f7df6ffe1,84,Julie Allemand,julieallemand,TOR,rebounds,4.5,-148.0,112.0,10,10,2025-08-16 05:58:30+00:00,2025-08-16 05:58:30+00:00,2025-08-16 05:58:30+00:00,2025-08-17 19:00:00+00:00,0.0,2025-08-17,2025,REG,WAS,LAS,1.0684723067559343,True,,0.5647227530167998,401736328,4001679,6,16,0,True,False,matched,2.0,2025-08-17,under,0.4358713353330445,2.12,1.12,1.0,False,False,False
2363,0ae0a7341b731493d410ccef57ff8aee,87,Cameron Brink,cameronbrink,LAS,points,5.5,-114.0,-114.0,10,10,2025-08-16 05:58:30+00:00,2025-08-16 05:58:30+00:00,2025-08-16 05:58:30+00:00,2025-08-17 19:00:00+00:00,0.0,2025-08-17,2025,REG,WAS,LAS,1.0654205607476634,True,,0.5000000000000001,401736328,4433404,6,16,0,True,False,matched,0.0,2025-08-17,under,0.22417727357313172,1.8771929824561404,0.8771929824561404,1.0,False,False,False
2363,40161b3c816a858f1a28141b43aea1c3,101,Kelsey Plum,kelseyplum,LAS,points,18.5,-135.0,104.0,10,10,2025-08-16 05:58:30+00:00,2025-08-16 05:58:30+00:00,2025-08-16 05:58:30+00:00,2025-08-17 19:00:00+00:00,0.0,2025-08-17,2025,REG,WAS,LAS,1.0646641635377556,True,,0.5435125795406177,401736328,3065570,6,16,0,True,False,matched,25.0,2025-08-17,under,0.22392004603874038,2.04,-1.0,1.0,False,False,False
2363,45f9fb439f9640ce976657ec8b4ab752,573,Sonia Citron,soniacitron,WAS,assists,3.5,-108.0,-122.0,10,10,2025-08-16 05:58:30+00:00,2025-08-16 05:58:30+00:00,2025-08-16 05:58:30+00:00,2025-08-17 19:00:00+00:00,0.0,2025-08-17,2025,REG,WAS,LAS,1.0687803187803186,True,,0.48431040390879443,401736328,4433524,16,6,1,True,False,matched,3.0,2025-08-17,under,0.20470290321310392,1.819672131147541,0.819672131147541,1.0,False,False,False
2363,31cc8aef383fb34b09bea2196d1ca691,94,Rickea Jackson,rickeajackson,CHI,points,15.5,-118.0,-110.0,10,10,2025-08-16 05:58:30+00:00,2025-08-16 05:58:30+00:00,2025-08-16 05:58:30+00:00,2025-08-17 19:00:00+00:00,0.0,2025-08-17,2025,REG,WAS,LAS,1.0650939274792486,True,,0.5090245232268319,401736328,4433630,6,16,0,True,False,matched,17.0,2025-08-17,under,0.16643962896917702,1.9090909090909092,-1.0,1.0,False,False,False
2363,b9e698bf0cdb29286dee43c7bd7bb3f3,89,Dearica Hamby,dearicahamby,LAS,assists,2.5,-182.0,136.0,10,10,2025-08-16 05:58:30+00:00,2025-08-16 05:58:30+00:00,2025-08-16 05:58:30+00:00,2025-08-17 19:00:00+00:00,0.0,2025-08-17,2025,REG,WAS,LAS,1.0691188844813078,True,,0.6147799949652675,401736328,2566106,6,16,0,True,False,matched,7.0,2025-08-17,under,0.1476738562226413,2.3600000000000003,-1.0,1.0,False,False,False
2363,269899fd29e5b89f152b846a71f81f0c,149,Sug Sutton,sugsutton,DAL,points,9.5,-108.0,-120.0,10,10,2025-08-16 05:58:30+00:00,2025-08-16 05:58:30+00:00,2025-08-16 05:58:30+00:00,2025-08-17 19:00:00+00:00,0.0,2025-08-17,2025,REG,WAS,LAS,1.0646853146853146,True,,0.48646030463369283,401736328,4068159,16,6,1,True,False,matched,8.0,2025-08-17,under,0.1469079797922354,1.8333333333333335,0.8333333333333335,1.0,False,False,False
2363,f3463b7171b261164670c6b50ddab17b,82,Azura Stevens,azurastevens,CHI,points,13.5,100.0,-130.0,10,10,2025-08-16 05:58:30+00:00,2025-08-16 05:58:30+00:00,2025-08-16 05:58:30+00:00,2025-08-17 19:00:00+00:00,0.0,2025-08-17,2025,REG,WAS,LAS,1.065217391304348,True,,0.4663164946059025,401736328,3142010,6,16,0,True,False,matched,6.0,2025-08-17,under,0.06194031460525967,1.7692307692307692,0.7692307692307692,1.0,False,False,False
2363,cfd835aa2390f65c1c7ca759a895c74e,572,Kiki Iriafen,kikiiriafen,WAS,rebounds,9.5,-108.0,-122.0,10,10,2025-08-16 05:58:31+00:00,2025-08-16 05:58:31+00:00,2025-08-16 05:58:31+00:00,2025-08-17 19:00:00+00:00,0.0,2025-08-17,2025,REG,WAS,LAS,1.0687803187803186,True,,0.48431040390879443,401736328,4898384,16,6,1,True,False,matched,10.0,2025-08-17,under,0.24182083435869578,1.819672131147541,-1.0,1.0,False,False,False
2366,ee8a6d5ebc320039495291929b173035,120,Cecilia Zandalasini,ceciliazandalasini,GSV,points,13.5,-113.0,-115.0,10,10,2025-08-16 05:58:32+00:00,2025-08-16 05:58:32+00:00,2025-08-16 05:58:32+00:00,2025-08-18 00:30:00+00:00,0.0,2025-08-17,2025,REG,GSV,ATL,1.0654001528551151,True,,0.49774423259931944,401736332,4257500,129689,20,1,True,False,matched,11.0,2025-08-17,under,0.3032550296391495,1.8695652173913042,0.8695652173913042,1.0,False,False,False
2366,a18005aab3be3a64c5a660fd48e477d3,15,Rhyne Howard,rhynehoward,ATL,rebounds,3.5,-168.0,126.0,10,10,2025-08-16 05:58:32+00:00,2025-08-16 05:58:32+00:00,2025-08-16 05:58:32+00:00,2025-08-18 00:30:00+00:00,0.0,2025-08-17,2025,REG,GSV,ATL,1.0693435477479856,True,,0.5954775535118485,401736332,4398674,20,129689,0,True,False,matched,5.0,2025-08-17,under,0.23895977210812835,2.26,-1.0,1.0,False,False,False
2366,07cf000142f6d8c3a2b1a2083d2cd0a4,1,Allisha Gray,allishagray,ATL,assists,3.5,-122.0,-108.0,10,10,2025-08-16 05:58:32+00:00,2025-08-16 05:58:32+00:00,2025-08-16 05:58:32+00:00,2025-08-18 00:30:00+00:00,0.0,2025-08-17,2025,REG,GSV,ATL,1.0687803187803186,True,,0.5156895960912058,401736332,3058901,20,129689,0,True,False,matched,4.0,2025-08-17,under,0.21395326222307687,1.925925925925926,-1.0,1.0,False,False,False
2366,4c2325968038f0952aff2f294c167878,49,Brionna Jones,brionnajones,ATL,points,11.5,-106.0,-122.0,10,10,2025-08-16 05:58:32+00:00,2025-08-16 05:58:32+00:00,2025-08-16 05:58:32+00:00,2025-08-18 00:30:00+00:00,0.0,2025-08-17,2025,REG,GSV,ATL,1.064112656345666,True,,0.4819416314468661,401736332,3058895,20,129689,0,True,False,matched,13.0,2025-08-17,under,0.10469323032441408,1.819672131147541,-1.0,1.0,False,False,False
2366,42474bc0510581bb1468c798d5710bbc,221,Tiffany Hayes,tiffanyhayes,GSV,points,12.5,100.0,-130.0,10,10,2025-08-16 05:58:32+00:00,2025-08-16 05:58:32+00:00,2025-08-16 05:58:32+00:00,2025-08-18 00:30:00+00:00,0.0,2025-08-17,2025,REG,GSV,ATL,1.065217391304348,True,,0.4663164946059025,401736332,1054,129689,20,1,True,False,matched,4.0,2025-08-17,under,0.07640615870803363,1.7692307692307692,0.7692307692307692,1.0,False,False,False
2366,88cd132171417133b01b8bf2dec4a6dc,537,Janelle Salaun,janellesalaun,GSV,points,11.5,-102.0,-128.0,10,10,2025-08-16 05:58:32+00:00,2025-08-16 05:58:32+00:00,2025-08-16 05:58:32+00:00,2025-08-18 00:30:00+00:00,0.0,2025-08-17,2025,REG,GSV,ATL,1.0663540038214347,True,,0.47082505196940394,401736332,4790264,129689,20,1,True,False,matched,5.0,2025-08-17,under,0.07085304452526353,1.78125,0.78125,1.0,False,False,False
2364,4b1260dad00162f6498a782f0ca8e20f,103,A'ja Wilson,ajawilson,LVA,rebounds,11.5,-132.0,100.0,10,10,2025-08-16 06:51:25+00:00,2025-08-16 06:51:25+00:00,2025-08-16 06:51:25+00:00,2025-08-17 19:30:00+00:00,0.0,2025-08-17,2025,REG,LVA,DAL,1.0689655172413794,True,,0.5356937238338165,401736330,3149391,17,3,1,True,False,matched,8.0,2025-08-17,under,0.20815851814592584,2.0,1.0,1.0,False,False,False
2364,0df3832037eb01ba2ea2d6a36261752e,166,Jewell Loyd,jewellloyd,LVA,threes,1.5,-188.0,140.0,10,10,2025-08-16 06:51:25+00:00,2025-08-16 06:51:25+00:00,2025-08-16 06:51:25+00:00,2025-08-17 19:30:00+00:00,0.0,2025-08-17,2025,REG,LVA,DAL,1.0694444444444444,True,,0.6222928210344938,401736330,2987869,17,3,1,True,False,matched,4.0,2025-08-17,under,0.06633965454469282,2.4,-1.0,1.0,False,False,False
2364,507e0bba96e655c380b2b94b27763829,107,Chelsea Gray,chelseagray,LVA,points,10.5,-106.0,-122.0,10,10,2025-08-16 06:51:25+00:00,2025-08-16 06:51:25+00:00,2025-08-16 06:51:25+00:00,2025-08-17 19:30:00+00:00,0.0,2025-08-17,2025,REG,LVA,DAL,1.064112656345666,True,,0.4819416314468661,401736330,2529122,17,3,1,True,False,matched,10.0,2025-08-17,under,0.05197831219824267,1.819672131147541,0.819672131147541,1.0,False,False,False
2364,448073b69582152c559ba69f71aa86cb,528,Paige Bueckers,paigebueckers,DAL,points,18.5,-130.0,100.0,10,10,2025-08-16 06:57:01+00:00,2025-08-16 06:57:01+00:00,2025-08-16 06:57:01+00:00,2025-08-17 19:30:00+00:00,0.0,2025-08-17,2025,REG,LVA,DAL,1.065217391304348,True,,0.5336835053940976,401736330,4433730,3,17,0,True,False,matched,18.0,2025-08-17,under,0.2044248861758977,2.0,1.0,1.0,False,False,False
2364,cb144173bc026a921fb4306e08fce6c1,61,Maddy Siegrist,maddysiegrist,DAL,points,13.5,-125.0,-104.0,10,10,2025-08-16 13:20:57+00:00,2025-08-16 13:20:57+00:00,2025-08-16 13:20:57+00:00,2025-08-17 19:30:00+00:00,0.0,2025-08-17,2025,REG,LVA,DAL,1.065359477124183,True,,0.5236312520088393,401736330,4399415,3,17,0,True,False,matched,23.0,2025-08-17,under,0.2979745863654067,1.9615384615384617,-1.0,1.0,False,False,False
2363,91d01ec24bb4736134cc249bb8619e93,196,Shakira Austin,shakiraaustin,WAS,rebounds,6.5,-152.0,114.0,10,10,2025-08-16 22:56:44+00:00,2025-08-16 22:56:44+00:00,2025-08-16 22:56:44+00:00,2025-08-17 19:00:00+00:00,0.0,2025-08-17,2025,REG,WAS,LAS,1.0704643228007713,True,,0.5703965275254933,401736328,4398911,16,6,1,True,False,matched,6.0,2025-08-17,under,0.20030701479430574,2.1399999999999997,1.1399999999999997,1.0,False,False,False
2366,1138969a2b2d65b9c50dcdd8499daa5e,148,Brittney Griner,brittneygriner,CON,points,8.5,-113.0,-115.0,10,10,2025-08-17 00:16:20+00:00,2025-08-17 00:16:20+00:00,2025-08-17 00:16:20+00:00,2025-08-18 00:30:00+00:00,0.0,2025-08-17,2025,REG,GSV,ATL,1.0654001528551151,True,,0.49774423259931944,401736332,2490553,20,129689,0,True,False,matched,8.0,2025-08-17,under,0.11568610407249891,1.8695652173913042,0.8695652173913042,1.0,False,False,False
2364,d73d26fb7e5d562fe93911768af3a36a,529,Luisa Geiselsoder,luisageiselsoder,PDX,points,9.5,182.0,-256.0,60,60,2025-08-17 13:58:48+00:00,2025-08-17 13:58:48+00:00,2025-08-17 13:58:48+00:00,2025-08-17 19:30:00+00:00,0.0,2025-08-17,2025,REG,LVA,DAL,1.0737110526735196,True,,0.3105869476001152,401736330,4682797,3,17,0,True,False,matched,7.0,2025-08-17,under,0.059783160634458404,1.390625,0.390625,1.0,False,False,False
2364,5f49c5f5eae8adefa38a2553437ec243,73,NaLyssa Smith,nalyssasmith,LVA,rebounds,7.5,176.0,-250.0,60,60,2025-08-17 14:34:27+00:00,2025-08-17 14:34:27+00:00,2025-08-17 14:34:27+00:00,2025-08-17 19:30:00+00:00,0.0,2025-08-17,2025,REG,LVA,DAL,1.0766045548654244,True,,0.3167998540727221,401736330,4398776,17,3,1,True,False,matched,4.0,2025-08-17,over,0.09979222767378326,2.76,-1.0,1.0,False,False,False
2362,b5a6b46ac3f15d4035983efd16dec6db,293,Odyssey Sims,odysseysims,DAL,assists,5.5,165.0,-217.0,60,60,2025-08-17 16:55:47+00:00,2025-08-17 16:55:47+00:00,2025-08-17 16:55:47+00:00,2025-08-17 17:00:00+00:00,0.0,2025-08-17,2025,REG,CON,IND,1.0619010773168265,True,,0.34151668831412246,401736329,2529047,5,18,0,True,False,matched,7.0,2025-08-17,under,0.2313899024235068,1.4608294930875576,-1.0,1.0,False,False,False
2366,e505c9c0e74254cbf037290644aaad09,16,Naz Hillmon,nazhillmon,ATL,rebounds,7.5,-130.0,-102.0,10,10,2025-08-17 21:16:12+00:00,2025-08-17 21:16:12+00:00,2025-08-17 21:16:12+00:00,2025-08-18 00:30:00+00:00,0.0,2025-08-17,2025,REG,GSV,ATL,1.0701678863538528,True,,0.5312123494364493,401736332,4398915,20,129689,0,True,False,matched,5.0,2025-08-17,under,0.3287620080096355,1.9803921568627452,0.9803921568627452,1.0,False,False,False
2366,c16b19a692a04ce36763b5608c00335b,55,Veronica Burton,veronicaburton,GSV,threes,1.5,142.0,-194.0,10,10,2025-08-17 22:15:34+00:00,2025-08-17 22:15:34+00:00,2025-08-17 22:15:34+00:00,2025-08-18 00:30:00+00:00,0.0,2025-08-17,2025,REG,GSV,ATL,1.073087086074099,True,,0.3719798187774044,401736332,4398935,129689,20,1,True,False,matched,1.0,2025-08-17,over,0.07657124054583186,2.42,-1.0,1.0,False,False,False
2371,1cf497be4c3b750023f509283153c905,103,A'ja Wilson,ajawilson,LVA,points,24.5,-118.0,-110.0,10,10,2025-08-18 04:34:25+00:00,2025-08-18 04:34:25+00:00,2025-08-18 04:34:25+00:00,2025-08-20 02:00:00+00:00,0.0,2025-08-19,2025,REG,LVA,ATL,1.0650939274792486,True,,0.5090245232268319,401736336,3149391,17,20,1,True,False,matched,32.0,2025-08-19,under,0.2789189701130321,1.9090909090909092,-1.0,1.0,False,False,False
2371,8b4ec17064c754a619871e85b59f03c6,15,Rhyne Howard,rhynehoward,ATL,rebounds,3.5,-144.0,108.0,10,10,2025-08-18 04:34:25+00:00,2025-08-18 04:34:25+00:00,2025-08-18 04:34:25+00:00,2025-08-20 02:00:00+00:00,0.0,2025-08-19,2025,REG,LVA,ATL,1.0709331651954601,True,,0.5566845205396996,401736336,4398674,20,17,0,True,False,matched,3.0,2025-08-19,under,0.1674147456053679,2.08,1.08,1.0,False,False,False
2371,3090de123abda3e4753c335ae2150e7e,102,Jackie Young,jackieyoung,LVA,points,16.5,-104.0,-125.0,10,10,2025-08-18 04:34:25+00:00,2025-08-18 04:34:25+00:00,2025-08-18 04:34:25+00:00,2025-08-20 02:00:00+00:00,0.0,2025-08-19,2025,REG,LVA,ATL,1.065359477124183,True,,0.4763687479911608,401736336,4065870,17,20,1,True,False,matched,16.0,2025-08-19,under,0.13998257746361437,1.8,0.8,1.0,False,False,False
2371,446d98c008858e771e709a1da0f7df2f,166,Jewell Loyd,jewellloyd,LVA,points,11.5,-125.0,-104.0,10,10,2025-08-18 04:39:41+00:00,2025-08-18 04:39:41+00:00,2025-08-18 04:39:41+00:00,2025-08-20 02:00:00+00:00,0.0,2025-08-19,2025,REG,LVA,ATL,1.065359477124183,True,,0.5236312520088393,401736336,2987869,17,20,1,True,False,matched,7.0,2025-08-19,under,0.10725957101173184,1.9615384615384617,0.9615384615384617,1.0,False,False,False
2371,a53defb9150fd5181034319d06551c3c,107,Chelsea Gray,chelseagray,LVA,assists,5.5,118.0,-158.0,10,10,2025-08-18 04:39:42+00:00,2025-08-18 04:39:42+00:00,2025-08-18 04:39:42+00:00,2025-08-20 02:00:00+00:00,0.0,2025-08-19,2025,REG,LVA,ATL,1.0711186971054691,True,,0.42034729080094674,401736336,2529122,17,20,1,True,False,matched,11.0,2025-08-19,over,0.19835499701600068,2.1799999999999997,1.1799999999999997,1.0,False,False,False
2367,9d2662e1bd295e524d1ad2dd4e2d781d,233,Emma Meesseman,emmameesseman,FA,points,13.5,-120.0,-110.0,10,10,2025-08-18 04:48:58+00:00,2025-08-18 04:48:58+00:00,2025-08-18 04:48:58+00:00,2025-08-19 23:00:00+00:00,0.0,2025-08-19,2025,REG,NYL,MIN,1.0692640692640691,True,,0.5112040114787568,401736333,3027368,9,8,1,True,False,matched,13.0,2025-08-19,under,0.12629745102842477,1.9090909090909092,0.9090909090909092,1.0,False,False,False
2367,f35080b5b9f67420faf171f4bbe16949,141,Jonquel Jones,jonqueljones,NYL,rebounds,8.5,-108.0,-122.0,10,10,2025-08-18 04:48:58+00:00,2025-08-18 04:48:58+00:00,2025-08-18 04:48:58+00:00,2025-08-19 23:00:00+00:00,0.0,2025-08-19,2025,REG,NYL,MIN,1.0687803187803186,True,,0.48431040390879443,401736333,2999101,9,8,1,True,False,matched,10.0,2025-08-19,under,0.08847987297098919,1.819672131147541,-1.0,1.0,False,False,False
2367,122a11aa5e37fe1c466c078d8f2440e3,163,Natasha Cloud,natashacloud,CHI,points,9.5,-115.0,-113.0,10,10,2025-08-18 04:48:58+00:00,2025-08-18 04:48:58+00:00,2025-08-18 04:48:58+00:00,2025-08-19 23:00:00+00:00,0.0,2025-08-19,2025,REG,NYL,MIN,1.0654001528551151,True,,0.5022557674006809,401736333,2529137,9,8,1,True,False,matched,10.0,2025-08-19,under,0.08275703828829767,1.8849557522123894,-1.0,1.0,False,False,False
2367,eb0b34e59d35318a7b9f88e41a2dc1c1,125,Kayla McBride,kaylamcbride,MIN,threes,2.5,-130.0,-102.0,10,10,2025-08-18 04:55:09+00:00,2025-08-18 04:55:09+00:00,2025-08-18 04:55:09+00:00,2025-08-19 23:00:00+00:00,0.0,2025-08-19,2025,REG,NYL,MIN,1.0701678863538528,True,,0.5312123494364493,401736333,2529205,8,9,0,True,False,matched,1.0,2025-08-19,under,0.20292017113361016,1.9803921568627452,0.9803921568627452,1.0,False,False,False
2367,dff21b7358c26fb25430732eb2bc1f92,117,Courtney Williams,courtneywilliams,MIN,points,14.5,-128.0,-102.0,10,10,2025-08-18 04:55:09+00:00,2025-08-18 04:55:09+00:00,2025-08-18 04:55:09+00:00,2025-08-19 23:00:00+00:00,0.0,2025-08-19,2025,REG,NYL,MIN,1.0663540038214347,True,,0.5291749480305961,401736333,2987891,8,9,0,True,False,matched,17.0,2025-08-19,under,0.12831414830756732,1.9803921568627452,-1.0,1.0,False,False,False
2367,866418474a51c00a99132fad7a5e5f4d,121,Alanna Smith,alannasmith,DAL,threes,1.5,100.0,-132.0,10,10,2025-08-18 04:55:09+00:00,2025-08-18 04:55:09+00:00,2025-08-18 04:55:09+00:00,2025-08-19 23:00:00+00:00,0.0,2025-08-19,2025,REG,NYL,MIN,1.0689655172413794,True,,0.46430627616618364,401736333,3913881,8,9,0,True,False,matched,0.0,2025-08-19,under,0.10735583945766686,1.7575757575757576,0.7575757575757576,1.0,False,False,False
2367,ac30d3ca29981adc409f36133a838ee1,116,Jessica Shepard,jessicashepard,DAL,rebounds,8.5,112.0,-148.0,10,10,2025-08-18 04:55:09+00:00,2025-08-18 04:55:09+00:00,2025-08-18 04:55:09+00:00,2025-08-19 23:00:00+00:00,0.0,2025-08-19,2025,REG,NYL,MIN,1.0684723067559343,True,,0.43527724698320036,401736333,3906949,8,9,0,True,False,matched,10.0,2025-08-19,under,0.07237757259041666,1.6756756756756757,-1.0,1.0,False,False,False
2369,4f0e316f273da21d8024e8dcd28685f5,208,Gabby Williams,gabbywilliams,GSV,assists,4.5,-106.0,-125.0,10,10,2025-08-18 05:00:12+00:00,2025-08-18 05:00:12+00:00,2025-08-18 05:00:12+00:00,2025-08-20 00:00:00+00:00,0.0,2025-08-19,2025,REG,CHI,SEA,1.070118662351672,True,,0.4787708928615623,401736335,3142328,14,19,0,True,False,matched,5.0,2025-08-19,under,0.2504339513123449,1.8,-1.0,1.0,False,False,False
2369,42530bfdc10dbb4ee7a89502a6d131a6,182,Brittney Sykes,brittneysykes,TOR,rebounds,3.5,-136.0,102.0,10,10,2025-08-18 05:00:12+00:00,2025-08-18 05:00:12+00:00,2025-08-18 05:00:12+00:00,2025-08-20 00:00:00+00:00,0.0,2025-08-19,2025,REG,CHI,SEA,1.071320691391173,True,,0.5420932924427202,401736335,2988756,14,19,0,True,False,matched,4.0,2025-08-19,under,0.17153267353366453,2.02,-1.0,1.0,False,False,False
2369,fafae4ab4472487e78a660ab7eb80d00,30,Kamilla Cardoso,kamillacardoso,CHI,rebounds,10.5,-106.0,-125.0,10,10,2025-08-18 05:00:12+00:00,2025-08-18 05:00:12+00:00,2025-08-18 05:00:12+00:00,2025-08-20 00:00:00+00:00,0.0,2025-08-19,2025,REG,CHI,SEA,1.070118662351672,True,,0.4787708928615623,401736335,4433405,19,14,1,True,False,matched,6.0,2025-08-19,under,0.15706275591026175,1.8,0.8,1.0,False,False,False
2369,fb957826c13a77a4c9b0d74d6a71cd0d,175,Skylar Diggins,skylardiggins,CHI,points,14.5,-110.0,-120.0,10,10,2025-08-18 05:00:12+00:00,2025-08-18 05:00:12+00:00,2025-08-18 05:00:12+00:00,2025-08-20 00:00:00+00:00,0.0,2025-08-19,2025,REG,CHI,SEA,1.0692640692640691,True,,0.4887959885212434,401736335,2491205,14,19,0,True,False,matched,24.0,2025-08-19,under,0.14460649490138777,1.8333333333333335,-1.0,1.0,False,False,False
2369,6ca2ced74ef789212cf0744f3a1e69fd,180,Nneka Ogwumike,nnekaogwumike,LAS,rebounds,7.5,-104.0,-128.0,10,10,2025-08-18 05:00:12+00:00,2025-08-18 05:00:12+00:00,2025-08-18 05:00:12+00:00,2025-08-20 00:00:00+00:00,0.0,2025-08-19,2025,REG,CHI,SEA,1.0712074303405572,True,,0.4732611100971195,401736335,1068,14,19,0,True,False,matched,6.0,2025-08-19,under,0.11717493442175464,1.78125,0.78125,1.0,False,False,False
2369,78e38df29724e0ef0d2ebb05235cd5cf,33,Elizabeth Williams,elizabethwilliams,CHI,points,10.5,-108.0,-120.0,10,10,2025-08-18 05:00:13+00:00,2025-08-18 05:00:13+00:00,2025-08-18 05:00:13+00:00,2025-08-20 00:00:00+00:00,0.0,2025-08-19,2025,REG,CHI,SEA,1.0646853146853146,True,,0.48646030463369283,401736335,2566081,19,14,1,True,False,matched,10.0,2025-08-19,under,0.06065499826400644,1.8333333333333335,0.8333333333333335,1.0,False,False,False
2368,a8c7484c188a2a25bebb9c30ba5ec948,573,Sonia Citron,soniacitron,WAS,assists,3.5,110.0,-146.0,10,10,2025-08-18 05:05:22+00:00,2025-08-18 05:05:22+00:00,2025-08-18 05:05:22+00:00,2025-08-19 23:30:00+00:00,0.0,2025-08-19,2025,REG,WAS,CON,1.0696864111498257,True,,0.4392579960949788,401736334,4433524,16,18,1,True,False,matched,3.0,2025-08-19,under,0.21264898097078294,1.6849315068493151,0.6849315068493151,1.0,False,False,False
2368,69dc0f2f32db81f448ed0384577b2378,196,Shakira Austin,shakiraaustin,WAS,rebounds,6.5,108.0,-144.0,10,10,2025-08-18 05:05:22+00:00,2025-08-18 05:05:22+00:00,2025-08-18 05:05:22+00:00,2025-08-19 23:30:00+00:00,0.0,2025-08-19,2025,REG,WAS,CON,1.0709331651954601,True,,0.4433154794603006,401736334,4398911,16,18,1,True,False,matched,7.0,2025-08-19,over,0.07787173408517939,2.08,1.08,1.0,False,False,False
2368,9099c08a3cd8532db173fc72bccacba5,22,Marina Mabrey,marinamabrey,TOR,points,15.5,102.0,-132.0,10,10,2025-08-18 05:05:22+00:00,2025-08-18 05:05:22+00:00,2025-08-18 05:05:22+00:00,2025-08-19 23:30:00+00:00,0.0,2025-08-19,2025,REG,WAS,CON,1.0640150221918745,True,,0.4618487426836327,401736334,3904576,18,16,0,True,False,matched,9.0,2025-08-19,under,0.07364730944801151,1.7575757575757576,0.7575757575757576,1.0,False,False,False
2368,019b26f55554641c509ba96f2586b43e,572,Kiki Iriafen,kikiiriafen,WAS,points,14.5,-115.0,-113.0,10,10,2025-08-18 05:05:23+00:00,2025-08-18 05:05:23+00:00,2025-08-18 05:05:23+00:00,2025-08-19 23:30:00+00:00,0.0,2025-08-19,2025,REG,WAS,CON,1.0654001528551151,True,,0.5022557674006809,401736334,4898384,16,18,1,True,False,matched,9.0,2025-08-19,under,0.12103107446429995,1.8849557522123894,0.8849557522123894,1.0,False,False,False
2368,7202b62ef0f2fc83eb469fd42491a926,9,Tina Charles,tinacharles,FA,points,15.5,-114.0,-114.0,10,10,2025-08-18 05:05:23+00:00,2025-08-18 05:05:23+00:00,2025-08-18 05:05:23+00:00,2025-08-19 23:30:00+00:00,0.0,2025-08-19,2025,REG,WAS,CON,1.0654205607476634,True,,0.5000000000000001,401736334,918,18,16,0,True,False,matched,13.0,2025-08-19,under,0.08755192983592791,1.8771929824561404,0.8771929824561404,1.0,False,False,False
2370,09ae41bde806931e4e3097064f3a289f,40,Alyssa Thomas,alyssathomas,PHO,assists,8.5,-122.0,-108.0,10,10,2025-08-18 05:21:22+00:00,2025-08-18 05:21:22+00:00,2025-08-18 05:21:22+00:00,2025-08-20 02:00:00+00:00,0.0,2025-08-19,2025,REG,GSV,PHX,1.0687803187803186,True,,0.5156895960912058,401736337,2529140,11,129689,0,True,False,matched,8.0,2025-08-19,under,0.36234543782935946,1.925925925925926,0.925925925925926,1.0,False,False,False
2370,9f280773fa89696664a03de98fe82d74,55,Veronica Burton,veronicaburton,GSV,threes,1.5,162.0,-220.0,10,10,2025-08-18 05:21:22+00:00,2025-08-18 05:21:22+00:00,2025-08-18 05:21:22+00:00,2025-08-20 02:00:00+00:00,0.0,2025-08-19,2025,REG,GSV,PHX,1.069179389312977,True,,0.3415656920936278,401736337,4398935,129689,11,1,True,False,matched,2.0,2025-08-19,over,0.21195892932917215,2.62,1.62,1.0,False,False,False
2370,136d34985c5631639c8cccd4ff615f7f,54,Satou Sabally,satousabally,NYL,points,15.5,-128.0,-102.0,10,10,2025-08-18 05:21:22+00:00,2025-08-18 05:21:22+00:00,2025-08-18 05:21:22+00:00,2025-08-20 02:00:00+00:00,0.0,2025-08-19,2025,REG,GSV,PHX,1.0663540038214347,True,,0.5291749480305961,401736337,4281929,11,129689,0,True,False,matched,17.0,2025-08-19,under,0.20625154572341853,1.9803921568627452,-1.0,1.0,False,False,False
2370,20231cdb531bfac7e235effb537164bc,155,Kahleah Copper,kahleahcopper,PHO,points,15.5,-125.0,-104.0,10,10,2025-08-18 05:21:23+00:00,2025-08-18 05:21:23+00:00,2025-08-18 05:21:23+00:00,2025-08-20 02:00:00+00:00,0.0,2025-08-19,2025,REG,GSV,PHX,1.065359477124183,True,,0.5236312520088393,401736337,2998938,11,129689,0,True,False,matched,25.0,2025-08-19,under,0.2037958509899812,1.9615384615384617,-1.0,1.0,False,False,False
2372,d1cd81f56287e691872fc23109c421de,87,Cameron Brink,cameronbrink,LAS,rebounds,4.5,134.0,-180.0,10,10,2025-08-18 17:46:33+00:00,2025-08-18 17:46:33+00:00,2025-08-18 17:46:33+00:00,2025-08-21 02:00:00+00:00,0.0,2025-08-20,2025,REG,LAS,DAL,1.0702075702075702,True,,0.38834080463047865,401736338,4433404,6,3,1,True,False,matched,8.0,2025-08-20,under,0.08960272513868639,1.5555555555555556,-1.0,1.0,False,False,False
2372,ebb7b673ac6e75542972f7689069cd68,528,Paige Bueckers,paigebueckers,DAL,assists,5.5,120.0,-160.0,10,10,2025-08-18 17:46:33+00:00,2025-08-18 17:46:33+00:00,2025-08-18 17:46:33+00:00,2025-08-21 02:00:00+00:00,0.0,2025-08-20,2025,REG,LAS,DAL,1.06993006993007,True,,0.41669493857595097,401736338,4433730,3,6,0,True,False,matched,3.0,2025-08-20,under,0.06243226970244842,1.625,0.625,1.0,False,False,False
2367,2f658ae7f34f96c2c65b163d5eda2961,147,Leonie Fiebich,leoniefiebich,NYL,rebounds,3.5,116.0,-154.0,10,10,2025-08-19 00:46:55+00:00,2025-08-19 00:46:55+00:00,2025-08-19 00:46:55+00:00,2025-08-19 23:00:00+00:00,0.0,2025-08-19,2025,REG,NYL,MIN,1.0692621755613883,True,,0.425792012343204,401736333,4683006,9,8,1,True,False,matched,5.0,2025-08-19,over,0.06992305684769817,2.16,1.1600000000000001,1.0,False,False,False
2370,8151ec8eaadb50de7051e70c153ba721,45,DeWanna Bonner,dewannabonner,PHO,points,10.5,-125.0,-104.0,10,10,2025-08-19 01:01:46+00:00,2025-08-19 01:01:46+00:00,2025-08-19 01:01:46+00:00,2025-08-20 02:00:00+00:00,0.0,2025-08-19,2025,REG,GSV,PHX,1.065359477124183,True,,0.5236312520088393,401736337,869,11,129689,0,True,False,matched,12.0,2025-08-19,under,0.13065243465592885,1.9615384615384617,-1.0,1.0,False,False,False
2372,c836a3cb7650e532e0591207e51c5e31,101,Kelsey Plum,kelseyplum,LAS,points,19.5,-118.0,-110.0,10,10,2025-08-19 01:25:32+00:00,2025-08-19 01:25:32+00:00,2025-08-19 01:25:32+00:00,2025-08-21 02:00:00+00:00,0.0,2025-08-20,2025,REG,LAS,DAL,1.0650939274792486,True,,0.5090245232268319,401736338,3065570,6,3,1,True,False,matched,20.0,2025-08-20,under,0.09047712124633395,1.9090909090909092,-1.0,1.0,False,False,False
2372,2992b6dd07eff45e057dc3a841c3013e,10,Haley Jones,haleyjones,DAL,points,8.5,-114.0,-114.0,10,10,2025-08-19 01:25:33+00:00,2025-08-19 01:25:33+00:00,2025-08-19 01:25:33+00:00,2025-08-21 02:00:00+00:00,0.0,2025-08-20,2025,REG,LAS,DAL,1.0654205607476634,True,,0.5000000000000001,401736338,4595910,3,6,0,True,False,matched,3.0,2025-08-20,under,0.20978513425113948,1.8771929824561404,0.8771929824561404,1.0,False,False,False
2372,550a5f7950565c536f9b18ae5552fede,61,Maddy Siegrist,maddysiegrist,DAL,points,13.5,-128.0,-102.0,10,10,2025-08-19 01:25:33+00:00,2025-08-19 01:25:33+00:00,2025-08-19 01:25:33+00:00,2025-08-21 02:00:00+00:00,0.0,2025-08-20,2025,REG,LAS,DAL,1.0663540038214347,True,,0.5291749480305961,401736338,4399415,3,6,0,True,False,matched,13.0,2025-08-20,under,0.19585015217135482,1.9803921568627452,0.9803921568627452,1.0,False,False,False
2372,cb77ef75abbe647ec293046150fb3316,82,Azura Stevens,azurastevens,CHI,rebounds,6.5,-154.0,116.0,10,10,2025-08-19 01:25:33+00:00,2025-08-19 01:25:33+00:00,2025-08-19 01:25:33+00:00,2025-08-21 02:00:00+00:00,0.0,2025-08-20,2025,REG,LAS,DAL,1.0692621755613883,True,,0.574207987656796,401736338,3142010,6,3,1,True,False,matched,8.0,2025-08-20,under,0.08503530075766796,2.16,-1.0,1.0,False,False,False
2372,95b1ae86e383afc4ef1ae1dd734e6952,84,Julie Allemand,julieallemand,TOR,rebounds,4.5,102.0,-136.0,10,10,2025-08-19 01:30:20+00:00,2025-08-19 01:30:20+00:00,2025-08-19 01:30:20+00:00,2025-08-21 02:00:00+00:00,0.0,2025-08-20,2025,REG,LAS,DAL,1.071320691391173,True,,0.4579067075572801,401736338,4001679,6,3,1,True,False,matched,3.0,2025-08-20,under,0.2037584719364523,1.7352941176470589,0.7352941176470589,1.0,False,False,False
2368,a7ab479def3e7e825968227df6d965a0,519,Aneesah Morrow,aneesahmorrow,CON,rebounds,7.5,105.0,-135.0,12,12,2025-08-19 10:30:43+00:00,2025-08-19 10:30:43+00:00,2025-08-19 10:30:43+00:00,2025-08-19 23:30:00+00:00,0.0,2025-08-19,2025,REG,WAS,CON,1.0622729631551635,True,,0.45531139401703796,401736334,4684384,18,16,0,True,False,matched,4.0,2025-08-19,over,0.11392617225204121,2.05,-1.0,1.0,False,False,False
2369,3e6026af2a2dff5dc8ad233f3921742d,176,Ezi Magbegor,ezimagbegor,SEA,rebounds,5.5,-140.0,110.0,12,12,2025-08-19 10:30:43+00:00,2025-08-19 10:30:43+00:00,2025-08-19 10:30:43+00:00,2025-08-20 00:00:00+00:00,0.0,2025-08-19,2025,REG,CHI,SEA,1.0595238095238093,True,,0.555167954788897,401736335,4420318,14,19,0,True,False,matched,8.0,2025-08-19,under,0.06338824197846438,2.1,-1.0,1.0,False,False,False
2371,1faf6afd169c79e1db8682c674a2ca12,16,Naz Hillmon,nazhillmon,ATL,rebounds,7.5,130.0,-166.0,12,12,2025-08-19 10:36:53+00:00,2025-08-19 10:36:53+00:00,2025-08-19 10:36:53+00:00,2025-08-20 02:00:00+00:00,0.0,2025-08-19,2025,REG,LVA,ATL,1.058842759071592,True,,0.4025592895517053,401736336,4398915,20,17,0,True,False,matched,4.0,2025-08-19,under,0.10370870777179009,1.6024096385542168,0.6024096385542168,1.0,False,False,False
2369,f57ee9317a1a179a539921eb9acb0fb5,26,Angel Reese,angelreese,ATL,points,10.5,-104.0,-125.0,10,10,2025-08-19 16:59:30+00:00,2025-08-19 16:59:30+00:00,2025-08-19 16:59:30+00:00,2025-08-20 00:00:00+00:00,0.0,2025-08-19,2025,REG,CHI,SEA,1.065359477124183,True,,0.4763687479911608,401736335,4433402,19,14,1,True,False,matched,19.0,2025-08-19,over,0.23064238666235498,1.9615384615384617,0.9615384615384617,1.0,False,False,False
2370,0ce631171b623ce5d43d738d695376ed,58,Carla Leite,carlaleite,PDX,points,8.5,-113.0,-115.0,10,10,2025-08-20 01:50:05+00:00,2025-08-20 01:50:05+00:00,2025-08-20 01:50:05+00:00,2025-08-20 02:00:00+00:00,0.0,2025-08-19,2025,REG,GSV,PHX,1.0654001528551151,True,,0.49774423259931944,401736337,5208982,129689,11,1,True,False,matched,15.0,2025-08-19,under,0.37893582904298,1.8695652173913042,-1.0,1.0,False,False,False
2373,0f91502e9827b7597e228345fa41ca5e,196,Shakira Austin,shakiraaustin,WAS,points,13.5,-128.0,-102.0,10,10,2025-08-20 04:27:04+00:00,2025-08-20 04:27:04+00:00,2025-08-20 04:27:04+00:00,2025-08-21 23:00:00+00:00,0.0,2025-08-21,2025,REG,CON,WAS,1.0663540038214347,True,,0.5291749480305961,401736339,4398911,16,18,0,True,False,matched,6.0,2025-08-21,under,0.14331562315226115,1.9803921568627452,0.9803921568627452,1.0,False,False,False
2373,f15abec3a9a6e5623b8e20f49f76eefe,573,Sonia Citron,soniacitron,WAS,points,15.5,-125.0,-104.0,10,10,2025-08-20 04:27:04+00:00,2025-08-20 04:27:04+00:00,2025-08-20 04:27:04+00:00,2025-08-21 23:00:00+00:00,0.0,2025-08-21,2025,REG,CON,WAS,1.065359477124183,True,,0.5236312520088393,401736339,4433524,16,18,0,True,False,matched,15.0,2025-08-21,under,0.1407756603935379,1.9615384615384617,0.9615384615384617,1.0,False,False,False
2373,823b1e4c1091e4f5aa6176d4d39e962f,572,Kiki Iriafen,kikiiriafen,WAS,rebounds,8.5,-152.0,114.0,10,10,2025-08-20 04:27:04+00:00,2025-08-20 04:27:04+00:00,2025-08-20 04:27:04+00:00,2025-08-21 23:00:00+00:00,0.0,2025-08-21,2025,REG,CON,WAS,1.0704643228007713,True,,0.5703965275254933,401736339,4898384,16,18,0,True,False,matched,10.0,2025-08-21,under,0.08512268427038522,2.1399999999999997,-1.0,1.0,False,False,False
2373,150bb4a538fadf97b33d135735d79263,22,Marina Mabrey,marinamabrey,TOR,rebounds,4.5,122.0,-162.0,10,10,2025-08-20 04:27:04+00:00,2025-08-20 04:27:04+00:00,2025-08-20 04:27:04+00:00,2025-08-21 23:00:00+00:00,0.0,2025-08-21,2025,REG,CON,WAS,1.0687710611374732,True,,0.41310819110441305,401736339,3904576,18,16,1,True,False,matched,7.0,2025-08-21,under,0.07540821459114455,1.617283950617284,-1.0,1.0,False,False,False
2373,dd8631608ab4b8c4eceeda90fbd05840,39,Leila Lacan,leilalacan,CON,assists,4.5,-106.0,-125.0,10,10,2025-08-20 04:27:04+00:00,2025-08-20 04:27:04+00:00,2025-08-20 04:27:04+00:00,2025-08-21 23:00:00+00:00,0.0,2025-08-21,2025,REG,CON,WAS,1.070118662351672,True,,0.4787708928615623,401736339,5208981,18,16,1,True,False,matched,5.0,2025-08-21,over,0.06390080103981138,1.9433962264150944,0.9433962264150944,1.0,False,False,False
2373,0399364bb6f59fff2b9d40b265493abd,149,Sug Sutton,sugsutton,DAL,assists,4.5,-114.0,-114.0,10,10,2025-08-20 04:27:04+00:00,2025-08-20 04:27:04+00:00,2025-08-20 04:27:04+00:00,2025-08-21 23:00:00+00:00,0.0,2025-08-21,2025,REG,CON,WAS,1.0654205607476634,True,,0.5000000000000001,401736339,4068159,16,18,0,True,False,matched,6.0,2025-08-21,under,0.05235800199933155,1.8771929824561404,-1.0,1.0,False,False,False
2374,af876899f8c57e3205c6ff1361c7dc19,185,Ariel Atkins,arielatkins,LAS,points,14.5,102.0,-132.0,10,10,2025-08-20 05:27:16+00:00,2025-08-20 05:27:16+00:00,2025-08-20 05:27:16+00:00,2025-08-21 23:00:00+00:00,0.0,2025-08-21,2025,REG,NYL,CHI,1.0640150221918745,True,,0.4618487426836327,401736340,3146151,19,9,0,True,False,matched,19.0,2025-08-21,under,0.2906999718942004,1.7575757575757576,-1.0,1.0,False,False,False
2374,0df02d8958c287fe5a0c6abe1759cf18,233,Emma Meesseman,emmameesseman,FA,points,14.5,-122.0,-106.0,10,10,2025-08-20 05:27:16+00:00,2025-08-20 05:27:16+00:00,2025-08-20 05:27:16+00:00,2025-08-21 23:00:00+00:00,0.0,2025-08-21,2025,REG,NYL,CHI,1.064112656345666,True,,0.518058368553134,401736340,3027368,9,19,1,True,False,matched,5.0,2025-08-21,under,0.14664743023024096,1.9433962264150944,0.9433962264150944,1.0,False,False,False
2374,996adf3e042fe98d04020a22d75acc69,26,Angel Reese,angelreese,ATL,rebounds,12.5,112.0,-148.0,10,10,2025-08-20 05:27:16+00:00,2025-08-20 05:27:16+00:00,2025-08-20 05:27:16+00:00,2025-08-21 23:00:00+00:00,0.0,2025-08-21,2025,REG,NYL,CHI,1.0684723067559343,True,,0.43527724698320036,401736340,4433402,19,9,0,True,False,matched,10.0,2025-08-21,under,0.14078787000362752,1.6756756756756757,0.6756756756756757,1.0,False,False,False
2374,46907761d5c3e8462828a1915f8eac95,132,Sabrina Ionescu,sabrinaionescu,NYL,points,18.5,-115.0,-113.0,10,10,2025-08-20 05:27:16+00:00,2025-08-20 05:27:16+00:00,2025-08-20 05:27:16+00:00,2025-08-21 23:00:00+00:00,0.0,2025-08-21,2025,REG,NYL,CHI,1.0654001528551151,True,,0.5022557674006809,401736340,4066533,9,19,1,True,False,matched,16.0,2025-08-21,under,0.1270885106333946,1.8849557522123894,0.8849557522123894,1.0,False,False,False
2374,e3d7a3c2b526e9f15b7591ebf04c3c79,141,Jonquel Jones,jonqueljones,NYL,points,15.5,-102.0,-128.0,10,10,2025-08-20 05:27:16+00:00,2025-08-20 05:27:16+00:00,2025-08-20 05:27:16+00:00,2025-08-21 23:00:00+00:00,0.0,2025-08-21,2025,REG,NYL,CHI,1.0663540038214347,True,,0.47082505196940394,401736340,2999101,9,19,1,True,False,matched,25.0,2025-08-21,under,0.1030596413442022,1.78125,-1.0,1.0,False,False,False
2374,0294228bd7195b843a7bf6183603b21f,30,Kamilla Cardoso,kamillacardoso,CHI,rebounds,7.5,-138.0,104.0,10,10,2025-08-20 05:27:16+00:00,2025-08-20 05:27:16+00:00,2025-08-20 05:27:16+00:00,2025-08-21 23:00:00+00:00,0.0,2025-08-21,2025,REG,NYL,CHI,1.0700280112044818,True,,0.5464208361470752,401736340,4433405,19,9,0,True,False,matched,15.0,2025-08-21,over,0.07841642393915793,1.7246376811594204,0.7246376811594204,1.0,False,False,False
2376,6054e629fc10e17aeb8cc41b2f65c23e,107,Chelsea Gray,chelseagray,LVA,rebounds,3.5,-152.0,114.0,10,10,2025-08-20 05:46:38+00:00,2025-08-20 05:46:38+00:00,2025-08-20 05:46:38+00:00,2025-08-22 02:00:00+00:00,0.0,2025-08-21,2025,REG,LVA,PHX,1.0704643228007713,True,,0.5703965275254933,401736342,2529122,17,11,1,True,False,matched,3.0,2025-08-21,under,0.24506380114714443,2.1399999999999997,1.1399999999999997,1.0,False,False,False
2376,2bbfda2ed98be8a16946d5cc48544972,54,Satou Sabally,satousabally,NYL,points,15.5,-120.0,-108.0,10,10,2025-08-20 05:46:38+00:00,2025-08-20 05:46:38+00:00,2025-08-20 05:46:38+00:00,2025-08-22 02:00:00+00:00,0.0,2025-08-21,2025,REG,LVA,PHX,1.0646853146853146,True,,0.5135396953663074,401736342,4281929,11,17,0,True,False,matched,15.0,2025-08-21,under,0.11971655121216512,1.925925925925926,0.925925925925926,1.0,False,False,False
2376,02f0b6e889774279609c8a234ef4ff00,103,A'ja Wilson,ajawilson,LVA,rebounds,11.5,-136.0,102.0,10,10,2025-08-20 05:46:39+00:00,2025-08-20 05:46:39+00:00,2025-08-20 05:46:39+00:00,2025-08-22 02:00:00+00:00,0.0,2025-08-21,2025,REG,LVA,PHX,1.071320691391173,True,,0.5420932924427202,401736342,3149391,17,11,1,True,False,matched,13.0,2025-08-21,under,0.20207751626421672,2.02,-1.0,1.0,False,False,False
2376,3d7c34cd49817f9bcde0771f791b5e44,155,Kahleah Copper,kahleahcopper,PHO,rebounds,3.5,-158.0,118.0,10,10,2025-08-20 05:46:39+00:00,2025-08-20 05:46:39+00:00,2025-08-20 05:46:39+00:00,2025-08-22 02:00:00+00:00,0.0,2025-08-21,2025,REG,LVA,PHX,1.0711186971054691,True,,0.5796527091990534,401736342,2998938,11,17,0,True,False,matched,2.0,2025-08-21,under,0.14157351795667544,2.1799999999999997,1.1799999999999997,1.0,False,False,False
2376,237b74a40a46c2e926e27de6071e6ecb,40,Alyssa Thomas,alyssathomas,PHO,points,14.5,-122.0,-106.0,10,10,2025-08-20 05:46:39+00:00,2025-08-20 05:46:39+00:00,2025-08-20 05:46:39+00:00,2025-08-22 02:00:00+00:00,0.0,2025-08-21,2025,REG,LVA,PHX,1.064112656345666,True,,0.518058368553134,401736342,2529140,11,17,0,True,False,matched,17.0,2025-08-21,under,0.07147223680785209,1.9433962264150944,-1.0,1.0,False,False,False
2376,4dd62221a96860b024635c72be5ccc0f,102,Jackie Young,jackieyoung,LVA,points,16.5,100.0,-130.0,10,10,2025-08-20 05:46:40+00:00,2025-08-20 05:46:40+00:00,2025-08-20 05:46:40+00:00,2025-08-22 02:00:00+00:00,0.0,2025-08-21,2025,REG,LVA,PHX,1.065217391304348,True,,0.4663164946059025,401736342,4065870,17,11,1,True,False,matched,12.0,2025-08-21,under,0.06971024344642318,1.7692307692307692,0.7692307692307692,1.0,False,False,False
2375,4d1f3cb905114a2696f03410bd4cf558,125,Kayla McBride,kaylamcbride,MIN,points,14.5,-110.0,-118.0,10,10,2025-08-20 06:44:45+00:00,2025-08-20 06:44:45+00:00,2025-08-20 06:44:45+00:00,2025-08-21 23:30:00+00:00,0.0,2025-08-21,2025,REG,ATL,MIN,1.0650939274792486,True,,0.4909754767731684,401736341,2529205,8,20,0,True,False,matched,15.0,2025-08-21,under,0.1258023416949942,1.847457627118644,-1.0,1.0,False,False,False
2375,02a937853ff88170b3d6e604043ded6d,1,Allisha Gray,allishagray,ATL,threes,1.5,-188.0,140.0,10,10,2025-08-20 06:44:45+00:00,2025-08-20 06:44:45+00:00,2025-08-20 06:44:45+00:00,2025-08-21 23:30:00+00:00,0.0,2025-08-21,2025,REG,ATL,MIN,1.0694444444444444,True,,0.6222928210344938,401736341,3058901,20,8,1,True,False,matched,3.0,2025-08-21,under,0.10028211719480284,2.4,-1.0,1.0,False,False,False
2375,44ce8712f0cc0a02031c267b365f98c6,15,Rhyne Howard,rhynehoward,ATL,rebounds,3.5,-146.0,110.0,10,10,2025-08-20 06:44:46+00:00,2025-08-20 06:44:46+00:00,2025-08-20 06:44:46+00:00,2025-08-21 23:30:00+00:00,0.0,2025-08-21,2025,REG,ATL,MIN,1.0696864111498257,True,,0.5607420039050215,401736341,4398674,20,8,1,True,False,matched,4.0,2025-08-21,under,0.13305754328460417,2.1,-1.0,1.0,False,False,False
2375,aabf766671e6b41f4f8e496d9e93a9d6,117,Courtney Williams,courtneywilliams,MIN,points,14.5,-102.0,-128.0,10,10,2025-08-20 06:51:08+00:00,2025-08-20 06:51:08+00:00,2025-08-20 06:51:08+00:00,2025-08-21 23:30:00+00:00,0.0,2025-08-21,2025,REG,ATL,MIN,1.0663540038214347,True,,0.47082505196940394,401736341,2987891,8,20,0,True,False,matched,6.0,2025-08-21,under,0.05846367393429586,1.78125,0.78125,1.0,False,False,False
2375,2344646ab37c79341007c1026bbe4edd,121,Alanna Smith,alannasmith,DAL,points,10.5,-118.0,-110.0,10,10,2025-08-20 16:33:17+00:00,2025-08-20 16:33:17+00:00,2025-08-20 16:33:17+00:00,2025-08-21 23:30:00+00:00,0.0,2025-08-21,2025,REG,ATL,MIN,1.0650939274792486,True,,0.5090245232268319,401736341,3913881,8,20,0,True,False,matched,10.0,2025-08-21,under,0.19194070026453675,1.9090909090909092,0.9090909090909092,1.0,False,False,False
2373,15d8b4245ead855f209f1b1f97ca7d2b,170,Jade Melbourne,jademelbourne,SEA,points,9.5,-110.0,-130.0,33,33,2025-08-21 00:22:54+00:00,2025-08-21 00:22:54+00:00,2025-08-21 00:22:54+00:00,2025-08-21 23:00:00+00:00,0.0,2025-08-21,2025,REG,CON,WAS,1.0890269151138718,True,,0.47832076753442404,401736339,5017726,16,18,0,True,False,matched,4.0,2025-08-21,under,0.21963142192413693,1.7692307692307692,0.7692307692307692,1.0,False,False,False
2375,c03fe0e3f62c488092ba7d27350d8459,16,Naz Hillmon,nazhillmon,ATL,points,9.5,-106.0,-122.0,10,10,2025-08-21 00:35:27+00:00,2025-08-21 00:35:27+00:00,2025-08-21 00:35:27+00:00,2025-08-21 23:30:00+00:00,0.0,2025-08-21,2025,REG,ATL,MIN,1.064112656345666,True,,0.4819416314468661,401736341,4398915,20,8,1,True,False,matched,2.0,2025-08-21,under,0.18409131483160696,1.819672131147541,0.819672131147541,1.0,False,False,False
2372,d7612b73c06c4209833f835b76a46973,529,Luisa Geiselsoder,luisageiselsoder,PDX,rebounds,4.5,-125.0,-106.0,10,10,2025-08-21 00:56:17+00:00,2025-08-21 00:56:17+00:00,2025-08-21 00:56:17+00:00,2025-08-21 02:00:00+00:00,0.0,2025-08-20,2025,REG,LAS,DAL,1.070118662351672,True,,0.5212291071384377,401736338,4682797,3,6,0,True,False,matched,6.0,2025-08-20,under,0.16795866733204795,1.9433962264150944,-1.0,1.0,False,False,False
2377,fa4d05e857fdaaad237d917d8578769d,61,Maddy Siegrist,maddysiegrist,DAL,points,14.5,-110.0,-118.0,10,10,2025-08-21 06:46:23+00:00,2025-08-21 06:46:23+00:00,2025-08-21 06:46:23+00:00,2025-08-22 23:30:00+00:00,0.0,2025-08-22,2025,REG,DAL,SEA,1.0650939274792486,True,,0.4909754767731684,401736344,4399415,3,14,1,True,False,matched,12.0,2025-08-22,under,0.19439143377729406,1.847457627118644,0.847457627118644,1.0,False,False,False
2377,7bf40f17d2a2ff7329c6ad2729db6a13,180,Nneka Ogwumike,nnekaogwumike,LAS,assists,2.5,-178.0,132.0,10,10,2025-08-21 06:46:23+00:00,2025-08-21 06:46:23+00:00,2025-08-21 06:46:23+00:00,2025-08-22 23:30:00+00:00,0.0,2025-08-22,2025,REG,DAL,SEA,1.0713222525427932,True,,0.6084851511650193,401736344,1068,14,3,0,True,False,matched,4.0,2025-08-22,under,0.14642793159831802,2.3200000000000003,-1.0,1.0,False,False,False
2377,9f959b2544cd181af2c7290e0d4a9dde,529,Luisa Geiselsoder,luisageiselsoder,PDX,points,8.5,-120.0,-108.0,10,10,2025-08-21 06:46:24+00:00,2025-08-21 06:46:24+00:00,2025-08-21 06:46:24+00:00,2025-08-22 23:30:00+00:00,0.0,2025-08-22,2025,REG,DAL,SEA,1.0646853146853146,True,,0.5135396953663074,401736344,4682797,3,14,1,True,False,matched,3.0,2025-08-22,under,0.2753318902517402,1.925925925925926,0.925925925925926,1.0,False,False,False
2377,90e161faae762d1a32ce97767c2b9fdb,528,Paige Bueckers,paigebueckers,DAL,threes,1.5,148.0,-200.0,10,10,2025-08-21 06:46:24+00:00,2025-08-21 06:46:24+00:00,2025-08-21 06:46:24+00:00,2025-08-22 23:30:00+00:00,0.0,2025-08-22,2025,REG,DAL,SEA,1.0698924731182795,True,,0.3634985050458517,401736344,4433730,3,14,1,True,False,matched,1.0,2025-08-22,under,0.11075569843720834,1.5,0.5,1.0,False,False,False
2377,bf85a597bd539707c04e69b24ba8f9e7,182,Brittney Sykes,brittneysykes,TOR,points,13.5,-122.0,-106.0,10,10,2025-08-21 06:46:24+00:00,2025-08-21 06:46:24+00:00,2025-08-21 06:46:24+00:00,2025-08-22 23:30:00+00:00,0.0,2025-08-22,2025,REG,DAL,SEA,1.064112656345666,True,,0.518058368553134,401736344,2988756,14,3,0,True,False,matched,8.0,2025-08-22,under,0.07936550136551779,1.9433962264150944,0.9433962264150944,1.0,False,False,False
2377,41ab33e74c6fe2c690e1e92808a584a8,175,Skylar Diggins,skylardiggins,CHI,points,14.5,-113.0,-115.0,10,10,2025-08-21 06:46:24+00:00,2025-08-21 06:46:24+00:00,2025-08-21 06:46:24+00:00,2025-08-22 23:30:00+00:00,0.0,2025-08-22,2025,REG,DAL,SEA,1.0654001528551151,True,,0.49774423259931944,401736344,2491205,14,3,0,True,False,matched,6.0,2025-08-22,under,0.05262894880946156,1.8695652173913042,0.8695652173913042,1.0,False,False,False
2375,45800c341b3291451f1d5f76214a132f,148,Brittney Griner,brittneygriner,CON,rebounds,4.5,-130.0,-110.0,33,33,2025-08-21 08:18:34+00:00,2025-08-21 08:18:34+00:00,2025-08-21 08:18:34+00:00,2025-08-21 23:30:00+00:00,0.0,2025-08-21,2025,REG,ATL,MIN,1.0890269151138718,True,,0.521679232465576,401736341,2490553,20,8,1,True,False,matched,8.0,2025-08-21,over,0.05827095048799619,1.7692307692307692,0.7692307692307692,1.0,False,False,False
2374,e859a31d42a169ab5e092e7e462b6b3d,36,Rachel Banham,rachelbanham,CHI,threes,1.5,-200.0,150.0,19,19,2025-08-21 13:16:10+00:00,2025-08-21 13:16:10+00:00,2025-08-21 13:16:10+00:00,2025-08-21 23:00:00+00:00,0.0,2025-08-21,2025,REG,NYL,CHI,1.0666666666666667,True,,0.6379213858088065,401736340,2566186,19,9,0,True,False,matched,1.0,2025-08-21,under,0.15687502176237322,2.5,1.5,1.0,False,False,False
2375,338a691bc06184fcd4494530a1a7a183,115,Natisha Hiedeman,natishahiedeman,SEA,points,7.5,-120.0,-108.0,10,10,2025-08-21 14:10:15+00:00,2025-08-21 14:10:15+00:00,2025-08-21 14:10:15+00:00,2025-08-21 23:30:00+00:00,0.0,2025-08-21,2025,REG,ATL,MIN,1.0646853146853146,True,,0.5135396953663074,401736341,3906753,8,20,0,True,False,matched,4.0,2025-08-21,under,0.12396717086616349,1.925925925925926,0.925925925925926,1.0,False,False,False
2375,ecb939be05b9b2e8efb6090135a2b6de,116,Jessica Shepard,jessicashepard,DAL,points,9.5,104.0,-135.0,10,10,2025-08-21 23:22:57+00:00,2025-08-21 23:22:57+00:00,2025-08-21 23:22:57+00:00,2025-08-21 23:30:00+00:00,0.0,2025-08-21,2025,REG,ATL,MIN,1.0646641635377556,True,,0.45648742045938223,401736341,3906949,8,20,0,True,False,matched,15.0,2025-08-21,under,0.21827291326038722,1.7407407407407407,-1.0,1.0,False,False,False
2378,3870f9d8abac2983555eaeaa40a27c0b,293,Odyssey Sims,odysseysims,DAL,assists,4.5,-114.0,-114.0,10,10,2025-08-22 02:59:10+00:00,2025-08-22 02:59:10+00:00,2025-08-22 02:59:10+00:00,2025-08-22 23:30:00+00:00,0.0,2025-08-22,2025,REG,IND,MIN,1.0654205607476634,True,,0.5000000000000001,401736343,2529047,5,8,1,True,False,matched,5.0,2025-08-22,under,0.20104710301793172,1.8771929824561404,-1.0,1.0,False,False,False
2378,1ef1f7af4e306ecf69ac515dbc92115e,56,Natasha Howard,natashahoward,MIN,points,12.5,-102.0,-128.0,10,10,2025-08-22 02:59:10+00:00,2025-08-22 02:59:10+00:00,2025-08-22 02:59:10+00:00,2025-08-22 23:30:00+00:00,0.0,2025-08-22,2025,REG,IND,MIN,1.0663540038214347,True,,0.47082505196940394,401736343,2529130,5,8,1,True,False,matched,8.0,2025-08-22,under,0.09091324871404421,1.78125,0.78125,1.0,False,False,False
2378,1e126e322b169e668e59034db9d570f9,71,Aliyah Boston,aliyahboston,IND,points,14.5,100.0,-130.0,10,10,2025-08-22 02:59:10+00:00,2025-08-22 02:59:10+00:00,2025-08-22 02:59:10+00:00,2025-08-22 23:30:00+00:00,0.0,2025-08-22,2025,REG,IND,MIN,1.065217391304348,True,,0.4663164946059025,401736343,4432831,5,8,1,True,False,matched,15.0,2025-08-22,under,0.056211181626565354,1.7692307692307692,-1.0,1.0,False,False,False
2378,ae8f2bc8f068cf59fa4f78495b37bb51,70,Kelsey Mitchell,kelseymitchell,IND,assists,4.5,-158.0,118.0,10,10,2025-08-22 02:59:11+00:00,2025-08-22 02:59:11+00:00,2025-08-22 02:59:11+00:00,2025-08-22 23:30:00+00:00,0.0,2025-08-22,2025,REG,IND,MIN,1.0711186971054691,True,,0.5796527091990534,401736343,3142191,5,8,1,True,False,matched,5.0,2025-08-22,under,0.22633984856516587,2.1799999999999997,-1.0,1.0,False,False,False
2378,aee07222ce43d65a502a9b086a9214ff,117,Courtney Williams,courtneywilliams,MIN,rebounds,4.5,-136.0,102.0,10,10,2025-08-22 02:59:11+00:00,2025-08-22 02:59:11+00:00,2025-08-22 02:59:11+00:00,2025-08-22 23:30:00+00:00,0.0,2025-08-22,2025,REG,IND,MIN,1.071320691391173,True,,0.5420932924427202,401736343,2987891,8,5,0,True,False,matched,4.0,2025-08-22,under,0.09629148818834488,2.02,1.02,1.0,False,False,False
2378,1e461bb0351aa7381191f99909168afe,125,Kayla McBride,kaylamcbride,MIN,points,14.5,-102.0,-128.0,10,10,2025-08-22 02:59:11+00:00,2025-08-22 02:59:11+00:00,2025-08-22 02:59:11+00:00,2025-08-22 23:30:00+00:00,0.0,2025-08-22,2025,REG,IND,MIN,1.0663540038214347,True,,0.47082505196940394,401736343,2529205,8,5,0,True,False,matched,29.0,2025-08-22,under,0.08023054428837728,1.78125,-1.0,1.0,False,False,False
2379,e4a56ee3938967887245d2a3e178ed51,54,Satou Sabally,satousabally,NYL,points,16.5,-130.0,100.0,10,10,2025-08-22 05:31:06+00:00,2025-08-22 05:31:06+00:00,2025-08-22 05:31:06+00:00,2025-08-23 02:00:00+00:00,0.0,2025-08-22,2025,REG,PHX,GSV,1.065217391304348,True,,0.5336835053940976,401736345,4281929,11,129689,1,True,False,matched,12.0,2025-08-22,under,0.2511849890730891,2.0,1.0,1.0,False,False,False
2379,1cdc05a2c97d5d884c24613b2cbe6846,40,Alyssa Thomas,alyssathomas,PHO,points,15.5,-108.0,-120.0,10,10,2025-08-22 05:31:06+00:00,2025-08-22 05:31:06+00:00,2025-08-22 05:31:06+00:00,2025-08-23 02:00:00+00:00,0.0,2025-08-22,2025,REG,PHX,GSV,1.0646853146853146,True,,0.48646030463369283,401736345,2529140,11,129689,1,True,False,matched,13.0,2025-08-22,under,0.14039267685949358,1.8333333333333335,0.8333333333333335,1.0,False,False,False
2379,ef4be5229af5b8f1f003ade0d112d276,537,Janelle Salaun,janellesalaun,GSV,points,11.5,-104.0,-125.0,10,10,2025-08-22 05:41:37+00:00,2025-08-22 05:41:37+00:00,2025-08-22 05:41:37+00:00,2025-08-23 02:00:00+00:00,0.0,2025-08-22,2025,REG,PHX,GSV,1.065359477124183,True,,0.4763687479911608,401736345,4790264,129689,11,0,True,False,matched,15.0,2025-08-22,under,0.08499583456082954,1.8,-1.0,1.0,False,False,False
2379,78825a73abd09e88ebd7b708a72fabed,221,Tiffany Hayes,tiffanyhayes,GSV,assists,2.5,-180.0,132.0,10,10,2025-08-22 05:41:38+00:00,2025-08-22 05:41:38+00:00,2025-08-22 05:41:38+00:00,2025-08-23 02:00:00+00:00,0.0,2025-08-22,2025,REG,PHX,GSV,1.0738916256157633,True,,0.6099801281720849,401736345,1054,129689,11,0,True,False,matched,3.0,2025-08-22,under,0.12850660651388202,2.3200000000000003,-1.0,1.0,False,False,False
2379,44aa99d3236a9a2554817c2d3ac9125a,55,Veronica Burton,veronicaburton,GSV,threes,1.5,124.0,-166.0,10,10,2025-08-22 05:41:38+00:00,2025-08-22 05:41:38+00:00,2025-08-22 05:41:38+00:00,2025-08-23 02:00:00+00:00,0.0,2025-08-22,2025,REG,PHX,GSV,1.0704887218045114,True,,0.40796342297849103,401736345,4398935,129689,11,0,True,False,matched,1.0,2025-08-22,over,0.07596653142864473,2.24,-1.0,1.0,False,False,False
2377,e5e36fbf18c66fd94fb5339e92133698,570,Dominique Malonga,dominiquemalonga,SEA,rebounds,6.5,-140.0,106.0,10,10,2025-08-22 16:41:12+00:00,2025-08-22 16:41:12+00:00,2025-08-22 16:41:12+00:00,2025-08-22 23:30:00+00:00,0.0,2025-08-22,2025,REG,DAL,SEA,1.0687702265372168,True,,0.5506638564937638,401736344,5220150,14,3,0,True,False,matched,9.0,2025-08-22,under,0.0929969886074326,2.06,-1.0,1.0,False,False,False
2380,666a4ef2cb54c1cecdb3c47f8ef20608,233,Emma Meesseman,emmameesseman,FA,points,13.5,-122.0,-106.0,10,10,2025-08-22 18:13:31+00:00,2025-08-22 18:13:31+00:00,2025-08-22 18:13:31+00:00,2025-08-23 18:00:00+00:00,0.0,2025-08-23,2025,REG,ATL,NYL,1.064112656345666,True,,0.518058368553134,401736346,3027368,9,20,0,True,False,matched,10.0,2025-08-23,under,0.297998360338092,1.9433962264150944,0.9433962264150944,1.0,False,False,False
2380,5cfdcead9a3920b2806055f83094948d,141,Jonquel Jones,jonqueljones,NYL,points,16.5,-115.0,-113.0,10,10,2025-08-22 18:13:31+00:00,2025-08-22 18:13:31+00:00,2025-08-22 18:13:31+00:00,2025-08-23 18:00:00+00:00,0.0,2025-08-23,2025,REG,ATL,NYL,1.0654001528551151,True,,0.5022557674006809,401736346,2999101,9,20,0,True,False,matched,11.0,2025-08-23,under,0.2209178315364227,1.8849557522123894,0.8849557522123894,1.0,False,False,False
2380,f2b5dad8224605e9b51c47ec34dc97cd,163,Natasha Cloud,natashacloud,CHI,threes,1.5,194.0,-270.0,10,10,2025-08-22 18:13:31+00:00,2025-08-22 18:13:31+00:00,2025-08-22 18:13:31+00:00,2025-08-23 18:00:00+00:00,0.0,2025-08-23,2025,REG,ATL,NYL,1.0698657841514985,True,,0.2979582365398174,401736346,2529137,9,20,0,True,False,matched,0.0,2025-08-23,over,0.1426342928912755,2.94,-1.0,1.0,False,False,False
2380,9746a5b15b6015332d81e3334a3e70e0,1,Allisha Gray,allishagray,ATL,rebounds,4.5,-114.0,-114.0,10,10,2025-08-22 18:13:31+00:00,2025-08-22 18:13:31+00:00,2025-08-22 18:13:31+00:00,2025-08-23 18:00:00+00:00,0.0,2025-08-23,2025,REG,ATL,NYL,1.0654205607476634,True,,0.5000000000000001,401736346,3058901,20,9,1,True,False,matched,4.0,2025-08-23,over,0.07634049578778834,1.8771929824561404,-1.0,1.0,False,False,False
2381,09dbaa64931d384741f2aaad6c0233de,103,A'ja Wilson,ajawilson,LVA,points,22.5,-125.0,-104.0,10,10,2025-08-22 21:26:38+00:00,2025-08-22 21:26:38+00:00,2025-08-22 21:26:38+00:00,2025-08-23 19:00:00+00:00,0.0,2025-08-23,2025,REG,WAS,LVA,1.065359477124183,True,,0.5236312520088393,401736347,3149391,17,16,0,True,False,matched,36.0,2025-08-23,under,0.16620616214555534,1.9615384615384617,-1.0,1.0,False,False,False
2381,06e86e4007af08a9e2e4cca4779a82bf,573,Sonia Citron,soniacitron,WAS,threes,1.5,138.0,-186.0,10,10,2025-08-22 21:26:39+00:00,2025-08-22 21:26:39+00:00,2025-08-22 21:26:39+00:00,2025-08-23 19:00:00+00:00,0.0,2025-08-23,2025,REG,WAS,LVA,1.070517717576541,True,,0.3807086475713989,401736347,4433524,16,17,1,True,False,matched,4.0,2025-08-23,over,0.18709594073963776,2.38,1.38,1.0,False,False,False
2381,9f5f5ab8efa4cb9963e1896a529f522c,196,Shakira Austin,shakiraaustin,WAS,points,11.5,-130.0,100.0,10,10,2025-08-22 21:26:39+00:00,2025-08-22 21:26:39+00:00,2025-08-22 21:26:39+00:00,2025-08-23 19:00:00+00:00,0.0,2025-08-23,2025,REG,WAS,LVA,1.065217391304348,True,,0.5336835053940976,401736347,4398911,16,17,1,True,False,matched,18.0,2025-08-23,under,0.10445682300414139,2.0,-1.0,1.0,False,False,False
2381,088b3877f45f5e0721755cfb5ee3cf6e,572,Kiki Iriafen,kikiiriafen,WAS,points,12.5,-125.0,-104.0,10,10,2025-08-22 21:26:39+00:00,2025-08-22 21:26:39+00:00,2025-08-22 21:26:39+00:00,2025-08-23 19:00:00+00:00,0.0,2025-08-23,2025,REG,WAS,LVA,1.065359477124183,True,,0.5236312520088393,401736347,4898384,16,17,1,True,False,matched,21.0,2025-08-23,under,0.0949550029122781,1.9615384615384617,-1.0,1.0,False,False,False
2381,5f578cf26aafd232287ce7771cc04022,102,Jackie Young,jackieyoung,LVA,points,14.5,-130.0,100.0,10,10,2025-08-22 21:26:39+00:00,2025-08-22 21:26:39+00:00,2025-08-22 21:26:39+00:00,2025-08-23 19:00:00+00:00,0.0,2025-08-23,2025,REG,WAS,LVA,1.065217391304348,True,,0.5336835053940976,401736347,4065870,17,16,0,True,False,matched,10.0,2025-08-23,under,0.09212039782018944,2.0,1.0,1.0,False,False,False
2378,14963e4122b29514c3545d65f480d776,116,Jessica Shepard,jessicashepard,DAL,rebounds,9.5,116.0,-154.0,10,10,2025-08-22 22:54:35+00:00,2025-08-22 22:54:35+00:00,2025-08-22 22:54:35+00:00,2025-08-22 23:30:00+00:00,0.0,2025-08-22,2025,REG,IND,MIN,1.0692621755613883,True,,0.425792012343204,401736343,3906949,8,5,0,True,False,matched,11.0,2025-08-22,under,0.15528566816677924,1.6493506493506493,-1.0,1.0,False,False,False
2378,a2df0462bce700592d715aaa9862354e,115,Natisha Hiedeman,natishahiedeman,SEA,points,7.5,-114.0,-114.0,10,10,2025-08-22 23:17:58+00:00,2025-08-22 23:17:58+00:00,2025-08-22 23:17:58+00:00,2025-08-22 23:30:00+00:00,0.0,2025-08-22,2025,REG,IND,MIN,1.0654205607476634,True,,0.5000000000000001,401736343,3906753,8,5,0,True,False,matched,17.0,2025-08-22,under,0.1965529087236545,1.8771929824561404,-1.0,1.0,False,False,False
2379,5d5790aa5fdb265e9dd35daa02842d82,109,Kate Martin,katemartin,LAS,points,9.5,102.0,-132.0,10,10,2025-08-22 23:23:01+00:00,2025-08-22 23:23:01+00:00,2025-08-22 23:23:01+00:00,2025-08-23 02:00:00+00:00,0.0,2025-08-22,2025,REG,PHX,GSV,1.0640150221918745,True,,0.4618487426836327,401736345,4398907,129689,11,0,True,False,matched,7.0,2025-08-22,under,0.1791685182934239,1.7575757575757576,0.7575757575757576,1.0,False,False,False
2379,fbbebbe0543c7f40aa3b22b477759467,45,DeWanna Bonner,dewannabonner,PHO,points,10.5,-122.0,-106.0,10,10,2025-08-22 23:52:18+00:00,2025-08-22 23:52:18+00:00,2025-08-22 23:52:18+00:00,2025-08-23 02:00:00+00:00,0.0,2025-08-22,2025,REG,PHX,GSV,1.064112656345666,True,,0.518058368553134,401736345,869,11,129689,1,True,False,matched,14.0,2025-08-22,under,0.20765381779307784,1.9433962264150944,-1.0,1.0,False,False,False
2379,ef5474475c73d9f4493be10180cccab0,177,Sami Whitcomb,samiwhitcomb,PHO,threes,1.5,-114.0,-114.0,10,10,2025-08-23 00:55:01+00:00,2025-08-23 00:55:01+00:00,2025-08-23 00:55:01+00:00,2025-08-23 02:00:00+00:00,0.0,2025-08-22,2025,REG,PHX,GSV,1.0654205607476634,True,,0.5000000000000001,401736345,887,11,129689,1,True,False,matched,2.0,2025-08-22,under,0.05385875585757399,1.8771929824561404,-1.0,1.0,False,False,False
2382,aa03a873bbc262a617a2d49dc3587f2a,26,Angel Reese,angelreese,ATL,rebounds,11.5,-122.0,-108.0,10,10,2025-08-23 03:44:56+00:00,2025-08-23 03:44:56+00:00,2025-08-23 03:44:56+00:00,2025-08-23 20:00:00+00:00,0.0,2025-08-23,2025,REG,CHI,CON,1.0687803187803186,True,,0.5156895960912058,401736348,4433402,19,18,1,True,False,matched,11.0,2025-08-23,under,0.19290894721452445,1.925925925925926,0.925925925925926,1.0,False,False,False
2382,6f35d4cdefba22a4588601aee4ae6780,185,Ariel Atkins,arielatkins,LAS,points,15.5,100.0,-130.0,10,10,2025-08-23 03:44:56+00:00,2025-08-23 03:44:56+00:00,2025-08-23 03:44:56+00:00,2025-08-23 20:00:00+00:00,0.0,2025-08-23,2025,REG,CHI,CON,1.065217391304348,True,,0.4663164946059025,401736348,3146151,19,18,1,True,False,matched,12.0,2025-08-23,under,0.18512447833900325,1.7692307692307692,0.7692307692307692,1.0,False,False,False
2381,9b6f1691db859f72e8c765b5339eb460,166,Jewell Loyd,jewellloyd,LVA,points,10.5,-120.0,-108.0,10,10,2025-08-23 04:56:23+00:00,2025-08-23 04:56:23+00:00,2025-08-23 04:56:23+00:00,2025-08-23 19:00:00+00:00,0.0,2025-08-23,2025,REG,WAS,LVA,1.0646853146853146,True,,0.5135396953663074,401736347,2987869,17,16,0,True,False,matched,8.0,2025-08-23,under,0.11355474171098007,1.925925925925926,0.925925925925926,1.0,False,False,False
2381,e0962169776af6650a565bfcfd58a99b,170,Jade Melbourne,jademelbourne,SEA,points,9.5,110.0,-155.0,33,33,2025-08-23 09:00:44+00:00,2025-08-23 09:00:44+00:00,2025-08-23 09:00:44+00:00,2025-08-23 19:00:00+00:00,0.0,2025-08-23,2025,REG,WAS,LVA,1.0840336134453783,True,,0.4312621062414176,401736347,5017726,16,17,1,True,False,matched,2.0,2025-08-23,under,0.25261792490673796,1.6451612903225805,0.6451612903225805,1.0,False,False,False
2381,01e2c7c5b1d2a8504d4aa719f5f42210,149,Sug Sutton,sugsutton,DAL,points,8.5,-115.0,-120.0,33,33,2025-08-23 09:00:44+00:00,2025-08-23 09:00:44+00:00,2025-08-23 09:00:44+00:00,2025-08-23 19:00:00+00:00,0.0,2025-08-23,2025,REG,WAS,LVA,1.080338266384778,True,,0.4944937749375121,401736347,4068159,16,17,1,True,False,matched,4.0,2025-08-23,under,0.12480599128702147,1.8333333333333335,0.8333333333333335,1.0,False,False,False
2384,442f724bf823f828fbacc63414dd3359,528,Paige Bueckers,paigebueckers,DAL,assists,4.5,-128.0,-104.0,10,10,2025-08-23 19:11:01+00:00,2025-08-23 19:11:01+00:00,2025-08-23 19:11:01+00:00,2025-08-24 20:00:00+00:00,0.0,2025-08-24,2025,REG,DAL,GSV,1.0712074303405572,True,,0.5267388899028808,401736350,4433730,3,129689,1,True,False,matched,9.0,2025-08-24,under,0.2661117189911148,1.9615384615384617,-1.0,1.0,False,False,False
2384,cf22bcb074c27ffd991cd94250d429ff,61,Maddy Siegrist,maddysiegrist,DAL,points,13.5,-106.0,-120.0,10,10,2025-08-23 19:17:34+00:00,2025-08-23 19:17:34+00:00,2025-08-23 19:17:34+00:00,2025-08-24 20:00:00+00:00,0.0,2025-08-24,2025,REG,DAL,GSV,1.060017652250662,True,,0.48409094110947776,401736350,4399415,3,129689,1,True,False,matched,16.0,2025-08-24,under,0.22789705313461178,1.8333333333333335,-1.0,1.0,False,False,False
2385,4507bb226828d566904d60526d48d896,70,Kelsey Mitchell,kelseymitchell,IND,threes,2.5,-138.0,104.0,10,10,2025-08-23 20:19:48+00:00,2025-08-23 20:19:48+00:00,2025-08-23 20:19:48+00:00,2025-08-24 23:00:00+00:00,0.0,2025-08-24,2025,REG,MIN,IND,1.0700280112044818,True,,0.5464208361470752,401736351,3142191,5,8,0,True,False,matched,2.0,2025-08-24,under,0.1737379942147504,2.04,1.04,1.0,False,False,False
2385,ce40637b53256e82491fce5dd9277c10,71,Aliyah Boston,aliyahboston,IND,points,14.5,100.0,-130.0,10,10,2025-08-23 20:19:48+00:00,2025-08-23 20:19:48+00:00,2025-08-23 20:19:48+00:00,2025-08-24 23:00:00+00:00,0.0,2025-08-24,2025,REG,MIN,IND,1.065217391304348,True,,0.4663164946059025,401736351,4432831,5,8,0,True,False,matched,14.0,2025-08-24,under,0.054373014398432395,1.7692307692307692,0.7692307692307692,1.0,False,False,False
2385,7297f80f691697d26c5d1735fcccce56,76,Lexie Hull,lexiehull,IND,points,8.5,-128.0,-102.0,10,10,2025-08-24 00:37:51+00:00,2025-08-24 00:37:51+00:00,2025-08-24 00:37:51+00:00,2025-08-24 23:00:00+00:00,0.0,2025-08-24,2025,REG,MIN,IND,1.0663540038214347,True,,0.5291749480305961,401736351,4398829,5,8,0,True,False,matched,6.0,2025-08-24,under,0.19645956071152249,1.9803921568627452,0.9803921568627452,1.0,False,False,False
2385,32ff222024cad90fefd095762154fb78,117,Courtney Williams,courtneywilliams,MIN,rebounds,4.5,-106.0,-125.0,10,10,2025-08-24 00:37:51+00:00,2025-08-24 00:37:51+00:00,2025-08-24 00:37:51+00:00,2025-08-24 23:00:00+00:00,0.0,2025-08-24,2025,REG,MIN,IND,1.070118662351672,True,,0.4787708928615623,401736351,2987891,8,5,1,True,False,matched,2.0,2025-08-24,under,0.16407671539332225,1.8,0.8,1.0,False,False,False
2385,82cb5ef205a06e0b6c8dd9065a4216ac,56,Natasha Howard,natashahoward,MIN,points,11.5,-114.0,-114.0,10,10,2025-08-24 00:37:51+00:00,2025-08-24 00:37:51+00:00,2025-08-24 00:37:51+00:00,2025-08-24 23:00:00+00:00,0.0,2025-08-24,2025,REG,MIN,IND,1.0654205607476634,True,,0.5000000000000001,401736351,2529130,5,8,0,True,False,matched,10.0,2025-08-24,under,0.15584635575578593,1.8771929824561404,0.8771929824561404,1.0,False,False,False
2385,00981c7efee9e4e4b1b5a06c6486a56b,125,Kayla McBride,kaylamcbride,MIN,assists,3.5,116.0,-154.0,10,10,2025-08-24 00:37:51+00:00,2025-08-24 00:37:51+00:00,2025-08-24 00:37:51+00:00,2025-08-24 23:00:00+00:00,0.0,2025-08-24,2025,REG,MIN,IND,1.0692621755613883,True,,0.425792012343204,401736351,2529205,8,5,1,True,False,matched,4.0,2025-08-24,over,0.06287111346158258,2.16,1.1600000000000001,1.0,False,False,False
2385,3a1e368f1e2320b7bcb982be94ec8152,112,Napheesa Collier,napheesacollier,MIN,rebounds,6.5,124.0,-166.0,10,10,2025-08-24 00:42:27+00:00,2025-08-24 00:42:27+00:00,2025-08-24 00:42:27+00:00,2025-08-24 23:00:00+00:00,0.0,2025-08-24,2025,REG,MIN,IND,1.0704887218045114,True,,0.40796342297849103,401736351,3917450,8,5,1,True,False,matched,9.0,2025-08-24,over,0.18682077680549353,2.24,1.2400000000000002,1.0,False,False,False
2383,58ccd33d4651cecde60fd6f6bc8be0a3,182,Brittney Sykes,brittneysykes,TOR,rebounds,3.5,-125.0,-106.0,10,10,2025-08-24 03:22:54+00:00,2025-08-24 03:22:54+00:00,2025-08-24 03:22:54+00:00,2025-08-24 19:00:00+00:00,0.0,2025-08-24,2025,REG,WAS,SEA,1.070118662351672,True,,0.5212291071384377,401736349,2988756,14,16,0,True,False,matched,3.0,2025-08-24,under,0.24147695304509725,1.9433962264150944,0.9433962264150944,1.0,False,False,False
2383,26da4092b2214438bee13a3808971979,175,Skylar Diggins,skylardiggins,CHI,points,14.5,-114.0,-114.0,10,10,2025-08-24 03:22:54+00:00,2025-08-24 03:22:54+00:00,2025-08-24 03:22:54+00:00,2025-08-24 19:00:00+00:00,0.0,2025-08-24,2025,REG,WAS,SEA,1.0654205607476634,True,,0.5000000000000001,401736349,2491205,14,16,0,True,False,matched,10.0,2025-08-24,under,0.1877054013634999,1.8771929824561404,0.8771929824561404,1.0,False,False,False
2383,0ee13371935d6d609ef7ba70d2f365d9,180,Nneka Ogwumike,nnekaogwumike,LAS,points,18.5,100.0,-130.0,10,10,2025-08-24 03:22:54+00:00,2025-08-24 03:22:54+00:00,2025-08-24 03:22:54+00:00,2025-08-24 19:00:00+00:00,0.0,2025-08-24,2025,REG,WAS,SEA,1.065217391304348,True,,0.4663164946059025,401736349,1068,14,16,0,True,False,matched,30.0,2025-08-24,under,0.13675319382644524,1.7692307692307692,-1.0,1.0,False,False,False
2383,0424efcbd30e034ad56cf704d18040d9,572,Kiki Iriafen,kikiiriafen,WAS,rebounds,9.5,-136.0,102.0,10,10,2025-08-24 03:22:54+00:00,2025-08-24 03:22:54+00:00,2025-08-24 03:22:54+00:00,2025-08-24 19:00:00+00:00,0.0,2025-08-24,2025,REG,WAS,SEA,1.071320691391173,True,,0.5420932924427202,401736349,4898384,16,14,1,True,False,matched,6.0,2025-08-24,under,0.12777358511745202,2.02,1.02,1.0,False,False,False
2383,72935f827308a522ccbc886b3892b616,208,Gabby Williams,gabbywilliams,GSV,rebounds,3.5,-152.0,114.0,10,10,2025-08-24 03:22:54+00:00,2025-08-24 03:22:54+00:00,2025-08-24 03:22:54+00:00,2025-08-24 19:00:00+00:00,0.0,2025-08-24,2025,REG,WAS,SEA,1.0704643228007713,True,,0.5703965275254933,401736349,3142328,14,16,0,True,False,matched,2.0,2025-08-24,under,0.11173488600428771,2.1399999999999997,1.1399999999999997,1.0,False,False,False
2383,386e4bdc8cf013b7abe525a35e7fde0b,573,Sonia Citron,soniacitron,WAS,assists,2.5,-154.0,116.0,10,10,2025-08-24 03:22:54+00:00,2025-08-24 03:22:54+00:00,2025-08-24 03:22:54+00:00,2025-08-24 19:00:00+00:00,0.0,2025-08-24,2025,REG,WAS,SEA,1.0692621755613883,True,,0.574207987656796,401736349,4433524,16,14,1,True,False,matched,1.0,2025-08-24,under,0.06918900131289463,2.16,1.1600000000000001,1.0,False,False,False
2384,38272b61dcc6a2d0f5a74df891e8846c,537,Janelle Salaun,janellesalaun,GSV,rebounds,4.5,-146.0,110.0,10,10,2025-08-24 03:50:58+00:00,2025-08-24 03:50:58+00:00,2025-08-24 03:50:58+00:00,2025-08-24 20:00:00+00:00,0.0,2025-08-24,2025,REG,DAL,GSV,1.0696864111498257,True,,0.5607420039050215,401736350,4790264,129689,3,0,True,False,matched,9.0,2025-08-24,under,0.1377643279169088,2.1,-1.0,1.0,False,False,False
2387,42164c78b3dabfe1027da2166ae0cd19,166,Jewell Loyd,jewellloyd,LVA,points,12.5,-102.0,-128.0,10,10,2025-08-25 03:35:18+00:00,2025-08-25 03:35:18+00:00,2025-08-25 03:35:18+00:00,2025-08-26 00:00:00+00:00,0.0,2025-08-25,2025,REG,CHI,LVA,1.0663540038214347,True,,0.47082505196940394,401736353,2987869,17,19,0,True,False,matched,2.0,2025-08-25,under,0.17997033904369292,1.78125,0.78125,1.0,False,False,False
2387,71dc7fe85863b0e311ee44c972bccd6c,102,Jackie Young,jackieyoung,LVA,points,16.5,-115.0,-113.0,10,10,2025-08-25 03:35:18+00:00,2025-08-25 03:35:18+00:00,2025-08-25 03:35:18+00:00,2025-08-26 00:00:00+00:00,0.0,2025-08-25,2025,REG,CHI,LVA,1.0654001528551151,True,,0.5022557674006809,401736353,4065870,17,19,0,True,False,matched,22.0,2025-08-25,under,0.17664208477152316,1.8849557522123894,-1.0,1.0,False,False,False
2387,b6ce3f13f065baf67db7e69457f627ec,185,Ariel Atkins,arielatkins,LAS,points,13.5,-110.0,-118.0,10,10,2025-08-25 03:35:18+00:00,2025-08-25 03:35:18+00:00,2025-08-25 03:35:18+00:00,2025-08-26 00:00:00+00:00,0.0,2025-08-25,2025,REG,CHI,LVA,1.0650939274792486,True,,0.4909754767731684,401736353,3146151,19,17,1,True,False,matched,30.0,2025-08-25,under,0.11224268274932409,1.847457627118644,-1.0,1.0,False,False,False
2387,45b334759f38648f7d20e4fea76986ee,107,Chelsea Gray,chelseagray,LVA,threes,1.5,162.0,-220.0,10,10,2025-08-25 03:35:18+00:00,2025-08-25 03:35:18+00:00,2025-08-25 03:35:18+00:00,2025-08-26 00:00:00+00:00,0.0,2025-08-25,2025,REG,CHI,LVA,1.069179389312977,True,,0.3415656920936278,401736353,2529122,17,19,0,True,False,matched,4.0,2025-08-25,under,0.07677906343234192,1.4545454545454546,-1.0,1.0,False,False,False
2387,a0b949998f40977b77562c92f0db1143,103,A'ja Wilson,ajawilson,LVA,rebounds,10.5,-130.0,-102.0,10,10,2025-08-25 03:35:18+00:00,2025-08-25 03:35:18+00:00,2025-08-25 03:35:18+00:00,2025-08-26 00:00:00+00:00,0.0,2025-08-25,2025,REG,CHI,LVA,1.0701678863538528,True,,0.5312123494364493,401736353,3149391,17,19,0,True,False,matched,9.0,2025-08-25,under,0.060055812699998434,1.9803921568627452,0.9803921568627452,1.0,False,False,False
2387,66395a1e3869710a03724b1fffafc0d6,26,Angel Reese,angelreese,ATL,rebounds,12.5,108.0,-144.0,10,10,2025-08-25 03:35:19+00:00,2025-08-25 03:35:19+00:00,2025-08-25 03:35:19+00:00,2025-08-26 00:00:00+00:00,0.0,2025-08-25,2025,REG,CHI,LVA,1.0709331651954601,True,,0.4433154794603006,401736353,4433402,19,17,1,True,False,matched,17.0,2025-08-25,under,0.12564476557387427,1.6944444444444444,-1.0,1.0,False,False,False
2387,28bd7879760c57d8c4299760acf4a91c,36,Rachel Banham,rachelbanham,CHI,points,8.5,-122.0,-106.0,10,10,2025-08-25 03:35:19+00:00,2025-08-25 03:35:19+00:00,2025-08-25 03:35:19+00:00,2025-08-26 00:00:00+00:00,0.0,2025-08-25,2025,REG,CHI,LVA,1.064112656345666,True,,0.518058368553134,401736353,2566186,19,17,1,True,False,matched,3.0,2025-08-25,under,0.06603151470760726,1.9433962264150944,0.9433962264150944,1.0,False,False,False
2386,aa4d7205f00c9875da3f80d5598b55ed,9,Tina Charles,tinacharles,FA,points,15.5,-128.0,-102.0,10,10,2025-08-25 06:17:48+00:00,2025-08-25 06:17:48+00:00,2025-08-25 06:17:48+00:00,2025-08-25 23:00:00+00:00,0.0,2025-08-25,2025,REG,NYL,CON,1.0663540038214347,True,,0.5291749480305961,401736352,918,18,9,0,True,False,matched,13.0,2025-08-25,under,0.06374829921245273,1.9803921568627452,0.9803921568627452,1.0,False,False,False
2386,88a5ba0e541ee82c1bffacc04d1d5160,137,Breanna Stewart,breannastewart,NYL,rebounds,5.5,118.0,-158.0,10,10,2025-08-25 06:17:49+00:00,2025-08-25 06:17:49+00:00,2025-08-25 06:17:49+00:00,2025-08-25 23:00:00+00:00,0.0,2025-08-25,2025,REG,NYL,CON,1.0711186971054691,True,,0.42034729080094674,401736352,2998928,9,18,1,True,False,matched,5.0,2025-08-25,over,0.37540772688588037,2.1799999999999997,-1.0,1.0,False,False,False
2386,5d924e51c9d1197239f41cf7205b6236,22,Marina Mabrey,marinamabrey,TOR,points,16.5,-108.0,-120.0,10,10,2025-08-25 06:17:49+00:00,2025-08-25 06:17:49+00:00,2025-08-25 06:17:49+00:00,2025-08-25 23:00:00+00:00,0.0,2025-08-25,2025,REG,NYL,CON,1.0646853146853146,True,,0.48646030463369283,401736352,3904576,18,9,0,True,False,matched,16.0,2025-08-25,under,0.1777240201666036,1.8333333333333335,0.8333333333333335,1.0,False,False,False
2387,120848f4c8824770201d24f9104cc2f8,30,Kamilla Cardoso,kamillacardoso,CHI,assists,3.5,-135.0,105.0,24,24,2025-08-25 07:07:15+00:00,2025-08-25 07:07:15+00:00,2025-08-25 07:07:15+00:00,2025-08-26 00:00:00+00:00,0.0,2025-08-25,2025,REG,CHI,LVA,1.0622729631551635,True,,0.5446886059829622,401736353,4433405,19,17,1,True,False,matched,2.0,2025-08-25,under,0.22539709072424263,2.05,1.0499999999999998,1.0,False,False,False
2386,711eb7a0c37eb90b685352006c42e52e,147,Leonie Fiebich,leoniefiebich,NYL,assists,2.5,-115.0,-115.0,24,24,2025-08-25 07:49:12+00:00,2025-08-25 07:49:12+00:00,2025-08-25 07:49:12+00:00,2025-08-25 23:00:00+00:00,0.0,2025-08-25,2025,REG,NYL,CON,1.0697674418604652,True,,0.5,401736352,4683006,9,18,1,True,False,matched,2.0,2025-08-25,under,0.13147129227005228,1.8695652173913042,0.8695652173913042,1.0,False,False,False
2386,23e91200697e694978ea58e9fab457e1,274,Bria Hartley,briahartley,FA,threes,1.5,120.0,-150.0,24,24,2025-08-25 07:49:12+00:00,2025-08-25 07:49:12+00:00,2025-08-25 07:49:12+00:00,2025-08-25 23:00:00+00:00,0.0,2025-08-25,2025,REG,NYL,CON,1.0545454545454547,True,,0.4253013906678685,401736352,2529185,18,9,0,True,False,matched,0.0,2025-08-25,under,0.05325486578077204,1.6666666666666665,0.6666666666666665,1.0,False,False,False
2387,8028a0331f827bd8fc36650b46565154,33,Elizabeth Williams,elizabethwilliams,CHI,points,9.5,100.0,-140.0,33,33,2025-08-25 09:06:04+00:00,2025-08-25 09:06:04+00:00,2025-08-25 09:06:04+00:00,2025-08-26 00:00:00+00:00,0.0,2025-08-25,2025,REG,CHI,LVA,1.0833333333333333,True,,0.4565136318718986,401736353,2566081,19,17,1,True,False,matched,6.0,2025-08-25,under,0.14198478659502312,1.7142857142857144,0.7142857142857144,1.0,False,False,False
2389,83cce6addc86be4270d5101a9a0e691c,82,Azura Stevens,azurastevens,CHI,threes,1.5,-115.0,-115.0,24,24,2025-08-25 10:07:48+00:00,2025-08-25 10:07:48+00:00,2025-08-25 10:07:48+00:00,2025-08-27 02:00:00+00:00,0.0,2025-08-26,2025,REG,LAS,PHX,1.0697674418604652,True,,0.5,401736355,3142010,6,11,1,True,False,matched,1.0,2025-08-26,under,0.09172158485062154,1.8695652173913042,0.8695652173913042,1.0,False,False,False
2389,b9309c4a47f70ba3f7d89eb68ec5759e,40,Alyssa Thomas,alyssathomas,PHO,assists,8.5,-150.0,120.0,24,24,2025-08-25 10:07:48+00:00,2025-08-25 10:07:48+00:00,2025-08-25 10:07:48+00:00,2025-08-27 02:00:00+00:00,0.0,2025-08-26,2025,REG,LAS,PHX,1.0545454545454547,True,,0.5746986093321318,401736355,2529140,11,6,0,True,False,matched,15.0,2025-08-26,under,0.06552861922297959,2.2,-1.0,1.0,False,False,False
2388,d7d12434c45fa165d1e25133f68434cc,70,Kelsey Mitchell,kelseymitchell,IND,threes,2.5,-130.0,100.0,24,24,2025-08-25 10:07:49+00:00,2025-08-25 10:07:49+00:00,2025-08-25 10:07:49+00:00,2025-08-26 23:00:00+00:00,0.0,2025-08-26,2025,REG,IND,SEA,1.065217391304348,True,,0.5336835053940976,401736354,3142191,5,14,1,True,False,matched,2.0,2025-08-26,under,0.22866601526036284,2.0,1.0,1.0,False,False,False
2388,42f303a8e72e55dfcb286fb9f22e4a96,175,Skylar Diggins,skylardiggins,CHI,threes,1.5,100.0,-130.0,24,24,2025-08-25 10:07:49+00:00,2025-08-25 10:07:49+00:00,2025-08-25 10:07:49+00:00,2025-08-26 23:00:00+00:00,0.0,2025-08-26,2025,REG,IND,SEA,1.065217391304348,True,,0.4663164946059025,401736354,2491205,14,5,0,True,False,matched,0.0,2025-08-26,under,0.12027612836598639,1.7692307692307692,0.7692307692307692,1.0,False,False,False
2386,f46893c77d7571bb9681b8fb021c44e1,132,Sabrina Ionescu,sabrinaionescu,NYL,rebounds,4.5,128.0,-172.0,10,10,2025-08-25 15:10:16+00:00,2025-08-25 15:10:16+00:00,2025-08-25 15:10:16+00:00,2025-08-25 23:00:00+00:00,0.0,2025-08-25,2025,REG,NYL,CON,1.0709494324045408,True,,0.39957653069922067,401736352,4066533,9,18,1,True,False,matched,7.0,2025-08-25,over,0.1485483250595508,2.2800000000000002,1.2800000000000002,1.0,False,False,False
2389,463e635924f8434e69eec8d83712b08f,101,Kelsey Plum,kelseyplum,LAS,points,20.5,-114.0,-114.0,10,10,2025-08-25 15:49:02+00:00,2025-08-25 15:49:02+00:00,2025-08-25 15:49:02+00:00,2025-08-27 02:00:00+00:00,0.0,2025-08-26,2025,REG,LAS,PHX,1.0654205607476634,True,,0.5000000000000001,401736355,3065570,6,11,1,True,False,matched,20.0,2025-08-26,under,0.1395846108978273,1.8771929824561404,0.8771929824561404,1.0,False,False,False
2389,d0ca5a793d4e63cde41238a57dcc9484,87,Cameron Brink,cameronbrink,LAS,points,6.5,100.0,-130.0,10,10,2025-08-25 15:49:02+00:00,2025-08-25 15:49:02+00:00,2025-08-25 15:49:02+00:00,2025-08-27 02:00:00+00:00,0.0,2025-08-26,2025,REG,LAS,PHX,1.065217391304348,True,,0.4663164946059025,401736355,4433404,6,11,1,True,False,matched,4.0,2025-08-26,under,0.05082985619502339,1.7692307692307692,0.7692307692307692,1.0,False,False,False
2389,e2e53e604bb2ed6497ef2924b6edd704,94,Rickea Jackson,rickeajackson,CHI,points,16.5,-113.0,-115.0,10,10,2025-08-25 15:53:40+00:00,2025-08-25 15:53:40+00:00,2025-08-25 15:53:40+00:00,2025-08-27 02:00:00+00:00,0.0,2025-08-26,2025,REG,LAS,PHX,1.0654001528551151,True,,0.49774423259931944,401736355,4433630,6,11,1,True,False,matched,21.0,2025-08-26,under,0.14706567988719477,1.8695652173913042,-1.0,1.0,False,False,False
2389,2381cbab7c57ebe2d10c7285efeede9d,89,Dearica Hamby,dearicahamby,LAS,points,17.5,-128.0,-102.0,10,10,2025-08-25 15:58:28+00:00,2025-08-25 15:58:28+00:00,2025-08-25 15:58:28+00:00,2025-08-27 02:00:00+00:00,0.0,2025-08-26,2025,REG,LAS,PHX,1.0663540038214347,True,,0.5291749480305961,401736355,2566106,6,11,1,True,False,matched,25.0,2025-08-26,under,0.1633531376104974,1.9803921568627452,-1.0,1.0,False,False,False
2389,c488d41261d9aad0d97776fdb5f71e7b,54,Satou Sabally,satousabally,NYL,rebounds,6.5,112.0,-148.0,10,10,2025-08-25 15:58:28+00:00,2025-08-25 15:58:28+00:00,2025-08-25 15:58:28+00:00,2025-08-27 02:00:00+00:00,0.0,2025-08-26,2025,REG,LAS,PHX,1.0684723067559343,True,,0.43527724698320036,401736355,4281929,11,6,0,True,False,matched,3.0,2025-08-26,under,0.15793436794389787,1.6756756756756757,0.6756756756756757,1.0,False,False,False
2388,1a0fd9f7030d35ecf97693f304365100,180,Nneka Ogwumike,nnekaogwumike,LAS,threes,2.5,152.0,-205.0,10,10,2025-08-25 16:24:21+00:00,2025-08-25 16:24:21+00:00,2025-08-25 16:24:21+00:00,2025-08-26 23:00:00+00:00,0.0,2025-08-26,2025,REG,IND,SEA,1.0689565443663804,True,,0.3574180627171931,401736354,1068,14,5,0,True,False,matched,2.0,2025-08-26,under,0.06978607614660937,1.4878048780487805,0.4878048780487805,1.0,False,False,False
2388,dcea5c2683adce1659f6a963b5d6a1b0,176,Ezi Magbegor,ezimagbegor,SEA,rebounds,5.5,-170.0,120.0,33,33,2025-08-25 18:46:08+00:00,2025-08-25 18:46:08+00:00,2025-08-25 18:46:08+00:00,2025-08-26 23:00:00+00:00,0.0,2025-08-26,2025,REG,IND,SEA,1.0841750841750841,True,,0.5914367336052418,401736354,4420318,14,5,0,True,False,matched,2.0,2025-08-26,under,0.12811914146492742,2.2,1.2000000000000002,1.0,False,False,False
2390,0ecf8e7f6a2270d4b7736d7f2e8e101d,103,A'ja Wilson,ajawilson,LVA,points,23.5,-120.0,-108.0,10,10,2025-08-26 04:08:18+00:00,2025-08-26 04:08:18+00:00,2025-08-26 04:08:18+00:00,2025-08-27 23:30:00+00:00,0.0,2025-08-27,2025,REG,ATL,LVA,1.0646853146853146,True,,0.5135396953663074,401736356,3149391,17,20,0,True,False,matched,34.0,2025-08-27,under,0.2575587862712618,1.925925925925926,-1.0,1.0,False,False,False
2390,365bfc739e0dd44c92e8eb51192e4861,102,Jackie Young,jackieyoung,LVA,points,15.5,-115.0,-113.0,10,10,2025-08-26 04:12:48+00:00,2025-08-26 04:12:48+00:00,2025-08-26 04:12:48+00:00,2025-08-27 23:30:00+00:00,0.0,2025-08-27,2025,REG,ATL,LVA,1.0654001528551151,True,,0.5022557674006809,401736356,4065870,17,20,0,True,False,matched,10.0,2025-08-27,under,0.16837778519232083,1.8849557522123894,0.8849557522123894,1.0,False,False,False
2390,7cad624460681059c3d9e559ff4cfa3f,73,NaLyssa Smith,nalyssasmith,LVA,points,7.5,-110.0,-118.0,10,10,2025-08-26 04:12:48+00:00,2025-08-26 04:12:48+00:00,2025-08-26 04:12:48+00:00,2025-08-27 23:30:00+00:00,0.0,2025-08-27,2025,REG,ATL,LVA,1.0650939274792486,True,,0.4909754767731684,401736356,4398776,17,20,0,True,False,matched,2.0,2025-08-27,under,0.13217734187830749,1.847457627118644,0.847457627118644,1.0,False,False,False
2390,cdab64bbe7e40faa6fd3e205970c903e,15,Rhyne Howard,rhynehoward,ATL,points,16.5,100.0,-130.0,10,10,2025-08-26 04:12:48+00:00,2025-08-26 04:12:48+00:00,2025-08-26 04:12:48+00:00,2025-08-27 23:30:00+00:00,0.0,2025-08-27,2025,REG,ATL,LVA,1.065217391304348,True,,0.4663164946059025,401736356,4398674,20,17,1,True,False,matched,19.0,2025-08-27,under,0.07713945466714667,1.7692307692307692,-1.0,1.0,False,False,False
2390,91141a2129dcf8f21573dfacac8aa33b,166,Jewell Loyd,jewellloyd,LVA,points,10.5,-125.0,-104.0,10,10,2025-08-26 04:17:19+00:00,2025-08-26 04:17:19+00:00,2025-08-26 04:17:19+00:00,2025-08-27 23:30:00+00:00,0.0,2025-08-27,2025,REG,ATL,LVA,1.065359477124183,True,,0.5236312520088393,401736356,2987869,17,20,0,True,False,matched,14.0,2025-08-27,under,0.16776475058216567,1.9615384615384617,-1.0,1.0,False,False,False
2391,3743b4c4ae4f98190fb1263772e4bcc8,22,Marina Mabrey,marinamabrey,TOR,rebounds,4.5,-125.0,-106.0,10,10,2025-08-26 04:36:47+00:00,2025-08-26 04:36:47+00:00,2025-08-26 04:36:47+00:00,2025-08-28 00:00:00+00:00,0.0,2025-08-27,2025,REG,DAL,CON,1.070118662351672,True,,0.5212291071384377,401736357,3904576,18,3,0,True,False,matched,4.0,2025-08-27,under,0.06497731257182676,1.9433962264150944,0.9433962264150944,1.0,False,False,False
2391,ca39671af0a75037265fd74ebba9a081,9,Tina Charles,tinacharles,FA,rebounds,6.5,-106.0,-125.0,10,10,2025-08-26 04:36:48+00:00,2025-08-26 04:36:48+00:00,2025-08-26 04:36:48+00:00,2025-08-28 00:00:00+00:00,0.0,2025-08-27,2025,REG,DAL,CON,1.070118662351672,True,,0.4787708928615623,401736357,918,18,3,0,True,False,matched,5.0,2025-08-27,over,0.06844758583665067,1.9433962264150944,-1.0,1.0,False,False,False
2391,2e6e7e62840e92250abe6478c0ea7ded,61,Maddy Siegrist,maddysiegrist,DAL,rebounds,4.5,-146.0,110.0,10,10,2025-08-26 04:36:48+00:00,2025-08-26 04:36:48+00:00,2025-08-26 04:36:48+00:00,2025-08-28 00:00:00+00:00,0.0,2025-08-27,2025,REG,DAL,CON,1.0696864111498257,True,,0.5607420039050215,401736357,4399415,3,18,1,True,False,matched,2.0,2025-08-27,over,0.05172889486114768,1.6849315068493151,-1.0,1.0,False,False,False
2389,e16e0944b5fc46f5864380c96c6f9750,45,DeWanna Bonner,dewannabonner,PHO,points,11.5,100.0,-130.0,10,10,2025-08-26 18:26:49+00:00,2025-08-26 18:26:49+00:00,2025-08-26 18:26:49+00:00,2025-08-27 02:00:00+00:00,0.0,2025-08-26,2025,REG,LAS,PHX,1.065217391304348,True,,0.4663164946059025,401736355,869,11,6,0,True,False,matched,14.0,2025-08-26,under,0.10323645992162694,1.7692307692307692,-1.0,1.0,False,False,False
2389,0607af664199e68c93b46566820bdc75,84,Julie Allemand,julieallemand,TOR,assists,6.5,116.0,-154.0,10,10,2025-08-26 23:40:56+00:00,2025-08-26 23:40:56+00:00,2025-08-26 23:40:56+00:00,2025-08-27 02:00:00+00:00,0.0,2025-08-26,2025,REG,LAS,PHX,1.0692621755613883,True,,0.425792012343204,401736355,4001679,6,11,1,True,False,matched,6.0,2025-08-26,under,0.15020175741498348,1.6493506493506493,0.6493506493506493,1.0,False,False,False
2392,b9feb44fba701b21f7092bd3d011142e,137,Breanna Stewart,breannastewart,NYL,threes,0.5,-245.0,178.0,10,10,2025-08-27 06:19:29+00:00,2025-08-27 06:19:29+00:00,2025-08-27 06:19:29+00:00,2025-08-28 23:00:00+00:00,0.0,2025-08-28,2025,REG,NYL,WAS,1.0698571577520593,True,,0.6816736496668425,401736358,2998928,9,16,1,True,False,matched,1.0,2025-08-28,under,0.4314533050911367,2.7800000000000002,-1.0,1.0,False,False,False
2392,09db7f94290e8d609ea2ebed9ecc6aba,573,Sonia Citron,soniacitron,WAS,threes,1.5,-146.0,110.0,10,10,2025-08-27 06:19:29+00:00,2025-08-27 06:19:29+00:00,2025-08-27 06:19:29+00:00,2025-08-28 23:00:00+00:00,0.0,2025-08-28,2025,REG,NYL,WAS,1.0696864111498257,True,,0.5607420039050215,401736358,4433524,16,9,0,True,False,matched,4.0,2025-08-28,under,0.17935730089203838,2.1,-1.0,1.0,False,False,False
2392,f0ca8f81443423e066508ff3c6dec24f,132,Sabrina Ionescu,sabrinaionescu,NYL,rebounds,4.5,112.0,-148.0,10,10,2025-08-27 06:19:29+00:00,2025-08-27 06:19:29+00:00,2025-08-27 06:19:29+00:00,2025-08-28 23:00:00+00:00,0.0,2025-08-28,2025,REG,NYL,WAS,1.0684723067559343,True,,0.43527724698320036,401736358,4066533,9,16,1,True,True,did_not_play,,2025-08-28,over,0.17082026406003292,2.12,0.0,0.0,False,True,False
2392,718bb0d485e60c349d4babc97c911c90,572,Kiki Iriafen,kikiiriafen,WAS,rebounds,10.5,110.0,-146.0,10,10,2025-08-27 06:19:29+00:00,2025-08-27 06:19:29+00:00,2025-08-27 06:19:29+00:00,2025-08-28 23:00:00+00:00,0.0,2025-08-28,2025,REG,NYL,WAS,1.0696864111498257,True,,0.4392579960949788,401736358,4898384,16,9,0,True,False,matched,4.0,2025-08-28,under,0.1497506363659174,1.6849315068493151,0.6849315068493151,1.0,False,False,False
2392,74f22326f71f6841c3d3d23d4bcde314,141,Jonquel Jones,jonqueljones,NYL,assists,3.5,118.0,-158.0,10,10,2025-08-27 06:19:29+00:00,2025-08-27 06:19:29+00:00,2025-08-27 06:19:29+00:00,2025-08-28 23:00:00+00:00,0.0,2025-08-28,2025,REG,NYL,WAS,1.0711186971054691,True,,0.42034729080094674,401736358,2999101,9,16,1,True,True,did_not_play,,2025-08-28,under,0.10910790296971412,1.6329113924050633,0.0,0.0,False,True,False
2392,46577a593315383ff8ddbe33ac2eded1,196,Shakira Austin,shakiraaustin,WAS,rebounds,6.5,-136.0,102.0,10,10,2025-08-27 06:19:30+00:00,2025-08-27 06:19:30+00:00,2025-08-27 06:19:30+00:00,2025-08-28 23:00:00+00:00,0.0,2025-08-28,2025,REG,NYL,WAS,1.071320691391173,True,,0.5420932924427202,401736358,4398911,16,9,0,True,False,matched,5.0,2025-08-28,under,0.14719710720886647,2.02,1.02,1.0,False,False,False
2393,0db8b733824cbb9b77cd3850e924ac93,175,Skylar Diggins,skylardiggins,CHI,points,13.5,-128.0,-102.0,10,10,2025-08-27 06:40:11+00:00,2025-08-27 06:40:11+00:00,2025-08-27 06:40:11+00:00,2025-08-29 00:00:00+00:00,0.0,2025-08-28,2025,REG,MIN,SEA,1.0663540038214347,True,,0.5291749480305961,401736359,2491205,14,8,0,True,False,matched,23.0,2025-08-28,under,0.18800113859175888,1.9803921568627452,-1.0,1.0,False,False,False
2393,dfa83d74752e5d2a8f23b438a6bbb8c2,180,Nneka Ogwumike,nnekaogwumike,LAS,rebounds,6.5,-146.0,110.0,10,10,2025-08-27 06:40:11+00:00,2025-08-27 06:40:11+00:00,2025-08-27 06:40:11+00:00,2025-08-29 00:00:00+00:00,0.0,2025-08-28,2025,REG,MIN,SEA,1.0696864111498257,True,,0.5607420039050215,401736359,1068,14,8,0,True,False,matched,9.0,2025-08-28,under,0.18184394388555036,2.1,-1.0,1.0,False,False,False
2393,7228488fbcc34ecac3d96e9ca361e3f0,112,Napheesa Collier,napheesacollier,MIN,points,21.5,-108.0,-120.0,10,10,2025-08-27 06:40:11+00:00,2025-08-27 06:40:11+00:00,2025-08-27 06:40:11+00:00,2025-08-29 00:00:00+00:00,0.0,2025-08-28,2025,REG,MIN,SEA,1.0646853146853146,True,,0.48646030463369283,401736359,3917450,8,14,1,True,False,matched,18.0,2025-08-28,under,0.11034367272298884,1.8333333333333335,0.8333333333333335,1.0,False,False,False
2393,fe6d6bc9204a9a289fb7c97c9c1b5071,182,Brittney Sykes,brittneysykes,TOR,assists,3.5,136.0,-182.0,10,10,2025-08-27 06:45:24+00:00,2025-08-27 06:45:24+00:00,2025-08-27 06:45:24+00:00,2025-08-29 00:00:00+00:00,0.0,2025-08-28,2025,REG,MIN,SEA,1.0691188844813078,True,,0.3852200050347327,401736359,2988756,14,8,0,True,False,matched,5.0,2025-08-28,over,0.16276622053851564,2.3600000000000003,1.3600000000000003,1.0,False,False,False
2393,22f775104792fde14d389c9f0c043ee5,125,Kayla McBride,kaylamcbride,MIN,points,13.5,-122.0,-106.0,10,10,2025-08-27 06:45:24+00:00,2025-08-27 06:45:24+00:00,2025-08-27 06:45:24+00:00,2025-08-29 00:00:00+00:00,0.0,2025-08-28,2025,REG,MIN,SEA,1.064112656345666,True,,0.518058368553134,401736359,2529205,8,14,1,True,False,matched,20.0,2025-08-28,under,0.07723884920975732,1.9433962264150944,-1.0,1.0,False,False,False
2394,de567caab447ad54a0f3a24d2397a535,40,Alyssa Thomas,alyssathomas,PHO,assists,9.5,-148.0,112.0,10,10,2025-08-27 06:50:28+00:00,2025-08-27 06:50:28+00:00,2025-08-27 06:50:28+00:00,2025-08-29 02:00:00+00:00,0.0,2025-08-28,2025,REG,PHX,CHI,1.0684723067559343,True,,0.5647227530167998,401736360,2529140,11,19,1,True,False,matched,6.0,2025-08-28,under,0.2852232676241006,2.12,1.12,1.0,False,False,False
2394,b0eece03f9aac8f11e94563628444ca8,26,Angel Reese,angelreese,ATL,rebounds,12.5,104.0,-138.0,10,10,2025-08-27 06:50:28+00:00,2025-08-27 06:50:28+00:00,2025-08-27 06:50:28+00:00,2025-08-29 02:00:00+00:00,0.0,2025-08-28,2025,REG,PHX,CHI,1.0700280112044818,True,,0.4535791638529251,401736360,4433402,19,11,0,True,False,matched,20.0,2025-08-28,under,0.09273093553492939,1.7246376811594204,-1.0,1.0,False,False,False
2392,508b7328db51bcc2f74164b94cb5feb3,147,Leonie Fiebich,leoniefiebich,NYL,threes,1.5,-115.0,-125.0,33,33,2025-08-27 13:29:12+00:00,2025-08-27 13:29:12+00:00,2025-08-27 13:29:12+00:00,2025-08-28 23:00:00+00:00,0.0,2025-08-28,2025,REG,NYL,WAS,1.0904392764857882,True,,0.489168290835087,401736358,4683006,9,16,1,True,False,matched,0.0,2025-08-28,under,0.1525028976672077,1.8,0.8,1.0,False,False,False
2390,40477f4f31870680639ff1d1b5ffb2fe,148,Brittney Griner,brittneygriner,CON,points,9.5,-105.0,-125.0,19,19,2025-08-27 13:30:20+00:00,2025-08-27 13:30:20+00:00,2025-08-27 13:30:20+00:00,2025-08-27 23:30:00+00:00,0.0,2025-08-27,2025,REG,ATL,LVA,1.067750677506775,True,,0.47757418034290006,401736356,2490553,20,17,1,True,False,matched,2.0,2025-08-27,under,0.20362898771872967,1.8,0.8,1.0,False,False,False
2394,607f4ad443867e2d2d1dd933be33c995,155,Kahleah Copper,kahleahcopper,PHO,points,16.5,-122.0,-106.0,10,10,2025-08-27 15:56:53+00:00,2025-08-27 15:56:53+00:00,2025-08-27 15:56:53+00:00,2025-08-29 02:00:00+00:00,0.0,2025-08-28,2025,REG,PHX,CHI,1.064112656345666,True,,0.518058368553134,401736360,2998938,11,19,1,True,False,matched,28.0,2025-08-28,under,0.1428031605205623,1.9433962264150944,-1.0,1.0,False,False,False
2394,07720c4965c3bb8e51a78b91a996aaeb,185,Ariel Atkins,arielatkins,LAS,points,13.5,-125.0,-104.0,10,10,2025-08-27 16:07:08+00:00,2025-08-27 16:07:08+00:00,2025-08-27 16:07:08+00:00,2025-08-29 02:00:00+00:00,0.0,2025-08-28,2025,REG,PHX,CHI,1.065359477124183,True,,0.5236312520088393,401736360,3146151,19,11,0,True,False,matched,9.0,2025-08-28,under,0.06679344004413701,1.9615384615384617,0.9615384615384617,1.0,False,False,False
2392,4dce9f91113cf141af61f0bc4dfca0aa,149,Sug Sutton,sugsutton,DAL,points,8.5,-115.0,-125.0,33,33,2025-08-27 17:27:17+00:00,2025-08-27 17:27:17+00:00,2025-08-27 17:27:17+00:00,2025-08-28 23:00:00+00:00,0.0,2025-08-28,2025,REG,NYL,WAS,1.0904392764857882,True,,0.489168290835087,401736358,4068159,16,9,0,True,False,matched,2.0,2025-08-28,under,0.08675005157073062,1.8,0.8,1.0,False,False,False
2396,e1293cb8316f74ca8f9b68a4e061cdbe,87,Cameron Brink,cameronbrink,LAS,points,7.5,-118.0,-110.0,10,10,2025-08-27 18:04:33+00:00,2025-08-27 18:04:33+00:00,2025-08-27 18:04:33+00:00,2025-08-30 02:00:00+00:00,0.0,2025-08-29,2025,REG,LAS,IND,1.0650939274792486,True,,0.5090245232268319,401736362,4433404,6,5,1,True,False,matched,4.0,2025-08-29,under,0.43777353983071476,1.9090909090909092,0.9090909090909092,1.0,False,False,False
2390,9070f3a59d140e1b4d194812e19b75ea,510,Te-Hina Paopao,tehinapaopao,ATL,threes,1.5,-146.0,110.0,10,10,2025-08-27 18:39:38+00:00,2025-08-27 18:39:38+00:00,2025-08-27 18:39:38+00:00,2025-08-27 23:30:00+00:00,0.0,2025-08-27,2025,REG,ATL,LVA,1.0696864111498257,True,,0.5607420039050215,401736356,4433431,20,17,1,True,False,matched,1.0,2025-08-27,under,0.22859438352225386,2.1,1.1,1.0,False,False,False
2396,400adc41069a2334a2284dcd115078fa,71,Aliyah Boston,aliyahboston,IND,rebounds,8.5,-114.0,-114.0,10,10,2025-08-27 18:39:42+00:00,2025-08-27 18:39:42+00:00,2025-08-27 18:39:42+00:00,2025-08-30 02:00:00+00:00,0.0,2025-08-29,2025,REG,LAS,IND,1.0654205607476634,True,,0.5000000000000001,401736362,4432831,5,6,0,True,False,matched,11.0,2025-08-29,under,0.07008240279764022,1.8771929824561404,-1.0,1.0,False,False,False
2396,3411dd70d03a139389601f2b966365bf,94,Rickea Jackson,rickeajackson,CHI,points,16.5,-102.0,-128.0,10,10,2025-08-27 18:44:52+00:00,2025-08-27 18:44:52+00:00,2025-08-27 18:44:52+00:00,2025-08-30 02:00:00+00:00,0.0,2025-08-29,2025,REG,LAS,IND,1.0663540038214347,True,,0.47082505196940394,401736362,4433630,6,5,1,True,False,matched,8.0,2025-08-29,under,0.07031703378030313,1.78125,0.78125,1.0,False,False,False
2396,c6d41800b79d462f32f76f0033aa2985,101,Kelsey Plum,kelseyplum,LAS,points,19.5,-114.0,-114.0,10,10,2025-08-27 18:44:53+00:00,2025-08-27 18:44:53+00:00,2025-08-27 18:44:53+00:00,2025-08-30 02:00:00+00:00,0.0,2025-08-29,2025,REG,LAS,IND,1.0654205607476634,True,,0.5000000000000001,401736362,3065570,6,5,1,True,False,matched,12.0,2025-08-29,under,0.09129198835725438,1.8771929824561404,0.8771929824561404,1.0,False,False,False
2396,df5d2b84a0dbf4ce928cb47ad720bd3b,70,Kelsey Mitchell,kelseymitchell,IND,threes,2.5,-102.0,-130.0,10,10,2025-08-27 18:44:53+00:00,2025-08-27 18:44:53+00:00,2025-08-27 18:44:53+00:00,2025-08-30 02:00:00+00:00,0.0,2025-08-29,2025,REG,LAS,IND,1.0701678863538528,True,,0.46878765056355093,401736362,3142191,5,6,0,True,False,matched,1.0,2025-08-29,under,0.08648402345799416,1.7692307692307692,0.7692307692307692,1.0,False,False,False
2391,dff518f9869e64b73894e78b673e88d8,518,Saniya Rivers,saniyarivers,CON,points,8.5,-128.0,-102.0,10,10,2025-08-27 23:05:00+00:00,2025-08-27 23:05:00+00:00,2025-08-27 23:05:00+00:00,2025-08-28 00:00:00+00:00,0.0,2025-08-27,2025,REG,DAL,CON,1.0663540038214347,True,,0.5291749480305961,401736357,4433514,18,3,0,True,False,matched,11.0,2025-08-27,under,0.24201061043066868,1.9803921568627452,-1.0,1.0,False,False,False
2391,9b062a6c807de339a4a5fd544b40ac5c,39,Leila Lacan,leilalacan,CON,assists,4.5,-130.0,-102.0,10,10,2025-08-27 23:11:29+00:00,2025-08-27 23:11:29+00:00,2025-08-27 23:11:29+00:00,2025-08-28 00:00:00+00:00,0.0,2025-08-27,2025,REG,DAL,CON,1.0701678863538528,True,,0.5312123494364493,401736357,5208981,18,3,0,True,False,matched,6.0,2025-08-27,under,0.09942509315951664,1.9803921568627452,-1.0,1.0,False,False,False
2391,fa2bf9b43bd5fbc825cc275abef2a509,519,Aneesah Morrow,aneesahmorrow,CON,rebounds,7.5,100.0,-132.0,10,10,2025-08-27 23:11:29+00:00,2025-08-27 23:11:29+00:00,2025-08-27 23:11:29+00:00,2025-08-28 00:00:00+00:00,0.0,2025-08-27,2025,REG,DAL,CON,1.0689655172413794,True,,0.46430627616618364,401736357,4684384,18,3,0,True,False,matched,11.0,2025-08-27,over,0.09127978885234733,2.0,1.0,1.0,False,False,False
2391,df9bc177ed11754c220bf2987ff29bbc,526,Aziaha James,aziahajames,DAL,points,9.5,104.0,-135.0,10,10,2025-08-27 23:29:22+00:00,2025-08-27 23:29:22+00:00,2025-08-27 23:29:22+00:00,2025-08-28 00:00:00+00:00,0.0,2025-08-27,2025,REG,DAL,CON,1.0646641635377556,True,,0.45648742045938223,401736357,4433807,3,18,1,True,False,matched,22.0,2025-08-27,under,0.49574846937277006,1.7407407407407407,-1.0,1.0,False,False,False
2393,e1e60245b73c898e9a8e9d5568fd9005,176,Ezi Magbegor,ezimagbegor,SEA,rebounds,5.5,-140.0,105.0,33,33,2025-08-28 10:06:37+00:00,2025-08-28 10:06:37+00:00,2025-08-28 10:06:37+00:00,2025-08-29 00:00:00+00:00,0.0,2025-08-28,2025,REG,MIN,SEA,1.0711382113821137,True,,0.5495039019869297,401736359,4420318,14,8,0,True,False,matched,7.0,2025-08-28,under,0.057446259989852255,2.05,-1.0,1.0,False,False,False
2393,e52c3e2374e828ad69b3874f9baf4094,115,Natisha Hiedeman,natishahiedeman,SEA,threes,1.5,162.0,-220.0,10,10,2025-08-28 15:22:25+00:00,2025-08-28 15:22:25+00:00,2025-08-28 15:22:25+00:00,2025-08-29 00:00:00+00:00,0.0,2025-08-28,2025,REG,MIN,SEA,1.069179389312977,True,,0.3415656920936278,401736359,3906753,8,14,1,True,False,matched,0.0,2025-08-28,under,0.1871121579137346,1.4545454545454546,0.4545454545454546,1.0,False,False,False
2395,dd88a32c336bdeb6fbe4c9f67213b0d0,49,Brionna Jones,brionnajones,ATL,rebounds,5.5,-144.0,108.0,10,10,2025-08-28 15:49:07+00:00,2025-08-28 15:49:07+00:00,2025-08-28 15:49:07+00:00,2025-08-29 23:30:00+00:00,0.0,2025-08-29,2025,REG,ATL,DAL,1.0709331651954601,True,,0.5566845205396996,401736361,3058895,20,3,1,True,False,matched,5.0,2025-08-29,over,0.1172129748342422,1.6944444444444444,-1.0,1.0,False,False,False
2395,da387fdee1db56f4645aaf88761a82ab,15,Rhyne Howard,rhynehoward,ATL,rebounds,4.5,118.0,-158.0,10,10,2025-08-28 15:49:07+00:00,2025-08-28 15:49:07+00:00,2025-08-28 15:49:07+00:00,2025-08-29 23:30:00+00:00,0.0,2025-08-29,2025,REG,ATL,DAL,1.0711186971054691,True,,0.42034729080094674,401736361,4398674,20,3,1,True,False,matched,4.0,2025-08-29,under,0.05559625471302626,1.6329113924050633,0.6329113924050633,1.0,False,False,False
2395,59c8c3b33ac40fc23501a01fb1ddb505,16,Naz Hillmon,nazhillmon,ATL,rebounds,5.5,-144.0,108.0,10,10,2025-08-28 15:49:08+00:00,2025-08-28 15:49:08+00:00,2025-08-28 15:49:08+00:00,2025-08-29 23:30:00+00:00,0.0,2025-08-29,2025,REG,ATL,DAL,1.0709331651954601,True,,0.5566845205396996,401736361,4398915,20,3,1,True,False,matched,5.0,2025-08-29,over,0.18871033630323314,1.6944444444444444,-1.0,1.0,False,False,False
2395,e267e947f5e9b546f643a925762440a7,528,Paige Bueckers,paigebueckers,DAL,points,18.5,-114.0,-114.0,10,10,2025-08-28 15:54:01+00:00,2025-08-28 15:54:01+00:00,2025-08-28 15:54:01+00:00,2025-08-29 23:30:00+00:00,0.0,2025-08-29,2025,REG,ATL,DAL,1.0654205607476634,True,,0.5000000000000001,401736361,4433730,3,20,0,True,False,matched,16.0,2025-08-29,under,0.1652846604174869,1.8771929824561404,0.8771929824561404,1.0,False,False,False
2395,eb51be046f38f82bc4d29ee7de6cb417,61,Maddy Siegrist,maddysiegrist,DAL,points,15.5,-128.0,-102.0,10,10,2025-08-28 15:54:02+00:00,2025-08-28 15:54:02+00:00,2025-08-28 15:54:02+00:00,2025-08-29 23:30:00+00:00,0.0,2025-08-29,2025,REG,ATL,DAL,1.0663540038214347,True,,0.5291749480305961,401736361,4399415,3,20,0,True,False,matched,23.0,2025-08-29,under,0.4635728735746688,1.9803921568627452,-1.0,1.0,False,False,False
2396,545cc6fb443641cff0ca336e6ffc054e,84,Julie Allemand,julieallemand,TOR,assists,6.5,-125.0,-106.0,10,10,2025-08-29 06:07:05+00:00,2025-08-29 06:07:05+00:00,2025-08-29 06:07:05+00:00,2025-08-30 02:00:00+00:00,0.0,2025-08-29,2025,REG,LAS,IND,1.070118662351672,True,,0.5212291071384377,401736362,4001679,6,5,1,True,False,matched,4.0,2025-08-29,under,0.37818492659291086,1.9433962264150944,0.9433962264150944,1.0,False,False,False
2396,474eb434ed8e0b03d17b457ae9f1848d,56,Natasha Howard,natashahoward,MIN,points,11.5,-106.0,-122.0,10,10,2025-08-29 06:16:46+00:00,2025-08-29 06:16:46+00:00,2025-08-29 06:16:46+00:00,2025-08-30 02:00:00+00:00,0.0,2025-08-29,2025,REG,LAS,IND,1.064112656345666,True,,0.4819416314468661,401736362,2529130,5,6,0,True,False,matched,5.0,2025-08-29,under,0.1218137928097362,1.819672131147541,0.819672131147541,1.0,False,False,False
2396,39a84c2f465fb4318e94151f604a38f9,76,Lexie Hull,lexiehull,IND,rebounds,4.5,-114.0,-114.0,10,10,2025-08-29 06:16:47+00:00,2025-08-29 06:16:47+00:00,2025-08-29 06:16:47+00:00,2025-08-30 02:00:00+00:00,0.0,2025-08-29,2025,REG,LAS,IND,1.0654205607476634,True,,0.5000000000000001,401736362,4398829,5,6,0,True,False,matched,5.0,2025-08-29,under,0.2325150222368076,1.8771929824561404,-1.0,1.0,False,False,False
2396,ed4e3f39a87099b225285302f4bc62c9,293,Odyssey Sims,odysseysims,DAL,threes,1.5,136.0,-186.0,10,10,2025-08-29 06:21:29+00:00,2025-08-29 06:21:29+00:00,2025-08-29 06:21:29+00:00,2025-08-30 02:00:00+00:00,0.0,2025-08-29,2025,REG,LAS,IND,1.0740784639089722,True,,0.38231581416686883,401736362,2529047,5,6,0,True,False,matched,1.0,2025-08-29,under,0.21773516066826423,1.5376344086021505,0.5376344086021505,1.0,False,False,False
2397,a94784346af8ce7ad576140e4f0ddb1b,112,Napheesa Collier,napheesacollier,MIN,points,22.5,-125.0,-104.0,10,10,2025-08-29 07:04:24+00:00,2025-08-29 07:04:24+00:00,2025-08-29 07:04:24+00:00,2025-08-30 23:00:00+00:00,0.0,2025-08-30,2025,REG,CON,MIN,1.065359477124183,True,,0.5236312520088393,401736363,3917450,8,18,0,True,False,matched,17.0,2025-08-30,under,0.2547677920559733,1.9615384615384617,0.9615384615384617,1.0,False,False,False
2397,cfec71b01ab8e6f0e6ab19088f49da83,117,Courtney Williams,courtneywilliams,MIN,rebounds,4.5,-125.0,-106.0,10,10,2025-08-29 07:04:24+00:00,2025-08-29 07:04:24+00:00,2025-08-29 07:04:24+00:00,2025-08-30 23:00:00+00:00,0.0,2025-08-30,2025,REG,CON,MIN,1.070118662351672,True,,0.5212291071384377,401736363,2987891,8,18,0,True,False,matched,8.0,2025-08-30,under,0.1082359627097364,1.9433962264150944,-1.0,1.0,False,False,False
2397,109857bdd1c330468b0198b23b51812c,125,Kayla McBride,kaylamcbride,MIN,points,13.5,-125.0,-104.0,10,10,2025-08-29 07:04:24+00:00,2025-08-29 07:04:24+00:00,2025-08-29 07:04:24+00:00,2025-08-30 23:00:00+00:00,0.0,2025-08-30,2025,REG,CON,MIN,1.065359477124183,True,,0.5236312520088393,401736363,2529205,8,18,0,True,False,matched,15.0,2025-08-30,under,0.08967120403249629,1.9615384615384617,-1.0,1.0,False,False,False
2399,a5f12197e82c1aeaf85e25092f47ff79,180,Nneka Ogwumike,nnekaogwumike,LAS,rebounds,6.5,-154.0,116.0,10,10,2025-08-29 07:24:39+00:00,2025-08-29 07:24:39+00:00,2025-08-29 07:24:39+00:00,2025-08-31 01:00:00+00:00,0.0,2025-08-30,2025,REG,SEA,CHI,1.0692621755613883,True,,0.574207987656796,401736365,1068,14,19,1,True,False,matched,7.0,2025-08-30,under,0.35368106852565784,2.16,-1.0,1.0,False,False,False
2399,d388d2e26f4b01dc57841b4882441647,175,Skylar Diggins,skylardiggins,CHI,threes,1.5,126.0,-168.0,10,10,2025-08-29 07:24:39+00:00,2025-08-29 07:24:39+00:00,2025-08-29 07:24:39+00:00,2025-08-31 01:00:00+00:00,0.0,2025-08-30,2025,REG,SEA,CHI,1.0693435477479856,True,,0.4045224464881516,401736365,2491205,14,19,1,True,False,matched,1.0,2025-08-30,under,0.07943249401153579,1.5952380952380953,0.5952380952380953,1.0,False,False,False
2400,23171632101efa7667db891132501162,40,Alyssa Thomas,alyssathomas,PHO,assists,9.5,-136.0,102.0,10,10,2025-08-29 07:24:40+00:00,2025-08-29 07:24:40+00:00,2025-08-29 07:24:40+00:00,2025-08-31 02:00:00+00:00,0.0,2025-08-30,2025,REG,PHX,NYL,1.071320691391173,True,,0.5420932924427202,401736366,2529140,11,9,1,True,False,matched,9.0,2025-08-30,under,0.27120441630313563,2.02,1.02,1.0,False,False,False
2399,4ee52748a41f296ccc5d1cc481544b53,185,Ariel Atkins,arielatkins,LAS,rebounds,3.5,-172.0,128.0,10,10,2025-08-29 07:24:40+00:00,2025-08-29 07:24:40+00:00,2025-08-29 07:24:40+00:00,2025-08-31 01:00:00+00:00,0.0,2025-08-30,2025,REG,SEA,CHI,1.0709494324045408,True,,0.6004234693007796,401736365,3146151,19,14,0,True,False,matched,2.0,2025-08-30,under,0.18309496169164918,2.2800000000000002,1.2800000000000002,1.0,False,False,False
2399,d0e107efe5a2caea71c747ff104fc21f,26,Angel Reese,angelreese,ATL,rebounds,13.5,110.0,-146.0,10,10,2025-08-29 07:24:40+00:00,2025-08-29 07:24:40+00:00,2025-08-29 07:24:40+00:00,2025-08-31 01:00:00+00:00,0.0,2025-08-30,2025,REG,SEA,CHI,1.0696864111498257,True,,0.4392579960949788,401736365,4433402,19,14,0,True,False,matched,10.0,2025-08-30,under,0.1389825914359351,1.6849315068493151,0.6849315068493151,1.0,False,False,False
2400,79b19ef95902e8b7c5a1f4b2653d6430,137,Breanna Stewart,breannastewart,NYL,rebounds,6.5,124.0,-166.0,10,10,2025-08-29 07:29:57+00:00,2025-08-29 07:29:57+00:00,2025-08-29 07:29:57+00:00,2025-08-31 02:00:00+00:00,0.0,2025-08-30,2025,REG,PHX,NYL,1.0704887218045114,True,,0.40796342297849103,401736366,2998928,9,11,0,True,False,matched,6.0,2025-08-30,over,0.1454152419577453,2.24,-1.0,1.0,False,False,False
2400,d2b896cbd3298cb0ac34818490dc36bf,141,Jonquel Jones,jonqueljones,NYL,threes,1.5,-146.0,110.0,10,10,2025-08-29 16:59:06+00:00,2025-08-29 16:59:06+00:00,2025-08-29 16:59:06+00:00,2025-08-31 02:00:00+00:00,0.0,2025-08-30,2025,REG,PHX,NYL,1.0696864111498257,True,,0.5607420039050215,401736366,2999101,9,11,0,True,False,matched,0.0,2025-08-30,under,0.1421952082956211,2.1,1.1,1.0,False,False,False
2400,11e68654b775dd48f259a8b119f420ec,155,Kahleah Copper,kahleahcopper,PHO,points,16.5,-120.0,-108.0,10,10,2025-08-29 17:04:30+00:00,2025-08-29 17:04:30+00:00,2025-08-29 17:04:30+00:00,2025-08-31 02:00:00+00:00,0.0,2025-08-30,2025,REG,PHX,NYL,1.0646853146853146,True,,0.5135396953663074,401736366,2998938,11,9,1,True,False,matched,22.0,2025-08-30,under,0.11548717834487066,1.925925925925926,-1.0,1.0,False,False,False
2400,a4c36b5e818e50a81b312007909921cd,54,Satou Sabally,satousabally,NYL,points,15.5,102.0,-132.0,10,10,2025-08-29 17:04:31+00:00,2025-08-29 17:04:31+00:00,2025-08-29 17:04:31+00:00,2025-08-31 02:00:00+00:00,0.0,2025-08-30,2025,REG,PHX,NYL,1.0640150221918745,True,,0.4618487426836327,401736366,4281929,11,9,1,True,False,matched,14.0,2025-08-30,under,0.06529554562903978,1.7575757575757576,0.7575757575757576,1.0,False,False,False
2398,7d6377262b0d57d889c7601b5ca00625,573,Sonia Citron,soniacitron,WAS,threes,1.5,-166.0,124.0,10,10,2025-08-29 17:15:28+00:00,2025-08-29 17:15:28+00:00,2025-08-29 17:15:28+00:00,2025-08-31 00:30:00+00:00,0.0,2025-08-30,2025,REG,GSV,WAS,1.0704887218045114,True,,0.5920365770215091,401736364,4433524,16,129689,0,True,False,matched,1.0,2025-08-30,under,0.09342072715832461,2.24,1.2400000000000002,1.0,False,False,False
2398,ce1141fd5b7492b4d267ae5dc9b609fe,196,Shakira Austin,shakiraaustin,WAS,rebounds,6.5,-125.0,-106.0,10,10,2025-08-29 17:20:48+00:00,2025-08-29 17:20:48+00:00,2025-08-29 17:20:48+00:00,2025-08-31 00:30:00+00:00,0.0,2025-08-30,2025,REG,GSV,WAS,1.070118662351672,True,,0.5212291071384377,401736364,4398911,16,129689,0,True,False,matched,2.0,2025-08-30,under,0.1629359151479603,1.9433962264150944,0.9433962264150944,1.0,False,False,False
2398,a87a6dad4641676bca0429d507d4bc09,572,Kiki Iriafen,kikiiriafen,WAS,rebounds,8.5,-138.0,104.0,10,10,2025-08-29 17:41:18+00:00,2025-08-29 17:41:18+00:00,2025-08-29 17:41:18+00:00,2025-08-31 00:30:00+00:00,0.0,2025-08-30,2025,REG,GSV,WAS,1.0700280112044818,True,,0.5464208361470752,401736364,4898384,16,129689,0,True,False,matched,3.0,2025-08-30,under,0.18053142163436092,2.04,1.04,1.0,False,False,False
2398,efc5672685e6ccc509bf08c44b26688e,537,Janelle Salaun,janellesalaun,GSV,rebounds,4.5,-158.0,118.0,10,10,2025-08-29 17:41:19+00:00,2025-08-29 17:41:19+00:00,2025-08-29 17:41:19+00:00,2025-08-31 00:30:00+00:00,0.0,2025-08-30,2025,REG,GSV,WAS,1.0711186971054691,True,,0.5796527091990534,401736364,4790264,129689,16,1,True,False,matched,6.0,2025-08-30,under,0.17432396802187805,2.1799999999999997,-1.0,1.0,False,False,False
2395,ceae0ac7cea53c9c5ba5f761d6c7e56a,193,Myisha Hines-Allen,myishahinesallen,IND,assists,3.5,-144.0,108.0,10,10,2025-08-29 22:59:33+00:00,2025-08-29 22:59:33+00:00,2025-08-29 22:59:33+00:00,2025-08-29 23:30:00+00:00,0.0,2025-08-29,2025,REG,ATL,DAL,1.0709331651954601,True,,0.5566845205396996,401736361,3142055,3,20,0,True,False,matched,2.0,2025-08-29,under,0.6620365160330157,2.08,1.08,1.0,False,False,False
2400,d31303756cead095b036a718e1f69aeb,132,Sabrina Ionescu,sabrinaionescu,NYL,assists,6.5,122.0,-162.0,10,10,2025-08-30 05:06:45+00:00,2025-08-30 05:06:45+00:00,2025-08-30 05:06:45+00:00,2025-08-31 02:00:00+00:00,0.0,2025-08-30,2025,REG,PHX,NYL,1.0687710611374732,True,,0.41310819110441305,401736366,4066533,9,11,0,True,True,did_not_play,,2025-08-30,under,0.10244178849456176,1.617283950617284,0.0,0.0,False,True,False
2400,7d94792cd1b9cd089479ee06e084766b,163,Natasha Cloud,natashacloud,CHI,assists,5.5,108.0,-144.0,10,10,2025-08-30 05:11:49+00:00,2025-08-30 05:11:49+00:00,2025-08-30 05:11:49+00:00,2025-08-31 02:00:00+00:00,0.0,2025-08-30,2025,REG,PHX,NYL,1.0709331651954601,True,,0.4433154794603006,401736366,2529137,9,11,0,True,False,matched,4.0,2025-08-30,under,0.3439970358197455,1.6944444444444444,0.6944444444444444,1.0,False,False,False
2402,fb9b7644faa8b78ebf5cc56cfa263a22,70,Kelsey Mitchell,kelseymitchell,IND,threes,2.5,-114.0,-114.0,10,10,2025-08-30 05:18:18+00:00,2025-08-30 05:18:18+00:00,2025-08-30 05:18:18+00:00,2025-09-01 00:30:00+00:00,0.0,2025-08-31,2025,REG,GSV,IND,1.0654205607476634,True,,0.5000000000000001,401736368,3142191,5,129689,0,True,False,matched,2.0,2025-08-31,under,0.14842268504819056,1.8771929824561404,0.8771929824561404,1.0,False,False,False
2402,7de7d196280d5094f0c40af3c7031f0a,56,Natasha Howard,natashahoward,MIN,points,10.5,100.0,-130.0,10,10,2025-08-30 05:18:18+00:00,2025-08-30 05:18:18+00:00,2025-08-30 05:18:18+00:00,2025-09-01 00:30:00+00:00,0.0,2025-08-31,2025,REG,GSV,IND,1.065217391304348,True,,0.4663164946059025,401736368,2529130,5,129689,0,True,False,matched,13.0,2025-08-31,under,0.07904659118792823,1.7692307692307692,-1.0,1.0,False,False,False
2402,750564116cba25f66cda7cdd4ca7ded6,293,Odyssey Sims,odysseysims,DAL,assists,4.5,132.0,-178.0,10,10,2025-08-30 05:18:18+00:00,2025-08-30 05:18:18+00:00,2025-08-30 05:18:18+00:00,2025-09-01 00:30:00+00:00,0.0,2025-08-31,2025,REG,GSV,IND,1.0713222525427932,True,,0.39151484883498083,401736368,2529047,5,129689,0,True,False,matched,5.0,2025-08-31,under,0.0673003243318247,1.5617977528089888,-1.0,1.0,False,False,False
2402,f0d00913f36504a0a0b2f7b5efb50e91,71,Aliyah Boston,aliyahboston,IND,assists,3.5,100.0,-132.0,10,10,2025-08-30 05:18:18+00:00,2025-08-30 05:18:18+00:00,2025-08-30 05:18:18+00:00,2025-09-01 00:30:00+00:00,0.0,2025-08-31,2025,REG,GSV,IND,1.0689655172413794,True,,0.46430627616618364,401736368,4432831,5,129689,0,True,False,matched,3.0,2025-08-31,under,0.053752665604198724,1.7575757575757576,0.7575757575757576,1.0,False,False,False
2401,b2be9c0e5eac1e1f9e0ee05aae8e85e8,94,Rickea Jackson,rickeajackson,CHI,points,16.5,-110.0,-118.0,10,10,2025-08-30 05:47:25+00:00,2025-08-30 05:47:25+00:00,2025-08-30 05:47:25+00:00,2025-09-01 00:00:00+00:00,0.0,2025-08-31,2025,REG,LAS,WAS,1.0650939274792486,True,,0.4909754767731684,401736367,4433630,6,16,1,True,False,matched,16.0,2025-08-31,under,0.14366576006967136,1.847457627118644,0.847457627118644,1.0,False,False,False
2401,ee82ae3b3f10e8161ef819c0fed1fd1d,101,Kelsey Plum,kelseyplum,LAS,points,20.5,-104.0,-125.0,10,10,2025-08-30 05:47:25+00:00,2025-08-30 05:47:25+00:00,2025-08-30 05:47:25+00:00,2025-09-01 00:00:00+00:00,0.0,2025-08-31,2025,REG,LAS,WAS,1.065359477124183,True,,0.4763687479911608,401736367,3065570,6,16,1,True,False,matched,18.0,2025-08-31,under,0.11073971360575696,1.8,0.8,1.0,False,False,False
2401,b1c6ec900e0e4d34af7dd1c01383acee,87,Cameron Brink,cameronbrink,LAS,rebounds,4.5,-166.0,124.0,10,10,2025-08-30 05:47:26+00:00,2025-08-30 05:47:26+00:00,2025-08-30 05:47:26+00:00,2025-09-01 00:00:00+00:00,0.0,2025-08-31,2025,REG,LAS,WAS,1.0704887218045114,True,,0.5920365770215091,401736367,4433404,6,16,1,True,False,matched,2.0,2025-08-31,under,0.3072164026348278,2.24,1.2400000000000002,1.0,False,False,False
2401,c06c3582cfdf969f768cef17d0a6d0ec,89,Dearica Hamby,dearicahamby,LAS,points,17.5,-120.0,-108.0,10,10,2025-08-30 05:47:26+00:00,2025-08-30 05:47:26+00:00,2025-08-30 05:47:26+00:00,2025-09-01 00:00:00+00:00,0.0,2025-08-31,2025,REG,LAS,WAS,1.0646853146853146,True,,0.5135396953663074,401736367,2566106,6,16,1,True,False,matched,20.0,2025-08-31,under,0.08157292255520165,1.925925925925926,-1.0,1.0,False,False,False
2397,b2e4e127f5689b0cb1713851c155e37c,115,Natisha Hiedeman,natishahiedeman,SEA,threes,0.5,-192.0,142.0,10,10,2025-08-30 19:31:16+00:00,2025-08-30 19:31:16+00:00,2025-08-30 19:31:16+00:00,2025-08-30 23:00:00+00:00,0.0,2025-08-30,2025,REG,CON,MIN,1.0707573870712102,True,,0.6266397913999663,401736363,3906753,8,18,0,True,False,matched,0.0,2025-08-30,under,0.10814218212169091,2.42,1.42,1.0,False,False,False
2398,814d188d7a414b960a44893624113a3b,149,Sug Sutton,sugsutton,DAL,assists,3.5,-213.0,155.0,60,60,2025-08-30 19:33:39+00:00,2025-08-30 19:33:39+00:00,2025-08-30 19:33:39+00:00,2025-08-31 00:30:00+00:00,0.0,2025-08-30,2025,REG,GSV,WAS,1.0726680448537242,True,,0.6496711932550505,401736364,4068159,16,129689,0,True,False,matched,3.0,2025-08-30,under,0.08160397040117007,2.55,1.5499999999999998,1.0,False,False,False
2399,37d88b761aefa264a0ba4ccea8b716c1,36,Rachel Banham,rachelbanham,CHI,points,9.5,178.0,-244.0,60,60,2025-08-30 23:06:30+00:00,2025-08-30 23:06:30+00:00,2025-08-30 23:06:30+00:00,2025-08-31 01:00:00+00:00,0.0,2025-08-30,2025,REG,SEA,CHI,1.0690145557972226,True,,0.3188533774347294,401736365,2566186,19,14,0,True,False,matched,5.0,2025-08-30,over,0.07139879303360974,2.7800000000000002,-1.0,1.0,False,False,False
2398,be6d4511410fbb5c587ca19ba83e3959,13,Iliana Rupert,ilianarupert,GSV,points,10.5,-128.0,-102.0,10,10,2025-08-31 00:08:22+00:00,2025-08-31 00:08:22+00:00,2025-08-31 00:08:22+00:00,2025-08-31 00:30:00+00:00,0.0,2025-08-30,2025,REG,GSV,WAS,1.0663540038214347,True,,0.5291749480305961,401736364,4790263,129689,16,1,True,False,matched,7.0,2025-08-30,under,0.4480235093696539,1.9803921568627452,0.9803921568627452,1.0,False,False,False
2400,ff31425b016a96c7be436ebe0e9885a6,130,Kennedy Burke,kennedyburke,CON,points,9.5,-110.0,-118.0,10,10,2025-08-31 00:08:24+00:00,2025-08-31 00:08:24+00:00,2025-08-31 00:08:24+00:00,2025-08-31 02:00:00+00:00,0.0,2025-08-30,2025,REG,PHX,NYL,1.0650939274792486,True,,0.4909754767731684,401736366,3922628,9,11,0,True,False,matched,1.0,2025-08-30,under,0.1933678531922225,1.847457627118644,0.847457627118644,1.0,False,False,False
2400,71e910aba7bab12a60ad99f8031a688a,147,Leonie Fiebich,leoniefiebich,NYL,threes,1.5,108.0,-144.0,10,10,2025-08-31 00:18:15+00:00,2025-08-31 00:18:15+00:00,2025-08-31 00:18:15+00:00,2025-08-31 02:00:00+00:00,0.0,2025-08-30,2025,REG,PHX,NYL,1.0709331651954601,True,,0.4433154794603006,401736366,4683006,9,11,0,True,False,matched,1.0,2025-08-30,under,0.226000585669053,1.6944444444444444,0.6944444444444444,1.0,False,False,False
2402,fdded575b1934caeb5de77ade0fb39fc,537,Janelle Salaun,janellesalaun,GSV,points,12.5,-102.0,-128.0,10,10,2025-08-31 02:47:00+00:00,2025-08-31 02:47:00+00:00,2025-08-31 02:47:00+00:00,2025-09-01 00:30:00+00:00,0.0,2025-08-31,2025,REG,GSV,IND,1.0663540038214347,True,,0.47082505196940394,401736368,4790264,129689,5,1,True,False,matched,10.0,2025-08-31,under,0.1690301515724999,1.78125,0.78125,1.0,False,False,False
2402,9a928ea7de1af43a92fb06d8040c8174,55,Veronica Burton,veronicaburton,GSV,points,14.5,-114.0,-114.0,10,10,2025-08-31 02:47:00+00:00,2025-08-31 02:47:00+00:00,2025-08-31 02:47:00+00:00,2025-09-01 00:30:00+00:00,0.0,2025-08-31,2025,REG,GSV,IND,1.0654205607476634,True,,0.5000000000000001,401736368,4398935,129689,5,1,True,False,matched,8.0,2025-08-31,under,0.06189005645370299,1.8771929824561404,0.8771929824561404,1.0,False,False,False
2401,c9a730bda543a82cfd432d456825cea8,572,Kiki Iriafen,kikiiriafen,WAS,rebounds,8.5,-132.0,100.0,10,10,2025-08-31 03:07:14+00:00,2025-08-31 03:07:14+00:00,2025-08-31 03:07:14+00:00,2025-09-01 00:00:00+00:00,0.0,2025-08-31,2025,REG,LAS,WAS,1.0689655172413794,True,,0.5356937238338165,401736367,4898384,16,6,0,True,False,matched,13.0,2025-08-31,under,0.11636170628578996,2.0,-1.0,1.0,False,False,False
2401,45ef47cacbf57b978b3e90747db8e6c2,573,Sonia Citron,soniacitron,WAS,assists,2.5,-158.0,118.0,10,10,2025-08-31 03:07:15+00:00,2025-08-31 03:07:15+00:00,2025-08-31 03:07:15+00:00,2025-09-01 00:00:00+00:00,0.0,2025-08-31,2025,REG,LAS,WAS,1.0711186971054691,True,,0.5796527091990534,401736367,4433524,16,6,0,True,False,matched,3.0,2025-08-31,under,0.17182193130186485,2.1799999999999997,-1.0,1.0,False,False,False
2403,aa69ff3a01256be0829eef77c1ad3378,15,Rhyne Howard,rhynehoward,ATL,points,17.5,-113.0,-115.0,10,10,2025-08-31 05:14:23+00:00,2025-08-31 05:14:23+00:00,2025-08-31 05:14:23+00:00,2025-09-01 17:00:00+00:00,0.0,2025-09-01,2025,REG,CON,ATL,1.0654001528551151,True,,0.49774423259931944,401736369,4398674,20,18,0,True,False,matched,23.0,2025-09-01,under,0.13203809200716687,1.8695652173913042,-1.0,1.0,False,False,False
2403,229abb586b75077e6d75e2db0a6c444e,1,Allisha Gray,allishagray,ATL,points,17.5,-118.0,-110.0,10,10,2025-08-31 05:14:23+00:00,2025-08-31 05:14:23+00:00,2025-08-31 05:14:23+00:00,2025-09-01 17:00:00+00:00,0.0,2025-09-01,2025,REG,CON,ATL,1.0650939274792486,True,,0.5090245232268319,401736369,3058901,20,18,0,True,False,matched,17.0,2025-09-01,under,0.11799694888228329,1.9090909090909092,0.9090909090909092,1.0,False,False,False
2403,cabf384e6b82696f1cd78022df3f7997,49,Brionna Jones,brionnajones,ATL,points,12.5,-114.0,-114.0,10,10,2025-08-31 05:14:23+00:00,2025-08-31 05:14:23+00:00,2025-08-31 05:14:23+00:00,2025-09-01 17:00:00+00:00,0.0,2025-09-01,2025,REG,CON,ATL,1.0654205607476634,True,,0.5000000000000001,401736369,3058895,20,18,0,True,False,matched,10.0,2025-09-01,under,0.05297825448735405,1.8771929824561404,0.8771929824561404,1.0,False,False,False
2403,d81b1f60581b78eceed98f5a22cea6fb,39,Leila Lacan,leilalacan,CON,assists,4.5,-158.0,118.0,10,10,2025-08-31 05:14:24+00:00,2025-08-31 05:14:24+00:00,2025-08-31 05:14:24+00:00,2025-09-01 17:00:00+00:00,0.0,2025-09-01,2025,REG,CON,ATL,1.0711186971054691,True,,0.5796527091990534,401736369,5208981,18,20,1,True,False,matched,4.0,2025-09-01,under,0.2475424375570514,2.1799999999999997,1.1799999999999997,1.0,False,False,False
2403,2c895d30f654f3686c0b8adb2d5c55f1,22,Marina Mabrey,marinamabrey,TOR,points,14.5,-114.0,-114.0,10,10,2025-08-31 05:14:24+00:00,2025-08-31 05:14:24+00:00,2025-08-31 05:14:24+00:00,2025-09-01 17:00:00+00:00,0.0,2025-09-01,2025,REG,CON,ATL,1.0654205607476634,True,,0.5000000000000001,401736369,3904576,18,20,1,True,False,matched,12.0,2025-09-01,under,0.10508677405260997,1.8771929824561404,0.8771929824561404,1.0,False,False,False
2404,f2438de76eb1724197319b12702ef836,112,Napheesa Collier,napheesacollier,MIN,points,23.5,-106.0,-122.0,10,10,2025-08-31 05:33:16+00:00,2025-08-31 05:33:16+00:00,2025-08-31 05:33:16+00:00,2025-09-02 00:00:00+00:00,0.0,2025-09-01,2025,REG,MIN,DAL,1.064112656345666,True,,0.4819416314468661,401736370,3917450,8,3,1,True,False,matched,25.0,2025-09-01,under,0.19345877302127962,1.819672131147541,-1.0,1.0,False,False,False
2404,9e7d9000a3b9bd13e98d47d46106e535,528,Paige Bueckers,paigebueckers,DAL,assists,4.5,-106.0,-125.0,10,10,2025-08-31 05:33:16+00:00,2025-08-31 05:33:16+00:00,2025-08-31 05:33:16+00:00,2025-09-02 00:00:00+00:00,0.0,2025-09-01,2025,REG,MIN,DAL,1.070118662351672,True,,0.4787708928615623,401736370,4433730,3,8,0,True,False,matched,2.0,2025-09-01,over,0.15641380602508487,1.9433962264150944,-1.0,1.0,False,False,False
2404,d3559d8aba1e4a371b757471016f4181,125,Kayla McBride,kaylamcbride,MIN,threes,2.5,-112.0,-118.0,10,10,2025-08-31 05:33:16+00:00,2025-08-31 05:33:16+00:00,2025-08-31 05:33:16+00:00,2025-09-02 00:00:00+00:00,0.0,2025-09-01,2025,REG,MIN,DAL,1.0695862904621776,True,,0.49327872882454105,401736370,2529205,8,3,1,True,True,did_not_play,,2025-09-01,under,0.10722630047261839,1.847457627118644,0.0,0.0,False,True,False
2404,14b81449d4af16d2f62538a5e4166851,193,Myisha Hines-Allen,myishahinesallen,IND,rebounds,7.5,104.0,-138.0,10,10,2025-08-31 05:42:50+00:00,2025-08-31 05:42:50+00:00,2025-08-31 05:42:50+00:00,2025-09-02 00:00:00+00:00,0.0,2025-09-01,2025,REG,MIN,DAL,1.0700280112044818,True,,0.4535791638529251,401736370,3142055,3,8,0,True,False,matched,8.0,2025-09-01,under,0.199659591670085,1.7246376811594204,-1.0,1.0,False,False,False
2404,0047f4950afbd095fd4e4a40330a0b4a,61,Maddy Siegrist,maddysiegrist,DAL,points,13.5,-128.0,-102.0,10,10,2025-08-31 05:42:50+00:00,2025-08-31 05:42:50+00:00,2025-08-31 05:42:50+00:00,2025-09-02 00:00:00+00:00,0.0,2025-09-01,2025,REG,MIN,DAL,1.0663540038214347,True,,0.5291749480305961,401736370,4399415,3,8,0,True,False,matched,12.0,2025-09-01,under,0.14522379399826008,1.9803921568627452,0.9803921568627452,1.0,False,False,False
2405,495d80bd6f10a422ba5fe63a0eb95137,180,Nneka Ogwumike,nnekaogwumike,LAS,rebounds,7.5,-108.0,-122.0,10,10,2025-08-31 06:17:23+00:00,2025-08-31 06:17:23+00:00,2025-08-31 06:17:23+00:00,2025-09-02 02:00:00+00:00,0.0,2025-09-01,2025,REG,SEA,LAS,1.0687803187803186,True,,0.48431040390879443,401736371,1068,14,6,1,True,False,matched,3.0,2025-09-01,under,0.18726872323933297,1.819672131147541,0.819672131147541,1.0,False,False,False
2405,5baba0fc48c6fcf96b8aa9e9aeea9fe8,208,Gabby Williams,gabbywilliams,GSV,assists,3.5,112.0,-148.0,10,10,2025-08-31 06:17:23+00:00,2025-08-31 06:17:23+00:00,2025-08-31 06:17:23+00:00,2025-09-02 02:00:00+00:00,0.0,2025-09-01,2025,REG,SEA,LAS,1.0684723067559343,True,,0.43527724698320036,401736371,3142328,14,6,1,True,False,matched,2.0,2025-09-01,over,0.09235665904666124,2.12,-1.0,1.0,False,False,False
2405,e281b393682dda87dadb3c04a4714bef,175,Skylar Diggins,skylardiggins,CHI,assists,5.5,-122.0,-108.0,10,10,2025-08-31 06:17:23+00:00,2025-08-31 06:17:23+00:00,2025-08-31 06:17:23+00:00,2025-09-02 02:00:00+00:00,0.0,2025-09-01,2025,REG,SEA,LAS,1.0687803187803186,True,,0.5156895960912058,401736371,2491205,14,6,1,True,False,matched,6.0,2025-09-01,over,0.05343014368975807,1.819672131147541,0.819672131147541,1.0,False,False,False
2401,c99013787c1e62f79b9e8ee5226ca234,84,Julie Allemand,julieallemand,TOR,rebounds,3.5,-136.0,104.0,10,10,2025-08-31 23:30:42+00:00,2025-08-31 23:30:42+00:00,2025-08-31 23:30:42+00:00,2025-09-01 00:00:00+00:00,0.0,2025-08-31,2025,REG,LAS,WAS,1.0664672648720506,True,,0.5444880602493525,401736367,4001679,6,16,1,True,False,matched,6.0,2025-08-31,under,0.2544939928716508,2.04,-1.0,1.0,False,False,False
2401,f86951fd526e4578605d62071b6d8db2,149,Sug Sutton,sugsutton,DAL,points,7.5,-118.0,-110.0,10,10,2025-08-31 23:59:22+00:00,2025-08-31 23:59:22+00:00,2025-08-31 23:59:22+00:00,2025-09-01 00:00:00+00:00,0.0,2025-08-31,2025,REG,LAS,WAS,1.0650939274792486,True,,0.5090245232268319,401736367,4068159,16,6,0,True,False,matched,2.0,2025-08-31,under,0.05275876298111509,1.9090909090909092,0.9090909090909092,1.0,False,False,False
2402,a1b6ee167b35f97a58e849a1e440e16f,13,Iliana Rupert,ilianarupert,GSV,points,14.5,326.0,-435.0,60,60,2025-09-01 00:06:38+00:00,2025-09-01 00:06:38+00:00,2025-09-01 00:06:38+00:00,2025-09-01 00:30:00+00:00,0.0,2025-08-31,2025,REG,GSV,IND,1.0478258961870914,True,,0.2033895549305386,401736368,4790263,129689,5,1,True,False,matched,21.0,2025-08-31,under,0.07311274701532602,1.2298850574712643,-1.0,1.0,False,False,False
2402,8921e9135ab6f87dd41224b2210f0268,72,Temi Fagbenle,temifagbenle,TOR,points,6.5,-120.0,-110.0,13,13,2025-09-01 00:08:26+00:00,2025-09-01 00:08:26+00:00,2025-09-01 00:08:26+00:00,2025-09-01 00:30:00+00:00,0.0,2025-08-31,2025,REG,GSV,IND,1.0692640692640691,True,,0.5112040114787568,401736368,2569044,129689,5,1,True,False,matched,6.0,2025-08-31,under,0.14283212510047982,1.9090909090909092,0.9090909090909092,1.0,False,False,False
2405,68e2a5b06146b3cf3a44a597236a7023,94,Rickea Jackson,rickeajackson,CHI,points,15.5,-114.0,-114.0,10,10,2025-09-01 02:16:47+00:00,2025-09-01 02:16:47+00:00,2025-09-01 02:16:47+00:00,2025-09-02 02:00:00+00:00,0.0,2025-09-01,2025,REG,SEA,LAS,1.0654205607476634,True,,0.5000000000000001,401736371,4433630,6,14,0,True,False,matched,23.0,2025-09-01,under,0.1381524681845817,1.8771929824561404,-1.0,1.0,False,False,False
2405,ae10827201b71c570aabac5e00085779,101,Kelsey Plum,kelseyplum,LAS,assists,5.5,-106.0,-125.0,10,10,2025-09-01 02:16:47+00:00,2025-09-01 02:16:47+00:00,2025-09-01 02:16:47+00:00,2025-09-02 02:00:00+00:00,0.0,2025-09-01,2025,REG,SEA,LAS,1.070118662351672,True,,0.4787708928615623,401736371,3065570,6,14,0,True,False,matched,7.0,2025-09-01,under,0.09490556728082722,1.8,-1.0,1.0,False,False,False
2405,cc29e21877684b022452a8ef9b74315c,87,Cameron Brink,cameronbrink,LAS,points,5.5,-115.0,-113.0,10,10,2025-09-01 02:35:17+00:00,2025-09-01 02:35:17+00:00,2025-09-01 02:35:17+00:00,2025-09-02 02:00:00+00:00,0.0,2025-09-01,2025,REG,SEA,LAS,1.0654001528551151,True,,0.5022557674006809,401736371,4433404,6,14,0,True,False,matched,9.0,2025-09-01,under,0.09301950165443484,1.8849557522123894,-1.0,1.0,False,False,False
2406,892e0b6cacd43520b6b0426fb863623f,40,Alyssa Thomas,alyssathomas,PHO,assists,9.5,-106.0,-125.0,10,10,2025-09-01 04:46:59+00:00,2025-09-01 04:46:59+00:00,2025-09-01 04:46:59+00:00,2025-09-03 02:00:00+00:00,0.0,2025-09-02,2025,REG,PHX,IND,1.070118662351672,True,,0.4787708928615623,401736373,2529140,11,5,1,True,False,matched,9.0,2025-09-02,under,0.22423460370100068,1.8,0.8,1.0,False,False,False
2406,bc8f5993da396def166e3c2b04aec483,70,Kelsey Mitchell,kelseymitchell,IND,threes,2.5,-114.0,-114.0,10,10,2025-09-01 04:46:59+00:00,2025-09-01 04:46:59+00:00,2025-09-01 04:46:59+00:00,2025-09-03 02:00:00+00:00,0.0,2025-09-02,2025,REG,PHX,IND,1.0654205607476634,True,,0.5000000000000001,401736373,3142191,5,11,0,True,False,matched,5.0,2025-09-02,under,0.16483564600445672,1.8771929824561404,-1.0,1.0,False,False,False
2406,8eb8a5b418edd771449dc86316bc5f9d,54,Satou Sabally,satousabally,NYL,rebounds,5.5,-106.0,-125.0,10,10,2025-09-01 04:46:59+00:00,2025-09-01 04:46:59+00:00,2025-09-01 04:46:59+00:00,2025-09-03 02:00:00+00:00,0.0,2025-09-02,2025,REG,PHX,IND,1.070118662351672,True,,0.4787708928615623,401736373,4281929,11,5,1,True,False,matched,2.0,2025-09-02,under,0.12143308427187716,1.8,0.8,1.0,False,False,False
2406,e8c474a29fbd1febd59fab15371fbb74,56,Natasha Howard,natashahoward,MIN,rebounds,6.5,124.0,-166.0,10,10,2025-09-01 04:46:59+00:00,2025-09-01 04:46:59+00:00,2025-09-01 04:46:59+00:00,2025-09-03 02:00:00+00:00,0.0,2025-09-02,2025,REG,PHX,IND,1.0704887218045114,True,,0.40796342297849103,401736373,2529130,5,11,0,True,False,matched,3.0,2025-09-02,over,0.09902593008788807,2.24,-1.0,1.0,False,False,False
2406,ca9e2f532f5490e3aabd12634403d41d,293,Odyssey Sims,odysseysims,DAL,threes,1.5,164.0,-225.0,10,10,2025-09-01 04:46:59+00:00,2025-09-01 04:46:59+00:00,2025-09-01 04:46:59+00:00,2025-09-03 02:00:00+00:00,0.0,2025-09-02,2025,REG,PHX,IND,1.0710955710955712,True,,0.33738864980507277,401736373,2529047,5,11,0,True,False,matched,1.0,2025-09-02,under,0.07171134851779509,1.4444444444444444,0.4444444444444444,1.0,False,False,False
2407,792b3bf65508c3690412369bcb9825a0,137,Breanna Stewart,breannastewart,NYL,assists,3.5,120.0,-160.0,10,10,2025-09-01 06:26:59+00:00,2025-09-01 06:26:59+00:00,2025-09-01 06:26:59+00:00,2025-09-03 02:00:00+00:00,0.0,2025-09-02,2025,REG,GSV,NYL,1.06993006993007,True,,0.41669493857595097,401736372,2998928,9,129689,0,True,False,matched,1.0,2025-09-02,under,0.10783514253540366,1.625,0.625,1.0,False,False,False
2407,82283c0f912b18d1337720c3723ae3c8,141,Jonquel Jones,jonqueljones,NYL,assists,3.5,124.0,-166.0,10,10,2025-09-01 06:26:59+00:00,2025-09-01 06:26:59+00:00,2025-09-01 06:26:59+00:00,2025-09-03 02:00:00+00:00,0.0,2025-09-02,2025,REG,GSV,NYL,1.0704887218045114,True,,0.40796342297849103,401736372,2999101,9,129689,0,True,False,matched,1.0,2025-09-02,under,0.10237422221770748,1.6024096385542168,0.6024096385542168,1.0,False,False,False
2407,d18328dbfbedee7c911ceb7c48c4ea9f,537,Janelle Salaun,janellesalaun,GSV,threes,1.5,124.0,-166.0,10,10,2025-09-01 06:26:59+00:00,2025-09-01 06:26:59+00:00,2025-09-01 06:26:59+00:00,2025-09-03 02:00:00+00:00,0.0,2025-09-02,2025,REG,GSV,NYL,1.0704887218045114,True,,0.40796342297849103,401736372,4790264,129689,9,1,True,False,matched,2.0,2025-09-02,over,0.09802174148363885,2.24,1.2400000000000002,1.0,False,False,False
2407,84dab046ba6fa7def38c32707e8be5ef,55,Veronica Burton,veronicaburton,GSV,assists,6.5,-158.0,118.0,10,10,2025-09-01 06:27:00+00:00,2025-09-01 06:27:00+00:00,2025-09-01 06:27:00+00:00,2025-09-03 02:00:00+00:00,0.0,2025-09-02,2025,REG,GSV,NYL,1.0711186971054691,True,,0.5796527091990534,401736372,4398935,129689,9,1,True,False,matched,9.0,2025-09-02,under,0.259946217037324,2.1799999999999997,-1.0,1.0,False,False,False
2404,7ce1936e64fe8b4be2e065171bbbd1e3,115,Natisha Hiedeman,natishahiedeman,SEA,threes,1.5,138.0,-186.0,10,10,2025-09-01 13:54:40+00:00,2025-09-01 13:54:40+00:00,2025-09-01 13:54:40+00:00,2025-09-02 00:00:00+00:00,0.0,2025-09-01,2025,REG,MIN,DAL,1.070517717576541,True,,0.3807086475713989,401736370,3906753,8,3,1,True,False,matched,4.0,2025-09-01,under,0.212577782070705,1.5376344086021505,-1.0,1.0,False,False,False
2404,5523bc437d25204c78b7a607ec496af4,48,DiJonai Carrington,dijonaicarrington,CHI,points,11.5,-114.0,-114.0,10,10,2025-09-01 15:17:34+00:00,2025-09-01 15:17:34+00:00,2025-09-01 15:17:34+00:00,2025-09-02 00:00:00+00:00,0.0,2025-09-01,2025,REG,MIN,DAL,1.0654205607476634,True,,0.5000000000000001,401736370,4066548,8,3,1,True,False,matched,4.0,2025-09-01,under,0.4316590562448598,1.8771929824561404,0.8771929824561404,1.0,False,False,False
2403,e538707f204c532a23995c327017b5e5,2,Jordin Canada,jordincanada,ATL,assists,4.5,114.0,-152.0,10,10,2025-09-01 16:24:21+00:00,2025-09-01 16:24:21+00:00,2025-09-01 16:24:21+00:00,2025-09-01 17:00:00+00:00,0.0,2025-09-01,2025,REG,CON,ATL,1.0704643228007713,True,,0.42960347247450675,401736369,3142250,20,18,0,True,False,matched,1.0,2025-09-01,over,0.23150267880798286,2.1399999999999997,-1.0,1.0,False,False,False
2404,777ba2f3fa6e42da6e6fb68d1ed75faf,520,Amy Okonkwo,amyokonkwo,FA,points,10.5,102.0,-132.0,10,10,2025-09-01 22:16:58+00:00,2025-09-01 22:16:58+00:00,2025-09-01 22:16:58+00:00,2025-09-02 00:00:00+00:00,0.0,2025-09-01,2025,REG,MIN,DAL,1.0640150221918745,True,,0.4618487426836327,401736370,3142242,3,8,0,True,False,matched,12.0,2025-09-01,under,0.10545658556020493,1.7575757575757576,-1.0,1.0,False,False,False
2405,a315ed42a7ec53505719de12cf6faf09,182,Brittney Sykes,brittneysykes,TOR,assists,3.5,104.0,-138.0,10,10,2025-09-01 23:40:47+00:00,2025-09-01 23:40:47+00:00,2025-09-01 23:40:47+00:00,2025-09-02 02:00:00+00:00,0.0,2025-09-01,2025,REG,SEA,LAS,1.0700280112044818,True,,0.4535791638529251,401736371,2988756,14,6,1,True,False,matched,2.0,2025-09-01,over,0.07371758928050409,2.04,-1.0,1.0,False,False,False
2405,4258128097b3fe844f26f0fff11082ad,570,Dominique Malonga,dominiquemalonga,SEA,rebounds,7.5,-114.0,-114.0,10,10,2025-09-02 00:28:37+00:00,2025-09-02 00:28:37+00:00,2025-09-02 00:28:37+00:00,2025-09-02 02:00:00+00:00,0.0,2025-09-01,2025,REG,SEA,LAS,1.0654205607476634,True,,0.5000000000000001,401736371,5220150,14,6,1,True,False,matched,2.0,2025-09-01,under,0.1511394908550937,1.8771929824561404,0.8771929824561404,1.0,False,False,False
2405,3190062123dd0e3ec3ec11cae70dd65b,84,Julie Allemand,julieallemand,TOR,rebounds,3.5,-172.0,128.0,10,10,2025-09-02 01:52:27+00:00,2025-09-02 01:52:27+00:00,2025-09-02 01:52:27+00:00,2025-09-02 02:00:00+00:00,0.0,2025-09-01,2025,REG,SEA,LAS,1.0709494324045408,True,,0.6004234693007796,401736371,4001679,6,14,0,True,False,matched,3.0,2025-09-01,under,0.2641206853604772,2.2800000000000002,1.2800000000000002,1.0,False,False,False
2407,2d1e9246ad07cff4395239743418b6c5,163,Natasha Cloud,natashacloud,CHI,assists,5.5,116.0,-154.0,10,10,2025-09-02 03:03:09+00:00,2025-09-02 03:03:09+00:00,2025-09-02 03:03:09+00:00,2025-09-03 02:00:00+00:00,0.0,2025-09-02,2025,REG,GSV,NYL,1.0692621755613883,True,,0.425792012343204,401736372,2529137,9,129689,0,True,False,matched,4.0,2025-09-02,under,0.27127568390791656,1.6493506493506493,0.6493506493506493,1.0,False,False,False
2407,c10959fd19b25db1c131610223c65762,147,Leonie Fiebich,leoniefiebich,NYL,points,9.5,115.0,-165.0,33,33,2025-09-02 03:04:16+00:00,2025-09-02 03:04:16+00:00,2025-09-02 03:04:16+00:00,2025-09-03 02:00:00+00:00,0.0,2025-09-02,2025,REG,GSV,NYL,1.0877577885037297,True,,0.41756450654041355,401736372,4683006,9,129689,0,True,False,matched,3.0,2025-09-02,under,0.11617279879059778,1.606060606060606,0.606060606060606,1.0,False,False,False
2406,ba0c8bb0f62934f3a7518d341bc4b9dd,45,DeWanna Bonner,dewannabonner,PHO,points,11.5,102.0,-132.0,10,10,2025-09-02 05:24:05+00:00,2025-09-02 05:24:05+00:00,2025-09-02 05:24:05+00:00,2025-09-03 02:00:00+00:00,0.0,2025-09-02,2025,REG,PHX,IND,1.0640150221918745,True,,0.4618487426836327,401736373,869,11,5,1,True,False,matched,19.0,2025-09-02,under,0.11090651680107438,1.7575757575757576,-1.0,1.0,False,False,False
2409,259060e2b22ba4c1ac52f2e49f7e3f0d,39,Leila Lacan,leilalacan,CON,assists,4.5,-158.0,118.0,10,10,2025-09-02 06:07:46+00:00,2025-09-02 06:07:46+00:00,2025-09-02 06:07:46+00:00,2025-09-04 00:00:00+00:00,0.0,2025-09-03,2025,REG,CHI,CON,1.0711186971054691,True,,0.5796527091990534,401736375,5208981,18,19,0,True,False,matched,1.0,2025-09-03,under,0.15448650090666877,2.1799999999999997,1.1799999999999997,1.0,False,False,False
2409,ef6211466e01ef50e3c3016567fde77c,22,Marina Mabrey,marinamabrey,TOR,rebounds,4.5,132.0,-178.0,10,10,2025-09-02 06:07:46+00:00,2025-09-02 06:07:46+00:00,2025-09-02 06:07:46+00:00,2025-09-04 00:00:00+00:00,0.0,2025-09-03,2025,REG,CHI,CON,1.0713222525427932,True,,0.39151484883498083,401736375,3904576,18,19,0,True,False,matched,3.0,2025-09-03,under,0.0905749740208332,1.5617977528089888,0.5617977528089888,1.0,False,False,False
2407,dac152b12a5dd03e4d407053f33921e5,58,Carla Leite,carlaleite,PDX,points,10.5,-105.0,-135.0,33,33,2025-09-02 06:19:58+00:00,2025-09-02 06:19:58+00:00,2025-09-02 06:19:58+00:00,2025-09-03 02:00:00+00:00,0.0,2025-09-02,2025,REG,GSV,NYL,1.0866632070576026,True,,0.46744138600370294,401736372,5208982,129689,9,1,True,False,matched,6.0,2025-09-02,under,0.25812686876112373,1.7407407407407407,0.7407407407407407,1.0,False,False,False
2407,36f2a7ffe96b35c974a2c4e05a754bd4,13,Iliana Rupert,ilianarupert,GSV,threes,2.5,105.0,-150.0,33,33,2025-09-02 06:19:58+00:00,2025-09-02 06:19:58+00:00,2025-09-02 06:19:58+00:00,2025-09-03 02:00:00+00:00,0.0,2025-09-02,2025,REG,GSV,NYL,1.0878048780487806,True,,0.44129415758498114,401736372,4790263,129689,9,1,True,False,matched,0.0,2025-09-02,under,0.06848463239379654,1.6666666666666665,0.6666666666666665,1.0,False,False,False
2409,a71911be990280b35ee0e42ada36a9b0,26,Angel Reese,angelreese,ATL,rebounds,12.5,-144.0,108.0,10,10,2025-09-02 06:27:10+00:00,2025-09-02 06:27:10+00:00,2025-09-02 06:27:10+00:00,2025-09-04 00:00:00+00:00,0.0,2025-09-03,2025,REG,CHI,CON,1.0709331651954601,True,,0.5566845205396996,401736375,4433402,19,18,1,True,False,matched,13.0,2025-09-03,under,0.3418865968648634,2.08,-1.0,1.0,False,False,False
2409,c217dae37c3d41614107bf98a5138cc0,185,Ariel Atkins,arielatkins,LAS,rebounds,3.5,-152.0,114.0,10,10,2025-09-02 06:27:10+00:00,2025-09-02 06:27:10+00:00,2025-09-02 06:27:10+00:00,2025-09-04 00:00:00+00:00,0.0,2025-09-03,2025,REG,CHI,CON,1.0704643228007713,True,,0.5703965275254933,401736375,3146151,19,18,1,True,False,matched,6.0,2025-09-03,under,0.21878610452100633,2.1399999999999997,-1.0,1.0,False,False,False
2409,93cffe72ac02ff37a8b0fb06d4586d1b,30,Kamilla Cardoso,kamillacardoso,CHI,rebounds,9.5,-130.0,-102.0,10,10,2025-09-02 06:27:10+00:00,2025-09-02 06:27:10+00:00,2025-09-02 06:27:10+00:00,2025-09-04 00:00:00+00:00,0.0,2025-09-03,2025,REG,CHI,CON,1.0701678863538528,True,,0.5312123494364493,401736375,4433405,19,18,1,True,False,matched,5.0,2025-09-03,under,0.15251269925397654,1.9803921568627452,0.9803921568627452,1.0,False,False,False
2408,0bcc478f5a7c036e4c68e0a5a84979e3,89,Dearica Hamby,dearicahamby,LAS,points,16.5,-130.0,100.0,10,10,2025-09-02 06:47:20+00:00,2025-09-02 06:47:20+00:00,2025-09-02 06:47:20+00:00,2025-09-03 23:30:00+00:00,0.0,2025-09-03,2025,REG,ATL,LAS,1.065217391304348,True,,0.5336835053940976,401736374,2566106,6,20,0,True,False,matched,21.0,2025-09-03,under,0.22971320934296718,2.0,-1.0,1.0,False,False,False
2408,6888af32b022719f75ead482c04d40ec,87,Cameron Brink,cameronbrink,LAS,rebounds,4.5,102.0,-136.0,10,10,2025-09-02 06:47:20+00:00,2025-09-02 06:47:20+00:00,2025-09-02 06:47:20+00:00,2025-09-03 23:30:00+00:00,0.0,2025-09-03,2025,REG,ATL,LAS,1.071320691391173,True,,0.4579067075572801,401736374,4433404,6,20,0,True,False,matched,3.0,2025-09-03,under,0.171082575436943,1.7352941176470589,0.7352941176470589,1.0,False,False,False
2408,52a4a10e75cbf220bd6aa7ecd81d3552,94,Rickea Jackson,rickeajackson,CHI,points,14.5,-120.0,-108.0,10,10,2025-09-02 06:47:20+00:00,2025-09-02 06:47:20+00:00,2025-09-02 06:47:20+00:00,2025-09-03 23:30:00+00:00,0.0,2025-09-03,2025,REG,ATL,LAS,1.0646853146853146,True,,0.5135396953663074,401736374,4433630,6,20,0,True,False,matched,15.0,2025-09-03,under,0.15156994503909554,1.925925925925926,-1.0,1.0,False,False,False
2408,871c06fa2dec4ff542d05d21f9a1db2a,2,Jordin Canada,jordincanada,ATL,points,9.5,-122.0,-106.0,10,10,2025-09-02 06:47:20+00:00,2025-09-02 06:47:20+00:00,2025-09-02 06:47:20+00:00,2025-09-03 23:30:00+00:00,0.0,2025-09-03,2025,REG,ATL,LAS,1.064112656345666,True,,0.518058368553134,401736374,3142250,20,6,1,True,False,matched,10.0,2025-09-03,over,0.11625487407905771,1.819672131147541,0.819672131147541,1.0,False,False,False
2408,f71ec24631088a186717a7fc7e7a28d6,15,Rhyne Howard,rhynehoward,ATL,assists,4.5,116.0,-154.0,10,10,2025-09-02 06:47:20+00:00,2025-09-02 06:47:20+00:00,2025-09-02 06:47:20+00:00,2025-09-03 23:30:00+00:00,0.0,2025-09-03,2025,REG,ATL,LAS,1.0692621755613883,True,,0.425792012343204,401736374,4398674,20,6,1,True,False,matched,5.0,2025-09-03,over,0.09932685006224551,2.16,1.1600000000000001,1.0,False,False,False
2408,62c0f73ee2d0339dd6cf1d384830ee21,16,Naz Hillmon,nazhillmon,ATL,rebounds,6.5,-152.0,114.0,10,10,2025-09-02 06:47:20+00:00,2025-09-02 06:47:20+00:00,2025-09-02 06:47:20+00:00,2025-09-03 23:30:00+00:00,0.0,2025-09-03,2025,REG,ATL,LAS,1.0704643228007713,True,,0.5703965275254933,401736374,4398915,20,6,1,True,False,matched,7.0,2025-09-03,under,0.07216402636461405,2.1399999999999997,-1.0,1.0,False,False,False
2408,de175e299c896e5b76bb397bfd86cac5,101,Kelsey Plum,kelseyplum,LAS,points,16.5,-114.0,-114.0,10,10,2025-09-02 06:47:20+00:00,2025-09-02 06:47:20+00:00,2025-09-02 06:47:20+00:00,2025-09-03 23:30:00+00:00,0.0,2025-09-03,2025,REG,ATL,LAS,1.0654205607476634,True,,0.5000000000000001,401736374,3065570,6,20,0,True,False,matched,18.0,2025-09-03,under,0.06541307688519249,1.8771929824561404,-1.0,1.0,False,False,False
2407,e78d5643c34cdfbffde8b348a01bdc06,233,Emma Meesseman,emmameesseman,FA,threes,1.5,178.0,-245.0,10,10,2025-09-02 17:49:32+00:00,2025-09-02 17:49:32+00:00,2025-09-02 17:49:32+00:00,2025-09-03 02:00:00+00:00,0.0,2025-09-02,2025,REG,GSV,NYL,1.0698571577520593,True,,0.3183263503331576,401736372,3027368,9,129689,0,True,False,matched,1.0,2025-09-02,under,0.20213376821739099,1.4081632653061225,0.40816326530612246,1.0,False,False,False
2406,dc3923940004b12075c9e1dd6615d589,76,Lexie Hull,lexiehull,IND,points,7.5,-110.0,-120.0,13,13,2025-09-02 21:16:02+00:00,2025-09-02 21:16:02+00:00,2025-09-02 21:16:02+00:00,2025-09-03 02:00:00+00:00,0.0,2025-09-02,2025,REG,PHX,IND,1.0692640692640691,True,,0.4887959885212434,401736373,4398829,5,11,0,True,False,matched,18.0,2025-09-02,under,0.07048458841659644,1.8333333333333335,-1.0,1.0,False,False,False
2407,a140ce04d09548b5a1994fc46adcefb8,109,Kate Martin,katemartin,LAS,points,9.5,200.0,-286.0,60,60,2025-09-02 21:33:31+00:00,2025-09-02 21:33:31+00:00,2025-09-02 21:33:31+00:00,2025-09-03 02:00:00+00:00,0.0,2025-09-02,2025,REG,GSV,NYL,1.07426597582038,True,,0.2880280413009956,401736372,4398907,129689,9,1,True,False,matched,11.0,2025-09-02,under,0.06069436553396468,1.3496503496503496,-1.0,1.0,False,False,False
2409,18170bd7590430ca60ac5fe89f49e3f5,519,Aneesah Morrow,aneesahmorrow,CON,rebounds,8.5,-108.0,-122.0,10,10,2025-09-03 00:42:02+00:00,2025-09-03 00:42:02+00:00,2025-09-03 00:42:02+00:00,2025-09-04 00:00:00+00:00,0.0,2025-09-03,2025,REG,CHI,CON,1.0687803187803186,True,,0.48431040390879443,401736375,4684384,18,19,0,True,False,matched,1.0,2025-09-03,under,0.1092913795574208,1.819672131147541,0.819672131147541,1.0,False,False,False
2412,0d69193304bbfcd8ecd044e853a2d71d,117,Courtney Williams,courtneywilliams,MIN,points,13.5,-128.0,-102.0,10,10,2025-09-03 01:05:44+00:00,2025-09-03 01:05:44+00:00,2025-09-03 01:05:44+00:00,2025-09-05 02:00:00+00:00,0.0,2025-09-04,2025,REG,LVA,MIN,1.0663540038214347,True,,0.5291749480305961,401736378,2987891,8,17,0,True,False,matched,14.0,2025-09-04,under,0.19535494053699737,1.9803921568627452,-1.0,1.0,False,False,False
2412,5854f93c324b91dd7c0d96dc8ace0d47,112,Napheesa Collier,napheesacollier,MIN,points,22.5,100.0,-130.0,10,10,2025-09-03 01:05:44+00:00,2025-09-03 01:05:44+00:00,2025-09-03 01:05:44+00:00,2025-09-05 02:00:00+00:00,0.0,2025-09-04,2025,REG,LVA,MIN,1.065217391304348,True,,0.4663164946059025,401736378,3917450,8,17,0,True,False,matched,12.0,2025-09-04,under,0.14357170608971792,1.7692307692307692,0.7692307692307692,1.0,False,False,False
2412,e5778b010ccff82dcf1e81492670bab6,103,A'ja Wilson,ajawilson,LVA,points,22.5,-130.0,100.0,10,10,2025-09-03 01:18:06+00:00,2025-09-03 01:18:06+00:00,2025-09-03 01:18:06+00:00,2025-09-05 02:00:00+00:00,0.0,2025-09-04,2025,REG,LVA,MIN,1.065217391304348,True,,0.5336835053940976,401736378,3149391,17,8,1,True,False,matched,31.0,2025-09-04,under,0.23979643399891376,2.0,-1.0,1.0,False,False,False
2412,9127a63d66a9325fc4310f300ea0f0c4,102,Jackie Young,jackieyoung,LVA,rebounds,4.5,108.0,-144.0,10,10,2025-09-03 01:18:06+00:00,2025-09-03 01:18:06+00:00,2025-09-03 01:18:06+00:00,2025-09-05 02:00:00+00:00,0.0,2025-09-04,2025,REG,LVA,MIN,1.0709331651954601,True,,0.4433154794603006,401736378,4065870,17,8,1,True,False,matched,2.0,2025-09-04,over,0.23665137872124292,2.08,-1.0,1.0,False,False,False
2410,77c88f62a5371de183988cb27ff3d86b,40,Alyssa Thomas,alyssathomas,PHO,assists,9.5,102.0,-136.0,10,10,2025-09-03 04:52:27+00:00,2025-09-03 04:52:27+00:00,2025-09-03 04:52:27+00:00,2025-09-04 23:30:00+00:00,0.0,2025-09-04,2025,REG,WAS,PHX,1.071320691391173,True,,0.4579067075572801,401736376,2529140,11,16,0,True,False,matched,9.0,2025-09-04,under,0.18495241078064195,1.7352941176470589,0.7352941176470589,1.0,False,False,False
2410,9c3c4f9c6561ebed4512923453e7d39a,54,Satou Sabally,satousabally,NYL,points,14.5,-128.0,-102.0,10,10,2025-09-03 04:52:27+00:00,2025-09-03 04:52:27+00:00,2025-09-03 04:52:27+00:00,2025-09-04 23:30:00+00:00,0.0,2025-09-04,2025,REG,WAS,PHX,1.0663540038214347,True,,0.5291749480305961,401736376,4281929,11,16,0,True,False,matched,10.0,2025-09-04,under,0.1204072251462529,1.9803921568627452,0.9803921568627452,1.0,False,False,False
2410,8484fc8f3772a4aa3b2120eedb3dd3c0,573,Sonia Citron,soniacitron,WAS,points,13.5,-122.0,-106.0,10,10,2025-09-03 04:52:27+00:00,2025-09-03 04:52:27+00:00,2025-09-03 04:52:27+00:00,2025-09-04 23:30:00+00:00,0.0,2025-09-04,2025,REG,WAS,PHX,1.064112656345666,True,,0.518058368553134,401736376,4433524,16,11,1,True,False,matched,7.0,2025-09-04,under,0.06796460490471734,1.9433962264150944,0.9433962264150944,1.0,False,False,False
2411,5de1742e0f84031526f45b966fb3b444,61,Maddy Siegrist,maddysiegrist,DAL,points,14.5,100.0,-130.0,10,10,2025-09-03 04:52:28+00:00,2025-09-03 04:52:28+00:00,2025-09-03 04:52:28+00:00,2025-09-05 02:00:00+00:00,0.0,2025-09-04,2025,REG,GSV,DAL,1.065217391304348,True,,0.4663164946059025,401736377,4399415,3,129689,0,True,False,matched,16.0,2025-09-04,under,0.16723889327724867,1.7692307692307692,-1.0,1.0,False,False,False
2411,9e5f87ba6849d34f4ab804bb7608cda1,55,Veronica Burton,veronicaburton,GSV,rebounds,4.5,-158.0,118.0,10,10,2025-09-03 04:52:28+00:00,2025-09-03 04:52:28+00:00,2025-09-03 04:52:28+00:00,2025-09-05 02:00:00+00:00,0.0,2025-09-04,2025,REG,GSV,DAL,1.0711186971054691,True,,0.5796527091990534,401736377,4398935,129689,3,1,True,False,matched,3.0,2025-09-04,under,0.14575718219291334,2.1799999999999997,1.1799999999999997,1.0,False,False,False
2411,e34b875ded4b1b21eb9016f245cbac38,520,Amy Okonkwo,amyokonkwo,FA,points,11.5,-104.0,-125.0,10,10,2025-09-03 04:52:28+00:00,2025-09-03 04:52:28+00:00,2025-09-03 04:52:28+00:00,2025-09-05 02:00:00+00:00,0.0,2025-09-04,2025,REG,GSV,DAL,1.065359477124183,True,,0.4763687479911608,401736377,3142242,3,129689,0,True,False,matched,2.0,2025-09-04,under,0.14260415830219708,1.8,0.8,1.0,False,False,False
2411,734e13435dd810a8c640d8373a2cf32d,537,Janelle Salaun,janellesalaun,GSV,rebounds,5.5,102.0,-136.0,10,10,2025-09-03 04:52:28+00:00,2025-09-03 04:52:28+00:00,2025-09-03 04:52:28+00:00,2025-09-05 02:00:00+00:00,0.0,2025-09-04,2025,REG,GSV,DAL,1.071320691391173,True,,0.4579067075572801,401736377,4790264,129689,3,1,True,False,matched,6.0,2025-09-04,under,0.11757530657126564,1.7352941176470589,-1.0,1.0,False,False,False
2411,bf0bf99c1e9016709589197edf64d1c2,528,Paige Bueckers,paigebueckers,DAL,rebounds,3.5,110.0,-146.0,10,10,2025-09-03 04:52:28+00:00,2025-09-03 04:52:28+00:00,2025-09-03 04:52:28+00:00,2025-09-05 02:00:00+00:00,0.0,2025-09-04,2025,REG,GSV,DAL,1.0696864111498257,True,,0.4392579960949788,401736377,4433730,3,129689,0,True,False,matched,4.0,2025-09-04,under,0.10415956426102047,1.6849315068493151,-1.0,1.0,False,False,False
2412,6ad796a2a9a384fbc77599705995afa4,166,Jewell Loyd,jewellloyd,LVA,threes,1.5,-168.0,126.0,10,10,2025-09-03 17:17:19+00:00,2025-09-03 17:17:19+00:00,2025-09-03 17:17:19+00:00,2025-09-05 02:00:00+00:00,0.0,2025-09-04,2025,REG,LVA,MIN,1.0693435477479856,True,,0.5954775535118485,401736378,2987869,17,8,1,True,False,matched,2.0,2025-09-04,under,0.16842909045899296,2.26,-1.0,1.0,False,False,False
2410,e4d7fc1c722cbfbcd476f24c1774cd3c,45,DeWanna Bonner,dewannabonner,PHO,points,11.5,-110.0,-118.0,10,10,2025-09-03 17:17:19+00:00,2025-09-03 17:17:19+00:00,2025-09-03 17:17:19+00:00,2025-09-04 23:30:00+00:00,0.0,2025-09-04,2025,REG,WAS,PHX,1.0650939274792486,True,,0.4909754767731684,401736376,869,11,16,0,True,False,matched,9.0,2025-09-04,under,0.08655985596314064,1.847457627118644,0.847457627118644,1.0,False,False,False
2413,3db85381095bd652cdee20cfef4f48ff,15,Rhyne Howard,rhynehoward,ATL,threes,3.5,132.0,-180.0,10,10,2025-09-04 02:09:01+00:00,2025-09-04 02:09:01+00:00,2025-09-04 02:09:01+00:00,2025-09-05 23:30:00+00:00,0.0,2025-09-05,2025,REG,ATL,LAS,1.0738916256157633,True,,0.39001987182791525,401736379,4398674,20,6,1,True,False,matched,9.0,2025-09-05,under,0.08342283680333168,1.5555555555555556,-1.0,1.0,False,False,False
2413,52d612ab1cc0694b23ec0517f3b7264b,16,Naz Hillmon,nazhillmon,ATL,points,10.5,-114.0,-115.0,10,10,2025-09-04 02:09:02+00:00,2025-09-04 02:09:02+00:00,2025-09-04 02:09:02+00:00,2025-09-05 23:30:00+00:00,0.0,2025-09-05,2025,REG,ATL,LAS,1.0675940013040643,True,,0.49887602265758907,401736379,4398915,20,6,1,True,False,matched,8.0,2025-09-05,under,0.15550398949214472,1.8695652173913042,0.8695652173913042,1.0,False,False,False
2413,6e3a893a9e7580a44f7fbe91c9b70c1a,89,Dearica Hamby,dearicahamby,LAS,points,17.5,-106.0,-122.0,10,10,2025-09-04 02:09:02+00:00,2025-09-04 02:09:02+00:00,2025-09-04 02:09:02+00:00,2025-09-05 23:30:00+00:00,0.0,2025-09-05,2025,REG,ATL,LAS,1.064112656345666,True,,0.4819416314468661,401736379,2566106,6,20,0,True,False,matched,26.0,2025-09-05,under,0.12083939711042213,1.819672131147541,-1.0,1.0,False,False,False
2413,310c01e9a3278d3cc0b001626055ad00,94,Rickea Jackson,rickeajackson,CHI,threes,1.5,-182.0,136.0,10,10,2025-09-04 02:09:02+00:00,2025-09-04 02:09:02+00:00,2025-09-04 02:09:02+00:00,2025-09-05 23:30:00+00:00,0.0,2025-09-05,2025,REG,ATL,LAS,1.0691188844813078,True,,0.6147799949652675,401736379,4433630,6,20,0,True,False,matched,1.0,2025-09-05,under,0.09526807928936543,2.3600000000000003,1.3600000000000003,1.0,False,False,False
2413,4d6173bf572073c6a9342b0b16617834,101,Kelsey Plum,kelseyplum,LAS,points,17.5,-106.0,-122.0,10,10,2025-09-04 02:09:02+00:00,2025-09-04 02:09:02+00:00,2025-09-04 02:09:02+00:00,2025-09-05 23:30:00+00:00,0.0,2025-09-05,2025,REG,ATL,LAS,1.064112656345666,True,,0.4819416314468661,401736379,3065570,6,20,0,True,False,matched,20.0,2025-09-05,under,0.09189607618225148,1.819672131147541,-1.0,1.0,False,False,False
2413,e03bbedb22c43cbe31e60ce571284d3d,49,Brionna Jones,brionnajones,ATL,points,13.5,-114.0,-114.0,10,10,2025-09-04 02:09:02+00:00,2025-09-04 02:09:02+00:00,2025-09-04 02:09:02+00:00,2025-09-05 23:30:00+00:00,0.0,2025-09-05,2025,REG,ATL,LAS,1.0654205607476634,True,,0.5000000000000001,401736379,3058895,20,6,1,True,False,matched,12.0,2025-09-05,under,0.08363902683034602,1.8771929824561404,0.8771929824561404,1.0,False,False,False
2412,4f585cc77533673c639eb4893162b0d0,107,Chelsea Gray,chelseagray,LVA,rebounds,3.5,116.0,-154.0,10,10,2025-09-04 02:19:34+00:00,2025-09-04 02:19:34+00:00,2025-09-04 02:19:34+00:00,2025-09-05 02:00:00+00:00,0.0,2025-09-04,2025,REG,LVA,MIN,1.0692621755613883,True,,0.425792012343204,401736378,2529122,17,8,1,True,False,matched,2.0,2025-09-04,over,0.0752198529543312,2.16,-1.0,1.0,False,False,False
2415,3cd72358a27139ee617fe89e04f96f28,163,Natasha Cloud,natashacloud,CHI,assists,4.5,-154.0,116.0,10,10,2025-09-04 03:49:46+00:00,2025-09-04 03:49:46+00:00,2025-09-04 03:49:46+00:00,2025-09-06 02:00:00+00:00,0.0,2025-09-05,2025,REG,SEA,NYL,1.0692621755613883,True,,0.574207987656796,401736381,2529137,9,14,0,True,False,matched,6.0,2025-09-05,under,0.16393535071170795,2.16,-1.0,1.0,False,False,False
2415,f3e1900fbf3fc0f0a6d6f64e2d7320c5,137,Breanna Stewart,breannastewart,NYL,points,17.5,-114.0,-114.0,10,10,2025-09-04 03:49:46+00:00,2025-09-04 03:49:46+00:00,2025-09-04 03:49:46+00:00,2025-09-06 02:00:00+00:00,0.0,2025-09-05,2025,REG,SEA,NYL,1.0654205607476634,True,,0.5000000000000001,401736381,2998928,9,14,0,True,False,matched,24.0,2025-09-05,under,0.14294800802050012,1.8771929824561404,-1.0,1.0,False,False,False
2414,cf3ba79e0a5b4ef19f107ed7b2fe38ff,76,Lexie Hull,lexiehull,IND,threes,1.5,-158.0,118.0,10,10,2025-09-04 04:08:38+00:00,2025-09-04 04:08:38+00:00,2025-09-04 04:08:38+00:00,2025-09-05 23:30:00+00:00,0.0,2025-09-05,2025,REG,IND,CHI,1.0711186971054691,True,,0.5796527091990534,401736380,4398829,5,19,1,True,False,matched,1.0,2025-09-05,under,0.3617899374468659,2.1799999999999997,1.1799999999999997,1.0,False,False,False
2414,0d8d6e0f59f6e6dc552d7ca046c744f1,71,Aliyah Boston,aliyahboston,IND,points,15.5,-110.0,-118.0,10,10,2025-09-04 04:08:38+00:00,2025-09-04 04:08:38+00:00,2025-09-04 04:08:38+00:00,2025-09-05 23:30:00+00:00,0.0,2025-09-05,2025,REG,IND,CHI,1.0650939274792486,True,,0.4909754767731684,401736380,4432831,5,19,1,True,False,matched,11.0,2025-09-05,under,0.07075277098891647,1.847457627118644,0.847457627118644,1.0,False,False,False
2414,b197527310b89702b1196a8b3db2dc80,293,Odyssey Sims,odysseysims,DAL,assists,4.5,-112.0,-118.0,10,10,2025-09-04 04:08:39+00:00,2025-09-04 04:08:39+00:00,2025-09-04 04:08:39+00:00,2025-09-05 23:30:00+00:00,0.0,2025-09-05,2025,REG,IND,CHI,1.0695862904621776,True,,0.49327872882454105,401736380,2529047,5,19,1,True,False,matched,4.0,2025-09-05,under,0.2289576698388439,1.847457627118644,0.847457627118644,1.0,False,False,False
2414,409dcd54755c4ce7cf4acdf44b1d6015,70,Kelsey Mitchell,kelseymitchell,IND,threes,2.5,-132.0,100.0,10,10,2025-09-04 04:08:39+00:00,2025-09-04 04:08:39+00:00,2025-09-04 04:08:39+00:00,2025-09-05 23:30:00+00:00,0.0,2025-09-05,2025,REG,IND,CHI,1.0689655172413794,True,,0.5356937238338165,401736380,3142191,5,19,1,True,False,matched,2.0,2025-09-05,under,0.1373096226487177,2.0,1.0,1.0,False,False,False
2414,92d5ca726bdce757c0337c1cf23f210b,30,Kamilla Cardoso,kamillacardoso,CHI,rebounds,9.5,-114.0,-114.0,10,10,2025-09-04 04:19:47+00:00,2025-09-04 04:19:47+00:00,2025-09-04 04:19:47+00:00,2025-09-05 23:30:00+00:00,0.0,2025-09-05,2025,REG,IND,CHI,1.0654205607476634,True,,0.5000000000000001,401736380,4433405,19,5,0,True,False,matched,9.0,2025-09-05,under,0.13623183943813644,1.8771929824561404,0.8771929824561404,1.0,False,False,False
2414,03ddd46d252eab080b0cecdc160aff4d,185,Ariel Atkins,arielatkins,LAS,assists,3.5,-106.0,-125.0,10,10,2025-09-04 04:19:47+00:00,2025-09-04 04:19:47+00:00,2025-09-04 04:19:47+00:00,2025-09-05 23:30:00+00:00,0.0,2025-09-05,2025,REG,IND,CHI,1.070118662351672,True,,0.4787708928615623,401736380,3146151,19,5,0,True,False,matched,1.0,2025-09-05,over,0.08427733259771963,1.9433962264150944,-1.0,1.0,False,False,False
2415,f5ecb83572cb9ac12e20df2aba8a24d5,180,Nneka Ogwumike,nnekaogwumike,LAS,points,17.5,-120.0,-108.0,10,10,2025-09-04 04:30:55+00:00,2025-09-04 04:30:55+00:00,2025-09-04 04:30:55+00:00,2025-09-06 02:00:00+00:00,0.0,2025-09-05,2025,REG,SEA,NYL,1.0646853146853146,True,,0.5135396953663074,401736381,1068,14,9,1,True,False,matched,20.0,2025-09-05,under,0.17476093480618438,1.925925925925926,-1.0,1.0,False,False,False
2415,e120b5cb2122c112eef70e36b46a68ca,570,Dominique Malonga,dominiquemalonga,SEA,rebounds,7.5,118.0,-158.0,10,10,2025-09-04 04:30:55+00:00,2025-09-04 04:30:55+00:00,2025-09-04 04:30:55+00:00,2025-09-06 02:00:00+00:00,0.0,2025-09-05,2025,REG,SEA,NYL,1.0711186971054691,True,,0.42034729080094674,401736381,5220150,14,9,1,True,False,matched,1.0,2025-09-05,under,0.12972623462412858,1.6329113924050633,0.6329113924050633,1.0,False,False,False
2411,c8b1c33d8e16114827344530527e942d,13,Iliana Rupert,ilianarupert,GSV,threes,2.5,152.0,-205.0,10,10,2025-09-04 15:46:01+00:00,2025-09-04 15:46:01+00:00,2025-09-04 15:46:01+00:00,2025-09-05 02:00:00+00:00,0.0,2025-09-04,2025,REG,GSV,DAL,1.0689565443663804,True,,0.3574180627171931,401736377,4790263,129689,3,1,True,False,matched,2.0,2025-09-04,under,0.06891222463218516,1.4878048780487805,0.4878048780487805,1.0,False,False,False
2411,885a95d488b7bf8d78f2eafb3863095d,193,Myisha Hines-Allen,myishahinesallen,IND,points,9.5,110.0,-143.0,60,60,2025-09-05 01:04:21+00:00,2025-09-05 01:04:21+00:00,2025-09-05 01:04:21+00:00,2025-09-05 02:00:00+00:00,0.0,2025-09-04,2025,REG,GSV,DAL,1.0646678424456204,True,,0.4420195959048457,401736377,3142055,3,129689,0,True,False,matched,12.0,2025-09-04,under,0.05313649161361428,1.6993006993006992,-1.0,1.0,False,False,False
2413,3608221114ee6a68fb715a86ca489058,2,Jordin Canada,jordincanada,ATL,rebounds,3.5,-114.0,-114.0,10,10,2025-09-05 05:14:04+00:00,2025-09-05 05:14:04+00:00,2025-09-05 05:14:04+00:00,2025-09-05 23:30:00+00:00,0.0,2025-09-05,2025,REG,ATL,LAS,1.0654205607476634,True,,0.5000000000000001,401736379,3142250,20,6,1,True,False,matched,3.0,2025-09-05,under,0.088564638211509,1.8771929824561404,0.8771929824561404,1.0,False,False,False
2417,b425dd1c869008126f97c8527a61c9a4,537,Janelle Salaun,janellesalaun,GSV,rebounds,4.5,-162.0,122.0,10,10,2025-09-05 05:56:29+00:00,2025-09-05 05:56:29+00:00,2025-09-05 05:56:29+00:00,2025-09-07 00:30:00+00:00,0.0,2025-09-06,2025,REG,GSV,MIN,1.0687710611374732,True,,0.5868918088955871,401736383,4790264,129689,8,1,True,False,matched,8.0,2025-09-06,under,0.2778849856346421,2.2199999999999998,-1.0,1.0,False,False,False
2417,be60792574df10d3b7fcffe7144eb871,55,Veronica Burton,veronicaburton,GSV,points,13.5,-120.0,-108.0,10,10,2025-09-05 05:56:29+00:00,2025-09-05 05:56:29+00:00,2025-09-05 05:56:29+00:00,2025-09-07 00:30:00+00:00,0.0,2025-09-06,2025,REG,GSV,MIN,1.0646853146853146,True,,0.5135396953663074,401736383,4398935,129689,8,1,True,False,matched,14.0,2025-09-06,under,0.17994733446858818,1.925925925925926,-1.0,1.0,False,False,False
2417,c1a8e3ef9031376a0068dd2bba6c954b,117,Courtney Williams,courtneywilliams,MIN,assists,6.5,106.0,-140.0,10,10,2025-09-05 05:56:29+00:00,2025-09-05 05:56:29+00:00,2025-09-05 05:56:29+00:00,2025-09-07 00:30:00+00:00,0.0,2025-09-06,2025,REG,GSV,MIN,1.0687702265372168,True,,0.44933614350623635,401736383,2987891,8,129689,0,True,False,matched,5.0,2025-09-06,under,0.05990743448759023,1.7142857142857144,0.7142857142857144,1.0,False,False,False
2417,1fb89e40d7b47f88b6fd3f9123198f1c,125,Kayla McBride,kaylamcbride,MIN,assists,3.5,-110.0,-120.0,10,10,2025-09-05 05:56:30+00:00,2025-09-05 05:56:30+00:00,2025-09-05 05:56:30+00:00,2025-09-07 00:30:00+00:00,0.0,2025-09-06,2025,REG,GSV,MIN,1.0692640692640691,True,,0.4887959885212434,401736383,2529205,8,129689,0,True,False,matched,3.0,2025-09-06,under,0.1678089890363727,1.8333333333333335,0.8333333333333335,1.0,False,False,False
2417,29384ce5ac3cc061f254898737987a7f,112,Napheesa Collier,napheesacollier,MIN,points,22.5,100.0,-130.0,10,10,2025-09-05 05:56:30+00:00,2025-09-05 05:56:30+00:00,2025-09-05 05:56:30+00:00,2025-09-07 00:30:00+00:00,0.0,2025-09-06,2025,REG,GSV,MIN,1.065217391304348,True,,0.4663164946059025,401736383,3917450,8,129689,0,True,False,matched,20.0,2025-09-06,under,0.15270691493836663,1.7692307692307692,0.7692307692307692,1.0,False,False,False
2416,3226d01310f4b92a59f2cfc99ce04e37,54,Satou Sabally,satousabally,NYL,points,14.5,-108.0,-120.0,10,10,2025-09-05 06:40:27+00:00,2025-09-05 06:40:27+00:00,2025-09-05 06:40:27+00:00,2025-09-06 17:00:00+00:00,0.0,2025-09-06,2025,REG,CON,PHX,1.0646853146853146,True,,0.48646030463369283,401736382,4281929,11,18,0,True,False,matched,11.0,2025-09-06,under,0.06755573347118127,1.8333333333333335,0.8333333333333335,1.0,False,False,False
2416,6eb784f4985f2bf95463079e71619276,40,Alyssa Thomas,alyssathomas,PHO,rebounds,9.5,102.0,-136.0,10,10,2025-09-05 06:40:27+00:00,2025-09-05 06:40:27+00:00,2025-09-05 06:40:27+00:00,2025-09-06 17:00:00+00:00,0.0,2025-09-06,2025,REG,CON,PHX,1.071320691391173,True,,0.4579067075572801,401736382,2529140,11,18,0,True,False,matched,8.0,2025-09-06,under,0.06009681994006855,1.7352941176470589,0.7352941176470589,1.0,False,False,False
2416,5306def403ce768caca79ee9d6a0eb65,39,Leila Lacan,leilalacan,CON,assists,4.5,-115.0,-115.0,24,24,2025-09-05 12:17:22+00:00,2025-09-05 12:17:22+00:00,2025-09-05 12:17:22+00:00,2025-09-06 17:00:00+00:00,0.0,2025-09-06,2025,REG,CON,PHX,1.0697674418604652,True,,0.5,401736382,5208981,18,11,1,True,False,matched,0.0,2025-09-06,under,0.18678868020499434,1.8695652173913042,0.8695652173913042,1.0,False,False,False
2414,955f49981e7790f009d71ffa9a8205cf,33,Elizabeth Williams,elizabethwilliams,CHI,rebounds,7.5,104.0,-138.0,10,10,2025-09-05 12:43:06+00:00,2025-09-05 12:43:06+00:00,2025-09-05 12:43:06+00:00,2025-09-05 23:30:00+00:00,0.0,2025-09-05,2025,REG,IND,CHI,1.0700280112044818,True,,0.4535791638529251,401736380,2566081,19,5,0,True,False,matched,11.0,2025-09-05,under,0.49968788703736994,1.7246376811594204,-1.0,1.0,False,False,False
2416,aa87d592434713a17f599436fdc0ac8a,22,Marina Mabrey,marinamabrey,TOR,points,14.5,-118.0,-110.0,10,10,2025-09-05 17:19:08+00:00,2025-09-05 17:19:08+00:00,2025-09-05 17:19:08+00:00,2025-09-06 17:00:00+00:00,0.0,2025-09-06,2025,REG,CON,PHX,1.0650939274792486,True,,0.5090245232268319,401736382,3904576,18,11,1,True,False,matched,23.0,2025-09-06,under,0.20040583567459608,1.9090909090909092,-1.0,1.0,False,False,False
2416,43a7b3cffb121ca3d88f2fcf80ec30ed,9,Tina Charles,tinacharles,FA,points,17.5,-104.0,-125.0,10,10,2025-09-05 17:19:08+00:00,2025-09-05 17:19:08+00:00,2025-09-05 17:19:08+00:00,2025-09-06 17:00:00+00:00,0.0,2025-09-06,2025,REG,CON,PHX,1.065359477124183,True,,0.4763687479911608,401736382,918,18,11,1,True,False,matched,22.0,2025-09-06,under,0.1086812544655914,1.8,-1.0,1.0,False,False,False
2419,a41f83687f471cf65b50a61cc8f46202,94,Rickea Jackson,rickeajackson,CHI,threes,1.5,-200.0,160.0,24,24,2025-09-06 10:17:43+00:00,2025-09-06 10:17:43+00:00,2025-09-06 10:17:43+00:00,2025-09-07 22:00:00+00:00,0.0,2025-09-07,2025,REG,LAS,DAL,1.051282051282051,True,,0.6446499375340581,401736385,4433630,6,3,1,True,False,matched,1.0,2025-09-07,under,0.12933378253515748,2.6,1.6,1.0,False,False,False
2419,a58c566dc284da7804176a42113749e4,101,Kelsey Plum,kelseyplum,LAS,threes,2.5,-105.0,-125.0,24,24,2025-09-06 10:17:43+00:00,2025-09-06 10:17:43+00:00,2025-09-06 10:17:43+00:00,2025-09-07 22:00:00+00:00,0.0,2025-09-07,2025,REG,LAS,DAL,1.067750677506775,True,,0.47757418034290006,401736385,3065570,6,3,1,True,False,matched,2.0,2025-09-07,under,0.10142042771481358,1.8,0.8,1.0,False,False,False
2418,a70daa9f847f812c5def45c625c3bf3e,70,Kelsey Mitchell,kelseymitchell,IND,threes,2.5,100.0,-130.0,24,24,2025-09-06 10:17:44+00:00,2025-09-06 10:17:44+00:00,2025-09-06 10:17:44+00:00,2025-09-07 19:00:00+00:00,0.0,2025-09-07,2025,REG,WAS,IND,1.065217391304348,True,,0.4663164946059025,401736384,3142191,5,16,0,True,False,matched,0.0,2025-09-07,under,0.0613703287116677,1.7692307692307692,0.7692307692307692,1.0,False,False,False
2420,4fb2060b3dce64134cf0890f577d59ac,102,Jackie Young,jackieyoung,LVA,assists,4.5,-140.0,110.0,24,24,2025-09-06 10:38:31+00:00,2025-09-06 10:38:31+00:00,2025-09-06 10:38:31+00:00,2025-09-08 01:00:00+00:00,0.0,2025-09-07,2025,REG,LVA,CHI,1.0595238095238093,True,,0.555167954788897,401736386,4065870,17,19,1,True,False,matched,9.0,2025-09-07,over,0.13165922432055643,1.7142857142857144,0.7142857142857144,1.0,False,False,False
2420,2ed5484ababe5edd19fa20d068d236ad,103,A'ja Wilson,ajawilson,LVA,assists,2.5,-140.0,110.0,24,24,2025-09-06 10:38:31+00:00,2025-09-06 10:38:31+00:00,2025-09-06 10:38:31+00:00,2025-09-08 01:00:00+00:00,0.0,2025-09-07,2025,REG,LVA,CHI,1.0595238095238093,True,,0.555167954788897,401736386,3149391,17,19,1,True,False,matched,2.0,2025-09-07,under,0.11442088800610711,2.1,1.1,1.0,False,False,False
2420,6399ad9bc799f09678c58f285cb13a04,30,Kamilla Cardoso,kamillacardoso,CHI,assists,3.5,120.0,-150.0,24,24,2025-09-06 10:38:31+00:00,2025-09-06 10:38:31+00:00,2025-09-06 10:38:31+00:00,2025-09-08 01:00:00+00:00,0.0,2025-09-07,2025,REG,LVA,CHI,1.0545454545454547,True,,0.4253013906678685,401736386,4433405,19,17,0,True,False,matched,3.0,2025-09-07,under,0.09376757608849046,1.6666666666666665,0.6666666666666665,1.0,False,False,False
2418,f159dce89c1bfc5762174619e1d205b1,572,Kiki Iriafen,kikiiriafen,WAS,rebounds,8.5,-135.0,105.0,12,12,2025-09-06 10:52:11+00:00,2025-09-06 10:52:11+00:00,2025-09-06 10:52:11+00:00,2025-09-07 19:00:00+00:00,0.0,2025-09-07,2025,REG,WAS,IND,1.0622729631551635,True,,0.5446886059829622,401736384,4898384,16,5,1,True,False,matched,5.0,2025-09-07,under,0.1870057839535268,2.05,1.0499999999999998,1.0,False,False,False
2418,17f75f4561956b218b2ed66c6750e7e8,573,Sonia Citron,soniacitron,WAS,rebounds,3.5,-105.0,-125.0,12,12,2025-09-06 10:52:11+00:00,2025-09-06 10:52:11+00:00,2025-09-06 10:52:11+00:00,2025-09-07 19:00:00+00:00,0.0,2025-09-07,2025,REG,WAS,IND,1.067750677506775,True,,0.47757418034290006,401736384,4433524,16,5,1,True,False,matched,2.0,2025-09-07,under,0.10945646280186283,1.8,0.8,1.0,False,False,False
2419,824d3b96964db56a327b1d6af55d4e5e,61,Maddy Siegrist,maddysiegrist,DAL,points,15.5,100.0,-130.0,12,12,2025-09-06 11:05:41+00:00,2025-09-06 11:05:41+00:00,2025-09-06 11:05:41+00:00,2025-09-07 22:00:00+00:00,0.0,2025-09-07,2025,REG,LAS,DAL,1.065217391304348,True,,0.4663164946059025,401736385,4399415,3,6,0,True,False,matched,13.0,2025-09-07,under,0.09490381622614841,1.7692307692307692,0.7692307692307692,1.0,False,False,False
2417,3514b64629e2a9740fc04466e93cef6e,115,Natisha Hiedeman,natishahiedeman,SEA,threes,1.5,-115.0,-115.0,13,13,2025-09-06 15:39:54+00:00,2025-09-06 15:39:54+00:00,2025-09-06 15:39:54+00:00,2025-09-07 00:30:00+00:00,0.0,2025-09-06,2025,REG,GSV,MIN,1.0697674418604652,True,,0.5,401736383,3906753,8,129689,0,True,False,matched,6.0,2025-09-06,under,0.28546544074208335,1.8695652173913042,-1.0,1.0,False,False,False
2416,2a39547eab9f43338d1c878767a5dfb1,45,DeWanna Bonner,dewannabonner,PHO,rebounds,4.5,112.0,-148.0,10,10,2025-09-06 16:11:31+00:00,2025-09-06 16:11:31+00:00,2025-09-06 16:11:31+00:00,2025-09-06 17:00:00+00:00,0.0,2025-09-06,2025,REG,CON,PHX,1.0684723067559343,True,,0.43527724698320036,401736382,869,11,18,0,True,False,matched,6.0,2025-09-06,under,0.06013664350980524,1.6756756756756757,-1.0,1.0,False,False,False
2418,2ce5ba05ca37e1b1af1bdbf085729a85,293,Odyssey Sims,odysseysims,DAL,points,10.5,102.0,-132.0,10,10,2025-09-06 16:11:33+00:00,2025-09-06 16:11:33+00:00,2025-09-06 16:11:33+00:00,2025-09-07 19:00:00+00:00,0.0,2025-09-07,2025,REG,WAS,IND,1.0640150221918745,True,,0.4618487426836327,401736384,2529047,5,16,0,True,False,matched,6.0,2025-09-07,under,0.11438657496815363,1.7575757575757576,0.7575757575757576,1.0,False,False,False
2418,906de6f6724a24d6cf350681b0366fa4,56,Natasha Howard,natashahoward,MIN,points,10.5,-102.0,-128.0,10,10,2025-09-06 16:11:34+00:00,2025-09-06 16:11:34+00:00,2025-09-06 16:11:34+00:00,2025-09-07 19:00:00+00:00,0.0,2025-09-07,2025,REG,WAS,IND,1.0663540038214347,True,,0.47082505196940394,401736384,2529130,5,16,0,True,False,matched,17.0,2025-09-07,under,0.06916360198419924,1.78125,-1.0,1.0,False,False,False
2420,bcdde0318a9b9cd8117161b2d141ff84,185,Ariel Atkins,arielatkins,LAS,points,12.5,-110.0,-118.0,10,10,2025-09-06 16:11:35+00:00,2025-09-06 16:11:35+00:00,2025-09-06 16:11:35+00:00,2025-09-08 01:00:00+00:00,0.0,2025-09-07,2025,REG,LVA,CHI,1.0650939274792486,True,,0.4909754767731684,401736386,3146151,19,17,0,True,True,did_not_play,,2025-09-07,under,0.13646338168133598,1.847457627118644,0.0,0.0,False,True,False
2420,200200337d971a66445b20b4eb88fe99,107,Chelsea Gray,chelseagray,LVA,points,10.5,-118.0,-110.0,10,10,2025-09-06 16:11:36+00:00,2025-09-06 16:11:36+00:00,2025-09-06 16:11:36+00:00,2025-09-08 01:00:00+00:00,0.0,2025-09-07,2025,REG,LVA,CHI,1.0650939274792486,True,,0.5090245232268319,401736386,2529122,17,19,1,True,False,matched,13.0,2025-09-07,under,0.054262879178541834,1.9090909090909092,-1.0,1.0,False,False,False
2417,2f59b61b6d531815cdc06279c3a4bbb0,116,Jessica Shepard,jessicashepard,DAL,rebounds,8.5,-122.0,-108.0,10,10,2025-09-06 21:05:22+00:00,2025-09-06 21:05:22+00:00,2025-09-06 21:05:22+00:00,2025-09-07 00:30:00+00:00,0.0,2025-09-06,2025,REG,GSV,MIN,1.0687803187803186,True,,0.5156895960912058,401736383,3906949,8,129689,0,True,False,matched,13.0,2025-09-06,under,0.6900745893326179,1.925925925925926,-1.0,1.0,False,False,False
2417,652939a5e02dc7175c2c0c71c03b0333,13,Iliana Rupert,ilianarupert,GSV,threes,2.5,119.0,-162.0,38,38,2025-09-06 22:07:55+00:00,2025-09-06 22:07:55+00:00,2025-09-06 22:07:55+00:00,2025-09-07 00:30:00+00:00,0.0,2025-09-06,2025,REG,GSV,MIN,1.074941615253233,True,,0.41601000507125885,401736383,4790263,129689,8,1,True,False,matched,3.0,2025-09-06,under,0.216013053661348,1.617283950617284,-1.0,1.0,False,False,False
2417,afb0a7b48cf32391ea4f0a1a626fa8fe,72,Temi Fagbenle,temifagbenle,TOR,rebounds,5.5,164.0,-222.0,60,60,2025-09-06 23:00:10+00:00,2025-09-06 23:00:10+00:00,2025-09-06 23:00:10+00:00,2025-09-07 00:30:00+00:00,0.0,2025-09-06,2025,REG,GSV,MIN,1.0682288725766986,True,,0.33914536088974007,401736383,2569044,129689,8,1,True,False,matched,3.0,2025-09-06,under,0.13430774675450693,1.4504504504504505,0.4504504504504505,1.0,False,False,False
2421,8d24999d3b750ac15757da9e3b37b119,15,Rhyne Howard,rhynehoward,ATL,rebounds,4.5,100.0,-132.0,10,10,2025-09-07 04:50:06+00:00,2025-09-07 04:50:06+00:00,2025-09-07 04:50:06+00:00,2025-09-08 23:30:00+00:00,0.0,2025-09-08,2025,REG,ATL,CON,1.0689655172413794,True,,0.46430627616618364,401736387,4398674,20,18,1,True,False,matched,5.0,2025-09-08,under,0.12054089350944797,1.7575757575757576,-1.0,1.0,False,False,False
2421,58a813c896ae0083c890fd728925ebc6,22,Marina Mabrey,marinamabrey,TOR,rebounds,3.5,-152.0,114.0,10,10,2025-09-07 04:50:06+00:00,2025-09-07 04:50:06+00:00,2025-09-07 04:50:06+00:00,2025-09-08 23:30:00+00:00,0.0,2025-09-08,2025,REG,ATL,CON,1.0704643228007713,True,,0.5703965275254933,401736387,3904576,18,20,0,True,False,matched,3.0,2025-09-08,under,0.08945025552062613,2.1399999999999997,1.1399999999999997,1.0,False,False,False
2419,2ae8192715ae4f8946d17e1d8af9d53e,82,Azura Stevens,azurastevens,CHI,points,9.5,-120.0,-110.0,13,13,2025-09-07 05:59:47+00:00,2025-09-07 05:59:47+00:00,2025-09-07 05:59:47+00:00,2025-09-07 22:00:00+00:00,0.0,2025-09-07,2025,REG,LAS,DAL,1.0692640692640691,True,,0.5112040114787568,401736385,3142010,6,3,1,True,False,matched,13.0,2025-09-07,under,0.06384364216621191,1.9090909090909092,-1.0,1.0,False,False,False
2418,3498f703c4b6b3c7f06de2fe7e6ec00a,76,Lexie Hull,lexiehull,IND,points,9.5,120.0,-150.0,13,13,2025-09-07 13:24:38+00:00,2025-09-07 13:24:38+00:00,2025-09-07 13:24:38+00:00,2025-09-07 19:00:00+00:00,0.0,2025-09-07,2025,REG,WAS,IND,1.0545454545454547,True,,0.4253013906678685,401736384,4398829,5,16,0,True,False,matched,7.0,2025-09-07,under,0.07872207599014974,1.6666666666666665,0.6666666666666665,1.0,False,False,False
2421,dfca21043efa508795a9dad6ef52c20b,519,Aneesah Morrow,aneesahmorrow,CON,rebounds,7.5,-130.0,-102.0,10,10,2025-09-07 16:30:50+00:00,2025-09-07 16:30:50+00:00,2025-09-07 16:30:50+00:00,2025-09-08 23:30:00+00:00,0.0,2025-09-08,2025,REG,ATL,CON,1.0701678863538528,True,,0.5312123494364493,401736387,4684384,18,20,0,True,False,matched,14.0,2025-09-08,under,0.1741545871590527,1.9803921568627452,-1.0,1.0,False,False,False
2421,633eb7ba04c35a17377f36f067bbf6ba,2,Jordin Canada,jordincanada,ATL,rebounds,3.5,-152.0,114.0,10,10,2025-09-07 16:30:51+00:00,2025-09-07 16:30:51+00:00,2025-09-07 16:30:51+00:00,2025-09-08 23:30:00+00:00,0.0,2025-09-08,2025,REG,ATL,CON,1.0704643228007713,True,,0.5703965275254933,401736387,3142250,20,18,1,True,False,matched,4.0,2025-09-08,under,0.3101758954732741,2.1399999999999997,-1.0,1.0,False,False,False
2421,d7a83e86dcc60472693258640b53ae25,16,Naz Hillmon,nazhillmon,ATL,rebounds,7.5,-128.0,-104.0,10,10,2025-09-07 16:30:51+00:00,2025-09-07 16:30:51+00:00,2025-09-07 16:30:51+00:00,2025-09-08 23:30:00+00:00,0.0,2025-09-08,2025,REG,ATL,CON,1.0712074303405572,True,,0.5267388899028808,401736387,4398915,20,18,1,True,False,matched,5.0,2025-09-08,under,0.26750061305952855,1.9615384615384617,0.9615384615384617,1.0,False,False,False
2422,e8015f9d31bd32bd8752cf915198cc20,137,Breanna Stewart,breannastewart,NYL,rebounds,6.5,124.0,-166.0,10,10,2025-09-07 23:50:45+00:00,2025-09-07 23:50:45+00:00,2025-09-07 23:50:45+00:00,2025-09-09 23:00:00+00:00,0.0,2025-09-09,2025,REG,NYL,WAS,1.0704887218045114,True,,0.40796342297849103,401736388,2998928,9,16,1,True,False,matched,8.0,2025-09-09,over,0.19224571053695133,2.24,1.2400000000000002,1.0,False,False,False
2422,856321b6873f98c8a4593232fc7fbc80,141,Jonquel Jones,jonqueljones,NYL,points,13.5,100.0,-130.0,10,10,2025-09-07 23:50:45+00:00,2025-09-07 23:50:45+00:00,2025-09-07 23:50:45+00:00,2025-09-09 23:00:00+00:00,0.0,2025-09-09,2025,REG,NYL,WAS,1.065217391304348,True,,0.4663164946059025,401736388,2999101,9,16,1,True,False,matched,12.0,2025-09-09,under,0.14436344870009377,1.7692307692307692,0.7692307692307692,1.0,False,False,False
2422,a19f52f5ba8798ff8f5dccfb7afa6773,163,Natasha Cloud,natashacloud,CHI,assists,5.5,124.0,-166.0,10,10,2025-09-07 23:50:45+00:00,2025-09-07 23:50:45+00:00,2025-09-07 23:50:45+00:00,2025-09-09 23:00:00+00:00,0.0,2025-09-09,2025,REG,NYL,WAS,1.0704887218045114,True,,0.40796342297849103,401736388,2529137,9,16,1,True,False,matched,5.0,2025-09-09,under,0.08728539457347045,1.6024096385542168,0.6024096385542168,1.0,False,False,False
2422,dc3cd002c3dee730172a41ca309a1086,573,Sonia Citron,soniacitron,WAS,threes,1.5,138.0,-186.0,10,10,2025-09-07 23:50:45+00:00,2025-09-07 23:50:45+00:00,2025-09-07 23:50:45+00:00,2025-09-09 23:00:00+00:00,0.0,2025-09-09,2025,REG,NYL,WAS,1.070517717576541,True,,0.3807086475713989,401736388,4433524,16,9,0,True,False,matched,3.0,2025-09-09,over,0.08699192322083271,2.38,1.38,1.0,False,False,False
2423,7efc7cefe13789e5573d62c3552ef7c9,76,Lexie Hull,lexiehull,IND,threes,1.5,-130.0,-102.0,10,10,2025-09-08 00:36:37+00:00,2025-09-08 00:36:37+00:00,2025-09-08 00:36:37+00:00,2025-09-09 23:30:00+00:00,0.0,2025-09-09,2025,REG,IND,MIN,1.0701678863538528,True,,0.5312123494364493,401736389,4398829,5,8,1,True,False,matched,0.0,2025-09-09,under,0.1991288200496989,1.9803921568627452,0.9803921568627452,1.0,False,False,False
2423,d278d64b1eec232f71506466b77b492b,293,Odyssey Sims,odysseysims,DAL,points,9.5,-120.0,-108.0,10,10,2025-09-08 00:36:37+00:00,2025-09-08 00:36:37+00:00,2025-09-08 00:36:37+00:00,2025-09-09 23:30:00+00:00,0.0,2025-09-09,2025,REG,IND,MIN,1.0646853146853146,True,,0.5135396953663074,401736389,2529047,5,8,1,True,False,matched,15.0,2025-09-09,under,0.1157152532396668,1.925925925925926,-1.0,1.0,False,False,False
2423,8f8780575e14abb9dfdd4b38dfc2d067,70,Kelsey Mitchell,kelseymitchell,IND,points,20.5,-104.0,-125.0,10,10,2025-09-08 00:36:37+00:00,2025-09-08 00:36:37+00:00,2025-09-08 00:36:37+00:00,2025-09-09 23:30:00+00:00,0.0,2025-09-09,2025,REG,IND,MIN,1.065359477124183,True,,0.4763687479911608,401736389,3142191,5,8,1,True,False,matched,18.0,2025-09-09,under,0.08639539986701561,1.8,0.8,1.0,False,False,False
2423,68742b3029fc22865bc9a01d751fe334,71,Aliyah Boston,aliyahboston,IND,rebounds,7.5,-130.0,-102.0,10,10,2025-09-08 00:36:37+00:00,2025-09-08 00:36:37+00:00,2025-09-08 00:36:37+00:00,2025-09-09 23:30:00+00:00,0.0,2025-09-09,2025,REG,IND,MIN,1.0701678863538528,True,,0.5312123494364493,401736389,4432831,5,8,1,True,False,matched,8.0,2025-09-09,under,0.062288423822935646,1.9803921568627452,-1.0,1.0,False,False,False
2424,5084b42c9cd26d6318285f0893934320,40,Alyssa Thomas,alyssathomas,PHO,rebounds,9.5,-118.0,-112.0,10,10,2025-09-08 01:33:04+00:00,2025-09-08 01:33:04+00:00,2025-09-08 01:33:04+00:00,2025-09-10 02:00:00+00:00,0.0,2025-09-09,2025,REG,PHX,LAS,1.0695862904621776,True,,0.5067212711754592,401736391,2529140,11,6,1,True,False,matched,11.0,2025-09-09,under,0.17814046235624625,1.8928571428571428,-1.0,1.0,False,False,False
2424,942eefc55ac1581fc8c5fe2c2de90b24,155,Kahleah Copper,kahleahcopper,PHO,threes,1.5,-125.0,-106.0,10,10,2025-09-08 01:33:04+00:00,2025-09-08 01:33:04+00:00,2025-09-08 01:33:04+00:00,2025-09-10 02:00:00+00:00,0.0,2025-09-09,2025,REG,PHX,LAS,1.070118662351672,True,,0.5212291071384377,401736391,2998938,11,6,1,True,False,matched,1.0,2025-09-09,over,0.08781210882068274,1.8,-1.0,1.0,False,False,False
2424,9808fbb63014df79df4c3b58fd0e35b5,54,Satou Sabally,satousabally,NYL,threes,1.5,128.0,-172.0,10,10,2025-09-08 01:33:04+00:00,2025-09-08 01:33:04+00:00,2025-09-08 01:33:04+00:00,2025-09-10 02:00:00+00:00,0.0,2025-09-09,2025,REG,PHX,LAS,1.0709494324045408,True,,0.39957653069922067,401736391,4281929,11,6,1,True,False,matched,4.0,2025-09-09,over,0.08593649061662534,2.2800000000000002,1.2800000000000002,1.0,False,False,False
2426,eca5f0d66a8e9f6c1ac2e651b957fda1,180,Nneka Ogwumike,nnekaogwumike,LAS,points,17.5,-114.0,-114.0,10,10,2025-09-08 02:28:24+00:00,2025-09-08 02:28:24+00:00,2025-09-08 02:28:24+00:00,2025-09-10 02:00:00+00:00,0.0,2025-09-09,2025,REG,SEA,GSV,1.0654205607476634,True,,0.5000000000000001,401736392,1068,14,129689,1,True,False,matched,16.0,2025-09-09,under,0.15853839395789487,1.8771929824561404,0.8771929824561404,1.0,False,False,False
2426,a18f6a034617860c6b2df481bb092126,182,Brittney Sykes,brittneysykes,TOR,points,10.5,-130.0,100.0,10,10,2025-09-08 02:28:24+00:00,2025-09-08 02:28:24+00:00,2025-09-08 02:28:24+00:00,2025-09-10 02:00:00+00:00,0.0,2025-09-09,2025,REG,SEA,GSV,1.065217391304348,True,,0.5336835053940976,401736392,2988756,14,129689,1,True,False,matched,14.0,2025-09-09,under,0.14755375716660424,2.0,-1.0,1.0,False,False,False
2426,216aa3eaf345aa33e72b5aef03879457,175,Skylar Diggins,skylardiggins,CHI,points,13.5,-114.0,-114.0,10,10,2025-09-08 02:28:24+00:00,2025-09-08 02:28:24+00:00,2025-09-08 02:28:24+00:00,2025-09-10 02:00:00+00:00,0.0,2025-09-09,2025,REG,SEA,GSV,1.0654205607476634,True,,0.5000000000000001,401736392,2491205,14,129689,1,True,False,matched,10.0,2025-09-09,under,0.11013166795078327,1.8771929824561404,0.8771929824561404,1.0,False,False,False
2426,0879ac151e1dd24d68e3e1247ed47cf1,55,Veronica Burton,veronicaburton,GSV,points,12.5,-118.0,-110.0,10,10,2025-09-08 02:28:24+00:00,2025-09-08 02:28:24+00:00,2025-09-08 02:28:24+00:00,2025-09-10 02:00:00+00:00,0.0,2025-09-09,2025,REG,SEA,GSV,1.0650939274792486,True,,0.5090245232268319,401736392,4398935,129689,14,0,True,False,matched,14.0,2025-09-09,under,0.06560676767333817,1.9090909090909092,-1.0,1.0,False,False,False
2425,9fb9183ff6f65b8803f32047afcaec3c,103,A'ja Wilson,ajawilson,LVA,points,25.5,100.0,-130.0,10,10,2025-09-08 04:26:18+00:00,2025-09-08 04:26:18+00:00,2025-09-08 04:26:18+00:00,2025-09-10 02:00:00+00:00,0.0,2025-09-09,2025,REG,LVA,CHI,1.065217391304348,True,,0.4663164946059025,401736390,3149391,17,19,1,True,False,matched,11.0,2025-09-09,under,0.1603325606077507,1.7692307692307692,0.7692307692307692,1.0,False,False,False
2425,f82b775c1a738394a61db8e4b0bb924a,102,Jackie Young,jackieyoung,LVA,points,15.5,-114.0,-114.0,10,10,2025-09-08 04:26:18+00:00,2025-09-08 04:26:18+00:00,2025-09-08 04:26:18+00:00,2025-09-10 02:00:00+00:00,0.0,2025-09-09,2025,REG,LVA,CHI,1.0654205607476634,True,,0.5000000000000001,401736390,4065870,17,19,1,True,False,matched,15.0,2025-09-09,under,0.09415783789362386,1.8771929824561404,0.8771929824561404,1.0,False,False,False
2425,cc5f78f62e29802d1501cd0fbb83a8a3,107,Chelsea Gray,chelseagray,LVA,points,10.5,-122.0,-106.0,10,10,2025-09-08 04:26:18+00:00,2025-09-08 04:26:18+00:00,2025-09-08 04:26:18+00:00,2025-09-10 02:00:00+00:00,0.0,2025-09-09,2025,REG,LVA,CHI,1.064112656345666,True,,0.518058368553134,401736390,2529122,17,19,1,True,False,matched,10.0,2025-09-09,under,0.07320740530933328,1.9433962264150944,0.9433962264150944,1.0,False,False,False
2425,a9e4a4b12937838455ff78806bb3b575,30,Kamilla Cardoso,kamillacardoso,CHI,rebounds,9.5,-118.0,-112.0,10,10,2025-09-08 04:26:19+00:00,2025-09-08 04:26:19+00:00,2025-09-08 04:26:19+00:00,2025-09-10 02:00:00+00:00,0.0,2025-09-09,2025,REG,LVA,CHI,1.0695862904621776,True,,0.5067212711754592,401736390,4433405,19,17,0,True,False,matched,13.0,2025-09-09,under,0.14998467960120127,1.8928571428571428,-1.0,1.0,False,False,False
2424,f736b9f0835e1a3eb8032f9550068bf0,101,Kelsey Plum,kelseyplum,LAS,assists,5.5,-115.0,-115.0,24,24,2025-09-08 13:15:53+00:00,2025-09-08 13:15:53+00:00,2025-09-08 13:15:53+00:00,2025-09-10 02:00:00+00:00,0.0,2025-09-09,2025,REG,PHX,LAS,1.0697674418604652,True,,0.5,401736391,3065570,6,11,0,True,False,matched,5.0,2025-09-09,under,0.20303092401322081,1.8695652173913042,0.8695652173913042,1.0,False,False,False
2424,342214076a012b8dd442d8d0315d0856,89,Dearica Hamby,dearicahamby,LAS,assists,3.5,120.0,-150.0,24,24,2025-09-08 13:15:53+00:00,2025-09-08 13:15:53+00:00,2025-09-08 13:15:53+00:00,2025-09-10 02:00:00+00:00,0.0,2025-09-09,2025,REG,PHX,LAS,1.0545454545454547,True,,0.4253013906678685,401736391,2566106,6,11,0,True,False,matched,5.0,2025-09-09,under,0.18919521926637595,1.6666666666666665,-1.0,1.0,False,False,False
2424,e25a5e4710d1a6befa495c4578b2efe4,94,Rickea Jackson,rickeajackson,CHI,threes,1.5,-180.0,145.0,24,24,2025-09-08 13:15:53+00:00,2025-09-08 13:15:53+00:00,2025-09-08 13:15:53+00:00,2025-09-10 02:00:00+00:00,0.0,2025-09-09,2025,REG,PHX,LAS,1.0510204081632653,True,,0.6203266093860251,401736391,4433630,6,11,0,True,False,matched,1.0,2025-09-09,under,0.16448742683702244,2.45,1.4500000000000002,1.0,False,False,False
2423,13a968a485367ed71c126104a1b8ae56,117,Courtney Williams,courtneywilliams,MIN,threes,1.5,125.0,-155.0,24,24,2025-09-08 13:15:54+00:00,2025-09-08 13:15:54+00:00,2025-09-08 13:15:54+00:00,2025-09-09 23:30:00+00:00,0.0,2025-09-09,2025,REG,IND,MIN,1.0522875816993464,True,,0.4161844529605166,401736389,2987891,8,5,0,True,False,matched,0.0,2025-09-09,under,0.08568909415271136,1.6451612903225805,0.6451612903225805,1.0,False,False,False
2421,9470d11fafd340d9b75545c105e745d4,1,Allisha Gray,allishagray,ATL,rebounds,3.5,100.0,-132.0,10,10,2025-09-08 16:49:43+00:00,2025-09-08 16:49:43+00:00,2025-09-08 16:49:43+00:00,2025-09-08 23:30:00+00:00,0.0,2025-09-08,2025,REG,ATL,CON,1.0689655172413794,True,,0.46430627616618364,401736387,3058901,20,18,1,True,False,matched,6.0,2025-09-08,over,0.38000910012576417,2.0,1.0,1.0,False,False,False
2423,3cb32fe1f04c6bdbc528431d5fb0b938,112,Napheesa Collier,napheesacollier,MIN,rebounds,7.5,-140.0,100.0,33,33,2025-09-08 17:46:56+00:00,2025-09-08 17:46:56+00:00,2025-09-08 17:46:56+00:00,2025-09-09 23:30:00+00:00,0.0,2025-09-09,2025,REG,IND,MIN,1.0833333333333333,True,,0.5434863681281015,401736389,3917450,8,5,0,True,True,did_not_play,,2025-09-09,under,0.20954140750000816,2.0,0.0,0.0,False,True,False
2426,db9ec3ac5ffa57cca48f282116b27343,13,Iliana Rupert,ilianarupert,GSV,points,10.5,-102.0,-128.0,10,10,2025-09-09 00:56:38+00:00,2025-09-09 00:56:38+00:00,2025-09-09 00:56:38+00:00,2025-09-10 02:00:00+00:00,0.0,2025-09-09,2025,REG,SEA,GSV,1.0663540038214347,True,,0.47082505196940394,401736392,4790263,129689,14,0,True,False,matched,6.0,2025-09-09,under,0.07957773138701058,1.78125,0.78125,1.0,False,False,False
2426,5186e486ba81ac39b78025b1fbe0a798,280,Kaila Charles,kailacharles,GSV,points,9.5,-110.0,-130.0,33,33,2025-09-09 02:25:16+00:00,2025-09-09 02:25:16+00:00,2025-09-09 02:25:16+00:00,2025-09-10 02:00:00+00:00,0.0,2025-09-09,2025,REG,SEA,GSV,1.0890269151138718,True,,0.47832076753442404,401736392,4065780,129689,14,0,True,False,matched,12.0,2025-09-09,under,0.08920460131818214,1.7692307692307692,-1.0,1.0,False,False,False
2423,970b2294313595e8b345f633ecb915cd,125,Kayla McBride,kaylamcbride,MIN,rebounds,2.5,-165.0,120.0,49,49,2025-09-09 09:16:30+00:00,2025-09-09 09:16:30+00:00,2025-09-09 09:16:30+00:00,2025-09-09 23:30:00+00:00,0.0,2025-09-09,2025,REG,IND,MIN,1.077186963979417,True,,0.5874272698833228,401736389,2529205,8,5,0,True,False,matched,0.0,2025-09-09,under,0.3511485493241613,2.2,1.2000000000000002,1.0,False,False,False
2427,1eaf701d8c9b306114e1ea5cb0d0e743,15,Rhyne Howard,rhynehoward,ATL,threes,2.5,-160.0,130.0,24,24,2025-09-09 10:22:44+00:00,2025-09-09 10:22:44+00:00,2025-09-09 10:22:44+00:00,2025-09-10 23:00:00+00:00,0.0,2025-09-10,2025,REG,CON,ATL,1.0501672240802677,True,,0.5925388778127377,401736393,4398674,20,18,0,True,False,matched,3.0,2025-09-10,under,0.2536150650282031,2.3,-1.0,1.0,False,False,False
2427,d2c09a4716e24f255d67ad262f7d231f,2,Jordin Canada,jordincanada,ATL,threes,1.5,190.0,-240.0,24,24,2025-09-09 10:22:44+00:00,2025-09-09 10:22:44+00:00,2025-09-09 10:22:44+00:00,2025-09-10 23:00:00+00:00,0.0,2025-09-10,2025,REG,CON,ATL,1.050709939148073,True,,0.31482669350282655,401736393,3142250,20,18,0,True,False,matched,0.0,2025-09-10,under,0.06421190070454799,1.4166666666666667,0.41666666666666674,1.0,False,False,False
2427,71a792ca4426ec18d667aa0e26a47508,16,Naz Hillmon,nazhillmon,ATL,threes,1.5,110.0,-140.0,24,24,2025-09-09 10:22:44+00:00,2025-09-09 10:22:44+00:00,2025-09-09 10:22:44+00:00,2025-09-10 23:00:00+00:00,0.0,2025-09-10,2025,REG,CON,ATL,1.0595238095238093,True,,0.44483204521110303,401736393,4398915,20,18,0,True,False,matched,1.0,2025-09-10,under,0.06310787045091082,1.7142857142857144,0.7142857142857144,1.0,False,False,False
2427,9b6efd5862b640e48b457c3df2425690,1,Allisha Gray,allishagray,ATL,threes,2.5,150.0,-185.0,24,24,2025-09-09 10:22:44+00:00,2025-09-09 10:22:44+00:00,2025-09-09 10:22:44+00:00,2025-09-10 23:00:00+00:00,0.0,2025-09-10,2025,REG,CON,ATL,1.049122807017544,True,,0.3723998049350017,401736393,3058901,20,18,0,True,False,matched,3.0,2025-09-10,under,0.0516769726719149,1.5405405405405406,-1.0,1.0,False,False,False
2426,8c3aef4c6494f9261424336efba3e3a3,570,Dominique Malonga,dominiquemalonga,SEA,rebounds,5.5,-139.0,104.0,60,60,2025-09-09 11:04:09+00:00,2025-09-09 11:04:09+00:00,2025-09-09 11:04:09+00:00,2025-09-10 02:00:00+00:00,0.0,2025-09-09,2025,REG,SEA,GSV,1.0717860365903684,True,,0.5473782698715587,401736392,5220150,14,129689,1,True,False,matched,7.0,2025-09-09,under,0.050314458928489236,2.04,-1.0,1.0,False,False,False
2423,a9d3c846063188b28dc92dd9a51d9e1a,116,Jessica Shepard,jessicashepard,DAL,points,14.5,-110.0,-120.0,13,13,2025-09-09 12:09:43+00:00,2025-09-09 12:09:43+00:00,2025-09-09 12:09:43+00:00,2025-09-09 23:30:00+00:00,0.0,2025-09-09,2025,REG,IND,MIN,1.0692640692640691,True,,0.4887959885212434,401736389,3906949,8,5,0,True,False,matched,16.0,2025-09-09,under,0.5531030707792959,1.8333333333333335,-1.0,1.0,False,False,False
2427,ec9acf6c88f0b470a26700245a989e10,22,Marina Mabrey,marinamabrey,TOR,rebounds,3.5,-140.0,110.0,13,13,2025-09-10 11:19:27+00:00,2025-09-10 11:19:27+00:00,2025-09-10 11:19:27+00:00,2025-09-10 23:00:00+00:00,0.0,2025-09-10,2025,REG,CON,ATL,1.0595238095238093,True,,0.555167954788897,401736393,3904576,18,20,1,True,False,matched,1.0,2025-09-10,under,0.11419689213135364,2.1,1.1,1.0,False,False,False
2427,01fc2dcd339347da1ad73c4e4ea10e56,9,Tina Charles,tinacharles,FA,points,14.5,-140.0,110.0,13,13,2025-09-10 15:01:43+00:00,2025-09-10 15:01:43+00:00,2025-09-10 15:01:43+00:00,2025-09-10 23:00:00+00:00,0.0,2025-09-10,2025,REG,CON,ATL,1.0595238095238093,True,,0.555167954788897,401736393,918,18,20,1,True,False,matched,9.0,2025-09-10,under,0.06847903421789037,2.1,1.1,1.0,False,False,False
2427,7bf5c717f59a47f354063121c39cc578,519,Aneesah Morrow,aneesahmorrow,CON,rebounds,9.5,115.0,-145.0,13,13,2025-09-10 15:27:43+00:00,2025-09-10 15:27:43+00:00,2025-09-10 15:27:43+00:00,2025-09-10 23:00:00+00:00,0.0,2025-09-10,2025,REG,CON,ATL,1.056953013763645,True,,0.4348401999529958,401736393,4684384,18,20,1,True,False,matched,10.0,2025-09-10,under,0.1447421972239335,1.6896551724137931,-1.0,1.0,False,False,False
2427,7d41d9aff77112fcd2d38122c5afed1b,518,Saniya Rivers,saniyarivers,CON,points,11.5,-137.0,-123.0,60,60,2025-09-10 20:07:27+00:00,2025-09-10 20:07:27+00:00,2025-09-10 20:07:27+00:00,2025-09-10 23:00:00+00:00,0.0,2025-09-10,2025,REG,CON,ATL,1.1296285784564153,True,,0.5142268617549557,401736393,4433514,18,20,1,True,False,matched,16.0,2025-09-10,under,0.2258122819421891,1.8130081300813008,-1.0,1.0,False,False,False
2428,2a7bca1e3f1967ffa6d267ab79f40b17,112,Napheesa Collier,napheesacollier,MIN,points,19.5,-119.0,-114.0,13,13,2025-09-11 07:20:34+00:00,2025-09-11 07:20:34+00:00,2025-09-11 07:20:34+00:00,2025-09-12 00:00:00+00:00,0.0,2025-09-11,2025,REG,MIN,GSV,1.0760892758076217,True,,0.5055436854248784,401736396,3917450,8,129689,1,True,False,matched,19.0,2025-09-11,under,0.08477730554369617,1.8771929824561404,0.8771929824561404,1.0,False,False,False
2428,c706de508334d4cf0263bcde1f75a76a,280,Kaila Charles,kailacharles,GSV,rebounds,5.5,-137.0,100.0,13,13,2025-09-11 10:10:08+00:00,2025-09-11 10:10:08+00:00,2025-09-11 10:10:08+00:00,2025-09-12 00:00:00+00:00,0.0,2025-09-11,2025,REG,MIN,GSV,1.0780590717299579,True,,0.5406094161837047,401736396,4065780,129689,8,0,True,False,matched,7.0,2025-09-11,under,0.22088837244892984,2.0,-1.0,1.0,False,False,False
2428,6705b8756a6dc64d7fb9a435b4ca361b,55,Veronica Burton,veronicaburton,GSV,rebounds,4.5,-118.0,-114.0,13,13,2025-09-11 10:10:09+00:00,2025-09-11 10:10:09+00:00,2025-09-11 10:10:09+00:00,2025-09-12 00:00:00+00:00,0.0,2025-09-11,2025,REG,MIN,GSV,1.0739946840435564,True,,0.5044499907041479,401736396,4398935,129689,8,0,True,False,matched,3.0,2025-09-11,under,0.11480146774966132,1.8771929824561404,0.8771929824561404,1.0,False,False,False
2431,c8d4d6d8cfdaeefcfc5fcc048dfc6314,103,A'ja Wilson,ajawilson,LVA,points,19.5,-189.0,135.0,13,13,2025-09-11 13:01:46+00:00,2025-09-11 13:01:46+00:00,2025-09-11 13:01:46+00:00,2025-09-12 02:00:00+00:00,0.0,2025-09-11,2025,REG,LAS,LVA,1.0795111536479423,True,,0.6190092826088274,401736397,3149391,17,6,0,True,False,matched,23.0,2025-09-11,under,0.1812564295079424,2.35,-1.0,1.0,False,False,False
2431,1efcde7dbfc646ad7003152048406a43,107,Chelsea Gray,chelseagray,LVA,points,9.5,-169.0,125.0,13,13,2025-09-11 22:33:42+00:00,2025-09-11 22:33:42+00:00,2025-09-11 22:33:42+00:00,2025-09-12 02:00:00+00:00,0.0,2025-09-11,2025,REG,LAS,LVA,1.0726972325485336,True,,0.5953587091432891,401736397,2529122,17,6,0,True,False,matched,15.0,2025-09-11,under,0.07893520734259174,2.25,-1.0,1.0,False,False,False
2448,35cdcc0912e0f742e6d67ecfda8f3464,112,Napheesa Collier,napheesacollier,MIN,assists,2.5,-162.0,122.0,10,10,2025-09-12 04:30:40+00:00,2025-09-12 04:30:40+00:00,2025-09-12 04:30:40+00:00,2025-09-14 17:00:00+00:00,0.0,2025-09-14,2025,PST,MIN,GSV,1.0687710611374732,True,,0.5868918088955871,401820272,3917450,8,129689,1,True,False,matched,2.0,2025-09-14,under,0.1537803821618936,2.2199999999999998,1.2199999999999998,1.0,False,False,False
2450,63b41bf65dea6d10625bf91d5156ed8e,141,Jonquel Jones,jonqueljones,NYL,rebounds,9.5,100.0,-132.0,10,10,2025-09-12 04:30:41+00:00,2025-09-12 04:30:41+00:00,2025-09-12 04:30:41+00:00,2025-09-14 21:00:00+00:00,0.0,2025-09-14,2025,PST,PHX,NYL,1.0689655172413794,True,,0.46430627616618364,401820314,2999101,9,11,0,True,False,matched,12.0,2025-09-14,under,0.29853581299484255,1.7575757575757576,-1.0,1.0,False,False,False
2450,cea8bc9b0dcb08e88ce59b40ea558f80,54,Satou Sabally,satousabally,NYL,rebounds,6.5,100.0,-132.0,10,10,2025-09-12 04:30:41+00:00,2025-09-12 04:30:41+00:00,2025-09-12 04:30:41+00:00,2025-09-14 21:00:00+00:00,0.0,2025-09-14,2025,PST,PHX,NYL,1.0689655172413794,True,,0.46430627616618364,401820314,4281929,11,9,1,True,False,matched,8.0,2025-09-14,under,0.2881916861137529,1.7575757575757576,-1.0,1.0,False,False,False
2450,ae322f4d36f1d46eb893130067f5723f,137,Breanna Stewart,breannastewart,NYL,points,18.5,-128.0,-102.0,10,10,2025-09-12 04:30:41+00:00,2025-09-12 04:30:41+00:00,2025-09-12 04:30:41+00:00,2025-09-14 21:00:00+00:00,0.0,2025-09-14,2025,PST,PHX,NYL,1.0663540038214347,True,,0.5291749480305961,401820314,2998928,9,11,0,True,False,matched,18.0,2025-09-14,under,0.2564934870892161,1.9803921568627452,0.9803921568627452,1.0,False,False,False
2450,e375657d579b7ad59e7ede3c8783d93b,40,Alyssa Thomas,alyssathomas,PHO,rebounds,9.5,-138.0,104.0,10,10,2025-09-12 04:30:41+00:00,2025-09-12 04:30:41+00:00,2025-09-12 04:30:41+00:00,2025-09-14 21:00:00+00:00,0.0,2025-09-14,2025,PST,PHX,NYL,1.0700280112044818,True,,0.5464208361470752,401820314,2529140,11,9,1,True,False,matched,9.0,2025-09-14,under,0.24977401213299333,2.04,1.04,1.0,False,False,False
2450,32877675342c5821ff266ce03dc085bb,155,Kahleah Copper,kahleahcopper,PHO,points,17.5,-114.0,-114.0,10,10,2025-09-12 04:30:41+00:00,2025-09-12 04:30:41+00:00,2025-09-12 04:30:41+00:00,2025-09-14 21:00:00+00:00,0.0,2025-09-14,2025,PST,PHX,NYL,1.0654205607476634,True,,0.5000000000000001,401820314,2998938,11,9,1,True,False,matched,15.0,2025-09-14,under,0.22350680259212685,1.8771929824561404,0.8771929824561404,1.0,False,False,False
2450,2e9dc0b985275d9f223401ff36d50fd2,132,Sabrina Ionescu,sabrinaionescu,NYL,points,17.5,-120.0,-108.0,10,10,2025-09-12 04:30:41+00:00,2025-09-12 04:30:41+00:00,2025-09-12 04:30:41+00:00,2025-09-14 21:00:00+00:00,0.0,2025-09-14,2025,PST,PHX,NYL,1.0646853146853146,True,,0.5135396953663074,401820314,4066533,9,11,0,True,False,matched,16.0,2025-09-14,under,0.22302339238929308,1.925925925925926,0.925925925925926,1.0,False,False,False
2451,7fdc7b1aae5ebce804dcc6d15bfd77d6,103,A'ja Wilson,ajawilson,LVA,rebounds,10.5,-146.0,110.0,10,10,2025-09-12 04:42:19+00:00,2025-09-12 04:42:19+00:00,2025-09-12 04:42:19+00:00,2025-09-15 02:00:00+00:00,0.0,2025-09-14,2025,PST,LVA,SEA,1.0696864111498257,True,,0.5607420039050215,401820315,3149391,17,14,1,True,False,matched,8.0,2025-09-14,under,0.29429784381915064,2.1,1.1,1.0,False,False,False
2451,4c3ad40ea693d83430a46a25bb365de2,102,Jackie Young,jackieyoung,LVA,threes,1.5,-200.0,148.0,10,10,2025-09-12 05:05:45+00:00,2025-09-12 05:05:45+00:00,2025-09-12 05:05:45+00:00,2025-09-15 02:00:00+00:00,0.0,2025-09-14,2025,PST,LVA,SEA,1.0698924731182795,True,,0.6365014949541484,401820315,4065870,17,14,1,True,False,matched,4.0,2025-09-14,under,0.2318556511300256,2.48,-1.0,1.0,False,False,False
2451,47f09b1966fff2b1557eb3a23045bb16,107,Chelsea Gray,chelseagray,LVA,points,11.5,-128.0,-102.0,10,10,2025-09-12 05:17:45+00:00,2025-09-12 05:17:45+00:00,2025-09-12 05:17:45+00:00,2025-09-15 02:00:00+00:00,0.0,2025-09-14,2025,PST,LVA,SEA,1.0663540038214347,True,,0.5291749480305961,401820315,2529122,17,14,1,True,False,matched,5.0,2025-09-14,under,0.18875367725711067,1.9803921568627452,0.9803921568627452,1.0,False,False,False
2449,cd7d973b9ecc2a6e630c2d58bd130eff,56,Natasha Howard,natashahoward,MIN,points,11.5,-120.0,-110.0,10,10,2025-09-12 05:52:05+00:00,2025-09-12 05:52:05+00:00,2025-09-12 05:52:05+00:00,2025-09-14 19:00:00+00:00,0.0,2025-09-14,2025,PST,ATL,IND,1.0692640692640691,True,,0.5112040114787568,401820313,2529130,5,20,0,True,False,matched,5.0,2025-09-14,under,0.2590408150773022,1.9090909090909092,0.9090909090909092,1.0,False,False,False
2449,c5686b48263125acca7eb35901f22494,70,Kelsey Mitchell,kelseymitchell,IND,points,18.5,-118.0,-110.0,10,10,2025-09-12 05:52:05+00:00,2025-09-12 05:52:05+00:00,2025-09-12 05:52:05+00:00,2025-09-14 19:00:00+00:00,0.0,2025-09-14,2025,PST,ATL,IND,1.0650939274792486,True,,0.5090245232268319,401820313,3142191,5,20,0,True,False,matched,27.0,2025-09-14,under,0.22854010606888298,1.9090909090909092,-1.0,1.0,False,False,False
2449,8bd23cd0681b195b16d4b545a05ee01e,293,Odyssey Sims,odysseysims,DAL,points,10.5,-120.0,-108.0,10,10,2025-09-12 05:52:05+00:00,2025-09-12 05:52:05+00:00,2025-09-12 05:52:05+00:00,2025-09-14 19:00:00+00:00,0.0,2025-09-14,2025,PST,ATL,IND,1.0646853146853146,True,,0.5135396953663074,401820313,2529047,5,20,0,True,False,matched,10.0,2025-09-14,under,0.1966019058213967,1.925925925925926,0.925925925925926,1.0,False,False,False
2449,cc4bc56f3a3f7d4654d77fc42a19d112,16,Naz Hillmon,nazhillmon,ATL,threes,1.5,108.0,-144.0,10,10,2025-09-12 05:52:05+00:00,2025-09-12 05:52:05+00:00,2025-09-12 05:52:05+00:00,2025-09-14 19:00:00+00:00,0.0,2025-09-14,2025,PST,ATL,IND,1.0709331651954601,True,,0.4433154794603006,401820313,4398915,20,5,1,True,False,matched,2.0,2025-09-14,under,0.07226121601354812,1.6944444444444444,-1.0,1.0,False,False,False
2449,18fbaa132e17ddb7b8b6acad0ce1648f,1,Allisha Gray,allishagray,ATL,assists,3.5,-104.0,-128.0,10,10,2025-09-12 05:52:06+00:00,2025-09-12 05:52:06+00:00,2025-09-12 05:52:06+00:00,2025-09-14 19:00:00+00:00,0.0,2025-09-14,2025,PST,ATL,IND,1.0712074303405572,True,,0.4732611100971195,401820313,3058901,20,5,1,True,False,matched,4.0,2025-09-14,under,0.33548523335540603,1.78125,-1.0,1.0,False,False,False
2449,1c16f28608885d5a90f5d29ba79430c5,49,Brionna Jones,brionnajones,ATL,points,13.5,-114.0,-114.0,10,10,2025-09-12 05:52:06+00:00,2025-09-12 05:52:06+00:00,2025-09-12 05:52:06+00:00,2025-09-14 19:00:00+00:00,0.0,2025-09-14,2025,PST,ATL,IND,1.0654205607476634,True,,0.5000000000000001,401820313,3058895,20,5,1,True,False,matched,12.0,2025-09-14,under,0.23740184915826357,1.8771929824561404,0.8771929824561404,1.0,False,False,False
2449,1f7b48071f2d2d5247a61b93eacb4776,71,Aliyah Boston,aliyahboston,IND,points,13.5,-122.0,-106.0,10,10,2025-09-12 05:52:06+00:00,2025-09-12 05:52:06+00:00,2025-09-12 05:52:06+00:00,2025-09-14 19:00:00+00:00,0.0,2025-09-14,2025,PST,ATL,IND,1.064112656345666,True,,0.518058368553134,401820313,4432831,5,20,0,True,False,matched,8.0,2025-09-14,under,0.14808173426929133,1.9433962264150944,0.9433962264150944,1.0,False,False,False
2449,199e6433a660ba1f4956bb043105d8e7,15,Rhyne Howard,rhynehoward,ATL,points,17.5,-118.0,-110.0,10,10,2025-09-12 05:52:06+00:00,2025-09-12 05:52:06+00:00,2025-09-12 05:52:06+00:00,2025-09-14 19:00:00+00:00,0.0,2025-09-14,2025,PST,ATL,IND,1.0650939274792486,True,,0.5090245232268319,401820313,4398674,20,5,1,True,False,matched,20.0,2025-09-14,under,0.08767951305075966,1.9090909090909092,-1.0,1.0,False,False,False
2449,ca33f27318a2ac5ffec346d662761f83,2,Jordin Canada,jordincanada,ATL,assists,5.5,100.0,-132.0,10,10,2025-09-12 05:52:06+00:00,2025-09-12 05:52:06+00:00,2025-09-12 05:52:06+00:00,2025-09-14 19:00:00+00:00,0.0,2025-09-14,2025,PST,ATL,IND,1.0689655172413794,True,,0.46430627616618364,401820313,3142250,20,5,1,True,False,matched,4.0,2025-09-14,under,0.06670081254794208,1.7575757575757576,0.7575757575757576,1.0,False,False,False
2449,09028206700fa16572ceb7ec745a3851,76,Lexie Hull,lexiehull,IND,rebounds,3.5,-136.0,102.0,10,10,2025-09-12 05:52:07+00:00,2025-09-12 05:52:07+00:00,2025-09-12 05:52:07+00:00,2025-09-14 19:00:00+00:00,0.0,2025-09-14,2025,PST,ATL,IND,1.071320691391173,True,,0.5420932924427202,401820313,4398829,5,20,0,True,False,matched,4.0,2025-09-14,under,0.06908116416466192,2.02,-1.0,1.0,False,False,False
2451,07defbc69476592496a29f1e93f6fab7,180,Nneka Ogwumike,nnekaogwumike,LAS,rebounds,7.5,104.0,-138.0,10,10,2025-09-12 06:08:47+00:00,2025-09-12 06:08:47+00:00,2025-09-12 06:08:47+00:00,2025-09-15 02:00:00+00:00,0.0,2025-09-14,2025,PST,LVA,SEA,1.0700280112044818,True,,0.4535791638529251,401820315,1068,14,17,0,True,False,matched,8.0,2025-09-14,under,0.12197344981730784,1.7246376811594204,-1.0,1.0,False,False,False
2451,c108f89d91ab56bb57075b24395bb263,182,Brittney Sykes,brittneysykes,TOR,points,10.5,-130.0,100.0,10,10,2025-09-12 06:08:47+00:00,2025-09-12 06:08:47+00:00,2025-09-12 06:08:47+00:00,2025-09-15 02:00:00+00:00,0.0,2025-09-14,2025,PST,LVA,SEA,1.065217391304348,True,,0.5336835053940976,401820315,2988756,14,17,0,True,False,matched,0.0,2025-09-14,under,0.09633036870752493,2.0,1.0,1.0,False,False,False
2451,82c575d337d1ac2d98d3155951305d31,175,Skylar Diggins,skylardiggins,CHI,points,13.5,-122.0,-106.0,10,10,2025-09-12 06:08:48+00:00,2025-09-12 06:08:48+00:00,2025-09-12 06:08:48+00:00,2025-09-15 02:00:00+00:00,0.0,2025-09-14,2025,PST,LVA,SEA,1.064112656345666,True,,0.518058368553134,401820315,2491205,14,17,0,True,False,matched,12.0,2025-09-14,under,0.16017704599688132,1.9433962264150944,0.9433962264150944,1.0,False,False,False
2448,cde3d2b3bad6f4d894df6b738a04431b,221,Tiffany Hayes,tiffanyhayes,GSV,rebounds,3.5,100.0,-132.0,10,10,2025-09-12 06:40:43+00:00,2025-09-12 06:40:43+00:00,2025-09-12 06:40:43+00:00,2025-09-14 17:00:00+00:00,0.0,2025-09-14,2025,PST,MIN,GSV,1.0689655172413794,True,,0.46430627616618364,401820272,1054,129689,8,0,True,True,did_not_play,,2025-09-14,under,0.09272093574635687,1.7575757575757576,0.0,0.0,False,True,False
2448,de949518a6b19c901058478c4bb18d9a,55,Veronica Burton,veronicaburton,GSV,assists,5.5,118.0,-158.0,10,10,2025-09-12 06:40:44+00:00,2025-09-12 06:40:44+00:00,2025-09-12 06:40:44+00:00,2025-09-14 17:00:00+00:00,0.0,2025-09-14,2025,PST,MIN,GSV,1.0711186971054691,True,,0.42034729080094674,401820272,4398935,129689,8,0,True,False,matched,7.0,2025-09-14,over,0.45991989094587826,2.1799999999999997,1.1799999999999997,1.0,False,False,False
2448,9c0d9b75f777db6b6543fe74351bfa0b,125,Kayla McBride,kaylamcbride,MIN,points,13.5,-108.0,-120.0,10,10,2025-09-12 06:40:44+00:00,2025-09-12 06:40:44+00:00,2025-09-12 06:40:44+00:00,2025-09-14 17:00:00+00:00,0.0,2025-09-14,2025,PST,MIN,GSV,1.0646853146853146,True,,0.48646030463369283,401820272,2529205,8,129689,1,True,False,matched,17.0,2025-09-14,under,0.1785195293630436,1.8333333333333335,-1.0,1.0,False,False,False
2448,f40a16b24b312f9960a8769b49233ca5,117,Courtney Williams,courtneywilliams,MIN,rebounds,4.5,-152.0,114.0,10,10,2025-09-12 06:40:44+00:00,2025-09-12 06:40:44+00:00,2025-09-12 06:40:44+00:00,2025-09-14 17:00:00+00:00,0.0,2025-09-14,2025,PST,MIN,GSV,1.0704643228007713,True,,0.5703965275254933,401820272,2987891,8,129689,1,True,False,matched,4.0,2025-09-14,under,0.1283030670096379,2.1399999999999997,1.1399999999999997,1.0,False,False,False
2450,c6b482999d09f1379341c3b36a17e4f8,163,Natasha Cloud,natashacloud,CHI,threes,1.5,178.0,-245.0,10,10,2025-09-12 07:02:10+00:00,2025-09-12 07:02:10+00:00,2025-09-12 07:02:10+00:00,2025-09-14 21:00:00+00:00,0.0,2025-09-14,2025,PST,PHX,NYL,1.0698571577520593,True,,0.3183263503331576,401820314,2529137,9,11,0,True,False,matched,3.0,2025-09-14,over,0.13836412541435394,2.7800000000000002,1.7800000000000002,1.0,False,False,False
2450,4d5ff1b82489d77cc6453cac4e06fe1c,233,Emma Meesseman,emmameesseman,FA,rebounds,4.5,-120.0,-110.0,10,10,2025-09-12 07:02:10+00:00,2025-09-12 07:02:10+00:00,2025-09-12 07:02:10+00:00,2025-09-14 21:00:00+00:00,0.0,2025-09-14,2025,PST,PHX,NYL,1.0692640692640691,True,,0.5112040114787568,401820314,3027368,9,11,0,True,False,matched,8.0,2025-09-14,under,0.13627637776952023,1.9090909090909092,-1.0,1.0,False,False,False
2451,d9035f4acd3cb06f64989568bda146f4,208,Gabby Williams,gabbywilliams,GSV,rebounds,3.5,-154.0,116.0,10,10,2025-09-12 14:12:10+00:00,2025-09-12 14:12:10+00:00,2025-09-12 14:12:10+00:00,2025-09-15 02:00:00+00:00,0.0,2025-09-14,2025,PST,LVA,SEA,1.0692621755613883,True,,0.574207987656796,401820315,3142328,14,17,0,True,False,matched,3.0,2025-09-14,under,0.17041764552800936,2.16,1.1600000000000001,1.0,False,False,False
2448,931389e39dd40f8cebc527b61742135f,121,Alanna Smith,alannasmith,DAL,rebounds,4.5,-114.0,-114.0,10,10,2025-09-12 15:20:04+00:00,2025-09-12 15:20:04+00:00,2025-09-12 15:20:04+00:00,2025-09-14 17:00:00+00:00,0.0,2025-09-14,2025,PST,MIN,GSV,1.0654205607476634,True,,0.5000000000000001,401820272,3913881,8,129689,1,True,False,matched,6.0,2025-09-14,under,0.18366564986442524,1.8771929824561404,-1.0,1.0,False,False,False
2450,c5a798e53f6d753347aae67ff836035a,45,DeWanna Bonner,dewannabonner,PHO,threes,1.5,118.0,-158.0,10,10,2025-09-12 17:50:17+00:00,2025-09-12 17:50:17+00:00,2025-09-12 17:50:17+00:00,2025-09-14 21:00:00+00:00,0.0,2025-09-14,2025,PST,PHX,NYL,1.0711186971054691,True,,0.42034729080094674,401820314,869,11,9,1,True,False,matched,1.0,2025-09-14,under,0.1425820711530849,1.6329113924050633,0.6329113924050633,1.0,False,False,False
2450,7a37e5b4a5365c7cc4e337fd3e9df111,177,Sami Whitcomb,samiwhitcomb,PHO,threes,1.5,128.0,-172.0,10,10,2025-09-12 17:50:17+00:00,2025-09-12 17:50:17+00:00,2025-09-12 17:50:17+00:00,2025-09-14 21:00:00+00:00,0.0,2025-09-14,2025,PST,PHX,NYL,1.0709494324045408,True,,0.39957653069922067,401820314,887,11,9,1,True,False,matched,2.0,2025-09-14,over,0.05245472807566398,2.2800000000000002,1.2800000000000002,1.0,False,False,False
2451,c4023a832cb1f62e106dc09146fb3854,73,NaLyssa Smith,nalyssasmith,LVA,rebounds,4.5,114.0,-152.0,10,10,2025-09-12 18:09:00+00:00,2025-09-12 18:09:00+00:00,2025-09-12 18:09:00+00:00,2025-09-15 02:00:00+00:00,0.0,2025-09-14,2025,PST,LVA,SEA,1.0704643228007713,True,,0.42960347247450675,401820315,4398776,17,14,1,True,False,matched,9.0,2025-09-14,over,0.1515598062980078,2.1399999999999997,1.1399999999999997,1.0,False,False,False
2451,f2e8bf78bdd596949df87beaf9b5d02e,570,Dominique Malonga,dominiquemalonga,SEA,rebounds,5.5,118.0,-158.0,10,10,2025-09-12 18:09:01+00:00,2025-09-12 18:09:01+00:00,2025-09-12 18:09:01+00:00,2025-09-15 02:00:00+00:00,0.0,2025-09-14,2025,PST,LVA,SEA,1.0711186971054691,True,,0.42034729080094674,401820315,5220150,14,17,0,True,False,matched,11.0,2025-09-14,over,0.1793705644671676,2.1799999999999997,1.1799999999999997,1.0,False,False,False
2451,f320848a4bb61a58af0b8d6d8f052a56,66,Erica Wheeler,ericawheeler,LAS,assists,3.5,140.0,-170.0,24,24,2025-09-12 19:49:43+00:00,2025-09-12 19:49:43+00:00,2025-09-12 19:49:43+00:00,2025-09-15 02:00:00+00:00,0.0,2025-09-14,2025,PST,LVA,SEA,1.0462962962962963,True,,0.3910947128467968,401820315,2491214,14,17,0,True,False,matched,1.0,2025-09-14,under,0.07253609239507253,1.5882352941176472,0.5882352941176472,1.0,False,False,False
2448,ac5812fd5fa325a55cf562adacea6156,128,Bridget Carleton,bridgetcarleton,PDX,points,6.5,-118.0,-110.0,10,10,2025-09-12 22:32:57+00:00,2025-09-12 22:32:57+00:00,2025-09-12 22:32:57+00:00,2025-09-14 17:00:00+00:00,0.0,2025-09-14,2025,PST,MIN,GSV,1.0650939274792486,True,,0.5090245232268319,401820272,3906972,8,129689,1,True,False,matched,2.0,2025-09-14,under,0.1907381986431389,1.9090909090909092,0.9090909090909092,1.0,False,False,False
2448,524063e2080c7236effac2d2277afe6a,120,Cecilia Zandalasini,ceciliazandalasini,GSV,rebounds,3.5,-114.0,-114.0,10,10,2025-09-12 22:44:04+00:00,2025-09-12 22:44:04+00:00,2025-09-12 22:44:04+00:00,2025-09-14 17:00:00+00:00,0.0,2025-09-14,2025,PST,MIN,GSV,1.0654205607476634,True,,0.5000000000000001,401820272,4257500,129689,8,0,True,False,matched,4.0,2025-09-14,under,0.2770749497859728,1.8771929824561404,-1.0,1.0,False,False,False
2448,9eaedbc6f5d736dd77f1d70ff19b6927,280,Kaila Charles,kailacharles,GSV,rebounds,5.5,-144.0,108.0,10,10,2025-09-13 22:35:39+00:00,2025-09-13 22:35:39+00:00,2025-09-13 22:35:39+00:00,2025-09-14 17:00:00+00:00,0.0,2025-09-14,2025,PST,MIN,GSV,1.0709331651954601,True,,0.5566845205396996,401820272,4065780,129689,8,0,True,False,matched,1.0,2025-09-14,under,0.17981348254856983,2.08,1.08,1.0,False,False,False
2450,3ec2590f305be00ef37e820960ecbb4c,563,Monique Akoa Makani,moniqueakoamakani,PHO,points,6.5,-120.0,-111.0,13,13,2025-09-14 00:39:30+00:00,2025-09-14 00:39:30+00:00,2025-09-14 00:39:30+00:00,2025-09-14 21:00:00+00:00,0.0,2025-09-14,2025,PST,PHX,NYL,1.0715208961654459,True,,0.5100485111155957,401820314,5274110,11,9,1,True,False,matched,8.0,2025-09-14,under,0.18647682246807962,1.900900900900901,-1.0,1.0,False,False,False
2451,52b841ce4ae65eba665b00ad930b5075,166,Jewell Loyd,jewellloyd,LVA,rebounds,3.5,144.0,-196.0,60,60,2025-09-14 21:09:10+00:00,2025-09-14 21:09:10+00:00,2025-09-14 21:09:10+00:00,2025-09-15 02:00:00+00:00,0.0,2025-09-14,2025,PST,LVA,SEA,1.0719982277359326,True,,0.3691070941266568,401820315,2987869,17,14,1,True,False,matched,3.0,2025-09-14,under,0.06113153073721683,1.510204081632653,0.510204081632653,1.0,False,False,False
2455,c68a7af5a66f1028d2437312840e4095,112,Napheesa Collier,napheesacollier,MIN,rebounds,6.5,-154.0,116.0,10,10,2025-09-14 22:44:48+00:00,2025-09-14 22:44:48+00:00,2025-09-14 22:44:48+00:00,2025-09-18 02:00:00+00:00,0.0,2025-09-17,2025,PST,GSV,MIN,1.0692621755613883,True,,0.574207987656796,401820319,3917450,8,129689,0,True,False,matched,7.0,2025-09-17,under,0.2717247597901904,2.16,-1.0,1.0,False,False,False
2455,7b8e0885cb0d6889356cdbf513120346,125,Kayla McBride,kaylamcbride,MIN,points,14.5,102.0,-132.0,10,10,2025-09-14 23:51:48+00:00,2025-09-14 23:51:48+00:00,2025-09-14 23:51:48+00:00,2025-09-18 02:00:00+00:00,0.0,2025-09-17,2025,PST,GSV,MIN,1.0640150221918745,True,,0.4618487426836327,401820319,2529205,8,129689,0,True,False,matched,18.0,2025-09-17,under,0.27003693213413243,1.7575757575757576,-1.0,1.0,False,False,False
2455,5b9f86d5765b671553deb5e38e2e37dd,117,Courtney Williams,courtneywilliams,MIN,points,12.5,-110.0,-118.0,10,10,2025-09-14 23:51:48+00:00,2025-09-14 23:51:48+00:00,2025-09-14 23:51:48+00:00,2025-09-18 02:00:00+00:00,0.0,2025-09-17,2025,PST,GSV,MIN,1.0650939274792486,True,,0.4909754767731684,401820319,2987891,8,129689,0,True,False,matched,6.0,2025-09-17,under,0.122862246103499,1.847457627118644,0.847457627118644,1.0,False,False,False
2455,d3fde402c3bde5f0e16972e0cd635e56,55,Veronica Burton,veronicaburton,GSV,points,12.5,-130.0,100.0,10,10,2025-09-15 00:07:10+00:00,2025-09-15 00:07:10+00:00,2025-09-15 00:07:10+00:00,2025-09-18 02:00:00+00:00,0.0,2025-09-17,2025,PST,GSV,MIN,1.065217391304348,True,,0.5336835053940976,401820319,4398935,129689,8,1,True,False,matched,13.0,2025-09-17,under,0.18323157390359968,2.0,-1.0,1.0,False,False,False
2455,4c699227d7dfd6e8ccee9f32915c567f,120,Cecilia Zandalasini,ceciliazandalasini,GSV,rebounds,3.5,-120.0,-110.0,10,10,2025-09-15 00:07:11+00:00,2025-09-15 00:07:11+00:00,2025-09-15 00:07:11+00:00,2025-09-18 02:00:00+00:00,0.0,2025-09-17,2025,PST,GSV,MIN,1.0692640692640691,True,,0.5112040114787568,401820319,4257500,129689,8,1,True,False,matched,5.0,2025-09-17,under,0.29877545870332156,1.9090909090909092,-1.0,1.0,False,False,False
2455,3ab5ffb79f2b29457635c18608cadbbd,537,Janelle Salaun,janellesalaun,GSV,rebounds,5.5,-130.0,-102.0,10,10,2025-09-15 00:07:11+00:00,2025-09-15 00:07:11+00:00,2025-09-15 00:07:11+00:00,2025-09-18 02:00:00+00:00,0.0,2025-09-17,2025,PST,GSV,MIN,1.0701678863538528,True,,0.5312123494364493,401820319,4790264,129689,8,1,True,False,matched,4.0,2025-09-17,under,0.07014542872060908,1.9803921568627452,0.9803921568627452,1.0,False,False,False
2454,7e192e8b01342057151dd1231f00cc2c,40,Alyssa Thomas,alyssathomas,PHO,rebounds,9.5,-125.0,-106.0,10,10,2025-09-15 00:34:24+00:00,2025-09-15 00:34:24+00:00,2025-09-15 00:34:24+00:00,2025-09-18 00:00:00+00:00,0.0,2025-09-17,2025,PST,NYL,PHX,1.070118662351672,True,,0.5212291071384377,401820318,2529140,11,9,0,True,False,matched,6.0,2025-09-17,under,0.27358414781733076,1.9433962264150944,0.9433962264150944,1.0,False,False,False
2454,bdd5b7055ce9ec61fba4c680e6570429,155,Kahleah Copper,kahleahcopper,PHO,assists,1.5,-168.0,126.0,10,10,2025-09-15 00:34:25+00:00,2025-09-15 00:34:25+00:00,2025-09-15 00:34:25+00:00,2025-09-18 00:00:00+00:00,0.0,2025-09-17,2025,PST,NYL,PHX,1.0693435477479856,True,,0.5954775535118485,401820318,2998938,11,9,0,True,False,matched,0.0,2025-09-17,under,0.25229864835000704,2.26,1.2599999999999998,1.0,False,False,False
2454,f982026796acde81825c6ee69ec9f111,132,Sabrina Ionescu,sabrinaionescu,NYL,points,18.5,-110.0,-118.0,10,10,2025-09-15 00:34:25+00:00,2025-09-15 00:34:25+00:00,2025-09-15 00:34:25+00:00,2025-09-18 00:00:00+00:00,0.0,2025-09-17,2025,PST,NYL,PHX,1.0650939274792486,True,,0.4909754767731684,401820318,4066533,9,11,1,True,False,matched,9.0,2025-09-17,under,0.22840819141270008,1.847457627118644,0.847457627118644,1.0,False,False,False
2454,497192414f9a1e61e301e57d42d5833c,141,Jonquel Jones,jonqueljones,NYL,rebounds,8.5,-128.0,-104.0,10,10,2025-09-15 00:43:30+00:00,2025-09-15 00:43:30+00:00,2025-09-15 00:43:30+00:00,2025-09-18 00:00:00+00:00,0.0,2025-09-17,2025,PST,NYL,PHX,1.0712074303405572,True,,0.5267388899028808,401820318,2999101,9,11,1,True,False,matched,13.0,2025-09-17,under,0.40821500081695944,1.9615384615384617,-1.0,1.0,False,False,False
2454,f1c5e5941cda9a12acab2b659b28ead4,233,Emma Meesseman,emmameesseman,FA,rebounds,5.5,-102.0,-130.0,10,10,2025-09-15 00:43:30+00:00,2025-09-15 00:43:30+00:00,2025-09-15 00:43:30+00:00,2025-09-18 00:00:00+00:00,0.0,2025-09-17,2025,PST,NYL,PHX,1.0701678863538528,True,,0.46878765056355093,401820318,3027368,9,11,1,True,False,matched,6.0,2025-09-17,under,0.31266224454750674,1.7692307692307692,-1.0,1.0,False,False,False
2454,ceb7a430202fb7cb42c3ac08b8ce29d4,54,Satou Sabally,satousabally,NYL,rebounds,5.5,-154.0,116.0,10,10,2025-09-15 00:43:31+00:00,2025-09-15 00:43:31+00:00,2025-09-15 00:43:31+00:00,2025-09-18 00:00:00+00:00,0.0,2025-09-17,2025,PST,NYL,PHX,1.0692621755613883,True,,0.574207987656796,401820318,4281929,11,9,0,True,False,matched,7.0,2025-09-17,under,0.3559299215595697,2.16,-1.0,1.0,False,False,False
2454,a28b8da24129f2cd743a1f9eba2f2d62,163,Natasha Cloud,natashacloud,CHI,points,10.5,-113.0,-115.0,10,10,2025-09-15 00:43:31+00:00,2025-09-15 00:43:31+00:00,2025-09-15 00:43:31+00:00,2025-09-18 00:00:00+00:00,0.0,2025-09-17,2025,PST,NYL,PHX,1.0654001528551151,True,,0.49774423259931944,401820318,2529137,9,11,1,True,False,matched,8.0,2025-09-17,under,0.11764291810589611,1.8695652173913042,0.8695652173913042,1.0,False,False,False
2452,6773e07b9af7f569d1ca0bc2c88483cc,1,Allisha Gray,allishagray,ATL,rebounds,4.5,-152.0,114.0,10,10,2025-09-15 00:52:33+00:00,2025-09-15 00:52:33+00:00,2025-09-15 00:52:33+00:00,2025-09-16 23:30:00+00:00,0.0,2025-09-16,2025,PST,IND,ATL,1.0704643228007713,True,,0.5703965275254933,401820316,3058901,20,5,0,True,False,matched,7.0,2025-09-16,under,0.3776953265092465,2.1399999999999997,-1.0,1.0,False,False,False
2452,7befab697a378854a039336390a398a5,2,Jordin Canada,jordincanada,ATL,points,11.5,104.0,-135.0,10,10,2025-09-15 00:52:33+00:00,2025-09-15 00:52:33+00:00,2025-09-15 00:52:33+00:00,2025-09-16 23:30:00+00:00,0.0,2025-09-16,2025,PST,IND,ATL,1.0646641635377556,True,,0.45648742045938223,401820316,3142250,20,5,0,True,False,matched,4.0,2025-09-16,under,0.27266795295541507,1.7407407407407407,0.7407407407407407,1.0,False,False,False
2452,05efb00eb41159af8319cf75df368a7f,49,Brionna Jones,brionnajones,ATL,rebounds,6.5,-146.0,110.0,10,10,2025-09-15 00:52:33+00:00,2025-09-15 00:52:33+00:00,2025-09-15 00:52:33+00:00,2025-09-16 23:30:00+00:00,0.0,2025-09-16,2025,PST,IND,ATL,1.0696864111498257,True,,0.5607420039050215,401820316,3058895,20,5,0,True,False,matched,2.0,2025-09-16,under,0.2720715453130092,2.1,1.1,1.0,False,False,False
2452,207231bd672673b2a086d04122e19bd3,70,Kelsey Mitchell,kelseymitchell,IND,points,19.5,-106.0,-122.0,10,10,2025-09-15 00:52:33+00:00,2025-09-15 00:52:33+00:00,2025-09-15 00:52:33+00:00,2025-09-16 23:30:00+00:00,0.0,2025-09-16,2025,PST,IND,ATL,1.064112656345666,True,,0.4819416314468661,401820316,3142191,5,20,1,True,False,matched,19.0,2025-09-16,under,0.18415145160942892,1.819672131147541,0.819672131147541,1.0,False,False,False
2452,954884a32521765f36fb62dfbbfa92ae,16,Naz Hillmon,nazhillmon,ATL,points,9.5,-104.0,-125.0,10,10,2025-09-15 00:52:33+00:00,2025-09-15 00:52:33+00:00,2025-09-15 00:52:33+00:00,2025-09-16 23:30:00+00:00,0.0,2025-09-16,2025,PST,IND,ATL,1.065359477124183,True,,0.4763687479911608,401820316,4398915,20,5,0,True,False,matched,8.0,2025-09-16,under,0.17605708496204753,1.8,0.8,1.0,False,False,False
2452,0e8754717c4cfbe5fdd36c2a9d2e3acd,56,Natasha Howard,natashahoward,MIN,points,11.5,-102.0,-128.0,10,10,2025-09-15 00:52:33+00:00,2025-09-15 00:52:33+00:00,2025-09-15 00:52:33+00:00,2025-09-16 23:30:00+00:00,0.0,2025-09-16,2025,PST,IND,ATL,1.0663540038214347,True,,0.47082505196940394,401820316,2529130,5,20,1,True,False,matched,12.0,2025-09-16,under,0.17473004621051852,1.78125,-1.0,1.0,False,False,False
2452,ad8841ba90a647fd0f3b922c6e536a1e,15,Rhyne Howard,rhynehoward,ATL,rebounds,4.5,102.0,-136.0,10,10,2025-09-15 00:52:33+00:00,2025-09-15 00:52:33+00:00,2025-09-15 00:52:33+00:00,2025-09-16 23:30:00+00:00,0.0,2025-09-16,2025,PST,IND,ATL,1.071320691391173,True,,0.4579067075572801,401820316,4398674,20,5,0,True,False,matched,2.0,2025-09-16,under,0.17398038471497085,1.7352941176470589,0.7352941176470589,1.0,False,False,False
2452,c8d2e18e9fba7270b1d28dd3e069aec8,293,Odyssey Sims,odysseysims,DAL,threes,1.5,178.0,-245.0,10,10,2025-09-15 00:52:33+00:00,2025-09-15 00:52:33+00:00,2025-09-15 00:52:33+00:00,2025-09-16 23:30:00+00:00,0.0,2025-09-16,2025,PST,IND,ATL,1.0698571577520593,True,,0.3183263503331576,401820316,2529047,5,20,1,True,False,matched,1.0,2025-09-16,under,0.11808937756726162,1.4081632653061225,0.40816326530612246,1.0,False,False,False
2452,2456d016252e0e9e6272980b39bf9c39,71,Aliyah Boston,aliyahboston,IND,assists,3.5,-136.0,102.0,10,10,2025-09-15 00:52:33+00:00,2025-09-15 00:52:33+00:00,2025-09-15 00:52:33+00:00,2025-09-16 23:30:00+00:00,0.0,2025-09-16,2025,PST,IND,ATL,1.071320691391173,True,,0.5420932924427202,401820316,4432831,5,20,1,True,False,matched,3.0,2025-09-16,under,0.11544607580225957,2.02,1.02,1.0,False,False,False
2452,61c0bf75448ee495f7b9e4cea3bc3e15,76,Lexie Hull,lexiehull,IND,threes,1.5,108.0,-144.0,10,10,2025-09-15 00:52:33+00:00,2025-09-15 00:52:33+00:00,2025-09-15 00:52:33+00:00,2025-09-16 23:30:00+00:00,0.0,2025-09-16,2025,PST,IND,ATL,1.0709331651954601,True,,0.4433154794603006,401820316,4398829,5,20,1,True,False,matched,1.0,2025-09-16,under,0.08537728946247441,1.6944444444444444,0.6944444444444444,1.0,False,False,False
2454,207d328edb450271ca98670b18518d1b,45,DeWanna Bonner,dewannabonner,PHO,points,10.5,-110.0,-118.0,10,10,2025-09-15 00:52:34+00:00,2025-09-15 00:52:34+00:00,2025-09-15 00:52:34+00:00,2025-09-18 00:00:00+00:00,0.0,2025-09-17,2025,PST,NYL,PHX,1.0650939274792486,True,,0.4909754767731684,401820318,869,11,9,0,True,False,matched,14.0,2025-09-17,under,0.40041084801225946,1.847457627118644,-1.0,1.0,False,False,False
2453,062ea6b61c121e8637ca49419528be1f,103,A'ja Wilson,ajawilson,LVA,points,24.5,-128.0,-102.0,10,10,2025-09-15 04:07:50+00:00,2025-09-15 04:07:50+00:00,2025-09-15 04:07:50+00:00,2025-09-17 01:30:00+00:00,0.0,2025-09-16,2025,PST,SEA,LVA,1.0663540038214347,True,,0.5291749480305961,401820317,3149391,17,14,0,True,False,matched,21.0,2025-09-16,under,0.27121908190956795,1.9803921568627452,0.9803921568627452,1.0,False,False,False
2453,b7a06bb97da53a93e4932dcc2d98c562,180,Nneka Ogwumike,nnekaogwumike,LAS,rebounds,8.5,108.0,-144.0,10,10,2025-09-15 04:17:19+00:00,2025-09-15 04:17:19+00:00,2025-09-15 04:17:19+00:00,2025-09-17 01:30:00+00:00,0.0,2025-09-16,2025,PST,SEA,LVA,1.0709331651954601,True,,0.4433154794603006,401820317,1068,14,17,1,True,False,matched,10.0,2025-09-16,under,0.2249248259024721,1.6944444444444444,-1.0,1.0,False,False,False
2453,363b828d653d34e51f7928f516c3e537,102,Jackie Young,jackieyoung,LVA,points,15.5,-128.0,-102.0,10,10,2025-09-15 04:17:19+00:00,2025-09-15 04:17:19+00:00,2025-09-15 04:17:19+00:00,2025-09-17 01:30:00+00:00,0.0,2025-09-16,2025,PST,SEA,LVA,1.0663540038214347,True,,0.5291749480305961,401820317,4065870,17,14,0,True,False,matched,25.0,2025-09-16,under,0.22046937916320514,1.9803921568627452,-1.0,1.0,False,False,False
2453,314c58d3e504992f74b948cc9a28611e,208,Gabby Williams,gabbywilliams,GSV,points,10.5,102.0,-132.0,10,10,2025-09-15 04:26:56+00:00,2025-09-15 04:26:56+00:00,2025-09-15 04:26:56+00:00,2025-09-17 01:30:00+00:00,0.0,2025-09-16,2025,PST,SEA,LVA,1.0640150221918745,True,,0.4618487426836327,401820317,3142328,14,17,1,True,False,matched,6.0,2025-09-16,under,0.17968587496504979,1.7575757575757576,0.7575757575757576,1.0,False,False,False
2453,e6f21f663d7770eaf13d5aa4c5af4b98,175,Skylar Diggins,skylardiggins,CHI,assists,4.5,-160.0,120.0,10,10,2025-09-15 04:26:57+00:00,2025-09-15 04:26:57+00:00,2025-09-15 04:26:57+00:00,2025-09-17 01:30:00+00:00,0.0,2025-09-16,2025,PST,SEA,LVA,1.06993006993007,True,,0.583305061424049,401820317,2491205,14,17,1,True,False,matched,7.0,2025-09-16,over,0.15073111075422646,1.625,0.625,1.0,False,False,False
2453,15bd0160b91ce4414d8eb16ea6d52059,570,Dominique Malonga,dominiquemalonga,SEA,points,8.5,104.0,-135.0,10,10,2025-09-15 04:26:57+00:00,2025-09-15 04:26:57+00:00,2025-09-15 04:26:57+00:00,2025-09-17 01:30:00+00:00,0.0,2025-09-16,2025,PST,SEA,LVA,1.0646641635377556,True,,0.45648742045938223,401820317,5220150,14,17,1,True,False,matched,11.0,2025-09-16,over,0.07368820938760146,2.04,1.04,1.0,False,False,False
2453,29a9bf35057349c6448fed934dc96c60,166,Jewell Loyd,jewellloyd,LVA,rebounds,2.5,-174.0,130.0,10,10,2025-09-15 04:36:27+00:00,2025-09-15 04:36:27+00:00,2025-09-15 04:36:27+00:00,2025-09-17 01:30:00+00:00,0.0,2025-09-16,2025,PST,SEA,LVA,1.069819105046017,True,,0.603727082826799,401820317,2987869,17,14,0,True,False,matched,1.0,2025-09-16,under,0.18307667817879875,2.3,1.2999999999999998,1.0,False,False,False
2453,11121dbb29326bb7ef795b6ffe2790b2,73,NaLyssa Smith,nalyssasmith,LVA,rebounds,4.5,-162.0,122.0,10,10,2025-09-15 05:55:02+00:00,2025-09-15 05:55:02+00:00,2025-09-15 05:55:02+00:00,2025-09-17 01:30:00+00:00,0.0,2025-09-16,2025,PST,SEA,LVA,1.0687710611374732,True,,0.5868918088955871,401820317,4398776,17,14,0,True,False,matched,8.0,2025-09-16,under,0.1400006734880671,2.2199999999999998,-1.0,1.0,False,False,False
2453,83af90ee33429ac98768ded4380daa7a,66,Erica Wheeler,ericawheeler,LAS,threes,1.5,130.0,-160.0,24,24,2025-09-15 09:00:06+00:00,2025-09-15 09:00:06+00:00,2025-09-15 09:00:06+00:00,2025-09-17 01:30:00+00:00,0.0,2025-09-16,2025,PST,SEA,LVA,1.0501672240802677,True,,0.4074611221872626,401820317,2491214,14,17,1,True,False,matched,2.0,2025-09-16,over,0.17524874124437195,2.3,1.2999999999999998,1.0,False,False,False
2453,5cc6da88df4dbebee8f8c05399548b51,182,Brittney Sykes,brittneysykes,TOR,assists,3.5,130.0,-160.0,24,24,2025-09-15 09:00:06+00:00,2025-09-15 09:00:06+00:00,2025-09-15 09:00:06+00:00,2025-09-17 01:30:00+00:00,0.0,2025-09-16,2025,PST,SEA,LVA,1.0501672240802677,True,,0.4074611221872626,401820317,2988756,14,17,1,True,False,matched,1.0,2025-09-16,over,0.13200679770364576,2.3,-1.0,1.0,False,False,False
2453,1de9dd9cc2dd7958ef642ddd25403d03,176,Ezi Magbegor,ezimagbegor,SEA,points,6.5,-113.0,-115.0,10,10,2025-09-16 22:50:06+00:00,2025-09-16 22:50:06+00:00,2025-09-16 22:50:06+00:00,2025-09-17 01:30:00+00:00,0.0,2025-09-16,2025,PST,SEA,LVA,1.0654001528551151,True,,0.49774423259931944,401820317,4420318,14,17,1,True,False,matched,4.0,2025-09-16,under,0.06741794736627038,1.8695652173913042,0.8695652173913042,1.0,False,False,False
2455,774639db001f8020399c0192a413dd77,280,Kaila Charles,kailacharles,GSV,rebounds,5.5,104.0,-138.0,10,10,2025-09-17 00:23:14+00:00,2025-09-17 00:23:14+00:00,2025-09-17 00:23:14+00:00,2025-09-18 02:00:00+00:00,0.0,2025-09-17,2025,PST,GSV,MIN,1.0700280112044818,True,,0.4535791638529251,401820319,4065780,129689,8,1,True,False,matched,4.0,2025-09-17,under,0.21460647155388912,1.7246376811594204,0.7246376811594204,1.0,False,False,False
2456,ab91ff7e0b50cd9828943fd02e78fed9,70,Kelsey Mitchell,kelseymitchell,IND,points,19.5,-130.0,100.0,10,10,2025-09-17 02:27:50+00:00,2025-09-17 02:27:50+00:00,2025-09-17 02:27:50+00:00,2025-09-18 23:30:00+00:00,0.0,2025-09-18,2025,PST,ATL,IND,1.065217391304348,True,,0.5336835053940976,401820320,3142191,5,20,0,True,False,matched,24.0,2025-09-18,under,0.2644504957047173,2.0,-1.0,1.0,False,False,False
2456,57c88d150cd7763dda7d5ba8154ead07,71,Aliyah Boston,aliyahboston,IND,points,13.5,-130.0,100.0,10,10,2025-09-17 02:27:50+00:00,2025-09-17 02:27:50+00:00,2025-09-17 02:27:50+00:00,2025-09-18 23:30:00+00:00,0.0,2025-09-18,2025,PST,ATL,IND,1.065217391304348,True,,0.5336835053940976,401820320,4432831,5,20,0,True,False,matched,14.0,2025-09-18,under,0.23939095084205558,2.0,-1.0,1.0,False,False,False
2456,36c7c57abf784cf19e8fe95e3f68e595,2,Jordin Canada,jordincanada,ATL,points,10.5,-114.0,-114.0,10,10,2025-09-17 02:27:50+00:00,2025-09-17 02:27:50+00:00,2025-09-17 02:27:50+00:00,2025-09-18 23:30:00+00:00,0.0,2025-09-18,2025,PST,ATL,IND,1.0654205607476634,True,,0.5000000000000001,401820320,3142250,20,5,1,True,False,matched,18.0,2025-09-18,under,0.20625341073411835,1.8771929824561404,-1.0,1.0,False,False,False
2456,31379d65007b01353e8de5136ecf2fa3,49,Brionna Jones,brionnajones,ATL,rebounds,7.5,102.0,-136.0,10,10,2025-09-17 02:27:50+00:00,2025-09-17 02:27:50+00:00,2025-09-17 02:27:50+00:00,2025-09-18 23:30:00+00:00,0.0,2025-09-18,2025,PST,ATL,IND,1.071320691391173,True,,0.4579067075572801,401820320,3058895,20,5,1,True,False,matched,7.0,2025-09-18,under,0.1815475925156746,1.7352941176470589,0.7352941176470589,1.0,False,False,False
2456,e079939855ee970ecb0f73a86b23a7cd,15,Rhyne Howard,rhynehoward,ATL,assists,3.5,-110.0,-120.0,10,10,2025-09-17 02:27:50+00:00,2025-09-17 02:27:50+00:00,2025-09-17 02:27:50+00:00,2025-09-18 23:30:00+00:00,0.0,2025-09-18,2025,PST,ATL,IND,1.0692640692640691,True,,0.4887959885212434,401820320,4398674,20,5,1,True,False,matched,3.0,2025-09-18,over,0.086927027491079,1.9090909090909092,-1.0,1.0,False,False,False
2456,8c72e387fa18cac2f0f6e4c403b608ef,1,Allisha Gray,allishagray,ATL,points,16.5,-110.0,-118.0,10,10,2025-09-17 02:27:50+00:00,2025-09-17 02:27:50+00:00,2025-09-17 02:27:50+00:00,2025-09-18 23:30:00+00:00,0.0,2025-09-18,2025,PST,ATL,IND,1.0650939274792486,True,,0.4909754767731684,401820320,3058901,20,5,1,True,False,matched,19.0,2025-09-18,under,0.07340206684299788,1.847457627118644,-1.0,1.0,False,False,False
2457,4768e2da802abb8f2d0006682baaf402,180,Nneka Ogwumike,nnekaogwumike,LAS,rebounds,8.5,118.0,-158.0,10,10,2025-09-17 04:50:19+00:00,2025-09-17 04:50:19+00:00,2025-09-17 04:50:19+00:00,2025-09-19 01:30:00+00:00,0.0,2025-09-18,2025,PST,LVA,SEA,1.0711186971054691,True,,0.42034729080094674,401820321,1068,14,17,0,True,False,matched,9.0,2025-09-18,under,0.17741494029504123,1.6329113924050633,-1.0,1.0,False,False,False
2457,45475650a09bce4f00c766cbba1fa0f4,103,A'ja Wilson,ajawilson,LVA,points,24.5,-106.0,-122.0,10,10,2025-09-17 04:50:19+00:00,2025-09-17 04:50:19+00:00,2025-09-17 04:50:19+00:00,2025-09-19 01:30:00+00:00,0.0,2025-09-18,2025,PST,LVA,SEA,1.064112656345666,True,,0.4819416314468661,401820321,3149391,17,14,1,True,False,matched,38.0,2025-09-18,under,0.17342489952504447,1.819672131147541,-1.0,1.0,False,False,False
2457,ac5cb5b0c9ec1d743339780980c9e2ca,102,Jackie Young,jackieyoung,LVA,points,16.5,100.0,-130.0,10,10,2025-09-17 05:01:41+00:00,2025-09-17 05:01:41+00:00,2025-09-17 05:01:41+00:00,2025-09-19 01:30:00+00:00,0.0,2025-09-18,2025,PST,LVA,SEA,1.065217391304348,True,,0.4663164946059025,401820321,4065870,17,14,1,True,False,matched,14.0,2025-09-18,under,0.11636441000620784,1.7692307692307692,0.7692307692307692,1.0,False,False,False
2457,98a67bcb7e83664206e5f740890ec44a,175,Skylar Diggins,skylardiggins,CHI,points,13.5,-113.0,-115.0,10,10,2025-09-17 05:01:41+00:00,2025-09-17 05:01:41+00:00,2025-09-17 05:01:41+00:00,2025-09-19 01:30:00+00:00,0.0,2025-09-18,2025,PST,LVA,SEA,1.0654001528551151,True,,0.49774423259931944,401820321,2491205,14,17,0,True,False,matched,13.0,2025-09-18,under,0.10404053135390473,1.8695652173913042,0.8695652173913042,1.0,False,False,False
2457,47d3d37c52f17f0ac6cc9fb4c05e5f64,208,Gabby Williams,gabbywilliams,GSV,assists,3.5,140.0,-188.0,10,10,2025-09-17 05:01:42+00:00,2025-09-17 05:01:42+00:00,2025-09-17 05:01:42+00:00,2025-09-19 01:30:00+00:00,0.0,2025-09-18,2025,PST,LVA,SEA,1.0694444444444444,True,,0.37770717896550643,401820321,3142328,14,17,0,True,False,matched,2.0,2025-09-18,over,0.20010476685549206,2.4,-1.0,1.0,False,False,False
2457,46dab330843a220b1550b12fb3bca165,570,Dominique Malonga,dominiquemalonga,SEA,rebounds,6.5,-122.0,-108.0,10,10,2025-09-17 05:12:49+00:00,2025-09-17 05:12:49+00:00,2025-09-17 05:12:49+00:00,2025-09-19 01:30:00+00:00,0.0,2025-09-18,2025,PST,LVA,SEA,1.0687803187803186,True,,0.5156895960912058,401820321,5220150,14,17,0,True,False,matched,5.0,2025-09-18,under,0.06981216110481986,1.925925925925926,0.925925925925926,1.0,False,False,False
2456,3a90832f1de49baa27fa06c7bfcdd87b,76,Lexie Hull,lexiehull,IND,rebounds,4.5,102.0,-136.0,10,10,2025-09-17 05:24:29+00:00,2025-09-17 05:24:29+00:00,2025-09-17 05:24:29+00:00,2025-09-18 23:30:00+00:00,0.0,2025-09-18,2025,PST,ATL,IND,1.071320691391173,True,,0.4579067075572801,401820320,4398829,5,20,0,True,False,matched,2.0,2025-09-18,under,0.06748581517496788,1.7352941176470589,0.7352941176470589,1.0,False,False,False
2456,ab1f753ee6546359d6185a27a7201769,56,Natasha Howard,natashahoward,MIN,points,10.5,-128.0,-102.0,10,10,2025-09-17 05:24:30+00:00,2025-09-17 05:24:30+00:00,2025-09-17 05:24:30+00:00,2025-09-18 23:30:00+00:00,0.0,2025-09-18,2025,PST,ATL,IND,1.0663540038214347,True,,0.5291749480305961,401820320,2529130,5,20,0,True,False,matched,12.0,2025-09-18,under,0.2746508666266017,1.9803921568627452,-1.0,1.0,False,False,False
2457,9cccc269908d8927830dce0dcd573220,73,NaLyssa Smith,nalyssasmith,LVA,rebounds,5.5,-152.0,114.0,10,10,2025-09-17 05:24:31+00:00,2025-09-17 05:24:31+00:00,2025-09-17 05:24:31+00:00,2025-09-19 01:30:00+00:00,0.0,2025-09-18,2025,PST,LVA,SEA,1.0704643228007713,True,,0.5703965275254933,401820321,4398776,17,14,1,True,False,matched,4.0,2025-09-18,under,0.155230948018733,2.1399999999999997,1.1399999999999997,1.0,False,False,False
2457,be260efcb7573c59da3de6b4f9c0ae12,66,Erica Wheeler,ericawheeler,LAS,points,9.5,104.0,-135.0,10,10,2025-09-17 17:41:43+00:00,2025-09-17 17:41:43+00:00,2025-09-17 17:41:43+00:00,2025-09-19 01:30:00+00:00,0.0,2025-09-18,2025,PST,LVA,SEA,1.0646641635377556,True,,0.45648742045938223,401820321,2491214,14,17,0,True,False,matched,16.0,2025-09-18,under,0.11944227775373023,1.7407407407407407,-1.0,1.0,False,False,False
2456,8cc164d5eca662546b0f1e0abeee4ce4,16,Naz Hillmon,nazhillmon,ATL,rebounds,7.5,110.0,-146.0,10,10,2025-09-17 18:08:15+00:00,2025-09-17 18:08:15+00:00,2025-09-17 18:08:15+00:00,2025-09-18 23:30:00+00:00,0.0,2025-09-18,2025,PST,ATL,IND,1.0696864111498257,True,,0.4392579960949788,401820320,4398915,20,5,1,True,False,matched,10.0,2025-09-18,under,0.13196030458500507,1.6849315068493151,-1.0,1.0,False,False,False
2454,9032ced7f435d7a25d20ea47fe9261c4,137,Breanna Stewart,breannastewart,NYL,assists,3.5,160.0,-213.0,60,60,2025-09-17 22:41:05+00:00,2025-09-17 22:41:05+00:00,2025-09-17 22:41:05+00:00,2025-09-18 00:00:00+00:00,0.0,2025-09-17,2025,PST,NYL,PHX,1.0651265667240106,True,,0.34707131957027293,401820318,2998928,9,11,1,True,False,matched,2.0,2025-09-17,over,0.11990667918635733,2.6,-1.0,1.0,False,False,False
2459,effb6c73b1d2d08b6c4a5eddd33c36f7,40,Alyssa Thomas,alyssathomas,PHO,assists,8.5,-132.0,100.0,10,10,2025-09-18 03:14:25+00:00,2025-09-18 03:14:25+00:00,2025-09-18 03:14:25+00:00,2025-09-20 01:00:00+00:00,0.0,2025-09-19,2025,PST,PHX,NYL,1.0689655172413794,True,,0.5356937238338165,401820324,2529140,11,9,1,True,False,matched,11.0,2025-09-19,under,0.05529192848637948,2.0,-1.0,1.0,False,False,False
2459,3da7ffa129199f70e9f243514abc1bf1,141,Jonquel Jones,jonqueljones,NYL,rebounds,9.5,-102.0,-130.0,10,10,2025-09-18 03:24:34+00:00,2025-09-18 03:24:34+00:00,2025-09-18 03:24:34+00:00,2025-09-20 01:00:00+00:00,0.0,2025-09-19,2025,PST,PHX,NYL,1.0701678863538528,True,,0.46878765056355093,401820324,2999101,9,11,0,True,False,matched,8.0,2025-09-19,under,0.33285924971789227,1.7692307692307692,0.7692307692307692,1.0,False,False,False
2459,de457dff1bbdff88294a8ff451c1e67d,132,Sabrina Ionescu,sabrinaionescu,NYL,points,17.5,100.0,-130.0,10,10,2025-09-18 03:24:34+00:00,2025-09-18 03:24:34+00:00,2025-09-18 03:24:34+00:00,2025-09-20 01:00:00+00:00,0.0,2025-09-19,2025,PST,PHX,NYL,1.065217391304348,True,,0.4663164946059025,401820324,4066533,9,11,0,True,False,matched,22.0,2025-09-19,under,0.14055283352407139,1.7692307692307692,-1.0,1.0,False,False,False
2459,c143fe58ad228fd6b9862f41aac6859c,54,Satou Sabally,satousabally,NYL,points,14.5,-130.0,100.0,10,10,2025-09-18 03:35:06+00:00,2025-09-18 03:35:06+00:00,2025-09-18 03:35:06+00:00,2025-09-20 01:00:00+00:00,0.0,2025-09-19,2025,PST,PHX,NYL,1.065217391304348,True,,0.5336835053940976,401820324,4281929,11,9,1,True,False,matched,23.0,2025-09-19,under,0.15541705645979914,2.0,-1.0,1.0,False,False,False
2459,ceec14f6755553cb5b50ba780cf2bd0b,155,Kahleah Copper,kahleahcopper,PHO,points,15.5,-120.0,-108.0,10,10,2025-09-18 03:35:06+00:00,2025-09-18 03:35:06+00:00,2025-09-18 03:35:06+00:00,2025-09-20 01:00:00+00:00,0.0,2025-09-19,2025,PST,PHX,NYL,1.0646853146853146,True,,0.5135396953663074,401820324,2998938,11,9,1,True,False,matched,12.0,2025-09-19,under,0.12074454052383371,1.925925925925926,0.925925925925926,1.0,False,False,False
2459,158d57bd15e9250cf2a83e05150fb379,137,Breanna Stewart,breannastewart,NYL,rebounds,4.5,-120.0,-110.0,10,10,2025-09-18 07:12:39+00:00,2025-09-18 07:12:39+00:00,2025-09-18 07:12:39+00:00,2025-09-20 01:00:00+00:00,0.0,2025-09-19,2025,PST,PHX,NYL,1.0692640692640691,True,,0.5112040114787568,401820324,2998928,9,11,0,True,False,matched,9.0,2025-09-19,over,0.40415883196559027,1.8333333333333335,0.8333333333333335,1.0,False,False,False
2459,24593a24ec5631ef9e2ad306953fa17e,45,DeWanna Bonner,dewannabonner,PHO,rebounds,5.5,-114.0,-114.0,10,10,2025-09-18 09:48:58+00:00,2025-09-18 09:48:58+00:00,2025-09-18 09:48:58+00:00,2025-09-20 01:00:00+00:00,0.0,2025-09-19,2025,PST,PHX,NYL,1.0654205607476634,True,,0.5000000000000001,401820324,869,11,9,1,True,False,matched,8.0,2025-09-19,under,0.3670437258522932,1.8771929824561404,-1.0,1.0,False,False,False
2459,946a8e22cc3e16e0147b2d93f835e309,233,Emma Meesseman,emmameesseman,FA,points,10.5,-102.0,-128.0,10,10,2025-09-18 09:48:59+00:00,2025-09-18 09:48:59+00:00,2025-09-18 09:48:59+00:00,2025-09-20 01:00:00+00:00,0.0,2025-09-19,2025,PST,PHX,NYL,1.0663540038214347,True,,0.47082505196940394,401820324,3027368,9,11,0,True,False,matched,0.0,2025-09-19,under,0.09736966832329386,1.78125,0.78125,1.0,False,False,False
2456,944c2d5018d7791276813e7c00e71b83,11,Aerial Powers,aerialpowers,FA,assists,1.5,-175.0,130.0,60,60,2025-09-18 20:06:25+00:00,2025-09-18 20:06:25+00:00,2025-09-18 20:06:25+00:00,2025-09-18 23:30:00+00:00,0.0,2025-09-18,2025,PST,ATL,IND,1.0711462450592886,True,,0.6044938039932303,401820320,2999035,5,20,0,True,False,matched,1.0,2025-09-18,under,0.366137026576811,2.3,1.2999999999999998,1.0,False,False,False
2459,103b2991850d045c42ac80e7038f52b0,563,Monique Akoa Makani,moniqueakoamakani,PHO,rebounds,3.5,167.0,-233.0,60,60,2025-09-19 04:15:15+00:00,2025-09-19 04:15:15+00:00,2025-09-19 04:15:15+00:00,2025-09-20 01:00:00+00:00,0.0,2025-09-19,2025,PST,PHX,NYL,1.0742315349056923,True,,0.33102360600765024,401820324,5274110,11,9,1,True,False,matched,3.0,2025-09-19,under,0.11070565178238778,1.4291845493562232,0.4291845493562232,1.0,False,False,False
2465,104fea0f9e436de4c52dff488c43956c,70,Kelsey Mitchell,kelseymitchell,IND,points,20.5,-105.0,-125.0,12,12,2025-09-19 04:20:08+00:00,2025-09-19 04:20:08+00:00,2025-09-19 04:20:08+00:00,2025-09-21 19:00:00+00:00,0.0,2025-09-21,2025,PST,LVA,IND,1.067750677506775,True,,0.47757418034290006,401820327,3142191,5,17,0,True,False,matched,34.0,2025-09-21,under,0.15049941405550554,1.8,-1.0,1.0,False,False,False
2465,52477b3e525b1ef8e2eea3842421f468,107,Chelsea Gray,chelseagray,LVA,rebounds,3.5,-125.0,-105.0,12,12,2025-09-19 04:31:20+00:00,2025-09-19 04:31:20+00:00,2025-09-19 04:31:20+00:00,2025-09-21 19:00:00+00:00,0.0,2025-09-21,2025,PST,LVA,IND,1.067750677506775,True,,0.5224258196571001,401820327,2529122,17,5,1,True,False,matched,5.0,2025-09-21,under,0.0591098057093602,1.9523809523809523,-1.0,1.0,False,False,False
2465,b561f875f5d3c3586221033d6cfb8e8e,71,Aliyah Boston,aliyahboston,IND,rebounds,8.5,-120.0,-110.0,12,12,2025-09-19 04:31:21+00:00,2025-09-19 04:31:21+00:00,2025-09-19 04:31:21+00:00,2025-09-21 19:00:00+00:00,0.0,2025-09-21,2025,PST,LVA,IND,1.0692640692640691,True,,0.5112040114787568,401820327,4432831,5,17,0,True,False,matched,11.0,2025-09-21,under,0.1821625818262939,1.9090909090909092,-1.0,1.0,False,False,False
2465,85d5fe7b25e7fd0804ab5cd7b1599743,102,Jackie Young,jackieyoung,LVA,assists,5.5,128.0,-172.0,10,10,2025-09-19 04:40:57+00:00,2025-09-19 04:40:57+00:00,2025-09-19 04:40:57+00:00,2025-09-21 19:00:00+00:00,0.0,2025-09-21,2025,PST,LVA,IND,1.0709494324045408,True,,0.39957653069922067,401820327,4065870,17,5,1,True,False,matched,2.0,2025-09-21,over,0.25707494660285063,2.2800000000000002,-1.0,1.0,False,False,False
2465,e4e323038bd1707dd47a9c279fd158cf,56,Natasha Howard,natashahoward,MIN,rebounds,6.5,-132.0,100.0,10,10,2025-09-19 04:40:57+00:00,2025-09-19 04:40:57+00:00,2025-09-19 04:40:57+00:00,2025-09-21 19:00:00+00:00,0.0,2025-09-21,2025,PST,LVA,IND,1.0689655172413794,True,,0.5356937238338165,401820327,2529130,5,17,0,True,False,matched,11.0,2025-09-21,under,0.1940833452517816,2.0,-1.0,1.0,False,False,False
2459,014c3724ad8bd04c13473f45310b5263,147,Leonie Fiebich,leoniefiebich,NYL,rebounds,3.5,-104.0,-128.0,10,10,2025-09-19 05:15:24+00:00,2025-09-19 05:15:24+00:00,2025-09-19 05:15:24+00:00,2025-09-20 01:00:00+00:00,0.0,2025-09-19,2025,PST,PHX,NYL,1.0712074303405572,True,,0.4732611100971195,401820324,4683006,9,11,0,True,False,matched,3.0,2025-09-19,under,0.09664160331365768,1.78125,0.78125,1.0,False,False,False
2465,33955fda20be3d121fe073e686b74299,76,Lexie Hull,lexiehull,IND,rebounds,4.5,110.0,-146.0,10,10,2025-09-19 12:39:51+00:00,2025-09-19 12:39:51+00:00,2025-09-19 12:39:51+00:00,2025-09-21 19:00:00+00:00,0.0,2025-09-21,2025,PST,LVA,IND,1.0696864111498257,True,,0.4392579960949788,401820327,4398829,5,17,0,True,False,matched,2.0,2025-09-21,under,0.12645212734070943,1.6849315068493151,0.6849315068493151,1.0,False,False,False
2465,25dc973a37be3c52823b8e20a6f1a4af,73,NaLyssa Smith,nalyssasmith,LVA,points,7.5,-118.0,-110.0,10,10,2025-09-19 15:14:40+00:00,2025-09-19 15:14:40+00:00,2025-09-19 15:14:40+00:00,2025-09-21 19:00:00+00:00,0.0,2025-09-21,2025,PST,LVA,IND,1.0650939274792486,True,,0.5090245232268319,401820327,4398776,17,5,1,True,False,matched,4.0,2025-09-21,under,0.13903729141983517,1.9090909090909092,0.9090909090909092,1.0,False,False,False
2465,87256cc0f96d2f1c1f7066f9bc3191ac,166,Jewell Loyd,jewellloyd,LVA,points,11.5,-102.0,-128.0,10,10,2025-09-19 15:14:41+00:00,2025-09-19 15:14:41+00:00,2025-09-19 15:14:41+00:00,2025-09-21 19:00:00+00:00,0.0,2025-09-21,2025,PST,LVA,IND,1.0663540038214347,True,,0.47082505196940394,401820327,2987869,17,5,1,True,False,matched,3.0,2025-09-21,under,0.09626541766665286,1.78125,0.78125,1.0,False,False,False
2460,327f66d52970e984f609df6464405f9b,40,Alyssa Thomas,alyssathomas,PHO,points,15.5,105.0,-135.0,12,12,2025-09-20 04:21:32+00:00,2025-09-20 04:21:32+00:00,2025-09-20 04:21:32+00:00,2025-09-21 21:00:00+00:00,0.0,2025-09-21,2025,PST,MIN,PHX,1.0622729631551635,True,,0.45531139401703796,401820328,2529140,11,8,0,True,False,matched,18.0,2025-09-21,under,0.21458711776267414,1.7407407407407407,-1.0,1.0,False,False,False
2460,61395c0b7487f5793ee03947c66d292e,112,Napheesa Collier,napheesacollier,MIN,points,21.5,-120.0,-110.0,12,12,2025-09-20 04:21:32+00:00,2025-09-20 04:21:32+00:00,2025-09-20 04:21:32+00:00,2025-09-21 21:00:00+00:00,0.0,2025-09-21,2025,PST,MIN,PHX,1.0692640692640691,True,,0.5112040114787568,401820328,3917450,8,11,1,True,False,matched,18.0,2025-09-21,under,0.1930208954406149,1.9090909090909092,0.9090909090909092,1.0,False,False,False
2460,8e37b105dcc435bc73356bcdea9ce86a,117,Courtney Williams,courtneywilliams,MIN,points,13.5,105.0,-135.0,12,12,2025-09-20 04:21:32+00:00,2025-09-20 04:21:32+00:00,2025-09-20 04:21:32+00:00,2025-09-21 21:00:00+00:00,0.0,2025-09-21,2025,PST,MIN,PHX,1.0622729631551635,True,,0.45531139401703796,401820328,2987891,8,11,1,True,False,matched,23.0,2025-09-21,under,0.16166561574907445,1.7407407407407407,-1.0,1.0,False,False,False
2460,4e6735202faff04ceca37719ff319a3a,125,Kayla McBride,kaylamcbride,MIN,points,13.5,-115.0,-115.0,12,12,2025-09-20 04:21:32+00:00,2025-09-20 04:21:32+00:00,2025-09-20 04:21:32+00:00,2025-09-21 21:00:00+00:00,0.0,2025-09-21,2025,PST,MIN,PHX,1.0697674418604652,True,,0.5,401820328,2529205,8,11,1,True,False,matched,21.0,2025-09-21,under,0.13691524935055643,1.8695652173913042,-1.0,1.0,False,False,False
2460,d33d3c938d108945ee7f23001f2f9ca6,54,Satou Sabally,satousabally,NYL,points,14.5,-115.0,-115.0,12,12,2025-09-20 04:21:32+00:00,2025-09-20 04:21:32+00:00,2025-09-20 04:21:32+00:00,2025-09-21 21:00:00+00:00,0.0,2025-09-21,2025,PST,MIN,PHX,1.0697674418604652,True,,0.5,401820328,4281929,11,8,0,True,False,matched,10.0,2025-09-21,under,0.10583439743970319,1.8695652173913042,0.8695652173913042,1.0,False,False,False
2460,58d560d2c9f099a0e941b3f90b6d8e0f,155,Kahleah Copper,kahleahcopper,PHO,points,15.5,105.0,-135.0,12,12,2025-09-20 04:21:32+00:00,2025-09-20 04:21:32+00:00,2025-09-20 04:21:32+00:00,2025-09-21 21:00:00+00:00,0.0,2025-09-21,2025,PST,MIN,PHX,1.0622729631551635,True,,0.45531139401703796,401820328,2998938,11,8,0,True,False,matched,22.0,2025-09-21,under,0.09228182140486424,1.7407407407407407,-1.0,1.0,False,False,False
2460,fb3e09041bee8f532df039bf1dc517a0,121,Alanna Smith,alannasmith,DAL,rebounds,4.5,-115.0,-115.0,12,12,2025-09-20 04:33:23+00:00,2025-09-20 04:33:23+00:00,2025-09-20 04:33:23+00:00,2025-09-21 21:00:00+00:00,0.0,2025-09-21,2025,PST,MIN,PHX,1.0697674418604652,True,,0.5,401820328,3913881,8,11,1,True,False,matched,6.0,2025-09-21,under,0.1549848321447848,1.8695652173913042,-1.0,1.0,False,False,False
2465,1c270bd766812ba3e9b82130e569998c,103,A'ja Wilson,ajawilson,LVA,threes,0.5,-240.0,150.0,33,33,2025-09-20 09:58:28+00:00,2025-09-20 09:58:28+00:00,2025-09-20 09:58:28+00:00,2025-09-21 19:00:00+00:00,0.0,2025-09-21,2025,PST,LVA,IND,1.1058823529411765,True,,0.6620616945528875,401820327,3149391,17,5,1,True,False,matched,0.0,2025-09-21,under,0.31685702415814676,2.5,1.5,1.0,False,False,False
2465,2a7d0e1a5809fea224e058daf07a002e,293,Odyssey Sims,odysseysims,DAL,assists,3.5,-105.0,-135.0,33,33,2025-09-20 09:58:28+00:00,2025-09-20 09:58:28+00:00,2025-09-20 09:58:28+00:00,2025-09-21 19:00:00+00:00,0.0,2025-09-21,2025,PST,LVA,IND,1.0866632070576026,True,,0.46744138600370294,401820327,2529047,5,17,0,True,False,matched,3.0,2025-09-21,over,0.10625157813634162,1.9523809523809523,-1.0,1.0,False,False,False
2460,56dec3c0a26f6cf7720de65c9520bdb1,563,Monique Akoa Makani,moniqueakoamakani,PHO,points,7.5,-114.0,-118.0,13,13,2025-09-20 16:11:00+00:00,2025-09-20 16:11:00+00:00,2025-09-20 16:11:00+00:00,2025-09-21 21:00:00+00:00,0.0,2025-09-21,2025,PST,MIN,PHX,1.0739946840435564,True,,0.49555000929585213,401820328,5274110,11,8,0,True,False,matched,2.0,2025-09-21,under,0.16487577780797652,1.847457627118644,0.847457627118644,1.0,False,False,False
2460,cf0af7b93fd6c000e0b1db34b7913cf7,45,DeWanna Bonner,dewannabonner,PHO,points,10.5,-104.0,-125.0,10,10,2025-09-20 22:20:09+00:00,2025-09-20 22:20:09+00:00,2025-09-20 22:20:09+00:00,2025-09-21 21:00:00+00:00,0.0,2025-09-21,2025,PST,MIN,PHX,1.065359477124183,True,,0.4763687479911608,401820328,869,11,8,0,True,False,matched,0.0,2025-09-21,under,0.19689749939056556,1.8,0.8,1.0,False,False,False
2466,5082ebc213a90763e7581db3f8ff085f,71,Aliyah Boston,aliyahboston,IND,rebounds,8.5,-140.0,106.0,10,10,2025-09-21 22:26:13+00:00,2025-09-21 22:26:13+00:00,2025-09-21 22:26:13+00:00,2025-09-24 01:30:00+00:00,0.0,2025-09-23,2025,PST,LVA,IND,1.0687702265372168,True,,0.5506638564937638,401820331,4432831,5,17,0,True,False,matched,13.0,2025-09-23,under,0.2218462056397147,2.06,-1.0,1.0,False,False,False
2466,0e32968fd0706e0db5aa2c21d9a3f5b9,70,Kelsey Mitchell,kelseymitchell,IND,points,20.5,-128.0,-102.0,10,10,2025-09-21 22:26:13+00:00,2025-09-21 22:26:13+00:00,2025-09-21 22:26:13+00:00,2025-09-24 01:30:00+00:00,0.0,2025-09-23,2025,PST,LVA,IND,1.0663540038214347,True,,0.5291749480305961,401820331,3142191,5,17,0,True,False,matched,13.0,2025-09-23,under,0.21968843771567304,1.9803921568627452,0.9803921568627452,1.0,False,False,False
2466,90cd4e1ed277187c695adace0dc9b1b1,103,A'ja Wilson,ajawilson,LVA,points,25.5,-102.0,-128.0,10,10,2025-09-21 22:26:13+00:00,2025-09-21 22:26:13+00:00,2025-09-21 22:26:13+00:00,2025-09-24 01:30:00+00:00,0.0,2025-09-23,2025,PST,LVA,IND,1.0663540038214347,True,,0.47082505196940394,401820331,3149391,17,5,1,True,False,matched,25.0,2025-09-23,under,0.21546760369689916,1.78125,0.78125,1.0,False,False,False
2466,a52e5806f693b0bace2cfc0af3ef5741,102,Jackie Young,jackieyoung,LVA,points,16.5,-104.0,-125.0,10,10,2025-09-21 22:26:14+00:00,2025-09-21 22:26:14+00:00,2025-09-21 22:26:14+00:00,2025-09-24 01:30:00+00:00,0.0,2025-09-23,2025,PST,LVA,IND,1.065359477124183,True,,0.4763687479911608,401820331,4065870,17,5,1,True,False,matched,13.0,2025-09-23,under,0.05327572588573454,1.8,0.8,1.0,False,False,False
2466,563717a2a66d811fb7127847bfc02ce8,107,Chelsea Gray,chelseagray,LVA,assists,6.5,126.0,-168.0,10,10,2025-09-21 22:35:42+00:00,2025-09-21 22:35:42+00:00,2025-09-21 22:35:42+00:00,2025-09-24 01:30:00+00:00,0.0,2025-09-23,2025,PST,LVA,IND,1.0693435477479856,True,,0.4045224464881516,401820331,2529122,17,5,1,True,False,matched,10.0,2025-09-23,over,0.10590382075485849,2.26,1.2599999999999998,1.0,False,False,False
2461,13010b508e58cfd9b5388adb957c0f5f,112,Napheesa Collier,napheesacollier,MIN,rebounds,7.5,-130.0,-102.0,10,10,2025-09-21 23:04:00+00:00,2025-09-21 23:04:00+00:00,2025-09-21 23:04:00+00:00,2025-09-23 23:30:00+00:00,0.0,2025-09-23,2025,PST,MIN,PHX,1.0701678863538528,True,,0.5312123494364493,401820330,3917450,8,11,1,True,False,matched,6.0,2025-09-23,under,0.15806059292401342,1.9803921568627452,0.9803921568627452,1.0,False,False,False
2461,eac64104dace0c02964a3fd4bd4f2152,40,Alyssa Thomas,alyssathomas,PHO,points,15.5,-104.0,-125.0,10,10,2025-09-21 23:04:01+00:00,2025-09-21 23:04:01+00:00,2025-09-21 23:04:01+00:00,2025-09-23 23:30:00+00:00,0.0,2025-09-23,2025,PST,MIN,PHX,1.065359477124183,True,,0.4763687479911608,401820330,2529140,11,8,0,True,False,matched,19.0,2025-09-23,under,0.21853418888214765,1.8,-1.0,1.0,False,False,False
2461,aeb453e5a3c4d761b6ff187b4ef50372,117,Courtney Williams,courtneywilliams,MIN,points,13.5,-108.0,-120.0,10,10,2025-09-21 23:13:19+00:00,2025-09-21 23:13:19+00:00,2025-09-21 23:13:19+00:00,2025-09-23 23:30:00+00:00,0.0,2025-09-23,2025,PST,MIN,PHX,1.0646853146853146,True,,0.48646030463369283,401820330,2987891,8,11,1,True,False,matched,20.0,2025-09-23,under,0.2260783266599416,1.8333333333333335,-1.0,1.0,False,False,False
2461,ee99518efc1c394dcb81c407a767d07b,155,Kahleah Copper,kahleahcopper,PHO,points,14.5,-130.0,100.0,10,10,2025-09-21 23:13:20+00:00,2025-09-21 23:13:20+00:00,2025-09-21 23:13:20+00:00,2025-09-23 23:30:00+00:00,0.0,2025-09-23,2025,PST,MIN,PHX,1.065217391304348,True,,0.5336835053940976,401820330,2998938,11,8,0,True,False,matched,8.0,2025-09-23,under,0.16537413777589677,2.0,1.0,1.0,False,False,False
2461,7daed6eba7b1c0084d853e24dca521e0,54,Satou Sabally,satousabally,NYL,rebounds,5.5,-158.0,118.0,10,10,2025-09-21 23:13:20+00:00,2025-09-21 23:13:20+00:00,2025-09-21 23:13:20+00:00,2025-09-23 23:30:00+00:00,0.0,2025-09-23,2025,PST,MIN,PHX,1.0711186971054691,True,,0.5796527091990534,401820330,4281929,11,8,0,True,False,matched,9.0,2025-09-23,under,0.07270144578210735,2.1799999999999997,-1.0,1.0,False,False,False
2461,b2c99e212d19c507dfac39c0f6fbd30b,125,Kayla McBride,kaylamcbride,MIN,points,14.5,100.0,-130.0,10,10,2025-09-21 23:13:21+00:00,2025-09-21 23:13:21+00:00,2025-09-21 23:13:21+00:00,2025-09-23 23:30:00+00:00,0.0,2025-09-23,2025,PST,MIN,PHX,1.065217391304348,True,,0.4663164946059025,401820330,2529205,8,11,1,True,False,matched,21.0,2025-09-23,under,0.14448410439648585,1.7692307692307692,-1.0,1.0,False,False,False
2461,3c3b6ba4689d5feb709488681a1955b7,45,DeWanna Bonner,dewannabonner,PHO,rebounds,4.5,-158.0,118.0,10,10,2025-09-22 00:17:12+00:00,2025-09-22 00:17:12+00:00,2025-09-22 00:17:12+00:00,2025-09-23 23:30:00+00:00,0.0,2025-09-23,2025,PST,MIN,PHX,1.0711186971054691,True,,0.5796527091990534,401820330,869,11,8,0,True,False,matched,3.0,2025-09-23,under,0.21263321902393129,2.1799999999999997,1.1799999999999997,1.0,False,False,False
2461,64f1ce063668659382c76cd603509277,121,Alanna Smith,alannasmith,DAL,rebounds,4.5,-114.0,-114.0,10,10,2025-09-22 00:17:12+00:00,2025-09-22 00:17:12+00:00,2025-09-22 00:17:12+00:00,2025-09-23 23:30:00+00:00,0.0,2025-09-23,2025,PST,MIN,PHX,1.0654205607476634,True,,0.5000000000000001,401820330,3913881,8,11,1,True,False,matched,9.0,2025-09-23,under,0.1823346040747918,1.8771929824561404,-1.0,1.0,False,False,False
2466,c829f1b0801419515e3e1e7a75e75bb3,166,Jewell Loyd,jewellloyd,LVA,threes,1.5,100.0,-132.0,10,10,2025-09-22 00:17:13+00:00,2025-09-22 00:17:13+00:00,2025-09-22 00:17:13+00:00,2025-09-24 01:30:00+00:00,0.0,2025-09-23,2025,PST,LVA,IND,1.0689655172413794,True,,0.46430627616618364,401820331,2987869,17,5,1,True,False,matched,2.0,2025-09-23,over,0.0793533722064172,2.0,1.0,1.0,False,False,False
2461,c37ce30d6b05dd741ca4acbe9dff8695,115,Natisha Hiedeman,natishahiedeman,SEA,threes,1.5,178.0,-245.0,10,10,2025-09-22 00:17:13+00:00,2025-09-22 00:17:13+00:00,2025-09-22 00:17:13+00:00,2025-09-23 23:30:00+00:00,0.0,2025-09-23,2025,PST,MIN,PHX,1.0698571577520593,True,,0.3183263503331576,401820330,3906753,8,11,1,True,False,matched,0.0,2025-09-23,over,0.0593785765459377,2.7800000000000002,-1.0,1.0,False,False,False
2466,dde28e8e2da2b32ec4dc7fdc7f215894,76,Lexie Hull,lexiehull,IND,rebounds,3.5,-152.0,114.0,10,10,2025-09-22 00:27:21+00:00,2025-09-22 00:27:21+00:00,2025-09-22 00:27:21+00:00,2025-09-24 01:30:00+00:00,0.0,2025-09-23,2025,PST,LVA,IND,1.0704643228007713,True,,0.5703965275254933,401820331,4398829,5,17,0,True,False,matched,3.0,2025-09-23,under,0.08507523971913444,2.1399999999999997,1.1399999999999997,1.0,False,False,False
2466,525b23debeb32e1e1e4d64b9fbc39ecf,56,Natasha Howard,natashahoward,MIN,rebounds,6.5,-132.0,100.0,10,10,2025-09-22 00:27:22+00:00,2025-09-22 00:27:22+00:00,2025-09-22 00:27:22+00:00,2025-09-24 01:30:00+00:00,0.0,2025-09-23,2025,PST,LVA,IND,1.0689655172413794,True,,0.5356937238338165,401820331,2529130,5,17,0,True,False,matched,7.0,2025-09-23,under,0.23946364306311813,2.0,-1.0,1.0,False,False,False
2466,b85044ac3e91c7814b962a229d212924,293,Odyssey Sims,odysseysims,DAL,points,9.5,-130.0,100.0,10,10,2025-09-22 00:27:22+00:00,2025-09-22 00:27:22+00:00,2025-09-22 00:27:22+00:00,2025-09-24 01:30:00+00:00,0.0,2025-09-23,2025,PST,LVA,IND,1.065217391304348,True,,0.5336835053940976,401820331,2529047,5,17,0,True,False,matched,18.0,2025-09-23,under,0.0959200533908971,2.0,-1.0,1.0,False,False,False
2466,1f5842fbaa6644f9addcb37de9fdc1d6,73,NaLyssa Smith,nalyssasmith,LVA,points,7.5,-105.0,-130.0,13,13,2025-09-22 10:59:26+00:00,2025-09-22 10:59:26+00:00,2025-09-22 10:59:26+00:00,2025-09-24 01:30:00+00:00,0.0,2025-09-23,2025,PST,LVA,IND,1.0774125132555674,True,,0.4724269137319091,401820331,4398776,17,5,1,True,False,matched,18.0,2025-09-23,under,0.16523661018149483,1.7692307692307692,-1.0,1.0,False,False,False
2461,5c2692f87d6f80e801a1bad3b27c7fcc,177,Sami Whitcomb,samiwhitcomb,PHO,points,7.5,-130.0,100.0,10,10,2025-09-22 18:48:59+00:00,2025-09-22 18:48:59+00:00,2025-09-22 18:48:59+00:00,2025-09-23 23:30:00+00:00,0.0,2025-09-23,2025,PST,MIN,PHX,1.065217391304348,True,,0.5336835053940976,401820330,887,11,8,0,True,False,matched,13.0,2025-09-23,under,0.13660020589383054,2.0,-1.0,1.0,False,False,False
2462,e2a7a1ee3357e32fe3205a66f62011eb,40,Alyssa Thomas,alyssathomas,PHO,points,14.5,-128.0,-102.0,10,10,2025-09-24 02:08:33+00:00,2025-09-24 02:08:33+00:00,2025-09-24 02:08:33+00:00,2025-09-27 01:30:00+00:00,0.0,2025-09-26,2025,PST,PHX,MIN,1.0663540038214347,True,,0.5291749480305961,401820333,2529140,11,8,1,True,False,matched,21.0,2025-09-26,under,0.1995219234623356,1.9803921568627452,-1.0,1.0,False,False,False
2462,f94531ecfe13ce1b2cecd74287b7d75d,112,Napheesa Collier,napheesacollier,MIN,points,21.5,-114.0,-114.0,10,10,2025-09-24 02:08:33+00:00,2025-09-24 02:08:33+00:00,2025-09-24 02:08:33+00:00,2025-09-27 01:30:00+00:00,0.0,2025-09-26,2025,PST,PHX,MIN,1.0654205607476634,True,,0.5000000000000001,401820333,3917450,8,11,0,True,False,matched,17.0,2025-09-26,under,0.1743341943126735,1.8771929824561404,0.8771929824561404,1.0,False,False,False
2462,e085c1b7668eb322dd988d4230d28229,117,Courtney Williams,courtneywilliams,MIN,points,13.5,-120.0,-108.0,10,10,2025-09-24 02:08:33+00:00,2025-09-24 02:08:33+00:00,2025-09-24 02:08:33+00:00,2025-09-27 01:30:00+00:00,0.0,2025-09-26,2025,PST,PHX,MIN,1.0646853146853146,True,,0.5135396953663074,401820333,2987891,8,11,0,True,False,matched,14.0,2025-09-26,under,0.16566682113121245,1.925925925925926,-1.0,1.0,False,False,False
2462,f0a9cd0039190a1ab1970d6ea98f1621,54,Satou Sabally,satousabally,NYL,points,15.5,-114.0,-114.0,10,10,2025-09-24 02:08:33+00:00,2025-09-24 02:08:33+00:00,2025-09-24 02:08:33+00:00,2025-09-27 01:30:00+00:00,0.0,2025-09-26,2025,PST,PHX,MIN,1.0654205607476634,True,,0.5000000000000001,401820333,4281929,11,8,1,True,False,matched,23.0,2025-09-26,under,0.14761992163805016,1.8771929824561404,-1.0,1.0,False,False,False
2462,4be50a31aa93cccd92f27f9bd31f94bd,125,Kayla McBride,kaylamcbride,MIN,points,15.5,-104.0,-125.0,10,10,2025-09-24 02:08:33+00:00,2025-09-24 02:08:33+00:00,2025-09-24 02:08:33+00:00,2025-09-27 01:30:00+00:00,0.0,2025-09-26,2025,PST,PHX,MIN,1.065359477124183,True,,0.4763687479911608,401820333,2529205,8,11,0,True,False,matched,12.0,2025-09-26,under,0.14099168043332932,1.8,0.8,1.0,False,False,False
2467,e088d9b106bbce39592d733b58aeee55,102,Jackie Young,jackieyoung,LVA,points,16.5,-130.0,100.0,10,10,2025-09-24 03:41:35+00:00,2025-09-24 03:41:35+00:00,2025-09-24 03:41:35+00:00,2025-09-26 23:30:00+00:00,0.0,2025-09-26,2025,PST,IND,LVA,1.065217391304348,True,,0.5336835053940976,401820334,4065870,17,5,0,True,False,matched,25.0,2025-09-26,under,0.15920555713048623,2.0,-1.0,1.0,False,False,False
2467,6a8e20cc596db7a3dc404ca80a2c10dc,70,Kelsey Mitchell,kelseymitchell,IND,points,20.5,-104.0,-125.0,10,10,2025-09-24 03:41:35+00:00,2025-09-24 03:41:35+00:00,2025-09-24 03:41:35+00:00,2025-09-26 23:30:00+00:00,0.0,2025-09-26,2025,PST,IND,LVA,1.065359477124183,True,,0.4763687479911608,401820334,3142191,5,17,1,True,False,matched,21.0,2025-09-26,under,0.09898195533170845,1.8,-1.0,1.0,False,False,False
2467,20caa21757bdf6d369552983cfabd68c,71,Aliyah Boston,aliyahboston,IND,rebounds,8.5,-132.0,100.0,10,10,2025-09-24 03:41:35+00:00,2025-09-24 03:41:35+00:00,2025-09-24 03:41:35+00:00,2025-09-26 23:30:00+00:00,0.0,2025-09-26,2025,PST,IND,LVA,1.0689655172413794,True,,0.5356937238338165,401820334,4432831,5,17,1,True,False,matched,8.0,2025-09-26,under,0.08249521685878314,2.0,1.0,1.0,False,False,False
2467,232794b3fb0a93bc63adfc062805c91a,103,A'ja Wilson,ajawilson,LVA,points,25.5,-118.0,-110.0,10,10,2025-09-24 03:41:36+00:00,2025-09-24 03:41:36+00:00,2025-09-24 03:41:36+00:00,2025-09-26 23:30:00+00:00,0.0,2025-09-26,2025,PST,IND,LVA,1.0650939274792486,True,,0.5090245232268319,401820334,3149391,17,5,0,True,False,matched,13.0,2025-09-26,under,0.3027812694626731,1.9090909090909092,0.9090909090909092,1.0,False,False,False
2467,a44ccdc25857a1f35bac15acae41d693,73,NaLyssa Smith,nalyssasmith,LVA,points,7.5,-106.0,-122.0,10,10,2025-09-24 03:41:36+00:00,2025-09-24 03:41:36+00:00,2025-09-24 03:41:36+00:00,2025-09-26 23:30:00+00:00,0.0,2025-09-26,2025,PST,IND,LVA,1.064112656345666,True,,0.4819416314468661,401820334,4398776,17,5,0,True,False,matched,16.0,2025-09-26,under,0.19845789628788102,1.819672131147541,-1.0,1.0,False,False,False
2467,e48b5a7b5d491543cc10418cbb763832,56,Natasha Howard,natashahoward,MIN,rebounds,6.5,-152.0,114.0,10,10,2025-09-24 03:41:36+00:00,2025-09-24 03:41:36+00:00,2025-09-24 03:41:36+00:00,2025-09-26 23:30:00+00:00,0.0,2025-09-26,2025,PST,IND,LVA,1.0704643228007713,True,,0.5703965275254933,401820334,2529130,5,17,1,True,False,matched,5.0,2025-09-26,under,0.1809985712996383,2.1399999999999997,1.1399999999999997,1.0,False,False,False
2467,2916a7c01dcb36451bd1b96911236560,293,Odyssey Sims,odysseysims,DAL,threes,1.5,194.0,-270.0,10,10,2025-09-24 03:41:36+00:00,2025-09-24 03:41:36+00:00,2025-09-24 03:41:36+00:00,2025-09-26 23:30:00+00:00,0.0,2025-09-26,2025,PST,IND,LVA,1.0698657841514985,True,,0.2979582365398174,401820334,2529047,5,17,1,True,False,matched,0.0,2025-09-26,under,0.0820987438283503,1.3703703703703702,0.37037037037037024,1.0,False,False,False
2462,32e1633a8437b4009f37a0415e179398,155,Kahleah Copper,kahleahcopper,PHO,rebounds,2.5,-140.0,100.0,33,33,2025-09-24 07:54:53+00:00,2025-09-24 07:54:53+00:00,2025-09-24 07:54:53+00:00,2025-09-27 01:30:00+00:00,0.0,2025-09-26,2025,PST,PHX,MIN,1.0833333333333333,True,,0.5434863681281015,401820333,2998938,11,8,1,True,False,matched,3.0,2025-09-26,over,0.05347360840116655,1.7142857142857144,0.7142857142857144,1.0,False,False,False
2467,011ed42b862d68f21db8c4cf4933ca42,166,Jewell Loyd,jewellloyd,LVA,points,10.5,100.0,-130.0,10,10,2025-09-24 19:46:01+00:00,2025-09-24 19:46:01+00:00,2025-09-24 19:46:01+00:00,2025-09-26 23:30:00+00:00,0.0,2025-09-26,2025,PST,IND,LVA,1.065217391304348,True,,0.4663164946059025,401820334,2987869,17,5,0,True,False,matched,0.0,2025-09-26,under,0.11226612847517575,1.7692307692307692,0.7692307692307692,1.0,False,False,False
2462,86a20f9d98c4d93d297095a99933f5be,177,Sami Whitcomb,samiwhitcomb,PHO,threes,1.5,104.0,-136.0,10,10,2025-09-24 19:46:02+00:00,2025-09-24 19:46:02+00:00,2025-09-24 19:46:02+00:00,2025-09-27 01:30:00+00:00,0.0,2025-09-26,2025,PST,PHX,MIN,1.0664672648720506,True,,0.45551193975064763,401820333,887,11,8,1,True,False,matched,0.0,2025-09-26,over,0.12053684374456791,2.04,-1.0,1.0,False,False,False
2462,86337069c6f2546c8ca822fee4c4ae23,45,DeWanna Bonner,dewannabonner,PHO,rebounds,5.5,-154.0,116.0,10,10,2025-09-24 20:22:54+00:00,2025-09-24 20:22:54+00:00,2025-09-24 20:22:54+00:00,2025-09-27 01:30:00+00:00,0.0,2025-09-26,2025,PST,PHX,MIN,1.0692621755613883,True,,0.574207987656796,401820333,869,11,8,1,True,False,matched,8.0,2025-09-26,under,0.3770675622844756,2.16,-1.0,1.0,False,False,False
2468,f0403b40acca44e421592b12998fdcfa,70,Kelsey Mitchell,kelseymitchell,IND,points,20.5,-115.0,-113.0,10,10,2025-09-27 02:19:53+00:00,2025-09-27 02:19:53+00:00,2025-09-27 02:19:53+00:00,2025-09-28 19:00:00+00:00,0.0,2025-09-28,2025,PST,IND,LVA,1.0654001528551151,True,,0.5022557674006809,401820337,3142191,5,17,1,True,False,matched,25.0,2025-09-28,under,0.15407844692246792,1.8849557522123894,-1.0,1.0,False,False,False
2468,6be8400f103fae6f28325a0b5d0c82e9,76,Lexie Hull,lexiehull,IND,points,9.5,-108.0,-120.0,10,10,2025-09-27 02:19:53+00:00,2025-09-27 02:19:53+00:00,2025-09-27 02:19:53+00:00,2025-09-28 19:00:00+00:00,0.0,2025-09-28,2025,PST,IND,LVA,1.0646853146853146,True,,0.48646030463369283,401820337,4398829,5,17,1,True,False,matched,7.0,2025-09-28,under,0.11551362368949686,1.8333333333333335,0.8333333333333335,1.0,False,False,False
2468,f3f0d707dfc0592680218bcbea5c7302,71,Aliyah Boston,aliyahboston,IND,points,13.5,104.0,-135.0,10,10,2025-09-27 02:19:53+00:00,2025-09-27 02:19:53+00:00,2025-09-27 02:19:53+00:00,2025-09-28 19:00:00+00:00,0.0,2025-09-28,2025,PST,IND,LVA,1.0646641635377556,True,,0.45648742045938223,401820337,4432831,5,17,1,True,False,matched,24.0,2025-09-28,under,0.11038143413001938,1.7407407407407407,-1.0,1.0,False,False,False
2468,0a71f927218fb47cd6ee2c8252ec22fe,107,Chelsea Gray,chelseagray,LVA,rebounds,3.5,142.0,-192.0,10,10,2025-09-27 02:19:53+00:00,2025-09-27 02:19:53+00:00,2025-09-27 02:19:53+00:00,2025-09-28 19:00:00+00:00,0.0,2025-09-28,2025,PST,IND,LVA,1.0707573870712102,True,,0.37336020860003377,401820337,2529122,17,5,0,True,False,matched,2.0,2025-09-28,over,0.05759880543228302,2.42,-1.0,1.0,False,False,False
2468,2869d6cf3f55c0f9faab76f9907d430a,103,A'ja Wilson,ajawilson,LVA,threes,0.5,-210.0,154.0,10,10,2025-09-27 02:19:54+00:00,2025-09-27 02:19:54+00:00,2025-09-27 02:19:54+00:00,2025-09-28 19:00:00+00:00,0.0,2025-09-28,2025,PST,IND,LVA,1.0711201422402845,True,,0.647128898265053,401820337,3149391,17,5,0,True,False,matched,0.0,2025-09-28,under,0.366700687539857,2.54,1.54,1.0,False,False,False
2468,8cbf74f2eb97e7c9f79d26bc512611f2,293,Odyssey Sims,odysseysims,DAL,assists,3.5,-144.0,108.0,10,10,2025-09-27 02:19:54+00:00,2025-09-27 02:19:54+00:00,2025-09-27 02:19:54+00:00,2025-09-28 19:00:00+00:00,0.0,2025-09-28,2025,PST,IND,LVA,1.0709331651954601,True,,0.5566845205396996,401820337,2529047,5,17,1,True,False,matched,2.0,2025-09-28,over,0.1193308933053458,1.6944444444444444,-1.0,1.0,False,False,False
2468,6563dff6102751341a5f4fdc672dd18f,102,Jackie Young,jackieyoung,LVA,assists,4.5,-114.0,-114.0,10,10,2025-09-27 02:19:54+00:00,2025-09-27 02:19:54+00:00,2025-09-27 02:19:54+00:00,2025-09-28 19:00:00+00:00,0.0,2025-09-28,2025,PST,IND,LVA,1.0654205607476634,True,,0.5000000000000001,401820337,4065870,17,5,0,True,False,matched,9.0,2025-09-28,over,0.11490720698586693,1.8771929824561404,0.8771929824561404,1.0,False,False,False
2468,1b2c9b818e55d3656bacb7809699fc8e,73,NaLyssa Smith,nalyssasmith,LVA,points,9.5,104.0,-135.0,10,10,2025-09-27 02:19:54+00:00,2025-09-27 02:19:54+00:00,2025-09-27 02:19:54+00:00,2025-09-28 19:00:00+00:00,0.0,2025-09-28,2025,PST,IND,LVA,1.0646641635377556,True,,0.45648742045938223,401820337,4398776,17,5,0,True,False,matched,8.0,2025-09-28,under,0.07888987895621935,1.7407407407407407,0.7407407407407407,1.0,False,False,False
2468,c852af8b49f3f7e0c8c9d9a96c31b820,166,Jewell Loyd,jewellloyd,LVA,threes,1.5,104.0,-138.0,10,10,2025-09-27 02:42:13+00:00,2025-09-27 02:42:13+00:00,2025-09-27 02:42:13+00:00,2025-09-28 19:00:00+00:00,0.0,2025-09-28,2025,PST,IND,LVA,1.0700280112044818,True,,0.4535791638529251,401820337,2987869,17,5,0,True,False,matched,2.0,2025-09-28,over,0.06118756188827884,2.04,1.04,1.0,False,False,False
2463,aa7e92174b0ce41821f4f9cfc0775ee4,54,Satou Sabally,satousabally,NYL,assists,2.5,158.0,-215.0,10,10,2025-09-27 04:09:04+00:00,2025-09-27 04:09:04+00:00,2025-09-27 04:09:04+00:00,2025-09-29 00:00:00+00:00,0.0,2025-09-28,2025,PST,PHX,MIN,1.0701365817644888,True,,0.347126998954303,401820338,4281929,11,8,1,True,False,matched,3.0,2025-09-28,over,0.31908746018487255,2.58,1.58,1.0,False,False,False
2463,d238bbc1fbec4139d655f8e3c93111ed,40,Alyssa Thomas,alyssathomas,PHO,assists,8.5,-144.0,108.0,10,10,2025-09-27 04:09:04+00:00,2025-09-27 04:09:04+00:00,2025-09-27 04:09:04+00:00,2025-09-29 00:00:00+00:00,0.0,2025-09-28,2025,PST,PHX,MIN,1.0709331651954601,True,,0.5566845205396996,401820338,2529140,11,8,1,True,False,matched,10.0,2025-09-28,under,0.132560881110525,2.08,-1.0,1.0,False,False,False
2463,1d66c8a31b063bd5cd4b81ecbb5f3a98,155,Kahleah Copper,kahleahcopper,PHO,points,15.5,-102.0,-128.0,10,10,2025-09-27 04:09:04+00:00,2025-09-27 04:09:04+00:00,2025-09-27 04:09:04+00:00,2025-09-29 00:00:00+00:00,0.0,2025-09-28,2025,PST,PHX,MIN,1.0663540038214347,True,,0.47082505196940394,401820338,2998938,11,8,1,True,False,matched,13.0,2025-09-28,under,0.09250785889930624,1.78125,0.78125,1.0,False,False,False
2463,6baa5cff0a40799783de86905c899070,125,Kayla McBride,kaylamcbride,MIN,points,17.5,-114.0,-114.0,10,10,2025-09-27 04:40:13+00:00,2025-09-27 04:40:13+00:00,2025-09-27 04:40:13+00:00,2025-09-29 00:00:00+00:00,0.0,2025-09-28,2025,PST,PHX,MIN,1.0654205607476634,True,,0.5000000000000001,401820338,2529205,8,11,0,True,False,matched,31.0,2025-09-28,under,0.2866312603785626,1.8771929824561404,-1.0,1.0,False,False,False
2463,b5d60739a100a5da09edce3883acb655,117,Courtney Williams,courtneywilliams,MIN,points,17.5,102.0,-132.0,10,10,2025-09-27 04:40:13+00:00,2025-09-27 04:40:13+00:00,2025-09-27 04:40:13+00:00,2025-09-29 00:00:00+00:00,0.0,2025-09-28,2025,PST,PHX,MIN,1.0640150221918745,True,,0.4618487426836327,401820338,2987891,8,11,0,True,False,matched,20.0,2025-09-28,under,0.2688859522962179,1.7575757575757576,-1.0,1.0,False,False,False
2463,42d1b1067030cc217feb4aa7d5a0eb49,115,Natisha Hiedeman,natishahiedeman,SEA,points,9.5,-102.0,-128.0,10,10,2025-09-27 04:40:13+00:00,2025-09-27 04:40:13+00:00,2025-09-27 04:40:13+00:00,2025-09-29 00:00:00+00:00,0.0,2025-09-28,2025,PST,PHX,MIN,1.0663540038214347,True,,0.47082505196940394,401820338,3906753,8,11,0,True,False,matched,3.0,2025-09-28,under,0.1909695967644075,1.78125,0.78125,1.0,False,False,False
2463,7cb27efd8103e0990636fcbd68aa786c,177,Sami Whitcomb,samiwhitcomb,PHO,points,9.5,115.0,-165.0,33,33,2025-09-27 10:51:41+00:00,2025-09-27 10:51:41+00:00,2025-09-27 10:51:41+00:00,2025-09-29 00:00:00+00:00,0.0,2025-09-28,2025,PST,PHX,MIN,1.0877577885037297,True,,0.41756450654041355,401820338,887,11,8,1,True,False,matched,6.0,2025-09-28,under,0.07152443986448764,1.606060606060606,0.606060606060606,1.0,False,False,False
2463,d100f925ac6cda2ab8cfc1b233e3590d,128,Bridget Carleton,bridgetcarleton,PDX,rebounds,3.5,-185.0,130.0,33,33,2025-09-27 13:11:42+00:00,2025-09-27 13:11:42+00:00,2025-09-27 13:11:42+00:00,2025-09-29 00:00:00+00:00,0.0,2025-09-28,2025,PST,PHX,MIN,1.083905415713196,True,,0.6119415302438886,401820338,3906972,8,11,0,True,False,matched,3.0,2025-09-28,under,0.25553733826388414,2.3,1.2999999999999998,1.0,False,False,False
2463,bff973f1290337bd186ff7e2676c2788,45,DeWanna Bonner,dewannabonner,PHO,points,7.5,-114.0,-114.0,10,10,2025-09-27 17:04:46+00:00,2025-09-27 17:04:46+00:00,2025-09-27 17:04:46+00:00,2025-09-29 00:00:00+00:00,0.0,2025-09-28,2025,PST,PHX,MIN,1.0654205607476634,True,,0.5000000000000001,401820338,869,11,8,1,True,False,matched,13.0,2025-09-28,under,0.08255943326059123,1.8771929824561404,-1.0,1.0,False,False,False
2463,b1cc71c94d2d4bf2a824f2ba2060c5fc,121,Alanna Smith,alannasmith,DAL,rebounds,5.5,-125.0,-115.0,33,33,2025-09-27 22:10:57+00:00,2025-09-27 22:10:57+00:00,2025-09-27 22:10:57+00:00,2025-09-29 00:00:00+00:00,0.0,2025-09-28,2025,PST,PHX,MIN,1.0904392764857882,True,,0.5108317091649132,401820338,3913881,8,11,0,True,False,matched,8.0,2025-09-28,under,0.5106312664393379,1.8695652173913042,-1.0,1.0,False,False,False
2463,1aa860ca8892d9394ec9ffe6d24a4fa8,563,Monique Akoa Makani,moniqueakoamakani,PHO,assists,3.5,145.0,-205.0,13,13,2025-09-28 15:18:11+00:00,2025-09-28 15:18:11+00:00,2025-09-28 15:18:11+00:00,2025-09-29 00:00:00+00:00,0.0,2025-09-28,2025,PST,PHX,MIN,1.080294412847106,True,,0.36239392960245215,401820338,5274110,11,8,1,True,False,matched,2.0,2025-09-28,under,0.10479861941433627,1.4878048780487805,0.4878048780487805,1.0,False,False,False
2469,f873e747645fcf39dc85ed9a0b334bb1,103,A'ja Wilson,ajawilson,LVA,points,25.5,-102.0,-128.0,10,10,2025-09-28 23:13:00+00:00,2025-09-28 23:13:00+00:00,2025-09-28 23:13:00+00:00,2025-10-01 01:30:00+00:00,0.0,2025-09-30,2025,PST,LVA,IND,1.0663540038214347,True,,0.47082505196940394,401820340,3149391,17,5,1,True,False,matched,35.0,2025-09-30,under,0.19700283496802623,1.78125,-1.0,1.0,False,False,False
2469,fe411667f397917ab0d0e7d6f29a43ad,70,Kelsey Mitchell,kelseymitchell,IND,points,21.5,100.0,-130.0,10,10,2025-09-28 23:13:00+00:00,2025-09-28 23:13:00+00:00,2025-09-28 23:13:00+00:00,2025-10-01 01:30:00+00:00,0.0,2025-09-30,2025,PST,LVA,IND,1.065217391304348,True,,0.4663164946059025,401820340,3142191,5,17,0,True,False,matched,15.0,2025-09-30,under,0.1247148906436169,1.7692307692307692,0.7692307692307692,1.0,False,False,False
2469,9769fdfb21e6b941e07a4ccf882bc04f,71,Aliyah Boston,aliyahboston,IND,rebounds,9.5,-112.0,-118.0,10,10,2025-09-28 23:13:00+00:00,2025-09-28 23:13:00+00:00,2025-09-28 23:13:00+00:00,2025-10-01 01:30:00+00:00,0.0,2025-09-30,2025,PST,LVA,IND,1.0695862904621776,True,,0.49327872882454105,401820340,4432831,5,17,0,True,False,matched,16.0,2025-09-30,under,0.1152709950133099,1.847457627118644,-1.0,1.0,False,False,False
2469,42dca3c31d411428b6331606c0a05136,102,Jackie Young,jackieyoung,LVA,threes,1.5,-130.0,-102.0,10,10,2025-09-28 23:13:00+00:00,2025-09-28 23:13:00+00:00,2025-09-28 23:13:00+00:00,2025-10-01 01:30:00+00:00,0.0,2025-09-30,2025,PST,LVA,IND,1.0701678863538528,True,,0.5312123494364493,401820340,4065870,17,5,1,True,False,matched,4.0,2025-09-30,under,0.07213706599736985,1.9803921568627452,-1.0,1.0,False,False,False
2469,905e1a86901509ef066378e406532f82,76,Lexie Hull,lexiehull,IND,rebounds,4.5,-130.0,-102.0,10,10,2025-09-28 23:13:01+00:00,2025-09-28 23:13:01+00:00,2025-09-28 23:13:01+00:00,2025-10-01 01:30:00+00:00,0.0,2025-09-30,2025,PST,LVA,IND,1.0701678863538528,True,,0.5312123494364493,401820340,4398829,5,17,0,True,False,matched,7.0,2025-09-30,under,0.1278803340437794,1.9803921568627452,-1.0,1.0,False,False,False
2469,58694ee017521db638ccea79a960e714,107,Chelsea Gray,chelseagray,LVA,assists,5.5,-146.0,110.0,10,10,2025-09-28 23:13:01+00:00,2025-09-28 23:13:01+00:00,2025-09-28 23:13:01+00:00,2025-10-01 01:30:00+00:00,0.0,2025-09-30,2025,PST,LVA,IND,1.0696864111498257,True,,0.5607420039050215,401820340,2529122,17,5,1,True,False,matched,6.0,2025-09-30,over,0.10228761426458832,1.6849315068493151,0.6849315068493151,1.0,False,False,False
2469,95950794d72f850a75d9f5679e311896,293,Odyssey Sims,odysseysims,DAL,points,9.5,-122.0,-106.0,10,10,2025-09-28 23:13:01+00:00,2025-09-28 23:13:01+00:00,2025-09-28 23:13:01+00:00,2025-10-01 01:30:00+00:00,0.0,2025-09-30,2025,PST,LVA,IND,1.064112656345666,True,,0.518058368553134,401820340,2529047,5,17,0,True,False,matched,27.0,2025-09-30,under,0.09849873531886688,1.9433962264150944,-1.0,1.0,False,False,False
2463,ce57decadc815236f68c72d343de9074,116,Jessica Shepard,jessicashepard,DAL,points,10.5,-114.0,-114.0,10,10,2025-09-28 23:39:54+00:00,2025-09-28 23:39:54+00:00,2025-09-28 23:39:54+00:00,2025-09-29 00:00:00+00:00,0.0,2025-09-28,2025,PST,PHX,MIN,1.0654205607476634,True,,0.5000000000000001,401820338,3906949,8,11,0,True,False,matched,14.0,2025-09-28,under,0.7527394047033278,1.8771929824561404,-1.0,1.0,False,False,False
2469,0a076b74973061a36913a06473992f4f,166,Jewell Loyd,jewellloyd,LVA,threes,1.5,124.0,-166.0,10,10,2025-09-29 03:08:55+00:00,2025-09-29 03:08:55+00:00,2025-09-29 03:08:55+00:00,2025-10-01 01:30:00+00:00,0.0,2025-09-30,2025,PST,LVA,IND,1.0704887218045114,True,,0.40796342297849103,401820340,2987869,17,5,1,True,False,matched,2.0,2025-09-30,over,0.14760759116653815,2.24,1.2400000000000002,1.0,False,False,False
2469,02e445c0cecbd921e4ed42069720587f,23,Dana Evans,danaevans,LVA,assists,3.5,140.0,-193.0,13,13,2025-09-30 17:16:06+00:00,2025-09-30 17:16:06+00:00,2025-09-30 17:16:06+00:00,2025-10-01 01:30:00+00:00,0.0,2025-09-30,2025,PST,LVA,IND,1.0753697383390215,True,,0.3742067407107211,401820340,4281190,17,5,1,True,False,matched,2.0,2025-09-30,under,0.2171057031943709,1.5181347150259068,0.5181347150259068,1.0,False,False,False
2470,123a1c38ec3a8535c8c439b579ac2c57,54,Satou Sabally,satousabally,NYL,rebounds,6.5,-135.0,105.0,19,19,2025-10-02 10:51:46+00:00,2025-10-02 10:51:46+00:00,2025-10-02 10:51:46+00:00,2025-10-04 00:00:00+00:00,0.0,2025-10-03,2025,PST,LVA,PHX,1.0622729631551635,True,,0.5446886059829622,401820322,4281929,11,17,0,True,False,matched,4.0,2025-10-03,under,0.2656047479670585,2.05,1.0499999999999998,1.0,False,False,False
2470,4189d05ec82818cf2d5e3c759ce40228,45,DeWanna Bonner,dewannabonner,PHO,points,8.5,-115.0,-115.0,19,19,2025-10-02 10:51:46+00:00,2025-10-02 10:51:46+00:00,2025-10-02 10:51:46+00:00,2025-10-04 00:00:00+00:00,0.0,2025-10-03,2025,PST,LVA,PHX,1.0697674418604652,True,,0.5,401820322,869,11,17,0,True,False,matched,10.0,2025-10-03,under,0.18614226064285955,1.8695652173913042,-1.0,1.0,False,False,False
2470,2d1e1cc0382c9c73a4200669d0cbbfc2,40,Alyssa Thomas,alyssathomas,PHO,rebounds,9.5,105.0,-135.0,19,19,2025-10-02 10:51:46+00:00,2025-10-02 10:51:46+00:00,2025-10-02 10:51:46+00:00,2025-10-04 00:00:00+00:00,0.0,2025-10-03,2025,PST,LVA,PHX,1.0622729631551635,True,,0.45531139401703796,401820322,2529140,11,17,0,True,False,matched,10.0,2025-10-03,under,0.12574176416547733,1.7407407407407407,-1.0,1.0,False,False,False
2470,60e98f5833ed001b5203b53371cb824b,155,Kahleah Copper,kahleahcopper,PHO,rebounds,3.5,-105.0,-125.0,19,19,2025-10-02 10:51:46+00:00,2025-10-02 10:51:46+00:00,2025-10-02 10:51:46+00:00,2025-10-04 00:00:00+00:00,0.0,2025-10-03,2025,PST,LVA,PHX,1.067750677506775,True,,0.47757418034290006,401820322,2998938,11,17,0,True,False,matched,4.0,2025-10-03,under,0.09342853601241097,1.8,-1.0,1.0,False,False,False
2470,c4b74254750270824a4eededd3ed7922,73,NaLyssa Smith,nalyssasmith,LVA,rebounds,5.5,-105.0,-125.0,19,19,2025-10-02 10:51:46+00:00,2025-10-02 10:51:46+00:00,2025-10-02 10:51:46+00:00,2025-10-04 00:00:00+00:00,0.0,2025-10-03,2025,PST,LVA,PHX,1.067750677506775,True,,0.47757418034290006,401820322,4398776,17,11,1,True,False,matched,6.0,2025-10-03,under,0.0659827644082463,1.8,-1.0,1.0,False,False,False
2470,f7dfa8f3dfdf0a63833fccd9106a2b31,107,Chelsea Gray,chelseagray,LVA,assists,6.5,115.0,-150.0,19,19,2025-10-02 10:51:47+00:00,2025-10-02 10:51:47+00:00,2025-10-02 10:51:47+00:00,2025-10-04 00:00:00+00:00,0.0,2025-10-03,2025,PST,LVA,PHX,1.0651162790697675,True,,0.4303309521852797,401820322,2529122,17,11,1,True,False,matched,10.0,2025-10-03,over,0.09963503430610687,2.15,1.15,1.0,False,False,False
2470,5b31279dbbe9d1dc20ea6daf1a92ce2e,166,Jewell Loyd,jewellloyd,LVA,threes,1.5,105.0,-135.0,19,19,2025-10-02 10:51:47+00:00,2025-10-02 10:51:47+00:00,2025-10-02 10:51:47+00:00,2025-10-04 00:00:00+00:00,0.0,2025-10-03,2025,PST,LVA,PHX,1.0622729631551635,True,,0.45531139401703796,401820322,2987869,17,11,1,True,False,matched,2.0,2025-10-03,over,0.06433509373625007,2.05,1.0499999999999998,1.0,False,False,False
2470,7a88f809b44a885c7c2083032eb16a6b,103,A'ja Wilson,ajawilson,LVA,assists,2.5,-175.0,135.0,19,19,2025-10-02 10:51:47+00:00,2025-10-02 10:51:47+00:00,2025-10-02 10:51:47+00:00,2025-10-04 00:00:00+00:00,0.0,2025-10-03,2025,PST,LVA,PHX,1.0618955512572534,True,,0.6087266696418293,401820322,3149391,17,11,1,True,False,matched,5.0,2025-10-03,under,0.06164078874480916,2.35,-1.0,1.0,False,False,False
2470,8b8657d1a346c26801da0212e6d1f69d,102,Jackie Young,jackieyoung,LVA,assists,5.5,114.0,-152.0,10,10,2025-10-02 10:52:02+00:00,2025-10-02 10:52:02+00:00,2025-10-02 10:52:02+00:00,2025-10-04 00:00:00+00:00,0.0,2025-10-03,2025,PST,LVA,PHX,1.0704643228007713,True,,0.42960347247450675,401820322,4065870,17,11,1,True,False,matched,5.0,2025-10-03,over,0.2333444639209502,2.1399999999999997,-1.0,1.0,False,False,False
2470,cc4efe33869e8860e61981b00e138ede,177,Sami Whitcomb,samiwhitcomb,PHO,rebounds,2.5,-160.0,110.0,33,33,2025-10-02 11:02:10+00:00,2025-10-02 11:02:10+00:00,2025-10-02 11:02:10+00:00,2025-10-04 00:00:00+00:00,0.0,2025-10-03,2025,PST,LVA,PHX,1.0915750915750917,True,,0.5730037518171978,401820322,887,11,17,0,True,False,matched,2.0,2025-10-03,under,0.2155781535868288,2.1,1.1,1.0,False,False,False
2471,bac4a9a05458361492cc87addecab9fc,155,Kahleah Copper,kahleahcopper,PHO,points,16.5,-120.0,-108.0,10,10,2025-10-04 02:20:57+00:00,2025-10-04 02:20:57+00:00,2025-10-04 02:20:57+00:00,2025-10-05 19:00:00+00:00,0.0,2025-10-05,2025,PST,LVA,PHX,1.0646853146853146,True,,0.5135396953663074,401820325,2998938,11,17,0,True,False,matched,23.0,2025-10-05,under,0.24487747517379332,1.925925925925926,-1.0,1.0,False,False,False
2471,a5fa17b40e72561d6f7b25f6a71f5c2c,54,Satou Sabally,satousabally,NYL,points,16.5,-120.0,-108.0,10,10,2025-10-04 02:20:57+00:00,2025-10-04 02:20:57+00:00,2025-10-04 02:20:57+00:00,2025-10-05 19:00:00+00:00,0.0,2025-10-05,2025,PST,LVA,PHX,1.0646853146853146,True,,0.5135396953663074,401820325,4281929,11,17,0,True,False,matched,22.0,2025-10-05,under,0.09450049674158639,1.925925925925926,-1.0,1.0,False,False,False
2471,a03253c4180124fd56154569a5580814,45,DeWanna Bonner,dewannabonner,PHO,rebounds,6.5,100.0,-132.0,10,10,2025-10-04 02:20:58+00:00,2025-10-04 02:20:58+00:00,2025-10-04 02:20:58+00:00,2025-10-05 19:00:00+00:00,0.0,2025-10-05,2025,PST,LVA,PHX,1.0689655172413794,True,,0.46430627616618364,401820325,869,11,17,0,True,False,matched,0.0,2025-10-05,under,0.24900264914277542,1.7575757575757576,0.7575757575757576,1.0,False,False,False
2471,9a209a024d6d7046fa0b07eeee9c8bb0,103,A'ja Wilson,ajawilson,LVA,threes,0.5,-152.0,114.0,10,10,2025-10-04 02:20:58+00:00,2025-10-04 02:20:58+00:00,2025-10-04 02:20:58+00:00,2025-10-05 19:00:00+00:00,0.0,2025-10-05,2025,PST,LVA,PHX,1.0704643228007713,True,,0.5703965275254933,401820325,3149391,17,11,1,True,False,matched,0.0,2025-10-05,under,0.20604232303743447,2.1399999999999997,1.1399999999999997,1.0,False,False,False
2471,8df9cc0999c4eeb2a64e7e7290ef4dc7,102,Jackie Young,jackieyoung,LVA,assists,5.5,-102.0,-130.0,10,10,2025-10-04 02:20:58+00:00,2025-10-04 02:20:58+00:00,2025-10-04 02:20:58+00:00,2025-10-05 19:00:00+00:00,0.0,2025-10-05,2025,PST,LVA,PHX,1.0701678863538528,True,,0.46878765056355093,401820325,4065870,17,11,1,True,False,matched,2.0,2025-10-05,over,0.13766263128157336,1.9803921568627452,-1.0,1.0,False,False,False
2471,1c82a46984084468a0d2da6f410ca9ad,40,Alyssa Thomas,alyssathomas,PHO,rebounds,9.5,104.0,-138.0,10,10,2025-10-04 02:20:58+00:00,2025-10-04 02:20:58+00:00,2025-10-04 02:20:58+00:00,2025-10-05 19:00:00+00:00,0.0,2025-10-05,2025,PST,LVA,PHX,1.0700280112044818,True,,0.4535791638529251,401820325,2529140,11,17,0,True,False,matched,6.0,2025-10-05,under,0.12872830750809405,1.7246376811594204,0.7246376811594204,1.0,False,False,False
2471,75c1a036384a90c610b9b055f89968df,166,Jewell Loyd,jewellloyd,LVA,points,9.5,-130.0,100.0,10,10,2025-10-04 02:20:59+00:00,2025-10-04 02:20:59+00:00,2025-10-04 02:20:59+00:00,2025-10-05 19:00:00+00:00,0.0,2025-10-05,2025,PST,LVA,PHX,1.065217391304348,True,,0.5336835053940976,401820325,2987869,17,11,1,True,False,matched,9.0,2025-10-05,under,0.24975533746203926,2.0,1.0,1.0,False,False,False
2471,c763c1dd7b5f75a1ac8d984eafef5da9,107,Chelsea Gray,chelseagray,LVA,threes,1.5,148.0,-200.0,10,10,2025-10-04 02:20:59+00:00,2025-10-04 02:20:59+00:00,2025-10-04 02:20:59+00:00,2025-10-05 19:00:00+00:00,0.0,2025-10-05,2025,PST,LVA,PHX,1.0698924731182795,True,,0.3634985050458517,401820325,2529122,17,11,1,True,False,matched,1.0,2025-10-05,over,0.0789811792323073,2.48,-1.0,1.0,False,False,False
2471,679509bca4349ef62a0898ef2a70151c,23,Dana Evans,danaevans,LVA,threes,1.5,114.0,-152.0,10,10,2025-10-04 02:31:59+00:00,2025-10-04 02:31:59+00:00,2025-10-04 02:31:59+00:00,2025-10-05 19:00:00+00:00,0.0,2025-10-05,2025,PST,LVA,PHX,1.0704643228007713,True,,0.42960347247450675,401820325,4281190,17,11,1,True,False,matched,1.0,2025-10-05,under,0.30367653963062324,1.6578947368421053,0.6578947368421053,1.0,False,False,False
2471,0abce0cdca6361650b430e1040619c7e,73,NaLyssa Smith,nalyssasmith,LVA,points,6.5,-110.0,-118.0,10,10,2025-10-04 03:38:20+00:00,2025-10-04 03:38:20+00:00,2025-10-04 03:38:20+00:00,2025-10-05 19:00:00+00:00,0.0,2025-10-05,2025,PST,LVA,PHX,1.0650939274792486,True,,0.4909754767731684,401820325,4398776,17,11,1,True,False,matched,3.0,2025-10-05,over,0.09693145296715833,1.9090909090909092,-1.0,1.0,False,False,False
2472,012c0a3f2929afa5fa8620c1ffd901a9,103,A'ja Wilson,ajawilson,LVA,threes,0.5,-166.0,124.0,10,10,2025-10-05 21:14:56+00:00,2025-10-05 21:14:56+00:00,2025-10-05 21:14:56+00:00,2025-10-09 00:00:00+00:00,0.0,2025-10-08,2025,PST,PHX,LVA,1.0704887218045114,True,,0.5920365770215091,401820326,3149391,17,11,0,True,False,matched,1.0,2025-10-08,under,0.2637818951828705,2.24,-1.0,1.0,False,False,False
2472,ad6ff74dc2505b776eaaa60a6a082b65,107,Chelsea Gray,chelseagray,LVA,threes,1.5,188.0,-260.0,10,10,2025-10-05 21:14:56+00:00,2025-10-05 21:14:56+00:00,2025-10-05 21:14:56+00:00,2025-10-09 00:00:00+00:00,0.0,2025-10-08,2025,PST,PHX,LVA,1.0694444444444444,True,,0.30559904235364327,401820326,2529122,17,11,0,True,False,matched,1.0,2025-10-08,over,0.2054593443303281,2.88,-1.0,1.0,False,False,False
2472,835676d85c32c6a1b271a49d868abe35,40,Alyssa Thomas,alyssathomas,PHO,rebounds,9.5,100.0,-132.0,10,10,2025-10-05 21:14:56+00:00,2025-10-05 21:14:56+00:00,2025-10-05 21:14:56+00:00,2025-10-09 00:00:00+00:00,0.0,2025-10-08,2025,PST,PHX,LVA,1.0689655172413794,True,,0.46430627616618364,401820326,2529140,11,17,1,True,False,matched,12.0,2025-10-08,under,0.1500956031137296,1.7575757575757576,-1.0,1.0,False,False,False
2472,e8ba794520c7bcda535673c648e07c13,54,Satou Sabally,satousabally,NYL,points,17.5,-120.0,-108.0,10,10,2025-10-05 21:14:56+00:00,2025-10-05 21:14:56+00:00,2025-10-05 21:14:56+00:00,2025-10-09 00:00:00+00:00,0.0,2025-10-08,2025,PST,PHX,LVA,1.0646853146853146,True,,0.5135396953663074,401820326,4281929,11,17,1,True,False,matched,24.0,2025-10-08,under,0.12721583262635044,1.925925925925926,-1.0,1.0,False,False,False
2472,34d6f94ad02bc3cd247c63f8fd2323e0,155,Kahleah Copper,kahleahcopper,PHO,assists,2.5,148.0,-200.0,10,10,2025-10-05 21:14:56+00:00,2025-10-05 21:14:56+00:00,2025-10-05 21:14:56+00:00,2025-10-09 00:00:00+00:00,0.0,2025-10-08,2025,PST,PHX,LVA,1.0698924731182795,True,,0.3634985050458517,401820326,2998938,11,17,1,True,False,matched,0.0,2025-10-08,under,0.11034213546896782,1.5,0.5,1.0,False,False,False
2472,227a2fe9fbd7c19076501467d81058df,45,DeWanna Bonner,dewannabonner,PHO,rebounds,5.5,-148.0,112.0,10,10,2025-10-05 21:14:57+00:00,2025-10-05 21:14:57+00:00,2025-10-05 21:14:57+00:00,2025-10-09 00:00:00+00:00,0.0,2025-10-08,2025,PST,PHX,LVA,1.0684723067559343,True,,0.5647227530167998,401820326,869,11,17,1,True,False,matched,10.0,2025-10-08,under,0.21933662562240058,2.12,-1.0,1.0,False,False,False
2472,1465349bb13c9a19741ad9be792ad514,102,Jackie Young,jackieyoung,LVA,assists,5.5,128.0,-172.0,10,10,2025-10-05 21:14:57+00:00,2025-10-05 21:14:57+00:00,2025-10-05 21:14:57+00:00,2025-10-09 00:00:00+00:00,0.0,2025-10-08,2025,PST,PHX,LVA,1.0709494324045408,True,,0.39957653069922067,401820326,4065870,17,11,0,True,False,matched,9.0,2025-10-08,over,0.14407904563951568,2.2800000000000002,1.2800000000000002,1.0,False,False,False
2472,add9d99b7b99c491cd66d908d81aae73,23,Dana Evans,danaevans,LVA,threes,1.5,134.0,-180.0,10,10,2025-10-05 21:14:57+00:00,2025-10-05 21:14:57+00:00,2025-10-05 21:14:57+00:00,2025-10-09 00:00:00+00:00,0.0,2025-10-08,2025,PST,PHX,LVA,1.0702075702075702,True,,0.38834080463047865,401820326,4281190,17,11,0,True,False,matched,2.0,2025-10-08,under,0.13287057775317013,1.5555555555555556,-1.0,1.0,False,False,False
2472,edb77cea629e0fbafa01ccbd6fd83004,177,Sami Whitcomb,samiwhitcomb,PHO,rebounds,2.5,-167.0,123.0,36,36,2025-10-05 23:00:36+00:00,2025-10-05 23:00:36+00:00,2025-10-05 23:00:36+00:00,2025-10-09 00:00:00+00:00,0.0,2025-10-08,2025,PST,PHX,LVA,1.0738986580675502,True,,0.5919069228017925,401820326,887,11,17,1,True,False,matched,1.0,2025-10-08,under,0.3187633723983838,2.23,1.23,1.0,False,False,False
2473,ba7b806263264083a729e75549bf4610,45,DeWanna Bonner,dewannabonner,PHO,points,14.5,-110.0,-118.0,10,10,2025-10-09 02:42:39+00:00,2025-10-09 02:42:39+00:00,2025-10-09 02:42:39+00:00,2025-10-11 00:00:00+00:00,0.0,2025-10-10,2025,PST,PHX,LVA,1.0650939274792486,True,,0.4909754767731684,401820329,869,11,17,1,True,False,matched,10.0,2025-10-10,under,0.6117366594334678,1.847457627118644,0.847457627118644,1.0,False,False,False
2473,91ab5dea5c05496b6d2b4c4c5c533279,103,A'ja Wilson,ajawilson,LVA,assists,3.5,-114.0,-114.0,10,10,2025-10-09 02:42:39+00:00,2025-10-09 02:42:39+00:00,2025-10-09 02:42:39+00:00,2025-10-11 00:00:00+00:00,0.0,2025-10-10,2025,PST,PHX,LVA,1.0654205607476634,True,,0.5000000000000001,401820329,3149391,17,11,0,True,False,matched,4.0,2025-10-10,under,0.20933366834927003,1.8771929824561404,-1.0,1.0,False,False,False
2473,5386784984812b94468a473716aa3fa9,102,Jackie Young,jackieyoung,LVA,rebounds,4.5,108.0,-144.0,10,10,2025-10-09 02:42:39+00:00,2025-10-09 02:42:39+00:00,2025-10-09 02:42:39+00:00,2025-10-11 00:00:00+00:00,0.0,2025-10-10,2025,PST,PHX,LVA,1.0709331651954601,True,,0.4433154794603006,401820329,4065870,17,11,0,True,False,matched,7.0,2025-10-10,over,0.10634850430146736,2.08,1.08,1.0,False,False,False
2473,900e0d2b2bb3660ba8469f51729d602f,107,Chelsea Gray,chelseagray,LVA,assists,6.5,100.0,-132.0,10,10,2025-10-09 02:42:39+00:00,2025-10-09 02:42:39+00:00,2025-10-09 02:42:39+00:00,2025-10-11 00:00:00+00:00,0.0,2025-10-10,2025,PST,PHX,LVA,1.0689655172413794,True,,0.46430627616618364,401820329,2529122,17,11,0,True,False,matched,4.0,2025-10-10,over,0.06669205312332022,2.0,-1.0,1.0,False,False,False
2473,da55aef12f191b937eae3e74a34a3bda,155,Kahleah Copper,kahleahcopper,PHO,assists,2.5,158.0,-215.0,10,10,2025-10-09 02:42:40+00:00,2025-10-09 02:42:40+00:00,2025-10-09 02:42:40+00:00,2025-10-11 00:00:00+00:00,0.0,2025-10-10,2025,PST,PHX,LVA,1.0701365817644888,True,,0.347126998954303,401820329,2998938,11,17,1,True,False,matched,1.0,2025-10-10,under,0.21877062664858601,1.4651162790697674,0.4651162790697674,1.0,False,False,False
2473,0bddb04e411db9d4bff790efa0e49acf,40,Alyssa Thomas,alyssathomas,PHO,points,16.5,-106.0,-122.0,10,10,2025-10-09 02:42:40+00:00,2025-10-09 02:42:40+00:00,2025-10-09 02:42:40+00:00,2025-10-11 00:00:00+00:00,0.0,2025-10-10,2025,PST,PHX,LVA,1.064112656345666,True,,0.4819416314468661,401820329,2529140,11,17,1,True,False,matched,17.0,2025-10-10,under,0.14478639750432543,1.819672131147541,-1.0,1.0,False,False,False
2473,831877abf0fc400449d3ddec77bd17d7,166,Jewell Loyd,jewellloyd,LVA,threes,1.5,-200.0,148.0,10,10,2025-10-09 02:42:40+00:00,2025-10-09 02:42:40+00:00,2025-10-09 02:42:40+00:00,2025-10-11 00:00:00+00:00,0.0,2025-10-10,2025,PST,PHX,LVA,1.0698924731182795,True,,0.6365014949541484,401820329,2987869,17,11,0,True,False,matched,4.0,2025-10-10,under,0.13938528648095505,2.48,-1.0,1.0,False,False,False
2473,8d53766d3220f5e0abf56363ff8185fe,23,Dana Evans,danaevans,LVA,points,7.5,-106.0,-127.0,13,13,2025-10-09 21:06:46+00:00,2025-10-09 21:06:46+00:00,2025-10-09 21:06:46+00:00,2025-10-11 00:00:00+00:00,0.0,2025-10-10,2025,PST,PHX,LVA,1.074034472434883,True,,0.4766915315132948,401820329,4281190,17,11,0,True,False,matched,10.0,2025-10-10,under,0.08950798568458218,1.7874015748031495,-1.0,1.0,False,False,False
2473,86267b445e4dab8f6aba4838d8c30a10,177,Sami Whitcomb,samiwhitcomb,PHO,rebounds,2.5,-146.0,110.0,10,10,2025-10-09 22:08:41+00:00,2025-10-09 22:08:41+00:00,2025-10-09 22:08:41+00:00,2025-10-11 00:00:00+00:00,0.0,2025-10-10,2025,PST,PHX,LVA,1.0696864111498257,True,,0.5607420039050215,401820329,887,11,17,1,True,False,matched,0.0,2025-10-10,under,0.41806238319972,2.1,1.1,1.0,False,False,False
2473,8b07c710c0d745210df13a44532f7e29,563,Monique Akoa Makani,moniqueakoamakani,PHO,rebounds,3.5,160.0,-225.0,13,13,2025-10-10 13:04:16+00:00,2025-10-10 13:04:16+00:00,2025-10-10 13:04:16+00:00,2025-10-11 00:00:00+00:00,0.0,2025-10-10,2025,PST,PHX,LVA,1.0769230769230769,True,,0.3398716205474144,401820329,5274110,11,17,1,True,False,matched,5.0,2025-10-10,under,0.14086064998675976,1.4444444444444444,-1.0,1.0,False,False,False
