event_id,offer_id,bp_player_id,player,normalized_player,bp_player_team,market,open_line,open_over,open_under,open_book,open_book_under,open_created_over,open_created_under,forecast_at,tip_at,pair_skew_seconds,date,season,season_type,event_home,event_away,open_booksum,open_coherent,rejection_reasons,p_open,game_id,athlete_id,team_id,opponent_team_id,home,matched,void,match_reason,actual,game_date,side,claimed_ev,decimal_odds,profit,settled_stake,is_push,is_void,is_unresolved
2147,21b2bc5b-dd0a-4152-a03c-bc0cbf39550b,112,Napheesa Collier,napheesacollier,MIN,assists,3.5,-118.0,-112.0,10,10,2025-05-13 13:58:15+00:00,2025-05-13 13:58:15+00:00,2025-05-13 13:58:15+00:00,2025-05-16 23:30:00+00:00,0.0,2025-05-16,2025,REG,DAL,MIN,1.0695862904621776,True,,0.5067212711754592,401736113,3917450,8,3,0,True,False,matched,4.0,2025-05-16,under,0.09085767514924059,1.8928571428571428,-1.0,1.0,False,False,False
2147,9171ed3f-72a4-4a84-a04d-66ac259620f7,63,Arike Ogunbowale,arikeogunbowale,DAL,points,21.5,-104.0,-125.0,10,10,2025-05-13 13:58:16+00:00,2025-05-13 13:58:16+00:00,2025-05-13 13:58:16+00:00,2025-05-16 23:30:00+00:00,0.0,2025-05-16,2025,REG,DAL,MIN,1.065359477124183,True,,0.4763687479911608,401736113,3904577,3,8,1,True,False,matched,16.0,2025-05-16,under,0.161809066525807,1.8,0.8,1.0,False,False,False
2147,f3d455d1-75b2-4f9e-b17b-a77e4613bf0a,128,Bridget Carleton,bridgetcarleton,PDX,points,9.5,-115.0,-113.0,10,10,2025-05-13 13:58:16+00:00,2025-05-13 13:58:16+00:00,2025-05-13 13:58:16+00:00,2025-05-16 23:30:00+00:00,0.0,2025-05-16,2025,REG,DAL,MIN,1.0654001528551151,True,,0.5022557674006809,401736113,3906972,8,3,0,True,False,matched,3.0,2025-05-16,under,0.06564038847718107,1.8849557522123894,0.8849557522123894,1.0,False,False,False
2146,4b04f15f-0d91-40ed-bbb9-38ee89212cb2,15,Rhyne Howard,rhynehoward,ATL,points,17.5,-130.0,100.0,19,19,2025-05-14 15:10:14+00:00,2025-05-14 15:10:14+00:00,2025-05-14 15:10:14+00:00,2025-05-16 23:30:00+00:00,0.0,2025-05-16,2025,REG,WAS,ATL,1.065217391304348,True,,0.5336835053940976,401736112,4398674,20,16,0,True,False,matched,11.0,2025-05-16,under,0.1929109094031598,2.0,1.0,1.0,False,False,False
2149,29ade203-e4fa-4383-960c-6323cb70cecd,102,Jackie Young,jackieyoung,LVA,points,15.5,-105.0,-125.0,19,19,2025-05-14 15:24:14+00:00,2025-05-14 15:24:14+00:00,2025-05-14 15:24:14+00:00,2025-05-17 17:00:00+00:00,0.0,2025-05-17,2025,REG,NYL,LVA,1.067750677506775,True,,0.47757418034290006,401736116,4065870,17,9,0,True,False,matched,16.0,2025-05-17,under,0.31810474122509663,1.8,-1.0,1.0,False,False,False
2149,cf8b1cc4-7e08-44c9-bab4-a03b8b6a0766,103,A'ja Wilson,ajawilson,LVA,points,25.5,-110.0,-120.0,19,19,2025-05-14 15:24:14+00:00,2025-05-14 15:24:14+00:00,2025-05-14 15:24:14+00:00,2025-05-17 17:00:00+00:00,0.0,2025-05-17,2025,REG,NYL,LVA,1.0692640692640691,True,,0.4887959885212434,401736116,3149391,17,9,0,True,False,matched,31.0,2025-05-17,under,0.23291243967576403,1.8333333333333335,-1.0,1.0,False,False,False
2149,a3bad779-7ba0-4462-854d-9b2ff794867e,132,Sabrina Ionescu,sabrinaionescu,NYL,points,18.5,-110.0,-120.0,19,19,2025-05-14 15:24:14+00:00,2025-05-14 15:24:14+00:00,2025-05-14 15:24:14+00:00,2025-05-17 17:00:00+00:00,0.0,2025-05-17,2025,REG,NYL,LVA,1.0692640692640691,True,,0.4887959885212434,401736116,4066533,9,17,1,True,False,matched,8.0,2025-05-17,under,0.2267002301822415,1.8333333333333335,0.8333333333333335,1.0,False,False,False
2149,04845953-d4b7-4f38-bbf1-d6b623af118a,137,Breanna Stewart,breannastewart,NYL,points,20.5,-125.0,-105.0,19,19,2025-05-14 15:24:14+00:00,2025-05-14 15:24:14+00:00,2025-05-14 15:24:14+00:00,2025-05-17 17:00:00+00:00,0.0,2025-05-17,2025,REG,NYL,LVA,1.067750677506775,True,,0.5224258196571001,401736116,2998928,9,17,1,True,False,matched,25.0,2025-05-17,under,0.15285175903910087,1.9523809523809523,-1.0,1.0,False,False,False
2150,1bb82e5e-7644-4627-a182-695eeab26462,68,Caitlin Clark,caitlinclark,IND,points,21.5,-125.0,-105.0,19,19,2025-05-14 15:24:15+00:00,2025-05-14 15:24:15+00:00,2025-05-14 15:24:15+00:00,2025-05-17 19:00:00+00:00,0.0,2025-05-17,2025,REG,IND,CHI,1.067750677506775,True,,0.5224258196571001,401736115,4433403,5,19,1,True,False,matched,20.0,2025-05-17,under,0.22178062468862392,1.9523809523809523,0.9523809523809523,1.0,False,False,False
2150,8a5fb64b-9386-4720-b847-548ce6d42af1,26,Angel Reese,angelreese,ATL,points,14.5,-120.0,-110.0,19,19,2025-05-14 15:24:15+00:00,2025-05-14 15:24:15+00:00,2025-05-14 15:24:15+00:00,2025-05-17 19:00:00+00:00,0.0,2025-05-17,2025,REG,IND,CHI,1.0692640692640691,True,,0.5112040114787568,401736115,4433402,19,5,0,True,False,matched,12.0,2025-05-17,under,0.09753901053559061,1.9090909090909092,0.9090909090909092,1.0,False,False,False
2150,a94dee49-b8cf-40f2-a3d8-7f42c4a0e33b,70,Kelsey Mitchell,kelseymitchell,IND,points,17.5,-130.0,100.0,19,19,2025-05-14 15:24:15+00:00,2025-05-14 15:24:15+00:00,2025-05-14 15:24:15+00:00,2025-05-17 19:00:00+00:00,0.0,2025-05-17,2025,REG,IND,CHI,1.065217391304348,True,,0.5336835053940976,401736115,3142191,5,19,1,True,False,matched,15.0,2025-05-17,under,0.055917779325673544,2.0,1.0,1.0,False,False,False
2150,a893c99d-9048-4261-9e27-5667bf2a92a7,30,Kamilla Cardoso,kamillacardoso,CHI,points,10.5,-128.0,-102.0,10,10,2025-05-14 16:50:40+00:00,2025-05-14 16:50:40+00:00,2025-05-14 16:50:40+00:00,2025-05-17 19:00:00+00:00,0.0,2025-05-17,2025,REG,IND,CHI,1.0663540038214347,True,,0.5291749480305961,401736115,4433405,19,5,0,True,False,matched,7.0,2025-05-17,under,0.321990186716622,1.9803921568627452,0.9803921568627452,1.0,False,False,False
2146,50e69cc2-0509-4ab3-ad57-16cee75fcf27,1,Allisha Gray,allishagray,ATL,assists,2.5,-150.0,120.0,24,24,2025-05-14 17:10:28+00:00,2025-05-14 17:10:28+00:00,2025-05-14 17:10:28+00:00,2025-05-16 23:30:00+00:00,0.0,2025-05-16,2025,REG,WAS,ATL,1.0545454545454547,True,,0.5746986093321318,401736112,3058901,20,16,0,True,False,matched,7.0,2025-05-16,under,0.193391265789441,2.2,-1.0,1.0,False,False,False
2146,ef9fc660-24ca-4a80-a801-fd7a4b01ec30,149,Sug Sutton,sugsutton,DAL,assists,4.5,-115.0,-115.0,24,24,2025-05-14 17:32:34+00:00,2025-05-14 17:32:34+00:00,2025-05-14 17:32:34+00:00,2025-05-16 23:30:00+00:00,0.0,2025-05-16,2025,REG,WAS,ATL,1.0697674418604652,True,,0.5,401736112,4068159,16,20,1,True,False,matched,2.0,2025-05-16,under,0.8380228474647734,1.8695652173913042,0.8695652173913042,1.0,False,False,False
2146,e6a6b4ff-a015-4d24-9e43-e39a95377bbe,170,Jade Melbourne,jademelbourne,SEA,assists,2.5,-150.0,120.0,24,24,2025-05-14 17:32:34+00:00,2025-05-14 17:32:34+00:00,2025-05-14 17:32:34+00:00,2025-05-16 23:30:00+00:00,0.0,2025-05-16,2025,REG,WAS,ATL,1.0545454545454547,True,,0.5746986093321318,401736112,5017726,16,20,1,True,False,matched,1.0,2025-05-16,under,0.696763075211909,2.2,1.2000000000000002,1.0,False,False,False
2146,47a70e40-b05d-4ec8-b4af-597bcb67d368,191,Emily Engstler,emilyengstler,PDX,assists,2.5,-150.0,120.0,24,24,2025-05-14 17:32:34+00:00,2025-05-14 17:32:34+00:00,2025-05-14 17:32:34+00:00,2025-05-16 23:30:00+00:00,0.0,2025-05-16,2025,REG,WAS,ATL,1.0545454545454547,True,,0.5746986093321318,401736112,4398729,16,20,1,True,False,matched,1.0,2025-05-16,under,0.5354400349583958,2.2,1.2000000000000002,1.0,False,False,False
2146,9545fbbc-7580-4f2a-855c-771d99b1de7c,182,Brittney Sykes,brittneysykes,TOR,assists,3.5,-135.0,105.0,24,24,2025-05-14 17:32:34+00:00,2025-05-14 17:32:34+00:00,2025-05-14 17:32:34+00:00,2025-05-16 23:30:00+00:00,0.0,2025-05-16,2025,REG,WAS,ATL,1.0622729631551635,True,,0.5446886059829622,401736112,2988756,16,20,1,True,False,matched,5.0,2025-05-16,under,0.4610269194205022,2.05,-1.0,1.0,False,False,False
2146,9a605e8b-7fd6-4c0e-b4f4-208a75a1a48b,189,Stefanie Dolson,stefaniedolson,SEA,assists,2.5,-115.0,-115.0,24,24,2025-05-14 17:32:34+00:00,2025-05-14 17:32:34+00:00,2025-05-14 17:32:34+00:00,2025-05-16 23:30:00+00:00,0.0,2025-05-16,2025,REG,WAS,ATL,1.0697674418604652,True,,0.5,401736112,2529183,16,20,1,True,False,matched,3.0,2025-05-16,under,0.2946813043441426,1.8695652173913042,-1.0,1.0,False,False,False
2149,8f680478-f593-4ae4-b9a0-9afd801e9708,107,Chelsea Gray,chelseagray,LVA,points,9.5,-122.0,-106.0,10,10,2025-05-14 17:38:16+00:00,2025-05-14 17:38:16+00:00,2025-05-14 17:38:16+00:00,2025-05-17 17:00:00+00:00,0.0,2025-05-17,2025,REG,NYL,LVA,1.064112656345666,True,,0.518058368553134,401736116,2529122,17,9,0,True,False,matched,12.0,2025-05-17,under,0.08447641670044415,1.9433962264150944,-1.0,1.0,False,False,False
2149,c211fc04-c37e-433f-bff6-39ecffe70f6f,141,Jonquel Jones,jonqueljones,NYL,rebounds,8.5,-130.0,-102.0,10,10,2025-05-14 17:45:36+00:00,2025-05-14 17:45:36+00:00,2025-05-14 17:45:36+00:00,2025-05-17 17:00:00+00:00,0.0,2025-05-17,2025,REG,NYL,LVA,1.0701678863538528,True,,0.5312123494364493,401736116,2999101,9,17,1,True,False,matched,10.0,2025-05-17,under,0.14435586339395984,1.9803921568627452,-1.0,1.0,False,False,False
2147,72424617-d997-4730-95b7-067dc2554f53,116,Jessica Shepard,jessicashepard,DAL,rebounds,7.5,120.0,-160.0,10,10,2025-05-16 01:01:08+00:00,2025-05-16 01:01:08+00:00,2025-05-16 01:01:08+00:00,2025-05-16 23:30:00+00:00,0.0,2025-05-16,2025,REG,DAL,MIN,1.06993006993007,True,,0.41669493857595097,401736113,3906949,8,3,0,True,False,matched,8.0,2025-05-16,under,0.2500319816726808,1.625,-1.0,1.0,False,False,False
2147,7aa944a2-690d-4257-94dc-179e7c880e0b,115,Natisha Hiedeman,natishahiedeman,SEA,points,5.5,-104.0,-125.0,10,10,2025-05-16 01:13:23+00:00,2025-05-16 01:13:23+00:00,2025-05-16 01:13:23+00:00,2025-05-16 23:30:00+00:00,0.0,2025-05-16,2025,REG,DAL,MIN,1.065359477124183,True,,0.4763687479911608,401736113,3906753,8,3,0,True,False,matched,4.0,2025-05-16,under,0.1468365366258178,1.8,0.8,1.0,False,False,False
2149,cbd86a0d-e593-40af-9cc2-fa84b1875e69,147,Leonie Fiebich,leoniefiebich,NYL,threes,1.5,-186.0,138.0,10,10,2025-05-16 04:40:52+00:00,2025-05-16 04:40:52+00:00,2025-05-16 04:40:52+00:00,2025-05-17 17:00:00+00:00,0.0,2025-05-17,2025,REG,NYL,LVA,1.070517717576541,True,,0.6192913524286012,401736116,4683006,9,17,1,True,False,matched,0.0,2025-05-17,under,0.244183340107124,2.38,1.38,1.0,False,False,False
2146,4f4afef5-b499-4109-b534-94c2d3a69d05,196,Shakira Austin,shakiraaustin,WAS,rebounds,6.5,-105.0,-135.0,49,49,2025-05-16 15:06:48+00:00,2025-05-16 15:06:48+00:00,2025-05-16 15:06:48+00:00,2025-05-16 23:30:00+00:00,0.0,2025-05-16,2025,REG,WAS,ATL,1.0866632070576026,True,,0.46744138600370294,401736112,4398911,16,20,1,True,True,did_not_play,,2025-05-16,under,0.09162286140310122,1.7407407407407407,0.0,0.0,False,True,False
2149,2422abd8-34dc-4f17-9132-477f0f1285b7,108,Kiah Stokes,kiahstokes,GSV,rebounds,6.5,-120.0,-120.0,49,49,2025-05-17 14:15:55+00:00,2025-05-17 14:15:55+00:00,2025-05-17 14:15:55+00:00,2025-05-17 17:00:00+00:00,0.0,2025-05-17,2025,REG,NYL,LVA,1.0909090909090908,True,,0.5,401736116,2590093,17,9,0,True,False,matched,7.0,2025-05-17,under,0.6890771994265178,1.8333333333333335,-1.0,1.0,False,False,False
2152,c2b023b5-ed1c-4f4b-91a6-f8902a179796,196,Shakira Austin,shakiraaustin,WAS,points,12.5,-114.0,-114.0,10,10,2025-05-17 23:23:58+00:00,2025-05-17 23:23:58+00:00,2025-05-17 23:23:58+00:00,2025-05-18 17:00:00+00:00,0.0,2025-05-18,2025,REG,CON,WAS,1.0654205607476634,True,,0.5000000000000001,401736118,4398911,16,18,0,True,False,matched,4.0,2025-05-18,under,0.4785789784129122,1.8771929824561404,0.8771929824561404,1.0,False,False,False
2152,818e3aaa-ec61-43ad-ae76-892fe20258e1,22,Marina Mabrey,marinamabrey,TOR,assists,3.5,-114.0,-114.0,10,10,2025-05-17 23:23:58+00:00,2025-05-17 23:23:58+00:00,2025-05-17 23:23:58+00:00,2025-05-18 17:00:00+00:00,0.0,2025-05-18,2025,REG,CON,WAS,1.0654205607476634,True,,0.5000000000000001,401736118,3904576,18,16,1,True,False,matched,3.0,2025-05-18,under,0.41276877812290697,1.8771929824561404,0.8771929824561404,1.0,False,False,False
2152,5446f5c8-4448-4fb1-9e38-06009b272948,182,Brittney Sykes,brittneysykes,TOR,points,17.5,-110.0,-118.0,10,10,2025-05-17 23:23:58+00:00,2025-05-17 23:23:58+00:00,2025-05-17 23:23:58+00:00,2025-05-18 17:00:00+00:00,0.0,2025-05-18,2025,REG,CON,WAS,1.0650939274792486,True,,0.4909754767731684,401736118,2988756,16,18,0,True,False,matched,27.0,2025-05-18,under,0.2937345111791462,1.847457627118644,-1.0,1.0,False,False,False
2153,86b40da3-f7f0-4bff-b9d2-02a38712719e,101,Kelsey Plum,kelseyplum,LAS,assists,5.5,-136.0,102.0,10,10,2025-05-17 23:58:58+00:00,2025-05-17 23:58:58+00:00,2025-05-17 23:58:58+00:00,2025-05-18 22:00:00+00:00,0.0,2025-05-18,2025,REG,LAS,MIN,1.071320691391173,True,,0.5420932924427202,401736119,3065570,6,8,1,True,False,matched,5.0,2025-05-18,under,0.648731173587326,2.02,1.02,1.0,False,False,False
2153,f7d02bad-7d71-4a80-8a40-8c3435a8d7a8,89,Dearica Hamby,dearicahamby,LAS,rebounds,8.5,-138.0,104.0,10,10,2025-05-17 23:58:58+00:00,2025-05-17 23:58:58+00:00,2025-05-17 23:58:58+00:00,2025-05-18 22:00:00+00:00,0.0,2025-05-18,2025,REG,LAS,MIN,1.0700280112044818,True,,0.5464208361470752,401736119,2566106,6,8,1,True,False,matched,10.0,2025-05-18,under,0.20638350727054094,2.04,-1.0,1.0,False,False,False
2153,3b39c616-a321-4160-af2f-e4c43c294b24,293,Odyssey Sims,odysseysims,DAL,points,7.5,102.0,-132.0,10,10,2025-05-17 23:58:58+00:00,2025-05-17 23:58:58+00:00,2025-05-17 23:58:58+00:00,2025-05-18 22:00:00+00:00,0.0,2025-05-18,2025,REG,LAS,MIN,1.0640150221918745,True,,0.4618487426836327,401736119,2529047,6,8,1,True,False,matched,2.0,2025-05-18,over,0.16518809204460744,2.02,-1.0,1.0,False,False,False
2153,fa1f7d14-9380-41c2-9e8e-8b2e9d8be05e,117,Courtney Williams,courtneywilliams,MIN,points,14.5,-114.0,-114.0,10,10,2025-05-17 23:58:58+00:00,2025-05-17 23:58:58+00:00,2025-05-17 23:58:58+00:00,2025-05-18 22:00:00+00:00,0.0,2025-05-18,2025,REG,LAS,MIN,1.0654205607476634,True,,0.5000000000000001,401736119,2987891,8,6,0,True,False,matched,13.0,2025-05-18,under,0.15408470289115472,1.8771929824561404,0.8771929824561404,1.0,False,False,False
2153,d2070b10-a2ff-43e0-be36-d8ec48866289,82,Azura Stevens,azurastevens,CHI,rebounds,6.5,-146.0,110.0,10,10,2025-05-17 23:58:58+00:00,2025-05-17 23:58:58+00:00,2025-05-17 23:58:58+00:00,2025-05-18 22:00:00+00:00,0.0,2025-05-18,2025,REG,LAS,MIN,1.0696864111498257,True,,0.5607420039050215,401736119,3142010,6,8,1,True,False,matched,6.0,2025-05-18,under,0.1495717710039433,2.1,1.1,1.0,False,False,False
2153,7943b592-f1bf-4961-97a2-e49783594d44,112,Napheesa Collier,napheesacollier,MIN,threes,1.5,194.0,-270.0,10,10,2025-05-17 23:58:58+00:00,2025-05-17 23:58:58+00:00,2025-05-17 23:58:58+00:00,2025-05-18 22:00:00+00:00,0.0,2025-05-18,2025,REG,LAS,MIN,1.0698657841514985,True,,0.2979582365398174,401736119,3917450,8,6,0,True,False,matched,2.0,2025-05-18,under,0.0634152187102282,1.3703703703703702,-1.0,1.0,False,False,False
2153,b959e149-3cef-43a7-b1c3-3c814f5a42c3,128,Bridget Carleton,bridgetcarleton,PDX,points,10.5,-104.0,-125.0,10,10,2025-05-17 23:58:59+00:00,2025-05-17 23:58:59+00:00,2025-05-17 23:58:59+00:00,2025-05-18 22:00:00+00:00,0.0,2025-05-18,2025,REG,LAS,MIN,1.065359477124183,True,,0.4763687479911608,401736119,3906972,8,6,0,True,False,matched,8.0,2025-05-18,under,0.2767732148933654,1.8,0.8,1.0,False,False,False
2154,24db028b-e1f3-46bb-b633-bac7dc5ba7f6,193,Myisha Hines-Allen,myishahinesallen,IND,rebounds,5.5,-144.0,108.0,10,10,2025-05-18 20:58:17+00:00,2025-05-18 20:58:17+00:00,2025-05-18 20:58:17+00:00,2025-05-20 00:00:00+00:00,0.0,2025-05-19,2025,REG,DAL,SEA,1.0709331651954601,True,,0.5566845205396996,401736120,3142055,3,14,1,True,False,matched,9.0,2025-05-19,under,0.5004555010412604,2.08,-1.0,1.0,False,False,False
2154,684d50df-4628-4f52-8e32-5491448a1e03,61,Maddy Siegrist,maddysiegrist,DAL,points,9.5,-128.0,-102.0,10,10,2025-05-18 20:58:17+00:00,2025-05-18 20:58:17+00:00,2025-05-18 20:58:17+00:00,2025-05-20 00:00:00+00:00,0.0,2025-05-19,2025,REG,DAL,SEA,1.0663540038214347,True,,0.5291749480305961,401736120,4399415,3,14,1,True,False,matched,12.0,2025-05-19,under,0.29840429183853934,1.9803921568627452,-1.0,1.0,False,False,False
2154,12782443-537f-42d9-8fc3-3ccf24433ae4,73,NaLyssa Smith,nalyssasmith,LVA,points,9.5,106.0,-138.0,10,10,2025-05-18 20:58:17+00:00,2025-05-18 20:58:17+00:00,2025-05-18 20:58:17+00:00,2025-05-20 00:00:00+00:00,0.0,2025-05-19,2025,REG,DAL,SEA,1.0652688259769927,True,,0.4512435291926419,401736120,4398776,3,14,1,True,False,matched,12.0,2025-05-19,under,0.25041332137402067,1.7246376811594204,-1.0,1.0,False,False,False
2154,db562d58-26f5-439b-aa03-cc2da3d66369,176,Ezi Magbegor,ezimagbegor,SEA,points,11.5,-115.0,-113.0,10,10,2025-05-18 20:58:17+00:00,2025-05-18 20:58:17+00:00,2025-05-18 20:58:17+00:00,2025-05-20 00:00:00+00:00,0.0,2025-05-19,2025,REG,DAL,SEA,1.0654001528551151,True,,0.5022557674006809,401736120,4420318,14,3,0,True,False,matched,7.0,2025-05-19,under,0.22283892265240912,1.8849557522123894,0.8849557522123894,1.0,False,False,False
2154,7ac0a83b-eb46-4e42-8796-7ea7e2d4605e,180,Nneka Ogwumike,nnekaogwumike,LAS,points,17.5,-120.0,-108.0,10,10,2025-05-18 20:58:17+00:00,2025-05-18 20:58:17+00:00,2025-05-18 20:58:17+00:00,2025-05-20 00:00:00+00:00,0.0,2025-05-19,2025,REG,DAL,SEA,1.0646853146853146,True,,0.5135396953663074,401736120,1068,14,3,0,True,False,matched,23.0,2025-05-19,under,0.2072983901860293,1.925925925925926,-1.0,1.0,False,False,False
2154,d20214a3-a550-474e-ab25-f7a6b9eabdbb,48,DiJonai Carrington,dijonaicarrington,CHI,rebounds,4.5,-106.0,-125.0,10,10,2025-05-18 20:58:17+00:00,2025-05-18 20:58:17+00:00,2025-05-18 20:58:17+00:00,2025-05-20 00:00:00+00:00,0.0,2025-05-19,2025,REG,DAL,SEA,1.070118662351672,True,,0.4787708928615623,401736120,4066548,3,14,1,True,False,matched,4.0,2025-05-19,over,0.1445927238302741,1.9433962264150944,-1.0,1.0,False,False,False
2154,eb87d4d6-e3d3-441f-9f17-45e9d695d3dd,63,Arike Ogunbowale,arikeogunbowale,DAL,points,18.5,-122.0,-106.0,10,10,2025-05-18 20:58:17+00:00,2025-05-18 20:58:17+00:00,2025-05-18 20:58:17+00:00,2025-05-20 00:00:00+00:00,0.0,2025-05-19,2025,REG,DAL,SEA,1.064112656345666,True,,0.518058368553134,401736120,3904577,3,14,1,True,False,matched,8.0,2025-05-19,under,0.09834739871774201,1.9433962264150944,0.9433962264150944,1.0,False,False,False
2155,d84f0e36-2c01-4017-bea9-20eae3cbe368,68,Caitlin Clark,caitlinclark,IND,points,20.5,-128.0,-102.0,10,10,2025-05-19 13:51:12+00:00,2025-05-19 13:51:12+00:00,2025-05-19 13:51:12+00:00,2025-05-20 23:00:00+00:00,0.0,2025-05-20,2025,REG,IND,ATL,1.0663540038214347,True,,0.5291749480305961,401736122,4433403,5,20,1,True,False,matched,27.0,2025-05-20,under,0.2103221509052431,1.9803921568627452,-1.0,1.0,False,False,False
2155,a6536902-0123-4dbb-bee7-d6f92facc5bc,45,DeWanna Bonner,dewannabonner,PHO,rebounds,4.5,134.0,-180.0,10,10,2025-05-19 15:17:23+00:00,2025-05-19 15:17:23+00:00,2025-05-19 15:17:23+00:00,2025-05-20 23:00:00+00:00,0.0,2025-05-20,2025,REG,IND,ATL,1.0702075702075702,True,,0.38834080463047865,401736122,869,5,20,1,True,False,matched,3.0,2025-05-20,over,0.45980548692501966,2.34,-1.0,1.0,False,False,False
2155,5dea443a-90de-4111-8667-12f9f2830fd6,71,Aliyah Boston,aliyahboston,IND,threes,1.5,178.0,-245.0,10,10,2025-05-19 15:17:23+00:00,2025-05-19 15:17:23+00:00,2025-05-19 15:17:23+00:00,2025-05-20 23:00:00+00:00,0.0,2025-05-20,2025,REG,IND,ATL,1.0698571577520593,True,,0.3183263503331576,401736122,4432831,5,20,1,True,False,matched,0.0,2025-05-20,under,0.39571970251909544,1.4081632653061225,0.40816326530612246,1.0,False,False,False
2155,2c399d1d-fe05-48ba-8f95-7c77e69df134,56,Natasha Howard,natashahoward,MIN,threes,1.5,178.0,-245.0,10,10,2025-05-19 15:17:23+00:00,2025-05-19 15:17:23+00:00,2025-05-19 15:17:23+00:00,2025-05-20 23:00:00+00:00,0.0,2025-05-20,2025,REG,IND,ATL,1.0698571577520593,True,,0.3183263503331576,401736122,2529130,5,20,1,True,False,matched,0.0,2025-05-20,under,0.3112990350037067,1.4081632653061225,0.40816326530612246,1.0,False,False,False
2155,bf3c07df-938d-45ed-b244-7c9989dae052,1,Allisha Gray,allishagray,ATL,assists,3.5,-172.0,128.0,10,10,2025-05-19 15:27:47+00:00,2025-05-19 15:27:47+00:00,2025-05-19 15:27:47+00:00,2025-05-20 23:00:00+00:00,0.0,2025-05-20,2025,REG,IND,ATL,1.0709494324045408,True,,0.6004234693007796,401736122,3058901,20,5,0,True,False,matched,6.0,2025-05-20,under,0.36787842632202566,2.2800000000000002,-1.0,1.0,False,False,False
2155,f7dca399-56da-427c-9164-7f0f1b901df9,49,Brionna Jones,brionnajones,ATL,rebounds,6.5,-114.0,-114.0,10,10,2025-05-19 15:27:47+00:00,2025-05-19 15:27:47+00:00,2025-05-19 15:27:47+00:00,2025-05-20 23:00:00+00:00,0.0,2025-05-20,2025,REG,IND,ATL,1.0654205607476634,True,,0.5000000000000001,401736122,3058895,20,5,0,True,False,matched,13.0,2025-05-20,under,0.19602408785306458,1.8771929824561404,-1.0,1.0,False,False,False
2155,87e0d1bf-25e0-4f96-a1cd-054ea95c0e3c,148,Brittney Griner,brittneygriner,CON,rebounds,7.5,-104.0,-128.0,10,10,2025-05-19 15:27:47+00:00,2025-05-19 15:27:47+00:00,2025-05-19 15:27:47+00:00,2025-05-20 23:00:00+00:00,0.0,2025-05-20,2025,REG,IND,ATL,1.0712074303405572,True,,0.4732611100971195,401736122,2490553,20,5,0,True,False,matched,8.0,2025-05-20,under,0.1490130137052066,1.78125,-1.0,1.0,False,False,False
2155,aab4d992-9219-43c0-b360-d1ed1276714e,15,Rhyne Howard,rhynehoward,ATL,threes,3.5,110.0,-146.0,10,10,2025-05-19 15:27:47+00:00,2025-05-19 15:27:47+00:00,2025-05-19 15:27:47+00:00,2025-05-20 23:00:00+00:00,0.0,2025-05-20,2025,REG,IND,ATL,1.0696864111498257,True,,0.4392579960949788,401736122,4398674,20,5,0,True,False,matched,4.0,2025-05-20,under,0.14293537450331034,1.6849315068493151,-1.0,1.0,False,False,False
2156,c9ade5cb-fee2-4a17-ae92-2fe352069957,107,Chelsea Gray,chelseagray,LVA,threes,1.5,-118.0,-112.0,10,10,2025-05-19 18:41:44+00:00,2025-05-19 18:41:44+00:00,2025-05-19 18:41:44+00:00,2025-05-20 23:00:00+00:00,0.0,2025-05-20,2025,REG,CON,LVA,1.0695862904621776,True,,0.5067212711754592,401736121,2529122,17,18,0,True,False,matched,0.0,2025-05-20,under,0.11229628979496198,1.8928571428571428,0.8928571428571428,1.0,False,False,False
2156,93db4d35-3728-48c4-93f6-3936189fd7bd,102,Jackie Young,jackieyoung,LVA,points,15.5,-128.0,-102.0,10,10,2025-05-19 18:41:45+00:00,2025-05-19 18:41:45+00:00,2025-05-19 18:41:45+00:00,2025-05-20 23:00:00+00:00,0.0,2025-05-20,2025,REG,CON,LVA,1.0663540038214347,True,,0.5291749480305961,401736121,4065870,17,18,0,True,False,matched,16.0,2025-05-20,under,0.3240002740678044,1.9803921568627452,-1.0,1.0,False,False,False
2156,ed4ac1a5-d663-4d54-a896-843ad9fe9404,103,A'ja Wilson,ajawilson,LVA,points,26.5,-113.0,-115.0,10,10,2025-05-19 18:41:45+00:00,2025-05-19 18:41:45+00:00,2025-05-19 18:41:45+00:00,2025-05-20 23:00:00+00:00,0.0,2025-05-20,2025,REG,CON,LVA,1.0654001528551151,True,,0.49774423259931944,401736121,3149391,17,18,0,True,False,matched,22.0,2025-05-20,under,0.22761539697248528,1.8695652173913042,0.8695652173913042,1.0,False,False,False
2156,d731aa90-eccd-4116-8ab4-4be6eb392a1a,166,Jewell Loyd,jewellloyd,LVA,points,15.5,-114.0,-115.0,10,10,2025-05-19 18:45:15+00:00,2025-05-19 18:45:15+00:00,2025-05-19 18:45:15+00:00,2025-05-20 23:00:00+00:00,0.0,2025-05-20,2025,REG,CON,LVA,1.0675940013040643,True,,0.49887602265758907,401736121,2987869,17,18,0,True,False,matched,20.0,2025-05-20,under,0.12118872182951623,1.8695652173913042,-1.0,1.0,False,False,False
2156,f4c13156-a322-4c4f-be54-a23b62177e25,22,Marina Mabrey,marinamabrey,TOR,points,16.5,-108.0,-120.0,10,10,2025-05-19 19:09:36+00:00,2025-05-19 19:09:36+00:00,2025-05-19 19:09:36+00:00,2025-05-20 23:00:00+00:00,0.0,2025-05-20,2025,REG,CON,LVA,1.0646853146853146,True,,0.48646030463369283,401736121,3904576,18,17,1,True,False,matched,7.0,2025-05-20,under,0.22324180508932634,1.8333333333333335,0.8333333333333335,1.0,False,False,False
2156,13c2b6a6-61bc-447e-a3b9-ba81dc15022a,9,Tina Charles,tinacharles,FA,points,17.5,-114.0,-114.0,10,10,2025-05-19 19:09:36+00:00,2025-05-19 19:09:36+00:00,2025-05-19 19:09:36+00:00,2025-05-20 23:00:00+00:00,0.0,2025-05-20,2025,REG,CON,LVA,1.0654205607476634,True,,0.5000000000000001,401736121,918,18,17,1,True,False,matched,20.0,2025-05-20,under,0.1967627848528989,1.8771929824561404,-1.0,1.0,False,False,False
2156,01aa0593-21ac-4eff-85b5-be6ef332ea10,43,Olivia Nelson-Ododa,olivianelsonododa,CON,points,10.5,100.0,-130.0,19,19,2025-05-20 19:31:46+00:00,2025-05-20 19:31:46+00:00,2025-05-20 19:31:46+00:00,2025-05-20 23:00:00+00:00,0.0,2025-05-20,2025,REG,CON,LVA,1.065217391304348,True,,0.4663164946059025,401736121,4398966,18,17,1,True,False,matched,8.0,2025-05-20,under,0.5903692669108609,1.7692307692307692,0.7692307692307692,1.0,False,False,False
2157,1812705c-0921-4f3f-8505-bdd6a6db6fd3,63,Arike Ogunbowale,arikeogunbowale,DAL,points,16.5,-118.0,-110.0,10,10,2025-05-20 20:21:50+00:00,2025-05-20 20:21:50+00:00,2025-05-20 20:21:50+00:00,2025-05-22 00:00:00+00:00,0.0,2025-05-21,2025,REG,MIN,DAL,1.0650939274792486,True,,0.5090245232268319,401736123,3904577,3,8,0,True,False,matched,21.0,2025-05-21,under,0.06307727682435649,1.9090909090909092,-1.0,1.0,False,False,False
2157,609cb392-d496-4add-af61-772f17e53c28,48,DiJonai Carrington,dijonaicarrington,CHI,points,12.5,102.0,-132.0,10,10,2025-05-20 20:21:51+00:00,2025-05-20 20:21:51+00:00,2025-05-20 20:21:51+00:00,2025-05-22 00:00:00+00:00,0.0,2025-05-21,2025,REG,MIN,DAL,1.0640150221918745,True,,0.4618487426836327,401736123,4066548,3,8,0,True,False,matched,11.0,2025-05-21,under,0.12594642477904966,1.7575757575757576,0.7575757575757576,1.0,False,False,False
2157,43be0cc9-fb76-4adb-ac3e-a61c9d659589,73,NaLyssa Smith,nalyssasmith,LVA,rebounds,4.5,108.0,-144.0,10,10,2025-05-20 20:21:51+00:00,2025-05-20 20:21:51+00:00,2025-05-20 20:21:51+00:00,2025-05-22 00:00:00+00:00,0.0,2025-05-21,2025,REG,MIN,DAL,1.0709331651954601,True,,0.4433154794603006,401736123,4398776,3,8,0,True,False,matched,7.0,2025-05-21,over,0.09629603429041139,2.08,1.08,1.0,False,False,False
2157,62bc6879-61e9-4640-9ae3-0e6597db3f13,121,Alanna Smith,alannasmith,DAL,threes,1.5,-130.0,-102.0,10,10,2025-05-20 20:57:44+00:00,2025-05-20 20:57:44+00:00,2025-05-20 20:57:44+00:00,2025-05-22 00:00:00+00:00,0.0,2025-05-21,2025,REG,MIN,DAL,1.0701678863538528,True,,0.5312123494364493,401736123,3913881,8,3,1,True,False,matched,3.0,2025-05-21,under,0.3433473138892872,1.9803921568627452,-1.0,1.0,False,False,False
2157,6f9c6ce6-4e2c-4035-830b-d63e188a461b,112,Napheesa Collier,napheesacollier,MIN,threes,1.5,116.0,-154.0,10,10,2025-05-20 20:57:44+00:00,2025-05-20 20:57:44+00:00,2025-05-20 20:57:44+00:00,2025-05-22 00:00:00+00:00,0.0,2025-05-21,2025,REG,MIN,DAL,1.0692621755613883,True,,0.425792012343204,401736123,3917450,8,3,1,True,False,matched,0.0,2025-05-21,under,0.19441053276871134,1.6493506493506493,0.6493506493506493,1.0,False,False,False
2157,42b40a0e-27a0-44d7-93aa-b54905de8ea8,128,Bridget Carleton,bridgetcarleton,PDX,threes,1.5,-178.0,132.0,10,10,2025-05-20 20:57:44+00:00,2025-05-20 20:57:44+00:00,2025-05-20 20:57:44+00:00,2025-05-22 00:00:00+00:00,0.0,2025-05-21,2025,REG,MIN,DAL,1.0713222525427932,True,,0.6084851511650193,401736123,3906972,8,3,1,True,False,matched,1.0,2025-05-21,under,0.10867925711773907,2.3200000000000003,1.3200000000000003,1.0,False,False,False
2157,e5883cff-7a2f-4b86-a22a-93026980c2c6,117,Courtney Williams,courtneywilliams,MIN,threes,1.5,128.0,-172.0,10,10,2025-05-20 20:57:44+00:00,2025-05-20 20:57:44+00:00,2025-05-20 20:57:44+00:00,2025-05-22 00:00:00+00:00,0.0,2025-05-21,2025,REG,MIN,DAL,1.0709494324045408,True,,0.39957653069922067,401736123,2987891,8,3,1,True,False,matched,1.0,2025-05-21,under,0.09793380799575907,1.5813953488372094,0.5813953488372094,1.0,False,False,False
2157,7af0f039-2409-49e2-b080-5e7b68bbe7ae,193,Myisha Hines-Allen,myishahinesallen,IND,points,7.5,-115.0,-115.0,19,19,2025-05-21 01:05:08+00:00,2025-05-21 01:05:08+00:00,2025-05-21 01:05:08+00:00,2025-05-22 00:00:00+00:00,0.0,2025-05-21,2025,REG,MIN,DAL,1.0697674418604652,True,,0.5,401736123,3142055,3,8,0,True,False,matched,11.0,2025-05-21,under,0.22449521957658986,1.8695652173913042,-1.0,1.0,False,False,False
2160,e9373de0-28fa-4b3a-9ef4-bc3e077ea9f8,68,Caitlin Clark,caitlinclark,IND,threes,3.5,-162.0,122.0,10,10,2025-05-21 06:14:29+00:00,2025-05-21 06:14:29+00:00,2025-05-21 06:14:29+00:00,2025-05-22 23:30:00+00:00,0.0,2025-05-22,2025,REG,ATL,IND,1.0687710611374732,True,,0.5868918088955871,401736126,4433403,5,20,0,True,False,matched,0.0,2025-05-22,under,0.43094246618911114,2.2199999999999998,1.2199999999999998,1.0,False,False,False
2158,8a2365c2-298f-4a87-a9e6-84a6e25f4306,72,Temi Fagbenle,temifagbenle,TOR,threes,1.5,-155.0,110.0,49,49,2025-05-21 13:19:24+00:00,2025-05-21 13:19:24+00:00,2025-05-21 13:19:24+00:00,2025-05-22 02:00:00+00:00,0.0,2025-05-21,2025,REG,GSV,WAS,1.0840336134453783,True,,0.5687378937585825,401736124,2569044,129689,16,1,True,False,matched,0.0,2025-05-21,under,0.9443112663072427,2.1,1.1,1.0,False,False,False
2158,813cb952-3d0b-4471-aa28-b7c8665ea0a0,184,Julie Vanloo,julievanloo,FA,points,8.5,-115.0,-115.0,49,49,2025-05-21 13:19:24+00:00,2025-05-21 13:19:24+00:00,2025-05-21 13:19:24+00:00,2025-05-22 02:00:00+00:00,0.0,2025-05-21,2025,REG,GSV,WAS,1.0697674418604652,True,,0.5,401736124,2566110,129689,16,1,True,False,matched,0.0,2025-05-21,under,0.2286139646140185,1.8695652173913042,0.8695652173913042,1.0,False,False,False
2158,1cf6c306-4e4f-452c-9228-d7a1e33d3665,170,Jade Melbourne,jademelbourne,SEA,threes,1.5,140.0,-200.0,49,49,2025-05-21 13:19:24+00:00,2025-05-21 13:19:24+00:00,2025-05-21 13:19:24+00:00,2025-05-22 02:00:00+00:00,0.0,2025-05-21,2025,REG,GSV,WAS,1.0833333333333333,True,,0.3694516640081069,401736124,5017726,16,129689,0,True,False,matched,1.0,2025-05-21,under,0.18977435696745776,1.5,0.5,1.0,False,False,False
2158,c4932e44-c1fc-4feb-8037-e831052ce951,139,Kayla Thornton,kaylathornton,GSV,points,10.5,-110.0,-118.0,10,10,2025-05-21 14:56:13+00:00,2025-05-21 14:56:13+00:00,2025-05-21 14:56:13+00:00,2025-05-22 02:00:00+00:00,0.0,2025-05-21,2025,REG,GSV,WAS,1.0650939274792486,True,,0.4909754767731684,401736124,2529622,129689,16,1,True,False,matched,18.0,2025-05-21,under,0.6613239195540619,1.847457627118644,-1.0,1.0,False,False,False
2158,4eacfae0-7104-4567-b720-6a7a24f90c6e,221,Tiffany Hayes,tiffanyhayes,GSV,points,15.5,-130.0,100.0,10,10,2025-05-21 14:56:13+00:00,2025-05-21 14:56:13+00:00,2025-05-21 14:56:13+00:00,2025-05-22 02:00:00+00:00,0.0,2025-05-21,2025,REG,GSV,WAS,1.065217391304348,True,,0.5336835053940976,401736124,1054,129689,16,1,True,False,matched,2.0,2025-05-21,under,0.49640638389412134,2.0,1.0,1.0,False,False,False
2158,98b4db34-3248-4d01-ab29-25509c70fdf9,182,Brittney Sykes,brittneysykes,TOR,points,20.5,-102.0,-128.0,10,10,2025-05-21 14:56:13+00:00,2025-05-21 14:56:13+00:00,2025-05-21 14:56:13+00:00,2025-05-22 02:00:00+00:00,0.0,2025-05-21,2025,REG,GSV,WAS,1.0663540038214347,True,,0.47082505196940394,401736124,2988756,16,129689,0,True,False,matched,30.0,2025-05-21,under,0.2631037170257369,1.78125,-1.0,1.0,False,False,False
2158,a473ba19-3b2b-4bfe-b990-96e20596ddd0,83,Monique Billings,moniquebillings,IND,rebounds,7.5,-120.0,-120.0,49,49,2025-05-21 16:29:47+00:00,2025-05-21 16:29:47+00:00,2025-05-21 16:29:47+00:00,2025-05-22 02:00:00+00:00,0.0,2025-05-21,2025,REG,GSV,WAS,1.0909090909090908,True,,0.5,401736124,3142255,129689,16,1,True,False,matched,3.0,2025-05-21,under,0.5762733041693116,1.8333333333333335,0.8333333333333335,1.0,False,False,False
2158,92aea57f-0390-4b23-bc2d-0a52788c387e,149,Sug Sutton,sugsutton,DAL,points,7.5,-115.0,-115.0,49,49,2025-05-21 18:35:07+00:00,2025-05-21 18:35:07+00:00,2025-05-21 18:35:07+00:00,2025-05-22 02:00:00+00:00,0.0,2025-05-21,2025,REG,GSV,WAS,1.0697674418604652,True,,0.5,401736124,4068159,16,129689,0,True,False,matched,0.0,2025-05-21,under,0.42538316501521933,1.8695652173913042,0.8695652173913042,1.0,False,False,False
2157,51664502-58cb-45bd-b8c3-717042f4a52d,61,Maddy Siegrist,maddysiegrist,DAL,points,9.5,-110.0,-120.0,19,19,2025-05-21 18:48:09+00:00,2025-05-21 18:48:09+00:00,2025-05-21 18:48:09+00:00,2025-05-22 00:00:00+00:00,0.0,2025-05-21,2025,REG,MIN,DAL,1.0692640692640691,True,,0.4887959885212434,401736123,4399415,3,8,0,True,False,matched,7.0,2025-05-21,under,0.2187967632134778,1.8333333333333335,0.8333333333333335,1.0,False,False,False
2159,902e4af9-4279-4e80-b92d-394ebef08fe9,54,Satou Sabally,satousabally,NYL,threes,2.5,-162.0,122.0,10,10,2025-05-21 19:05:18+00:00,2025-05-21 19:05:18+00:00,2025-05-21 19:05:18+00:00,2025-05-22 02:00:00+00:00,0.0,2025-05-21,2025,REG,PHX,LAS,1.0687710611374732,True,,0.5868918088955871,401736125,4281929,11,6,1,True,False,matched,1.0,2025-05-21,under,0.47721874693210425,2.2199999999999998,1.2199999999999998,1.0,False,False,False
2159,abadf839-e6cf-4731-9a87-05bf91219945,101,Kelsey Plum,kelseyplum,LAS,assists,5.5,-102.0,-130.0,10,10,2025-05-21 19:05:18+00:00,2025-05-21 19:05:18+00:00,2025-05-21 19:05:18+00:00,2025-05-22 02:00:00+00:00,0.0,2025-05-21,2025,REG,PHX,LAS,1.0701678863538528,True,,0.46878765056355093,401736125,3065570,6,11,0,True,False,matched,6.0,2025-05-21,under,0.4517774957417436,1.7692307692307692,-1.0,1.0,False,False,False
2159,99d02b5e-f8af-4e63-b4c1-10f36091565e,40,Alyssa Thomas,alyssathomas,PHO,rebounds,8.5,-140.0,106.0,10,10,2025-05-21 19:05:18+00:00,2025-05-21 19:05:18+00:00,2025-05-21 19:05:18+00:00,2025-05-22 02:00:00+00:00,0.0,2025-05-21,2025,REG,PHX,LAS,1.0687702265372168,True,,0.5506638564937638,401736125,2529140,11,6,1,True,False,matched,5.0,2025-05-21,under,0.4057960844487836,2.06,1.06,1.0,False,False,False
2159,2c52a16c-8022-4943-9e92-19052b75ca00,82,Azura Stevens,azurastevens,CHI,points,13.5,100.0,-130.0,10,10,2025-05-21 19:05:18+00:00,2025-05-21 19:05:18+00:00,2025-05-21 19:05:18+00:00,2025-05-22 02:00:00+00:00,0.0,2025-05-21,2025,REG,PHX,LAS,1.065217391304348,True,,0.4663164946059025,401736125,3142010,6,11,0,True,False,matched,23.0,2025-05-21,under,0.207605547321003,1.7692307692307692,-1.0,1.0,False,False,False
2159,dfedd11f-f7db-4c60-8966-d5c3b05e850c,89,Dearica Hamby,dearicahamby,LAS,points,16.5,-128.0,-102.0,10,10,2025-05-21 19:05:18+00:00,2025-05-21 19:05:18+00:00,2025-05-21 19:05:18+00:00,2025-05-22 02:00:00+00:00,0.0,2025-05-21,2025,REG,PHX,LAS,1.0663540038214347,True,,0.5291749480305961,401736125,2566106,6,11,0,True,False,matched,15.0,2025-05-21,under,0.19264901121160583,1.9803921568627452,0.9803921568627452,1.0,False,False,False
2159,71ad9735-59ec-4f93-92bb-4f09827e0829,177,Sami Whitcomb,samiwhitcomb,PHO,points,8.5,100.0,-130.0,13,13,2025-05-21 19:05:52+00:00,2025-05-21 19:05:52+00:00,2025-05-21 19:05:52+00:00,2025-05-22 02:00:00+00:00,0.0,2025-05-21,2025,REG,PHX,LAS,1.065217391304348,True,,0.4663164946059025,401736125,887,11,6,1,True,False,matched,6.0,2025-05-21,under,0.3683233184138047,1.7692307692307692,0.7692307692307692,1.0,False,False,False
2159,985b862b-2e8a-47ee-8f34-bdd82c91c824,94,Rickea Jackson,rickeajackson,CHI,threes,1.5,-120.0,-120.0,49,49,2025-05-21 19:08:53+00:00,2025-05-21 19:08:53+00:00,2025-05-21 19:08:53+00:00,2025-05-22 02:00:00+00:00,0.0,2025-05-21,2025,REG,PHX,LAS,1.0909090909090908,True,,0.5,401736125,4433630,6,11,0,True,True,did_not_play,,2025-05-21,under,0.17263815476222655,1.8333333333333335,0.0,0.0,False,True,False
2160,ee925907-bd0d-4a71-a058-bf9ae5e77798,71,Aliyah Boston,aliyahboston,IND,assists,3.5,-136.0,102.0,10,10,2025-05-21 19:24:07+00:00,2025-05-21 19:24:07+00:00,2025-05-21 19:24:07+00:00,2025-05-22 23:30:00+00:00,0.0,2025-05-22,2025,REG,ATL,IND,1.071320691391173,True,,0.5420932924427202,401736126,4432831,5,20,0,True,False,matched,3.0,2025-05-22,under,0.23940737866753775,2.02,1.02,1.0,False,False,False
2160,974a869e-d9a8-49f0-90a3-89a27d583e2d,70,Kelsey Mitchell,kelseymitchell,IND,threes,2.5,158.0,-215.0,10,10,2025-05-21 19:24:08+00:00,2025-05-21 19:24:08+00:00,2025-05-21 19:24:08+00:00,2025-05-22 23:30:00+00:00,0.0,2025-05-22,2025,REG,ATL,IND,1.0701365817644888,True,,0.347126998954303,401736126,3142191,5,20,0,True,False,matched,1.0,2025-05-22,over,0.07340475735822394,2.58,-1.0,1.0,False,False,False
2160,fdd19c18-15a4-4b1c-8dde-9e094e0a146e,1,Allisha Gray,allishagray,ATL,assists,4.5,-102.0,-130.0,10,10,2025-05-21 20:19:03+00:00,2025-05-21 20:19:03+00:00,2025-05-21 20:19:03+00:00,2025-05-22 23:30:00+00:00,0.0,2025-05-22,2025,REG,ATL,IND,1.0701678863538528,True,,0.46878765056355093,401736126,3058901,20,5,1,True,False,matched,2.0,2025-05-22,under,0.23666370534335673,1.7692307692307692,0.7692307692307692,1.0,False,False,False
2160,e528e07a-d3e9-4f23-bda8-a27ce9772646,49,Brionna Jones,brionnajones,ATL,points,14.5,-120.0,-108.0,10,10,2025-05-21 20:19:03+00:00,2025-05-21 20:19:03+00:00,2025-05-21 20:19:03+00:00,2025-05-22 23:30:00+00:00,0.0,2025-05-22,2025,REG,ATL,IND,1.0646853146853146,True,,0.5135396953663074,401736126,3058895,20,5,1,True,False,matched,15.0,2025-05-22,under,0.1531855608785832,1.925925925925926,-1.0,1.0,False,False,False
2160,ea43b240-561a-4ff6-b823-74aa3590badb,15,Rhyne Howard,rhynehoward,ATL,threes,3.5,104.0,-138.0,10,10,2025-05-21 20:19:03+00:00,2025-05-21 20:19:03+00:00,2025-05-21 20:19:03+00:00,2025-05-22 23:30:00+00:00,0.0,2025-05-22,2025,REG,ATL,IND,1.0700280112044818,True,,0.4535791638529251,401736126,4398674,20,5,1,True,False,matched,3.0,2025-05-22,under,0.11934172969380463,1.7246376811594204,0.7246376811594204,1.0,False,False,False
2160,d7b305b8-68a7-4974-94d9-8b79047b1bfe,56,Natasha Howard,natashahoward,MIN,threes,0.5,145.0,-180.0,24,24,2025-05-22 06:08:57+00:00,2025-05-22 06:08:57+00:00,2025-05-22 06:08:57+00:00,2025-05-22 23:30:00+00:00,0.0,2025-05-22,2025,REG,ATL,IND,1.0510204081632653,True,,0.37967339061397504,401736126,2529130,5,20,0,True,False,matched,1.0,2025-05-22,under,0.09543905659619578,1.5555555555555556,-1.0,1.0,False,False,False
2161,58745c6f-6ca7-40fa-9455-fcab920c5ada,26,Angel Reese,angelreese,ATL,assists,2.5,-110.0,-120.0,24,24,2025-05-22 06:36:51+00:00,2025-05-22 06:36:51+00:00,2025-05-22 06:36:51+00:00,2025-05-23 00:00:00+00:00,0.0,2025-05-22,2025,REG,CHI,NYL,1.0692640692640691,True,,0.4887959885212434,401736127,4433402,19,9,1,True,False,matched,1.0,2025-05-22,under,0.31955897025572816,1.8333333333333335,0.8333333333333335,1.0,False,False,False
2161,e65b107a-4d9f-4347-9f3c-1ea278c88fda,185,Ariel Atkins,arielatkins,LAS,assists,3.5,140.0,-170.0,24,24,2025-05-22 06:36:51+00:00,2025-05-22 06:36:51+00:00,2025-05-22 06:36:51+00:00,2025-05-23 00:00:00+00:00,0.0,2025-05-22,2025,REG,CHI,NYL,1.0462962962962963,True,,0.3910947128467968,401736127,3146151,19,9,1,True,False,matched,1.0,2025-05-22,under,0.21192258659213606,1.5882352941176472,0.5882352941176472,1.0,False,False,False
2161,44147211-44a1-4dce-87d7-f678714e10f6,132,Sabrina Ionescu,sabrinaionescu,NYL,assists,5.5,-140.0,110.0,24,24,2025-05-22 06:36:52+00:00,2025-05-22 06:36:52+00:00,2025-05-22 06:36:52+00:00,2025-05-23 00:00:00+00:00,0.0,2025-05-22,2025,REG,CHI,NYL,1.0595238095238093,True,,0.555167954788897,401736127,4066533,9,19,0,True,False,matched,5.0,2025-05-22,under,0.1935606004187811,2.1,1.1,1.0,False,False,False
2161,4531817b-389e-4291-b447-5119c369952b,137,Breanna Stewart,breannastewart,NYL,threes,1.5,125.0,-155.0,24,24,2025-05-22 06:36:52+00:00,2025-05-22 06:36:52+00:00,2025-05-22 06:36:52+00:00,2025-05-23 00:00:00+00:00,0.0,2025-05-22,2025,REG,CHI,NYL,1.0522875816993464,True,,0.4161844529605166,401736127,2998928,9,19,0,True,False,matched,2.0,2025-05-22,under,0.11939579985141452,1.6451612903225805,-1.0,1.0,False,False,False
2161,40dd554c-6d2f-4f7d-9746-fd6f1afebcc6,30,Kamilla Cardoso,kamillacardoso,CHI,rebounds,8.5,-115.0,-120.0,33,33,2025-05-22 11:20:01+00:00,2025-05-22 11:20:01+00:00,2025-05-22 11:20:01+00:00,2025-05-23 00:00:00+00:00,0.0,2025-05-22,2025,REG,CHI,NYL,1.080338266384778,True,,0.4944937749375121,401736127,4433405,19,9,1,True,False,matched,4.0,2025-05-22,under,0.20067302643307022,1.8333333333333335,0.8333333333333335,1.0,False,False,False
2161,41a06ffa-0b1f-4892-b5e2-e5d6787fe106,145,Courtney Vandersloot,courtneyvandersloot,CHI,rebounds,3.5,-125.0,-115.0,49,49,2025-05-22 13:25:17+00:00,2025-05-22 13:25:17+00:00,2025-05-22 13:25:17+00:00,2025-05-23 00:00:00+00:00,0.0,2025-05-22,2025,REG,CHI,NYL,1.0904392764857882,True,,0.5108317091649132,401736127,981,19,9,1,True,False,matched,2.0,2025-05-22,under,0.39209411313248865,1.8695652173913042,0.8695652173913042,1.0,False,False,False
2161,b5091621-4ca2-47b8-9ae1-5902e5ab046c,147,Leonie Fiebich,leoniefiebich,NYL,points,7.5,-105.0,-125.0,49,49,2025-05-22 13:25:17+00:00,2025-05-22 13:25:17+00:00,2025-05-22 13:25:17+00:00,2025-05-23 00:00:00+00:00,0.0,2025-05-22,2025,REG,CHI,NYL,1.067750677506775,True,,0.47757418034290006,401736127,4683006,9,19,0,True,False,matched,7.0,2025-05-22,over,0.07332023384567155,1.9523809523809523,-1.0,1.0,False,False,False
2161,e3a099fa-40f4-443b-9cd7-9014ff38bf9d,141,Jonquel Jones,jonqueljones,NYL,rebounds,9.5,-110.0,-125.0,33,33,2025-05-22 15:20:20+00:00,2025-05-22 15:20:20+00:00,2025-05-22 15:20:20+00:00,2025-05-23 00:00:00+00:00,0.0,2025-05-22,2025,REG,CHI,NYL,1.0793650793650795,True,,0.48347295800639944,401736127,2999101,9,19,0,True,False,matched,7.0,2025-05-22,under,0.25425513312183506,1.8,0.8,1.0,False,False,False
2162,6240fab9-2f66-473d-a43a-3a4bbc073b75,22,Marina Mabrey,marinamabrey,TOR,points,15.5,-120.0,-108.0,10,10,2025-05-22 20:11:18+00:00,2025-05-22 20:11:18+00:00,2025-05-22 20:11:18+00:00,2025-05-23 23:30:00+00:00,0.0,2025-05-23,2025,REG,MIN,CON,1.0646853146853146,True,,0.5135396953663074,401736128,3904576,18,8,0,True,False,matched,22.0,2025-05-23,under,0.39578934806176264,1.925925925925926,-1.0,1.0,False,False,False
2162,1ed31576-b691-4202-9bc8-5c6e72d61509,112,Napheesa Collier,napheesacollier,MIN,points,24.5,-122.0,-106.0,10,10,2025-05-22 20:11:18+00:00,2025-05-22 20:11:18+00:00,2025-05-22 20:11:18+00:00,2025-05-23 23:30:00+00:00,0.0,2025-05-23,2025,REG,MIN,CON,1.064112656345666,True,,0.518058368553134,401736128,3917450,8,18,1,True,False,matched,33.0,2025-05-23,under,0.2382150508044641,1.9433962264150944,-1.0,1.0,False,False,False
2162,320ebb18-150f-4c25-b645-f02e152d069b,9,Tina Charles,tinacharles,FA,points,18.5,100.0,-130.0,10,10,2025-05-22 20:11:18+00:00,2025-05-22 20:11:18+00:00,2025-05-22 20:11:18+00:00,2025-05-23 23:30:00+00:00,0.0,2025-05-23,2025,REG,MIN,CON,1.065217391304348,True,,0.4663164946059025,401736128,918,18,8,0,True,False,matched,4.0,2025-05-23,under,0.23634950915695108,1.7692307692307692,0.7692307692307692,1.0,False,False,False
2162,59678695-d3e0-4ad5-b045-e70a399356a0,121,Alanna Smith,alannasmith,DAL,threes,1.5,-114.0,-114.0,10,10,2025-05-22 20:11:18+00:00,2025-05-22 20:11:18+00:00,2025-05-22 20:11:18+00:00,2025-05-23 23:30:00+00:00,0.0,2025-05-23,2025,REG,MIN,CON,1.0654205607476634,True,,0.5000000000000001,401736128,3913881,8,18,1,True,False,matched,0.0,2025-05-23,under,0.22265904734356873,1.8771929824561404,0.8771929824561404,1.0,False,False,False
2162,27ff3ca5-e576-4cd5-9029-147018fc250c,117,Courtney Williams,courtneywilliams,MIN,assists,7.5,108.0,-144.0,10,10,2025-05-22 20:11:18+00:00,2025-05-22 20:11:18+00:00,2025-05-22 20:11:18+00:00,2025-05-23 23:30:00+00:00,0.0,2025-05-23,2025,REG,MIN,CON,1.0709331651954601,True,,0.4433154794603006,401736128,2987891,8,18,1,True,False,matched,3.0,2025-05-23,under,0.10982696991171115,1.6944444444444444,0.6944444444444444,1.0,False,False,False
2160,b720cbe1-d5b1-4edb-bd57-325625f852fa,45,DeWanna Bonner,dewannabonner,PHO,points,7.5,-130.0,100.0,49,49,2025-05-22 20:25:22+00:00,2025-05-22 20:25:22+00:00,2025-05-22 20:25:22+00:00,2025-05-22 23:30:00+00:00,0.0,2025-05-22,2025,REG,ATL,IND,1.065217391304348,True,,0.5336835053940976,401736126,869,5,20,0,True,False,matched,1.0,2025-05-22,over,0.0848684337663862,1.7692307692307692,-1.0,1.0,False,False,False
2165,a2696d00-fbef-4f80-9b88-258a1ee40748,103,A'ja Wilson,ajawilson,LVA,assists,3.5,-125.0,-106.0,10,10,2025-05-23 04:59:00+00:00,2025-05-23 04:59:00+00:00,2025-05-23 04:59:00+00:00,2025-05-24 02:00:00+00:00,0.0,2025-05-23,2025,REG,LVA,WAS,1.070118662351672,True,,0.5212291071384377,401736129,3149391,17,16,1,True,False,matched,5.0,2025-05-23,under,0.4652400282389801,1.9433962264150944,-1.0,1.0,False,False,False
2165,5f03b1dd-8d30-4a37-99ed-71d52b1b8b79,107,Chelsea Gray,chelseagray,LVA,points,12.5,-114.0,-114.0,10,10,2025-05-23 04:59:00+00:00,2025-05-23 04:59:00+00:00,2025-05-23 04:59:00+00:00,2025-05-24 02:00:00+00:00,0.0,2025-05-23,2025,REG,LVA,WAS,1.0654205607476634,True,,0.5000000000000001,401736129,2529122,17,16,1,True,False,matched,17.0,2025-05-23,under,0.2873519778480163,1.8771929824561404,-1.0,1.0,False,False,False
2165,3a13cd38-b86d-41a4-b1f8-2b4e7dc0b003,102,Jackie Young,jackieyoung,LVA,assists,4.5,-114.0,-114.0,10,10,2025-05-23 04:59:00+00:00,2025-05-23 04:59:00+00:00,2025-05-23 04:59:00+00:00,2025-05-24 02:00:00+00:00,0.0,2025-05-23,2025,REG,LVA,WAS,1.0654205607476634,True,,0.5000000000000001,401736129,4065870,17,16,1,True,False,matched,3.0,2025-05-23,under,0.19400599351225412,1.8771929824561404,0.8771929824561404,1.0,False,False,False
2165,f3be4019-9f67-495d-b9dc-3bd8c457a805,166,Jewell Loyd,jewellloyd,LVA,threes,1.5,-188.0,140.0,10,10,2025-05-23 04:59:00+00:00,2025-05-23 04:59:00+00:00,2025-05-23 04:59:00+00:00,2025-05-24 02:00:00+00:00,0.0,2025-05-23,2025,REG,LVA,WAS,1.0694444444444444,True,,0.6222928210344938,401736129,2987869,17,16,1,True,False,matched,2.0,2025-05-23,under,0.18903041328288728,2.4,-1.0,1.0,False,False,False
2164,4aa6abb4-f887-496d-9493-bf98ebfef303,139,Kayla Thornton,kaylathornton,GSV,points,15.5,-102.0,-128.0,10,10,2025-05-23 05:41:02+00:00,2025-05-23 05:41:02+00:00,2025-05-23 05:41:02+00:00,2025-05-24 02:00:00+00:00,0.0,2025-05-23,2025,REG,LAS,GSV,1.0663540038214347,True,,0.47082505196940394,401736130,2529622,129689,6,0,True,False,matched,14.0,2025-05-23,under,0.7109172221306754,1.78125,0.78125,1.0,False,False,False
2164,bbbd0a9e-d781-494b-b0ea-4c0856aea89f,101,Kelsey Plum,kelseyplum,LAS,assists,5.5,-140.0,106.0,10,10,2025-05-23 05:41:02+00:00,2025-05-23 05:41:02+00:00,2025-05-23 05:41:02+00:00,2025-05-24 02:00:00+00:00,0.0,2025-05-23,2025,REG,LAS,GSV,1.0687702265372168,True,,0.5506638564937638,401736130,3065570,6,129689,1,True,False,matched,3.0,2025-05-23,under,0.522818914391592,2.06,1.06,1.0,False,False,False
2164,0aaaf5d1-3843-49a0-a7ff-e1d81835976a,82,Azura Stevens,azurastevens,CHI,threes,1.5,-136.0,102.0,10,10,2025-05-23 05:41:02+00:00,2025-05-23 05:41:02+00:00,2025-05-23 05:41:02+00:00,2025-05-24 02:00:00+00:00,0.0,2025-05-23,2025,REG,LAS,GSV,1.071320691391173,True,,0.5420932924427202,401736130,3142010,6,129689,1,True,False,matched,0.0,2025-05-23,under,0.2569970595206949,2.02,1.02,1.0,False,False,False
2164,0ed3e092-eeec-4bce-8816-0167cc850b84,72,Temi Fagbenle,temifagbenle,TOR,rebounds,5.5,-125.0,-106.0,10,10,2025-05-23 05:41:02+00:00,2025-05-23 05:41:02+00:00,2025-05-23 05:41:02+00:00,2025-05-24 02:00:00+00:00,0.0,2025-05-23,2025,REG,LAS,GSV,1.070118662351672,True,,0.5212291071384377,401736130,2569044,129689,6,0,True,False,matched,6.0,2025-05-23,under,0.23489834571849,1.9433962264150944,-1.0,1.0,False,False,False
2164,6bc9c24d-7375-434c-8713-1572e6e19c84,89,Dearica Hamby,dearicahamby,LAS,rebounds,9.5,102.0,-136.0,10,10,2025-05-23 05:41:02+00:00,2025-05-23 05:41:02+00:00,2025-05-23 05:41:02+00:00,2025-05-24 02:00:00+00:00,0.0,2025-05-23,2025,REG,LAS,GSV,1.071320691391173,True,,0.4579067075572801,401736130,2566106,6,129689,1,True,False,matched,6.0,2025-05-23,under,0.16246655558023632,1.7352941176470589,0.7352941176470589,1.0,False,False,False
2162,ae876376-02de-4a09-9845-b2e3cf0c8b63,128,Bridget Carleton,bridgetcarleton,PDX,threes,1.5,-150.0,120.0,24,24,2025-05-23 09:42:01+00:00,2025-05-23 09:42:01+00:00,2025-05-23 09:42:01+00:00,2025-05-23 23:30:00+00:00,0.0,2025-05-23,2025,REG,MIN,CON,1.0545454545454547,True,,0.5746986093321318,401736128,3906972,8,18,1,True,False,matched,2.0,2025-05-23,under,0.1955844841019816,2.2,-1.0,1.0,False,False,False
2166,8bd75676-5e93-4477-883f-58c28b83ae95,68,Caitlin Clark,caitlinclark,IND,rebounds,5.5,-148.0,112.0,10,10,2025-05-23 15:51:17+00:00,2025-05-23 15:51:17+00:00,2025-05-23 15:51:17+00:00,2025-05-24 17:00:00+00:00,0.0,2025-05-24,2025,REG,IND,NYL,1.0684723067559343,True,,0.5647227530167998,401736132,4433403,5,9,1,True,False,matched,5.0,2025-05-24,under,0.3218745004428132,2.12,1.12,1.0,False,False,False
2163,6bfb11f6-9654-4703-a9cd-ed53ba09d001,54,Satou Sabally,satousabally,NYL,points,21.5,-110.0,-118.0,10,10,2025-05-23 16:00:18+00:00,2025-05-23 16:00:18+00:00,2025-05-23 16:00:18+00:00,2025-05-24 02:00:00+00:00,0.0,2025-05-23,2025,REG,SEA,PHX,1.0650939274792486,True,,0.4909754767731684,401736131,4281929,11,14,0,True,False,matched,15.0,2025-05-23,under,0.29890880231640143,1.847457627118644,0.847457627118644,1.0,False,False,False
2163,7b57d773-049f-4f23-b68b-e5a62c56cf83,176,Ezi Magbegor,ezimagbegor,SEA,rebounds,7.5,-148.0,112.0,10,10,2025-05-23 16:00:18+00:00,2025-05-23 16:00:18+00:00,2025-05-23 16:00:18+00:00,2025-05-24 02:00:00+00:00,0.0,2025-05-23,2025,REG,SEA,PHX,1.0684723067559343,True,,0.5647227530167998,401736131,4420318,14,11,1,True,False,matched,7.0,2025-05-23,under,0.29605170506305983,2.12,1.12,1.0,False,False,False
2163,590f907c-6887-4474-bdf3-5e17f6215d3c,208,Gabby Williams,gabbywilliams,GSV,assists,4.5,-125.0,-106.0,10,10,2025-05-23 16:00:18+00:00,2025-05-23 16:00:18+00:00,2025-05-23 16:00:18+00:00,2025-05-24 02:00:00+00:00,0.0,2025-05-23,2025,REG,SEA,PHX,1.070118662351672,True,,0.5212291071384377,401736131,3142328,14,11,1,True,False,matched,2.0,2025-05-23,under,0.16854288116210575,1.9433962264150944,0.9433962264150944,1.0,False,False,False
2163,4b6cc2f1-49d6-415d-a356-f573f2041ba5,180,Nneka Ogwumike,nnekaogwumike,LAS,points,17.5,-122.0,-106.0,10,10,2025-05-23 16:00:18+00:00,2025-05-23 16:00:18+00:00,2025-05-23 16:00:18+00:00,2025-05-24 02:00:00+00:00,0.0,2025-05-23,2025,REG,SEA,PHX,1.064112656345666,True,,0.518058368553134,401736131,1068,14,11,1,True,False,matched,24.0,2025-05-23,under,0.1650499336115604,1.9433962264150944,-1.0,1.0,False,False,False
2163,1a44aadf-2723-4b23-b285-117182780314,40,Alyssa Thomas,alyssathomas,PHO,rebounds,7.5,-106.0,-125.0,10,10,2025-05-23 16:00:18+00:00,2025-05-23 16:00:18+00:00,2025-05-23 16:00:18+00:00,2025-05-24 02:00:00+00:00,0.0,2025-05-23,2025,REG,SEA,PHX,1.070118662351672,True,,0.4787708928615623,401736131,2529140,11,14,0,True,False,matched,11.0,2025-05-23,under,0.10348658165996272,1.8,-1.0,1.0,False,False,False
2163,617b6fb2-d8ca-46ed-8901-71413a7f31e4,175,Skylar Diggins,skylardiggins,CHI,points,18.5,-110.0,-118.0,10,10,2025-05-23 16:00:19+00:00,2025-05-23 16:00:19+00:00,2025-05-23 16:00:19+00:00,2025-05-24 02:00:00+00:00,0.0,2025-05-23,2025,REG,SEA,PHX,1.0650939274792486,True,,0.4909754767731684,401736131,2491205,14,11,1,True,False,matched,24.0,2025-05-23,under,0.1348602633672606,1.847457627118644,-1.0,1.0,False,False,False
2163,8d0f06e8-7833-443e-a178-d80fa44db8a5,177,Sami Whitcomb,samiwhitcomb,PHO,threes,1.5,-115.0,-115.0,24,24,2025-05-23 16:06:05+00:00,2025-05-23 16:06:05+00:00,2025-05-23 16:06:05+00:00,2025-05-24 02:00:00+00:00,0.0,2025-05-23,2025,REG,SEA,PHX,1.0697674418604652,True,,0.5,401736131,887,11,14,0,True,False,matched,1.0,2025-05-23,under,0.16223656722738033,1.8695652173913042,0.8695652173913042,1.0,False,False,False
2165,a7b38d28-5297-44f7-91b5-dc74cc525e67,170,Jade Melbourne,jademelbourne,SEA,points,8.5,-115.0,-120.0,33,33,2025-05-23 17:58:08+00:00,2025-05-23 17:58:08+00:00,2025-05-23 17:58:08+00:00,2025-05-24 02:00:00+00:00,0.0,2025-05-23,2025,REG,LVA,WAS,1.080338266384778,True,,0.4944937749375121,401736129,5017726,16,17,0,True,False,matched,14.0,2025-05-23,under,0.23632568598624148,1.8333333333333335,-1.0,1.0,False,False,False
2166,39fa2be8-ff33-4ded-9068-3716bb9dcc5c,141,Jonquel Jones,jonqueljones,NYL,rebounds,8.5,-146.0,110.0,10,10,2025-05-23 19:18:43+00:00,2025-05-23 19:18:43+00:00,2025-05-23 19:18:43+00:00,2025-05-24 17:00:00+00:00,0.0,2025-05-24,2025,REG,IND,NYL,1.0696864111498257,True,,0.5607420039050215,401736132,2999101,9,5,0,True,False,matched,12.0,2025-05-24,under,0.3074861411592546,2.1,-1.0,1.0,False,False,False
2166,40fcbb88-66d7-4890-b386-e38d287849ee,71,Aliyah Boston,aliyahboston,IND,points,15.5,-102.0,-128.0,10,10,2025-05-23 19:18:43+00:00,2025-05-23 19:18:43+00:00,2025-05-23 19:18:43+00:00,2025-05-24 17:00:00+00:00,0.0,2025-05-24,2025,REG,IND,NYL,1.0663540038214347,True,,0.47082505196940394,401736132,4432831,5,9,1,True,False,matched,27.0,2025-05-24,under,0.18427702630473947,1.78125,-1.0,1.0,False,False,False
2166,735dd7df-6f7f-4a0f-9a6d-5b491d4e6e03,132,Sabrina Ionescu,sabrinaionescu,NYL,points,16.5,-108.0,-120.0,10,10,2025-05-23 19:18:43+00:00,2025-05-23 19:18:43+00:00,2025-05-23 19:18:43+00:00,2025-05-24 17:00:00+00:00,0.0,2025-05-24,2025,REG,IND,NYL,1.0646853146853146,True,,0.48646030463369283,401736132,4066533,9,5,0,True,False,matched,23.0,2025-05-24,under,0.17493818488425222,1.8333333333333335,-1.0,1.0,False,False,False
2166,302825f4-84cb-48fd-b53e-276512761d94,163,Natasha Cloud,natashacloud,CHI,rebounds,3.5,-172.0,128.0,10,10,2025-05-23 19:18:43+00:00,2025-05-23 19:18:43+00:00,2025-05-23 19:18:43+00:00,2025-05-24 17:00:00+00:00,0.0,2025-05-24,2025,REG,IND,NYL,1.0709494324045408,True,,0.6004234693007796,401736132,2529137,9,5,0,True,False,matched,7.0,2025-05-24,under,0.1435765585382222,2.2800000000000002,-1.0,1.0,False,False,False
2166,bc52ac2d-6d19-44e0-bfa9-05cd8791ba59,137,Breanna Stewart,breannastewart,NYL,points,20.5,100.0,-130.0,10,10,2025-05-23 19:18:43+00:00,2025-05-23 19:18:43+00:00,2025-05-23 19:18:43+00:00,2025-05-24 17:00:00+00:00,0.0,2025-05-24,2025,REG,IND,NYL,1.065217391304348,True,,0.4663164946059025,401736132,2998928,9,5,0,True,False,matched,16.0,2025-05-24,under,0.09063249991092764,1.7692307692307692,0.7692307692307692,1.0,False,False,False
2167,d8f7fcd0-50fe-4dce-945b-b5f7f7b0e5fb,1,Allisha Gray,allishagray,ATL,threes,3.5,102.0,-136.0,10,10,2025-05-23 20:38:13+00:00,2025-05-23 20:38:13+00:00,2025-05-23 20:38:13+00:00,2025-05-24 19:00:00+00:00,0.0,2025-05-24,2025,REG,ATL,DAL,1.071320691391173,True,,0.4579067075572801,401736133,3058901,20,3,1,True,False,matched,4.0,2025-05-24,under,0.41343659800793353,1.7352941176470589,-1.0,1.0,False,False,False
2167,f1b2f222-5b95-4a8d-b1c1-18cde0375b94,49,Brionna Jones,brionnajones,ATL,rebounds,8.5,-108.0,-122.0,10,10,2025-05-23 20:38:13+00:00,2025-05-23 20:38:13+00:00,2025-05-23 20:38:13+00:00,2025-05-24 19:00:00+00:00,0.0,2025-05-24,2025,REG,ATL,DAL,1.0687803187803186,True,,0.48431040390879443,401736133,3058895,20,3,1,True,False,matched,15.0,2025-05-24,under,0.2703787994040885,1.819672131147541,-1.0,1.0,False,False,False
2167,5229b14f-bb0d-4a74-a54f-f5aa5b6d1c8d,148,Brittney Griner,brittneygriner,CON,points,16.5,-128.0,-102.0,10,10,2025-05-23 20:38:13+00:00,2025-05-23 20:38:13+00:00,2025-05-23 20:38:13+00:00,2025-05-24 19:00:00+00:00,0.0,2025-05-24,2025,REG,ATL,DAL,1.0663540038214347,True,,0.5291749480305961,401736133,2490553,20,3,1,True,False,matched,15.0,2025-05-24,under,0.07681455710013096,1.9803921568627452,0.9803921568627452,1.0,False,False,False
2167,43237413-9f64-4d62-aea2-044b4ccd0a0f,15,Rhyne Howard,rhynehoward,ATL,threes,3.5,100.0,-132.0,10,10,2025-05-23 20:38:14+00:00,2025-05-23 20:38:14+00:00,2025-05-23 20:38:14+00:00,2025-05-24 19:00:00+00:00,0.0,2025-05-24,2025,REG,ATL,DAL,1.0689655172413794,True,,0.46430627616618364,401736133,4398674,20,3,1,True,False,matched,1.0,2025-05-24,under,0.12947382949036407,1.7575757575757576,0.7575757575757576,1.0,False,False,False
2162,26779bb7-9faa-446f-8b02-74b980689922,43,Olivia Nelson-Ododa,olivianelsonododa,CON,points,8.5,105.0,-140.0,33,33,2025-05-23 22:22:16+00:00,2025-05-23 22:22:16+00:00,2025-05-23 22:22:16+00:00,2025-05-23 23:30:00+00:00,0.0,2025-05-23,2025,REG,MIN,CON,1.0711382113821137,True,,0.4504960980130703,401736128,4398966,18,8,0,True,False,matched,10.0,2025-05-23,under,0.41068449116563466,1.7142857142857144,-1.0,1.0,False,False,False
2165,c30dad5c-6e25-486c-aadf-b8efbb9b0f0a,189,Stefanie Dolson,stefaniedolson,SEA,points,7.5,-115.0,-115.0,49,49,2025-05-24 01:58:03+00:00,2025-05-24 01:58:03+00:00,2025-05-24 01:58:03+00:00,2025-05-24 02:00:00+00:00,0.0,2025-05-23,2025,REG,LVA,WAS,1.0697674418604652,True,,0.5,401736129,2529183,16,17,0,True,False,matched,8.0,2025-05-23,under,0.200845984230187,1.8695652173913042,-1.0,1.0,False,False,False
2167,0e5fbfc8-887e-41d3-9437-2ee9698c5c7c,48,DiJonai Carrington,dijonaicarrington,CHI,assists,4.5,130.0,-165.0,19,19,2025-05-24 03:38:40+00:00,2025-05-24 03:38:40+00:00,2025-05-24 03:38:40+00:00,2025-05-24 19:00:00+00:00,0.0,2025-05-24,2025,REG,ATL,DAL,1.0574241181296147,True,,0.40336479341976944,401736133,4066548,3,20,0,True,False,matched,1.0,2025-05-24,under,0.5726476783671924,1.606060606060606,0.606060606060606,1.0,False,False,False
2166,80a9d599-3cea-4c8c-9a38-581af5ab18d3,45,DeWanna Bonner,dewannabonner,PHO,threes,0.5,-140.0,110.0,24,24,2025-05-24 06:16:15+00:00,2025-05-24 06:16:15+00:00,2025-05-24 06:16:15+00:00,2025-05-24 17:00:00+00:00,0.0,2025-05-24,2025,REG,IND,NYL,1.0595238095238093,True,,0.555167954788897,401736132,869,5,9,1,True,False,matched,0.0,2025-05-24,over,0.11632570577695445,1.7142857142857144,-1.0,1.0,False,False,False
2167,27931d7a-f59b-415c-b4e7-5a6cb8b19847,193,Myisha Hines-Allen,myishahinesallen,IND,points,8.5,-115.0,-115.0,49,49,2025-05-24 07:17:39+00:00,2025-05-24 07:17:39+00:00,2025-05-24 07:17:39+00:00,2025-05-24 19:00:00+00:00,0.0,2025-05-24,2025,REG,ATL,DAL,1.0697674418604652,True,,0.5,401736133,3142055,3,20,0,True,False,matched,2.0,2025-05-24,under,0.23502718050366,1.8695652173913042,0.8695652173913042,1.0,False,False,False
2167,c221bc3f-336e-46df-b619-53bf80a3a101,73,NaLyssa Smith,nalyssasmith,LVA,points,8.5,-115.0,-115.0,49,49,2025-05-24 07:17:39+00:00,2025-05-24 07:17:39+00:00,2025-05-24 07:17:39+00:00,2025-05-24 19:00:00+00:00,0.0,2025-05-24,2025,REG,ATL,DAL,1.0697674418604652,True,,0.5,401736133,4398776,3,20,0,True,False,matched,13.0,2025-05-24,under,0.0731790165673381,1.8695652173913042,-1.0,1.0,False,False,False
2168,3fab284e-0bfc-439a-ab75-06d21239197a,49,Brionna Jones,brionnajones,ATL,rebounds,8.5,-104.0,-128.0,10,10,2025-05-25 00:27:18+00:00,2025-05-25 00:27:18+00:00,2025-05-25 00:27:18+00:00,2025-05-25 19:00:00+00:00,0.0,2025-05-25,2025,REG,ATL,CON,1.0712074303405572,True,,0.4732611100971195,401736134,3058895,20,18,1,True,False,matched,9.0,2025-05-25,under,0.2958180233821392,1.78125,-1.0,1.0,False,False,False
2168,7a3af5c2-f163-4830-8b0a-2e4ad01a92fa,1,Allisha Gray,allishagray,ATL,assists,4.5,-104.0,-128.0,10,10,2025-05-25 00:27:19+00:00,2025-05-25 00:27:19+00:00,2025-05-25 00:27:19+00:00,2025-05-25 19:00:00+00:00,0.0,2025-05-25,2025,REG,ATL,CON,1.0712074303405572,True,,0.4732611100971195,401736134,3058901,20,18,1,True,False,matched,3.0,2025-05-25,under,0.3711590092938412,1.78125,0.78125,1.0,False,False,False
2168,c2a03ac4-f077-4f07-a379-9b2fbc97a682,22,Marina Mabrey,marinamabrey,TOR,points,14.5,-118.0,-110.0,10,10,2025-05-25 00:27:19+00:00,2025-05-25 00:27:19+00:00,2025-05-25 00:27:19+00:00,2025-05-25 19:00:00+00:00,0.0,2025-05-25,2025,REG,ATL,CON,1.0650939274792486,True,,0.5090245232268319,401736134,3904576,18,20,0,True,False,matched,12.0,2025-05-25,under,0.1276251358595477,1.9090909090909092,0.9090909090909092,1.0,False,False,False
2168,12296f03-4543-4a89-ba60-44d119c5013d,15,Rhyne Howard,rhynehoward,ATL,assists,4.5,138.0,-186.0,10,10,2025-05-25 00:27:19+00:00,2025-05-25 00:27:19+00:00,2025-05-25 00:27:19+00:00,2025-05-25 19:00:00+00:00,0.0,2025-05-25,2025,REG,ATL,CON,1.070517717576541,True,,0.3807086475713989,401736134,4398674,20,18,1,True,False,matched,2.0,2025-05-25,under,0.11603306543762637,1.5376344086021505,0.5376344086021505,1.0,False,False,False
2168,521ef008-e7d2-492a-a497-e5802cd42361,9,Tina Charles,tinacharles,FA,points,15.5,-104.0,-125.0,10,10,2025-05-25 00:27:19+00:00,2025-05-25 00:27:19+00:00,2025-05-25 00:27:19+00:00,2025-05-25 19:00:00+00:00,0.0,2025-05-25,2025,REG,ATL,CON,1.065359477124183,True,,0.4763687479911608,401736134,918,18,20,0,True,False,matched,11.0,2025-05-25,under,0.09024752350388038,1.8,0.8,1.0,False,False,False
2171,7817668e-7900-4aae-8c87-253572cce42c,145,Courtney Vandersloot,courtneyvandersloot,CHI,assists,5.5,126.0,-168.0,10,10,2025-05-25 00:51:12+00:00,2025-05-25 00:51:12+00:00,2025-05-25 00:51:12+00:00,2025-05-25 22:00:00+00:00,0.0,2025-05-25,2025,REG,LAS,CHI,1.0693435477479856,True,,0.4045224464881516,401736135,981,19,6,0,True,False,matched,2.0,2025-05-25,under,0.32496058729477817,1.5952380952380953,0.5952380952380953,1.0,False,False,False
2171,ca3d92db-b057-4924-b0c2-ea7880b9a585,101,Kelsey Plum,kelseyplum,LAS,points,23.5,-118.0,-110.0,10,10,2025-05-25 00:51:12+00:00,2025-05-25 00:51:12+00:00,2025-05-25 00:51:12+00:00,2025-05-25 22:00:00+00:00,0.0,2025-05-25,2025,REG,LAS,CHI,1.0650939274792486,True,,0.5090245232268319,401736135,3065570,6,19,1,True,False,matched,28.0,2025-05-25,under,0.3005475491394865,1.9090909090909092,-1.0,1.0,False,False,False
2171,83e7e9e7-2db6-4104-942d-6324a1d89e73,82,Azura Stevens,azurastevens,CHI,points,13.5,-122.0,-106.0,10,10,2025-05-25 00:51:12+00:00,2025-05-25 00:51:12+00:00,2025-05-25 00:51:12+00:00,2025-05-25 22:00:00+00:00,0.0,2025-05-25,2025,REG,LAS,CHI,1.064112656345666,True,,0.518058368553134,401736135,3142010,6,19,1,True,False,matched,24.0,2025-05-25,under,0.2626608567178747,1.9433962264150944,-1.0,1.0,False,False,False
2171,b5c40d78-66eb-4c96-a899-31f9cd000676,185,Ariel Atkins,arielatkins,LAS,threes,1.5,138.0,-186.0,10,10,2025-05-25 00:51:12+00:00,2025-05-25 00:51:12+00:00,2025-05-25 00:51:12+00:00,2025-05-25 22:00:00+00:00,0.0,2025-05-25,2025,REG,LAS,CHI,1.070517717576541,True,,0.3807086475713989,401736135,3146151,19,6,0,True,False,matched,0.0,2025-05-25,over,0.2108953081852441,2.38,-1.0,1.0,False,False,False
2171,fcce6b42-dbf5-46e1-a50b-ca48400e6b32,30,Kamilla Cardoso,kamillacardoso,CHI,rebounds,6.5,100.0,-132.0,10,10,2025-05-25 00:51:12+00:00,2025-05-25 00:51:12+00:00,2025-05-25 00:51:12+00:00,2025-05-25 22:00:00+00:00,0.0,2025-05-25,2025,REG,LAS,CHI,1.0689655172413794,True,,0.46430627616618364,401736135,4433405,19,6,0,True,False,matched,6.0,2025-05-25,over,0.053885915494057135,2.0,-1.0,1.0,False,False,False
2171,2ecc7de6-ba1c-49c2-a59a-7c3d2044342b,26,Angel Reese,angelreese,ATL,rebounds,13.5,-108.0,-122.0,10,10,2025-05-25 00:51:12+00:00,2025-05-25 00:51:12+00:00,2025-05-25 00:51:12+00:00,2025-05-25 22:00:00+00:00,0.0,2025-05-25,2025,REG,LAS,CHI,1.0687803187803186,True,,0.48431040390879443,401736135,4433402,19,6,0,True,False,matched,12.0,2025-05-25,under,0.05350593898024203,1.819672131147541,0.819672131147541,1.0,False,False,False
2170,b18bdade-403b-4d1e-abc4-08ed567a595b,54,Satou Sabally,satousabally,NYL,points,21.5,-114.0,-114.0,10,10,2025-05-25 01:08:09+00:00,2025-05-25 01:08:09+00:00,2025-05-25 01:08:09+00:00,2025-05-25 22:00:00+00:00,0.0,2025-05-25,2025,REG,PHX,WAS,1.0654205607476634,True,,0.5000000000000001,401736136,4281929,11,16,1,True,False,matched,12.0,2025-05-25,under,0.26859924992824435,1.8771929824561404,0.8771929824561404,1.0,False,False,False
2170,8ff41579-1a12-4f82-b19a-4adfce4ceba3,40,Alyssa Thomas,alyssathomas,PHO,points,16.5,-106.0,-122.0,10,10,2025-05-25 01:08:10+00:00,2025-05-25 01:08:10+00:00,2025-05-25 01:08:10+00:00,2025-05-25 22:00:00+00:00,0.0,2025-05-25,2025,REG,PHX,WAS,1.064112656345666,True,,0.4819416314468661,401736136,2529140,11,16,1,True,False,matched,11.0,2025-05-25,under,0.24342476584314865,1.819672131147541,0.819672131147541,1.0,False,False,False
2169,27655949-fb6f-4be3-8e8e-3adab8cff5b4,103,A'ja Wilson,ajawilson,LVA,assists,3.5,122.0,-162.0,10,10,2025-05-25 02:34:22+00:00,2025-05-25 02:34:22+00:00,2025-05-25 02:34:22+00:00,2025-05-25 22:00:00+00:00,0.0,2025-05-25,2025,REG,SEA,LVA,1.0687710611374732,True,,0.41310819110441305,401736137,3149391,17,14,0,True,False,matched,4.0,2025-05-25,under,0.11322227509620036,1.617283950617284,-1.0,1.0,False,False,False
2169,52ca0dbe-ced1-4c4b-a79d-6582d8ad03d4,102,Jackie Young,jackieyoung,LVA,points,16.5,-120.0,-108.0,10,10,2025-05-25 02:34:23+00:00,2025-05-25 02:34:23+00:00,2025-05-25 02:34:23+00:00,2025-05-25 22:00:00+00:00,0.0,2025-05-25,2025,REG,SEA,LVA,1.0646853146853146,True,,0.5135396953663074,401736137,4065870,17,14,0,True,False,matched,14.0,2025-05-25,under,0.2892590575140633,1.925925925925926,0.925925925925926,1.0,False,False,False
2169,887d6f1b-045c-41fe-ae9c-4a3a7967a170,166,Jewell Loyd,jewellloyd,LVA,threes,1.5,-198.0,146.0,10,10,2025-05-25 02:34:23+00:00,2025-05-25 02:34:23+00:00,2025-05-25 02:34:23+00:00,2025-05-25 22:00:00+00:00,0.0,2025-05-25,2025,REG,SEA,LVA,1.0709335952419927,True,,0.6337196281856059,401736137,2987869,17,14,0,True,False,matched,3.0,2025-05-25,under,0.20027245709890695,2.46,-1.0,1.0,False,False,False
2169,10f0e23e-2f2e-4020-b8ea-a0638ca009a7,176,Ezi Magbegor,ezimagbegor,SEA,rebounds,7.5,-122.0,-108.0,10,10,2025-05-25 02:34:23+00:00,2025-05-25 02:34:23+00:00,2025-05-25 02:34:23+00:00,2025-05-25 22:00:00+00:00,0.0,2025-05-25,2025,REG,SEA,LVA,1.0687803187803186,True,,0.5156895960912058,401736137,4420318,14,17,1,True,False,matched,7.0,2025-05-25,under,0.16038438001398958,1.925925925925926,0.925925925925926,1.0,False,False,False
2169,5e6c8ff1-99fe-4160-9dc1-b3f85fd82339,180,Nneka Ogwumike,nnekaogwumike,LAS,points,18.5,-104.0,-125.0,10,10,2025-05-25 02:34:23+00:00,2025-05-25 02:34:23+00:00,2025-05-25 02:34:23+00:00,2025-05-25 22:00:00+00:00,0.0,2025-05-25,2025,REG,SEA,LVA,1.065359477124183,True,,0.4763687479911608,401736137,1068,14,17,1,True,False,matched,23.0,2025-05-25,under,0.15198073296161024,1.8,-1.0,1.0,False,False,False
2169,a57e67cb-0f37-4f9d-a7a2-a33f2a684f0d,107,Chelsea Gray,chelseagray,LVA,assists,4.5,108.0,-144.0,10,10,2025-05-25 02:34:23+00:00,2025-05-25 02:34:23+00:00,2025-05-25 02:34:23+00:00,2025-05-25 22:00:00+00:00,0.0,2025-05-25,2025,REG,SEA,LVA,1.0709331651954601,True,,0.4433154794603006,401736137,2529122,17,14,0,True,False,matched,3.0,2025-05-25,over,0.1245115324303645,2.08,-1.0,1.0,False,False,False
2169,8a02ec9e-906d-4ff9-b0f4-bfe50a1be4d6,175,Skylar Diggins,skylardiggins,CHI,points,19.5,104.0,-135.0,10,10,2025-05-25 02:34:23+00:00,2025-05-25 02:34:23+00:00,2025-05-25 02:34:23+00:00,2025-05-25 22:00:00+00:00,0.0,2025-05-25,2025,REG,SEA,LVA,1.0646641635377556,True,,0.45648742045938223,401736137,2491205,14,17,1,True,False,matched,10.0,2025-05-25,under,0.12062163064946846,1.7407407407407407,0.7407407407407407,1.0,False,False,False
2169,056265b0-7cd0-4d33-835a-9a4ed76fdce3,208,Gabby Williams,gabbywilliams,GSV,points,11.5,-120.0,-108.0,10,10,2025-05-25 02:34:23+00:00,2025-05-25 02:34:23+00:00,2025-05-25 02:34:23+00:00,2025-05-25 22:00:00+00:00,0.0,2025-05-25,2025,REG,SEA,LVA,1.0646853146853146,True,,0.5135396953663074,401736137,3142328,14,17,1,True,False,matched,12.0,2025-05-25,under,0.11520884231771572,1.925925925925926,-1.0,1.0,False,False,False
2170,25252480-5857-4a2a-bc59-35a6002ee773,573,Sonia Citron,soniacitron,WAS,threes,1.5,120.0,-150.0,24,24,2025-05-25 07:56:11+00:00,2025-05-25 07:56:11+00:00,2025-05-25 07:56:11+00:00,2025-05-25 22:00:00+00:00,0.0,2025-05-25,2025,REG,PHX,WAS,1.0545454545454547,True,,0.4253013906678685,401736136,4433524,16,11,0,True,False,matched,2.0,2025-05-25,over,0.1340574882089398,2.2,1.2000000000000002,1.0,False,False,False
2168,712c6fa5-48d0-409c-976a-082cbdedf24d,43,Olivia Nelson-Ododa,olivianelsonododa,CON,rebounds,6.5,-110.0,-125.0,33,33,2025-05-25 10:06:07+00:00,2025-05-25 10:06:07+00:00,2025-05-25 10:06:07+00:00,2025-05-25 19:00:00+00:00,0.0,2025-05-25,2025,REG,ATL,CON,1.0793650793650795,True,,0.48347295800639944,401736134,4398966,18,20,0,True,False,matched,5.0,2025-05-25,under,0.50919676728933,1.8,0.8,1.0,False,False,False
2170,6cb4de6a-61f5-49b8-a517-4f2cf8f91322,177,Sami Whitcomb,samiwhitcomb,PHO,points,7.5,100.0,-130.0,49,49,2025-05-25 10:28:23+00:00,2025-05-25 10:28:23+00:00,2025-05-25 10:28:23+00:00,2025-05-25 22:00:00+00:00,0.0,2025-05-25,2025,REG,PHX,WAS,1.065217391304348,True,,0.4663164946059025,401736136,887,11,16,1,True,False,matched,5.0,2025-05-25,under,0.10011149702572664,1.7692307692307692,0.7692307692307692,1.0,False,False,False
2170,ac0c37de-7654-4ea2-b178-311aa3c40422,170,Jade Melbourne,jademelbourne,SEA,points,10.5,120.0,-165.0,33,33,2025-05-25 12:27:53+00:00,2025-05-25 12:27:53+00:00,2025-05-25 12:27:53+00:00,2025-05-25 22:00:00+00:00,0.0,2025-05-25,2025,REG,PHX,WAS,1.077186963979417,True,,0.4125727301166773,401736136,5017726,16,11,0,True,False,matched,6.0,2025-05-25,under,0.09534203769877281,1.606060606060606,0.606060606060606,1.0,False,False,False
2170,9f572260-4760-4cb4-a270-7fae7bbb7c7d,572,Kiki Iriafen,kikiiriafen,WAS,rebounds,10.5,-120.0,-115.0,33,33,2025-05-25 12:27:53+00:00,2025-05-25 12:27:53+00:00,2025-05-25 12:27:53+00:00,2025-05-25 22:00:00+00:00,0.0,2025-05-25,2025,REG,PHX,WAS,1.080338266384778,True,,0.5055062250624879,401736136,4898384,16,11,0,True,False,matched,13.0,2025-05-25,under,0.08903308864719595,1.8695652173913042,-1.0,1.0,False,False,False
2170,6480a7c9-56a1-4c9a-9c16-68153bc2cbd0,182,Brittney Sykes,brittneysykes,TOR,points,18.5,-128.0,-102.0,10,10,2025-05-25 21:26:46+00:00,2025-05-25 21:26:46+00:00,2025-05-25 21:26:46+00:00,2025-05-25 22:00:00+00:00,0.0,2025-05-25,2025,REG,PHX,WAS,1.0663540038214347,True,,0.5291749480305961,401736136,2988756,16,11,0,True,False,matched,10.0,2025-05-25,under,0.2542695292872341,1.9803921568627452,0.9803921568627452,1.0,False,False,False
2172,fb879d15-4905-4bcf-a3ec-c5cac64a3d77,132,Sabrina Ionescu,sabrinaionescu,NYL,rebounds,4.5,130.0,-174.0,10,10,2025-05-26 04:17:20+00:00,2025-05-26 04:17:20+00:00,2025-05-26 04:17:20+00:00,2025-05-27 23:00:00+00:00,0.0,2025-05-27,2025,REG,NYL,GSV,1.069819105046017,True,,0.3962729171732011,401736139,4066533,9,129689,1,True,False,matched,5.0,2025-05-27,over,0.12943483874910755,2.3,1.2999999999999998,1.0,False,False,False
2172,71107fff-dad1-4a74-bc2e-5d54414d3a13,163,Natasha Cloud,natashacloud,CHI,points,13.5,-110.0,-118.0,10,10,2025-05-26 04:17:20+00:00,2025-05-26 04:17:20+00:00,2025-05-26 04:17:20+00:00,2025-05-27 23:00:00+00:00,0.0,2025-05-27,2025,REG,NYL,GSV,1.0650939274792486,True,,0.4909754767731684,401736139,2529137,9,129689,1,True,False,matched,5.0,2025-05-27,under,0.05539492496787579,1.847457627118644,0.847457627118644,1.0,False,False,False
2172,8789a992-39c9-4e73-b907-56ccacf20c6b,139,Kayla Thornton,kaylathornton,GSV,threes,1.5,-200.0,148.0,10,10,2025-05-26 04:17:21+00:00,2025-05-26 04:17:21+00:00,2025-05-26 04:17:21+00:00,2025-05-27 23:00:00+00:00,0.0,2025-05-27,2025,REG,NYL,GSV,1.0698924731182795,True,,0.6365014949541484,401736139,2529622,129689,9,0,True,False,matched,2.0,2025-05-27,under,0.7399069310183791,2.48,-1.0,1.0,False,False,False
2172,db39fcb2-cdc2-4f74-a916-74d291792b7d,72,Temi Fagbenle,temifagbenle,TOR,points,10.5,-122.0,-106.0,10,10,2025-05-26 04:17:21+00:00,2025-05-26 04:17:21+00:00,2025-05-26 04:17:21+00:00,2025-05-27 23:00:00+00:00,0.0,2025-05-27,2025,REG,NYL,GSV,1.064112656345666,True,,0.518058368553134,401736139,2569044,129689,9,0,True,False,matched,11.0,2025-05-27,under,0.4855614693498308,1.9433962264150944,-1.0,1.0,False,False,False
2172,58459077-7df0-4c9e-bc3b-64746eaa7ce9,141,Jonquel Jones,jonqueljones,NYL,rebounds,8.5,-152.0,114.0,10,10,2025-05-26 04:17:21+00:00,2025-05-26 04:17:21+00:00,2025-05-26 04:17:21+00:00,2025-05-27 23:00:00+00:00,0.0,2025-05-27,2025,REG,NYL,GSV,1.0704643228007713,True,,0.5703965275254933,401736139,2999101,9,129689,1,True,False,matched,10.0,2025-05-27,under,0.13062304443132883,2.1399999999999997,-1.0,1.0,False,False,False
2172,bd3c3de2-50d9-4007-991a-d614c7b66d03,137,Breanna Stewart,breannastewart,NYL,points,18.5,-125.0,-104.0,10,10,2025-05-26 04:17:21+00:00,2025-05-26 04:17:21+00:00,2025-05-26 04:17:21+00:00,2025-05-27 23:00:00+00:00,0.0,2025-05-27,2025,REG,NYL,GSV,1.065359477124183,True,,0.5236312520088393,401736139,2998928,9,129689,1,True,False,matched,24.0,2025-05-27,under,0.08803450432115656,1.9615384615384617,-1.0,1.0,False,False,False
2174,1f31573f-b466-426b-a51d-5bb3ce12def0,176,Ezi Magbegor,ezimagbegor,SEA,points,10.5,-120.0,-108.0,10,10,2025-05-26 05:05:11+00:00,2025-05-26 05:05:11+00:00,2025-05-26 05:05:11+00:00,2025-05-28 00:00:00+00:00,0.0,2025-05-27,2025,REG,MIN,SEA,1.0646853146853146,True,,0.5135396953663074,401736140,4420318,14,8,0,True,False,matched,6.0,2025-05-27,under,0.2896741850892309,1.925925925925926,0.925925925925926,1.0,False,False,False
2174,e30d9194-fcf1-46d8-a904-76e3e4bcc420,180,Nneka Ogwumike,nnekaogwumike,LAS,points,19.5,100.0,-130.0,10,10,2025-05-26 05:05:11+00:00,2025-05-26 05:05:11+00:00,2025-05-26 05:05:11+00:00,2025-05-28 00:00:00+00:00,0.0,2025-05-27,2025,REG,MIN,SEA,1.065217391304348,True,,0.4663164946059025,401736140,1068,14,8,0,True,False,matched,11.0,2025-05-27,under,0.21834561569630262,1.7692307692307692,0.7692307692307692,1.0,False,False,False
2174,2b7bd6a5-90a7-4cc5-8f3d-558b7ce3fff6,117,Courtney Williams,courtneywilliams,MIN,points,14.5,102.0,-132.0,10,10,2025-05-26 05:05:11+00:00,2025-05-26 05:05:11+00:00,2025-05-26 05:05:11+00:00,2025-05-28 00:00:00+00:00,0.0,2025-05-27,2025,REG,MIN,SEA,1.0640150221918745,True,,0.4618487426836327,401736140,2987891,8,14,1,True,False,matched,23.0,2025-05-27,under,0.18727356320174554,1.7575757575757576,-1.0,1.0,False,False,False
2174,5a9ad4c0-6a9a-4bf5-b0a8-c946bd9bc58d,112,Napheesa Collier,napheesacollier,MIN,points,24.5,-114.0,-114.0,10,10,2025-05-26 05:05:11+00:00,2025-05-26 05:05:11+00:00,2025-05-26 05:05:11+00:00,2025-05-28 00:00:00+00:00,0.0,2025-05-27,2025,REG,MIN,SEA,1.0654205607476634,True,,0.5000000000000001,401736140,3917450,8,14,1,True,False,matched,16.0,2025-05-27,under,0.16616887335769698,1.8771929824561404,0.8771929824561404,1.0,False,False,False
2174,9cc8de88-7ac3-4e2f-8d73-316a5592c5a4,208,Gabby Williams,gabbywilliams,GSV,assists,3.5,-166.0,124.0,10,10,2025-05-26 05:05:11+00:00,2025-05-26 05:05:11+00:00,2025-05-26 05:05:11+00:00,2025-05-28 00:00:00+00:00,0.0,2025-05-27,2025,REG,MIN,SEA,1.0704887218045114,True,,0.5920365770215091,401736140,3142328,14,8,0,True,False,matched,6.0,2025-05-27,under,0.11869368118732815,2.24,-1.0,1.0,False,False,False
2174,93d2a458-f81d-4e8e-9134-ba360879030a,175,Skylar Diggins,skylardiggins,CHI,points,16.5,-120.0,-108.0,10,10,2025-05-26 05:05:11+00:00,2025-05-26 05:05:11+00:00,2025-05-26 05:05:11+00:00,2025-05-28 00:00:00+00:00,0.0,2025-05-27,2025,REG,MIN,SEA,1.0646853146853146,True,,0.5135396953663074,401736140,2491205,14,8,0,True,False,matched,18.0,2025-05-27,under,0.08723503440848634,1.925925925925926,-1.0,1.0,False,False,False
2173,efedfcc6-9ea4-44b2-907e-79f6f4ff7a7e,63,Arike Ogunbowale,arikeogunbowale,DAL,points,18.5,-114.0,-114.0,10,10,2025-05-26 05:39:40+00:00,2025-05-26 05:39:40+00:00,2025-05-26 05:39:40+00:00,2025-05-27 23:00:00+00:00,0.0,2025-05-27,2025,REG,CON,DAL,1.0654205607476634,True,,0.5000000000000001,401736138,3904577,3,18,0,True,False,matched,19.0,2025-05-27,under,0.19743142883436998,1.8771929824561404,-1.0,1.0,False,False,False
2173,85eb13bc-dc00-4952-b89d-5d699d272f1b,22,Marina Mabrey,marinamabrey,TOR,assists,3.5,-172.0,128.0,10,10,2025-05-26 05:39:40+00:00,2025-05-26 05:39:40+00:00,2025-05-26 05:39:40+00:00,2025-05-27 23:00:00+00:00,0.0,2025-05-27,2025,REG,CON,DAL,1.0709494324045408,True,,0.6004234693007796,401736138,3904576,18,3,1,True,False,matched,1.0,2025-05-27,under,0.13962433085901949,2.2800000000000002,1.2800000000000002,1.0,False,False,False
2173,7f963dc6-30a8-4d27-b4f4-6496cd9b4cb6,9,Tina Charles,tinacharles,FA,rebounds,7.5,100.0,-132.0,10,10,2025-05-26 05:39:40+00:00,2025-05-26 05:39:40+00:00,2025-05-26 05:39:40+00:00,2025-05-27 23:00:00+00:00,0.0,2025-05-27,2025,REG,CON,DAL,1.0689655172413794,True,,0.46430627616618364,401736138,918,18,3,1,True,False,matched,6.0,2025-05-27,over,0.11621930135122738,2.0,-1.0,1.0,False,False,False
2173,a753704f-7839-45f3-8b5b-2a8dc8128271,528,Paige Bueckers,paigebueckers,DAL,assists,6.5,-122.0,-108.0,10,10,2025-05-26 05:39:41+00:00,2025-05-26 05:39:41+00:00,2025-05-26 05:39:41+00:00,2025-05-27 23:00:00+00:00,0.0,2025-05-27,2025,REG,CON,DAL,1.0687803187803186,True,,0.5156895960912058,401736138,4433730,3,18,0,True,False,matched,7.0,2025-05-27,under,0.26783420105965894,1.925925925925926,-1.0,1.0,False,False,False
2176,1d75ffb7-c2ae-4979-85cd-f2d680c8b747,1,Allisha Gray,allishagray,ATL,assists,4.5,-125.0,-105.0,24,24,2025-05-26 11:18:05+00:00,2025-05-26 11:18:05+00:00,2025-05-26 11:18:05+00:00,2025-05-28 02:00:00+00:00,0.0,2025-05-27,2025,REG,LAS,ATL,1.067750677506775,True,,0.5224258196571001,401736141,3058901,20,6,0,True,False,matched,6.0,2025-05-27,under,0.4537985618947196,1.9523809523809523,-1.0,1.0,False,False,False
2176,77512a21-c359-4df1-bf29-8b02103852e3,101,Kelsey Plum,kelseyplum,LAS,assists,5.5,-135.0,105.0,24,24,2025-05-26 11:18:05+00:00,2025-05-26 11:18:05+00:00,2025-05-26 11:18:05+00:00,2025-05-28 02:00:00+00:00,0.0,2025-05-27,2025,REG,LAS,ATL,1.0622729631551635,True,,0.5446886059829622,401736141,3065570,6,20,1,True,False,matched,5.0,2025-05-27,under,0.44649517241344827,2.05,1.0499999999999998,1.0,False,False,False
2176,78e76e57-2c7b-4125-bd60-ed10f37c646f,15,Rhyne Howard,rhynehoward,ATL,assists,4.5,-115.0,-115.0,24,24,2025-05-26 11:18:05+00:00,2025-05-26 11:18:05+00:00,2025-05-26 11:18:05+00:00,2025-05-28 02:00:00+00:00,0.0,2025-05-27,2025,REG,LAS,ATL,1.0697674418604652,True,,0.5,401736141,4398674,20,6,0,True,False,matched,7.0,2025-05-27,under,0.30290174901936867,1.8695652173913042,-1.0,1.0,False,False,False
2175,1a7a3d78-1d34-4046-97f3-0ea668663328,145,Courtney Vandersloot,courtneyvandersloot,CHI,threes,1.5,140.0,-170.0,24,24,2025-05-26 11:18:05+00:00,2025-05-26 11:18:05+00:00,2025-05-26 11:18:05+00:00,2025-05-28 02:00:00+00:00,0.0,2025-05-27,2025,REG,PHX,CHI,1.0462962962962963,True,,0.3910947128467968,401736142,981,19,11,0,True,False,matched,0.0,2025-05-27,under,0.27331291618504716,1.5882352941176472,0.5882352941176472,1.0,False,False,False
2175,ee25957e-c844-41a0-9e06-f50851b9f9d7,40,Alyssa Thomas,alyssathomas,PHO,assists,6.5,-125.0,-105.0,24,24,2025-05-26 11:18:05+00:00,2025-05-26 11:18:05+00:00,2025-05-26 11:18:05+00:00,2025-05-28 02:00:00+00:00,0.0,2025-05-27,2025,REG,PHX,CHI,1.067750677506775,True,,0.5224258196571001,401736142,2529140,11,19,1,True,False,matched,15.0,2025-05-27,over,0.15884545114883797,1.8,0.8,1.0,False,False,False
2176,7c26b900-87b5-483e-9006-9e7fd8533d5f,89,Dearica Hamby,dearicahamby,LAS,assists,2.5,-125.0,-105.0,24,24,2025-05-26 11:18:05+00:00,2025-05-26 11:18:05+00:00,2025-05-26 11:18:05+00:00,2025-05-28 02:00:00+00:00,0.0,2025-05-27,2025,REG,LAS,ATL,1.067750677506775,True,,0.5224258196571001,401736141,2566106,6,20,1,True,False,matched,8.0,2025-05-27,over,0.14738354011644594,1.8,0.8,1.0,False,False,False
2175,14a56cfc-5cae-4114-a0a6-afb4d71fe918,26,Angel Reese,angelreese,ATL,assists,1.5,-115.0,-115.0,24,24,2025-05-26 11:18:05+00:00,2025-05-26 11:18:05+00:00,2025-05-26 11:18:05+00:00,2025-05-28 02:00:00+00:00,0.0,2025-05-27,2025,REG,PHX,CHI,1.0697674418604652,True,,0.5,401736142,4433402,19,11,0,True,False,matched,3.0,2025-05-27,over,0.14114418448089988,1.8695652173913042,0.8695652173913042,1.0,False,False,False
2176,5fc8d9b5-568c-4930-90e2-cab5403c38c2,293,Odyssey Sims,odysseysims,DAL,assists,3.5,-120.0,-110.0,24,24,2025-05-26 11:18:05+00:00,2025-05-26 11:18:05+00:00,2025-05-26 11:18:05+00:00,2025-05-28 02:00:00+00:00,0.0,2025-05-27,2025,REG,LAS,ATL,1.0692640692640691,True,,0.5112040114787568,401736141,2529047,6,20,1,True,False,matched,5.0,2025-05-27,over,0.08878668469979573,1.8333333333333335,0.8333333333333335,1.0,False,False,False
2174,214b4278-c2cc-4f43-bafe-c2396cbd3893,116,Jessica Shepard,jessicashepard,DAL,points,12.5,120.0,-170.0,33,33,2025-05-26 13:59:16+00:00,2025-05-26 13:59:16+00:00,2025-05-26 13:59:16+00:00,2025-05-28 00:00:00+00:00,0.0,2025-05-27,2025,REG,MIN,SEA,1.0841750841750841,True,,0.40856326639475826,401736140,3906949,8,14,1,True,False,matched,4.0,2025-05-27,under,0.31030725227864286,1.5882352941176472,0.5882352941176472,1.0,False,False,False
2173,4d87b11a-4df5-4d6f-b040-bbe85d62586d,61,Maddy Siegrist,maddysiegrist,DAL,points,12.5,110.0,-160.0,33,33,2025-05-26 15:27:07+00:00,2025-05-26 15:27:07+00:00,2025-05-26 15:27:07+00:00,2025-05-27 23:00:00+00:00,0.0,2025-05-27,2025,REG,CON,DAL,1.0915750915750917,True,,0.4269962481828023,401736138,4399415,3,18,0,True,False,matched,12.0,2025-05-27,under,0.31096376603847165,1.625,0.625,1.0,False,False,False
2176,a2b210e7-34cf-42f6-9c68-c326715f2da2,82,Azura Stevens,azurastevens,CHI,points,13.5,-128.0,-102.0,10,10,2025-05-26 17:22:34+00:00,2025-05-26 17:22:34+00:00,2025-05-26 17:22:34+00:00,2025-05-28 02:00:00+00:00,0.0,2025-05-27,2025,REG,LAS,ATL,1.0663540038214347,True,,0.5291749480305961,401736141,3142010,6,20,1,True,False,matched,10.0,2025-05-27,under,0.247927120431905,1.9803921568627452,0.9803921568627452,1.0,False,False,False
2176,948cbbf2-edaa-4099-be1b-caf799c27f58,49,Brionna Jones,brionnajones,ATL,rebounds,10.5,-108.0,-122.0,10,10,2025-05-26 17:36:55+00:00,2025-05-26 17:36:55+00:00,2025-05-26 17:36:55+00:00,2025-05-28 02:00:00+00:00,0.0,2025-05-27,2025,REG,LAS,ATL,1.0687803187803186,True,,0.48431040390879443,401736141,3058895,20,6,0,True,False,matched,2.0,2025-05-27,under,0.5041781486877086,1.819672131147541,0.819672131147541,1.0,False,False,False
2175,1e8d291a-7a0d-42a2-b082-1b5d07fea07b,54,Satou Sabally,satousabally,NYL,points,21.5,-114.0,-114.0,10,10,2025-05-26 17:40:31+00:00,2025-05-26 17:40:31+00:00,2025-05-26 17:40:31+00:00,2025-05-28 02:00:00+00:00,0.0,2025-05-27,2025,REG,PHX,CHI,1.0654205607476634,True,,0.5000000000000001,401736142,4281929,11,19,1,True,False,matched,20.0,2025-05-27,under,0.2462540798505704,1.8771929824561404,0.8771929824561404,1.0,False,False,False
2175,21a5d033-5064-4e22-8518-0d337fe132f5,185,Ariel Atkins,arielatkins,LAS,threes,1.5,152.0,-200.0,10,10,2025-05-26 17:40:31+00:00,2025-05-26 17:40:31+00:00,2025-05-26 17:40:31+00:00,2025-05-28 02:00:00+00:00,0.0,2025-05-27,2025,REG,PHX,CHI,1.0634920634920635,True,,0.36068443721893606,401736142,3146151,19,11,0,True,False,matched,2.0,2025-05-27,over,0.20102260116147452,2.52,1.52,1.0,False,False,False
2172,47a4485c-218d-4dc4-ae66-c4a92fbe85e6,55,Veronica Burton,veronicaburton,GSV,points,11.5,-125.0,-104.0,10,10,2025-05-27 01:22:42+00:00,2025-05-27 01:22:42+00:00,2025-05-27 01:22:42+00:00,2025-05-27 23:00:00+00:00,0.0,2025-05-27,2025,REG,NYL,GSV,1.065359477124183,True,,0.5236312520088393,401736139,4398935,129689,9,0,True,False,matched,13.0,2025-05-27,under,0.59655643766877,1.9615384615384617,-1.0,1.0,False,False,False
2175,80fdcc03-b0fe-4da6-a6dc-e90fafa7a81e,177,Sami Whitcomb,samiwhitcomb,PHO,points,7.5,-115.0,-115.0,19,19,2025-05-27 01:50:21+00:00,2025-05-27 01:50:21+00:00,2025-05-27 01:50:21+00:00,2025-05-28 02:00:00+00:00,0.0,2025-05-27,2025,REG,PHX,CHI,1.0697674418604652,True,,0.5,401736142,887,11,19,1,True,False,matched,3.0,2025-05-27,under,0.0709080243600313,1.8695652173913042,0.8695652173913042,1.0,False,False,False
2174,2b06eed3-419c-4dd0-ba36-cf1170cf866a,121,Alanna Smith,alannasmith,DAL,points,10.5,-125.0,-104.0,10,10,2025-05-27 06:46:30+00:00,2025-05-27 06:46:30+00:00,2025-05-27 06:46:30+00:00,2025-05-28 00:00:00+00:00,0.0,2025-05-27,2025,REG,MIN,SEA,1.065359477124183,True,,0.5236312520088393,401736140,3913881,8,14,1,True,False,matched,16.0,2025-05-27,under,0.49499848730475404,1.9615384615384617,-1.0,1.0,False,False,False
2177,fd290c81-d70a-4379-bf3e-1003a8be229a,68,Caitlin Clark,caitlinclark,IND,assists,9.5,-115.0,-115.0,24,24,2025-05-27 11:45:22+00:00,2025-05-27 11:45:22+00:00,2025-05-27 11:45:22+00:00,2025-05-28 23:30:00+00:00,0.0,2025-05-28,2025,REG,WAS,IND,1.0697674418604652,True,,0.5,401736143,4433403,5,16,0,True,True,did_not_play,,2025-05-28,under,0.1942261566089339,1.8695652173913042,0.0,0.0,False,True,False
2177,cf551c07-403e-4d0d-933e-c1cfeaf71e2e,182,Brittney Sykes,brittneysykes,TOR,assists,4.5,100.0,-130.0,24,24,2025-05-27 11:45:22+00:00,2025-05-27 11:45:22+00:00,2025-05-27 11:45:22+00:00,2025-05-28 23:30:00+00:00,0.0,2025-05-28,2025,REG,WAS,IND,1.065217391304348,True,,0.4663164946059025,401736143,2988756,16,5,1,True,False,matched,4.0,2025-05-28,under,0.11178548073935463,1.7692307692307692,0.7692307692307692,1.0,False,False,False
2177,4e8e24a6-080e-4705-9303-1c8d7773c9a2,573,Sonia Citron,soniacitron,WAS,threes,1.5,-160.0,130.0,24,24,2025-05-27 11:45:22+00:00,2025-05-27 11:45:22+00:00,2025-05-27 11:45:22+00:00,2025-05-28 23:30:00+00:00,0.0,2025-05-28,2025,REG,WAS,IND,1.0501672240802677,True,,0.5925388778127377,401736143,4433524,16,5,1,True,False,matched,0.0,2025-05-28,under,0.09077172205587092,2.3,1.2999999999999998,1.0,False,False,False
2173,10f1ce7f-4e86-4324-bd0a-3147a720ac92,43,Olivia Nelson-Ododa,olivianelsonododa,CON,points,11.5,-110.0,-125.0,33,33,2025-05-27 15:55:28+00:00,2025-05-27 15:55:28+00:00,2025-05-27 15:55:28+00:00,2025-05-27 23:00:00+00:00,0.0,2025-05-27,2025,REG,CON,DAL,1.0793650793650795,True,,0.48347295800639944,401736138,4398966,18,3,1,True,False,matched,6.0,2025-05-27,under,0.4618860273774373,1.8,0.8,1.0,False,False,False
2177,f5a55524-c5e4-44a3-97c4-aec20fe4c680,56,Natasha Howard,natashahoward,MIN,rebounds,7.5,-122.0,-108.0,10,10,2025-05-27 17:58:02+00:00,2025-05-27 17:58:02+00:00,2025-05-27 17:58:02+00:00,2025-05-28 23:30:00+00:00,0.0,2025-05-28,2025,REG,WAS,IND,1.0687803187803186,True,,0.5156895960912058,401736143,2529130,5,16,0,True,False,matched,6.0,2025-05-28,under,0.3811036055325589,1.925925925925926,0.925925925925926,1.0,False,False,False
2177,ea05d855-cc8b-490c-887e-d582f6293d3a,71,Aliyah Boston,aliyahboston,IND,points,17.5,-114.0,-114.0,10,10,2025-05-27 17:58:02+00:00,2025-05-27 17:58:02+00:00,2025-05-27 17:58:02+00:00,2025-05-28 23:30:00+00:00,0.0,2025-05-28,2025,REG,WAS,IND,1.0654205607476634,True,,0.5000000000000001,401736143,4432831,5,16,0,True,False,matched,10.0,2025-05-28,under,0.22613875843200298,1.8771929824561404,0.8771929824561404,1.0,False,False,False
2177,6bb6aacf-dfce-46a5-91fb-9facd8604671,70,Kelsey Mitchell,kelseymitchell,IND,points,18.5,100.0,-130.0,10,10,2025-05-27 17:58:03+00:00,2025-05-27 17:58:03+00:00,2025-05-27 17:58:03+00:00,2025-05-28 23:30:00+00:00,0.0,2025-05-28,2025,REG,WAS,IND,1.065217391304348,True,,0.4663164946059025,401736143,3142191,5,16,0,True,False,matched,14.0,2025-05-28,under,0.06306984563897777,1.7692307692307692,0.7692307692307692,1.0,False,False,False
2177,89458e3c-97bc-477f-9a0f-cdefcff8f275,76,Lexie Hull,lexiehull,IND,points,9.5,-128.0,-102.0,10,10,2025-05-28 06:00:18+00:00,2025-05-28 06:00:18+00:00,2025-05-28 06:00:18+00:00,2025-05-28 23:30:00+00:00,0.0,2025-05-28,2025,REG,WAS,IND,1.0663540038214347,True,,0.5291749480305961,401736143,4398829,5,16,0,True,False,matched,9.0,2025-05-28,under,0.4720475840765665,1.9803921568627452,0.9803921568627452,1.0,False,False,False
2177,55a6f91c-1f3b-401d-9ec3-d134060b7cf3,156,Sophie Cunningham,sophiecunningham,IND,threes,1.5,-158.0,118.0,10,10,2025-05-28 06:00:18+00:00,2025-05-28 06:00:18+00:00,2025-05-28 06:00:18+00:00,2025-05-28 23:30:00+00:00,0.0,2025-05-28,2025,REG,WAS,IND,1.0711186971054691,True,,0.5796527091990534,401736143,3907781,5,16,0,True,False,matched,0.0,2025-05-28,under,0.2826342244446895,2.1799999999999997,1.1799999999999997,1.0,False,False,False
2178,6388d65d-bbec-4b67-ac70-41e5259a0760,139,Kayla Thornton,kaylathornton,GSV,threes,1.5,-154.0,116.0,10,10,2025-05-28 16:48:07+00:00,2025-05-28 16:48:07+00:00,2025-05-28 16:48:07+00:00,2025-05-29 23:00:00+00:00,0.0,2025-05-29,2025,REG,NYL,GSV,1.0692621755613883,True,,0.574207987656796,401736144,2529622,129689,9,0,True,False,matched,0.0,2025-05-29,under,0.48892642883059845,2.16,1.1600000000000001,1.0,False,False,False
2178,011e2f19-074b-40d5-88fd-d4abfcfea1d1,132,Sabrina Ionescu,sabrinaionescu,NYL,assists,4.5,116.0,-154.0,10,10,2025-05-28 16:48:07+00:00,2025-05-28 16:48:07+00:00,2025-05-28 16:48:07+00:00,2025-05-29 23:00:00+00:00,0.0,2025-05-29,2025,REG,NYL,GSV,1.0692621755613883,True,,0.425792012343204,401736144,4066533,9,129689,1,True,False,matched,4.0,2025-05-29,over,0.22297938365855435,2.16,-1.0,1.0,False,False,False
2178,a7330933-b0ed-4dc3-8663-b7f8ec073bda,163,Natasha Cloud,natashacloud,CHI,threes,1.5,164.0,-225.0,10,10,2025-05-28 16:48:07+00:00,2025-05-28 16:48:07+00:00,2025-05-28 16:48:07+00:00,2025-05-29 23:00:00+00:00,0.0,2025-05-29,2025,REG,NYL,GSV,1.0710955710955712,True,,0.33738864980507277,401736144,2529137,9,129689,1,True,False,matched,1.0,2025-05-29,over,0.11465159018904014,2.6399999999999997,-1.0,1.0,False,False,False
2178,23cd5d25-ae06-454d-88e8-d280822eb05a,141,Jonquel Jones,jonqueljones,NYL,points,13.5,-128.0,-102.0,10,10,2025-05-28 16:48:07+00:00,2025-05-28 16:48:07+00:00,2025-05-28 16:48:07+00:00,2025-05-29 23:00:00+00:00,0.0,2025-05-29,2025,REG,NYL,GSV,1.0663540038214347,True,,0.5291749480305961,401736144,2999101,9,129689,1,True,True,did_not_play,,2025-05-29,under,0.0647481577370812,1.9803921568627452,0.0,0.0,False,True,False
2178,62122abb-b6bc-41db-9516-1322930b7257,55,Veronica Burton,veronicaburton,GSV,points,11.5,-110.0,-118.0,10,10,2025-05-28 16:48:08+00:00,2025-05-28 16:48:08+00:00,2025-05-28 16:48:08+00:00,2025-05-29 23:00:00+00:00,0.0,2025-05-29,2025,REG,NYL,GSV,1.0650939274792486,True,,0.4909754767731684,401736144,4398935,129689,9,0,True,False,matched,2.0,2025-05-29,under,0.4596909254923665,1.847457627118644,0.847457627118644,1.0,False,False,False
2178,26d6691a-e3bd-41e2-b61d-83dcbbce12ef,72,Temi Fagbenle,temifagbenle,TOR,points,9.5,-120.0,-108.0,10,10,2025-05-28 16:48:08+00:00,2025-05-28 16:48:08+00:00,2025-05-28 16:48:08+00:00,2025-05-29 23:00:00+00:00,0.0,2025-05-29,2025,REG,NYL,GSV,1.0646853146853146,True,,0.5135396953663074,401736144,2569044,129689,9,0,True,False,matched,9.0,2025-05-29,under,0.3235655747055175,1.925925925925926,0.925925925925926,1.0,False,False,False
2179,7e867457-5b6f-4c7b-b9f1-443f22fcfaf0,528,Paige Bueckers,paigebueckers,DAL,threes,0.5,-245.0,178.0,10,10,2025-05-28 17:54:34+00:00,2025-05-28 17:54:34+00:00,2025-05-28 17:54:34+00:00,2025-05-30 00:00:00+00:00,0.0,2025-05-29,2025,REG,CHI,DAL,1.0698571577520593,True,,0.6816736496668425,401736145,4433730,3,19,0,True,False,matched,1.0,2025-05-29,under,0.17874527916179617,2.7800000000000002,-1.0,1.0,False,False,False
2179,8234fc6d-4409-4b48-9df2-5db78bb38ff0,145,Courtney Vandersloot,courtneyvandersloot,CHI,assists,5.5,-114.0,-114.0,10,10,2025-05-28 17:54:34+00:00,2025-05-28 17:54:34+00:00,2025-05-28 17:54:34+00:00,2025-05-30 00:00:00+00:00,0.0,2025-05-29,2025,REG,CHI,DAL,1.0654205607476634,True,,0.5000000000000001,401736145,981,19,3,1,True,False,matched,9.0,2025-05-29,under,0.16855319256222673,1.8771929824561404,-1.0,1.0,False,False,False
2179,7f228744-0ae2-4ef4-84fe-d7d7654986ca,48,DiJonai Carrington,dijonaicarrington,CHI,points,10.5,-125.0,-104.0,10,10,2025-05-28 17:54:35+00:00,2025-05-28 17:54:35+00:00,2025-05-28 17:54:35+00:00,2025-05-30 00:00:00+00:00,0.0,2025-05-29,2025,REG,CHI,DAL,1.065359477124183,True,,0.5236312520088393,401736145,4066548,3,19,0,True,False,matched,15.0,2025-05-29,under,0.0822098757940753,1.9615384615384617,-1.0,1.0,False,False,False
2179,0c8774da-46ab-4ea8-bd25-38187a92f72d,185,Ariel Atkins,arielatkins,LAS,threes,1.5,100.0,-132.0,10,10,2025-05-28 17:54:35+00:00,2025-05-28 17:54:35+00:00,2025-05-28 17:54:35+00:00,2025-05-30 00:00:00+00:00,0.0,2025-05-29,2025,REG,CHI,DAL,1.0689655172413794,True,,0.46430627616618364,401736145,3146151,19,3,1,True,False,matched,2.0,2025-05-29,over,0.07542232491309564,2.0,1.0,1.0,False,False,False
2179,070d849a-38da-4c3f-b3d7-62efac0b7697,63,Arike Ogunbowale,arikeogunbowale,DAL,rebounds,3.5,175.0,-260.0,49,49,2025-05-29 03:00:44+00:00,2025-05-29 03:00:44+00:00,2025-05-29 03:00:44+00:00,2025-05-30 00:00:00+00:00,0.0,2025-05-29,2025,REG,CHI,DAL,1.0858585858585859,True,,0.312291114919721,401736145,3904577,3,19,0,True,False,matched,5.0,2025-05-29,over,0.06153239986376635,2.75,1.75,1.0,False,False,False
2184,58be8da4-d279-4924-88b4-b786bac4f0ea,101,Kelsey Plum,kelseyplum,LAS,assists,5.5,-136.0,102.0,10,10,2025-05-30 04:31:30+00:00,2025-05-30 04:31:30+00:00,2025-05-30 04:31:30+00:00,2025-05-31 02:00:00+00:00,0.0,2025-05-30,2025,REG,LVA,LAS,1.071320691391173,True,,0.5420932924427202,401736148,3065570,6,17,0,True,False,matched,3.0,2025-05-30,under,0.44547727561144007,2.02,1.02,1.0,False,False,False
2184,e4664d4b-2ee7-4809-b99a-2d0e81f27ece,82,Azura Stevens,azurastevens,CHI,rebounds,9.5,-102.0,-130.0,10,10,2025-05-30 04:31:30+00:00,2025-05-30 04:31:30+00:00,2025-05-30 04:31:30+00:00,2025-05-31 02:00:00+00:00,0.0,2025-05-30,2025,REG,LVA,LAS,1.0701678863538528,True,,0.46878765056355093,401736148,3142010,6,17,0,True,False,matched,10.0,2025-05-30,under,0.2532425027774685,1.7692307692307692,-1.0,1.0,False,False,False
2184,7bbbceb6-da18-46a4-ae0b-77ee0bdfac5e,102,Jackie Young,jackieyoung,LVA,points,16.5,100.0,-130.0,10,10,2025-05-30 04:31:30+00:00,2025-05-30 04:31:30+00:00,2025-05-30 04:31:30+00:00,2025-05-31 02:00:00+00:00,0.0,2025-05-30,2025,REG,LVA,LAS,1.065217391304348,True,,0.4663164946059025,401736148,4065870,17,6,1,True,False,matched,26.0,2025-05-30,under,0.14830142960875414,1.7692307692307692,-1.0,1.0,False,False,False
2184,0c53c146-4ebf-46b1-af86-bf418c70f34e,103,A'ja Wilson,ajawilson,LVA,rebounds,11.5,-102.0,-130.0,10,10,2025-05-30 04:31:30+00:00,2025-05-30 04:31:30+00:00,2025-05-30 04:31:30+00:00,2025-05-31 02:00:00+00:00,0.0,2025-05-30,2025,REG,LVA,LAS,1.0701678863538528,True,,0.46878765056355093,401736148,3149391,17,6,1,True,False,matched,13.0,2025-05-30,under,0.11103203201579726,1.7692307692307692,-1.0,1.0,False,False,False
2184,8db72053-00a7-485a-af45-d8d41f1226ad,107,Chelsea Gray,chelseagray,LVA,points,11.5,-108.0,-120.0,10,10,2025-05-30 04:31:31+00:00,2025-05-30 04:31:31+00:00,2025-05-30 04:31:31+00:00,2025-05-31 02:00:00+00:00,0.0,2025-05-30,2025,REG,LVA,LAS,1.0646853146853146,True,,0.48646030463369283,401736148,2529122,17,6,1,True,False,matched,15.0,2025-05-30,under,0.11131004408612494,1.8333333333333335,-1.0,1.0,False,False,False
2184,80488ebf-c46d-42e0-bd65-0a956eaf7edd,166,Jewell Loyd,jewellloyd,LVA,points,15.5,-118.0,-110.0,10,10,2025-05-30 04:31:31+00:00,2025-05-30 04:31:31+00:00,2025-05-30 04:31:31+00:00,2025-05-31 02:00:00+00:00,0.0,2025-05-30,2025,REG,LVA,LAS,1.0650939274792486,True,,0.5090245232268319,401736148,2987869,17,6,1,True,False,matched,3.0,2025-05-30,under,0.10853966479883914,1.9090909090909092,0.9090909090909092,1.0,False,False,False
2184,30da1c08-aea0-42b4-9a76-226bee350d50,89,Dearica Hamby,dearicahamby,LAS,rebounds,7.5,-146.0,110.0,10,10,2025-05-30 04:31:31+00:00,2025-05-30 04:31:31+00:00,2025-05-30 04:31:31+00:00,2025-05-31 02:00:00+00:00,0.0,2025-05-30,2025,REG,LVA,LAS,1.0696864111498257,True,,0.5607420039050215,401736148,2566106,6,17,0,True,False,matched,10.0,2025-05-30,under,0.1084493250878194,2.1,-1.0,1.0,False,False,False
2181,7b83c824-ec6c-41ca-aab0-0fc592acd403,182,Brittney Sykes,brittneysykes,TOR,points,18.5,-130.0,100.0,10,10,2025-05-30 05:02:26+00:00,2025-05-30 05:02:26+00:00,2025-05-30 05:02:26+00:00,2025-05-30 23:30:00+00:00,0.0,2025-05-30,2025,REG,WAS,NYL,1.065217391304348,True,,0.5336835053940976,401736147,2988756,16,9,1,True,False,matched,20.0,2025-05-30,under,0.2747243135960522,2.0,-1.0,1.0,False,False,False
2181,b88fdd4a-be25-45cd-8364-c549d9585408,132,Sabrina Ionescu,sabrinaionescu,NYL,points,16.5,-118.0,-110.0,10,10,2025-05-30 05:02:26+00:00,2025-05-30 05:02:26+00:00,2025-05-30 05:02:26+00:00,2025-05-30 23:30:00+00:00,0.0,2025-05-30,2025,REG,WAS,NYL,1.0650939274792486,True,,0.5090245232268319,401736147,4066533,9,16,0,True,False,matched,28.0,2025-05-30,under,0.23949546763909263,1.9090909090909092,-1.0,1.0,False,False,False
2181,38877d65-fc85-42fd-a424-fba8f541908d,141,Jonquel Jones,jonqueljones,NYL,rebounds,9.5,100.0,-132.0,10,10,2025-05-30 05:02:26+00:00,2025-05-30 05:02:26+00:00,2025-05-30 05:02:26+00:00,2025-05-30 23:30:00+00:00,0.0,2025-05-30,2025,REG,WAS,NYL,1.0689655172413794,True,,0.46430627616618364,401736147,2999101,9,16,0,True,False,matched,18.0,2025-05-30,under,0.19516183710977753,1.7575757575757576,-1.0,1.0,False,False,False
2181,7faad5c4-882e-4bcc-9b7d-eed0d9d74352,137,Breanna Stewart,breannastewart,NYL,points,18.5,-128.0,-102.0,10,10,2025-05-30 05:02:26+00:00,2025-05-30 05:02:26+00:00,2025-05-30 05:02:26+00:00,2025-05-30 23:30:00+00:00,0.0,2025-05-30,2025,REG,WAS,NYL,1.0663540038214347,True,,0.5291749480305961,401736147,2998928,9,16,0,True,False,matched,10.0,2025-05-30,under,0.16067916860513354,1.9803921568627452,0.9803921568627452,1.0,False,False,False
2181,831d1a68-7c6a-4f94-a6b8-b5bb2f1ee3db,163,Natasha Cloud,natashacloud,CHI,points,11.5,-128.0,-102.0,10,10,2025-05-30 05:02:26+00:00,2025-05-30 05:02:26+00:00,2025-05-30 05:02:26+00:00,2025-05-30 23:30:00+00:00,0.0,2025-05-30,2025,REG,WAS,NYL,1.0663540038214347,True,,0.5291749480305961,401736147,2529137,9,16,0,True,False,matched,0.0,2025-05-30,under,0.11209475682320535,1.9803921568627452,0.9803921568627452,1.0,False,False,False
2181,ae7a40dc-4805-4117-b885-3af7272846cb,572,Kiki Iriafen,kikiiriafen,WAS,rebounds,9.5,-136.0,102.0,10,10,2025-05-30 05:02:26+00:00,2025-05-30 05:02:26+00:00,2025-05-30 05:02:26+00:00,2025-05-30 23:30:00+00:00,0.0,2025-05-30,2025,REG,WAS,NYL,1.071320691391173,True,,0.5420932924427202,401736147,4898384,16,9,1,True,False,matched,7.0,2025-05-30,under,0.10271236353508917,2.02,1.02,1.0,False,False,False
2180,e52b398c-ad0c-4a05-b79d-23e97bf3fb54,9,Tina Charles,tinacharles,FA,points,18.5,-114.0,-114.0,10,10,2025-05-30 05:17:04+00:00,2025-05-30 05:17:04+00:00,2025-05-30 05:17:04+00:00,2025-05-30 23:30:00+00:00,0.0,2025-05-30,2025,REG,IND,CON,1.0654205607476634,True,,0.5000000000000001,401736146,918,18,5,0,True,False,matched,18.0,2025-05-30,under,0.24918371847399595,1.8771929824561404,0.8771929824561404,1.0,False,False,False
2180,7915edd6-2b6c-4657-9c31-ee063eb0797d,56,Natasha Howard,natashahoward,MIN,rebounds,6.5,-132.0,100.0,10,10,2025-05-30 05:17:04+00:00,2025-05-30 05:17:04+00:00,2025-05-30 05:17:04+00:00,2025-05-30 23:30:00+00:00,0.0,2025-05-30,2025,REG,IND,CON,1.0689655172413794,True,,0.5356937238338165,401736146,2529130,5,18,1,True,False,matched,6.0,2025-05-30,under,0.24733393954774696,2.0,1.0,1.0,False,False,False
2180,87bd3443-ec33-42a2-800d-3f30a6b0f1b1,71,Aliyah Boston,aliyahboston,IND,points,16.5,-118.0,-110.0,10,10,2025-05-30 05:17:04+00:00,2025-05-30 05:17:04+00:00,2025-05-30 05:17:04+00:00,2025-05-30 23:30:00+00:00,0.0,2025-05-30,2025,REG,IND,CON,1.0650939274792486,True,,0.5090245232268319,401736146,4432831,5,18,1,True,False,matched,17.0,2025-05-30,under,0.21746782909366263,1.9090909090909092,-1.0,1.0,False,False,False
2180,4219caf6-448a-4742-b8ce-0beb16baf38b,70,Kelsey Mitchell,kelseymitchell,IND,points,17.5,-128.0,-102.0,10,10,2025-05-30 05:17:04+00:00,2025-05-30 05:17:04+00:00,2025-05-30 05:17:04+00:00,2025-05-30 23:30:00+00:00,0.0,2025-05-30,2025,REG,IND,CON,1.0663540038214347,True,,0.5291749480305961,401736146,3142191,5,18,1,True,False,matched,13.0,2025-05-30,under,0.10937007141872546,1.9803921568627452,0.9803921568627452,1.0,False,False,False
2182,016b22d6-7021-4f3e-a75e-ffe12bb050da,15,Rhyne Howard,rhynehoward,ATL,points,16.5,-128.0,-102.0,10,10,2025-05-30 05:55:23+00:00,2025-05-30 05:55:23+00:00,2025-05-30 05:55:23+00:00,2025-05-31 02:00:00+00:00,0.0,2025-05-30,2025,REG,SEA,ATL,1.0663540038214347,True,,0.5291749480305961,401736150,4398674,20,14,0,True,False,matched,33.0,2025-05-30,under,0.14333938329259815,1.9803921568627452,-1.0,1.0,False,False,False
2182,e39f83c8-91c9-4557-8d35-736e752e0b1b,49,Brionna Jones,brionnajones,ATL,rebounds,9.5,-106.0,-125.0,10,10,2025-05-30 05:55:24+00:00,2025-05-30 05:55:24+00:00,2025-05-30 05:55:24+00:00,2025-05-31 02:00:00+00:00,0.0,2025-05-30,2025,REG,SEA,ATL,1.070118662351672,True,,0.4787708928615623,401736150,3058895,20,14,0,True,False,matched,5.0,2025-05-30,under,0.41636101136744313,1.8,0.8,1.0,False,False,False
2182,6fd21d3e-082b-46d0-83e6-b0ab2bd5d326,1,Allisha Gray,allishagray,ATL,points,16.5,-128.0,-102.0,10,10,2025-05-30 05:55:24+00:00,2025-05-30 05:55:24+00:00,2025-05-30 05:55:24+00:00,2025-05-31 02:00:00+00:00,0.0,2025-05-30,2025,REG,SEA,ATL,1.0663540038214347,True,,0.5291749480305961,401736150,3058901,20,14,0,True,False,matched,28.0,2025-05-30,under,0.17317125969342878,1.9803921568627452,-1.0,1.0,False,False,False
2182,9cd0a32f-f9bf-4673-a89b-28018ba7ba54,148,Brittney Griner,brittneygriner,CON,rebounds,7.5,106.0,-140.0,10,10,2025-05-30 06:04:00+00:00,2025-05-30 06:04:00+00:00,2025-05-30 06:04:00+00:00,2025-05-31 02:00:00+00:00,0.0,2025-05-30,2025,REG,SEA,ATL,1.0687702265372168,True,,0.44933614350623635,401736150,2490553,20,14,0,True,False,matched,1.0,2025-05-30,under,0.11114894105981105,1.7142857142857144,0.7142857142857144,1.0,False,False,False
2182,cab66fcf-a900-42b1-b8db-dd1b9f508c96,175,Skylar Diggins,skylardiggins,CHI,points,17.5,-106.0,-122.0,10,10,2025-05-30 06:04:01+00:00,2025-05-30 06:04:01+00:00,2025-05-30 06:04:01+00:00,2025-05-31 02:00:00+00:00,0.0,2025-05-30,2025,REG,SEA,ATL,1.064112656345666,True,,0.4819416314468661,401736150,2491205,14,20,1,True,False,matched,20.0,2025-05-30,under,0.14498534717339545,1.819672131147541,-1.0,1.0,False,False,False
2182,a9e32b8c-cb5c-48cb-9324-cb15da4327de,180,Nneka Ogwumike,nnekaogwumike,LAS,points,18.5,102.0,-132.0,10,10,2025-05-30 06:04:01+00:00,2025-05-30 06:04:01+00:00,2025-05-30 06:04:01+00:00,2025-05-31 02:00:00+00:00,0.0,2025-05-30,2025,REG,SEA,ATL,1.0640150221918745,True,,0.4618487426836327,401736150,1068,14,20,1,True,False,matched,16.0,2025-05-30,under,0.12966358906823366,1.7575757575757576,0.7575757575757576,1.0,False,False,False
2182,80887e58-da73-4261-870e-a752c888672a,176,Ezi Magbegor,ezimagbegor,SEA,points,9.5,-125.0,-104.0,10,10,2025-05-30 06:04:01+00:00,2025-05-30 06:04:01+00:00,2025-05-30 06:04:01+00:00,2025-05-31 02:00:00+00:00,0.0,2025-05-30,2025,REG,SEA,ATL,1.065359477124183,True,,0.5236312520088393,401736150,4420318,14,20,1,True,False,matched,8.0,2025-05-30,under,0.11021165410256817,1.9615384615384617,0.9615384615384617,1.0,False,False,False
2182,26f7071c-2756-468b-9319-4f8c65a89f7f,208,Gabby Williams,gabbywilliams,GSV,assists,3.5,-120.0,-110.0,10,10,2025-05-30 06:04:01+00:00,2025-05-30 06:04:01+00:00,2025-05-30 06:04:01+00:00,2025-05-31 02:00:00+00:00,0.0,2025-05-30,2025,REG,SEA,ATL,1.0692640692640691,True,,0.5112040114787568,401736150,3142328,14,20,1,True,False,matched,1.0,2025-05-30,over,0.06403033672432734,1.8333333333333335,-1.0,1.0,False,False,False
2182,566f93a4-30ec-4a40-9b90-0cfbebfabdb7,6,Nia Coffey,niacoffey,MIN,threes,1.5,105.0,-135.0,24,24,2025-05-30 06:23:17+00:00,2025-05-30 06:23:17+00:00,2025-05-30 06:23:17+00:00,2025-05-31 02:00:00+00:00,0.0,2025-05-30,2025,REG,SEA,ATL,1.0622729631551635,True,,0.45531139401703796,401736150,3054590,20,14,0,True,False,matched,0.0,2025-05-30,under,0.3934093073806757,1.7407407407407407,0.7407407407407407,1.0,False,False,False
2183,ae432100-83cd-4afd-bf6b-851b12ed4ca4,54,Satou Sabally,satousabally,NYL,points,20.5,-122.0,-104.0,10,10,2025-05-30 07:00:11+00:00,2025-05-30 07:00:11+00:00,2025-05-30 07:00:11+00:00,2025-05-31 02:00:00+00:00,0.0,2025-05-30,2025,REG,PHX,MIN,1.059353471118177,True,,0.5204616807260106,401736149,4281929,11,8,1,True,False,matched,26.0,2025-05-30,under,0.3045786645153666,1.9615384615384617,-1.0,1.0,False,False,False
2183,c7050dfe-d307-423d-9f6f-05ff473adeec,40,Alyssa Thomas,alyssathomas,PHO,rebounds,7.5,-144.0,108.0,10,10,2025-05-30 07:00:11+00:00,2025-05-30 07:00:11+00:00,2025-05-30 07:00:11+00:00,2025-05-31 02:00:00+00:00,0.0,2025-05-30,2025,REG,PHX,MIN,1.0709331651954601,True,,0.5566845205396996,401736149,2529140,11,8,1,True,True,did_not_play,,2025-05-30,under,0.17953701490275642,2.08,0.0,0.0,False,True,False
2183,9973bd1a-8d91-4118-9fe9-92ba25684bc3,177,Sami Whitcomb,samiwhitcomb,PHO,threes,1.5,-145.0,115.0,24,24,2025-05-30 07:26:26+00:00,2025-05-30 07:26:26+00:00,2025-05-30 07:26:26+00:00,2025-05-31 02:00:00+00:00,0.0,2025-05-30,2025,REG,PHX,MIN,1.056953013763645,True,,0.5651598000470045,401736149,887,11,8,1,True,False,matched,1.0,2025-05-30,under,0.32774701343267093,2.15,1.15,1.0,False,False,False
2183,c62230d8-f07c-4f59-bf95-f9f941c41034,125,Kayla McBride,kaylamcbride,MIN,threes,2.5,-125.0,-105.0,24,24,2025-05-30 07:26:26+00:00,2025-05-30 07:26:26+00:00,2025-05-30 07:26:26+00:00,2025-05-31 02:00:00+00:00,0.0,2025-05-30,2025,REG,PHX,MIN,1.067750677506775,True,,0.5224258196571001,401736149,2529205,8,11,0,True,False,matched,3.0,2025-05-30,under,0.19689326045178657,1.9523809523809523,-1.0,1.0,False,False,False
2183,10f89f76-c61d-4782-8e99-3240f323e699,117,Courtney Williams,courtneywilliams,MIN,assists,4.5,-135.0,105.0,24,24,2025-05-30 07:26:26+00:00,2025-05-30 07:26:26+00:00,2025-05-30 07:26:26+00:00,2025-05-31 02:00:00+00:00,0.0,2025-05-30,2025,REG,PHX,MIN,1.0622729631551635,True,,0.5446886059829622,401736149,2987891,8,11,0,True,False,matched,7.0,2025-05-30,over,0.15157745707411563,1.7407407407407407,0.7407407407407407,1.0,False,False,False
2183,33c46947-14d2-401c-a14a-e5dc3161f9cf,121,Alanna Smith,alannasmith,DAL,points,11.5,-114.0,-114.0,10,10,2025-05-30 12:29:34+00:00,2025-05-30 12:29:34+00:00,2025-05-30 12:29:34+00:00,2025-05-31 02:00:00+00:00,0.0,2025-05-30,2025,REG,PHX,MIN,1.0654205607476634,True,,0.5000000000000001,401736149,3913881,8,11,0,True,False,matched,19.0,2025-05-30,under,0.32048784277870185,1.8771929824561404,-1.0,1.0,False,False,False
2180,71afae50-28d7-428b-87b8-322ed171f7fd,43,Olivia Nelson-Ododa,olivianelsonododa,CON,points,9.5,-115.0,-115.0,49,49,2025-05-30 13:05:54+00:00,2025-05-30 13:05:54+00:00,2025-05-30 13:05:54+00:00,2025-05-30 23:30:00+00:00,0.0,2025-05-30,2025,REG,IND,CON,1.0697674418604652,True,,0.5,401736146,4398966,18,5,0,True,False,matched,8.0,2025-05-30,under,0.3570666437547124,1.8695652173913042,0.8695652173913042,1.0,False,False,False
2180,6570b157-985e-4d32-a601-b82cf1da6563,76,Lexie Hull,lexiehull,IND,points,8.5,-115.0,-115.0,49,49,2025-05-30 13:05:54+00:00,2025-05-30 13:05:54+00:00,2025-05-30 13:05:54+00:00,2025-05-30 23:30:00+00:00,0.0,2025-05-30,2025,REG,IND,CON,1.0697674418604652,True,,0.5,401736146,4398829,5,18,1,True,False,matched,12.0,2025-05-30,under,0.15843902536429938,1.8695652173913042,-1.0,1.0,False,False,False
2180,6315ba31-6f9a-4ebf-9258-9769e61c8c9d,22,Marina Mabrey,marinamabrey,TOR,points,15.5,-104.0,-125.0,10,10,2025-05-30 22:49:33+00:00,2025-05-30 22:49:33+00:00,2025-05-30 22:49:33+00:00,2025-05-30 23:30:00+00:00,0.0,2025-05-30,2025,REG,IND,CON,1.065359477124183,True,,0.4763687479911608,401736146,3904576,18,5,0,True,False,matched,26.0,2025-05-30,under,0.10612758328613003,1.8,-1.0,1.0,False,False,False
2183,e4168b6c-05f2-4b50-9739-15b0eae8dc7c,563,Monique Akoa Makani,moniqueakoamakani,PHO,points,8.5,-145.0,110.0,19,19,2025-05-30 23:44:34+00:00,2025-05-30 23:44:34+00:00,2025-05-30 23:44:34+00:00,2025-05-31 02:00:00+00:00,0.0,2025-05-30,2025,REG,PHX,MIN,1.0680272108843538,True,,0.5598270164425229,401736149,5274110,11,8,1,True,False,matched,5.0,2025-05-30,under,0.0888258260966821,2.1,1.1,1.0,False,False,False
2185,bc8a986c-c245-4155-8735-c21ea69a5c9d,145,Courtney Vandersloot,courtneyvandersloot,CHI,assists,6.5,-102.0,-130.0,10,10,2025-05-31 06:14:16+00:00,2025-05-31 06:14:16+00:00,2025-05-31 06:14:16+00:00,2025-06-01 00:00:00+00:00,0.0,2025-05-31,2025,REG,DAL,CHI,1.0701678863538528,True,,0.46878765056355093,401736151,981,19,3,0,True,False,matched,7.0,2025-05-31,under,0.2621066081773492,1.7692307692307692,-1.0,1.0,False,False,False
2185,0fd90626-92be-4200-aa05-64b9bf2c5daf,185,Ariel Atkins,arielatkins,LAS,threes,1.5,116.0,-154.0,10,10,2025-05-31 06:14:16+00:00,2025-05-31 06:14:16+00:00,2025-05-31 06:14:16+00:00,2025-06-01 00:00:00+00:00,0.0,2025-05-31,2025,REG,DAL,CHI,1.0692621755613883,True,,0.425792012343204,401736151,3146151,19,3,0,True,False,matched,4.0,2025-05-31,over,0.18136529628553727,2.16,1.1600000000000001,1.0,False,False,False
2185,8de0489c-6be4-4a5a-bebd-5dab981183f6,30,Kamilla Cardoso,kamillacardoso,CHI,points,12.5,-118.0,-110.0,10,10,2025-05-31 06:14:17+00:00,2025-05-31 06:14:17+00:00,2025-05-31 06:14:17+00:00,2025-06-01 00:00:00+00:00,0.0,2025-05-31,2025,REG,DAL,CHI,1.0650939274792486,True,,0.5090245232268319,401736151,4433405,19,3,0,True,False,matched,4.0,2025-05-31,under,0.12255709644499485,1.9090909090909092,0.9090909090909092,1.0,False,False,False
2185,7d88d3d1-eab5-4f76-a8a9-cbcea631e38e,48,DiJonai Carrington,dijonaicarrington,CHI,rebounds,3.5,-132.0,100.0,10,10,2025-05-31 06:21:02+00:00,2025-05-31 06:21:02+00:00,2025-05-31 06:21:02+00:00,2025-06-01 00:00:00+00:00,0.0,2025-05-31,2025,REG,DAL,CHI,1.0689655172413794,True,,0.5356937238338165,401736151,4066548,3,19,1,True,False,matched,3.0,2025-05-31,over,0.19398801163569068,1.7575757575757576,-1.0,1.0,False,False,False
2185,0cec113e-e0e1-44cf-bfdb-5c4efbe2a9c3,63,Arike Ogunbowale,arikeogunbowale,DAL,rebounds,2.5,-138.0,104.0,10,10,2025-05-31 06:21:02+00:00,2025-05-31 06:21:02+00:00,2025-05-31 06:21:02+00:00,2025-06-01 00:00:00+00:00,0.0,2025-05-31,2025,REG,DAL,CHI,1.0700280112044818,True,,0.5464208361470752,401736151,3904577,3,19,1,True,False,matched,4.0,2025-05-31,over,0.1091846712967427,1.7246376811594204,0.7246376811594204,1.0,False,False,False
2185,92eff26b-c556-4079-beb4-a570c2c7f26c,26,Angel Reese,angelreese,ATL,assists,2.5,-125.0,-105.0,24,24,2025-05-31 06:46:45+00:00,2025-05-31 06:46:45+00:00,2025-05-31 06:46:45+00:00,2025-06-01 00:00:00+00:00,0.0,2025-05-31,2025,REG,DAL,CHI,1.067750677506775,True,,0.5224258196571001,401736151,4433402,19,3,0,True,False,matched,2.0,2025-05-31,under,0.11137747015423938,1.9523809523809523,0.9523809523809523,1.0,False,False,False
2185,034e512f-6965-4a56-b5e6-cb77cc5466e0,61,Maddy Siegrist,maddysiegrist,DAL,points,10.5,120.0,-170.0,33,33,2025-05-31 08:06:21+00:00,2025-05-31 08:06:21+00:00,2025-05-31 08:06:21+00:00,2025-06-01 00:00:00+00:00,0.0,2025-05-31,2025,REG,DAL,CHI,1.0841750841750841,True,,0.40856326639475826,401736151,4399415,3,19,1,True,False,matched,11.0,2025-05-31,under,0.1248495757538351,1.5882352941176472,-1.0,1.0,False,False,False
2185,c95eddcf-5562-465a-a7e1-bf7c052a8c48,193,Myisha Hines-Allen,myishahinesallen,IND,points,9.5,-113.0,-115.0,10,10,2025-05-31 22:21:02+00:00,2025-05-31 22:21:02+00:00,2025-05-31 22:21:02+00:00,2025-06-01 00:00:00+00:00,0.0,2025-05-31,2025,REG,DAL,CHI,1.0654001528551151,True,,0.49774423259931944,401736151,3142055,3,19,1,True,False,matched,1.0,2025-05-31,under,0.25050089470459885,1.8695652173913042,0.8695652173913042,1.0,False,False,False
2185,0466b020-857e-484c-a01a-c113a67a9e1d,96,Kia Nurse,kianurse,TOR,threes,1.5,-125.0,-115.0,49,49,2025-05-31 22:38:30+00:00,2025-05-31 22:38:30+00:00,2025-05-31 22:38:30+00:00,2025-06-01 00:00:00+00:00,0.0,2025-05-31,2025,REG,DAL,CHI,1.0904392764857882,True,,0.5108317091649132,401736151,3142327,19,3,0,True,False,matched,2.0,2025-05-31,under,0.05265700889339481,1.8695652173913042,-1.0,1.0,False,False,False
2186,f0f9325e-403b-4f4c-87fe-dfaa29db185d,9,Tina Charles,tinacharles,FA,rebounds,6.5,116.0,-154.0,10,10,2025-06-01 03:34:35+00:00,2025-06-01 03:34:35+00:00,2025-06-01 03:34:35+00:00,2025-06-01 19:00:00+00:00,0.0,2025-06-01,2025,REG,NYL,CON,1.0692621755613883,True,,0.425792012343204,401736152,918,18,9,0,True,False,matched,1.0,2025-06-01,over,0.23160778607310656,2.16,-1.0,1.0,False,False,False
2186,d8266bd6-966d-4e67-a112-7abc5db2ec91,43,Olivia Nelson-Ododa,olivianelsonododa,CON,points,9.5,102.0,-132.0,10,10,2025-06-01 03:37:56+00:00,2025-06-01 03:37:56+00:00,2025-06-01 03:37:56+00:00,2025-06-01 19:00:00+00:00,0.0,2025-06-01,2025,REG,NYL,CON,1.0640150221918745,True,,0.4618487426836327,401736152,4398966,18,9,0,True,False,matched,6.0,2025-06-01,under,0.2622137349949548,1.7575757575757576,0.7575757575757576,1.0,False,False,False
2186,4f2a3c71-407f-4386-a1bb-64a452e2a3ea,22,Marina Mabrey,marinamabrey,TOR,points,16.5,-110.0,-118.0,10,10,2025-06-01 03:37:56+00:00,2025-06-01 03:37:56+00:00,2025-06-01 03:37:56+00:00,2025-06-01 19:00:00+00:00,0.0,2025-06-01,2025,REG,NYL,CON,1.0650939274792486,True,,0.4909754767731684,401736152,3904576,18,9,0,True,False,matched,8.0,2025-06-01,under,0.1792239650667945,1.847457627118644,0.847457627118644,1.0,False,False,False
2186,e00a9a10-b7e8-42b0-a1e7-b236fc5b65c5,137,Breanna Stewart,breannastewart,NYL,rebounds,5.5,-114.0,-114.0,10,10,2025-06-01 03:44:41+00:00,2025-06-01 03:44:41+00:00,2025-06-01 03:44:41+00:00,2025-06-01 19:00:00+00:00,0.0,2025-06-01,2025,REG,NYL,CON,1.0654205607476634,True,,0.5000000000000001,401736152,2998928,9,18,1,True,False,matched,3.0,2025-06-01,over,0.1250966417629923,1.8771929824561404,-1.0,1.0,False,False,False
2186,1426cb58-b6ff-4738-9a6c-f28d62148668,132,Sabrina Ionescu,sabrinaionescu,NYL,assists,4.5,-104.0,-128.0,10,10,2025-06-01 03:44:41+00:00,2025-06-01 03:44:41+00:00,2025-06-01 03:44:41+00:00,2025-06-01 19:00:00+00:00,0.0,2025-06-01,2025,REG,NYL,CON,1.0712074303405572,True,,0.4732611100971195,401736152,4066533,9,18,1,True,False,matched,5.0,2025-06-01,over,0.12410622268814575,1.9615384615384617,0.9615384615384617,1.0,False,False,False
2186,20c6958d-60f3-40c8-aeb8-7b52333f5640,141,Jonquel Jones,jonqueljones,NYL,rebounds,10.5,-130.0,-102.0,10,10,2025-06-01 03:48:05+00:00,2025-06-01 03:48:05+00:00,2025-06-01 03:48:05+00:00,2025-06-01 19:00:00+00:00,0.0,2025-06-01,2025,REG,NYL,CON,1.0701678863538528,True,,0.5312123494364493,401736152,2999101,9,18,1,True,False,matched,11.0,2025-06-01,under,0.3228901556157839,1.9803921568627452,-1.0,1.0,False,False,False
2186,6030f50d-9015-4e4f-9891-f1c2b7f07eb4,163,Natasha Cloud,natashacloud,CHI,rebounds,3.5,-168.0,126.0,10,10,2025-06-01 03:48:05+00:00,2025-06-01 03:48:05+00:00,2025-06-01 03:48:05+00:00,2025-06-01 19:00:00+00:00,0.0,2025-06-01,2025,REG,NYL,CON,1.0693435477479856,True,,0.5954775535118485,401736152,2529137,9,18,1,True,False,matched,2.0,2025-06-01,under,0.28468149897252654,2.26,1.2599999999999998,1.0,False,False,False
2187,5dc35783-e67a-44d4-84da-640cd4450a72,103,A'ja Wilson,ajawilson,LVA,points,24.5,-113.0,-115.0,10,10,2025-06-01 05:28:51+00:00,2025-06-01 05:28:51+00:00,2025-06-01 05:28:51+00:00,2025-06-01 22:00:00+00:00,0.0,2025-06-01,2025,REG,SEA,LVA,1.0654001528551151,True,,0.49774423259931944,401736154,3149391,17,14,0,True,False,matched,19.0,2025-06-01,under,0.1574562685752069,1.8695652173913042,0.8695652173913042,1.0,False,False,False
2187,73eca18e-ade5-4761-b470-1c5d23cde460,102,Jackie Young,jackieyoung,LVA,rebounds,3.5,142.0,-192.0,10,10,2025-06-01 05:32:14+00:00,2025-06-01 05:32:14+00:00,2025-06-01 05:32:14+00:00,2025-06-01 22:00:00+00:00,0.0,2025-06-01,2025,REG,SEA,LVA,1.0707573870712102,True,,0.37336020860003377,401736154,4065870,17,14,0,True,False,matched,4.0,2025-06-01,over,0.30652455032104053,2.42,1.42,1.0,False,False,False
2187,2868ad94-313f-400c-8312-0f5966e5651b,107,Chelsea Gray,chelseagray,LVA,assists,3.5,-112.0,-118.0,10,10,2025-06-01 05:32:14+00:00,2025-06-01 05:32:14+00:00,2025-06-01 05:32:14+00:00,2025-06-01 22:00:00+00:00,0.0,2025-06-01,2025,REG,SEA,LVA,1.0695862904621776,True,,0.49327872882454105,401736154,2529122,17,14,0,True,False,matched,6.0,2025-06-01,over,0.2666938715552849,1.8928571428571428,0.8928571428571428,1.0,False,False,False
2187,5d9690cc-4291-47a5-81cb-b89fcb209f48,208,Gabby Williams,gabbywilliams,GSV,points,12.5,-108.0,-120.0,10,10,2025-06-01 05:35:38+00:00,2025-06-01 05:35:38+00:00,2025-06-01 05:35:38+00:00,2025-06-01 22:00:00+00:00,0.0,2025-06-01,2025,REG,SEA,LVA,1.0646853146853146,True,,0.48646030463369283,401736154,3142328,14,17,1,True,False,matched,20.0,2025-06-01,under,0.13203794434678362,1.8333333333333335,-1.0,1.0,False,False,False
2187,0ea6f20d-17bb-4031-9ff4-2e10f95d7557,180,Nneka Ogwumike,nnekaogwumike,LAS,points,17.5,-108.0,-120.0,10,10,2025-06-01 05:35:38+00:00,2025-06-01 05:35:38+00:00,2025-06-01 05:35:38+00:00,2025-06-01 22:00:00+00:00,0.0,2025-06-01,2025,REG,SEA,LVA,1.0646853146853146,True,,0.48646030463369283,401736154,1068,14,17,1,True,False,matched,9.0,2025-06-01,under,0.12266469978769479,1.8333333333333335,0.8333333333333335,1.0,False,False,False
2187,4e9e4528-8594-446b-bd8d-466e630ea577,175,Skylar Diggins,skylardiggins,CHI,points,17.5,100.0,-130.0,10,10,2025-06-01 05:35:38+00:00,2025-06-01 05:35:38+00:00,2025-06-01 05:35:38+00:00,2025-06-01 22:00:00+00:00,0.0,2025-06-01,2025,REG,SEA,LVA,1.065217391304348,True,,0.4663164946059025,401736154,2491205,14,17,1,True,False,matched,11.0,2025-06-01,under,0.0706782936145956,1.7692307692307692,0.7692307692307692,1.0,False,False,False
2189,84458e0e-26c5-4f3c-bd3d-d72a52124454,112,Napheesa Collier,napheesacollier,MIN,points,23.5,-113.0,-115.0,10,10,2025-06-01 06:07:19+00:00,2025-06-01 06:07:19+00:00,2025-06-01 06:07:19+00:00,2025-06-02 00:30:00+00:00,0.0,2025-06-01,2025,REG,GSV,MIN,1.0654001528551151,True,,0.49774423259931944,401736155,3917450,8,129689,0,True,False,matched,24.0,2025-06-01,under,0.11997827525411336,1.8695652173913042,-1.0,1.0,False,False,False
2189,d6d06920-dc32-4573-a35b-5a498a49c2ec,139,Kayla Thornton,kaylathornton,GSV,threes,1.5,-158.0,118.0,10,10,2025-06-01 06:14:04+00:00,2025-06-01 06:14:04+00:00,2025-06-01 06:14:04+00:00,2025-06-02 00:30:00+00:00,0.0,2025-06-01,2025,REG,GSV,MIN,1.0711186971054691,True,,0.5796527091990534,401736155,2529622,129689,8,1,True,False,matched,1.0,2025-06-01,under,0.530708112148147,2.1799999999999997,1.1799999999999997,1.0,False,False,False
2189,223f2890-3dc3-4cf1-ba7e-fc761f5f72a2,72,Temi Fagbenle,temifagbenle,TOR,rebounds,5.5,-154.0,116.0,10,10,2025-06-01 06:14:04+00:00,2025-06-01 06:14:04+00:00,2025-06-01 06:14:04+00:00,2025-06-02 00:30:00+00:00,0.0,2025-06-01,2025,REG,GSV,MIN,1.0692621755613883,True,,0.574207987656796,401736155,2569044,129689,8,1,True,False,matched,3.0,2025-06-01,under,0.46866249389580944,2.16,1.1600000000000001,1.0,False,False,False
2188,9f25f6bd-11a0-4a64-847d-555d2bcc58e2,101,Kelsey Plum,kelseyplum,LAS,assists,6.5,116.0,-154.0,10,10,2025-06-01 06:31:14+00:00,2025-06-01 06:31:14+00:00,2025-06-01 06:31:14+00:00,2025-06-01 22:00:00+00:00,0.0,2025-06-01,2025,REG,LAS,PHX,1.0692621755613883,True,,0.425792012343204,401736153,3065570,6,11,1,True,False,matched,2.0,2025-06-01,under,0.3570694276087366,1.6493506493506493,0.6493506493506493,1.0,False,False,False
2188,618d548a-1ad7-43da-bc82-3f4a881c02b3,82,Azura Stevens,azurastevens,CHI,rebounds,9.5,-112.0,-118.0,10,10,2025-06-01 06:31:14+00:00,2025-06-01 06:31:14+00:00,2025-06-01 06:31:14+00:00,2025-06-01 22:00:00+00:00,0.0,2025-06-01,2025,REG,LAS,PHX,1.0695862904621776,True,,0.49327872882454105,401736153,3142010,6,11,1,True,False,matched,7.0,2025-06-01,under,0.2611509578641337,1.847457627118644,0.847457627118644,1.0,False,False,False
2188,bbb4650a-ca5f-4720-b5ea-e4d6e7f0f29d,89,Dearica Hamby,dearicahamby,LAS,rebounds,9.5,116.0,-154.0,10,10,2025-06-01 06:31:14+00:00,2025-06-01 06:31:14+00:00,2025-06-01 06:31:14+00:00,2025-06-01 22:00:00+00:00,0.0,2025-06-01,2025,REG,LAS,PHX,1.0692621755613883,True,,0.425792012343204,401736153,2566106,6,11,1,True,False,matched,8.0,2025-06-01,under,0.1507119464942071,1.6493506493506493,0.6493506493506493,1.0,False,False,False
2188,a64a59fd-4e48-481a-9be3-8307799ee3b4,54,Satou Sabally,satousabally,NYL,threes,2.5,110.0,-146.0,10,10,2025-06-01 06:38:15+00:00,2025-06-01 06:38:15+00:00,2025-06-01 06:38:15+00:00,2025-06-01 22:00:00+00:00,0.0,2025-06-01,2025,REG,LAS,PHX,1.0696864111498257,True,,0.4392579960949788,401736153,4281929,11,6,0,True,False,matched,2.0,2025-06-01,under,0.1779632670205925,1.6849315068493151,0.6849315068493151,1.0,False,False,False
2188,0158702c-c8a2-4208-b5d5-512d9835e1b2,177,Sami Whitcomb,samiwhitcomb,PHO,threes,1.5,-145.0,115.0,24,24,2025-06-01 07:42:55+00:00,2025-06-01 07:42:55+00:00,2025-06-01 07:42:55+00:00,2025-06-01 22:00:00+00:00,0.0,2025-06-01,2025,REG,LAS,PHX,1.056953013763645,True,,0.5651598000470045,401736153,887,11,6,0,True,False,matched,3.0,2025-06-01,under,0.2309012733021299,2.15,-1.0,1.0,False,False,False
2189,5a440240-f3e8-4a3e-a472-bbed5ceec086,121,Alanna Smith,alannasmith,DAL,threes,1.5,-140.0,110.0,24,24,2025-06-01 08:02:19+00:00,2025-06-01 08:02:19+00:00,2025-06-01 08:02:19+00:00,2025-06-02 00:30:00+00:00,0.0,2025-06-01,2025,REG,GSV,MIN,1.0595238095238093,True,,0.555167954788897,401736155,3913881,8,129689,0,True,False,matched,0.0,2025-06-01,under,0.34041953968692124,2.1,1.1,1.0,False,False,False
2189,8681ff94-cf31-45fe-b8cc-ba06903dd2fe,125,Kayla McBride,kaylamcbride,MIN,threes,2.5,100.0,-130.0,24,24,2025-06-01 08:02:19+00:00,2025-06-01 08:02:19+00:00,2025-06-01 08:02:19+00:00,2025-06-02 00:30:00+00:00,0.0,2025-06-01,2025,REG,GSV,MIN,1.065217391304348,True,,0.4663164946059025,401736155,2529205,8,129689,0,True,False,matched,2.0,2025-06-01,under,0.05676932033673948,1.7692307692307692,0.7692307692307692,1.0,False,False,False
2189,cdaee241-e26b-4845-8d3c-57ef94d2880b,537,Janelle Salaun,janellesalaun,GSV,rebounds,5.5,-130.0,-102.0,10,10,2025-06-01 22:17:54+00:00,2025-06-01 22:17:54+00:00,2025-06-01 22:17:54+00:00,2025-06-02 00:30:00+00:00,0.0,2025-06-01,2025,REG,GSV,MIN,1.0701678863538528,True,,0.5312123494364493,401736155,4790264,129689,8,1,True,False,matched,6.0,2025-06-01,over,0.14075363431611543,1.7692307692307692,0.7692307692307692,1.0,False,False,False
2189,756a0bbf-b20b-46cc-a943-e73f9e7624b4,117,Courtney Williams,courtneywilliams,MIN,rebounds,4.5,-162.0,122.0,10,10,2025-06-01 23:13:15+00:00,2025-06-01 23:13:15+00:00,2025-06-01 23:13:15+00:00,2025-06-02 00:30:00+00:00,0.0,2025-06-01,2025,REG,GSV,MIN,1.0687710611374732,True,,0.5868918088955871,401736155,2987891,8,129689,0,True,False,matched,5.0,2025-06-01,under,0.15102802686663885,2.2199999999999998,-1.0,1.0,False,False,False
2189,29dd915c-a9db-4be5-9669-b531e7cd323f,128,Bridget Carleton,bridgetcarleton,PDX,rebounds,3.5,-130.0,-110.0,49,49,2025-06-01 23:26:45+00:00,2025-06-01 23:26:45+00:00,2025-06-01 23:26:45+00:00,2025-06-02 00:30:00+00:00,0.0,2025-06-01,2025,REG,GSV,MIN,1.0890269151138718,True,,0.521679232465576,401736155,3906972,8,129689,0,True,False,matched,2.0,2025-06-01,under,0.07138628413413822,1.9090909090909092,0.9090909090909092,1.0,False,False,False
2189,238e78d7-657a-4813-ae70-0bb94a5bb5a9,55,Veronica Burton,veronicaburton,GSV,points,9.5,-108.0,-120.0,10,10,2025-06-02 00:14:00+00:00,2025-06-02 00:14:00+00:00,2025-06-02 00:14:00+00:00,2025-06-02 00:30:00+00:00,0.0,2025-06-01,2025,REG,GSV,MIN,1.0646853146853146,True,,0.48646030463369283,401736155,4398935,129689,8,1,True,False,matched,21.0,2025-06-01,under,0.2665333945063064,1.8333333333333335,-1.0,1.0,False,False,False
2190,cda9a0a4-437f-44b4-b817-c00d207d9dd6,182,Brittney Sykes,brittneysykes,TOR,assists,4.5,-106.0,-125.0,10,10,2025-06-02 04:53:03+00:00,2025-06-02 04:53:03+00:00,2025-06-02 04:53:03+00:00,2025-06-03 23:00:00+00:00,0.0,2025-06-03,2025,REG,IND,WAS,1.070118662351672,True,,0.4787708928615623,401736156,2988756,16,5,0,True,False,matched,4.0,2025-06-03,under,0.1291857915087397,1.8,0.8,1.0,False,False,False
2190,cf195df5-11e5-4d8f-b47a-19fdeee4b655,71,Aliyah Boston,aliyahboston,IND,points,15.5,-102.0,-128.0,10,10,2025-06-02 04:53:03+00:00,2025-06-02 04:53:03+00:00,2025-06-02 04:53:03+00:00,2025-06-03 23:00:00+00:00,0.0,2025-06-03,2025,REG,IND,WAS,1.0663540038214347,True,,0.47082505196940394,401736156,4432831,5,16,1,True,False,matched,10.0,2025-06-03,under,0.09233353039343228,1.78125,0.78125,1.0,False,False,False
2190,ac60dc30-6376-4c02-8086-836d0e428188,56,Natasha Howard,natashahoward,MIN,rebounds,6.5,-112.0,-118.0,10,10,2025-06-02 04:53:03+00:00,2025-06-02 04:53:03+00:00,2025-06-02 04:53:03+00:00,2025-06-03 23:00:00+00:00,0.0,2025-06-03,2025,REG,IND,WAS,1.0695862904621776,True,,0.49327872882454105,401736156,2529130,5,16,1,True,False,matched,2.0,2025-06-03,under,0.07400125173209554,1.847457627118644,0.847457627118644,1.0,False,False,False
2190,7ffcd434-0a36-4e11-843d-3415d4905925,573,Sonia Citron,soniacitron,WAS,threes,1.5,-130.0,-102.0,10,10,2025-06-02 04:53:03+00:00,2025-06-02 04:53:03+00:00,2025-06-02 04:53:03+00:00,2025-06-03 23:00:00+00:00,0.0,2025-06-03,2025,REG,IND,WAS,1.0701678863538528,True,,0.5312123494364493,401736156,4433524,16,5,0,True,False,matched,1.0,2025-06-03,under,0.05122374780680433,1.9803921568627452,0.9803921568627452,1.0,False,False,False
2192,edaaa959-eb79-4920-b0e0-1e7200be9cb6,208,Gabby Williams,gabbywilliams,GSV,threes,1.5,-130.0,-102.0,10,10,2025-06-02 05:16:22+00:00,2025-06-02 05:16:22+00:00,2025-06-02 05:16:22+00:00,2025-06-04 01:30:00+00:00,0.0,2025-06-03,2025,REG,SEA,DAL,1.0701678863538528,True,,0.5312123494364493,401736158,3142328,14,3,1,True,False,matched,1.0,2025-06-03,under,0.21533611549122944,1.9803921568627452,0.9803921568627452,1.0,False,False,False
2192,4bb4486b-3f22-4fa4-a7b5-d27b2651742c,176,Ezi Magbegor,ezimagbegor,SEA,rebounds,7.5,-136.0,102.0,10,10,2025-06-02 05:16:22+00:00,2025-06-02 05:16:22+00:00,2025-06-02 05:16:22+00:00,2025-06-04 01:30:00+00:00,0.0,2025-06-03,2025,REG,SEA,DAL,1.071320691391173,True,,0.5420932924427202,401736158,4420318,14,3,1,True,False,matched,7.0,2025-06-03,under,0.1415622819519577,2.02,1.02,1.0,False,False,False
2192,7df38eff-8af0-4664-a2b6-ee9dccff786c,61,Maddy Siegrist,maddysiegrist,DAL,points,9.5,-110.0,-118.0,10,10,2025-06-02 05:16:22+00:00,2025-06-02 05:16:22+00:00,2025-06-02 05:16:22+00:00,2025-06-04 01:30:00+00:00,0.0,2025-06-03,2025,REG,SEA,DAL,1.0650939274792486,True,,0.4909754767731684,401736158,4399415,3,14,0,True,False,matched,11.0,2025-06-03,under,0.13453412527658126,1.847457627118644,-1.0,1.0,False,False,False
2192,700365e7-e333-4e6a-80d1-ef6de842b849,48,DiJonai Carrington,dijonaicarrington,CHI,points,12.5,-115.0,-113.0,10,10,2025-06-02 05:16:22+00:00,2025-06-02 05:16:22+00:00,2025-06-02 05:16:22+00:00,2025-06-04 01:30:00+00:00,0.0,2025-06-03,2025,REG,SEA,DAL,1.0654001528551151,True,,0.5022557674006809,401736158,4066548,3,14,0,True,False,matched,22.0,2025-06-03,under,0.0988822053356877,1.8849557522123894,-1.0,1.0,False,False,False
2192,24ae5161-05fb-4614-abab-1408eca2b03f,63,Arike Ogunbowale,arikeogunbowale,DAL,points,17.5,-122.0,-106.0,10,10,2025-06-02 05:16:22+00:00,2025-06-02 05:16:22+00:00,2025-06-02 05:16:22+00:00,2025-06-04 01:30:00+00:00,0.0,2025-06-03,2025,REG,SEA,DAL,1.064112656345666,True,,0.518058368553134,401736158,3904577,3,14,0,True,False,matched,8.0,2025-06-03,under,0.07484315333321223,1.9433962264150944,0.9433962264150944,1.0,False,False,False
2192,fdbc3449-c808-4804-9335-ab0c43bebcf7,180,Nneka Ogwumike,nnekaogwumike,LAS,rebounds,8.5,-112.0,-118.0,10,10,2025-06-02 05:16:22+00:00,2025-06-02 05:16:22+00:00,2025-06-02 05:16:22+00:00,2025-06-04 01:30:00+00:00,0.0,2025-06-03,2025,REG,SEA,DAL,1.0695862904621776,True,,0.49327872882454105,401736158,1068,14,3,1,True,False,matched,9.0,2025-06-03,under,0.07163250905055801,1.847457627118644,-1.0,1.0,False,False,False
2191,bc101e26-a30e-452d-8449-fd72bbfc8649,117,Courtney Williams,courtneywilliams,MIN,rebounds,4.5,-158.0,118.0,10,10,2025-06-02 06:20:25+00:00,2025-06-02 06:20:25+00:00,2025-06-02 06:20:25+00:00,2025-06-04 00:00:00+00:00,0.0,2025-06-03,2025,REG,MIN,PHX,1.0711186971054691,True,,0.5796527091990534,401736157,2987891,8,11,1,True,False,matched,4.0,2025-06-03,under,0.1144357137254447,2.1799999999999997,1.1799999999999997,1.0,False,False,False
2191,f024bcd7-42de-4063-9ee6-ee1c6c722db6,112,Napheesa Collier,napheesacollier,MIN,threes,1.5,148.0,-200.0,10,10,2025-06-02 06:20:25+00:00,2025-06-02 06:20:25+00:00,2025-06-02 06:20:25+00:00,2025-06-04 00:00:00+00:00,0.0,2025-06-03,2025,REG,MIN,PHX,1.0698924731182795,True,,0.3634985050458517,401736157,3917450,8,11,1,True,False,matched,0.0,2025-06-03,under,0.10482300972090519,1.5,0.5,1.0,False,False,False
2191,399caa49-ae67-41b3-9403-9cce9272b983,121,Alanna Smith,alannasmith,DAL,threes,1.5,116.0,-154.0,10,10,2025-06-02 06:20:25+00:00,2025-06-02 06:20:25+00:00,2025-06-02 06:20:25+00:00,2025-06-04 00:00:00+00:00,0.0,2025-06-03,2025,REG,MIN,PHX,1.0692621755613883,True,,0.425792012343204,401736157,3913881,8,11,1,True,False,matched,3.0,2025-06-03,under,0.0592650479300712,1.6493506493506493,-1.0,1.0,False,False,False
2191,0586089b-5f9b-4c46-a3c4-160713189fb7,125,Kayla McBride,kaylamcbride,MIN,points,15.5,100.0,-130.0,10,10,2025-06-02 06:20:25+00:00,2025-06-02 06:20:25+00:00,2025-06-02 06:20:25+00:00,2025-06-04 00:00:00+00:00,0.0,2025-06-03,2025,REG,MIN,PHX,1.065217391304348,True,,0.4663164946059025,401736157,2529205,8,11,1,True,False,matched,13.0,2025-06-03,under,0.05760325187222087,1.7692307692307692,0.7692307692307692,1.0,False,False,False
2191,029a4586-317b-4561-9f42-11986f82b2b0,54,Satou Sabally,satousabally,NYL,points,21.5,-115.0,-113.0,10,10,2025-06-02 06:23:45+00:00,2025-06-02 06:23:45+00:00,2025-06-02 06:23:45+00:00,2025-06-04 00:00:00+00:00,0.0,2025-06-03,2025,REG,MIN,PHX,1.0654001528551151,True,,0.5022557674006809,401736157,4281929,11,8,0,True,False,matched,15.0,2025-06-03,under,0.2600593951742595,1.8849557522123894,0.8849557522123894,1.0,False,False,False
2191,e96362aa-8bee-4abf-962e-8869d9ed7258,177,Sami Whitcomb,samiwhitcomb,PHO,threes,1.5,-150.0,105.0,49,49,2025-06-02 09:24:05+00:00,2025-06-02 09:24:05+00:00,2025-06-02 09:24:05+00:00,2025-06-04 00:00:00+00:00,0.0,2025-06-03,2025,REG,MIN,PHX,1.0878048780487806,True,,0.5587058424150191,401736157,887,11,8,0,True,False,matched,0.0,2025-06-03,under,0.14259795103199752,2.05,1.0499999999999998,1.0,False,False,False
2191,7dfbbdd9-509f-4abf-9b01-4803db7dc7d8,128,Bridget Carleton,bridgetcarleton,PDX,points,9.5,275.0,-400.0,49,49,2025-06-02 23:26:27+00:00,2025-06-02 23:26:27+00:00,2025-06-02 23:26:27+00:00,2025-06-04 00:00:00+00:00,0.0,2025-06-03,2025,REG,MIN,PHX,1.0666666666666667,True,,0.22349859889953516,401736157,3906972,8,11,1,True,False,matched,3.0,2025-06-03,over,0.3186710217945038,3.75,-1.0,1.0,False,False,False
2191,444876fa-bc9d-4712-bcb1-f06b0f99503d,563,Monique Akoa Makani,moniqueakoamakani,PHO,points,10.5,-105.0,-127.0,36,36,2025-06-03 06:58:58+00:00,2025-06-03 06:58:58+00:00,2025-06-03 06:58:58+00:00,2025-06-04 00:00:00+00:00,0.0,2025-06-03,2025,REG,MIN,PHX,1.0716664875899862,True,,0.47549523736149757,401736157,5274110,11,8,0,True,False,matched,4.0,2025-06-03,under,0.2252417172725864,1.7874015748031495,0.7874015748031495,1.0,False,False,False
2194,5ce2544c-ca23-4130-8ff9-a9e6dc85c367,55,Veronica Burton,veronicaburton,GSV,threes,1.5,138.0,-186.0,10,10,2025-06-04 03:18:18+00:00,2025-06-04 03:18:18+00:00,2025-06-04 03:18:18+00:00,2025-06-06 02:00:00+00:00,0.0,2025-06-05,2025,REG,PHX,GSV,1.070517717576541,True,,0.3807086475713989,401736160,4398935,129689,11,0,True,False,matched,1.0,2025-06-05,under,0.1473748398870286,1.5376344086021505,0.5376344086021505,1.0,False,False,False
2194,72500f45-4f54-4d28-b8c3-d5af00b69877,139,Kayla Thornton,kaylathornton,GSV,points,11.5,-130.0,100.0,10,10,2025-06-04 03:18:19+00:00,2025-06-04 03:18:19+00:00,2025-06-04 03:18:19+00:00,2025-06-06 02:00:00+00:00,0.0,2025-06-05,2025,REG,PHX,GSV,1.065217391304348,True,,0.5336835053940976,401736160,2529622,129689,11,0,True,False,matched,10.0,2025-06-05,under,0.5160406912512222,2.0,1.0,1.0,False,False,False
2194,79dbfc32-74ef-4647-a535-be5386c1378c,54,Satou Sabally,satousabally,NYL,rebounds,8.5,-102.0,-130.0,10,10,2025-06-04 03:18:19+00:00,2025-06-04 03:18:19+00:00,2025-06-04 03:18:19+00:00,2025-06-06 02:00:00+00:00,0.0,2025-06-05,2025,REG,PHX,GSV,1.0701678863538528,True,,0.46878765056355093,401736160,4281929,11,129689,1,True,False,matched,7.0,2025-06-05,under,0.1716351145408785,1.7692307692307692,0.7692307692307692,1.0,False,False,False
2194,b5c0ff1c-0274-4024-a418-82e8d7ce5966,537,Janelle Salaun,janellesalaun,GSV,points,12.5,-104.0,-125.0,10,10,2025-06-04 03:18:19+00:00,2025-06-04 03:18:19+00:00,2025-06-04 03:18:19+00:00,2025-06-06 02:00:00+00:00,0.0,2025-06-05,2025,REG,PHX,GSV,1.065359477124183,True,,0.4763687479911608,401736160,4790264,129689,11,0,True,False,matched,9.0,2025-06-05,under,0.11740118807804784,1.8,0.8,1.0,False,False,False
2193,9ef73fab-6d87-4b52-84fc-03c0512d08ee,132,Sabrina Ionescu,sabrinaionescu,NYL,points,18.5,102.0,-132.0,10,10,2025-06-04 05:51:12+00:00,2025-06-04 05:51:12+00:00,2025-06-04 05:51:12+00:00,2025-06-05 23:30:00+00:00,0.0,2025-06-05,2025,REG,WAS,NYL,1.0640150221918745,True,,0.4618487426836327,401736159,4066533,9,16,0,True,False,matched,13.0,2025-06-05,under,0.22558163405285425,1.7575757575757576,0.7575757575757576,1.0,False,False,False
2193,76221825-8c5c-4f13-945b-0807d0e2ee13,182,Brittney Sykes,brittneysykes,TOR,points,19.5,102.0,-132.0,10,10,2025-06-04 05:51:12+00:00,2025-06-04 05:51:12+00:00,2025-06-04 05:51:12+00:00,2025-06-05 23:30:00+00:00,0.0,2025-06-05,2025,REG,WAS,NYL,1.0640150221918745,True,,0.4618487426836327,401736159,2988756,16,9,1,True,False,matched,7.0,2025-06-05,under,0.20676699928907838,1.7575757575757576,0.7575757575757576,1.0,False,False,False
2193,50369a47-2bd9-4741-98c6-3a7dbcaba310,573,Sonia Citron,soniacitron,WAS,rebounds,3.5,-162.0,122.0,10,10,2025-06-04 05:51:12+00:00,2025-06-04 05:51:12+00:00,2025-06-04 05:51:12+00:00,2025-06-05 23:30:00+00:00,0.0,2025-06-05,2025,REG,WAS,NYL,1.0687710611374732,True,,0.5868918088955871,401736159,4433524,16,9,1,True,False,matched,5.0,2025-06-05,under,0.09657033474277454,2.2199999999999998,-1.0,1.0,False,False,False
2193,873d10d1-17a6-4d8f-8386-69a2698ee2f5,572,Kiki Iriafen,kikiiriafen,WAS,points,12.5,-104.0,-125.0,10,10,2025-06-04 05:51:12+00:00,2025-06-04 05:51:12+00:00,2025-06-04 05:51:12+00:00,2025-06-05 23:30:00+00:00,0.0,2025-06-05,2025,REG,WAS,NYL,1.065359477124183,True,,0.4763687479911608,401736159,4898384,16,9,1,True,False,matched,17.0,2025-06-05,under,0.05847293095948569,1.8,-1.0,1.0,False,False,False
2193,13b6796b-6b11-4d1e-aff8-47c1533e1c55,141,Jonquel Jones,jonqueljones,NYL,rebounds,10.5,-136.0,102.0,10,10,2025-06-04 05:51:13+00:00,2025-06-04 05:51:13+00:00,2025-06-04 05:51:13+00:00,2025-06-05 23:30:00+00:00,0.0,2025-06-05,2025,REG,WAS,NYL,1.071320691391173,True,,0.5420932924427202,401736159,2999101,9,16,0,True,False,matched,4.0,2025-06-05,under,0.4089146411126554,2.02,1.02,1.0,False,False,False
2193,c5112726-ce26-4e79-a8ff-73422f3cef0d,137,Breanna Stewart,breannastewart,NYL,rebounds,5.5,118.0,-158.0,10,10,2025-06-04 05:51:13+00:00,2025-06-04 05:51:13+00:00,2025-06-04 05:51:13+00:00,2025-06-05 23:30:00+00:00,0.0,2025-06-05,2025,REG,WAS,NYL,1.0711186971054691,True,,0.42034729080094674,401736159,2998928,9,16,0,True,False,matched,11.0,2025-06-05,over,0.17632973027780274,2.1799999999999997,1.1799999999999997,1.0,False,False,False
2193,32facb69-b7bc-45c7-9264-07d2f535db07,163,Natasha Cloud,natashacloud,CHI,assists,6.5,102.0,-136.0,10,10,2025-06-04 05:51:13+00:00,2025-06-04 05:51:13+00:00,2025-06-04 05:51:13+00:00,2025-06-05 23:30:00+00:00,0.0,2025-06-05,2025,REG,WAS,NYL,1.071320691391173,True,,0.4579067075572801,401736159,2529137,9,16,0,True,False,matched,5.0,2025-06-05,under,0.07348099688797144,1.7352941176470589,0.7352941176470589,1.0,False,False,False
2194,3bbfd11a-e698-4070-8f1f-da85684a7bd4,300,Kitija Laksa,kitijalaksa,FA,threes,1.5,-150.0,120.0,24,24,2025-06-04 10:35:56+00:00,2025-06-04 10:35:56+00:00,2025-06-04 10:35:56+00:00,2025-06-06 02:00:00+00:00,0.0,2025-06-05,2025,REG,PHX,GSV,1.0545454545454547,True,,0.5746986093321318,401736160,3920741,11,129689,1,True,False,matched,2.0,2025-06-05,under,0.2315921245743114,2.2,-1.0,1.0,False,False,False
2194,08b01caa-46de-4ecc-8f84-1d8464fb527b,72,Temi Fagbenle,temifagbenle,TOR,points,8.5,-125.0,-105.0,49,49,2025-06-04 13:23:49+00:00,2025-06-04 13:23:49+00:00,2025-06-04 13:23:49+00:00,2025-06-06 02:00:00+00:00,0.0,2025-06-05,2025,REG,PHX,GSV,1.067750677506775,True,,0.5224258196571001,401736160,2569044,129689,11,0,True,False,matched,12.0,2025-06-05,under,0.2584366442988042,1.9523809523809523,-1.0,1.0,False,False,False
2196,3df49947-4ad0-44a2-8f6e-607dc8ded65f,82,Azura Stevens,azurastevens,CHI,rebounds,9.5,116.0,-154.0,10,10,2025-06-05 19:56:50+00:00,2025-06-05 19:56:50+00:00,2025-06-05 19:56:50+00:00,2025-06-07 01:30:00+00:00,0.0,2025-06-06,2025,REG,DAL,LAS,1.0692621755613883,True,,0.425792012343204,401736162,3142010,6,3,0,True,False,matched,6.0,2025-06-06,under,0.22304710087685536,1.6493506493506493,0.6493506493506493,1.0,False,False,False
2196,807aeac5-3c82-4184-bd3f-65fdfca2df21,101,Kelsey Plum,kelseyplum,LAS,assists,5.5,118.0,-158.0,10,10,2025-06-05 19:56:50+00:00,2025-06-05 19:56:50+00:00,2025-06-05 19:56:50+00:00,2025-06-07 01:30:00+00:00,0.0,2025-06-06,2025,REG,DAL,LAS,1.0711186971054691,True,,0.42034729080094674,401736162,3065570,6,3,0,True,False,matched,9.0,2025-06-06,under,0.19581519926344554,1.6329113924050633,-1.0,1.0,False,False,False
2196,dd98b987-a356-44c8-9106-53cb478b8cd6,89,Dearica Hamby,dearicahamby,LAS,rebounds,8.5,-114.0,-114.0,10,10,2025-06-05 19:56:50+00:00,2025-06-05 19:56:50+00:00,2025-06-05 19:56:50+00:00,2025-06-07 01:30:00+00:00,0.0,2025-06-06,2025,REG,DAL,LAS,1.0654205607476634,True,,0.5000000000000001,401736162,2566106,6,3,0,True,False,matched,4.0,2025-06-06,under,0.1924844837531881,1.8771929824561404,0.8771929824561404,1.0,False,False,False
2195,cffef3c2-0153-4d49-9bea-c0b1991babd3,49,Brionna Jones,brionnajones,ATL,rebounds,8.5,104.0,-138.0,10,10,2025-06-05 20:35:28+00:00,2025-06-05 20:35:28+00:00,2025-06-05 20:35:28+00:00,2025-06-06 23:30:00+00:00,0.0,2025-06-06,2025,REG,CON,ATL,1.0700280112044818,True,,0.4535791638529251,401736161,3058895,20,18,0,True,False,matched,6.0,2025-06-06,under,0.28986267037952645,1.7246376811594204,0.7246376811594204,1.0,False,False,False
2195,f15c3db7-27a3-45d6-9539-1eaaa8e82a1d,148,Brittney Griner,brittneygriner,CON,rebounds,6.5,-125.0,-106.0,10,10,2025-06-05 20:35:28+00:00,2025-06-05 20:35:28+00:00,2025-06-05 20:35:28+00:00,2025-06-06 23:30:00+00:00,0.0,2025-06-06,2025,REG,CON,ATL,1.070118662351672,True,,0.5212291071384377,401736161,2490553,20,18,0,True,False,matched,6.0,2025-06-06,under,0.28343138438419174,1.9433962264150944,0.9433962264150944,1.0,False,False,False
2195,f8a222bc-d651-4a98-b218-2496e9f5f7f9,15,Rhyne Howard,rhynehoward,ATL,assists,4.5,-128.0,-104.0,10,10,2025-06-05 20:35:28+00:00,2025-06-05 20:35:28+00:00,2025-06-05 20:35:28+00:00,2025-06-06 23:30:00+00:00,0.0,2025-06-06,2025,REG,CON,ATL,1.0712074303405572,True,,0.5267388899028808,401736161,4398674,20,18,0,True,False,matched,6.0,2025-06-06,under,0.24197235998876254,1.9615384615384617,-1.0,1.0,False,False,False
2195,4de7379c-dbef-4f64-a0f5-35af211566be,9,Tina Charles,tinacharles,FA,points,15.5,-122.0,-106.0,10,10,2025-06-05 20:35:28+00:00,2025-06-05 20:35:28+00:00,2025-06-05 20:35:28+00:00,2025-06-06 23:30:00+00:00,0.0,2025-06-06,2025,REG,CON,ATL,1.064112656345666,True,,0.518058368553134,401736161,918,18,20,1,True,False,matched,19.0,2025-06-06,under,0.1691471705018744,1.9433962264150944,-1.0,1.0,False,False,False
2195,d1fbbf84-4da0-4dc4-a7cb-2de92931369f,1,Allisha Gray,allishagray,ATL,assists,3.5,-148.0,112.0,10,10,2025-06-05 20:35:28+00:00,2025-06-05 20:35:28+00:00,2025-06-05 20:35:28+00:00,2025-06-06 23:30:00+00:00,0.0,2025-06-06,2025,REG,CON,ATL,1.0684723067559343,True,,0.5647227530167998,401736161,3058901,20,18,0,True,False,matched,4.0,2025-06-06,under,0.13436013882235276,2.12,-1.0,1.0,False,False,False
2195,8a876085-0349-48dd-9fbd-761be0753d9e,22,Marina Mabrey,marinamabrey,TOR,points,15.5,-108.0,-120.0,10,10,2025-06-05 20:35:28+00:00,2025-06-05 20:35:28+00:00,2025-06-05 20:35:28+00:00,2025-06-06 23:30:00+00:00,0.0,2025-06-06,2025,REG,CON,ATL,1.0646853146853146,True,,0.48646030463369283,401736161,3904576,18,20,1,True,False,matched,34.0,2025-06-06,under,0.129089640743636,1.8333333333333335,-1.0,1.0,False,False,False
2195,98a65dcf-1d6d-449a-850b-ea972938f5dd,43,Olivia Nelson-Ododa,olivianelsonododa,CON,rebounds,5.5,-158.0,118.0,10,10,2025-06-06 00:04:00+00:00,2025-06-06 00:04:00+00:00,2025-06-06 00:04:00+00:00,2025-06-06 23:30:00+00:00,0.0,2025-06-06,2025,REG,CON,ATL,1.0711186971054691,True,,0.5796527091990534,401736161,4398966,18,20,1,True,False,matched,1.0,2025-06-06,under,0.4019137730933996,2.1799999999999997,1.1799999999999997,1.0,False,False,False
2194,8cc4804e-7dc5-4bef-b407-fe19deaebe9d,177,Sami Whitcomb,samiwhitcomb,PHO,points,9.5,-114.0,-114.0,10,10,2025-06-06 01:48:09+00:00,2025-06-06 01:48:09+00:00,2025-06-06 01:48:09+00:00,2025-06-06 02:00:00+00:00,0.0,2025-06-05,2025,REG,PHX,GSV,1.0654205607476634,True,,0.5000000000000001,401736160,887,11,129689,1,True,False,matched,9.0,2025-06-05,under,0.24635572130158934,1.8771929824561404,0.8771929824561404,1.0,False,False,False
2198,09bb133f-be56-4c00-a78d-993655c7aabb,71,Aliyah Boston,aliyahboston,IND,assists,3.5,-172.0,128.0,10,10,2025-06-06 05:29:50+00:00,2025-06-06 05:29:50+00:00,2025-06-06 05:29:50+00:00,2025-06-08 00:00:00+00:00,0.0,2025-06-07,2025,REG,CHI,IND,1.0709494324045408,True,,0.6004234693007796,401736164,4432831,5,19,0,True,False,matched,5.0,2025-06-07,under,0.2673075616661751,2.2800000000000002,-1.0,1.0,False,False,False
2198,63b24c9d-046c-4186-9225-709d222bc45b,26,Angel Reese,angelreese,ATL,assists,2.5,-136.0,102.0,10,10,2025-06-06 05:29:50+00:00,2025-06-06 05:29:50+00:00,2025-06-06 05:29:50+00:00,2025-06-08 00:00:00+00:00,0.0,2025-06-07,2025,REG,CHI,IND,1.071320691391173,True,,0.5420932924427202,401736164,4433402,19,5,1,True,False,matched,2.0,2025-06-07,under,0.1443825645550742,2.02,1.02,1.0,False,False,False
2198,eb343a8e-d82e-484d-81bf-1208709ea810,185,Ariel Atkins,arielatkins,LAS,points,15.5,-104.0,-125.0,10,10,2025-06-06 05:29:50+00:00,2025-06-06 05:29:50+00:00,2025-06-06 05:29:50+00:00,2025-06-08 00:00:00+00:00,0.0,2025-06-07,2025,REG,CHI,IND,1.065359477124183,True,,0.4763687479911608,401736164,3146151,19,5,1,True,False,matched,4.0,2025-06-07,under,0.10851174545781467,1.8,0.8,1.0,False,False,False
2198,d47d6bcd-9352-4adb-ad59-8e93f016fd75,145,Courtney Vandersloot,courtneyvandersloot,CHI,assists,6.5,-136.0,102.0,10,10,2025-06-06 05:29:51+00:00,2025-06-06 05:29:51+00:00,2025-06-06 05:29:51+00:00,2025-06-08 00:00:00+00:00,0.0,2025-06-07,2025,REG,CHI,IND,1.071320691391173,True,,0.5420932924427202,401736164,981,19,5,1,True,False,matched,0.0,2025-06-07,under,0.4154919145754966,2.02,1.02,1.0,False,False,False
2198,b66573dd-325a-4de6-ade9-21b363931c0d,70,Kelsey Mitchell,kelseymitchell,IND,points,20.5,-106.0,-122.0,10,10,2025-06-06 05:29:51+00:00,2025-06-06 05:29:51+00:00,2025-06-06 05:29:51+00:00,2025-06-08 00:00:00+00:00,0.0,2025-06-07,2025,REG,CHI,IND,1.064112656345666,True,,0.4819416314468661,401736164,3142191,5,19,0,True,False,matched,17.0,2025-06-07,under,0.1632884928103981,1.819672131147541,0.819672131147541,1.0,False,False,False
2199,4048e52e-1a5a-4818-8f37-5aeb21683ef2,180,Nneka Ogwumike,nnekaogwumike,LAS,points,17.5,-120.0,-108.0,10,10,2025-06-06 05:47:05+00:00,2025-06-06 05:47:05+00:00,2025-06-06 05:47:05+00:00,2025-06-08 02:00:00+00:00,0.0,2025-06-07,2025,REG,PHX,SEA,1.0646853146853146,True,,0.5135396953663074,401736165,1068,14,11,0,True,False,matched,13.0,2025-06-07,under,0.26643776416892395,1.925925925925926,0.925925925925926,1.0,False,False,False
2199,abf875cf-1640-4884-b9c5-8b0eb30dce16,54,Satou Sabally,satousabally,NYL,threes,1.5,-178.0,132.0,10,10,2025-06-06 05:47:05+00:00,2025-06-06 05:47:05+00:00,2025-06-06 05:47:05+00:00,2025-06-08 02:00:00+00:00,0.0,2025-06-07,2025,REG,PHX,SEA,1.0713222525427932,True,,0.6084851511650193,401736165,4281929,11,14,1,True,False,matched,2.0,2025-06-07,under,0.21278117978958194,2.3200000000000003,-1.0,1.0,False,False,False
2199,ca5fd2d9-456c-4eef-82bd-3c54a84a15c6,208,Gabby Williams,gabbywilliams,GSV,points,14.5,102.0,-132.0,10,10,2025-06-06 05:47:05+00:00,2025-06-06 05:47:05+00:00,2025-06-06 05:47:05+00:00,2025-06-08 02:00:00+00:00,0.0,2025-06-07,2025,REG,PHX,SEA,1.0640150221918745,True,,0.4618487426836327,401736165,3142328,14,11,0,True,False,matched,21.0,2025-06-07,under,0.1724487969662713,1.7575757575757576,-1.0,1.0,False,False,False
2199,f323cf96-0687-4bdd-86b8-15810e87c6cc,175,Skylar Diggins,skylardiggins,CHI,points,17.5,-104.0,-125.0,10,10,2025-06-06 05:47:05+00:00,2025-06-06 05:47:05+00:00,2025-06-06 05:47:05+00:00,2025-06-08 02:00:00+00:00,0.0,2025-06-07,2025,REG,PHX,SEA,1.065359477124183,True,,0.4763687479911608,401736165,2491205,14,11,0,True,False,matched,26.0,2025-06-07,under,0.1598494181388157,1.8,-1.0,1.0,False,False,False
2199,b1c9e37f-46b8-43e0-8fc5-c9e608daaf64,176,Ezi Magbegor,ezimagbegor,SEA,rebounds,8.5,112.0,-148.0,10,10,2025-06-06 05:47:05+00:00,2025-06-06 05:47:05+00:00,2025-06-06 05:47:05+00:00,2025-06-08 02:00:00+00:00,0.0,2025-06-07,2025,REG,PHX,SEA,1.0684723067559343,True,,0.43527724698320036,401736165,4420318,14,11,0,True,False,matched,8.0,2025-06-07,under,0.11904010839071388,1.6756756756756757,0.6756756756756757,1.0,False,False,False
2197,74def887-32b3-46d6-a4d3-075aa4ecee0d,139,Kayla Thornton,kaylathornton,GSV,points,11.5,-115.0,-113.0,10,10,2025-06-06 06:21:01+00:00,2025-06-06 06:21:01+00:00,2025-06-06 06:21:01+00:00,2025-06-07 19:00:00+00:00,0.0,2025-06-07,2025,REG,GSV,LVA,1.0654001528551151,True,,0.5022557674006809,401736163,2529622,129689,17,1,True,False,matched,22.0,2025-06-07,under,0.43067609060093365,1.8849557522123894,-1.0,1.0,False,False,False
2197,a40be21e-f3de-4ac4-bbd6-d2060ef9ed18,55,Veronica Burton,veronicaburton,GSV,points,10.5,-120.0,-108.0,10,10,2025-06-06 06:21:01+00:00,2025-06-06 06:21:01+00:00,2025-06-06 06:21:01+00:00,2025-06-07 19:00:00+00:00,0.0,2025-06-07,2025,REG,GSV,LVA,1.0646853146853146,True,,0.5135396953663074,401736163,4398935,129689,17,1,True,False,matched,14.0,2025-06-07,under,0.3755491709120994,1.925925925925926,-1.0,1.0,False,False,False
2197,b0a78da2-15ab-41c5-b918-a939e785fc9e,102,Jackie Young,jackieyoung,LVA,rebounds,3.5,140.0,-188.0,10,10,2025-06-06 06:21:01+00:00,2025-06-06 06:21:01+00:00,2025-06-06 06:21:01+00:00,2025-06-07 19:00:00+00:00,0.0,2025-06-07,2025,REG,GSV,LVA,1.0694444444444444,True,,0.37770717896550643,401736163,4065870,17,129689,0,True,False,matched,3.0,2025-06-07,over,0.26366875881886376,2.4,-1.0,1.0,False,False,False
2197,af216461-f69a-405b-b143-93213bd53423,103,A'ja Wilson,ajawilson,LVA,assists,3.5,-128.0,-104.0,10,10,2025-06-06 06:21:01+00:00,2025-06-06 06:21:01+00:00,2025-06-06 06:21:01+00:00,2025-06-07 19:00:00+00:00,0.0,2025-06-07,2025,REG,GSV,LVA,1.0712074303405572,True,,0.5267388899028808,401736163,3149391,17,129689,0,True,False,matched,2.0,2025-06-07,under,0.2561225821292236,1.9615384615384617,0.9615384615384617,1.0,False,False,False
2197,4e81dd1d-94d9-4136-a583-3f2b63f42774,166,Jewell Loyd,jewellloyd,LVA,assists,3.5,144.0,-194.0,10,10,2025-06-06 06:21:01+00:00,2025-06-06 06:21:01+00:00,2025-06-06 06:21:01+00:00,2025-06-07 19:00:00+00:00,0.0,2025-06-07,2025,REG,GSV,LVA,1.0697000111520019,True,,0.3704715671741537,401736163,2987869,17,129689,0,True,False,matched,1.0,2025-06-07,under,0.1727043361686558,1.5154639175257731,0.5154639175257731,1.0,False,False,False
2197,4db872ec-6c44-48ec-8810-f822d6bf3b31,537,Janelle Salaun,janellesalaun,GSV,points,11.5,-122.0,-106.0,10,10,2025-06-06 06:21:01+00:00,2025-06-06 06:21:01+00:00,2025-06-06 06:21:01+00:00,2025-06-07 19:00:00+00:00,0.0,2025-06-07,2025,REG,GSV,LVA,1.064112656345666,True,,0.518058368553134,401736163,4790264,129689,17,1,True,False,matched,4.0,2025-06-07,under,0.1102502772800259,1.9433962264150944,0.9433962264150944,1.0,False,False,False
2197,2b57a4cb-0220-41b5-a053-4b750652008e,107,Chelsea Gray,chelseagray,LVA,points,10.5,-128.0,-102.0,10,10,2025-06-06 06:21:01+00:00,2025-06-06 06:21:01+00:00,2025-06-06 06:21:01+00:00,2025-06-07 19:00:00+00:00,0.0,2025-06-07,2025,REG,GSV,LVA,1.0663540038214347,True,,0.5291749480305961,401736163,2529122,17,129689,0,True,False,matched,16.0,2025-06-07,under,0.05855469557207388,1.9803921568627452,-1.0,1.0,False,False,False
2195,19c42ff7-05fd-48de-80bf-978b018c81d4,518,Saniya Rivers,saniyarivers,CON,points,8.5,-115.0,-115.0,49,49,2025-06-06 11:31:15+00:00,2025-06-06 11:31:15+00:00,2025-06-06 11:31:15+00:00,2025-06-06 23:30:00+00:00,0.0,2025-06-06,2025,REG,CON,ATL,1.0697674418604652,True,,0.5,401736161,4433514,18,20,1,True,False,matched,9.0,2025-06-06,under,0.11083046788110346,1.8695652173913042,-1.0,1.0,False,False,False
2196,792bfcb5-53ee-452f-9347-1a8abc927b5a,61,Maddy Siegrist,maddysiegrist,DAL,points,11.5,105.0,-150.0,33,33,2025-06-06 12:06:07+00:00,2025-06-06 12:06:07+00:00,2025-06-06 12:06:07+00:00,2025-06-07 01:30:00+00:00,0.0,2025-06-06,2025,REG,DAL,LAS,1.0878048780487806,True,,0.44129415758498114,401736162,4399415,3,6,1,True,False,matched,4.0,2025-06-06,under,0.08208349457998698,1.6666666666666665,0.6666666666666665,1.0,False,False,False
2198,ecaa527a-0aaf-41e0-8e49-d7bd425f236f,56,Natasha Howard,natashahoward,MIN,points,9.5,-105.0,-125.0,19,19,2025-06-07 04:08:44+00:00,2025-06-07 04:08:44+00:00,2025-06-07 04:08:44+00:00,2025-06-08 00:00:00+00:00,0.0,2025-06-07,2025,REG,CHI,IND,1.067750677506775,True,,0.47757418034290006,401736164,2529130,5,19,0,True,False,matched,13.0,2025-06-07,over,0.11612023086641854,1.9523809523809523,0.9523809523809523,1.0,False,False,False
2199,5456b083-648d-4441-b913-8a82d1bd2688,177,Sami Whitcomb,samiwhitcomb,PHO,threes,1.5,-125.0,-105.0,13,13,2025-06-07 14:22:10+00:00,2025-06-07 14:22:10+00:00,2025-06-07 14:22:10+00:00,2025-06-08 02:00:00+00:00,0.0,2025-06-07,2025,REG,PHX,SEA,1.067750677506775,True,,0.5224258196571001,401736165,887,11,14,1,True,False,matched,1.0,2025-06-07,under,0.07655236365425577,1.9523809523809523,0.9523809523809523,1.0,False,False,False
2197,9fb91f77-a52c-4389-885d-10eb3d19c14d,72,Temi Fagbenle,temifagbenle,TOR,points,9.5,105.0,-150.0,33,33,2025-06-07 16:35:02+00:00,2025-06-07 16:35:02+00:00,2025-06-07 16:35:02+00:00,2025-06-07 19:00:00+00:00,0.0,2025-06-07,2025,REG,GSV,LVA,1.0878048780487806,True,,0.44129415758498114,401736163,2569044,129689,17,1,True,False,matched,7.0,2025-06-07,under,0.07736281038436088,1.6666666666666665,0.6666666666666665,1.0,False,False,False
2198,7a8302f6-ad70-4eb2-accf-150c2ce5dc70,30,Kamilla Cardoso,kamillacardoso,CHI,points,10.5,-120.0,-108.0,10,10,2025-06-07 16:50:51+00:00,2025-06-07 16:50:51+00:00,2025-06-07 16:50:51+00:00,2025-06-08 00:00:00+00:00,0.0,2025-06-07,2025,REG,CHI,IND,1.0646853146853146,True,,0.5135396953663074,401736164,4433405,19,5,1,True,False,matched,8.0,2025-06-07,under,0.1474565120916192,1.925925925925926,0.925925925925926,1.0,False,False,False
2198,0e18f856-c0e6-4615-9785-2d833fe4d3e2,76,Lexie Hull,lexiehull,IND,points,10.5,-105.0,-125.0,19,19,2025-06-07 18:30:59+00:00,2025-06-07 18:30:59+00:00,2025-06-07 18:30:59+00:00,2025-06-08 00:00:00+00:00,0.0,2025-06-07,2025,REG,CHI,IND,1.067750677506775,True,,0.47757418034290006,401736164,4398829,5,19,0,True,False,matched,9.0,2025-06-07,under,0.17316943644027566,1.8,0.8,1.0,False,False,False
2198,5b7cce1a-d92d-480b-aedb-1717bfea429a,96,Kia Nurse,kianurse,TOR,points,9.5,-115.0,-120.0,33,33,2025-06-07 23:41:04+00:00,2025-06-07 23:41:04+00:00,2025-06-07 23:41:04+00:00,2025-06-08 00:00:00+00:00,0.0,2025-06-07,2025,REG,CHI,IND,1.080338266384778,True,,0.4944937749375121,401736164,3142327,19,5,1,True,False,matched,3.0,2025-06-07,under,0.1708651674722932,1.8333333333333335,0.8333333333333335,1.0,False,False,False
2200,a86f78d8-49e9-4edf-a18c-013c2e01982c,9,Tina Charles,tinacharles,FA,points,16.5,-113.0,-115.0,10,10,2025-06-08 00:28:21+00:00,2025-06-08 00:28:21+00:00,2025-06-08 00:28:21+00:00,2025-06-08 19:00:00+00:00,0.0,2025-06-08,2025,REG,WAS,CON,1.0654001528551151,True,,0.49774423259931944,401736166,918,18,16,0,True,False,matched,17.0,2025-06-08,under,0.1424103908893819,1.8695652173913042,-1.0,1.0,False,False,False
2200,093d5283-8aa9-4c79-925d-c529fae61a69,22,Marina Mabrey,marinamabrey,TOR,points,15.5,-130.0,100.0,10,10,2025-06-08 00:28:21+00:00,2025-06-08 00:28:21+00:00,2025-06-08 00:28:21+00:00,2025-06-08 19:00:00+00:00,0.0,2025-06-08,2025,REG,WAS,CON,1.065217391304348,True,,0.5336835053940976,401736166,3904576,18,16,0,True,False,matched,15.0,2025-06-08,under,0.09854214650915982,2.0,1.0,1.0,False,False,False
2200,6b9be666-c002-4f94-ba6f-264816be2402,182,Brittney Sykes,brittneysykes,TOR,points,18.5,-110.0,-118.0,10,10,2025-06-08 00:28:22+00:00,2025-06-08 00:28:22+00:00,2025-06-08 00:28:22+00:00,2025-06-08 19:00:00+00:00,0.0,2025-06-08,2025,REG,WAS,CON,1.0650939274792486,True,,0.4909754767731684,401736166,2988756,16,18,1,True,False,matched,28.0,2025-06-08,under,0.1650049838725593,1.847457627118644,-1.0,1.0,False,False,False
2201,e41d368e-5c31-4eb2-86f4-831f88550ed2,112,Napheesa Collier,napheesacollier,MIN,rebounds,9.5,-138.0,104.0,10,10,2025-06-08 01:10:34+00:00,2025-06-08 01:10:34+00:00,2025-06-08 01:10:34+00:00,2025-06-08 20:00:00+00:00,0.0,2025-06-08,2025,REG,DAL,MIN,1.0700280112044818,True,,0.5464208361470752,401736167,3917450,8,3,0,True,False,matched,10.0,2025-06-08,under,0.2490514865299051,2.04,-1.0,1.0,False,False,False
2201,cd1eec45-b7b1-486d-b009-75ac600ff3ab,63,Arike Ogunbowale,arikeogunbowale,DAL,assists,3.5,-104.0,-128.0,10,10,2025-06-08 01:10:34+00:00,2025-06-08 01:10:34+00:00,2025-06-08 01:10:34+00:00,2025-06-08 20:00:00+00:00,0.0,2025-06-08,2025,REG,DAL,MIN,1.0712074303405572,True,,0.4732611100971195,401736167,3904577,3,8,1,True,False,matched,6.0,2025-06-08,over,0.059493188058488466,1.9615384615384617,0.9615384615384617,1.0,False,False,False
2201,810a1720-c568-40a5-9817-ac8f81328cdb,117,Courtney Williams,courtneywilliams,MIN,rebounds,4.5,-162.0,122.0,10,10,2025-06-08 01:14:03+00:00,2025-06-08 01:14:03+00:00,2025-06-08 01:14:03+00:00,2025-06-08 20:00:00+00:00,0.0,2025-06-08,2025,REG,DAL,MIN,1.0687710611374732,True,,0.5868918088955871,401736167,2987891,8,3,0,True,False,matched,2.0,2025-06-08,under,0.29505046928772977,2.2199999999999998,1.2199999999999998,1.0,False,False,False
2201,8296cafc-95f6-4e33-88c7-f9a07a0f17ff,125,Kayla McBride,kaylamcbride,MIN,threes,2.5,-118.0,-112.0,10,10,2025-06-08 01:14:03+00:00,2025-06-08 01:14:03+00:00,2025-06-08 01:14:03+00:00,2025-06-08 20:00:00+00:00,0.0,2025-06-08,2025,REG,DAL,MIN,1.0695862904621776,True,,0.5067212711754592,401736167,2529205,8,3,0,True,False,matched,6.0,2025-06-08,under,0.1437554742368225,1.8928571428571428,-1.0,1.0,False,False,False
2201,06a43a23-e328-4775-b557-c03b5dd10fe5,48,DiJonai Carrington,dijonaicarrington,CHI,points,13.5,-104.0,-125.0,10,10,2025-06-08 01:14:03+00:00,2025-06-08 01:14:03+00:00,2025-06-08 01:14:03+00:00,2025-06-08 20:00:00+00:00,0.0,2025-06-08,2025,REG,DAL,MIN,1.065359477124183,True,,0.4763687479911608,401736167,4066548,3,8,1,True,False,matched,6.0,2025-06-08,under,0.09596959088032753,1.8,0.8,1.0,False,False,False
2201,15ea663d-d12a-41c8-8dd4-0aa28c1e401e,121,Alanna Smith,alannasmith,DAL,points,9.5,-114.0,-114.0,10,10,2025-06-08 01:17:44+00:00,2025-06-08 01:17:44+00:00,2025-06-08 01:17:44+00:00,2025-06-08 20:00:00+00:00,0.0,2025-06-08,2025,REG,DAL,MIN,1.0654205607476634,True,,0.5000000000000001,401736167,3913881,8,3,0,True,False,matched,4.0,2025-06-08,under,0.06116816809680936,1.8771929824561404,0.8771929824561404,1.0,False,False,False
2202,ae55e625-6bc6-45ff-8634-d345dd07c07a,101,Kelsey Plum,kelseyplum,LAS,assists,5.5,110.0,-140.0,24,24,2025-06-08 12:30:30+00:00,2025-06-08 12:30:30+00:00,2025-06-08 12:30:30+00:00,2025-06-10 02:00:00+00:00,0.0,2025-06-09,2025,REG,LAS,GSV,1.0595238095238093,True,,0.44483204521110303,401736168,3065570,6,129689,1,True,False,matched,7.0,2025-06-09,under,0.24882680135082164,1.7142857142857144,-1.0,1.0,False,False,False
2202,b9224fbe-da57-499c-95d4-8cfce0a02136,55,Veronica Burton,veronicaburton,GSV,assists,4.5,-115.0,-115.0,24,24,2025-06-08 12:30:30+00:00,2025-06-08 12:30:30+00:00,2025-06-08 12:30:30+00:00,2025-06-10 02:00:00+00:00,0.0,2025-06-09,2025,REG,LAS,GSV,1.0697674418604652,True,,0.5,401736168,4398935,129689,6,0,True,False,matched,6.0,2025-06-09,under,0.15879160936888542,1.8695652173913042,-1.0,1.0,False,False,False
2202,475fc21d-f5f6-46fd-99dc-1b488131245d,89,Dearica Hamby,dearicahamby,LAS,assists,3.5,-115.0,-115.0,24,24,2025-06-08 12:30:30+00:00,2025-06-08 12:30:30+00:00,2025-06-08 12:30:30+00:00,2025-06-10 02:00:00+00:00,0.0,2025-06-09,2025,REG,LAS,GSV,1.0697674418604652,True,,0.5,401736168,2566106,6,129689,1,True,False,matched,5.0,2025-06-09,under,0.07660795260875891,1.8695652173913042,-1.0,1.0,False,False,False
2202,65545213-f7c8-4b95-9635-4abbc43859ac,139,Kayla Thornton,kaylathornton,GSV,points,12.5,102.0,-132.0,10,10,2025-06-08 14:49:17+00:00,2025-06-08 14:49:17+00:00,2025-06-08 14:49:17+00:00,2025-06-10 02:00:00+00:00,0.0,2025-06-09,2025,REG,LAS,GSV,1.0640150221918745,True,,0.4618487426836327,401736168,2529622,129689,6,0,True,False,matched,18.0,2025-06-09,under,0.19358382224143816,1.7575757575757576,-1.0,1.0,False,False,False
2202,5d9129c9-45a8-4288-b91d-f6222b16572d,537,Janelle Salaun,janellesalaun,GSV,rebounds,4.5,132.0,-178.0,10,10,2025-06-08 14:49:17+00:00,2025-06-08 14:49:17+00:00,2025-06-08 14:49:17+00:00,2025-06-10 02:00:00+00:00,0.0,2025-06-09,2025,REG,LAS,GSV,1.0713222525427932,True,,0.39151484883498083,401736168,4790264,129689,6,0,True,False,matched,8.0,2025-06-09,over,0.07224060743516414,2.3200000000000003,1.3200000000000003,1.0,False,False,False
2202,d16d6108-4d16-41e3-9026-66cc0aa06df9,82,Azura Stevens,azurastevens,CHI,points,13.5,100.0,-130.0,10,10,2025-06-08 15:13:48+00:00,2025-06-08 15:13:48+00:00,2025-06-08 15:13:48+00:00,2025-06-10 02:00:00+00:00,0.0,2025-06-09,2025,REG,LAS,GSV,1.065217391304348,True,,0.4663164946059025,401736168,3142010,6,129689,1,True,False,matched,6.0,2025-06-09,under,0.12336073141825721,1.7692307692307692,0.7692307692307692,1.0,False,False,False
2203,f9ab998f-f122-4c04-9709-5ea057eb4bce,15,Rhyne Howard,rhynehoward,ATL,assists,5.5,105.0,-135.0,24,24,2025-06-09 11:13:37+00:00,2025-06-09 11:13:37+00:00,2025-06-09 11:13:37+00:00,2025-06-10 23:30:00+00:00,0.0,2025-06-10,2025,REG,ATL,IND,1.0622729631551635,True,,0.45531139401703796,401736169,4398674,20,5,1,True,False,matched,5.0,2025-06-10,under,0.2593640511977923,1.7407407407407407,0.7407407407407407,1.0,False,False,False
2203,3847a801-f60f-4a60-906b-071cff64e856,70,Kelsey Mitchell,kelseymitchell,IND,assists,2.5,-135.0,105.0,24,24,2025-06-09 11:13:37+00:00,2025-06-09 11:13:37+00:00,2025-06-09 11:13:37+00:00,2025-06-10 23:30:00+00:00,0.0,2025-06-10,2025,REG,ATL,IND,1.0622729631551635,True,,0.5446886059829622,401736169,3142191,5,20,0,True,False,matched,1.0,2025-06-10,under,0.22776339011887137,2.05,1.0499999999999998,1.0,False,False,False
2203,1b7e4f5d-790e-4f7f-adf6-30f6fcb6b2a7,1,Allisha Gray,allishagray,ATL,assists,4.5,105.0,-135.0,24,24,2025-06-09 11:13:37+00:00,2025-06-09 11:13:37+00:00,2025-06-09 11:13:37+00:00,2025-06-10 23:30:00+00:00,0.0,2025-06-10,2025,REG,ATL,IND,1.0622729631551635,True,,0.45531139401703796,401736169,3058901,20,5,1,True,False,matched,4.0,2025-06-10,under,0.18951515213521453,1.7407407407407407,0.7407407407407407,1.0,False,False,False
2203,f8df796e-68eb-427f-aba6-1641d527f414,71,Aliyah Boston,aliyahboston,IND,assists,3.5,-135.0,105.0,24,24,2025-06-09 11:13:37+00:00,2025-06-09 11:13:37+00:00,2025-06-09 11:13:37+00:00,2025-06-10 23:30:00+00:00,0.0,2025-06-10,2025,REG,ATL,IND,1.0622729631551635,True,,0.5446886059829622,401736169,4432831,5,20,0,True,False,matched,5.0,2025-06-10,under,0.16920948443933864,2.05,-1.0,1.0,False,False,False
2204,07027488-4a77-4b1e-b43b-e3877914fc3e,132,Sabrina Ionescu,sabrinaionescu,NYL,threes,2.5,-155.0,125.0,24,24,2025-06-09 11:17:00+00:00,2025-06-09 11:17:00+00:00,2025-06-09 11:17:00+00:00,2025-06-11 00:00:00+00:00,0.0,2025-06-10,2025,REG,NYL,CHI,1.0522875816993464,True,,0.5838155470394836,401736170,4066533,9,19,1,True,False,matched,2.0,2025-06-10,under,0.1357556311336397,2.25,1.25,1.0,False,False,False
2204,1420b668-42a6-41e8-beb3-02094128ba6f,185,Ariel Atkins,arielatkins,LAS,threes,1.5,-140.0,110.0,24,24,2025-06-09 11:17:00+00:00,2025-06-09 11:17:00+00:00,2025-06-09 11:17:00+00:00,2025-06-11 00:00:00+00:00,0.0,2025-06-10,2025,REG,NYL,CHI,1.0595238095238093,True,,0.555167954788897,401736170,3146151,19,9,0,True,False,matched,0.0,2025-06-10,under,0.0719632661030955,2.1,1.1,1.0,False,False,False
2203,af05057b-b5ff-4a26-a736-f6f243fc7b02,49,Brionna Jones,brionnajones,ATL,rebounds,6.5,-165.0,115.0,33,33,2025-06-09 16:21:36+00:00,2025-06-09 16:21:36+00:00,2025-06-09 16:21:36+00:00,2025-06-10 23:30:00+00:00,0.0,2025-06-10,2025,REG,ATL,IND,1.0877577885037297,True,,0.5824354934595865,401736169,3058895,20,5,1,True,False,matched,10.0,2025-06-10,under,0.17564528169905652,2.15,-1.0,1.0,False,False,False
2203,ba276ffa-7411-4689-82fa-68113a0bbaac,148,Brittney Griner,brittneygriner,CON,rebounds,6.5,-135.0,-105.0,33,33,2025-06-09 16:21:36+00:00,2025-06-09 16:21:36+00:00,2025-06-09 16:21:36+00:00,2025-06-10 23:30:00+00:00,0.0,2025-06-10,2025,REG,ATL,IND,1.0866632070576026,True,,0.532558613996297,401736169,2490553,20,5,1,True,False,matched,4.0,2025-06-10,under,0.1514601587279958,1.9523809523809523,0.9523809523809523,1.0,False,False,False
2204,15184791-00af-472f-95a8-871759e99597,26,Angel Reese,angelreese,ATL,rebounds,11.5,-170.0,120.0,33,33,2025-06-09 16:25:03+00:00,2025-06-09 16:25:03+00:00,2025-06-09 16:25:03+00:00,2025-06-11 00:00:00+00:00,0.0,2025-06-10,2025,REG,NYL,CHI,1.0841750841750841,True,,0.5914367336052418,401736170,4433402,19,9,0,True,False,matched,11.0,2025-06-10,under,0.19488565495460913,2.2,1.2000000000000002,1.0,False,False,False
2204,02996933-04a4-40a8-b595-7e72692994d3,30,Kamilla Cardoso,kamillacardoso,CHI,points,10.5,-105.0,-135.0,33,33,2025-06-09 16:25:03+00:00,2025-06-09 16:25:03+00:00,2025-06-09 16:25:03+00:00,2025-06-11 00:00:00+00:00,0.0,2025-06-10,2025,REG,NYL,CHI,1.0866632070576026,True,,0.46744138600370294,401736170,4433405,19,9,0,True,False,matched,8.0,2025-06-10,under,0.13435995456715316,1.7407407407407407,0.7407407407407407,1.0,False,False,False
2202,df175b7c-7cf7-4a9b-97d7-f4b949136ca4,72,Temi Fagbenle,temifagbenle,TOR,points,8.5,-115.0,-115.0,19,19,2025-06-09 18:05:12+00:00,2025-06-09 18:05:12+00:00,2025-06-09 18:05:12+00:00,2025-06-10 02:00:00+00:00,0.0,2025-06-09,2025,REG,LAS,GSV,1.0697674418604652,True,,0.5,401736168,2569044,129689,6,0,True,False,matched,14.0,2025-06-09,under,0.26050751941914024,1.8695652173913042,-1.0,1.0,False,False,False
2204,617094c0-1677-486e-8492-656b5d715dd8,163,Natasha Cloud,natashacloud,CHI,rebounds,3.5,-104.0,-128.0,10,10,2025-06-09 18:24:24+00:00,2025-06-09 18:24:24+00:00,2025-06-09 18:24:24+00:00,2025-06-11 00:00:00+00:00,0.0,2025-06-10,2025,REG,NYL,CHI,1.0712074303405572,True,,0.4732611100971195,401736170,2529137,9,19,1,True,False,matched,3.0,2025-06-10,under,0.05462766009942022,1.78125,0.78125,1.0,False,False,False
2202,c00d840a-3fdc-479e-8d72-dac5301c6ab1,109,Kate Martin,katemartin,LAS,points,8.5,-110.0,-120.0,49,49,2025-06-10 00:52:32+00:00,2025-06-10 00:52:32+00:00,2025-06-10 00:52:32+00:00,2025-06-10 02:00:00+00:00,0.0,2025-06-09,2025,REG,LAS,GSV,1.0692640692640691,True,,0.4887959885212434,401736168,4398907,129689,6,0,True,False,matched,0.0,2025-06-09,under,0.40661526911138723,1.8333333333333335,0.8333333333333335,1.0,False,False,False
2204,f2d7231f-fbba-4199-a108-e148debf6b59,96,Kia Nurse,kianurse,TOR,points,7.5,-130.0,100.0,19,19,2025-06-10 03:07:53+00:00,2025-06-10 03:07:53+00:00,2025-06-10 03:07:53+00:00,2025-06-11 00:00:00+00:00,0.0,2025-06-10,2025,REG,NYL,CHI,1.065217391304348,True,,0.5336835053940976,401736170,3142327,19,9,0,True,False,matched,8.0,2025-06-10,under,0.2848461024599296,2.0,-1.0,1.0,False,False,False
2205,8b62e98c-0b26-49d5-ac71-dac2f0fe2b70,208,Gabby Williams,gabbywilliams,GSV,threes,2.5,124.0,-166.0,10,10,2025-06-10 06:10:52+00:00,2025-06-10 06:10:52+00:00,2025-06-10 06:10:52+00:00,2025-06-12 02:00:00+00:00,0.0,2025-06-11,2025,REG,SEA,MIN,1.0704887218045114,True,,0.40796342297849103,401736173,3142328,14,8,1,True,False,matched,0.0,2025-06-11,under,0.2689707910580108,1.6024096385542168,0.6024096385542168,1.0,False,False,False
2205,d5f5b372-d8cf-4111-b103-39d0a39ac9ac,112,Napheesa Collier,napheesacollier,MIN,assists,3.5,-138.0,104.0,10,10,2025-06-10 06:10:52+00:00,2025-06-10 06:10:52+00:00,2025-06-10 06:10:52+00:00,2025-06-12 02:00:00+00:00,0.0,2025-06-11,2025,REG,SEA,MIN,1.0700280112044818,True,,0.5464208361470752,401736173,3917450,8,14,0,True,False,matched,5.0,2025-06-11,under,0.15908731684967214,2.04,-1.0,1.0,False,False,False
2205,1ca36890-42f5-442b-a7fc-dd98d79a6992,117,Courtney Williams,courtneywilliams,MIN,assists,5.5,-130.0,-102.0,10,10,2025-06-10 06:10:52+00:00,2025-06-10 06:10:52+00:00,2025-06-10 06:10:52+00:00,2025-06-12 02:00:00+00:00,0.0,2025-06-11,2025,REG,SEA,MIN,1.0701678863538528,True,,0.5312123494364493,401736173,2987891,8,14,0,True,False,matched,6.0,2025-06-11,under,0.13141159585095813,1.9803921568627452,-1.0,1.0,False,False,False
2205,210e5ab9-2648-498c-b156-9df91ebfe05b,176,Ezi Magbegor,ezimagbegor,SEA,rebounds,7.5,-118.0,-112.0,10,10,2025-06-10 06:10:52+00:00,2025-06-10 06:10:52+00:00,2025-06-10 06:10:52+00:00,2025-06-12 02:00:00+00:00,0.0,2025-06-11,2025,REG,SEA,MIN,1.0695862904621776,True,,0.5067212711754592,401736173,4420318,14,8,1,True,False,matched,8.0,2025-06-11,under,0.11916684940578653,1.8928571428571428,-1.0,1.0,False,False,False
2205,746b24c5-4a45-4d36-8608-ae06aa13d5cb,175,Skylar Diggins,skylardiggins,CHI,assists,5.5,-128.0,-104.0,10,10,2025-06-10 06:10:52+00:00,2025-06-10 06:10:52+00:00,2025-06-10 06:10:52+00:00,2025-06-12 02:00:00+00:00,0.0,2025-06-11,2025,REG,SEA,MIN,1.0712074303405572,True,,0.5267388899028808,401736173,2491205,14,8,1,True,False,matched,6.0,2025-06-11,over,0.057747293150011314,1.78125,0.78125,1.0,False,False,False
2205,84cf8615-fc43-46f3-bbe2-24cdd63b5e5f,180,Nneka Ogwumike,nnekaogwumike,LAS,rebounds,7.5,-154.0,116.0,10,10,2025-06-10 06:10:53+00:00,2025-06-10 06:10:53+00:00,2025-06-10 06:10:53+00:00,2025-06-12 02:00:00+00:00,0.0,2025-06-11,2025,REG,SEA,MIN,1.0692621755613883,True,,0.574207987656796,401736173,1068,14,8,1,True,False,matched,10.0,2025-06-11,under,0.16502700417705646,2.16,-1.0,1.0,False,False,False
2205,0a469e1e-2c02-471b-88ba-0077f150e6f0,125,Kayla McBride,kaylamcbride,MIN,points,14.5,-106.0,-122.0,10,10,2025-06-10 06:10:53+00:00,2025-06-10 06:10:53+00:00,2025-06-10 06:10:53+00:00,2025-06-12 02:00:00+00:00,0.0,2025-06-11,2025,REG,SEA,MIN,1.064112656345666,True,,0.4819416314468661,401736173,2529205,8,14,0,True,False,matched,19.0,2025-06-11,under,0.09974206046177908,1.819672131147541,-1.0,1.0,False,False,False
2206,167ad0f4-3d4d-46b3-a58a-b7b086073514,166,Jewell Loyd,jewellloyd,LVA,rebounds,4.5,102.0,-136.0,10,10,2025-06-10 18:14:42+00:00,2025-06-10 18:14:42+00:00,2025-06-10 18:14:42+00:00,2025-06-12 02:00:00+00:00,0.0,2025-06-11,2025,REG,LVA,LAS,1.071320691391173,True,,0.4579067075572801,401736171,2987869,17,6,1,True,False,matched,0.0,2025-06-11,under,0.0701014763387019,1.7352941176470589,0.7352941176470589,1.0,False,False,False
2206,16b9bede-f9af-4d15-a13d-e58e2a5e23ce,102,Jackie Young,jackieyoung,LVA,threes,1.5,-146.0,110.0,10,10,2025-06-10 18:14:42+00:00,2025-06-10 18:14:42+00:00,2025-06-10 18:14:42+00:00,2025-06-12 02:00:00+00:00,0.0,2025-06-11,2025,REG,LVA,LAS,1.0696864111498257,True,,0.5607420039050215,401736171,4065870,17,6,1,True,False,matched,2.0,2025-06-11,under,0.05403247933726596,2.1,-1.0,1.0,False,False,False
2206,0007577c-708c-4126-a7f2-2e294fbaa681,103,A'ja Wilson,ajawilson,LVA,assists,3.5,-148.0,112.0,10,10,2025-06-10 18:14:43+00:00,2025-06-10 18:14:43+00:00,2025-06-10 18:14:43+00:00,2025-06-12 02:00:00+00:00,0.0,2025-06-11,2025,REG,LVA,LAS,1.0684723067559343,True,,0.5647227530167998,401736171,3149391,17,6,1,True,False,matched,5.0,2025-06-11,under,0.3739481155922101,2.12,-1.0,1.0,False,False,False
2206,dfae7c03-2906-4327-b285-7fecb1fffa48,107,Chelsea Gray,chelseagray,LVA,points,12.5,-108.0,-120.0,10,10,2025-06-10 18:14:43+00:00,2025-06-10 18:14:43+00:00,2025-06-10 18:14:43+00:00,2025-06-12 02:00:00+00:00,0.0,2025-06-11,2025,REG,LVA,LAS,1.0646853146853146,True,,0.48646030463369283,401736171,2529122,17,6,1,True,False,matched,28.0,2025-06-11,under,0.15493175883823884,1.8333333333333335,-1.0,1.0,False,False,False
2206,f2f1c0bf-7087-481f-b379-a0e08eb798dd,101,Kelsey Plum,kelseyplum,LAS,points,20.5,-104.0,-125.0,10,10,2025-06-10 18:18:19+00:00,2025-06-10 18:18:19+00:00,2025-06-10 18:18:19+00:00,2025-06-12 02:00:00+00:00,0.0,2025-06-11,2025,REG,LVA,LAS,1.065359477124183,True,,0.4763687479911608,401736171,3065570,6,17,0,True,False,matched,13.0,2025-06-11,under,0.13012325067382807,1.8,0.8,1.0,False,False,False
2206,90d4d110-6734-42e4-aa68-5af44d5f8057,82,Azura Stevens,azurastevens,CHI,points,11.5,-114.0,-114.0,10,10,2025-06-10 18:18:19+00:00,2025-06-10 18:18:19+00:00,2025-06-10 18:18:19+00:00,2025-06-12 02:00:00+00:00,0.0,2025-06-11,2025,REG,LVA,LAS,1.0654205607476634,True,,0.5000000000000001,401736171,3142010,6,17,0,True,False,matched,19.0,2025-06-11,under,0.05891211522054618,1.8771929824561404,-1.0,1.0,False,False,False
2203,797b253b-8055-4ac3-943c-b42a4010bb9c,76,Lexie Hull,lexiehull,IND,points,9.5,-120.0,-115.0,33,33,2025-06-10 19:03:51+00:00,2025-06-10 19:03:51+00:00,2025-06-10 19:03:51+00:00,2025-06-10 23:30:00+00:00,0.0,2025-06-10,2025,REG,ATL,IND,1.080338266384778,True,,0.5055062250624879,401736169,4398829,5,20,0,True,False,matched,0.0,2025-06-10,under,0.24994609133598433,1.8695652173913042,0.8695652173913042,1.0,False,False,False
2204,a25fab2a-b1be-41db-a415-e59ea9af73a8,137,Breanna Stewart,breannastewart,NYL,rebounds,7.5,-125.0,-110.0,33,33,2025-06-10 23:55:30+00:00,2025-06-10 23:55:30+00:00,2025-06-10 23:55:30+00:00,2025-06-11 00:00:00+00:00,0.0,2025-06-10,2025,REG,NYL,CHI,1.0793650793650795,True,,0.5165270419936007,401736170,2998928,9,19,1,True,False,matched,7.0,2025-06-10,under,0.12881270575173304,1.9090909090909092,0.9090909090909092,1.0,False,False,False
2207,d4743f34-329c-4830-82f3-1f35a199db20,48,DiJonai Carrington,dijonaicarrington,CHI,rebounds,3.5,-114.0,-114.0,10,10,2025-06-11 05:42:21+00:00,2025-06-11 05:42:21+00:00,2025-06-11 05:42:21+00:00,2025-06-12 02:00:00+00:00,0.0,2025-06-11,2025,REG,PHX,DAL,1.0654205607476634,True,,0.5000000000000001,401736172,4066548,3,11,0,True,False,matched,8.0,2025-06-11,over,0.268747028389463,1.8771929824561404,0.8771929824561404,1.0,False,False,False
2207,88085eaf-298f-46a0-99f3-e99038831711,40,Alyssa Thomas,alyssathomas,PHO,points,14.5,-128.0,-102.0,10,10,2025-06-11 05:42:21+00:00,2025-06-11 05:42:21+00:00,2025-06-11 05:42:21+00:00,2025-06-12 02:00:00+00:00,0.0,2025-06-11,2025,REG,PHX,DAL,1.0663540038214347,True,,0.5291749480305961,401736172,2529140,11,3,1,True,False,matched,11.0,2025-06-11,under,0.2117719361684311,1.9803921568627452,0.9803921568627452,1.0,False,False,False
2207,44dc3076-346e-4b38-b7c8-9c616cc95aa6,63,Arike Ogunbowale,arikeogunbowale,DAL,assists,3.5,-130.0,-102.0,10,10,2025-06-11 05:42:21+00:00,2025-06-11 05:42:21+00:00,2025-06-11 05:42:21+00:00,2025-06-12 02:00:00+00:00,0.0,2025-06-11,2025,REG,PHX,DAL,1.0701678863538528,True,,0.5312123494364493,401736172,3904577,3,11,0,True,False,matched,4.0,2025-06-11,over,0.10332297142749453,1.7692307692307692,0.7692307692307692,1.0,False,False,False
2207,66c7eff9-3258-448e-9623-c466f6b207dc,54,Satou Sabally,satousabally,NYL,points,21.5,-102.0,-128.0,10,10,2025-06-11 05:42:21+00:00,2025-06-11 05:42:21+00:00,2025-06-11 05:42:21+00:00,2025-06-12 02:00:00+00:00,0.0,2025-06-11,2025,REG,PHX,DAL,1.0663540038214347,True,,0.47082505196940394,401736172,4281929,11,3,1,True,False,matched,20.0,2025-06-11,under,0.07302052835264827,1.78125,0.78125,1.0,False,False,False
2207,6e10dc87-cb09-4621-9221-af5769396ff0,528,Paige Bueckers,paigebueckers,DAL,points,13.5,-130.0,100.0,10,10,2025-06-11 05:42:22+00:00,2025-06-11 05:42:22+00:00,2025-06-11 05:42:22+00:00,2025-06-12 02:00:00+00:00,0.0,2025-06-11,2025,REG,PHX,DAL,1.065217391304348,True,,0.5336835053940976,401736172,4433730,3,11,0,True,False,matched,35.0,2025-06-11,under,0.08638137352902553,2.0,-1.0,1.0,False,False,False
2207,d91dfbc8-defc-40d8-9a22-dcb9ae936464,300,Kitija Laksa,kitijalaksa,FA,points,8.5,120.0,-165.0,49,49,2025-06-11 14:03:41+00:00,2025-06-11 14:03:41+00:00,2025-06-11 14:03:41+00:00,2025-06-12 02:00:00+00:00,0.0,2025-06-11,2025,REG,PHX,DAL,1.077186963979417,True,,0.4125727301166773,401736172,3920741,11,3,1,True,False,matched,14.0,2025-06-11,over,0.05281391882084374,2.2,1.2000000000000002,1.0,False,False,False
2207,2131d8de-f83a-404f-824b-418cd0bed4cd,193,Myisha Hines-Allen,myishahinesallen,IND,rebounds,5.5,-120.0,-115.0,33,33,2025-06-11 19:58:37+00:00,2025-06-11 19:58:37+00:00,2025-06-11 19:58:37+00:00,2025-06-12 02:00:00+00:00,0.0,2025-06-11,2025,REG,PHX,DAL,1.080338266384778,True,,0.5055062250624879,401736172,3142055,3,11,0,True,False,matched,2.0,2025-06-11,under,0.18315252343696414,1.8695652173913042,0.8695652173913042,1.0,False,False,False
2208,095130f2-15f8-42f8-9a9b-d9e47fbe5104,185,Ariel Atkins,arielatkins,LAS,assists,3.5,118.0,-158.0,10,10,2025-06-12 00:18:23+00:00,2025-06-12 00:18:23+00:00,2025-06-12 00:18:23+00:00,2025-06-13 23:30:00+00:00,0.0,2025-06-13,2025,REG,ATL,CHI,1.0711186971054691,True,,0.42034729080094674,401736174,3146151,19,20,0,True,False,matched,5.0,2025-06-13,under,0.0956532121586664,1.6329113924050633,-1.0,1.0,False,False,False
2208,139743ae-9ae3-4950-a724-6a2c3fdf480e,26,Angel Reese,angelreese,ATL,rebounds,11.5,-130.0,-102.0,10,10,2025-06-12 00:18:23+00:00,2025-06-12 00:18:23+00:00,2025-06-12 00:18:23+00:00,2025-06-13 23:30:00+00:00,0.0,2025-06-13,2025,REG,ATL,CHI,1.0701678863538528,True,,0.5312123494364493,401736174,4433402,19,20,0,True,False,matched,9.0,2025-06-13,under,0.06658444142883635,1.9803921568627452,0.9803921568627452,1.0,False,False,False
2208,4254f251-84a9-4ed2-bcf7-a2c42f75e21d,30,Kamilla Cardoso,kamillacardoso,CHI,rebounds,7.5,116.0,-154.0,10,10,2025-06-12 00:33:04+00:00,2025-06-12 00:33:04+00:00,2025-06-12 00:33:04+00:00,2025-06-13 23:30:00+00:00,0.0,2025-06-13,2025,REG,ATL,CHI,1.0692621755613883,True,,0.425792012343204,401736174,4433405,19,20,0,True,False,matched,9.0,2025-06-13,under,0.0805509852008715,1.6493506493506493,-1.0,1.0,False,False,False
2208,57a8b94a-eaca-4487-be33-d9faf5a45b82,1,Allisha Gray,allishagray,ATL,threes,1.5,-198.0,146.0,10,10,2025-06-12 00:36:53+00:00,2025-06-12 00:36:53+00:00,2025-06-12 00:36:53+00:00,2025-06-13 23:30:00+00:00,0.0,2025-06-13,2025,REG,ATL,CHI,1.0709335952419927,True,,0.6337196281856059,401736174,3058901,20,19,1,True,False,matched,0.0,2025-06-13,under,0.14386367877562722,2.46,1.46,1.0,False,False,False
2208,51a94236-3b92-47e9-961c-dd51e61d3006,15,Rhyne Howard,rhynehoward,ATL,threes,2.5,-154.0,116.0,10,10,2025-06-12 00:36:53+00:00,2025-06-12 00:36:53+00:00,2025-06-12 00:36:53+00:00,2025-06-13 23:30:00+00:00,0.0,2025-06-13,2025,REG,ATL,CHI,1.0692621755613883,True,,0.574207987656796,401736174,4398674,20,19,1,True,False,matched,9.0,2025-06-13,under,0.08762837665652251,2.16,-1.0,1.0,False,False,False
2209,cdf45d72-50d5-492e-bd74-c9668d2cf822,528,Paige Bueckers,paigebueckers,DAL,threes,1.5,-140.0,106.0,10,10,2025-06-12 19:25:29+00:00,2025-06-12 19:25:29+00:00,2025-06-12 19:25:29+00:00,2025-06-14 02:00:00+00:00,0.0,2025-06-13,2025,REG,LVA,DAL,1.0687702265372168,True,,0.5506638564937638,401736175,4433730,3,17,0,True,False,matched,0.0,2025-06-13,under,0.2870700501231164,2.06,1.06,1.0,False,False,False
2209,c55b65a5-28c1-45cd-965b-c1d6171c49f0,166,Jewell Loyd,jewellloyd,LVA,rebounds,4.5,-114.0,-114.0,10,10,2025-06-13 01:48:24+00:00,2025-06-13 01:48:24+00:00,2025-06-13 01:48:24+00:00,2025-06-14 02:00:00+00:00,0.0,2025-06-13,2025,REG,LVA,DAL,1.0654205607476634,True,,0.5000000000000001,401736175,2987869,17,3,1,True,False,matched,3.0,2025-06-13,under,0.289194570729011,1.8771929824561404,0.8771929824561404,1.0,False,False,False
2209,f11032ad-2f89-4732-8e25-00b0c80f904e,107,Chelsea Gray,chelseagray,LVA,rebounds,3.5,-144.0,108.0,10,10,2025-06-13 01:48:24+00:00,2025-06-13 01:48:24+00:00,2025-06-13 01:48:24+00:00,2025-06-14 02:00:00+00:00,0.0,2025-06-13,2025,REG,LVA,DAL,1.0709331651954601,True,,0.5566845205396996,401736175,2529122,17,3,1,True,False,matched,4.0,2025-06-13,under,0.15677395204189748,2.08,-1.0,1.0,False,False,False
2209,62226030-88e6-40df-aef2-a102c19b34b3,102,Jackie Young,jackieyoung,LVA,points,18.5,-108.0,-120.0,10,10,2025-06-13 01:48:24+00:00,2025-06-13 01:48:24+00:00,2025-06-13 01:48:24+00:00,2025-06-14 02:00:00+00:00,0.0,2025-06-13,2025,REG,LVA,DAL,1.0646853146853146,True,,0.48646030463369283,401736175,4065870,17,3,1,True,False,matched,28.0,2025-06-13,under,0.08008571332158831,1.8333333333333335,-1.0,1.0,False,False,False
2211,496f2076-fb1c-49b5-8c56-a8e580f5ca23,71,Aliyah Boston,aliyahboston,IND,points,13.5,-122.0,-106.0,10,10,2025-06-13 20:39:52+00:00,2025-06-13 20:39:52+00:00,2025-06-13 20:39:52+00:00,2025-06-14 19:00:00+00:00,0.0,2025-06-14,2025,REG,IND,NYL,1.064112656345666,True,,0.518058368553134,401736177,4432831,5,9,1,True,False,matched,10.0,2025-06-14,under,0.2015395274149031,1.9433962264150944,0.9433962264150944,1.0,False,False,False
2211,938020bd-9c35-4c8e-ab91-d56c77c3b0fe,132,Sabrina Ionescu,sabrinaionescu,NYL,points,17.5,-118.0,-110.0,10,10,2025-06-13 20:39:52+00:00,2025-06-13 20:39:52+00:00,2025-06-13 20:39:52+00:00,2025-06-14 19:00:00+00:00,0.0,2025-06-14,2025,REG,IND,NYL,1.0650939274792486,True,,0.5090245232268319,401736177,4066533,9,5,0,True,False,matched,34.0,2025-06-14,under,0.19055727283274954,1.9090909090909092,-1.0,1.0,False,False,False
2211,d5047f85-5966-4c7e-a3f3-3c937f075cfb,137,Breanna Stewart,breannastewart,NYL,points,19.5,-108.0,-120.0,10,10,2025-06-13 20:39:52+00:00,2025-06-13 20:39:52+00:00,2025-06-13 20:39:52+00:00,2025-06-14 19:00:00+00:00,0.0,2025-06-14,2025,REG,IND,NYL,1.0646853146853146,True,,0.48646030463369283,401736177,2998928,9,5,0,True,False,matched,24.0,2025-06-14,under,0.13965317634617774,1.8333333333333335,-1.0,1.0,False,False,False
2211,c4c74ca0-7c73-4afe-9b9b-38dcc2f1e658,68,Caitlin Clark,caitlinclark,IND,points,19.5,-106.0,-122.0,10,10,2025-06-13 20:39:52+00:00,2025-06-13 20:39:52+00:00,2025-06-13 20:39:52+00:00,2025-06-14 19:00:00+00:00,0.0,2025-06-14,2025,REG,IND,NYL,1.064112656345666,True,,0.4819416314468661,401736177,4433403,5,9,1,True,False,matched,32.0,2025-06-14,under,0.12431038083980378,1.819672131147541,-1.0,1.0,False,False,False
2211,4f010556-96d1-42a1-ae93-e4e571747f9c,70,Kelsey Mitchell,kelseymitchell,IND,points,15.5,-122.0,-106.0,10,10,2025-06-13 20:39:52+00:00,2025-06-13 20:39:52+00:00,2025-06-13 20:39:52+00:00,2025-06-14 19:00:00+00:00,0.0,2025-06-14,2025,REG,IND,NYL,1.064112656345666,True,,0.518058368553134,401736177,3142191,5,9,1,True,False,matched,22.0,2025-06-14,under,0.0530979201846985,1.9433962264150944,-1.0,1.0,False,False,False
2211,4a390bac-a7fd-4b8f-b136-efbbca0df5b8,163,Natasha Cloud,natashacloud,CHI,rebounds,3.5,-114.0,-114.0,10,10,2025-06-14 02:17:52+00:00,2025-06-14 02:17:52+00:00,2025-06-14 02:17:52+00:00,2025-06-14 19:00:00+00:00,0.0,2025-06-14,2025,REG,IND,NYL,1.0654205607476634,True,,0.5000000000000001,401736177,2529137,9,5,0,True,False,matched,6.0,2025-06-14,under,0.24525907518064705,1.8771929824561404,-1.0,1.0,False,False,False
2210,a0a209c4-e86a-4ff6-b89c-881fd48140db,101,Kelsey Plum,kelseyplum,LAS,points,18.5,-125.0,-104.0,10,10,2025-06-14 05:46:57+00:00,2025-06-14 05:46:57+00:00,2025-06-14 05:46:57+00:00,2025-06-14 17:00:00+00:00,0.0,2025-06-14,2025,REG,MIN,LAS,1.065359477124183,True,,0.5236312520088393,401736176,3065570,6,8,0,True,False,matched,20.0,2025-06-14,under,0.20336439945883195,1.9615384615384617,-1.0,1.0,False,False,False
2210,37ecfb72-8718-4020-9643-1fdf3f05d6f4,89,Dearica Hamby,dearicahamby,LAS,points,17.5,-102.0,-128.0,10,10,2025-06-14 05:46:57+00:00,2025-06-14 05:46:57+00:00,2025-06-14 05:46:57+00:00,2025-06-14 17:00:00+00:00,0.0,2025-06-14,2025,REG,MIN,LAS,1.0663540038214347,True,,0.47082505196940394,401736176,2566106,6,8,0,True,False,matched,10.0,2025-06-14,under,0.13953543465806617,1.78125,0.78125,1.0,False,False,False
2210,e96f7e29-a52f-436a-a6ce-416d57f10ca0,125,Kayla McBride,kaylamcbride,MIN,points,15.5,-125.0,-104.0,10,10,2025-06-14 05:46:57+00:00,2025-06-14 05:46:57+00:00,2025-06-14 05:46:57+00:00,2025-06-14 17:00:00+00:00,0.0,2025-06-14,2025,REG,MIN,LAS,1.065359477124183,True,,0.5236312520088393,401736176,2529205,8,6,1,True,False,matched,4.0,2025-06-14,under,0.12436235308911958,1.9615384615384617,0.9615384615384617,1.0,False,False,False
2210,1129f826-efbd-4821-ab31-58caa010a60e,82,Azura Stevens,azurastevens,CHI,points,12.5,-106.0,-122.0,10,10,2025-06-14 05:46:57+00:00,2025-06-14 05:46:57+00:00,2025-06-14 05:46:57+00:00,2025-06-14 17:00:00+00:00,0.0,2025-06-14,2025,REG,MIN,LAS,1.064112656345666,True,,0.4819416314468661,401736176,3142010,6,8,0,True,False,matched,4.0,2025-06-14,under,0.10718268828279304,1.819672131147541,0.819672131147541,1.0,False,False,False
2210,90f98f39-8a51-4738-9726-5502c04bc16f,94,Rickea Jackson,rickeajackson,CHI,points,12.5,-122.0,-106.0,10,10,2025-06-14 05:46:57+00:00,2025-06-14 05:46:57+00:00,2025-06-14 05:46:57+00:00,2025-06-14 17:00:00+00:00,0.0,2025-06-14,2025,REG,MIN,LAS,1.064112656345666,True,,0.518058368553134,401736176,4433630,6,8,0,True,False,matched,18.0,2025-06-14,under,0.08577766096896788,1.9433962264150944,-1.0,1.0,False,False,False
2210,a9951bcc-e805-4c5c-967c-20041d7e57bb,117,Courtney Williams,courtneywilliams,MIN,rebounds,4.5,108.0,-144.0,10,10,2025-06-14 05:46:57+00:00,2025-06-14 05:46:57+00:00,2025-06-14 05:46:57+00:00,2025-06-14 17:00:00+00:00,0.0,2025-06-14,2025,REG,MIN,LAS,1.0709331651954601,True,,0.4433154794603006,401736176,2987891,8,6,1,True,False,matched,3.0,2025-06-14,under,0.08344676932561379,1.6944444444444444,0.6944444444444444,1.0,False,False,False
2212,6e00465e-9ded-4d4d-bcc1-55bca55207c6,72,Temi Fagbenle,temifagbenle,TOR,rebounds,7.5,-118.0,-112.0,10,10,2025-06-14 06:17:44+00:00,2025-06-14 06:17:44+00:00,2025-06-14 06:17:44+00:00,2025-06-15 00:30:00+00:00,0.0,2025-06-14,2025,REG,GSV,SEA,1.0695862904621776,True,,0.5067212711754592,401736178,2569044,129689,14,1,True,False,matched,7.0,2025-06-14,under,0.4419386651929893,1.8928571428571428,0.8928571428571428,1.0,False,False,False
2212,969b21fc-76f7-457b-902c-bb71f0e340ee,139,Kayla Thornton,kaylathornton,GSV,points,13.5,-120.0,-108.0,10,10,2025-06-14 06:17:44+00:00,2025-06-14 06:17:44+00:00,2025-06-14 06:17:44+00:00,2025-06-15 00:30:00+00:00,0.0,2025-06-14,2025,REG,GSV,SEA,1.0646853146853146,True,,0.5135396953663074,401736178,2529622,129689,14,1,True,False,matched,22.0,2025-06-14,under,0.35662824563928425,1.925925925925926,-1.0,1.0,False,False,False
2212,4cb06923-84af-4e5d-a08f-260b1b828ea5,55,Veronica Burton,veronicaburton,GSV,points,13.5,102.0,-132.0,10,10,2025-06-14 06:17:44+00:00,2025-06-14 06:17:44+00:00,2025-06-14 06:17:44+00:00,2025-06-15 00:30:00+00:00,0.0,2025-06-14,2025,REG,GSV,SEA,1.0640150221918745,True,,0.4618487426836327,401736178,4398935,129689,14,1,True,False,matched,8.0,2025-06-14,under,0.3203754785883483,1.7575757575757576,0.7575757575757576,1.0,False,False,False
2212,8501b8c1-e8c6-4972-956c-bc1a9723e7ff,208,Gabby Williams,gabbywilliams,GSV,threes,1.5,-174.0,130.0,10,10,2025-06-14 06:17:44+00:00,2025-06-14 06:17:44+00:00,2025-06-14 06:17:44+00:00,2025-06-15 00:30:00+00:00,0.0,2025-06-14,2025,REG,GSV,SEA,1.069819105046017,True,,0.603727082826799,401736178,3142328,14,129689,0,True,False,matched,1.0,2025-06-14,under,0.29378440810322615,2.3,1.2999999999999998,1.0,False,False,False
2212,74000fc3-b2f8-4a21-99b6-983e9af4c19b,175,Skylar Diggins,skylardiggins,CHI,assists,4.5,-148.0,114.0,10,10,2025-06-14 06:17:44+00:00,2025-06-14 06:17:44+00:00,2025-06-14 06:17:44+00:00,2025-06-15 00:30:00+00:00,0.0,2025-06-14,2025,REG,GSV,SEA,1.0640639131745555,True,,0.5668405336028035,401736178,2491205,14,129689,0,True,False,matched,3.0,2025-06-14,over,0.2074370836161974,1.6756756756756757,-1.0,1.0,False,False,False
2212,003b3e8f-6f2c-45e7-bef8-659df6a8e9e0,180,Nneka Ogwumike,nnekaogwumike,LAS,points,17.5,-102.0,-128.0,10,10,2025-06-14 06:17:44+00:00,2025-06-14 06:17:44+00:00,2025-06-14 06:17:44+00:00,2025-06-15 00:30:00+00:00,0.0,2025-06-14,2025,REG,GSV,SEA,1.0663540038214347,True,,0.47082505196940394,401736178,1068,14,129689,0,True,False,matched,6.0,2025-06-14,under,0.1496619170913771,1.78125,0.78125,1.0,False,False,False
2212,8e175ef7-fc32-42cb-9035-357d4a5cc1d9,176,Ezi Magbegor,ezimagbegor,SEA,rebounds,7.5,-130.0,-102.0,10,10,2025-06-14 06:17:44+00:00,2025-06-14 06:17:44+00:00,2025-06-14 06:17:44+00:00,2025-06-15 00:30:00+00:00,0.0,2025-06-14,2025,REG,GSV,SEA,1.0701678863538528,True,,0.5312123494364493,401736178,4420318,14,129689,0,True,False,matched,6.0,2025-06-14,under,0.09484962647083667,1.9803921568627452,0.9803921568627452,1.0,False,False,False
2212,8d8e8fa2-3b0c-4846-a50b-d68c488c20f1,83,Monique Billings,moniquebillings,IND,rebounds,5.5,-140.0,100.0,33,33,2025-06-14 08:20:18+00:00,2025-06-14 08:20:18+00:00,2025-06-14 08:20:18+00:00,2025-06-15 00:30:00+00:00,0.0,2025-06-14,2025,REG,GSV,SEA,1.0833333333333333,True,,0.5434863681281015,401736178,3142255,129689,14,1,True,False,matched,4.0,2025-06-14,under,0.364844582146082,2.0,1.0,1.0,False,False,False
2212,be457ae3-6d85-469f-83df-493b03829606,66,Erica Wheeler,ericawheeler,LAS,points,11.5,105.0,-150.0,33,33,2025-06-14 13:27:32+00:00,2025-06-14 13:27:32+00:00,2025-06-14 13:27:32+00:00,2025-06-15 00:30:00+00:00,0.0,2025-06-14,2025,REG,GSV,SEA,1.0878048780487806,True,,0.44129415758498114,401736178,2491214,14,129689,0,True,False,matched,6.0,2025-06-14,under,0.16865563129011746,1.6666666666666665,0.6666666666666665,1.0,False,False,False
2211,24804e94-ce9e-4bf4-bd55-32d7eb8c4aa2,56,Natasha Howard,natashahoward,MIN,rebounds,6.5,-105.0,-125.0,19,19,2025-06-14 14:30:10+00:00,2025-06-14 14:30:10+00:00,2025-06-14 14:30:10+00:00,2025-06-14 19:00:00+00:00,0.0,2025-06-14,2025,REG,IND,NYL,1.067750677506775,True,,0.47757418034290006,401736177,2529130,5,9,1,True,False,matched,4.0,2025-06-14,under,0.07987216768825356,1.8,0.8,1.0,False,False,False
2212,7c97146c-7eef-4c2c-a67e-fd10ac19ca67,58,Carla Leite,carlaleite,PDX,points,9.5,110.0,-145.0,49,49,2025-06-14 22:51:48+00:00,2025-06-14 22:51:48+00:00,2025-06-14 22:51:48+00:00,2025-06-15 00:30:00+00:00,0.0,2025-06-14,2025,REG,GSV,SEA,1.0680272108843538,True,,0.44017298355747725,401736178,5208982,129689,14,1,True,False,matched,14.0,2025-06-14,under,0.24459979842137397,1.6896551724137931,-1.0,1.0,False,False,False
2215,0707c0ab-066a-40bb-9634-98241400fb8a,102,Jackie Young,jackieyoung,LVA,points,20.5,-128.0,-102.0,10,10,2025-06-15 03:08:09+00:00,2025-06-15 03:08:09+00:00,2025-06-15 03:08:09+00:00,2025-06-15 22:00:00+00:00,0.0,2025-06-15,2025,REG,LVA,PHX,1.0663540038214347,True,,0.5291749480305961,401736181,4065870,17,11,1,True,False,matched,15.0,2025-06-15,under,0.3204238959527128,1.9803921568627452,0.9803921568627452,1.0,False,False,False
2215,78b303ed-41ac-439b-934e-9bdd63226868,107,Chelsea Gray,chelseagray,LVA,points,14.5,-114.0,-114.0,10,10,2025-06-15 03:08:09+00:00,2025-06-15 03:08:09+00:00,2025-06-15 03:08:09+00:00,2025-06-15 22:00:00+00:00,0.0,2025-06-15,2025,REG,LVA,PHX,1.0654205607476634,True,,0.5000000000000001,401736181,2529122,17,11,1,True,False,matched,20.0,2025-06-15,under,0.2538509946453929,1.8771929824561404,-1.0,1.0,False,False,False
2215,ed875441-efcd-4dae-a5ba-820e28e35945,166,Jewell Loyd,jewellloyd,LVA,points,14.5,-113.0,-115.0,10,10,2025-06-15 03:08:09+00:00,2025-06-15 03:08:09+00:00,2025-06-15 03:08:09+00:00,2025-06-15 22:00:00+00:00,0.0,2025-06-15,2025,REG,LVA,PHX,1.0654001528551151,True,,0.49774423259931944,401736181,2987869,17,11,1,True,False,matched,17.0,2025-06-15,under,0.1939201885044724,1.8695652173913042,-1.0,1.0,False,False,False
2215,e64fa28a-d2ea-4843-a2c1-a1296fdcbb60,54,Satou Sabally,satousabally,NYL,assists,3.5,142.0,-192.0,10,10,2025-06-15 03:08:09+00:00,2025-06-15 03:08:09+00:00,2025-06-15 03:08:09+00:00,2025-06-15 22:00:00+00:00,0.0,2025-06-15,2025,REG,LVA,PHX,1.0707573870712102,True,,0.37336020860003377,401736181,4281929,11,17,0,True,False,matched,3.0,2025-06-15,over,0.14791397921890725,2.42,-1.0,1.0,False,False,False
2213,75f8eef3-7a62-41ab-89cf-97296b4f85af,9,Tina Charles,tinacharles,FA,points,16.5,-122.0,-106.0,10,10,2025-06-15 05:24:13+00:00,2025-06-15 05:24:13+00:00,2025-06-15 05:24:13+00:00,2025-06-15 16:00:00+00:00,0.0,2025-06-15,2025,REG,CON,CHI,1.064112656345666,True,,0.518058368553134,401736179,918,18,19,1,True,False,matched,19.0,2025-06-15,under,0.09721007463647502,1.9433962264150944,-1.0,1.0,False,False,False
2213,3bd8a3e7-34ff-4428-97e5-e0419156d2af,22,Marina Mabrey,marinamabrey,TOR,points,16.5,-118.0,-110.0,10,10,2025-06-15 05:24:13+00:00,2025-06-15 05:24:13+00:00,2025-06-15 05:24:13+00:00,2025-06-15 16:00:00+00:00,0.0,2025-06-15,2025,REG,CON,CHI,1.0650939274792486,True,,0.5090245232268319,401736179,3904576,18,19,1,True,False,matched,22.0,2025-06-15,under,0.06691953750170831,1.9090909090909092,-1.0,1.0,False,False,False
2213,683eb7a5-c80a-4ad5-b68a-eccb219b129f,43,Olivia Nelson-Ododa,olivianelsonododa,CON,rebounds,5.5,-158.0,118.0,10,10,2025-06-15 05:27:35+00:00,2025-06-15 05:27:35+00:00,2025-06-15 05:27:35+00:00,2025-06-15 16:00:00+00:00,0.0,2025-06-15,2025,REG,CON,CHI,1.0711186971054691,True,,0.5796527091990534,401736179,4398966,18,19,1,True,False,matched,10.0,2025-06-15,under,0.5779537077622048,2.1799999999999997,-1.0,1.0,False,False,False
2213,a3e669a9-49d5-48eb-9cbd-1c5ac58b3c09,26,Angel Reese,angelreese,ATL,rebounds,11.5,-122.0,-108.0,10,10,2025-06-15 05:27:35+00:00,2025-06-15 05:27:35+00:00,2025-06-15 05:27:35+00:00,2025-06-15 16:00:00+00:00,0.0,2025-06-15,2025,REG,CON,CHI,1.0687803187803186,True,,0.5156895960912058,401736179,4433402,19,18,0,True,False,matched,13.0,2025-06-15,under,0.0769706808510604,1.925925925925926,-1.0,1.0,False,False,False
2214,3da587d7-7845-4e58-b184-380b9ffbf7dc,182,Brittney Sykes,brittneysykes,TOR,points,19.5,-113.0,-115.0,10,10,2025-06-15 05:54:58+00:00,2025-06-15 05:54:58+00:00,2025-06-15 05:54:58+00:00,2025-06-15 18:00:00+00:00,0.0,2025-06-15,2025,REG,WAS,ATL,1.0654001528551151,True,,0.49774423259931944,401736180,2988756,16,20,1,True,False,matched,9.0,2025-06-15,under,0.2595152769983553,1.8695652173913042,0.8695652173913042,1.0,False,False,False
2214,32315539-c950-4ffe-808e-869bc8e56949,573,Sonia Citron,soniacitron,WAS,points,12.5,-130.0,100.0,10,10,2025-06-15 05:54:58+00:00,2025-06-15 05:54:58+00:00,2025-06-15 05:54:58+00:00,2025-06-15 18:00:00+00:00,0.0,2025-06-15,2025,REG,WAS,ATL,1.065217391304348,True,,0.5336835053940976,401736180,4433524,16,20,1,True,False,matched,10.0,2025-06-15,under,0.17490481805422292,2.0,1.0,1.0,False,False,False
2214,e2c9fa7d-6721-496e-b343-8176c9b0ca13,572,Kiki Iriafen,kikiiriafen,WAS,points,13.5,-114.0,-114.0,10,10,2025-06-15 05:54:58+00:00,2025-06-15 05:54:58+00:00,2025-06-15 05:54:58+00:00,2025-06-15 18:00:00+00:00,0.0,2025-06-15,2025,REG,WAS,ATL,1.0654205607476634,True,,0.5000000000000001,401736180,4898384,16,20,1,True,False,matched,6.0,2025-06-15,under,0.09760210977332112,1.8771929824561404,0.8771929824561404,1.0,False,False,False
2214,2f50f12a-1433-4657-a962-239b95d929c0,15,Rhyne Howard,rhynehoward,ATL,points,17.5,-128.0,-102.0,10,10,2025-06-15 05:58:20+00:00,2025-06-15 05:58:20+00:00,2025-06-15 05:58:20+00:00,2025-06-15 18:00:00+00:00,0.0,2025-06-15,2025,REG,WAS,ATL,1.0663540038214347,True,,0.5291749480305961,401736180,4398674,20,16,0,True,False,matched,14.0,2025-06-15,under,0.08973972480946613,1.9803921568627452,0.9803921568627452,1.0,False,False,False
2214,364382f5-84b0-4f48-ae68-e46c5336a348,148,Brittney Griner,brittneygriner,CON,points,12.5,-122.0,-106.0,10,10,2025-06-15 05:58:20+00:00,2025-06-15 05:58:20+00:00,2025-06-15 05:58:20+00:00,2025-06-15 18:00:00+00:00,0.0,2025-06-15,2025,REG,WAS,ATL,1.064112656345666,True,,0.518058368553134,401736180,2490553,20,16,0,True,False,matched,2.0,2025-06-15,under,0.07722326779673006,1.9433962264150944,0.9433962264150944,1.0,False,False,False
2214,d142e6ae-0de6-466a-ac5a-0bbf6e7b544e,1,Allisha Gray,allishagray,ATL,threes,1.5,-154.0,116.0,10,10,2025-06-15 05:58:20+00:00,2025-06-15 05:58:20+00:00,2025-06-15 05:58:20+00:00,2025-06-15 18:00:00+00:00,0.0,2025-06-15,2025,REG,WAS,ATL,1.0692621755613883,True,,0.574207987656796,401736180,3058901,20,16,0,True,False,matched,6.0,2025-06-15,under,0.05629930621189938,2.16,-1.0,1.0,False,False,False
2214,dcf17384-5d2e-4bd2-b922-c6bcbd52a093,49,Brionna Jones,brionnajones,ATL,rebounds,8.5,-122.0,-108.0,10,10,2025-06-15 05:58:21+00:00,2025-06-15 05:58:21+00:00,2025-06-15 05:58:21+00:00,2025-06-15 18:00:00+00:00,0.0,2025-06-15,2025,REG,WAS,ATL,1.0687803187803186,True,,0.5156895960912058,401736180,3058895,20,16,0,True,False,matched,4.0,2025-06-15,under,0.33953305049283683,1.925925925925926,0.925925925925926,1.0,False,False,False
2213,918929c3-e3fd-403a-a633-0f253372e5df,518,Saniya Rivers,saniyarivers,CON,points,7.5,-115.0,-115.0,19,19,2025-06-15 13:04:58+00:00,2025-06-15 13:04:58+00:00,2025-06-15 13:04:58+00:00,2025-06-15 16:00:00+00:00,0.0,2025-06-15,2025,REG,CON,CHI,1.0697674418604652,True,,0.5,401736179,4433514,18,19,1,True,True,did_not_play,,2025-06-15,under,0.05124875416287139,1.8695652173913042,0.0,0.0,False,True,False
2215,91a60444-e138-4e4a-a823-66a33f246f91,155,Kahleah Copper,kahleahcopper,PHO,points,15.5,-114.0,-114.0,10,10,2025-06-15 13:53:12+00:00,2025-06-15 13:53:12+00:00,2025-06-15 13:53:12+00:00,2025-06-15 22:00:00+00:00,0.0,2025-06-15,2025,REG,LVA,PHX,1.0654205607476634,True,,0.5000000000000001,401736181,2998938,11,17,0,True,False,matched,11.0,2025-06-15,under,0.06950081586970852,1.8771929824561404,0.8771929824561404,1.0,False,False,False
2214,8dcd2dc6-65ee-4e3a-b34d-36b20d8e3de7,2,Jordin Canada,jordincanada,ATL,points,8.5,-115.0,-115.0,13,13,2025-06-15 13:57:19+00:00,2025-06-15 13:57:19+00:00,2025-06-15 13:57:19+00:00,2025-06-15 18:00:00+00:00,0.0,2025-06-15,2025,REG,WAS,ATL,1.0697674418604652,True,,0.5,401736180,3142250,20,16,0,True,False,matched,4.0,2025-06-15,under,0.059719559564463565,1.8695652173913042,0.8695652173913042,1.0,False,False,False
2213,96ab1981-14ea-4c01-b0f6-c75f2f084cb7,185,Ariel Atkins,arielatkins,LAS,rebounds,3.5,160.0,-230.0,49,49,2025-06-15 14:42:21+00:00,2025-06-15 14:42:21+00:00,2025-06-15 14:42:21+00:00,2025-06-15 16:00:00+00:00,0.0,2025-06-15,2025,REG,CON,CHI,1.0815850815850816,True,,0.3369872092512729,401736179,3146151,19,18,0,True,False,matched,5.0,2025-06-15,over,0.08942265512997816,2.6,1.6,1.0,False,False,False
2216,cc4c9251-b376-43c4-97c4-e80edc05ad3e,68,Caitlin Clark,caitlinclark,IND,rebounds,5.5,-146.0,110.0,10,10,2025-06-15 20:17:14+00:00,2025-06-15 20:17:14+00:00,2025-06-15 20:17:14+00:00,2025-06-17 23:00:00+00:00,0.0,2025-06-17,2025,REG,IND,CON,1.0696864111498257,True,,0.5607420039050215,401736182,4433403,5,18,1,True,False,matched,1.0,2025-06-17,under,0.20808888897902494,2.1,1.1,1.0,False,False,False
2219,00af4ee4-0fae-477e-a835-ca0397357be6,182,Brittney Sykes,brittneysykes,TOR,points,19.5,-110.0,-118.0,10,10,2025-06-16 02:20:42+00:00,2025-06-16 02:20:42+00:00,2025-06-16 02:20:42+00:00,2025-06-18 00:00:00+00:00,0.0,2025-06-17,2025,REG,CHI,WAS,1.0650939274792486,True,,0.4909754767731684,401736184,2988756,16,19,0,True,False,matched,32.0,2025-06-17,under,0.2611483615488903,1.847457627118644,-1.0,1.0,False,False,False
2219,a2f75c7c-fefd-44a9-94a0-3d7afe4bf0b3,572,Kiki Iriafen,kikiiriafen,WAS,rebounds,7.5,-148.0,112.0,10,10,2025-06-16 02:20:42+00:00,2025-06-16 02:20:42+00:00,2025-06-16 02:20:42+00:00,2025-06-18 00:00:00+00:00,0.0,2025-06-17,2025,REG,CHI,WAS,1.0684723067559343,True,,0.5647227530167998,401736184,4898384,16,19,0,True,False,matched,6.0,2025-06-17,under,0.08275714924813382,2.12,1.12,1.0,False,False,False
2219,c32f3987-b5e4-43cf-b994-1107d16c3aeb,185,Ariel Atkins,arielatkins,LAS,threes,1.5,116.0,-158.0,10,10,2025-06-16 02:20:42+00:00,2025-06-16 02:20:42+00:00,2025-06-16 02:20:42+00:00,2025-06-18 00:00:00+00:00,0.0,2025-06-17,2025,REG,CHI,WAS,1.0753660637381568,True,,0.42236202274290213,401736184,3146151,19,16,1,True,False,matched,0.0,2025-06-17,over,0.06004254698740741,2.16,-1.0,1.0,False,False,False
2217,4325ddd9-e90a-487e-80d8-d1f936a5372e,49,Brionna Jones,brionnajones,ATL,rebounds,7.5,-148.0,112.0,10,10,2025-06-16 02:37:39+00:00,2025-06-16 02:37:39+00:00,2025-06-16 02:37:39+00:00,2025-06-17 23:00:00+00:00,0.0,2025-06-17,2025,REG,NYL,ATL,1.0684723067559343,True,,0.5647227530167998,401736183,3058895,20,9,0,True,False,matched,3.0,2025-06-17,under,0.416670950046902,2.12,1.12,1.0,False,False,False
2217,17b32d18-6d2a-4940-a1e0-aafe2323aa08,141,Jonquel Jones,jonqueljones,NYL,rebounds,10.5,108.0,-144.0,10,10,2025-06-16 02:37:39+00:00,2025-06-16 02:37:39+00:00,2025-06-16 02:37:39+00:00,2025-06-17 23:00:00+00:00,0.0,2025-06-17,2025,REG,NYL,ATL,1.0709331651954601,True,,0.4433154794603006,401736183,2999101,9,20,1,True,False,matched,10.0,2025-06-17,under,0.38007575714986164,1.6944444444444444,0.6944444444444444,1.0,False,False,False
2217,f4387481-3e7e-45b9-bf0a-e47f8b5a8f74,15,Rhyne Howard,rhynehoward,ATL,points,18.5,-115.0,-113.0,10,10,2025-06-16 02:37:39+00:00,2025-06-16 02:37:39+00:00,2025-06-16 02:37:39+00:00,2025-06-17 23:00:00+00:00,0.0,2025-06-17,2025,REG,NYL,ATL,1.0654001528551151,True,,0.5022557674006809,401736183,4398674,20,9,0,True,False,matched,13.0,2025-06-17,under,0.22585370694444157,1.8849557522123894,0.8849557522123894,1.0,False,False,False
2217,24a32d9a-3e59-45f4-b1fb-5a18f4d7c035,148,Brittney Griner,brittneygriner,CON,rebounds,5.5,-154.0,116.0,10,10,2025-06-16 02:37:39+00:00,2025-06-16 02:37:39+00:00,2025-06-16 02:37:39+00:00,2025-06-17 23:00:00+00:00,0.0,2025-06-17,2025,REG,NYL,ATL,1.0692621755613883,True,,0.574207987656796,401736183,2490553,20,9,0,True,False,matched,2.0,2025-06-17,under,0.200827580832374,2.16,1.1600000000000001,1.0,False,False,False
2217,cb4fb2a5-2afe-420b-aac1-3c119f06ea6d,1,Allisha Gray,allishagray,ATL,threes,2.5,108.0,-144.0,10,10,2025-06-16 02:37:39+00:00,2025-06-16 02:37:39+00:00,2025-06-16 02:37:39+00:00,2025-06-17 23:00:00+00:00,0.0,2025-06-17,2025,REG,NYL,ATL,1.0709331651954601,True,,0.4433154794603006,401736183,3058901,20,9,0,True,False,matched,2.0,2025-06-17,under,0.18047861826412664,1.6944444444444444,0.6944444444444444,1.0,False,False,False
2217,90a4a41a-c52e-421a-8f36-ae3ae895ea18,137,Breanna Stewart,breannastewart,NYL,points,20.5,-104.0,-122.0,10,10,2025-06-16 02:37:39+00:00,2025-06-16 02:37:39+00:00,2025-06-16 02:37:39+00:00,2025-06-17 23:00:00+00:00,0.0,2025-06-17,2025,REG,NYL,ATL,1.059353471118177,True,,0.47953831927398954,401736183,2998928,9,20,1,True,False,matched,23.0,2025-06-17,under,0.1243569994374294,1.819672131147541,-1.0,1.0,False,False,False
2217,4340856c-d0a0-425c-afed-b09a027ec80c,132,Sabrina Ionescu,sabrinaionescu,NYL,points,18.5,-110.0,-118.0,10,10,2025-06-16 02:37:39+00:00,2025-06-16 02:37:39+00:00,2025-06-16 02:37:39+00:00,2025-06-17 23:00:00+00:00,0.0,2025-06-17,2025,REG,NYL,ATL,1.0650939274792486,True,,0.4909754767731684,401736183,4066533,9,20,1,True,False,matched,34.0,2025-06-17,under,0.11327668276209885,1.847457627118644,-1.0,1.0,False,False,False
2220,0fb92124-2fdc-4afe-ab2b-d21c7e48ce2b,528,Paige Bueckers,paigebueckers,DAL,assists,6.5,-132.0,100.0,10,10,2025-06-16 02:51:16+00:00,2025-06-16 02:51:16+00:00,2025-06-16 02:51:16+00:00,2025-06-18 00:00:00+00:00,0.0,2025-06-17,2025,REG,DAL,GSV,1.0689655172413794,True,,0.5356937238338165,401736185,4433730,3,129689,1,True,False,matched,2.0,2025-06-17,under,0.19303779221653056,2.0,1.0,1.0,False,False,False
2220,1dd8251f-559f-418e-9b5e-a23c1690c24a,139,Kayla Thornton,kaylathornton,GSV,points,14.5,-114.0,-114.0,10,10,2025-06-16 03:49:16+00:00,2025-06-16 03:49:16+00:00,2025-06-16 03:49:16+00:00,2025-06-18 00:00:00+00:00,0.0,2025-06-17,2025,REG,DAL,GSV,1.0654205607476634,True,,0.5000000000000001,401736185,2529622,129689,3,0,True,False,matched,17.0,2025-06-17,under,0.2407447306124994,1.8771929824561404,-1.0,1.0,False,False,False
2220,100cc8aa-a4e2-4a2d-9473-8f51816687aa,55,Veronica Burton,veronicaburton,GSV,assists,5.5,-158.0,118.0,10,10,2025-06-16 03:49:17+00:00,2025-06-16 03:49:17+00:00,2025-06-16 03:49:17+00:00,2025-06-18 00:00:00+00:00,0.0,2025-06-17,2025,REG,DAL,GSV,1.0711186971054691,True,,0.5796527091990534,401736185,4398935,129689,3,0,True,False,matched,5.0,2025-06-17,under,0.39623837813562585,2.1799999999999997,1.1799999999999997,1.0,False,False,False
2216,677f2808-0da1-4648-97b1-926f4f2387da,22,Marina Mabrey,marinamabrey,TOR,threes,2.5,-172.0,128.0,10,10,2025-06-16 04:31:08+00:00,2025-06-16 04:31:08+00:00,2025-06-16 04:31:08+00:00,2025-06-17 23:00:00+00:00,0.0,2025-06-17,2025,REG,IND,CON,1.0709494324045408,True,,0.6004234693007796,401736182,3904576,18,5,0,True,False,matched,0.0,2025-06-17,under,0.1675985972276472,2.2800000000000002,1.2800000000000002,1.0,False,False,False
2216,85d965d5-6a32-4849-9aca-d67be53a696c,9,Tina Charles,tinacharles,FA,points,17.5,-110.0,-118.0,10,10,2025-06-16 04:31:08+00:00,2025-06-16 04:31:08+00:00,2025-06-16 04:31:08+00:00,2025-06-17 23:00:00+00:00,0.0,2025-06-17,2025,REG,IND,CON,1.0650939274792486,True,,0.4909754767731684,401736182,918,18,5,0,True,False,matched,20.0,2025-06-17,under,0.13288264108805192,1.847457627118644,-1.0,1.0,False,False,False
2218,f7fe7f67-3072-479f-8d3f-255d33364c30,125,Kayla McBride,kaylamcbride,MIN,points,15.5,-108.0,-120.0,10,10,2025-06-16 05:12:20+00:00,2025-06-16 05:12:20+00:00,2025-06-16 05:12:20+00:00,2025-06-18 00:00:00+00:00,0.0,2025-06-17,2025,REG,MIN,LVA,1.0646853146853146,True,,0.48646030463369283,401736186,2529205,8,17,1,True,False,matched,8.0,2025-06-17,under,0.21951908524797348,1.8333333333333335,0.8333333333333335,1.0,False,False,False
2218,52efe202-7e07-4995-8092-f6071cbde379,121,Alanna Smith,alannasmith,DAL,points,10.5,104.0,-135.0,10,10,2025-06-16 05:12:20+00:00,2025-06-16 05:12:20+00:00,2025-06-16 05:12:20+00:00,2025-06-18 00:00:00+00:00,0.0,2025-06-17,2025,REG,MIN,LVA,1.0646641635377556,True,,0.45648742045938223,401736186,3913881,8,17,1,True,False,matched,10.0,2025-06-17,under,0.1551115019228425,1.7407407407407407,0.7407407407407407,1.0,False,False,False
2218,0658e3d5-9dcf-4b0a-8521-16d0991323d9,112,Napheesa Collier,napheesacollier,MIN,assists,4.5,134.0,-180.0,10,10,2025-06-16 05:12:20+00:00,2025-06-16 05:12:20+00:00,2025-06-16 05:12:20+00:00,2025-06-18 00:00:00+00:00,0.0,2025-06-17,2025,REG,MIN,LVA,1.0702075702075702,True,,0.38834080463047865,401736186,3917450,8,17,1,True,False,matched,1.0,2025-06-17,under,0.08374856172618644,1.5555555555555556,0.5555555555555556,1.0,False,False,False
2221,99c04dd8-204d-4a36-a169-f8a44895585a,82,Azura Stevens,azurastevens,CHI,points,11.5,-122.0,-106.0,10,10,2025-06-16 05:57:07+00:00,2025-06-16 05:57:07+00:00,2025-06-16 05:57:07+00:00,2025-06-18 02:00:00+00:00,0.0,2025-06-17,2025,REG,LAS,SEA,1.064112656345666,True,,0.518058368553134,401736187,3142010,6,14,1,True,False,matched,16.0,2025-06-17,under,0.22282399347594628,1.9433962264150944,-1.0,1.0,False,False,False
2221,32c63cca-292f-42ec-8a0d-18a18b7cfd9d,208,Gabby Williams,gabbywilliams,GSV,points,13.5,-120.0,-108.0,10,10,2025-06-16 05:57:07+00:00,2025-06-16 05:57:07+00:00,2025-06-16 05:57:07+00:00,2025-06-18 02:00:00+00:00,0.0,2025-06-17,2025,REG,LAS,SEA,1.0646853146853146,True,,0.5135396953663074,401736187,3142328,14,6,0,True,False,matched,11.0,2025-06-17,under,0.1605642066511438,1.925925925925926,0.925925925925926,1.0,False,False,False
2221,57ab5c1e-2cce-4b4c-9b68-247faa0a98dc,180,Nneka Ogwumike,nnekaogwumike,LAS,points,16.5,-102.0,-128.0,10,10,2025-06-16 05:57:07+00:00,2025-06-16 05:57:07+00:00,2025-06-16 05:57:07+00:00,2025-06-18 02:00:00+00:00,0.0,2025-06-17,2025,REG,LAS,SEA,1.0663540038214347,True,,0.47082505196940394,401736187,1068,14,6,0,True,False,matched,26.0,2025-06-17,under,0.1437560432134909,1.78125,-1.0,1.0,False,False,False
2221,d7a8ae44-a3b4-4d29-ab9a-93a443aba6ec,89,Dearica Hamby,dearicahamby,LAS,points,17.5,100.0,-130.0,10,10,2025-06-16 05:57:07+00:00,2025-06-16 05:57:07+00:00,2025-06-16 05:57:07+00:00,2025-06-18 02:00:00+00:00,0.0,2025-06-17,2025,REG,LAS,SEA,1.065217391304348,True,,0.4663164946059025,401736187,2566106,6,14,1,True,False,matched,8.0,2025-06-17,under,0.1289315239578987,1.7692307692307692,0.7692307692307692,1.0,False,False,False
2221,6b05f0e2-00cc-42cb-aec3-d8b9fcf3fd3e,175,Skylar Diggins,skylardiggins,CHI,points,17.5,-115.0,-113.0,10,10,2025-06-16 05:57:07+00:00,2025-06-16 05:57:07+00:00,2025-06-16 05:57:07+00:00,2025-06-18 02:00:00+00:00,0.0,2025-06-17,2025,REG,LAS,SEA,1.0654001528551151,True,,0.5022557674006809,401736187,2491205,14,6,0,True,False,matched,15.0,2025-06-17,under,0.1192179676139809,1.8849557522123894,0.8849557522123894,1.0,False,False,False
2221,549eae8d-7de3-4ee5-a3cf-487b7c6e9e94,176,Ezi Magbegor,ezimagbegor,SEA,rebounds,7.5,-122.0,-108.0,10,10,2025-06-16 05:57:07+00:00,2025-06-16 05:57:07+00:00,2025-06-16 05:57:07+00:00,2025-06-18 02:00:00+00:00,0.0,2025-06-17,2025,REG,LAS,SEA,1.0687803187803186,True,,0.5156895960912058,401736187,4420318,14,6,0,True,False,matched,3.0,2025-06-17,under,0.07313539140255265,1.925925925925926,0.925925925925926,1.0,False,False,False
2218,f64b886a-5477-4166-8dc9-db7d04a7baf3,166,Jewell Loyd,jewellloyd,LVA,threes,2.5,125.0,-155.0,24,24,2025-06-16 12:23:29+00:00,2025-06-16 12:23:29+00:00,2025-06-16 12:23:29+00:00,2025-06-18 00:00:00+00:00,0.0,2025-06-17,2025,REG,MIN,LVA,1.0522875816993464,True,,0.4161844529605166,401736186,2987869,17,8,0,True,False,matched,4.0,2025-06-17,under,0.15850258733123246,1.6451612903225805,-1.0,1.0,False,False,False
2218,5173cb9f-4425-4c05-939c-0ae3ff2f12d2,102,Jackie Young,jackieyoung,LVA,assists,4.5,105.0,-135.0,24,24,2025-06-16 12:23:29+00:00,2025-06-16 12:23:29+00:00,2025-06-16 12:23:29+00:00,2025-06-18 00:00:00+00:00,0.0,2025-06-17,2025,REG,MIN,LVA,1.0622729631551635,True,,0.45531139401703796,401736186,4065870,17,8,0,True,False,matched,6.0,2025-06-17,under,0.1522219508906278,1.7407407407407407,-1.0,1.0,False,False,False
2218,dec3b899-0384-4d2b-91c8-b979ba116e65,107,Chelsea Gray,chelseagray,LVA,threes,1.5,-130.0,100.0,24,24,2025-06-16 12:23:29+00:00,2025-06-16 12:23:29+00:00,2025-06-16 12:23:29+00:00,2025-06-18 00:00:00+00:00,0.0,2025-06-17,2025,REG,MIN,LVA,1.065217391304348,True,,0.5336835053940976,401736186,2529122,17,8,0,True,False,matched,0.0,2025-06-17,under,0.052361008943397624,2.0,1.0,1.0,False,False,False
2219,ef042a7e-2bb9-4ea7-8187-cf1dbfcb1ac3,573,Sonia Citron,soniacitron,WAS,threes,1.5,120.0,-150.0,24,24,2025-06-16 12:23:30+00:00,2025-06-16 12:23:30+00:00,2025-06-16 12:23:30+00:00,2025-06-18 00:00:00+00:00,0.0,2025-06-17,2025,REG,CHI,WAS,1.0545454545454547,True,,0.4253013906678685,401736184,4433524,16,19,0,True,False,matched,1.0,2025-06-17,under,0.05307463900189774,1.6666666666666665,0.6666666666666665,1.0,False,False,False
2218,a9b30749-5954-445e-ae9c-8e6434bb0d6c,117,Courtney Williams,courtneywilliams,MIN,rebounds,3.5,-160.0,120.0,10,10,2025-06-17 01:04:05+00:00,2025-06-17 01:04:05+00:00,2025-06-17 01:04:05+00:00,2025-06-18 00:00:00+00:00,0.0,2025-06-17,2025,REG,MIN,LVA,1.06993006993007,True,,0.583305061424049,401736186,2987891,8,17,1,True,False,matched,4.0,2025-06-17,under,0.08574178651938691,2.2,-1.0,1.0,False,False,False
2216,fb124faa-606d-4cf7-9c15-2407c3d2615c,43,Olivia Nelson-Ododa,olivianelsonododa,CON,rebounds,6.5,102.0,-136.0,10,10,2025-06-17 03:43:22+00:00,2025-06-17 03:43:22+00:00,2025-06-17 03:43:22+00:00,2025-06-17 23:00:00+00:00,0.0,2025-06-17,2025,REG,IND,CON,1.071320691391173,True,,0.4579067075572801,401736182,4398966,18,5,0,True,False,matched,8.0,2025-06-17,under,0.2262347909558829,1.7352941176470589,-1.0,1.0,False,False,False
2216,17549d74-5d31-4fa3-902c-e71f24f7d78f,76,Lexie Hull,lexiehull,IND,rebounds,3.5,-105.0,-135.0,49,49,2025-06-17 11:01:31+00:00,2025-06-17 11:01:31+00:00,2025-06-17 11:01:31+00:00,2025-06-17 23:00:00+00:00,0.0,2025-06-17,2025,REG,IND,CON,1.0866632070576026,True,,0.46744138600370294,401736182,4398829,5,18,1,True,False,matched,3.0,2025-06-17,over,0.1084864993164108,1.9523809523809523,-1.0,1.0,False,False,False
2220,062fd24d-b706-4e84-b237-6f715b1a5179,83,Monique Billings,moniquebillings,IND,points,9.5,-190.0,145.0,49,49,2025-06-17 12:03:50+00:00,2025-06-17 12:03:50+00:00,2025-06-17 12:03:50+00:00,2025-06-18 00:00:00+00:00,0.0,2025-06-17,2025,REG,DAL,GSV,1.0633356790992259,True,,0.627503342529811,401736185,3142255,129689,3,0,True,False,matched,18.0,2025-06-17,under,1.0199051402202142,2.45,-1.0,1.0,False,False,False
2220,f3b9c227-8e94-4150-83ce-b2ef6207c379,58,Carla Leite,carlaleite,PDX,points,9.5,-195.0,145.0,49,49,2025-06-17 17:32:48+00:00,2025-06-17 17:32:48+00:00,2025-06-17 17:32:48+00:00,2025-06-18 00:00:00+00:00,0.0,2025-06-17,2025,REG,DAL,GSV,1.0691802144586648,True,,0.6309553346406138,401736185,5208982,129689,3,0,True,False,matched,8.0,2025-06-17,under,0.4423363471991459,2.45,1.4500000000000002,1.0,False,False,False
2222,f85c06a7-1b32-4fcf-96e3-56d8a8f5b72e,40,Alyssa Thomas,alyssathomas,PHO,points,13.5,-102.0,-128.0,10,10,2025-06-18 04:51:25+00:00,2025-06-18 04:51:25+00:00,2025-06-18 04:51:25+00:00,2025-06-18 23:00:00+00:00,0.0,2025-06-18,2025,REG,CON,PHX,1.0663540038214347,True,,0.47082505196940394,401736188,2529140,11,18,0,True,False,matched,14.0,2025-06-18,under,0.1098416044326222,1.78125,-1.0,1.0,False,False,False
2222,868abb2c-992d-4c8a-92bc-92d579add7ef,9,Tina Charles,tinacharles,FA,rebounds,6.5,124.0,-166.0,10,10,2025-06-18 04:51:26+00:00,2025-06-18 04:51:26+00:00,2025-06-18 04:51:26+00:00,2025-06-18 23:00:00+00:00,0.0,2025-06-18,2025,REG,CON,PHX,1.0704887218045114,True,,0.40796342297849103,401736188,918,18,11,1,True,False,matched,4.0,2025-06-18,over,0.24009514972164403,2.24,-1.0,1.0,False,False,False
2222,a26369a2-9e9a-4fd1-a5fa-fb636335593a,22,Marina Mabrey,marinamabrey,TOR,assists,3.5,112.0,-148.0,10,10,2025-06-18 04:51:26+00:00,2025-06-18 04:51:26+00:00,2025-06-18 04:51:26+00:00,2025-06-18 23:00:00+00:00,0.0,2025-06-18,2025,REG,CON,PHX,1.0684723067559343,True,,0.43527724698320036,401736188,3904576,18,11,1,True,False,matched,7.0,2025-06-18,over,0.19172357686475766,2.12,1.12,1.0,False,False,False
2222,98a87e8f-7670-429c-8fcd-87e93cb656e2,54,Satou Sabally,satousabally,NYL,rebounds,7.5,-130.0,-102.0,10,10,2025-06-18 04:51:26+00:00,2025-06-18 04:51:26+00:00,2025-06-18 04:51:26+00:00,2025-06-18 23:00:00+00:00,0.0,2025-06-18,2025,REG,CON,PHX,1.0701678863538528,True,,0.5312123494364493,401736188,4281929,11,18,0,True,False,matched,15.0,2025-06-18,under,0.1884773154072693,1.9803921568627452,-1.0,1.0,False,False,False
2222,78d3adfd-e264-4a9f-a5f3-e88fcfa85999,43,Olivia Nelson-Ododa,olivianelsonododa,CON,rebounds,6.5,124.0,-166.0,10,10,2025-06-18 05:18:48+00:00,2025-06-18 05:18:48+00:00,2025-06-18 05:18:48+00:00,2025-06-18 23:00:00+00:00,0.0,2025-06-18,2025,REG,CON,PHX,1.0704887218045114,True,,0.40796342297849103,401736188,4398966,18,11,1,True,False,matched,14.0,2025-06-18,under,0.1175722069012492,1.6024096385542168,-1.0,1.0,False,False,False
2223,22409594-596b-47e2-835f-ddd86cd3a849,54,Satou Sabally,satousabally,NYL,rebounds,7.5,-154.0,116.0,10,10,2025-06-19 01:43:43+00:00,2025-06-19 01:43:43+00:00,2025-06-19 01:43:43+00:00,2025-06-19 23:00:00+00:00,0.0,2025-06-19,2025,REG,NYL,PHX,1.0692621755613883,True,,0.574207987656796,401736189,4281929,11,9,0,True,False,matched,9.0,2025-06-19,under,0.30711347216681173,2.16,-1.0,1.0,False,False,False
2223,12155ad6-4a82-42c7-a0c2-2f0bb70f42b9,40,Alyssa Thomas,alyssathomas,PHO,assists,9.5,116.0,-152.0,10,10,2025-06-19 01:43:43+00:00,2025-06-19 01:43:43+00:00,2025-06-19 01:43:43+00:00,2025-06-19 23:00:00+00:00,0.0,2025-06-19,2025,REG,NYL,PHX,1.066137566137566,True,,0.4275370112309487,401736189,2529140,11,9,0,True,False,matched,7.0,2025-06-19,under,0.11525228027070894,1.6578947368421053,0.6578947368421053,1.0,False,False,False
2223,4a2bbd68-ca86-44aa-a4c9-5045f8f3f45f,141,Jonquel Jones,jonqueljones,NYL,rebounds,10.5,116.0,-154.0,10,10,2025-06-19 01:43:44+00:00,2025-06-19 01:43:44+00:00,2025-06-19 01:43:44+00:00,2025-06-19 23:00:00+00:00,0.0,2025-06-19,2025,REG,NYL,PHX,1.0692621755613883,True,,0.425792012343204,401736189,2999101,9,11,1,True,False,matched,4.0,2025-06-19,under,0.22322672836076168,1.6493506493506493,0.6493506493506493,1.0,False,False,False
2223,204bf310-faee-47ef-af52-b828f6fa38db,137,Breanna Stewart,breannastewart,NYL,rebounds,5.5,-148.0,112.0,10,10,2025-06-19 01:43:44+00:00,2025-06-19 01:43:44+00:00,2025-06-19 01:43:44+00:00,2025-06-19 23:00:00+00:00,0.0,2025-06-19,2025,REG,NYL,PHX,1.0684723067559343,True,,0.5647227530167998,401736189,2998928,9,11,1,True,False,matched,3.0,2025-06-19,over,0.06756885873749519,1.6756756756756757,-1.0,1.0,False,False,False
2224,c42e5794-437d-4124-873c-e60402bd0dbb,76,Lexie Hull,lexiehull,IND,points,9.5,-106.0,-122.0,10,10,2025-06-19 02:33:41+00:00,2025-06-19 02:33:41+00:00,2025-06-19 02:33:41+00:00,2025-06-20 02:00:00+00:00,0.0,2025-06-19,2025,REG,GSV,IND,1.064112656345666,True,,0.4819416314468661,401736190,4398829,5,129689,0,True,False,matched,3.0,2025-06-19,under,0.22974136980549265,1.819672131147541,0.819672131147541,1.0,False,False,False
2224,fd0ba9fd-9988-44bc-896b-6f89230e0930,83,Monique Billings,moniquebillings,IND,rebounds,6.5,-154.0,116.0,10,10,2025-06-19 02:33:42+00:00,2025-06-19 02:33:42+00:00,2025-06-19 02:33:42+00:00,2025-06-20 02:00:00+00:00,0.0,2025-06-19,2025,REG,GSV,IND,1.0692621755613883,True,,0.574207987656796,401736190,3142255,129689,5,1,True,False,matched,3.0,2025-06-19,under,0.4290975960798373,2.16,1.1600000000000001,1.0,False,False,False
2224,c1cb9dd3-1066-46bc-a171-ce9f45b2f687,139,Kayla Thornton,kaylathornton,GSV,rebounds,7.5,-122.0,-108.0,10,10,2025-06-19 02:33:42+00:00,2025-06-19 02:33:42+00:00,2025-06-19 02:33:42+00:00,2025-06-20 02:00:00+00:00,0.0,2025-06-19,2025,REG,GSV,IND,1.0687803187803186,True,,0.5156895960912058,401736190,2529622,129689,5,1,True,False,matched,6.0,2025-06-19,under,0.4176926963363208,1.925925925925926,0.925925925925926,1.0,False,False,False
2224,e1254a43-f2a2-4282-a960-5f3e6f2434b5,55,Veronica Burton,veronicaburton,GSV,points,11.5,100.0,-130.0,10,10,2025-06-19 02:33:42+00:00,2025-06-19 02:33:42+00:00,2025-06-19 02:33:42+00:00,2025-06-20 02:00:00+00:00,0.0,2025-06-19,2025,REG,GSV,IND,1.065217391304348,True,,0.4663164946059025,401736190,4398935,129689,5,1,True,False,matched,11.0,2025-06-19,under,0.20708041764511104,1.7692307692307692,0.7692307692307692,1.0,False,False,False
2224,aea044b5-6861-41ba-8ff5-5ac9e128a9e6,58,Carla Leite,carlaleite,PDX,points,10.5,102.0,-132.0,10,10,2025-06-19 02:33:42+00:00,2025-06-19 02:33:42+00:00,2025-06-19 02:33:42+00:00,2025-06-20 02:00:00+00:00,0.0,2025-06-19,2025,REG,GSV,IND,1.0640150221918745,True,,0.4618487426836327,401736190,5208982,129689,5,1,True,False,matched,8.0,2025-06-19,under,0.18847766055104803,1.7575757575757576,0.7575757575757576,1.0,False,False,False
2224,dad65e5e-90cb-4e3b-b67f-c4f521dfca1b,71,Aliyah Boston,aliyahboston,IND,assists,4.5,114.0,-152.0,10,10,2025-06-19 02:33:42+00:00,2025-06-19 02:33:42+00:00,2025-06-19 02:33:42+00:00,2025-06-20 02:00:00+00:00,0.0,2025-06-19,2025,REG,GSV,IND,1.0704643228007713,True,,0.42960347247450675,401736190,4432831,5,129689,0,True,False,matched,1.0,2025-06-19,under,0.18002572834007624,1.6578947368421053,0.6578947368421053,1.0,False,False,False
2224,79bc2073-c138-4321-a357-6fdd9444322c,68,Caitlin Clark,caitlinclark,IND,rebounds,5.5,104.0,-138.0,10,10,2025-06-19 02:33:42+00:00,2025-06-19 02:33:42+00:00,2025-06-19 02:33:42+00:00,2025-06-20 02:00:00+00:00,0.0,2025-06-19,2025,REG,GSV,IND,1.0700280112044818,True,,0.4535791638529251,401736190,4433403,5,129689,0,True,False,matched,7.0,2025-06-19,under,0.1545364649732639,1.7246376811594204,-1.0,1.0,False,False,False
2224,5730eacd-e16c-4b11-802a-223665536832,56,Natasha Howard,natashahoward,MIN,points,11.5,-118.0,-110.0,10,10,2025-06-19 02:33:42+00:00,2025-06-19 02:33:42+00:00,2025-06-19 02:33:42+00:00,2025-06-20 02:00:00+00:00,0.0,2025-06-19,2025,REG,GSV,IND,1.0650939274792486,True,,0.5090245232268319,401736190,2529130,5,129689,0,True,False,matched,13.0,2025-06-19,under,0.15104879115251196,1.9090909090909092,-1.0,1.0,False,False,False
2224,bde8b2d5-30ad-4ef9-99f8-7587c57bb692,70,Kelsey Mitchell,kelseymitchell,IND,points,17.5,-113.0,-115.0,10,10,2025-06-19 02:33:42+00:00,2025-06-19 02:33:42+00:00,2025-06-19 02:33:42+00:00,2025-06-20 02:00:00+00:00,0.0,2025-06-19,2025,REG,GSV,IND,1.0654001528551151,True,,0.49774423259931944,401736190,3142191,5,129689,0,True,False,matched,16.0,2025-06-19,under,0.08737449841820388,1.8695652173913042,0.8695652173913042,1.0,False,False,False
2223,50e521a6-fa39-47f5-9ccf-618aa0850a13,155,Kahleah Copper,kahleahcopper,PHO,points,13.5,-128.0,-102.0,10,10,2025-06-19 15:29:20+00:00,2025-06-19 15:29:20+00:00,2025-06-19 15:29:20+00:00,2025-06-19 23:00:00+00:00,0.0,2025-06-19,2025,REG,NYL,PHX,1.0663540038214347,True,,0.5291749480305961,401736189,2998938,11,9,0,True,True,did_not_play,,2025-06-19,under,0.08202641424499801,1.9803921568627452,0.0,0.0,False,True,False
2225,27a16f3b-3823-48b7-a48c-8d4293dec236,22,Marina Mabrey,marinamabrey,TOR,assists,3.5,-110.0,-120.0,10,10,2025-06-19 17:41:52+00:00,2025-06-19 17:41:52+00:00,2025-06-19 17:41:52+00:00,2025-06-20 23:30:00+00:00,0.0,2025-06-20,2025,REG,CON,DAL,1.0692640692640691,True,,0.4887959885212434,401736192,3904576,18,3,1,True,False,matched,6.0,2025-06-20,over,0.1392281929448791,1.9090909090909092,0.9090909090909092,1.0,False,False,False
2225,70db828a-0d22-4829-9520-3373f8358c60,528,Paige Bueckers,paigebueckers,DAL,assists,6.5,118.0,-158.0,10,10,2025-06-19 17:41:52+00:00,2025-06-19 17:41:52+00:00,2025-06-19 17:41:52+00:00,2025-06-20 23:30:00+00:00,0.0,2025-06-20,2025,REG,CON,DAL,1.0711186971054691,True,,0.42034729080094674,401736192,4433730,3,18,0,True,False,matched,7.0,2025-06-20,under,0.11515501083509039,1.6329113924050633,-1.0,1.0,False,False,False
2225,614c58c3-cfb2-4198-a82b-09a25f88595a,9,Tina Charles,tinacharles,FA,rebounds,6.5,-114.0,-114.0,10,10,2025-06-19 17:41:52+00:00,2025-06-19 17:41:52+00:00,2025-06-19 17:41:52+00:00,2025-06-20 23:30:00+00:00,0.0,2025-06-20,2025,REG,CON,DAL,1.0654205607476634,True,,0.5000000000000001,401736192,918,18,3,1,True,False,matched,6.0,2025-06-20,under,0.1010048074133445,1.8771929824561404,0.8771929824561404,1.0,False,False,False
2225,54bab4e3-f5cd-4d44-8d3a-c721803a64b4,48,DiJonai Carrington,dijonaicarrington,CHI,points,11.5,-122.0,-106.0,10,10,2025-06-19 17:41:52+00:00,2025-06-19 17:41:52+00:00,2025-06-19 17:41:52+00:00,2025-06-20 23:30:00+00:00,0.0,2025-06-20,2025,REG,CON,DAL,1.064112656345666,True,,0.518058368553134,401736192,4066548,3,18,0,True,False,matched,5.0,2025-06-20,under,0.058185313977334285,1.9433962264150944,0.9433962264150944,1.0,False,False,False
2226,d6b656f7-ffff-4912-b32e-b6fb44e4f540,572,Kiki Iriafen,kikiiriafen,WAS,points,12.5,-108.0,-120.0,10,10,2025-06-19 20:54:55+00:00,2025-06-19 20:54:55+00:00,2025-06-19 20:54:55+00:00,2025-06-20 23:30:00+00:00,0.0,2025-06-20,2025,REG,ATL,WAS,1.0646853146853146,True,,0.48646030463369283,401736191,4898384,16,20,0,True,False,matched,9.0,2025-06-20,under,0.12314034720551503,1.8333333333333335,0.8333333333333335,1.0,False,False,False
2226,7e0be18a-ecbc-4e8e-94c5-9db5d5fd7ff6,49,Brionna Jones,brionnajones,ATL,points,12.5,-114.0,-114.0,10,10,2025-06-19 20:54:55+00:00,2025-06-19 20:54:55+00:00,2025-06-19 20:54:55+00:00,2025-06-20 23:30:00+00:00,0.0,2025-06-20,2025,REG,ATL,WAS,1.0654205607476634,True,,0.5000000000000001,401736191,3058895,20,16,1,True,False,matched,14.0,2025-06-20,under,0.12212308794974575,1.8771929824561404,-1.0,1.0,False,False,False
2226,df36c8f3-e5d1-4521-83fc-b572ae717504,182,Brittney Sykes,brittneysykes,TOR,points,18.5,100.0,-130.0,10,10,2025-06-19 20:54:55+00:00,2025-06-19 20:54:55+00:00,2025-06-19 20:54:55+00:00,2025-06-20 23:30:00+00:00,0.0,2025-06-20,2025,REG,ATL,WAS,1.065217391304348,True,,0.4663164946059025,401736191,2988756,16,20,0,True,False,matched,21.0,2025-06-20,under,0.10554166525590747,1.7692307692307692,-1.0,1.0,False,False,False
2226,2a0d18b3-f413-47e9-be3b-9091912725ab,1,Allisha Gray,allishagray,ATL,threes,2.5,124.0,-166.0,10,10,2025-06-19 20:54:56+00:00,2025-06-19 20:54:56+00:00,2025-06-19 20:54:56+00:00,2025-06-20 23:30:00+00:00,0.0,2025-06-20,2025,REG,ATL,WAS,1.0704887218045114,True,,0.40796342297849103,401736191,3058901,20,16,1,True,False,matched,2.0,2025-06-20,under,0.09847526440592769,1.6024096385542168,0.6024096385542168,1.0,False,False,False
2226,cd89f62e-5863-4656-9f05-d81a17fd0fe9,573,Sonia Citron,soniacitron,WAS,rebounds,3.5,-146.0,110.0,10,10,2025-06-19 20:54:56+00:00,2025-06-19 20:54:56+00:00,2025-06-19 20:54:56+00:00,2025-06-20 23:30:00+00:00,0.0,2025-06-20,2025,REG,ATL,WAS,1.0696864111498257,True,,0.5607420039050215,401736191,4433524,16,20,0,True,False,matched,3.0,2025-06-20,over,0.05529602010625667,1.6849315068493151,-1.0,1.0,False,False,False
2227,8adbab20-f7f6-4107-9fba-96e1c8949d82,103,A'ja Wilson,ajawilson,LVA,rebounds,11.5,-122.0,-110.0,10,10,2025-06-20 04:55:52+00:00,2025-06-20 04:55:52+00:00,2025-06-20 04:55:52+00:00,2025-06-21 02:00:00+00:00,0.0,2025-06-20,2025,REG,LVA,SEA,1.0733590733590734,True,,0.5133544081098238,401736193,3149391,17,14,1,True,False,matched,14.0,2025-06-20,under,0.32319433484304355,1.9090909090909092,-1.0,1.0,False,False,False
2227,7cefcaaa-e41f-457f-a8be-cbeb95781ad9,176,Ezi Magbegor,ezimagbegor,SEA,rebounds,7.5,-130.0,-102.0,10,10,2025-06-20 04:55:52+00:00,2025-06-20 04:55:52+00:00,2025-06-20 04:55:52+00:00,2025-06-21 02:00:00+00:00,0.0,2025-06-20,2025,REG,LVA,SEA,1.0701678863538528,True,,0.5312123494364493,401736193,4420318,14,17,0,True,False,matched,2.0,2025-06-20,under,0.2772547055930703,1.9803921568627452,0.9803921568627452,1.0,False,False,False
2227,ba15779c-f20c-4b95-9b3f-d78b4c3afc40,175,Skylar Diggins,skylardiggins,CHI,points,17.5,-114.0,-114.0,10,10,2025-06-20 04:55:52+00:00,2025-06-20 04:55:52+00:00,2025-06-20 04:55:52+00:00,2025-06-21 02:00:00+00:00,0.0,2025-06-20,2025,REG,LVA,SEA,1.0654205607476634,True,,0.5000000000000001,401736193,2491205,14,17,0,True,False,matched,24.0,2025-06-20,under,0.22783725452520176,1.8771929824561404,-1.0,1.0,False,False,False
2227,7d9972b6-cff3-4069-b0f6-577bbe71723a,208,Gabby Williams,gabbywilliams,GSV,threes,1.5,-138.0,104.0,10,10,2025-06-20 04:55:52+00:00,2025-06-20 04:55:52+00:00,2025-06-20 04:55:52+00:00,2025-06-21 02:00:00+00:00,0.0,2025-06-20,2025,REG,LVA,SEA,1.0700280112044818,True,,0.5464208361470752,401736193,3142328,14,17,0,True,False,matched,3.0,2025-06-20,under,0.19292802096947537,2.04,-1.0,1.0,False,False,False
2227,8669dd56-67c3-4314-9a6f-35bfdbc1989f,180,Nneka Ogwumike,nnekaogwumike,LAS,rebounds,8.5,118.0,-158.0,10,10,2025-06-20 04:55:52+00:00,2025-06-20 04:55:52+00:00,2025-06-20 04:55:52+00:00,2025-06-21 02:00:00+00:00,0.0,2025-06-20,2025,REG,LVA,SEA,1.0711186971054691,True,,0.42034729080094674,401736193,1068,14,17,0,True,False,matched,12.0,2025-06-20,under,0.08974243601053405,1.6329113924050633,-1.0,1.0,False,False,False
2227,b9dedde7-bc91-465c-b2a2-559f2de0c881,102,Jackie Young,jackieyoung,LVA,assists,3.5,130.0,-174.0,10,10,2025-06-20 12:46:36+00:00,2025-06-20 12:46:36+00:00,2025-06-20 12:46:36+00:00,2025-06-21 02:00:00+00:00,0.0,2025-06-20,2025,REG,LVA,SEA,1.069819105046017,True,,0.3962729171732011,401736193,4065870,17,14,1,True,False,matched,5.0,2025-06-20,over,0.3263362982305984,2.3,1.2999999999999998,1.0,False,False,False
2227,59c305b6-fd5f-4169-b05f-b26a3ce89c02,107,Chelsea Gray,chelseagray,LVA,points,12.5,-118.0,-110.0,10,10,2025-06-20 12:46:36+00:00,2025-06-20 12:46:36+00:00,2025-06-20 12:46:36+00:00,2025-06-21 02:00:00+00:00,0.0,2025-06-20,2025,REG,LVA,SEA,1.0650939274792486,True,,0.5090245232268319,401736193,2529122,17,14,1,True,False,matched,7.0,2025-06-20,under,0.0667633156220353,1.9090909090909092,0.9090909090909092,1.0,False,False,False
2228,3dd8924f-8839-4c56-b898-3028ac6e3bbe,40,Alyssa Thomas,alyssathomas,PHO,points,13.5,-114.0,-114.0,10,10,2025-06-20 19:31:11+00:00,2025-06-20 19:31:11+00:00,2025-06-20 19:31:11+00:00,2025-06-21 17:00:00+00:00,0.0,2025-06-21,2025,REG,CHI,PHX,1.0654205607476634,True,,0.5000000000000001,401736194,2529140,11,19,0,True,False,matched,11.0,2025-06-21,under,0.14101575920335824,1.8771929824561404,0.8771929824561404,1.0,False,False,False
2228,b3d71dc8-c59b-4ef8-aebf-a86942ac622e,54,Satou Sabally,satousabally,NYL,rebounds,7.5,-138.0,104.0,10,10,2025-06-20 19:31:11+00:00,2025-06-20 19:31:11+00:00,2025-06-20 19:31:11+00:00,2025-06-21 17:00:00+00:00,0.0,2025-06-21,2025,REG,CHI,PHX,1.0700280112044818,True,,0.5464208361470752,401736194,4281929,11,19,0,True,False,matched,2.0,2025-06-21,under,0.12211645091867834,2.04,1.04,1.0,False,False,False
2228,4b57d803-d22a-4325-b568-a69e0c3dd9b9,155,Kahleah Copper,kahleahcopper,PHO,points,12.5,102.0,-132.0,10,10,2025-06-20 19:31:12+00:00,2025-06-20 19:31:12+00:00,2025-06-20 19:31:12+00:00,2025-06-21 17:00:00+00:00,0.0,2025-06-21,2025,REG,CHI,PHX,1.0640150221918745,True,,0.4618487426836327,401736194,2998938,11,19,0,True,False,matched,16.0,2025-06-21,over,0.07050308237001962,2.02,1.02,1.0,False,False,False
2228,2392ae3d-08bb-4b90-9c6c-043ebab6a64b,26,Angel Reese,angelreese,ATL,assists,3.5,140.0,-188.0,10,10,2025-06-20 19:31:12+00:00,2025-06-20 19:31:12+00:00,2025-06-20 19:31:12+00:00,2025-06-21 17:00:00+00:00,0.0,2025-06-21,2025,REG,CHI,PHX,1.0694444444444444,True,,0.37770717896550643,401736194,4433402,19,11,1,True,False,matched,2.0,2025-06-21,over,0.05893990816930372,2.4,-1.0,1.0,False,False,False
2229,0d1e0835-29b4-437a-9388-586f6a9a2d30,89,Dearica Hamby,dearicahamby,LAS,points,16.5,-114.0,-114.0,10,10,2025-06-20 19:53:31+00:00,2025-06-20 19:53:31+00:00,2025-06-20 19:53:31+00:00,2025-06-22 00:00:00+00:00,0.0,2025-06-21,2025,REG,MIN,LAS,1.0654205607476634,True,,0.5000000000000001,401736195,2566106,6,8,0,True,False,matched,13.0,2025-06-21,under,0.28624481830463233,1.8771929824561404,0.8771929824561404,1.0,False,False,False
2229,b8a3095c-dde6-4a71-a2b2-00d65f4aadf6,94,Rickea Jackson,rickeajackson,CHI,points,15.5,-120.0,-108.0,10,10,2025-06-20 19:53:31+00:00,2025-06-20 19:53:31+00:00,2025-06-20 19:53:31+00:00,2025-06-22 00:00:00+00:00,0.0,2025-06-21,2025,REG,MIN,LAS,1.0646853146853146,True,,0.5135396953663074,401736195,4433630,6,8,0,True,False,matched,9.0,2025-06-21,under,0.2565687071911576,1.925925925925926,0.925925925925926,1.0,False,False,False
2229,f92eb0bc-3f85-4f91-9dc4-5fda8e0ff14a,82,Azura Stevens,azurastevens,CHI,points,12.5,-110.0,-118.0,10,10,2025-06-20 19:53:31+00:00,2025-06-20 19:53:31+00:00,2025-06-20 19:53:31+00:00,2025-06-22 00:00:00+00:00,0.0,2025-06-21,2025,REG,MIN,LAS,1.0650939274792486,True,,0.4909754767731684,401736195,3142010,6,8,0,True,False,matched,11.0,2025-06-21,under,0.2076817486544924,1.847457627118644,0.847457627118644,1.0,False,False,False
2225,41c610fd-d6a1-46c7-ab8a-fbde829d99ff,43,Olivia Nelson-Ododa,olivianelsonododa,CON,rebounds,6.5,-128.0,-104.0,10,10,2025-06-20 22:48:43+00:00,2025-06-20 22:48:43+00:00,2025-06-20 22:48:43+00:00,2025-06-20 23:30:00+00:00,0.0,2025-06-20,2025,REG,CON,DAL,1.0712074303405572,True,,0.5267388899028808,401736192,4398966,18,3,1,True,False,matched,0.0,2025-06-20,under,0.1600011346883367,1.9615384615384617,0.9615384615384617,1.0,False,False,False
2227,c1e277b7-a13b-4659-9633-6d915a868a53,166,Jewell Loyd,jewellloyd,LVA,assists,3.5,160.0,-230.0,49,49,2025-06-20 23:25:54+00:00,2025-06-20 23:25:54+00:00,2025-06-20 23:25:54+00:00,2025-06-21 02:00:00+00:00,0.0,2025-06-20,2025,REG,LVA,SEA,1.0815850815850816,True,,0.3369872092512729,401736193,2987869,17,14,1,True,False,matched,4.0,2025-06-20,under,0.07938896342809926,1.434782608695652,-1.0,1.0,False,False,False
2227,397b7ad9-1d69-4b89-8884-5dbf7bcffdc8,66,Erica Wheeler,ericawheeler,LAS,threes,1.5,118.0,-158.0,10,10,2025-06-21 01:41:12+00:00,2025-06-21 01:41:12+00:00,2025-06-21 01:41:12+00:00,2025-06-21 02:00:00+00:00,0.0,2025-06-20,2025,REG,LVA,SEA,1.0711186971054691,True,,0.42034729080094674,401736193,2491214,14,17,0,True,False,matched,3.0,2025-06-20,under,0.17870119013667707,1.6329113924050633,-1.0,1.0,False,False,False
2229,3a7cadb6-e0b0-451d-aaec-b2f2d9db8621,101,Kelsey Plum,kelseyplum,LAS,assists,5.5,-108.0,-122.0,10,10,2025-06-21 02:14:44+00:00,2025-06-21 02:14:44+00:00,2025-06-21 02:14:44+00:00,2025-06-22 00:00:00+00:00,0.0,2025-06-21,2025,REG,MIN,LAS,1.0687803187803186,True,,0.48431040390879443,401736195,3065570,6,8,0,True,False,matched,4.0,2025-06-21,under,0.2523255602209984,1.819672131147541,0.819672131147541,1.0,False,False,False
2229,c4bc784e-517d-4f24-a029-e394d44cc4f3,112,Napheesa Collier,napheesacollier,MIN,assists,3.5,-160.0,120.0,10,10,2025-06-21 02:18:15+00:00,2025-06-21 02:18:15+00:00,2025-06-21 02:18:15+00:00,2025-06-22 00:00:00+00:00,0.0,2025-06-21,2025,REG,MIN,LAS,1.06993006993007,True,,0.583305061424049,401736195,3917450,8,6,1,True,True,did_not_play,,2025-06-21,under,0.34167345504839186,2.2,0.0,0.0,False,True,False
2230,1528bdfd-e349-49cf-a086-bfd37601cbec,68,Caitlin Clark,caitlinclark,IND,points,20.5,-128.0,-102.0,10,10,2025-06-21 06:49:46+00:00,2025-06-21 06:49:46+00:00,2025-06-21 06:49:46+00:00,2025-06-22 19:00:00+00:00,0.0,2025-06-22,2025,REG,LVA,IND,1.0663540038214347,True,,0.5291749480305961,401736198,4433403,5,17,0,True,False,matched,19.0,2025-06-22,under,0.23480834774701476,1.9803921568627452,0.9803921568627452,1.0,False,False,False
2230,8a3d6d17-aad6-48a7-8441-b44d4b0cf52f,103,A'ja Wilson,ajawilson,LVA,rebounds,10.5,-132.0,100.0,10,10,2025-06-21 06:49:46+00:00,2025-06-21 06:49:46+00:00,2025-06-21 06:49:46+00:00,2025-06-22 19:00:00+00:00,0.0,2025-06-22,2025,REG,LVA,IND,1.0689655172413794,True,,0.5356937238338165,401736198,3149391,17,5,1,True,False,matched,7.0,2025-06-22,under,0.21853017900628446,2.0,1.0,1.0,False,False,False
2229,feed74cd-8a88-40b3-a924-93d252885d01,117,Courtney Williams,courtneywilliams,MIN,threes,1.5,-105.0,-125.0,24,24,2025-06-21 10:55:31+00:00,2025-06-21 10:55:31+00:00,2025-06-21 10:55:31+00:00,2025-06-22 00:00:00+00:00,0.0,2025-06-21,2025,REG,MIN,LAS,1.067750677506775,True,,0.47757418034290006,401736195,2987891,8,6,1,True,False,matched,2.0,2025-06-21,under,0.24138081249361665,1.8,-1.0,1.0,False,False,False
2230,9e40fef7-6ae2-4a74-9694-197aaa69cf3f,166,Jewell Loyd,jewellloyd,LVA,threes,2.5,105.0,-135.0,24,24,2025-06-21 11:20:42+00:00,2025-06-21 11:20:42+00:00,2025-06-21 11:20:42+00:00,2025-06-22 19:00:00+00:00,0.0,2025-06-22,2025,REG,LVA,IND,1.0622729631551635,True,,0.45531139401703796,401736198,2987869,17,5,1,True,False,matched,0.0,2025-06-22,under,0.12475246226132086,1.7407407407407407,0.7407407407407407,1.0,False,False,False
2230,452573b9-b601-47fe-a7dc-7b13598d644b,107,Chelsea Gray,chelseagray,LVA,assists,5.5,105.0,-135.0,24,24,2025-06-21 11:20:42+00:00,2025-06-21 11:20:42+00:00,2025-06-21 11:20:42+00:00,2025-06-22 19:00:00+00:00,0.0,2025-06-22,2025,REG,LVA,IND,1.0622729631551635,True,,0.45531139401703796,401736198,2529122,17,5,1,True,False,matched,3.0,2025-06-22,under,0.07263647703140086,1.7407407407407407,0.7407407407407407,1.0,False,False,False
2230,30ae2860-58bc-4de0-b53f-bfe63362ccee,56,Natasha Howard,natashahoward,MIN,points,11.5,-104.0,-125.0,10,10,2025-06-21 15:15:42+00:00,2025-06-21 15:15:42+00:00,2025-06-21 15:15:42+00:00,2025-06-22 19:00:00+00:00,0.0,2025-06-22,2025,REG,LVA,IND,1.065359477124183,True,,0.4763687479911608,401736198,2529130,5,17,0,True,False,matched,7.0,2025-06-22,under,0.06807505857345325,1.8,0.8,1.0,False,False,False
2230,2634dd99-4535-4284-b693-a15b2a88f689,102,Jackie Young,jackieyoung,LVA,points,16.5,-114.0,-114.0,10,10,2025-06-21 15:15:43+00:00,2025-06-21 15:15:43+00:00,2025-06-21 15:15:43+00:00,2025-06-22 19:00:00+00:00,0.0,2025-06-22,2025,REG,LVA,IND,1.0654205607476634,True,,0.5000000000000001,401736198,4065870,17,5,1,True,False,matched,19.0,2025-06-22,under,0.0713412563385949,1.8771929824561404,-1.0,1.0,False,False,False
2232,18f02089-597f-4a6f-9143-46cde22fac35,528,Paige Bueckers,paigebueckers,DAL,assists,5.5,-154.0,116.0,10,10,2025-06-21 17:38:08+00:00,2025-06-21 17:38:08+00:00,2025-06-21 17:38:08+00:00,2025-06-22 19:00:00+00:00,0.0,2025-06-22,2025,REG,WAS,DAL,1.0692621755613883,True,,0.574207987656796,401736197,4433730,3,16,0,True,False,matched,7.0,2025-06-22,under,0.12122752565530936,2.16,-1.0,1.0,False,False,False
2232,6cb8c98b-0de5-4e0e-98db-5b1a32f48132,182,Brittney Sykes,brittneysykes,TOR,points,19.5,-114.0,-114.0,10,10,2025-06-21 17:38:08+00:00,2025-06-21 17:38:08+00:00,2025-06-21 17:38:08+00:00,2025-06-22 19:00:00+00:00,0.0,2025-06-22,2025,REG,WAS,DAL,1.0654205607476634,True,,0.5000000000000001,401736197,2988756,16,3,1,True,False,matched,8.0,2025-06-22,under,0.08602716132826455,1.8771929824561404,0.8771929824561404,1.0,False,False,False
2231,8b73adc2-dd4f-4cce-910c-0fe0ddedcbe1,1,Allisha Gray,allishagray,ATL,points,17.5,-120.0,-108.0,10,10,2025-06-21 19:59:16+00:00,2025-06-21 19:59:16+00:00,2025-06-21 19:59:16+00:00,2025-06-22 19:00:00+00:00,0.0,2025-06-22,2025,REG,ATL,CHI,1.0646853146853146,True,,0.5135396953663074,401736196,3058901,20,19,1,True,False,matched,19.0,2025-06-22,under,0.07954454220542995,1.925925925925926,-1.0,1.0,False,False,False
2231,e9f28daf-61a2-468a-905d-eba04c7b5af2,15,Rhyne Howard,rhynehoward,ATL,rebounds,4.5,-152.0,114.0,10,10,2025-06-21 19:59:16+00:00,2025-06-21 19:59:16+00:00,2025-06-21 19:59:16+00:00,2025-06-22 19:00:00+00:00,0.0,2025-06-22,2025,REG,ATL,CHI,1.0704643228007713,True,,0.5703965275254933,401736196,4398674,20,19,1,True,False,matched,3.0,2025-06-22,under,0.07012478824567475,2.1399999999999997,1.1399999999999997,1.0,False,False,False
2231,4b01808f-ceb3-4544-88f5-33ddffab12f9,49,Brionna Jones,brionnajones,ATL,rebounds,6.5,-136.0,102.0,10,10,2025-06-21 19:59:17+00:00,2025-06-21 19:59:17+00:00,2025-06-21 19:59:17+00:00,2025-06-22 19:00:00+00:00,0.0,2025-06-22,2025,REG,ATL,CHI,1.071320691391173,True,,0.5420932924427202,401736196,3058895,20,19,1,True,False,matched,11.0,2025-06-22,under,0.22544751856535838,2.02,-1.0,1.0,False,False,False
2233,d84d858d-8680-4e42-a87a-897e25cba13b,208,Gabby Williams,gabbywilliams,GSV,threes,1.5,-138.0,104.0,10,10,2025-06-22 01:42:28+00:00,2025-06-22 01:42:28+00:00,2025-06-22 01:42:28+00:00,2025-06-22 23:00:00+00:00,0.0,2025-06-22,2025,REG,SEA,NYL,1.0700280112044818,True,,0.5464208361470752,401736199,3142328,14,9,1,True,False,matched,1.0,2025-06-22,under,0.12994611857139893,2.04,1.04,1.0,False,False,False
2233,8c11a2d8-91bc-4025-b0eb-bf1c7af6b68a,132,Sabrina Ionescu,sabrinaionescu,NYL,assists,5.5,-122.0,-108.0,10,10,2025-06-22 01:42:28+00:00,2025-06-22 01:42:28+00:00,2025-06-22 01:42:28+00:00,2025-06-22 23:00:00+00:00,0.0,2025-06-22,2025,REG,SEA,NYL,1.0687803187803186,True,,0.5156895960912058,401736199,4066533,9,14,0,True,True,did_not_play,,2025-06-22,under,0.07348075192125597,1.925925925925926,0.0,0.0,False,True,False
2233,d07845e7-6408-4b73-bcb9-41a13c410a78,163,Natasha Cloud,natashacloud,CHI,points,9.5,102.0,-132.0,10,10,2025-06-22 01:42:29+00:00,2025-06-22 01:42:29+00:00,2025-06-22 01:42:29+00:00,2025-06-22 23:00:00+00:00,0.0,2025-06-22,2025,REG,SEA,NYL,1.0640150221918745,True,,0.4618487426836327,401736199,2529137,9,14,0,True,False,matched,5.0,2025-06-22,under,0.0839559322190318,1.7575757575757576,0.7575757575757576,1.0,False,False,False
2233,85394db4-d9b8-4331-86bb-732208067dae,175,Skylar Diggins,skylardiggins,CHI,points,17.5,100.0,-130.0,10,10,2025-06-22 01:42:29+00:00,2025-06-22 01:42:29+00:00,2025-06-22 01:42:29+00:00,2025-06-22 23:00:00+00:00,0.0,2025-06-22,2025,REG,SEA,NYL,1.065217391304348,True,,0.4663164946059025,401736199,2491205,14,9,1,True,False,matched,20.0,2025-06-22,under,0.07172016260234715,1.7692307692307692,-1.0,1.0,False,False,False
2233,5f11bfa0-fdb9-4448-a48f-bb5746a51c3e,180,Nneka Ogwumike,nnekaogwumike,LAS,points,15.5,-120.0,-108.0,10,10,2025-06-22 01:42:29+00:00,2025-06-22 01:42:29+00:00,2025-06-22 01:42:29+00:00,2025-06-22 23:00:00+00:00,0.0,2025-06-22,2025,REG,SEA,NYL,1.0646853146853146,True,,0.5135396953663074,401736199,1068,14,9,1,True,False,matched,26.0,2025-06-22,under,0.060684905125245714,1.925925925925926,-1.0,1.0,False,False,False
2234,0b04c2a2-cdfc-4121-8d9f-1589b9ab081d,83,Monique Billings,moniquebillings,IND,rebounds,6.5,-140.0,106.0,10,10,2025-06-22 04:07:36+00:00,2025-06-22 04:07:36+00:00,2025-06-22 04:07:36+00:00,2025-06-23 00:30:00+00:00,0.0,2025-06-22,2025,REG,GSV,CON,1.0687702265372168,True,,0.5506638564937638,401736200,3142255,129689,18,1,True,False,matched,6.0,2025-06-22,under,0.5400338462251806,2.06,1.06,1.0,False,False,False
2234,9a177449-282f-4123-8e80-df61474b72bd,139,Kayla Thornton,kaylathornton,GSV,rebounds,6.5,-132.0,100.0,10,10,2025-06-22 04:07:36+00:00,2025-06-22 04:07:36+00:00,2025-06-22 04:07:36+00:00,2025-06-23 00:30:00+00:00,0.0,2025-06-22,2025,REG,GSV,CON,1.0689655172413794,True,,0.5356937238338165,401736200,2529622,129689,18,1,True,False,matched,8.0,2025-06-22,under,0.42062022501498286,2.0,-1.0,1.0,False,False,False
2234,38d492b8-3729-4a59-8ff4-96a30847fef7,58,Carla Leite,carlaleite,PDX,points,9.5,-114.0,-114.0,10,10,2025-06-22 04:07:36+00:00,2025-06-22 04:07:36+00:00,2025-06-22 04:07:36+00:00,2025-06-23 00:30:00+00:00,0.0,2025-06-22,2025,REG,GSV,CON,1.0654205607476634,True,,0.5000000000000001,401736200,5208982,129689,18,1,True,True,did_not_play,,2025-06-22,under,0.19283327918974053,1.8771929824561404,0.0,0.0,False,True,False
2234,fb05c7d1-d21d-4cf5-9668-7f0007c7336c,9,Tina Charles,tinacharles,FA,points,17.5,-104.0,-125.0,10,10,2025-06-22 04:07:36+00:00,2025-06-22 04:07:36+00:00,2025-06-22 04:07:36+00:00,2025-06-23 00:30:00+00:00,0.0,2025-06-22,2025,REG,GSV,CON,1.065359477124183,True,,0.4763687479911608,401736200,918,18,129689,0,True,False,matched,9.0,2025-06-22,under,0.16944053511717522,1.8,0.8,1.0,False,False,False
2234,c939c1c9-2a62-4f99-b193-938d576dca27,55,Veronica Burton,veronicaburton,GSV,points,10.5,-114.0,-114.0,10,10,2025-06-22 04:07:36+00:00,2025-06-22 04:07:36+00:00,2025-06-22 04:07:36+00:00,2025-06-23 00:30:00+00:00,0.0,2025-06-22,2025,REG,GSV,CON,1.0654205607476634,True,,0.5000000000000001,401736200,4398935,129689,18,1,True,False,matched,10.0,2025-06-22,under,0.09975478269446919,1.8771929824561404,0.8771929824561404,1.0,False,False,False
2231,9bdf8a8e-aa24-476d-aa77-684cceb79826,2,Jordin Canada,jordincanada,ATL,points,9.5,-120.0,-110.0,49,49,2025-06-22 10:11:24+00:00,2025-06-22 10:11:24+00:00,2025-06-22 10:11:24+00:00,2025-06-22 19:00:00+00:00,0.0,2025-06-22,2025,REG,ATL,CHI,1.0692640692640691,True,,0.5112040114787568,401736196,3142250,20,19,1,True,False,matched,6.0,2025-06-22,under,0.15691394277541493,1.9090909090909092,0.9090909090909092,1.0,False,False,False
2234,36029e76-dec2-4bb4-a825-18e52fc09a93,52,Jacy Sheldon,jacysheldon,CHI,points,8.5,-125.0,-105.0,12,12,2025-06-22 11:20:50+00:00,2025-06-22 11:20:50+00:00,2025-06-22 11:20:50+00:00,2025-06-23 00:30:00+00:00,0.0,2025-06-22,2025,REG,GSV,CON,1.067750677506775,True,,0.5224258196571001,401736200,4432865,18,129689,0,True,False,matched,10.0,2025-06-22,under,0.40809681939792225,1.9523809523809523,-1.0,1.0,False,False,False
2232,77c509f9-858b-42a7-a326-d6f391443188,573,Sonia Citron,soniacitron,WAS,rebounds,3.5,-140.0,110.0,13,13,2025-06-22 12:27:34+00:00,2025-06-22 12:27:34+00:00,2025-06-22 12:27:34+00:00,2025-06-22 19:00:00+00:00,0.0,2025-06-22,2025,REG,WAS,DAL,1.0595238095238093,True,,0.555167954788897,401736197,4433524,16,3,1,True,False,matched,11.0,2025-06-22,over,0.07563744855938503,1.7142857142857144,0.7142857142857144,1.0,False,False,False
2232,fd9c8c76-c7d7-410e-af7d-deaba97364d5,48,DiJonai Carrington,dijonaicarrington,CHI,rebounds,4.5,-106.0,-125.0,10,10,2025-06-22 14:53:16+00:00,2025-06-22 14:53:16+00:00,2025-06-22 14:53:16+00:00,2025-06-22 19:00:00+00:00,0.0,2025-06-22,2025,REG,WAS,DAL,1.070118662351672,True,,0.4787708928615623,401736197,4066548,3,16,0,True,True,did_not_play,,2025-06-22,over,0.056458743163434855,1.9433962264150944,0.0,0.0,False,True,False
2238,b59d30dd-964c-40ea-8714-fd45c9b69d66,68,Caitlin Clark,caitlinclark,IND,points,20.5,-115.0,-115.0,12,12,2025-06-22 21:36:12+00:00,2025-06-22 21:36:12+00:00,2025-06-22 21:36:12+00:00,2025-06-25 02:00:00+00:00,0.0,2025-06-24,2025,REG,SEA,IND,1.0697674418604652,True,,0.5,401736204,4433403,5,14,0,True,False,matched,6.0,2025-06-24,under,0.206827030166377,1.8695652173913042,0.8695652173913042,1.0,False,False,False
2233,34af4827-ffb0-428f-8181-3e83a09da521,66,Erica Wheeler,ericawheeler,LAS,points,10.5,-130.0,100.0,10,10,2025-06-22 22:21:34+00:00,2025-06-22 22:21:34+00:00,2025-06-22 22:21:34+00:00,2025-06-22 23:00:00+00:00,0.0,2025-06-22,2025,REG,SEA,NYL,1.065217391304348,True,,0.5336835053940976,401736199,2491214,14,9,1,True,False,matched,9.0,2025-06-22,under,0.18769617471093236,2.0,1.0,1.0,False,False,False
2234,60ded3b7-cf2e-4182-8f0c-54a7a150b3f5,518,Saniya Rivers,saniyarivers,CON,points,9.5,120.0,-160.0,49,49,2025-06-22 22:31:52+00:00,2025-06-22 22:31:52+00:00,2025-06-22 22:31:52+00:00,2025-06-23 00:30:00+00:00,0.0,2025-06-22,2025,REG,GSV,CON,1.06993006993007,True,,0.41669493857595097,401736200,4433514,18,129689,0,True,False,matched,2.0,2025-06-22,under,0.11406051490852798,1.625,0.625,1.0,False,False,False
2233,2e72de64-3985-4126-9e42-62535bd8e886,131,Nyara Sabally,nyarasabally,TOR,points,9.5,155.0,-210.0,49,49,2025-06-22 22:52:52+00:00,2025-06-22 22:52:52+00:00,2025-06-22 22:52:52+00:00,2025-06-22 23:00:00+00:00,0.0,2025-06-22,2025,REG,SEA,NYL,1.0695762175838077,True,,0.35220063099197196,401736199,4398768,9,14,0,True,False,matched,8.0,2025-06-22,under,0.10049302553354,1.4761904761904763,0.4761904761904763,1.0,False,False,False
2238,ab03d620-1dfb-43c7-ba55-f12a3ba24eec,71,Aliyah Boston,aliyahboston,IND,points,13.5,-130.0,100.0,10,10,2025-06-23 00:45:59+00:00,2025-06-23 00:45:59+00:00,2025-06-23 00:45:59+00:00,2025-06-25 02:00:00+00:00,0.0,2025-06-24,2025,REG,SEA,IND,1.065217391304348,True,,0.5336835053940976,401736204,4432831,5,14,0,True,False,matched,31.0,2025-06-24,under,0.25064191722131685,2.0,-1.0,1.0,False,False,False
2238,aef0b7b2-067e-4673-a770-77db5badabaf,70,Kelsey Mitchell,kelseymitchell,IND,points,16.5,-130.0,100.0,10,10,2025-06-23 00:49:26+00:00,2025-06-23 00:49:26+00:00,2025-06-23 00:49:26+00:00,2025-06-25 02:00:00+00:00,0.0,2025-06-24,2025,REG,SEA,IND,1.065217391304348,True,,0.5336835053940976,401736204,3142191,5,14,0,True,False,matched,26.0,2025-06-24,under,0.12182115160548346,2.0,-1.0,1.0,False,False,False
2238,cba227f6-3793-40f4-ae82-48dbdfaf3d61,56,Natasha Howard,natashahoward,MIN,points,11.5,100.0,-130.0,10,10,2025-06-23 00:52:54+00:00,2025-06-23 00:52:54+00:00,2025-06-23 00:52:54+00:00,2025-06-25 02:00:00+00:00,0.0,2025-06-24,2025,REG,SEA,IND,1.065217391304348,True,,0.4663164946059025,401736204,2529130,5,14,0,True,False,matched,4.0,2025-06-24,under,0.10583924483144203,1.7692307692307692,0.7692307692307692,1.0,False,False,False
2238,be29b186-eb45-4c67-ac50-dbeccc71260e,180,Nneka Ogwumike,nnekaogwumike,LAS,points,16.5,-130.0,100.0,10,10,2025-06-23 00:59:59+00:00,2025-06-23 00:59:59+00:00,2025-06-23 00:59:59+00:00,2025-06-25 02:00:00+00:00,0.0,2025-06-24,2025,REG,SEA,IND,1.065217391304348,True,,0.5336835053940976,401736204,1068,14,5,1,True,False,matched,16.0,2025-06-24,under,0.14298164942745212,2.0,1.0,1.0,False,False,False
2238,a4130a6a-a32d-4d91-b9da-48b9686c528a,175,Skylar Diggins,skylardiggins,CHI,points,17.5,-115.0,-113.0,10,10,2025-06-23 01:06:50+00:00,2025-06-23 01:06:50+00:00,2025-06-23 01:06:50+00:00,2025-06-25 02:00:00+00:00,0.0,2025-06-24,2025,REG,SEA,IND,1.0654001528551151,True,,0.5022557674006809,401736204,2491205,14,5,1,True,False,matched,22.0,2025-06-24,under,0.11201211742802741,1.8849557522123894,-1.0,1.0,False,False,False
2238,d2f0be43-cc81-4ea4-84df-3ec4f9cdf37d,208,Gabby Williams,gabbywilliams,GSV,points,13.5,-125.0,-104.0,10,10,2025-06-23 01:10:17+00:00,2025-06-23 01:10:17+00:00,2025-06-23 01:10:17+00:00,2025-06-25 02:00:00+00:00,0.0,2025-06-24,2025,REG,SEA,IND,1.065359477124183,True,,0.5236312520088393,401736204,3142328,14,5,1,True,False,matched,11.0,2025-06-24,under,0.1376021041420178,1.9615384615384617,0.9615384615384617,1.0,False,False,False
2238,92f9b6d1-2448-4951-993a-580010080e90,176,Ezi Magbegor,ezimagbegor,SEA,rebounds,6.5,-132.0,100.0,10,10,2025-06-23 01:17:27+00:00,2025-06-23 01:17:27+00:00,2025-06-23 01:17:27+00:00,2025-06-25 02:00:00+00:00,0.0,2025-06-24,2025,REG,SEA,IND,1.0689655172413794,True,,0.5356937238338165,401736204,4420318,14,5,1,True,False,matched,5.0,2025-06-24,under,0.15385826744525744,2.0,1.0,1.0,False,False,False
2238,a256de17-b463-4c65-8e66-88545ff097f6,66,Erica Wheeler,ericawheeler,LAS,points,10.5,-118.0,-110.0,10,10,2025-06-23 01:17:27+00:00,2025-06-23 01:17:27+00:00,2025-06-23 01:17:27+00:00,2025-06-25 02:00:00+00:00,0.0,2025-06-24,2025,REG,SEA,IND,1.0650939274792486,True,,0.5090245232268319,401736204,2491214,14,5,1,True,False,matched,20.0,2025-06-24,under,0.10863288865660758,1.9090909090909092,-1.0,1.0,False,False,False
2235,c28edcf8-6e37-4a8a-b14e-642b9e1e3d8f,49,Brionna Jones,brionnajones,ATL,rebounds,7.5,102.0,-136.0,10,10,2025-06-23 02:10:49+00:00,2025-06-23 02:10:49+00:00,2025-06-23 02:10:49+00:00,2025-06-25 00:00:00+00:00,0.0,2025-06-24,2025,REG,DAL,ATL,1.071320691391173,True,,0.4579067075572801,401736203,3058895,20,3,0,True,False,matched,7.0,2025-06-24,under,0.2575997940749243,1.7352941176470589,0.7352941176470589,1.0,False,False,False
2235,35f028b4-7afd-4b85-8a63-c04698761e6b,1,Allisha Gray,allishagray,ATL,threes,2.5,116.0,-154.0,10,10,2025-06-23 02:10:49+00:00,2025-06-23 02:10:49+00:00,2025-06-23 02:10:49+00:00,2025-06-25 00:00:00+00:00,0.0,2025-06-24,2025,REG,DAL,ATL,1.0692621755613883,True,,0.425792012343204,401736203,3058901,20,3,0,True,False,matched,2.0,2025-06-24,under,0.13611815762106805,1.6493506493506493,0.6493506493506493,1.0,False,False,False
2235,29b0920a-b005-48f4-9f4c-4cae908cf606,63,Arike Ogunbowale,arikeogunbowale,DAL,assists,3.5,-120.0,-110.0,10,10,2025-06-23 02:10:49+00:00,2025-06-23 02:10:49+00:00,2025-06-23 02:10:49+00:00,2025-06-25 00:00:00+00:00,0.0,2025-06-24,2025,REG,DAL,ATL,1.0692640692640691,True,,0.5112040114787568,401736203,3904577,3,20,1,True,False,matched,4.0,2025-06-24,over,0.13144802797223948,1.8333333333333335,0.8333333333333335,1.0,False,False,False
2236,05ca8e56-fef1-4dff-aac3-f6b96c964f90,185,Ariel Atkins,arielatkins,LAS,threes,1.5,138.0,-186.0,10,10,2025-06-23 03:37:20+00:00,2025-06-23 03:37:20+00:00,2025-06-23 03:37:20+00:00,2025-06-25 00:00:00+00:00,0.0,2025-06-24,2025,REG,CHI,LAS,1.070517717576541,True,,0.3807086475713989,401736202,3146151,19,6,1,True,False,matched,1.0,2025-06-24,over,0.15052388768442326,2.38,-1.0,1.0,False,False,False
2236,f4c3fb3b-0c80-452e-9e20-1c6ef9616d87,101,Kelsey Plum,kelseyplum,LAS,points,18.5,-118.0,-110.0,10,10,2025-06-23 03:37:20+00:00,2025-06-23 03:37:20+00:00,2025-06-23 03:37:20+00:00,2025-06-25 00:00:00+00:00,0.0,2025-06-24,2025,REG,CHI,LAS,1.0650939274792486,True,,0.5090245232268319,401736202,3065570,6,19,0,True,False,matched,20.0,2025-06-24,under,0.07225765486739222,1.9090909090909092,-1.0,1.0,False,False,False
2236,25e70eb9-8bb6-4626-ad68-cabc4c8b82d5,89,Dearica Hamby,dearicahamby,LAS,assists,3.5,124.0,-166.0,10,10,2025-06-23 03:37:21+00:00,2025-06-23 03:37:21+00:00,2025-06-23 03:37:21+00:00,2025-06-25 00:00:00+00:00,0.0,2025-06-24,2025,REG,CHI,LAS,1.0704887218045114,True,,0.40796342297849103,401736202,2566106,6,19,0,True,False,matched,5.0,2025-06-24,over,0.06236226093314623,2.24,1.2400000000000002,1.0,False,False,False
2236,ce134bd7-2ac4-45bb-876c-0e0e8c6501a2,94,Rickea Jackson,rickeajackson,CHI,threes,1.5,-106.0,-125.0,10,10,2025-06-23 03:37:21+00:00,2025-06-23 03:37:21+00:00,2025-06-23 03:37:21+00:00,2025-06-25 00:00:00+00:00,0.0,2025-06-24,2025,REG,CHI,LAS,1.070118662351672,True,,0.4787708928615623,401736202,4433630,6,19,0,True,False,matched,0.0,2025-06-24,under,0.05945042409510615,1.8,0.8,1.0,False,False,False
2237,9d810514-8cd4-4efb-8d52-e46ae63f7ae9,573,Sonia Citron,soniacitron,WAS,rebounds,3.5,-125.0,-106.0,10,10,2025-06-23 05:44:16+00:00,2025-06-23 05:44:16+00:00,2025-06-23 05:44:16+00:00,2025-06-25 00:00:00+00:00,0.0,2025-06-24,2025,REG,WAS,MIN,1.070118662351672,True,,0.5212291071384377,401736201,4433524,16,8,1,True,False,matched,4.0,2025-06-24,over,0.28716449517418147,1.8,0.8,1.0,False,False,False
2237,9a5dd850-de4d-4c62-91a3-a357c9329a4b,112,Napheesa Collier,napheesacollier,MIN,points,21.5,-110.0,-118.0,10,10,2025-06-23 05:44:16+00:00,2025-06-23 05:44:16+00:00,2025-06-23 05:44:16+00:00,2025-06-25 00:00:00+00:00,0.0,2025-06-24,2025,REG,WAS,MIN,1.0650939274792486,True,,0.4909754767731684,401736201,3917450,8,16,0,True,True,did_not_play,,2025-06-24,under,0.16333083130427867,1.847457627118644,0.0,0.0,False,True,False
2237,f91bd14c-48a9-4632-be57-e63031b22bda,572,Kiki Iriafen,kikiiriafen,WAS,rebounds,6.5,-132.0,100.0,10,10,2025-06-23 05:44:16+00:00,2025-06-23 05:44:16+00:00,2025-06-23 05:44:16+00:00,2025-06-25 00:00:00+00:00,0.0,2025-06-24,2025,REG,WAS,MIN,1.0689655172413794,True,,0.5356937238338165,401736201,4898384,16,8,1,True,False,matched,11.0,2025-06-24,over,0.06600271838471372,1.7575757575757576,0.7575757575757576,1.0,False,False,False
2237,b3be6015-11f1-48b0-a9ab-883b8774e894,182,Brittney Sykes,brittneysykes,TOR,points,18.5,-108.0,-120.0,10,10,2025-06-23 05:44:17+00:00,2025-06-23 05:44:17+00:00,2025-06-23 05:44:17+00:00,2025-06-25 00:00:00+00:00,0.0,2025-06-24,2025,REG,WAS,MIN,1.0646853146853146,True,,0.48646030463369283,401736201,2988756,16,8,1,True,True,did_not_play,,2025-06-24,under,0.17717262908555376,1.8333333333333335,0.0,0.0,False,True,False
2237,d716f7bb-31ea-4307-834e-85a9dab13d3a,196,Shakira Austin,shakiraaustin,WAS,points,13.5,-114.0,-114.0,10,10,2025-06-23 05:44:17+00:00,2025-06-23 05:44:17+00:00,2025-06-23 05:44:17+00:00,2025-06-25 00:00:00+00:00,0.0,2025-06-24,2025,REG,WAS,MIN,1.0654205607476634,True,,0.5000000000000001,401736201,4398911,16,8,1,True,False,matched,19.0,2025-06-24,under,0.1703387017608799,1.8771929824561404,-1.0,1.0,False,False,False
2237,0f5311af-e940-4da8-9311-43c4fe3545df,125,Kayla McBride,kaylamcbride,MIN,threes,2.5,-130.0,100.0,24,24,2025-06-23 14:33:43+00:00,2025-06-23 14:33:43+00:00,2025-06-23 14:33:43+00:00,2025-06-25 00:00:00+00:00,0.0,2025-06-24,2025,REG,WAS,MIN,1.065217391304348,True,,0.5336835053940976,401736201,2529205,8,16,0,True,False,matched,0.0,2025-06-24,under,0.17151452444348386,2.0,1.0,1.0,False,False,False
2237,5198f0ef-942f-4b71-86bd-229e1df39926,117,Courtney Williams,courtneywilliams,MIN,assists,5.5,-140.0,110.0,24,24,2025-06-23 14:33:43+00:00,2025-06-23 14:33:43+00:00,2025-06-23 14:33:43+00:00,2025-06-25 00:00:00+00:00,0.0,2025-06-24,2025,REG,WAS,MIN,1.0595238095238093,True,,0.555167954788897,401736201,2987891,8,16,0,True,False,matched,4.0,2025-06-24,under,0.1629653279534719,2.1,1.1,1.0,False,False,False
2239,44ac54e2-9a52-4afc-a94a-e984a4eef1d4,163,Natasha Cloud,natashacloud,CHI,rebounds,3.5,-136.0,102.0,10,10,2025-06-23 19:21:21+00:00,2025-06-23 19:21:21+00:00,2025-06-23 19:21:21+00:00,2025-06-26 02:00:00+00:00,0.0,2025-06-25,2025,REG,GSV,NYL,1.071320691391173,True,,0.5420932924427202,401736205,2529137,9,129689,0,True,False,matched,3.0,2025-06-25,under,0.1732355898517845,2.02,1.02,1.0,False,False,False
2239,f7e6faba-2945-4d23-ba4c-0bfe727af361,137,Breanna Stewart,breannastewart,NYL,points,21.5,-102.0,-128.0,10,10,2025-06-23 19:21:21+00:00,2025-06-23 19:21:21+00:00,2025-06-23 19:21:21+00:00,2025-06-26 02:00:00+00:00,0.0,2025-06-25,2025,REG,GSV,NYL,1.0663540038214347,True,,0.47082505196940394,401736205,2998928,9,129689,0,True,False,matched,23.0,2025-06-25,under,0.09300112554402173,1.78125,-1.0,1.0,False,False,False
2239,6d92460d-0c21-4f10-8010-a0cd0f822e46,139,Kayla Thornton,kaylathornton,GSV,rebounds,6.5,-132.0,100.0,10,10,2025-06-23 19:25:48+00:00,2025-06-23 19:25:48+00:00,2025-06-23 19:25:48+00:00,2025-06-26 02:00:00+00:00,0.0,2025-06-25,2025,REG,GSV,NYL,1.0689655172413794,True,,0.5356937238338165,401736205,2529622,129689,9,1,True,False,matched,7.0,2025-06-25,under,0.38162287383074783,2.0,-1.0,1.0,False,False,False
2240,48151b90-be80-463a-bca9-de87f0a69273,9,Tina Charles,tinacharles,FA,points,16.5,-108.0,-120.0,10,10,2025-06-24 03:17:26+00:00,2025-06-24 03:17:26+00:00,2025-06-24 03:17:26+00:00,2025-06-26 02:00:00+00:00,0.0,2025-06-25,2025,REG,LVA,CON,1.0646853146853146,True,,0.48646030463369283,401736206,918,18,17,0,True,False,matched,18.0,2025-06-25,under,0.20934564046515358,1.8333333333333335,-1.0,1.0,False,False,False
2240,14545130-f5d0-4a5a-b813-d4d7ab04cd9e,52,Jacy Sheldon,jacysheldon,CHI,points,7.5,-114.0,-114.0,10,10,2025-06-24 03:17:26+00:00,2025-06-24 03:17:26+00:00,2025-06-24 03:17:26+00:00,2025-06-26 02:00:00+00:00,0.0,2025-06-25,2025,REG,LVA,CON,1.0654205607476634,True,,0.5000000000000001,401736206,4432865,18,17,0,True,False,matched,8.0,2025-06-25,under,0.11926469380859783,1.8771929824561404,-1.0,1.0,False,False,False
2240,f9eed9a0-6948-499f-ab5f-8b4c44155038,22,Marina Mabrey,marinamabrey,TOR,rebounds,4.5,-114.0,-114.0,10,10,2025-06-24 03:17:26+00:00,2025-06-24 03:17:26+00:00,2025-06-24 03:17:26+00:00,2025-06-26 02:00:00+00:00,0.0,2025-06-25,2025,REG,LVA,CON,1.0654205607476634,True,,0.5000000000000001,401736206,3904576,18,17,0,True,True,did_not_play,,2025-06-25,under,0.10779539881065214,1.8771929824561404,0.0,0.0,False,True,False
2240,abff246a-c68e-4313-8974-f08cc6fdc02b,102,Jackie Young,jackieyoung,LVA,points,16.5,-128.0,-102.0,10,10,2025-06-24 03:17:27+00:00,2025-06-24 03:17:27+00:00,2025-06-24 03:17:27+00:00,2025-06-26 02:00:00+00:00,0.0,2025-06-25,2025,REG,LVA,CON,1.0663540038214347,True,,0.5291749480305961,401736206,4065870,17,18,1,True,False,matched,20.0,2025-06-25,under,0.11379460018479404,1.9803921568627452,-1.0,1.0,False,False,False
2240,ebcdc64c-9584-4827-8e9f-773ebf5f67c2,166,Jewell Loyd,jewellloyd,LVA,threes,1.5,-200.0,148.0,10,10,2025-06-24 03:17:27+00:00,2025-06-24 03:17:27+00:00,2025-06-24 03:17:27+00:00,2025-06-26 02:00:00+00:00,0.0,2025-06-25,2025,REG,LVA,CON,1.0698924731182795,True,,0.6365014949541484,401736206,2987869,17,18,1,True,False,matched,3.0,2025-06-25,under,0.09996820583628951,2.48,-1.0,1.0,False,False,False
2240,8bda9561-6964-4c2f-adaa-9f4907642738,107,Chelsea Gray,chelseagray,LVA,assists,4.5,104.0,-138.0,10,10,2025-06-24 03:17:27+00:00,2025-06-24 03:17:27+00:00,2025-06-24 03:17:27+00:00,2025-06-26 02:00:00+00:00,0.0,2025-06-25,2025,REG,LVA,CON,1.0700280112044818,True,,0.4535791638529251,401736206,2529122,17,18,1,True,False,matched,6.0,2025-06-25,over,0.09879382618422794,2.04,1.04,1.0,False,False,False
2240,3866a736-9c9e-49e7-8683-b9824562ae50,103,A'ja Wilson,ajawilson,LVA,points,21.5,-128.0,-102.0,10,10,2025-06-24 03:17:27+00:00,2025-06-24 03:17:27+00:00,2025-06-24 03:17:27+00:00,2025-06-26 02:00:00+00:00,0.0,2025-06-25,2025,REG,LVA,CON,1.0663540038214347,True,,0.5291749480305961,401736206,3149391,17,18,1,True,False,matched,22.0,2025-06-25,under,0.09564967350932874,1.9803921568627452,-1.0,1.0,False,False,False
2239,0bbda3e4-aea4-406a-9e7c-9dac0ac5ad3b,55,Veronica Burton,veronicaburton,GSV,points,11.5,-108.0,-120.0,10,10,2025-06-24 04:11:15+00:00,2025-06-24 04:11:15+00:00,2025-06-24 04:11:15+00:00,2025-06-26 02:00:00+00:00,0.0,2025-06-25,2025,REG,GSV,NYL,1.0646853146853146,True,,0.48646030463369283,401736205,4398935,129689,9,1,True,False,matched,7.0,2025-06-25,under,0.29068025937996167,1.8333333333333335,0.8333333333333335,1.0,False,False,False
2239,1c4d5488-51ca-4971-9444-0a1ff5073aaa,132,Sabrina Ionescu,sabrinaionescu,NYL,points,19.5,-118.0,-110.0,10,10,2025-06-24 04:11:15+00:00,2025-06-24 04:11:15+00:00,2025-06-24 04:11:15+00:00,2025-06-26 02:00:00+00:00,0.0,2025-06-25,2025,REG,GSV,NYL,1.0650939274792486,True,,0.5090245232268319,401736205,4066533,9,129689,0,True,False,matched,11.0,2025-06-25,under,0.16061818174421827,1.9090909090909092,0.9090909090909092,1.0,False,False,False
2239,d1a3e6d6-8187-4870-8bb7-f7016690c7c5,83,Monique Billings,moniquebillings,IND,rebounds,6.5,-122.0,-108.0,10,10,2025-06-24 04:11:16+00:00,2025-06-24 04:11:16+00:00,2025-06-24 04:11:16+00:00,2025-06-26 02:00:00+00:00,0.0,2025-06-25,2025,REG,GSV,NYL,1.0687803187803186,True,,0.5156895960912058,401736205,3142255,129689,9,1,True,False,matched,7.0,2025-06-25,under,0.4212832556735525,1.925925925925926,-1.0,1.0,False,False,False
2239,66060aab-3d4b-4452-b4b7-6a1a30917e6c,131,Nyara Sabally,nyarasabally,TOR,rebounds,5.5,-125.0,-106.0,10,10,2025-06-24 04:11:16+00:00,2025-06-24 04:11:16+00:00,2025-06-24 04:11:16+00:00,2025-06-26 02:00:00+00:00,0.0,2025-06-25,2025,REG,GSV,NYL,1.070118662351672,True,,0.5212291071384377,401736205,4398768,9,129689,0,True,False,matched,4.0,2025-06-25,under,0.07709261393732753,1.9433962264150944,0.9433962264150944,1.0,False,False,False
2235,f0002773-80d9-4d68-a30d-b9492e7996d1,526,Aziaha James,aziahajames,DAL,points,9.5,-185.0,140.0,49,49,2025-06-24 12:03:59+00:00,2025-06-24 12:03:59+00:00,2025-06-24 12:03:59+00:00,2025-06-25 00:00:00+00:00,0.0,2025-06-24,2025,REG,DAL,ATL,1.0657894736842106,True,,0.6201490873731403,401736203,4433807,3,20,1,True,False,matched,11.0,2025-06-24,under,0.6295887254752253,2.4,-1.0,1.0,False,False,False
2237,a654b232-be01-4d21-a948-8c40efd106c2,121,Alanna Smith,alannasmith,DAL,points,11.5,100.0,-130.0,10,10,2025-06-24 18:55:55+00:00,2025-06-24 18:55:55+00:00,2025-06-24 18:55:55+00:00,2025-06-25 00:00:00+00:00,0.0,2025-06-24,2025,REG,WAS,MIN,1.065217391304348,True,,0.4663164946059025,401736201,3913881,8,16,0,True,False,matched,26.0,2025-06-24,under,0.23376811050824353,1.7692307692307692,-1.0,1.0,False,False,False
2241,eaebda66-9877-4abe-8238-32016c173870,68,Caitlin Clark,caitlinclark,IND,threes,3.5,-105.0,-130.0,12,12,2025-06-25 03:17:53+00:00,2025-06-25 03:17:53+00:00,2025-06-25 03:17:53+00:00,2025-06-26 23:00:00+00:00,0.0,2025-06-26,2025,REG,IND,LAS,1.0774125132555674,True,,0.4724269137319091,401736207,4433403,5,6,1,True,True,did_not_play,,2025-06-26,under,0.12979771965283127,1.7692307692307692,0.0,0.0,False,True,False
2241,b369e2b5-317c-499a-9943-e7ee6b45b8bd,89,Dearica Hamby,dearicahamby,LAS,points,16.5,-118.0,-110.0,10,10,2025-06-25 04:43:52+00:00,2025-06-25 04:43:52+00:00,2025-06-25 04:43:52+00:00,2025-06-26 23:00:00+00:00,0.0,2025-06-26,2025,REG,IND,LAS,1.0650939274792486,True,,0.5090245232268319,401736207,2566106,6,5,0,True,False,matched,14.0,2025-06-26,under,0.2134971231042725,1.9090909090909092,0.9090909090909092,1.0,False,False,False
2241,500e0c88-db49-4f97-ad4d-5849a26b0f2b,101,Kelsey Plum,kelseyplum,LAS,points,20.5,-110.0,-118.0,10,10,2025-06-25 04:43:52+00:00,2025-06-25 04:43:52+00:00,2025-06-25 04:43:52+00:00,2025-06-26 23:00:00+00:00,0.0,2025-06-26,2025,REG,IND,LAS,1.0650939274792486,True,,0.4909754767731684,401736207,3065570,6,5,0,True,False,matched,21.0,2025-06-26,under,0.18547752308515508,1.847457627118644,-1.0,1.0,False,False,False
2241,992214f7-8fa0-4c06-bdd8-5755d5fec177,82,Azura Stevens,azurastevens,CHI,rebounds,7.5,-154.0,116.0,10,10,2025-06-25 04:43:52+00:00,2025-06-25 04:43:52+00:00,2025-06-25 04:43:52+00:00,2025-06-26 23:00:00+00:00,0.0,2025-06-26,2025,REG,IND,LAS,1.0692621755613883,True,,0.574207987656796,401736207,3142010,6,5,0,True,False,matched,7.0,2025-06-26,under,0.12666601914730663,2.16,1.1600000000000001,1.0,False,False,False
2241,e24a6f50-d7b1-4e58-9ca4-66be38385c8d,94,Rickea Jackson,rickeajackson,CHI,points,14.5,100.0,-130.0,10,10,2025-06-25 04:43:52+00:00,2025-06-25 04:43:52+00:00,2025-06-25 04:43:52+00:00,2025-06-26 23:00:00+00:00,0.0,2025-06-26,2025,REG,IND,LAS,1.065217391304348,True,,0.4663164946059025,401736207,4433630,6,5,0,True,False,matched,14.0,2025-06-26,under,0.0827689016646404,1.7692307692307692,0.7692307692307692,1.0,False,False,False
2241,5f11de56-6daa-47b4-890c-24951c853870,71,Aliyah Boston,aliyahboston,IND,assists,3.5,116.0,-154.0,10,10,2025-06-25 04:43:52+00:00,2025-06-25 04:43:52+00:00,2025-06-25 04:43:52+00:00,2025-06-26 23:00:00+00:00,0.0,2025-06-26,2025,REG,IND,LAS,1.0692621755613883,True,,0.425792012343204,401736207,4432831,5,6,1,True,False,matched,1.0,2025-06-26,over,0.06075182118860056,2.16,-1.0,1.0,False,False,False
2241,5031ae05-0dcc-46bf-8119-0938b045ff67,56,Natasha Howard,natashahoward,MIN,points,10.5,-128.0,-102.0,10,10,2025-06-25 04:43:52+00:00,2025-06-25 04:43:52+00:00,2025-06-25 04:43:52+00:00,2025-06-26 23:00:00+00:00,0.0,2025-06-26,2025,REG,IND,LAS,1.0663540038214347,True,,0.5291749480305961,401736207,2529130,5,6,1,True,False,matched,13.0,2025-06-26,under,0.05396073146203878,1.9803921568627452,-1.0,1.0,False,False,False
2244,c1beb950-0d7d-4c14-8ecf-d521c6ea0b1f,528,Paige Bueckers,paigebueckers,DAL,assists,5.5,130.0,-174.0,10,10,2025-06-25 06:04:00+00:00,2025-06-25 06:04:00+00:00,2025-06-25 06:04:00+00:00,2025-06-27 23:30:00+00:00,0.0,2025-06-27,2025,REG,DAL,IND,1.069819105046017,True,,0.3962729171732011,401736210,4433730,3,5,1,True,False,matched,6.0,2025-06-27,over,0.2432727249342433,2.3,1.2999999999999998,1.0,False,False,False
2239,922587be-79c5-4e72-a809-e52bdc3d185e,221,Tiffany Hayes,tiffanyhayes,GSV,points,14.5,-110.0,-118.0,10,10,2025-06-25 13:13:58+00:00,2025-06-25 13:13:58+00:00,2025-06-25 13:13:58+00:00,2025-06-26 02:00:00+00:00,0.0,2025-06-25,2025,REG,GSV,NYL,1.0650939274792486,True,,0.4909754767731684,401736205,1054,129689,9,1,True,False,matched,15.0,2025-06-25,under,0.3859372979104885,1.847457627118644,-1.0,1.0,False,False,False
2240,51664922-80dc-43b1-8649-206dab043a28,519,Aneesah Morrow,aneesahmorrow,CON,rebounds,6.5,106.0,-140.0,10,10,2025-06-25 13:28:35+00:00,2025-06-25 13:28:35+00:00,2025-06-25 13:28:35+00:00,2025-06-26 02:00:00+00:00,0.0,2025-06-25,2025,REG,LVA,CON,1.0687702265372168,True,,0.44933614350623635,401736206,4684384,18,17,0,True,False,matched,6.0,2025-06-25,under,0.5023090598103247,1.7142857142857144,0.7142857142857144,1.0,False,False,False
2244,5a7efa4d-205c-4d06-9c23-3f5de348f287,56,Natasha Howard,natashahoward,MIN,points,10.5,-110.0,-118.0,10,10,2025-06-25 16:11:17+00:00,2025-06-25 16:11:17+00:00,2025-06-25 16:11:17+00:00,2025-06-27 23:30:00+00:00,0.0,2025-06-27,2025,REG,DAL,IND,1.0650939274792486,True,,0.4909754767731684,401736210,2529130,5,3,0,True,False,matched,15.0,2025-06-27,under,0.190987934299152,1.847457627118644,-1.0,1.0,False,False,False
2244,fa1fd087-29e1-4629-99f3-02e584225f42,71,Aliyah Boston,aliyahboston,IND,assists,3.5,142.0,-192.0,10,10,2025-06-25 16:11:17+00:00,2025-06-25 16:11:17+00:00,2025-06-25 16:11:17+00:00,2025-06-27 23:30:00+00:00,0.0,2025-06-27,2025,REG,DAL,IND,1.0707573870712102,True,,0.37336020860003377,401736210,4432831,5,3,0,True,False,matched,3.0,2025-06-27,over,0.17277480670930123,2.42,-1.0,1.0,False,False,False
2244,37eea952-4125-460e-82ca-c168759f47ee,63,Arike Ogunbowale,arikeogunbowale,DAL,threes,1.5,-130.0,-102.0,10,10,2025-06-25 16:11:17+00:00,2025-06-25 16:11:17+00:00,2025-06-25 16:11:17+00:00,2025-06-27 23:30:00+00:00,0.0,2025-06-27,2025,REG,DAL,IND,1.0701678863538528,True,,0.5312123494364493,401736210,3904577,3,5,1,True,False,matched,1.0,2025-06-27,over,0.06920613291598787,1.7692307692307692,-1.0,1.0,False,False,False
2244,2d2c84cc-1864-4fb1-9edc-67199c726a23,70,Kelsey Mitchell,kelseymitchell,IND,points,17.5,-122.0,-106.0,10,10,2025-06-25 16:11:17+00:00,2025-06-25 16:11:17+00:00,2025-06-25 16:11:17+00:00,2025-06-27 23:30:00+00:00,0.0,2025-06-27,2025,REG,DAL,IND,1.064112656345666,True,,0.518058368553134,401736210,3142191,5,3,0,True,False,matched,32.0,2025-06-27,under,0.06143882574071757,1.9433962264150944,-1.0,1.0,False,False,False
2242,7a1a52fc-c518-4cf3-89d2-c7830cbc71aa,182,Brittney Sykes,brittneysykes,TOR,points,18.5,-118.0,-110.0,10,10,2025-06-26 04:07:31+00:00,2025-06-26 04:07:31+00:00,2025-06-26 04:07:31+00:00,2025-06-27 02:00:00+00:00,0.0,2025-06-26,2025,REG,LVA,WAS,1.0650939274792486,True,,0.5090245232268319,401736208,2988756,16,17,0,True,True,did_not_play,,2025-06-26,under,0.17948638355769697,1.9090909090909092,0.0,0.0,False,True,False
2242,d6f105c5-5979-4e7d-9628-a84f9594bc94,103,A'ja Wilson,ajawilson,LVA,rebounds,9.5,114.0,-152.0,10,10,2025-06-26 04:07:31+00:00,2025-06-26 04:07:31+00:00,2025-06-26 04:07:31+00:00,2025-06-27 02:00:00+00:00,0.0,2025-06-26,2025,REG,LVA,WAS,1.0704643228007713,True,,0.42960347247450675,401736208,3149391,17,16,1,True,False,matched,5.0,2025-06-26,over,0.059079440153742446,2.1399999999999997,-1.0,1.0,False,False,False
2242,0e1af4bc-2d2c-4b25-b033-a484add13c0c,102,Jackie Young,jackieyoung,LVA,assists,3.5,102.0,-136.0,10,10,2025-06-26 04:07:32+00:00,2025-06-26 04:07:32+00:00,2025-06-26 04:07:32+00:00,2025-06-27 02:00:00+00:00,0.0,2025-06-26,2025,REG,LVA,WAS,1.071320691391173,True,,0.4579067075572801,401736208,4065870,17,16,1,True,False,matched,5.0,2025-06-26,over,0.23514137756481357,2.02,1.02,1.0,False,False,False
2242,d78875a2-97c7-440c-8854-a2042fbb3c49,107,Chelsea Gray,chelseagray,LVA,assists,4.5,130.0,-174.0,10,10,2025-06-26 04:07:32+00:00,2025-06-26 04:07:32+00:00,2025-06-26 04:07:32+00:00,2025-06-27 02:00:00+00:00,0.0,2025-06-26,2025,REG,LVA,WAS,1.069819105046017,True,,0.3962729171732011,401736208,2529122,17,16,1,True,False,matched,8.0,2025-06-26,over,0.22363731294566402,2.3,1.2999999999999998,1.0,False,False,False
2242,ace7fc43-b351-4355-9998-bd9f8560d38e,166,Jewell Loyd,jewellloyd,LVA,threes,1.5,-106.0,-125.0,10,10,2025-06-26 04:07:32+00:00,2025-06-26 04:07:32+00:00,2025-06-26 04:07:32+00:00,2025-06-27 02:00:00+00:00,0.0,2025-06-26,2025,REG,LVA,WAS,1.070118662351672,True,,0.4787708928615623,401736208,2987869,17,16,1,True,False,matched,1.0,2025-06-26,over,0.06549556366099574,1.9433962264150944,-1.0,1.0,False,False,False
2242,e7ebb087-2c0f-4cb7-9a75-6093fb82ceac,196,Shakira Austin,shakiraaustin,WAS,rebounds,7.5,-130.0,-110.0,33,33,2025-06-26 10:25:33+00:00,2025-06-26 10:25:33+00:00,2025-06-26 10:25:33+00:00,2025-06-27 02:00:00+00:00,0.0,2025-06-26,2025,REG,LVA,WAS,1.0890269151138718,True,,0.521679232465576,401736208,4398911,16,17,0,True,False,matched,13.0,2025-06-26,under,0.0877004341686567,1.9090909090909092,-1.0,1.0,False,False,False
2243,c24786f3-cec0-4caf-bf03-a92199230829,112,Napheesa Collier,napheesacollier,MIN,assists,3.5,100.0,-132.0,10,10,2025-06-26 17:55:20+00:00,2025-06-26 17:55:20+00:00,2025-06-26 17:55:20+00:00,2025-06-27 23:30:00+00:00,0.0,2025-06-27,2025,REG,ATL,MIN,1.0689655172413794,True,,0.46430627616618364,401736209,3917450,8,20,0,True,False,matched,6.0,2025-06-27,under,0.2038066569873802,1.7575757575757576,-1.0,1.0,False,False,False
2243,600c8e29-5de2-4009-8052-3f42b3732215,1,Allisha Gray,allishagray,ATL,points,18.5,-122.0,-106.0,10,10,2025-06-26 17:55:21+00:00,2025-06-26 17:55:21+00:00,2025-06-26 17:55:21+00:00,2025-06-27 23:30:00+00:00,0.0,2025-06-27,2025,REG,ATL,MIN,1.064112656345666,True,,0.518058368553134,401736209,3058901,20,8,1,True,False,matched,17.0,2025-06-27,under,0.2521883631473733,1.9433962264150944,0.9433962264150944,1.0,False,False,False
2243,5e276b8e-d725-4296-9c14-fdf97ebaa2e6,125,Kayla McBride,kaylamcbride,MIN,assists,3.5,-132.0,100.0,10,10,2025-06-26 17:55:21+00:00,2025-06-26 17:55:21+00:00,2025-06-26 17:55:21+00:00,2025-06-27 23:30:00+00:00,0.0,2025-06-27,2025,REG,ATL,MIN,1.0689655172413794,True,,0.5356937238338165,401736209,2529205,8,20,0,True,False,matched,3.0,2025-06-27,under,0.24198030763334094,2.0,1.0,1.0,False,False,False
2243,c2cf5c24-a83f-46d1-bd1d-0d760ad26339,121,Alanna Smith,alannasmith,DAL,points,11.5,-120.0,-108.0,10,10,2025-06-26 17:55:21+00:00,2025-06-26 17:55:21+00:00,2025-06-26 17:55:21+00:00,2025-06-27 23:30:00+00:00,0.0,2025-06-27,2025,REG,ATL,MIN,1.0646853146853146,True,,0.5135396953663074,401736209,3913881,8,20,0,True,False,matched,9.0,2025-06-27,under,0.21576057168330148,1.925925925925926,0.925925925925926,1.0,False,False,False
2243,e82b0839-9858-42b3-a011-c539e060c873,117,Courtney Williams,courtneywilliams,MIN,points,13.5,102.0,-132.0,10,10,2025-06-26 17:55:21+00:00,2025-06-26 17:55:21+00:00,2025-06-26 17:55:21+00:00,2025-06-27 23:30:00+00:00,0.0,2025-06-27,2025,REG,ATL,MIN,1.0640150221918745,True,,0.4618487426836327,401736209,2987891,8,20,0,True,False,matched,16.0,2025-06-27,under,0.14755048662034376,1.7575757575757576,-1.0,1.0,False,False,False
2243,212fdada-c35a-497d-a9b6-cb60a1ed6bf3,15,Rhyne Howard,rhynehoward,ATL,threes,2.5,-180.0,134.0,10,10,2025-06-26 17:55:21+00:00,2025-06-26 17:55:21+00:00,2025-06-26 17:55:21+00:00,2025-06-27 23:30:00+00:00,0.0,2025-06-27,2025,REG,ATL,MIN,1.0702075702075702,True,,0.6116591953695215,401736209,4398674,20,8,1,True,False,matched,1.0,2025-06-27,under,0.10259259873730142,2.34,1.3399999999999999,1.0,False,False,False
2243,03cc41e3-5964-44ad-8127-c43d82a9d16d,49,Brionna Jones,brionnajones,ATL,points,12.5,-102.0,-128.0,10,10,2025-06-26 17:55:21+00:00,2025-06-26 17:55:21+00:00,2025-06-26 17:55:21+00:00,2025-06-27 23:30:00+00:00,0.0,2025-06-27,2025,REG,ATL,MIN,1.0663540038214347,True,,0.47082505196940394,401736209,3058895,20,8,1,True,False,matched,18.0,2025-06-27,under,0.07611469107818275,1.78125,-1.0,1.0,False,False,False
2245,7a3438bb-139b-42f6-abdf-98000e52da97,40,Alyssa Thomas,alyssathomas,PHO,assists,8.5,-148.0,112.0,10,10,2025-06-26 19:41:12+00:00,2025-06-26 19:41:12+00:00,2025-06-26 19:41:12+00:00,2025-06-28 02:00:00+00:00,0.0,2025-06-27,2025,REG,PHX,NYL,1.0684723067559343,True,,0.5647227530167998,401736212,2529140,11,9,1,True,False,matched,15.0,2025-06-27,under,0.24353900664336814,2.12,-1.0,1.0,False,False,False
2245,59124cd3-69fd-4bb8-8bda-5b2452706fb2,54,Satou Sabally,satousabally,NYL,rebounds,7.5,-118.0,-112.0,10,10,2025-06-26 19:41:12+00:00,2025-06-26 19:41:12+00:00,2025-06-26 19:41:12+00:00,2025-06-28 02:00:00+00:00,0.0,2025-06-27,2025,REG,PHX,NYL,1.0695862904621776,True,,0.5067212711754592,401736212,4281929,11,9,1,True,False,matched,6.0,2025-06-27,under,0.20424239482200945,1.8928571428571428,0.8928571428571428,1.0,False,False,False
2245,3c4c119b-7823-4baf-8b37-18ed0d707fc4,163,Natasha Cloud,natashacloud,CHI,rebounds,3.5,-120.0,-110.0,10,10,2025-06-26 19:41:12+00:00,2025-06-26 19:41:12+00:00,2025-06-26 19:41:12+00:00,2025-06-28 02:00:00+00:00,0.0,2025-06-27,2025,REG,PHX,NYL,1.0692640692640691,True,,0.5112040114787568,401736212,2529137,9,11,0,True,False,matched,4.0,2025-06-27,under,0.19001124591407825,1.9090909090909092,-1.0,1.0,False,False,False
2245,fca34d9c-e93a-440f-b1bb-9a29eab70b71,132,Sabrina Ionescu,sabrinaionescu,NYL,points,18.5,-122.0,-106.0,10,10,2025-06-26 19:41:12+00:00,2025-06-26 19:41:12+00:00,2025-06-26 19:41:12+00:00,2025-06-28 02:00:00+00:00,0.0,2025-06-27,2025,REG,PHX,NYL,1.064112656345666,True,,0.518058368553134,401736212,4066533,9,11,0,True,False,matched,9.0,2025-06-27,under,0.16101036890292958,1.9433962264150944,0.9433962264150944,1.0,False,False,False
2245,45b1ebd0-1790-4c57-9b87-af252852c680,177,Sami Whitcomb,samiwhitcomb,PHO,points,9.5,-113.0,-115.0,10,10,2025-06-26 19:41:12+00:00,2025-06-26 19:41:12+00:00,2025-06-26 19:41:12+00:00,2025-06-28 02:00:00+00:00,0.0,2025-06-27,2025,REG,PHX,NYL,1.0654001528551151,True,,0.49774423259931944,401736212,887,11,9,1,True,False,matched,15.0,2025-06-27,under,0.15065661795571117,1.8695652173913042,-1.0,1.0,False,False,False
2245,80899cf6-7284-4902-9a24-811a8ea8ffd5,155,Kahleah Copper,kahleahcopper,PHO,rebounds,3.5,-132.0,100.0,10,10,2025-06-26 19:41:12+00:00,2025-06-26 19:41:12+00:00,2025-06-26 19:41:12+00:00,2025-06-28 02:00:00+00:00,0.0,2025-06-27,2025,REG,PHX,NYL,1.0689655172413794,True,,0.5356937238338165,401736212,2998938,11,9,1,True,False,matched,4.0,2025-06-27,under,0.1422626101749836,2.0,-1.0,1.0,False,False,False
2245,086e7814-7d39-4e7a-be21-78fe44893881,137,Breanna Stewart,breannastewart,NYL,points,20.5,-120.0,-108.0,10,10,2025-06-26 19:41:12+00:00,2025-06-26 19:41:12+00:00,2025-06-26 19:41:12+00:00,2025-06-28 02:00:00+00:00,0.0,2025-06-27,2025,REG,PHX,NYL,1.0646853146853146,True,,0.5135396953663074,401736212,2998928,9,11,0,True,False,matched,17.0,2025-06-27,under,0.10044543434526515,1.925925925925926,0.925925925925926,1.0,False,False,False
2246,4c343b3a-15e6-44c6-90af-80302df0ada5,26,Angel Reese,angelreese,ATL,assists,3.5,-118.0,-112.0,10,10,2025-06-26 19:49:11+00:00,2025-06-26 19:49:11+00:00,2025-06-26 19:49:11+00:00,2025-06-28 02:00:00+00:00,0.0,2025-06-27,2025,REG,GSV,CHI,1.0695862904621776,True,,0.5067212711754592,401736211,4433402,19,129689,0,True,False,matched,2.0,2025-06-27,under,0.13271906230110514,1.8928571428571428,0.8928571428571428,1.0,False,False,False
2246,3b3c180d-bcdb-46e2-93c4-c43f94a61e67,139,Kayla Thornton,kaylathornton,GSV,rebounds,6.5,-146.0,110.0,10,10,2025-06-26 19:53:07+00:00,2025-06-26 19:53:07+00:00,2025-06-26 19:53:07+00:00,2025-06-28 02:00:00+00:00,0.0,2025-06-27,2025,REG,GSV,CHI,1.0696864111498257,True,,0.5607420039050215,401736211,2529622,129689,19,1,True,False,matched,6.0,2025-06-27,under,0.33314733725132833,2.1,1.1,1.0,False,False,False
2246,61e1c267-59b3-4817-800d-fa3485ae0c0d,221,Tiffany Hayes,tiffanyhayes,GSV,points,13.5,-120.0,-108.0,10,10,2025-06-26 19:53:07+00:00,2025-06-26 19:53:07+00:00,2025-06-26 19:53:07+00:00,2025-06-28 02:00:00+00:00,0.0,2025-06-27,2025,REG,GSV,CHI,1.0646853146853146,True,,0.5135396953663074,401736211,1054,129689,19,1,True,False,matched,13.0,2025-06-27,under,0.1990950010579346,1.925925925925926,0.925925925925926,1.0,False,False,False
2246,88bf7d07-3d25-4d85-a584-5567d9cd425e,83,Monique Billings,moniquebillings,IND,rebounds,5.5,-125.0,-106.0,10,10,2025-06-26 19:57:12+00:00,2025-06-26 19:57:12+00:00,2025-06-26 19:57:12+00:00,2025-06-28 02:00:00+00:00,0.0,2025-06-27,2025,REG,GSV,CHI,1.070118662351672,True,,0.5212291071384377,401736211,3142255,129689,19,1,True,False,matched,4.0,2025-06-27,under,0.17330209772327815,1.9433962264150944,0.9433962264150944,1.0,False,False,False
2247,4ba0a4bc-61ee-4f29-9b59-4fb4f69f1ab2,9,Tina Charles,tinacharles,FA,points,15.5,-120.0,-108.0,10,10,2025-06-26 20:28:11+00:00,2025-06-26 20:28:11+00:00,2025-06-26 20:28:11+00:00,2025-06-28 02:00:00+00:00,0.0,2025-06-27,2025,REG,SEA,CON,1.0646853146853146,True,,0.5135396953663074,401736213,918,18,14,0,True,False,matched,7.0,2025-06-27,under,0.16027001733824253,1.925925925925926,0.925925925925926,1.0,False,False,False
2247,17c80774-265e-40fd-bf0f-89080fcb725f,208,Gabby Williams,gabbywilliams,GSV,threes,1.5,-118.0,-112.0,10,10,2025-06-26 20:40:14+00:00,2025-06-26 20:40:14+00:00,2025-06-26 20:40:14+00:00,2025-06-28 02:00:00+00:00,0.0,2025-06-27,2025,REG,SEA,CON,1.0695862904621776,True,,0.5067212711754592,401736213,3142328,14,18,1,True,False,matched,2.0,2025-06-27,under,0.09400718028924898,1.8928571428571428,-1.0,1.0,False,False,False
2247,5c294c4e-a86a-40eb-ae17-1fc34120f0a3,66,Erica Wheeler,ericawheeler,LAS,points,12.5,-102.0,-128.0,10,10,2025-06-26 20:40:16+00:00,2025-06-26 20:40:16+00:00,2025-06-26 20:40:16+00:00,2025-06-28 02:00:00+00:00,0.0,2025-06-27,2025,REG,SEA,CON,1.0663540038214347,True,,0.47082505196940394,401736213,2491214,14,18,1,True,False,matched,6.0,2025-06-27,under,0.1419342907881876,1.78125,0.78125,1.0,False,False,False
2247,dc66f2e0-1464-4edc-a545-741ab5f690a0,175,Skylar Diggins,skylardiggins,CHI,points,19.5,-102.0,-128.0,10,10,2025-06-26 20:40:16+00:00,2025-06-26 20:40:16+00:00,2025-06-26 20:40:16+00:00,2025-06-28 02:00:00+00:00,0.0,2025-06-27,2025,REG,SEA,CON,1.0663540038214347,True,,0.47082505196940394,401736213,2491205,14,18,1,True,False,matched,24.0,2025-06-27,under,0.12492337911016616,1.78125,-1.0,1.0,False,False,False
2247,f61ad88a-5352-4961-90c2-481d41442f99,180,Nneka Ogwumike,nnekaogwumike,LAS,points,16.5,-128.0,-102.0,10,10,2025-06-26 20:40:16+00:00,2025-06-26 20:40:16+00:00,2025-06-26 20:40:16+00:00,2025-06-28 02:00:00+00:00,0.0,2025-06-27,2025,REG,SEA,CON,1.0663540038214347,True,,0.5291749480305961,401736213,1068,14,18,1,True,False,matched,16.0,2025-06-27,under,0.0685246379708665,1.9803921568627452,0.9803921568627452,1.0,False,False,False
2241,04524abf-0bcd-4494-88ad-009c5bb8203f,88,Aari McDonald,aarimcdonald,FA,points,10.5,-115.0,-115.0,49,49,2025-06-26 21:30:29+00:00,2025-06-26 21:30:29+00:00,2025-06-26 21:30:29+00:00,2025-06-26 23:00:00+00:00,0.0,2025-06-26,2025,REG,IND,LAS,1.0697674418604652,True,,0.5,401736207,4066553,5,6,1,True,False,matched,14.0,2025-06-26,under,0.2829956481908231,1.8695652173913042,-1.0,1.0,False,False,False
2242,8b9a91e8-385c-4f56-af5b-8843223c615b,573,Sonia Citron,soniacitron,WAS,assists,3.5,-130.0,-110.0,49,49,2025-06-27 00:39:19+00:00,2025-06-27 00:39:19+00:00,2025-06-27 00:39:19+00:00,2025-06-27 02:00:00+00:00,0.0,2025-06-26,2025,REG,LVA,WAS,1.0890269151138718,True,,0.521679232465576,401736208,4433524,16,17,0,True,False,matched,2.0,2025-06-26,under,0.501044668422181,1.9090909090909092,0.9090909090909092,1.0,False,False,False
2244,f37e6db5-caf1-4089-bd31-82a1e8a63619,95,Li Yueru,liyueru,DAL,rebounds,7.5,-110.0,-118.0,19,19,2025-06-27 03:12:36+00:00,2025-06-27 03:12:36+00:00,2025-06-27 03:12:36+00:00,2025-06-27 23:30:00+00:00,0.0,2025-06-27,2025,REG,DAL,IND,1.0650939274792486,True,,0.4909754767731684,401736210,4336633,3,5,1,True,False,matched,3.0,2025-06-27,under,0.5471218242681783,1.847457627118644,0.847457627118644,1.0,False,False,False
2247,a09edd05-95fd-4aed-ab5e-558be48b59bd,43,Olivia Nelson-Ododa,olivianelsonododa,CON,rebounds,6.5,110.0,-140.0,12,12,2025-06-27 09:08:06+00:00,2025-06-27 09:08:06+00:00,2025-06-27 09:08:06+00:00,2025-06-28 02:00:00+00:00,0.0,2025-06-27,2025,REG,SEA,CON,1.0595238095238093,True,,0.44483204521110303,401736213,4398966,18,14,0,True,False,matched,6.0,2025-06-27,under,0.07207850011322653,1.7142857142857144,0.7142857142857144,1.0,False,False,False
2246,7258dae0-ef11-4d56-acb0-cd550ff800a9,109,Kate Martin,katemartin,LAS,assists,1.5,-105.0,-125.0,24,24,2025-06-27 14:58:14+00:00,2025-06-27 14:58:14+00:00,2025-06-27 14:58:14+00:00,2025-06-28 02:00:00+00:00,0.0,2025-06-27,2025,REG,GSV,CHI,1.067750677506775,True,,0.47757418034290006,401736211,4398907,129689,19,1,True,False,matched,0.0,2025-06-27,under,0.15788795232795577,1.8,0.8,1.0,False,False,False
2244,ac582672-6b15-4c7a-ac84-1a00b0c485b8,76,Lexie Hull,lexiehull,IND,rebounds,4.5,112.0,-154.0,13,13,2025-06-27 15:41:15+00:00,2025-06-27 15:41:15+00:00,2025-06-27 15:41:15+00:00,2025-06-27 23:30:00+00:00,0.0,2025-06-27,2025,REG,DAL,IND,1.0779973258059723,True,,0.42996855297574704,401736210,4398829,5,3,0,True,False,matched,2.0,2025-06-27,over,0.06070183777469307,2.12,-1.0,1.0,False,False,False
2244,6b3c8e95-839a-4b00-837a-e9ca6af29e76,88,Aari McDonald,aarimcdonald,FA,points,11.5,102.0,-132.0,10,10,2025-06-27 23:08:47+00:00,2025-06-27 23:08:47+00:00,2025-06-27 23:08:47+00:00,2025-06-27 23:30:00+00:00,0.0,2025-06-27,2025,REG,DAL,IND,1.0640150221918745,True,,0.4618487426836327,401736210,4066553,5,3,0,True,False,matched,13.0,2025-06-27,under,0.2490897945384758,1.7575757575757576,-1.0,1.0,False,False,False
2245,27c2b2c4-7085-4e00-a9ea-93204dcace63,131,Nyara Sabally,nyarasabally,TOR,rebounds,5.5,-152.0,114.0,10,10,2025-06-28 01:42:25+00:00,2025-06-28 01:42:25+00:00,2025-06-28 01:42:25+00:00,2025-06-28 02:00:00+00:00,0.0,2025-06-27,2025,REG,PHX,NYL,1.0704643228007713,True,,0.5703965275254933,401736212,4398768,9,11,0,True,False,matched,6.0,2025-06-27,under,0.3495266601553121,2.1399999999999997,-1.0,1.0,False,False,False
2248,3d8fc72c-a22e-4283-a98e-480fb834bc00,182,Brittney Sykes,brittneysykes,TOR,points,18.5,-110.0,-118.0,10,10,2025-06-28 02:52:30+00:00,2025-06-28 02:52:30+00:00,2025-06-28 02:52:30+00:00,2025-06-29 00:00:00+00:00,0.0,2025-06-28,2025,REG,DAL,WAS,1.0650939274792486,True,,0.4909754767731684,401736214,2988756,16,3,0,True,False,matched,6.0,2025-06-28,under,0.11798190544411247,1.847457627118644,0.847457627118644,1.0,False,False,False
2248,7a99ea09-4cbc-4f0e-b413-7e26f2b3c169,572,Kiki Iriafen,kikiiriafen,WAS,rebounds,7.5,-154.0,116.0,10,10,2025-06-28 02:56:13+00:00,2025-06-28 02:56:13+00:00,2025-06-28 02:56:13+00:00,2025-06-29 00:00:00+00:00,0.0,2025-06-28,2025,REG,DAL,WAS,1.0692621755613883,True,,0.574207987656796,401736214,4898384,16,3,0,True,False,matched,2.0,2025-06-28,under,0.09154256317172998,2.16,1.1600000000000001,1.0,False,False,False
2248,f3ce6ef7-b85b-4c60-8bab-a5e9c990749a,196,Shakira Austin,shakiraaustin,WAS,points,14.5,-110.0,-118.0,10,10,2025-06-28 02:59:54+00:00,2025-06-28 02:59:54+00:00,2025-06-28 02:59:54+00:00,2025-06-29 00:00:00+00:00,0.0,2025-06-28,2025,REG,DAL,WAS,1.0650939274792486,True,,0.4909754767731684,401736214,4398911,16,3,0,True,False,matched,18.0,2025-06-28,under,0.10410593061245998,1.847457627118644,-1.0,1.0,False,False,False
2248,6a215fa4-4896-4cfc-8faa-3552c373325c,573,Sonia Citron,soniacitron,WAS,assists,2.5,-115.0,-115.0,24,24,2025-06-28 07:07:19+00:00,2025-06-28 07:07:19+00:00,2025-06-28 07:07:19+00:00,2025-06-29 00:00:00+00:00,0.0,2025-06-28,2025,REG,DAL,WAS,1.0697674418604652,True,,0.5,401736214,4433524,16,3,0,True,False,matched,2.0,2025-06-28,under,0.07632239267751934,1.8695652173913042,0.8695652173913042,1.0,False,False,False
2248,90b2150e-b0fa-47fb-9c25-2d82c0e38962,63,Arike Ogunbowale,arikeogunbowale,DAL,rebounds,3.5,150.0,-200.0,13,13,2025-06-28 07:39:04+00:00,2025-06-28 07:39:04+00:00,2025-06-28 07:39:04+00:00,2025-06-29 00:00:00+00:00,0.0,2025-06-28,2025,REG,DAL,WAS,1.0666666666666667,True,,0.3620786141911938,401736214,3904577,3,16,1,True,False,matched,2.0,2025-06-28,under,0.052725041491910984,1.5,0.5,1.0,False,False,False
2248,0d186e6b-091d-45eb-a77e-d94ab1bf6a08,95,Li Yueru,liyueru,DAL,rebounds,5.5,-175.0,125.0,33,33,2025-06-28 10:58:41+00:00,2025-06-28 10:58:41+00:00,2025-06-28 10:58:41+00:00,2025-06-29 00:00:00+00:00,0.0,2025-06-28,2025,REG,DAL,WAS,1.0808080808080809,True,,0.6000379418846682,401736214,4336633,3,16,1,True,False,matched,6.0,2025-06-28,under,0.5066523211773876,2.25,-1.0,1.0,False,False,False
2248,59f39fa4-9823-4802-9e09-f734d1680644,73,NaLyssa Smith,nalyssasmith,LVA,rebounds,6.5,-146.0,110.0,10,10,2025-06-28 18:36:36+00:00,2025-06-28 18:36:36+00:00,2025-06-28 18:36:36+00:00,2025-06-29 00:00:00+00:00,0.0,2025-06-28,2025,REG,DAL,WAS,1.0696864111498257,True,,0.5607420039050215,401736214,4398776,3,16,1,True,False,matched,7.0,2025-06-28,under,0.32639129017950236,2.1,-1.0,1.0,False,False,False
2249,a9bea4fa-1d0f-4ee1-9762-06ae86b63c33,137,Breanna Stewart,breannastewart,NYL,threes,1.5,168.0,-230.0,10,10,2025-06-28 19:01:34+00:00,2025-06-28 19:01:34+00:00,2025-06-28 19:01:34+00:00,2025-06-29 19:00:00+00:00,0.0,2025-06-29,2025,REG,ATL,NYL,1.070104025327906,True,,0.33212328770060234,401736215,2998928,9,20,0,True,False,matched,1.0,2025-06-29,under,0.10361043745308682,1.434782608695652,0.4347826086956521,1.0,False,False,False
2249,c52f6ff1-6098-4892-99fa-c3e823bd28e5,132,Sabrina Ionescu,sabrinaionescu,NYL,points,17.5,-104.0,-125.0,10,10,2025-06-28 19:01:35+00:00,2025-06-28 19:01:35+00:00,2025-06-28 19:01:35+00:00,2025-06-29 19:00:00+00:00,0.0,2025-06-29,2025,REG,ATL,NYL,1.065359477124183,True,,0.4763687479911608,401736215,4066533,9,20,0,True,False,matched,14.0,2025-06-29,under,0.11025220419225956,1.8,0.8,1.0,False,False,False
2249,9e9078d7-c91d-430a-89ca-934956ad8221,163,Natasha Cloud,natashacloud,CHI,rebounds,3.5,-136.0,102.0,10,10,2025-06-28 19:06:47+00:00,2025-06-28 19:06:47+00:00,2025-06-28 19:06:47+00:00,2025-06-29 19:00:00+00:00,0.0,2025-06-29,2025,REG,ATL,NYL,1.071320691391173,True,,0.5420932924427202,401736215,2529137,9,20,0,True,False,matched,4.0,2025-06-29,under,0.19414689381363592,2.02,-1.0,1.0,False,False,False
2249,482e8903-d6e4-4124-850d-a6e0a683b61f,148,Brittney Griner,brittneygriner,CON,points,8.5,-114.0,-114.0,10,10,2025-06-28 19:06:47+00:00,2025-06-28 19:06:47+00:00,2025-06-28 19:06:47+00:00,2025-06-29 19:00:00+00:00,0.0,2025-06-29,2025,REG,ATL,NYL,1.0654205607476634,True,,0.5000000000000001,401736215,2490553,20,9,1,True,False,matched,14.0,2025-06-29,over,0.09435044089666367,1.8771929824561404,0.8771929824561404,1.0,False,False,False
2249,aa6ea6de-bb8f-40cc-bc60-6926e410f0d0,131,Nyara Sabally,nyarasabally,TOR,rebounds,5.5,-122.0,-108.0,10,10,2025-06-28 19:10:17+00:00,2025-06-28 19:10:17+00:00,2025-06-28 19:10:17+00:00,2025-06-29 19:00:00+00:00,0.0,2025-06-29,2025,REG,ATL,NYL,1.0687803187803186,True,,0.5156895960912058,401736215,4398768,9,20,0,True,False,matched,4.0,2025-06-29,under,0.1310169703067074,1.925925925925926,0.925925925925926,1.0,False,False,False
2251,743986d6-8501-4282-8104-5ef0dc39e0ec,40,Alyssa Thomas,alyssathomas,PHO,points,13.5,-125.0,-104.0,10,10,2025-06-28 19:13:49+00:00,2025-06-28 19:13:49+00:00,2025-06-28 19:13:49+00:00,2025-06-29 22:00:00+00:00,0.0,2025-06-29,2025,REG,PHX,LVA,1.065359477124183,True,,0.5236312520088393,401736217,2529140,11,17,1,True,False,matched,16.0,2025-06-29,under,0.17048813614623015,1.9615384615384617,-1.0,1.0,False,False,False
2251,1148f29d-d2f0-44bb-90b9-86c3989ae57a,155,Kahleah Copper,kahleahcopper,PHO,points,14.5,-125.0,-104.0,10,10,2025-06-28 19:13:49+00:00,2025-06-28 19:13:49+00:00,2025-06-28 19:13:49+00:00,2025-06-29 22:00:00+00:00,0.0,2025-06-29,2025,REG,PHX,LVA,1.065359477124183,True,,0.5236312520088393,401736217,2998938,11,17,1,True,False,matched,15.0,2025-06-29,under,0.09597369838117598,1.9615384615384617,-1.0,1.0,False,False,False
2251,d9626748-52c1-48c9-87aa-f2c7994db2a7,103,A'ja Wilson,ajawilson,LVA,points,20.5,-122.0,-106.0,10,10,2025-06-28 19:13:49+00:00,2025-06-28 19:13:49+00:00,2025-06-28 19:13:49+00:00,2025-06-29 22:00:00+00:00,0.0,2025-06-29,2025,REG,PHX,LVA,1.064112656345666,True,,0.518058368553134,401736217,3149391,17,11,0,True,False,matched,26.0,2025-06-29,under,0.07485466590097234,1.9433962264150944,-1.0,1.0,False,False,False
2251,4d7f36bd-a9b8-420b-8bfb-6d9d07a6a948,166,Jewell Loyd,jewellloyd,LVA,threes,1.5,-186.0,140.0,10,10,2025-06-28 19:16:30+00:00,2025-06-28 19:16:30+00:00,2025-06-28 19:16:30+00:00,2025-06-29 22:00:00+00:00,0.0,2025-06-29,2025,REG,PHX,LVA,1.067016317016317,True,,0.6208673647410283,401736217,2987869,17,11,0,True,False,matched,2.0,2025-06-29,under,0.15286295937984573,2.4,-1.0,1.0,False,False,False
2251,d7746f39-d136-4ab2-a473-b64fec1fb193,54,Satou Sabally,satousabally,NYL,points,18.5,-102.0,-128.0,10,10,2025-06-28 19:16:31+00:00,2025-06-28 19:16:31+00:00,2025-06-28 19:16:31+00:00,2025-06-29 22:00:00+00:00,0.0,2025-06-29,2025,REG,PHX,LVA,1.0663540038214347,True,,0.47082505196940394,401736217,4281929,11,17,1,True,False,matched,10.0,2025-06-29,under,0.1123315553217416,1.78125,0.78125,1.0,False,False,False
2251,ff53badb-04e8-46ce-a8f6-ed47e12d9f6e,107,Chelsea Gray,chelseagray,LVA,points,12.5,-120.0,-108.0,10,10,2025-06-28 19:16:31+00:00,2025-06-28 19:16:31+00:00,2025-06-28 19:16:31+00:00,2025-06-29 22:00:00+00:00,0.0,2025-06-29,2025,REG,PHX,LVA,1.0646853146853146,True,,0.5135396953663074,401736217,2529122,17,11,0,True,False,matched,9.0,2025-06-29,under,0.09897311626209787,1.925925925925926,0.925925925925926,1.0,False,False,False
2251,fb18cc01-f343-4520-948a-fc7ae06b7ee0,102,Jackie Young,jackieyoung,LVA,points,15.5,-114.0,-114.0,10,10,2025-06-28 19:16:31+00:00,2025-06-28 19:16:31+00:00,2025-06-28 19:16:31+00:00,2025-06-29 22:00:00+00:00,0.0,2025-06-29,2025,REG,PHX,LVA,1.0654205607476634,True,,0.5000000000000001,401736217,4065870,17,11,0,True,False,matched,15.0,2025-06-29,under,0.06035370410707008,1.8771929824561404,0.8771929824561404,1.0,False,False,False
2253,079cf849-b39a-42c0-8d19-8464b8f5ffe7,175,Skylar Diggins,skylardiggins,CHI,points,18.5,-104.0,-125.0,10,10,2025-06-28 19:20:06+00:00,2025-06-28 19:20:06+00:00,2025-06-28 19:20:06+00:00,2025-06-30 00:30:00+00:00,0.0,2025-06-29,2025,REG,GSV,SEA,1.065359477124183,True,,0.4763687479911608,401736219,2491205,14,129689,0,True,False,matched,18.0,2025-06-29,under,0.16754302672853716,1.8,0.8,1.0,False,False,False
2251,82157c4f-d772-4d45-8738-11ac4af5a83d,300,Kitija Laksa,kitijalaksa,FA,points,10.5,-104.0,-125.0,10,10,2025-06-28 19:20:06+00:00,2025-06-28 19:20:06+00:00,2025-06-28 19:20:06+00:00,2025-06-29 22:00:00+00:00,0.0,2025-06-29,2025,REG,PHX,LVA,1.065359477124183,True,,0.4763687479911608,401736217,3920741,11,17,1,True,False,matched,5.0,2025-06-29,under,0.11090298290157247,1.8,0.8,1.0,False,False,False
2253,565fb511-58c0-47cb-bf04-2459d0bdde86,139,Kayla Thornton,kaylathornton,GSV,rebounds,6.5,-152.0,114.0,10,10,2025-06-28 19:23:42+00:00,2025-06-28 19:23:42+00:00,2025-06-28 19:23:42+00:00,2025-06-30 00:30:00+00:00,0.0,2025-06-29,2025,REG,GSV,SEA,1.0704643228007713,True,,0.5703965275254933,401736219,2529622,129689,14,1,True,False,matched,5.0,2025-06-29,under,0.3735533375553324,2.1399999999999997,1.1399999999999997,1.0,False,False,False
2253,c60cd548-3382-40b0-93de-d18a141cccc8,180,Nneka Ogwumike,nnekaogwumike,LAS,rebounds,7.5,-138.0,104.0,10,10,2025-06-28 19:23:42+00:00,2025-06-28 19:23:42+00:00,2025-06-28 19:23:42+00:00,2025-06-30 00:30:00+00:00,0.0,2025-06-29,2025,REG,GSV,SEA,1.0700280112044818,True,,0.5464208361470752,401736219,1068,14,129689,0,True,False,matched,7.0,2025-06-29,under,0.2347801333186199,2.04,1.04,1.0,False,False,False
2253,f06a0a63-4cc8-4a8d-9011-5a9943671ee5,208,Gabby Williams,gabbywilliams,GSV,points,13.5,-106.0,-122.0,10,10,2025-06-28 19:23:42+00:00,2025-06-28 19:23:42+00:00,2025-06-28 19:23:42+00:00,2025-06-30 00:30:00+00:00,0.0,2025-06-29,2025,REG,GSV,SEA,1.064112656345666,True,,0.4819416314468661,401736219,3142328,14,129689,0,True,False,matched,2.0,2025-06-29,under,0.11881660636142688,1.819672131147541,0.819672131147541,1.0,False,False,False
2253,6da3705e-5ff2-48fb-ad30-7fd59ef46d79,55,Veronica Burton,veronicaburton,GSV,points,9.5,-125.0,-104.0,10,10,2025-06-28 19:27:17+00:00,2025-06-28 19:27:17+00:00,2025-06-28 19:27:17+00:00,2025-06-30 00:30:00+00:00,0.0,2025-06-29,2025,REG,GSV,SEA,1.065359477124183,True,,0.5236312520088393,401736219,4398935,129689,14,1,True,False,matched,15.0,2025-06-29,under,0.26942938128064853,1.9615384615384617,-1.0,1.0,False,False,False
2253,77f57362-3df2-40ce-804c-c7218e67f4ae,66,Erica Wheeler,ericawheeler,LAS,points,11.5,-122.0,-106.0,10,10,2025-06-28 19:27:17+00:00,2025-06-28 19:27:17+00:00,2025-06-28 19:27:17+00:00,2025-06-30 00:30:00+00:00,0.0,2025-06-29,2025,REG,GSV,SEA,1.064112656345666,True,,0.518058368553134,401736219,2491214,14,129689,0,True,False,matched,13.0,2025-06-29,under,0.24892832225188272,1.9433962264150944,-1.0,1.0,False,False,False
2253,6dc84484-66be-410c-b08d-1cd5aeffd2ac,176,Ezi Magbegor,ezimagbegor,SEA,rebounds,6.5,-118.0,-112.0,10,10,2025-06-28 19:27:17+00:00,2025-06-28 19:27:17+00:00,2025-06-28 19:27:17+00:00,2025-06-30 00:30:00+00:00,0.0,2025-06-29,2025,REG,GSV,SEA,1.0695862904621776,True,,0.5067212711754592,401736219,4420318,14,129689,0,True,False,matched,6.0,2025-06-29,under,0.13246890206263173,1.8928571428571428,0.8928571428571428,1.0,False,False,False
2253,be8f7d39-c967-4657-b4f4-bbfefe5e2ee3,221,Tiffany Hayes,tiffanyhayes,GSV,rebounds,3.5,-146.0,110.0,10,10,2025-06-28 19:27:17+00:00,2025-06-28 19:27:17+00:00,2025-06-28 19:27:17+00:00,2025-06-30 00:30:00+00:00,0.0,2025-06-29,2025,REG,GSV,SEA,1.0696864111498257,True,,0.5607420039050215,401736219,1054,129689,14,1,True,False,matched,3.0,2025-06-29,under,0.11082211603289566,2.1,1.1,1.0,False,False,False
2250,6053ccd3-f0fe-4654-852f-6caacf672658,89,Dearica Hamby,dearicahamby,LAS,assists,3.5,-102.0,-130.0,10,10,2025-06-28 19:30:49+00:00,2025-06-28 19:30:49+00:00,2025-06-28 19:30:49+00:00,2025-06-29 20:00:00+00:00,0.0,2025-06-29,2025,REG,LAS,CHI,1.0701678863538528,True,,0.46878765056355093,401736216,2566106,6,19,1,True,False,matched,4.0,2025-06-29,over,0.07422413312252141,1.9803921568627452,0.9803921568627452,1.0,False,False,False
2250,02956dce-c815-44b1-93d6-1a1b6c2836af,158,Rebecca Allen,rebeccaallen,NYL,rebounds,3.5,-125.0,-106.0,10,10,2025-06-28 19:30:49+00:00,2025-06-28 19:30:49+00:00,2025-06-28 19:30:49+00:00,2025-06-29 20:00:00+00:00,0.0,2025-06-29,2025,REG,LAS,CHI,1.070118662351672,True,,0.5212291071384377,401736216,3102133,19,6,0,True,False,matched,4.0,2025-06-29,under,0.06941431037031237,1.9433962264150944,-1.0,1.0,False,False,False
2250,f809fef2-9ae9-4dda-a05a-3119c8b4d624,26,Angel Reese,angelreese,ATL,assists,3.5,-118.0,-112.0,10,10,2025-06-28 19:30:50+00:00,2025-06-28 19:30:50+00:00,2025-06-28 19:30:50+00:00,2025-06-29 20:00:00+00:00,0.0,2025-06-29,2025,REG,LAS,CHI,1.0695862904621776,True,,0.5067212711754592,401736216,4433402,19,6,0,True,False,matched,7.0,2025-06-29,under,0.09742606377178309,1.8928571428571428,-1.0,1.0,False,False,False
2250,5a7c7a7b-8701-450e-83f1-94e6abf2b0bc,36,Rachel Banham,rachelbanham,CHI,points,7.5,-110.0,-118.0,10,10,2025-06-28 19:30:50+00:00,2025-06-28 19:30:50+00:00,2025-06-28 19:30:50+00:00,2025-06-29 20:00:00+00:00,0.0,2025-06-29,2025,REG,LAS,CHI,1.0650939274792486,True,,0.4909754767731684,401736216,2566186,19,6,0,True,False,matched,13.0,2025-06-29,under,0.09060387998548147,1.847457627118644,-1.0,1.0,False,False,False
2250,b95ac105-ddd8-475a-9064-47f34d0498da,82,Azura Stevens,azurastevens,CHI,threes,1.5,-106.0,-125.0,10,10,2025-06-28 19:30:50+00:00,2025-06-28 19:30:50+00:00,2025-06-28 19:30:50+00:00,2025-06-29 20:00:00+00:00,0.0,2025-06-29,2025,REG,LAS,CHI,1.070118662351672,True,,0.4787708928615623,401736216,3142010,6,19,1,True,False,matched,3.0,2025-06-29,under,0.06228489122388925,1.8,-1.0,1.0,False,False,False
2250,b5b4dcc8-5255-43ec-9b3e-225ff8098d12,94,Rickea Jackson,rickeajackson,CHI,rebounds,2.5,-128.0,-102.0,10,10,2025-06-28 19:30:50+00:00,2025-06-28 19:30:50+00:00,2025-06-28 19:30:50+00:00,2025-06-29 20:00:00+00:00,0.0,2025-06-29,2025,REG,LAS,CHI,1.0663540038214347,True,,0.5291749480305961,401736216,4433630,6,19,1,True,False,matched,1.0,2025-06-29,over,0.052614421143627854,1.78125,-1.0,1.0,False,False,False
2252,091af6e1-61ba-4d8c-a946-021939ecd41c,112,Napheesa Collier,napheesacollier,MIN,points,23.5,-110.0,-118.0,10,10,2025-06-28 19:34:29+00:00,2025-06-28 19:34:29+00:00,2025-06-28 19:34:29+00:00,2025-06-29 23:00:00+00:00,0.0,2025-06-29,2025,REG,MIN,CON,1.0650939274792486,True,,0.4909754767731684,401736218,3917450,8,18,1,True,False,matched,23.0,2025-06-29,under,0.09408543292325461,1.847457627118644,0.847457627118644,1.0,False,False,False
2252,9194beff-20ad-4134-a9cf-c9f011143612,121,Alanna Smith,alannasmith,DAL,rebounds,5.5,114.0,-152.0,10,10,2025-06-28 19:38:05+00:00,2025-06-28 19:38:05+00:00,2025-06-28 19:38:05+00:00,2025-06-29 23:00:00+00:00,0.0,2025-06-29,2025,REG,MIN,CON,1.0704643228007713,True,,0.42960347247450675,401736218,3913881,8,18,1,True,False,matched,7.0,2025-06-29,over,0.1689787094280727,2.1399999999999997,1.1399999999999997,1.0,False,False,False
2252,91f70ea3-5156-498f-a2f0-977a91bd29b1,125,Kayla McBride,kaylamcbride,MIN,assists,3.5,-152.0,114.0,10,10,2025-06-28 19:38:05+00:00,2025-06-28 19:38:05+00:00,2025-06-28 19:38:05+00:00,2025-06-29 23:00:00+00:00,0.0,2025-06-29,2025,REG,MIN,CON,1.0704643228007713,True,,0.5703965275254933,401736218,2529205,8,18,1,True,False,matched,5.0,2025-06-29,under,0.16690208902310022,2.1399999999999997,-1.0,1.0,False,False,False
2252,8447c3e5-a1dc-4d46-9bbf-8a58ba89e9b3,117,Courtney Williams,courtneywilliams,MIN,rebounds,4.5,-146.0,110.0,10,10,2025-06-28 19:38:05+00:00,2025-06-28 19:38:05+00:00,2025-06-28 19:38:05+00:00,2025-06-29 23:00:00+00:00,0.0,2025-06-29,2025,REG,MIN,CON,1.0696864111498257,True,,0.5607420039050215,401736218,2987891,8,18,1,True,False,matched,9.0,2025-06-29,under,0.16537383837408487,2.1,-1.0,1.0,False,False,False
2252,bc91176c-cdfa-406e-bb07-d97806ea2c20,9,Tina Charles,tinacharles,FA,points,15.5,-114.0,-114.0,10,10,2025-06-28 19:41:44+00:00,2025-06-28 19:41:44+00:00,2025-06-28 19:41:44+00:00,2025-06-29 23:00:00+00:00,0.0,2025-06-29,2025,REG,MIN,CON,1.0654205607476634,True,,0.5000000000000001,401736218,918,18,8,0,True,False,matched,4.0,2025-06-29,under,0.28423241702334706,1.8771929824561404,0.8771929824561404,1.0,False,False,False
2253,56e31c8c-161d-4535-8f65-d3a271a42827,109,Kate Martin,katemartin,LAS,points,8.5,-105.0,-135.0,33,33,2025-06-29 02:13:15+00:00,2025-06-29 02:13:15+00:00,2025-06-29 02:13:15+00:00,2025-06-30 00:30:00+00:00,0.0,2025-06-29,2025,REG,GSV,SEA,1.0866632070576026,True,,0.46744138600370294,401736219,4398907,129689,14,1,True,False,matched,11.0,2025-06-29,under,0.27747089147353365,1.7407407407407407,-1.0,1.0,False,False,False
2252,5eef8688-c028-4a51-aa48-a543ce9dff37,519,Aneesah Morrow,aneesahmorrow,CON,points,10.5,100.0,-140.0,33,33,2025-06-29 02:20:48+00:00,2025-06-29 02:20:48+00:00,2025-06-29 02:20:48+00:00,2025-06-29 23:00:00+00:00,0.0,2025-06-29,2025,REG,MIN,CON,1.0833333333333333,True,,0.4565136318718986,401736218,4684384,18,8,0,True,False,matched,16.0,2025-06-29,under,0.2191593766178977,1.7142857142857144,-1.0,1.0,False,False,False
2252,5600ffb0-4fbe-4695-8e10-b93e3816e8f1,52,Jacy Sheldon,jacysheldon,CHI,points,9.5,-110.0,-130.0,33,33,2025-06-29 03:40:57+00:00,2025-06-29 03:40:57+00:00,2025-06-29 03:40:57+00:00,2025-06-29 23:00:00+00:00,0.0,2025-06-29,2025,REG,MIN,CON,1.0890269151138718,True,,0.47832076753442404,401736218,4432865,18,8,0,True,False,matched,7.0,2025-06-29,under,0.29381322078385463,1.7692307692307692,0.7692307692307692,1.0,False,False,False
2253,5b45de02-5a46-4879-ab58-56b3697523d8,83,Monique Billings,moniquebillings,IND,rebounds,5.5,-140.0,110.0,12,12,2025-06-29 12:16:54+00:00,2025-06-29 12:16:54+00:00,2025-06-29 12:16:54+00:00,2025-06-30 00:30:00+00:00,0.0,2025-06-29,2025,REG,GSV,SEA,1.0595238095238093,True,,0.555167954788897,401736219,3142255,129689,14,1,True,False,matched,3.0,2025-06-29,under,0.18346286174165555,2.1,1.1,1.0,False,False,False
2447,06a3c67e-a521-4eda-bf54-e6c77efd4646,112,Napheesa Collier,napheesacollier,MIN,rebounds,8.5,-146.0,110.0,10,10,2025-06-30 18:56:10+00:00,2025-06-30 18:56:10+00:00,2025-06-30 18:56:10+00:00,2025-07-02 00:00:00+00:00,0.0,2025-07-01,2025,CC,MIN,IND,1.0696864111498257,True,,0.5607420039050215,401736430,3917450,8,5,1,True,False,matched,9.0,2025-07-01,under,0.21213407285149383,2.1,-1.0,1.0,False,False,False
2447,4a30f54b-f721-479d-b108-5caea68428db,68,Caitlin Clark,caitlinclark,IND,points,19.5,-110.0,-118.0,10,10,2025-06-30 18:56:10+00:00,2025-06-30 18:56:10+00:00,2025-06-30 18:56:10+00:00,2025-07-02 00:00:00+00:00,0.0,2025-07-01,2025,CC,MIN,IND,1.0650939274792486,True,,0.4909754767731684,401736430,4433403,5,8,0,True,True,did_not_play,,2025-07-01,under,0.21081258422710347,1.847457627118644,0.0,0.0,False,True,False
2447,816e8c4e-5c77-40a3-9ff1-50382dff2bdf,56,Natasha Howard,natashahoward,MIN,points,12.5,102.0,-132.0,10,10,2025-06-30 18:56:10+00:00,2025-06-30 18:56:10+00:00,2025-06-30 18:56:10+00:00,2025-07-02 00:00:00+00:00,0.0,2025-07-01,2025,CC,MIN,IND,1.0640150221918745,True,,0.4618487426836327,401736430,2529130,5,8,0,True,False,matched,16.0,2025-07-01,under,0.18944412932027282,1.7575757575757576,-1.0,1.0,False,False,False
2447,71fd261a-152e-47ad-a437-b2133bd35d7c,117,Courtney Williams,courtneywilliams,MIN,points,12.5,-125.0,-104.0,10,10,2025-06-30 18:56:10+00:00,2025-06-30 18:56:10+00:00,2025-06-30 18:56:10+00:00,2025-07-02 00:00:00+00:00,0.0,2025-07-01,2025,CC,MIN,IND,1.065359477124183,True,,0.5236312520088393,401736430,2987891,8,5,1,True,False,matched,11.0,2025-07-01,under,0.14608139236555134,1.9615384615384617,0.9615384615384617,1.0,False,False,False
2447,22389db6-c436-4bf7-b914-fad114ed9211,125,Kayla McBride,kaylamcbride,MIN,points,14.5,-125.0,-104.0,10,10,2025-06-30 18:56:10+00:00,2025-06-30 18:56:10+00:00,2025-06-30 18:56:10+00:00,2025-07-02 00:00:00+00:00,0.0,2025-07-01,2025,CC,MIN,IND,1.065359477124183,True,,0.5236312520088393,401736430,2529205,8,5,1,True,False,matched,7.0,2025-07-01,under,0.12583338011992345,1.9615384615384617,0.9615384615384617,1.0,False,False,False
2447,f3feb79c-7ac6-40e6-95cd-fa9a86bedffc,71,Aliyah Boston,aliyahboston,IND,points,15.5,-113.0,-115.0,10,10,2025-06-30 18:56:10+00:00,2025-06-30 18:56:10+00:00,2025-06-30 18:56:10+00:00,2025-07-02 00:00:00+00:00,0.0,2025-07-01,2025,CC,MIN,IND,1.0654001528551151,True,,0.49774423259931944,401736430,4432831,5,8,0,True,False,matched,12.0,2025-07-01,under,0.10908182405964945,1.8695652173913042,0.8695652173913042,1.0,False,False,False
2447,f7250c04-ecb8-4c9a-82d1-522a90bfa678,121,Alanna Smith,alannasmith,DAL,rebounds,5.5,118.0,-158.0,10,10,2025-06-30 18:56:10+00:00,2025-06-30 18:56:10+00:00,2025-06-30 18:56:10+00:00,2025-07-02 00:00:00+00:00,0.0,2025-07-01,2025,CC,MIN,IND,1.0711186971054691,True,,0.42034729080094674,401736430,3913881,8,5,1,True,False,matched,5.0,2025-07-01,over,0.10693204614889928,2.1799999999999997,-1.0,1.0,False,False,False
2447,e9f04b7c-952a-4466-ade2-b94af5d0925e,70,Kelsey Mitchell,kelseymitchell,IND,points,19.5,106.0,-138.0,10,10,2025-06-30 18:56:10+00:00,2025-06-30 18:56:10+00:00,2025-06-30 18:56:10+00:00,2025-07-02 00:00:00+00:00,0.0,2025-07-01,2025,CC,MIN,IND,1.0652688259769927,True,,0.4512435291926419,401736430,3142191,5,8,0,True,False,matched,12.0,2025-07-01,under,0.10485698644807545,1.7246376811594204,0.7246376811594204,1.0,False,False,False
2447,ffa68991-9c42-4943-b010-22d1a3ea67a6,76,Lexie Hull,lexiehull,IND,threes,1.5,168.0,-230.0,10,10,2025-06-30 18:56:10+00:00,2025-06-30 18:56:10+00:00,2025-06-30 18:56:10+00:00,2025-07-02 00:00:00+00:00,0.0,2025-07-01,2025,CC,MIN,IND,1.070104025327906,True,,0.33212328770060234,401736430,4398829,5,8,0,True,False,matched,2.0,2025-07-01,under,0.06411781499258729,1.434782608695652,-1.0,1.0,False,False,False
2255,3680168f-93d4-491a-8ffd-5234e1b11f0e,132,Sabrina Ionescu,sabrinaionescu,NYL,threes,2.5,-158.0,118.0,10,10,2025-06-30 19:21:17+00:00,2025-06-30 19:21:17+00:00,2025-06-30 19:21:17+00:00,2025-07-03 23:00:00+00:00,0.0,2025-07-03,2025,REG,NYL,LAS,1.0711186971054691,True,,0.5796527091990534,401736221,4066533,9,6,1,True,False,matched,3.0,2025-07-03,under,0.21399825773738923,2.1799999999999997,-1.0,1.0,False,False,False
2255,6feebca3-443f-40db-8d3e-a3996ce80815,82,Azura Stevens,azurastevens,CHI,rebounds,7.5,-148.0,112.0,10,10,2025-06-30 19:21:18+00:00,2025-06-30 19:21:18+00:00,2025-06-30 19:21:18+00:00,2025-07-03 23:00:00+00:00,0.0,2025-07-03,2025,REG,NYL,LAS,1.0684723067559343,True,,0.5647227530167998,401736221,3142010,6,9,0,True,False,matched,7.0,2025-07-03,under,0.15932883398252412,2.12,1.12,1.0,False,False,False
2255,817f1bc7-3c51-4dd9-a684-004c15ca25f0,101,Kelsey Plum,kelseyplum,LAS,points,18.5,-120.0,-108.0,10,10,2025-06-30 19:21:18+00:00,2025-06-30 19:21:18+00:00,2025-06-30 19:21:18+00:00,2025-07-03 23:00:00+00:00,0.0,2025-07-03,2025,REG,NYL,LAS,1.0646853146853146,True,,0.5135396953663074,401736221,3065570,6,9,0,True,False,matched,13.0,2025-07-03,under,0.10449280535170619,1.925925925925926,0.925925925925926,1.0,False,False,False
2255,7a02a52a-e014-4f3e-a849-75ab7c9edf89,137,Breanna Stewart,breannastewart,NYL,points,20.5,-128.0,-102.0,10,10,2025-06-30 19:21:18+00:00,2025-06-30 19:21:18+00:00,2025-06-30 19:21:18+00:00,2025-07-03 23:00:00+00:00,0.0,2025-07-03,2025,REG,NYL,LAS,1.0663540038214347,True,,0.5291749480305961,401736221,2998928,9,6,1,True,False,matched,17.0,2025-07-03,under,0.06845895024684845,1.9803921568627452,0.9803921568627452,1.0,False,False,False
2447,bb613ee6-0743-402e-8169-cb0b7ce58d61,128,Bridget Carleton,bridgetcarleton,PDX,threes,1.5,-110.0,-120.0,12,12,2025-06-30 22:48:53+00:00,2025-06-30 22:48:53+00:00,2025-06-30 22:48:53+00:00,2025-07-02 00:00:00+00:00,0.0,2025-07-01,2025,CC,MIN,IND,1.0692640692640691,True,,0.4887959885212434,401736430,3906972,8,5,1,True,False,matched,0.0,2025-07-01,under,0.10092738203883661,1.8333333333333335,0.8333333333333335,1.0,False,False,False
2257,3c5d7679-4f35-45bb-a0c6-0c091c99f7a0,54,Satou Sabally,satousabally,NYL,points,17.5,-114.0,-114.0,10,10,2025-07-01 04:57:32+00:00,2025-07-01 04:57:32+00:00,2025-07-01 04:57:32+00:00,2025-07-04 00:00:00+00:00,0.0,2025-07-03,2025,REG,DAL,PHX,1.0654205607476634,True,,0.5000000000000001,401736223,4281929,11,3,0,True,False,matched,20.0,2025-07-03,under,0.11569016817060968,1.8771929824561404,-1.0,1.0,False,False,False
2257,131a8320-c823-437f-a904-71c05f85f9a4,155,Kahleah Copper,kahleahcopper,PHO,threes,1.5,-136.0,102.0,10,10,2025-07-01 04:57:32+00:00,2025-07-01 04:57:32+00:00,2025-07-01 04:57:32+00:00,2025-07-04 00:00:00+00:00,0.0,2025-07-03,2025,REG,DAL,PHX,1.071320691391173,True,,0.5420932924427202,401736223,2998938,11,3,0,True,False,matched,4.0,2025-07-03,under,0.1025216874956727,2.02,-1.0,1.0,False,False,False
2257,217e9bca-db61-4a3b-bf39-c59e482e127c,40,Alyssa Thomas,alyssathomas,PHO,points,13.5,-106.0,-122.0,10,10,2025-07-01 04:57:32+00:00,2025-07-01 04:57:32+00:00,2025-07-01 04:57:32+00:00,2025-07-04 00:00:00+00:00,0.0,2025-07-03,2025,REG,DAL,PHX,1.064112656345666,True,,0.4819416314468661,401736223,2529140,11,3,0,True,False,matched,9.0,2025-07-03,under,0.06557056685444818,1.819672131147541,0.819672131147541,1.0,False,False,False
2257,a0effd0e-284e-4c2c-ba08-4256b7776a58,528,Paige Bueckers,paigebueckers,DAL,points,17.5,-128.0,-102.0,10,10,2025-07-01 04:57:32+00:00,2025-07-01 04:57:32+00:00,2025-07-01 04:57:32+00:00,2025-07-04 00:00:00+00:00,0.0,2025-07-03,2025,REG,DAL,PHX,1.0663540038214347,True,,0.5291749480305961,401736223,4433730,3,11,1,True,False,matched,23.0,2025-07-03,under,0.06175826348701985,1.9803921568627452,-1.0,1.0,False,False,False
2257,5fbd98b8-2df7-4a65-9907-53cf29046ccd,177,Sami Whitcomb,samiwhitcomb,PHO,threes,2.5,122.0,-162.0,10,10,2025-07-01 04:57:32+00:00,2025-07-01 04:57:32+00:00,2025-07-01 04:57:32+00:00,2025-07-04 00:00:00+00:00,0.0,2025-07-03,2025,REG,DAL,PHX,1.0687710611374732,True,,0.41310819110441305,401736223,887,11,3,0,True,False,matched,1.0,2025-07-03,under,0.058519714999304195,1.617283950617284,0.617283950617284,1.0,False,False,False
2447,8def1bbc-a262-4714-9000-da6451d81c22,156,Sophie Cunningham,sophiecunningham,IND,points,8.5,-105.0,-130.0,33,33,2025-07-01 19:57:48+00:00,2025-07-01 19:57:48+00:00,2025-07-01 19:57:48+00:00,2025-07-02 00:00:00+00:00,0.0,2025-07-01,2025,CC,MIN,IND,1.0774125132555674,True,,0.4724269137319091,401736430,3907781,5,8,0,True,False,matched,13.0,2025-07-01,under,0.4199251417078711,1.7692307692307692,-1.0,1.0,False,False,False
2447,b3c74cc4-3405-4698-8f47-5b2ab4edd687,88,Aari McDonald,aarimcdonald,FA,points,10.5,-110.0,-120.0,12,12,2025-07-01 20:19:02+00:00,2025-07-01 20:19:02+00:00,2025-07-01 20:19:02+00:00,2025-07-02 00:00:00+00:00,0.0,2025-07-01,2025,CC,MIN,IND,1.0692640692640691,True,,0.4887959885212434,401736430,4066553,5,8,0,True,False,matched,12.0,2025-07-01,under,0.2212854810153606,1.8333333333333335,-1.0,1.0,False,False,False
2256,32df5a4c-884c-489c-8770-aab2848c8800,66,Erica Wheeler,ericawheeler,LAS,points,11.5,-118.0,-110.0,10,10,2025-07-02 04:00:19+00:00,2025-07-02 04:00:19+00:00,2025-07-02 04:00:19+00:00,2025-07-03 23:30:00+00:00,0.0,2025-07-03,2025,REG,ATL,SEA,1.0650939274792486,True,,0.5090245232268319,401736222,2491214,14,20,0,True,False,matched,21.0,2025-07-03,under,0.2661025095044937,1.9090909090909092,-1.0,1.0,False,False,False
2256,a3ca89e7-ffb1-41bc-89ce-12f99959ceb9,2,Jordin Canada,jordincanada,ATL,points,11.5,-104.0,-122.0,10,10,2025-07-02 04:00:19+00:00,2025-07-02 04:00:19+00:00,2025-07-02 04:00:19+00:00,2025-07-03 23:30:00+00:00,0.0,2025-07-03,2025,REG,ATL,SEA,1.059353471118177,True,,0.47953831927398954,401736222,3142250,20,14,1,True,False,matched,25.0,2025-07-03,under,0.22478630814443107,1.819672131147541,-1.0,1.0,False,False,False
2256,e2465b4e-8793-41f6-9670-a4e406c51bcd,180,Nneka Ogwumike,nnekaogwumike,LAS,points,16.5,-106.0,-122.0,10,10,2025-07-02 04:00:19+00:00,2025-07-02 04:00:19+00:00,2025-07-02 04:00:19+00:00,2025-07-03 23:30:00+00:00,0.0,2025-07-03,2025,REG,ATL,SEA,1.064112656345666,True,,0.4819416314468661,401736222,1068,14,20,0,True,False,matched,24.0,2025-07-03,under,0.14484869940798462,1.819672131147541,-1.0,1.0,False,False,False
2256,6aedf55f-3387-4a53-85d2-30ca835610d9,49,Brionna Jones,brionnajones,ATL,points,13.5,-130.0,100.0,10,10,2025-07-02 04:00:19+00:00,2025-07-02 04:00:19+00:00,2025-07-02 04:00:19+00:00,2025-07-03 23:30:00+00:00,0.0,2025-07-03,2025,REG,ATL,SEA,1.065217391304348,True,,0.5336835053940976,401736222,3058895,20,14,1,True,False,matched,18.0,2025-07-03,under,0.13605652297353737,2.0,-1.0,1.0,False,False,False
2256,f632191a-8fe6-4a56-ae20-16bbe61f8adc,1,Allisha Gray,allishagray,ATL,points,18.5,-110.0,-118.0,10,10,2025-07-02 04:00:19+00:00,2025-07-02 04:00:19+00:00,2025-07-02 04:00:19+00:00,2025-07-03 23:30:00+00:00,0.0,2025-07-03,2025,REG,ATL,SEA,1.0650939274792486,True,,0.4909754767731684,401736222,3058901,20,14,1,True,False,matched,12.0,2025-07-03,under,0.13226448841402327,1.847457627118644,0.847457627118644,1.0,False,False,False
2256,a2cc3879-fe9c-473c-8845-dd8e08f85814,176,Ezi Magbegor,ezimagbegor,SEA,points,6.5,-130.0,100.0,10,10,2025-07-02 04:00:19+00:00,2025-07-02 04:00:19+00:00,2025-07-02 04:00:19+00:00,2025-07-03 23:30:00+00:00,0.0,2025-07-03,2025,REG,ATL,SEA,1.065217391304348,True,,0.5336835053940976,401736222,4420318,14,20,0,True,False,matched,5.0,2025-07-03,under,0.05662610432773946,2.0,1.0,1.0,False,False,False
2256,66f9467c-dcfc-445c-a3cf-1738185ed73d,208,Gabby Williams,gabbywilliams,GSV,points,12.5,-110.0,-118.0,10,10,2025-07-02 04:00:20+00:00,2025-07-02 04:00:20+00:00,2025-07-02 04:00:20+00:00,2025-07-03 23:30:00+00:00,0.0,2025-07-03,2025,REG,ATL,SEA,1.0650939274792486,True,,0.4909754767731684,401736222,3142328,14,20,0,True,False,matched,11.0,2025-07-03,under,0.12505411689979284,1.847457627118644,0.847457627118644,1.0,False,False,False
2256,4aff4bfc-617c-4cfb-bfe3-8267c8a08a99,175,Skylar Diggins,skylardiggins,CHI,points,17.5,-108.0,-120.0,10,10,2025-07-02 04:00:20+00:00,2025-07-02 04:00:20+00:00,2025-07-02 04:00:20+00:00,2025-07-03 23:30:00+00:00,0.0,2025-07-03,2025,REG,ATL,SEA,1.0646853146853146,True,,0.48646030463369283,401736222,2491205,14,20,0,True,False,matched,11.0,2025-07-03,under,0.10277525185114805,1.8333333333333335,0.8333333333333335,1.0,False,False,False
2258,b1576f43-9b53-4cdb-b365-321de12c7068,117,Courtney Williams,courtneywilliams,MIN,points,12.5,-108.0,-120.0,10,10,2025-07-02 04:21:29+00:00,2025-07-02 04:21:29+00:00,2025-07-02 04:21:29+00:00,2025-07-04 00:00:00+00:00,0.0,2025-07-03,2025,REG,MIN,WAS,1.0646853146853146,True,,0.48646030463369283,401736224,2987891,8,16,1,True,False,matched,10.0,2025-07-03,under,0.09883467873594326,1.8333333333333335,0.8333333333333335,1.0,False,False,False
2258,5a9b5dfa-fdf7-415f-87e0-153e1093b6dd,196,Shakira Austin,shakiraaustin,WAS,rebounds,7.5,-138.0,104.0,10,10,2025-07-02 04:21:30+00:00,2025-07-02 04:21:30+00:00,2025-07-02 04:21:30+00:00,2025-07-04 00:00:00+00:00,0.0,2025-07-03,2025,REG,MIN,WAS,1.0700280112044818,True,,0.5464208361470752,401736224,4398911,16,8,0,True,False,matched,5.0,2025-07-03,under,0.16930811427465375,2.04,1.04,1.0,False,False,False
2258,bb4331b7-33fb-483b-8a40-68e276e465bb,573,Sonia Citron,soniacitron,WAS,rebounds,4.5,108.0,-144.0,10,10,2025-07-02 04:21:30+00:00,2025-07-02 04:21:30+00:00,2025-07-02 04:21:30+00:00,2025-07-04 00:00:00+00:00,0.0,2025-07-03,2025,REG,MIN,WAS,1.0709331651954601,True,,0.4433154794603006,401736224,4433524,16,8,0,True,False,matched,4.0,2025-07-03,over,0.14005146099790172,2.08,-1.0,1.0,False,False,False
2258,f1e63732-dd01-4927-a33f-99b9d0b00fd2,112,Napheesa Collier,napheesacollier,MIN,assists,3.5,-125.0,-106.0,10,10,2025-07-02 04:21:30+00:00,2025-07-02 04:21:30+00:00,2025-07-02 04:21:30+00:00,2025-07-04 00:00:00+00:00,0.0,2025-07-03,2025,REG,MIN,WAS,1.070118662351672,True,,0.5212291071384377,401736224,3917450,8,16,1,True,False,matched,4.0,2025-07-03,under,0.112149733943889,1.9433962264150944,-1.0,1.0,False,False,False
2258,f15b29ab-1c9a-4fef-a49e-1bf3cf40a3b7,125,Kayla McBride,kaylamcbride,MIN,points,14.5,-114.0,-114.0,10,10,2025-07-02 04:21:30+00:00,2025-07-02 04:21:30+00:00,2025-07-02 04:21:30+00:00,2025-07-04 00:00:00+00:00,0.0,2025-07-03,2025,REG,MIN,WAS,1.0654205607476634,True,,0.5000000000000001,401736224,2529205,8,16,1,True,False,matched,10.0,2025-07-03,under,0.10675546726999668,1.8771929824561404,0.8771929824561404,1.0,False,False,False
2258,ccc3edf5-e3b3-4b51-a7d0-05d9314aab92,572,Kiki Iriafen,kikiiriafen,WAS,points,11.5,-114.0,-114.0,10,10,2025-07-02 04:21:30+00:00,2025-07-02 04:21:30+00:00,2025-07-02 04:21:30+00:00,2025-07-04 00:00:00+00:00,0.0,2025-07-03,2025,REG,MIN,WAS,1.0654205607476634,True,,0.5000000000000001,401736224,4898384,16,8,0,True,False,matched,2.0,2025-07-03,under,0.09592485382712307,1.8771929824561404,0.8771929824561404,1.0,False,False,False
2258,2aab62c7-97fd-4446-b499-e02eeab6f1fa,121,Alanna Smith,alannasmith,DAL,rebounds,5.5,122.0,-162.0,10,10,2025-07-02 04:21:30+00:00,2025-07-02 04:21:30+00:00,2025-07-02 04:21:30+00:00,2025-07-04 00:00:00+00:00,0.0,2025-07-03,2025,REG,MIN,WAS,1.0687710611374732,True,,0.41310819110441305,401736224,3913881,8,16,1,True,False,matched,4.0,2025-07-03,over,0.08985443420515438,2.2199999999999998,-1.0,1.0,False,False,False
2258,2c9ee3fb-531a-42c8-82d7-dc422dccddb9,182,Brittney Sykes,brittneysykes,TOR,rebounds,3.5,116.0,-154.0,10,10,2025-07-02 04:21:30+00:00,2025-07-02 04:21:30+00:00,2025-07-02 04:21:30+00:00,2025-07-04 00:00:00+00:00,0.0,2025-07-03,2025,REG,MIN,WAS,1.0692621755613883,True,,0.425792012343204,401736224,2988756,16,8,0,True,False,matched,2.0,2025-07-03,over,0.07775349541681198,2.16,-1.0,1.0,False,False,False
2254,2680a14b-1bd3-4651-912c-54b782613572,56,Natasha Howard,natashahoward,MIN,points,12.5,-118.0,-110.0,10,10,2025-07-02 04:28:28+00:00,2025-07-02 04:28:28+00:00,2025-07-02 04:28:28+00:00,2025-07-03 23:00:00+00:00,0.0,2025-07-03,2025,REG,IND,LVA,1.0650939274792486,True,,0.5090245232268319,401736220,2529130,5,17,1,True,False,matched,11.0,2025-07-03,under,0.19541357497376577,1.9090909090909092,0.9090909090909092,1.0,False,False,False
2254,d37fabae-28b4-4a35-acff-ef41b1fda19f,88,Aari McDonald,aarimcdonald,FA,points,11.5,100.0,-130.0,10,10,2025-07-02 04:28:28+00:00,2025-07-02 04:28:28+00:00,2025-07-02 04:28:28+00:00,2025-07-03 23:00:00+00:00,0.0,2025-07-03,2025,REG,IND,LVA,1.065217391304348,True,,0.4663164946059025,401736220,4066553,5,17,1,True,False,matched,8.0,2025-07-03,under,0.17619455857850103,1.7692307692307692,0.7692307692307692,1.0,False,False,False
2254,f55a25e4-770c-4cfe-b738-03174dedab35,103,A'ja Wilson,ajawilson,LVA,points,22.5,-115.0,-113.0,10,10,2025-07-02 04:28:28+00:00,2025-07-02 04:28:28+00:00,2025-07-02 04:28:28+00:00,2025-07-03 23:00:00+00:00,0.0,2025-07-03,2025,REG,IND,LVA,1.0654001528551151,True,,0.5022557674006809,401736220,3149391,17,5,0,True,False,matched,29.0,2025-07-03,under,0.09258829270190655,1.8849557522123894,-1.0,1.0,False,False,False
2257,7432300a-bf91-4225-a66b-8192fa12efa4,95,Li Yueru,liyueru,DAL,points,8.5,-102.0,-128.0,10,10,2025-07-02 23:07:07+00:00,2025-07-02 23:07:07+00:00,2025-07-02 23:07:07+00:00,2025-07-04 00:00:00+00:00,0.0,2025-07-03,2025,REG,DAL,PHX,1.0663540038214347,True,,0.47082505196940394,401736223,4336633,3,11,1,True,False,matched,12.0,2025-07-03,under,0.3419131435397248,1.78125,-1.0,1.0,False,False,False
2254,ebafac10-bc35-4d2f-bd27-1c2c171f95a4,76,Lexie Hull,lexiehull,IND,rebounds,3.5,-195.0,135.0,49,49,2025-07-03 19:29:53+00:00,2025-07-03 19:29:53+00:00,2025-07-03 19:29:53+00:00,2025-07-03 23:00:00+00:00,0.0,2025-07-03,2025,REG,IND,LVA,1.0865488640461594,True,,0.6231940595562159,401736220,4398829,5,17,1,True,False,matched,6.0,2025-07-03,under,0.16368095797084659,2.35,-1.0,1.0,False,False,False
2254,cdeb631c-f951-4ebf-a8cb-f7a8c235466c,156,Sophie Cunningham,sophiecunningham,IND,points,9.5,190.0,-260.0,49,49,2025-07-03 19:29:53+00:00,2025-07-03 19:29:53+00:00,2025-07-03 19:29:53+00:00,2025-07-03 23:00:00+00:00,0.0,2025-07-03,2025,REG,IND,LVA,1.0670498084291187,True,,0.30462784286102923,401736220,3907781,5,17,1,True,False,matched,2.0,2025-07-03,under,0.058941210925349735,1.3846153846153846,0.3846153846153846,1.0,False,False,False
2260,45dde412-dc2e-43c0-8777-baf0d6c32319,112,Napheesa Collier,napheesacollier,MIN,points,20.5,-128.0,-102.0,10,10,2025-07-04 03:42:53+00:00,2025-07-04 03:42:53+00:00,2025-07-04 03:42:53+00:00,2025-07-06 00:00:00+00:00,0.0,2025-07-05,2025,REG,MIN,GSV,1.0663540038214347,True,,0.5291749480305961,401736226,3917450,8,129689,1,True,False,matched,22.0,2025-07-05,under,0.1454034674540266,1.9803921568627452,-1.0,1.0,False,False,False
2260,2644e9be-32ec-48bc-beb4-a0a7c93a1fa8,125,Kayla McBride,kaylamcbride,MIN,points,13.5,-130.0,100.0,10,10,2025-07-04 03:42:53+00:00,2025-07-04 03:42:53+00:00,2025-07-04 03:42:53+00:00,2025-07-06 00:00:00+00:00,0.0,2025-07-05,2025,REG,MIN,GSV,1.065217391304348,True,,0.5336835053940976,401736226,2529205,8,129689,1,True,False,matched,12.0,2025-07-05,under,0.13073343850982938,2.0,1.0,1.0,False,False,False
2260,545bfb02-538d-4660-a22f-6c954a660343,55,Veronica Burton,veronicaburton,GSV,assists,4.5,-122.0,-108.0,10,10,2025-07-04 03:50:00+00:00,2025-07-04 03:50:00+00:00,2025-07-04 03:50:00+00:00,2025-07-06 00:00:00+00:00,0.0,2025-07-05,2025,REG,MIN,GSV,1.0687803187803186,True,,0.5156895960912058,401736226,4398935,129689,8,0,True,False,matched,4.0,2025-07-05,under,0.18877180569723734,1.925925925925926,0.925925925925926,1.0,False,False,False
2260,23c28600-b2e0-43f8-a41c-0bbd1eaf94d8,121,Alanna Smith,alannasmith,DAL,rebounds,5.5,110.0,-146.0,10,10,2025-07-04 03:50:00+00:00,2025-07-04 03:50:00+00:00,2025-07-04 03:50:00+00:00,2025-07-06 00:00:00+00:00,0.0,2025-07-05,2025,REG,MIN,GSV,1.0696864111498257,True,,0.4392579960949788,401736226,3913881,8,129689,1,True,False,matched,5.0,2025-07-05,over,0.08926691307531281,2.1,-1.0,1.0,False,False,False
2260,608ca958-050d-4d2a-a861-455d1a94212e,221,Tiffany Hayes,tiffanyhayes,GSV,points,11.5,-102.0,-128.0,10,10,2025-07-04 03:50:01+00:00,2025-07-04 03:50:01+00:00,2025-07-04 03:50:01+00:00,2025-07-06 00:00:00+00:00,0.0,2025-07-05,2025,REG,MIN,GSV,1.0663540038214347,True,,0.47082505196940394,401736226,1054,129689,8,0,True,False,matched,23.0,2025-07-05,under,0.06853512563118386,1.78125,-1.0,1.0,False,False,False
2260,2cc72686-c320-4c33-8d84-ef0148247522,139,Kayla Thornton,kaylathornton,GSV,rebounds,6.5,-114.0,-114.0,10,10,2025-07-04 03:53:36+00:00,2025-07-04 03:53:36+00:00,2025-07-04 03:53:36+00:00,2025-07-06 00:00:00+00:00,0.0,2025-07-05,2025,REG,MIN,GSV,1.0654205607476634,True,,0.5000000000000001,401736226,2529622,129689,8,0,True,False,matched,10.0,2025-07-05,under,0.4224620052181405,1.8771929824561404,-1.0,1.0,False,False,False
2259,9af83bef-d734-4cca-ba6b-3d499b4441fd,89,Dearica Hamby,dearicahamby,LAS,assists,3.5,132.0,-178.0,10,10,2025-07-04 05:53:06+00:00,2025-07-04 05:53:06+00:00,2025-07-04 05:53:06+00:00,2025-07-05 23:00:00+00:00,0.0,2025-07-05,2025,REG,IND,LAS,1.0713222525427932,True,,0.39151484883498083,401736225,2566106,6,5,0,True,False,matched,4.0,2025-07-05,over,0.2187327153908808,2.3200000000000003,1.3200000000000003,1.0,False,False,False
2259,96f9ac6a-fc4b-4ddf-8b9f-c34a70172f3b,76,Lexie Hull,lexiehull,IND,points,7.5,-106.0,-122.0,10,10,2025-07-04 05:53:06+00:00,2025-07-04 05:53:06+00:00,2025-07-04 05:53:06+00:00,2025-07-05 23:00:00+00:00,0.0,2025-07-05,2025,REG,IND,LAS,1.064112656345666,True,,0.4819416314468661,401736225,4398829,5,6,1,True,False,matched,5.0,2025-07-05,under,0.1793150082408928,1.819672131147541,0.819672131147541,1.0,False,False,False
2259,7e6b8af8-a317-4211-b4c8-f9ae026e132c,101,Kelsey Plum,kelseyplum,LAS,points,19.5,-114.0,-114.0,10,10,2025-07-04 05:53:06+00:00,2025-07-04 05:53:06+00:00,2025-07-04 05:53:06+00:00,2025-07-05 23:00:00+00:00,0.0,2025-07-05,2025,REG,IND,LAS,1.0654205607476634,True,,0.5000000000000001,401736225,3065570,6,5,0,True,False,matched,20.0,2025-07-05,under,0.14983767887707933,1.8771929824561404,-1.0,1.0,False,False,False
2259,3cd06815-9654-43c0-89d2-ebe6523d2fc2,56,Natasha Howard,natashahoward,MIN,points,13.5,-120.0,-110.0,10,10,2025-07-04 05:53:06+00:00,2025-07-04 05:53:06+00:00,2025-07-04 05:53:06+00:00,2025-07-05 23:00:00+00:00,0.0,2025-07-05,2025,REG,IND,LAS,1.0692640692640691,True,,0.5112040114787568,401736225,2529130,5,6,1,True,False,matched,21.0,2025-07-05,under,0.14362377075110988,1.9090909090909092,-1.0,1.0,False,False,False
2259,4a2888ab-5af7-46b9-a3ac-36ae8ea45ba5,82,Azura Stevens,azurastevens,CHI,points,12.5,-125.0,-104.0,10,10,2025-07-04 05:53:06+00:00,2025-07-04 05:53:06+00:00,2025-07-04 05:53:06+00:00,2025-07-05 23:00:00+00:00,0.0,2025-07-05,2025,REG,IND,LAS,1.065359477124183,True,,0.5236312520088393,401736225,3142010,6,5,0,True,False,matched,21.0,2025-07-05,under,0.09765881058369497,1.9615384615384617,-1.0,1.0,False,False,False
2259,7e72e6c1-e1a4-48c0-9f50-e4001e2955d1,70,Kelsey Mitchell,kelseymitchell,IND,points,20.5,100.0,-130.0,10,10,2025-07-04 05:53:06+00:00,2025-07-04 05:53:06+00:00,2025-07-04 05:53:06+00:00,2025-07-05 23:00:00+00:00,0.0,2025-07-05,2025,REG,IND,LAS,1.065217391304348,True,,0.4663164946059025,401736225,3142191,5,6,1,True,False,matched,19.0,2025-07-05,under,0.05665983689354903,1.7692307692307692,0.7692307692307692,1.0,False,False,False
2261,c4811cdc-bb06-4fa5-93f4-58fbac8ed9f1,175,Skylar Diggins,skylardiggins,CHI,points,16.5,-125.0,-104.0,10,10,2025-07-04 15:51:08+00:00,2025-07-04 15:51:08+00:00,2025-07-04 15:51:08+00:00,2025-07-06 17:00:00+00:00,0.0,2025-07-06,2025,REG,NYL,SEA,1.065359477124183,True,,0.5236312520088393,401736228,2491205,14,9,0,True,False,matched,13.0,2025-07-06,under,0.1376604583927073,1.9615384615384617,0.9615384615384617,1.0,False,False,False
2261,a820d398-4ea0-45ca-bb74-78d6ab5bac8f,163,Natasha Cloud,natashacloud,CHI,rebounds,3.5,-162.0,122.0,10,10,2025-07-04 15:51:08+00:00,2025-07-04 15:51:08+00:00,2025-07-04 15:51:08+00:00,2025-07-06 17:00:00+00:00,0.0,2025-07-06,2025,REG,NYL,SEA,1.0687710611374732,True,,0.5868918088955871,401736228,2529137,9,14,1,True,False,matched,3.0,2025-07-06,under,0.13526662117369925,2.2199999999999998,1.2199999999999998,1.0,False,False,False
2261,d8a341ec-5305-46ae-84dc-243190cf76f8,180,Nneka Ogwumike,nnekaogwumike,LAS,points,17.5,100.0,-130.0,10,10,2025-07-04 15:51:08+00:00,2025-07-04 15:51:08+00:00,2025-07-04 15:51:08+00:00,2025-07-06 17:00:00+00:00,0.0,2025-07-06,2025,REG,NYL,SEA,1.065217391304348,True,,0.4663164946059025,401736228,1068,14,9,0,True,False,matched,15.0,2025-07-06,under,0.11531273901876915,1.7692307692307692,0.7692307692307692,1.0,False,False,False
2261,e7fcb477-43f8-4663-a486-8f8aa2120157,176,Ezi Magbegor,ezimagbegor,SEA,rebounds,6.5,-114.0,-114.0,10,10,2025-07-04 15:51:08+00:00,2025-07-04 15:51:08+00:00,2025-07-04 15:51:08+00:00,2025-07-06 17:00:00+00:00,0.0,2025-07-06,2025,REG,NYL,SEA,1.0654205607476634,True,,0.5000000000000001,401736228,4420318,14,9,0,True,False,matched,5.0,2025-07-06,under,0.1009510794091863,1.8771929824561404,0.8771929824561404,1.0,False,False,False
2261,913a2720-bc1f-4533-aa0d-5d3822abe515,132,Sabrina Ionescu,sabrinaionescu,NYL,threes,2.5,-128.0,-104.0,10,10,2025-07-04 15:51:08+00:00,2025-07-04 15:51:08+00:00,2025-07-04 15:51:08+00:00,2025-07-06 17:00:00+00:00,0.0,2025-07-06,2025,REG,NYL,SEA,1.0712074303405572,True,,0.5267388899028808,401736228,4066533,9,14,1,True,False,matched,5.0,2025-07-06,under,0.10017231541368415,1.9615384615384617,-1.0,1.0,False,False,False
2261,89ed8129-ceec-4049-b45c-9127372a52a4,66,Erica Wheeler,ericawheeler,LAS,points,11.5,-114.0,-114.0,10,10,2025-07-04 15:51:08+00:00,2025-07-04 15:51:08+00:00,2025-07-04 15:51:08+00:00,2025-07-06 17:00:00+00:00,0.0,2025-07-06,2025,REG,NYL,SEA,1.0654205607476634,True,,0.5000000000000001,401736228,2491214,14,9,0,True,False,matched,5.0,2025-07-06,under,0.07834090785918918,1.8771929824561404,0.8771929824561404,1.0,False,False,False
2261,517acea5-ba79-46b9-8879-554ea7c66016,137,Breanna Stewart,breannastewart,NYL,points,20.5,-114.0,-114.0,10,10,2025-07-04 15:51:08+00:00,2025-07-04 15:51:08+00:00,2025-07-04 15:51:08+00:00,2025-07-06 17:00:00+00:00,0.0,2025-07-06,2025,REG,NYL,SEA,1.0654205607476634,True,,0.5000000000000001,401736228,2998928,9,14,1,True,False,matched,8.0,2025-07-06,under,0.06805525352114145,1.8771929824561404,0.8771929824561404,1.0,False,False,False
2262,5d78a544-71ba-4e67-97f2-db232cdd24c6,107,Chelsea Gray,chelseagray,LVA,rebounds,4.5,124.0,-166.0,10,10,2025-07-04 16:04:06+00:00,2025-07-04 16:04:06+00:00,2025-07-04 16:04:06+00:00,2025-07-06 20:00:00+00:00,0.0,2025-07-06,2025,REG,CON,LVA,1.0704887218045114,True,,0.40796342297849103,401736227,2529122,17,18,0,True,False,matched,2.0,2025-07-06,under,0.1130374999040023,1.6024096385542168,0.6024096385542168,1.0,False,False,False
2262,df32fce4-3913-4f10-b49f-03e7783d8154,43,Olivia Nelson-Ododa,olivianelsonododa,CON,rebounds,6.5,110.0,-146.0,10,10,2025-07-04 16:04:06+00:00,2025-07-04 16:04:06+00:00,2025-07-04 16:04:06+00:00,2025-07-06 20:00:00+00:00,0.0,2025-07-06,2025,REG,CON,LVA,1.0696864111498257,True,,0.4392579960949788,401736227,4398966,18,17,1,True,False,matched,7.0,2025-07-06,under,0.09528462298640333,1.6849315068493151,-1.0,1.0,False,False,False
2262,55929cc1-3e63-4489-9390-5e33b1a7c114,166,Jewell Loyd,jewellloyd,LVA,rebounds,3.5,-162.0,122.0,10,10,2025-07-04 16:04:06+00:00,2025-07-04 16:04:06+00:00,2025-07-04 16:04:06+00:00,2025-07-06 20:00:00+00:00,0.0,2025-07-06,2025,REG,CON,LVA,1.0687710611374732,True,,0.5868918088955871,401736227,2987869,17,18,0,True,False,matched,6.0,2025-07-06,under,0.09402536297772479,2.2199999999999998,-1.0,1.0,False,False,False
2262,3183e8c2-c293-4a4e-a935-ed250a4ed911,102,Jackie Young,jackieyoung,LVA,points,15.5,-120.0,-108.0,10,10,2025-07-04 16:04:07+00:00,2025-07-04 16:04:07+00:00,2025-07-04 16:04:07+00:00,2025-07-06 20:00:00+00:00,0.0,2025-07-06,2025,REG,CON,LVA,1.0646853146853146,True,,0.5135396953663074,401736227,4065870,17,18,0,True,False,matched,14.0,2025-07-06,under,0.1431438347552748,1.925925925925926,0.925925925925926,1.0,False,False,False
2262,3b9a778b-6934-42bf-baf2-03f3dc83b9aa,9,Tina Charles,tinacharles,FA,points,14.5,102.0,-132.0,10,10,2025-07-04 16:04:07+00:00,2025-07-04 16:04:07+00:00,2025-07-04 16:04:07+00:00,2025-07-06 20:00:00+00:00,0.0,2025-07-06,2025,REG,CON,LVA,1.0640150221918745,True,,0.4618487426836327,401736227,918,18,17,1,True,False,matched,11.0,2025-07-06,under,0.1262887139127053,1.7575757575757576,0.7575757575757576,1.0,False,False,False
2262,9d509e07-b535-42a3-8f8d-c82e52954181,103,A'ja Wilson,ajawilson,LVA,points,23.5,-108.0,-120.0,10,10,2025-07-04 16:04:07+00:00,2025-07-04 16:04:07+00:00,2025-07-04 16:04:07+00:00,2025-07-06 20:00:00+00:00,0.0,2025-07-06,2025,REG,CON,LVA,1.0646853146853146,True,,0.48646030463369283,401736227,3149391,17,18,0,True,False,matched,19.0,2025-07-06,under,0.10306069089993403,1.8333333333333335,0.8333333333333335,1.0,False,False,False
2263,53e980a5-a14b-433d-a239-39123d5702e1,26,Angel Reese,angelreese,ATL,points,14.5,-120.0,-108.0,10,10,2025-07-04 16:50:19+00:00,2025-07-04 16:50:19+00:00,2025-07-04 16:50:19+00:00,2025-07-06 23:00:00+00:00,0.0,2025-07-06,2025,REG,MIN,CHI,1.0646853146853146,True,,0.5135396953663074,401736229,4433402,19,8,0,True,False,matched,16.0,2025-07-06,under,0.19168609419107868,1.925925925925926,-1.0,1.0,False,False,False
2263,b12e12b2-22c7-4108-870f-c612a14290f3,185,Ariel Atkins,arielatkins,LAS,points,15.5,-104.0,-125.0,10,10,2025-07-04 16:50:19+00:00,2025-07-04 16:50:19+00:00,2025-07-04 16:50:19+00:00,2025-07-06 23:00:00+00:00,0.0,2025-07-06,2025,REG,MIN,CHI,1.065359477124183,True,,0.4763687479911608,401736229,3146151,19,8,0,True,False,matched,11.0,2025-07-06,under,0.09942566240893558,1.8,0.8,1.0,False,False,False
2261,8a7d22cd-3956-45a4-8620-769d8b65a64b,130,Kennedy Burke,kennedyburke,CON,points,9.5,-118.0,-110.0,10,10,2025-07-05 01:46:08+00:00,2025-07-05 01:46:08+00:00,2025-07-05 01:46:08+00:00,2025-07-06 17:00:00+00:00,0.0,2025-07-06,2025,REG,NYL,SEA,1.0650939274792486,True,,0.5090245232268319,401736228,3922628,9,14,1,True,False,matched,4.0,2025-07-06,under,0.23927495312328168,1.9090909090909092,0.9090909090909092,1.0,False,False,False
2263,7a51cde3-963b-4ca3-a0e0-11f2f576dc10,112,Napheesa Collier,napheesacollier,MIN,assists,3.5,134.0,-180.0,10,10,2025-07-06 03:13:58+00:00,2025-07-06 03:13:58+00:00,2025-07-06 03:13:58+00:00,2025-07-06 23:00:00+00:00,0.0,2025-07-06,2025,REG,MIN,CHI,1.0702075702075702,True,,0.38834080463047865,401736229,3917450,8,19,1,True,False,matched,0.0,2025-07-06,over,0.12382113090043523,2.34,-1.0,1.0,False,False,False
2263,440c1f48-9166-4ce7-b045-0feba0aba0cf,117,Courtney Williams,courtneywilliams,MIN,threes,1.5,138.0,-186.0,10,10,2025-07-06 03:13:58+00:00,2025-07-06 03:13:58+00:00,2025-07-06 03:13:58+00:00,2025-07-06 23:00:00+00:00,0.0,2025-07-06,2025,REG,MIN,CHI,1.070517717576541,True,,0.3807086475713989,401736229,2987891,8,19,1,True,False,matched,2.0,2025-07-06,under,0.09449462149290205,1.5376344086021505,-1.0,1.0,False,False,False
2263,932939c0-0e06-464c-a563-4263c57ed1cb,125,Kayla McBride,kaylamcbride,MIN,threes,2.5,-104.0,-128.0,10,10,2025-07-06 03:13:58+00:00,2025-07-06 03:13:58+00:00,2025-07-06 03:13:58+00:00,2025-07-06 23:00:00+00:00,0.0,2025-07-06,2025,REG,MIN,CHI,1.0712074303405572,True,,0.4732611100971195,401736229,2529205,8,19,1,True,False,matched,1.0,2025-07-06,under,0.07788657268684523,1.78125,0.78125,1.0,False,False,False
2262,46d0793c-3bbb-49f8-aa0d-3242b865bf92,52,Jacy Sheldon,jacysheldon,CHI,points,9.5,150.0,-200.0,49,49,2025-07-06 09:56:13+00:00,2025-07-06 09:56:13+00:00,2025-07-06 09:56:13+00:00,2025-07-06 20:00:00+00:00,0.0,2025-07-06,2025,REG,CON,LVA,1.0666666666666667,True,,0.3620786141911938,401736227,4432865,18,17,1,True,False,matched,8.0,2025-07-06,under,0.08243406836162381,1.5,0.5,1.0,False,False,False
2265,45c1ba8c-4fdf-4432-a8dc-22e7774b0f64,95,Li Yueru,liyueru,DAL,points,8.5,-110.0,-118.0,10,10,2025-07-06 15:49:03+00:00,2025-07-06 15:49:03+00:00,2025-07-06 15:49:03+00:00,2025-07-08 02:00:00+00:00,0.0,2025-07-07,2025,REG,PHX,DAL,1.0650939274792486,True,,0.4909754767731684,401736231,4336633,3,11,0,True,False,matched,2.0,2025-07-07,under,0.2741027064388203,1.847457627118644,0.847457627118644,1.0,False,False,False
2265,efe6a4ec-defd-493d-ac84-3ea79529dee7,528,Paige Bueckers,paigebueckers,DAL,points,19.5,-110.0,-118.0,10,10,2025-07-06 15:49:03+00:00,2025-07-06 15:49:03+00:00,2025-07-06 15:49:03+00:00,2025-07-08 02:00:00+00:00,0.0,2025-07-07,2025,REG,PHX,DAL,1.0650939274792486,True,,0.4909754767731684,401736231,4433730,3,11,0,True,False,matched,11.0,2025-07-07,under,0.13362249186107583,1.847457627118644,0.847457627118644,1.0,False,False,False
2265,780189bc-4921-437d-8b70-b137ed2a11e5,40,Alyssa Thomas,alyssathomas,PHO,points,12.5,-128.0,-102.0,10,10,2025-07-06 15:52:50+00:00,2025-07-06 15:52:50+00:00,2025-07-06 15:52:50+00:00,2025-07-08 02:00:00+00:00,0.0,2025-07-07,2025,REG,PHX,DAL,1.0663540038214347,True,,0.5291749480305961,401736231,2529140,11,3,1,True,False,matched,15.0,2025-07-07,under,0.05295731610283849,1.9803921568627452,-1.0,1.0,False,False,False
2265,a54e3cf6-f9c9-4c2e-b760-139fca087811,155,Kahleah Copper,kahleahcopper,PHO,threes,1.5,-200.0,148.0,10,10,2025-07-06 15:52:51+00:00,2025-07-06 15:52:51+00:00,2025-07-06 15:52:51+00:00,2025-07-08 02:00:00+00:00,0.0,2025-07-07,2025,REG,PHX,DAL,1.0698924731182795,True,,0.6365014949541484,401736231,2998938,11,3,1,True,True,did_not_play,,2025-07-07,under,0.2843058180608359,2.48,0.0,0.0,False,True,False
2265,06cd4ca1-afe6-43f5-8ccc-ab147d1b007a,177,Sami Whitcomb,samiwhitcomb,PHO,points,9.5,-113.0,-115.0,10,10,2025-07-06 15:52:51+00:00,2025-07-06 15:52:51+00:00,2025-07-06 15:52:51+00:00,2025-07-08 02:00:00+00:00,0.0,2025-07-07,2025,REG,PHX,DAL,1.0654001528551151,True,,0.49774423259931944,401736231,887,11,3,1,True,False,matched,36.0,2025-07-07,under,0.10864806764618057,1.8695652173913042,-1.0,1.0,False,False,False
2265,e55f664e-6ae3-40ba-aa9a-061c46e8d4fd,54,Satou Sabally,satousabally,NYL,rebounds,6.5,-152.0,114.0,10,10,2025-07-06 15:52:51+00:00,2025-07-06 15:52:51+00:00,2025-07-06 15:52:51+00:00,2025-07-08 02:00:00+00:00,0.0,2025-07-07,2025,REG,PHX,DAL,1.0704643228007713,True,,0.5703965275254933,401736231,4281929,11,3,1,True,True,did_not_play,,2025-07-07,under,0.10353861786403673,2.1399999999999997,0.0,0.0,False,True,False
2264,0952a74a-787a-4e2a-a984-a1934b101491,221,Tiffany Hayes,tiffanyhayes,GSV,points,15.5,-128.0,-102.0,10,10,2025-07-06 16:17:33+00:00,2025-07-06 16:17:33+00:00,2025-07-06 16:17:33+00:00,2025-07-07 23:30:00+00:00,0.0,2025-07-07,2025,REG,ATL,GSV,1.0663540038214347,True,,0.5291749480305961,401736230,1054,129689,20,0,True,False,matched,12.0,2025-07-07,under,0.36487185300100317,1.9803921568627452,0.9803921568627452,1.0,False,False,False
2264,7d53ccb9-da54-4a7f-bc23-bd55501f5465,139,Kayla Thornton,kaylathornton,GSV,rebounds,6.5,-118.0,-112.0,10,10,2025-07-06 16:17:33+00:00,2025-07-06 16:17:33+00:00,2025-07-06 16:17:33+00:00,2025-07-07 23:30:00+00:00,0.0,2025-07-07,2025,REG,ATL,GSV,1.0695862904621776,True,,0.5067212711754592,401736230,2529622,129689,20,0,True,False,matched,6.0,2025-07-07,under,0.22894234043564288,1.8928571428571428,0.8928571428571428,1.0,False,False,False
2264,05baaebc-ea59-4dda-83a2-51d9f5b64dff,1,Allisha Gray,allishagray,ATL,assists,3.5,-162.0,122.0,10,10,2025-07-06 16:25:05+00:00,2025-07-06 16:25:05+00:00,2025-07-06 16:25:05+00:00,2025-07-07 23:30:00+00:00,0.0,2025-07-07,2025,REG,ATL,GSV,1.0687710611374732,True,,0.5868918088955871,401736230,3058901,20,129689,1,True,False,matched,4.0,2025-07-07,under,0.1536216903255967,2.2199999999999998,-1.0,1.0,False,False,False
2264,681585af-a41f-4fe1-ad72-86c502853291,49,Brionna Jones,brionnajones,ATL,points,14.5,-104.0,-125.0,10,10,2025-07-06 16:25:05+00:00,2025-07-06 16:25:05+00:00,2025-07-06 16:25:05+00:00,2025-07-07 23:30:00+00:00,0.0,2025-07-07,2025,REG,ATL,GSV,1.065359477124183,True,,0.4763687479911608,401736230,3058895,20,129689,1,True,False,matched,14.0,2025-07-07,under,0.08486810050971927,1.8,0.8,1.0,False,False,False
2264,b26d60f3-28d6-4045-81f2-f40a12b4ee0c,15,Rhyne Howard,rhynehoward,ATL,points,16.5,-115.0,-115.0,12,12,2025-07-06 21:22:15+00:00,2025-07-06 21:22:15+00:00,2025-07-06 21:22:15+00:00,2025-07-07 23:30:00+00:00,0.0,2025-07-07,2025,REG,ATL,GSV,1.0697674418604652,True,,0.5,401736230,4398674,20,129689,1,True,False,matched,15.0,2025-07-07,under,0.1564395967109914,1.8695652173913042,0.8695652173913042,1.0,False,False,False
2263,bb5a07f5-3f07-47f5-9792-5e89a6ffb9bc,116,Jessica Shepard,jessicashepard,DAL,rebounds,7.5,-104.0,-128.0,10,10,2025-07-06 22:17:42+00:00,2025-07-06 22:17:42+00:00,2025-07-06 22:17:42+00:00,2025-07-06 23:00:00+00:00,0.0,2025-07-06,2025,REG,MIN,CHI,1.0712074303405572,True,,0.4732611100971195,401736229,3906949,8,19,1,True,False,matched,3.0,2025-07-06,under,0.2715120102414061,1.78125,0.78125,1.0,False,False,False
2264,9bdb42b9-0d97-4a6a-a300-f1b24a405ebc,148,Brittney Griner,brittneygriner,CON,rebounds,5.5,-132.0,100.0,10,10,2025-07-07 02:10:36+00:00,2025-07-07 02:10:36+00:00,2025-07-07 02:10:36+00:00,2025-07-07 23:30:00+00:00,0.0,2025-07-07,2025,REG,ATL,GSV,1.0689655172413794,True,,0.5356937238338165,401736230,2490553,20,129689,1,True,False,matched,5.0,2025-07-07,under,0.20993291389013158,2.0,1.0,1.0,False,False,False
2264,691f2b61-2ba5-4939-8b28-6b698f70534c,72,Temi Fagbenle,temifagbenle,TOR,rebounds,5.5,-158.0,118.0,10,10,2025-07-07 02:17:31+00:00,2025-07-07 02:17:31+00:00,2025-07-07 02:17:31+00:00,2025-07-07 23:30:00+00:00,0.0,2025-07-07,2025,REG,ATL,GSV,1.0711186971054691,True,,0.5796527091990534,401736230,2569044,129689,20,0,True,False,matched,4.0,2025-07-07,under,0.2628429066008747,2.1799999999999997,1.1799999999999997,1.0,False,False,False
2264,65c12d8d-e080-4f6d-bd75-9de3c2589d54,55,Veronica Burton,veronicaburton,GSV,assists,4.5,-125.0,-106.0,10,10,2025-07-07 02:21:00+00:00,2025-07-07 02:21:00+00:00,2025-07-07 02:21:00+00:00,2025-07-07 23:30:00+00:00,0.0,2025-07-07,2025,REG,ATL,GSV,1.070118662351672,True,,0.5212291071384377,401736230,4398935,129689,20,0,True,False,matched,7.0,2025-07-07,under,0.11012776502411947,1.9433962264150944,-1.0,1.0,False,False,False
2265,55c299eb-fa1d-45c9-b2c8-b47d375c093f,526,Aziaha James,aziahajames,DAL,points,13.5,-120.0,-108.0,10,10,2025-07-07 03:20:07+00:00,2025-07-07 03:20:07+00:00,2025-07-07 03:20:07+00:00,2025-07-08 02:00:00+00:00,0.0,2025-07-07,2025,REG,PHX,DAL,1.0646853146853146,True,,0.5135396953663074,401736231,4433807,3,11,0,True,False,matched,15.0,2025-07-07,under,0.2634417912778455,1.925925925925926,-1.0,1.0,False,False,False
2267,473db9ab-8788-485a-b325-66a94cdec32f,163,Natasha Cloud,natashacloud,CHI,assists,6.5,-112.0,-118.0,10,10,2025-07-07 05:46:15+00:00,2025-07-07 05:46:15+00:00,2025-07-07 05:46:15+00:00,2025-07-09 00:00:00+00:00,0.0,2025-07-08,2025,REG,NYL,LVA,1.0695862904621776,True,,0.49327872882454105,401736233,2529137,9,17,1,True,True,did_not_play,,2025-07-08,under,0.14912638205477324,1.847457627118644,0.0,0.0,False,True,False
2267,47966291-e6de-4572-acee-46d19dffe66c,107,Chelsea Gray,chelseagray,LVA,threes,1.5,-106.0,-125.0,10,10,2025-07-07 05:46:15+00:00,2025-07-07 05:46:15+00:00,2025-07-07 05:46:15+00:00,2025-07-09 00:00:00+00:00,0.0,2025-07-08,2025,REG,NYL,LVA,1.070118662351672,True,,0.4787708928615623,401736233,2529122,17,9,0,True,False,matched,2.0,2025-07-08,under,0.11123849366354965,1.8,-1.0,1.0,False,False,False
2267,3b3a3b3c-e0d3-4225-b639-b08417a430e6,102,Jackie Young,jackieyoung,LVA,rebounds,4.5,-106.0,-125.0,10,10,2025-07-07 05:46:16+00:00,2025-07-07 05:46:16+00:00,2025-07-07 05:46:16+00:00,2025-07-09 00:00:00+00:00,0.0,2025-07-08,2025,REG,NYL,LVA,1.070118662351672,True,,0.4787708928615623,401736233,4065870,17,9,0,True,False,matched,7.0,2025-07-08,under,0.24103383154342212,1.8,-1.0,1.0,False,False,False
2267,5cfab8d8-dd63-4acf-8326-9a643a090d50,103,A'ja Wilson,ajawilson,LVA,rebounds,10.5,100.0,-132.0,10,10,2025-07-07 05:46:16+00:00,2025-07-07 05:46:16+00:00,2025-07-07 05:46:16+00:00,2025-07-09 00:00:00+00:00,0.0,2025-07-08,2025,REG,NYL,LVA,1.0689655172413794,True,,0.46430627616618364,401736233,3149391,17,9,0,True,False,matched,4.0,2025-07-08,under,0.22735656469284393,1.7575757575757576,0.7575757575757576,1.0,False,False,False
2267,f7504691-48db-493c-8434-73c77c5a45a5,137,Breanna Stewart,breannastewart,NYL,points,19.5,-130.0,100.0,10,10,2025-07-07 05:46:16+00:00,2025-07-07 05:46:16+00:00,2025-07-07 05:46:16+00:00,2025-07-09 00:00:00+00:00,0.0,2025-07-08,2025,REG,NYL,LVA,1.065217391304348,True,,0.5336835053940976,401736233,2998928,9,17,1,True,False,matched,15.0,2025-07-08,under,0.13110094655091475,2.0,1.0,1.0,False,False,False
2267,8091c869-46c2-48aa-a5b5-a960c87d921c,166,Jewell Loyd,jewellloyd,LVA,rebounds,4.5,102.0,-136.0,10,10,2025-07-07 05:46:16+00:00,2025-07-07 05:46:16+00:00,2025-07-07 05:46:16+00:00,2025-07-09 00:00:00+00:00,0.0,2025-07-08,2025,REG,NYL,LVA,1.071320691391173,True,,0.4579067075572801,401736233,2987869,17,9,0,True,False,matched,3.0,2025-07-08,under,0.09296593373368439,1.7352941176470589,0.7352941176470589,1.0,False,False,False
2267,70cf26ba-6cb2-4486-9316-38de4dbc2a5f,132,Sabrina Ionescu,sabrinaionescu,NYL,points,16.5,-128.0,-102.0,10,10,2025-07-07 05:46:16+00:00,2025-07-07 05:46:16+00:00,2025-07-07 05:46:16+00:00,2025-07-09 00:00:00+00:00,0.0,2025-07-08,2025,REG,NYL,LVA,1.0663540038214347,True,,0.5291749480305961,401736233,4066533,9,17,1,True,False,matched,28.0,2025-07-08,under,0.05549387603733236,1.9803921568627452,-1.0,1.0,False,False,False
2266,986af88e-0e3a-4e35-bc04-aa0a9143a48c,26,Angel Reese,angelreese,ATL,rebounds,13.5,-138.0,104.0,10,10,2025-07-07 06:18:03+00:00,2025-07-07 06:18:03+00:00,2025-07-07 06:18:03+00:00,2025-07-08 15:30:00+00:00,0.0,2025-07-08,2025,REG,WAS,CHI,1.0700280112044818,True,,0.5464208361470752,401736232,4433402,19,16,0,True,False,matched,15.0,2025-07-08,under,0.23826708597748336,2.04,-1.0,1.0,False,False,False
2266,c36c3983-263a-414c-b18b-2a1686e08e0a,196,Shakira Austin,shakiraaustin,WAS,points,13.5,-128.0,-102.0,10,10,2025-07-07 06:18:03+00:00,2025-07-07 06:18:03+00:00,2025-07-07 06:18:03+00:00,2025-07-08 15:30:00+00:00,0.0,2025-07-08,2025,REG,WAS,CHI,1.0663540038214347,True,,0.5291749480305961,401736232,4398911,16,19,1,True,False,matched,15.0,2025-07-08,under,0.12015487753399517,1.9803921568627452,-1.0,1.0,False,False,False
2266,ef8cc14e-0188-483f-a635-9543d6886801,182,Brittney Sykes,brittneysykes,TOR,assists,4.5,-102.0,-130.0,10,10,2025-07-07 06:18:03+00:00,2025-07-07 06:18:03+00:00,2025-07-07 06:18:03+00:00,2025-07-08 15:30:00+00:00,0.0,2025-07-08,2025,REG,WAS,CHI,1.0701678863538528,True,,0.46878765056355093,401736232,2988756,16,19,1,True,False,matched,4.0,2025-07-08,under,0.07594189389563716,1.7692307692307692,0.7692307692307692,1.0,False,False,False
2265,8d4167c97a89c8844e5f1efa62267536,300,Kitija Laksa,kitijalaksa,FA,points,11.5,-130.0,100.0,10,10,2025-07-07 23:04:15+00:00,2025-07-07 23:04:15+00:00,2025-07-07 23:04:15+00:00,2025-07-08 02:00:00+00:00,0.0,2025-07-07,2025,REG,PHX,DAL,1.065217391304348,True,,0.5336835053940976,401736231,3920741,11,3,1,True,False,matched,6.0,2025-07-07,under,0.5238611937474841,2.0,1.0,1.0,False,False,False
2265,7b0df1bd542938c8938a1ec2a582925b,563,Monique Akoa Makani,moniqueakoamakani,PHO,points,11.5,-108.0,-124.0,36,36,2025-07-08 01:11:21+00:00,2025-07-08 01:11:21+00:00,2025-07-08 01:11:21+00:00,2025-07-08 02:00:00+00:00,0.0,2025-07-07,2025,REG,PHX,DAL,1.0728021978021978,True,,0.48218893754347536,401736231,5274110,11,3,1,True,False,matched,4.0,2025-07-07,under,0.28562799424378066,1.8064516129032258,0.8064516129032258,1.0,False,False,False
2265,d1215507345cccea60ab46ae09ec8276,564,Kathryn Westbeld,kathrynwestbeld,PHO,points,8.5,-122.0,-106.0,10,10,2025-07-08 01:53:47+00:00,2025-07-08 01:53:47+00:00,2025-07-08 01:53:47+00:00,2025-07-08 02:00:00+00:00,0.0,2025-07-07,2025,REG,PHX,DAL,1.064112656345666,True,,0.518058368553134,401736231,3142087,11,3,1,True,False,matched,14.0,2025-07-07,under,0.409359206698817,1.9433962264150944,-1.0,1.0,False,False,False
2269,5ee984ff94a909cfb7427d5132da7332,68,Caitlin Clark,caitlinclark,IND,rebounds,5.5,110.0,-140.0,12,12,2025-07-08 03:45:24+00:00,2025-07-08 03:45:24+00:00,2025-07-08 03:45:24+00:00,2025-07-09 16:00:00+00:00,0.0,2025-07-09,2025,REG,IND,GSV,1.0595238095238093,True,,0.44483204521110303,401736235,4433403,5,129689,1,True,False,matched,5.0,2025-07-09,under,0.23928346161925312,1.7142857142857144,0.7142857142857144,1.0,False,False,False
2268,6f6fab065f7bc09a80705ae663b41966,9,Tina Charles,tinacharles,FA,rebounds,3.5,-154.0,116.0,10,10,2025-07-08 18:57:51+00:00,2025-07-08 18:57:51+00:00,2025-07-08 18:57:51+00:00,2025-07-09 15:00:00+00:00,0.0,2025-07-09,2025,REG,CON,SEA,1.0692621755613883,True,,0.574207987656796,401736234,918,18,14,1,True,False,matched,11.0,2025-07-09,over,0.1887073446550565,1.6493506493506493,0.6493506493506493,1.0,False,False,False
2268,d167565ec7294c4817217c2fa2a4867d,52,Jacy Sheldon,jacysheldon,CHI,points,8.5,104.0,-138.0,10,10,2025-07-08 18:57:51+00:00,2025-07-08 18:57:51+00:00,2025-07-08 18:57:51+00:00,2025-07-09 15:00:00+00:00,0.0,2025-07-09,2025,REG,CON,SEA,1.0700280112044818,True,,0.4535791638529251,401736234,4432865,18,14,1,True,False,matched,16.0,2025-07-09,under,0.16356604038100864,1.7246376811594204,-1.0,1.0,False,False,False
2268,8408654169112bc43dcec873ec3f9dbc,43,Olivia Nelson-Ododa,olivianelsonododa,CON,points,8.5,-114.0,-114.0,10,10,2025-07-08 18:57:51+00:00,2025-07-08 18:57:51+00:00,2025-07-08 18:57:51+00:00,2025-07-09 15:00:00+00:00,0.0,2025-07-09,2025,REG,CON,SEA,1.0654205607476634,True,,0.5000000000000001,401736234,4398966,18,14,1,True,False,matched,8.0,2025-07-09,under,0.11225468577140846,1.8771929824561404,0.8771929824561404,1.0,False,False,False
2268,a5160184633f79119f5c071f2212e19e,66,Erica Wheeler,ericawheeler,LAS,points,11.5,-115.0,-113.0,10,10,2025-07-08 19:06:17+00:00,2025-07-08 19:06:17+00:00,2025-07-08 19:06:17+00:00,2025-07-09 15:00:00+00:00,0.0,2025-07-09,2025,REG,CON,SEA,1.0654001528551151,True,,0.5022557674006809,401736234,2491214,14,18,0,True,False,matched,10.0,2025-07-09,under,0.10746708165538199,1.8849557522123894,0.8849557522123894,1.0,False,False,False
2268,0db81a70e7ca7abba81b0b2502f7352b,175,Skylar Diggins,skylardiggins,CHI,points,16.5,-128.0,-102.0,10,10,2025-07-08 19:06:17+00:00,2025-07-08 19:06:17+00:00,2025-07-08 19:06:17+00:00,2025-07-09 15:00:00+00:00,0.0,2025-07-09,2025,REG,CON,SEA,1.0663540038214347,True,,0.5291749480305961,401736234,2491205,14,18,0,True,False,matched,23.0,2025-07-09,under,0.09561270278410394,1.9803921568627452,-1.0,1.0,False,False,False
2268,bea678b6866f2f779ca8673f14cca23a,180,Nneka Ogwumike,nnekaogwumike,LAS,points,16.5,-114.0,-114.0,10,10,2025-07-08 19:06:17+00:00,2025-07-08 19:06:17+00:00,2025-07-08 19:06:17+00:00,2025-07-09 15:00:00+00:00,0.0,2025-07-09,2025,REG,CON,SEA,1.0654205607476634,True,,0.5000000000000001,401736234,1068,14,18,0,True,False,matched,12.0,2025-07-09,under,0.0671455796176384,1.8771929824561404,0.8771929824561404,1.0,False,False,False
2268,ce5527bcf0fe18f39af7ece1482e092f,176,Ezi Magbegor,ezimagbegor,SEA,rebounds,6.5,-106.0,-125.0,10,10,2025-07-08 19:06:18+00:00,2025-07-08 19:06:18+00:00,2025-07-08 19:06:18+00:00,2025-07-09 15:00:00+00:00,0.0,2025-07-09,2025,REG,CON,SEA,1.070118662351672,True,,0.4787708928615623,401736234,4420318,14,18,0,True,False,matched,6.0,2025-07-09,under,0.07548967348734947,1.8,0.8,1.0,False,False,False
2271,b9b3f7b7378463a3cf388398c7eea7f1,528,Paige Bueckers,paigebueckers,DAL,points,18.5,-102.0,-128.0,10,10,2025-07-08 20:59:59+00:00,2025-07-08 20:59:59+00:00,2025-07-08 20:59:59+00:00,2025-07-10 00:00:00+00:00,0.0,2025-07-09,2025,REG,CHI,DAL,1.0663540038214347,True,,0.47082505196940394,401736237,4433730,3,19,0,True,False,matched,17.0,2025-07-09,under,0.11341872387492419,1.78125,0.78125,1.0,False,False,False
2271,4b446d7df0aa0277486ebd664f35d48f,26,Angel Reese,angelreese,ATL,points,16.5,-108.0,-120.0,10,10,2025-07-08 21:00:00+00:00,2025-07-08 21:00:00+00:00,2025-07-08 21:00:00+00:00,2025-07-10 00:00:00+00:00,0.0,2025-07-09,2025,REG,CHI,DAL,1.0646853146853146,True,,0.48646030463369283,401736237,4433402,19,3,1,True,False,matched,15.0,2025-07-09,under,0.1071257049413753,1.8333333333333335,0.8333333333333335,1.0,False,False,False
2269,c155ce43912757634eb3336d3d834a8b,139,Kayla Thornton,kaylathornton,GSV,points,15.5,-110.0,-120.0,12,12,2025-07-08 22:10:15+00:00,2025-07-08 22:10:15+00:00,2025-07-08 22:10:15+00:00,2025-07-09 16:00:00+00:00,0.0,2025-07-09,2025,REG,IND,GSV,1.0692640692640691,True,,0.4887959885212434,401736235,2529622,129689,5,0,True,False,matched,18.0,2025-07-09,under,0.2666741925606495,1.8333333333333335,-1.0,1.0,False,False,False
2269,d8dae54ba90673e7703982e0b40484df,55,Veronica Burton,veronicaburton,GSV,points,10.5,-115.0,-115.0,12,12,2025-07-08 22:10:15+00:00,2025-07-08 22:10:15+00:00,2025-07-08 22:10:15+00:00,2025-07-09 16:00:00+00:00,0.0,2025-07-09,2025,REG,IND,GSV,1.0697674418604652,True,,0.5,401736235,4398935,129689,5,0,True,False,matched,21.0,2025-07-09,under,0.2659194776308122,1.8695652173913042,-1.0,1.0,False,False,False
2269,faf046fe7e755d85c4206fae451f04b1,70,Kelsey Mitchell,kelseymitchell,IND,points,19.5,-110.0,-120.0,12,12,2025-07-08 22:10:15+00:00,2025-07-08 22:10:15+00:00,2025-07-08 22:10:15+00:00,2025-07-09 16:00:00+00:00,0.0,2025-07-09,2025,REG,IND,GSV,1.0692640692640691,True,,0.4887959885212434,401736235,3142191,5,129689,1,True,False,matched,12.0,2025-07-09,under,0.12666371300816553,1.8333333333333335,0.8333333333333335,1.0,False,False,False
2269,3375bae6cf18a8d8609b9b389709be83,221,Tiffany Hayes,tiffanyhayes,GSV,points,14.5,-115.0,-115.0,12,12,2025-07-08 22:15:46+00:00,2025-07-08 22:15:46+00:00,2025-07-08 22:15:46+00:00,2025-07-09 16:00:00+00:00,0.0,2025-07-09,2025,REG,IND,GSV,1.0697674418604652,True,,0.5,401736235,1054,129689,5,0,True,False,matched,6.0,2025-07-09,under,0.2618090458847063,1.8695652173913042,0.8695652173913042,1.0,False,False,False
2269,ad66e39928d75c5e0469f652a5f59796,109,Kate Martin,katemartin,LAS,points,10.5,-115.0,-115.0,12,12,2025-07-08 22:15:47+00:00,2025-07-08 22:15:47+00:00,2025-07-08 22:15:47+00:00,2025-07-09 16:00:00+00:00,0.0,2025-07-09,2025,REG,IND,GSV,1.0697674418604652,True,,0.5,401736235,4398907,129689,5,0,True,False,matched,5.0,2025-07-09,under,0.5411986193386269,1.8695652173913042,0.8695652173913042,1.0,False,False,False
2269,646ba47d5767450146ed2d9f892a4c65,83,Monique Billings,moniquebillings,IND,rebounds,5.5,-115.0,-115.0,12,12,2025-07-08 22:15:47+00:00,2025-07-08 22:15:47+00:00,2025-07-08 22:15:47+00:00,2025-07-09 16:00:00+00:00,0.0,2025-07-09,2025,REG,IND,GSV,1.0697674418604652,True,,0.5,401736235,3142255,129689,5,0,True,False,matched,2.0,2025-07-09,under,0.14051743572126874,1.8695652173913042,0.8695652173913042,1.0,False,False,False
2269,690207ebda1b3b5ea8e04bec50124a9f,72,Temi Fagbenle,temifagbenle,TOR,rebounds,5.5,-115.0,-115.0,12,12,2025-07-08 22:15:47+00:00,2025-07-08 22:15:47+00:00,2025-07-08 22:15:47+00:00,2025-07-09 16:00:00+00:00,0.0,2025-07-09,2025,REG,IND,GSV,1.0697674418604652,True,,0.5,401736235,2569044,129689,5,0,True,False,matched,5.0,2025-07-09,under,0.13395335555863297,1.8695652173913042,0.8695652173913042,1.0,False,False,False
2270,54b03017a77d2eea64b655845239d43c,112,Napheesa Collier,napheesacollier,MIN,points,21.5,-114.0,-114.0,10,10,2025-07-09 02:43:43+00:00,2025-07-09 02:43:43+00:00,2025-07-09 02:43:43+00:00,2025-07-09 19:30:00+00:00,0.0,2025-07-09,2025,REG,PHX,MIN,1.0654205607476634,True,,0.5000000000000001,401736236,3917450,8,11,0,True,False,matched,18.0,2025-07-09,under,0.10647190411577534,1.8771929824561404,0.8771929824561404,1.0,False,False,False
2270,13392e85599543c55887914ca4eafbca,125,Kayla McBride,kaylamcbride,MIN,points,14.5,-108.0,-120.0,10,10,2025-07-09 03:03:54+00:00,2025-07-09 03:03:54+00:00,2025-07-09 03:03:54+00:00,2025-07-09 19:30:00+00:00,0.0,2025-07-09,2025,REG,PHX,MIN,1.0646853146853146,True,,0.48646030463369283,401736236,2529205,8,11,0,True,False,matched,6.0,2025-07-09,under,0.15487007393695018,1.8333333333333335,0.8333333333333335,1.0,False,False,False
2270,35a76e36cccdde1fd7e4de32907f65ed,121,Alanna Smith,alannasmith,DAL,points,9.5,-114.0,-114.0,10,10,2025-07-09 03:11:57+00:00,2025-07-09 03:11:57+00:00,2025-07-09 03:11:57+00:00,2025-07-09 19:30:00+00:00,0.0,2025-07-09,2025,REG,PHX,MIN,1.0654205607476634,True,,0.5000000000000001,401736236,3913881,8,11,0,True,False,matched,2.0,2025-07-09,under,0.09721803471634294,1.8771929824561404,0.8771929824561404,1.0,False,False,False
2270,dd43f1ee947461cd99c554d46e6d385b,40,Alyssa Thomas,alyssathomas,PHO,rebounds,8.5,-114.0,-114.0,10,10,2025-07-09 03:33:23+00:00,2025-07-09 03:33:23+00:00,2025-07-09 03:33:23+00:00,2025-07-09 19:30:00+00:00,0.0,2025-07-09,2025,REG,PHX,MIN,1.0654205607476634,True,,0.5000000000000001,401736236,2529140,11,8,1,True,False,matched,8.0,2025-07-09,under,0.30634173804153175,1.8771929824561404,0.8771929824561404,1.0,False,False,False
2270,b0cdfb0f69905f5faafad6f717ce77b0,177,Sami Whitcomb,samiwhitcomb,PHO,points,12.5,-120.0,-108.0,10,10,2025-07-09 03:41:24+00:00,2025-07-09 03:41:24+00:00,2025-07-09 03:41:24+00:00,2025-07-09 19:30:00+00:00,0.0,2025-07-09,2025,REG,PHX,MIN,1.0646853146853146,True,,0.5135396953663074,401736236,887,11,8,1,True,False,matched,10.0,2025-07-09,under,0.35717588305289194,1.925925925925926,0.925925925925926,1.0,False,False,False
2271,fdda32e71bc81daaa650f38672abbb48,95,Li Yueru,liyueru,DAL,points,7.5,-130.0,100.0,10,10,2025-07-09 03:41:24+00:00,2025-07-09 03:41:24+00:00,2025-07-09 03:41:24+00:00,2025-07-10 00:00:00+00:00,0.0,2025-07-09,2025,REG,CHI,DAL,1.065217391304348,True,,0.5336835053940976,401736237,4336633,3,19,0,True,False,matched,18.0,2025-07-09,under,0.2534749854291364,2.0,-1.0,1.0,False,False,False
2271,cfe394268ae4a5c0c2ba9bfc7192e080,526,Aziaha James,aziahajames,DAL,points,15.5,-102.0,-128.0,10,10,2025-07-09 03:45:20+00:00,2025-07-09 03:45:20+00:00,2025-07-09 03:45:20+00:00,2025-07-10 00:00:00+00:00,0.0,2025-07-09,2025,REG,CHI,DAL,1.0663540038214347,True,,0.47082505196940394,401736237,4433807,3,19,0,True,False,matched,8.0,2025-07-09,under,0.23063280787526996,1.78125,0.78125,1.0,False,False,False
2271,2b546fdf3c37e276a5463237936897bb,33,Elizabeth Williams,elizabethwilliams,CHI,rebounds,6.5,-146.0,110.0,10,10,2025-07-09 03:53:23+00:00,2025-07-09 03:53:23+00:00,2025-07-09 03:53:23+00:00,2025-07-10 00:00:00+00:00,0.0,2025-07-09,2025,REG,CHI,DAL,1.0696864111498257,True,,0.5607420039050215,401736237,2566081,19,3,1,True,False,matched,5.0,2025-07-09,under,0.394308780235198,2.1,1.1,1.0,False,False,False
2269,6f97f83a05fcf4c4c56365b823c874b3,76,Lexie Hull,lexiehull,IND,threes,1.5,150.0,-220.0,49,49,2025-07-09 07:58:18+00:00,2025-07-09 07:58:18+00:00,2025-07-09 07:58:18+00:00,2025-07-09 16:00:00+00:00,0.0,2025-07-09,2025,REG,IND,GSV,1.0875,True,,0.3494513471323677,401736235,4398829,5,129689,1,True,False,matched,1.0,2025-07-09,under,0.06636680815976842,1.4545454545454546,0.4545454545454546,1.0,False,False,False
2270,4ca5815e37a35923e6b004e69b61402e,563,Monique Akoa Makani,moniqueakoamakani,PHO,points,9.5,100.0,-130.0,13,13,2025-07-09 15:05:49+00:00,2025-07-09 15:05:49+00:00,2025-07-09 15:05:49+00:00,2025-07-09 19:30:00+00:00,0.0,2025-07-09,2025,REG,PHX,MIN,1.065217391304348,True,,0.4663164946059025,401736236,5274110,11,8,1,True,False,matched,13.0,2025-07-09,under,0.1670949453034768,1.7692307692307692,-1.0,1.0,False,False,False
2271,5967a22f40e11c806d873ed416de8bb3,30,Kamilla Cardoso,kamillacardoso,CHI,rebounds,6.5,124.0,-166.0,10,10,2025-07-09 18:25:46+00:00,2025-07-09 18:25:46+00:00,2025-07-09 18:25:46+00:00,2025-07-10 00:00:00+00:00,0.0,2025-07-09,2025,REG,CHI,DAL,1.0704887218045114,True,,0.40796342297849103,401736237,4433405,19,3,1,True,False,matched,4.0,2025-07-09,over,0.16277434550251507,2.24,-1.0,1.0,False,False,False
2274,9fcb18fc5112c7d6887b789c069eaae4,68,Caitlin Clark,caitlinclark,IND,rebounds,5.5,105.0,-135.0,12,12,2025-07-09 20:52:25+00:00,2025-07-09 20:52:25+00:00,2025-07-09 20:52:25+00:00,2025-07-11 23:30:00+00:00,0.0,2025-07-11,2025,REG,IND,ATL,1.0622729631551635,True,,0.45531139401703796,401736240,4433403,5,20,1,True,False,matched,4.0,2025-07-11,under,0.2627394347517114,1.7407407407407407,0.7407407407407407,1.0,False,False,False
2272,cc875dc41155b2ac7cef8628f32a1658,125,Kayla McBride,kaylamcbride,MIN,assists,3.5,110.0,-146.0,10,10,2025-07-10 03:38:36+00:00,2025-07-10 03:38:36+00:00,2025-07-10 03:38:36+00:00,2025-07-10 19:00:00+00:00,0.0,2025-07-10,2025,REG,LAS,MIN,1.0696864111498257,True,,0.4392579960949788,401736238,2529205,8,6,0,True,False,matched,2.0,2025-07-10,under,0.13959538646710085,1.6849315068493151,0.6849315068493151,1.0,False,False,False
2272,09b01f0c2a2998bbe0586bb2da1e110c,112,Napheesa Collier,napheesacollier,MIN,points,21.5,-122.0,-106.0,10,10,2025-07-10 03:38:36+00:00,2025-07-10 03:38:36+00:00,2025-07-10 03:38:36+00:00,2025-07-10 19:00:00+00:00,0.0,2025-07-10,2025,REG,LAS,MIN,1.064112656345666,True,,0.518058368553134,401736238,3917450,8,6,0,True,False,matched,17.0,2025-07-10,under,0.11040524907753946,1.9433962264150944,0.9433962264150944,1.0,False,False,False
2272,5d317e87abf2fd4cf66dc6e9353de57e,89,Dearica Hamby,dearicahamby,LAS,assists,3.5,126.0,-168.0,10,10,2025-07-10 03:42:47+00:00,2025-07-10 03:42:47+00:00,2025-07-10 03:42:47+00:00,2025-07-10 19:00:00+00:00,0.0,2025-07-10,2025,REG,LAS,MIN,1.0693435477479856,True,,0.4045224464881516,401736238,2566106,6,8,1,True,False,matched,2.0,2025-07-10,over,0.08305410764831855,2.26,-1.0,1.0,False,False,False
2272,c0f42fa87b31aab49144bfdfc03de5bf,82,Azura Stevens,azurastevens,CHI,points,12.5,-122.0,-106.0,10,10,2025-07-10 03:42:47+00:00,2025-07-10 03:42:47+00:00,2025-07-10 03:42:47+00:00,2025-07-10 19:00:00+00:00,0.0,2025-07-10,2025,REG,LAS,MIN,1.064112656345666,True,,0.518058368553134,401736238,3142010,6,8,1,True,False,matched,6.0,2025-07-10,under,0.07752206820506424,1.9433962264150944,0.9433962264150944,1.0,False,False,False
2273,9c360c418fa0ec55680e9f16b64a33fe,196,Shakira Austin,shakiraaustin,WAS,points,14.5,-108.0,-120.0,10,10,2025-07-10 05:03:32+00:00,2025-07-10 05:03:32+00:00,2025-07-10 05:03:32+00:00,2025-07-10 23:30:00+00:00,0.0,2025-07-10,2025,REG,WAS,LVA,1.0646853146853146,True,,0.48646030463369283,401736239,4398911,16,17,1,True,False,matched,16.0,2025-07-10,under,0.12226359523903968,1.8333333333333335,-1.0,1.0,False,False,False
2273,a5972e98c8395d9a5d2ce1b04b715064,166,Jewell Loyd,jewellloyd,LVA,rebounds,4.5,112.0,-148.0,10,10,2025-07-10 05:03:32+00:00,2025-07-10 05:03:32+00:00,2025-07-10 05:03:32+00:00,2025-07-10 23:30:00+00:00,0.0,2025-07-10,2025,REG,WAS,LVA,1.0684723067559343,True,,0.43527724698320036,401736239,2987869,17,16,0,True,False,matched,3.0,2025-07-10,under,0.10992898816277624,1.6756756756756757,0.6756756756756757,1.0,False,False,False
2273,ea24d01e0b3697c12791b89cadbf4fe8,573,Sonia Citron,soniacitron,WAS,rebounds,4.5,-122.0,-108.0,10,10,2025-07-10 05:03:32+00:00,2025-07-10 05:03:32+00:00,2025-07-10 05:03:32+00:00,2025-07-10 23:30:00+00:00,0.0,2025-07-10,2025,REG,WAS,LVA,1.0687803187803186,True,,0.5156895960912058,401736239,4433524,16,17,1,True,False,matched,5.0,2025-07-10,over,0.05051540709512814,1.819672131147541,0.819672131147541,1.0,False,False,False
2273,deeb60f6a3945f23ef2375f37ab312b7,102,Jackie Young,jackieyoung,LVA,points,17.5,-114.0,-114.0,10,10,2025-07-10 05:03:33+00:00,2025-07-10 05:03:33+00:00,2025-07-10 05:03:33+00:00,2025-07-10 23:30:00+00:00,0.0,2025-07-10,2025,REG,WAS,LVA,1.0654205607476634,True,,0.5000000000000001,401736239,4065870,17,16,0,True,False,matched,10.0,2025-07-10,under,0.22011403569478238,1.8771929824561404,0.8771929824561404,1.0,False,False,False
2273,f08f0d8b9ead975600d193cc6bb08282,182,Brittney Sykes,brittneysykes,TOR,points,15.5,-115.0,-113.0,10,10,2025-07-10 05:03:33+00:00,2025-07-10 05:03:33+00:00,2025-07-10 05:03:33+00:00,2025-07-10 23:30:00+00:00,0.0,2025-07-10,2025,REG,WAS,LVA,1.0654001528551151,True,,0.5022557674006809,401736239,2988756,16,17,1,True,False,matched,18.0,2025-07-10,under,0.10911236820294373,1.8849557522123894,-1.0,1.0,False,False,False
2273,9602c1591719620e9e45d7793b8085ec,107,Chelsea Gray,chelseagray,LVA,rebounds,4.5,116.0,-154.0,10,10,2025-07-10 05:03:33+00:00,2025-07-10 05:03:33+00:00,2025-07-10 05:03:33+00:00,2025-07-10 23:30:00+00:00,0.0,2025-07-10,2025,REG,WAS,LVA,1.0692621755613883,True,,0.425792012343204,401736239,2529122,17,16,0,True,False,matched,7.0,2025-07-10,under,0.08275588778998372,1.6493506493506493,-1.0,1.0,False,False,False
2274,77f4cc108efa87065110b2deff00f6cf,1,Allisha Gray,allishagray,ATL,rebounds,4.5,-172.0,128.0,10,10,2025-07-10 06:30:07+00:00,2025-07-10 06:30:07+00:00,2025-07-10 06:30:07+00:00,2025-07-11 23:30:00+00:00,0.0,2025-07-11,2025,REG,IND,ATL,1.0709494324045408,True,,0.6004234693007796,401736240,3058901,20,5,0,True,False,matched,4.0,2025-07-11,under,0.05409007167339008,2.2800000000000002,1.2800000000000002,1.0,False,False,False
2274,979c2cab1d6969433249ec3b2f6e88b4,71,Aliyah Boston,aliyahboston,IND,points,14.5,-130.0,100.0,10,10,2025-07-10 06:30:08+00:00,2025-07-10 06:30:08+00:00,2025-07-10 06:30:08+00:00,2025-07-11 23:30:00+00:00,0.0,2025-07-11,2025,REG,IND,ATL,1.065217391304348,True,,0.5336835053940976,401736240,4432831,5,20,1,True,False,matched,19.0,2025-07-11,under,0.10562642313423076,2.0,-1.0,1.0,False,False,False
2274,b0a41d92fa4930bd1ae8524f6c560c9c,2,Jordin Canada,jordincanada,ATL,points,10.5,-110.0,-118.0,10,10,2025-07-10 06:34:34+00:00,2025-07-10 06:34:34+00:00,2025-07-10 06:34:34+00:00,2025-07-11 23:30:00+00:00,0.0,2025-07-11,2025,REG,IND,ATL,1.0650939274792486,True,,0.4909754767731684,401736240,3142250,20,5,0,True,False,matched,30.0,2025-07-11,under,0.09761299181629557,1.847457627118644,-1.0,1.0,False,False,False
2274,9c3d47beaf1f6b5e339b0496ce95aaff,15,Rhyne Howard,rhynehoward,ATL,points,16.5,100.0,-130.0,10,10,2025-07-10 06:34:34+00:00,2025-07-10 06:34:34+00:00,2025-07-10 06:34:34+00:00,2025-07-11 23:30:00+00:00,0.0,2025-07-11,2025,REG,IND,ATL,1.065217391304348,True,,0.4663164946059025,401736240,4398674,20,5,0,True,False,matched,14.0,2025-07-11,under,0.058638471015458715,1.7692307692307692,0.7692307692307692,1.0,False,False,False
2274,9c3f8bb230aa0576b8356d8d6a5282a2,56,Natasha Howard,natashahoward,MIN,rebounds,5.5,110.0,-146.0,10,10,2025-07-10 06:34:35+00:00,2025-07-10 06:34:35+00:00,2025-07-10 06:34:35+00:00,2025-07-11 23:30:00+00:00,0.0,2025-07-11,2025,REG,IND,ATL,1.0696864111498257,True,,0.4392579960949788,401736240,2529130,5,20,1,True,False,matched,7.0,2025-07-11,over,0.1525904931247843,2.1,1.1,1.0,False,False,False
2274,a748ba93d17ee2cca4bf4564c195bd6d,49,Brionna Jones,brionnajones,ATL,points,13.5,-114.0,-114.0,10,10,2025-07-10 06:34:35+00:00,2025-07-10 06:34:35+00:00,2025-07-10 06:34:35+00:00,2025-07-11 23:30:00+00:00,0.0,2025-07-11,2025,REG,IND,ATL,1.0654205607476634,True,,0.5000000000000001,401736240,3058895,20,5,0,True,False,matched,6.0,2025-07-11,under,0.07966896640550752,1.8771929824561404,0.8771929824561404,1.0,False,False,False
2275,dc4dd4a0a5b00397e8210d4605f5f05c,175,Skylar Diggins,skylardiggins,CHI,threes,1.5,100.0,-132.0,10,10,2025-07-10 14:57:05+00:00,2025-07-10 14:57:05+00:00,2025-07-10 14:57:05+00:00,2025-07-12 02:00:00+00:00,0.0,2025-07-11,2025,REG,SEA,CON,1.0689655172413794,True,,0.46430627616618364,401736241,2491205,14,18,1,True,False,matched,3.0,2025-07-11,under,0.05322819008215135,1.7575757575757576,-1.0,1.0,False,False,False
2275,790e3390197f11018e18ed55be481581,9,Tina Charles,tinacharles,FA,rebounds,4.5,-114.0,-114.0,10,10,2025-07-10 15:06:46+00:00,2025-07-10 15:06:46+00:00,2025-07-10 15:06:46+00:00,2025-07-12 02:00:00+00:00,0.0,2025-07-11,2025,REG,SEA,CON,1.0654205607476634,True,,0.5000000000000001,401736241,918,18,14,0,True,False,matched,10.0,2025-07-11,over,0.2699717321897085,1.8771929824561404,0.8771929824561404,1.0,False,False,False
2275,314debb4002971c89ab3ddd6bfc1046d,66,Erica Wheeler,ericawheeler,LAS,points,11.5,-125.0,-104.0,10,10,2025-07-10 15:06:46+00:00,2025-07-10 15:06:46+00:00,2025-07-10 15:06:46+00:00,2025-07-12 02:00:00+00:00,0.0,2025-07-11,2025,REG,SEA,CON,1.065359477124183,True,,0.5236312520088393,401736241,2491214,14,18,1,True,False,matched,6.0,2025-07-11,under,0.12392468276824642,1.9615384615384617,0.9615384615384617,1.0,False,False,False
2275,e9705e0799437339755f5d9de2dfbc45,519,Aneesah Morrow,aneesahmorrow,CON,points,10.5,102.0,-132.0,10,10,2025-07-10 15:15:40+00:00,2025-07-10 15:15:40+00:00,2025-07-10 15:15:40+00:00,2025-07-12 02:00:00+00:00,0.0,2025-07-11,2025,REG,SEA,CON,1.0640150221918745,True,,0.4618487426836327,401736241,4684384,18,14,0,True,False,matched,4.0,2025-07-11,under,0.1272217986443846,1.7575757575757576,0.7575757575757576,1.0,False,False,False
2275,6768023b63723cac26fa13a17273858f,43,Olivia Nelson-Ododa,olivianelsonododa,CON,rebounds,5.5,-158.0,118.0,10,10,2025-07-10 15:15:40+00:00,2025-07-10 15:15:40+00:00,2025-07-10 15:15:40+00:00,2025-07-12 02:00:00+00:00,0.0,2025-07-11,2025,REG,SEA,CON,1.0711186971054691,True,,0.5796527091990534,401736241,4398966,18,14,0,True,False,matched,8.0,2025-07-11,under,0.09206724596652527,2.1799999999999997,-1.0,1.0,False,False,False
2273,1f106e0b8f24a9e56ff99301c9906e92,103,A'ja Wilson,ajawilson,LVA,points,21.5,-120.0,-108.0,10,10,2025-07-10 17:13:47+00:00,2025-07-10 17:13:47+00:00,2025-07-10 17:13:47+00:00,2025-07-10 23:30:00+00:00,0.0,2025-07-10,2025,REG,WAS,LVA,1.0646853146853146,True,,0.5135396953663074,401736239,3149391,17,16,0,True,True,did_not_play,,2025-07-10,under,0.3073794287280974,1.925925925925926,0.0,0.0,False,True,False
2273,1d9ebcc7eb0d000fadc92340dc5ac413,108,Kiah Stokes,kiahstokes,GSV,rebounds,7.5,-144.0,108.0,10,10,2025-07-10 23:11:21+00:00,2025-07-10 23:11:21+00:00,2025-07-10 23:11:21+00:00,2025-07-10 23:30:00+00:00,0.0,2025-07-10,2025,REG,WAS,LVA,1.0709331651954601,True,,0.5566845205396996,401736239,2590093,17,16,0,True,False,matched,3.0,2025-07-10,under,0.8643770771966507,2.08,1.08,1.0,False,False,False
2273,a58635748f67c1652215fb0dc6e89d31,73,NaLyssa Smith,nalyssasmith,LVA,rebounds,7.5,118.0,-158.0,10,10,2025-07-10 23:15:46+00:00,2025-07-10 23:15:46+00:00,2025-07-10 23:15:46+00:00,2025-07-10 23:30:00+00:00,0.0,2025-07-10,2025,REG,WAS,LVA,1.0711186971054691,True,,0.42034729080094674,401736239,4398776,17,16,0,True,False,matched,4.0,2025-07-10,under,0.15576039681968973,1.6329113924050633,0.6329113924050633,1.0,False,False,False
2276,08d22031ed656614930544e3b3e2913b,26,Angel Reese,angelreese,ATL,points,14.5,-118.0,-110.0,10,10,2025-07-11 00:37:26+00:00,2025-07-11 00:37:26+00:00,2025-07-11 00:37:26+00:00,2025-07-12 17:00:00+00:00,0.0,2025-07-12,2025,REG,CHI,MIN,1.0650939274792486,True,,0.5090245232268319,401736242,4433402,19,8,1,True,False,matched,19.0,2025-07-12,under,0.14320870117311685,1.9090909090909092,-1.0,1.0,False,False,False
2276,5273b6cfd475d759a33a8f8b43410f93,112,Napheesa Collier,napheesacollier,MIN,points,21.5,-122.0,-106.0,10,10,2025-07-11 02:33:19+00:00,2025-07-11 02:33:19+00:00,2025-07-11 02:33:19+00:00,2025-07-12 17:00:00+00:00,0.0,2025-07-12,2025,REG,CHI,MIN,1.064112656345666,True,,0.518058368553134,401736242,3917450,8,19,0,True,False,matched,26.0,2025-07-12,under,0.13901822020975113,1.9433962264150944,-1.0,1.0,False,False,False
2276,b51fffc1237519a5453a630d1276cc94,185,Ariel Atkins,arielatkins,LAS,points,13.5,-120.0,-108.0,10,10,2025-07-11 02:33:19+00:00,2025-07-11 02:33:19+00:00,2025-07-11 02:33:19+00:00,2025-07-12 17:00:00+00:00,0.0,2025-07-12,2025,REG,CHI,MIN,1.0646853146853146,True,,0.5135396953663074,401736242,3146151,19,8,1,True,False,matched,27.0,2025-07-12,under,0.1384564396046255,1.925925925925926,-1.0,1.0,False,False,False
2276,e17a7c4b9a1055dfaa1151c61a7f398f,117,Courtney Williams,courtneywilliams,MIN,rebounds,5.5,110.0,-146.0,10,10,2025-07-11 02:33:19+00:00,2025-07-11 02:33:19+00:00,2025-07-11 02:33:19+00:00,2025-07-12 17:00:00+00:00,0.0,2025-07-12,2025,REG,CHI,MIN,1.0696864111498257,True,,0.4392579960949788,401736242,2987891,8,19,0,True,False,matched,8.0,2025-07-12,under,0.08083038239741219,1.6849315068493151,-1.0,1.0,False,False,False
2276,6b8e897f6508feb0b4a8e5c1051df57a,30,Kamilla Cardoso,kamillacardoso,CHI,rebounds,6.5,-132.0,100.0,10,10,2025-07-11 02:33:19+00:00,2025-07-11 02:33:19+00:00,2025-07-11 02:33:19+00:00,2025-07-12 17:00:00+00:00,0.0,2025-07-12,2025,REG,CHI,MIN,1.0689655172413794,True,,0.5356937238338165,401736242,4433405,19,8,1,True,False,matched,15.0,2025-07-12,under,0.07347235524013856,2.0,-1.0,1.0,False,False,False
2276,7ecc290eba66474b4e92f7ae4f2438c9,125,Kayla McBride,kaylamcbride,MIN,threes,2.5,110.0,-146.0,10,10,2025-07-11 02:33:19+00:00,2025-07-11 02:33:19+00:00,2025-07-11 02:33:19+00:00,2025-07-12 17:00:00+00:00,0.0,2025-07-12,2025,REG,CHI,MIN,1.0696864111498257,True,,0.4392579960949788,401736242,2529205,8,19,0,True,False,matched,5.0,2025-07-12,under,0.06369917761634891,1.6849315068493151,-1.0,1.0,False,False,False
2276,8fed1ff50ef71872ba523f306f56059a,36,Rachel Banham,rachelbanham,CHI,points,9.5,-118.0,-110.0,10,10,2025-07-11 02:33:20+00:00,2025-07-11 02:33:20+00:00,2025-07-11 02:33:20+00:00,2025-07-12 17:00:00+00:00,0.0,2025-07-12,2025,REG,CHI,MIN,1.0650939274792486,True,,0.5090245232268319,401736242,2566186,19,8,1,True,False,matched,12.0,2025-07-12,under,0.17424498731054783,1.9090909090909092,-1.0,1.0,False,False,False
2275,db989a3b1da602fd2be37d211fa9410d,52,Jacy Sheldon,jacysheldon,CHI,threes,1.5,-110.0,-130.0,33,33,2025-07-11 04:07:22+00:00,2025-07-11 04:07:22+00:00,2025-07-11 04:07:22+00:00,2025-07-12 02:00:00+00:00,0.0,2025-07-11,2025,REG,SEA,CON,1.0890269151138718,True,,0.47832076753442404,401736241,4432865,18,14,0,True,False,matched,0.0,2025-07-11,under,0.16238062598208813,1.7692307692307692,0.7692307692307692,1.0,False,False,False
2275,e78bb998f5726425390835ed0f68e97c,274,Bria Hartley,briahartley,FA,assists,3.5,105.0,-135.0,24,24,2025-07-11 08:14:40+00:00,2025-07-11 08:14:40+00:00,2025-07-11 08:14:40+00:00,2025-07-12 02:00:00+00:00,0.0,2025-07-11,2025,REG,SEA,CON,1.0622729631551635,True,,0.45531139401703796,401736241,2529185,18,14,0,True,False,matched,2.0,2025-07-11,under,0.09296133798534162,1.7407407407407407,0.7407407407407407,1.0,False,False,False
2277,c588694cfcdc121bc43856c744811d1e,107,Chelsea Gray,chelseagray,LVA,points,12.5,-114.0,-114.0,10,10,2025-07-11 14:22:09+00:00,2025-07-11 14:22:09+00:00,2025-07-11 14:22:09+00:00,2025-07-12 20:00:00+00:00,0.0,2025-07-12,2025,REG,LVA,GSV,1.0654205607476634,True,,0.5000000000000001,401736243,2529122,17,129689,1,True,False,matched,6.0,2025-07-12,under,0.23945655175707586,1.8771929824561404,0.8771929824561404,1.0,False,False,False
2277,605681b5106eeff921dceb8aa4d53117,55,Veronica Burton,veronicaburton,GSV,assists,5.5,-102.0,-130.0,10,10,2025-07-11 14:22:09+00:00,2025-07-11 14:22:09+00:00,2025-07-11 14:22:09+00:00,2025-07-12 20:00:00+00:00,0.0,2025-07-12,2025,REG,LVA,GSV,1.0701678863538528,True,,0.46878765056355093,401736243,4398935,129689,17,0,True,False,matched,8.0,2025-07-12,under,0.17712639996657992,1.7692307692307692,-1.0,1.0,False,False,False
2277,7bdd22034697c234f731ea3feb05abca,109,Kate Martin,katemartin,LAS,threes,1.5,120.0,-160.0,10,10,2025-07-11 14:22:09+00:00,2025-07-11 14:22:09+00:00,2025-07-11 14:22:09+00:00,2025-07-12 20:00:00+00:00,0.0,2025-07-12,2025,REG,LVA,GSV,1.06993006993007,True,,0.41669493857595097,401736243,4398907,129689,17,0,True,False,matched,2.0,2025-07-12,under,0.05086405199831234,1.625,-1.0,1.0,False,False,False
2277,737da081e38843f387c7240c96ff83ec,139,Kayla Thornton,kaylathornton,GSV,points,14.5,-118.0,-110.0,10,10,2025-07-11 14:22:10+00:00,2025-07-11 14:22:10+00:00,2025-07-11 14:22:10+00:00,2025-07-12 20:00:00+00:00,0.0,2025-07-12,2025,REG,LVA,GSV,1.0650939274792486,True,,0.5090245232268319,401736243,2529622,129689,17,0,True,False,matched,10.0,2025-07-12,under,0.2742149821993494,1.9090909090909092,0.9090909090909092,1.0,False,False,False
2277,cd744088dbb0d23e97f301a8266c8e1f,102,Jackie Young,jackieyoung,LVA,points,17.5,-114.0,-114.0,10,10,2025-07-11 14:22:10+00:00,2025-07-11 14:22:10+00:00,2025-07-11 14:22:10+00:00,2025-07-12 20:00:00+00:00,0.0,2025-07-12,2025,REG,LVA,GSV,1.0654205607476634,True,,0.5000000000000001,401736243,4065870,17,129689,1,True,False,matched,30.0,2025-07-12,under,0.2650222055765142,1.8771929824561404,-1.0,1.0,False,False,False
2277,3d20d116d2f63eba05c4ee6e6d099581,166,Jewell Loyd,jewellloyd,LVA,threes,1.5,-188.0,140.0,10,10,2025-07-11 14:22:10+00:00,2025-07-11 14:22:10+00:00,2025-07-11 14:22:10+00:00,2025-07-12 20:00:00+00:00,0.0,2025-07-12,2025,REG,LVA,GSV,1.0694444444444444,True,,0.6222928210344938,401736243,2987869,17,129689,1,True,False,matched,3.0,2025-07-12,under,0.21810961066462115,2.4,-1.0,1.0,False,False,False
2277,fb5afd3356b59a637a857f071182c087,72,Temi Fagbenle,temifagbenle,TOR,points,7.5,-120.0,-108.0,10,10,2025-07-11 14:22:10+00:00,2025-07-11 14:22:10+00:00,2025-07-11 14:22:10+00:00,2025-07-12 20:00:00+00:00,0.0,2025-07-12,2025,REG,LVA,GSV,1.0646853146853146,True,,0.5135396953663074,401736243,2569044,129689,17,0,True,False,matched,13.0,2025-07-12,under,0.12086457357513569,1.925925925925926,-1.0,1.0,False,False,False
2277,d3a510eca75cc12ba3495cce2bbf86b5,221,Tiffany Hayes,tiffanyhayes,GSV,points,12.5,-106.0,-122.0,10,10,2025-07-11 14:22:11+00:00,2025-07-11 14:22:11+00:00,2025-07-11 14:22:11+00:00,2025-07-12 20:00:00+00:00,0.0,2025-07-12,2025,REG,LVA,GSV,1.064112656345666,True,,0.4819416314468661,401736243,1054,129689,17,0,True,False,matched,16.0,2025-07-12,under,0.09007385234217208,1.819672131147541,-1.0,1.0,False,False,False
2278,aba491fe920208704a6e351738f0d3c0,68,Caitlin Clark,caitlinclark,IND,rebounds,4.5,-128.0,-104.0,10,10,2025-07-12 02:22:20+00:00,2025-07-12 02:22:20+00:00,2025-07-12 02:22:20+00:00,2025-07-13 17:00:00+00:00,0.0,2025-07-13,2025,REG,IND,DAL,1.0712074303405572,True,,0.5267388899028808,401736244,4433403,5,3,1,True,False,matched,3.0,2025-07-13,under,0.16972313509890313,1.9615384615384617,0.9615384615384617,1.0,False,False,False
2278,ab4ead2bbdf9f066f2a95e97a7f505ee,528,Paige Bueckers,paigebueckers,DAL,rebounds,3.5,-162.0,122.0,10,10,2025-07-12 02:31:03+00:00,2025-07-12 02:31:03+00:00,2025-07-12 02:31:03+00:00,2025-07-13 17:00:00+00:00,0.0,2025-07-13,2025,REG,IND,DAL,1.0687710611374732,True,,0.5868918088955871,401736244,4433730,3,5,0,True,False,matched,4.0,2025-07-13,under,0.06302437614136847,2.2199999999999998,-1.0,1.0,False,False,False
2278,41e5f047e1e10aafcbd9a1a6f5d19a8a,76,Lexie Hull,lexiehull,IND,points,7.5,100.0,-130.0,10,10,2025-07-12 14:41:00+00:00,2025-07-12 14:41:00+00:00,2025-07-12 14:41:00+00:00,2025-07-13 17:00:00+00:00,0.0,2025-07-13,2025,REG,IND,DAL,1.065217391304348,True,,0.4663164946059025,401736244,4398829,5,3,1,True,False,matched,3.0,2025-07-13,under,0.21521957951263682,1.7692307692307692,0.7692307692307692,1.0,False,False,False
2278,54ff9aee8a0c4de321d525e553662cae,95,Li Yueru,liyueru,DAL,points,8.5,-118.0,-110.0,10,10,2025-07-12 14:41:01+00:00,2025-07-12 14:41:01+00:00,2025-07-12 14:41:01+00:00,2025-07-13 17:00:00+00:00,0.0,2025-07-13,2025,REG,IND,DAL,1.0650939274792486,True,,0.5090245232268319,401736244,4336633,3,5,0,True,False,matched,16.0,2025-07-13,under,0.19301778234045253,1.9090909090909092,-1.0,1.0,False,False,False
2278,b6f4d173f4070443b3277c00c8f77da4,71,Aliyah Boston,aliyahboston,IND,assists,3.5,100.0,-132.0,10,10,2025-07-12 14:41:01+00:00,2025-07-12 14:41:01+00:00,2025-07-12 14:41:01+00:00,2025-07-13 17:00:00+00:00,0.0,2025-07-13,2025,REG,IND,DAL,1.0689655172413794,True,,0.46430627616618364,401736244,4432831,5,3,1,True,False,matched,3.0,2025-07-13,over,0.0911478523863487,2.0,-1.0,1.0,False,False,False
2278,d4c8a888efab04f46adf6f6e4d63a57d,63,Arike Ogunbowale,arikeogunbowale,DAL,points,15.5,-130.0,100.0,10,10,2025-07-12 14:41:01+00:00,2025-07-12 14:41:01+00:00,2025-07-12 14:41:01+00:00,2025-07-13 17:00:00+00:00,0.0,2025-07-13,2025,REG,IND,DAL,1.065217391304348,True,,0.5336835053940976,401736244,3904577,3,5,0,True,False,matched,2.0,2025-07-13,under,0.07793514835621962,2.0,1.0,1.0,False,False,False
2279,0d3ee87da6473c0f0e0a447a73094216,137,Breanna Stewart,breannastewart,NYL,threes,1.5,148.0,-200.0,10,10,2025-07-12 14:54:37+00:00,2025-07-12 14:54:37+00:00,2025-07-12 14:54:37+00:00,2025-07-13 19:00:00+00:00,0.0,2025-07-13,2025,REG,NYL,ATL,1.0698924731182795,True,,0.3634985050458517,401736245,2998928,9,20,1,True,False,matched,1.0,2025-07-13,under,0.14514141564522237,1.5,0.5,1.0,False,False,False
2279,dce74fdd6f2d8280703109dae31df5c2,15,Rhyne Howard,rhynehoward,ATL,points,16.5,102.0,-132.0,10,10,2025-07-12 14:54:37+00:00,2025-07-12 14:54:37+00:00,2025-07-12 14:54:37+00:00,2025-07-13 19:00:00+00:00,0.0,2025-07-13,2025,REG,NYL,ATL,1.0640150221918745,True,,0.4618487426836327,401736245,4398674,20,9,0,True,True,did_not_play,,2025-07-13,under,0.1055954094066156,1.7575757575757576,0.0,0.0,False,True,False
2279,f31a1f6c545886799ea3cb3cc7322f08,49,Brionna Jones,brionnajones,ATL,points,13.5,-125.0,-104.0,10,10,2025-07-12 14:54:38+00:00,2025-07-12 14:54:38+00:00,2025-07-12 14:54:38+00:00,2025-07-13 19:00:00+00:00,0.0,2025-07-13,2025,REG,NYL,ATL,1.065359477124183,True,,0.5236312520088393,401736245,3058895,20,9,0,True,False,matched,8.0,2025-07-13,under,0.21669173224089172,1.9615384615384617,0.9615384615384617,1.0,False,False,False
2279,a7de35ae5f04e80d91e472baafe41152,132,Sabrina Ionescu,sabrinaionescu,NYL,threes,2.5,-132.0,100.0,10,10,2025-07-12 14:54:38+00:00,2025-07-12 14:54:38+00:00,2025-07-12 14:54:38+00:00,2025-07-13 19:00:00+00:00,0.0,2025-07-13,2025,REG,NYL,ATL,1.0689655172413794,True,,0.5356937238338165,401736245,4066533,9,20,1,True,False,matched,0.0,2025-07-13,under,0.06593582166899958,2.0,1.0,1.0,False,False,False
2279,f8672aef29f8555b1af2898876d0a46e,1,Allisha Gray,allishagray,ATL,assists,3.5,-130.0,-102.0,10,10,2025-07-12 14:54:39+00:00,2025-07-12 14:54:39+00:00,2025-07-12 14:54:39+00:00,2025-07-13 19:00:00+00:00,0.0,2025-07-13,2025,REG,NYL,ATL,1.0701678863538528,True,,0.5312123494364493,401736245,3058901,20,9,0,True,False,matched,3.0,2025-07-13,under,0.10994909630441091,1.9803921568627452,0.9803921568627452,1.0,False,False,False
2277,448588cc691c06c6457fb7fc73ab377f,103,A'ja Wilson,ajawilson,LVA,points,21.5,-120.0,-108.0,10,10,2025-07-12 15:13:48+00:00,2025-07-12 15:13:48+00:00,2025-07-12 15:13:48+00:00,2025-07-12 20:00:00+00:00,0.0,2025-07-12,2025,REG,LVA,GSV,1.0646853146853146,True,,0.5135396953663074,401736243,3149391,17,129689,1,True,False,matched,34.0,2025-07-12,under,0.3213814892856831,1.925925925925926,-1.0,1.0,False,False,False
2281,6850ab2c3345e845952593c5a7f559cb,182,Brittney Sykes,brittneysykes,TOR,points,14.5,-128.0,-102.0,10,10,2025-07-12 16:03:37+00:00,2025-07-12 16:03:37+00:00,2025-07-12 16:03:37+00:00,2025-07-13 22:00:00+00:00,0.0,2025-07-13,2025,REG,SEA,WAS,1.0663540038214347,True,,0.5291749480305961,401736247,2988756,16,14,0,True,False,matched,19.0,2025-07-13,under,0.10437818232710572,1.9803921568627452,-1.0,1.0,False,False,False
2281,1d933c7910429cf2c4cac2daa81e6a3f,175,Skylar Diggins,skylardiggins,CHI,points,16.5,-114.0,-114.0,10,10,2025-07-12 16:03:37+00:00,2025-07-12 16:03:37+00:00,2025-07-12 16:03:37+00:00,2025-07-13 22:00:00+00:00,0.0,2025-07-13,2025,REG,SEA,WAS,1.0654205607476634,True,,0.5000000000000001,401736247,2491205,14,16,1,True,False,matched,10.0,2025-07-13,under,0.09757362902582084,1.8771929824561404,0.8771929824561404,1.0,False,False,False
2281,4bee1ff7859aae534034e85bd64ccf57,180,Nneka Ogwumike,nnekaogwumike,LAS,points,15.5,-130.0,100.0,10,10,2025-07-12 16:03:37+00:00,2025-07-12 16:03:37+00:00,2025-07-12 16:03:37+00:00,2025-07-13 22:00:00+00:00,0.0,2025-07-13,2025,REG,SEA,WAS,1.065217391304348,True,,0.5336835053940976,401736247,1068,14,16,1,True,False,matched,16.0,2025-07-13,under,0.0957306017429993,2.0,-1.0,1.0,False,False,False
2281,f319a9761c689375d792cf21bbb56af9,196,Shakira Austin,shakiraaustin,WAS,points,13.5,-130.0,100.0,10,10,2025-07-12 16:03:38+00:00,2025-07-12 16:03:38+00:00,2025-07-12 16:03:38+00:00,2025-07-13 22:00:00+00:00,0.0,2025-07-13,2025,REG,SEA,WAS,1.065217391304348,True,,0.5336835053940976,401736247,4398911,16,14,0,True,False,matched,9.0,2025-07-13,under,0.15688420754160215,2.0,1.0,1.0,False,False,False
2281,dcfd6c48ce13613a2b4c27f5df2c973b,572,Kiki Iriafen,kikiiriafen,WAS,points,11.5,102.0,-132.0,10,10,2025-07-12 16:08:00+00:00,2025-07-12 16:08:00+00:00,2025-07-12 16:08:00+00:00,2025-07-13 22:00:00+00:00,0.0,2025-07-13,2025,REG,SEA,WAS,1.0640150221918745,True,,0.4618487426836327,401736247,4898384,16,14,0,True,False,matched,10.0,2025-07-13,under,0.1022391240054682,1.7575757575757576,0.7575757575757576,1.0,False,False,False
2281,d176125b8833b1287f9af09302e36aa9,66,Erica Wheeler,ericawheeler,LAS,points,10.5,-115.0,-113.0,10,10,2025-07-12 16:08:00+00:00,2025-07-12 16:08:00+00:00,2025-07-12 16:08:00+00:00,2025-07-13 22:00:00+00:00,0.0,2025-07-13,2025,REG,SEA,WAS,1.0654001528551151,True,,0.5022557674006809,401736247,2491214,14,16,1,True,False,matched,6.0,2025-07-13,under,0.06981624601867537,1.8849557522123894,0.8849557522123894,1.0,False,False,False
2280,222fe7bd4a9ef6d59602ac5284075b76,101,Kelsey Plum,kelseyplum,LAS,assists,5.5,124.0,-166.0,10,10,2025-07-12 17:48:24+00:00,2025-07-12 17:48:24+00:00,2025-07-12 17:48:24+00:00,2025-07-13 22:00:00+00:00,0.0,2025-07-13,2025,REG,LAS,CON,1.0704887218045114,True,,0.40796342297849103,401736246,3065570,6,18,1,True,False,matched,3.0,2025-07-13,over,0.0667776489760904,2.24,-1.0,1.0,False,False,False
2280,5fc41c39529685248a280e8be902dd0d,9,Tina Charles,tinacharles,FA,rebounds,5.5,122.0,-162.0,10,10,2025-07-12 17:52:54+00:00,2025-07-12 17:52:54+00:00,2025-07-12 17:52:54+00:00,2025-07-13 22:00:00+00:00,0.0,2025-07-13,2025,REG,LAS,CON,1.0687710611374732,True,,0.41310819110441305,401736246,918,18,6,0,True,False,matched,7.0,2025-07-13,over,0.3139047614435594,2.2199999999999998,1.2199999999999998,1.0,False,False,False
2280,e21e97586f4576af9735768d81937a37,89,Dearica Hamby,dearicahamby,LAS,rebounds,7.5,-114.0,-114.0,10,10,2025-07-12 17:52:54+00:00,2025-07-12 17:52:54+00:00,2025-07-12 17:52:54+00:00,2025-07-13 22:00:00+00:00,0.0,2025-07-13,2025,REG,LAS,CON,1.0654205607476634,True,,0.5000000000000001,401736246,2566106,6,18,1,True,False,matched,7.0,2025-07-13,under,0.09699861148756778,1.8771929824561404,0.8771929824561404,1.0,False,False,False
2279,5c010d0465ded37bc550a32e9cc2a8d4,147,Leonie Fiebich,leoniefiebich,NYL,points,9.5,100.0,-140.0,33,33,2025-07-12 19:04:53+00:00,2025-07-12 19:04:53+00:00,2025-07-12 19:04:53+00:00,2025-07-13 19:00:00+00:00,0.0,2025-07-13,2025,REG,NYL,ATL,1.0833333333333333,True,,0.4565136318718986,401736245,4683006,9,20,1,True,False,matched,21.0,2025-07-13,under,0.07066193806064552,1.7142857142857144,-1.0,1.0,False,False,False
2279,e5e0e06c96b54f85d9c44b322365b86b,130,Kennedy Burke,kennedyburke,CON,points,10.5,-102.0,-128.0,10,10,2025-07-13 00:03:46+00:00,2025-07-13 00:03:46+00:00,2025-07-13 00:03:46+00:00,2025-07-13 19:00:00+00:00,0.0,2025-07-13,2025,REG,NYL,ATL,1.0663540038214347,True,,0.47082505196940394,401736245,3922628,9,20,1,True,False,matched,7.0,2025-07-13,under,0.20513513785598952,1.78125,0.78125,1.0,False,False,False
2278,f09fc9d71e7a29d28772e3db4b7e8cab,526,Aziaha James,aziahajames,DAL,points,14.5,-130.0,100.0,10,10,2025-07-13 00:15:58+00:00,2025-07-13 00:15:58+00:00,2025-07-13 00:15:58+00:00,2025-07-13 17:00:00+00:00,0.0,2025-07-13,2025,REG,IND,DAL,1.065217391304348,True,,0.5336835053940976,401736244,4433807,3,5,0,True,False,matched,11.0,2025-07-13,under,0.34468970785353586,2.0,1.0,1.0,False,False,False
2279,bbeb2606d62bd79d26a05a1275bebde9,163,Natasha Cloud,natashacloud,CHI,rebounds,3.5,-104.0,-128.0,10,10,2025-07-13 04:22:00+00:00,2025-07-13 04:22:00+00:00,2025-07-13 04:22:00+00:00,2025-07-13 19:00:00+00:00,0.0,2025-07-13,2025,REG,NYL,ATL,1.0712074303405572,True,,0.4732611100971195,401736245,2529137,9,20,1,True,False,matched,1.0,2025-07-13,under,0.09231249126640678,1.78125,0.78125,1.0,False,False,False
2278,345aa0410f0beacb0e8d733608b12be5,156,Sophie Cunningham,sophiecunningham,IND,rebounds,3.5,-195.0,135.0,49,49,2025-07-13 06:39:50+00:00,2025-07-13 06:39:50+00:00,2025-07-13 06:39:50+00:00,2025-07-13 17:00:00+00:00,0.0,2025-07-13,2025,REG,IND,DAL,1.0865488640461594,True,,0.6231940595562159,401736244,3907781,5,3,1,True,False,matched,5.0,2025-07-13,under,0.07596646090704795,2.35,-1.0,1.0,False,False,False
2282,f05fd0a7300e91fda2bd81429078bca8,125,Kayla McBride,kaylamcbride,MIN,points,13.5,-118.0,-110.0,10,10,2025-07-13 14:48:17+00:00,2025-07-13 14:48:17+00:00,2025-07-13 14:48:17+00:00,2025-07-15 00:00:00+00:00,0.0,2025-07-14,2025,REG,CHI,MIN,1.0650939274792486,True,,0.5090245232268319,401736248,2529205,8,19,0,True,False,matched,17.0,2025-07-14,under,0.166027264336631,1.9090909090909092,-1.0,1.0,False,False,False
2282,de89f619991fc4baa766f84cbc5f2482,112,Napheesa Collier,napheesacollier,MIN,points,21.5,-114.0,-114.0,10,10,2025-07-13 14:48:17+00:00,2025-07-13 14:48:17+00:00,2025-07-13 14:48:17+00:00,2025-07-15 00:00:00+00:00,0.0,2025-07-14,2025,REG,CHI,MIN,1.0654205607476634,True,,0.5000000000000001,401736248,3917450,8,19,0,True,False,matched,29.0,2025-07-14,under,0.07862653389477425,1.8771929824561404,-1.0,1.0,False,False,False
2282,cac82e06ced74bdbea6c7a58a9e746f8,185,Ariel Atkins,arielatkins,LAS,threes,1.5,-114.0,-114.0,10,10,2025-07-13 14:48:18+00:00,2025-07-13 14:48:18+00:00,2025-07-13 14:48:18+00:00,2025-07-15 00:00:00+00:00,0.0,2025-07-14,2025,REG,CHI,MIN,1.0654205607476634,True,,0.5000000000000001,401736248,3146151,19,8,1,True,False,matched,0.0,2025-07-14,under,0.10150002420894488,1.8771929824561404,0.8771929824561404,1.0,False,False,False
2282,e9ebd5efff6ef54f98ecd87700110d0a,26,Angel Reese,angelreese,ATL,rebounds,12.5,-128.0,-104.0,10,10,2025-07-13 14:48:18+00:00,2025-07-13 14:48:18+00:00,2025-07-13 14:48:18+00:00,2025-07-15 00:00:00+00:00,0.0,2025-07-14,2025,REG,CHI,MIN,1.0712074303405572,True,,0.5267388899028808,401736248,4433402,19,8,1,True,False,matched,10.0,2025-07-14,under,0.05243811643046015,1.9615384615384617,0.9615384615384617,1.0,False,False,False
2284,d879d26b908ba2899de2d4b743d6baab,68,Caitlin Clark,caitlinclark,IND,points,18.5,-120.0,-110.0,12,12,2025-07-13 20:16:31+00:00,2025-07-13 20:16:31+00:00,2025-07-13 20:16:31+00:00,2025-07-16 00:00:00+00:00,0.0,2025-07-15,2025,REG,CON,IND,1.0692640692640691,True,,0.5112040114787568,401736250,4433403,5,18,0,True,False,matched,14.0,2025-07-15,under,0.19632503631786147,1.9090909090909092,0.9090909090909092,1.0,False,False,False
2283,51fb121ef7c8b033890aa25f865010cb,40,Alyssa Thomas,alyssathomas,PHO,points,15.5,-122.0,-106.0,10,10,2025-07-14 02:46:56+00:00,2025-07-14 02:46:56+00:00,2025-07-14 02:46:56+00:00,2025-07-15 02:00:00+00:00,0.0,2025-07-14,2025,REG,GSV,PHX,1.064112656345666,True,,0.518058368553134,401736249,2529140,11,129689,0,True,False,matched,17.0,2025-07-14,under,0.30395438041888884,1.9433962264150944,-1.0,1.0,False,False,False
2283,7c5b858527784db4ec0395566a3ead41,221,Tiffany Hayes,tiffanyhayes,GSV,assists,2.5,-108.0,-122.0,10,10,2025-07-14 02:46:56+00:00,2025-07-14 02:46:56+00:00,2025-07-14 02:46:56+00:00,2025-07-15 02:00:00+00:00,0.0,2025-07-14,2025,REG,GSV,PHX,1.0687803187803186,True,,0.48431040390879443,401736249,1054,129689,11,1,True,False,matched,4.0,2025-07-14,over,0.061142120518949405,1.925925925925926,0.925925925925926,1.0,False,False,False
2283,39b8a746e0e8321b48b80c5478b9996c,139,Kayla Thornton,kaylathornton,GSV,rebounds,6.5,-154.0,116.0,10,10,2025-07-14 02:46:57+00:00,2025-07-14 02:46:57+00:00,2025-07-14 02:46:57+00:00,2025-07-15 02:00:00+00:00,0.0,2025-07-14,2025,REG,GSV,PHX,1.0692621755613883,True,,0.574207987656796,401736249,2529622,129689,11,1,True,False,matched,6.0,2025-07-14,under,0.31442495624411315,2.16,1.1600000000000001,1.0,False,False,False
2283,adc3f46d9ce2e705e8e640ee79b4c71d,177,Sami Whitcomb,samiwhitcomb,PHO,points,12.5,-102.0,-128.0,10,10,2025-07-14 02:50:30+00:00,2025-07-14 02:50:30+00:00,2025-07-14 02:50:30+00:00,2025-07-15 02:00:00+00:00,0.0,2025-07-14,2025,REG,GSV,PHX,1.0663540038214347,True,,0.47082505196940394,401736249,887,11,129689,0,True,False,matched,7.0,2025-07-14,under,0.2115863073482615,1.78125,0.78125,1.0,False,False,False
2283,ea777b990c63eda1c8400bd32fde56ed,55,Veronica Burton,veronicaburton,GSV,rebounds,3.5,-172.0,128.0,10,10,2025-07-14 02:50:30+00:00,2025-07-14 02:50:30+00:00,2025-07-14 02:50:30+00:00,2025-07-15 02:00:00+00:00,0.0,2025-07-14,2025,REG,GSV,PHX,1.0709494324045408,True,,0.6004234693007796,401736249,4398935,129689,11,1,True,False,matched,2.0,2025-07-14,under,0.18721305177708863,2.2800000000000002,1.2800000000000002,1.0,False,False,False
2283,dbb1b91334e072e87bc4d7bce11cbb12,563,Monique Akoa Makani,moniqueakoamakani,PHO,points,9.5,-105.0,-125.0,12,12,2025-07-14 03:25:49+00:00,2025-07-14 03:25:49+00:00,2025-07-14 03:25:49+00:00,2025-07-15 02:00:00+00:00,0.0,2025-07-14,2025,REG,GSV,PHX,1.067750677506775,True,,0.47757418034290006,401736249,5274110,11,129689,0,True,False,matched,9.0,2025-07-14,under,0.05097355593134595,1.8,0.8,1.0,False,False,False
2282,9f8f68d8ddcdec0ee096879b10caf011,36,Rachel Banham,rachelbanham,CHI,points,9.5,-118.0,-110.0,10,10,2025-07-14 03:47:21+00:00,2025-07-14 03:47:21+00:00,2025-07-14 03:47:21+00:00,2025-07-15 00:00:00+00:00,0.0,2025-07-14,2025,REG,CHI,MIN,1.0650939274792486,True,,0.5090245232268319,401736248,2566186,19,8,1,True,False,matched,15.0,2025-07-14,under,0.13880763158484122,1.9090909090909092,-1.0,1.0,False,False,False
2284,9a81c6d9692823e5a2423ff9c627fbb6,71,Aliyah Boston,aliyahboston,IND,rebounds,8.5,118.0,-158.0,10,10,2025-07-14 03:51:59+00:00,2025-07-14 03:51:59+00:00,2025-07-14 03:51:59+00:00,2025-07-16 00:00:00+00:00,0.0,2025-07-15,2025,REG,CON,IND,1.0711186971054691,True,,0.42034729080094674,401736250,4432831,5,18,0,True,False,matched,6.0,2025-07-15,under,0.05541238856765818,1.6329113924050633,0.6329113924050633,1.0,False,False,False
2284,f439ff8b61698eeeecdf5e694e2a5792,518,Saniya Rivers,saniyarivers,CON,points,10.5,-102.0,-128.0,10,10,2025-07-14 03:59:15+00:00,2025-07-14 03:59:15+00:00,2025-07-14 03:59:15+00:00,2025-07-16 00:00:00+00:00,0.0,2025-07-15,2025,REG,CON,IND,1.0663540038214347,True,,0.47082505196940394,401736250,4433514,18,5,1,True,False,matched,8.0,2025-07-15,under,0.11765562031272231,1.78125,0.78125,1.0,False,False,False
2285,b00a37b5bc7ce06363655bfd8a45caa2,82,Azura Stevens,azurastevens,CHI,threes,1.5,-120.0,-110.0,10,10,2025-07-14 05:05:36+00:00,2025-07-14 05:05:36+00:00,2025-07-14 05:05:36+00:00,2025-07-16 02:00:00+00:00,0.0,2025-07-15,2025,REG,LAS,WAS,1.0692640692640691,True,,0.5112040114787568,401736251,3142010,6,16,1,True,False,matched,3.0,2025-07-15,under,0.1755184818893703,1.9090909090909092,-1.0,1.0,False,False,False
2285,0ba4103e535b99314ff4742550bf9f31,573,Sonia Citron,soniacitron,WAS,rebounds,4.5,102.0,-136.0,10,10,2025-07-14 05:05:36+00:00,2025-07-14 05:05:36+00:00,2025-07-14 05:05:36+00:00,2025-07-16 02:00:00+00:00,0.0,2025-07-15,2025,REG,LAS,WAS,1.071320691391173,True,,0.4579067075572801,401736251,4433524,16,6,0,True,False,matched,6.0,2025-07-15,over,0.13143202727697934,2.02,1.02,1.0,False,False,False
2285,b83164d2e67fa189e9f2ad2adc3dc1db,89,Dearica Hamby,dearicahamby,LAS,points,15.5,-106.0,-122.0,10,10,2025-07-14 05:05:36+00:00,2025-07-14 05:05:36+00:00,2025-07-14 05:05:36+00:00,2025-07-16 02:00:00+00:00,0.0,2025-07-15,2025,REG,LAS,WAS,1.064112656345666,True,,0.4819416314468661,401736251,2566106,6,16,1,True,False,matched,26.0,2025-07-15,under,0.06154835229380845,1.819672131147541,-1.0,1.0,False,False,False
2285,6588e7a1226746532132fcc3f96ef1d9,196,Shakira Austin,shakiraaustin,WAS,points,13.5,-125.0,-104.0,10,10,2025-07-14 05:05:36+00:00,2025-07-14 05:05:36+00:00,2025-07-14 05:05:36+00:00,2025-07-16 02:00:00+00:00,0.0,2025-07-15,2025,REG,LAS,WAS,1.065359477124183,True,,0.5236312520088393,401736251,4398911,16,6,0,True,False,matched,16.0,2025-07-15,under,0.05780332718444414,1.9615384615384617,-1.0,1.0,False,False,False
2285,72cb061f6d2223ecf0f23acad41174da,572,Kiki Iriafen,kikiiriafen,WAS,rebounds,7.5,-154.0,116.0,10,10,2025-07-14 05:05:37+00:00,2025-07-14 05:05:37+00:00,2025-07-14 05:05:37+00:00,2025-07-16 02:00:00+00:00,0.0,2025-07-15,2025,REG,LAS,WAS,1.0692621755613883,True,,0.574207987656796,401736251,4898384,16,6,0,True,False,matched,8.0,2025-07-15,under,0.1986927282029861,2.16,-1.0,1.0,False,False,False
2284,02e1c13fbab1b553f71f29447ab01510,70,Kelsey Mitchell,kelseymitchell,IND,assists,2.5,-140.0,100.0,33,33,2025-07-15 05:39:36+00:00,2025-07-15 05:39:36+00:00,2025-07-15 05:39:36+00:00,2025-07-16 00:00:00+00:00,0.0,2025-07-15,2025,REG,CON,IND,1.0833333333333333,True,,0.5434863681281015,401736250,3142191,5,18,0,True,False,matched,3.0,2025-07-15,under,0.07682376674010771,2.0,-1.0,1.0,False,False,False
2286,a8063555791a4724e53cb26e07dea2be,36,Rachel Banham,rachelbanham,CHI,assists,3.5,100.0,-130.0,24,24,2025-07-15 11:38:21+00:00,2025-07-15 11:38:21+00:00,2025-07-15 11:38:21+00:00,2025-07-16 16:00:00+00:00,0.0,2025-07-16,2025,REG,CHI,ATL,1.065217391304348,True,,0.4663164946059025,401736252,2566186,19,20,1,True,False,matched,2.0,2025-07-16,under,0.17936468042168774,1.7692307692307692,0.7692307692307692,1.0,False,False,False
2286,a4eee4e0571fb98dd775e6b98b53b666,26,Angel Reese,angelreese,ATL,assists,3.5,115.0,-145.0,24,24,2025-07-15 11:38:21+00:00,2025-07-15 11:38:21+00:00,2025-07-15 11:38:21+00:00,2025-07-16 16:00:00+00:00,0.0,2025-07-16,2025,REG,CHI,ATL,1.056953013763645,True,,0.4348401999529958,401736252,4433402,19,20,1,True,True,did_not_play,,2025-07-16,over,0.12965778981708442,2.15,0.0,0.0,False,True,False
2286,137843074734c354574a1d094f3b0931,2,Jordin Canada,jordincanada,ATL,assists,6.5,100.0,-130.0,24,24,2025-07-15 11:38:21+00:00,2025-07-15 11:38:21+00:00,2025-07-15 11:38:21+00:00,2025-07-16 16:00:00+00:00,0.0,2025-07-16,2025,REG,CHI,ATL,1.065217391304348,True,,0.4663164946059025,401736252,3142250,20,19,0,True,False,matched,8.0,2025-07-16,under,0.1009869841158107,1.7692307692307692,-1.0,1.0,False,False,False
2288,b7fb9bd4ce4fcb4e41e8351c6af0a222,55,Veronica Burton,veronicaburton,GSV,assists,5.5,-120.0,-110.0,24,24,2025-07-15 11:41:14+00:00,2025-07-15 11:41:14+00:00,2025-07-15 11:41:14+00:00,2025-07-16 19:00:00+00:00,0.0,2025-07-16,2025,REG,SEA,GSV,1.0692640692640691,True,,0.5112040114787568,401736254,4398935,129689,14,0,True,False,matched,4.0,2025-07-16,under,0.21319083275923684,1.9090909090909092,0.9090909090909092,1.0,False,False,False
2288,18967182db021615925cff9d4767453e,221,Tiffany Hayes,tiffanyhayes,GSV,threes,1.5,-140.0,110.0,24,24,2025-07-15 11:41:14+00:00,2025-07-15 11:41:14+00:00,2025-07-15 11:41:14+00:00,2025-07-16 19:00:00+00:00,0.0,2025-07-16,2025,REG,SEA,GSV,1.0595238095238093,True,,0.555167954788897,401736254,1054,129689,14,0,True,False,matched,1.0,2025-07-16,under,0.12733905631342612,2.1,1.1,1.0,False,False,False
2287,1da93045df2c7a9b43fda9df5963656b,125,Kayla McBride,kaylamcbride,MIN,assists,3.5,100.0,-130.0,24,24,2025-07-15 11:41:15+00:00,2025-07-15 11:41:15+00:00,2025-07-15 11:41:15+00:00,2025-07-16 17:00:00+00:00,0.0,2025-07-16,2025,REG,MIN,PHX,1.065217391304348,True,,0.4663164946059025,401736253,2529205,8,11,1,True,False,matched,5.0,2025-07-16,under,0.2635819056728703,1.7692307692307692,-1.0,1.0,False,False,False
2287,0defd723977abe763612d0f0a2ff0a40,117,Courtney Williams,courtneywilliams,MIN,assists,6.5,-125.0,-105.0,24,24,2025-07-15 11:41:15+00:00,2025-07-15 11:41:15+00:00,2025-07-15 11:41:15+00:00,2025-07-16 17:00:00+00:00,0.0,2025-07-16,2025,REG,MIN,PHX,1.067750677506775,True,,0.5224258196571001,401736253,2987891,8,11,1,True,False,matched,5.0,2025-07-16,under,0.13418021414113412,1.9523809523809523,0.9523809523809523,1.0,False,False,False
2287,87575c6b0db75a4feb087fe574d2da96,112,Napheesa Collier,napheesacollier,MIN,assists,3.5,-140.0,110.0,24,24,2025-07-15 11:41:15+00:00,2025-07-15 11:41:15+00:00,2025-07-15 11:41:15+00:00,2025-07-16 17:00:00+00:00,0.0,2025-07-16,2025,REG,MIN,PHX,1.0595238095238093,True,,0.555167954788897,401736253,3917450,8,11,1,True,False,matched,0.0,2025-07-16,under,0.12844159979127212,2.1,1.1,1.0,False,False,False
2287,5e0422eb4f628e4054f29285045adbed,177,Sami Whitcomb,samiwhitcomb,PHO,threes,2.5,140.0,-170.0,24,24,2025-07-15 11:41:15+00:00,2025-07-15 11:41:15+00:00,2025-07-15 11:41:15+00:00,2025-07-16 17:00:00+00:00,0.0,2025-07-16,2025,REG,MIN,PHX,1.0462962962962963,True,,0.3910947128467968,401736253,887,11,8,0,True,False,matched,2.0,2025-07-16,under,0.07760023527103743,1.5882352941176472,0.5882352941176472,1.0,False,False,False
2287,8c7530df827fea99961990f85fb4e4a0,40,Alyssa Thomas,alyssathomas,PHO,assists,9.5,100.0,-130.0,24,24,2025-07-15 11:41:15+00:00,2025-07-15 11:41:15+00:00,2025-07-15 11:41:15+00:00,2025-07-16 17:00:00+00:00,0.0,2025-07-16,2025,REG,MIN,PHX,1.065217391304348,True,,0.4663164946059025,401736253,2529140,11,8,0,True,False,matched,9.0,2025-07-16,under,0.06484437829268963,1.7692307692307692,0.7692307692307692,1.0,False,False,False
2290,905a2a9874b24e18f0ba7e6f305511c4,166,Jewell Loyd,jewellloyd,LVA,threes,1.5,-170.0,140.0,24,24,2025-07-15 11:46:59+00:00,2025-07-15 11:46:59+00:00,2025-07-15 11:46:59+00:00,2025-07-17 00:00:00+00:00,0.0,2025-07-16,2025,REG,DAL,LVA,1.0462962962962963,True,,0.6089052871532034,401736256,2987869,17,3,0,True,False,matched,1.0,2025-07-16,under,0.12269926311924984,2.4,1.4,1.0,False,False,False
2290,bce974b2f20ed4e0e6ad26d77e6102a4,528,Paige Bueckers,paigebueckers,DAL,threes,1.5,150.0,-185.0,24,24,2025-07-15 11:46:59+00:00,2025-07-15 11:46:59+00:00,2025-07-15 11:46:59+00:00,2025-07-17 00:00:00+00:00,0.0,2025-07-16,2025,REG,DAL,LVA,1.049122807017544,True,,0.3723998049350017,401736256,4433730,3,17,1,True,False,matched,1.0,2025-07-16,under,0.06572065498587115,1.5405405405405406,0.5405405405405406,1.0,False,False,False
2290,42ed3d4510c02791cf3953a30f3cd669,103,A'ja Wilson,ajawilson,LVA,assists,3.5,140.0,-170.0,24,24,2025-07-15 11:46:59+00:00,2025-07-15 11:46:59+00:00,2025-07-15 11:46:59+00:00,2025-07-17 00:00:00+00:00,0.0,2025-07-16,2025,REG,DAL,LVA,1.0462962962962963,True,,0.3910947128467968,401736256,3149391,17,3,0,True,False,matched,2.0,2025-07-16,under,0.06476880815258013,1.5882352941176472,0.5882352941176472,1.0,False,False,False
2290,984861f2dcb7a147680ec5ba2c572682,107,Chelsea Gray,chelseagray,LVA,assists,4.5,-145.0,115.0,24,24,2025-07-15 11:46:59+00:00,2025-07-15 11:46:59+00:00,2025-07-15 11:46:59+00:00,2025-07-17 00:00:00+00:00,0.0,2025-07-16,2025,REG,DAL,LVA,1.056953013763645,True,,0.5651598000470045,401736256,2529122,17,3,0,True,False,matched,7.0,2025-07-16,under,0.05812717580646065,2.15,-1.0,1.0,False,False,False
2284,54647065d44cdda35cdf95e46d842e90,274,Bria Hartley,briahartley,FA,points,10.5,-115.0,-113.0,10,10,2025-07-15 17:10:42+00:00,2025-07-15 17:10:42+00:00,2025-07-15 17:10:42+00:00,2025-07-16 00:00:00+00:00,0.0,2025-07-15,2025,REG,CON,IND,1.0654001528551151,True,,0.5022557674006809,401736250,2529185,18,5,1,True,False,matched,11.0,2025-07-15,under,0.09546265892350247,1.8849557522123894,-1.0,1.0,False,False,False
2286,f37f425d57fc17bf6b3fc53205b1d780,1,Allisha Gray,allishagray,ATL,points,19.5,100.0,-130.0,10,10,2025-07-15 18:13:39+00:00,2025-07-15 18:13:39+00:00,2025-07-15 18:13:39+00:00,2025-07-16 16:00:00+00:00,0.0,2025-07-16,2025,REG,CHI,ATL,1.065217391304348,True,,0.4663164946059025,401736252,3058901,20,19,0,True,False,matched,14.0,2025-07-16,under,0.16032637338761746,1.7692307692307692,0.7692307692307692,1.0,False,False,False
2286,b22d5786e5e25846cfb7cb037fe408d2,49,Brionna Jones,brionnajones,ATL,points,14.5,-102.0,-128.0,10,10,2025-07-15 18:13:40+00:00,2025-07-15 18:13:40+00:00,2025-07-15 18:13:40+00:00,2025-07-16 16:00:00+00:00,0.0,2025-07-16,2025,REG,CHI,ATL,1.0663540038214347,True,,0.47082505196940394,401736252,3058895,20,19,0,True,False,matched,14.0,2025-07-16,under,0.14280825547042353,1.78125,0.78125,1.0,False,False,False
2286,d48b9f847cab17d2d9114b2f5b970c6a,148,Brittney Griner,brittneygriner,CON,rebounds,5.5,122.0,-162.0,10,10,2025-07-15 18:17:36+00:00,2025-07-15 18:17:36+00:00,2025-07-15 18:17:36+00:00,2025-07-16 16:00:00+00:00,0.0,2025-07-16,2025,REG,CHI,ATL,1.0687710611374732,True,,0.41310819110441305,401736252,2490553,20,19,0,True,False,matched,5.0,2025-07-16,over,0.10300658815133046,2.2199999999999998,-1.0,1.0,False,False,False
2284,b672364b49c7aec1c8760f4fd8fdab41,52,Jacy Sheldon,jacysheldon,CHI,points,9.5,155.0,-190.0,13,13,2025-07-15 20:47:49+00:00,2025-07-15 20:47:49+00:00,2025-07-15 20:47:49+00:00,2025-07-16 00:00:00+00:00,0.0,2025-07-15,2025,REG,CON,IND,1.0473292765382016,True,,0.36540694709976745,401736250,4432865,18,5,1,True,False,matched,1.0,2025-07-15,under,0.1619082184530082,1.526315789473684,0.5263157894736841,1.0,False,False,False
2284,5ab460bbe618dbd2309bea3212210bc1,156,Sophie Cunningham,sophiecunningham,IND,points,6.5,-130.0,100.0,13,13,2025-07-15 20:47:49+00:00,2025-07-15 20:47:49+00:00,2025-07-15 20:47:49+00:00,2025-07-16 00:00:00+00:00,0.0,2025-07-15,2025,REG,CON,IND,1.065217391304348,True,,0.5336835053940976,401736250,3907781,5,18,0,True,False,matched,11.0,2025-07-15,under,0.11628083477994022,2.0,-1.0,1.0,False,False,False
2288,f289af74bea0fd0d11b8e8987b720de9,180,Nneka Ogwumike,nnekaogwumike,LAS,points,15.5,-130.0,100.0,10,10,2025-07-15 21:38:25+00:00,2025-07-15 21:38:25+00:00,2025-07-15 21:38:25+00:00,2025-07-16 19:00:00+00:00,0.0,2025-07-16,2025,REG,SEA,GSV,1.065217391304348,True,,0.5336835053940976,401736254,1068,14,129689,1,True,False,matched,22.0,2025-07-16,under,0.15341230890182533,2.0,-1.0,1.0,False,False,False
2288,cba70e34c649e5bae13c2d29422bd6ef,175,Skylar Diggins,skylardiggins,CHI,points,16.5,-106.0,-122.0,10,10,2025-07-15 21:38:25+00:00,2025-07-15 21:38:25+00:00,2025-07-15 21:38:25+00:00,2025-07-16 19:00:00+00:00,0.0,2025-07-16,2025,REG,SEA,GSV,1.064112656345666,True,,0.4819416314468661,401736254,2491205,14,129689,1,True,False,matched,10.0,2025-07-16,under,0.056397871472468775,1.819672131147541,0.819672131147541,1.0,False,False,False
2288,8d73ba031436a36e924858454095d95a,139,Kayla Thornton,kaylathornton,GSV,rebounds,6.5,-154.0,116.0,10,10,2025-07-15 21:43:07+00:00,2025-07-15 21:43:07+00:00,2025-07-15 21:43:07+00:00,2025-07-16 19:00:00+00:00,0.0,2025-07-16,2025,REG,SEA,GSV,1.0692621755613883,True,,0.574207987656796,401736254,2529622,129689,14,0,True,False,matched,4.0,2025-07-16,under,0.2732066156343108,2.16,1.1600000000000001,1.0,False,False,False
2288,4e1c0794dbc3278e323975e8f97835e9,208,Gabby Williams,gabbywilliams,GSV,points,13.5,102.0,-132.0,10,10,2025-07-15 21:43:08+00:00,2025-07-15 21:43:08+00:00,2025-07-15 21:43:08+00:00,2025-07-16 19:00:00+00:00,0.0,2025-07-16,2025,REG,SEA,GSV,1.0640150221918745,True,,0.4618487426836327,401736254,3142328,14,129689,1,True,False,matched,4.0,2025-07-16,under,0.05486592487061043,1.7575757575757576,0.7575757575757576,1.0,False,False,False
2288,b4a32200d63aa531ad9c11f7f0dc4175,176,Ezi Magbegor,ezimagbegor,SEA,points,12.5,-105.0,-125.0,12,12,2025-07-15 21:49:21+00:00,2025-07-15 21:49:21+00:00,2025-07-15 21:49:21+00:00,2025-07-16 19:00:00+00:00,0.0,2025-07-16,2025,REG,SEA,GSV,1.067750677506775,True,,0.47757418034290006,401736254,4420318,14,129689,1,True,False,matched,3.0,2025-07-16,under,0.1968995120881819,1.8,0.8,1.0,False,False,False
2288,59ace73413ea9fa7e00cc0a8e67cc502,66,Erica Wheeler,ericawheeler,LAS,points,10.5,-115.0,-115.0,12,12,2025-07-15 21:49:21+00:00,2025-07-15 21:49:21+00:00,2025-07-15 21:49:21+00:00,2025-07-16 19:00:00+00:00,0.0,2025-07-16,2025,REG,SEA,GSV,1.0697674418604652,True,,0.5,401736254,2491214,14,129689,1,True,False,matched,15.0,2025-07-16,under,0.15619104828154867,1.8695652173913042,-1.0,1.0,False,False,False
2288,71d6163a32fb1e35cfe74887cc2f3d85,537,Janelle Salaun,janellesalaun,GSV,points,11.5,-115.0,-115.0,12,12,2025-07-15 21:55:32+00:00,2025-07-15 21:55:32+00:00,2025-07-15 21:55:32+00:00,2025-07-16 19:00:00+00:00,0.0,2025-07-16,2025,REG,SEA,GSV,1.0697674418604652,True,,0.5,401736254,4790264,129689,14,0,True,False,matched,10.0,2025-07-16,under,0.372063049090172,1.8695652173913042,0.8695652173913042,1.0,False,False,False
2285,964d6b4e3577bddd7a08e8bbfd59ff91,149,Sug Sutton,sugsutton,DAL,points,9.5,312.0,-476.0,60,60,2025-07-16 01:15:08+00:00,2025-07-16 01:15:08+00:00,2025-07-16 01:15:08+00:00,2025-07-16 02:00:00+00:00,0.0,2025-07-15,2025,REG,LAS,WAS,1.0691073354908307,True,,0.19668752240339232,401736251,4068159,16,6,0,True,False,matched,14.0,2025-07-15,over,0.158533270854747,4.12,3.12,1.0,False,False,False
2287,ad0fac92a2ed9c7d9eded4aa3ac7cc38,121,Alanna Smith,alannasmith,DAL,points,8.5,-130.0,100.0,19,19,2025-07-16 03:02:29+00:00,2025-07-16 03:02:29+00:00,2025-07-16 03:02:29+00:00,2025-07-16 17:00:00+00:00,0.0,2025-07-16,2025,REG,MIN,PHX,1.065217391304348,True,,0.5336835053940976,401736253,3913881,8,11,1,True,False,matched,11.0,2025-07-16,under,0.0724472567792866,2.0,-1.0,1.0,False,False,False
2290,37a510854cd068ca38822a136e62ca38,95,Li Yueru,liyueru,DAL,rebounds,6.5,-115.0,-115.0,19,19,2025-07-16 03:11:10+00:00,2025-07-16 03:11:10+00:00,2025-07-16 03:11:10+00:00,2025-07-17 00:00:00+00:00,0.0,2025-07-16,2025,REG,DAL,LVA,1.0697674418604652,True,,0.5,401736256,4336633,3,17,1,True,False,matched,8.0,2025-07-16,under,0.16418113187684852,1.8695652173913042,-1.0,1.0,False,False,False
2290,663ea9d92c03a87557f75edcdb914d5a,526,Aziaha James,aziahajames,DAL,points,11.5,-115.0,-125.0,33,33,2025-07-16 06:38:20+00:00,2025-07-16 06:38:20+00:00,2025-07-16 06:38:20+00:00,2025-07-17 00:00:00+00:00,0.0,2025-07-16,2025,REG,DAL,LVA,1.0904392764857882,True,,0.489168290835087,401736256,4433807,3,17,1,True,False,matched,2.0,2025-07-16,under,0.06853762117978057,1.8,0.8,1.0,False,False,False
2289,4fd844fa1e3695972e84fb434c2704db,88,Aari McDonald,aarimcdonald,FA,points,9.5,-114.0,-114.0,10,10,2025-07-16 07:29:43+00:00,2025-07-16 07:29:43+00:00,2025-07-16 07:29:43+00:00,2025-07-16 23:30:00+00:00,0.0,2025-07-16,2025,REG,NYL,IND,1.0654205607476634,True,,0.5000000000000001,401736255,4066553,5,9,0,True,False,matched,10.0,2025-07-16,under,0.23901515620596697,1.8771929824561404,-1.0,1.0,False,False,False
2289,96f9ca1a0001da3adf317b34ff79873c,70,Kelsey Mitchell,kelseymitchell,IND,points,18.5,-118.0,-110.0,10,10,2025-07-16 07:29:43+00:00,2025-07-16 07:29:43+00:00,2025-07-16 07:29:43+00:00,2025-07-16 23:30:00+00:00,0.0,2025-07-16,2025,REG,NYL,IND,1.0650939274792486,True,,0.5090245232268319,401736255,3142191,5,9,0,True,False,matched,16.0,2025-07-16,under,0.17246635608758804,1.9090909090909092,0.9090909090909092,1.0,False,False,False
2289,13d878f83f12f970ef5409195aa87f43,137,Breanna Stewart,breannastewart,NYL,points,19.5,-110.0,-118.0,10,10,2025-07-16 07:29:43+00:00,2025-07-16 07:29:43+00:00,2025-07-16 07:29:43+00:00,2025-07-16 23:30:00+00:00,0.0,2025-07-16,2025,REG,NYL,IND,1.0650939274792486,True,,0.4909754767731684,401736255,2998928,9,5,1,True,False,matched,24.0,2025-07-16,under,0.06370640474464828,1.847457627118644,-1.0,1.0,False,False,False
2289,7529c13247359742233dca9b2e3eae2a,76,Lexie Hull,lexiehull,IND,rebounds,4.5,102.0,-136.0,10,10,2025-07-16 07:29:44+00:00,2025-07-16 07:29:44+00:00,2025-07-16 07:29:44+00:00,2025-07-16 23:30:00+00:00,0.0,2025-07-16,2025,REG,NYL,IND,1.071320691391173,True,,0.4579067075572801,401736255,4398829,5,9,0,True,False,matched,7.0,2025-07-16,under,0.18185304763807764,1.7352941176470589,-1.0,1.0,False,False,False
2289,1bfc4a224d7c4ebf36e059718a133376,132,Sabrina Ionescu,sabrinaionescu,NYL,points,18.5,-120.0,-108.0,10,10,2025-07-16 07:29:44+00:00,2025-07-16 07:29:44+00:00,2025-07-16 07:29:44+00:00,2025-07-16 23:30:00+00:00,0.0,2025-07-16,2025,REG,NYL,IND,1.0646853146853146,True,,0.5135396953663074,401736255,4066533,9,5,1,True,False,matched,15.0,2025-07-16,under,0.1350639056348572,1.925925925925926,0.925925925925926,1.0,False,False,False
2289,5060e33e563e0e04b3b6a98c7554b0eb,71,Aliyah Boston,aliyahboston,IND,points,14.5,-128.0,-102.0,10,10,2025-07-16 07:29:44+00:00,2025-07-16 07:29:44+00:00,2025-07-16 07:29:44+00:00,2025-07-16 23:30:00+00:00,0.0,2025-07-16,2025,REG,NYL,IND,1.0663540038214347,True,,0.5291749480305961,401736255,4432831,5,9,0,True,False,matched,7.0,2025-07-16,under,0.12653964044665533,1.9803921568627452,0.9803921568627452,1.0,False,False,False
2289,dfd5b0b6e2a3da4a95d0b8f06b128832,147,Leonie Fiebich,leoniefiebich,NYL,points,9.5,-115.0,-113.0,10,10,2025-07-16 07:29:44+00:00,2025-07-16 07:29:44+00:00,2025-07-16 07:29:44+00:00,2025-07-16 23:30:00+00:00,0.0,2025-07-16,2025,REG,NYL,IND,1.0654001528551151,True,,0.5022557674006809,401736255,4683006,9,5,1,True,False,matched,10.0,2025-07-16,under,0.10550828570102355,1.8849557522123894,-1.0,1.0,False,False,False
2289,a80339a293aeec7347f4fd3fec02a7f1,163,Natasha Cloud,natashacloud,CHI,assists,5.5,118.0,-158.0,10,10,2025-07-16 07:29:44+00:00,2025-07-16 07:29:44+00:00,2025-07-16 07:29:44+00:00,2025-07-16 23:30:00+00:00,0.0,2025-07-16,2025,REG,NYL,IND,1.0711186971054691,True,,0.42034729080094674,401736255,2529137,9,5,1,True,False,matched,3.0,2025-07-16,over,0.10372845590834456,2.1799999999999997,-1.0,1.0,False,False,False
2289,dff81b1d7a6dd0c97093241930c1ff8b,56,Natasha Howard,natashahoward,MIN,points,11.5,-102.0,-128.0,10,10,2025-07-16 07:29:45+00:00,2025-07-16 07:29:45+00:00,2025-07-16 07:29:45+00:00,2025-07-16 23:30:00+00:00,0.0,2025-07-16,2025,REG,NYL,IND,1.0663540038214347,True,,0.47082505196940394,401736255,2529130,5,9,0,True,False,matched,8.0,2025-07-16,under,0.06867989338990987,1.78125,0.78125,1.0,False,False,False
2290,eba217ed5cb3744de1f3914af1814ff8,63,Arike Ogunbowale,arikeogunbowale,DAL,rebounds,3.5,-105.0,-140.0,49,49,2025-07-16 15:56:02+00:00,2025-07-16 15:56:02+00:00,2025-07-16 15:56:02+00:00,2025-07-17 00:00:00+00:00,0.0,2025-07-16,2025,REG,DAL,LVA,1.0955284552845528,True,,0.4626083554157797,401736256,3904577,3,17,1,True,False,matched,1.0,2025-07-16,under,0.24818261749991716,1.7142857142857144,0.7142857142857144,1.0,False,False,False
2289,2d37e578bb5d402b1c26cbdcf481e1cc,156,Sophie Cunningham,sophiecunningham,IND,points,7.5,-115.0,-115.0,13,13,2025-07-16 20:41:44+00:00,2025-07-16 20:41:44+00:00,2025-07-16 20:41:44+00:00,2025-07-16 23:30:00+00:00,0.0,2025-07-16,2025,REG,NYL,IND,1.0697674418604652,True,,0.5,401736255,3907781,5,9,0,True,False,matched,12.0,2025-07-16,under,0.1793626478301722,1.8695652173913042,-1.0,1.0,False,False,False
2290,f80538d31675c22f41154288e0f263c9,530,JJ Quinerly,jjquinerly,FA,points,11.5,-114.0,-114.0,10,10,2025-07-16 22:28:28+00:00,2025-07-16 22:28:28+00:00,2025-07-16 22:28:28+00:00,2025-07-17 00:00:00+00:00,0.0,2025-07-16,2025,REG,DAL,LVA,1.0654205607476634,True,,0.5000000000000001,401736256,4434015,3,17,1,True,False,matched,17.0,2025-07-16,under,0.1919607220413458,1.8771929824561404,-1.0,1.0,False,False,False
2289,e780e26bd901c423b9de4adb47e95bf2,131,Nyara Sabally,nyarasabally,TOR,points,7.5,104.0,-135.0,10,10,2025-07-16 23:18:31+00:00,2025-07-16 23:18:31+00:00,2025-07-16 23:18:31+00:00,2025-07-16 23:30:00+00:00,0.0,2025-07-16,2025,REG,NYL,IND,1.0646641635377556,True,,0.45648742045938223,401736255,4398768,9,5,1,True,False,matched,2.0,2025-07-16,under,0.12657710459590493,1.7407407407407407,0.7407407407407407,1.0,False,False,False
2291,a61d1ed74a01971b305e4dc096f0a6fd,196,Shakira Austin,shakiraaustin,WAS,points,14.5,-128.0,-102.0,10,10,2025-07-20 15:31:00+00:00,2025-07-20 15:31:00+00:00,2025-07-20 15:31:00+00:00,2025-07-22 23:30:00+00:00,0.0,2025-07-22,2025,REG,WAS,LAS,1.0663540038214347,True,,0.5291749480305961,401736257,4398911,16,6,1,True,False,matched,17.0,2025-07-22,under,0.13253878592525975,1.9803921568627452,-1.0,1.0,False,False,False
2291,b9c9d6da822d813312d648cb76b576f0,573,Sonia Citron,soniacitron,WAS,threes,1.5,-130.0,-102.0,10,10,2025-07-20 15:31:00+00:00,2025-07-20 15:31:00+00:00,2025-07-20 15:31:00+00:00,2025-07-22 23:30:00+00:00,0.0,2025-07-22,2025,REG,WAS,LAS,1.0701678863538528,True,,0.5312123494364493,401736257,4433524,16,6,1,True,False,matched,1.0,2025-07-22,under,0.12234211133675904,1.9803921568627452,0.9803921568627452,1.0,False,False,False
2291,bac7a5f5cb7cd0d12486125f56033787,182,Brittney Sykes,brittneysykes,TOR,points,15.5,-114.0,-114.0,10,10,2025-07-20 15:31:00+00:00,2025-07-20 15:31:00+00:00,2025-07-20 15:31:00+00:00,2025-07-22 23:30:00+00:00,0.0,2025-07-22,2025,REG,WAS,LAS,1.0654205607476634,True,,0.5000000000000001,401736257,2988756,16,6,1,True,False,matched,18.0,2025-07-22,under,0.12184855998036503,1.8771929824561404,-1.0,1.0,False,False,False
2291,69d2f47bdbfe1f003d54813e83c6e9b5,89,Dearica Hamby,dearicahamby,LAS,rebounds,6.5,-152.0,114.0,10,10,2025-07-20 15:31:00+00:00,2025-07-20 15:31:00+00:00,2025-07-20 15:31:00+00:00,2025-07-22 23:30:00+00:00,0.0,2025-07-22,2025,REG,WAS,LAS,1.0704643228007713,True,,0.5703965275254933,401736257,2566106,6,16,0,True,False,matched,14.0,2025-07-22,under,0.10944476994557212,2.1399999999999997,-1.0,1.0,False,False,False
2293,a2f4a9f370d6e409dce85eba6c7b7fcf,112,Napheesa Collier,napheesacollier,MIN,assists,3.5,102.0,-136.0,10,10,2025-07-20 16:13:06+00:00,2025-07-20 16:13:06+00:00,2025-07-20 16:13:06+00:00,2025-07-23 00:00:00+00:00,0.0,2025-07-22,2025,REG,MIN,CHI,1.071320691391173,True,,0.4579067075572801,401736259,3917450,8,19,1,True,False,matched,4.0,2025-07-22,under,0.1078748645184816,1.7352941176470589,-1.0,1.0,False,False,False
2293,0b5ceb8663e9439987c0816ca2251c64,117,Courtney Williams,courtneywilliams,MIN,assists,6.5,-102.0,-130.0,10,10,2025-07-20 16:13:06+00:00,2025-07-20 16:13:06+00:00,2025-07-20 16:13:06+00:00,2025-07-23 00:00:00+00:00,0.0,2025-07-22,2025,REG,MIN,CHI,1.0701678863538528,True,,0.46878765056355093,401736259,2987891,8,19,1,True,False,matched,7.0,2025-07-22,under,0.0648466410558251,1.7692307692307692,-1.0,1.0,False,False,False
2293,81345d18592d428918b16c1a6624ff25,36,Rachel Banham,rachelbanham,CHI,points,11.5,-122.0,-106.0,10,10,2025-07-20 16:13:07+00:00,2025-07-20 16:13:07+00:00,2025-07-20 16:13:07+00:00,2025-07-23 00:00:00+00:00,0.0,2025-07-22,2025,REG,MIN,CHI,1.064112656345666,True,,0.518058368553134,401736259,2566186,19,8,0,True,False,matched,8.0,2025-07-22,under,0.42789734179718564,1.9433962264150944,0.9433962264150944,1.0,False,False,False
2293,af20e8dd1762f48483d31593deb18065,185,Ariel Atkins,arielatkins,LAS,threes,1.5,-114.0,-114.0,10,10,2025-07-20 16:13:07+00:00,2025-07-20 16:13:07+00:00,2025-07-20 16:13:07+00:00,2025-07-23 00:00:00+00:00,0.0,2025-07-22,2025,REG,MIN,CHI,1.0654205607476634,True,,0.5000000000000001,401736259,3146151,19,8,0,True,True,did_not_play,,2025-07-22,under,0.2748666185651232,1.8771929824561404,0.0,0.0,False,True,False
2293,ec805df4600cf0762ae369859239d1ad,30,Kamilla Cardoso,kamillacardoso,CHI,rebounds,8.5,-114.0,-114.0,10,10,2025-07-20 16:13:07+00:00,2025-07-20 16:13:07+00:00,2025-07-20 16:13:07+00:00,2025-07-23 00:00:00+00:00,0.0,2025-07-22,2025,REG,MIN,CHI,1.0654205607476634,True,,0.5000000000000001,401736259,4433405,19,8,0,True,False,matched,10.0,2025-07-22,under,0.21204609860472234,1.8771929824561404,-1.0,1.0,False,False,False
2293,86c86d783780ffbabd945a14240c4279,26,Angel Reese,angelreese,ATL,assists,2.5,-154.0,116.0,10,10,2025-07-20 16:13:07+00:00,2025-07-20 16:13:07+00:00,2025-07-20 16:13:07+00:00,2025-07-23 00:00:00+00:00,0.0,2025-07-22,2025,REG,MIN,CHI,1.0692621755613883,True,,0.574207987656796,401736259,4433402,19,8,0,True,False,matched,2.0,2025-07-22,over,0.12034271289947268,1.6493506493506493,-1.0,1.0,False,False,False
2293,8e5e276644d3f7555d696b86474177e7,121,Alanna Smith,alannasmith,DAL,points,8.5,-130.0,100.0,10,10,2025-07-20 16:13:07+00:00,2025-07-20 16:13:07+00:00,2025-07-20 16:13:07+00:00,2025-07-23 00:00:00+00:00,0.0,2025-07-22,2025,REG,MIN,CHI,1.065217391304348,True,,0.5336835053940976,401736259,3913881,8,19,1,True,False,matched,10.0,2025-07-22,under,0.09184663473156324,2.0,-1.0,1.0,False,False,False
2293,1ed3d40f9dd3066e6bfd2701eefa30da,125,Kayla McBride,kaylamcbride,MIN,threes,2.5,-114.0,-114.0,10,10,2025-07-20 16:13:07+00:00,2025-07-20 16:13:07+00:00,2025-07-20 16:13:07+00:00,2025-07-23 00:00:00+00:00,0.0,2025-07-22,2025,REG,MIN,CHI,1.0654205607476634,True,,0.5000000000000001,401736259,2529205,8,19,1,True,False,matched,3.0,2025-07-22,under,0.0856711168359428,1.8771929824561404,-1.0,1.0,False,False,False
2292,2448e6e6069acf63ae2626920ee39375,88,Aari McDonald,aarimcdonald,FA,points,9.5,-108.0,-120.0,10,10,2025-07-20 17:45:17+00:00,2025-07-20 17:45:17+00:00,2025-07-20 17:45:17+00:00,2025-07-23 00:00:00+00:00,0.0,2025-07-22,2025,REG,NYL,IND,1.0646853146853146,True,,0.48646030463369283,401736258,4066553,5,9,0,True,False,matched,5.0,2025-07-22,under,0.19953983119872637,1.8333333333333335,0.8333333333333335,1.0,False,False,False
2292,f5236029e7d91261f071ade68582b565,156,Sophie Cunningham,sophiecunningham,IND,points,7.5,-128.0,-102.0,10,10,2025-07-20 17:45:17+00:00,2025-07-20 17:45:17+00:00,2025-07-20 17:45:17+00:00,2025-07-23 00:00:00+00:00,0.0,2025-07-22,2025,REG,NYL,IND,1.0663540038214347,True,,0.5291749480305961,401736258,3907781,5,9,0,True,False,matched,15.0,2025-07-22,under,0.1862404482165959,1.9803921568627452,-1.0,1.0,False,False,False
2292,8db987fb62aa47e1fcf3de586d82cde2,137,Breanna Stewart,breannastewart,NYL,points,19.5,-128.0,-102.0,10,10,2025-07-20 17:45:17+00:00,2025-07-20 17:45:17+00:00,2025-07-20 17:45:17+00:00,2025-07-23 00:00:00+00:00,0.0,2025-07-22,2025,REG,NYL,IND,1.0663540038214347,True,,0.5291749480305961,401736258,2998928,9,5,1,True,False,matched,17.0,2025-07-22,under,0.13926508335793109,1.9803921568627452,0.9803921568627452,1.0,False,False,False
2292,295a3be2f9fc4c05b6f036a0ab4db988,71,Aliyah Boston,aliyahboston,IND,assists,3.5,-144.0,108.0,10,10,2025-07-20 17:45:17+00:00,2025-07-20 17:45:17+00:00,2025-07-20 17:45:17+00:00,2025-07-23 00:00:00+00:00,0.0,2025-07-22,2025,REG,NYL,IND,1.0709331651954601,True,,0.5566845205396996,401736258,4432831,5,9,0,True,False,matched,6.0,2025-07-22,under,0.1097239827153092,2.08,-1.0,1.0,False,False,False
2292,f5e55e98a8252b98a618a361eba87984,147,Leonie Fiebich,leoniefiebich,NYL,points,9.5,104.0,-135.0,10,10,2025-07-20 17:45:17+00:00,2025-07-20 17:45:17+00:00,2025-07-20 17:45:17+00:00,2025-07-23 00:00:00+00:00,0.0,2025-07-22,2025,REG,NYL,IND,1.0646641635377556,True,,0.45648742045938223,401736258,4683006,9,5,1,True,False,matched,17.0,2025-07-22,under,0.08606812571345651,1.7407407407407407,-1.0,1.0,False,False,False
2292,24598889f6995ba34587919a8d3c5ff0,56,Natasha Howard,natashahoward,MIN,points,12.5,-102.0,-128.0,10,10,2025-07-20 17:45:18+00:00,2025-07-20 17:45:18+00:00,2025-07-20 17:45:18+00:00,2025-07-23 00:00:00+00:00,0.0,2025-07-22,2025,REG,NYL,IND,1.0663540038214347,True,,0.47082505196940394,401736258,2529130,5,9,0,True,False,matched,13.0,2025-07-22,under,0.20841760482194616,1.78125,-1.0,1.0,False,False,False
2292,1b9883bdd5aa40eb514456c2d7ea48c2,70,Kelsey Mitchell,kelseymitchell,IND,threes,2.5,110.0,-146.0,10,10,2025-07-20 17:45:18+00:00,2025-07-20 17:45:18+00:00,2025-07-20 17:45:18+00:00,2025-07-23 00:00:00+00:00,0.0,2025-07-22,2025,REG,NYL,IND,1.0696864111498257,True,,0.4392579960949788,401736258,3142191,5,9,0,True,False,matched,3.0,2025-07-22,under,0.16739263060035026,1.6849315068493151,-1.0,1.0,False,False,False
2292,de556b37e0041691a01ce3bc7f58a92f,132,Sabrina Ionescu,sabrinaionescu,NYL,points,18.5,-104.0,-125.0,10,10,2025-07-20 17:45:18+00:00,2025-07-20 17:45:18+00:00,2025-07-20 17:45:18+00:00,2025-07-23 00:00:00+00:00,0.0,2025-07-22,2025,REG,NYL,IND,1.065359477124183,True,,0.4763687479911608,401736258,4066533,9,5,1,True,False,matched,13.0,2025-07-22,under,0.08707477069108988,1.8,0.8,1.0,False,False,False
2294,017b36a85c775cd4382625e715e906c3,95,Li Yueru,liyueru,DAL,rebounds,6.5,100.0,-132.0,10,10,2025-07-20 18:27:51+00:00,2025-07-20 18:27:51+00:00,2025-07-20 18:27:51+00:00,2025-07-23 02:00:00+00:00,0.0,2025-07-22,2025,REG,SEA,DAL,1.0689655172413794,True,,0.46430627616618364,401736261,4336633,3,14,0,True,False,matched,10.0,2025-07-22,under,0.12892501269312,1.7575757575757576,-1.0,1.0,False,False,False
2294,7e5cbe2589f8262723c2ae643f417522,208,Gabby Williams,gabbywilliams,GSV,points,12.5,-120.0,-108.0,10,10,2025-07-20 18:27:51+00:00,2025-07-20 18:27:51+00:00,2025-07-20 18:27:51+00:00,2025-07-23 02:00:00+00:00,0.0,2025-07-22,2025,REG,SEA,DAL,1.0646853146853146,True,,0.5135396953663074,401736261,3142328,14,3,1,True,False,matched,14.0,2025-07-22,under,0.07617774989989545,1.925925925925926,-1.0,1.0,False,False,False
2294,08237066b2ba677e5b27a90689782e79,176,Ezi Magbegor,ezimagbegor,SEA,points,9.5,-122.0,-106.0,10,10,2025-07-20 18:27:52+00:00,2025-07-20 18:27:52+00:00,2025-07-20 18:27:52+00:00,2025-07-23 02:00:00+00:00,0.0,2025-07-22,2025,REG,SEA,DAL,1.064112656345666,True,,0.518058368553134,401736261,4420318,14,3,1,True,False,matched,12.0,2025-07-22,under,0.05898805520818451,1.9433962264150944,-1.0,1.0,False,False,False
2294,1ed45c7d60d1e5a056ad9c7e0df4fa00,175,Skylar Diggins,skylardiggins,CHI,points,16.5,-114.0,-114.0,10,10,2025-07-20 18:27:52+00:00,2025-07-20 18:27:52+00:00,2025-07-20 18:27:52+00:00,2025-07-23 02:00:00+00:00,0.0,2025-07-22,2025,REG,SEA,DAL,1.0654205607476634,True,,0.5000000000000001,401736261,2491205,14,3,1,True,True,did_not_play,,2025-07-22,under,0.05767756680721081,1.8771929824561404,0.0,0.0,False,True,False
2294,a1ccb68ce8bcfc5619b83c8dfa1b875b,528,Paige Bueckers,paigebueckers,DAL,rebounds,3.5,-104.0,-128.0,10,10,2025-07-20 18:27:52+00:00,2025-07-20 18:27:52+00:00,2025-07-20 18:27:52+00:00,2025-07-23 02:00:00+00:00,0.0,2025-07-22,2025,REG,SEA,DAL,1.0712074303405572,True,,0.4732611100971195,401736261,4433730,3,14,0,True,False,matched,4.0,2025-07-22,over,0.05225952621630847,1.9615384615384617,0.9615384615384617,1.0,False,False,False
2295,033766ea9bb3f47ddaaf15b7db90da1c,1,Allisha Gray,allishagray,ATL,assists,3.5,-168.0,126.0,10,10,2025-07-20 19:01:10+00:00,2025-07-20 19:01:10+00:00,2025-07-20 19:01:10+00:00,2025-07-23 02:00:00+00:00,0.0,2025-07-22,2025,REG,LVA,ATL,1.0693435477479856,True,,0.5954775535118485,401736260,3058901,20,17,0,True,False,matched,2.0,2025-07-22,under,0.38417989283801113,2.26,1.2599999999999998,1.0,False,False,False
2295,1e13468298e95e2813492c56742a3f00,49,Brionna Jones,brionnajones,ATL,points,14.5,104.0,-135.0,10,10,2025-07-20 19:01:10+00:00,2025-07-20 19:01:10+00:00,2025-07-20 19:01:10+00:00,2025-07-23 02:00:00+00:00,0.0,2025-07-22,2025,REG,LVA,ATL,1.0646641635377556,True,,0.45648742045938223,401736260,3058895,20,17,0,True,False,matched,7.0,2025-07-22,under,0.23023821751623524,1.7407407407407407,0.7407407407407407,1.0,False,False,False
2295,a85a9d3d181febb8459b47388105b628,2,Jordin Canada,jordincanada,ATL,points,12.5,-113.0,-115.0,10,10,2025-07-20 19:01:10+00:00,2025-07-20 19:01:10+00:00,2025-07-20 19:01:10+00:00,2025-07-23 02:00:00+00:00,0.0,2025-07-22,2025,REG,LVA,ATL,1.0654001528551151,True,,0.49774423259931944,401736260,3142250,20,17,0,True,False,matched,12.0,2025-07-22,under,0.1967753156236947,1.8695652173913042,0.8695652173913042,1.0,False,False,False
2295,d03a047f3924cbc9cf06904014a91084,148,Brittney Griner,brittneygriner,CON,rebounds,5.5,-138.0,104.0,10,10,2025-07-20 19:01:10+00:00,2025-07-20 19:01:10+00:00,2025-07-20 19:01:10+00:00,2025-07-23 02:00:00+00:00,0.0,2025-07-22,2025,REG,LVA,ATL,1.0700280112044818,True,,0.5464208361470752,401736260,2490553,20,17,0,True,False,matched,4.0,2025-07-22,under,0.09028529687182102,2.04,1.04,1.0,False,False,False
2291,d65573fafcb041c01eaaa2269250c484,82,Azura Stevens,azurastevens,CHI,points,12.5,-125.0,-105.0,12,12,2025-07-20 19:04:41+00:00,2025-07-20 19:04:41+00:00,2025-07-20 19:04:41+00:00,2025-07-22 23:30:00+00:00,0.0,2025-07-22,2025,REG,WAS,LAS,1.067750677506775,True,,0.5224258196571001,401736257,3142010,6,16,0,True,False,matched,15.0,2025-07-22,under,0.07912584735247186,1.9523809523809523,-1.0,1.0,False,False,False
2295,aeb1615bab9bbbfe343192e54369df6c,166,Jewell Loyd,jewellloyd,LVA,points,13.5,-118.0,-110.0,10,10,2025-07-20 19:05:15+00:00,2025-07-20 19:05:15+00:00,2025-07-20 19:05:15+00:00,2025-07-23 02:00:00+00:00,0.0,2025-07-22,2025,REG,LVA,ATL,1.0650939274792486,True,,0.5090245232268319,401736260,2987869,17,20,1,True,False,matched,7.0,2025-07-22,under,0.20772975297873253,1.9090909090909092,0.9090909090909092,1.0,False,False,False
2295,3a804171bb4624e62b2197df17c33b45,103,A'ja Wilson,ajawilson,LVA,points,23.5,-110.0,-118.0,10,10,2025-07-20 19:05:15+00:00,2025-07-20 19:05:15+00:00,2025-07-20 19:05:15+00:00,2025-07-23 02:00:00+00:00,0.0,2025-07-22,2025,REG,LVA,ATL,1.0650939274792486,True,,0.4909754767731684,401736260,3149391,17,20,1,True,False,matched,24.0,2025-07-22,under,0.13187936538050382,1.847457627118644,-1.0,1.0,False,False,False
2295,9a41df35693f717175cd0da4549e8841,107,Chelsea Gray,chelseagray,LVA,points,10.5,-104.0,-125.0,10,10,2025-07-20 19:05:15+00:00,2025-07-20 19:05:15+00:00,2025-07-20 19:05:15+00:00,2025-07-23 02:00:00+00:00,0.0,2025-07-22,2025,REG,LVA,ATL,1.065359477124183,True,,0.4763687479911608,401736260,2529122,17,20,1,True,False,matched,9.0,2025-07-22,under,0.1066393666146464,1.8,0.8,1.0,False,False,False
2293,9ecd82e1261bf0ec7f5d6bdf3aba8b96,33,Elizabeth Williams,elizabethwilliams,CHI,points,9.5,-114.0,-114.0,10,10,2025-07-22 10:43:20+00:00,2025-07-22 10:43:20+00:00,2025-07-22 10:43:20+00:00,2025-07-23 00:00:00+00:00,0.0,2025-07-22,2025,REG,MIN,CHI,1.0654205607476634,True,,0.5000000000000001,401736259,2566081,19,8,0,True,False,matched,4.0,2025-07-22,under,0.26628005410724054,1.8771929824561404,0.8771929824561404,1.0,False,False,False
2294,416937c931b8dab0d7b35a1adb4bc66c,530,JJ Quinerly,jjquinerly,FA,points,13.5,-113.0,-115.0,10,10,2025-07-23 01:34:15+00:00,2025-07-23 01:34:15+00:00,2025-07-23 01:34:15+00:00,2025-07-23 02:00:00+00:00,0.0,2025-07-22,2025,REG,SEA,DAL,1.0654001528551151,True,,0.49774423259931944,401736261,4434015,3,14,0,True,False,matched,9.0,2025-07-22,under,0.3308034314602924,1.8695652173913042,0.8695652173913042,1.0,False,False,False
2296,825009d049abdbe5961533dffc9dad08,1,Allisha Gray,allishagray,ATL,rebounds,6.5,116.0,-154.0,10,10,2025-07-23 05:43:27+00:00,2025-07-23 05:43:27+00:00,2025-07-23 05:43:27+00:00,2025-07-24 02:00:00+00:00,0.0,2025-07-23,2025,REG,PHX,ATL,1.0692621755613883,True,,0.425792012343204,401736262,3058901,20,11,0,True,False,matched,7.0,2025-07-23,under,0.23345421480720552,1.6493506493506493,-1.0,1.0,False,False,False
2296,3cdf17e99d3c9bfe392f8dc6032b96d7,40,Alyssa Thomas,alyssathomas,PHO,points,14.5,-102.0,-128.0,10,10,2025-07-23 05:43:27+00:00,2025-07-23 05:43:27+00:00,2025-07-23 05:43:27+00:00,2025-07-24 02:00:00+00:00,0.0,2025-07-23,2025,REG,PHX,ATL,1.0663540038214347,True,,0.47082505196940394,401736262,2529140,11,20,1,True,False,matched,7.0,2025-07-23,under,0.10725868564726893,1.78125,0.78125,1.0,False,False,False
2296,77ac9d0195143de0344ecbffcf1b0f9c,177,Sami Whitcomb,samiwhitcomb,PHO,points,9.5,-115.0,-113.0,10,10,2025-07-23 05:43:27+00:00,2025-07-23 05:43:27+00:00,2025-07-23 05:43:27+00:00,2025-07-24 02:00:00+00:00,0.0,2025-07-23,2025,REG,PHX,ATL,1.0654001528551151,True,,0.5022557674006809,401736262,887,11,20,1,True,False,matched,11.0,2025-07-23,under,0.07440422163866689,1.8849557522123894,-1.0,1.0,False,False,False
2296,662d1920be5896a3a76463e8fc090aef,155,Kahleah Copper,kahleahcopper,PHO,rebounds,3.5,116.0,-154.0,10,10,2025-07-23 05:43:27+00:00,2025-07-23 05:43:27+00:00,2025-07-23 05:43:27+00:00,2025-07-24 02:00:00+00:00,0.0,2025-07-23,2025,REG,PHX,ATL,1.0692621755613883,True,,0.425792012343204,401736262,2998938,11,20,1,True,False,matched,1.0,2025-07-23,over,0.07240904690015193,2.16,-1.0,1.0,False,False,False
2296,7ae382e0e612d06b1c23264a94dad212,2,Jordin Canada,jordincanada,ATL,assists,6.5,-130.0,-102.0,10,10,2025-07-23 05:43:28+00:00,2025-07-23 05:43:28+00:00,2025-07-23 05:43:28+00:00,2025-07-24 02:00:00+00:00,0.0,2025-07-23,2025,REG,PHX,ATL,1.0701678863538528,True,,0.5312123494364493,401736262,3142250,20,11,0,True,False,matched,6.0,2025-07-23,under,0.347728136858438,1.9803921568627452,0.9803921568627452,1.0,False,False,False
2296,56a7560daa3d46b28c9dcfbc65904cf2,49,Brionna Jones,brionnajones,ATL,points,13.5,100.0,-130.0,10,10,2025-07-23 05:43:28+00:00,2025-07-23 05:43:28+00:00,2025-07-23 05:43:28+00:00,2025-07-24 02:00:00+00:00,0.0,2025-07-23,2025,REG,PHX,ATL,1.065217391304348,True,,0.4663164946059025,401736262,3058895,20,11,0,True,False,matched,8.0,2025-07-23,under,0.20585549533156794,1.7692307692307692,0.7692307692307692,1.0,False,False,False
2296,86069a6caa66ab8740f52e650fac62ef,54,Satou Sabally,satousabally,NYL,rebounds,6.5,-132.0,100.0,10,10,2025-07-23 05:43:28+00:00,2025-07-23 05:43:28+00:00,2025-07-23 05:43:28+00:00,2025-07-24 02:00:00+00:00,0.0,2025-07-23,2025,REG,PHX,ATL,1.0689655172413794,True,,0.5356937238338165,401736262,4281929,11,20,1,True,False,matched,1.0,2025-07-23,under,0.0844228364481937,2.0,1.0,1.0,False,False,False
2302,4c170683f5908957f13d1ead1d52a44f,528,Paige Bueckers,paigebueckers,DAL,assists,5.5,-106.0,-125.0,10,10,2025-07-23 15:46:12+00:00,2025-07-23 15:46:12+00:00,2025-07-23 15:46:12+00:00,2025-07-26 02:00:00+00:00,0.0,2025-07-25,2025,REG,GSV,DAL,1.070118662351672,True,,0.4787708928615623,401736268,4433730,3,129689,0,True,False,matched,6.0,2025-07-25,under,0.12305528512780511,1.8,-1.0,1.0,False,False,False
2297,723dd803111c27813abf00fc5bc02105,103,A'ja Wilson,ajawilson,LVA,rebounds,9.5,-144.0,108.0,10,10,2025-07-23 17:01:02+00:00,2025-07-23 17:01:02+00:00,2025-07-23 17:01:02+00:00,2025-07-24 23:00:00+00:00,0.0,2025-07-24,2025,REG,IND,LVA,1.0709331651954601,True,,0.5566845205396996,401736264,3149391,17,5,0,True,False,matched,6.0,2025-07-24,under,0.12799430490688263,2.08,1.08,1.0,False,False,False
2297,8667bf58b25ea02a1575d65116cbe3ab,71,Aliyah Boston,aliyahboston,IND,assists,4.5,110.0,-146.0,10,10,2025-07-23 17:01:03+00:00,2025-07-23 17:01:03+00:00,2025-07-23 17:01:03+00:00,2025-07-24 23:00:00+00:00,0.0,2025-07-24,2025,REG,IND,LVA,1.0696864111498257,True,,0.4392579960949788,401736264,4432831,5,17,1,True,False,matched,3.0,2025-07-24,under,0.05985581262938511,1.6849315068493151,0.6849315068493151,1.0,False,False,False
2297,ba53da68595d1fe917bc32e30b7cd37f,70,Kelsey Mitchell,kelseymitchell,IND,threes,2.5,-114.0,-114.0,10,10,2025-07-23 19:22:33+00:00,2025-07-23 19:22:33+00:00,2025-07-23 19:22:33+00:00,2025-07-24 23:00:00+00:00,0.0,2025-07-24,2025,REG,IND,LVA,1.0654205607476634,True,,0.5000000000000001,401736264,3142191,5,17,1,True,False,matched,3.0,2025-07-24,under,0.20303931821273735,1.8771929824561404,-1.0,1.0,False,False,False
2298,c3452e9b7dbc2b941b0ef284bb351c55,101,Kelsey Plum,kelseyplum,LAS,points,17.5,-125.0,-104.0,10,10,2025-07-23 19:39:12+00:00,2025-07-23 19:39:12+00:00,2025-07-23 19:39:12+00:00,2025-07-24 23:00:00+00:00,0.0,2025-07-24,2025,REG,CON,LAS,1.065359477124183,True,,0.5236312520088393,401736263,3065570,6,18,0,True,False,matched,30.0,2025-07-24,under,0.1360878204848721,1.9615384615384617,-1.0,1.0,False,False,False
2298,3049948ba20b1d7b124214cd840dbef5,9,Tina Charles,tinacharles,FA,rebounds,6.5,124.0,-166.0,10,10,2025-07-23 19:45:08+00:00,2025-07-23 19:45:08+00:00,2025-07-23 19:45:08+00:00,2025-07-24 23:00:00+00:00,0.0,2025-07-24,2025,REG,CON,LAS,1.0704887218045114,True,,0.40796342297849103,401736263,918,18,6,1,True,False,matched,10.0,2025-07-24,over,0.17837403893735054,2.24,1.2400000000000002,1.0,False,False,False
2297,6873bb80eb89a1c6a12504145b7f962a,107,Chelsea Gray,chelseagray,LVA,assists,4.5,-140.0,110.0,24,24,2025-07-23 19:56:15+00:00,2025-07-23 19:56:15+00:00,2025-07-23 19:56:15+00:00,2025-07-24 23:00:00+00:00,0.0,2025-07-24,2025,REG,IND,LVA,1.0595238095238093,True,,0.555167954788897,401736264,2529122,17,5,0,True,False,matched,4.0,2025-07-24,under,0.057061248852689705,2.1,1.1,1.0,False,False,False
2298,878b03832bef6f24e751e8c8813bcf61,22,Marina Mabrey,marinamabrey,TOR,threes,1.5,116.0,-154.0,10,10,2025-07-23 19:57:10+00:00,2025-07-23 19:57:10+00:00,2025-07-23 19:57:10+00:00,2025-07-24 23:00:00+00:00,0.0,2025-07-24,2025,REG,CON,LAS,1.0692621755613883,True,,0.425792012343204,401736263,3904576,18,6,1,True,False,matched,2.0,2025-07-24,over,0.35279651471629275,2.16,1.1600000000000001,1.0,False,False,False
2297,cec7ba22a1c7dc5542b8390d28cee764,166,Jewell Loyd,jewellloyd,LVA,threes,1.5,118.0,-158.0,10,10,2025-07-23 20:08:10+00:00,2025-07-23 20:08:10+00:00,2025-07-23 20:08:10+00:00,2025-07-24 23:00:00+00:00,0.0,2025-07-24,2025,REG,IND,LVA,1.0711186971054691,True,,0.42034729080094674,401736264,2987869,17,5,0,True,False,matched,1.0,2025-07-24,over,0.07165980314919862,2.1799999999999997,-1.0,1.0,False,False,False
2298,17f0eefbf94cd7aff241f5a0d2e70771,82,Azura Stevens,azurastevens,CHI,points,13.5,-104.0,-125.0,10,10,2025-07-23 20:12:07+00:00,2025-07-23 20:12:07+00:00,2025-07-23 20:12:07+00:00,2025-07-24 23:00:00+00:00,0.0,2025-07-24,2025,REG,CON,LAS,1.065359477124183,True,,0.4763687479911608,401736263,3142010,6,18,0,True,False,matched,17.0,2025-07-24,under,0.05338006388756855,1.8,-1.0,1.0,False,False,False
2299,8cac7d8bf8573608fc587cd17568acc9,66,Erica Wheeler,ericawheeler,LAS,points,11.5,-130.0,100.0,10,10,2025-07-23 20:28:14+00:00,2025-07-23 20:28:14+00:00,2025-07-23 20:28:14+00:00,2025-07-25 00:30:00+00:00,0.0,2025-07-24,2025,REG,CHI,SEA,1.065217391304348,True,,0.5336835053940976,401736265,2491214,14,19,0,True,False,matched,13.0,2025-07-24,under,0.256172566596428,2.0,-1.0,1.0,False,False,False
2299,d95498fae0631e2432ac9cc247af4814,208,Gabby Williams,gabbywilliams,GSV,points,14.5,-108.0,-120.0,10,10,2025-07-23 20:28:14+00:00,2025-07-23 20:28:14+00:00,2025-07-23 20:28:14+00:00,2025-07-25 00:30:00+00:00,0.0,2025-07-24,2025,REG,CHI,SEA,1.0646853146853146,True,,0.48646030463369283,401736265,3142328,14,19,0,True,False,matched,10.0,2025-07-24,under,0.23644454337291765,1.8333333333333335,0.8333333333333335,1.0,False,False,False
2299,e8ee220b9ba18b62aaac74fc5e378e5d,176,Ezi Magbegor,ezimagbegor,SEA,rebounds,6.5,-132.0,100.0,10,10,2025-07-23 20:28:14+00:00,2025-07-23 20:28:14+00:00,2025-07-23 20:28:14+00:00,2025-07-25 00:30:00+00:00,0.0,2025-07-24,2025,REG,CHI,SEA,1.0689655172413794,True,,0.5356937238338165,401736265,4420318,14,19,0,True,False,matched,5.0,2025-07-24,under,0.09860557018517635,2.0,1.0,1.0,False,False,False
2299,3a4770787bd105554aaab2e97fb453cc,180,Nneka Ogwumike,nnekaogwumike,LAS,points,18.5,-120.0,-108.0,10,10,2025-07-23 20:28:15+00:00,2025-07-23 20:28:15+00:00,2025-07-23 20:28:15+00:00,2025-07-25 00:30:00+00:00,0.0,2025-07-24,2025,REG,CHI,SEA,1.0646853146853146,True,,0.5135396953663074,401736265,1068,14,19,0,True,False,matched,10.0,2025-07-24,under,0.2348527009739031,1.925925925925926,0.925925925925926,1.0,False,False,False
2299,25adf20f09d58ee6eb6f133d8faa58f3,36,Rachel Banham,rachelbanham,CHI,points,10.5,-115.0,-113.0,10,10,2025-07-23 20:32:47+00:00,2025-07-23 20:32:47+00:00,2025-07-23 20:32:47+00:00,2025-07-25 00:30:00+00:00,0.0,2025-07-24,2025,REG,CHI,SEA,1.0654001528551151,True,,0.5022557674006809,401736265,2566186,19,14,1,True,False,matched,13.0,2025-07-24,under,0.2679153684035301,1.8849557522123894,-1.0,1.0,False,False,False
2299,0664eaf4469ab641adc4efa2ae22a41c,26,Angel Reese,angelreese,ATL,points,14.5,-118.0,-110.0,10,10,2025-07-23 20:32:47+00:00,2025-07-23 20:32:47+00:00,2025-07-23 20:32:47+00:00,2025-07-25 00:30:00+00:00,0.0,2025-07-24,2025,REG,CHI,SEA,1.0650939274792486,True,,0.5090245232268319,401736265,4433402,19,14,1,True,True,did_not_play,,2025-07-24,under,0.08239361671896067,1.9090909090909092,0.0,0.0,False,True,False
2296,4823cd93fecddfea6b6327cd76c6d6a5,148,Brittney Griner,brittneygriner,CON,rebounds,5.5,-130.0,-102.0,10,10,2025-07-23 23:10:54+00:00,2025-07-23 23:10:54+00:00,2025-07-23 23:10:54+00:00,2025-07-24 02:00:00+00:00,0.0,2025-07-23,2025,REG,PHX,ATL,1.0701678863538528,True,,0.5312123494364493,401736262,2490553,20,11,0,True,False,matched,8.0,2025-07-23,under,0.06563815088420183,1.9803921568627452,-1.0,1.0,False,False,False
2297,4b12cd6b69e621073bef51074d01ddf6,102,Jackie Young,jackieyoung,LVA,assists,4.5,-108.0,-122.0,10,10,2025-07-23 23:43:53+00:00,2025-07-23 23:43:53+00:00,2025-07-23 23:43:53+00:00,2025-07-24 23:00:00+00:00,0.0,2025-07-24,2025,REG,IND,LVA,1.0687803187803186,True,,0.48431040390879443,401736264,4065870,17,5,0,True,False,matched,3.0,2025-07-24,under,0.07849926062716006,1.819672131147541,0.819672131147541,1.0,False,False,False
2297,24d3893cb6f3c8fd732f7e650c0ba483,73,NaLyssa Smith,nalyssasmith,LVA,points,7.5,-118.0,-110.0,10,10,2025-07-24 00:04:01+00:00,2025-07-24 00:04:01+00:00,2025-07-24 00:04:01+00:00,2025-07-24 23:00:00+00:00,0.0,2025-07-24,2025,REG,IND,LVA,1.0650939274792486,True,,0.5090245232268319,401736264,4398776,17,5,0,True,False,matched,10.0,2025-07-24,under,0.07351666026299108,1.9090909090909092,-1.0,1.0,False,False,False
2297,0ccebbef2dfe8b54d5146fd4e83b0ed7,88,Aari McDonald,aarimcdonald,FA,assists,4.5,-152.0,114.0,10,10,2025-07-24 00:04:02+00:00,2025-07-24 00:04:02+00:00,2025-07-24 00:04:02+00:00,2025-07-24 23:00:00+00:00,0.0,2025-07-24,2025,REG,IND,LVA,1.0704643228007713,True,,0.5703965275254933,401736264,4066553,5,17,1,True,False,matched,4.0,2025-07-24,under,0.2668185916641419,2.1399999999999997,1.1399999999999997,1.0,False,False,False
2297,42bf16f0c7c66caaa7c9afd287bb8976,156,Sophie Cunningham,sophiecunningham,IND,points,9.5,-108.0,-120.0,10,10,2025-07-24 00:04:02+00:00,2025-07-24 00:04:02+00:00,2025-07-24 00:04:02+00:00,2025-07-24 23:00:00+00:00,0.0,2025-07-24,2025,REG,IND,LVA,1.0646853146853146,True,,0.48646030463369283,401736264,3907781,5,17,1,True,False,matched,15.0,2025-07-24,under,0.17106720388757796,1.8333333333333335,-1.0,1.0,False,False,False
2298,8906a228d0d30216c8ab7623b20b5dde,43,Olivia Nelson-Ododa,olivianelsonododa,CON,points,8.5,-115.0,-125.0,33,33,2025-07-24 00:04:46+00:00,2025-07-24 00:04:46+00:00,2025-07-24 00:04:46+00:00,2025-07-24 23:00:00+00:00,0.0,2025-07-24,2025,REG,CON,LAS,1.0904392764857882,True,,0.489168290835087,401736263,4398966,18,6,1,True,False,matched,17.0,2025-07-24,under,0.11697252284890514,1.8,-1.0,1.0,False,False,False
2302,2a89af0705ae87a38ae817eb71bbedd7,530,JJ Quinerly,jjquinerly,FA,points,12.5,102.0,-132.0,10,10,2025-07-24 00:48:33+00:00,2025-07-24 00:48:33+00:00,2025-07-24 00:48:33+00:00,2025-07-26 02:00:00+00:00,0.0,2025-07-25,2025,REG,GSV,DAL,1.0640150221918745,True,,0.4618487426836327,401736268,4434015,3,129689,0,True,False,matched,3.0,2025-07-25,under,0.21376415120255887,1.7575757575757576,0.7575757575757576,1.0,False,False,False
2302,d01ccf9dba47ea8275be10b50c6a81fd,63,Arike Ogunbowale,arikeogunbowale,DAL,points,15.5,-108.0,-120.0,10,10,2025-07-24 00:48:33+00:00,2025-07-24 00:48:33+00:00,2025-07-24 00:48:33+00:00,2025-07-26 02:00:00+00:00,0.0,2025-07-25,2025,REG,GSV,DAL,1.0646853146853146,True,,0.48646030463369283,401736268,3904577,3,129689,0,True,False,matched,16.0,2025-07-25,under,0.12152874917081707,1.8333333333333335,-1.0,1.0,False,False,False
2302,0e6a3bb47f2f226da11acc29fe91cde9,221,Tiffany Hayes,tiffanyhayes,GSV,assists,3.5,132.0,-178.0,10,10,2025-07-24 00:48:33+00:00,2025-07-24 00:48:33+00:00,2025-07-24 00:48:33+00:00,2025-07-26 02:00:00+00:00,0.0,2025-07-25,2025,REG,GSV,DAL,1.0713222525427932,True,,0.39151484883498083,401736268,1054,129689,3,1,True,False,matched,5.0,2025-07-25,under,0.07446363347182516,1.5617977528089888,-1.0,1.0,False,False,False
2302,2aec357149cd62a2a071aef4bfef3692,55,Veronica Burton,veronicaburton,GSV,assists,5.5,-144.0,108.0,10,10,2025-07-24 00:48:34+00:00,2025-07-24 00:48:34+00:00,2025-07-24 00:48:34+00:00,2025-07-26 02:00:00+00:00,0.0,2025-07-25,2025,REG,GSV,DAL,1.0709331651954601,True,,0.5566845205396996,401736268,4398935,129689,3,1,True,False,matched,3.0,2025-07-25,under,0.2326122657509322,2.08,1.08,1.0,False,False,False
2302,85b442d446b4ad5fd5f554ca3abac192,95,Li Yueru,liyueru,DAL,rebounds,6.5,100.0,-132.0,10,10,2025-07-24 00:48:34+00:00,2025-07-24 00:48:34+00:00,2025-07-24 00:48:34+00:00,2025-07-26 02:00:00+00:00,0.0,2025-07-25,2025,REG,GSV,DAL,1.0689655172413794,True,,0.46430627616618364,401736268,4336633,3,129689,0,True,False,matched,2.0,2025-07-25,under,0.08531221634511382,1.7575757575757576,0.7575757575757576,1.0,False,False,False
2299,64f55fac1f07bc529e69cecd17f8cdd4,30,Kamilla Cardoso,kamillacardoso,CHI,points,12.5,-130.0,100.0,12,12,2025-07-24 01:05:35+00:00,2025-07-24 01:05:35+00:00,2025-07-24 01:05:35+00:00,2025-07-25 00:30:00+00:00,0.0,2025-07-24,2025,REG,CHI,SEA,1.065217391304348,True,,0.5336835053940976,401736265,4433405,19,14,1,True,False,matched,13.0,2025-07-24,under,0.26106135039249606,2.0,-1.0,1.0,False,False,False
2298,3a4c077848b7fa6e731b2e5efa4dc35a,518,Saniya Rivers,saniyarivers,CON,threes,1.5,210.0,-270.0,24,24,2025-07-24 06:39:13+00:00,2025-07-24 06:39:13+00:00,2025-07-24 06:39:13+00:00,2025-07-24 23:00:00+00:00,0.0,2025-07-24,2025,REG,CON,LAS,1.05231037489102,True,,0.29094669688776803,401736263,4433514,18,6,1,True,False,matched,0.0,2025-07-24,under,0.07567013940231432,1.3703703703703702,0.37037037037037024,1.0,False,False,False
2301,f32c76a70499037031a57cf997072330,141,Jonquel Jones,jonqueljones,NYL,points,12.5,-114.0,-114.0,10,10,2025-07-24 07:28:07+00:00,2025-07-24 07:28:07+00:00,2025-07-24 07:28:07+00:00,2025-07-25 23:30:00+00:00,0.0,2025-07-25,2025,REG,NYL,PHX,1.0654205607476634,True,,0.5000000000000001,401736266,2999101,9,11,1,True,False,matched,20.0,2025-07-25,under,0.19676378316839982,1.8771929824561404,-1.0,1.0,False,False,False
2301,a7bc6dfb45e1c8e026739491a6d2fd6f,132,Sabrina Ionescu,sabrinaionescu,NYL,points,17.5,-128.0,-102.0,10,10,2025-07-24 07:28:07+00:00,2025-07-24 07:28:07+00:00,2025-07-24 07:28:07+00:00,2025-07-25 23:30:00+00:00,0.0,2025-07-25,2025,REG,NYL,PHX,1.0663540038214347,True,,0.5291749480305961,401736266,4066533,9,11,1,True,False,matched,29.0,2025-07-25,under,0.15479295299097617,1.9803921568627452,-1.0,1.0,False,False,False
2301,daa18228179f6006469a2c7fca4bc7af,54,Satou Sabally,satousabally,NYL,rebounds,6.5,-152.0,114.0,10,10,2025-07-24 07:28:08+00:00,2025-07-24 07:28:08+00:00,2025-07-24 07:28:08+00:00,2025-07-25 23:30:00+00:00,0.0,2025-07-25,2025,REG,NYL,PHX,1.0704643228007713,True,,0.5703965275254933,401736266,4281929,11,9,0,True,False,matched,5.0,2025-07-25,under,0.16131311626795913,2.1399999999999997,1.1399999999999997,1.0,False,False,False
2301,17b37db1150230b0ec4e048ef90e12b9,40,Alyssa Thomas,alyssathomas,PHO,rebounds,7.5,104.0,-138.0,10,10,2025-07-24 07:28:08+00:00,2025-07-24 07:28:08+00:00,2025-07-24 07:28:08+00:00,2025-07-25 23:30:00+00:00,0.0,2025-07-25,2025,REG,NYL,PHX,1.0700280112044818,True,,0.4535791638529251,401736266,2529140,11,9,0,True,False,matched,13.0,2025-07-25,under,0.08479510371356119,1.7246376811594204,-1.0,1.0,False,False,False
2299,1e9e858f66cd887813ef92bff61b4e0f,175,Skylar Diggins,skylardiggins,CHI,threes,1.5,104.0,-138.0,10,10,2025-07-24 18:48:10+00:00,2025-07-24 18:48:10+00:00,2025-07-24 18:48:10+00:00,2025-07-25 00:30:00+00:00,0.0,2025-07-24,2025,REG,CHI,SEA,1.0700280112044818,True,,0.4535791638529251,401736265,2491205,14,19,0,True,False,matched,3.0,2025-07-24,under,0.07709249490854087,1.7246376811594204,-1.0,1.0,False,False,False
2301,da01a9ee768f311e4be39d2720cb7114,137,Breanna Stewart,breannastewart,NYL,threes,0.5,-250.0,165.0,33,33,2025-07-25 02:39:45+00:00,2025-07-25 02:39:45+00:00,2025-07-25 02:39:45+00:00,2025-07-25 23:30:00+00:00,0.0,2025-07-25,2025,REG,NYL,PHX,1.091644204851752,True,,0.6769644768626301,401736266,2998928,9,11,1,True,False,matched,0.0,2025-07-25,under,0.22160522139510763,2.65,1.65,1.0,False,False,False
2300,bcc820321881c0548eec70f888ef3718,103,A'ja Wilson,ajawilson,LVA,points,21.5,-122.0,-106.0,10,10,2025-07-25 04:07:42+00:00,2025-07-25 04:07:42+00:00,2025-07-25 04:07:42+00:00,2025-07-25 23:30:00+00:00,0.0,2025-07-25,2025,REG,MIN,LVA,1.064112656345666,True,,0.518058368553134,401736267,3149391,17,8,0,True,False,matched,15.0,2025-07-25,under,0.15150482018816241,1.9433962264150944,0.9433962264150944,1.0,False,False,False
2300,775c47e793154e3dd8ab10181a6b43f9,125,Kayla McBride,kaylamcbride,MIN,points,14.5,-108.0,-120.0,10,10,2025-07-25 04:07:42+00:00,2025-07-25 04:07:42+00:00,2025-07-25 04:07:42+00:00,2025-07-25 23:30:00+00:00,0.0,2025-07-25,2025,REG,MIN,LVA,1.0646853146853146,True,,0.48646030463369283,401736267,2529205,8,17,1,True,False,matched,13.0,2025-07-25,under,0.11738067262951729,1.8333333333333335,0.8333333333333335,1.0,False,False,False
2300,319c475aa07f653b98a1fbb95be507e9,112,Napheesa Collier,napheesacollier,MIN,points,20.5,-110.0,-118.0,10,10,2025-07-25 04:07:42+00:00,2025-07-25 04:07:42+00:00,2025-07-25 04:07:42+00:00,2025-07-25 23:30:00+00:00,0.0,2025-07-25,2025,REG,MIN,LVA,1.0650939274792486,True,,0.4909754767731684,401736267,3917450,8,17,1,True,False,matched,25.0,2025-07-25,under,0.08874429675077156,1.847457627118644,-1.0,1.0,False,False,False
2300,72079510488c99e5b5156ed4e56be19c,117,Courtney Williams,courtneywilliams,MIN,threes,1.5,194.0,-270.0,10,10,2025-07-25 04:07:42+00:00,2025-07-25 04:07:42+00:00,2025-07-25 04:07:42+00:00,2025-07-25 23:30:00+00:00,0.0,2025-07-25,2025,REG,MIN,LVA,1.0698657841514985,True,,0.2979582365398174,401736267,2987891,8,17,1,True,False,matched,3.0,2025-07-25,over,0.05580668046456794,2.94,1.94,1.0,False,False,False
2300,e86e86c8f22fcd31683968fa52e13ad1,166,Jewell Loyd,jewellloyd,LVA,threes,1.5,148.0,-200.0,10,10,2025-07-25 05:07:56+00:00,2025-07-25 05:07:56+00:00,2025-07-25 05:07:56+00:00,2025-07-25 23:30:00+00:00,0.0,2025-07-25,2025,REG,MIN,LVA,1.0698924731182795,True,,0.3634985050458517,401736267,2987869,17,8,0,True,False,matched,0.0,2025-07-25,over,0.14124395566966985,2.48,-1.0,1.0,False,False,False
2300,c42cc6d57472f55a8e6aab587ba5aab3,121,Alanna Smith,alannasmith,DAL,points,9.5,-102.0,-128.0,10,10,2025-07-25 05:20:04+00:00,2025-07-25 05:20:04+00:00,2025-07-25 05:20:04+00:00,2025-07-25 23:30:00+00:00,0.0,2025-07-25,2025,REG,MIN,LVA,1.0663540038214347,True,,0.47082505196940394,401736267,3913881,8,17,1,True,False,matched,4.0,2025-07-25,under,0.060821354884014356,1.78125,0.78125,1.0,False,False,False
2302,0213b5cf0068f9942a6affe7692f2c8c,537,Janelle Salaun,janellesalaun,GSV,rebounds,5.5,104.0,-138.0,10,10,2025-07-25 06:07:57+00:00,2025-07-25 06:07:57+00:00,2025-07-25 06:07:57+00:00,2025-07-26 02:00:00+00:00,0.0,2025-07-25,2025,REG,GSV,DAL,1.0700280112044818,True,,0.4535791638529251,401736268,4790264,129689,3,1,True,False,matched,7.0,2025-07-25,under,0.35906942607611314,1.7246376811594204,-1.0,1.0,False,False,False
2304,4f2ca2d2f684dfb97d6cddae820316cf,208,Gabby Williams,gabbywilliams,GSV,assists,4.5,-135.0,105.0,24,24,2025-07-25 15:13:28+00:00,2025-07-25 15:13:28+00:00,2025-07-25 15:13:28+00:00,2025-07-26 23:30:00+00:00,0.0,2025-07-26,2025,REG,WAS,SEA,1.0622729631551635,True,,0.5446886059829622,401736271,3142328,14,16,0,True,False,matched,1.0,2025-07-26,under,0.20624731426016696,2.05,1.0499999999999998,1.0,False,False,False
2304,8debbe819fb1d79d8b434a1264f8158d,182,Brittney Sykes,brittneysykes,TOR,assists,4.5,-115.0,-115.0,24,24,2025-07-25 15:13:28+00:00,2025-07-25 15:13:28+00:00,2025-07-25 15:13:28+00:00,2025-07-26 23:30:00+00:00,0.0,2025-07-26,2025,REG,WAS,SEA,1.0697674418604652,True,,0.5,401736271,2988756,16,14,1,True,False,matched,5.0,2025-07-26,under,0.12860782234473528,1.8695652173913042,-1.0,1.0,False,False,False
2304,fc22676a42174e8d08107afa622d9617,175,Skylar Diggins,skylardiggins,CHI,assists,5.5,-115.0,-115.0,24,24,2025-07-25 15:13:28+00:00,2025-07-25 15:13:28+00:00,2025-07-25 15:13:28+00:00,2025-07-26 23:30:00+00:00,0.0,2025-07-26,2025,REG,WAS,SEA,1.0697674418604652,True,,0.5,401736271,2491205,14,16,0,True,False,matched,4.0,2025-07-26,under,0.11590682177411638,1.8695652173913042,0.8695652173913042,1.0,False,False,False
2304,d50a92c67d68ef2e5c03c52e128b615a,573,Sonia Citron,soniacitron,WAS,threes,1.5,-115.0,-115.0,24,24,2025-07-25 15:17:43+00:00,2025-07-25 15:17:43+00:00,2025-07-25 15:17:43+00:00,2025-07-26 23:30:00+00:00,0.0,2025-07-26,2025,REG,WAS,SEA,1.0697674418604652,True,,0.5,401736271,4433524,16,14,1,True,False,matched,0.0,2025-07-26,under,0.15603183466812137,1.8695652173913042,0.8695652173913042,1.0,False,False,False
2304,840c22c59a9e64b7e936cf89e842062f,180,Nneka Ogwumike,nnekaogwumike,LAS,threes,1.5,108.0,-144.0,10,10,2025-07-25 19:27:52+00:00,2025-07-25 19:27:52+00:00,2025-07-25 19:27:52+00:00,2025-07-26 23:30:00+00:00,0.0,2025-07-26,2025,REG,WAS,SEA,1.0709331651954601,True,,0.4433154794603006,401736271,1068,14,16,0,True,False,matched,1.0,2025-07-26,under,0.20489709552769836,1.6944444444444444,0.6944444444444444,1.0,False,False,False
2304,8802b6084aecff849b07c8eca39167b6,196,Shakira Austin,shakiraaustin,WAS,points,14.5,-102.0,-128.0,10,10,2025-07-25 20:24:00+00:00,2025-07-25 20:24:00+00:00,2025-07-25 20:24:00+00:00,2025-07-26 23:30:00+00:00,0.0,2025-07-26,2025,REG,WAS,SEA,1.0663540038214347,True,,0.47082505196940394,401736271,4398911,16,14,1,True,False,matched,14.0,2025-07-26,under,0.06817876132537254,1.78125,0.78125,1.0,False,False,False
2304,40325a5b57b116e89a926b4a85d32bcd,176,Ezi Magbegor,ezimagbegor,SEA,rebounds,6.5,-130.0,-102.0,10,10,2025-07-26 00:51:03+00:00,2025-07-26 00:51:03+00:00,2025-07-26 00:51:03+00:00,2025-07-26 23:30:00+00:00,0.0,2025-07-26,2025,REG,WAS,SEA,1.0701678863538528,True,,0.5312123494364493,401736271,4420318,14,16,0,True,False,matched,3.0,2025-07-26,under,0.16213465155105244,1.9803921568627452,0.9803921568627452,1.0,False,False,False
2304,51f69928c7a3ddc7b0623ae49d366921,66,Erica Wheeler,ericawheeler,LAS,points,10.5,-130.0,100.0,10,10,2025-07-26 00:51:04+00:00,2025-07-26 00:51:04+00:00,2025-07-26 00:51:04+00:00,2025-07-26 23:30:00+00:00,0.0,2025-07-26,2025,REG,WAS,SEA,1.065217391304348,True,,0.5336835053940976,401736271,2491214,14,16,0,True,False,matched,12.0,2025-07-26,under,0.24471464513934904,2.0,-1.0,1.0,False,False,False
2304,6c6290820426101b0ced6759496be155,572,Kiki Iriafen,kikiiriafen,WAS,points,10.5,-110.0,-120.0,10,10,2025-07-26 00:59:46+00:00,2025-07-26 00:59:46+00:00,2025-07-26 00:59:46+00:00,2025-07-26 23:30:00+00:00,0.0,2025-07-26,2025,REG,WAS,SEA,1.0692640692640691,True,,0.4887959885212434,401736271,4898384,16,14,1,True,False,matched,7.0,2025-07-26,under,0.06958362145095903,1.8333333333333335,0.8333333333333335,1.0,False,False,False
2302,65e196a9a3be0896b030260d191ec84a,120,Cecilia Zandalasini,ceciliazandalasini,GSV,points,11.5,-104.0,-125.0,10,10,2025-07-26 01:47:48+00:00,2025-07-26 01:47:48+00:00,2025-07-26 01:47:48+00:00,2025-07-26 02:00:00+00:00,0.0,2025-07-25,2025,REG,GSV,DAL,1.065359477124183,True,,0.4763687479911608,401736268,4257500,129689,3,1,True,False,matched,10.0,2025-07-25,under,0.45476249111205475,1.8,0.8,1.0,False,False,False
2303,ab3a9f2767ce0d0b46bf47d1fbe9d946,147,Leonie Fiebich,leoniefiebich,NYL,points,6.5,-113.0,-115.0,10,10,2025-07-26 03:42:19+00:00,2025-07-26 03:42:19+00:00,2025-07-26 03:42:19+00:00,2025-07-26 23:00:00+00:00,0.0,2025-07-26,2025,REG,NYL,LAS,1.0654001528551151,True,,0.49774423259931944,401736270,4683006,9,6,1,True,False,matched,10.0,2025-07-26,over,0.24765459259399503,1.8849557522123894,0.8849557522123894,1.0,False,False,False
2303,13e530bd3c42e26cef34311e7bef1695,132,Sabrina Ionescu,sabrinaionescu,NYL,threes,2.5,-158.0,118.0,10,10,2025-07-26 03:42:19+00:00,2025-07-26 03:42:19+00:00,2025-07-26 03:42:19+00:00,2025-07-26 23:00:00+00:00,0.0,2025-07-26,2025,REG,NYL,LAS,1.0711186971054691,True,,0.5796527091990534,401736270,4066533,9,6,1,True,False,matched,2.0,2025-07-26,under,0.19923307148861719,2.1799999999999997,1.1799999999999997,1.0,False,False,False
2303,cf7659314a602e279e2366beb5902492,94,Rickea Jackson,rickeajackson,CHI,rebounds,3.5,-125.0,-106.0,10,10,2025-07-26 03:42:19+00:00,2025-07-26 03:42:19+00:00,2025-07-26 03:42:19+00:00,2025-07-26 23:00:00+00:00,0.0,2025-07-26,2025,REG,NYL,LAS,1.070118662351672,True,,0.5212291071384377,401736270,4433630,6,9,0,True,False,matched,3.0,2025-07-26,under,0.17872864186867315,1.9433962264150944,0.9433962264150944,1.0,False,False,False
2303,b40ce337f52bc985dbaf0d4bedf77306,82,Azura Stevens,azurastevens,CHI,rebounds,8.5,-114.0,-114.0,10,10,2025-07-26 03:42:19+00:00,2025-07-26 03:42:19+00:00,2025-07-26 03:42:19+00:00,2025-07-26 23:00:00+00:00,0.0,2025-07-26,2025,REG,NYL,LAS,1.0654205607476634,True,,0.5000000000000001,401736270,3142010,6,9,0,True,False,matched,11.0,2025-07-26,under,0.1420688071954655,1.8771929824561404,-1.0,1.0,False,False,False
2303,46845d3a57e127108a9b04b9552a2935,101,Kelsey Plum,kelseyplum,LAS,points,18.5,-102.0,-128.0,10,10,2025-07-26 03:42:19+00:00,2025-07-26 03:42:19+00:00,2025-07-26 03:42:19+00:00,2025-07-26 23:00:00+00:00,0.0,2025-07-26,2025,REG,NYL,LAS,1.0663540038214347,True,,0.47082505196940394,401736270,3065570,6,9,0,True,False,matched,20.0,2025-07-26,under,0.11231469599426713,1.78125,-1.0,1.0,False,False,False
2303,001827f194c08517be23d879acfbc3e3,89,Dearica Hamby,dearicahamby,LAS,points,15.5,-130.0,100.0,10,10,2025-07-26 03:42:19+00:00,2025-07-26 03:42:19+00:00,2025-07-26 03:42:19+00:00,2025-07-26 23:00:00+00:00,0.0,2025-07-26,2025,REG,NYL,LAS,1.065217391304348,True,,0.5336835053940976,401736270,2566106,6,9,0,True,False,matched,17.0,2025-07-26,under,0.09576293894153265,2.0,-1.0,1.0,False,False,False
2303,5af787e729a645bac241e45d711af24f,137,Breanna Stewart,breannastewart,NYL,rebounds,6.5,-122.0,-108.0,10,10,2025-07-26 03:42:19+00:00,2025-07-26 03:42:19+00:00,2025-07-26 03:42:19+00:00,2025-07-26 23:00:00+00:00,0.0,2025-07-26,2025,REG,NYL,LAS,1.0687803187803186,True,,0.5156895960912058,401736270,2998928,9,6,1,True,False,matched,1.0,2025-07-26,over,0.08250501798977561,1.819672131147541,-1.0,1.0,False,False,False
2303,9b38c55791697ce49eda0574079d569b,141,Jonquel Jones,jonqueljones,NYL,rebounds,8.5,-128.0,-104.0,10,10,2025-07-26 03:42:20+00:00,2025-07-26 03:42:20+00:00,2025-07-26 03:42:20+00:00,2025-07-26 23:00:00+00:00,0.0,2025-07-26,2025,REG,NYL,LAS,1.0712074303405572,True,,0.5267388899028808,401736270,2999101,9,6,1,True,False,matched,8.0,2025-07-26,under,0.21112568180459496,1.9615384615384617,0.9615384615384617,1.0,False,False,False
2305,4c7fbfbc64e299b2c8708fa5364be1d6,537,Janelle Salaun,janellesalaun,GSV,rebounds,5.5,-125.0,-106.0,10,10,2025-07-26 06:03:22+00:00,2025-07-26 06:03:22+00:00,2025-07-26 06:03:22+00:00,2025-07-27 17:00:00+00:00,0.0,2025-07-27,2025,REG,CON,GSV,1.070118662351672,True,,0.5212291071384377,401736272,4790264,129689,18,0,True,False,matched,3.0,2025-07-27,under,0.527872807988873,1.9433962264150944,0.9433962264150944,1.0,False,False,False
2305,292f137fc1e00bf21aa31a0f6ac49f1f,221,Tiffany Hayes,tiffanyhayes,GSV,points,14.5,-114.0,-114.0,10,10,2025-07-26 06:03:22+00:00,2025-07-26 06:03:22+00:00,2025-07-26 06:03:22+00:00,2025-07-27 17:00:00+00:00,0.0,2025-07-27,2025,REG,CON,GSV,1.0654205607476634,True,,0.5000000000000001,401736272,1054,129689,18,0,True,False,matched,4.0,2025-07-27,under,0.371176847625682,1.8771929824561404,0.8771929824561404,1.0,False,False,False
2305,29594615b22e27d86709d3a2ccb340a4,55,Veronica Burton,veronicaburton,GSV,assists,5.5,-122.0,-108.0,10,10,2025-07-26 06:03:22+00:00,2025-07-26 06:03:22+00:00,2025-07-26 06:03:22+00:00,2025-07-27 17:00:00+00:00,0.0,2025-07-27,2025,REG,CON,GSV,1.0687803187803186,True,,0.5156895960912058,401736272,4398935,129689,18,0,True,False,matched,3.0,2025-07-27,under,0.214530726541531,1.925925925925926,0.925925925925926,1.0,False,False,False
2305,4e67480de46bdbdd4d15e7e2a2c8413f,9,Tina Charles,tinacharles,FA,rebounds,6.5,118.0,-158.0,10,10,2025-07-26 06:03:22+00:00,2025-07-26 06:03:22+00:00,2025-07-26 06:03:22+00:00,2025-07-27 17:00:00+00:00,0.0,2025-07-27,2025,REG,CON,GSV,1.0711186971054691,True,,0.42034729080094674,401736272,918,18,129689,1,True,False,matched,6.0,2025-07-27,over,0.19566509451910058,2.1799999999999997,-1.0,1.0,False,False,False
2306,7e32a4e7d48d6fa2fba473bece9d03c5,70,Kelsey Mitchell,kelseymitchell,IND,points,20.5,-113.0,-115.0,10,10,2025-07-27 03:42:49+00:00,2025-07-27 03:42:49+00:00,2025-07-27 03:42:49+00:00,2025-07-27 19:00:00+00:00,0.0,2025-07-27,2025,REG,CHI,IND,1.0654001528551151,True,,0.49774423259931944,401736269,3142191,5,19,0,True,False,matched,35.0,2025-07-27,under,0.12271167778109482,1.8695652173913042,-1.0,1.0,False,False,False
2306,125d53e8216a51680f4079f7a408609d,156,Sophie Cunningham,sophiecunningham,IND,threes,1.5,-162.0,122.0,10,10,2025-07-27 03:42:49+00:00,2025-07-27 03:42:49+00:00,2025-07-27 03:42:49+00:00,2025-07-27 19:00:00+00:00,0.0,2025-07-27,2025,REG,CHI,IND,1.0687710611374732,True,,0.5868918088955871,401736269,3907781,5,19,0,True,False,matched,1.0,2025-07-27,under,0.10024893688305625,2.2199999999999998,1.2199999999999998,1.0,False,False,False
2306,d19f453f3d645831811370177aacff30,88,Aari McDonald,aarimcdonald,FA,assists,4.5,-144.0,108.0,10,10,2025-07-27 03:42:50+00:00,2025-07-27 03:42:50+00:00,2025-07-27 03:42:50+00:00,2025-07-27 19:00:00+00:00,0.0,2025-07-27,2025,REG,CHI,IND,1.0709331651954601,True,,0.5566845205396996,401736269,4066553,5,19,0,True,False,matched,4.0,2025-07-27,under,0.30979776285025923,2.08,1.08,1.0,False,False,False
2306,63f1542af8d5247f4dee23373d9f240a,56,Natasha Howard,natashahoward,MIN,points,12.5,-128.0,-102.0,10,10,2025-07-27 03:42:50+00:00,2025-07-27 03:42:50+00:00,2025-07-27 03:42:50+00:00,2025-07-27 19:00:00+00:00,0.0,2025-07-27,2025,REG,CHI,IND,1.0663540038214347,True,,0.5291749480305961,401736269,2529130,5,19,0,True,False,matched,0.0,2025-07-27,under,0.11513389268824764,1.9803921568627452,0.9803921568627452,1.0,False,False,False
2306,7e0037035edb609962520e2a67c57b09,71,Aliyah Boston,aliyahboston,IND,points,15.5,-110.0,-118.0,10,10,2025-07-27 03:42:50+00:00,2025-07-27 03:42:50+00:00,2025-07-27 03:42:50+00:00,2025-07-27 19:00:00+00:00,0.0,2025-07-27,2025,REG,CHI,IND,1.0650939274792486,True,,0.4909754767731684,401736269,4432831,5,19,0,True,False,matched,14.0,2025-07-27,under,0.07288042471537698,1.847457627118644,0.847457627118644,1.0,False,False,False
2305,973c8084580b2565b1598d292bd19742,22,Marina Mabrey,marinamabrey,TOR,threes,1.5,-114.0,-114.0,10,10,2025-07-27 03:55:38+00:00,2025-07-27 03:55:38+00:00,2025-07-27 03:55:38+00:00,2025-07-27 17:00:00+00:00,0.0,2025-07-27,2025,REG,CON,GSV,1.0654205607476634,True,,0.5000000000000001,401736272,3904576,18,129689,1,True,False,matched,2.0,2025-07-27,over,0.14726848767891854,1.8771929824561404,0.8771929824561404,1.0,False,False,False
2308,e32d7c93a1359f8562cfc26a10b0fa87,54,Satou Sabally,satousabally,NYL,threes,1.5,-188.0,140.0,10,10,2025-07-27 03:59:46+00:00,2025-07-27 03:59:46+00:00,2025-07-27 03:59:46+00:00,2025-07-27 22:00:00+00:00,0.0,2025-07-27,2025,REG,WAS,PHX,1.0694444444444444,True,,0.6222928210344938,401736274,4281929,11,16,0,True,False,matched,0.0,2025-07-27,under,0.16670532440319574,2.4,1.4,1.0,False,False,False
2308,aa0fb8b08e7119867d01b9a1e8b34b26,573,Sonia Citron,soniacitron,WAS,rebounds,4.5,-158.0,118.0,10,10,2025-07-27 03:59:46+00:00,2025-07-27 03:59:46+00:00,2025-07-27 03:59:46+00:00,2025-07-27 22:00:00+00:00,0.0,2025-07-27,2025,REG,WAS,PHX,1.0711186971054691,True,,0.5796527091990534,401736274,4433524,16,11,1,True,False,matched,2.0,2025-07-27,under,0.1247918305645051,2.1799999999999997,1.1799999999999997,1.0,False,False,False
2308,b2ccd77fc976cfbb899db60991213706,182,Brittney Sykes,brittneysykes,TOR,rebounds,3.5,128.0,-172.0,10,10,2025-07-27 03:59:46+00:00,2025-07-27 03:59:46+00:00,2025-07-27 03:59:46+00:00,2025-07-27 22:00:00+00:00,0.0,2025-07-27,2025,REG,WAS,PHX,1.0709494324045408,True,,0.39957653069922067,401736274,2988756,16,11,1,True,False,matched,1.0,2025-07-27,over,0.11477984553149179,2.2800000000000002,-1.0,1.0,False,False,False
2308,e925413dcc85a611d70609bffe2ae629,149,Sug Sutton,sugsutton,DAL,points,8.5,-104.0,-125.0,10,10,2025-07-27 03:59:46+00:00,2025-07-27 03:59:46+00:00,2025-07-27 03:59:46+00:00,2025-07-27 22:00:00+00:00,0.0,2025-07-27,2025,REG,WAS,PHX,1.065359477124183,True,,0.4763687479911608,401736274,4068159,16,11,1,True,False,matched,4.0,2025-07-27,under,0.09344356535726756,1.8,0.8,1.0,False,False,False
2308,8786ab71d6595083522694462b065602,572,Kiki Iriafen,kikiiriafen,WAS,rebounds,8.5,116.0,-154.0,10,10,2025-07-27 03:59:46+00:00,2025-07-27 03:59:46+00:00,2025-07-27 03:59:46+00:00,2025-07-27 22:00:00+00:00,0.0,2025-07-27,2025,REG,WAS,PHX,1.0692621755613883,True,,0.425792012343204,401736274,4898384,16,11,1,True,False,matched,10.0,2025-07-27,under,0.08554608121720186,1.6493506493506493,-1.0,1.0,False,False,False
2308,e6f5c97498e37478643af3779f14cfa9,196,Shakira Austin,shakiraaustin,WAS,rebounds,8.5,-108.0,-122.0,10,10,2025-07-27 03:59:47+00:00,2025-07-27 03:59:47+00:00,2025-07-27 03:59:47+00:00,2025-07-27 22:00:00+00:00,0.0,2025-07-27,2025,REG,WAS,PHX,1.0687803187803186,True,,0.48431040390879443,401736274,4398911,16,11,1,True,False,matched,8.0,2025-07-27,under,0.16053803483961548,1.819672131147541,0.819672131147541,1.0,False,False,False
2305,2e1a9a4f7ae470dbe2c937232f2b4b54,120,Cecilia Zandalasini,ceciliazandalasini,GSV,points,10.5,-120.0,-106.0,10,10,2025-07-27 04:13:07+00:00,2025-07-27 04:13:07+00:00,2025-07-27 04:13:07+00:00,2025-07-27 17:00:00+00:00,0.0,2025-07-27,2025,REG,CON,GSV,1.060017652250662,True,,0.5159090588905224,401736272,4257500,129689,18,0,True,False,matched,0.0,2025-07-27,under,0.35956354317307243,1.9433962264150944,0.9433962264150944,1.0,False,False,False
2309,25df3d8367a364310b14155a8fc0cebd,112,Napheesa Collier,napheesacollier,MIN,rebounds,7.5,-138.0,104.0,10,10,2025-07-27 05:10:20+00:00,2025-07-27 05:10:20+00:00,2025-07-27 05:10:20+00:00,2025-07-27 23:00:00+00:00,0.0,2025-07-27,2025,REG,MIN,ATL,1.0700280112044818,True,,0.5464208361470752,401736275,3917450,8,20,1,True,False,matched,8.0,2025-07-27,under,0.17045184967812893,2.04,-1.0,1.0,False,False,False
2309,a51dbb984de47aede7836874928e7003,2,Jordin Canada,jordincanada,ATL,rebounds,4.5,126.0,-168.0,10,10,2025-07-27 05:10:20+00:00,2025-07-27 05:10:20+00:00,2025-07-27 05:10:20+00:00,2025-07-27 23:00:00+00:00,0.0,2025-07-27,2025,REG,MIN,ATL,1.0693435477479856,True,,0.4045224464881516,401736275,3142250,20,8,0,True,False,matched,4.0,2025-07-27,under,0.14185977849228776,1.5952380952380953,0.5952380952380953,1.0,False,False,False
2309,bddf9f4380727b810c9233b7e9564492,1,Allisha Gray,allishagray,ATL,points,16.5,-114.0,-114.0,10,10,2025-07-27 05:10:20+00:00,2025-07-27 05:10:20+00:00,2025-07-27 05:10:20+00:00,2025-07-27 23:00:00+00:00,0.0,2025-07-27,2025,REG,MIN,ATL,1.0654205607476634,True,,0.5000000000000001,401736275,3058901,20,8,0,True,False,matched,12.0,2025-07-27,under,0.09069646645152302,1.8771929824561404,0.8771929824561404,1.0,False,False,False
2309,8366ceabd748fe78d733f81a8735861a,148,Brittney Griner,brittneygriner,CON,points,11.5,-108.0,-120.0,10,10,2025-07-27 05:10:20+00:00,2025-07-27 05:10:20+00:00,2025-07-27 05:10:20+00:00,2025-07-27 23:00:00+00:00,0.0,2025-07-27,2025,REG,MIN,ATL,1.0646853146853146,True,,0.48646030463369283,401736275,2490553,20,8,0,True,False,matched,22.0,2025-07-27,under,0.08403406975463973,1.8333333333333335,-1.0,1.0,False,False,False
2309,346024c89d0776a5ef2c379c975c2469,125,Kayla McBride,kaylamcbride,MIN,points,13.5,100.0,-130.0,10,10,2025-07-27 05:10:20+00:00,2025-07-27 05:10:20+00:00,2025-07-27 05:10:20+00:00,2025-07-27 23:00:00+00:00,0.0,2025-07-27,2025,REG,MIN,ATL,1.065217391304348,True,,0.4663164946059025,401736275,2529205,8,20,1,True,False,matched,4.0,2025-07-27,under,0.05398480750980017,1.7692307692307692,0.7692307692307692,1.0,False,False,False
2309,971e1d77a88706ef6d208779ff6123ac,49,Brionna Jones,brionnajones,ATL,rebounds,6.5,-140.0,106.0,10,10,2025-07-27 05:10:21+00:00,2025-07-27 05:10:21+00:00,2025-07-27 05:10:21+00:00,2025-07-27 23:00:00+00:00,0.0,2025-07-27,2025,REG,MIN,ATL,1.0687702265372168,True,,0.5506638564937638,401736275,3058895,20,8,0,True,False,matched,3.0,2025-07-27,under,0.22052077832202277,2.06,1.06,1.0,False,False,False
2309,5a1344d0f6ca1c9f1b75b271216f7165,117,Courtney Williams,courtneywilliams,MIN,points,14.5,-114.0,-114.0,10,10,2025-07-27 05:10:21+00:00,2025-07-27 05:10:21+00:00,2025-07-27 05:10:21+00:00,2025-07-27 23:00:00+00:00,0.0,2025-07-27,2025,REG,MIN,ATL,1.0654205607476634,True,,0.5000000000000001,401736275,2987891,8,20,1,True,False,matched,11.0,2025-07-27,under,0.1458364130389595,1.8771929824561404,0.8771929824561404,1.0,False,False,False
2309,61af25aa9f2a188196aea75aa39d3e4e,128,Bridget Carleton,bridgetcarleton,PDX,rebounds,3.5,-136.0,102.0,10,10,2025-07-27 05:10:21+00:00,2025-07-27 05:10:21+00:00,2025-07-27 05:10:21+00:00,2025-07-27 23:00:00+00:00,0.0,2025-07-27,2025,REG,MIN,ATL,1.071320691391173,True,,0.5420932924427202,401736275,3906972,8,20,1,True,False,matched,4.0,2025-07-27,under,0.10439795105821592,2.02,-1.0,1.0,False,False,False
2307,ac1ed74dae777694757bb194b7f3a66b,103,A'ja Wilson,ajawilson,LVA,points,23.5,-106.0,-122.0,10,10,2025-07-27 05:27:58+00:00,2025-07-27 05:27:58+00:00,2025-07-27 05:27:58+00:00,2025-07-27 20:00:00+00:00,0.0,2025-07-27,2025,REG,DAL,LVA,1.064112656345666,True,,0.4819416314468661,401736273,3149391,17,3,0,True,False,matched,14.0,2025-07-27,under,0.14491331390894574,1.819672131147541,0.819672131147541,1.0,False,False,False
2307,d5ba3efe30df23bb1d2f680c12ed6972,63,Arike Ogunbowale,arikeogunbowale,DAL,points,17.5,100.0,-130.0,10,10,2025-07-27 05:27:58+00:00,2025-07-27 05:27:58+00:00,2025-07-27 05:27:58+00:00,2025-07-27 20:00:00+00:00,0.0,2025-07-27,2025,REG,DAL,LVA,1.065217391304348,True,,0.4663164946059025,401736273,3904577,3,17,1,True,False,matched,18.0,2025-07-27,under,0.1265747154050353,1.7692307692307692,-1.0,1.0,False,False,False
2307,fe83429ddac897237508eae06a9ff785,530,JJ Quinerly,jjquinerly,FA,assists,4.5,-125.0,-106.0,10,10,2025-07-27 05:31:52+00:00,2025-07-27 05:31:52+00:00,2025-07-27 05:31:52+00:00,2025-07-27 20:00:00+00:00,0.0,2025-07-27,2025,REG,DAL,LVA,1.070118662351672,True,,0.5212291071384377,401736273,4434015,3,17,1,True,False,matched,5.0,2025-07-27,under,0.39051807388351945,1.9433962264150944,-1.0,1.0,False,False,False
2307,cc9f300b58d2561f6cc7e5e48ba92cf6,102,Jackie Young,jackieyoung,LVA,assists,4.5,-162.0,122.0,10,10,2025-07-27 05:31:52+00:00,2025-07-27 05:31:52+00:00,2025-07-27 05:31:52+00:00,2025-07-27 20:00:00+00:00,0.0,2025-07-27,2025,REG,DAL,LVA,1.0687710611374732,True,,0.5868918088955871,401736273,4065870,17,3,0,True,False,matched,8.0,2025-07-27,under,0.2731269634353644,2.2199999999999998,-1.0,1.0,False,False,False
2307,177edb83512dbadfab9f443460d6d97f,107,Chelsea Gray,chelseagray,LVA,assists,4.5,-154.0,116.0,10,10,2025-07-27 05:31:52+00:00,2025-07-27 05:31:52+00:00,2025-07-27 05:31:52+00:00,2025-07-27 20:00:00+00:00,0.0,2025-07-27,2025,REG,DAL,LVA,1.0692621755613883,True,,0.574207987656796,401736273,2529122,17,3,0,True,False,matched,8.0,2025-07-27,under,0.2610971066591198,2.16,-1.0,1.0,False,False,False
2307,f38045236533e9d7ea853b26dd7093ba,166,Jewell Loyd,jewellloyd,LVA,rebounds,3.5,-114.0,-114.0,10,10,2025-07-27 05:31:52+00:00,2025-07-27 05:31:52+00:00,2025-07-27 05:31:52+00:00,2025-07-27 20:00:00+00:00,0.0,2025-07-27,2025,REG,DAL,LVA,1.0654205607476634,True,,0.5000000000000001,401736273,2987869,17,3,0,True,False,matched,1.0,2025-07-27,under,0.09934593300918443,1.8771929824561404,0.8771929824561404,1.0,False,False,False
2307,704dcccd253296b00af00daafda3f696,95,Li Yueru,liyueru,DAL,rebounds,6.5,-115.0,-115.0,33,33,2025-07-27 07:34:07+00:00,2025-07-27 07:34:07+00:00,2025-07-27 07:34:07+00:00,2025-07-27 20:00:00+00:00,0.0,2025-07-27,2025,REG,DAL,LVA,1.0697674418604652,True,,0.5,401736273,4336633,3,17,1,True,False,matched,4.0,2025-07-27,under,0.2725610735239036,1.8695652173913042,0.8695652173913042,1.0,False,False,False
2306,59c0117e8ee49db31a0c371715f74633,30,Kamilla Cardoso,kamillacardoso,CHI,rebounds,9.5,-118.0,-112.0,10,10,2025-07-27 18:21:42+00:00,2025-07-27 18:21:42+00:00,2025-07-27 18:21:42+00:00,2025-07-27 19:00:00+00:00,0.0,2025-07-27,2025,REG,CHI,IND,1.0695862904621776,True,,0.5067212711754592,401736269,4433405,19,5,1,True,False,matched,12.0,2025-07-27,under,0.2512235038662242,1.8928571428571428,-1.0,1.0,False,False,False
2306,4cc2a9bb2b05980f60bdda7145e2ab9a,33,Elizabeth Williams,elizabethwilliams,CHI,points,9.5,-130.0,100.0,10,10,2025-07-27 18:33:34+00:00,2025-07-27 18:33:34+00:00,2025-07-27 18:33:34+00:00,2025-07-27 19:00:00+00:00,0.0,2025-07-27,2025,REG,CHI,IND,1.065217391304348,True,,0.5336835053940976,401736269,2566081,19,5,1,True,False,matched,9.0,2025-07-27,under,0.22245156532429272,2.0,1.0,1.0,False,False,False
2306,f0e2422b33570a9c9588b92fa493ff24,36,Rachel Banham,rachelbanham,CHI,points,11.5,-106.0,-122.0,10,10,2025-07-27 18:33:34+00:00,2025-07-27 18:33:34+00:00,2025-07-27 18:33:34+00:00,2025-07-27 19:00:00+00:00,0.0,2025-07-27,2025,REG,CHI,IND,1.064112656345666,True,,0.4819416314468661,401736269,2566186,19,5,1,True,False,matched,26.0,2025-07-27,under,0.1925516612529562,1.819672131147541,-1.0,1.0,False,False,False
2308,5403bc9bbdf2cfb72860d2d266d02609,155,Kahleah Copper,kahleahcopper,PHO,rebounds,3.5,150.0,-180.0,13,13,2025-07-27 21:12:18+00:00,2025-07-27 21:12:18+00:00,2025-07-27 21:12:18+00:00,2025-07-27 22:00:00+00:00,0.0,2025-07-27,2025,REG,WAS,PHX,1.0428571428571427,True,,0.3760221779176465,401736274,2998938,11,16,0,True,False,matched,3.0,2025-07-27,over,0.06397560164107274,2.5,-1.0,1.0,False,False,False
2311,c85a9fb91fb28e1921d0e641f71e5828,132,Sabrina Ionescu,sabrinaionescu,NYL,threes,2.5,-180.0,134.0,10,10,2025-07-28 02:48:18+00:00,2025-07-28 02:48:18+00:00,2025-07-28 02:48:18+00:00,2025-07-29 00:00:00+00:00,0.0,2025-07-28,2025,REG,DAL,NYL,1.0702075702075702,True,,0.6116591953695215,401736277,4066533,9,3,0,True,False,matched,1.0,2025-07-28,under,0.22125613363295393,2.34,1.3399999999999999,1.0,False,False,False
2311,6f40ebada194e15c79c8fd6cc4b9e8c9,528,Paige Bueckers,paigebueckers,DAL,rebounds,3.5,-158.0,118.0,10,10,2025-07-28 02:48:18+00:00,2025-07-28 02:48:18+00:00,2025-07-28 02:48:18+00:00,2025-07-29 00:00:00+00:00,0.0,2025-07-28,2025,REG,DAL,NYL,1.0711186971054691,True,,0.5796527091990534,401736277,4433730,3,9,1,True,False,matched,6.0,2025-07-28,under,0.09242780673917517,2.1799999999999997,-1.0,1.0,False,False,False
2311,8724081f34332a9039cabee0c444f644,141,Jonquel Jones,jonqueljones,NYL,points,14.5,-130.0,100.0,10,10,2025-07-28 02:51:55+00:00,2025-07-28 02:51:55+00:00,2025-07-28 02:51:55+00:00,2025-07-29 00:00:00+00:00,0.0,2025-07-28,2025,REG,DAL,NYL,1.065217391304348,True,,0.5336835053940976,401736277,2999101,9,3,0,True,False,matched,18.0,2025-07-28,under,0.28314035706127,2.0,-1.0,1.0,False,False,False
2311,da6a18544201332d9180614474d2dd64,63,Arike Ogunbowale,arikeogunbowale,DAL,threes,1.5,-200.0,148.0,10,10,2025-07-28 02:51:55+00:00,2025-07-28 02:51:55+00:00,2025-07-28 02:51:55+00:00,2025-07-29 00:00:00+00:00,0.0,2025-07-28,2025,REG,DAL,NYL,1.0698924731182795,True,,0.6365014949541484,401736277,3904577,3,9,1,True,False,matched,2.0,2025-07-28,under,0.11997578058029124,2.48,-1.0,1.0,False,False,False
2311,b77780661377d1ac478fd87d0dd9bef5,147,Leonie Fiebich,leoniefiebich,NYL,threes,1.5,-132.0,100.0,10,10,2025-07-28 02:51:56+00:00,2025-07-28 02:51:56+00:00,2025-07-28 02:51:56+00:00,2025-07-29 00:00:00+00:00,0.0,2025-07-28,2025,REG,DAL,NYL,1.0689655172413794,True,,0.5356937238338165,401736277,4683006,9,3,0,True,False,matched,1.0,2025-07-28,under,0.14060265139546924,2.0,1.0,1.0,False,False,False
2311,85990c60d3ff05bb8c1ca2a2c0ad2259,163,Natasha Cloud,natashacloud,CHI,points,10.5,-130.0,100.0,10,10,2025-07-28 02:51:56+00:00,2025-07-28 02:51:56+00:00,2025-07-28 02:51:56+00:00,2025-07-29 00:00:00+00:00,0.0,2025-07-28,2025,REG,DAL,NYL,1.065217391304348,True,,0.5336835053940976,401736277,2529137,9,3,0,True,False,matched,4.0,2025-07-28,under,0.09227710337349698,2.0,1.0,1.0,False,False,False
2310,09de415212bf1ca7a26967d881e98ac2,208,Gabby Williams,gabbywilliams,GSV,points,12.5,-120.0,-108.0,10,10,2025-07-28 03:49:27+00:00,2025-07-28 03:49:27+00:00,2025-07-28 03:49:27+00:00,2025-07-28 23:00:00+00:00,0.0,2025-07-28,2025,REG,CON,SEA,1.0646853146853146,True,,0.5135396953663074,401736276,3142328,14,18,0,True,False,matched,16.0,2025-07-28,under,0.24257890037677127,1.925925925925926,-1.0,1.0,False,False,False
2310,7e72fc5a9cf42315249707ff5b532f11,175,Skylar Diggins,skylardiggins,CHI,assists,5.5,-130.0,-102.0,10,10,2025-07-28 03:49:27+00:00,2025-07-28 03:49:27+00:00,2025-07-28 03:49:27+00:00,2025-07-28 23:00:00+00:00,0.0,2025-07-28,2025,REG,CON,SEA,1.0701678863538528,True,,0.5312123494364493,401736276,2491205,14,18,0,True,False,matched,11.0,2025-07-28,under,0.23804777995097853,1.9803921568627452,-1.0,1.0,False,False,False
2310,144bb54c9129bec8d3f04c960bff9205,180,Nneka Ogwumike,nnekaogwumike,LAS,rebounds,6.5,-140.0,106.0,10,10,2025-07-28 03:49:27+00:00,2025-07-28 03:49:27+00:00,2025-07-28 03:49:27+00:00,2025-07-28 23:00:00+00:00,0.0,2025-07-28,2025,REG,CON,SEA,1.0687702265372168,True,,0.5506638564937638,401736276,1068,14,18,0,True,False,matched,3.0,2025-07-28,under,0.201020282064793,2.06,1.06,1.0,False,False,False
2310,9c008527acc6fc4eba4e46fac9f852d9,66,Erica Wheeler,ericawheeler,LAS,points,10.5,-125.0,-104.0,10,10,2025-07-28 03:49:27+00:00,2025-07-28 03:49:27+00:00,2025-07-28 03:49:27+00:00,2025-07-28 23:00:00+00:00,0.0,2025-07-28,2025,REG,CON,SEA,1.065359477124183,True,,0.5236312520088393,401736276,2491214,14,18,0,True,False,matched,8.0,2025-07-28,under,0.08610664238133298,1.9615384615384617,0.9615384615384617,1.0,False,False,False
2310,aaa10a97135f3a8836323335839f0685,176,Ezi Magbegor,ezimagbegor,SEA,rebounds,6.5,-130.0,-102.0,10,10,2025-07-28 03:58:46+00:00,2025-07-28 03:58:46+00:00,2025-07-28 03:58:46+00:00,2025-07-28 23:00:00+00:00,0.0,2025-07-28,2025,REG,CON,SEA,1.0701678863538528,True,,0.5312123494364493,401736276,4420318,14,18,0,True,False,matched,5.0,2025-07-28,under,0.16105354596082594,1.9803921568627452,0.9803921568627452,1.0,False,False,False
2310,70ff114c731df54670416fb18eb5d9b2,22,Marina Mabrey,marinamabrey,TOR,points,13.5,-118.0,-110.0,10,10,2025-07-28 04:03:01+00:00,2025-07-28 04:03:01+00:00,2025-07-28 04:03:01+00:00,2025-07-28 23:00:00+00:00,0.0,2025-07-28,2025,REG,CON,SEA,1.0650939274792486,True,,0.5090245232268319,401736276,3904576,18,14,1,True,False,matched,8.0,2025-07-28,under,0.17793092325035526,1.9090909090909092,0.9090909090909092,1.0,False,False,False
2310,4451d8fa0f9bad4b971691461f492090,9,Tina Charles,tinacharles,FA,points,16.5,-120.0,-108.0,10,10,2025-07-28 04:10:59+00:00,2025-07-28 04:10:59+00:00,2025-07-28 04:10:59+00:00,2025-07-28 23:00:00+00:00,0.0,2025-07-28,2025,REG,CON,SEA,1.0646853146853146,True,,0.5135396953663074,401736276,918,18,14,1,True,False,matched,11.0,2025-07-28,under,0.22216541225507103,1.925925925925926,0.925925925925926,1.0,False,False,False
2313,228d5ef22d625c07fbc20f2ceb20f103,1,Allisha Gray,allishagray,ATL,points,17.5,-108.0,-120.0,10,10,2025-07-28 04:42:08+00:00,2025-07-28 04:42:08+00:00,2025-07-28 04:42:08+00:00,2025-07-29 23:30:00+00:00,0.0,2025-07-29,2025,REG,ATL,GSV,1.0646853146853146,True,,0.48646030463369283,401736278,3058901,20,129689,1,True,False,matched,12.0,2025-07-29,under,0.05396921837044227,1.8333333333333335,0.8333333333333335,1.0,False,False,False
2313,503feb1bca552a4bf9859c24b0dc033e,49,Brionna Jones,brionnajones,ATL,rebounds,7.5,116.0,-154.0,10,10,2025-07-28 04:46:21+00:00,2025-07-28 04:46:21+00:00,2025-07-28 04:46:21+00:00,2025-07-29 23:30:00+00:00,0.0,2025-07-29,2025,REG,ATL,GSV,1.0692621755613883,True,,0.425792012343204,401736278,3058895,20,129689,1,True,False,matched,6.0,2025-07-29,under,0.11505725313610143,1.6493506493506493,0.6493506493506493,1.0,False,False,False
2313,7604e7ea84615caa00be63de33c72574,2,Jordin Canada,jordincanada,ATL,rebounds,3.5,-136.0,102.0,10,10,2025-07-28 04:46:21+00:00,2025-07-28 04:46:21+00:00,2025-07-28 04:46:21+00:00,2025-07-29 23:30:00+00:00,0.0,2025-07-29,2025,REG,ATL,GSV,1.071320691391173,True,,0.5420932924427202,401736278,3142250,20,129689,1,True,False,matched,2.0,2025-07-29,under,0.06876073375334102,2.02,1.02,1.0,False,False,False
2313,cdd7076f1c4bdbddabcaae732d7342b2,537,Janelle Salaun,janellesalaun,GSV,rebounds,5.5,-146.0,110.0,10,10,2025-07-28 04:53:53+00:00,2025-07-28 04:53:53+00:00,2025-07-28 04:53:53+00:00,2025-07-29 23:30:00+00:00,0.0,2025-07-29,2025,REG,ATL,GSV,1.0696864111498257,True,,0.5607420039050215,401736278,4790264,129689,20,0,True,False,matched,1.0,2025-07-29,under,0.5114136271281688,2.1,1.1,1.0,False,False,False
2313,96cb7e29546c8fb0beb535740779157a,55,Veronica Burton,veronicaburton,GSV,points,10.5,-132.0,102.0,10,10,2025-07-28 04:53:53+00:00,2025-07-28 04:53:53+00:00,2025-07-28 04:53:53+00:00,2025-07-29 23:30:00+00:00,0.0,2025-07-29,2025,REG,ATL,GSV,1.0640150221918745,True,,0.5381512573163673,401736278,4398935,129689,20,0,True,False,matched,10.0,2025-07-29,under,0.3305744545448902,2.02,1.02,1.0,False,False,False
2313,88eac4b7fd179f7361e286d9f641ee70,221,Tiffany Hayes,tiffanyhayes,GSV,points,13.5,-110.0,-118.0,10,10,2025-07-28 04:53:53+00:00,2025-07-28 04:53:53+00:00,2025-07-28 04:53:53+00:00,2025-07-29 23:30:00+00:00,0.0,2025-07-29,2025,REG,ATL,GSV,1.0650939274792486,True,,0.4909754767731684,401736278,1054,129689,20,0,True,False,matched,15.0,2025-07-29,under,0.322001994142249,1.847457627118644,-1.0,1.0,False,False,False
2311,f2077265b5a211c1995c4102ec257e4a,10,Haley Jones,haleyjones,DAL,rebounds,9.5,-115.0,-125.0,39,39,2025-07-28 05:08:18+00:00,2025-07-28 05:08:18+00:00,2025-07-28 05:08:18+00:00,2025-07-29 00:00:00+00:00,0.0,2025-07-28,2025,REG,DAL,NYL,1.0904392764857882,True,,0.489168290835087,401736277,4595910,3,9,1,True,False,matched,3.0,2025-07-28,under,0.7788465467101268,1.8,0.8,1.0,False,False,False
2314,8cf53cee8a1b790f2c4b9f0b3e086139,82,Azura Stevens,azurastevens,CHI,threes,1.5,-154.0,116.0,10,10,2025-07-28 05:35:42+00:00,2025-07-28 05:35:42+00:00,2025-07-28 05:35:42+00:00,2025-07-30 02:00:00+00:00,0.0,2025-07-29,2025,REG,LAS,LVA,1.0692621755613883,True,,0.574207987656796,401736280,3142010,6,17,1,True,False,matched,1.0,2025-07-29,under,0.11878076500256007,2.16,1.1600000000000001,1.0,False,False,False
2310,3dce80634f40d8cf1890b5bef8a56783,274,Bria Hartley,briahartley,FA,points,9.5,-128.0,-102.0,10,10,2025-07-28 06:23:21+00:00,2025-07-28 06:23:21+00:00,2025-07-28 06:23:21+00:00,2025-07-28 23:00:00+00:00,0.0,2025-07-28,2025,REG,CON,SEA,1.0663540038214347,True,,0.5291749480305961,401736276,2529185,18,14,1,True,False,matched,17.0,2025-07-28,under,0.17645141223451255,1.9803921568627452,-1.0,1.0,False,False,False
2314,7c08652c979346569023b770099cb8d0,107,Chelsea Gray,chelseagray,LVA,assists,4.5,-160.0,120.0,10,10,2025-07-28 06:40:07+00:00,2025-07-28 06:40:07+00:00,2025-07-28 06:40:07+00:00,2025-07-30 02:00:00+00:00,0.0,2025-07-29,2025,REG,LAS,LVA,1.06993006993007,True,,0.583305061424049,401736280,2529122,17,6,0,True,False,matched,8.0,2025-07-29,under,0.18463725316727153,2.2,-1.0,1.0,False,False,False
2314,2f292800d1675f798f3900e00dc8bd95,102,Jackie Young,jackieyoung,LVA,points,15.5,-118.0,-110.0,10,10,2025-07-28 06:40:07+00:00,2025-07-28 06:40:07+00:00,2025-07-28 06:40:07+00:00,2025-07-30 02:00:00+00:00,0.0,2025-07-29,2025,REG,LAS,LVA,1.0650939274792486,True,,0.5090245232268319,401736280,4065870,17,6,0,True,False,matched,18.0,2025-07-29,under,0.07857290151861801,1.9090909090909092,-1.0,1.0,False,False,False
2314,2d5dd64ba2699fc6667286d81a0f7ec9,103,A'ja Wilson,ajawilson,LVA,points,22.5,-128.0,-102.0,10,10,2025-07-28 06:40:08+00:00,2025-07-28 06:40:08+00:00,2025-07-28 06:40:08+00:00,2025-07-30 02:00:00+00:00,0.0,2025-07-29,2025,REG,LAS,LVA,1.0663540038214347,True,,0.5291749480305961,401736280,3149391,17,6,0,True,False,matched,34.0,2025-07-29,under,0.17517740704303697,1.9803921568627452,-1.0,1.0,False,False,False
2314,9064228adadf1fbcd7154d4d9264a298,166,Jewell Loyd,jewellloyd,LVA,threes,1.5,128.0,-172.0,10,10,2025-07-28 06:40:08+00:00,2025-07-28 06:40:08+00:00,2025-07-28 06:40:08+00:00,2025-07-30 02:00:00+00:00,0.0,2025-07-29,2025,REG,LAS,LVA,1.0709494324045408,True,,0.39957653069922067,401736280,2987869,17,6,0,True,False,matched,2.0,2025-07-29,over,0.1049143274815616,2.2800000000000002,1.2800000000000002,1.0,False,False,False
2312,81723bdee997ea097925326ebb22128e,196,Shakira Austin,shakiraaustin,WAS,rebounds,7.5,-154.0,116.0,10,10,2025-07-28 18:32:15+00:00,2025-07-28 18:32:15+00:00,2025-07-28 18:32:15+00:00,2025-07-29 23:30:00+00:00,0.0,2025-07-29,2025,REG,WAS,CHI,1.0692621755613883,True,,0.574207987656796,401736279,4398911,16,19,1,True,False,matched,6.0,2025-07-29,under,0.0937115394697734,2.16,1.1600000000000001,1.0,False,False,False
2312,90ae977f2b85770e56f18683b2380ebd,26,Angel Reese,angelreese,ATL,rebounds,11.5,-140.0,106.0,10,10,2025-07-28 18:32:16+00:00,2025-07-28 18:32:16+00:00,2025-07-28 18:32:16+00:00,2025-07-29 23:30:00+00:00,0.0,2025-07-29,2025,REG,WAS,CHI,1.0687702265372168,True,,0.5506638564937638,401736279,4433402,19,16,0,True,False,matched,13.0,2025-07-29,under,0.07169008423275774,2.06,-1.0,1.0,False,False,False
2312,562046dbb8c5a8cc23504804303df84a,30,Kamilla Cardoso,kamillacardoso,CHI,points,12.5,-118.0,-110.0,10,10,2025-07-28 18:36:33+00:00,2025-07-28 18:36:33+00:00,2025-07-28 18:36:33+00:00,2025-07-29 23:30:00+00:00,0.0,2025-07-29,2025,REG,WAS,CHI,1.0650939274792486,True,,0.5090245232268319,401736279,4433405,19,16,0,True,False,matched,21.0,2025-07-29,under,0.11848665838110506,1.9090909090909092,-1.0,1.0,False,False,False
2312,a30ce41b8ece2e62bed5458d990226a5,36,Rachel Banham,rachelbanham,CHI,threes,2.5,-136.0,102.0,10,10,2025-07-28 18:40:44+00:00,2025-07-28 18:40:44+00:00,2025-07-28 18:40:44+00:00,2025-07-29 23:30:00+00:00,0.0,2025-07-29,2025,REG,WAS,CHI,1.071320691391173,True,,0.5420932924427202,401736279,2566186,19,16,0,True,False,matched,3.0,2025-07-29,under,0.18845642889674125,2.02,-1.0,1.0,False,False,False
2312,b4d04df9066b4b85413e4f634f4900ce,572,Kiki Iriafen,kikiiriafen,WAS,points,11.5,102.0,-132.0,10,10,2025-07-28 19:02:47+00:00,2025-07-28 19:02:47+00:00,2025-07-28 19:02:47+00:00,2025-07-29 23:30:00+00:00,0.0,2025-07-29,2025,REG,WAS,CHI,1.0640150221918745,True,,0.4618487426836327,401736279,4898384,16,19,1,True,False,matched,22.0,2025-07-29,under,0.0739169744438487,1.7575757575757576,-1.0,1.0,False,False,False
2311,db24888d22ee495066b8e40e790b1cbd,95,Li Yueru,liyueru,DAL,rebounds,5.5,-138.0,104.0,10,10,2025-07-28 19:19:57+00:00,2025-07-28 19:19:57+00:00,2025-07-28 19:19:57+00:00,2025-07-29 00:00:00+00:00,0.0,2025-07-28,2025,REG,DAL,NYL,1.0700280112044818,True,,0.5464208361470752,401736277,4336633,3,9,1,True,False,matched,7.0,2025-07-28,under,0.14821481898780609,2.04,-1.0,1.0,False,False,False
2311,f06d633a04feae70126db8ea58d081d5,21,Isabelle Harrison,isabelleharrison,TOR,points,9.5,111.0,-143.0,60,60,2025-07-28 23:53:53+00:00,2025-07-28 23:53:53+00:00,2025-07-28 23:53:53+00:00,2025-07-29 00:00:00+00:00,0.0,2025-07-28,2025,REG,DAL,NYL,1.0624110155442437,True,,0.4409274944850059,401736277,2566453,9,3,0,True,False,matched,10.0,2025-07-28,under,0.4116657601417828,1.6993006993006992,-1.0,1.0,False,False,False
2312,cc1d5bb768387ba9792d01c9c85e1d41,182,Brittney Sykes,brittneysykes,TOR,threes,1.5,164.0,-225.0,10,10,2025-07-29 02:07:04+00:00,2025-07-29 02:07:04+00:00,2025-07-29 02:07:04+00:00,2025-07-29 23:30:00+00:00,0.0,2025-07-29,2025,REG,WAS,CHI,1.0710955710955712,True,,0.33738864980507277,401736279,2988756,16,19,1,True,False,matched,1.0,2025-07-29,under,0.06628913137113635,1.4444444444444444,0.4444444444444444,1.0,False,False,False
2315,e6b1fabd408c70f6245899aa001b1614,54,Satou Sabally,satousabally,NYL,points,15.5,-118.0,-110.0,10,10,2025-07-29 06:34:07+00:00,2025-07-29 06:34:07+00:00,2025-07-29 06:34:07+00:00,2025-07-30 23:00:00+00:00,0.0,2025-07-30,2025,REG,IND,PHX,1.0650939274792486,True,,0.5090245232268319,401736281,4281929,11,5,0,True,False,matched,9.0,2025-07-30,under,0.10216473782695368,1.9090909090909092,0.9090909090909092,1.0,False,False,False
2315,fbb8b520e2262b5d4ac75e2c5836dd9c,40,Alyssa Thomas,alyssathomas,PHO,rebounds,7.5,-144.0,108.0,10,10,2025-07-29 06:34:07+00:00,2025-07-29 06:34:07+00:00,2025-07-29 06:34:07+00:00,2025-07-30 23:00:00+00:00,0.0,2025-07-30,2025,REG,IND,PHX,1.0709331651954601,True,,0.5566845205396996,401736281,2529140,11,5,0,True,False,matched,15.0,2025-07-30,under,0.053470985193571685,2.08,-1.0,1.0,False,False,False
2315,9d692b8723934c97cef380b1dc736a94,88,Aari McDonald,aarimcdonald,FA,assists,4.5,-132.0,100.0,10,10,2025-07-29 07:01:00+00:00,2025-07-29 07:01:00+00:00,2025-07-29 07:01:00+00:00,2025-07-30 23:00:00+00:00,0.0,2025-07-30,2025,REG,IND,PHX,1.0689655172413794,True,,0.5356937238338165,401736281,4066553,5,11,1,True,False,matched,4.0,2025-07-30,under,0.24004864476310406,2.0,1.0,1.0,False,False,False
2315,41812dc0c1796aa3baa7c3cf0deaeae2,71,Aliyah Boston,aliyahboston,IND,assists,3.5,-112.0,-118.0,10,10,2025-07-29 07:01:00+00:00,2025-07-29 07:01:00+00:00,2025-07-29 07:01:00+00:00,2025-07-30 23:00:00+00:00,0.0,2025-07-30,2025,REG,IND,PHX,1.0695862904621776,True,,0.49327872882454105,401736281,4432831,5,11,1,True,False,matched,1.0,2025-07-30,over,0.09861820958533885,1.8928571428571428,-1.0,1.0,False,False,False
2315,d225e6a1a7af1f38bc34d97ddc170f2f,56,Natasha Howard,natashahoward,MIN,points,11.5,-113.0,-115.0,10,10,2025-07-29 07:01:01+00:00,2025-07-29 07:01:01+00:00,2025-07-29 07:01:01+00:00,2025-07-30 23:00:00+00:00,0.0,2025-07-30,2025,REG,IND,PHX,1.0654001528551151,True,,0.49774423259931944,401736281,2529130,5,11,1,True,False,matched,6.0,2025-07-30,under,0.22949447400156803,1.8695652173913042,0.8695652173913042,1.0,False,False,False
2315,34c93987a0bf791d49c9519590f3bc85,156,Sophie Cunningham,sophiecunningham,IND,points,8.5,-114.0,-114.0,10,10,2025-07-29 07:08:38+00:00,2025-07-29 07:08:38+00:00,2025-07-29 07:08:38+00:00,2025-07-30 23:00:00+00:00,0.0,2025-07-30,2025,REG,IND,PHX,1.0654205607476634,True,,0.5000000000000001,401736281,3907781,5,11,1,True,False,matched,12.0,2025-07-30,under,0.10400046805043023,1.8771929824561404,-1.0,1.0,False,False,False
2316,540ff0157ab9f0f329796d7010ca6dec,132,Sabrina Ionescu,sabrinaionescu,NYL,points,19.5,-125.0,-104.0,10,10,2025-07-29 18:20:08+00:00,2025-07-29 18:20:08+00:00,2025-07-29 18:20:08+00:00,2025-07-31 00:00:00+00:00,0.0,2025-07-30,2025,REG,MIN,NYL,1.065359477124183,True,,0.5236312520088393,401736283,4066533,9,8,0,True,False,matched,31.0,2025-07-30,under,0.21985745361920933,1.9615384615384617,-1.0,1.0,False,False,False
2316,a68833bf0702f592da5c3c4f9e45350c,112,Napheesa Collier,napheesacollier,MIN,threes,1.5,130.0,-174.0,10,10,2025-07-29 18:20:08+00:00,2025-07-29 18:20:08+00:00,2025-07-29 18:20:08+00:00,2025-07-31 00:00:00+00:00,0.0,2025-07-30,2025,REG,MIN,NYL,1.069819105046017,True,,0.3962729171732011,401736283,3917450,8,9,1,True,False,matched,2.0,2025-07-30,under,0.07954943205918075,1.5747126436781609,-1.0,1.0,False,False,False
2316,2a793e4309d09c0ed4a5776b06ac1f9d,141,Jonquel Jones,jonqueljones,NYL,points,14.5,-118.0,-110.0,10,10,2025-07-29 18:37:28+00:00,2025-07-29 18:37:28+00:00,2025-07-29 18:37:28+00:00,2025-07-31 00:00:00+00:00,0.0,2025-07-30,2025,REG,MIN,NYL,1.0650939274792486,True,,0.5090245232268319,401736283,2999101,9,8,0,True,False,matched,12.0,2025-07-30,under,0.26811430783404244,1.9090909090909092,0.9090909090909092,1.0,False,False,False
2316,4bf4e288d8261bf3c0af7edf91de5292,117,Courtney Williams,courtneywilliams,MIN,rebounds,5.5,-120.0,-110.0,10,10,2025-07-29 18:37:28+00:00,2025-07-29 18:37:28+00:00,2025-07-29 18:37:28+00:00,2025-07-31 00:00:00+00:00,0.0,2025-07-30,2025,REG,MIN,NYL,1.0692640692640691,True,,0.5112040114787568,401736283,2987891,8,9,1,True,False,matched,9.0,2025-07-30,under,0.24136969312704615,1.9090909090909092,-1.0,1.0,False,False,False
2314,93c4b1a2a4d732e6fef2f9a800421168,87,Cameron Brink,cameronbrink,LAS,points,7.5,150.0,-180.0,13,13,2025-07-29 18:39:04+00:00,2025-07-29 18:39:04+00:00,2025-07-29 18:39:04+00:00,2025-07-30 02:00:00+00:00,0.0,2025-07-29,2025,REG,LAS,LVA,1.0428571428571427,True,,0.3760221779176465,401736280,4433404,6,17,1,True,False,matched,5.0,2025-07-29,under,0.14459142422519689,1.5555555555555556,0.5555555555555556,1.0,False,False,False
2312,6e5bd3aefeaa0deeb6ef36ac8f2fee9e,96,Kia Nurse,kianurse,TOR,points,9.5,213.0,-294.0,60,60,2025-07-29 23:10:28+00:00,2025-07-29 23:10:28+00:00,2025-07-29 23:10:28+00:00,2025-07-29 23:30:00+00:00,0.0,2025-07-29,2025,REG,WAS,CHI,1.065681711292389,True,,0.27918420328450927,401736279,3142327,19,16,0,True,False,matched,7.0,2025-07-29,over,0.19193007379810112,3.13,-1.0,1.0,False,False,False
2316,a44a2e2c0a6eaf414b0520dfd775fe31,125,Kayla McBride,kaylamcbride,MIN,points,13.5,-120.0,-108.0,10,10,2025-07-30 02:57:06+00:00,2025-07-30 02:57:06+00:00,2025-07-30 02:57:06+00:00,2025-07-31 00:00:00+00:00,0.0,2025-07-30,2025,REG,MIN,NYL,1.0646853146853146,True,,0.5135396953663074,401736283,2529205,8,9,1,True,False,matched,24.0,2025-07-30,under,0.1223231344585709,1.925925925925926,-1.0,1.0,False,False,False
2316,a809abd62a39c6a2c581e0fb30df35c9,163,Natasha Cloud,natashacloud,CHI,assists,6.5,118.0,-158.0,10,10,2025-07-30 02:57:07+00:00,2025-07-30 02:57:07+00:00,2025-07-30 02:57:07+00:00,2025-07-31 00:00:00+00:00,0.0,2025-07-30,2025,REG,MIN,NYL,1.0711186971054691,True,,0.42034729080094674,401736283,2529137,9,8,0,True,False,matched,7.0,2025-07-30,under,0.10935379264504225,1.6329113924050633,-1.0,1.0,False,False,False
2317,43ee4aea588d2175f2a92725622dd8c6,63,Arike Ogunbowale,arikeogunbowale,DAL,assists,3.5,-102.0,-130.0,10,10,2025-07-30 03:37:58+00:00,2025-07-30 03:37:58+00:00,2025-07-30 03:37:58+00:00,2025-07-31 00:00:00+00:00,0.0,2025-07-30,2025,REG,DAL,ATL,1.0701678863538528,True,,0.46878765056355093,401736282,3904577,3,20,1,True,False,matched,2.0,2025-07-30,over,0.30584148762474317,1.9803921568627452,-1.0,1.0,False,False,False
2317,bb78bffadf97e7760329f82fcfe83c1a,530,JJ Quinerly,jjquinerly,FA,assists,3.5,-125.0,-106.0,10,10,2025-07-30 03:37:58+00:00,2025-07-30 03:37:58+00:00,2025-07-30 03:37:58+00:00,2025-07-31 00:00:00+00:00,0.0,2025-07-30,2025,REG,DAL,ATL,1.070118662351672,True,,0.5212291071384377,401736282,4434015,3,20,1,True,False,matched,2.0,2025-07-30,under,0.1963159187075435,1.9433962264150944,0.9433962264150944,1.0,False,False,False
2317,1309b66a327bdb81bc581f7d5e2bb152,528,Paige Bueckers,paigebueckers,DAL,points,16.5,-122.0,-106.0,10,10,2025-07-30 03:37:58+00:00,2025-07-30 03:37:58+00:00,2025-07-30 03:37:58+00:00,2025-07-31 00:00:00+00:00,0.0,2025-07-30,2025,REG,DAL,ATL,1.064112656345666,True,,0.518058368553134,401736282,4433730,3,20,1,True,False,matched,21.0,2025-07-30,under,0.08455870092864237,1.9433962264150944,-1.0,1.0,False,False,False
2317,cad6bb70934f633e7d9bff9d77194432,1,Allisha Gray,allishagray,ATL,threes,2.5,108.0,-144.0,10,10,2025-07-30 03:37:58+00:00,2025-07-30 03:37:58+00:00,2025-07-30 03:37:58+00:00,2025-07-31 00:00:00+00:00,0.0,2025-07-30,2025,REG,DAL,ATL,1.0709331651954601,True,,0.4433154794603006,401736282,3058901,20,3,0,True,False,matched,3.0,2025-07-30,under,0.06744440821749031,1.6944444444444444,-1.0,1.0,False,False,False
2317,26f91df5b18098f6eaac0a8052bf5e52,49,Brionna Jones,brionnajones,ATL,rebounds,6.5,116.0,-154.0,10,10,2025-07-30 03:37:58+00:00,2025-07-30 03:37:58+00:00,2025-07-30 03:37:58+00:00,2025-07-31 00:00:00+00:00,0.0,2025-07-30,2025,REG,DAL,ATL,1.0692621755613883,True,,0.425792012343204,401736282,3058895,20,3,0,True,False,matched,6.0,2025-07-30,under,0.0673527924664511,1.6493506493506493,0.6493506493506493,1.0,False,False,False
2316,421a296d051e75efc6fa30b43d21fa3c,147,Leonie Fiebich,leoniefiebich,NYL,points,9.5,-110.0,-130.0,33,33,2025-07-30 05:38:56+00:00,2025-07-30 05:38:56+00:00,2025-07-30 05:38:56+00:00,2025-07-31 00:00:00+00:00,0.0,2025-07-30,2025,REG,MIN,NYL,1.0890269151138718,True,,0.47832076753442404,401736283,4683006,9,8,0,True,False,matched,6.0,2025-07-30,under,0.06045693999350227,1.7692307692307692,0.7692307692307692,1.0,False,False,False
2316,31ee1060ccc800323f852f6e99f3eddf,128,Bridget Carleton,bridgetcarleton,PDX,points,8.5,-105.0,-135.0,33,33,2025-07-30 07:45:15+00:00,2025-07-30 07:45:15+00:00,2025-07-30 07:45:15+00:00,2025-07-31 00:00:00+00:00,0.0,2025-07-30,2025,REG,MIN,NYL,1.0866632070576026,True,,0.46744138600370294,401736283,3906972,8,9,1,True,False,matched,10.0,2025-07-30,under,0.343262805212184,1.7407407407407407,-1.0,1.0,False,False,False
2315,d38151b015f5cdbdaa5e4dea80ddcadb,70,Kelsey Mitchell,kelseymitchell,IND,assists,3.5,135.0,-165.0,24,24,2025-07-30 16:54:47+00:00,2025-07-30 16:54:47+00:00,2025-07-30 16:54:47+00:00,2025-07-30 23:00:00+00:00,0.0,2025-07-30,2025,REG,IND,PHX,1.0481734243275793,True,,0.3991056903902242,401736281,3142191,5,11,1,True,False,matched,3.0,2025-07-30,under,0.08674428478456209,1.606060606060606,0.606060606060606,1.0,False,False,False
2318,9aef500e4e5c96b10f4a952937969762,537,Janelle Salaun,janellesalaun,GSV,rebounds,4.5,-138.0,104.0,10,10,2025-07-30 20:12:33+00:00,2025-07-30 20:12:33+00:00,2025-07-30 20:12:33+00:00,2025-07-31 23:30:00+00:00,0.0,2025-07-31,2025,REG,WAS,GSV,1.0700280112044818,True,,0.5464208361470752,401736284,4790264,129689,16,0,True,False,matched,4.0,2025-07-31,under,0.3301112561915771,2.04,1.04,1.0,False,False,False
2318,80e1966f1934680ead065d733f606d8e,55,Veronica Burton,veronicaburton,GSV,assists,4.5,-136.0,102.0,10,10,2025-07-30 20:12:33+00:00,2025-07-30 20:12:33+00:00,2025-07-30 20:12:33+00:00,2025-07-31 23:30:00+00:00,0.0,2025-07-31,2025,REG,WAS,GSV,1.071320691391173,True,,0.5420932924427202,401736284,4398935,129689,16,0,True,False,matched,10.0,2025-07-31,under,0.1816967096908051,2.02,-1.0,1.0,False,False,False
2318,57329996882485440dd2d882848140ca,196,Shakira Austin,shakiraaustin,WAS,points,14.5,-108.0,-120.0,10,10,2025-07-30 20:12:33+00:00,2025-07-30 20:12:33+00:00,2025-07-30 20:12:33+00:00,2025-07-31 23:30:00+00:00,0.0,2025-07-31,2025,REG,WAS,GSV,1.0646853146853146,True,,0.48646030463369283,401736284,4398911,16,129689,1,True,False,matched,10.0,2025-07-31,under,0.13084521981351244,1.8333333333333335,0.8333333333333335,1.0,False,False,False
2318,7b7dc6bdceb4d194aa0b2eac3420b702,221,Tiffany Hayes,tiffanyhayes,GSV,points,12.5,-128.0,-102.0,10,10,2025-07-30 20:12:34+00:00,2025-07-30 20:12:34+00:00,2025-07-30 20:12:34+00:00,2025-07-31 23:30:00+00:00,0.0,2025-07-31,2025,REG,WAS,GSV,1.0663540038214347,True,,0.5291749480305961,401736284,1054,129689,16,0,True,False,matched,0.0,2025-07-31,under,0.194831726649831,1.9803921568627452,0.9803921568627452,1.0,False,False,False
2318,6e2fdcc57ff3da2a7d1cfad1bfaf5ad2,573,Sonia Citron,soniacitron,WAS,threes,1.5,102.0,-136.0,10,10,2025-07-30 20:12:34+00:00,2025-07-30 20:12:34+00:00,2025-07-30 20:12:34+00:00,2025-07-31 23:30:00+00:00,0.0,2025-07-31,2025,REG,WAS,GSV,1.071320691391173,True,,0.4579067075572801,401736284,4433524,16,129689,1,True,False,matched,2.0,2025-07-31,under,0.061631068196844274,1.7352941176470589,-1.0,1.0,False,False,False
2316,a154d9ca0a9da895f202b7b0f4f092fb,21,Isabelle Harrison,isabelleharrison,TOR,points,7.5,-114.0,-115.0,10,10,2025-07-30 23:09:27+00:00,2025-07-30 23:09:27+00:00,2025-07-30 23:09:27+00:00,2025-07-31 00:00:00+00:00,0.0,2025-07-30,2025,REG,MIN,NYL,1.0675940013040643,True,,0.49887602265758907,401736283,2566453,9,8,0,True,False,matched,15.0,2025-07-30,under,0.34982250767283585,1.8695652173913042,-1.0,1.0,False,False,False
2316,27ec5d1f967b61154c6b82e9240ab752,297,Marine Johannes,marinejohannes,NYL,points,8.5,108.0,-140.0,10,10,2025-07-30 23:48:49+00:00,2025-07-30 23:48:49+00:00,2025-07-30 23:48:49+00:00,2025-07-31 00:00:00+00:00,0.0,2025-07-30,2025,REG,MIN,NYL,1.0641025641025639,True,,0.4470574861947943,401736283,4038379,9,8,0,True,False,matched,14.0,2025-07-30,under,0.3426244246181124,1.7142857142857144,-1.0,1.0,False,False,False
2318,3ccdcbde6aab0fb663c499a899c27022,120,Cecilia Zandalasini,ceciliazandalasini,GSV,threes,1.5,-122.0,-108.0,10,10,2025-07-31 02:37:31+00:00,2025-07-31 02:37:31+00:00,2025-07-31 02:37:31+00:00,2025-07-31 23:30:00+00:00,0.0,2025-07-31,2025,REG,WAS,GSV,1.0687803187803186,True,,0.5156895960912058,401736284,4257500,129689,16,0,True,True,did_not_play,,2025-07-31,under,0.2459081101215579,1.925925925925926,0.0,0.0,False,True,False
2321,e7a8b5ccf2c9d4d91dbdcff0e80370dc,88,Aari McDonald,aarimcdonald,FA,assists,4.5,-158.0,118.0,10,10,2025-07-31 04:36:26+00:00,2025-07-31 04:36:26+00:00,2025-07-31 04:36:26+00:00,2025-08-01 23:30:00+00:00,0.0,2025-08-01,2025,REG,DAL,IND,1.0711186971054691,True,,0.5796527091990534,401736288,4066553,5,3,0,True,False,matched,6.0,2025-08-01,under,0.33920383808538096,2.1799999999999997,-1.0,1.0,False,False,False
2321,1ac66979797050b605a8b5e7418fd1fd,71,Aliyah Boston,aliyahboston,IND,rebounds,8.5,-128.0,-104.0,10,10,2025-07-31 04:36:26+00:00,2025-07-31 04:36:26+00:00,2025-07-31 04:36:26+00:00,2025-08-01 23:30:00+00:00,0.0,2025-08-01,2025,REG,DAL,IND,1.0712074303405572,True,,0.5267388899028808,401736288,4432831,5,3,0,True,False,matched,11.0,2025-08-01,under,0.11570261205294435,1.9615384615384617,-1.0,1.0,False,False,False
2321,2d4c24f350a456c7dcff2b45633d6b1d,70,Kelsey Mitchell,kelseymitchell,IND,threes,2.5,-120.0,-110.0,10,10,2025-07-31 04:36:26+00:00,2025-07-31 04:36:26+00:00,2025-07-31 04:36:26+00:00,2025-08-01 23:30:00+00:00,0.0,2025-08-01,2025,REG,DAL,IND,1.0692640692640691,True,,0.5112040114787568,401736288,3142191,5,3,0,True,False,matched,3.0,2025-08-01,under,0.0806458773744278,1.9090909090909092,-1.0,1.0,False,False,False
2321,86831a20dc24eae4cb770580c6a0b15b,530,JJ Quinerly,jjquinerly,FA,points,9.5,104.0,-135.0,10,10,2025-07-31 04:36:26+00:00,2025-07-31 04:36:26+00:00,2025-07-31 04:36:26+00:00,2025-08-01 23:30:00+00:00,0.0,2025-08-01,2025,REG,DAL,IND,1.0646641635377556,True,,0.45648742045938223,401736288,4434015,3,5,1,True,False,matched,6.0,2025-08-01,under,0.07354414515227276,1.7407407407407407,0.7407407407407407,1.0,False,False,False
2321,14ec3bee73aa81e9fafaa7a10452d893,56,Natasha Howard,natashahoward,MIN,rebounds,5.5,-158.0,118.0,10,10,2025-07-31 04:36:26+00:00,2025-07-31 04:36:26+00:00,2025-07-31 04:36:26+00:00,2025-08-01 23:30:00+00:00,0.0,2025-08-01,2025,REG,DAL,IND,1.0711186971054691,True,,0.5796527091990534,401736288,2529130,5,3,0,True,False,matched,16.0,2025-08-01,under,0.06859648662217877,2.1799999999999997,-1.0,1.0,False,False,False
2321,25e8a5e2aeee8bcfa2cfd98a0e203fcc,156,Sophie Cunningham,sophiecunningham,IND,threes,1.5,-146.0,110.0,10,10,2025-07-31 04:36:26+00:00,2025-07-31 04:36:26+00:00,2025-07-31 04:36:26+00:00,2025-08-01 23:30:00+00:00,0.0,2025-08-01,2025,REG,DAL,IND,1.0696864111498257,True,,0.5607420039050215,401736288,3907781,5,3,0,True,False,matched,0.0,2025-08-01,under,0.06259815130540664,2.1,1.1,1.0,False,False,False
2321,3e90a8f22bef828d39d6934fa86c9ee0,528,Paige Bueckers,paigebueckers,DAL,rebounds,3.5,116.0,-154.0,10,10,2025-07-31 04:36:27+00:00,2025-07-31 04:36:27+00:00,2025-07-31 04:36:27+00:00,2025-08-01 23:30:00+00:00,0.0,2025-08-01,2025,REG,DAL,IND,1.0692621755613883,True,,0.425792012343204,401736288,4433730,3,5,1,True,False,matched,4.0,2025-08-01,over,0.07698233607345484,2.16,1.1600000000000001,1.0,False,False,False
2319,bf643f5c58b3168d840e9775feb17546,155,Kahleah Copper,kahleahcopper,PHO,points,14.5,-128.0,-102.0,10,10,2025-07-31 05:21:15+00:00,2025-07-31 05:21:15+00:00,2025-07-31 05:21:15+00:00,2025-08-01 23:30:00+00:00,0.0,2025-08-01,2025,REG,ATL,PHX,1.0663540038214347,True,,0.5291749480305961,401736285,2998938,11,20,0,True,False,matched,19.0,2025-08-01,under,0.1930181400415718,1.9803921568627452,-1.0,1.0,False,False,False
2319,5fa24d78f74f6ab17e535d12e2088860,40,Alyssa Thomas,alyssathomas,PHO,points,13.5,-128.0,-102.0,10,10,2025-07-31 05:21:15+00:00,2025-07-31 05:21:15+00:00,2025-07-31 05:21:15+00:00,2025-08-01 23:30:00+00:00,0.0,2025-08-01,2025,REG,ATL,PHX,1.0663540038214347,True,,0.5291749480305961,401736285,2529140,11,20,0,True,False,matched,12.0,2025-08-01,under,0.08209911708472661,1.9803921568627452,0.9803921568627452,1.0,False,False,False
2319,4a7a6d24a983d252dc5d8923ee752952,54,Satou Sabally,satousabally,NYL,points,15.5,-104.0,-125.0,10,10,2025-07-31 05:21:15+00:00,2025-07-31 05:21:15+00:00,2025-07-31 05:21:15+00:00,2025-08-01 23:30:00+00:00,0.0,2025-08-01,2025,REG,ATL,PHX,1.065359477124183,True,,0.4763687479911608,401736285,4281929,11,20,0,True,False,matched,9.0,2025-08-01,under,0.06557869645464043,1.8,0.8,1.0,False,False,False
2319,4c2c232979f30fc589ec3080bb9c7bda,1,Allisha Gray,allishagray,ATL,points,19.5,-110.0,-118.0,10,10,2025-07-31 05:24:56+00:00,2025-07-31 05:24:56+00:00,2025-07-31 05:24:56+00:00,2025-08-01 23:30:00+00:00,0.0,2025-08-01,2025,REG,ATL,PHX,1.0650939274792486,True,,0.4909754767731684,401736285,3058901,20,11,1,True,False,matched,26.0,2025-08-01,under,0.2191793005685444,1.847457627118644,-1.0,1.0,False,False,False
2321,ce4be0da7ccbeb4b47ebd6cfb576b5a6,63,Arike Ogunbowale,arikeogunbowale,DAL,assists,3.5,-140.0,100.0,33,33,2025-07-31 10:23:03+00:00,2025-07-31 10:23:03+00:00,2025-07-31 10:23:03+00:00,2025-08-01 23:30:00+00:00,0.0,2025-08-01,2025,REG,DAL,IND,1.0833333333333333,True,,0.5434863681281015,401736288,3904577,3,5,1,True,False,matched,5.0,2025-08-01,over,0.10710355292345652,1.7142857142857144,0.7142857142857144,1.0,False,False,False
2318,6e00809d2154e97c52da1aa63416c74f,149,Sug Sutton,sugsutton,DAL,points,7.5,-115.0,-115.0,13,13,2025-07-31 10:44:25+00:00,2025-07-31 10:44:25+00:00,2025-07-31 10:44:25+00:00,2025-07-31 23:30:00+00:00,0.0,2025-07-31,2025,REG,WAS,GSV,1.0697674418604652,True,,0.5,401736284,4068159,16,129689,1,True,False,matched,7.0,2025-07-31,under,0.09702139719975161,1.8695652173913042,0.8695652173913042,1.0,False,False,False
2319,63e7d553e80a0c9e100dc88b3110c650,49,Brionna Jones,brionnajones,ATL,points,11.5,-118.0,-110.0,10,10,2025-07-31 12:45:11+00:00,2025-07-31 12:45:11+00:00,2025-07-31 12:45:11+00:00,2025-08-01 23:30:00+00:00,0.0,2025-08-01,2025,REG,ATL,PHX,1.0650939274792486,True,,0.5090245232268319,401736285,3058895,20,11,1,True,False,matched,16.0,2025-08-01,under,0.09452161609289822,1.9090909090909092,-1.0,1.0,False,False,False
2320,26d0760f6fd45c5807e7c64b507299c2,297,Marine Johannes,marinejohannes,NYL,points,9.5,-114.0,-114.0,10,10,2025-07-31 14:39:05+00:00,2025-07-31 14:39:05+00:00,2025-07-31 14:39:05+00:00,2025-08-01 23:30:00+00:00,0.0,2025-08-01,2025,REG,CON,NYL,1.0654205607476634,True,,0.5000000000000001,401736286,4038379,9,18,0,True,False,matched,0.0,2025-08-01,under,0.26297324715513065,1.8771929824561404,0.8771929824561404,1.0,False,False,False
2320,61b40f897ca6468155fc9192a0fb0165,141,Jonquel Jones,jonqueljones,NYL,assists,3.5,-114.0,-114.0,10,10,2025-07-31 14:39:06+00:00,2025-07-31 14:39:06+00:00,2025-07-31 14:39:06+00:00,2025-08-01 23:30:00+00:00,0.0,2025-08-01,2025,REG,CON,NYL,1.0654205607476634,True,,0.5000000000000001,401736286,2999101,9,18,0,True,False,matched,4.0,2025-08-01,under,0.5138797518720769,1.8771929824561404,-1.0,1.0,False,False,False
2320,2675d76a8a7832ecf905154090720379,147,Leonie Fiebich,leoniefiebich,NYL,threes,1.5,-154.0,116.0,10,10,2025-07-31 14:39:06+00:00,2025-07-31 14:39:06+00:00,2025-07-31 14:39:06+00:00,2025-08-01 23:30:00+00:00,0.0,2025-08-01,2025,REG,CON,NYL,1.0692621755613883,True,,0.574207987656796,401736286,4683006,9,18,0,True,False,matched,0.0,2025-08-01,under,0.2581110669817314,2.16,1.1600000000000001,1.0,False,False,False
2320,dc4d4cba14fdf2a73e8eb59434e23b9d,132,Sabrina Ionescu,sabrinaionescu,NYL,assists,6.5,-130.0,-102.0,10,10,2025-07-31 14:39:06+00:00,2025-07-31 14:39:06+00:00,2025-07-31 14:39:06+00:00,2025-08-01 23:30:00+00:00,0.0,2025-08-01,2025,REG,CON,NYL,1.0701678863538528,True,,0.5312123494364493,401736286,4066533,9,18,0,True,False,matched,5.0,2025-08-01,under,0.23557609560310916,1.9803921568627452,0.9803921568627452,1.0,False,False,False
2320,361734477d0fd48f6756c2dd3a916dd4,163,Natasha Cloud,natashacloud,CHI,assists,7.5,118.0,-158.0,10,10,2025-07-31 14:39:06+00:00,2025-07-31 14:39:06+00:00,2025-07-31 14:39:06+00:00,2025-08-01 23:30:00+00:00,0.0,2025-08-01,2025,REG,CON,NYL,1.0711186971054691,True,,0.42034729080094674,401736286,2529137,9,18,0,True,False,matched,3.0,2025-08-01,under,0.2346291669089034,1.6329113924050633,0.6329113924050633,1.0,False,False,False
2320,f51375069f553b8b06ba8710d7255925,22,Marina Mabrey,marinamabrey,TOR,points,12.5,-113.0,-115.0,10,10,2025-07-31 14:43:00+00:00,2025-07-31 14:43:00+00:00,2025-07-31 14:43:00+00:00,2025-08-01 23:30:00+00:00,0.0,2025-08-01,2025,REG,CON,NYL,1.0654001528551151,True,,0.49774423259931944,401736286,3904576,18,9,1,True,False,matched,18.0,2025-08-01,under,0.054518793896433604,1.8695652173913042,-1.0,1.0,False,False,False
2320,371b8041fead6c8c2f3d3483fce789d2,274,Bria Hartley,briahartley,FA,assists,3.5,-160.0,120.0,10,10,2025-07-31 14:43:01+00:00,2025-07-31 14:43:01+00:00,2025-07-31 14:43:01+00:00,2025-08-01 23:30:00+00:00,0.0,2025-08-01,2025,REG,CON,NYL,1.06993006993007,True,,0.583305061424049,401736286,2529185,18,9,1,True,False,matched,2.0,2025-08-01,under,0.19293049982394345,2.2,1.2000000000000002,1.0,False,False,False
2323,ef785eb5b498901023b4c37ca01c8478,180,Nneka Ogwumike,nnekaogwumike,LAS,rebounds,7.5,120.0,-160.0,10,10,2025-07-31 15:11:27+00:00,2025-07-31 15:11:27+00:00,2025-07-31 15:11:27+00:00,2025-08-02 02:00:00+00:00,0.0,2025-08-01,2025,REG,SEA,LAS,1.06993006993007,True,,0.41669493857595097,401736289,1068,14,6,1,True,False,matched,12.0,2025-08-01,under,0.20049395987251734,1.625,-1.0,1.0,False,False,False
2323,7ad915d3f032fee3ae427159b33c8ed6,208,Gabby Williams,gabbywilliams,GSV,threes,1.5,124.0,-166.0,10,10,2025-07-31 15:11:27+00:00,2025-07-31 15:11:27+00:00,2025-07-31 15:11:27+00:00,2025-08-02 02:00:00+00:00,0.0,2025-08-01,2025,REG,SEA,LAS,1.0704887218045114,True,,0.40796342297849103,401736289,3142328,14,6,1,True,False,matched,2.0,2025-08-01,under,0.17559009123539554,1.6024096385542168,-1.0,1.0,False,False,False
2323,8fe95a48d3a88ddfc00de11c651c3b44,176,Ezi Magbegor,ezimagbegor,SEA,rebounds,6.5,-106.0,-125.0,10,10,2025-07-31 15:11:27+00:00,2025-07-31 15:11:27+00:00,2025-07-31 15:11:27+00:00,2025-08-02 02:00:00+00:00,0.0,2025-08-01,2025,REG,SEA,LAS,1.070118662351672,True,,0.4787708928615623,401736289,4420318,14,6,1,True,False,matched,11.0,2025-08-01,under,0.10989021006661337,1.8,-1.0,1.0,False,False,False
2323,bac4114eddb498ce93b4d05bd1f7b349,82,Azura Stevens,azurastevens,CHI,threes,1.5,-114.0,-114.0,10,10,2025-07-31 15:11:27+00:00,2025-07-31 15:11:27+00:00,2025-07-31 15:11:27+00:00,2025-08-02 02:00:00+00:00,0.0,2025-08-01,2025,REG,SEA,LAS,1.0654205607476634,True,,0.5000000000000001,401736289,3142010,6,14,0,True,False,matched,3.0,2025-08-01,under,0.07941111335829154,1.8771929824561404,-1.0,1.0,False,False,False
2323,7d707e1faae4306842f3ffbc687903bd,66,Erica Wheeler,ericawheeler,LAS,points,10.5,-102.0,-128.0,10,10,2025-07-31 15:11:27+00:00,2025-07-31 15:11:27+00:00,2025-07-31 15:11:27+00:00,2025-08-02 02:00:00+00:00,0.0,2025-08-01,2025,REG,SEA,LAS,1.0663540038214347,True,,0.47082505196940394,401736289,2491214,14,6,1,True,False,matched,15.0,2025-08-01,under,0.0662392544913345,1.78125,-1.0,1.0,False,False,False
2323,5a4ce921487b0cd92f0267cd222b530d,175,Skylar Diggins,skylardiggins,CHI,points,16.5,-110.0,-118.0,10,10,2025-07-31 15:11:28+00:00,2025-07-31 15:11:28+00:00,2025-07-31 15:11:28+00:00,2025-08-02 02:00:00+00:00,0.0,2025-08-01,2025,REG,SEA,LAS,1.0650939274792486,True,,0.4909754767731684,401736289,2491205,14,6,1,True,False,matched,18.0,2025-08-01,under,0.1715803067067051,1.847457627118644,-1.0,1.0,False,False,False
2323,8fafa15e15417fb08ef33e326e2f7234,89,Dearica Hamby,dearicahamby,LAS,points,15.5,-120.0,-108.0,10,10,2025-07-31 15:11:28+00:00,2025-07-31 15:11:28+00:00,2025-07-31 15:11:28+00:00,2025-08-02 02:00:00+00:00,0.0,2025-08-01,2025,REG,SEA,LAS,1.0646853146853146,True,,0.5135396953663074,401736289,2566106,6,14,0,True,False,matched,21.0,2025-08-01,under,0.16893394086497704,1.925925925925926,-1.0,1.0,False,False,False
2323,77b9ee7fc8203bb48f647f9bc6f41eae,101,Kelsey Plum,kelseyplum,LAS,threes,2.5,-108.0,-122.0,10,10,2025-07-31 15:11:28+00:00,2025-07-31 15:11:28+00:00,2025-07-31 15:11:28+00:00,2025-08-02 02:00:00+00:00,0.0,2025-08-01,2025,REG,SEA,LAS,1.0687803187803186,True,,0.48431040390879443,401736289,3065570,6,14,0,True,False,matched,2.0,2025-08-01,under,0.13610297904447854,1.819672131147541,0.819672131147541,1.0,False,False,False
2323,e5a30a3b63929d4195f6071ae28c8668,94,Rickea Jackson,rickeajackson,CHI,points,13.5,-113.0,-118.0,10,10,2025-07-31 15:11:28+00:00,2025-07-31 15:11:28+00:00,2025-07-31 15:11:28+00:00,2025-08-02 02:00:00+00:00,0.0,2025-08-01,2025,REG,SEA,LAS,1.0718008355946074,True,,0.49441831186089263,401736289,4433630,6,14,0,True,False,matched,27.0,2025-08-01,under,0.10506598605589323,1.847457627118644,-1.0,1.0,False,False,False
2323,24d63257b7ae76a2fa85ca4fac805277,87,Cameron Brink,cameronbrink,LAS,points,5.5,-125.0,-104.0,10,10,2025-08-01 01:52:06+00:00,2025-08-01 01:52:06+00:00,2025-08-01 01:52:06+00:00,2025-08-02 02:00:00+00:00,0.0,2025-08-01,2025,REG,SEA,LAS,1.065359477124183,True,,0.5236312520088393,401736289,4433404,6,14,0,True,False,matched,7.0,2025-08-01,under,0.08510867832083807,1.9615384615384617,-1.0,1.0,False,False,False
2322,88ff0862be088dcbbd71975aed446a7e,33,Elizabeth Williams,elizabethwilliams,CHI,points,9.5,-122.0,-106.0,10,10,2025-08-01 02:50:16+00:00,2025-08-01 02:50:16+00:00,2025-08-01 02:50:16+00:00,2025-08-01 23:30:00+00:00,0.0,2025-08-01,2025,REG,CHI,GSV,1.064112656345666,True,,0.518058368553134,401736287,2566081,19,129689,1,True,False,matched,15.0,2025-08-01,under,0.42574597093674066,1.9433962264150944,-1.0,1.0,False,False,False
2322,36579ec254b5c2746e60d5404812b202,537,Janelle Salaun,janellesalaun,GSV,rebounds,5.5,110.0,-146.0,10,10,2025-08-01 02:50:16+00:00,2025-08-01 02:50:16+00:00,2025-08-01 02:50:16+00:00,2025-08-01 23:30:00+00:00,0.0,2025-08-01,2025,REG,CHI,GSV,1.0696864111498257,True,,0.4392579960949788,401736287,4790264,129689,19,0,True,False,matched,9.0,2025-08-01,under,0.2869365861856301,1.6849315068493151,-1.0,1.0,False,False,False
2322,e994c0dbf01ed7c9ffe7e01fd5010b0c,30,Kamilla Cardoso,kamillacardoso,CHI,rebounds,9.5,-125.0,-106.0,10,10,2025-08-01 02:50:16+00:00,2025-08-01 02:50:16+00:00,2025-08-01 02:50:16+00:00,2025-08-01 23:30:00+00:00,0.0,2025-08-01,2025,REG,CHI,GSV,1.070118662351672,True,,0.5212291071384377,401736287,4433405,19,129689,1,True,False,matched,11.0,2025-08-01,under,0.2187471920969663,1.9433962264150944,-1.0,1.0,False,False,False
2322,1edce1e4acddf1b52560d0c1221f58d8,55,Veronica Burton,veronicaburton,GSV,assists,4.5,-144.0,108.0,10,10,2025-08-01 02:50:16+00:00,2025-08-01 02:50:16+00:00,2025-08-01 02:50:16+00:00,2025-08-01 23:30:00+00:00,0.0,2025-08-01,2025,REG,CHI,GSV,1.0709331651954601,True,,0.5566845205396996,401736287,4398935,129689,19,0,True,False,matched,7.0,2025-08-01,under,0.17147734511458418,2.08,-1.0,1.0,False,False,False
2324,01f0a95dbf79dfe0806948e07fc09fbc,112,Napheesa Collier,napheesacollier,MIN,rebounds,8.5,-128.0,-104.0,10,10,2025-08-01 04:36:26+00:00,2025-08-01 04:36:26+00:00,2025-08-01 04:36:26+00:00,2025-08-02 19:00:00+00:00,0.0,2025-08-02,2025,REG,LVA,MIN,1.0712074303405572,True,,0.5267388899028808,401736290,3917450,8,17,0,True,False,matched,3.0,2025-08-02,under,0.20168180280397197,1.9615384615384617,0.9615384615384617,1.0,False,False,False
2324,c0e6488cce2fee6471ce8d5a3728f3e6,102,Jackie Young,jackieyoung,LVA,rebounds,3.5,-125.0,-104.0,10,10,2025-08-01 04:36:26+00:00,2025-08-01 04:36:26+00:00,2025-08-01 04:36:26+00:00,2025-08-02 19:00:00+00:00,0.0,2025-08-02,2025,REG,LVA,MIN,1.065359477124183,True,,0.5236312520088393,401736290,4065870,17,8,1,True,False,matched,1.0,2025-08-02,over,0.11596400658709466,1.8,-1.0,1.0,False,False,False
2324,176a4d49fef965c9d9ee20a41bc6c2a7,107,Chelsea Gray,chelseagray,LVA,points,9.5,-122.0,-106.0,10,10,2025-08-01 04:36:26+00:00,2025-08-01 04:36:26+00:00,2025-08-01 04:36:26+00:00,2025-08-02 19:00:00+00:00,0.0,2025-08-02,2025,REG,LVA,MIN,1.064112656345666,True,,0.518058368553134,401736290,2529122,17,8,1,True,False,matched,3.0,2025-08-02,under,0.07171032048768106,1.9433962264150944,0.9433962264150944,1.0,False,False,False
2324,daed570ef8abc5558b6259afd667fd40,103,A'ja Wilson,ajawilson,LVA,rebounds,9.5,-148.0,112.0,10,10,2025-08-01 04:36:27+00:00,2025-08-01 04:36:27+00:00,2025-08-01 04:36:27+00:00,2025-08-02 19:00:00+00:00,0.0,2025-08-02,2025,REG,LVA,MIN,1.0684723067559343,True,,0.5647227530167998,401736290,3149391,17,8,1,True,False,matched,5.0,2025-08-02,under,0.1938866265352558,2.12,1.12,1.0,False,False,False
2324,2c15ac5504bacfc0e10c835109bad140,128,Bridget Carleton,bridgetcarleton,PDX,points,7.5,-118.0,-110.0,10,10,2025-08-01 04:36:27+00:00,2025-08-01 04:36:27+00:00,2025-08-01 04:36:27+00:00,2025-08-02 19:00:00+00:00,0.0,2025-08-02,2025,REG,LVA,MIN,1.0650939274792486,True,,0.5090245232268319,401736290,3906972,8,17,0,True,False,matched,6.0,2025-08-02,under,0.15474289080401926,1.9090909090909092,0.9090909090909092,1.0,False,False,False
2324,6c6f444b0566bca5e44355bf5c80110d,117,Courtney Williams,courtneywilliams,MIN,points,13.5,-130.0,100.0,10,10,2025-08-01 04:36:27+00:00,2025-08-01 04:36:27+00:00,2025-08-01 04:36:27+00:00,2025-08-02 19:00:00+00:00,0.0,2025-08-02,2025,REG,LVA,MIN,1.065217391304348,True,,0.5336835053940976,401736290,2987891,8,17,0,True,False,matched,9.0,2025-08-02,under,0.15175886275203593,2.0,1.0,1.0,False,False,False
2324,fffee676ba032f98cb5fc843e634656e,121,Alanna Smith,alannasmith,DAL,points,9.5,-128.0,-102.0,10,10,2025-08-01 04:36:27+00:00,2025-08-01 04:36:27+00:00,2025-08-01 04:36:27+00:00,2025-08-02 19:00:00+00:00,0.0,2025-08-02,2025,REG,LVA,MIN,1.0663540038214347,True,,0.5291749480305961,401736290,3913881,8,17,0,True,False,matched,7.0,2025-08-02,under,0.15071007032053746,1.9803921568627452,0.9803921568627452,1.0,False,False,False
2324,49092de90586dff6da5de3c556c277a7,125,Kayla McBride,kaylamcbride,MIN,points,13.5,-125.0,-102.0,10,10,2025-08-01 04:36:27+00:00,2025-08-01 04:36:27+00:00,2025-08-01 04:36:27+00:00,2025-08-02 19:00:00+00:00,0.0,2025-08-02,2025,REG,LVA,MIN,1.0605060506050605,True,,0.5260687813288253,401736290,2529205,8,17,0,True,False,matched,24.0,2025-08-02,under,0.11691267437789105,1.9803921568627452,-1.0,1.0,False,False,False
2322,3bd1933010f6e06843764e866c2b55f2,221,Tiffany Hayes,tiffanyhayes,GSV,points,12.5,-110.0,-118.0,10,10,2025-08-01 15:42:53+00:00,2025-08-01 15:42:53+00:00,2025-08-01 15:42:53+00:00,2025-08-01 23:30:00+00:00,0.0,2025-08-01,2025,REG,CHI,GSV,1.0650939274792486,True,,0.4909754767731684,401736287,1054,129689,19,0,True,True,did_not_play,,2025-08-01,under,0.21088191045926596,1.847457627118644,0.0,0.0,False,True,False
2322,34ae4f45dd3ccf04db542dcb3157520c,58,Carla Leite,carlaleite,PDX,points,9.5,-114.0,-114.0,10,10,2025-08-01 23:22:17+00:00,2025-08-01 23:22:17+00:00,2025-08-01 23:22:17+00:00,2025-08-01 23:30:00+00:00,0.0,2025-08-01,2025,REG,CHI,GSV,1.0654205607476634,True,,0.5000000000000001,401736287,5208982,129689,19,0,True,False,matched,11.0,2025-08-01,under,0.3351966219793502,1.8771929824561404,-1.0,1.0,False,False,False
2328,c0c60526fbfa07fa87f907d991579610,30,Kamilla Cardoso,kamillacardoso,CHI,rebounds,10.5,-108.0,-122.0,10,10,2025-08-02 05:26:03+00:00,2025-08-02 05:26:03+00:00,2025-08-02 05:26:03+00:00,2025-08-03 22:00:00+00:00,0.0,2025-08-03,2025,REG,CHI,PHX,1.0687803187803186,True,,0.48431040390879443,401736293,4433405,19,11,1,True,False,matched,10.0,2025-08-03,under,0.2578541465641116,1.819672131147541,0.819672131147541,1.0,False,False,False
2328,f4687d0aade34b611d8dd9e4cb1f8f83,40,Alyssa Thomas,alyssathomas,PHO,rebounds,8.5,-136.0,102.0,10,10,2025-08-02 05:26:03+00:00,2025-08-02 05:26:03+00:00,2025-08-02 05:26:03+00:00,2025-08-03 22:00:00+00:00,0.0,2025-08-03,2025,REG,CHI,PHX,1.071320691391173,True,,0.5420932924427202,401736293,2529140,11,19,0,True,False,matched,10.0,2025-08-03,under,0.10835027468561459,2.02,-1.0,1.0,False,False,False
2328,a538b5a917a57c2d814f9bc3516897ee,155,Kahleah Copper,kahleahcopper,PHO,points,14.5,-130.0,100.0,10,10,2025-08-02 05:26:03+00:00,2025-08-02 05:26:03+00:00,2025-08-02 05:26:03+00:00,2025-08-03 22:00:00+00:00,0.0,2025-08-03,2025,REG,CHI,PHX,1.065217391304348,True,,0.5336835053940976,401736293,2998938,11,19,0,True,False,matched,25.0,2025-08-03,under,0.0516807647729538,2.0,-1.0,1.0,False,False,False
2327,fe7bfe158c48ca77834987f99aa80212,70,Kelsey Mitchell,kelseymitchell,IND,points,19.5,-102.0,-128.0,10,10,2025-08-02 05:56:35+00:00,2025-08-02 05:56:35+00:00,2025-08-02 05:56:35+00:00,2025-08-03 19:00:00+00:00,0.0,2025-08-03,2025,REG,SEA,IND,1.0663540038214347,True,,0.47082505196940394,401736295,3142191,5,14,0,True,False,matched,9.0,2025-08-03,under,0.1955299106835292,1.78125,0.78125,1.0,False,False,False
2327,dbcfb4dd36b2ba01287a7bbbe6fad6e6,71,Aliyah Boston,aliyahboston,IND,points,14.5,-122.0,-106.0,10,10,2025-08-02 05:56:35+00:00,2025-08-02 05:56:35+00:00,2025-08-02 05:56:35+00:00,2025-08-03 19:00:00+00:00,0.0,2025-08-03,2025,REG,SEA,IND,1.064112656345666,True,,0.518058368553134,401736295,4432831,5,14,0,True,False,matched,16.0,2025-08-03,under,0.1558888507564889,1.9433962264150944,-1.0,1.0,False,False,False
2327,df98494b3b3c0b6e90c8bdfcc5dbad8f,180,Nneka Ogwumike,nnekaogwumike,LAS,rebounds,6.5,-140.0,106.0,10,10,2025-08-02 06:07:57+00:00,2025-08-02 06:07:57+00:00,2025-08-02 06:07:57+00:00,2025-08-03 19:00:00+00:00,0.0,2025-08-03,2025,REG,SEA,IND,1.0687702265372168,True,,0.5506638564937638,401736295,1068,14,5,1,True,False,matched,3.0,2025-08-03,under,0.3204358672981873,2.06,1.06,1.0,False,False,False
2327,ba3f4c9de5b1b59393e600ba91330027,208,Gabby Williams,gabbywilliams,GSV,points,12.5,-118.0,-110.0,10,10,2025-08-02 06:07:57+00:00,2025-08-02 06:07:57+00:00,2025-08-02 06:07:57+00:00,2025-08-03 19:00:00+00:00,0.0,2025-08-03,2025,REG,SEA,IND,1.0650939274792486,True,,0.5090245232268319,401736295,3142328,14,5,1,True,False,matched,12.0,2025-08-03,under,0.21505006696561974,1.9090909090909092,0.9090909090909092,1.0,False,False,False
2327,f78d24671395b4cb2ea85524a8674c00,175,Skylar Diggins,skylardiggins,CHI,points,15.5,-106.0,-122.0,10,10,2025-08-02 06:07:57+00:00,2025-08-02 06:07:57+00:00,2025-08-02 06:07:57+00:00,2025-08-03 19:00:00+00:00,0.0,2025-08-03,2025,REG,SEA,IND,1.064112656345666,True,,0.4819416314468661,401736295,2491205,14,5,1,True,False,matched,13.0,2025-08-03,under,0.1293029114722527,1.819672131147541,0.819672131147541,1.0,False,False,False
2325,f7ec558c27f47d4a228ce5e9b7d82c11,141,Jonquel Jones,jonqueljones,NYL,assists,2.5,-168.0,126.0,10,10,2025-08-02 06:41:57+00:00,2025-08-02 06:41:57+00:00,2025-08-02 06:41:57+00:00,2025-08-03 17:00:00+00:00,0.0,2025-08-03,2025,REG,CON,NYL,1.0693435477479856,True,,0.5954775535118485,401736292,2999101,9,18,0,True,False,matched,4.0,2025-08-03,under,0.41004600931677515,2.26,-1.0,1.0,False,False,False
2325,efe712dc19497e16d8a2340724a979f3,22,Marina Mabrey,marinamabrey,TOR,rebounds,3.5,-172.0,128.0,10,10,2025-08-02 06:41:57+00:00,2025-08-02 06:41:57+00:00,2025-08-02 06:41:57+00:00,2025-08-03 17:00:00+00:00,0.0,2025-08-03,2025,REG,CON,NYL,1.0709494324045408,True,,0.6004234693007796,401736292,3904576,18,9,1,True,False,matched,3.0,2025-08-03,under,0.3992414936274479,2.2800000000000002,1.2800000000000002,1.0,False,False,False
2325,dc394b8127b98fe0449cec252c1a30e3,132,Sabrina Ionescu,sabrinaionescu,NYL,points,22.5,-104.0,-125.0,10,10,2025-08-02 06:41:57+00:00,2025-08-02 06:41:57+00:00,2025-08-02 06:41:57+00:00,2025-08-03 17:00:00+00:00,0.0,2025-08-03,2025,REG,CON,NYL,1.065359477124183,True,,0.4763687479911608,401736292,4066533,9,18,0,True,False,matched,36.0,2025-08-03,under,0.13764667353076093,1.8,-1.0,1.0,False,False,False
2325,1fec1c7f6fb82e687b7fd34e5395ab2d,9,Tina Charles,tinacharles,FA,rebounds,5.5,-125.0,-106.0,10,10,2025-08-02 06:41:57+00:00,2025-08-02 06:41:57+00:00,2025-08-02 06:41:57+00:00,2025-08-03 17:00:00+00:00,0.0,2025-08-03,2025,REG,CON,NYL,1.070118662351672,True,,0.5212291071384377,401736292,918,18,9,1,True,False,matched,8.0,2025-08-03,over,0.08367462747147347,1.8,0.8,1.0,False,False,False
2325,7e108b8dd06538fc4fc482819d995be9,163,Natasha Cloud,natashacloud,CHI,points,10.5,-108.0,-120.0,10,10,2025-08-02 15:24:19+00:00,2025-08-02 15:24:19+00:00,2025-08-02 15:24:19+00:00,2025-08-03 17:00:00+00:00,0.0,2025-08-03,2025,REG,CON,NYL,1.0646853146853146,True,,0.48646030463369283,401736292,2529137,9,18,0,True,False,matched,3.0,2025-08-03,under,0.07985015250762562,1.8333333333333335,0.8333333333333335,1.0,False,False,False
2325,285f4ecf217c7493f051e452c49ffc7d,274,Bria Hartley,briahartley,FA,assists,3.5,100.0,-132.0,10,10,2025-08-02 15:50:48+00:00,2025-08-02 15:50:48+00:00,2025-08-02 15:50:48+00:00,2025-08-03 17:00:00+00:00,0.0,2025-08-03,2025,REG,CON,NYL,1.0689655172413794,True,,0.46430627616618364,401736292,2529185,18,9,1,True,False,matched,4.0,2025-08-03,under,0.08448257683269816,1.7575757575757576,-1.0,1.0,False,False,False
2327,bb8729526417a128d82a409b63193ff6,156,Sophie Cunningham,sophiecunningham,IND,rebounds,4.5,-114.0,-114.0,10,10,2025-08-02 16:12:26+00:00,2025-08-02 16:12:26+00:00,2025-08-02 16:12:26+00:00,2025-08-03 19:00:00+00:00,0.0,2025-08-03,2025,REG,SEA,IND,1.0654205607476634,True,,0.5000000000000001,401736295,3907781,5,14,0,True,False,matched,5.0,2025-08-03,under,0.24451913898769478,1.8771929824561404,-1.0,1.0,False,False,False
2327,92cd9db8b6933bf02dfaf23f4ae95ebf,56,Natasha Howard,natashahoward,MIN,points,10.5,-120.0,-108.0,10,10,2025-08-02 16:12:26+00:00,2025-08-02 16:12:26+00:00,2025-08-02 16:12:26+00:00,2025-08-03 19:00:00+00:00,0.0,2025-08-03,2025,REG,SEA,IND,1.0646853146853146,True,,0.5135396953663074,401736295,2529130,5,14,0,True,False,matched,21.0,2025-08-03,under,0.08273956005450567,1.925925925925926,-1.0,1.0,False,False,False
2327,30c9119482c71bec1f85077c025c71b6,66,Erica Wheeler,ericawheeler,LAS,threes,1.5,194.0,-270.0,10,10,2025-08-02 16:16:33+00:00,2025-08-02 16:16:33+00:00,2025-08-02 16:16:33+00:00,2025-08-03 19:00:00+00:00,0.0,2025-08-03,2025,REG,SEA,IND,1.0698657841514985,True,,0.2979582365398174,401736295,2491214,14,5,1,True,False,matched,1.0,2025-08-03,over,0.39856577089391054,2.94,-1.0,1.0,False,False,False
2327,622b4645f17597a07bcb0e7cc205b891,88,Aari McDonald,aarimcdonald,FA,points,9.5,-128.0,-102.0,10,10,2025-08-02 16:16:33+00:00,2025-08-02 16:16:33+00:00,2025-08-02 16:16:33+00:00,2025-08-03 19:00:00+00:00,0.0,2025-08-03,2025,REG,SEA,IND,1.0663540038214347,True,,0.5291749480305961,401736295,4066553,5,14,0,True,False,matched,9.0,2025-08-03,under,0.10487302242359131,1.9803921568627452,0.9803921568627452,1.0,False,False,False
2326,1271dbc1ab47e93687b8996981d4752a,49,Brionna Jones,brionnajones,ATL,points,13.5,-122.0,-106.0,10,10,2025-08-02 17:29:05+00:00,2025-08-02 17:29:05+00:00,2025-08-02 17:29:05+00:00,2025-08-03 19:00:00+00:00,0.0,2025-08-03,2025,REG,ATL,WAS,1.064112656345666,True,,0.518058368553134,401736291,3058895,20,16,1,True,False,matched,23.0,2025-08-03,under,0.32364406474650653,1.9433962264150944,-1.0,1.0,False,False,False
2326,c389d892ccedc441aac1dbf574cf37ea,1,Allisha Gray,allishagray,ATL,assists,3.5,-166.0,124.0,10,10,2025-08-02 17:29:05+00:00,2025-08-02 17:29:05+00:00,2025-08-02 17:29:05+00:00,2025-08-03 19:00:00+00:00,0.0,2025-08-03,2025,REG,ATL,WAS,1.0704887218045114,True,,0.5920365770215091,401736291,3058901,20,16,1,True,False,matched,4.0,2025-08-03,under,0.28963641751256625,2.24,-1.0,1.0,False,False,False
2326,86ea0f14c8c20b33c86ad552a0f06b6c,2,Jordin Canada,jordincanada,ATL,rebounds,3.5,-120.0,-110.0,10,10,2025-08-02 17:29:06+00:00,2025-08-02 17:29:06+00:00,2025-08-02 17:29:06+00:00,2025-08-03 19:00:00+00:00,0.0,2025-08-03,2025,REG,ATL,WAS,1.0692640692640691,True,,0.5112040114787568,401736291,3142250,20,16,1,True,False,matched,2.0,2025-08-03,under,0.1408247396481247,1.9090909090909092,0.9090909090909092,1.0,False,False,False
2326,d0a7fca478d5be310d47b60342f89ddf,182,Brittney Sykes,brittneysykes,TOR,points,13.5,-102.0,-125.0,10,10,2025-08-02 17:33:31+00:00,2025-08-02 17:33:31+00:00,2025-08-02 17:33:31+00:00,2025-08-03 19:00:00+00:00,0.0,2025-08-03,2025,REG,ATL,WAS,1.0605060506050605,True,,0.4739312186711749,401736291,2988756,16,20,0,True,False,matched,6.0,2025-08-03,under,0.1023520102808208,1.8,0.8,1.0,False,False,False
2326,98e6f6cace72eb320e73dea4f184c326,196,Shakira Austin,shakiraaustin,WAS,points,13.5,-118.0,-110.0,10,10,2025-08-02 17:33:32+00:00,2025-08-02 17:33:32+00:00,2025-08-02 17:33:32+00:00,2025-08-03 19:00:00+00:00,0.0,2025-08-03,2025,REG,ATL,WAS,1.0650939274792486,True,,0.5090245232268319,401736291,4398911,16,20,0,True,False,matched,16.0,2025-08-03,under,0.08901961731184815,1.9090909090909092,-1.0,1.0,False,False,False
2326,9daf4c7dd228ea97f842788f89b4d929,572,Kiki Iriafen,kikiiriafen,WAS,points,10.5,-110.0,-118.0,10,10,2025-08-02 17:33:32+00:00,2025-08-02 17:33:32+00:00,2025-08-02 17:33:32+00:00,2025-08-03 19:00:00+00:00,0.0,2025-08-03,2025,REG,ATL,WAS,1.0650939274792486,True,,0.4909754767731684,401736291,4898384,16,20,0,True,False,matched,22.0,2025-08-03,under,0.07408931004367342,1.847457627118644,-1.0,1.0,False,False,False
2326,22c5ce37029bf0c24544a3303320edca,573,Sonia Citron,soniacitron,WAS,points,12.5,-118.0,-110.0,10,10,2025-08-02 17:33:32+00:00,2025-08-02 17:33:32+00:00,2025-08-02 17:33:32+00:00,2025-08-03 19:00:00+00:00,0.0,2025-08-03,2025,REG,ATL,WAS,1.0650939274792486,True,,0.5090245232268319,401736291,4433524,16,20,0,True,False,matched,16.0,2025-08-03,under,0.05639744366692523,1.9090909090909092,-1.0,1.0,False,False,False
2328,3e08c18687e704cb5eccbd8e3746d9bf,54,Satou Sabally,satousabally,NYL,rebounds,5.5,-130.0,-102.0,10,10,2025-08-02 17:38:00+00:00,2025-08-02 17:38:00+00:00,2025-08-02 17:38:00+00:00,2025-08-03 22:00:00+00:00,0.0,2025-08-03,2025,REG,CHI,PHX,1.0701678863538528,True,,0.5312123494364493,401736293,4281929,11,19,0,True,True,did_not_play,,2025-08-03,under,0.3030710849470219,1.9803921568627452,0.0,0.0,False,True,False
2328,8f094cf79e0503a5adfd7de468ac136a,33,Elizabeth Williams,elizabethwilliams,CHI,rebounds,5.5,-120.0,-110.0,10,10,2025-08-02 17:42:56+00:00,2025-08-02 17:42:56+00:00,2025-08-02 17:42:56+00:00,2025-08-03 22:00:00+00:00,0.0,2025-08-03,2025,REG,CHI,PHX,1.0692640692640691,True,,0.5112040114787568,401736293,2566081,19,11,1,True,False,matched,15.0,2025-08-03,under,0.11626252213154004,1.9090909090909092,-1.0,1.0,False,False,False
2328,0da4634522634064a74632ee5c06a66b,36,Rachel Banham,rachelbanham,CHI,threes,2.5,-138.0,104.0,10,10,2025-08-02 17:42:57+00:00,2025-08-02 17:42:57+00:00,2025-08-02 17:42:57+00:00,2025-08-03 22:00:00+00:00,0.0,2025-08-03,2025,REG,CHI,PHX,1.0700280112044818,True,,0.5464208361470752,401736293,2566186,19,11,1,True,False,matched,0.0,2025-08-03,under,0.16571618584120223,2.04,1.04,1.0,False,False,False
2326,763517ea5090bdbb9e6fd121ee84c3db,16,Naz Hillmon,nazhillmon,ATL,points,10.5,100.0,-130.0,10,10,2025-08-02 21:09:58+00:00,2025-08-02 21:09:58+00:00,2025-08-02 21:09:58+00:00,2025-08-03 19:00:00+00:00,0.0,2025-08-03,2025,REG,ATL,WAS,1.065217391304348,True,,0.4663164946059025,401736291,4398915,20,16,1,True,False,matched,14.0,2025-08-03,under,0.05776193866928225,1.7692307692307692,-1.0,1.0,False,False,False
2329,9c8a18d04c4d9ec1f3e9c099ad7d7d2d,103,A'ja Wilson,ajawilson,LVA,assists,3.5,-102.0,-130.0,10,10,2025-08-02 23:39:30+00:00,2025-08-02 23:39:30+00:00,2025-08-02 23:39:30+00:00,2025-08-03 22:00:00+00:00,0.0,2025-08-03,2025,REG,LVA,GSV,1.0701678863538528,True,,0.46878765056355093,401736294,3149391,17,129689,1,True,False,matched,2.0,2025-08-03,under,0.083229766261672,1.7692307692307692,0.7692307692307692,1.0,False,False,False
2329,04aea79ce4e48f96683ea51c1d2093b1,537,Janelle Salaun,janellesalaun,GSV,points,12.5,-125.0,-104.0,10,10,2025-08-02 23:39:31+00:00,2025-08-02 23:39:31+00:00,2025-08-02 23:39:31+00:00,2025-08-03 22:00:00+00:00,0.0,2025-08-03,2025,REG,LVA,GSV,1.065359477124183,True,,0.5236312520088393,401736294,4790264,129689,17,0,True,False,matched,6.0,2025-08-03,under,0.22399072175787565,1.9615384615384617,0.9615384615384617,1.0,False,False,False
2329,ad2a15bfbe91c145710a145c3fdf2351,102,Jackie Young,jackieyoung,LVA,points,15.5,-130.0,100.0,10,10,2025-08-02 23:39:31+00:00,2025-08-02 23:39:31+00:00,2025-08-02 23:39:31+00:00,2025-08-03 22:00:00+00:00,0.0,2025-08-03,2025,REG,LVA,GSV,1.065217391304348,True,,0.5336835053940976,401736294,4065870,17,129689,1,True,False,matched,20.0,2025-08-03,under,0.15418561039233314,2.0,-1.0,1.0,False,False,False
2329,cdcaa7123279d9e5111f8a9edefdf092,72,Temi Fagbenle,temifagbenle,TOR,points,7.5,-118.0,-110.0,10,10,2025-08-02 23:39:31+00:00,2025-08-02 23:39:31+00:00,2025-08-02 23:39:31+00:00,2025-08-03 22:00:00+00:00,0.0,2025-08-03,2025,REG,LVA,GSV,1.0650939274792486,True,,0.5090245232268319,401736294,2569044,129689,17,0,True,False,matched,0.0,2025-08-03,under,0.14401042888896554,1.9090909090909092,0.9090909090909092,1.0,False,False,False
2329,ab63d3b1ea6bec865374bc7fb2a5d2ce,55,Veronica Burton,veronicaburton,GSV,points,11.5,-108.0,-120.0,10,10,2025-08-02 23:39:31+00:00,2025-08-02 23:39:31+00:00,2025-08-02 23:39:31+00:00,2025-08-03 22:00:00+00:00,0.0,2025-08-03,2025,REG,LVA,GSV,1.0646853146853146,True,,0.48646030463369283,401736294,4398935,129689,17,0,True,False,matched,8.0,2025-08-03,under,0.13409589295871255,1.8333333333333335,0.8333333333333335,1.0,False,False,False
2329,9aa35899b36c204cd1ffd6b5fe9b9ceb,107,Chelsea Gray,chelseagray,LVA,points,10.5,-102.0,-128.0,10,10,2025-08-02 23:39:31+00:00,2025-08-02 23:39:31+00:00,2025-08-02 23:39:31+00:00,2025-08-03 22:00:00+00:00,0.0,2025-08-03,2025,REG,LVA,GSV,1.0663540038214347,True,,0.47082505196940394,401736294,2529122,17,129689,1,True,False,matched,11.0,2025-08-03,under,0.07964865567939045,1.78125,-1.0,1.0,False,False,False
2328,4f791f795a76756bc81c4a760008fc5f,563,Monique Akoa Makani,moniqueakoamakani,PHO,threes,1.5,-110.0,-120.0,19,19,2025-08-03 02:55:49+00:00,2025-08-03 02:55:49+00:00,2025-08-03 02:55:49+00:00,2025-08-03 22:00:00+00:00,0.0,2025-08-03,2025,REG,CHI,PHX,1.0692640692640691,True,,0.4887959885212434,401736293,5274110,11,19,0,True,False,matched,0.0,2025-08-03,under,0.19322476540840333,1.8333333333333335,0.8333333333333335,1.0,False,False,False
2325,12957b4d8f387a83abc8002999488596,297,Marine Johannes,marinejohannes,NYL,points,8.5,-113.0,-115.0,10,10,2025-08-03 05:50:19+00:00,2025-08-03 05:50:19+00:00,2025-08-03 05:50:19+00:00,2025-08-03 17:00:00+00:00,0.0,2025-08-03,2025,REG,CON,NYL,1.0654001528551151,True,,0.49774423259931944,401736292,4038379,9,18,0,True,False,matched,3.0,2025-08-03,under,0.2946305604224793,1.8695652173913042,0.8695652173913042,1.0,False,False,False
2330,f37a0aad5eef0475d373dc184f97bb98,132,Sabrina Ionescu,sabrinaionescu,NYL,threes,2.5,-180.0,134.0,10,10,2025-08-04 03:47:52+00:00,2025-08-04 03:47:52+00:00,2025-08-04 03:47:52+00:00,2025-08-05 23:00:00+00:00,0.0,2025-08-05,2025,REG,NYL,DAL,1.0702075702075702,True,,0.6116591953695215,401736296,4066533,9,3,1,True,False,matched,1.0,2025-08-05,under,0.30920869820347424,2.34,1.3399999999999999,1.0,False,False,False
2330,3b6378d06dc608c4994dfb2e39909913,63,Arike Ogunbowale,arikeogunbowale,DAL,rebounds,2.5,-114.0,-114.0,10,10,2025-08-04 03:47:52+00:00,2025-08-04 03:47:52+00:00,2025-08-04 03:47:52+00:00,2025-08-05 23:00:00+00:00,0.0,2025-08-05,2025,REG,NYL,DAL,1.0654205607476634,True,,0.5000000000000001,401736296,3904577,3,9,0,True,False,matched,4.0,2025-08-05,under,0.21388380551433517,1.8771929824561404,-1.0,1.0,False,False,False
2330,7a596f2228ae4e09985ae4f2e6c3fe2f,10,Haley Jones,haleyjones,DAL,points,8.5,-102.0,-128.0,10,10,2025-08-04 03:47:52+00:00,2025-08-04 03:47:52+00:00,2025-08-04 03:47:52+00:00,2025-08-05 23:00:00+00:00,0.0,2025-08-05,2025,REG,NYL,DAL,1.0663540038214347,True,,0.47082505196940394,401736296,4595910,3,9,0,True,False,matched,11.0,2025-08-05,under,0.20666371508623776,1.78125,-1.0,1.0,False,False,False
2330,83e34a151d7558d851e4e9d1571740c1,163,Natasha Cloud,natashacloud,CHI,rebounds,3.5,-158.0,118.0,10,10,2025-08-04 03:47:52+00:00,2025-08-04 03:47:52+00:00,2025-08-04 03:47:52+00:00,2025-08-05 23:00:00+00:00,0.0,2025-08-05,2025,REG,NYL,DAL,1.0711186971054691,True,,0.5796527091990534,401736296,2529137,9,3,1,True,False,matched,4.0,2025-08-05,under,0.20399343775831857,2.1799999999999997,-1.0,1.0,False,False,False
2330,2492fb0de50a350a02281c8ecc7e0d28,141,Jonquel Jones,jonqueljones,NYL,rebounds,9.5,102.0,-136.0,10,10,2025-08-04 03:47:52+00:00,2025-08-04 03:47:52+00:00,2025-08-04 03:47:52+00:00,2025-08-05 23:00:00+00:00,0.0,2025-08-05,2025,REG,NYL,DAL,1.071320691391173,True,,0.4579067075572801,401736296,2999101,9,3,1,True,False,matched,10.0,2025-08-05,under,0.16398204015386464,1.7352941176470589,-1.0,1.0,False,False,False
2330,86a095f284a975cd34bf3a7ef82a4d7b,529,Luisa Geiselsoder,luisageiselsoder,PDX,rebounds,4.5,-162.0,122.0,10,10,2025-08-04 03:47:52+00:00,2025-08-04 03:47:52+00:00,2025-08-04 03:47:52+00:00,2025-08-05 23:00:00+00:00,0.0,2025-08-05,2025,REG,NYL,DAL,1.0687710611374732,True,,0.5868918088955871,401736296,4682797,3,9,0,True,False,matched,10.0,2025-08-05,under,0.1318826530518834,2.2199999999999998,-1.0,1.0,False,False,False
2330,2698544428d0f309fad8e4c03eac6d34,528,Paige Bueckers,paigebueckers,DAL,points,18.5,-102.0,-128.0,10,10,2025-08-04 03:47:52+00:00,2025-08-04 03:47:52+00:00,2025-08-04 03:47:52+00:00,2025-08-05 23:00:00+00:00,0.0,2025-08-05,2025,REG,NYL,DAL,1.0663540038214347,True,,0.47082505196940394,401736296,4433730,3,9,0,True,False,matched,21.0,2025-08-05,under,0.06114867009997971,1.78125,-1.0,1.0,False,False,False
2331,752e8d5c4756b3dfcc15a81d4d81d60c,26,Angel Reese,angelreese,ATL,assists,3.5,148.0,-200.0,10,10,2025-08-04 03:55:30+00:00,2025-08-04 03:55:30+00:00,2025-08-04 03:55:30+00:00,2025-08-06 00:00:00+00:00,0.0,2025-08-05,2025,REG,CHI,WAS,1.0698924731182795,True,,0.3634985050458517,401736297,4433402,19,16,1,True,True,did_not_play,,2025-08-05,over,0.22087678311761816,2.48,0.0,0.0,False,True,False
2331,58b27f015abc49084bad1cbbc70d1702,196,Shakira Austin,shakiraaustin,WAS,rebounds,7.5,-146.0,110.0,10,10,2025-08-04 03:59:17+00:00,2025-08-04 03:59:17+00:00,2025-08-04 03:59:17+00:00,2025-08-06 00:00:00+00:00,0.0,2025-08-05,2025,REG,CHI,WAS,1.0696864111498257,True,,0.5607420039050215,401736297,4398911,16,19,0,True,False,matched,5.0,2025-08-05,under,0.17113073400719958,2.1,1.1,1.0,False,False,False
2331,78b0196376701a385e7d0c459bff4cd0,572,Kiki Iriafen,kikiiriafen,WAS,rebounds,7.5,-148.0,112.0,10,10,2025-08-04 03:59:17+00:00,2025-08-04 03:59:17+00:00,2025-08-04 03:59:17+00:00,2025-08-06 00:00:00+00:00,0.0,2025-08-05,2025,REG,CHI,WAS,1.0684723067559343,True,,0.5647227530167998,401736297,4898384,16,19,0,True,False,matched,6.0,2025-08-05,under,0.16102813931164828,2.12,1.12,1.0,False,False,False
2331,af228d74560b6a30f04250ff4d30524f,573,Sonia Citron,soniacitron,WAS,threes,1.5,-114.0,-114.0,10,10,2025-08-04 03:59:17+00:00,2025-08-04 03:59:17+00:00,2025-08-04 03:59:17+00:00,2025-08-06 00:00:00+00:00,0.0,2025-08-05,2025,REG,CHI,WAS,1.0654205607476634,True,,0.5000000000000001,401736297,4433524,16,19,0,True,False,matched,1.0,2025-08-05,under,0.061762278706817275,1.8771929824561404,0.8771929824561404,1.0,False,False,False
2333,a2a72f5a3b1fda62d2f83883d9293cf1,101,Kelsey Plum,kelseyplum,LAS,assists,5.5,104.0,-136.0,10,10,2025-08-04 04:29:52+00:00,2025-08-04 04:29:52+00:00,2025-08-04 04:29:52+00:00,2025-08-06 02:00:00+00:00,0.0,2025-08-05,2025,REG,LAS,IND,1.0664672648720506,True,,0.45551193975064763,401736298,3065570,6,5,1,True,False,matched,11.0,2025-08-05,over,0.19232186612687352,2.04,1.04,1.0,False,False,False
2333,c517404bce3f9103cb9ab8b098604f8d,70,Kelsey Mitchell,kelseymitchell,IND,points,20.5,-108.0,-120.0,10,10,2025-08-04 04:29:52+00:00,2025-08-04 04:29:52+00:00,2025-08-04 04:29:52+00:00,2025-08-06 02:00:00+00:00,0.0,2025-08-05,2025,REG,LAS,IND,1.0646853146853146,True,,0.48646030463369283,401736298,3142191,5,6,0,True,False,matched,34.0,2025-08-05,under,0.11218519680425493,1.8333333333333335,-1.0,1.0,False,False,False
2332,5a88cbc7cd7c0061c219ef03a69e03fe,121,Alanna Smith,alannasmith,DAL,points,12.5,100.0,-130.0,10,10,2025-08-04 05:13:13+00:00,2025-08-04 05:13:13+00:00,2025-08-04 05:13:13+00:00,2025-08-06 02:00:00+00:00,0.0,2025-08-05,2025,REG,SEA,MIN,1.065217391304348,True,,0.4663164946059025,401736300,3913881,8,14,0,True,False,matched,6.0,2025-08-05,under,0.4683706050815015,1.7692307692307692,0.7692307692307692,1.0,False,False,False
2332,5fafe869c7320f1872ce222ec5b4799f,125,Kayla McBride,kaylamcbride,MIN,points,17.5,100.0,-130.0,10,10,2025-08-04 05:13:13+00:00,2025-08-04 05:13:13+00:00,2025-08-04 05:13:13+00:00,2025-08-06 02:00:00+00:00,0.0,2025-08-05,2025,REG,SEA,MIN,1.065217391304348,True,,0.4663164946059025,401736300,2529205,8,14,0,True,False,matched,14.0,2025-08-05,under,0.36902318410554547,1.7692307692307692,0.7692307692307692,1.0,False,False,False
2332,f99ffb7f959da5b81e160051ebd9a7b7,116,Jessica Shepard,jessicashepard,DAL,points,9.5,-114.0,-114.0,10,10,2025-08-04 05:13:13+00:00,2025-08-04 05:13:13+00:00,2025-08-04 05:13:13+00:00,2025-08-06 02:00:00+00:00,0.0,2025-08-05,2025,REG,SEA,MIN,1.0654205607476634,True,,0.5000000000000001,401736300,3906949,8,14,0,True,False,matched,13.0,2025-08-05,under,0.36357075541028744,1.8771929824561404,-1.0,1.0,False,False,False
2332,98f463ca57abb8254d9d92ae04d7474f,208,Gabby Williams,gabbywilliams,GSV,points,11.5,-130.0,100.0,10,10,2025-08-04 05:13:13+00:00,2025-08-04 05:13:13+00:00,2025-08-04 05:13:13+00:00,2025-08-06 02:00:00+00:00,0.0,2025-08-05,2025,REG,SEA,MIN,1.065217391304348,True,,0.5336835053940976,401736300,3142328,14,8,1,True,False,matched,9.0,2025-08-05,under,0.164159200604987,2.0,1.0,1.0,False,False,False
2332,2c35c19030537f3ab7a9f3920934a833,66,Erica Wheeler,ericawheeler,LAS,points,9.5,-130.0,100.0,10,10,2025-08-04 05:13:13+00:00,2025-08-04 05:13:13+00:00,2025-08-04 05:13:13+00:00,2025-08-06 02:00:00+00:00,0.0,2025-08-05,2025,REG,SEA,MIN,1.065217391304348,True,,0.5336835053940976,401736300,2491214,14,8,1,True,False,matched,19.0,2025-08-05,under,0.10863296505679376,2.0,-1.0,1.0,False,False,False
2332,4c957415b637351de5b570d4052fc838,180,Nneka Ogwumike,nnekaogwumike,LAS,threes,1.5,116.0,-154.0,10,10,2025-08-04 05:13:13+00:00,2025-08-04 05:13:13+00:00,2025-08-04 05:13:13+00:00,2025-08-06 02:00:00+00:00,0.0,2025-08-05,2025,REG,SEA,MIN,1.0692621755613883,True,,0.425792012343204,401736300,1068,14,8,1,True,False,matched,4.0,2025-08-05,under,0.07846392829762355,1.6493506493506493,-1.0,1.0,False,False,False
2332,ca221c8ba472dfcdc06269da45cfdbcb,175,Skylar Diggins,skylardiggins,CHI,rebounds,3.5,128.0,-172.0,10,10,2025-08-04 05:13:13+00:00,2025-08-04 05:13:13+00:00,2025-08-04 05:13:13+00:00,2025-08-06 02:00:00+00:00,0.0,2025-08-05,2025,REG,SEA,MIN,1.0709494324045408,True,,0.39957653069922067,401736300,2491205,14,8,1,True,False,matched,1.0,2025-08-05,over,0.05294972763857497,2.2800000000000002,-1.0,1.0,False,False,False
2332,e66b403302788ed86378909b1871cd83,117,Courtney Williams,courtneywilliams,MIN,rebounds,5.5,-114.0,-114.0,10,10,2025-08-04 05:13:14+00:00,2025-08-04 05:13:14+00:00,2025-08-04 05:13:14+00:00,2025-08-06 02:00:00+00:00,0.0,2025-08-05,2025,REG,SEA,MIN,1.0654205607476634,True,,0.5000000000000001,401736300,2987891,8,14,0,True,False,matched,4.0,2025-08-05,under,0.23562636035855616,1.8771929824561404,0.8771929824561404,1.0,False,False,False
2332,f524b51a111e9c8d47df2690648cdfc1,176,Ezi Magbegor,ezimagbegor,SEA,points,8.5,-122.0,-106.0,10,10,2025-08-04 05:13:14+00:00,2025-08-04 05:13:14+00:00,2025-08-04 05:13:14+00:00,2025-08-06 02:00:00+00:00,0.0,2025-08-05,2025,REG,SEA,MIN,1.064112656345666,True,,0.518058368553134,401736300,4420318,14,8,1,True,False,matched,8.0,2025-08-05,under,0.14276079970223843,1.9433962264150944,0.9433962264150944,1.0,False,False,False
2333,fd16a8c96f98c75ea4fa2209e311ba88,94,Rickea Jackson,rickeajackson,CHI,rebounds,3.5,-110.0,-130.0,33,33,2025-08-04 08:29:59+00:00,2025-08-04 08:29:59+00:00,2025-08-04 08:29:59+00:00,2025-08-06 02:00:00+00:00,0.0,2025-08-05,2025,REG,LAS,IND,1.0890269151138718,True,,0.47832076753442404,401736298,4433630,6,5,1,True,False,matched,5.0,2025-08-05,over,0.12438168467649063,1.9090909090909092,0.9090909090909092,1.0,False,False,False
2334,bd8f3aef9f667e5e2c90bc4dd3da3835,155,Kahleah Copper,kahleahcopper,PHO,points,17.5,-102.0,-128.0,10,10,2025-08-04 14:26:18+00:00,2025-08-04 14:26:18+00:00,2025-08-04 14:26:18+00:00,2025-08-06 02:00:00+00:00,0.0,2025-08-05,2025,REG,PHX,CON,1.0663540038214347,True,,0.47082505196940394,401736299,2998938,11,18,1,True,False,matched,15.0,2025-08-05,under,0.09943457347308615,1.78125,0.78125,1.0,False,False,False
2334,fc60b3f34af55c303e651df27fdc7fb5,54,Satou Sabally,satousabally,NYL,rebounds,5.5,-125.0,-106.0,10,10,2025-08-04 14:26:20+00:00,2025-08-04 14:26:20+00:00,2025-08-04 14:26:20+00:00,2025-08-06 02:00:00+00:00,0.0,2025-08-05,2025,REG,PHX,CON,1.070118662351672,True,,0.5212291071384377,401736299,4281929,11,18,1,True,False,matched,6.0,2025-08-05,under,0.23209731026927238,1.9433962264150944,-1.0,1.0,False,False,False
2334,4586654e48c4ff3c497c2ea013648daa,40,Alyssa Thomas,alyssathomas,PHO,points,16.5,-114.0,-114.0,10,10,2025-08-04 14:26:20+00:00,2025-08-04 14:26:20+00:00,2025-08-04 14:26:20+00:00,2025-08-06 02:00:00+00:00,0.0,2025-08-05,2025,REG,PHX,CON,1.0654205607476634,True,,0.5000000000000001,401736299,2529140,11,18,1,True,False,matched,13.0,2025-08-05,under,0.15726041602930102,1.8771929824561404,0.8771929824561404,1.0,False,False,False
2333,d2d805f006b2b2fb99ffd9150e5be4c0,87,Cameron Brink,cameronbrink,LAS,threes,0.5,-135.0,105.0,24,24,2025-08-04 15:52:51+00:00,2025-08-04 15:52:51+00:00,2025-08-04 15:52:51+00:00,2025-08-06 02:00:00+00:00,0.0,2025-08-05,2025,REG,LAS,IND,1.0622729631551635,True,,0.5446886059829622,401736298,4433404,6,5,1,True,False,matched,0.0,2025-08-05,under,0.2853491987236554,2.05,1.0499999999999998,1.0,False,False,False
2331,f4264a789bec9dfb2e75d3ef19a3453e,30,Kamilla Cardoso,kamillacardoso,CHI,points,12.5,-130.0,100.0,10,10,2025-08-04 22:54:33+00:00,2025-08-04 22:54:33+00:00,2025-08-04 22:54:33+00:00,2025-08-06 00:00:00+00:00,0.0,2025-08-05,2025,REG,CHI,WAS,1.065217391304348,True,,0.5336835053940976,401736297,4433405,19,16,1,True,False,matched,16.0,2025-08-05,under,0.0961936944715096,2.0,-1.0,1.0,False,False,False
2331,b99686975d0619862c25c140cbfbdc06,36,Rachel Banham,rachelbanham,CHI,points,11.5,-125.0,-104.0,10,10,2025-08-04 22:59:47+00:00,2025-08-04 22:59:47+00:00,2025-08-04 22:59:47+00:00,2025-08-06 00:00:00+00:00,0.0,2025-08-05,2025,REG,CHI,WAS,1.065359477124183,True,,0.5236312520088393,401736297,2566186,19,16,1,True,False,matched,5.0,2025-08-05,under,0.15693291778072094,1.9615384615384617,0.9615384615384617,1.0,False,False,False
2332,364a0d9ac36304d5d8df9ed175c2ca7b,128,Bridget Carleton,bridgetcarleton,PDX,points,8.5,130.0,-170.0,13,13,2025-08-04 23:45:11+00:00,2025-08-04 23:45:11+00:00,2025-08-04 23:45:11+00:00,2025-08-06 02:00:00+00:00,0.0,2025-08-05,2025,REG,SEA,MIN,1.0644122383252816,True,,0.399381640165784,401736300,3906972,8,14,0,True,False,matched,12.0,2025-08-05,under,0.21032491605081485,1.5882352941176472,-1.0,1.0,False,False,False
2333,2374c2bc825ffaeee6874e3edfab433b,56,Natasha Howard,natashahoward,MIN,assists,2.5,-130.0,-110.0,33,33,2025-08-05 04:23:53+00:00,2025-08-05 04:23:53+00:00,2025-08-05 04:23:53+00:00,2025-08-06 02:00:00+00:00,0.0,2025-08-05,2025,REG,LAS,IND,1.0890269151138718,True,,0.521679232465576,401736298,2529130,5,6,0,True,False,matched,2.0,2025-08-05,under,0.12994459095921101,1.9090909090909092,0.9090909090909092,1.0,False,False,False
2335,804dc6946d759f8c009bf1bf1d3547d1,103,A'ja Wilson,ajawilson,LVA,points,21.5,-128.0,-102.0,10,10,2025-08-05 04:56:25+00:00,2025-08-05 04:56:25+00:00,2025-08-05 04:56:25+00:00,2025-08-07 02:00:00+00:00,0.0,2025-08-06,2025,REG,GSV,LVA,1.0663540038214347,True,,0.5291749480305961,401736301,3149391,17,129689,0,True,False,matched,27.0,2025-08-06,under,0.26611410661394186,1.9803921568627452,-1.0,1.0,False,False,False
2335,3a8e94a12bd341fedba7d82647fc5d2d,221,Tiffany Hayes,tiffanyhayes,GSV,points,12.5,-113.0,-115.0,10,10,2025-08-05 04:56:25+00:00,2025-08-05 04:56:25+00:00,2025-08-05 04:56:25+00:00,2025-08-07 02:00:00+00:00,0.0,2025-08-06,2025,REG,GSV,LVA,1.0654001528551151,True,,0.49774423259931944,401736301,1054,129689,17,1,True,False,matched,14.0,2025-08-06,under,0.2517596782569372,1.8695652173913042,-1.0,1.0,False,False,False
2335,d079f265cc03470ef011056aea59cdc0,166,Jewell Loyd,jewellloyd,LVA,points,12.5,-114.0,-114.0,10,10,2025-08-05 04:56:25+00:00,2025-08-05 04:56:25+00:00,2025-08-05 04:56:25+00:00,2025-08-07 02:00:00+00:00,0.0,2025-08-06,2025,REG,GSV,LVA,1.0654205607476634,True,,0.5000000000000001,401736301,2987869,17,129689,0,True,False,matched,14.0,2025-08-06,under,0.22795305734604654,1.8771929824561404,-1.0,1.0,False,False,False
2335,2b61b298ad4b3ae5c0edf56440fe0cde,102,Jackie Young,jackieyoung,LVA,points,15.5,-102.0,-128.0,10,10,2025-08-05 04:56:25+00:00,2025-08-05 04:56:25+00:00,2025-08-05 04:56:25+00:00,2025-08-07 02:00:00+00:00,0.0,2025-08-06,2025,REG,GSV,LVA,1.0663540038214347,True,,0.47082505196940394,401736301,4065870,17,129689,0,True,False,matched,14.0,2025-08-06,under,0.09487212413608942,1.78125,0.78125,1.0,False,False,False
2335,dc851f645fa54a4107bc5c3c4934662a,107,Chelsea Gray,chelseagray,LVA,assists,4.5,-144.0,108.0,10,10,2025-08-05 04:56:25+00:00,2025-08-05 04:56:25+00:00,2025-08-05 04:56:25+00:00,2025-08-07 02:00:00+00:00,0.0,2025-08-06,2025,REG,GSV,LVA,1.0709331651954601,True,,0.5566845205396996,401736301,2529122,17,129689,0,True,False,matched,3.0,2025-08-06,under,0.07190523452871028,2.08,1.08,1.0,False,False,False
2335,191a08834dd5a66227c27b25339c00fb,537,Janelle Salaun,janellesalaun,GSV,rebounds,4.5,-138.0,104.0,10,10,2025-08-05 15:39:42+00:00,2025-08-05 15:39:42+00:00,2025-08-05 15:39:42+00:00,2025-08-07 02:00:00+00:00,0.0,2025-08-06,2025,REG,GSV,LVA,1.0700280112044818,True,,0.5464208361470752,401736301,4790264,129689,17,1,True,False,matched,3.0,2025-08-06,under,0.22108777649797096,2.04,1.04,1.0,False,False,False
2335,d9bef32eb6adda0131a04a410546f63f,55,Veronica Burton,veronicaburton,GSV,points,10.5,-114.0,-114.0,10,10,2025-08-05 15:39:42+00:00,2025-08-05 15:39:42+00:00,2025-08-05 15:39:42+00:00,2025-08-07 02:00:00+00:00,0.0,2025-08-06,2025,REG,GSV,LVA,1.0654205607476634,True,,0.5000000000000001,401736301,4398935,129689,17,1,True,False,matched,6.0,2025-08-06,under,0.12231667626617199,1.8771929824561404,0.8771929824561404,1.0,False,False,False
2331,1fc07906c17c134e048329b357a373a8,185,Ariel Atkins,arielatkins,LAS,assists,3.5,-106.0,-125.0,10,10,2025-08-05 23:11:18+00:00,2025-08-05 23:11:18+00:00,2025-08-05 23:11:18+00:00,2025-08-06 00:00:00+00:00,0.0,2025-08-05,2025,REG,CHI,WAS,1.070118662351672,True,,0.4787708928615623,401736297,3146151,19,16,1,True,False,matched,5.0,2025-08-05,under,0.13671776124270696,1.8,-1.0,1.0,False,False,False
2331,6f81a245eb964ab36e3d788f832d608e,33,Elizabeth Williams,elizabethwilliams,CHI,points,10.5,104.0,-135.0,10,10,2025-08-05 23:59:49+00:00,2025-08-05 23:59:49+00:00,2025-08-05 23:59:49+00:00,2025-08-06 00:00:00+00:00,0.0,2025-08-05,2025,REG,CHI,WAS,1.0646641635377556,True,,0.45648742045938223,401736297,2566081,19,16,1,True,False,matched,18.0,2025-08-05,under,0.13517824240578002,1.7407407407407407,-1.0,1.0,False,False,False
2338,c7c31ac2f62997c08244396c017e27b9,70,Kelsey Mitchell,kelseymitchell,IND,threes,2.5,-114.0,-114.0,10,10,2025-08-06 05:48:11+00:00,2025-08-06 05:48:11+00:00,2025-08-06 05:48:11+00:00,2025-08-08 02:00:00+00:00,0.0,2025-08-07,2025,REG,PHX,IND,1.0654205607476634,True,,0.5000000000000001,401736304,3142191,5,11,0,True,False,matched,1.0,2025-08-07,under,0.14381752629301509,1.8771929824561404,0.8771929824561404,1.0,False,False,False
2338,81e5be5b5954923a4815c313496afd80,71,Aliyah Boston,aliyahboston,IND,assists,3.5,-148.0,112.0,10,10,2025-08-06 05:48:11+00:00,2025-08-06 05:48:11+00:00,2025-08-06 05:48:11+00:00,2025-08-08 02:00:00+00:00,0.0,2025-08-07,2025,REG,PHX,IND,1.0684723067559343,True,,0.5647227530167998,401736304,4432831,5,11,0,True,False,matched,3.0,2025-08-07,under,0.07147559429144418,2.12,1.12,1.0,False,False,False
2338,934d20f094d6c46f643c21a1d2dc9d2d,40,Alyssa Thomas,alyssathomas,PHO,rebounds,8.5,-136.0,102.0,10,10,2025-08-06 05:48:12+00:00,2025-08-06 05:48:12+00:00,2025-08-06 05:48:12+00:00,2025-08-08 02:00:00+00:00,0.0,2025-08-07,2025,REG,PHX,IND,1.071320691391173,True,,0.5420932924427202,401736304,2529140,11,5,1,True,False,matched,11.0,2025-08-07,under,0.09572826369322662,2.02,-1.0,1.0,False,False,False
2338,73ed621bf3146dc2a7fc945361d817fa,54,Satou Sabally,satousabally,NYL,rebounds,5.5,-102.0,-130.0,10,10,2025-08-06 05:53:51+00:00,2025-08-06 05:53:51+00:00,2025-08-06 05:53:51+00:00,2025-08-08 02:00:00+00:00,0.0,2025-08-07,2025,REG,PHX,IND,1.0701678863538528,True,,0.46878765056355093,401736304,4281929,11,5,1,True,False,matched,8.0,2025-08-07,under,0.14597082624072222,1.7692307692307692,-1.0,1.0,False,False,False
2338,34535dbc334a162693839fc87257c431,155,Kahleah Copper,kahleahcopper,PHO,points,15.5,-130.0,100.0,10,10,2025-08-06 05:53:51+00:00,2025-08-06 05:53:51+00:00,2025-08-06 05:53:51+00:00,2025-08-08 02:00:00+00:00,0.0,2025-08-07,2025,REG,PHX,IND,1.065217391304348,True,,0.5336835053940976,401736304,2998938,11,5,1,True,False,matched,11.0,2025-08-07,under,0.12661177281083713,2.0,1.0,1.0,False,False,False
2338,9fee7b4b1b2136df817a785bbe462fa5,88,Aari McDonald,aarimcdonald,FA,points,10.5,-114.0,-114.0,10,10,2025-08-06 05:53:51+00:00,2025-08-06 05:53:51+00:00,2025-08-06 05:53:51+00:00,2025-08-08 02:00:00+00:00,0.0,2025-08-07,2025,REG,PHX,IND,1.0654205607476634,True,,0.5000000000000001,401736304,4066553,5,11,0,True,False,matched,4.0,2025-08-07,under,0.0572124016054707,1.8771929824561404,0.8771929824561404,1.0,False,False,False
2337,ec575976af98e6ffd1bc987c5c93bf13,101,Kelsey Plum,kelseyplum,LAS,rebounds,2.5,-174.0,130.0,10,10,2025-08-06 06:03:58+00:00,2025-08-06 06:03:58+00:00,2025-08-06 06:03:58+00:00,2025-08-08 02:00:00+00:00,0.0,2025-08-07,2025,REG,LAS,CON,1.069819105046017,True,,0.603727082826799,401736303,3065570,6,18,1,True,False,matched,1.0,2025-08-07,over,0.09423636607547486,1.5747126436781609,-1.0,1.0,False,False,False
2337,1addd09437c57539f1222d820d31a805,87,Cameron Brink,cameronbrink,LAS,rebounds,3.5,-118.0,-110.0,10,10,2025-08-06 06:03:59+00:00,2025-08-06 06:03:59+00:00,2025-08-06 06:03:59+00:00,2025-08-08 02:00:00+00:00,0.0,2025-08-07,2025,REG,LAS,CON,1.0650939274792486,True,,0.5090245232268319,401736303,4433404,6,18,1,True,False,matched,5.0,2025-08-07,over,0.11983370129551424,1.847457627118644,0.847457627118644,1.0,False,False,False
2337,7467182955a500003cb863e5768b4102,9,Tina Charles,tinacharles,FA,rebounds,6.5,-152.0,114.0,10,10,2025-08-06 06:03:59+00:00,2025-08-06 06:03:59+00:00,2025-08-06 06:03:59+00:00,2025-08-08 02:00:00+00:00,0.0,2025-08-07,2025,REG,LAS,CON,1.0704643228007713,True,,0.5703965275254933,401736303,918,18,6,0,True,False,matched,7.0,2025-08-07,under,0.061535501024303496,2.1399999999999997,-1.0,1.0,False,False,False
2336,5be9da0fb6337bfeb01c6708aa9f1d2a,49,Brionna Jones,brionnajones,ATL,points,13.5,-114.0,-114.0,10,10,2025-08-07 04:27:18+00:00,2025-08-07 04:27:18+00:00,2025-08-07 04:27:18+00:00,2025-08-08 00:00:00+00:00,0.0,2025-08-07,2025,REG,CHI,ATL,1.0654205607476634,True,,0.5000000000000001,401736302,3058895,20,19,0,True,False,matched,8.0,2025-08-07,under,0.18908753665585631,1.8771929824561404,0.8771929824561404,1.0,False,False,False
2336,472ab79026a0bfe141f2f619c63f8b2b,1,Allisha Gray,allishagray,ATL,points,18.5,-108.0,-120.0,10,10,2025-08-07 04:27:18+00:00,2025-08-07 04:27:18+00:00,2025-08-07 04:27:18+00:00,2025-08-08 00:00:00+00:00,0.0,2025-08-07,2025,REG,CHI,ATL,1.0646853146853146,True,,0.48646030463369283,401736302,3058901,20,19,0,True,False,matched,25.0,2025-08-07,under,0.15544034426013814,1.8333333333333335,-1.0,1.0,False,False,False
2336,d4c762a58346f4c1ac29bad7eb121d02,30,Kamilla Cardoso,kamillacardoso,CHI,rebounds,10.5,108.0,-144.0,10,10,2025-08-07 04:27:18+00:00,2025-08-07 04:27:18+00:00,2025-08-07 04:27:18+00:00,2025-08-08 00:00:00+00:00,0.0,2025-08-07,2025,REG,CHI,ATL,1.0709331651954601,True,,0.4433154794603006,401736302,4433405,19,20,1,True,False,matched,6.0,2025-08-07,under,0.11700857736252834,1.6944444444444444,0.6944444444444444,1.0,False,False,False
2336,4e163c672f52dfb04c175c98c4d314d0,185,Ariel Atkins,arielatkins,LAS,assists,2.5,-138.0,104.0,10,10,2025-08-07 04:31:40+00:00,2025-08-07 04:31:40+00:00,2025-08-07 04:31:40+00:00,2025-08-08 00:00:00+00:00,0.0,2025-08-07,2025,REG,CHI,ATL,1.0700280112044818,True,,0.5464208361470752,401736302,3146151,19,20,1,True,False,matched,4.0,2025-08-07,over,0.11983357966624336,1.7246376811594204,0.7246376811594204,1.0,False,False,False
2336,fdbba6311f8c6ed5482bf2487774ac68,16,Naz Hillmon,nazhillmon,ATL,rebounds,7.5,114.0,-152.0,10,10,2025-08-07 04:36:53+00:00,2025-08-07 04:36:53+00:00,2025-08-07 04:36:53+00:00,2025-08-08 00:00:00+00:00,0.0,2025-08-07,2025,REG,CHI,ATL,1.0704643228007713,True,,0.42960347247450675,401736302,4398915,20,19,0,True,False,matched,11.0,2025-08-07,under,0.1542124591103669,1.6578947368421053,-1.0,1.0,False,False,False
2336,9bc56084b14cebec24b7ba374f038a74,33,Elizabeth Williams,elizabethwilliams,CHI,rebounds,6.5,-138.0,104.0,10,10,2025-08-07 04:36:53+00:00,2025-08-07 04:36:53+00:00,2025-08-07 04:36:53+00:00,2025-08-08 00:00:00+00:00,0.0,2025-08-07,2025,REG,CHI,ATL,1.0700280112044818,True,,0.5464208361470752,401736302,2566081,19,20,1,True,False,matched,4.0,2025-08-07,under,0.14121607072616627,2.04,1.04,1.0,False,False,False
2340,34687335a6347746f753e24d9b4149a9,573,Sonia Citron,soniacitron,WAS,threes,1.5,-115.0,-115.0,24,24,2025-08-07 12:56:14+00:00,2025-08-07 12:56:14+00:00,2025-08-07 12:56:14+00:00,2025-08-08 23:30:00+00:00,0.0,2025-08-08,2025,REG,MIN,WAS,1.0697674418604652,True,,0.5,401736306,4433524,16,8,0,True,False,matched,4.0,2025-08-08,under,0.146622604538924,1.8695652173913042,-1.0,1.0,False,False,False
2339,d5816083d0d8dd0e34568558667e9026,163,Natasha Cloud,natashacloud,CHI,assists,5.5,-145.0,115.0,24,24,2025-08-07 12:56:14+00:00,2025-08-07 12:56:14+00:00,2025-08-07 12:56:14+00:00,2025-08-08 23:30:00+00:00,0.0,2025-08-08,2025,REG,DAL,NYL,1.056953013763645,True,,0.5651598000470045,401736305,2529137,9,3,0,True,False,matched,3.0,2025-08-08,under,0.1346577321205228,2.15,1.15,1.0,False,False,False
2339,15492b0936c1e2d28c86b492a902cf28,132,Sabrina Ionescu,sabrinaionescu,NYL,threes,2.5,-105.0,-125.0,24,24,2025-08-07 12:56:14+00:00,2025-08-07 12:56:14+00:00,2025-08-07 12:56:14+00:00,2025-08-08 23:30:00+00:00,0.0,2025-08-08,2025,REG,DAL,NYL,1.067750677506775,True,,0.47757418034290006,401736305,4066533,9,3,0,True,False,matched,1.0,2025-08-08,under,0.08921141041450831,1.8,0.8,1.0,False,False,False
2340,ea8e027d1fb7d84f4304a76a015200ee,125,Kayla McBride,kaylamcbride,MIN,threes,2.5,-115.0,-115.0,24,24,2025-08-07 12:56:14+00:00,2025-08-07 12:56:14+00:00,2025-08-07 12:56:14+00:00,2025-08-08 23:30:00+00:00,0.0,2025-08-08,2025,REG,MIN,WAS,1.0697674418604652,True,,0.5,401736306,2529205,8,16,1,True,False,matched,0.0,2025-08-08,under,0.07552116829463551,1.8695652173913042,0.8695652173913042,1.0,False,False,False
2341,2aeee7c5651dc1c7b1d4f198f3362152,175,Skylar Diggins,skylardiggins,CHI,assists,6.5,100.0,-130.0,24,24,2025-08-07 13:05:05+00:00,2025-08-07 13:05:05+00:00,2025-08-07 13:05:05+00:00,2025-08-09 02:00:00+00:00,0.0,2025-08-08,2025,REG,LVA,SEA,1.065217391304348,True,,0.4663164946059025,401736307,2491205,14,17,0,True,False,matched,6.0,2025-08-08,under,0.19064958954632616,1.7692307692307692,0.7692307692307692,1.0,False,False,False
2341,1ec7547812bc8d4abb75ec1c9cac6a52,102,Jackie Young,jackieyoung,LVA,assists,4.5,-115.0,-115.0,24,24,2025-08-07 13:05:05+00:00,2025-08-07 13:05:05+00:00,2025-08-07 13:05:05+00:00,2025-08-09 02:00:00+00:00,0.0,2025-08-08,2025,REG,LVA,SEA,1.0697674418604652,True,,0.5,401736307,4065870,17,14,1,True,False,matched,5.0,2025-08-08,over,0.10043676773720894,1.8695652173913042,0.8695652173913042,1.0,False,False,False
2339,45fd3614a4a5885d1b2101d2a68186b1,141,Jonquel Jones,jonqueljones,NYL,rebounds,9.5,100.0,-132.0,10,10,2025-08-07 17:50:24+00:00,2025-08-07 17:50:24+00:00,2025-08-07 17:50:24+00:00,2025-08-08 23:30:00+00:00,0.0,2025-08-08,2025,REG,DAL,NYL,1.0689655172413794,True,,0.46430627616618364,401736305,2999101,9,3,0,True,False,matched,6.0,2025-08-08,under,0.25323414771118863,1.7575757575757576,0.7575757575757576,1.0,False,False,False
2339,8161d5e14704f7ba92da8bf88d5059bc,147,Leonie Fiebich,leoniefiebich,NYL,rebounds,3.5,-162.0,122.0,10,10,2025-08-07 17:50:24+00:00,2025-08-07 17:50:24+00:00,2025-08-07 17:50:24+00:00,2025-08-08 23:30:00+00:00,0.0,2025-08-08,2025,REG,DAL,NYL,1.0687710611374732,True,,0.5868918088955871,401736305,4683006,9,3,0,True,False,matched,2.0,2025-08-08,under,0.1512989313366166,2.2199999999999998,1.2199999999999998,1.0,False,False,False
2339,0cc90028361952578a8e8167a29bdc05,233,Emma Meesseman,emmameesseman,FA,points,11.5,-128.0,-102.0,10,10,2025-08-07 17:54:36+00:00,2025-08-07 17:54:36+00:00,2025-08-07 17:54:36+00:00,2025-08-08 23:30:00+00:00,0.0,2025-08-08,2025,REG,DAL,NYL,1.0663540038214347,True,,0.5291749480305961,401736305,3027368,9,3,0,True,False,matched,14.0,2025-08-08,under,0.13522763178893654,1.9803921568627452,-1.0,1.0,False,False,False
2339,0d548977b33c7c9020532bc4a9383d31,63,Arike Ogunbowale,arikeogunbowale,DAL,points,14.5,-128.0,-102.0,10,10,2025-08-07 18:15:42+00:00,2025-08-07 18:15:42+00:00,2025-08-07 18:15:42+00:00,2025-08-08 23:30:00+00:00,0.0,2025-08-08,2025,REG,DAL,NYL,1.0663540038214347,True,,0.5291749480305961,401736305,3904577,3,9,1,True,False,matched,17.0,2025-08-08,under,0.0814860188762202,1.9803921568627452,-1.0,1.0,False,False,False
2340,2b158db4d128871c8d8ef31917264f54,196,Shakira Austin,shakiraaustin,WAS,points,14.5,-128.0,-102.0,10,10,2025-08-07 20:23:17+00:00,2025-08-07 20:23:17+00:00,2025-08-07 20:23:17+00:00,2025-08-08 23:30:00+00:00,0.0,2025-08-08,2025,REG,MIN,WAS,1.0663540038214347,True,,0.5291749480305961,401736306,4398911,16,8,0,True,False,matched,12.0,2025-08-08,under,0.27575591577671116,1.9803921568627452,0.9803921568627452,1.0,False,False,False
2340,773f725662e5bb667336397bae7b90cd,121,Alanna Smith,alannasmith,DAL,points,10.5,-110.0,-118.0,10,10,2025-08-07 20:23:17+00:00,2025-08-07 20:23:17+00:00,2025-08-07 20:23:17+00:00,2025-08-08 23:30:00+00:00,0.0,2025-08-08,2025,REG,MIN,WAS,1.0650939274792486,True,,0.4909754767731684,401736306,3913881,8,16,1,True,False,matched,25.0,2025-08-08,under,0.2551523224127631,1.847457627118644,-1.0,1.0,False,False,False
2340,705511f4d48e2fbc9ed56d6b0b42f514,572,Kiki Iriafen,kikiiriafen,WAS,rebounds,7.5,-118.0,-112.0,10,10,2025-08-07 20:23:17+00:00,2025-08-07 20:23:17+00:00,2025-08-07 20:23:17+00:00,2025-08-08 23:30:00+00:00,0.0,2025-08-08,2025,REG,MIN,WAS,1.0695862904621776,True,,0.5067212711754592,401736306,4898384,16,8,0,True,False,matched,9.0,2025-08-08,under,0.10082380969798732,1.8928571428571428,-1.0,1.0,False,False,False
2340,0cd7503b1633312d91898d84023ac023,117,Courtney Williams,courtneywilliams,MIN,points,14.5,-114.0,-114.0,10,10,2025-08-07 20:23:18+00:00,2025-08-07 20:23:18+00:00,2025-08-07 20:23:18+00:00,2025-08-08 23:30:00+00:00,0.0,2025-08-08,2025,REG,MIN,WAS,1.0654205607476634,True,,0.5000000000000001,401736306,2987891,8,16,1,True,False,matched,14.0,2025-08-08,under,0.1480244031013362,1.8771929824561404,0.8771929824561404,1.0,False,False,False
2341,b78b7d0305b580bfeb0823e56cce354d,180,Nneka Ogwumike,nnekaogwumike,LAS,rebounds,6.5,-136.0,102.0,10,10,2025-08-07 22:24:56+00:00,2025-08-07 22:24:56+00:00,2025-08-07 22:24:56+00:00,2025-08-09 02:00:00+00:00,0.0,2025-08-08,2025,REG,LVA,SEA,1.071320691391173,True,,0.5420932924427202,401736307,1068,14,17,0,True,False,matched,9.0,2025-08-08,under,0.13893601938837097,2.02,-1.0,1.0,False,False,False
2341,924f18d6d793e8577b0400fbdaf84943,103,A'ja Wilson,ajawilson,LVA,rebounds,10.5,104.0,-138.0,10,10,2025-08-07 22:24:56+00:00,2025-08-07 22:24:56+00:00,2025-08-07 22:24:56+00:00,2025-08-09 02:00:00+00:00,0.0,2025-08-08,2025,REG,LVA,SEA,1.0700280112044818,True,,0.4535791638529251,401736307,3149391,17,14,1,True,False,matched,12.0,2025-08-08,under,0.09818908774424934,1.7246376811594204,-1.0,1.0,False,False,False
2341,4c42b7e74a9004489ce25219faf96071,208,Gabby Williams,gabbywilliams,GSV,points,12.5,102.0,-132.0,10,10,2025-08-07 22:24:56+00:00,2025-08-07 22:24:56+00:00,2025-08-07 22:24:56+00:00,2025-08-09 02:00:00+00:00,0.0,2025-08-08,2025,REG,LVA,SEA,1.0640150221918745,True,,0.4618487426836327,401736307,3142328,14,17,0,True,False,matched,14.0,2025-08-08,under,0.07845161203819001,1.7575757575757576,-1.0,1.0,False,False,False
2341,2596aae001dd5f2934fcee25037e9563,107,Chelsea Gray,chelseagray,LVA,points,9.5,-115.0,-113.0,10,10,2025-08-07 22:24:56+00:00,2025-08-07 22:24:56+00:00,2025-08-07 22:24:56+00:00,2025-08-09 02:00:00+00:00,0.0,2025-08-08,2025,REG,LVA,SEA,1.0654001528551151,True,,0.5022557674006809,401736307,2529122,17,14,1,True,False,matched,13.0,2025-08-08,under,0.05637641780737601,1.8849557522123894,-1.0,1.0,False,False,False
2337,4da1f4309549941e5a3f7e8b66a3f2e1,84,Julie Allemand,julieallemand,TOR,rebounds,4.5,-125.0,-106.0,10,10,2025-08-08 00:04:32+00:00,2025-08-08 00:04:32+00:00,2025-08-08 00:04:32+00:00,2025-08-08 02:00:00+00:00,0.0,2025-08-07,2025,REG,LAS,CON,1.070118662351672,True,,0.5212291071384377,401736303,4001679,6,18,1,True,False,matched,10.0,2025-08-07,under,0.12701368563881843,1.9433962264150944,-1.0,1.0,False,False,False
2340,7ba2cdb7e58f4c84becccffb2ce0e37d,116,Jessica Shepard,jessicashepard,DAL,rebounds,9.5,-114.0,-114.0,10,10,2025-08-08 05:16:13+00:00,2025-08-08 05:16:13+00:00,2025-08-08 05:16:13+00:00,2025-08-08 23:30:00+00:00,0.0,2025-08-08,2025,REG,MIN,WAS,1.0654205607476634,True,,0.5000000000000001,401736306,3906949,8,16,1,True,False,matched,6.0,2025-08-08,under,0.4335132489722796,1.8771929824561404,0.8771929824561404,1.0,False,False,False
2340,9eb7c6db7f20666aa9c2e12510337975,149,Sug Sutton,sugsutton,DAL,points,9.5,-115.0,-113.0,10,10,2025-08-08 05:21:42+00:00,2025-08-08 05:21:42+00:00,2025-08-08 05:21:42+00:00,2025-08-08 23:30:00+00:00,0.0,2025-08-08,2025,REG,MIN,WAS,1.0654001528551151,True,,0.5022557674006809,401736306,4068159,16,8,0,True,False,matched,4.0,2025-08-08,under,0.2661580870333766,1.8849557522123894,0.8849557522123894,1.0,False,False,False
2341,2de95bc52c7b382aea0832cc527eb21e,166,Jewell Loyd,jewellloyd,LVA,points,11.5,-122.0,-106.0,10,10,2025-08-08 05:40:23+00:00,2025-08-08 05:40:23+00:00,2025-08-08 05:40:23+00:00,2025-08-09 02:00:00+00:00,0.0,2025-08-08,2025,REG,LVA,SEA,1.064112656345666,True,,0.518058368553134,401736307,2987869,17,14,1,True,False,matched,10.0,2025-08-08,under,0.0972339827001541,1.9433962264150944,0.9433962264150944,1.0,False,False,False
2342,df0c44bc7cb44ae621046cd30a176b0c,30,Kamilla Cardoso,kamillacardoso,CHI,rebounds,10.5,-114.0,-114.0,10,10,2025-08-08 06:48:40+00:00,2025-08-08 06:48:40+00:00,2025-08-08 06:48:40+00:00,2025-08-10 00:00:00+00:00,0.0,2025-08-09,2025,REG,IND,CHI,1.0654205607476634,True,,0.5000000000000001,401736309,4433405,19,5,0,True,False,matched,12.0,2025-08-09,under,0.23566678267351904,1.8771929824561404,-1.0,1.0,False,False,False
2342,43bef1bb5628824c6492985c60883c5b,33,Elizabeth Williams,elizabethwilliams,CHI,rebounds,6.5,-138.0,104.0,10,10,2025-08-08 06:54:46+00:00,2025-08-08 06:54:46+00:00,2025-08-08 06:54:46+00:00,2025-08-10 00:00:00+00:00,0.0,2025-08-09,2025,REG,IND,CHI,1.0700280112044818,True,,0.5464208361470752,401736309,2566081,19,5,0,True,False,matched,9.0,2025-08-09,under,0.1373826225387172,2.04,-1.0,1.0,False,False,False
2342,2d110c541764f4d6307554dc32349067,156,Sophie Cunningham,sophiecunningham,IND,rebounds,3.5,-144.0,108.0,10,10,2025-08-08 06:54:46+00:00,2025-08-08 06:54:46+00:00,2025-08-08 06:54:46+00:00,2025-08-10 00:00:00+00:00,0.0,2025-08-09,2025,REG,IND,CHI,1.0709331651954601,True,,0.5566845205396996,401736309,3907781,5,19,1,True,False,matched,3.0,2025-08-09,under,0.11820036808100765,2.08,1.08,1.0,False,False,False
2343,0b84fbe89d9adefda7b3b8560d431c27,101,Kelsey Plum,kelseyplum,LAS,threes,2.5,-130.0,100.0,24,24,2025-08-08 10:30:42+00:00,2025-08-08 10:30:42+00:00,2025-08-08 10:30:42+00:00,2025-08-10 00:30:00+00:00,0.0,2025-08-09,2025,REG,GSV,LAS,1.065217391304348,True,,0.5336835053940976,401736308,3065570,6,129689,0,True,False,matched,0.0,2025-08-09,under,0.24434968362325898,2.0,1.0,1.0,False,False,False
2343,02bca3e655c17fb50b338707badeea07,89,Dearica Hamby,dearicahamby,LAS,assists,2.5,-165.0,135.0,24,24,2025-08-08 10:30:42+00:00,2025-08-08 10:30:42+00:00,2025-08-08 10:30:42+00:00,2025-08-10 00:30:00+00:00,0.0,2025-08-09,2025,REG,GSV,LAS,1.0481734243275793,True,,0.600894309609776,401736308,2566106,6,129689,0,True,False,matched,1.0,2025-08-09,under,0.14449773646580777,2.35,1.35,1.0,False,False,False
2343,eedb3939d399d273366d8f32fb512d25,82,Azura Stevens,azurastevens,CHI,threes,1.5,-150.0,120.0,24,24,2025-08-08 10:30:42+00:00,2025-08-08 10:30:42+00:00,2025-08-08 10:30:42+00:00,2025-08-10 00:30:00+00:00,0.0,2025-08-09,2025,REG,GSV,LAS,1.0545454545454547,True,,0.5746986093321318,401736308,3142010,6,129689,0,True,False,matched,1.0,2025-08-09,under,0.1392176631386134,2.2,1.2000000000000002,1.0,False,False,False
2343,32a324677551d60ef6b6d52a8b6d2faf,221,Tiffany Hayes,tiffanyhayes,GSV,assists,3.5,120.0,-150.0,24,24,2025-08-08 10:30:42+00:00,2025-08-08 10:30:42+00:00,2025-08-08 10:30:42+00:00,2025-08-10 00:30:00+00:00,0.0,2025-08-09,2025,REG,GSV,LAS,1.0545454545454547,True,,0.4253013906678685,401736308,1054,129689,6,1,True,False,matched,6.0,2025-08-09,under,0.0540510734379287,1.6666666666666665,-1.0,1.0,False,False,False
2343,828faafe1ed17b3f7ca0b7bb040b247a,87,Cameron Brink,cameronbrink,LAS,points,6.5,-110.0,-118.0,10,10,2025-08-08 17:49:12+00:00,2025-08-08 17:49:12+00:00,2025-08-08 17:49:12+00:00,2025-08-10 00:30:00+00:00,0.0,2025-08-09,2025,REG,GSV,LAS,1.0650939274792486,True,,0.4909754767731684,401736308,4433404,6,129689,0,True,False,matched,5.0,2025-08-09,under,0.14202419248393755,1.847457627118644,0.847457627118644,1.0,False,False,False
2343,aed7e85e5fb05953386ba88a4758139e,94,Rickea Jackson,rickeajackson,CHI,rebounds,3.5,-172.0,128.0,10,10,2025-08-08 18:29:32+00:00,2025-08-08 18:29:32+00:00,2025-08-08 18:29:32+00:00,2025-08-10 00:30:00+00:00,0.0,2025-08-09,2025,REG,GSV,LAS,1.0709494324045408,True,,0.6004234693007796,401736308,4433630,6,129689,0,True,False,matched,6.0,2025-08-09,under,0.24371501451742617,2.2800000000000002,-1.0,1.0,False,False,False
2343,fe1537c50171316e2acf0a57a2d46673,537,Janelle Salaun,janellesalaun,GSV,rebounds,4.5,-158.0,118.0,10,10,2025-08-08 18:41:19+00:00,2025-08-08 18:41:19+00:00,2025-08-08 18:41:19+00:00,2025-08-10 00:30:00+00:00,0.0,2025-08-09,2025,REG,GSV,LAS,1.0711186971054691,True,,0.5796527091990534,401736308,4790264,129689,6,1,True,False,matched,8.0,2025-08-09,under,0.17078594775740658,2.1799999999999997,-1.0,1.0,False,False,False
2343,23c13172409482d1dde610c9147f8ee1,55,Veronica Burton,veronicaburton,GSV,rebounds,3.5,-144.0,108.0,10,10,2025-08-08 18:41:19+00:00,2025-08-08 18:41:19+00:00,2025-08-08 18:41:19+00:00,2025-08-10 00:30:00+00:00,0.0,2025-08-09,2025,REG,GSV,LAS,1.0709331651954601,True,,0.5566845205396996,401736308,4398935,129689,6,1,True,False,matched,5.0,2025-08-09,under,0.0712830842414175,2.08,-1.0,1.0,False,False,False
2339,b419ade87bd2c9d88aa08ed00fe64e83,10,Haley Jones,haleyjones,DAL,rebounds,3.5,-159.0,123.0,60,60,2025-08-08 22:56:53+00:00,2025-08-08 22:56:53+00:00,2025-08-08 22:56:53+00:00,2025-08-08 23:30:00+00:00,0.0,2025-08-08,2025,REG,DAL,NYL,1.0623301071731566,True,,0.5853416860106547,401736305,4595910,3,9,1,True,False,matched,2.0,2025-08-08,under,0.2556819239974327,2.23,1.23,1.0,False,False,False
2339,b839e347c62150421c4d2efdb6efde97,529,Luisa Geiselsoder,luisageiselsoder,PDX,points,8.5,-118.0,-110.0,10,10,2025-08-08 23:02:07+00:00,2025-08-08 23:02:07+00:00,2025-08-08 23:02:07+00:00,2025-08-08 23:30:00+00:00,0.0,2025-08-08,2025,REG,DAL,NYL,1.0650939274792486,True,,0.5090245232268319,401736305,4682797,3,9,1,True,False,matched,6.0,2025-08-08,under,0.10680932099776824,1.9090909090909092,0.9090909090909092,1.0,False,False,False
2339,61edbf3c7418a34030d1689d7166874f,95,Li Yueru,liyueru,DAL,points,9.5,-130.0,100.0,10,10,2025-08-08 23:23:29+00:00,2025-08-08 23:23:29+00:00,2025-08-08 23:23:29+00:00,2025-08-08 23:30:00+00:00,0.0,2025-08-08,2025,REG,DAL,NYL,1.065217391304348,True,,0.5336835053940976,401736305,4336633,3,9,1,True,False,matched,3.0,2025-08-08,under,0.5812070446952489,2.0,1.0,1.0,False,False,False
2339,ea571e548e5510de5aff8b04a1d7c6d5,526,Aziaha James,aziahajames,DAL,points,9.5,-130.0,100.0,10,10,2025-08-08 23:28:45+00:00,2025-08-08 23:28:45+00:00,2025-08-08 23:28:45+00:00,2025-08-08 23:30:00+00:00,0.0,2025-08-08,2025,REG,DAL,NYL,1.065217391304348,True,,0.5336835053940976,401736305,4433807,3,9,1,True,False,matched,3.0,2025-08-08,under,0.5560196611185328,2.0,1.0,1.0,False,False,False
2344,699e7ac5b8d95462f10aacf9e8bdb38a,116,Jessica Shepard,jessicashepard,DAL,points,10.5,-108.0,-120.0,10,10,2025-08-09 05:35:20+00:00,2025-08-09 05:35:20+00:00,2025-08-09 05:35:20+00:00,2025-08-10 16:30:00+00:00,0.0,2025-08-10,2025,REG,NYL,MIN,1.0646853146853146,True,,0.48646030463369283,401736310,3906949,8,9,0,True,False,matched,6.0,2025-08-10,under,0.2680228142182048,1.8333333333333335,0.8333333333333335,1.0,False,False,False
2344,c6dd861783207261d47fb150ed254390,121,Alanna Smith,alannasmith,DAL,points,12.5,-102.0,-128.0,10,10,2025-08-09 05:35:21+00:00,2025-08-09 05:35:21+00:00,2025-08-09 05:35:21+00:00,2025-08-10 16:30:00+00:00,0.0,2025-08-10,2025,REG,NYL,MIN,1.0663540038214347,True,,0.47082505196940394,401736310,3913881,8,9,0,True,False,matched,8.0,2025-08-10,under,0.3963595264708969,1.78125,0.78125,1.0,False,False,False
2344,463f43b0c30ec626362b5f59be51b231,48,DiJonai Carrington,dijonaicarrington,CHI,points,10.5,106.0,-138.0,10,10,2025-08-09 05:35:21+00:00,2025-08-09 05:35:21+00:00,2025-08-09 05:35:21+00:00,2025-08-10 16:30:00+00:00,0.0,2025-08-10,2025,REG,NYL,MIN,1.0652688259769927,True,,0.4512435291926419,401736310,4066548,8,9,0,True,False,matched,15.0,2025-08-10,under,0.17813998009771587,1.7246376811594204,-1.0,1.0,False,False,False
2344,4694a9cb327c37f7fc3de91268459052,117,Courtney Williams,courtneywilliams,MIN,points,14.5,-114.0,-114.0,10,10,2025-08-09 05:35:21+00:00,2025-08-09 05:35:21+00:00,2025-08-09 05:35:21+00:00,2025-08-10 16:30:00+00:00,0.0,2025-08-10,2025,REG,NYL,MIN,1.0654205607476634,True,,0.5000000000000001,401736310,2987891,8,9,0,True,False,matched,14.0,2025-08-10,under,0.17204063423258975,1.8771929824561404,0.8771929824561404,1.0,False,False,False
2344,c9a033c60354e6ebae11601020ffe055,125,Kayla McBride,kaylamcbride,MIN,points,14.5,-108.0,-120.0,10,10,2025-08-09 05:35:21+00:00,2025-08-09 05:35:21+00:00,2025-08-09 05:35:21+00:00,2025-08-10 16:30:00+00:00,0.0,2025-08-10,2025,REG,NYL,MIN,1.0646853146853146,True,,0.48646030463369283,401736310,2529205,8,9,0,True,False,matched,18.0,2025-08-10,under,0.14064764169011812,1.8333333333333335,-1.0,1.0,False,False,False
2344,90d7fc098f5f945050bee59c9f0b4bc3,128,Bridget Carleton,bridgetcarleton,PDX,points,6.5,-122.0,-106.0,10,10,2025-08-09 05:35:21+00:00,2025-08-09 05:35:21+00:00,2025-08-09 05:35:21+00:00,2025-08-10 16:30:00+00:00,0.0,2025-08-10,2025,REG,NYL,MIN,1.064112656345666,True,,0.518058368553134,401736310,3906972,8,9,0,True,False,matched,3.0,2025-08-10,under,0.11270986999576638,1.9433962264150944,0.9433962264150944,1.0,False,False,False
2344,d231e2dcab6fa65c071456d9c7b64519,141,Jonquel Jones,jonqueljones,NYL,points,15.5,-114.0,-114.0,10,10,2025-08-09 05:40:30+00:00,2025-08-09 05:40:30+00:00,2025-08-09 05:40:30+00:00,2025-08-10 16:30:00+00:00,0.0,2025-08-10,2025,REG,NYL,MIN,1.0654205607476634,True,,0.5000000000000001,401736310,2999101,9,8,1,True,False,matched,11.0,2025-08-10,under,0.2845428944486649,1.8771929824561404,0.8771929824561404,1.0,False,False,False
2344,12f6dacffc412ad24eadaff69ec8aeb0,233,Emma Meesseman,emmameesseman,FA,rebounds,5.5,122.0,-162.0,10,10,2025-08-09 05:40:30+00:00,2025-08-09 05:40:30+00:00,2025-08-09 05:40:30+00:00,2025-08-10 16:30:00+00:00,0.0,2025-08-10,2025,REG,NYL,MIN,1.0687710611374732,True,,0.41310819110441305,401736310,3027368,9,8,1,True,False,matched,5.0,2025-08-10,under,0.19631679087731252,1.617283950617284,0.617283950617284,1.0,False,False,False
2344,29301d0da5f09fc72f7dd60e06a599c5,147,Leonie Fiebich,leoniefiebich,NYL,points,8.5,-122.0,-106.0,10,10,2025-08-09 05:40:30+00:00,2025-08-09 05:40:30+00:00,2025-08-09 05:40:30+00:00,2025-08-10 16:30:00+00:00,0.0,2025-08-10,2025,REG,NYL,MIN,1.064112656345666,True,,0.518058368553134,401736310,4683006,9,8,1,True,False,matched,6.0,2025-08-10,under,0.08663094818999345,1.9433962264150944,0.9433962264150944,1.0,False,False,False
2344,90041a9c287b3409c27bd4811a058b21,163,Natasha Cloud,natashacloud,CHI,points,9.5,-132.0,102.0,10,10,2025-08-09 05:40:32+00:00,2025-08-09 05:40:32+00:00,2025-08-09 05:40:32+00:00,2025-08-10 16:30:00+00:00,0.0,2025-08-10,2025,REG,NYL,MIN,1.0640150221918745,True,,0.5381512573163673,401736310,2529137,9,8,1,True,False,matched,14.0,2025-08-10,under,0.17377325017537232,2.02,-1.0,1.0,False,False,False
2348,46c6723e114aff047e06f7422328eac9,103,A'ja Wilson,ajawilson,LVA,threes,0.5,-225.0,162.0,10,10,2025-08-09 06:03:25+00:00,2025-08-09 06:03:25+00:00,2025-08-09 06:03:25+00:00,2025-08-11 01:00:00+00:00,0.0,2025-08-10,2025,REG,LVA,CON,1.0739870816206694,True,,0.6613805444569248,401736314,3149391,17,18,1,True,False,matched,0.0,2025-08-10,under,0.6378847072528404,2.62,1.62,1.0,False,False,False
2345,e5351a47765d077055621ba721d9cca8,63,Arike Ogunbowale,arikeogunbowale,DAL,rebounds,2.5,-172.0,128.0,10,10,2025-08-09 06:34:35+00:00,2025-08-09 06:34:35+00:00,2025-08-09 06:34:35+00:00,2025-08-10 20:00:00+00:00,0.0,2025-08-10,2025,REG,DAL,WAS,1.0709494324045408,True,,0.6004234693007796,401736311,3904577,3,16,1,True,False,matched,0.0,2025-08-10,under,0.27525877399073057,2.2800000000000002,1.2800000000000002,1.0,False,False,False
2345,54e103837a9722b4f76aea01b26925b6,573,Sonia Citron,soniacitron,WAS,assists,2.5,-154.0,116.0,10,10,2025-08-09 06:34:35+00:00,2025-08-09 06:34:35+00:00,2025-08-09 06:34:35+00:00,2025-08-10 20:00:00+00:00,0.0,2025-08-10,2025,REG,DAL,WAS,1.0692621755613883,True,,0.574207987656796,401736311,4433524,16,3,0,True,False,matched,6.0,2025-08-10,under,0.20362022011331948,2.16,-1.0,1.0,False,False,False
2345,3e0ea9acb29382b657bb0d89790e6362,572,Kiki Iriafen,kikiiriafen,WAS,rebounds,7.5,-138.0,104.0,10,10,2025-08-09 06:34:35+00:00,2025-08-09 06:34:35+00:00,2025-08-09 06:34:35+00:00,2025-08-10 20:00:00+00:00,0.0,2025-08-10,2025,REG,DAL,WAS,1.0700280112044818,True,,0.5464208361470752,401736311,4898384,16,3,0,True,False,matched,10.0,2025-08-10,under,0.14812925750828354,2.04,-1.0,1.0,False,False,False
2345,1ba01ba1e91d8601b8e852d9a9646364,149,Sug Sutton,sugsutton,DAL,points,9.5,100.0,-130.0,10,10,2025-08-09 06:34:35+00:00,2025-08-09 06:34:35+00:00,2025-08-09 06:34:35+00:00,2025-08-10 20:00:00+00:00,0.0,2025-08-10,2025,REG,DAL,WAS,1.065217391304348,True,,0.4663164946059025,401736311,4068159,16,3,0,True,False,matched,0.0,2025-08-10,under,0.11298700365866493,1.7692307692307692,0.7692307692307692,1.0,False,False,False
2346,6e4411d28d459e3509d35f8129b42b4d,49,Brionna Jones,brionnajones,ATL,points,13.5,100.0,-130.0,10,10,2025-08-09 06:34:36+00:00,2025-08-09 06:34:36+00:00,2025-08-09 06:34:36+00:00,2025-08-10 22:00:00+00:00,0.0,2025-08-10,2025,REG,PHX,ATL,1.065217391304348,True,,0.4663164946059025,401736313,3058895,20,11,0,True,False,matched,15.0,2025-08-10,under,0.1600509766873075,1.7692307692307692,-1.0,1.0,False,False,False
2346,ce0dedda4e9d8dbfbbee1683dd3de857,16,Naz Hillmon,nazhillmon,ATL,rebounds,7.5,100.0,-132.0,10,10,2025-08-09 06:34:36+00:00,2025-08-09 06:34:36+00:00,2025-08-09 06:34:36+00:00,2025-08-10 22:00:00+00:00,0.0,2025-08-10,2025,REG,PHX,ATL,1.0689655172413794,True,,0.46430627616618364,401736313,4398915,20,11,0,True,False,matched,13.0,2025-08-10,under,0.15304358876531238,1.7575757575757576,-1.0,1.0,False,False,False
2346,d2ba65150003c1cc69e89b1404bb02d7,1,Allisha Gray,allishagray,ATL,points,17.5,-113.0,-115.0,10,10,2025-08-09 06:34:36+00:00,2025-08-09 06:34:36+00:00,2025-08-09 06:34:36+00:00,2025-08-10 22:00:00+00:00,0.0,2025-08-10,2025,REG,PHX,ATL,1.0654001528551151,True,,0.49774423259931944,401736313,3058901,20,11,0,True,False,matched,17.0,2025-08-10,under,0.13007470459992104,1.8695652173913042,0.8695652173913042,1.0,False,False,False
2346,c17797e04ce54a61feed5790e77f36d9,54,Satou Sabally,satousabally,NYL,rebounds,5.5,-125.0,-106.0,10,10,2025-08-09 06:34:36+00:00,2025-08-09 06:34:36+00:00,2025-08-09 06:34:36+00:00,2025-08-10 22:00:00+00:00,0.0,2025-08-10,2025,REG,PHX,ATL,1.070118662351672,True,,0.5212291071384377,401736313,4281929,11,20,1,True,False,matched,5.0,2025-08-10,under,0.12451818890779659,1.9433962264150944,0.9433962264150944,1.0,False,False,False
2346,f8b819e4c88775f2c7142f9ed4030460,155,Kahleah Copper,kahleahcopper,PHO,points,16.5,-102.0,-128.0,10,10,2025-08-09 06:34:36+00:00,2025-08-09 06:34:36+00:00,2025-08-09 06:34:36+00:00,2025-08-10 22:00:00+00:00,0.0,2025-08-10,2025,REG,PHX,ATL,1.0663540038214347,True,,0.47082505196940394,401736313,2998938,11,20,1,True,False,matched,9.0,2025-08-10,under,0.12067386266538577,1.78125,0.78125,1.0,False,False,False
2346,531fcfcfdad5d727762d0cf81259b314,2,Jordin Canada,jordincanada,ATL,points,13.5,100.0,-130.0,10,10,2025-08-09 06:34:36+00:00,2025-08-09 06:34:36+00:00,2025-08-09 06:34:36+00:00,2025-08-10 22:00:00+00:00,0.0,2025-08-10,2025,REG,PHX,ATL,1.065217391304348,True,,0.4663164946059025,401736313,3142250,20,11,0,True,False,matched,13.0,2025-08-10,under,0.05180976517107738,1.7692307692307692,0.7692307692307692,1.0,False,False,False
2343,5e3ed2756f12d1b1f14e1de4807e7332,120,Cecilia Zandalasini,ceciliazandalasini,GSV,points,9.5,-110.0,-120.0,13,13,2025-08-09 11:27:32+00:00,2025-08-09 11:27:32+00:00,2025-08-09 11:27:32+00:00,2025-08-10 00:30:00+00:00,0.0,2025-08-09,2025,REG,GSV,LAS,1.0692640692640691,True,,0.4887959885212434,401736308,4257500,129689,6,1,True,False,matched,14.0,2025-08-09,under,0.15363350824192,1.8333333333333335,-1.0,1.0,False,False,False
2343,f87f6f8af9986a644a7436878b5bb9af,84,Julie Allemand,julieallemand,TOR,rebounds,4.5,-130.0,-105.0,33,33,2025-08-09 13:44:26+00:00,2025-08-09 13:44:26+00:00,2025-08-09 13:44:26+00:00,2025-08-10 00:30:00+00:00,0.0,2025-08-09,2025,REG,GSV,LAS,1.0774125132555674,True,,0.5275730862680912,401736308,4001679,6,129689,0,True,False,matched,2.0,2025-08-09,under,0.05352012687504293,1.9523809523809523,0.9523809523809523,1.0,False,False,False
2348,6c6282598d28bb168a01230818dcee98,22,Marina Mabrey,marinamabrey,TOR,points,15.5,-118.0,-110.0,10,10,2025-08-09 17:32:50+00:00,2025-08-09 17:32:50+00:00,2025-08-09 17:32:50+00:00,2025-08-11 01:00:00+00:00,0.0,2025-08-10,2025,REG,LVA,CON,1.0650939274792486,True,,0.5090245232268319,401736314,3904576,18,17,0,True,False,matched,22.0,2025-08-10,under,0.127669769975142,1.9090909090909092,-1.0,1.0,False,False,False
2347,83c1dfc243a2c1366cd6a158f1dd5508,175,Skylar Diggins,skylardiggins,CHI,rebounds,3.5,-114.0,-114.0,10,10,2025-08-09 17:38:38+00:00,2025-08-09 17:38:38+00:00,2025-08-09 17:38:38+00:00,2025-08-11 00:00:00+00:00,0.0,2025-08-10,2025,REG,LAS,SEA,1.0654205607476634,True,,0.5000000000000001,401736312,2491205,14,6,0,True,False,matched,2.0,2025-08-10,under,0.3029420437092208,1.8771929824561404,0.8771929824561404,1.0,False,False,False
2347,ecc4aa1839a310dea5efa5f028e71a88,180,Nneka Ogwumike,nnekaogwumike,LAS,rebounds,6.5,-130.0,-102.0,10,10,2025-08-09 17:38:38+00:00,2025-08-09 17:38:38+00:00,2025-08-09 17:38:38+00:00,2025-08-11 00:00:00+00:00,0.0,2025-08-10,2025,REG,LAS,SEA,1.0701678863538528,True,,0.5312123494364493,401736312,1068,14,6,0,True,False,matched,10.0,2025-08-10,under,0.08809735272235908,1.9803921568627452,-1.0,1.0,False,False,False
2342,e900155982c991323286055dadd44ace,76,Lexie Hull,lexiehull,IND,points,7.5,-130.0,100.0,10,10,2025-08-09 23:39:51+00:00,2025-08-09 23:39:51+00:00,2025-08-09 23:39:51+00:00,2025-08-10 00:00:00+00:00,0.0,2025-08-09,2025,REG,IND,CHI,1.065217391304348,True,,0.5336835053940976,401736309,4398829,5,19,1,True,False,matched,17.0,2025-08-09,under,0.4397192884641705,2.0,-1.0,1.0,False,False,False
2347,b447d5cd3c34b37d04b1db887bb1b86a,101,Kelsey Plum,kelseyplum,LAS,assists,5.5,102.0,-136.0,10,10,2025-08-10 03:11:11+00:00,2025-08-10 03:11:11+00:00,2025-08-10 03:11:11+00:00,2025-08-11 00:00:00+00:00,0.0,2025-08-10,2025,REG,LAS,SEA,1.071320691391173,True,,0.4579067075572801,401736312,3065570,6,14,1,True,False,matched,7.0,2025-08-10,over,0.14877688067853845,2.02,1.02,1.0,False,False,False
2347,52f85af1453db5fdd8308b1b375a41fa,94,Rickea Jackson,rickeajackson,CHI,rebounds,3.5,-144.0,108.0,10,10,2025-08-10 03:11:11+00:00,2025-08-10 03:11:11+00:00,2025-08-10 03:11:11+00:00,2025-08-11 00:00:00+00:00,0.0,2025-08-10,2025,REG,LAS,SEA,1.0709331651954601,True,,0.5566845205396996,401736312,4433630,6,14,1,True,False,matched,1.0,2025-08-10,under,0.06017140494671136,2.08,1.08,1.0,False,False,False
2347,fdcb8f9ce1bdd65993b6d80738f3c179,208,Gabby Williams,gabbywilliams,GSV,points,12.5,-122.0,-106.0,10,10,2025-08-10 04:06:44+00:00,2025-08-10 04:06:44+00:00,2025-08-10 04:06:44+00:00,2025-08-11 00:00:00+00:00,0.0,2025-08-10,2025,REG,LAS,SEA,1.064112656345666,True,,0.518058368553134,401736312,3142328,14,6,0,True,False,matched,5.0,2025-08-10,under,0.09727679715599741,1.9433962264150944,0.9433962264150944,1.0,False,False,False
2348,c306981505da0f8efddc52479e85feef,73,NaLyssa Smith,nalyssasmith,LVA,rebounds,5.5,118.0,-158.0,10,10,2025-08-10 04:43:21+00:00,2025-08-10 04:43:21+00:00,2025-08-10 04:43:21+00:00,2025-08-11 01:00:00+00:00,0.0,2025-08-10,2025,REG,LVA,CON,1.0711186971054691,True,,0.42034729080094674,401736314,4398776,17,18,1,True,False,matched,6.0,2025-08-10,over,0.3034290149621621,2.1799999999999997,1.1799999999999997,1.0,False,False,False
2345,a22c60ac7245fea853ac8886d99cca1a,529,Luisa Geiselsoder,luisageiselsoder,PDX,rebounds,5.5,-125.0,-110.0,33,33,2025-08-10 12:34:56+00:00,2025-08-10 12:34:56+00:00,2025-08-10 12:34:56+00:00,2025-08-10 20:00:00+00:00,0.0,2025-08-10,2025,REG,DAL,WAS,1.0793650793650795,True,,0.5165270419936007,401736311,4682797,3,16,1,True,False,matched,1.0,2025-08-10,under,0.0605582762484011,1.9090909090909092,0.9090909090909092,1.0,False,False,False
2347,b673553c80329abfa13bc32f2334fb8c,182,Brittney Sykes,brittneysykes,TOR,points,10.5,-114.0,-114.0,10,10,2025-08-10 23:37:12+00:00,2025-08-10 23:37:12+00:00,2025-08-10 23:37:12+00:00,2025-08-11 00:00:00+00:00,0.0,2025-08-10,2025,REG,LAS,SEA,1.0654205607476634,True,,0.5000000000000001,401736312,2988756,14,6,0,True,False,matched,27.0,2025-08-10,over,0.05222771120897857,1.8771929824561404,0.8771929824561404,1.0,False,False,False
2347,4225891debc15838e3cf8e11736c1c49,87,Cameron Brink,cameronbrink,LAS,points,5.5,-128.0,-102.0,10,10,2025-08-10 23:41:28+00:00,2025-08-10 23:41:28+00:00,2025-08-10 23:41:28+00:00,2025-08-11 00:00:00+00:00,0.0,2025-08-10,2025,REG,LAS,SEA,1.0663540038214347,True,,0.5291749480305961,401736312,4433404,6,14,1,True,False,matched,14.0,2025-08-10,under,0.09181510997740594,1.9803921568627452,-1.0,1.0,False,False,False
2347,160c7c4de93cb17495f84b3c9387cbfe,84,Julie Allemand,julieallemand,TOR,rebounds,5.5,114.0,-152.0,10,10,2025-08-10 23:41:29+00:00,2025-08-10 23:41:29+00:00,2025-08-10 23:41:29+00:00,2025-08-11 00:00:00+00:00,0.0,2025-08-10,2025,REG,LAS,SEA,1.0704643228007713,True,,0.42960347247450675,401736312,4001679,6,14,1,True,False,matched,2.0,2025-08-10,under,0.1601522217573813,1.6578947368421053,0.6578947368421053,1.0,False,False,False
2347,284c01cf7d44b6797ac97c16283b5b5a,570,Dominique Malonga,dominiquemalonga,SEA,rebounds,7.5,-102.0,-130.0,10,10,2025-08-10 23:45:30+00:00,2025-08-10 23:45:30+00:00,2025-08-10 23:45:30+00:00,2025-08-11 00:00:00+00:00,0.0,2025-08-10,2025,REG,LAS,SEA,1.0701678863538528,True,,0.46878765056355093,401736312,5220150,14,6,0,True,False,matched,11.0,2025-08-10,under,0.2573134286846783,1.7692307692307692,-1.0,1.0,False,False,False
2349,0c31813e5c60254d35d82105a2ae64d8,22,Marina Mabrey,marinamabrey,TOR,points,15.5,100.0,-130.0,10,10,2025-08-11 03:12:49+00:00,2025-08-11 03:12:49+00:00,2025-08-11 03:12:49+00:00,2025-08-12 02:00:00+00:00,0.0,2025-08-11,2025,REG,GSV,CON,1.065217391304348,True,,0.4663164946059025,401736315,3904576,18,129689,0,True,False,matched,3.0,2025-08-11,under,0.0967594850569008,1.7692307692307692,0.7692307692307692,1.0,False,False,False
2349,6b3aec893a2472460a9ac08833ab652e,55,Veronica Burton,veronicaburton,GSV,assists,5.5,124.0,-166.0,10,10,2025-08-11 03:17:50+00:00,2025-08-11 03:17:50+00:00,2025-08-11 03:17:50+00:00,2025-08-12 02:00:00+00:00,0.0,2025-08-11,2025,REG,GSV,CON,1.0704887218045114,True,,0.40796342297849103,401736315,4398935,129689,18,1,True,False,matched,10.0,2025-08-11,under,0.051140654910201366,1.6024096385542168,-1.0,1.0,False,False,False
2349,7de12bffb869a9d7762a17f8f132fc92,120,Cecilia Zandalasini,ceciliazandalasini,GSV,threes,1.5,-136.0,102.0,10,10,2025-08-11 03:17:51+00:00,2025-08-11 03:17:51+00:00,2025-08-11 03:17:51+00:00,2025-08-12 02:00:00+00:00,0.0,2025-08-11,2025,REG,GSV,CON,1.071320691391173,True,,0.5420932924427202,401736315,4257500,129689,18,1,True,False,matched,3.0,2025-08-11,under,0.14289663866114127,2.02,-1.0,1.0,False,False,False
2349,83b970bc9739778b5edbaa43b45440b9,537,Janelle Salaun,janellesalaun,GSV,points,11.5,-130.0,100.0,10,10,2025-08-11 03:17:51+00:00,2025-08-11 03:17:51+00:00,2025-08-11 03:17:51+00:00,2025-08-12 02:00:00+00:00,0.0,2025-08-11,2025,REG,GSV,CON,1.065217391304348,True,,0.5336835053940976,401736315,4790264,129689,18,1,True,False,matched,16.0,2025-08-11,under,0.12407488898484781,2.0,-1.0,1.0,False,False,False
2349,8405a693f020234e90d84544436b0d05,221,Tiffany Hayes,tiffanyhayes,GSV,points,12.5,-106.0,-122.0,10,10,2025-08-11 03:17:51+00:00,2025-08-11 03:17:51+00:00,2025-08-11 03:17:51+00:00,2025-08-12 02:00:00+00:00,0.0,2025-08-11,2025,REG,GSV,CON,1.064112656345666,True,,0.4819416314468661,401736315,1054,129689,18,1,True,False,matched,17.0,2025-08-11,under,0.0737277869672161,1.819672131147541,-1.0,1.0,False,False,False
2350,281e6904dd1884f0ede351de7a8f89d1,71,Aliyah Boston,aliyahboston,IND,points,14.5,-130.0,100.0,10,10,2025-08-11 06:41:30+00:00,2025-08-11 06:41:30+00:00,2025-08-11 06:41:30+00:00,2025-08-12 23:30:00+00:00,0.0,2025-08-12,2025,REG,IND,DAL,1.065217391304348,True,,0.5336835053940976,401736316,4432831,5,3,1,True,False,matched,14.0,2025-08-12,under,0.15305683016038135,2.0,1.0,1.0,False,False,False
2350,02c0939c8512c43f39db0f5b1b227e98,63,Arike Ogunbowale,arikeogunbowale,DAL,points,15.5,-110.0,-118.0,10,10,2025-08-11 06:41:30+00:00,2025-08-11 06:41:30+00:00,2025-08-11 06:41:30+00:00,2025-08-12 23:30:00+00:00,0.0,2025-08-12,2025,REG,IND,DAL,1.0650939274792486,True,,0.4909754767731684,401736316,3904577,3,5,0,True,True,did_not_play,,2025-08-12,under,0.09959996571200935,1.847457627118644,0.0,0.0,False,True,False
2350,dd1ad5defeec80ebc75b99b5312b1631,10,Haley Jones,haleyjones,DAL,points,8.5,-102.0,-128.0,10,10,2025-08-11 06:41:30+00:00,2025-08-11 06:41:30+00:00,2025-08-11 06:41:30+00:00,2025-08-12 23:30:00+00:00,0.0,2025-08-12,2025,REG,IND,DAL,1.0663540038214347,True,,0.47082505196940394,401736316,4595910,3,5,0,True,False,matched,5.0,2025-08-12,under,0.09415482967699856,1.78125,0.78125,1.0,False,False,False
2350,2baf0fc3548ad65695f94e8238753629,528,Paige Bueckers,paigebueckers,DAL,points,18.5,100.0,-130.0,10,10,2025-08-11 06:41:30+00:00,2025-08-11 06:41:30+00:00,2025-08-11 06:41:30+00:00,2025-08-12 23:30:00+00:00,0.0,2025-08-12,2025,REG,IND,DAL,1.065217391304348,True,,0.4663164946059025,401736316,4433730,3,5,0,True,False,matched,16.0,2025-08-12,under,0.07546191736120933,1.7692307692307692,0.7692307692307692,1.0,False,False,False
2350,3d364c32773360f5dac2d2dffa19a9bf,76,Lexie Hull,lexiehull,IND,points,9.5,102.0,-132.0,10,10,2025-08-11 06:41:31+00:00,2025-08-11 06:41:31+00:00,2025-08-11 06:41:31+00:00,2025-08-12 23:30:00+00:00,0.0,2025-08-12,2025,REG,IND,DAL,1.0640150221918745,True,,0.4618487426836327,401736316,4398829,5,3,1,True,False,matched,0.0,2025-08-12,under,0.3167739714800603,1.7575757575757576,0.7575757575757576,1.0,False,False,False
2350,0009237b50dbf189cb3bf64f46eebf3e,529,Luisa Geiselsoder,luisageiselsoder,PDX,points,7.5,-128.0,-102.0,10,10,2025-08-11 06:41:31+00:00,2025-08-11 06:41:31+00:00,2025-08-11 06:41:31+00:00,2025-08-12 23:30:00+00:00,0.0,2025-08-12,2025,REG,IND,DAL,1.0663540038214347,True,,0.5291749480305961,401736316,4682797,3,5,0,True,False,matched,0.0,2025-08-12,under,0.1599538698688528,1.9803921568627452,0.9803921568627452,1.0,False,False,False
2350,1486d2b083d67b57958462385eabf0b4,70,Kelsey Mitchell,kelseymitchell,IND,points,20.5,-122.0,-106.0,10,10,2025-08-11 06:41:31+00:00,2025-08-11 06:41:31+00:00,2025-08-11 06:41:31+00:00,2025-08-12 23:30:00+00:00,0.0,2025-08-12,2025,REG,IND,DAL,1.064112656345666,True,,0.518058368553134,401736316,3142191,5,3,1,True,False,matched,24.0,2025-08-12,under,0.10454939466775615,1.9433962264150944,-1.0,1.0,False,False,False
2350,867d0a7ebf301ef1bd24db13a3bcb595,56,Natasha Howard,natashahoward,MIN,points,11.5,-114.0,-114.0,10,10,2025-08-11 06:41:31+00:00,2025-08-11 06:41:31+00:00,2025-08-11 06:41:31+00:00,2025-08-12 23:30:00+00:00,0.0,2025-08-12,2025,REG,IND,DAL,1.0654205607476634,True,,0.5000000000000001,401736316,2529130,5,3,1,True,False,matched,12.0,2025-08-12,under,0.09712148308191998,1.8771929824561404,-1.0,1.0,False,False,False
2350,ec7d92ce8bad507ac98a1796992f6bdf,156,Sophie Cunningham,sophiecunningham,IND,points,9.5,-125.0,-104.0,10,10,2025-08-11 06:41:31+00:00,2025-08-11 06:41:31+00:00,2025-08-11 06:41:31+00:00,2025-08-12 23:30:00+00:00,0.0,2025-08-12,2025,REG,IND,DAL,1.065359477124183,True,,0.5236312520088393,401736316,3907781,5,3,1,True,False,matched,14.0,2025-08-12,under,0.08879266314890732,1.9615384615384617,-1.0,1.0,False,False,False
2351,4877c4bfec47bc30a87c921d04da2c8f,87,Cameron Brink,cameronbrink,LAS,points,7.5,100.0,-130.0,10,10,2025-08-11 12:59:20+00:00,2025-08-11 12:59:20+00:00,2025-08-11 12:59:20+00:00,2025-08-13 02:00:00+00:00,0.0,2025-08-12,2025,REG,LAS,NYL,1.065217391304348,True,,0.4663164946059025,401736317,4433404,6,9,1,True,False,matched,2.0,2025-08-12,under,0.2554025145242837,1.7692307692307692,0.7692307692307692,1.0,False,False,False
2351,52eb34920f2b7bcbd4ca65cd0509371a,141,Jonquel Jones,jonqueljones,NYL,points,15.5,-106.0,-122.0,10,10,2025-08-11 17:53:37+00:00,2025-08-11 17:53:37+00:00,2025-08-11 17:53:37+00:00,2025-08-13 02:00:00+00:00,0.0,2025-08-12,2025,REG,LAS,NYL,1.064112656345666,True,,0.4819416314468661,401736317,2999101,9,6,0,True,False,matched,21.0,2025-08-12,under,0.1389807911786628,1.819672131147541,-1.0,1.0,False,False,False
2351,da99d3dd71fa0c68f70abe087473039b,132,Sabrina Ionescu,sabrinaionescu,NYL,points,19.5,-115.0,-114.0,10,10,2025-08-11 17:53:37+00:00,2025-08-11 17:53:37+00:00,2025-08-11 17:53:37+00:00,2025-08-13 02:00:00+00:00,0.0,2025-08-12,2025,REG,LAS,NYL,1.0675940013040643,True,,0.5011239773424112,401736317,4066533,9,6,0,True,False,matched,14.0,2025-08-12,under,0.07013375291486745,1.8771929824561404,0.8771929824561404,1.0,False,False,False
2351,6e07b6f5d35f4c7b5d1f06ebe72daff3,233,Emma Meesseman,emmameesseman,FA,points,13.5,-104.0,-125.0,10,10,2025-08-11 17:53:38+00:00,2025-08-11 17:53:38+00:00,2025-08-11 17:53:38+00:00,2025-08-13 02:00:00+00:00,0.0,2025-08-12,2025,REG,LAS,NYL,1.065359477124183,True,,0.4763687479911608,401736317,3027368,9,6,0,True,False,matched,24.0,2025-08-12,under,0.11151757096745002,1.8,-1.0,1.0,False,False,False
2351,6ed47475c6d32cf6bbee073e8bbb1af6,101,Kelsey Plum,kelseyplum,LAS,points,19.5,-108.0,-120.0,10,10,2025-08-11 18:13:45+00:00,2025-08-11 18:13:45+00:00,2025-08-11 18:13:45+00:00,2025-08-13 02:00:00+00:00,0.0,2025-08-12,2025,REG,LAS,NYL,1.0646853146853146,True,,0.48646030463369283,401736317,3065570,6,9,1,True,False,matched,26.0,2025-08-12,under,0.1529906037337146,1.8333333333333335,-1.0,1.0,False,False,False
2351,8c71f1558aa28ae851ee14bf6bf4c987,82,Azura Stevens,azurastevens,CHI,points,12.5,-128.0,-102.0,10,10,2025-08-11 18:13:46+00:00,2025-08-11 18:13:46+00:00,2025-08-11 18:13:46+00:00,2025-08-13 02:00:00+00:00,0.0,2025-08-12,2025,REG,LAS,NYL,1.0663540038214347,True,,0.5291749480305961,401736317,3142010,6,9,1,True,False,matched,17.0,2025-08-12,under,0.19822986249049712,1.9803921568627452,-1.0,1.0,False,False,False
2351,901bb0bd20a6d87e512b7354489b731a,89,Dearica Hamby,dearicahamby,LAS,points,15.5,-128.0,-102.0,10,10,2025-08-11 18:13:47+00:00,2025-08-11 18:13:47+00:00,2025-08-11 18:13:47+00:00,2025-08-13 02:00:00+00:00,0.0,2025-08-12,2025,REG,LAS,NYL,1.0663540038214347,True,,0.5291749480305961,401736317,2566106,6,9,1,True,False,matched,21.0,2025-08-12,under,0.07911876235331716,1.9803921568627452,-1.0,1.0,False,False,False
2351,ea8240beebce29413b832d751d496515,94,Rickea Jackson,rickeajackson,CHI,points,14.5,-114.0,-114.0,10,10,2025-08-11 18:13:47+00:00,2025-08-11 18:13:47+00:00,2025-08-11 18:13:47+00:00,2025-08-13 02:00:00+00:00,0.0,2025-08-12,2025,REG,LAS,NYL,1.0654205607476634,True,,0.5000000000000001,401736317,4433630,6,9,1,True,False,matched,16.0,2025-08-12,under,0.054464210179171024,1.8771929824561404,-1.0,1.0,False,False,False
2349,a84af99c1c830677ffcc630be45fb971,519,Aneesah Morrow,aneesahmorrow,CON,rebounds,8.5,104.0,-138.0,10,10,2025-08-11 23:37:55+00:00,2025-08-11 23:37:55+00:00,2025-08-11 23:37:55+00:00,2025-08-12 02:00:00+00:00,0.0,2025-08-11,2025,REG,GSV,CON,1.0700280112044818,True,,0.4535791638529251,401736315,4684384,18,129689,0,True,False,matched,14.0,2025-08-11,under,0.41439203574196914,1.7246376811594204,-1.0,1.0,False,False,False
2351,db0da7296f59bafb6d346507eb76073f,84,Julie Allemand,julieallemand,TOR,rebounds,4.5,-125.0,-106.0,10,10,2025-08-12 00:23:06+00:00,2025-08-12 00:23:06+00:00,2025-08-12 00:23:06+00:00,2025-08-13 02:00:00+00:00,0.0,2025-08-12,2025,REG,LAS,NYL,1.070118662351672,True,,0.5212291071384377,401736317,4001679,6,9,1,True,False,matched,5.0,2025-08-12,under,0.1818953605084087,1.9433962264150944,-1.0,1.0,False,False,False
2351,340f4cd350e6c30dd33b1b6fffdfa067,147,Leonie Fiebich,leoniefiebich,NYL,rebounds,3.5,134.0,-180.0,10,10,2025-08-12 00:32:02+00:00,2025-08-12 00:32:02+00:00,2025-08-12 00:32:02+00:00,2025-08-13 02:00:00+00:00,0.0,2025-08-12,2025,REG,LAS,NYL,1.0702075702075702,True,,0.38834080463047865,401736317,4683006,9,6,0,True,False,matched,2.0,2025-08-12,over,0.11239073514046882,2.34,-1.0,1.0,False,False,False
2349,9c36d4ce80d531bef14c54598886e194,43,Olivia Nelson-Ododa,olivianelsonododa,CON,rebounds,5.5,-125.0,-106.0,10,10,2025-08-12 01:46:37+00:00,2025-08-12 01:46:37+00:00,2025-08-12 01:46:37+00:00,2025-08-12 02:00:00+00:00,0.0,2025-08-11,2025,REG,GSV,CON,1.070118662351672,True,,0.5212291071384377,401736315,4398966,18,129689,0,True,False,matched,4.0,2025-08-11,under,0.3746038136959304,1.9433962264150944,0.9433962264150944,1.0,False,False,False
2355,d390c23fcf7d6f1828c2d86f80e3b253,1,Allisha Gray,allishagray,ATL,assists,3.5,-174.0,130.0,10,10,2025-08-12 01:46:49+00:00,2025-08-12 01:46:49+00:00,2025-08-12 01:46:49+00:00,2025-08-14 02:00:00+00:00,0.0,2025-08-13,2025,REG,SEA,ATL,1.069819105046017,True,,0.603727082826799,401736321,3058901,20,14,0,True,False,matched,1.0,2025-08-13,under,0.23190448764877947,2.3,1.2999999999999998,1.0,False,False,False
2355,c496b381429f1644bb4c0532fdcc01ab,208,Gabby Williams,gabbywilliams,GSV,points,11.5,102.0,-132.0,10,10,2025-08-12 01:46:49+00:00,2025-08-12 01:46:49+00:00,2025-08-12 01:46:49+00:00,2025-08-14 02:00:00+00:00,0.0,2025-08-13,2025,REG,SEA,ATL,1.0640150221918745,True,,0.4618487426836327,401736321,3142328,14,20,1,True,False,matched,11.0,2025-08-13,under,0.13887976116142825,1.7575757575757576,0.7575757575757576,1.0,False,False,False
2355,9d59a1d942abfc511e8659471650a952,176,Ezi Magbegor,ezimagbegor,SEA,rebounds,5.5,-154.0,116.0,10,10,2025-08-12 01:46:50+00:00,2025-08-12 01:46:50+00:00,2025-08-12 01:46:50+00:00,2025-08-14 02:00:00+00:00,0.0,2025-08-13,2025,REG,SEA,ATL,1.0692621755613883,True,,0.574207987656796,401736321,4420318,14,20,1,True,False,matched,3.0,2025-08-13,under,0.17739205640850364,2.16,1.1600000000000001,1.0,False,False,False
2355,273942d703d56b38d6f9e431b0c021c8,175,Skylar Diggins,skylardiggins,CHI,points,13.5,-122.0,-106.0,10,10,2025-08-12 01:46:50+00:00,2025-08-12 01:46:50+00:00,2025-08-12 01:46:50+00:00,2025-08-14 02:00:00+00:00,0.0,2025-08-13,2025,REG,SEA,ATL,1.064112656345666,True,,0.518058368553134,401736321,2491205,14,20,1,True,False,matched,7.0,2025-08-13,under,0.16002401162244118,1.9433962264150944,0.9433962264150944,1.0,False,False,False
2355,22e6d1891e283d75bef539fd4105f247,15,Rhyne Howard,rhynehoward,ATL,threes,1.5,-130.0,-102.0,10,10,2025-08-12 01:46:50+00:00,2025-08-12 01:46:50+00:00,2025-08-12 01:46:50+00:00,2025-08-14 02:00:00+00:00,0.0,2025-08-13,2025,REG,SEA,ATL,1.0701678863538528,True,,0.5312123494364493,401736321,4398674,20,14,0,True,False,matched,5.0,2025-08-13,over,0.1459613057601999,1.7692307692307692,0.7692307692307692,1.0,False,False,False
2355,b0c2f9a616b9119c25b9ae011dfce648,49,Brionna Jones,brionnajones,ATL,points,11.5,-128.0,-102.0,10,10,2025-08-12 01:46:50+00:00,2025-08-12 01:46:50+00:00,2025-08-12 01:46:50+00:00,2025-08-14 02:00:00+00:00,0.0,2025-08-13,2025,REG,SEA,ATL,1.0663540038214347,True,,0.5291749480305961,401736321,3058895,20,14,0,True,False,matched,8.0,2025-08-13,under,0.10459212521643779,1.9803921568627452,0.9803921568627452,1.0,False,False,False
2349,813e144296ec3cd21f01c874cb55fd1e,58,Carla Leite,carlaleite,PDX,points,8.5,-130.0,100.0,10,10,2025-08-12 01:55:30+00:00,2025-08-12 01:55:30+00:00,2025-08-12 01:55:30+00:00,2025-08-12 02:00:00+00:00,0.0,2025-08-11,2025,REG,GSV,CON,1.065217391304348,True,,0.5336835053940976,401736315,5208982,129689,18,1,True,False,matched,0.0,2025-08-11,under,0.0683052882771395,2.0,1.0,1.0,False,False,False
2353,e65c3a8bc9850144d1c68d171b19ef97,120,Cecilia Zandalasini,ceciliazandalasini,GSV,threes,1.5,-132.0,100.0,10,10,2025-08-12 04:37:15+00:00,2025-08-12 04:37:15+00:00,2025-08-12 04:37:15+00:00,2025-08-13 23:30:00+00:00,0.0,2025-08-13,2025,REG,WAS,GSV,1.0689655172413794,True,,0.5356937238338165,401736319,4257500,129689,16,0,True,False,matched,6.0,2025-08-13,under,0.17145648500499616,2.0,-1.0,1.0,False,False,False
2353,b8dc1fa055bb84ceb8c6cddbcbd19e2c,149,Sug Sutton,sugsutton,DAL,points,9.5,-106.0,-122.0,10,10,2025-08-12 04:37:16+00:00,2025-08-12 04:37:16+00:00,2025-08-12 04:37:16+00:00,2025-08-13 23:30:00+00:00,0.0,2025-08-13,2025,REG,WAS,GSV,1.064112656345666,True,,0.4819416314468661,401736319,4068159,16,129689,1,True,False,matched,15.0,2025-08-13,under,0.351816190420979,1.819672131147541,-1.0,1.0,False,False,False
2353,21dfe33e9e78334ea5376bffcb96a32c,572,Kiki Iriafen,kikiiriafen,WAS,rebounds,8.5,-130.0,-102.0,10,10,2025-08-12 04:37:16+00:00,2025-08-12 04:37:16+00:00,2025-08-12 04:37:16+00:00,2025-08-13 23:30:00+00:00,0.0,2025-08-13,2025,REG,WAS,GSV,1.0701678863538528,True,,0.5312123494364493,401736319,4898384,16,129689,1,True,False,matched,10.0,2025-08-13,under,0.26957670937941575,1.9803921568627452,-1.0,1.0,False,False,False
2353,102588e7e1016118af857c9df66ae232,573,Sonia Citron,soniacitron,WAS,points,14.5,-128.0,-102.0,10,10,2025-08-12 04:37:16+00:00,2025-08-12 04:37:16+00:00,2025-08-12 04:37:16+00:00,2025-08-13 23:30:00+00:00,0.0,2025-08-13,2025,REG,WAS,GSV,1.0663540038214347,True,,0.5291749480305961,401736319,4433524,16,129689,1,True,False,matched,15.0,2025-08-13,under,0.16174772576576957,1.9803921568627452,-1.0,1.0,False,False,False
2353,c6f96f1c5aeedc1ad2feabce0dfe6efe,221,Tiffany Hayes,tiffanyhayes,GSV,points,12.5,102.0,-132.0,10,10,2025-08-12 04:37:16+00:00,2025-08-12 04:37:16+00:00,2025-08-12 04:37:16+00:00,2025-08-13 23:30:00+00:00,0.0,2025-08-13,2025,REG,WAS,GSV,1.0640150221918745,True,,0.4618487426836327,401736319,1054,129689,16,0,True,False,matched,14.0,2025-08-13,under,0.11404795056402167,1.7575757575757576,-1.0,1.0,False,False,False
2353,d433e8224247e7ff127cf5881d08ecc6,55,Veronica Burton,veronicaburton,GSV,assists,4.5,-136.0,102.0,10,10,2025-08-12 04:37:16+00:00,2025-08-12 04:37:16+00:00,2025-08-12 04:37:16+00:00,2025-08-13 23:30:00+00:00,0.0,2025-08-13,2025,REG,WAS,GSV,1.071320691391173,True,,0.5420932924427202,401736319,4398935,129689,16,0,True,False,matched,7.0,2025-08-13,under,0.11139424167502238,2.02,-1.0,1.0,False,False,False
2353,7345f2dde8a7255533164a9af27a847f,537,Janelle Salaun,janellesalaun,GSV,rebounds,4.5,-146.0,110.0,10,10,2025-08-12 04:37:16+00:00,2025-08-12 04:37:16+00:00,2025-08-12 04:37:16+00:00,2025-08-13 23:30:00+00:00,0.0,2025-08-13,2025,REG,WAS,GSV,1.0696864111498257,True,,0.5607420039050215,401736319,4790264,129689,16,0,True,False,matched,4.0,2025-08-13,under,0.10496057005892062,2.1,1.1,1.0,False,False,False
2353,24de016d50f97bb40e578f27a36987f9,72,Temi Fagbenle,temifagbenle,TOR,rebounds,5.5,118.0,-158.0,10,10,2025-08-12 04:37:16+00:00,2025-08-12 04:37:16+00:00,2025-08-12 04:37:16+00:00,2025-08-13 23:30:00+00:00,0.0,2025-08-13,2025,REG,WAS,GSV,1.0711186971054691,True,,0.42034729080094674,401736319,2569044,129689,16,0,True,False,matched,0.0,2025-08-13,under,0.051268975106809944,1.6329113924050633,0.6329113924050633,1.0,False,False,False
2352,177ff39e00c02711b3ae46e40b4cafe0,30,Kamilla Cardoso,kamillacardoso,CHI,rebounds,10.5,108.0,-144.0,10,10,2025-08-12 06:42:51+00:00,2025-08-12 06:42:51+00:00,2025-08-12 06:42:51+00:00,2025-08-13 23:00:00+00:00,0.0,2025-08-13,2025,REG,CON,CHI,1.0709331651954601,True,,0.4433154794603006,401736318,4433405,19,18,0,True,False,matched,9.0,2025-08-13,under,0.172324937585135,1.6944444444444444,0.6944444444444444,1.0,False,False,False
2352,2af094001d4b6c322624542cf436f6b6,33,Elizabeth Williams,elizabethwilliams,CHI,rebounds,7.5,116.0,-154.0,10,10,2025-08-12 06:42:51+00:00,2025-08-12 06:42:51+00:00,2025-08-12 06:42:51+00:00,2025-08-13 23:00:00+00:00,0.0,2025-08-13,2025,REG,CON,CHI,1.0692621755613883,True,,0.425792012343204,401736318,2566081,19,18,0,True,False,matched,15.0,2025-08-13,under,0.09411653071408171,1.6493506493506493,-1.0,1.0,False,False,False
2352,050ace83c7b8b07a811ed3e0c53d387c,9,Tina Charles,tinacharles,FA,points,15.5,-120.0,-108.0,10,10,2025-08-12 06:42:51+00:00,2025-08-12 06:42:51+00:00,2025-08-12 06:42:51+00:00,2025-08-13 23:00:00+00:00,0.0,2025-08-13,2025,REG,CON,CHI,1.0646853146853146,True,,0.5135396953663074,401736318,918,18,19,1,True,False,matched,15.0,2025-08-13,under,0.0762606384283877,1.925925925925926,0.925925925925926,1.0,False,False,False
2352,8ec4b1d35fdb71a09e59a0eae9d3ce86,22,Marina Mabrey,marinamabrey,TOR,rebounds,4.5,-102.0,-130.0,10,10,2025-08-12 06:42:51+00:00,2025-08-12 06:42:51+00:00,2025-08-12 06:42:51+00:00,2025-08-13 23:00:00+00:00,0.0,2025-08-13,2025,REG,CON,CHI,1.0701678863538528,True,,0.46878765056355093,401736318,3904576,18,19,1,True,False,matched,5.0,2025-08-13,under,0.05862788531711782,1.7692307692307692,-1.0,1.0,False,False,False
2354,92c53075100b426027dda7316c3355bd,166,Jewell Loyd,jewellloyd,LVA,points,11.5,-122.0,-106.0,10,10,2025-08-12 18:52:54+00:00,2025-08-12 18:52:54+00:00,2025-08-12 18:52:54+00:00,2025-08-14 01:30:00+00:00,0.0,2025-08-13,2025,REG,LVA,NYL,1.064112656345666,True,,0.518058368553134,401736320,2987869,17,9,1,True,False,matched,21.0,2025-08-13,under,0.10397986368357287,1.9433962264150944,-1.0,1.0,False,False,False
2354,ff296c6ca6ff4707e6dc54200204293c,107,Chelsea Gray,chelseagray,LVA,points,9.5,-113.0,-115.0,10,10,2025-08-12 18:52:54+00:00,2025-08-12 18:52:54+00:00,2025-08-12 18:52:54+00:00,2025-08-14 01:30:00+00:00,0.0,2025-08-13,2025,REG,LVA,NYL,1.0654001528551151,True,,0.49774423259931944,401736320,2529122,17,9,1,True,False,matched,13.0,2025-08-13,under,0.055429766455114826,1.8695652173913042,-1.0,1.0,False,False,False
2350,2be91b7cb094e4a9bdf96a11125edc7c,530,JJ Quinerly,jjquinerly,FA,threes,1.5,140.0,-170.0,24,24,2025-08-12 22:59:17+00:00,2025-08-12 22:59:17+00:00,2025-08-12 22:59:17+00:00,2025-08-12 23:30:00+00:00,0.0,2025-08-12,2025,REG,IND,DAL,1.0462962962962963,True,,0.3910947128467968,401736316,4434015,3,5,0,True,False,matched,1.0,2025-08-12,under,0.44241167753823485,1.5882352941176472,0.5882352941176472,1.0,False,False,False
2350,5b133e9cde4666c4049ab0641cacfe74,61,Maddy Siegrist,maddysiegrist,DAL,rebounds,4.5,-106.0,-125.0,10,10,2025-08-12 23:17:31+00:00,2025-08-12 23:17:31+00:00,2025-08-12 23:17:31+00:00,2025-08-12 23:30:00+00:00,0.0,2025-08-12,2025,REG,IND,DAL,1.070118662351672,True,,0.4787708928615623,401736316,4399415,3,5,0,True,False,matched,5.0,2025-08-12,under,0.1741630146979633,1.8,-1.0,1.0,False,False,False
2352,e14a2cfca955f44cc99e954f0a232e9a,43,Olivia Nelson-Ododa,olivianelsonododa,CON,rebounds,5.5,-125.0,-108.0,36,36,2025-08-13 02:11:09+00:00,2025-08-13 02:11:09+00:00,2025-08-13 02:11:09+00:00,2025-08-13 23:00:00+00:00,0.0,2025-08-13,2025,REG,CON,CHI,1.0747863247863247,True,,0.5188613535252832,401736318,4398966,18,19,1,True,False,matched,3.0,2025-08-13,under,0.18149830368179154,1.925925925925926,0.925925925925926,1.0,False,False,False
2354,6ce5f2904554668c06196af37fa8e906,141,Jonquel Jones,jonqueljones,NYL,rebounds,8.5,-152.0,114.0,10,10,2025-08-13 05:55:01+00:00,2025-08-13 05:55:01+00:00,2025-08-13 05:55:01+00:00,2025-08-14 01:30:00+00:00,0.0,2025-08-13,2025,REG,LVA,NYL,1.0704643228007713,True,,0.5703965275254933,401736320,2999101,9,17,0,True,False,matched,7.0,2025-08-13,under,0.3337375695648151,2.1399999999999997,1.1399999999999997,1.0,False,False,False
2354,db408167068f4375ec616cb4271cf84d,233,Emma Meesseman,emmameesseman,FA,points,14.5,-125.0,-104.0,10,10,2025-08-13 05:55:01+00:00,2025-08-13 05:55:01+00:00,2025-08-13 05:55:01+00:00,2025-08-14 01:30:00+00:00,0.0,2025-08-13,2025,REG,LVA,NYL,1.065359477124183,True,,0.5236312520088393,401736320,3027368,9,17,0,True,False,matched,24.0,2025-08-13,under,0.32871835184533826,1.9615384615384617,-1.0,1.0,False,False,False
2354,216b8b0e323ba9d2f086204937150e56,132,Sabrina Ionescu,sabrinaionescu,NYL,points,19.5,-125.0,-104.0,10,10,2025-08-13 05:55:01+00:00,2025-08-13 05:55:01+00:00,2025-08-13 05:55:01+00:00,2025-08-14 01:30:00+00:00,0.0,2025-08-13,2025,REG,LVA,NYL,1.065359477124183,True,,0.5236312520088393,401736320,4066533,9,17,0,True,False,matched,18.0,2025-08-13,under,0.1585933663515588,1.9615384615384617,0.9615384615384617,1.0,False,False,False
2354,100d5f0b8c3e6a0bbcadf4e7943257f8,163,Natasha Cloud,natashacloud,CHI,points,10.5,-114.0,-114.0,10,10,2025-08-13 05:55:01+00:00,2025-08-13 05:55:01+00:00,2025-08-13 05:55:01+00:00,2025-08-14 01:30:00+00:00,0.0,2025-08-13,2025,REG,LVA,NYL,1.0654205607476634,True,,0.5000000000000001,401736320,2529137,9,17,0,True,False,matched,6.0,2025-08-13,under,0.13697977552987295,1.8771929824561404,0.8771929824561404,1.0,False,False,False
2354,96558aba298bfdae2595513841878f53,147,Leonie Fiebich,leoniefiebich,NYL,points,9.5,-122.0,-106.0,10,10,2025-08-13 05:55:01+00:00,2025-08-13 05:55:01+00:00,2025-08-13 05:55:01+00:00,2025-08-14 01:30:00+00:00,0.0,2025-08-13,2025,REG,LVA,NYL,1.064112656345666,True,,0.518058368553134,401736320,4683006,9,17,0,True,False,matched,5.0,2025-08-13,under,0.1325569685814204,1.9433962264150944,0.9433962264150944,1.0,False,False,False
2355,adffe250b1359aa3fa1831e3560e3fd9,148,Brittney Griner,brittneygriner,CON,rebounds,4.5,-135.0,100.0,33,33,2025-08-13 12:36:39+00:00,2025-08-13 12:36:39+00:00,2025-08-13 12:36:39+00:00,2025-08-14 02:00:00+00:00,0.0,2025-08-13,2025,REG,SEA,ATL,1.074468085106383,True,,0.5386616051460363,401736321,2490553,20,14,0,True,False,matched,8.0,2025-08-13,under,0.059098900371337026,2.0,-1.0,1.0,False,False,False
2358,01f931de03897a0f998ab141c5c1d80b,94,Rickea Jackson,rickeajackson,CHI,threes,1.5,-138.0,104.0,10,10,2025-08-13 16:43:05+00:00,2025-08-13 16:43:05+00:00,2025-08-13 16:43:05+00:00,2025-08-15 23:30:00+00:00,0.0,2025-08-15,2025,REG,DAL,LAS,1.0700280112044818,True,,0.5464208361470752,401736324,4433630,6,3,0,True,False,matched,3.0,2025-08-15,under,0.13616104166644322,2.04,-1.0,1.0,False,False,False
2358,bec3e38acd18c5a08bc34aed9b2fe54a,528,Paige Bueckers,paigebueckers,DAL,points,19.5,-110.0,-118.0,10,10,2025-08-13 16:43:05+00:00,2025-08-13 16:43:05+00:00,2025-08-13 16:43:05+00:00,2025-08-15 23:30:00+00:00,0.0,2025-08-15,2025,REG,DAL,LAS,1.0650939274792486,True,,0.4909754767731684,401736324,4433730,3,6,1,True,False,matched,29.0,2025-08-15,under,0.06957515393867214,1.847457627118644,-1.0,1.0,False,False,False
2358,05d73e83d50988db1c0975dff537c222,101,Kelsey Plum,kelseyplum,LAS,points,19.5,-125.0,-104.0,10,10,2025-08-13 17:01:51+00:00,2025-08-13 17:01:51+00:00,2025-08-13 17:01:51+00:00,2025-08-15 23:30:00+00:00,0.0,2025-08-15,2025,REG,DAL,LAS,1.065359477124183,True,,0.5236312520088393,401736324,3065570,6,3,0,True,False,matched,28.0,2025-08-15,under,0.20695597139930155,1.9615384615384617,-1.0,1.0,False,False,False
2355,e02ed70f9ae3a17d9532455cfb0e9403,16,Naz Hillmon,nazhillmon,ATL,points,11.5,-113.0,-115.0,10,10,2025-08-13 19:53:09+00:00,2025-08-13 19:53:09+00:00,2025-08-13 19:53:09+00:00,2025-08-14 02:00:00+00:00,0.0,2025-08-13,2025,REG,SEA,ATL,1.0654001528551151,True,,0.49774423259931944,401736321,4398915,20,14,0,True,False,matched,7.0,2025-08-13,under,0.15407432953561745,1.8695652173913042,0.8695652173913042,1.0,False,False,False
2355,cc15fd129746ea50d5a4cb9e87a7b12e,570,Dominique Malonga,dominiquemalonga,SEA,points,14.5,-115.0,-115.0,12,12,2025-08-13 23:56:00+00:00,2025-08-13 23:56:00+00:00,2025-08-13 23:56:00+00:00,2025-08-14 02:00:00+00:00,0.0,2025-08-13,2025,REG,SEA,ATL,1.0697674418604652,True,,0.5,401736321,5220150,14,20,1,True,False,matched,4.0,2025-08-13,under,0.41992297479428164,1.8695652173913042,0.8695652173913042,1.0,False,False,False
2360,19a927273e363a4c28ac6790f4ed1cf3,166,Jewell Loyd,jewellloyd,LVA,points,12.5,-106.0,-122.0,10,10,2025-08-14 05:12:33+00:00,2025-08-14 05:12:33+00:00,2025-08-14 05:12:33+00:00,2025-08-16 02:00:00+00:00,0.0,2025-08-15,2025,REG,PHX,LVA,1.064112656345666,True,,0.4819416314468661,401736326,2987869,17,11,0,True,False,matched,10.0,2025-08-15,under,0.17631457428221314,1.819672131147541,0.819672131147541,1.0,False,False,False
2360,e4e7a77391ab1fdfef4ec072569fa892,107,Chelsea Gray,chelseagray,LVA,points,9.5,-115.0,-114.0,10,10,2025-08-14 05:12:33+00:00,2025-08-14 05:12:33+00:00,2025-08-14 05:12:33+00:00,2025-08-16 02:00:00+00:00,0.0,2025-08-15,2025,REG,PHX,LVA,1.0675940013040643,True,,0.5011239773424112,401736326,2529122,17,11,0,True,False,matched,16.0,2025-08-15,under,0.11261472071167983,1.8771929824561404,-1.0,1.0,False,False,False
2360,0a286d946d212c7bed6a4398ac351294,102,Jackie Young,jackieyoung,LVA,points,15.5,-122.0,-106.0,10,10,2025-08-14 05:12:34+00:00,2025-08-14 05:12:34+00:00,2025-08-14 05:12:34+00:00,2025-08-16 02:00:00+00:00,0.0,2025-08-15,2025,REG,PHX,LVA,1.064112656345666,True,,0.518058368553134,401736326,4065870,17,11,0,True,False,matched,17.0,2025-08-15,under,0.10494942167880267,1.9433962264150944,-1.0,1.0,False,False,False
2360,d159b6ded6c4c1cf35e9ae47a77177a1,103,A'ja Wilson,ajawilson,LVA,points,21.5,-125.0,-104.0,10,10,2025-08-14 05:12:34+00:00,2025-08-14 05:12:34+00:00,2025-08-14 05:12:34+00:00,2025-08-16 02:00:00+00:00,0.0,2025-08-15,2025,REG,PHX,LVA,1.065359477124183,True,,0.5236312520088393,401736326,3149391,17,11,0,True,False,matched,30.0,2025-08-15,under,0.10165142336826338,1.9615384615384617,-1.0,1.0,False,False,False
2360,bef574c72c3dc0fa24660196aeb572f8,40,Alyssa Thomas,alyssathomas,PHO,rebounds,9.5,-102.0,-130.0,10,10,2025-08-14 05:12:34+00:00,2025-08-14 05:12:34+00:00,2025-08-14 05:12:34+00:00,2025-08-16 02:00:00+00:00,0.0,2025-08-15,2025,REG,PHX,LVA,1.0701678863538528,True,,0.46878765056355093,401736326,2529140,11,17,1,True,False,matched,6.0,2025-08-15,under,0.08543134402268132,1.7692307692307692,0.7692307692307692,1.0,False,False,False
2359,fc5a5ca19f587209ff6ac78aefe8e4d4,15,Rhyne Howard,rhynehoward,ATL,assists,3.5,-174.0,130.0,10,10,2025-08-14 07:00:42+00:00,2025-08-14 07:00:42+00:00,2025-08-14 07:00:42+00:00,2025-08-16 02:00:00+00:00,0.0,2025-08-15,2025,REG,ATL,SEA,1.069819105046017,True,,0.603727082826799,401736325,4398674,20,14,1,True,False,matched,1.0,2025-08-15,under,0.42472291724962274,2.3,1.2999999999999998,1.0,False,False,False
2359,44d56b0cd6a13e5d13af4f5664729019,1,Allisha Gray,allishagray,ATL,assists,3.5,-148.0,112.0,10,10,2025-08-14 07:00:42+00:00,2025-08-14 07:00:42+00:00,2025-08-14 07:00:42+00:00,2025-08-16 02:00:00+00:00,0.0,2025-08-15,2025,REG,ATL,SEA,1.0684723067559343,True,,0.5647227530167998,401736325,3058901,20,14,1,True,False,matched,4.0,2025-08-15,under,0.09513537370543479,2.12,-1.0,1.0,False,False,False
2359,5a976c12166ec84b782580312933b4d0,175,Skylar Diggins,skylardiggins,CHI,points,12.5,-118.0,-110.0,10,10,2025-08-14 07:00:42+00:00,2025-08-14 07:00:42+00:00,2025-08-14 07:00:42+00:00,2025-08-16 02:00:00+00:00,0.0,2025-08-15,2025,REG,ATL,SEA,1.0650939274792486,True,,0.5090245232268319,401736325,2491205,14,20,0,True,False,matched,21.0,2025-08-15,under,0.08997000664141402,1.9090909090909092,-1.0,1.0,False,False,False
2359,3c5fe37e3df1c74cfa460b40f2c7a5c2,180,Nneka Ogwumike,nnekaogwumike,LAS,points,16.5,-128.0,-102.0,10,10,2025-08-14 07:05:41+00:00,2025-08-14 07:05:41+00:00,2025-08-14 07:05:41+00:00,2025-08-16 02:00:00+00:00,0.0,2025-08-15,2025,REG,ATL,SEA,1.0663540038214347,True,,0.5291749480305961,401736325,1068,14,20,0,True,False,matched,16.0,2025-08-15,under,0.16434774163799232,1.9803921568627452,0.9803921568627452,1.0,False,False,False
2359,1f9b67001a19781edc978005ed7ea547,16,Naz Hillmon,nazhillmon,ATL,rebounds,7.5,-148.0,112.0,10,10,2025-08-14 14:06:16+00:00,2025-08-14 14:06:16+00:00,2025-08-14 14:06:16+00:00,2025-08-16 02:00:00+00:00,0.0,2025-08-15,2025,REG,ATL,SEA,1.0684723067559343,True,,0.5647227530167998,401736325,4398915,20,14,1,True,False,matched,7.0,2025-08-15,under,0.20246996221081365,2.12,1.12,1.0,False,False,False
2359,773a7c7a33719d7bc56fb1506660e10e,49,Brionna Jones,brionnajones,ATL,points,11.5,-118.0,-110.0,10,10,2025-08-14 14:06:17+00:00,2025-08-14 14:06:17+00:00,2025-08-14 14:06:17+00:00,2025-08-16 02:00:00+00:00,0.0,2025-08-15,2025,REG,ATL,SEA,1.0650939274792486,True,,0.5090245232268319,401736325,3058895,20,14,1,True,False,matched,18.0,2025-08-15,under,0.09836419204792163,1.9090909090909092,-1.0,1.0,False,False,False
2359,28a571e0cc5c829d272d472a6dccd332,182,Brittney Sykes,brittneysykes,TOR,threes,1.5,164.0,-225.0,10,10,2025-08-14 14:12:35+00:00,2025-08-14 14:12:35+00:00,2025-08-14 14:12:35+00:00,2025-08-16 02:00:00+00:00,0.0,2025-08-15,2025,REG,ATL,SEA,1.0710955710955712,True,,0.33738864980507277,401736325,2988756,14,20,0,True,False,matched,1.0,2025-08-15,under,0.05533536958805557,1.4444444444444444,0.4444444444444444,1.0,False,False,False
2358,35bb535c953dbf5c1a93e84ef4aac32a,89,Dearica Hamby,dearicahamby,LAS,assists,3.5,-102.0,-130.0,10,10,2025-08-14 17:05:33+00:00,2025-08-14 17:05:33+00:00,2025-08-14 17:05:33+00:00,2025-08-15 23:30:00+00:00,0.0,2025-08-15,2025,REG,DAL,LAS,1.0701678863538528,True,,0.46878765056355093,401736324,2566106,6,3,0,True,False,matched,4.0,2025-08-15,under,0.13782059678268788,1.7692307692307692,-1.0,1.0,False,False,False
2358,4e16a144ed25a12b6a710e2f846c863f,82,Azura Stevens,azurastevens,CHI,points,13.5,-114.0,-114.0,10,10,2025-08-14 17:12:40+00:00,2025-08-14 17:12:40+00:00,2025-08-14 17:12:40+00:00,2025-08-15 23:30:00+00:00,0.0,2025-08-15,2025,REG,DAL,LAS,1.0654205607476634,True,,0.5000000000000001,401736324,3142010,6,3,0,True,False,matched,15.0,2025-08-15,under,0.0820190807014679,1.8771929824561404,-1.0,1.0,False,False,False
2358,9e92d72c89e8de3a30de0f65811df33e,95,Li Yueru,liyueru,DAL,rebounds,6.5,102.0,-136.0,10,10,2025-08-14 17:17:48+00:00,2025-08-14 17:17:48+00:00,2025-08-14 17:17:48+00:00,2025-08-15 23:30:00+00:00,0.0,2025-08-15,2025,REG,DAL,LAS,1.071320691391173,True,,0.4579067075572801,401736324,4336633,3,6,1,True,False,matched,1.0,2025-08-15,under,0.28087093317777284,1.7352941176470589,0.7352941176470589,1.0,False,False,False
2356,016db093c2ffe3f2372d5e87d3b08db7,30,Kamilla Cardoso,kamillacardoso,CHI,rebounds,10.5,-125.0,-106.0,10,10,2025-08-14 17:23:20+00:00,2025-08-14 17:23:20+00:00,2025-08-14 17:23:20+00:00,2025-08-15 23:30:00+00:00,0.0,2025-08-15,2025,REG,CHI,GSV,1.070118662351672,True,,0.5212291071384377,401736323,4433405,19,129689,1,True,False,matched,4.0,2025-08-15,under,0.3050560896416608,1.9433962264150944,0.9433962264150944,1.0,False,False,False
2356,3ed87aa1992a55310e82ae78907451ac,185,Ariel Atkins,arielatkins,LAS,points,11.5,-125.0,-104.0,10,10,2025-08-14 17:23:21+00:00,2025-08-14 17:23:21+00:00,2025-08-14 17:23:21+00:00,2025-08-15 23:30:00+00:00,0.0,2025-08-15,2025,REG,CHI,GSV,1.065359477124183,True,,0.5236312520088393,401736323,3146151,19,129689,1,True,False,matched,7.0,2025-08-15,under,0.3087979658625957,1.9615384615384617,0.9615384615384617,1.0,False,False,False
2357,0edde39ae64e6d9d34336cf31d6b8366,71,Aliyah Boston,aliyahboston,IND,assists,3.5,-166.0,124.0,10,10,2025-08-14 17:23:21+00:00,2025-08-14 17:23:21+00:00,2025-08-14 17:23:21+00:00,2025-08-15 23:30:00+00:00,0.0,2025-08-15,2025,REG,IND,WAS,1.0704887218045114,True,,0.5920365770215091,401736322,4432831,5,16,1,True,False,matched,1.0,2025-08-15,under,0.24691364564477963,2.24,1.2400000000000002,1.0,False,False,False
2356,39bacb859420f024457785c54838eeb5,537,Janelle Salaun,janellesalaun,GSV,rebounds,4.5,-112.0,-118.0,10,10,2025-08-14 17:23:21+00:00,2025-08-14 17:23:21+00:00,2025-08-14 17:23:21+00:00,2025-08-15 23:30:00+00:00,0.0,2025-08-15,2025,REG,CHI,GSV,1.0695862904621776,True,,0.49327872882454105,401736323,4790264,129689,19,0,True,False,matched,6.0,2025-08-15,under,0.07968867696612092,1.847457627118644,-1.0,1.0,False,False,False
2357,ea48a626090976acf1460ebe0e6d43d6,156,Sophie Cunningham,sophiecunningham,IND,threes,2.5,138.0,-186.0,10,10,2025-08-14 17:28:08+00:00,2025-08-14 17:28:08+00:00,2025-08-14 17:28:08+00:00,2025-08-15 23:30:00+00:00,0.0,2025-08-15,2025,REG,IND,WAS,1.070517717576541,True,,0.3807086475713989,401736322,3907781,5,16,1,True,False,matched,2.0,2025-08-15,under,0.10351525401092848,1.5376344086021505,0.5376344086021505,1.0,False,False,False
2356,4a81cb998d2759ea4b4020958ab9336b,221,Tiffany Hayes,tiffanyhayes,GSV,points,12.5,-108.0,-120.0,10,10,2025-08-14 17:28:08+00:00,2025-08-14 17:28:08+00:00,2025-08-14 17:28:08+00:00,2025-08-15 23:30:00+00:00,0.0,2025-08-15,2025,REG,CHI,GSV,1.0646853146853146,True,,0.48646030463369283,401736323,1054,129689,19,0,True,False,matched,13.0,2025-08-15,under,0.05558475798433926,1.8333333333333335,-1.0,1.0,False,False,False
2357,45e5ce5049879f4a6998c9f259de90e4,70,Kelsey Mitchell,kelseymitchell,IND,assists,4.5,104.0,-138.0,10,10,2025-08-14 17:28:09+00:00,2025-08-14 17:28:09+00:00,2025-08-14 17:28:09+00:00,2025-08-15 23:30:00+00:00,0.0,2025-08-15,2025,REG,IND,WAS,1.0700280112044818,True,,0.4535791638529251,401736322,3142191,5,16,1,True,False,matched,9.0,2025-08-15,under,0.1867123925420726,1.7246376811594204,-1.0,1.0,False,False,False
2357,913ff130bdb70dc83fa759a2dfc68e04,573,Sonia Citron,soniacitron,WAS,points,16.5,100.0,-130.0,10,10,2025-08-14 17:28:09+00:00,2025-08-14 17:28:09+00:00,2025-08-14 17:28:09+00:00,2025-08-15 23:30:00+00:00,0.0,2025-08-15,2025,REG,IND,WAS,1.065217391304348,True,,0.4663164946059025,401736322,4433524,16,5,0,True,False,matched,21.0,2025-08-15,under,0.12732203051120372,1.7692307692307692,-1.0,1.0,False,False,False
2356,d99b05c0f50b1bc16d44515ebbca43d5,55,Veronica Burton,veronicaburton,GSV,threes,1.5,130.0,-174.0,10,10,2025-08-14 17:32:59+00:00,2025-08-14 17:32:59+00:00,2025-08-14 17:32:59+00:00,2025-08-15 23:30:00+00:00,0.0,2025-08-15,2025,REG,CHI,GSV,1.069819105046017,True,,0.3962729171732011,401736323,4398935,129689,19,0,True,False,matched,2.0,2025-08-15,over,0.07827861325776231,2.3,1.2999999999999998,1.0,False,False,False
2357,ad8a81c59aae92d527f96d02ff826a29,149,Sug Sutton,sugsutton,DAL,assists,3.5,-168.0,126.0,10,10,2025-08-14 17:32:59+00:00,2025-08-14 17:32:59+00:00,2025-08-14 17:32:59+00:00,2025-08-15 23:30:00+00:00,0.0,2025-08-15,2025,REG,IND,WAS,1.0693435477479856,True,,0.5954775535118485,401736322,4068159,16,5,0,True,False,matched,4.0,2025-08-15,under,0.05422009670756134,2.26,-1.0,1.0,False,False,False
2356,26da9881f548003f4896e7deb2080e05,36,Rachel Banham,rachelbanham,CHI,points,10.5,-128.0,-102.0,10,10,2025-08-14 17:33:00+00:00,2025-08-14 17:33:00+00:00,2025-08-14 17:33:00+00:00,2025-08-15 23:30:00+00:00,0.0,2025-08-15,2025,REG,CHI,GSV,1.0663540038214347,True,,0.5291749480305961,401736323,2566186,19,129689,1,True,False,matched,15.0,2025-08-15,under,0.15137064893445457,1.9803921568627452,-1.0,1.0,False,False,False
2357,9c20c263fb6e4dd4b11edb934b0d4c85,572,Kiki Iriafen,kikiiriafen,WAS,points,14.5,100.0,-130.0,10,10,2025-08-14 17:33:00+00:00,2025-08-14 17:33:00+00:00,2025-08-14 17:33:00+00:00,2025-08-15 23:30:00+00:00,0.0,2025-08-15,2025,REG,IND,WAS,1.065217391304348,True,,0.4663164946059025,401736322,4898384,16,5,0,True,False,matched,18.0,2025-08-15,under,0.0882119781420661,1.7692307692307692,-1.0,1.0,False,False,False
2356,1fcdf1386061555e96ce85305353c3b8,33,Elizabeth Williams,elizabethwilliams,CHI,rebounds,7.5,-136.0,102.0,10,10,2025-08-14 17:33:01+00:00,2025-08-14 17:33:01+00:00,2025-08-14 17:33:01+00:00,2025-08-15 23:30:00+00:00,0.0,2025-08-15,2025,REG,CHI,GSV,1.071320691391173,True,,0.5420932924427202,401736323,2566081,19,129689,1,True,False,matched,5.0,2025-08-15,under,0.2551691466549322,2.02,1.02,1.0,False,False,False
2358,e8c0bb57de6ee10a579f570b9110d344,87,Cameron Brink,cameronbrink,LAS,points,6.5,-114.0,-114.0,10,10,2025-08-14 20:03:49+00:00,2025-08-14 20:03:49+00:00,2025-08-14 20:03:49+00:00,2025-08-15 23:30:00+00:00,0.0,2025-08-15,2025,REG,DAL,LAS,1.0654205607476634,True,,0.5000000000000001,401736324,4433404,6,3,0,True,False,matched,3.0,2025-08-15,under,0.3488561205490059,1.8771929824561404,0.8771929824561404,1.0,False,False,False
2361,5580a9513e32e99b39dd440a4e454dc8,132,Sabrina Ionescu,sabrinaionescu,NYL,points,18.5,-110.0,-118.0,10,10,2025-08-14 20:19:29+00:00,2025-08-14 20:19:29+00:00,2025-08-14 20:19:29+00:00,2025-08-16 18:00:00+00:00,0.0,2025-08-16,2025,REG,MIN,NYL,1.0650939274792486,True,,0.4909754767731684,401736327,4066533,9,8,0,True,False,matched,13.0,2025-08-16,under,0.15712768738498117,1.847457627118644,0.847457627118644,1.0,False,False,False
2361,1034e43c65755b6e7515b2a61c1c7230,125,Kayla McBride,kaylamcbride,MIN,threes,2.5,-132.0,100.0,10,10,2025-08-14 20:19:29+00:00,2025-08-14 20:19:29+00:00,2025-08-14 20:19:29+00:00,2025-08-16 18:00:00+00:00,0.0,2025-08-16,2025,REG,MIN,NYL,1.0689655172413794,True,,0.5356937238338165,401736327,2529205,8,9,1,True,False,matched,2.0,2025-08-16,under,0.15341751775993784,2.0,1.0,1.0,False,False,False
2361,e53599f86154d31691bb897c6894ec62,117,Courtney Williams,courtneywilliams,MIN,points,14.5,-125.0,-104.0,10,10,2025-08-14 20:27:38+00:00,2025-08-14 20:27:38+00:00,2025-08-14 20:27:38+00:00,2025-08-16 18:00:00+00:00,0.0,2025-08-16,2025,REG,MIN,NYL,1.065359477124183,True,,0.5236312520088393,401736327,2987891,8,9,1,True,False,matched,26.0,2025-08-16,under,0.20580308224433452,1.9615384615384617,-1.0,1.0,False,False,False
2361,f50b1f51ea26b916d57cb061d18f9916,121,Alanna Smith,alannasmith,DAL,points,12.5,-104.0,-125.0,10,10,2025-08-14 20:27:38+00:00,2025-08-14 20:27:38+00:00,2025-08-14 20:27:38+00:00,2025-08-16 18:00:00+00:00,0.0,2025-08-16,2025,REG,MIN,NYL,1.065359477124183,True,,0.4763687479911608,401736327,3913881,8,9,1,True,False,matched,14.0,2025-08-16,under,0.16995775539124686,1.8,-1.0,1.0,False,False,False
2361,3d52ef1616284b4c30872e6a10b43d1d,233,Emma Meesseman,emmameesseman,FA,points,15.5,104.0,-135.0,10,10,2025-08-14 20:27:38+00:00,2025-08-14 20:27:38+00:00,2025-08-14 20:27:38+00:00,2025-08-16 18:00:00+00:00,0.0,2025-08-16,2025,REG,MIN,NYL,1.0646641635377556,True,,0.45648742045938223,401736327,3027368,9,8,0,True,False,matched,10.0,2025-08-16,under,0.16237707593911122,1.7407407407407407,0.7407407407407407,1.0,False,False,False
2361,26aeb8c84cc7464413eb777219adc3e7,141,Jonquel Jones,jonqueljones,NYL,points,13.5,-118.0,-110.0,10,10,2025-08-14 20:27:38+00:00,2025-08-14 20:27:38+00:00,2025-08-14 20:27:38+00:00,2025-08-16 18:00:00+00:00,0.0,2025-08-16,2025,REG,MIN,NYL,1.0650939274792486,True,,0.5090245232268319,401736327,2999101,9,8,0,True,False,matched,17.0,2025-08-16,under,0.118379945855903,1.9090909090909092,-1.0,1.0,False,False,False
2361,c666fef5c0246b3fa86188d5521cbc56,163,Natasha Cloud,natashacloud,CHI,points,9.5,-102.0,-125.0,10,10,2025-08-14 20:27:38+00:00,2025-08-14 20:27:38+00:00,2025-08-14 20:27:38+00:00,2025-08-16 18:00:00+00:00,0.0,2025-08-16,2025,REG,MIN,NYL,1.0605060506050605,True,,0.4739312186711749,401736327,2529137,9,8,0,True,False,matched,10.0,2025-08-16,under,0.056844501393473745,1.8,-1.0,1.0,False,False,False
2356,60a8e0f586eb514e68f4bb37515b5001,120,Cecilia Zandalasini,ceciliazandalasini,GSV,points,10.5,-118.0,-110.0,10,10,2025-08-15 00:33:38+00:00,2025-08-15 00:33:38+00:00,2025-08-15 00:33:38+00:00,2025-08-15 23:30:00+00:00,0.0,2025-08-15,2025,REG,CHI,GSV,1.0650939274792486,True,,0.5090245232268319,401736323,4257500,129689,19,0,True,False,matched,20.0,2025-08-15,under,0.08697975167253647,1.9090909090909092,-1.0,1.0,False,False,False
2361,5efcf318658f13b98605af38b44dc352,48,DiJonai Carrington,dijonaicarrington,CHI,points,10.5,100.0,-130.0,10,10,2025-08-15 01:02:27+00:00,2025-08-15 01:02:27+00:00,2025-08-15 01:02:27+00:00,2025-08-16 18:00:00+00:00,0.0,2025-08-16,2025,REG,MIN,NYL,1.065217391304348,True,,0.4663164946059025,401736327,4066548,8,9,1,True,False,matched,4.0,2025-08-16,under,0.09670915335437286,1.7692307692307692,0.7692307692307692,1.0,False,False,False
2361,033162ee40adf199413c441203ad9859,116,Jessica Shepard,jessicashepard,DAL,rebounds,8.5,-112.0,-118.0,10,10,2025-08-15 01:08:45+00:00,2025-08-15 01:08:45+00:00,2025-08-15 01:08:45+00:00,2025-08-16 18:00:00+00:00,0.0,2025-08-16,2025,REG,MIN,NYL,1.0695862904621776,True,,0.49327872882454105,401736327,3906949,8,9,1,True,False,matched,10.0,2025-08-16,under,0.38039321250810265,1.847457627118644,-1.0,1.0,False,False,False
2358,c9f5a416936e1d3fdd9c39908f28a10b,10,Haley Jones,haleyjones,DAL,points,8.5,-130.0,100.0,19,19,2025-08-15 13:19:28+00:00,2025-08-15 13:19:28+00:00,2025-08-15 13:19:28+00:00,2025-08-15 23:30:00+00:00,0.0,2025-08-15,2025,REG,DAL,LAS,1.065217391304348,True,,0.5336835053940976,401736324,4595910,3,6,1,True,False,matched,4.0,2025-08-15,under,0.2803206790687495,2.0,1.0,1.0,False,False,False
2360,635a66a7220d64421c87eb6cc04f4f6d,73,NaLyssa Smith,nalyssasmith,LVA,rebounds,5.5,-179.0,134.0,60,60,2025-08-15 18:09:33+00:00,2025-08-15 18:09:33+00:00,2025-08-15 18:09:33+00:00,2025-08-16 02:00:00+00:00,0.0,2025-08-15,2025,REG,PHX,LVA,1.068927488282327,True,,0.6109147511387446,401736326,4398776,17,11,0,True,False,matched,9.0,2025-08-15,under,0.09384726563365453,2.34,-1.0,1.0,False,False,False
2358,fe474ee618491b0523210669bd6c3772,84,Julie Allemand,julieallemand,TOR,rebounds,4.5,102.0,-136.0,10,10,2025-08-15 21:27:01+00:00,2025-08-15 21:27:01+00:00,2025-08-15 21:27:01+00:00,2025-08-15 23:30:00+00:00,0.0,2025-08-15,2025,REG,DAL,LAS,1.071320691391173,True,,0.4579067075572801,401736324,4001679,6,3,0,True,False,matched,4.0,2025-08-15,under,0.08683413791859879,1.7352941176470589,0.7352941176470589,1.0,False,False,False
2358,a567464f0802bb083d1282a98de7187c,61,Maddy Siegrist,maddysiegrist,DAL,rebounds,4.5,-158.0,118.0,10,10,2025-08-15 22:47:17+00:00,2025-08-15 22:47:17+00:00,2025-08-15 22:47:17+00:00,2025-08-15 23:30:00+00:00,0.0,2025-08-15,2025,REG,DAL,LAS,1.0711186971054691,True,,0.5796527091990534,401736324,4399415,3,6,1,True,False,matched,3.0,2025-08-15,under,0.12573619958371357,2.1799999999999997,1.1799999999999997,1.0,False,False,False
2357,31f08995e95c25945f62d41667c555fc,76,Lexie Hull,lexiehull,IND,points,8.5,-114.0,-114.0,10,10,2025-08-15 23:08:50+00:00,2025-08-15 23:08:50+00:00,2025-08-15 23:08:50+00:00,2025-08-15 23:30:00+00:00,0.0,2025-08-15,2025,REG,IND,WAS,1.0654205607476634,True,,0.5000000000000001,401736322,4398829,5,16,1,True,False,matched,7.0,2025-08-15,under,0.4517573025472007,1.8771929824561404,0.8771929824561404,1.0,False,False,False
2365,b90c0a399ecf99e92b6dd71ead794c82,40,Alyssa Thomas,alyssathomas,PHO,assists,8.5,-128.0,-104.0,10,10,2025-08-16 05:42:16+00:00,2025-08-16 05:42:16+00:00,2025-08-16 05:42:16+00:00,2025-08-17 22:00:00+00:00,0.0,2025-08-17,2025,REG,SEA,PHX,1.0712074303405572,True,,0.5267388899028808,401736331,2529140,11,14,0,True,False,matched,11.0,2025-08-17,under,0.08436116271180882,1.9615384615384617,-1.0,1.0,False,False,False
2362,5cedc1d953566b6ca4ccda13d82e5c2d,70,Kelsey Mitchell,kelseymitchell,IND,assists,5.5,128.0,-172.0,10,10,2025-08-16 05:47:14+00:00,2025-08-16 05:47:14+00:00,2025-08-16 05:47:14+00:00,2025-08-17 17:00:00+00:00,0.0,2025-08-17,2025,REG,CON,IND,1.0709494324045408,True,,0.39957653069922067,401736329,3142191,5,18,0,True,False,matched,6.0,2025-08-17,under,0.31273626183370334,1.5813953488372094,-1.0,1.0,False,False,False
2362,1c1c0165dded96df463ad6a71628dd2a,76,Lexie Hull,lexiehull,IND,rebounds,4.5,108.0,-144.0,10,10,2025-08-16 05:47:14+00:00,2025-08-16 05:47:14+00:00,2025-08-16 05:47:14+00:00,2025-08-17 17:00:00+00:00,0.0,2025-08-17,2025,REG,CON,IND,1.0709331651954601,True,,0.4433154794603006,401736329,4398829,5,18,0,True,False,matched,7.0,2025-08-17,under,0.1774316211257264,1.6944444444444444,-1.0,1.0,False,False,False
2362,022969a234b1906b59f4d779ebfdef94,71,Aliyah Boston,aliyahboston,IND,points,14.5,-108.0,-120.0,10,10,2025-08-16 05:47:14+00:00,2025-08-16 05:47:14+00:00,2025-08-16 05:47:14+00:00,2025-08-17 17:00:00+00:00,0.0,2025-08-17,2025,REG,CON,IND,1.0646853146853146,True,,0.48646030463369283,401736329,4432831,5,18,0,True,False,matched,14.0,2025-08-17,under,0.09523062004609423,1.8333333333333335,0.8333333333333335,1.0,False,False,False
2362,4f6bee35c4751783cfbe9c804fa47d5f,156,Sophie Cunningham,sophiecunningham,IND,points,10.5,100.0,-130.0,10,10,2025-08-16 05:47:14+00:00,2025-08-16 05:47:14+00:00,2025-08-16 05:47:14+00:00,2025-08-17 17:00:00+00:00,0.0,2025-08-17,2025,REG,CON,IND,1.065217391304348,True,,0.4663164946059025,401736329,3907781,5,18,0,True,False,matched,0.0,2025-08-17,under,0.061248500309820986,1.7692307692307692,0.7692307692307692,1.0,False,False,False
2365,4923c000638f21a6ba698cccbbb73078,54,Satou Sabally,satousabally,NYL,points,15.5,-122.0,-104.0,10,10,2025-08-16 05:47:15+00:00,2025-08-16 05:47:15+00:00,2025-08-16 05:47:15+00:00,2025-08-17 22:00:00+00:00,0.0,2025-08-17,2025,REG,SEA,PHX,1.059353471118177,True,,0.5204616807260106,401736331,4281929,11,14,0,True,False,matched,11.0,2025-08-17,under,0.19900812299249537,1.9615384615384617,0.9615384615384617,1.0,False,False,False
2365,3b8a29ba465bee0538e664dbada9db07,155,Kahleah Copper,kahleahcopper,PHO,points,15.5,-125.0,-104.0,10,10,2025-08-16 05:47:15+00:00,2025-08-16 05:47:15+00:00,2025-08-16 05:47:15+00:00,2025-08-17 22:00:00+00:00,0.0,2025-08-17,2025,REG,SEA,PHX,1.065359477124183,True,,0.5236312520088393,401736331,2998938,11,14,0,True,False,matched,17.0,2025-08-17,under,0.14914001336740357,1.9615384615384617,-1.0,1.0,False,False,False
2365,dd7229bbea128348e0bd37423e5d795f,182,Brittney Sykes,brittneysykes,TOR,points,13.5,-130.0,100.0,10,10,2025-08-16 05:47:15+00:00,2025-08-16 05:47:15+00:00,2025-08-16 05:47:15+00:00,2025-08-17 22:00:00+00:00,0.0,2025-08-17,2025,REG,SEA,PHX,1.065217391304348,True,,0.5336835053940976,401736331,2988756,14,11,1,True,False,matched,11.0,2025-08-17,under,0.12476252591911274,2.0,1.0,1.0,False,False,False
2362,0770ebede5af58d31eecc694214db561,9,Tina Charles,tinacharles,FA,points,15.5,-114.0,-114.0,10,10,2025-08-16 05:47:15+00:00,2025-08-16 05:47:15+00:00,2025-08-16 05:47:15+00:00,2025-08-17 17:00:00+00:00,0.0,2025-08-17,2025,REG,CON,IND,1.0654205607476634,True,,0.5000000000000001,401736329,918,18,5,1,True,False,matched,21.0,2025-08-17,under,0.1233453620705467,1.8771929824561404,-1.0,1.0,False,False,False
2365,47a5850bcea5cfd75790c66851794d79,175,Skylar Diggins,skylardiggins,CHI,points,13.5,-102.0,-128.0,10,10,2025-08-16 05:47:15+00:00,2025-08-16 05:47:15+00:00,2025-08-16 05:47:15+00:00,2025-08-17 22:00:00+00:00,0.0,2025-08-17,2025,REG,SEA,PHX,1.0663540038214347,True,,0.47082505196940394,401736331,2491205,14,11,1,True,False,matched,14.0,2025-08-17,under,0.0908749050984195,1.78125,-1.0,1.0,False,False,False
2362,4592037335223fc5aeba16d862217c4e,56,Natasha Howard,natashahoward,MIN,points,12.5,106.0,-138.0,10,10,2025-08-16 05:47:15+00:00,2025-08-16 05:47:15+00:00,2025-08-16 05:47:15+00:00,2025-08-17 17:00:00+00:00,0.0,2025-08-17,2025,REG,CON,IND,1.0652688259769927,True,,0.4512435291926419,401736329,2529130,5,18,0,True,False,matched,18.0,2025-08-17,under,0.08091128930329611,1.7246376811594204,-1.0,1.0,False,False,False
2362,c7c44dd40cf9a90a8df16390b7117f6c,39,Leila Lacan,leilalacan,CON,points,9.5,104.0,-135.0,10,10,2025-08-16 05:47:15+00:00,2025-08-16 05:47:15+00:00,2025-08-16 05:47:15+00:00,2025-08-17 17:00:00+00:00,0.0,2025-08-17,2025,REG,CON,IND,1.0646641635377556,True,,0.45648742045938223,401736329,5208981,18,5,1,True,False,matched,7.0,2025-08-17,over,0.06240432772677451,2.04,-1.0,1.0,False,False,False
2365,c2053934ab8656a0a620da264f9485d2,176,Ezi Magbegor,ezimagbegor,SEA,rebounds,5.5,110.0,-146.0,10,10,2025-08-16 05:53:05+00:00,2025-08-16 05:53:05+00:00,2025-08-16 05:53:05+00:00,2025-08-17 22:00:00+00:00,0.0,2025-08-17,2025,REG,SEA,PHX,1.0696864111498257,True,,0.4392579960949788,401736331,4420318,14,11,1,True,False,matched,7.0,2025-08-17,over,0.07799588213158976,2.1,1.1,1.0,False,False,False
2365,fc5f8d291c9420a4a4d1cb926b32a68d,45,DeWanna Bonner,dewannabonner,PHO,rebounds,4.5,134.0,-180.0,10,10,2025-08-16 05:53:05+00:00,2025-08-16 05:53:05+00:00,2025-08-16 05:53:05+00:00,2025-08-17 22:00:00+00:00,0.0,2025-08-17,2025,REG,SEA,PHX,1.0702075702075702,True,,0.38834080463047865,401736331,869,11,14,0,True,False,matched,1.0,2025-08-17,over,0.07023570709311433,2.34,-1.0,1.0,False,False,False
2363,01f8624339e0f9632dd45b4f7df6ffe1,84,Julie Allemand,julieallemand,TOR,rebounds,4.5,-148.0,112.0,10,10,2025-08-16 05:58:30+00:00,2025-08-16 05:58:30+00:00,2025-08-16 05:58:30+00:00,2025-08-17 19:00:00+00:00,0.0,2025-08-17,2025,REG,WAS,LAS,1.0684723067559343,True,,0.5647227530167998,401736328,4001679,6,16,0,True,False,matched,2.0,2025-08-17,under,0.3831550107959602,2.12,1.12,1.0,False,False,False
2363,40161b3c816a858f1a28141b43aea1c3,101,Kelsey Plum,kelseyplum,LAS,points,18.5,-135.0,104.0,10,10,2025-08-16 05:58:30+00:00,2025-08-16 05:58:30+00:00,2025-08-16 05:58:30+00:00,2025-08-17 19:00:00+00:00,0.0,2025-08-17,2025,REG,WAS,LAS,1.0646641635377556,True,,0.5435125795406177,401736328,3065570,6,16,0,True,False,matched,25.0,2025-08-17,under,0.2546952063138449,2.04,-1.0,1.0,False,False,False
2363,0ae0a7341b731493d410ccef57ff8aee,87,Cameron Brink,cameronbrink,LAS,points,5.5,-114.0,-114.0,10,10,2025-08-16 05:58:30+00:00,2025-08-16 05:58:30+00:00,2025-08-16 05:58:30+00:00,2025-08-17 19:00:00+00:00,0.0,2025-08-17,2025,REG,WAS,LAS,1.0654205607476634,True,,0.5000000000000001,401736328,4433404,6,16,0,True,False,matched,0.0,2025-08-17,under,0.24570348196230452,1.8771929824561404,0.8771929824561404,1.0,False,False,False
2363,31cc8aef383fb34b09bea2196d1ca691,94,Rickea Jackson,rickeajackson,CHI,points,15.5,-118.0,-110.0,10,10,2025-08-16 05:58:30+00:00,2025-08-16 05:58:30+00:00,2025-08-16 05:58:30+00:00,2025-08-17 19:00:00+00:00,0.0,2025-08-17,2025,REG,WAS,LAS,1.0650939274792486,True,,0.5090245232268319,401736328,4433630,6,16,0,True,False,matched,17.0,2025-08-17,under,0.19883900185787712,1.9090909090909092,-1.0,1.0,False,False,False
2363,45f9fb439f9640ce976657ec8b4ab752,573,Sonia Citron,soniacitron,WAS,assists,3.5,-108.0,-122.0,10,10,2025-08-16 05:58:30+00:00,2025-08-16 05:58:30+00:00,2025-08-16 05:58:30+00:00,2025-08-17 19:00:00+00:00,0.0,2025-08-17,2025,REG,WAS,LAS,1.0687803187803186,True,,0.48431040390879443,401736328,4433524,16,6,1,True,False,matched,3.0,2025-08-17,under,0.17905643960170986,1.819672131147541,0.819672131147541,1.0,False,False,False
2363,269899fd29e5b89f152b846a71f81f0c,149,Sug Sutton,sugsutton,DAL,points,9.5,-108.0,-120.0,10,10,2025-08-16 05:58:30+00:00,2025-08-16 05:58:30+00:00,2025-08-16 05:58:30+00:00,2025-08-17 19:00:00+00:00,0.0,2025-08-17,2025,REG,WAS,LAS,1.0646853146853146,True,,0.48646030463369283,401736328,4068159,16,6,1,True,False,matched,8.0,2025-08-17,under,0.12253651991375519,1.8333333333333335,0.8333333333333335,1.0,False,False,False
2363,b9e698bf0cdb29286dee43c7bd7bb3f3,89,Dearica Hamby,dearicahamby,LAS,assists,2.5,-182.0,136.0,10,10,2025-08-16 05:58:30+00:00,2025-08-16 05:58:30+00:00,2025-08-16 05:58:30+00:00,2025-08-17 19:00:00+00:00,0.0,2025-08-17,2025,REG,WAS,LAS,1.0691188844813078,True,,0.6147799949652675,401736328,2566106,6,16,0,True,False,matched,7.0,2025-08-17,under,0.10063407527352708,2.3600000000000003,-1.0,1.0,False,False,False
2363,f3463b7171b261164670c6b50ddab17b,82,Azura Stevens,azurastevens,CHI,points,13.5,100.0,-130.0,10,10,2025-08-16 05:58:30+00:00,2025-08-16 05:58:30+00:00,2025-08-16 05:58:30+00:00,2025-08-17 19:00:00+00:00,0.0,2025-08-17,2025,REG,WAS,LAS,1.065217391304348,True,,0.4663164946059025,401736328,3142010,6,16,0,True,False,matched,6.0,2025-08-17,under,0.07069459943441009,1.7692307692307692,0.7692307692307692,1.0,False,False,False
2363,cfd835aa2390f65c1c7ca759a895c74e,572,Kiki Iriafen,kikiiriafen,WAS,rebounds,9.5,-108.0,-122.0,10,10,2025-08-16 05:58:31+00:00,2025-08-16 05:58:31+00:00,2025-08-16 05:58:31+00:00,2025-08-17 19:00:00+00:00,0.0,2025-08-17,2025,REG,WAS,LAS,1.0687803187803186,True,,0.48431040390879443,401736328,4898384,16,6,1,True,False,matched,10.0,2025-08-17,under,0.1744030831891159,1.819672131147541,-1.0,1.0,False,False,False
2366,95ba5ad3fcf445ce09ff377bb7d701a8,55,Veronica Burton,veronicaburton,GSV,points,10.5,-122.0,-106.0,10,10,2025-08-16 05:58:31+00:00,2025-08-16 05:58:31+00:00,2025-08-16 05:58:31+00:00,2025-08-18 00:30:00+00:00,0.0,2025-08-17,2025,REG,GSV,ATL,1.064112656345666,True,,0.518058368553134,401736332,4398935,129689,20,1,True,False,matched,16.0,2025-08-17,under,0.057956050919369784,1.9433962264150944,-1.0,1.0,False,False,False
2366,ee8a6d5ebc320039495291929b173035,120,Cecilia Zandalasini,ceciliazandalasini,GSV,points,13.5,-113.0,-115.0,10,10,2025-08-16 05:58:32+00:00,2025-08-16 05:58:32+00:00,2025-08-16 05:58:32+00:00,2025-08-18 00:30:00+00:00,0.0,2025-08-17,2025,REG,GSV,ATL,1.0654001528551151,True,,0.49774423259931944,401736332,4257500,129689,20,1,True,False,matched,11.0,2025-08-17,under,0.36966629624067787,1.8695652173913042,0.8695652173913042,1.0,False,False,False
2366,a18005aab3be3a64c5a660fd48e477d3,15,Rhyne Howard,rhynehoward,ATL,rebounds,3.5,-168.0,126.0,10,10,2025-08-16 05:58:32+00:00,2025-08-16 05:58:32+00:00,2025-08-16 05:58:32+00:00,2025-08-18 00:30:00+00:00,0.0,2025-08-17,2025,REG,GSV,ATL,1.0693435477479856,True,,0.5954775535118485,401736332,4398674,20,129689,0,True,False,matched,5.0,2025-08-17,under,0.1992809564707752,2.26,-1.0,1.0,False,False,False
2366,07cf000142f6d8c3a2b1a2083d2cd0a4,1,Allisha Gray,allishagray,ATL,assists,3.5,-122.0,-108.0,10,10,2025-08-16 05:58:32+00:00,2025-08-16 05:58:32+00:00,2025-08-16 05:58:32+00:00,2025-08-18 00:30:00+00:00,0.0,2025-08-17,2025,REG,GSV,ATL,1.0687803187803186,True,,0.5156895960912058,401736332,3058901,20,129689,0,True,False,matched,4.0,2025-08-17,under,0.19451352518109116,1.925925925925926,-1.0,1.0,False,False,False
2366,4c2325968038f0952aff2f294c167878,49,Brionna Jones,brionnajones,ATL,points,11.5,-106.0,-122.0,10,10,2025-08-16 05:58:32+00:00,2025-08-16 05:58:32+00:00,2025-08-16 05:58:32+00:00,2025-08-18 00:30:00+00:00,0.0,2025-08-17,2025,REG,GSV,ATL,1.064112656345666,True,,0.4819416314468661,401736332,3058895,20,129689,0,True,False,matched,13.0,2025-08-17,under,0.1290401529430058,1.819672131147541,-1.0,1.0,False,False,False
2366,88cd132171417133b01b8bf2dec4a6dc,537,Janelle Salaun,janellesalaun,GSV,points,11.5,-102.0,-128.0,10,10,2025-08-16 05:58:32+00:00,2025-08-16 05:58:32+00:00,2025-08-16 05:58:32+00:00,2025-08-18 00:30:00+00:00,0.0,2025-08-17,2025,REG,GSV,ATL,1.0663540038214347,True,,0.47082505196940394,401736332,4790264,129689,20,1,True,False,matched,5.0,2025-08-17,under,0.08680114024168994,1.78125,0.78125,1.0,False,False,False
2366,960eebaa3742f89c341b39dfeb165cee,221,Tiffany Hayes,tiffanyhayes,GSV,threes,1.5,164.0,-225.0,10,10,2025-08-16 05:58:32+00:00,2025-08-16 05:58:32+00:00,2025-08-16 05:58:32+00:00,2025-08-18 00:30:00+00:00,0.0,2025-08-17,2025,REG,GSV,ATL,1.0710955710955712,True,,0.33738864980507277,401736332,1054,129689,20,1,True,False,matched,1.0,2025-08-17,over,0.07483059104456335,2.6399999999999997,-1.0,1.0,False,False,False
2364,4b1260dad00162f6498a782f0ca8e20f,103,A'ja Wilson,ajawilson,LVA,rebounds,11.5,-132.0,100.0,10,10,2025-08-16 06:51:25+00:00,2025-08-16 06:51:25+00:00,2025-08-16 06:51:25+00:00,2025-08-17 19:30:00+00:00,0.0,2025-08-17,2025,REG,LVA,DAL,1.0689655172413794,True,,0.5356937238338165,401736330,3149391,17,3,1,True,False,matched,8.0,2025-08-17,under,0.17100599711344627,2.0,1.0,1.0,False,False,False
2364,448073b69582152c559ba69f71aa86cb,528,Paige Bueckers,paigebueckers,DAL,points,18.5,-130.0,100.0,10,10,2025-08-16 06:57:01+00:00,2025-08-16 06:57:01+00:00,2025-08-16 06:57:01+00:00,2025-08-17 19:30:00+00:00,0.0,2025-08-17,2025,REG,LVA,DAL,1.065217391304348,True,,0.5336835053940976,401736330,4433730,3,17,0,True,False,matched,18.0,2025-08-17,under,0.19028536278692737,2.0,1.0,1.0,False,False,False
2364,cb144173bc026a921fb4306e08fce6c1,61,Maddy Siegrist,maddysiegrist,DAL,points,13.5,-125.0,-104.0,10,10,2025-08-16 13:20:57+00:00,2025-08-16 13:20:57+00:00,2025-08-16 13:20:57+00:00,2025-08-17 19:30:00+00:00,0.0,2025-08-17,2025,REG,LVA,DAL,1.065359477124183,True,,0.5236312520088393,401736330,4399415,3,17,0,True,False,matched,23.0,2025-08-17,under,0.3263261621609081,1.9615384615384617,-1.0,1.0,False,False,False
2362,764a68c03e88e87cbbc27ca03a9c7c92,274,Bria Hartley,briahartley,FA,points,9.5,120.0,-170.0,33,33,2025-08-16 13:54:32+00:00,2025-08-16 13:54:32+00:00,2025-08-16 13:54:32+00:00,2025-08-17 17:00:00+00:00,0.0,2025-08-17,2025,REG,CON,IND,1.0841750841750841,True,,0.40856326639475826,401736329,2529185,18,5,1,True,False,matched,4.0,2025-08-17,under,0.07934693409764582,1.5882352941176472,0.5882352941176472,1.0,False,False,False
2361,ac6c34a487833717fa98c141e0c35d4a,147,Leonie Fiebich,leoniefiebich,NYL,threes,1.5,120.0,-150.0,24,24,2025-08-16 14:43:11+00:00,2025-08-16 14:43:11+00:00,2025-08-16 14:43:11+00:00,2025-08-16 18:00:00+00:00,0.0,2025-08-16,2025,REG,MIN,NYL,1.0545454545454547,True,,0.4253013906678685,401736327,4683006,9,8,0,True,False,matched,1.0,2025-08-16,under,0.0814193274935931,1.6666666666666665,0.6666666666666665,1.0,False,False,False
2364,d73d26fb7e5d562fe93911768af3a36a,529,Luisa Geiselsoder,luisageiselsoder,PDX,points,9.5,182.0,-256.0,60,60,2025-08-17 13:58:48+00:00,2025-08-17 13:58:48+00:00,2025-08-17 13:58:48+00:00,2025-08-17 19:30:00+00:00,0.0,2025-08-17,2025,REG,LVA,DAL,1.0737110526735196,True,,0.3105869476001152,401736330,4682797,3,17,0,True,False,matched,7.0,2025-08-17,under,0.05433108568564429,1.390625,0.390625,1.0,False,False,False
2362,b5a6b46ac3f15d4035983efd16dec6db,293,Odyssey Sims,odysseysims,DAL,assists,5.5,165.0,-217.0,60,60,2025-08-17 16:55:47+00:00,2025-08-17 16:55:47+00:00,2025-08-17 16:55:47+00:00,2025-08-17 17:00:00+00:00,0.0,2025-08-17,2025,REG,CON,IND,1.0619010773168265,True,,0.34151668831412246,401736329,2529047,5,18,0,True,False,matched,7.0,2025-08-17,under,0.2541781985886073,1.4608294930875576,-1.0,1.0,False,False,False
2366,e505c9c0e74254cbf037290644aaad09,16,Naz Hillmon,nazhillmon,ATL,rebounds,7.5,-130.0,-102.0,10,10,2025-08-17 21:16:12+00:00,2025-08-17 21:16:12+00:00,2025-08-17 21:16:12+00:00,2025-08-18 00:30:00+00:00,0.0,2025-08-17,2025,REG,GSV,ATL,1.0701678863538528,True,,0.5312123494364493,401736332,4398915,20,129689,0,True,False,matched,5.0,2025-08-17,under,0.31586057119349614,1.9803921568627452,0.9803921568627452,1.0,False,False,False
2371,1cf497be4c3b750023f509283153c905,103,A'ja Wilson,ajawilson,LVA,points,24.5,-118.0,-110.0,10,10,2025-08-18 04:34:25+00:00,2025-08-18 04:34:25+00:00,2025-08-18 04:34:25+00:00,2025-08-20 02:00:00+00:00,0.0,2025-08-19,2025,REG,LVA,ATL,1.0650939274792486,True,,0.5090245232268319,401736336,3149391,17,20,1,True,False,matched,32.0,2025-08-19,under,0.20213586254421506,1.9090909090909092,-1.0,1.0,False,False,False
2371,a02b6f952d074e7d1a905c80eb2fb6c5,15,Rhyne Howard,rhynehoward,ATL,assists,3.5,-172.0,128.0,10,10,2025-08-18 04:34:25+00:00,2025-08-18 04:34:25+00:00,2025-08-18 04:34:25+00:00,2025-08-20 02:00:00+00:00,0.0,2025-08-19,2025,REG,LVA,ATL,1.0709494324045408,True,,0.6004234693007796,401736336,4398674,20,17,0,True,False,matched,6.0,2025-08-19,under,0.19570141304940075,2.2800000000000002,-1.0,1.0,False,False,False
2371,3090de123abda3e4753c335ae2150e7e,102,Jackie Young,jackieyoung,LVA,points,16.5,-104.0,-125.0,10,10,2025-08-18 04:34:25+00:00,2025-08-18 04:34:25+00:00,2025-08-18 04:34:25+00:00,2025-08-20 02:00:00+00:00,0.0,2025-08-19,2025,REG,LVA,ATL,1.065359477124183,True,,0.4763687479911608,401736336,4065870,17,20,1,True,False,matched,16.0,2025-08-19,under,0.13603818361484982,1.8,0.8,1.0,False,False,False
2371,446d98c008858e771e709a1da0f7df2f,166,Jewell Loyd,jewellloyd,LVA,points,11.5,-125.0,-104.0,10,10,2025-08-18 04:39:41+00:00,2025-08-18 04:39:41+00:00,2025-08-18 04:39:41+00:00,2025-08-20 02:00:00+00:00,0.0,2025-08-19,2025,REG,LVA,ATL,1.065359477124183,True,,0.5236312520088393,401736336,2987869,17,20,1,True,False,matched,7.0,2025-08-19,under,0.19928119149878376,1.9615384615384617,0.9615384615384617,1.0,False,False,False
2371,a53defb9150fd5181034319d06551c3c,107,Chelsea Gray,chelseagray,LVA,assists,5.5,118.0,-158.0,10,10,2025-08-18 04:39:42+00:00,2025-08-18 04:39:42+00:00,2025-08-18 04:39:42+00:00,2025-08-20 02:00:00+00:00,0.0,2025-08-19,2025,REG,LVA,ATL,1.0711186971054691,True,,0.42034729080094674,401736336,2529122,17,20,1,True,False,matched,11.0,2025-08-19,over,0.10545363127349983,2.1799999999999997,1.1799999999999997,1.0,False,False,False
2367,9d2662e1bd295e524d1ad2dd4e2d781d,233,Emma Meesseman,emmameesseman,FA,points,13.5,-120.0,-110.0,10,10,2025-08-18 04:48:58+00:00,2025-08-18 04:48:58+00:00,2025-08-18 04:48:58+00:00,2025-08-19 23:00:00+00:00,0.0,2025-08-19,2025,REG,NYL,MIN,1.0692640692640691,True,,0.5112040114787568,401736333,3027368,9,8,1,True,False,matched,13.0,2025-08-19,under,0.1722887177693197,1.9090909090909092,0.9090909090909092,1.0,False,False,False
2367,f35080b5b9f67420faf171f4bbe16949,141,Jonquel Jones,jonqueljones,NYL,rebounds,8.5,-108.0,-122.0,10,10,2025-08-18 04:48:58+00:00,2025-08-18 04:48:58+00:00,2025-08-18 04:48:58+00:00,2025-08-19 23:00:00+00:00,0.0,2025-08-19,2025,REG,NYL,MIN,1.0687803187803186,True,,0.48431040390879443,401736333,2999101,9,8,1,True,False,matched,10.0,2025-08-19,under,0.1262471665909891,1.819672131147541,-1.0,1.0,False,False,False
2367,122a11aa5e37fe1c466c078d8f2440e3,163,Natasha Cloud,natashacloud,CHI,points,9.5,-115.0,-113.0,10,10,2025-08-18 04:48:58+00:00,2025-08-18 04:48:58+00:00,2025-08-18 04:48:58+00:00,2025-08-19 23:00:00+00:00,0.0,2025-08-19,2025,REG,NYL,MIN,1.0654001528551151,True,,0.5022557674006809,401736333,2529137,9,8,1,True,False,matched,10.0,2025-08-19,under,0.10378618793726241,1.8849557522123894,-1.0,1.0,False,False,False
2367,eb0b34e59d35318a7b9f88e41a2dc1c1,125,Kayla McBride,kaylamcbride,MIN,threes,2.5,-130.0,-102.0,10,10,2025-08-18 04:55:09+00:00,2025-08-18 04:55:09+00:00,2025-08-18 04:55:09+00:00,2025-08-19 23:00:00+00:00,0.0,2025-08-19,2025,REG,NYL,MIN,1.0701678863538528,True,,0.5312123494364493,401736333,2529205,8,9,0,True,False,matched,1.0,2025-08-19,under,0.15030103825494512,1.9803921568627452,0.9803921568627452,1.0,False,False,False
2367,ac30d3ca29981adc409f36133a838ee1,116,Jessica Shepard,jessicashepard,DAL,rebounds,8.5,112.0,-148.0,10,10,2025-08-18 04:55:09+00:00,2025-08-18 04:55:09+00:00,2025-08-18 04:55:09+00:00,2025-08-19 23:00:00+00:00,0.0,2025-08-19,2025,REG,NYL,MIN,1.0684723067559343,True,,0.43527724698320036,401736333,3906949,8,9,0,True,False,matched,10.0,2025-08-19,under,0.13781914803583217,1.6756756756756757,-1.0,1.0,False,False,False
2367,dff21b7358c26fb25430732eb2bc1f92,117,Courtney Williams,courtneywilliams,MIN,points,14.5,-128.0,-102.0,10,10,2025-08-18 04:55:09+00:00,2025-08-18 04:55:09+00:00,2025-08-18 04:55:09+00:00,2025-08-19 23:00:00+00:00,0.0,2025-08-19,2025,REG,NYL,MIN,1.0663540038214347,True,,0.5291749480305961,401736333,2987891,8,9,0,True,False,matched,17.0,2025-08-19,under,0.11312539899389074,1.9803921568627452,-1.0,1.0,False,False,False
2367,866418474a51c00a99132fad7a5e5f4d,121,Alanna Smith,alannasmith,DAL,threes,1.5,100.0,-132.0,10,10,2025-08-18 04:55:09+00:00,2025-08-18 04:55:09+00:00,2025-08-18 04:55:09+00:00,2025-08-19 23:00:00+00:00,0.0,2025-08-19,2025,REG,NYL,MIN,1.0689655172413794,True,,0.46430627616618364,401736333,3913881,8,9,0,True,False,matched,0.0,2025-08-19,under,0.058510647374914126,1.7575757575757576,0.7575757575757576,1.0,False,False,False
2369,fafae4ab4472487e78a660ab7eb80d00,30,Kamilla Cardoso,kamillacardoso,CHI,rebounds,10.5,-106.0,-125.0,10,10,2025-08-18 05:00:12+00:00,2025-08-18 05:00:12+00:00,2025-08-18 05:00:12+00:00,2025-08-20 00:00:00+00:00,0.0,2025-08-19,2025,REG,CHI,SEA,1.070118662351672,True,,0.4787708928615623,401736335,4433405,19,14,1,True,False,matched,6.0,2025-08-19,under,0.24315728149673577,1.8,0.8,1.0,False,False,False
2369,42530bfdc10dbb4ee7a89502a6d131a6,182,Brittney Sykes,brittneysykes,TOR,rebounds,3.5,-136.0,102.0,10,10,2025-08-18 05:00:12+00:00,2025-08-18 05:00:12+00:00,2025-08-18 05:00:12+00:00,2025-08-20 00:00:00+00:00,0.0,2025-08-19,2025,REG,CHI,SEA,1.071320691391173,True,,0.5420932924427202,401736335,2988756,14,19,0,True,False,matched,4.0,2025-08-19,under,0.1863429826345962,2.02,-1.0,1.0,False,False,False
2369,4f0e316f273da21d8024e8dcd28685f5,208,Gabby Williams,gabbywilliams,GSV,assists,4.5,-106.0,-125.0,10,10,2025-08-18 05:00:12+00:00,2025-08-18 05:00:12+00:00,2025-08-18 05:00:12+00:00,2025-08-20 00:00:00+00:00,0.0,2025-08-19,2025,REG,CHI,SEA,1.070118662351672,True,,0.4787708928615623,401736335,3142328,14,19,0,True,False,matched,5.0,2025-08-19,under,0.1706471640709753,1.8,-1.0,1.0,False,False,False
2369,fb957826c13a77a4c9b0d74d6a71cd0d,175,Skylar Diggins,skylardiggins,CHI,points,14.5,-110.0,-120.0,10,10,2025-08-18 05:00:12+00:00,2025-08-18 05:00:12+00:00,2025-08-18 05:00:12+00:00,2025-08-20 00:00:00+00:00,0.0,2025-08-19,2025,REG,CHI,SEA,1.0692640692640691,True,,0.4887959885212434,401736335,2491205,14,19,0,True,False,matched,24.0,2025-08-19,under,0.10441339339126599,1.8333333333333335,-1.0,1.0,False,False,False
2369,6ca2ced74ef789212cf0744f3a1e69fd,180,Nneka Ogwumike,nnekaogwumike,LAS,rebounds,7.5,-104.0,-128.0,10,10,2025-08-18 05:00:12+00:00,2025-08-18 05:00:12+00:00,2025-08-18 05:00:12+00:00,2025-08-20 00:00:00+00:00,0.0,2025-08-19,2025,REG,CHI,SEA,1.0712074303405572,True,,0.4732611100971195,401736335,1068,14,19,0,True,False,matched,6.0,2025-08-19,under,0.057369341270247454,1.78125,0.78125,1.0,False,False,False
2368,ed655c7714749c6371b0dade6659a828,573,Sonia Citron,soniacitron,WAS,points,16.5,-118.0,-110.0,10,10,2025-08-18 05:05:22+00:00,2025-08-18 05:05:22+00:00,2025-08-18 05:05:22+00:00,2025-08-19 23:30:00+00:00,0.0,2025-08-19,2025,REG,WAS,CON,1.0650939274792486,True,,0.5090245232268319,401736334,4433524,16,18,1,True,False,matched,19.0,2025-08-19,under,0.17451475468952504,1.9090909090909092,-1.0,1.0,False,False,False
2368,6b51d0720fd2470cfa9a078e8a91f342,572,Kiki Iriafen,kikiiriafen,WAS,rebounds,8.5,-152.0,114.0,10,10,2025-08-18 05:05:22+00:00,2025-08-18 05:05:22+00:00,2025-08-18 05:05:22+00:00,2025-08-19 23:30:00+00:00,0.0,2025-08-19,2025,REG,WAS,CON,1.0704643228007713,True,,0.5703965275254933,401736334,4898384,16,18,1,True,False,matched,12.0,2025-08-19,under,0.1448027570949107,2.1399999999999997,-1.0,1.0,False,False,False
2368,7202b62ef0f2fc83eb469fd42491a926,9,Tina Charles,tinacharles,FA,points,15.5,-114.0,-114.0,10,10,2025-08-18 05:05:23+00:00,2025-08-18 05:05:23+00:00,2025-08-18 05:05:23+00:00,2025-08-19 23:30:00+00:00,0.0,2025-08-19,2025,REG,WAS,CON,1.0654205607476634,True,,0.5000000000000001,401736334,918,18,16,0,True,False,matched,13.0,2025-08-19,under,0.08894856118298466,1.8771929824561404,0.8771929824561404,1.0,False,False,False
2370,136d34985c5631639c8cccd4ff615f7f,54,Satou Sabally,satousabally,NYL,points,15.5,-128.0,-102.0,10,10,2025-08-18 05:21:22+00:00,2025-08-18 05:21:22+00:00,2025-08-18 05:21:22+00:00,2025-08-20 02:00:00+00:00,0.0,2025-08-19,2025,REG,GSV,PHX,1.0663540038214347,True,,0.5291749480305961,401736337,4281929,11,129689,0,True,False,matched,17.0,2025-08-19,under,0.20911634576048582,1.9803921568627452,-1.0,1.0,False,False,False
2370,a56a4ccad199342280e61151701ad4e1,40,Alyssa Thomas,alyssathomas,PHO,rebounds,8.5,-138.0,104.0,10,10,2025-08-18 05:21:22+00:00,2025-08-18 05:21:22+00:00,2025-08-18 05:21:22+00:00,2025-08-20 02:00:00+00:00,0.0,2025-08-19,2025,REG,GSV,PHX,1.0700280112044818,True,,0.5464208361470752,401736337,2529140,11,129689,0,True,False,matched,9.0,2025-08-19,under,0.20214392845957607,2.04,-1.0,1.0,False,False,False
2370,9f280773fa89696664a03de98fe82d74,55,Veronica Burton,veronicaburton,GSV,threes,1.5,162.0,-220.0,10,10,2025-08-18 05:21:22+00:00,2025-08-18 05:21:22+00:00,2025-08-18 05:21:22+00:00,2025-08-20 02:00:00+00:00,0.0,2025-08-19,2025,REG,GSV,PHX,1.069179389312977,True,,0.3415656920936278,401736337,4398935,129689,11,1,True,False,matched,2.0,2025-08-19,over,0.14972213590494965,2.62,1.62,1.0,False,False,False
2370,20231cdb531bfac7e235effb537164bc,155,Kahleah Copper,kahleahcopper,PHO,points,15.5,-125.0,-104.0,10,10,2025-08-18 05:21:23+00:00,2025-08-18 05:21:23+00:00,2025-08-18 05:21:23+00:00,2025-08-20 02:00:00+00:00,0.0,2025-08-19,2025,REG,GSV,PHX,1.065359477124183,True,,0.5236312520088393,401736337,2998938,11,129689,0,True,False,matched,25.0,2025-08-19,under,0.24103831722778335,1.9615384615384617,-1.0,1.0,False,False,False
2372,253ce4a7b0bc2a553bf11238c13416a4,87,Cameron Brink,cameronbrink,LAS,points,5.5,-102.0,-125.0,10,10,2025-08-18 17:46:34+00:00,2025-08-18 17:46:34+00:00,2025-08-18 17:46:34+00:00,2025-08-21 02:00:00+00:00,0.0,2025-08-20,2025,REG,LAS,DAL,1.0605060506050605,True,,0.4739312186711749,401736338,4433404,6,3,1,True,False,matched,11.0,2025-08-20,under,0.13521127235302333,1.8,-1.0,1.0,False,False,False
2372,e803d502bc517f5d4e4ca43d8b9616d9,528,Paige Bueckers,paigebueckers,DAL,points,18.5,-128.0,-102.0,10,10,2025-08-18 17:46:34+00:00,2025-08-18 17:46:34+00:00,2025-08-18 17:46:34+00:00,2025-08-21 02:00:00+00:00,0.0,2025-08-20,2025,REG,LAS,DAL,1.0663540038214347,True,,0.5291749480305961,401736338,4433730,3,6,0,True,False,matched,44.0,2025-08-20,under,0.08218817973320214,1.9803921568627452,-1.0,1.0,False,False,False
2367,2f658ae7f34f96c2c65b163d5eda2961,147,Leonie Fiebich,leoniefiebich,NYL,rebounds,3.5,116.0,-154.0,10,10,2025-08-19 00:46:55+00:00,2025-08-19 00:46:55+00:00,2025-08-19 00:46:55+00:00,2025-08-19 23:00:00+00:00,0.0,2025-08-19,2025,REG,NYL,MIN,1.0692621755613883,True,,0.425792012343204,401736333,4683006,9,8,1,True,False,matched,5.0,2025-08-19,over,0.08161691757833339,2.16,1.1600000000000001,1.0,False,False,False
2370,8151ec8eaadb50de7051e70c153ba721,45,DeWanna Bonner,dewannabonner,PHO,points,10.5,-125.0,-104.0,10,10,2025-08-19 01:01:46+00:00,2025-08-19 01:01:46+00:00,2025-08-19 01:01:46+00:00,2025-08-20 02:00:00+00:00,0.0,2025-08-19,2025,REG,GSV,PHX,1.065359477124183,True,,0.5236312520088393,401736337,869,11,129689,0,True,False,matched,12.0,2025-08-19,under,0.18356154533436653,1.9615384615384617,-1.0,1.0,False,False,False
2372,2992b6dd07eff45e057dc3a841c3013e,10,Haley Jones,haleyjones,DAL,points,8.5,-114.0,-114.0,10,10,2025-08-19 01:25:33+00:00,2025-08-19 01:25:33+00:00,2025-08-19 01:25:33+00:00,2025-08-21 02:00:00+00:00,0.0,2025-08-20,2025,REG,LAS,DAL,1.0654205607476634,True,,0.5000000000000001,401736338,4595910,3,6,0,True,False,matched,3.0,2025-08-20,under,0.2547380581274364,1.8771929824561404,0.8771929824561404,1.0,False,False,False
2372,550a5f7950565c536f9b18ae5552fede,61,Maddy Siegrist,maddysiegrist,DAL,points,13.5,-128.0,-102.0,10,10,2025-08-19 01:25:33+00:00,2025-08-19 01:25:33+00:00,2025-08-19 01:25:33+00:00,2025-08-21 02:00:00+00:00,0.0,2025-08-20,2025,REG,LAS,DAL,1.0663540038214347,True,,0.5291749480305961,401736338,4399415,3,6,0,True,False,matched,13.0,2025-08-20,under,0.19048662094394153,1.9803921568627452,0.9803921568627452,1.0,False,False,False
2372,cb77ef75abbe647ec293046150fb3316,82,Azura Stevens,azurastevens,CHI,rebounds,6.5,-154.0,116.0,10,10,2025-08-19 01:25:33+00:00,2025-08-19 01:25:33+00:00,2025-08-19 01:25:33+00:00,2025-08-21 02:00:00+00:00,0.0,2025-08-20,2025,REG,LAS,DAL,1.0692621755613883,True,,0.574207987656796,401736338,3142010,6,3,1,True,False,matched,8.0,2025-08-20,under,0.07587888982886304,2.16,-1.0,1.0,False,False,False
2372,95b1ae86e383afc4ef1ae1dd734e6952,84,Julie Allemand,julieallemand,TOR,rebounds,4.5,102.0,-136.0,10,10,2025-08-19 01:30:20+00:00,2025-08-19 01:30:20+00:00,2025-08-19 01:30:20+00:00,2025-08-21 02:00:00+00:00,0.0,2025-08-20,2025,REG,LAS,DAL,1.071320691391173,True,,0.4579067075572801,401736338,4001679,6,3,1,True,False,matched,3.0,2025-08-20,under,0.13544711888262106,1.7352941176470589,0.7352941176470589,1.0,False,False,False
2369,bb712334d64fa2eb8158662954f73b35,570,Dominique Malonga,dominiquemalonga,SEA,rebounds,5.5,-140.0,110.0,12,12,2025-08-19 10:30:43+00:00,2025-08-19 10:30:43+00:00,2025-08-19 10:30:43+00:00,2025-08-20 00:00:00+00:00,0.0,2025-08-19,2025,REG,CHI,SEA,1.0595238095238093,True,,0.555167954788897,401736335,5220150,14,19,0,True,False,matched,7.0,2025-08-19,under,0.05160225339574542,2.1,-1.0,1.0,False,False,False
2371,1faf6afd169c79e1db8682c674a2ca12,16,Naz Hillmon,nazhillmon,ATL,rebounds,7.5,130.0,-166.0,12,12,2025-08-19 10:36:53+00:00,2025-08-19 10:36:53+00:00,2025-08-19 10:36:53+00:00,2025-08-20 02:00:00+00:00,0.0,2025-08-19,2025,REG,LVA,ATL,1.058842759071592,True,,0.4025592895517053,401736336,4398915,20,17,0,True,False,matched,4.0,2025-08-19,under,0.08328827656772636,1.6024096385542168,0.6024096385542168,1.0,False,False,False
2369,c628b1ca7081083629b871b5dcdd6425,26,Angel Reese,angelreese,ATL,rebounds,9.5,116.0,-154.0,10,10,2025-08-19 16:59:30+00:00,2025-08-19 16:59:30+00:00,2025-08-19 16:59:30+00:00,2025-08-20 00:00:00+00:00,0.0,2025-08-19,2025,REG,CHI,SEA,1.0692621755613883,True,,0.425792012343204,401736335,4433402,19,14,1,True,False,matched,7.0,2025-08-19,over,0.4681427776163444,2.16,-1.0,1.0,False,False,False
2370,0ce631171b623ce5d43d738d695376ed,58,Carla Leite,carlaleite,PDX,points,8.5,-113.0,-115.0,10,10,2025-08-20 01:50:05+00:00,2025-08-20 01:50:05+00:00,2025-08-20 01:50:05+00:00,2025-08-20 02:00:00+00:00,0.0,2025-08-19,2025,REG,GSV,PHX,1.0654001528551151,True,,0.49774423259931944,401736337,5208982,129689,11,1,True,False,matched,15.0,2025-08-19,under,0.31080286100911586,1.8695652173913042,-1.0,1.0,False,False,False
2373,0f91502e9827b7597e228345fa41ca5e,196,Shakira Austin,shakiraaustin,WAS,points,13.5,-128.0,-102.0,10,10,2025-08-20 04:27:04+00:00,2025-08-20 04:27:04+00:00,2025-08-20 04:27:04+00:00,2025-08-21 23:00:00+00:00,0.0,2025-08-21,2025,REG,CON,WAS,1.0663540038214347,True,,0.5291749480305961,401736339,4398911,16,18,0,True,False,matched,6.0,2025-08-21,under,0.19547178661816483,1.9803921568627452,0.9803921568627452,1.0,False,False,False
2373,823b1e4c1091e4f5aa6176d4d39e962f,572,Kiki Iriafen,kikiiriafen,WAS,rebounds,8.5,-152.0,114.0,10,10,2025-08-20 04:27:04+00:00,2025-08-20 04:27:04+00:00,2025-08-20 04:27:04+00:00,2025-08-21 23:00:00+00:00,0.0,2025-08-21,2025,REG,CON,WAS,1.0704643228007713,True,,0.5703965275254933,401736339,4898384,16,18,0,True,False,matched,10.0,2025-08-21,under,0.18157874210793967,2.1399999999999997,-1.0,1.0,False,False,False
2373,f15abec3a9a6e5623b8e20f49f76eefe,573,Sonia Citron,soniacitron,WAS,points,15.5,-125.0,-104.0,10,10,2025-08-20 04:27:04+00:00,2025-08-20 04:27:04+00:00,2025-08-20 04:27:04+00:00,2025-08-21 23:00:00+00:00,0.0,2025-08-21,2025,REG,CON,WAS,1.065359477124183,True,,0.5236312520088393,401736339,4433524,16,18,0,True,False,matched,15.0,2025-08-21,under,0.17456476031772372,1.9615384615384617,0.9615384615384617,1.0,False,False,False
2373,0399364bb6f59fff2b9d40b265493abd,149,Sug Sutton,sugsutton,DAL,assists,4.5,-114.0,-114.0,10,10,2025-08-20 04:27:04+00:00,2025-08-20 04:27:04+00:00,2025-08-20 04:27:04+00:00,2025-08-21 23:00:00+00:00,0.0,2025-08-21,2025,REG,CON,WAS,1.0654205607476634,True,,0.5000000000000001,401736339,4068159,16,18,0,True,False,matched,6.0,2025-08-21,under,0.1146601684938221,1.8771929824561404,-1.0,1.0,False,False,False
2374,af876899f8c57e3205c6ff1361c7dc19,185,Ariel Atkins,arielatkins,LAS,points,14.5,102.0,-132.0,10,10,2025-08-20 05:27:16+00:00,2025-08-20 05:27:16+00:00,2025-08-20 05:27:16+00:00,2025-08-21 23:00:00+00:00,0.0,2025-08-21,2025,REG,NYL,CHI,1.0640150221918745,True,,0.4618487426836327,401736340,3146151,19,9,0,True,False,matched,19.0,2025-08-21,under,0.2500138726638861,1.7575757575757576,-1.0,1.0,False,False,False
2374,0df02d8958c287fe5a0c6abe1759cf18,233,Emma Meesseman,emmameesseman,FA,points,14.5,-122.0,-106.0,10,10,2025-08-20 05:27:16+00:00,2025-08-20 05:27:16+00:00,2025-08-20 05:27:16+00:00,2025-08-21 23:00:00+00:00,0.0,2025-08-21,2025,REG,NYL,CHI,1.064112656345666,True,,0.518058368553134,401736340,3027368,9,19,1,True,False,matched,5.0,2025-08-21,under,0.20131365450614386,1.9433962264150944,0.9433962264150944,1.0,False,False,False
2374,e3d7a3c2b526e9f15b7591ebf04c3c79,141,Jonquel Jones,jonqueljones,NYL,points,15.5,-102.0,-128.0,10,10,2025-08-20 05:27:16+00:00,2025-08-20 05:27:16+00:00,2025-08-20 05:27:16+00:00,2025-08-21 23:00:00+00:00,0.0,2025-08-21,2025,REG,NYL,CHI,1.0663540038214347,True,,0.47082505196940394,401736340,2999101,9,19,1,True,False,matched,25.0,2025-08-21,under,0.09758354771258487,1.78125,-1.0,1.0,False,False,False
2374,46907761d5c3e8462828a1915f8eac95,132,Sabrina Ionescu,sabrinaionescu,NYL,points,18.5,-115.0,-113.0,10,10,2025-08-20 05:27:16+00:00,2025-08-20 05:27:16+00:00,2025-08-20 05:27:16+00:00,2025-08-21 23:00:00+00:00,0.0,2025-08-21,2025,REG,NYL,CHI,1.0654001528551151,True,,0.5022557674006809,401736340,4066533,9,19,1,True,False,matched,16.0,2025-08-21,under,0.09508550492062401,1.8849557522123894,0.8849557522123894,1.0,False,False,False
2374,3a74ccbc48d30dc5a7ca6529030440fc,163,Natasha Cloud,natashacloud,CHI,points,9.5,-122.0,-106.0,10,10,2025-08-20 05:27:16+00:00,2025-08-20 05:27:16+00:00,2025-08-20 05:27:16+00:00,2025-08-21 23:00:00+00:00,0.0,2025-08-21,2025,REG,NYL,CHI,1.064112656345666,True,,0.518058368553134,401736340,2529137,9,19,1,True,False,matched,14.0,2025-08-21,under,0.058464531878252735,1.9433962264150944,-1.0,1.0,False,False,False
2376,6054e629fc10e17aeb8cc41b2f65c23e,107,Chelsea Gray,chelseagray,LVA,rebounds,3.5,-152.0,114.0,10,10,2025-08-20 05:46:38+00:00,2025-08-20 05:46:38+00:00,2025-08-20 05:46:38+00:00,2025-08-22 02:00:00+00:00,0.0,2025-08-21,2025,REG,LVA,PHX,1.0704643228007713,True,,0.5703965275254933,401736342,2529122,17,11,1,True,False,matched,3.0,2025-08-21,under,0.2031185402987531,2.1399999999999997,1.1399999999999997,1.0,False,False,False
2376,2bbfda2ed98be8a16946d5cc48544972,54,Satou Sabally,satousabally,NYL,points,15.5,-120.0,-108.0,10,10,2025-08-20 05:46:38+00:00,2025-08-20 05:46:38+00:00,2025-08-20 05:46:38+00:00,2025-08-22 02:00:00+00:00,0.0,2025-08-21,2025,REG,LVA,PHX,1.0646853146853146,True,,0.5135396953663074,401736342,4281929,11,17,0,True,False,matched,15.0,2025-08-21,under,0.1434395991301528,1.925925925925926,0.925925925925926,1.0,False,False,False
2376,af8f4253d67c6532f12d6b848c80265d,102,Jackie Young,jackieyoung,LVA,rebounds,4.5,-128.0,-104.0,10,10,2025-08-20 05:46:38+00:00,2025-08-20 05:46:38+00:00,2025-08-20 05:46:38+00:00,2025-08-22 02:00:00+00:00,0.0,2025-08-21,2025,REG,LVA,PHX,1.0712074303405572,True,,0.5267388899028808,401736342,4065870,17,11,1,True,False,matched,5.0,2025-08-21,under,0.1018814323436299,1.9615384615384617,-1.0,1.0,False,False,False
2376,02f0b6e889774279609c8a234ef4ff00,103,A'ja Wilson,ajawilson,LVA,rebounds,11.5,-136.0,102.0,10,10,2025-08-20 05:46:39+00:00,2025-08-20 05:46:39+00:00,2025-08-20 05:46:39+00:00,2025-08-22 02:00:00+00:00,0.0,2025-08-21,2025,REG,LVA,PHX,1.071320691391173,True,,0.5420932924427202,401736342,3149391,17,11,1,True,False,matched,13.0,2025-08-21,under,0.17974135478323305,2.02,-1.0,1.0,False,False,False
2376,3d7c34cd49817f9bcde0771f791b5e44,155,Kahleah Copper,kahleahcopper,PHO,rebounds,3.5,-158.0,118.0,10,10,2025-08-20 05:46:39+00:00,2025-08-20 05:46:39+00:00,2025-08-20 05:46:39+00:00,2025-08-22 02:00:00+00:00,0.0,2025-08-21,2025,REG,LVA,PHX,1.0711186971054691,True,,0.5796527091990534,401736342,2998938,11,17,0,True,False,matched,2.0,2025-08-21,under,0.14773355719398162,2.1799999999999997,1.1799999999999997,1.0,False,False,False
2376,335192c15c77366ae134a87332c5089b,166,Jewell Loyd,jewellloyd,LVA,points,11.5,-114.0,-115.0,10,10,2025-08-20 05:46:39+00:00,2025-08-20 05:46:39+00:00,2025-08-20 05:46:39+00:00,2025-08-22 02:00:00+00:00,0.0,2025-08-21,2025,REG,LVA,PHX,1.0675940013040643,True,,0.49887602265758907,401736342,2987869,17,11,1,True,False,matched,5.0,2025-08-21,under,0.11637362376879745,1.8695652173913042,0.8695652173913042,1.0,False,False,False
2376,561fc4f46e8979357979565f88875174,40,Alyssa Thomas,alyssathomas,PHO,assists,8.5,-138.0,104.0,10,10,2025-08-20 05:46:39+00:00,2025-08-20 05:46:39+00:00,2025-08-20 05:46:39+00:00,2025-08-22 02:00:00+00:00,0.0,2025-08-21,2025,REG,LVA,PHX,1.0700280112044818,True,,0.5464208361470752,401736342,2529140,11,17,0,True,False,matched,6.0,2025-08-21,under,0.06738080665050744,2.04,1.04,1.0,False,False,False
2375,4d1f3cb905114a2696f03410bd4cf558,125,Kayla McBride,kaylamcbride,MIN,points,14.5,-110.0,-118.0,10,10,2025-08-20 06:44:45+00:00,2025-08-20 06:44:45+00:00,2025-08-20 06:44:45+00:00,2025-08-21 23:30:00+00:00,0.0,2025-08-21,2025,REG,ATL,MIN,1.0650939274792486,True,,0.4909754767731684,401736341,2529205,8,20,0,True,False,matched,15.0,2025-08-21,under,0.170440259679906,1.847457627118644,-1.0,1.0,False,False,False
2375,02a937853ff88170b3d6e604043ded6d,1,Allisha Gray,allishagray,ATL,threes,1.5,-188.0,140.0,10,10,2025-08-20 06:44:45+00:00,2025-08-20 06:44:45+00:00,2025-08-20 06:44:45+00:00,2025-08-21 23:30:00+00:00,0.0,2025-08-21,2025,REG,ATL,MIN,1.0694444444444444,True,,0.6222928210344938,401736341,3058901,20,8,1,True,False,matched,3.0,2025-08-21,under,0.05860661952074153,2.4,-1.0,1.0,False,False,False
2375,e08ba2b084a5b4a7365453d4fa434787,15,Rhyne Howard,rhynehoward,ATL,points,15.5,-113.0,-115.0,10,10,2025-08-20 06:44:46+00:00,2025-08-20 06:44:46+00:00,2025-08-20 06:44:46+00:00,2025-08-21 23:30:00+00:00,0.0,2025-08-21,2025,REG,ATL,MIN,1.0654001528551151,True,,0.49774423259931944,401736341,4398674,20,8,1,True,False,matched,16.0,2025-08-21,under,0.07868140978713645,1.8695652173913042,-1.0,1.0,False,False,False
2375,aabf766671e6b41f4f8e496d9e93a9d6,117,Courtney Williams,courtneywilliams,MIN,points,14.5,-102.0,-128.0,10,10,2025-08-20 06:51:08+00:00,2025-08-20 06:51:08+00:00,2025-08-20 06:51:08+00:00,2025-08-21 23:30:00+00:00,0.0,2025-08-21,2025,REG,ATL,MIN,1.0663540038214347,True,,0.47082505196940394,401736341,2987891,8,20,0,True,False,matched,6.0,2025-08-21,under,0.06730580564995298,1.78125,0.78125,1.0,False,False,False
2375,2344646ab37c79341007c1026bbe4edd,121,Alanna Smith,alannasmith,DAL,points,10.5,-118.0,-110.0,10,10,2025-08-20 16:33:17+00:00,2025-08-20 16:33:17+00:00,2025-08-20 16:33:17+00:00,2025-08-21 23:30:00+00:00,0.0,2025-08-21,2025,REG,ATL,MIN,1.0650939274792486,True,,0.5090245232268319,401736341,3913881,8,20,0,True,False,matched,10.0,2025-08-21,under,0.1490374216378058,1.9090909090909092,0.9090909090909092,1.0,False,False,False
2373,15d8b4245ead855f209f1b1f97ca7d2b,170,Jade Melbourne,jademelbourne,SEA,points,9.5,-110.0,-130.0,33,33,2025-08-21 00:22:54+00:00,2025-08-21 00:22:54+00:00,2025-08-21 00:22:54+00:00,2025-08-21 23:00:00+00:00,0.0,2025-08-21,2025,REG,CON,WAS,1.0890269151138718,True,,0.47832076753442404,401736339,5017726,16,18,0,True,False,matched,4.0,2025-08-21,under,0.22792933917965563,1.7692307692307692,0.7692307692307692,1.0,False,False,False
2375,8ef86314b5a8609e1b4dfad5d906ce7d,16,Naz Hillmon,nazhillmon,ATL,rebounds,6.5,-114.0,-114.0,10,10,2025-08-21 00:35:27+00:00,2025-08-21 00:35:27+00:00,2025-08-21 00:35:27+00:00,2025-08-21 23:30:00+00:00,0.0,2025-08-21,2025,REG,ATL,MIN,1.0654205607476634,True,,0.5000000000000001,401736341,4398915,20,8,1,True,False,matched,9.0,2025-08-21,under,0.15251024176816363,1.8771929824561404,-1.0,1.0,False,False,False
2372,d7612b73c06c4209833f835b76a46973,529,Luisa Geiselsoder,luisageiselsoder,PDX,rebounds,4.5,-125.0,-106.0,10,10,2025-08-21 00:56:17+00:00,2025-08-21 00:56:17+00:00,2025-08-21 00:56:17+00:00,2025-08-21 02:00:00+00:00,0.0,2025-08-20,2025,REG,LAS,DAL,1.070118662351672,True,,0.5212291071384377,401736338,4682797,3,6,0,True,False,matched,6.0,2025-08-20,under,0.08021792628345775,1.9433962264150944,-1.0,1.0,False,False,False
2377,fa4d05e857fdaaad237d917d8578769d,61,Maddy Siegrist,maddysiegrist,DAL,points,14.5,-110.0,-118.0,10,10,2025-08-21 06:46:23+00:00,2025-08-21 06:46:23+00:00,2025-08-21 06:46:23+00:00,2025-08-22 23:30:00+00:00,0.0,2025-08-22,2025,REG,DAL,SEA,1.0650939274792486,True,,0.4909754767731684,401736344,4399415,3,14,1,True,False,matched,12.0,2025-08-22,under,0.2305038993448933,1.847457627118644,0.847457627118644,1.0,False,False,False
2377,fcd80d30d4d13c37410bd2af0d31b720,180,Nneka Ogwumike,nnekaogwumike,LAS,rebounds,7.5,-122.0,-108.0,10,10,2025-08-21 06:46:23+00:00,2025-08-21 06:46:23+00:00,2025-08-21 06:46:23+00:00,2025-08-22 23:30:00+00:00,0.0,2025-08-22,2025,REG,DAL,SEA,1.0687803187803186,True,,0.5156895960912058,401736344,1068,14,3,0,True,False,matched,3.0,2025-08-22,under,0.11086846886320945,1.925925925925926,0.925925925925926,1.0,False,False,False
2377,9f959b2544cd181af2c7290e0d4a9dde,529,Luisa Geiselsoder,luisageiselsoder,PDX,points,8.5,-120.0,-108.0,10,10,2025-08-21 06:46:24+00:00,2025-08-21 06:46:24+00:00,2025-08-21 06:46:24+00:00,2025-08-22 23:30:00+00:00,0.0,2025-08-22,2025,REG,DAL,SEA,1.0646853146853146,True,,0.5135396953663074,401736344,4682797,3,14,1,True,False,matched,3.0,2025-08-22,under,0.29046219185482025,1.925925925925926,0.925925925925926,1.0,False,False,False
2377,bf85a597bd539707c04e69b24ba8f9e7,182,Brittney Sykes,brittneysykes,TOR,points,13.5,-122.0,-106.0,10,10,2025-08-21 06:46:24+00:00,2025-08-21 06:46:24+00:00,2025-08-21 06:46:24+00:00,2025-08-22 23:30:00+00:00,0.0,2025-08-22,2025,REG,DAL,SEA,1.064112656345666,True,,0.518058368553134,401736344,2988756,14,3,0,True,False,matched,8.0,2025-08-22,under,0.11038649240200615,1.9433962264150944,0.9433962264150944,1.0,False,False,False
2377,90e161faae762d1a32ce97767c2b9fdb,528,Paige Bueckers,paigebueckers,DAL,threes,1.5,148.0,-200.0,10,10,2025-08-21 06:46:24+00:00,2025-08-21 06:46:24+00:00,2025-08-21 06:46:24+00:00,2025-08-22 23:30:00+00:00,0.0,2025-08-22,2025,REG,DAL,SEA,1.0698924731182795,True,,0.3634985050458517,401736344,4433730,3,14,1,True,False,matched,1.0,2025-08-22,under,0.07736895435961277,1.5,0.5,1.0,False,False,False
2377,bb2e4bd9bc2139a5cc7e3af35318846b,208,Gabby Williams,gabbywilliams,GSV,threes,1.5,162.0,-220.0,10,10,2025-08-21 06:46:24+00:00,2025-08-21 06:46:24+00:00,2025-08-21 06:46:24+00:00,2025-08-22 23:30:00+00:00,0.0,2025-08-22,2025,REG,DAL,SEA,1.069179389312977,True,,0.3415656920936278,401736344,3142328,14,3,0,True,False,matched,1.0,2025-08-22,under,0.061816562353955606,1.4545454545454546,0.4545454545454546,1.0,False,False,False
2377,41ab33e74c6fe2c690e1e92808a584a8,175,Skylar Diggins,skylardiggins,CHI,points,14.5,-113.0,-115.0,10,10,2025-08-21 06:46:24+00:00,2025-08-21 06:46:24+00:00,2025-08-21 06:46:24+00:00,2025-08-22 23:30:00+00:00,0.0,2025-08-22,2025,REG,DAL,SEA,1.0654001528551151,True,,0.49774423259931944,401736344,2491205,14,3,0,True,False,matched,6.0,2025-08-22,under,0.051030773258123,1.8695652173913042,0.8695652173913042,1.0,False,False,False
2374,e859a31d42a169ab5e092e7e462b6b3d,36,Rachel Banham,rachelbanham,CHI,threes,1.5,-200.0,150.0,19,19,2025-08-21 13:16:10+00:00,2025-08-21 13:16:10+00:00,2025-08-21 13:16:10+00:00,2025-08-21 23:00:00+00:00,0.0,2025-08-21,2025,REG,NYL,CHI,1.0666666666666667,True,,0.6379213858088065,401736340,2566186,19,9,0,True,False,matched,1.0,2025-08-21,under,0.07748287119828035,2.5,1.5,1.0,False,False,False
2375,338a691bc06184fcd4494530a1a7a183,115,Natisha Hiedeman,natishahiedeman,SEA,points,7.5,-120.0,-108.0,10,10,2025-08-21 14:10:15+00:00,2025-08-21 14:10:15+00:00,2025-08-21 14:10:15+00:00,2025-08-21 23:30:00+00:00,0.0,2025-08-21,2025,REG,ATL,MIN,1.0646853146853146,True,,0.5135396953663074,401736341,3906753,8,20,0,True,False,matched,4.0,2025-08-21,under,0.16154990672404312,1.925925925925926,0.925925925925926,1.0,False,False,False
2375,ecb939be05b9b2e8efb6090135a2b6de,116,Jessica Shepard,jessicashepard,DAL,points,9.5,104.0,-135.0,10,10,2025-08-21 23:22:57+00:00,2025-08-21 23:22:57+00:00,2025-08-21 23:22:57+00:00,2025-08-21 23:30:00+00:00,0.0,2025-08-21,2025,REG,ATL,MIN,1.0646641635377556,True,,0.45648742045938223,401736341,3906949,8,20,0,True,False,matched,15.0,2025-08-21,under,0.18302989063186254,1.7407407407407407,-1.0,1.0,False,False,False
2378,e3c9d856cc8903ab18744a75671db50d,293,Odyssey Sims,odysseysims,DAL,points,11.5,-110.0,-118.0,10,10,2025-08-22 02:59:10+00:00,2025-08-22 02:59:10+00:00,2025-08-22 02:59:10+00:00,2025-08-22 23:30:00+00:00,0.0,2025-08-22,2025,REG,IND,MIN,1.0650939274792486,True,,0.4909754767731684,401736343,2529047,5,8,1,True,False,matched,4.0,2025-08-22,under,0.21755903216938954,1.847457627118644,0.847457627118644,1.0,False,False,False
2378,1ef1f7af4e306ecf69ac515dbc92115e,56,Natasha Howard,natashahoward,MIN,points,12.5,-102.0,-128.0,10,10,2025-08-22 02:59:10+00:00,2025-08-22 02:59:10+00:00,2025-08-22 02:59:10+00:00,2025-08-22 23:30:00+00:00,0.0,2025-08-22,2025,REG,IND,MIN,1.0663540038214347,True,,0.47082505196940394,401736343,2529130,5,8,1,True,False,matched,8.0,2025-08-22,under,0.1287811948950356,1.78125,0.78125,1.0,False,False,False
2378,ae8f2bc8f068cf59fa4f78495b37bb51,70,Kelsey Mitchell,kelseymitchell,IND,assists,4.5,-158.0,118.0,10,10,2025-08-22 02:59:11+00:00,2025-08-22 02:59:11+00:00,2025-08-22 02:59:11+00:00,2025-08-22 23:30:00+00:00,0.0,2025-08-22,2025,REG,IND,MIN,1.0711186971054691,True,,0.5796527091990534,401736343,3142191,5,8,1,True,False,matched,5.0,2025-08-22,under,0.27845217787852544,2.1799999999999997,-1.0,1.0,False,False,False
2378,1e461bb0351aa7381191f99909168afe,125,Kayla McBride,kaylamcbride,MIN,points,14.5,-102.0,-128.0,10,10,2025-08-22 02:59:11+00:00,2025-08-22 02:59:11+00:00,2025-08-22 02:59:11+00:00,2025-08-22 23:30:00+00:00,0.0,2025-08-22,2025,REG,IND,MIN,1.0663540038214347,True,,0.47082505196940394,401736343,2529205,8,5,0,True,False,matched,29.0,2025-08-22,under,0.0914942969926621,1.78125,-1.0,1.0,False,False,False
2379,e4a56ee3938967887245d2a3e178ed51,54,Satou Sabally,satousabally,NYL,points,16.5,-130.0,100.0,10,10,2025-08-22 05:31:06+00:00,2025-08-22 05:31:06+00:00,2025-08-22 05:31:06+00:00,2025-08-23 02:00:00+00:00,0.0,2025-08-22,2025,REG,PHX,GSV,1.065217391304348,True,,0.5336835053940976,401736345,4281929,11,129689,1,True,False,matched,12.0,2025-08-22,under,0.24051070176394213,2.0,1.0,1.0,False,False,False
2379,1cdc05a2c97d5d884c24613b2cbe6846,40,Alyssa Thomas,alyssathomas,PHO,points,15.5,-108.0,-120.0,10,10,2025-08-22 05:31:06+00:00,2025-08-22 05:31:06+00:00,2025-08-22 05:31:06+00:00,2025-08-23 02:00:00+00:00,0.0,2025-08-22,2025,REG,PHX,GSV,1.0646853146853146,True,,0.48646030463369283,401736345,2529140,11,129689,1,True,False,matched,13.0,2025-08-22,under,0.1189548558834867,1.8333333333333335,0.8333333333333335,1.0,False,False,False
2379,61355c040a7a6b10410be65f457e982c,221,Tiffany Hayes,tiffanyhayes,GSV,points,11.5,-113.0,-115.0,10,10,2025-08-22 05:41:38+00:00,2025-08-22 05:41:38+00:00,2025-08-22 05:41:38+00:00,2025-08-23 02:00:00+00:00,0.0,2025-08-22,2025,REG,PHX,GSV,1.0654001528551151,True,,0.49774423259931944,401736345,1054,129689,11,0,True,False,matched,5.0,2025-08-22,under,0.09468013213109899,1.8695652173913042,0.8695652173913042,1.0,False,False,False
2378,c59625e6256f57f9ad7e22a37eea74ef,121,Alanna Smith,alannasmith,DAL,points,10.5,-114.0,-114.0,10,10,2025-08-22 05:46:17+00:00,2025-08-22 05:46:17+00:00,2025-08-22 05:46:17+00:00,2025-08-22 23:30:00+00:00,0.0,2025-08-22,2025,REG,IND,MIN,1.0654205607476634,True,,0.5000000000000001,401736343,3913881,8,5,0,True,False,matched,8.0,2025-08-22,under,0.060555656089195053,1.8771929824561404,0.8771929824561404,1.0,False,False,False
2377,e5e36fbf18c66fd94fb5339e92133698,570,Dominique Malonga,dominiquemalonga,SEA,rebounds,6.5,-140.0,106.0,10,10,2025-08-22 16:41:12+00:00,2025-08-22 16:41:12+00:00,2025-08-22 16:41:12+00:00,2025-08-22 23:30:00+00:00,0.0,2025-08-22,2025,REG,DAL,SEA,1.0687702265372168,True,,0.5506638564937638,401736344,5220150,14,3,0,True,False,matched,9.0,2025-08-22,under,0.1956598374687371,2.06,-1.0,1.0,False,False,False
2380,666a4ef2cb54c1cecdb3c47f8ef20608,233,Emma Meesseman,emmameesseman,FA,points,13.5,-122.0,-106.0,10,10,2025-08-22 18:13:31+00:00,2025-08-22 18:13:31+00:00,2025-08-22 18:13:31+00:00,2025-08-23 18:00:00+00:00,0.0,2025-08-23,2025,REG,ATL,NYL,1.064112656345666,True,,0.518058368553134,401736346,3027368,9,20,0,True,False,matched,10.0,2025-08-23,under,0.2619043848267355,1.9433962264150944,0.9433962264150944,1.0,False,False,False
2380,5cfdcead9a3920b2806055f83094948d,141,Jonquel Jones,jonqueljones,NYL,points,16.5,-115.0,-113.0,10,10,2025-08-22 18:13:31+00:00,2025-08-22 18:13:31+00:00,2025-08-22 18:13:31+00:00,2025-08-23 18:00:00+00:00,0.0,2025-08-23,2025,REG,ATL,NYL,1.0654001528551151,True,,0.5022557674006809,401736346,2999101,9,20,0,True,False,matched,11.0,2025-08-23,under,0.2531239425378559,1.8849557522123894,0.8849557522123894,1.0,False,False,False
2380,0a1f40f400ab6ac0f1919a2d9a99bf5c,163,Natasha Cloud,natashacloud,CHI,points,9.5,-118.0,-110.0,10,10,2025-08-22 18:13:31+00:00,2025-08-22 18:13:31+00:00,2025-08-22 18:13:31+00:00,2025-08-23 18:00:00+00:00,0.0,2025-08-23,2025,REG,ATL,NYL,1.0650939274792486,True,,0.5090245232268319,401736346,2529137,9,20,0,True,False,matched,7.0,2025-08-23,under,0.11990872405619496,1.9090909090909092,0.9090909090909092,1.0,False,False,False
2380,60bba5db3704940e7bd6fe4f9223a3e6,15,Rhyne Howard,rhynehoward,ATL,threes,2.5,114.0,-152.0,10,10,2025-08-22 18:13:31+00:00,2025-08-22 18:13:31+00:00,2025-08-22 18:13:31+00:00,2025-08-23 18:00:00+00:00,0.0,2025-08-23,2025,REG,ATL,NYL,1.0704643228007713,True,,0.42960347247450675,401736346,4398674,20,9,1,True,False,matched,1.0,2025-08-23,over,0.09188241253631241,2.1399999999999997,-1.0,1.0,False,False,False
2380,7ea5c0aaa8b25c72b161d199adb74b09,1,Allisha Gray,allishagray,ATL,points,17.5,-125.0,-104.0,10,10,2025-08-22 18:13:32+00:00,2025-08-22 18:13:32+00:00,2025-08-22 18:13:32+00:00,2025-08-23 18:00:00+00:00,0.0,2025-08-23,2025,REG,ATL,NYL,1.065359477124183,True,,0.5236312520088393,401736346,3058901,20,9,1,True,False,matched,19.0,2025-08-23,under,0.11961345939637003,1.9615384615384617,-1.0,1.0,False,False,False
2380,28950cc11f082e873b4f6be6c2a10734,147,Leonie Fiebich,leoniefiebich,NYL,points,8.5,-108.0,-120.0,10,10,2025-08-22 18:13:32+00:00,2025-08-22 18:13:32+00:00,2025-08-22 18:13:32+00:00,2025-08-23 18:00:00+00:00,0.0,2025-08-23,2025,REG,ATL,NYL,1.0646853146853146,True,,0.48646030463369283,401736346,4683006,9,20,0,True,False,matched,8.0,2025-08-23,under,0.08108533911379584,1.8333333333333335,0.8333333333333335,1.0,False,False,False
2381,09dbaa64931d384741f2aaad6c0233de,103,A'ja Wilson,ajawilson,LVA,points,22.5,-125.0,-104.0,10,10,2025-08-22 21:26:38+00:00,2025-08-22 21:26:38+00:00,2025-08-22 21:26:38+00:00,2025-08-23 19:00:00+00:00,0.0,2025-08-23,2025,REG,WAS,LVA,1.065359477124183,True,,0.5236312520088393,401736347,3149391,17,16,0,True,False,matched,36.0,2025-08-23,under,0.13364023910208234,1.9615384615384617,-1.0,1.0,False,False,False
2381,5f578cf26aafd232287ce7771cc04022,102,Jackie Young,jackieyoung,LVA,points,14.5,-130.0,100.0,10,10,2025-08-22 21:26:39+00:00,2025-08-22 21:26:39+00:00,2025-08-22 21:26:39+00:00,2025-08-23 19:00:00+00:00,0.0,2025-08-23,2025,REG,WAS,LVA,1.065217391304348,True,,0.5336835053940976,401736347,4065870,17,16,0,True,False,matched,10.0,2025-08-23,under,0.13913996656781513,2.0,1.0,1.0,False,False,False
2381,06e86e4007af08a9e2e4cca4779a82bf,573,Sonia Citron,soniacitron,WAS,threes,1.5,138.0,-186.0,10,10,2025-08-22 21:26:39+00:00,2025-08-22 21:26:39+00:00,2025-08-22 21:26:39+00:00,2025-08-23 19:00:00+00:00,0.0,2025-08-23,2025,REG,WAS,LVA,1.070517717576541,True,,0.3807086475713989,401736347,4433524,16,17,1,True,False,matched,4.0,2025-08-23,over,0.08917563386159288,2.38,1.38,1.0,False,False,False
2381,9f5f5ab8efa4cb9963e1896a529f522c,196,Shakira Austin,shakiraaustin,WAS,points,11.5,-130.0,100.0,10,10,2025-08-22 21:26:39+00:00,2025-08-22 21:26:39+00:00,2025-08-22 21:26:39+00:00,2025-08-23 19:00:00+00:00,0.0,2025-08-23,2025,REG,WAS,LVA,1.065217391304348,True,,0.5336835053940976,401736347,4398911,16,17,1,True,False,matched,18.0,2025-08-23,under,0.07878374831579849,2.0,-1.0,1.0,False,False,False
2381,badae0ffabb3890625791353e79f2b29,107,Chelsea Gray,chelseagray,LVA,assists,5.5,-158.0,118.0,10,10,2025-08-22 21:26:39+00:00,2025-08-22 21:26:39+00:00,2025-08-22 21:26:39+00:00,2025-08-23 19:00:00+00:00,0.0,2025-08-23,2025,REG,WAS,LVA,1.0711186971054691,True,,0.5796527091990534,401736347,2529122,17,16,0,True,False,matched,8.0,2025-08-23,under,0.0762210204975432,2.1799999999999997,-1.0,1.0,False,False,False
2381,79b13720c3db51581223a2f27883823b,572,Kiki Iriafen,kikiiriafen,WAS,rebounds,9.5,102.0,-136.0,10,10,2025-08-22 21:26:39+00:00,2025-08-22 21:26:39+00:00,2025-08-22 21:26:39+00:00,2025-08-23 19:00:00+00:00,0.0,2025-08-23,2025,REG,WAS,LVA,1.071320691391173,True,,0.4579067075572801,401736347,4898384,16,17,1,True,False,matched,15.0,2025-08-23,under,0.06711069434722561,1.7352941176470589,-1.0,1.0,False,False,False
2378,4d08acd2dbdcec591ec1c0d2792a81da,116,Jessica Shepard,jessicashepard,DAL,points,10.5,-106.0,-122.0,10,10,2025-08-22 22:54:35+00:00,2025-08-22 22:54:35+00:00,2025-08-22 22:54:35+00:00,2025-08-22 23:30:00+00:00,0.0,2025-08-22,2025,REG,IND,MIN,1.064112656345666,True,,0.4819416314468661,401736343,3906949,8,5,0,True,False,matched,22.0,2025-08-22,under,0.11852149180773519,1.819672131147541,-1.0,1.0,False,False,False
2378,a2df0462bce700592d715aaa9862354e,115,Natisha Hiedeman,natishahiedeman,SEA,points,7.5,-114.0,-114.0,10,10,2025-08-22 23:17:58+00:00,2025-08-22 23:17:58+00:00,2025-08-22 23:17:58+00:00,2025-08-22 23:30:00+00:00,0.0,2025-08-22,2025,REG,IND,MIN,1.0654205607476634,True,,0.5000000000000001,401736343,3906753,8,5,0,True,False,matched,17.0,2025-08-22,under,0.15587777915171896,1.8771929824561404,-1.0,1.0,False,False,False
2379,5d5790aa5fdb265e9dd35daa02842d82,109,Kate Martin,katemartin,LAS,points,9.5,102.0,-132.0,10,10,2025-08-22 23:23:01+00:00,2025-08-22 23:23:01+00:00,2025-08-22 23:23:01+00:00,2025-08-23 02:00:00+00:00,0.0,2025-08-22,2025,REG,PHX,GSV,1.0640150221918745,True,,0.4618487426836327,401736345,4398907,129689,11,0,True,False,matched,7.0,2025-08-22,under,0.21832502117375074,1.7575757575757576,0.7575757575757576,1.0,False,False,False
2379,fbbebbe0543c7f40aa3b22b477759467,45,DeWanna Bonner,dewannabonner,PHO,points,10.5,-122.0,-106.0,10,10,2025-08-22 23:52:18+00:00,2025-08-22 23:52:18+00:00,2025-08-22 23:52:18+00:00,2025-08-23 02:00:00+00:00,0.0,2025-08-22,2025,REG,PHX,GSV,1.064112656345666,True,,0.518058368553134,401736345,869,11,129689,1,True,False,matched,14.0,2025-08-22,under,0.23008421507182963,1.9433962264150944,-1.0,1.0,False,False,False
2379,ef5474475c73d9f4493be10180cccab0,177,Sami Whitcomb,samiwhitcomb,PHO,threes,1.5,-114.0,-114.0,10,10,2025-08-23 00:55:01+00:00,2025-08-23 00:55:01+00:00,2025-08-23 00:55:01+00:00,2025-08-23 02:00:00+00:00,0.0,2025-08-22,2025,REG,PHX,GSV,1.0654205607476634,True,,0.5000000000000001,401736345,887,11,129689,1,True,False,matched,2.0,2025-08-22,under,0.07685679646533067,1.8771929824561404,-1.0,1.0,False,False,False
2379,c3931402c3942d53bd95b0197d7e726e,155,Kahleah Copper,kahleahcopper,PHO,threes,1.5,-130.0,-102.0,10,10,2025-08-23 01:01:04+00:00,2025-08-23 01:01:04+00:00,2025-08-23 01:01:04+00:00,2025-08-23 02:00:00+00:00,0.0,2025-08-22,2025,REG,PHX,GSV,1.0701678863538528,True,,0.5312123494364493,401736345,2998938,11,129689,1,True,False,matched,2.0,2025-08-22,under,0.05246467327232296,1.9803921568627452,-1.0,1.0,False,False,False
2382,6f35d4cdefba22a4588601aee4ae6780,185,Ariel Atkins,arielatkins,LAS,points,15.5,100.0,-130.0,10,10,2025-08-23 03:44:56+00:00,2025-08-23 03:44:56+00:00,2025-08-23 03:44:56+00:00,2025-08-23 20:00:00+00:00,0.0,2025-08-23,2025,REG,CHI,CON,1.065217391304348,True,,0.4663164946059025,401736348,3146151,19,18,1,True,False,matched,12.0,2025-08-23,under,0.21886528333022803,1.7692307692307692,0.7692307692307692,1.0,False,False,False
2382,807e8b3340f0bfc075ebe18fcf76ff29,26,Angel Reese,angelreese,ATL,assists,3.5,124.0,-166.0,10,10,2025-08-23 03:44:57+00:00,2025-08-23 03:44:57+00:00,2025-08-23 03:44:57+00:00,2025-08-23 20:00:00+00:00,0.0,2025-08-23,2025,REG,CHI,CON,1.0704887218045114,True,,0.40796342297849103,401736348,4433402,19,18,1,True,False,matched,5.0,2025-08-23,over,0.07892190281295564,2.24,1.2400000000000002,1.0,False,False,False
2381,9b6f1691db859f72e8c765b5339eb460,166,Jewell Loyd,jewellloyd,LVA,points,10.5,-120.0,-108.0,10,10,2025-08-23 04:56:23+00:00,2025-08-23 04:56:23+00:00,2025-08-23 04:56:23+00:00,2025-08-23 19:00:00+00:00,0.0,2025-08-23,2025,REG,WAS,LVA,1.0646853146853146,True,,0.5135396953663074,401736347,2987869,17,16,0,True,False,matched,8.0,2025-08-23,under,0.1411827185148392,1.925925925925926,0.925925925925926,1.0,False,False,False
2381,e0962169776af6650a565bfcfd58a99b,170,Jade Melbourne,jademelbourne,SEA,points,9.5,110.0,-155.0,33,33,2025-08-23 09:00:44+00:00,2025-08-23 09:00:44+00:00,2025-08-23 09:00:44+00:00,2025-08-23 19:00:00+00:00,0.0,2025-08-23,2025,REG,WAS,LVA,1.0840336134453783,True,,0.4312621062414176,401736347,5017726,16,17,1,True,False,matched,2.0,2025-08-23,under,0.21590816458978984,1.6451612903225805,0.6451612903225805,1.0,False,False,False
2381,01e2c7c5b1d2a8504d4aa719f5f42210,149,Sug Sutton,sugsutton,DAL,points,8.5,-115.0,-120.0,33,33,2025-08-23 09:00:44+00:00,2025-08-23 09:00:44+00:00,2025-08-23 09:00:44+00:00,2025-08-23 19:00:00+00:00,0.0,2025-08-23,2025,REG,WAS,LVA,1.080338266384778,True,,0.4944937749375121,401736347,4068159,16,17,1,True,False,matched,4.0,2025-08-23,under,0.08089739520353229,1.8333333333333335,0.8333333333333335,1.0,False,False,False
2384,442f724bf823f828fbacc63414dd3359,528,Paige Bueckers,paigebueckers,DAL,assists,4.5,-128.0,-104.0,10,10,2025-08-23 19:11:01+00:00,2025-08-23 19:11:01+00:00,2025-08-23 19:11:01+00:00,2025-08-24 20:00:00+00:00,0.0,2025-08-24,2025,REG,DAL,GSV,1.0712074303405572,True,,0.5267388899028808,401736350,4433730,3,129689,1,True,False,matched,9.0,2025-08-24,under,0.17530815286350948,1.9615384615384617,-1.0,1.0,False,False,False
2384,cf22bcb074c27ffd991cd94250d429ff,61,Maddy Siegrist,maddysiegrist,DAL,points,13.5,-106.0,-120.0,10,10,2025-08-23 19:17:34+00:00,2025-08-23 19:17:34+00:00,2025-08-23 19:17:34+00:00,2025-08-24 20:00:00+00:00,0.0,2025-08-24,2025,REG,DAL,GSV,1.060017652250662,True,,0.48409094110947776,401736350,4399415,3,129689,1,True,False,matched,16.0,2025-08-24,under,0.2049690726942242,1.8333333333333335,-1.0,1.0,False,False,False
2385,4507bb226828d566904d60526d48d896,70,Kelsey Mitchell,kelseymitchell,IND,threes,2.5,-138.0,104.0,10,10,2025-08-23 20:19:48+00:00,2025-08-23 20:19:48+00:00,2025-08-23 20:19:48+00:00,2025-08-24 23:00:00+00:00,0.0,2025-08-24,2025,REG,MIN,IND,1.0700280112044818,True,,0.5464208361470752,401736351,3142191,5,8,0,True,False,matched,2.0,2025-08-24,under,0.10458945524085866,2.04,1.04,1.0,False,False,False
2385,ce40637b53256e82491fce5dd9277c10,71,Aliyah Boston,aliyahboston,IND,points,14.5,100.0,-130.0,10,10,2025-08-23 20:19:48+00:00,2025-08-23 20:19:48+00:00,2025-08-23 20:19:48+00:00,2025-08-24 23:00:00+00:00,0.0,2025-08-24,2025,REG,MIN,IND,1.065217391304348,True,,0.4663164946059025,401736351,4432831,5,8,0,True,False,matched,14.0,2025-08-24,under,0.0584352730434865,1.7692307692307692,0.7692307692307692,1.0,False,False,False
2385,7297f80f691697d26c5d1735fcccce56,76,Lexie Hull,lexiehull,IND,points,8.5,-128.0,-102.0,10,10,2025-08-24 00:37:51+00:00,2025-08-24 00:37:51+00:00,2025-08-24 00:37:51+00:00,2025-08-24 23:00:00+00:00,0.0,2025-08-24,2025,REG,MIN,IND,1.0663540038214347,True,,0.5291749480305961,401736351,4398829,5,8,0,True,False,matched,6.0,2025-08-24,under,0.21335839140167945,1.9803921568627452,0.9803921568627452,1.0,False,False,False
2385,82cb5ef205a06e0b6c8dd9065a4216ac,56,Natasha Howard,natashahoward,MIN,points,11.5,-114.0,-114.0,10,10,2025-08-24 00:37:51+00:00,2025-08-24 00:37:51+00:00,2025-08-24 00:37:51+00:00,2025-08-24 23:00:00+00:00,0.0,2025-08-24,2025,REG,MIN,IND,1.0654205607476634,True,,0.5000000000000001,401736351,2529130,5,8,0,True,False,matched,10.0,2025-08-24,under,0.18884739784845422,1.8771929824561404,0.8771929824561404,1.0,False,False,False
2385,13f514d2e61cf3ad5d525d0d920d9ca6,117,Courtney Williams,courtneywilliams,MIN,assists,5.5,-136.0,102.0,10,10,2025-08-24 00:37:51+00:00,2025-08-24 00:37:51+00:00,2025-08-24 00:37:51+00:00,2025-08-24 23:00:00+00:00,0.0,2025-08-24,2025,REG,MIN,IND,1.071320691391173,True,,0.5420932924427202,401736351,2987891,8,5,1,True,False,matched,10.0,2025-08-24,under,0.16641765350960408,2.02,-1.0,1.0,False,False,False
2385,3a1e368f1e2320b7bcb982be94ec8152,112,Napheesa Collier,napheesacollier,MIN,rebounds,6.5,124.0,-166.0,10,10,2025-08-24 00:42:27+00:00,2025-08-24 00:42:27+00:00,2025-08-24 00:42:27+00:00,2025-08-24 23:00:00+00:00,0.0,2025-08-24,2025,REG,MIN,IND,1.0704887218045114,True,,0.40796342297849103,401736351,3917450,8,5,1,True,False,matched,9.0,2025-08-24,over,0.18845623325934607,2.24,1.2400000000000002,1.0,False,False,False
2383,58ccd33d4651cecde60fd6f6bc8be0a3,182,Brittney Sykes,brittneysykes,TOR,rebounds,3.5,-125.0,-106.0,10,10,2025-08-24 03:22:54+00:00,2025-08-24 03:22:54+00:00,2025-08-24 03:22:54+00:00,2025-08-24 19:00:00+00:00,0.0,2025-08-24,2025,REG,WAS,SEA,1.070118662351672,True,,0.5212291071384377,401736349,2988756,14,16,0,True,False,matched,3.0,2025-08-24,under,0.34353584468908144,1.9433962264150944,0.9433962264150944,1.0,False,False,False
2383,26da4092b2214438bee13a3808971979,175,Skylar Diggins,skylardiggins,CHI,points,14.5,-114.0,-114.0,10,10,2025-08-24 03:22:54+00:00,2025-08-24 03:22:54+00:00,2025-08-24 03:22:54+00:00,2025-08-24 19:00:00+00:00,0.0,2025-08-24,2025,REG,WAS,SEA,1.0654205607476634,True,,0.5000000000000001,401736349,2491205,14,16,0,True,False,matched,10.0,2025-08-24,under,0.2581543511188436,1.8771929824561404,0.8771929824561404,1.0,False,False,False
2383,47646210e00e1620d3680b2ee3b8ce50,180,Nneka Ogwumike,nnekaogwumike,LAS,rebounds,7.5,104.0,-138.0,10,10,2025-08-24 03:22:54+00:00,2025-08-24 03:22:54+00:00,2025-08-24 03:22:54+00:00,2025-08-24 19:00:00+00:00,0.0,2025-08-24,2025,REG,WAS,SEA,1.0700280112044818,True,,0.4535791638529251,401736349,1068,14,16,0,True,False,matched,6.0,2025-08-24,under,0.20483273879164704,1.7246376811594204,0.7246376811594204,1.0,False,False,False
2383,cc7afae63e89c639329ddb576fd88e98,573,Sonia Citron,soniacitron,WAS,points,14.5,-120.0,-108.0,10,10,2025-08-24 03:22:54+00:00,2025-08-24 03:22:54+00:00,2025-08-24 03:22:54+00:00,2025-08-24 19:00:00+00:00,0.0,2025-08-24,2025,REG,WAS,SEA,1.0646853146853146,True,,0.5135396953663074,401736349,4433524,16,14,1,True,False,matched,14.0,2025-08-24,under,0.11457488187159481,1.925925925925926,0.925925925925926,1.0,False,False,False
2383,0424efcbd30e034ad56cf704d18040d9,572,Kiki Iriafen,kikiiriafen,WAS,rebounds,9.5,-136.0,102.0,10,10,2025-08-24 03:22:54+00:00,2025-08-24 03:22:54+00:00,2025-08-24 03:22:54+00:00,2025-08-24 19:00:00+00:00,0.0,2025-08-24,2025,REG,WAS,SEA,1.071320691391173,True,,0.5420932924427202,401736349,4898384,16,14,1,True,False,matched,6.0,2025-08-24,under,0.11422925537734535,2.02,1.02,1.0,False,False,False
2383,72935f827308a522ccbc886b3892b616,208,Gabby Williams,gabbywilliams,GSV,rebounds,3.5,-152.0,114.0,10,10,2025-08-24 03:22:54+00:00,2025-08-24 03:22:54+00:00,2025-08-24 03:22:54+00:00,2025-08-24 19:00:00+00:00,0.0,2025-08-24,2025,REG,WAS,SEA,1.0704643228007713,True,,0.5703965275254933,401736349,3142328,14,16,0,True,False,matched,2.0,2025-08-24,under,0.10270995529426635,2.1399999999999997,1.1399999999999997,1.0,False,False,False
2383,1b9b8ce6127cfc7a6d9f3a1e3acaac4a,196,Shakira Austin,shakiraaustin,WAS,points,12.5,-120.0,-108.0,10,10,2025-08-24 03:22:55+00:00,2025-08-24 03:22:55+00:00,2025-08-24 03:22:55+00:00,2025-08-24 19:00:00+00:00,0.0,2025-08-24,2025,REG,WAS,SEA,1.0646853146853146,True,,0.5135396953663074,401736349,4398911,16,14,1,True,False,matched,30.0,2025-08-24,under,0.09021996403229571,1.925925925925926,-1.0,1.0,False,False,False
2383,9a023246c95036e7183c847e673ab4a4,570,Dominique Malonga,dominiquemalonga,SEA,rebounds,7.5,114.0,-152.0,10,10,2025-08-24 03:27:28+00:00,2025-08-24 03:27:28+00:00,2025-08-24 03:27:28+00:00,2025-08-24 19:00:00+00:00,0.0,2025-08-24,2025,REG,WAS,SEA,1.0704643228007713,True,,0.42960347247450675,401736349,5220150,14,16,0,True,False,matched,10.0,2025-08-24,under,0.05656944525618751,1.6578947368421053,-1.0,1.0,False,False,False
2384,38272b61dcc6a2d0f5a74df891e8846c,537,Janelle Salaun,janellesalaun,GSV,rebounds,4.5,-146.0,110.0,10,10,2025-08-24 03:50:58+00:00,2025-08-24 03:50:58+00:00,2025-08-24 03:50:58+00:00,2025-08-24 20:00:00+00:00,0.0,2025-08-24,2025,REG,DAL,GSV,1.0696864111498257,True,,0.5607420039050215,401736350,4790264,129689,3,0,True,False,matched,9.0,2025-08-24,under,0.11406457721303565,2.1,-1.0,1.0,False,False,False
2387,42164c78b3dabfe1027da2166ae0cd19,166,Jewell Loyd,jewellloyd,LVA,points,12.5,-102.0,-128.0,10,10,2025-08-25 03:35:18+00:00,2025-08-25 03:35:18+00:00,2025-08-25 03:35:18+00:00,2025-08-26 00:00:00+00:00,0.0,2025-08-25,2025,REG,CHI,LVA,1.0663540038214347,True,,0.47082505196940394,401736353,2987869,17,19,0,True,False,matched,2.0,2025-08-25,under,0.1873704791143102,1.78125,0.78125,1.0,False,False,False
2387,71dc7fe85863b0e311ee44c972bccd6c,102,Jackie Young,jackieyoung,LVA,points,16.5,-115.0,-113.0,10,10,2025-08-25 03:35:18+00:00,2025-08-25 03:35:18+00:00,2025-08-25 03:35:18+00:00,2025-08-26 00:00:00+00:00,0.0,2025-08-25,2025,REG,CHI,LVA,1.0654001528551151,True,,0.5022557674006809,401736353,4065870,17,19,0,True,False,matched,22.0,2025-08-25,under,0.1767852084548745,1.8849557522123894,-1.0,1.0,False,False,False
2387,b6ce3f13f065baf67db7e69457f627ec,185,Ariel Atkins,arielatkins,LAS,points,13.5,-110.0,-118.0,10,10,2025-08-25 03:35:18+00:00,2025-08-25 03:35:18+00:00,2025-08-25 03:35:18+00:00,2025-08-26 00:00:00+00:00,0.0,2025-08-25,2025,REG,CHI,LVA,1.0650939274792486,True,,0.4909754767731684,401736353,3146151,19,17,1,True,False,matched,30.0,2025-08-25,under,0.1307657664775574,1.847457627118644,-1.0,1.0,False,False,False
2387,f6fdcc70ed8365600d977c313dea5f1c,30,Kamilla Cardoso,kamillacardoso,CHI,rebounds,8.5,-152.0,114.0,10,10,2025-08-25 03:35:18+00:00,2025-08-25 03:35:18+00:00,2025-08-25 03:35:18+00:00,2025-08-26 00:00:00+00:00,0.0,2025-08-25,2025,REG,CHI,LVA,1.0704643228007713,True,,0.5703965275254933,401736353,4433405,19,17,1,True,False,matched,10.0,2025-08-25,under,0.06819414330021667,2.1399999999999997,-1.0,1.0,False,False,False
2387,c4c71e47bfaf5cd3a9c04146c29e9e8a,107,Chelsea Gray,chelseagray,LVA,points,10.5,-122.0,-106.0,10,10,2025-08-25 03:35:19+00:00,2025-08-25 03:35:19+00:00,2025-08-25 03:35:19+00:00,2025-08-26 00:00:00+00:00,0.0,2025-08-25,2025,REG,CHI,LVA,1.064112656345666,True,,0.518058368553134,401736353,2529122,17,19,0,True,False,matched,14.0,2025-08-25,under,0.10975856610306006,1.9433962264150944,-1.0,1.0,False,False,False
2387,66395a1e3869710a03724b1fffafc0d6,26,Angel Reese,angelreese,ATL,rebounds,12.5,108.0,-144.0,10,10,2025-08-25 03:35:19+00:00,2025-08-25 03:35:19+00:00,2025-08-25 03:35:19+00:00,2025-08-26 00:00:00+00:00,0.0,2025-08-25,2025,REG,CHI,LVA,1.0709331651954601,True,,0.4433154794603006,401736353,4433402,19,17,1,True,False,matched,17.0,2025-08-25,under,0.07149326388953181,1.6944444444444444,-1.0,1.0,False,False,False
2386,aa4d7205f00c9875da3f80d5598b55ed,9,Tina Charles,tinacharles,FA,points,15.5,-128.0,-102.0,10,10,2025-08-25 06:17:48+00:00,2025-08-25 06:17:48+00:00,2025-08-25 06:17:48+00:00,2025-08-25 23:00:00+00:00,0.0,2025-08-25,2025,REG,NYL,CON,1.0663540038214347,True,,0.5291749480305961,401736352,918,18,9,0,True,False,matched,13.0,2025-08-25,under,0.0919295395724049,1.9803921568627452,0.9803921568627452,1.0,False,False,False
2386,baeae68d09e57b815830ce7265b30b53,137,Breanna Stewart,breannastewart,NYL,points,14.5,-128.0,-102.0,10,10,2025-08-25 06:17:49+00:00,2025-08-25 06:17:49+00:00,2025-08-25 06:17:49+00:00,2025-08-25 23:00:00+00:00,0.0,2025-08-25,2025,REG,NYL,CON,1.0663540038214347,True,,0.5291749480305961,401736352,2998928,9,18,1,True,False,matched,19.0,2025-08-25,under,0.2528019425076613,1.9803921568627452,-1.0,1.0,False,False,False
2386,5d924e51c9d1197239f41cf7205b6236,22,Marina Mabrey,marinamabrey,TOR,points,16.5,-108.0,-120.0,10,10,2025-08-25 06:17:49+00:00,2025-08-25 06:17:49+00:00,2025-08-25 06:17:49+00:00,2025-08-25 23:00:00+00:00,0.0,2025-08-25,2025,REG,NYL,CON,1.0646853146853146,True,,0.48646030463369283,401736352,3904576,18,9,0,True,False,matched,16.0,2025-08-25,under,0.1344118650641727,1.8333333333333335,0.8333333333333335,1.0,False,False,False
2386,711eb7a0c37eb90b685352006c42e52e,147,Leonie Fiebich,leoniefiebich,NYL,assists,2.5,-115.0,-115.0,24,24,2025-08-25 07:49:12+00:00,2025-08-25 07:49:12+00:00,2025-08-25 07:49:12+00:00,2025-08-25 23:00:00+00:00,0.0,2025-08-25,2025,REG,NYL,CON,1.0697674418604652,True,,0.5,401736352,4683006,9,18,1,True,False,matched,2.0,2025-08-25,under,0.1699902346129315,1.8695652173913042,0.8695652173913042,1.0,False,False,False
2386,c405b61a962a76f7b865c0e64cccc26a,141,Jonquel Jones,jonqueljones,NYL,threes,1.5,-150.0,120.0,24,24,2025-08-25 07:49:12+00:00,2025-08-25 07:49:12+00:00,2025-08-25 07:49:12+00:00,2025-08-25 23:00:00+00:00,0.0,2025-08-25,2025,REG,NYL,CON,1.0545454545454547,True,,0.5746986093321318,401736352,2999101,9,18,1,True,False,matched,2.0,2025-08-25,under,0.07614434269032777,2.2,-1.0,1.0,False,False,False
2387,2d219f00ad828d13cb14f9a21160e74d,33,Elizabeth Williams,elizabethwilliams,CHI,rebounds,4.5,-114.0,-114.0,10,10,2025-08-25 08:58:09+00:00,2025-08-25 08:58:09+00:00,2025-08-25 08:58:09+00:00,2025-08-26 00:00:00+00:00,0.0,2025-08-25,2025,REG,CHI,LVA,1.0654205607476634,True,,0.5000000000000001,401736353,2566081,19,17,1,True,False,matched,5.0,2025-08-25,over,0.1786145559385498,1.8771929824561404,0.8771929824561404,1.0,False,False,False
2389,83cce6addc86be4270d5101a9a0e691c,82,Azura Stevens,azurastevens,CHI,threes,1.5,-115.0,-115.0,24,24,2025-08-25 10:07:48+00:00,2025-08-25 10:07:48+00:00,2025-08-25 10:07:48+00:00,2025-08-27 02:00:00+00:00,0.0,2025-08-26,2025,REG,LAS,PHX,1.0697674418604652,True,,0.5,401736355,3142010,6,11,1,True,False,matched,1.0,2025-08-26,under,0.09278388166194929,1.8695652173913042,0.8695652173913042,1.0,False,False,False
2389,9fbb7a54679950abb91c06d93d2ed019,94,Rickea Jackson,rickeajackson,CHI,threes,1.5,-155.0,125.0,24,24,2025-08-25 10:07:48+00:00,2025-08-25 10:07:48+00:00,2025-08-25 10:07:48+00:00,2025-08-27 02:00:00+00:00,0.0,2025-08-26,2025,REG,LAS,PHX,1.0522875816993464,True,,0.5838155470394836,401736355,4433630,6,11,1,True,False,matched,4.0,2025-08-26,under,0.08171397828042914,2.25,-1.0,1.0,False,False,False
2389,704f057f94be49926ae32c6812961a85,101,Kelsey Plum,kelseyplum,LAS,threes,2.5,125.0,-155.0,24,24,2025-08-25 10:07:48+00:00,2025-08-25 10:07:48+00:00,2025-08-25 10:07:48+00:00,2025-08-27 02:00:00+00:00,0.0,2025-08-26,2025,REG,LAS,PHX,1.0522875816993464,True,,0.4161844529605166,401736355,3065570,6,11,1,True,False,matched,2.0,2025-08-26,under,0.06235274530145385,1.6451612903225805,0.6451612903225805,1.0,False,False,False
2388,42f303a8e72e55dfcb286fb9f22e4a96,175,Skylar Diggins,skylardiggins,CHI,threes,1.5,100.0,-130.0,24,24,2025-08-25 10:07:49+00:00,2025-08-25 10:07:49+00:00,2025-08-25 10:07:49+00:00,2025-08-26 23:00:00+00:00,0.0,2025-08-26,2025,REG,IND,SEA,1.065217391304348,True,,0.4663164946059025,401736354,2491205,14,5,0,True,False,matched,0.0,2025-08-26,under,0.12593360796282493,1.7692307692307692,0.7692307692307692,1.0,False,False,False
2388,d7d12434c45fa165d1e25133f68434cc,70,Kelsey Mitchell,kelseymitchell,IND,threes,2.5,-130.0,100.0,24,24,2025-08-25 10:07:49+00:00,2025-08-25 10:07:49+00:00,2025-08-25 10:07:49+00:00,2025-08-26 23:00:00+00:00,0.0,2025-08-26,2025,REG,IND,SEA,1.065217391304348,True,,0.5336835053940976,401736354,3142191,5,14,1,True,False,matched,2.0,2025-08-26,under,0.11984270494144456,2.0,1.0,1.0,False,False,False
2386,f46893c77d7571bb9681b8fb021c44e1,132,Sabrina Ionescu,sabrinaionescu,NYL,rebounds,4.5,128.0,-172.0,10,10,2025-08-25 15:10:16+00:00,2025-08-25 15:10:16+00:00,2025-08-25 15:10:16+00:00,2025-08-25 23:00:00+00:00,0.0,2025-08-25,2025,REG,NYL,CON,1.0709494324045408,True,,0.39957653069922067,401736352,4066533,9,18,1,True,False,matched,7.0,2025-08-25,over,0.07273802627823212,2.2800000000000002,1.2800000000000002,1.0,False,False,False
2386,88256f4450b2cceda7ca0aabeb52ffd7,518,Saniya Rivers,saniyarivers,CON,points,9.5,-125.0,-125.0,60,60,2025-08-25 15:30:29+00:00,2025-08-25 15:30:29+00:00,2025-08-25 15:30:29+00:00,2025-08-25 23:00:00+00:00,0.0,2025-08-25,2025,REG,NYL,CON,1.1111111111111112,True,,0.5,401736352,4433514,18,9,0,True,False,matched,3.0,2025-08-25,under,0.09541624981492369,1.8,0.8,1.0,False,False,False
2389,d0ca5a793d4e63cde41238a57dcc9484,87,Cameron Brink,cameronbrink,LAS,points,6.5,100.0,-130.0,10,10,2025-08-25 15:49:02+00:00,2025-08-25 15:49:02+00:00,2025-08-25 15:49:02+00:00,2025-08-27 02:00:00+00:00,0.0,2025-08-26,2025,REG,LAS,PHX,1.065217391304348,True,,0.4663164946059025,401736355,4433404,6,11,1,True,False,matched,4.0,2025-08-26,under,0.14652508387729046,1.7692307692307692,0.7692307692307692,1.0,False,False,False
2389,2381cbab7c57ebe2d10c7285efeede9d,89,Dearica Hamby,dearicahamby,LAS,points,17.5,-128.0,-102.0,10,10,2025-08-25 15:58:28+00:00,2025-08-25 15:58:28+00:00,2025-08-25 15:58:28+00:00,2025-08-27 02:00:00+00:00,0.0,2025-08-26,2025,REG,LAS,PHX,1.0663540038214347,True,,0.5291749480305961,401736355,2566106,6,11,1,True,False,matched,25.0,2025-08-26,under,0.18788482888363656,1.9803921568627452,-1.0,1.0,False,False,False
2389,c488d41261d9aad0d97776fdb5f71e7b,54,Satou Sabally,satousabally,NYL,rebounds,6.5,112.0,-148.0,10,10,2025-08-25 15:58:28+00:00,2025-08-25 15:58:28+00:00,2025-08-25 15:58:28+00:00,2025-08-27 02:00:00+00:00,0.0,2025-08-26,2025,REG,LAS,PHX,1.0684723067559343,True,,0.43527724698320036,401736355,4281929,11,6,0,True,False,matched,3.0,2025-08-26,under,0.12503301934711208,1.6756756756756757,0.6756756756756757,1.0,False,False,False
2388,1a0fd9f7030d35ecf97693f304365100,180,Nneka Ogwumike,nnekaogwumike,LAS,threes,2.5,152.0,-205.0,10,10,2025-08-25 16:24:21+00:00,2025-08-25 16:24:21+00:00,2025-08-25 16:24:21+00:00,2025-08-26 23:00:00+00:00,0.0,2025-08-26,2025,REG,IND,SEA,1.0689565443663804,True,,0.3574180627171931,401736354,1068,14,5,0,True,False,matched,2.0,2025-08-26,under,0.14713499811532232,1.4878048780487805,0.4878048780487805,1.0,False,False,False
2388,588c71124d495c8bef134ee40c5d1187,570,Dominique Malonga,dominiquemalonga,SEA,points,11.5,-122.0,-106.0,10,10,2025-08-25 16:24:22+00:00,2025-08-25 16:24:22+00:00,2025-08-25 16:24:22+00:00,2025-08-26 23:00:00+00:00,0.0,2025-08-26,2025,REG,IND,SEA,1.064112656345666,True,,0.518058368553134,401736354,5220150,14,5,0,True,False,matched,8.0,2025-08-26,under,0.05497470866143417,1.9433962264150944,0.9433962264150944,1.0,False,False,False
2388,dcea5c2683adce1659f6a963b5d6a1b0,176,Ezi Magbegor,ezimagbegor,SEA,rebounds,5.5,-170.0,120.0,33,33,2025-08-25 18:46:08+00:00,2025-08-25 18:46:08+00:00,2025-08-25 18:46:08+00:00,2025-08-26 23:00:00+00:00,0.0,2025-08-26,2025,REG,IND,SEA,1.0841750841750841,True,,0.5914367336052418,401736354,4420318,14,5,0,True,False,matched,2.0,2025-08-26,under,0.10171152885394807,2.2,1.2000000000000002,1.0,False,False,False
2386,7cec492dffcba9c7989fb3ee0787d8b7,233,Emma Meesseman,emmameesseman,FA,points,11.5,-130.0,100.0,10,10,2025-08-25 22:58:40+00:00,2025-08-25 22:58:40+00:00,2025-08-25 22:58:40+00:00,2025-08-25 23:00:00+00:00,0.0,2025-08-25,2025,REG,NYL,CON,1.065217391304348,True,,0.5336835053940976,401736352,3027368,9,18,1,True,False,matched,10.0,2025-08-25,under,0.10459375850354258,2.0,1.0,1.0,False,False,False
2390,0ecf8e7f6a2270d4b7736d7f2e8e101d,103,A'ja Wilson,ajawilson,LVA,points,23.5,-120.0,-108.0,10,10,2025-08-26 04:08:18+00:00,2025-08-26 04:08:18+00:00,2025-08-26 04:08:18+00:00,2025-08-27 23:30:00+00:00,0.0,2025-08-27,2025,REG,ATL,LVA,1.0646853146853146,True,,0.5135396953663074,401736356,3149391,17,20,0,True,False,matched,34.0,2025-08-27,under,0.16670498470093786,1.925925925925926,-1.0,1.0,False,False,False
2390,365bfc739e0dd44c92e8eb51192e4861,102,Jackie Young,jackieyoung,LVA,points,15.5,-115.0,-113.0,10,10,2025-08-26 04:12:48+00:00,2025-08-26 04:12:48+00:00,2025-08-26 04:12:48+00:00,2025-08-27 23:30:00+00:00,0.0,2025-08-27,2025,REG,ATL,LVA,1.0654001528551151,True,,0.5022557674006809,401736356,4065870,17,20,0,True,False,matched,10.0,2025-08-27,under,0.2147916707012817,1.8849557522123894,0.8849557522123894,1.0,False,False,False
2390,7cad624460681059c3d9e559ff4cfa3f,73,NaLyssa Smith,nalyssasmith,LVA,points,7.5,-110.0,-118.0,10,10,2025-08-26 04:12:48+00:00,2025-08-26 04:12:48+00:00,2025-08-26 04:12:48+00:00,2025-08-27 23:30:00+00:00,0.0,2025-08-27,2025,REG,ATL,LVA,1.0650939274792486,True,,0.4909754767731684,401736356,4398776,17,20,0,True,False,matched,2.0,2025-08-27,under,0.13877094675236562,1.847457627118644,0.847457627118644,1.0,False,False,False
2390,ceb507fdd2bd24f3247ef4eac9e1b0fa,107,Chelsea Gray,chelseagray,LVA,assists,5.5,-146.0,110.0,10,10,2025-08-26 04:12:49+00:00,2025-08-26 04:12:49+00:00,2025-08-26 04:12:49+00:00,2025-08-27 23:30:00+00:00,0.0,2025-08-27,2025,REG,ATL,LVA,1.0696864111498257,True,,0.5607420039050215,401736356,2529122,17,20,0,True,False,matched,5.0,2025-08-27,under,0.060469451203210844,2.1,1.1,1.0,False,False,False
2390,91141a2129dcf8f21573dfacac8aa33b,166,Jewell Loyd,jewellloyd,LVA,points,10.5,-125.0,-104.0,10,10,2025-08-26 04:17:19+00:00,2025-08-26 04:17:19+00:00,2025-08-26 04:17:19+00:00,2025-08-27 23:30:00+00:00,0.0,2025-08-27,2025,REG,ATL,LVA,1.065359477124183,True,,0.5236312520088393,401736356,2987869,17,20,0,True,False,matched,14.0,2025-08-27,under,0.2376387842656983,1.9615384615384617,-1.0,1.0,False,False,False
2391,3743b4c4ae4f98190fb1263772e4bcc8,22,Marina Mabrey,marinamabrey,TOR,rebounds,4.5,-125.0,-106.0,10,10,2025-08-26 04:36:47+00:00,2025-08-26 04:36:47+00:00,2025-08-26 04:36:47+00:00,2025-08-28 00:00:00+00:00,0.0,2025-08-27,2025,REG,DAL,CON,1.070118662351672,True,,0.5212291071384377,401736357,3904576,18,3,0,True,False,matched,4.0,2025-08-27,under,0.0540626478922035,1.9433962264150944,0.9433962264150944,1.0,False,False,False
2391,048d82e36fb6743667323d84d056aba2,61,Maddy Siegrist,maddysiegrist,DAL,points,13.5,100.0,-130.0,12,12,2025-08-26 09:47:53+00:00,2025-08-26 09:47:53+00:00,2025-08-26 09:47:53+00:00,2025-08-28 00:00:00+00:00,0.0,2025-08-27,2025,REG,DAL,CON,1.065217391304348,True,,0.4663164946059025,401736357,4399415,3,18,1,True,False,matched,15.0,2025-08-27,under,0.05392674014518456,1.7692307692307692,-1.0,1.0,False,False,False
2389,e16e0944b5fc46f5864380c96c6f9750,45,DeWanna Bonner,dewannabonner,PHO,points,11.5,100.0,-130.0,10,10,2025-08-26 18:26:49+00:00,2025-08-26 18:26:49+00:00,2025-08-26 18:26:49+00:00,2025-08-27 02:00:00+00:00,0.0,2025-08-26,2025,REG,LAS,PHX,1.065217391304348,True,,0.4663164946059025,401736355,869,11,6,0,True,False,matched,14.0,2025-08-26,under,0.11318121956614902,1.7692307692307692,-1.0,1.0,False,False,False
2392,b9feb44fba701b21f7092bd3d011142e,137,Breanna Stewart,breannastewart,NYL,threes,0.5,-245.0,178.0,10,10,2025-08-27 06:19:29+00:00,2025-08-27 06:19:29+00:00,2025-08-27 06:19:29+00:00,2025-08-28 23:00:00+00:00,0.0,2025-08-28,2025,REG,NYL,WAS,1.0698571577520593,True,,0.6816736496668425,401736358,2998928,9,16,1,True,False,matched,1.0,2025-08-28,under,0.5890136418789904,2.7800000000000002,-1.0,1.0,False,False,False
2392,718bb0d485e60c349d4babc97c911c90,572,Kiki Iriafen,kikiiriafen,WAS,rebounds,10.5,110.0,-146.0,10,10,2025-08-27 06:19:29+00:00,2025-08-27 06:19:29+00:00,2025-08-27 06:19:29+00:00,2025-08-28 23:00:00+00:00,0.0,2025-08-28,2025,REG,NYL,WAS,1.0696864111498257,True,,0.4392579960949788,401736358,4898384,16,9,0,True,False,matched,4.0,2025-08-28,under,0.17981040079753785,1.6849315068493151,0.6849315068493151,1.0,False,False,False
2392,6301eeb4862b191fb773e561da8ce0bf,132,Sabrina Ionescu,sabrinaionescu,NYL,assists,5.5,-138.0,104.0,10,10,2025-08-27 06:19:29+00:00,2025-08-27 06:19:29+00:00,2025-08-27 06:19:29+00:00,2025-08-28 23:00:00+00:00,0.0,2025-08-28,2025,REG,NYL,WAS,1.0700280112044818,True,,0.5464208361470752,401736358,4066533,9,16,1,True,True,did_not_play,,2025-08-28,under,0.13642564908255655,2.04,0.0,0.0,False,True,False
2392,09db7f94290e8d609ea2ebed9ecc6aba,573,Sonia Citron,soniacitron,WAS,threes,1.5,-146.0,110.0,10,10,2025-08-27 06:19:29+00:00,2025-08-27 06:19:29+00:00,2025-08-27 06:19:29+00:00,2025-08-28 23:00:00+00:00,0.0,2025-08-28,2025,REG,NYL,WAS,1.0696864111498257,True,,0.5607420039050215,401736358,4433524,16,9,0,True,False,matched,4.0,2025-08-28,under,0.1210856438759052,2.1,-1.0,1.0,False,False,False
2392,581fae5e01ecba4352b9f85c59a5068e,149,Sug Sutton,sugsutton,DAL,assists,4.5,-160.0,120.0,10,10,2025-08-27 06:19:29+00:00,2025-08-27 06:19:29+00:00,2025-08-27 06:19:29+00:00,2025-08-28 23:00:00+00:00,0.0,2025-08-28,2025,REG,NYL,WAS,1.06993006993007,True,,0.583305061424049,401736358,4068159,16,9,0,True,False,matched,3.0,2025-08-28,under,0.11037544441910868,2.2,1.2000000000000002,1.0,False,False,False
2392,74f22326f71f6841c3d3d23d4bcde314,141,Jonquel Jones,jonqueljones,NYL,assists,3.5,118.0,-158.0,10,10,2025-08-27 06:19:29+00:00,2025-08-27 06:19:29+00:00,2025-08-27 06:19:29+00:00,2025-08-28 23:00:00+00:00,0.0,2025-08-28,2025,REG,NYL,WAS,1.0711186971054691,True,,0.42034729080094674,401736358,2999101,9,16,1,True,True,did_not_play,,2025-08-28,under,0.0958069504681609,1.6329113924050633,0.0,0.0,False,True,False
2392,b0300656a445bad8b9619e5abfb597e0,196,Shakira Austin,shakiraaustin,WAS,points,14.5,100.0,-130.0,10,10,2025-08-27 06:19:29+00:00,2025-08-27 06:19:29+00:00,2025-08-27 06:19:29+00:00,2025-08-28 23:00:00+00:00,0.0,2025-08-28,2025,REG,NYL,WAS,1.065217391304348,True,,0.4663164946059025,401736358,4398911,16,9,0,True,False,matched,7.0,2025-08-28,under,0.05902239235307438,1.7692307692307692,0.7692307692307692,1.0,False,False,False
2393,0db8b733824cbb9b77cd3850e924ac93,175,Skylar Diggins,skylardiggins,CHI,points,13.5,-128.0,-102.0,10,10,2025-08-27 06:40:11+00:00,2025-08-27 06:40:11+00:00,2025-08-27 06:40:11+00:00,2025-08-29 00:00:00+00:00,0.0,2025-08-28,2025,REG,MIN,SEA,1.0663540038214347,True,,0.5291749480305961,401736359,2491205,14,8,0,True,False,matched,23.0,2025-08-28,under,0.18528922386211305,1.9803921568627452,-1.0,1.0,False,False,False
2393,dfa83d74752e5d2a8f23b438a6bbb8c2,180,Nneka Ogwumike,nnekaogwumike,LAS,rebounds,6.5,-146.0,110.0,10,10,2025-08-27 06:40:11+00:00,2025-08-27 06:40:11+00:00,2025-08-27 06:40:11+00:00,2025-08-29 00:00:00+00:00,0.0,2025-08-28,2025,REG,MIN,SEA,1.0696864111498257,True,,0.5607420039050215,401736359,1068,14,8,0,True,False,matched,9.0,2025-08-28,under,0.17000258204024254,2.1,-1.0,1.0,False,False,False
2393,7228488fbcc34ecac3d96e9ca361e3f0,112,Napheesa Collier,napheesacollier,MIN,points,21.5,-108.0,-120.0,10,10,2025-08-27 06:40:11+00:00,2025-08-27 06:40:11+00:00,2025-08-27 06:40:11+00:00,2025-08-29 00:00:00+00:00,0.0,2025-08-28,2025,REG,MIN,SEA,1.0646853146853146,True,,0.48646030463369283,401736359,3917450,8,14,1,True,False,matched,18.0,2025-08-28,under,0.056057216780693475,1.8333333333333335,0.8333333333333335,1.0,False,False,False
2393,acdcb6e3e0882b2063acfec62b45ca71,182,Brittney Sykes,brittneysykes,TOR,points,11.5,-122.0,-106.0,10,10,2025-08-27 06:45:24+00:00,2025-08-27 06:45:24+00:00,2025-08-27 06:45:24+00:00,2025-08-29 00:00:00+00:00,0.0,2025-08-28,2025,REG,MIN,SEA,1.064112656345666,True,,0.518058368553134,401736359,2988756,14,8,0,True,False,matched,8.0,2025-08-28,under,0.1022175698139553,1.9433962264150944,0.9433962264150944,1.0,False,False,False
2393,c6c1a209aadc67f37a908ec8693e930e,570,Dominique Malonga,dominiquemalonga,SEA,points,11.5,-114.0,-114.0,10,10,2025-08-27 06:45:24+00:00,2025-08-27 06:45:24+00:00,2025-08-27 06:45:24+00:00,2025-08-29 00:00:00+00:00,0.0,2025-08-28,2025,REG,MIN,SEA,1.0654205607476634,True,,0.5000000000000001,401736359,5220150,14,8,0,True,False,matched,13.0,2025-08-28,under,0.0895607406774786,1.8771929824561404,-1.0,1.0,False,False,False
2393,22f775104792fde14d389c9f0c043ee5,125,Kayla McBride,kaylamcbride,MIN,points,13.5,-122.0,-106.0,10,10,2025-08-27 06:45:24+00:00,2025-08-27 06:45:24+00:00,2025-08-27 06:45:24+00:00,2025-08-29 00:00:00+00:00,0.0,2025-08-28,2025,REG,MIN,SEA,1.064112656345666,True,,0.518058368553134,401736359,2529205,8,14,1,True,False,matched,20.0,2025-08-28,under,0.0706303710969377,1.9433962264150944,-1.0,1.0,False,False,False
2393,48b8aada6fdc267de283bac5079fcbda,117,Courtney Williams,courtneywilliams,MIN,assists,5.5,-158.0,118.0,10,10,2025-08-27 06:45:25+00:00,2025-08-27 06:45:25+00:00,2025-08-27 06:45:25+00:00,2025-08-29 00:00:00+00:00,0.0,2025-08-28,2025,REG,MIN,SEA,1.0711186971054691,True,,0.5796527091990534,401736359,2987891,8,14,1,True,False,matched,10.0,2025-08-28,under,0.1041218874402739,2.1799999999999997,-1.0,1.0,False,False,False
2394,0d8125b29a5a93104b9a191ae2318e40,40,Alyssa Thomas,alyssathomas,PHO,rebounds,9.5,-138.0,104.0,10,10,2025-08-27 06:50:28+00:00,2025-08-27 06:50:28+00:00,2025-08-27 06:50:28+00:00,2025-08-29 02:00:00+00:00,0.0,2025-08-28,2025,REG,PHX,CHI,1.0700280112044818,True,,0.5464208361470752,401736360,2529140,11,19,1,True,False,matched,9.0,2025-08-28,under,0.2101472911957279,2.04,1.04,1.0,False,False,False
2392,508b7328db51bcc2f74164b94cb5feb3,147,Leonie Fiebich,leoniefiebich,NYL,threes,1.5,-115.0,-125.0,33,33,2025-08-27 13:29:12+00:00,2025-08-27 13:29:12+00:00,2025-08-27 13:29:12+00:00,2025-08-28 23:00:00+00:00,0.0,2025-08-28,2025,REG,NYL,WAS,1.0904392764857882,True,,0.489168290835087,401736358,4683006,9,16,1,True,False,matched,0.0,2025-08-28,under,0.15288679348621836,1.8,0.8,1.0,False,False,False
2390,40477f4f31870680639ff1d1b5ffb2fe,148,Brittney Griner,brittneygriner,CON,points,9.5,-105.0,-125.0,19,19,2025-08-27 13:30:20+00:00,2025-08-27 13:30:20+00:00,2025-08-27 13:30:20+00:00,2025-08-27 23:30:00+00:00,0.0,2025-08-27,2025,REG,ATL,LVA,1.067750677506775,True,,0.47757418034290006,401736356,2490553,20,17,1,True,False,matched,2.0,2025-08-27,under,0.12068908137340811,1.8,0.8,1.0,False,False,False
2394,a27779da9b270852a43819befabae736,30,Kamilla Cardoso,kamillacardoso,CHI,rebounds,9.5,100.0,-132.0,10,10,2025-08-27 15:51:47+00:00,2025-08-27 15:51:47+00:00,2025-08-27 15:51:47+00:00,2025-08-29 02:00:00+00:00,0.0,2025-08-28,2025,REG,PHX,CHI,1.0689655172413794,True,,0.46430627616618364,401736360,4433405,19,11,0,True,False,matched,7.0,2025-08-28,under,0.08855523321199293,1.7575757575757576,0.7575757575757576,1.0,False,False,False
2394,607f4ad443867e2d2d1dd933be33c995,155,Kahleah Copper,kahleahcopper,PHO,points,16.5,-122.0,-106.0,10,10,2025-08-27 15:56:53+00:00,2025-08-27 15:56:53+00:00,2025-08-27 15:56:53+00:00,2025-08-29 02:00:00+00:00,0.0,2025-08-28,2025,REG,PHX,CHI,1.064112656345666,True,,0.518058368553134,401736360,2998938,11,19,1,True,False,matched,28.0,2025-08-28,under,0.1622852879867347,1.9433962264150944,-1.0,1.0,False,False,False
2394,4dba013fd57734c0520b482af83195ed,45,DeWanna Bonner,dewannabonner,PHO,rebounds,4.5,100.0,-132.0,10,10,2025-08-27 15:56:53+00:00,2025-08-27 15:56:53+00:00,2025-08-27 15:56:53+00:00,2025-08-29 02:00:00+00:00,0.0,2025-08-28,2025,REG,PHX,CHI,1.0689655172413794,True,,0.46430627616618364,401736360,869,11,19,1,True,False,matched,2.0,2025-08-28,under,0.05027537332682125,1.7575757575757576,0.7575757575757576,1.0,False,False,False
2394,f280917571386bb1028ce76b22df4fbb,185,Ariel Atkins,arielatkins,LAS,threes,1.5,-106.0,-125.0,10,10,2025-08-27 16:07:08+00:00,2025-08-27 16:07:08+00:00,2025-08-27 16:07:08+00:00,2025-08-29 02:00:00+00:00,0.0,2025-08-28,2025,REG,PHX,CHI,1.070118662351672,True,,0.4787708928615623,401736360,3146151,19,11,0,True,False,matched,1.0,2025-08-28,under,0.08813565064769058,1.8,0.8,1.0,False,False,False
2396,e1293cb8316f74ca8f9b68a4e061cdbe,87,Cameron Brink,cameronbrink,LAS,points,7.5,-118.0,-110.0,10,10,2025-08-27 18:04:33+00:00,2025-08-27 18:04:33+00:00,2025-08-27 18:04:33+00:00,2025-08-30 02:00:00+00:00,0.0,2025-08-29,2025,REG,LAS,IND,1.0650939274792486,True,,0.5090245232268319,401736362,4433404,6,5,1,True,False,matched,4.0,2025-08-29,under,0.39102565729135447,1.9090909090909092,0.9090909090909092,1.0,False,False,False
2390,9070f3a59d140e1b4d194812e19b75ea,510,Te-Hina Paopao,tehinapaopao,ATL,threes,1.5,-146.0,110.0,10,10,2025-08-27 18:39:38+00:00,2025-08-27 18:39:38+00:00,2025-08-27 18:39:38+00:00,2025-08-27 23:30:00+00:00,0.0,2025-08-27,2025,REG,ATL,LVA,1.0696864111498257,True,,0.5607420039050215,401736356,4433431,20,17,1,True,False,matched,1.0,2025-08-27,under,0.24963025172670972,2.1,1.1,1.0,False,False,False
2396,400adc41069a2334a2284dcd115078fa,71,Aliyah Boston,aliyahboston,IND,rebounds,8.5,-114.0,-114.0,10,10,2025-08-27 18:39:42+00:00,2025-08-27 18:39:42+00:00,2025-08-27 18:39:42+00:00,2025-08-30 02:00:00+00:00,0.0,2025-08-29,2025,REG,LAS,IND,1.0654205607476634,True,,0.5000000000000001,401736362,4432831,5,6,0,True,False,matched,11.0,2025-08-29,under,0.07358778444653236,1.8771929824561404,-1.0,1.0,False,False,False
2396,3411dd70d03a139389601f2b966365bf,94,Rickea Jackson,rickeajackson,CHI,points,16.5,-102.0,-128.0,10,10,2025-08-27 18:44:52+00:00,2025-08-27 18:44:52+00:00,2025-08-27 18:44:52+00:00,2025-08-30 02:00:00+00:00,0.0,2025-08-29,2025,REG,LAS,IND,1.0663540038214347,True,,0.47082505196940394,401736362,4433630,6,5,1,True,False,matched,8.0,2025-08-29,under,0.10554577301894041,1.78125,0.78125,1.0,False,False,False
2391,dff518f9869e64b73894e78b673e88d8,518,Saniya Rivers,saniyarivers,CON,points,8.5,-128.0,-102.0,10,10,2025-08-27 23:05:00+00:00,2025-08-27 23:05:00+00:00,2025-08-27 23:05:00+00:00,2025-08-28 00:00:00+00:00,0.0,2025-08-27,2025,REG,DAL,CON,1.0663540038214347,True,,0.5291749480305961,401736357,4433514,18,3,0,True,False,matched,11.0,2025-08-27,under,0.1884004433105173,1.9803921568627452,-1.0,1.0,False,False,False
2391,9b062a6c807de339a4a5fd544b40ac5c,39,Leila Lacan,leilalacan,CON,assists,4.5,-130.0,-102.0,10,10,2025-08-27 23:11:29+00:00,2025-08-27 23:11:29+00:00,2025-08-27 23:11:29+00:00,2025-08-28 00:00:00+00:00,0.0,2025-08-27,2025,REG,DAL,CON,1.0701678863538528,True,,0.5312123494364493,401736357,5208981,18,3,0,True,False,matched,6.0,2025-08-27,under,0.07588960016779905,1.9803921568627452,-1.0,1.0,False,False,False
2391,a2b07b227beace388594e24a08845471,526,Aziaha James,aziahajames,DAL,rebounds,3.5,-114.0,-114.0,10,10,2025-08-27 23:29:22+00:00,2025-08-27 23:29:22+00:00,2025-08-27 23:29:22+00:00,2025-08-28 00:00:00+00:00,0.0,2025-08-27,2025,REG,DAL,CON,1.0654205607476634,True,,0.5000000000000001,401736357,4433807,3,18,1,True,False,matched,5.0,2025-08-27,under,0.44490400712187694,1.8771929824561404,-1.0,1.0,False,False,False
2392,ad5ce2e71dd8fbe83d97f0b3f6c5698a,233,Emma Meesseman,emmameesseman,FA,assists,3.5,128.0,-172.0,10,10,2025-08-28 03:23:24+00:00,2025-08-28 03:23:24+00:00,2025-08-28 03:23:24+00:00,2025-08-28 23:00:00+00:00,0.0,2025-08-28,2025,REG,NYL,WAS,1.0709494324045408,True,,0.39957653069922067,401736358,3027368,9,16,1,True,False,matched,5.0,2025-08-28,over,0.0737327640675749,2.2800000000000002,1.2800000000000002,1.0,False,False,False
2393,e1e60245b73c898e9a8e9d5568fd9005,176,Ezi Magbegor,ezimagbegor,SEA,rebounds,5.5,-140.0,105.0,33,33,2025-08-28 10:06:37+00:00,2025-08-28 10:06:37+00:00,2025-08-28 10:06:37+00:00,2025-08-29 00:00:00+00:00,0.0,2025-08-28,2025,REG,MIN,SEA,1.0711382113821137,True,,0.5495039019869297,401736359,4420318,14,8,0,True,False,matched,7.0,2025-08-28,under,0.1159121960365681,2.05,-1.0,1.0,False,False,False
2393,e52c3e2374e828ad69b3874f9baf4094,115,Natisha Hiedeman,natishahiedeman,SEA,threes,1.5,162.0,-220.0,10,10,2025-08-28 15:22:25+00:00,2025-08-28 15:22:25+00:00,2025-08-28 15:22:25+00:00,2025-08-29 00:00:00+00:00,0.0,2025-08-28,2025,REG,MIN,SEA,1.069179389312977,True,,0.3415656920936278,401736359,3906753,8,14,1,True,False,matched,0.0,2025-08-28,under,0.16817758217687065,1.4545454545454546,0.4545454545454546,1.0,False,False,False
2395,9af9e3c1ca2650b9d59fd07e15d3a23f,15,Rhyne Howard,rhynehoward,ATL,threes,2.5,116.0,-154.0,10,10,2025-08-28 15:49:07+00:00,2025-08-28 15:49:07+00:00,2025-08-28 15:49:07+00:00,2025-08-29 23:30:00+00:00,0.0,2025-08-29,2025,REG,ATL,DAL,1.0692621755613883,True,,0.425792012343204,401736361,4398674,20,3,1,True,False,matched,6.0,2025-08-29,over,0.14525000758458828,2.16,1.1600000000000001,1.0,False,False,False
2395,59c8c3b33ac40fc23501a01fb1ddb505,16,Naz Hillmon,nazhillmon,ATL,rebounds,5.5,-144.0,108.0,10,10,2025-08-28 15:49:08+00:00,2025-08-28 15:49:08+00:00,2025-08-28 15:49:08+00:00,2025-08-29 23:30:00+00:00,0.0,2025-08-29,2025,REG,ATL,DAL,1.0709331651954601,True,,0.5566845205396996,401736361,4398915,20,3,1,True,False,matched,5.0,2025-08-29,over,0.15327175891587652,1.6944444444444444,-1.0,1.0,False,False,False
2395,e267e947f5e9b546f643a925762440a7,528,Paige Bueckers,paigebueckers,DAL,points,18.5,-114.0,-114.0,10,10,2025-08-28 15:54:01+00:00,2025-08-28 15:54:01+00:00,2025-08-28 15:54:01+00:00,2025-08-29 23:30:00+00:00,0.0,2025-08-29,2025,REG,ATL,DAL,1.0654205607476634,True,,0.5000000000000001,401736361,4433730,3,20,0,True,False,matched,16.0,2025-08-29,under,0.1817206036336042,1.8771929824561404,0.8771929824561404,1.0,False,False,False
2395,eb51be046f38f82bc4d29ee7de6cb417,61,Maddy Siegrist,maddysiegrist,DAL,points,15.5,-128.0,-102.0,10,10,2025-08-28 15:54:02+00:00,2025-08-28 15:54:02+00:00,2025-08-28 15:54:02+00:00,2025-08-29 23:30:00+00:00,0.0,2025-08-29,2025,REG,ATL,DAL,1.0663540038214347,True,,0.5291749480305961,401736361,4399415,3,20,0,True,False,matched,23.0,2025-08-29,under,0.4115201002722082,1.9803921568627452,-1.0,1.0,False,False,False
2396,545cc6fb443641cff0ca336e6ffc054e,84,Julie Allemand,julieallemand,TOR,assists,6.5,-125.0,-106.0,10,10,2025-08-29 06:07:05+00:00,2025-08-29 06:07:05+00:00,2025-08-29 06:07:05+00:00,2025-08-30 02:00:00+00:00,0.0,2025-08-29,2025,REG,LAS,IND,1.070118662351672,True,,0.5212291071384377,401736362,4001679,6,5,1,True,False,matched,4.0,2025-08-29,under,0.20889366440539842,1.9433962264150944,0.9433962264150944,1.0,False,False,False
2396,474eb434ed8e0b03d17b457ae9f1848d,56,Natasha Howard,natashahoward,MIN,points,11.5,-106.0,-122.0,10,10,2025-08-29 06:16:46+00:00,2025-08-29 06:16:46+00:00,2025-08-29 06:16:46+00:00,2025-08-30 02:00:00+00:00,0.0,2025-08-29,2025,REG,LAS,IND,1.064112656345666,True,,0.4819416314468661,401736362,2529130,5,6,0,True,False,matched,5.0,2025-08-29,under,0.10298431370757366,1.819672131147541,0.819672131147541,1.0,False,False,False
2396,16d7474692e106c9c7c642de63ec0687,70,Kelsey Mitchell,kelseymitchell,IND,assists,4.5,124.0,-166.0,10,10,2025-08-29 06:16:46+00:00,2025-08-29 06:16:46+00:00,2025-08-29 06:16:46+00:00,2025-08-30 02:00:00+00:00,0.0,2025-08-29,2025,REG,LAS,IND,1.0704887218045114,True,,0.40796342297849103,401736362,3142191,5,6,0,True,False,matched,3.0,2025-08-29,under,0.05661750816293115,1.6024096385542168,0.6024096385542168,1.0,False,False,False
2396,39a84c2f465fb4318e94151f604a38f9,76,Lexie Hull,lexiehull,IND,rebounds,4.5,-114.0,-114.0,10,10,2025-08-29 06:16:47+00:00,2025-08-29 06:16:47+00:00,2025-08-29 06:16:47+00:00,2025-08-30 02:00:00+00:00,0.0,2025-08-29,2025,REG,LAS,IND,1.0654205607476634,True,,0.5000000000000001,401736362,4398829,5,6,0,True,False,matched,5.0,2025-08-29,under,0.10837766782750274,1.8771929824561404,-1.0,1.0,False,False,False
2396,ed4e3f39a87099b225285302f4bc62c9,293,Odyssey Sims,odysseysims,DAL,threes,1.5,136.0,-186.0,10,10,2025-08-29 06:21:29+00:00,2025-08-29 06:21:29+00:00,2025-08-29 06:21:29+00:00,2025-08-30 02:00:00+00:00,0.0,2025-08-29,2025,REG,LAS,IND,1.0740784639089722,True,,0.38231581416686883,401736362,2529047,5,6,0,True,False,matched,1.0,2025-08-29,under,0.24461878973520043,1.5376344086021505,0.5376344086021505,1.0,False,False,False
2397,a94784346af8ce7ad576140e4f0ddb1b,112,Napheesa Collier,napheesacollier,MIN,points,22.5,-125.0,-104.0,10,10,2025-08-29 07:04:24+00:00,2025-08-29 07:04:24+00:00,2025-08-29 07:04:24+00:00,2025-08-30 23:00:00+00:00,0.0,2025-08-30,2025,REG,CON,MIN,1.065359477124183,True,,0.5236312520088393,401736363,3917450,8,18,0,True,False,matched,17.0,2025-08-30,under,0.20629979085416006,1.9615384615384617,0.9615384615384617,1.0,False,False,False
2397,cfec71b01ab8e6f0e6ab19088f49da83,117,Courtney Williams,courtneywilliams,MIN,rebounds,4.5,-125.0,-106.0,10,10,2025-08-29 07:04:24+00:00,2025-08-29 07:04:24+00:00,2025-08-29 07:04:24+00:00,2025-08-30 23:00:00+00:00,0.0,2025-08-30,2025,REG,CON,MIN,1.070118662351672,True,,0.5212291071384377,401736363,2987891,8,18,0,True,False,matched,8.0,2025-08-30,under,0.1817805051066565,1.9433962264150944,-1.0,1.0,False,False,False
2397,109857bdd1c330468b0198b23b51812c,125,Kayla McBride,kaylamcbride,MIN,points,13.5,-125.0,-104.0,10,10,2025-08-29 07:04:24+00:00,2025-08-29 07:04:24+00:00,2025-08-29 07:04:24+00:00,2025-08-30 23:00:00+00:00,0.0,2025-08-30,2025,REG,CON,MIN,1.065359477124183,True,,0.5236312520088393,401736363,2529205,8,18,0,True,False,matched,15.0,2025-08-30,under,0.09820327302848086,1.9615384615384617,-1.0,1.0,False,False,False
2399,a5f12197e82c1aeaf85e25092f47ff79,180,Nneka Ogwumike,nnekaogwumike,LAS,rebounds,6.5,-154.0,116.0,10,10,2025-08-29 07:24:39+00:00,2025-08-29 07:24:39+00:00,2025-08-29 07:24:39+00:00,2025-08-31 01:00:00+00:00,0.0,2025-08-30,2025,REG,SEA,CHI,1.0692621755613883,True,,0.574207987656796,401736365,1068,14,19,1,True,False,matched,7.0,2025-08-30,under,0.29789304037240755,2.16,-1.0,1.0,False,False,False
2399,d388d2e26f4b01dc57841b4882441647,175,Skylar Diggins,skylardiggins,CHI,threes,1.5,126.0,-168.0,10,10,2025-08-29 07:24:39+00:00,2025-08-29 07:24:39+00:00,2025-08-29 07:24:39+00:00,2025-08-31 01:00:00+00:00,0.0,2025-08-30,2025,REG,SEA,CHI,1.0693435477479856,True,,0.4045224464881516,401736365,2491205,14,19,1,True,False,matched,1.0,2025-08-30,under,0.09200357828733974,1.5952380952380953,0.5952380952380953,1.0,False,False,False
2399,1a4e8024434a2f1e7ecb3a401bab8708,185,Ariel Atkins,arielatkins,LAS,points,13.5,-122.0,-106.0,10,10,2025-08-29 07:24:39+00:00,2025-08-29 07:24:39+00:00,2025-08-29 07:24:39+00:00,2025-08-31 01:00:00+00:00,0.0,2025-08-30,2025,REG,SEA,CHI,1.064112656345666,True,,0.518058368553134,401736365,3146151,19,14,0,True,False,matched,7.0,2025-08-30,under,0.0748332079385211,1.9433962264150944,0.9433962264150944,1.0,False,False,False
2400,6479ed962ba5fe5122579c7d52410692,40,Alyssa Thomas,alyssathomas,PHO,rebounds,9.5,-144.0,108.0,10,10,2025-08-29 07:24:40+00:00,2025-08-29 07:24:40+00:00,2025-08-29 07:24:40+00:00,2025-08-31 02:00:00+00:00,0.0,2025-08-30,2025,REG,PHX,NYL,1.0709331651954601,True,,0.5566845205396996,401736366,2529140,11,9,1,True,False,matched,5.0,2025-08-30,under,0.14940662382119962,2.08,1.08,1.0,False,False,False
2399,4d6739d4dd47686635b7e0b63b1a1be3,30,Kamilla Cardoso,kamillacardoso,CHI,rebounds,9.5,-114.0,-114.0,10,10,2025-08-29 07:24:40+00:00,2025-08-29 07:24:40+00:00,2025-08-29 07:24:40+00:00,2025-08-31 01:00:00+00:00,0.0,2025-08-30,2025,REG,SEA,CHI,1.0654205607476634,True,,0.5000000000000001,401736365,4433405,19,14,0,True,False,matched,10.0,2025-08-30,under,0.1437606291702448,1.8771929824561404,-1.0,1.0,False,False,False
2399,d0e107efe5a2caea71c747ff104fc21f,26,Angel Reese,angelreese,ATL,rebounds,13.5,110.0,-146.0,10,10,2025-08-29 07:24:40+00:00,2025-08-29 07:24:40+00:00,2025-08-29 07:24:40+00:00,2025-08-31 01:00:00+00:00,0.0,2025-08-30,2025,REG,SEA,CHI,1.0696864111498257,True,,0.4392579960949788,401736365,4433402,19,14,0,True,False,matched,10.0,2025-08-30,under,0.09436876230598656,1.6849315068493151,0.6849315068493151,1.0,False,False,False
2400,2cb58d1b49b5d45430b45d1cf96a489d,137,Breanna Stewart,breannastewart,NYL,points,16.5,-106.0,-122.0,10,10,2025-08-29 07:29:57+00:00,2025-08-29 07:29:57+00:00,2025-08-29 07:29:57+00:00,2025-08-31 02:00:00+00:00,0.0,2025-08-30,2025,REG,PHX,NYL,1.064112656345666,True,,0.4819416314468661,401736366,2998928,9,11,0,True,False,matched,14.0,2025-08-30,under,0.1589224258352973,1.819672131147541,0.819672131147541,1.0,False,False,False
2400,f1ab60ba046b4e2e0d14e2fa03042ae5,141,Jonquel Jones,jonqueljones,NYL,points,14.5,-125.0,-104.0,10,10,2025-08-29 16:59:06+00:00,2025-08-29 16:59:06+00:00,2025-08-29 16:59:06+00:00,2025-08-31 02:00:00+00:00,0.0,2025-08-30,2025,REG,PHX,NYL,1.065359477124183,True,,0.5236312520088393,401736366,2999101,9,11,0,True,False,matched,6.0,2025-08-30,under,0.11346557516322098,1.9615384615384617,0.9615384615384617,1.0,False,False,False
2400,11e68654b775dd48f259a8b119f420ec,155,Kahleah Copper,kahleahcopper,PHO,points,16.5,-120.0,-108.0,10,10,2025-08-29 17:04:30+00:00,2025-08-29 17:04:30+00:00,2025-08-29 17:04:30+00:00,2025-08-31 02:00:00+00:00,0.0,2025-08-30,2025,REG,PHX,NYL,1.0646853146853146,True,,0.5135396953663074,401736366,2998938,11,9,1,True,False,matched,22.0,2025-08-30,under,0.12508391689842502,1.925925925925926,-1.0,1.0,False,False,False
2396,f04d5ecf1b6401748edcb57be41bb5c1,89,Dearica Hamby,dearicahamby,LAS,assists,3.5,160.0,-210.0,13,13,2025-08-29 17:06:56+00:00,2025-08-29 17:06:56+00:00,2025-08-29 17:06:56+00:00,2025-08-30 02:00:00+00:00,0.0,2025-08-29,2025,REG,LAS,IND,1.062034739454094,True,,0.34893573618775153,401736362,2566106,6,5,1,True,False,matched,2.0,2025-08-29,over,0.06324093463719305,2.6,-1.0,1.0,False,False,False
2398,7d6377262b0d57d889c7601b5ca00625,573,Sonia Citron,soniacitron,WAS,threes,1.5,-166.0,124.0,10,10,2025-08-29 17:15:28+00:00,2025-08-29 17:15:28+00:00,2025-08-29 17:15:28+00:00,2025-08-31 00:30:00+00:00,0.0,2025-08-30,2025,REG,GSV,WAS,1.0704887218045114,True,,0.5920365770215091,401736364,4433524,16,129689,0,True,False,matched,1.0,2025-08-30,under,0.1921797788149121,2.24,1.2400000000000002,1.0,False,False,False
2398,ce1141fd5b7492b4d267ae5dc9b609fe,196,Shakira Austin,shakiraaustin,WAS,rebounds,6.5,-125.0,-106.0,10,10,2025-08-29 17:20:48+00:00,2025-08-29 17:20:48+00:00,2025-08-29 17:20:48+00:00,2025-08-31 00:30:00+00:00,0.0,2025-08-30,2025,REG,GSV,WAS,1.070118662351672,True,,0.5212291071384377,401736364,4398911,16,129689,0,True,False,matched,2.0,2025-08-30,under,0.12991388959455763,1.9433962264150944,0.9433962264150944,1.0,False,False,False
2398,a87a6dad4641676bca0429d507d4bc09,572,Kiki Iriafen,kikiiriafen,WAS,rebounds,8.5,-138.0,104.0,10,10,2025-08-29 17:41:18+00:00,2025-08-29 17:41:18+00:00,2025-08-29 17:41:18+00:00,2025-08-31 00:30:00+00:00,0.0,2025-08-30,2025,REG,GSV,WAS,1.0700280112044818,True,,0.5464208361470752,401736364,4898384,16,129689,0,True,False,matched,3.0,2025-08-30,under,0.13636409606568456,2.04,1.04,1.0,False,False,False
2398,efc5672685e6ccc509bf08c44b26688e,537,Janelle Salaun,janellesalaun,GSV,rebounds,4.5,-158.0,118.0,10,10,2025-08-29 17:41:19+00:00,2025-08-29 17:41:19+00:00,2025-08-29 17:41:19+00:00,2025-08-31 00:30:00+00:00,0.0,2025-08-30,2025,REG,GSV,WAS,1.0711186971054691,True,,0.5796527091990534,401736364,4790264,129689,16,1,True,False,matched,6.0,2025-08-30,under,0.1449874803319065,2.1799999999999997,-1.0,1.0,False,False,False
2397,07d5f813b1a63932e2207e579978bcce,22,Marina Mabrey,marinamabrey,TOR,rebounds,4.5,102.0,-136.0,10,10,2025-08-29 19:14:03+00:00,2025-08-29 19:14:03+00:00,2025-08-29 19:14:03+00:00,2025-08-30 23:00:00+00:00,0.0,2025-08-30,2025,REG,CON,MIN,1.071320691391173,True,,0.4579067075572801,401736363,3904576,18,8,1,True,False,matched,4.0,2025-08-30,under,0.097940882206559,1.7352941176470589,0.7352941176470589,1.0,False,False,False
2397,3be746100ea14b10d35e6b619673c753,519,Aneesah Morrow,aneesahmorrow,CON,rebounds,8.5,-114.0,-114.0,10,10,2025-08-29 19:14:03+00:00,2025-08-29 19:14:03+00:00,2025-08-29 19:14:03+00:00,2025-08-30 23:00:00+00:00,0.0,2025-08-30,2025,REG,CON,MIN,1.0654205607476634,True,,0.5000000000000001,401736363,4684384,18,8,1,True,False,matched,11.0,2025-08-30,under,0.0869088789835033,1.8771929824561404,-1.0,1.0,False,False,False
2397,6a9373bee65a1ddd84760194c63003c2,9,Tina Charles,tinacharles,FA,points,14.5,-128.0,-102.0,10,10,2025-08-29 19:14:03+00:00,2025-08-29 19:14:03+00:00,2025-08-29 19:14:03+00:00,2025-08-30 23:00:00+00:00,0.0,2025-08-30,2025,REG,CON,MIN,1.0663540038214347,True,,0.5291749480305961,401736363,918,18,8,1,True,False,matched,14.0,2025-08-30,under,0.05253311882568912,1.9803921568627452,0.9803921568627452,1.0,False,False,False
2395,ceae0ac7cea53c9c5ba5f761d6c7e56a,193,Myisha Hines-Allen,myishahinesallen,IND,assists,3.5,-144.0,108.0,10,10,2025-08-29 22:59:33+00:00,2025-08-29 22:59:33+00:00,2025-08-29 22:59:33+00:00,2025-08-29 23:30:00+00:00,0.0,2025-08-29,2025,REG,ATL,DAL,1.0709331651954601,True,,0.5566845205396996,401736361,3142055,3,20,0,True,False,matched,2.0,2025-08-29,under,0.6482365079960613,2.08,1.08,1.0,False,False,False
2400,d31303756cead095b036a718e1f69aeb,132,Sabrina Ionescu,sabrinaionescu,NYL,assists,6.5,122.0,-162.0,10,10,2025-08-30 05:06:45+00:00,2025-08-30 05:06:45+00:00,2025-08-30 05:06:45+00:00,2025-08-31 02:00:00+00:00,0.0,2025-08-30,2025,REG,PHX,NYL,1.0687710611374732,True,,0.41310819110441305,401736366,4066533,9,11,0,True,True,did_not_play,,2025-08-30,under,0.16698632564744964,1.617283950617284,0.0,0.0,False,True,False
2400,7d94792cd1b9cd089479ee06e084766b,163,Natasha Cloud,natashacloud,CHI,assists,5.5,108.0,-144.0,10,10,2025-08-30 05:11:49+00:00,2025-08-30 05:11:49+00:00,2025-08-30 05:11:49+00:00,2025-08-31 02:00:00+00:00,0.0,2025-08-30,2025,REG,PHX,NYL,1.0709331651954601,True,,0.4433154794603006,401736366,2529137,9,11,0,True,False,matched,4.0,2025-08-30,under,0.23242333372789858,1.6944444444444444,0.6944444444444444,1.0,False,False,False
2402,0921a95ac740e650e7cd6ae60ff94f45,70,Kelsey Mitchell,kelseymitchell,IND,points,20.5,-113.0,-115.0,10,10,2025-08-30 05:18:18+00:00,2025-08-30 05:18:18+00:00,2025-08-30 05:18:18+00:00,2025-09-01 00:30:00+00:00,0.0,2025-08-31,2025,REG,GSV,IND,1.0654001528551151,True,,0.49774423259931944,401736368,3142191,5,129689,0,True,False,matched,14.0,2025-08-31,under,0.15314110609123827,1.8695652173913042,0.8695652173913042,1.0,False,False,False
2402,750564116cba25f66cda7cdd4ca7ded6,293,Odyssey Sims,odysseysims,DAL,assists,4.5,132.0,-178.0,10,10,2025-08-30 05:18:18+00:00,2025-08-30 05:18:18+00:00,2025-08-30 05:18:18+00:00,2025-09-01 00:30:00+00:00,0.0,2025-08-31,2025,REG,GSV,IND,1.0713222525427932,True,,0.39151484883498083,401736368,2529047,5,129689,0,True,False,matched,5.0,2025-08-31,under,0.12345206591269597,1.5617977528089888,-1.0,1.0,False,False,False
2402,f0d00913f36504a0a0b2f7b5efb50e91,71,Aliyah Boston,aliyahboston,IND,assists,3.5,100.0,-132.0,10,10,2025-08-30 05:18:18+00:00,2025-08-30 05:18:18+00:00,2025-08-30 05:18:18+00:00,2025-09-01 00:30:00+00:00,0.0,2025-08-31,2025,REG,GSV,IND,1.0689655172413794,True,,0.46430627616618364,401736368,4432831,5,129689,0,True,False,matched,3.0,2025-08-31,under,0.11761722428460503,1.7575757575757576,0.7575757575757576,1.0,False,False,False
2402,7de7d196280d5094f0c40af3c7031f0a,56,Natasha Howard,natashahoward,MIN,points,10.5,100.0,-130.0,10,10,2025-08-30 05:18:18+00:00,2025-08-30 05:18:18+00:00,2025-08-30 05:18:18+00:00,2025-09-01 00:30:00+00:00,0.0,2025-08-31,2025,REG,GSV,IND,1.065217391304348,True,,0.4663164946059025,401736368,2529130,5,129689,0,True,False,matched,13.0,2025-08-31,under,0.08794535917694973,1.7692307692307692,-1.0,1.0,False,False,False
2401,b2be9c0e5eac1e1f9e0ee05aae8e85e8,94,Rickea Jackson,rickeajackson,CHI,points,16.5,-110.0,-118.0,10,10,2025-08-30 05:47:25+00:00,2025-08-30 05:47:25+00:00,2025-08-30 05:47:25+00:00,2025-09-01 00:00:00+00:00,0.0,2025-08-31,2025,REG,LAS,WAS,1.0650939274792486,True,,0.4909754767731684,401736367,4433630,6,16,1,True,False,matched,16.0,2025-08-31,under,0.18492925044635877,1.847457627118644,0.847457627118644,1.0,False,False,False
2401,ee82ae3b3f10e8161ef819c0fed1fd1d,101,Kelsey Plum,kelseyplum,LAS,points,20.5,-104.0,-125.0,10,10,2025-08-30 05:47:25+00:00,2025-08-30 05:47:25+00:00,2025-08-30 05:47:25+00:00,2025-09-01 00:00:00+00:00,0.0,2025-08-31,2025,REG,LAS,WAS,1.065359477124183,True,,0.4763687479911608,401736367,3065570,6,16,1,True,False,matched,18.0,2025-08-31,under,0.09092028230132082,1.8,0.8,1.0,False,False,False
2401,b1c6ec900e0e4d34af7dd1c01383acee,87,Cameron Brink,cameronbrink,LAS,rebounds,4.5,-166.0,124.0,10,10,2025-08-30 05:47:26+00:00,2025-08-30 05:47:26+00:00,2025-08-30 05:47:26+00:00,2025-09-01 00:00:00+00:00,0.0,2025-08-31,2025,REG,LAS,WAS,1.0704887218045114,True,,0.5920365770215091,401736367,4433404,6,16,1,True,False,matched,2.0,2025-08-31,under,0.2748685684260966,2.24,1.2400000000000002,1.0,False,False,False
2401,c06c3582cfdf969f768cef17d0a6d0ec,89,Dearica Hamby,dearicahamby,LAS,points,17.5,-120.0,-108.0,10,10,2025-08-30 05:47:26+00:00,2025-08-30 05:47:26+00:00,2025-08-30 05:47:26+00:00,2025-09-01 00:00:00+00:00,0.0,2025-08-31,2025,REG,LAS,WAS,1.0646853146853146,True,,0.5135396953663074,401736367,2566106,6,16,1,True,False,matched,20.0,2025-08-31,under,0.1044595807235173,1.925925925925926,-1.0,1.0,False,False,False
2399,6b85bb9efd24497885ba109662f81f8b,208,Gabby Williams,gabbywilliams,GSV,points,10.5,-114.0,-114.0,10,10,2025-08-30 19:11:04+00:00,2025-08-30 19:11:04+00:00,2025-08-30 19:11:04+00:00,2025-08-31 01:00:00+00:00,0.0,2025-08-30,2025,REG,SEA,CHI,1.0654205607476634,True,,0.5000000000000001,401736365,3142328,14,19,1,True,False,matched,12.0,2025-08-30,under,0.05685454066528073,1.8771929824561404,-1.0,1.0,False,False,False
2397,b2e4e127f5689b0cb1713851c155e37c,115,Natisha Hiedeman,natishahiedeman,SEA,threes,0.5,-192.0,142.0,10,10,2025-08-30 19:31:16+00:00,2025-08-30 19:31:16+00:00,2025-08-30 19:31:16+00:00,2025-08-30 23:00:00+00:00,0.0,2025-08-30,2025,REG,CON,MIN,1.0707573870712102,True,,0.6266397913999663,401736363,3906753,8,18,0,True,False,matched,0.0,2025-08-30,under,0.15007776024067265,2.42,1.42,1.0,False,False,False
2398,814d188d7a414b960a44893624113a3b,149,Sug Sutton,sugsutton,DAL,assists,3.5,-213.0,155.0,60,60,2025-08-30 19:33:39+00:00,2025-08-30 19:33:39+00:00,2025-08-30 19:33:39+00:00,2025-08-31 00:30:00+00:00,0.0,2025-08-30,2025,REG,GSV,WAS,1.0726680448537242,True,,0.6496711932550505,401736364,4068159,16,129689,0,True,False,matched,3.0,2025-08-30,under,0.12437330311499284,2.55,1.5499999999999998,1.0,False,False,False
2399,37d88b761aefa264a0ba4ccea8b716c1,36,Rachel Banham,rachelbanham,CHI,points,9.5,178.0,-244.0,60,60,2025-08-30 23:06:30+00:00,2025-08-30 23:06:30+00:00,2025-08-30 23:06:30+00:00,2025-08-31 01:00:00+00:00,0.0,2025-08-30,2025,REG,SEA,CHI,1.0690145557972226,True,,0.3188533774347294,401736365,2566186,19,14,0,True,False,matched,5.0,2025-08-30,over,0.07949331031642959,2.7800000000000002,-1.0,1.0,False,False,False
2398,be6d4511410fbb5c587ca19ba83e3959,13,Iliana Rupert,ilianarupert,GSV,points,10.5,-128.0,-102.0,10,10,2025-08-31 00:08:22+00:00,2025-08-31 00:08:22+00:00,2025-08-31 00:08:22+00:00,2025-08-31 00:30:00+00:00,0.0,2025-08-30,2025,REG,GSV,WAS,1.0663540038214347,True,,0.5291749480305961,401736364,4790263,129689,16,1,True,False,matched,7.0,2025-08-30,under,0.3669003457313478,1.9803921568627452,0.9803921568627452,1.0,False,False,False
2400,ff31425b016a96c7be436ebe0e9885a6,130,Kennedy Burke,kennedyburke,CON,points,9.5,-110.0,-118.0,10,10,2025-08-31 00:08:24+00:00,2025-08-31 00:08:24+00:00,2025-08-31 00:08:24+00:00,2025-08-31 02:00:00+00:00,0.0,2025-08-30,2025,REG,PHX,NYL,1.0650939274792486,True,,0.4909754767731684,401736366,3922628,9,11,0,True,False,matched,1.0,2025-08-30,under,0.194004866671441,1.847457627118644,0.847457627118644,1.0,False,False,False
2400,ef909201aeded709e90807d3723cff8d,147,Leonie Fiebich,leoniefiebich,NYL,points,9.5,-104.0,-125.0,10,10,2025-08-31 00:18:15+00:00,2025-08-31 00:18:15+00:00,2025-08-31 00:18:15+00:00,2025-08-31 02:00:00+00:00,0.0,2025-08-30,2025,REG,PHX,NYL,1.065359477124183,True,,0.4763687479911608,401736366,4683006,9,11,0,True,False,matched,4.0,2025-08-30,under,0.1965213729406935,1.8,0.8,1.0,False,False,False
2402,fdded575b1934caeb5de77ade0fb39fc,537,Janelle Salaun,janellesalaun,GSV,points,12.5,-102.0,-128.0,10,10,2025-08-31 02:47:00+00:00,2025-08-31 02:47:00+00:00,2025-08-31 02:47:00+00:00,2025-09-01 00:30:00+00:00,0.0,2025-08-31,2025,REG,GSV,IND,1.0663540038214347,True,,0.47082505196940394,401736368,4790264,129689,5,1,True,False,matched,10.0,2025-08-31,under,0.12931460423546204,1.78125,0.78125,1.0,False,False,False
2402,9a928ea7de1af43a92fb06d8040c8174,55,Veronica Burton,veronicaburton,GSV,points,14.5,-114.0,-114.0,10,10,2025-08-31 02:47:00+00:00,2025-08-31 02:47:00+00:00,2025-08-31 02:47:00+00:00,2025-09-01 00:30:00+00:00,0.0,2025-08-31,2025,REG,GSV,IND,1.0654205607476634,True,,0.5000000000000001,401736368,4398935,129689,5,1,True,False,matched,8.0,2025-08-31,under,0.06987043781026214,1.8771929824561404,0.8771929824561404,1.0,False,False,False
2401,45ef47cacbf57b978b3e90747db8e6c2,573,Sonia Citron,soniacitron,WAS,assists,2.5,-158.0,118.0,10,10,2025-08-31 03:07:15+00:00,2025-08-31 03:07:15+00:00,2025-08-31 03:07:15+00:00,2025-09-01 00:00:00+00:00,0.0,2025-08-31,2025,REG,LAS,WAS,1.0711186971054691,True,,0.5796527091990534,401736367,4433524,16,6,0,True,False,matched,3.0,2025-08-31,under,0.170327226287041,2.1799999999999997,-1.0,1.0,False,False,False
2403,cabf384e6b82696f1cd78022df3f7997,49,Brionna Jones,brionnajones,ATL,points,12.5,-114.0,-114.0,10,10,2025-08-31 05:14:23+00:00,2025-08-31 05:14:23+00:00,2025-08-31 05:14:23+00:00,2025-09-01 17:00:00+00:00,0.0,2025-09-01,2025,REG,CON,ATL,1.0654205607476634,True,,0.5000000000000001,401736369,3058895,20,18,0,True,False,matched,10.0,2025-09-01,under,0.11562871813061482,1.8771929824561404,0.8771929824561404,1.0,False,False,False
2403,229abb586b75077e6d75e2db0a6c444e,1,Allisha Gray,allishagray,ATL,points,17.5,-118.0,-110.0,10,10,2025-08-31 05:14:23+00:00,2025-08-31 05:14:23+00:00,2025-08-31 05:14:23+00:00,2025-09-01 17:00:00+00:00,0.0,2025-09-01,2025,REG,CON,ATL,1.0650939274792486,True,,0.5090245232268319,401736369,3058901,20,18,0,True,False,matched,17.0,2025-09-01,under,0.10875809669816788,1.9090909090909092,0.9090909090909092,1.0,False,False,False
2403,aa69ff3a01256be0829eef77c1ad3378,15,Rhyne Howard,rhynehoward,ATL,points,17.5,-113.0,-115.0,10,10,2025-08-31 05:14:23+00:00,2025-08-31 05:14:23+00:00,2025-08-31 05:14:23+00:00,2025-09-01 17:00:00+00:00,0.0,2025-09-01,2025,REG,CON,ATL,1.0654001528551151,True,,0.49774423259931944,401736369,4398674,20,18,0,True,False,matched,23.0,2025-09-01,under,0.100529244991724,1.8695652173913042,-1.0,1.0,False,False,False
2403,d81b1f60581b78eceed98f5a22cea6fb,39,Leila Lacan,leilalacan,CON,assists,4.5,-158.0,118.0,10,10,2025-08-31 05:14:24+00:00,2025-08-31 05:14:24+00:00,2025-08-31 05:14:24+00:00,2025-09-01 17:00:00+00:00,0.0,2025-09-01,2025,REG,CON,ATL,1.0711186971054691,True,,0.5796527091990534,401736369,5208981,18,20,1,True,False,matched,4.0,2025-09-01,under,0.19875150181706042,2.1799999999999997,1.1799999999999997,1.0,False,False,False
2403,2c895d30f654f3686c0b8adb2d5c55f1,22,Marina Mabrey,marinamabrey,TOR,points,14.5,-114.0,-114.0,10,10,2025-08-31 05:14:24+00:00,2025-08-31 05:14:24+00:00,2025-08-31 05:14:24+00:00,2025-09-01 17:00:00+00:00,0.0,2025-09-01,2025,REG,CON,ATL,1.0654205607476634,True,,0.5000000000000001,401736369,3904576,18,20,1,True,False,matched,12.0,2025-09-01,under,0.11271969468294518,1.8771929824561404,0.8771929824561404,1.0,False,False,False
2404,eda76587d57f5465d63905c3666a4c17,117,Courtney Williams,courtneywilliams,MIN,rebounds,4.5,-138.0,104.0,10,10,2025-08-31 05:33:16+00:00,2025-08-31 05:33:16+00:00,2025-08-31 05:33:16+00:00,2025-09-02 00:00:00+00:00,0.0,2025-09-01,2025,REG,MIN,DAL,1.0700280112044818,True,,0.5464208361470752,401736370,2987891,8,3,1,True,False,matched,3.0,2025-09-01,under,0.09322811089237126,2.04,1.04,1.0,False,False,False
2404,9e7d9000a3b9bd13e98d47d46106e535,528,Paige Bueckers,paigebueckers,DAL,assists,4.5,-106.0,-125.0,10,10,2025-08-31 05:33:16+00:00,2025-08-31 05:33:16+00:00,2025-08-31 05:33:16+00:00,2025-09-02 00:00:00+00:00,0.0,2025-09-01,2025,REG,MIN,DAL,1.070118662351672,True,,0.4787708928615623,401736370,4433730,3,8,0,True,False,matched,2.0,2025-09-01,over,0.06492365972219122,1.9433962264150944,-1.0,1.0,False,False,False
2404,14b81449d4af16d2f62538a5e4166851,193,Myisha Hines-Allen,myishahinesallen,IND,rebounds,7.5,104.0,-138.0,10,10,2025-08-31 05:42:50+00:00,2025-08-31 05:42:50+00:00,2025-08-31 05:42:50+00:00,2025-09-02 00:00:00+00:00,0.0,2025-09-01,2025,REG,MIN,DAL,1.0700280112044818,True,,0.4535791638529251,401736370,3142055,3,8,0,True,False,matched,8.0,2025-09-01,under,0.29235309743824484,1.7246376811594204,-1.0,1.0,False,False,False
2404,0047f4950afbd095fd4e4a40330a0b4a,61,Maddy Siegrist,maddysiegrist,DAL,points,13.5,-128.0,-102.0,10,10,2025-08-31 05:42:50+00:00,2025-08-31 05:42:50+00:00,2025-08-31 05:42:50+00:00,2025-09-02 00:00:00+00:00,0.0,2025-09-01,2025,REG,MIN,DAL,1.0663540038214347,True,,0.5291749480305961,401736370,4399415,3,8,0,True,False,matched,12.0,2025-09-01,under,0.15150664130164737,1.9803921568627452,0.9803921568627452,1.0,False,False,False
2405,495d80bd6f10a422ba5fe63a0eb95137,180,Nneka Ogwumike,nnekaogwumike,LAS,rebounds,7.5,-108.0,-122.0,10,10,2025-08-31 06:17:23+00:00,2025-08-31 06:17:23+00:00,2025-08-31 06:17:23+00:00,2025-09-02 02:00:00+00:00,0.0,2025-09-01,2025,REG,SEA,LAS,1.0687803187803186,True,,0.48431040390879443,401736371,1068,14,6,1,True,False,matched,3.0,2025-09-01,under,0.20332493718638484,1.819672131147541,0.819672131147541,1.0,False,False,False
2405,c257b7212a2a889cf9529792309b4ef4,208,Gabby Williams,gabbywilliams,GSV,points,11.5,-106.0,-122.0,10,10,2025-08-31 06:17:23+00:00,2025-08-31 06:17:23+00:00,2025-08-31 06:17:23+00:00,2025-09-02 02:00:00+00:00,0.0,2025-09-01,2025,REG,SEA,LAS,1.064112656345666,True,,0.4819416314468661,401736371,3142328,14,6,1,True,False,matched,8.0,2025-09-01,under,0.09980103818656177,1.819672131147541,0.819672131147541,1.0,False,False,False
2401,c99013787c1e62f79b9e8ee5226ca234,84,Julie Allemand,julieallemand,TOR,rebounds,3.5,-136.0,104.0,10,10,2025-08-31 23:30:42+00:00,2025-08-31 23:30:42+00:00,2025-08-31 23:30:42+00:00,2025-09-01 00:00:00+00:00,0.0,2025-08-31,2025,REG,LAS,WAS,1.0664672648720506,True,,0.5444880602493525,401736367,4001679,6,16,1,True,False,matched,6.0,2025-08-31,under,0.1373834429490336,2.04,-1.0,1.0,False,False,False
2402,a1b6ee167b35f97a58e849a1e440e16f,13,Iliana Rupert,ilianarupert,GSV,points,14.5,326.0,-435.0,60,60,2025-09-01 00:06:38+00:00,2025-09-01 00:06:38+00:00,2025-09-01 00:06:38+00:00,2025-09-01 00:30:00+00:00,0.0,2025-08-31,2025,REG,GSV,IND,1.0478258961870914,True,,0.2033895549305386,401736368,4790263,129689,5,1,True,False,matched,21.0,2025-08-31,under,0.056601779601854585,1.2298850574712643,-1.0,1.0,False,False,False
2402,8921e9135ab6f87dd41224b2210f0268,72,Temi Fagbenle,temifagbenle,TOR,points,6.5,-120.0,-110.0,13,13,2025-09-01 00:08:26+00:00,2025-09-01 00:08:26+00:00,2025-09-01 00:08:26+00:00,2025-09-01 00:30:00+00:00,0.0,2025-08-31,2025,REG,GSV,IND,1.0692640692640691,True,,0.5112040114787568,401736368,2569044,129689,5,1,True,False,matched,6.0,2025-08-31,under,0.086815207587644,1.9090909090909092,0.9090909090909092,1.0,False,False,False
2405,68e2a5b06146b3cf3a44a597236a7023,94,Rickea Jackson,rickeajackson,CHI,points,15.5,-114.0,-114.0,10,10,2025-09-01 02:16:47+00:00,2025-09-01 02:16:47+00:00,2025-09-01 02:16:47+00:00,2025-09-02 02:00:00+00:00,0.0,2025-09-01,2025,REG,SEA,LAS,1.0654205607476634,True,,0.5000000000000001,401736371,4433630,6,14,0,True,False,matched,23.0,2025-09-01,under,0.23851181347240047,1.8771929824561404,-1.0,1.0,False,False,False
2405,ae10827201b71c570aabac5e00085779,101,Kelsey Plum,kelseyplum,LAS,assists,5.5,-106.0,-125.0,10,10,2025-09-01 02:16:47+00:00,2025-09-01 02:16:47+00:00,2025-09-01 02:16:47+00:00,2025-09-02 02:00:00+00:00,0.0,2025-09-01,2025,REG,SEA,LAS,1.070118662351672,True,,0.4787708928615623,401736371,3065570,6,14,0,True,False,matched,7.0,2025-09-01,under,0.1015186510017006,1.8,-1.0,1.0,False,False,False
2405,51a77b6317c8501ae31eb506ac747097,89,Dearica Hamby,dearicahamby,LAS,points,17.5,102.0,-132.0,10,10,2025-09-01 02:16:47+00:00,2025-09-01 02:16:47+00:00,2025-09-01 02:16:47+00:00,2025-09-02 02:00:00+00:00,0.0,2025-09-01,2025,REG,SEA,LAS,1.0640150221918745,True,,0.4618487426836327,401736371,2566106,6,14,0,True,False,matched,27.0,2025-09-01,under,0.10005859438243236,1.7575757575757576,-1.0,1.0,False,False,False
2405,cc29e21877684b022452a8ef9b74315c,87,Cameron Brink,cameronbrink,LAS,points,5.5,-115.0,-113.0,10,10,2025-09-01 02:35:17+00:00,2025-09-01 02:35:17+00:00,2025-09-01 02:35:17+00:00,2025-09-02 02:00:00+00:00,0.0,2025-09-01,2025,REG,SEA,LAS,1.0654001528551151,True,,0.5022557674006809,401736371,4433404,6,14,0,True,False,matched,9.0,2025-09-01,under,0.13923642043246676,1.8849557522123894,-1.0,1.0,False,False,False
2406,ca9e2f532f5490e3aabd12634403d41d,293,Odyssey Sims,odysseysims,DAL,threes,1.5,164.0,-225.0,10,10,2025-09-01 04:46:59+00:00,2025-09-01 04:46:59+00:00,2025-09-01 04:46:59+00:00,2025-09-03 02:00:00+00:00,0.0,2025-09-02,2025,REG,PHX,IND,1.0710955710955712,True,,0.33738864980507277,401736373,2529047,5,11,0,True,False,matched,1.0,2025-09-02,under,0.14882936424057444,1.4444444444444444,0.4444444444444444,1.0,False,False,False
2406,8eb8a5b418edd771449dc86316bc5f9d,54,Satou Sabally,satousabally,NYL,rebounds,5.5,-106.0,-125.0,10,10,2025-09-01 04:46:59+00:00,2025-09-01 04:46:59+00:00,2025-09-01 04:46:59+00:00,2025-09-03 02:00:00+00:00,0.0,2025-09-02,2025,REG,PHX,IND,1.070118662351672,True,,0.4787708928615623,401736373,4281929,11,5,1,True,False,matched,2.0,2025-09-02,under,0.1402650677564765,1.8,0.8,1.0,False,False,False
2406,bc8f5993da396def166e3c2b04aec483,70,Kelsey Mitchell,kelseymitchell,IND,threes,2.5,-114.0,-114.0,10,10,2025-09-01 04:46:59+00:00,2025-09-01 04:46:59+00:00,2025-09-01 04:46:59+00:00,2025-09-03 02:00:00+00:00,0.0,2025-09-02,2025,REG,PHX,IND,1.0654205607476634,True,,0.5000000000000001,401736373,3142191,5,11,0,True,False,matched,5.0,2025-09-02,under,0.11629177079975361,1.8771929824561404,-1.0,1.0,False,False,False
2406,2496657a372cacc1c08990a8bb0d6901,40,Alyssa Thomas,alyssathomas,PHO,rebounds,9.5,-108.0,-122.0,10,10,2025-09-01 04:46:59+00:00,2025-09-01 04:46:59+00:00,2025-09-01 04:46:59+00:00,2025-09-03 02:00:00+00:00,0.0,2025-09-02,2025,REG,PHX,IND,1.0687803187803186,True,,0.48431040390879443,401736373,2529140,11,5,1,True,False,matched,9.0,2025-09-02,under,0.09040458102293925,1.819672131147541,0.819672131147541,1.0,False,False,False
2406,bdc5f06bf186d05837ea91f78948a2cb,56,Natasha Howard,natashahoward,MIN,points,9.5,-130.0,100.0,10,10,2025-09-01 04:46:59+00:00,2025-09-01 04:46:59+00:00,2025-09-01 04:46:59+00:00,2025-09-03 02:00:00+00:00,0.0,2025-09-02,2025,REG,PHX,IND,1.065217391304348,True,,0.5336835053940976,401736373,2529130,5,11,0,True,False,matched,4.0,2025-09-02,under,0.07024444751421943,2.0,1.0,1.0,False,False,False
2406,f6b2056cdef8736704057a35eca914ad,155,Kahleah Copper,kahleahcopper,PHO,threes,1.5,-188.0,140.0,10,10,2025-09-01 04:46:59+00:00,2025-09-01 04:46:59+00:00,2025-09-01 04:46:59+00:00,2025-09-03 02:00:00+00:00,0.0,2025-09-02,2025,REG,PHX,IND,1.0694444444444444,True,,0.6222928210344938,401736373,2998938,11,5,1,True,False,matched,1.0,2025-09-02,under,0.0636351297898613,2.4,1.4,1.0,False,False,False
2407,792b3bf65508c3690412369bcb9825a0,137,Breanna Stewart,breannastewart,NYL,assists,3.5,120.0,-160.0,10,10,2025-09-01 06:26:59+00:00,2025-09-01 06:26:59+00:00,2025-09-01 06:26:59+00:00,2025-09-03 02:00:00+00:00,0.0,2025-09-02,2025,REG,GSV,NYL,1.06993006993007,True,,0.41669493857595097,401736372,2998928,9,129689,0,True,False,matched,1.0,2025-09-02,under,0.15747782528960758,1.625,0.625,1.0,False,False,False
2407,82283c0f912b18d1337720c3723ae3c8,141,Jonquel Jones,jonqueljones,NYL,assists,3.5,124.0,-166.0,10,10,2025-09-01 06:26:59+00:00,2025-09-01 06:26:59+00:00,2025-09-01 06:26:59+00:00,2025-09-03 02:00:00+00:00,0.0,2025-09-02,2025,REG,GSV,NYL,1.0704887218045114,True,,0.40796342297849103,401736372,2999101,9,129689,0,True,False,matched,1.0,2025-09-02,under,0.15462695154592881,1.6024096385542168,0.6024096385542168,1.0,False,False,False
2407,84dab046ba6fa7def38c32707e8be5ef,55,Veronica Burton,veronicaburton,GSV,assists,6.5,-158.0,118.0,10,10,2025-09-01 06:27:00+00:00,2025-09-01 06:27:00+00:00,2025-09-01 06:27:00+00:00,2025-09-03 02:00:00+00:00,0.0,2025-09-02,2025,REG,GSV,NYL,1.0711186971054691,True,,0.5796527091990534,401736372,4398935,129689,9,1,True,False,matched,9.0,2025-09-02,under,0.39628534245736846,2.1799999999999997,-1.0,1.0,False,False,False
2404,7ce1936e64fe8b4be2e065171bbbd1e3,115,Natisha Hiedeman,natishahiedeman,SEA,threes,1.5,138.0,-186.0,10,10,2025-09-01 13:54:40+00:00,2025-09-01 13:54:40+00:00,2025-09-01 13:54:40+00:00,2025-09-02 00:00:00+00:00,0.0,2025-09-01,2025,REG,MIN,DAL,1.070517717576541,True,,0.3807086475713989,401736370,3906753,8,3,1,True,False,matched,4.0,2025-09-01,under,0.21635552513577033,1.5376344086021505,-1.0,1.0,False,False,False
2404,5523bc437d25204c78b7a607ec496af4,48,DiJonai Carrington,dijonaicarrington,CHI,points,11.5,-114.0,-114.0,10,10,2025-09-01 15:17:34+00:00,2025-09-01 15:17:34+00:00,2025-09-01 15:17:34+00:00,2025-09-02 00:00:00+00:00,0.0,2025-09-01,2025,REG,MIN,DAL,1.0654205607476634,True,,0.5000000000000001,401736370,4066548,8,3,1,True,False,matched,4.0,2025-09-01,under,0.41308640139402936,1.8771929824561404,0.8771929824561404,1.0,False,False,False
2403,e538707f204c532a23995c327017b5e5,2,Jordin Canada,jordincanada,ATL,assists,4.5,114.0,-152.0,10,10,2025-09-01 16:24:21+00:00,2025-09-01 16:24:21+00:00,2025-09-01 16:24:21+00:00,2025-09-01 17:00:00+00:00,0.0,2025-09-01,2025,REG,CON,ATL,1.0704643228007713,True,,0.42960347247450675,401736369,3142250,20,18,0,True,False,matched,1.0,2025-09-01,over,0.3324562083330146,2.1399999999999997,-1.0,1.0,False,False,False
2404,777ba2f3fa6e42da6e6fb68d1ed75faf,520,Amy Okonkwo,amyokonkwo,FA,points,10.5,102.0,-132.0,10,10,2025-09-01 22:16:58+00:00,2025-09-01 22:16:58+00:00,2025-09-01 22:16:58+00:00,2025-09-02 00:00:00+00:00,0.0,2025-09-01,2025,REG,MIN,DAL,1.0640150221918745,True,,0.4618487426836327,401736370,3142242,3,8,0,True,False,matched,12.0,2025-09-01,under,0.05463745625171518,1.7575757575757576,-1.0,1.0,False,False,False
2405,4258128097b3fe844f26f0fff11082ad,570,Dominique Malonga,dominiquemalonga,SEA,rebounds,7.5,-114.0,-114.0,10,10,2025-09-02 00:28:37+00:00,2025-09-02 00:28:37+00:00,2025-09-02 00:28:37+00:00,2025-09-02 02:00:00+00:00,0.0,2025-09-01,2025,REG,SEA,LAS,1.0654205607476634,True,,0.5000000000000001,401736371,5220150,14,6,1,True,False,matched,2.0,2025-09-01,under,0.10044644954989457,1.8771929824561404,0.8771929824561404,1.0,False,False,False
2405,3190062123dd0e3ec3ec11cae70dd65b,84,Julie Allemand,julieallemand,TOR,rebounds,3.5,-172.0,128.0,10,10,2025-09-02 01:52:27+00:00,2025-09-02 01:52:27+00:00,2025-09-02 01:52:27+00:00,2025-09-02 02:00:00+00:00,0.0,2025-09-01,2025,REG,SEA,LAS,1.0709494324045408,True,,0.6004234693007796,401736371,4001679,6,14,0,True,False,matched,3.0,2025-09-01,under,0.12826773537094827,2.2800000000000002,1.2800000000000002,1.0,False,False,False
2407,90016bce83097946b2722b5b464eac9f,163,Natasha Cloud,natashacloud,CHI,points,9.5,-115.0,-113.0,10,10,2025-09-02 03:03:08+00:00,2025-09-02 03:03:08+00:00,2025-09-02 03:03:08+00:00,2025-09-03 02:00:00+00:00,0.0,2025-09-02,2025,REG,GSV,NYL,1.0654001528551151,True,,0.5022557674006809,401736372,2529137,9,129689,0,True,False,matched,19.0,2025-09-02,under,0.08649109661832421,1.8849557522123894,-1.0,1.0,False,False,False
2407,c10959fd19b25db1c131610223c65762,147,Leonie Fiebich,leoniefiebich,NYL,points,9.5,115.0,-165.0,33,33,2025-09-02 03:04:16+00:00,2025-09-02 03:04:16+00:00,2025-09-02 03:04:16+00:00,2025-09-03 02:00:00+00:00,0.0,2025-09-02,2025,REG,GSV,NYL,1.0877577885037297,True,,0.41756450654041355,401736372,4683006,9,129689,0,True,False,matched,3.0,2025-09-02,under,0.10382755258659321,1.606060606060606,0.606060606060606,1.0,False,False,False
2407,b794261dd2c1b7061ebbd52f1e819f2e,13,Iliana Rupert,ilianarupert,GSV,points,10.5,105.0,-150.0,33,33,2025-09-02 03:04:16+00:00,2025-09-02 03:04:16+00:00,2025-09-02 03:04:16+00:00,2025-09-03 02:00:00+00:00,0.0,2025-09-02,2025,REG,GSV,NYL,1.0878048780487806,True,,0.44129415758498114,401736372,4790263,129689,9,1,True,False,matched,2.0,2025-09-02,under,0.08630225257221752,1.6666666666666665,0.6666666666666665,1.0,False,False,False
2406,ba0c8bb0f62934f3a7518d341bc4b9dd,45,DeWanna Bonner,dewannabonner,PHO,points,11.5,102.0,-132.0,10,10,2025-09-02 05:24:05+00:00,2025-09-02 05:24:05+00:00,2025-09-02 05:24:05+00:00,2025-09-03 02:00:00+00:00,0.0,2025-09-02,2025,REG,PHX,IND,1.0640150221918745,True,,0.4618487426836327,401736373,869,11,5,1,True,False,matched,19.0,2025-09-02,under,0.11303287411723623,1.7575757575757576,-1.0,1.0,False,False,False
2409,259060e2b22ba4c1ac52f2e49f7e3f0d,39,Leila Lacan,leilalacan,CON,assists,4.5,-158.0,118.0,10,10,2025-09-02 06:07:46+00:00,2025-09-02 06:07:46+00:00,2025-09-02 06:07:46+00:00,2025-09-04 00:00:00+00:00,0.0,2025-09-03,2025,REG,CHI,CON,1.0711186971054691,True,,0.5796527091990534,401736375,5208981,18,19,0,True,False,matched,1.0,2025-09-03,under,0.1303717592286931,2.1799999999999997,1.1799999999999997,1.0,False,False,False
2409,ef6211466e01ef50e3c3016567fde77c,22,Marina Mabrey,marinamabrey,TOR,rebounds,4.5,132.0,-178.0,10,10,2025-09-02 06:07:46+00:00,2025-09-02 06:07:46+00:00,2025-09-02 06:07:46+00:00,2025-09-04 00:00:00+00:00,0.0,2025-09-03,2025,REG,CHI,CON,1.0713222525427932,True,,0.39151484883498083,401736375,3904576,18,19,0,True,False,matched,3.0,2025-09-03,under,0.0932585326157977,1.5617977528089888,0.5617977528089888,1.0,False,False,False
2407,dac152b12a5dd03e4d407053f33921e5,58,Carla Leite,carlaleite,PDX,points,10.5,-105.0,-135.0,33,33,2025-09-02 06:19:58+00:00,2025-09-02 06:19:58+00:00,2025-09-02 06:19:58+00:00,2025-09-03 02:00:00+00:00,0.0,2025-09-02,2025,REG,GSV,NYL,1.0866632070576026,True,,0.46744138600370294,401736372,5208982,129689,9,1,True,False,matched,6.0,2025-09-02,under,0.22539112749090484,1.7407407407407407,0.7407407407407407,1.0,False,False,False
2409,93cffe72ac02ff37a8b0fb06d4586d1b,30,Kamilla Cardoso,kamillacardoso,CHI,rebounds,9.5,-130.0,-102.0,10,10,2025-09-02 06:27:10+00:00,2025-09-02 06:27:10+00:00,2025-09-02 06:27:10+00:00,2025-09-04 00:00:00+00:00,0.0,2025-09-03,2025,REG,CHI,CON,1.0701678863538528,True,,0.5312123494364493,401736375,4433405,19,18,1,True,False,matched,5.0,2025-09-03,under,0.17791086905070214,1.9803921568627452,0.9803921568627452,1.0,False,False,False
2409,a71911be990280b35ee0e42ada36a9b0,26,Angel Reese,angelreese,ATL,rebounds,12.5,-144.0,108.0,10,10,2025-09-02 06:27:10+00:00,2025-09-02 06:27:10+00:00,2025-09-02 06:27:10+00:00,2025-09-04 00:00:00+00:00,0.0,2025-09-03,2025,REG,CHI,CON,1.0709331651954601,True,,0.5566845205396996,401736375,4433402,19,18,1,True,False,matched,13.0,2025-09-03,under,0.1615943028307817,2.08,-1.0,1.0,False,False,False
2409,c217dae37c3d41614107bf98a5138cc0,185,Ariel Atkins,arielatkins,LAS,rebounds,3.5,-152.0,114.0,10,10,2025-09-02 06:27:10+00:00,2025-09-02 06:27:10+00:00,2025-09-02 06:27:10+00:00,2025-09-04 00:00:00+00:00,0.0,2025-09-03,2025,REG,CHI,CON,1.0704643228007713,True,,0.5703965275254933,401736375,3146151,19,18,1,True,False,matched,6.0,2025-09-03,under,0.1280266846192668,2.1399999999999997,-1.0,1.0,False,False,False
2408,52a4a10e75cbf220bd6aa7ecd81d3552,94,Rickea Jackson,rickeajackson,CHI,points,14.5,-120.0,-108.0,10,10,2025-09-02 06:47:20+00:00,2025-09-02 06:47:20+00:00,2025-09-02 06:47:20+00:00,2025-09-03 23:30:00+00:00,0.0,2025-09-03,2025,REG,ATL,LAS,1.0646853146853146,True,,0.5135396953663074,401736374,4433630,6,20,0,True,False,matched,15.0,2025-09-03,under,0.25748667494049227,1.925925925925926,-1.0,1.0,False,False,False
2408,0bcc478f5a7c036e4c68e0a5a84979e3,89,Dearica Hamby,dearicahamby,LAS,points,16.5,-130.0,100.0,10,10,2025-09-02 06:47:20+00:00,2025-09-02 06:47:20+00:00,2025-09-02 06:47:20+00:00,2025-09-03 23:30:00+00:00,0.0,2025-09-03,2025,REG,ATL,LAS,1.065217391304348,True,,0.5336835053940976,401736374,2566106,6,20,0,True,False,matched,21.0,2025-09-03,under,0.23386016718868996,2.0,-1.0,1.0,False,False,False
2408,6888af32b022719f75ead482c04d40ec,87,Cameron Brink,cameronbrink,LAS,rebounds,4.5,102.0,-136.0,10,10,2025-09-02 06:47:20+00:00,2025-09-02 06:47:20+00:00,2025-09-02 06:47:20+00:00,2025-09-03 23:30:00+00:00,0.0,2025-09-03,2025,REG,ATL,LAS,1.071320691391173,True,,0.4579067075572801,401736374,4433404,6,20,0,True,False,matched,3.0,2025-09-03,under,0.10468955044573341,1.7352941176470589,0.7352941176470589,1.0,False,False,False
2408,871c06fa2dec4ff542d05d21f9a1db2a,2,Jordin Canada,jordincanada,ATL,points,9.5,-122.0,-106.0,10,10,2025-09-02 06:47:20+00:00,2025-09-02 06:47:20+00:00,2025-09-02 06:47:20+00:00,2025-09-03 23:30:00+00:00,0.0,2025-09-03,2025,REG,ATL,LAS,1.064112656345666,True,,0.518058368553134,401736374,3142250,20,6,1,True,False,matched,10.0,2025-09-03,over,0.07378326248461825,1.819672131147541,0.819672131147541,1.0,False,False,False
2408,de175e299c896e5b76bb397bfd86cac5,101,Kelsey Plum,kelseyplum,LAS,points,16.5,-114.0,-114.0,10,10,2025-09-02 06:47:20+00:00,2025-09-02 06:47:20+00:00,2025-09-02 06:47:20+00:00,2025-09-03 23:30:00+00:00,0.0,2025-09-03,2025,REG,ATL,LAS,1.0654205607476634,True,,0.5000000000000001,401736374,3065570,6,20,0,True,False,matched,18.0,2025-09-03,under,0.06812815794765603,1.8771929824561404,-1.0,1.0,False,False,False
2409,0042b89b34fcff0e73e4fed23e827a16,9,Tina Charles,tinacharles,FA,rebounds,5.5,-130.0,-110.0,33,33,2025-09-02 08:56:50+00:00,2025-09-02 08:56:50+00:00,2025-09-02 08:56:50+00:00,2025-09-04 00:00:00+00:00,0.0,2025-09-03,2025,REG,CHI,CON,1.0890269151138718,True,,0.521679232465576,401736375,918,18,19,0,True,False,matched,2.0,2025-09-03,over,0.06477274595567378,1.7692307692307692,-1.0,1.0,False,False,False
2407,e78d5643c34cdfbffde8b348a01bdc06,233,Emma Meesseman,emmameesseman,FA,threes,1.5,178.0,-245.0,10,10,2025-09-02 17:49:32+00:00,2025-09-02 17:49:32+00:00,2025-09-02 17:49:32+00:00,2025-09-03 02:00:00+00:00,0.0,2025-09-02,2025,REG,GSV,NYL,1.0698571577520593,True,,0.3183263503331576,401736372,3027368,9,129689,0,True,False,matched,1.0,2025-09-02,under,0.19904987467366983,1.4081632653061225,0.40816326530612246,1.0,False,False,False
2406,dc3923940004b12075c9e1dd6615d589,76,Lexie Hull,lexiehull,IND,points,7.5,-110.0,-120.0,13,13,2025-09-02 21:16:02+00:00,2025-09-02 21:16:02+00:00,2025-09-02 21:16:02+00:00,2025-09-03 02:00:00+00:00,0.0,2025-09-02,2025,REG,PHX,IND,1.0692640692640691,True,,0.4887959885212434,401736373,4398829,5,11,0,True,False,matched,18.0,2025-09-02,under,0.10134008556721158,1.8333333333333335,-1.0,1.0,False,False,False
2407,a140ce04d09548b5a1994fc46adcefb8,109,Kate Martin,katemartin,LAS,points,9.5,200.0,-286.0,60,60,2025-09-02 21:33:31+00:00,2025-09-02 21:33:31+00:00,2025-09-02 21:33:31+00:00,2025-09-03 02:00:00+00:00,0.0,2025-09-02,2025,REG,GSV,NYL,1.07426597582038,True,,0.2880280413009956,401736372,4398907,129689,9,1,True,False,matched,11.0,2025-09-02,under,0.07516872216000231,1.3496503496503496,-1.0,1.0,False,False,False
2409,18170bd7590430ca60ac5fe89f49e3f5,519,Aneesah Morrow,aneesahmorrow,CON,rebounds,8.5,-108.0,-122.0,10,10,2025-09-03 00:42:02+00:00,2025-09-03 00:42:02+00:00,2025-09-03 00:42:02+00:00,2025-09-04 00:00:00+00:00,0.0,2025-09-03,2025,REG,CHI,CON,1.0687803187803186,True,,0.48431040390879443,401736375,4684384,18,19,0,True,False,matched,1.0,2025-09-03,under,0.17532002774059524,1.819672131147541,0.819672131147541,1.0,False,False,False
2412,0d69193304bbfcd8ecd044e853a2d71d,117,Courtney Williams,courtneywilliams,MIN,points,13.5,-128.0,-102.0,10,10,2025-09-03 01:05:44+00:00,2025-09-03 01:05:44+00:00,2025-09-03 01:05:44+00:00,2025-09-05 02:00:00+00:00,0.0,2025-09-04,2025,REG,LVA,MIN,1.0663540038214347,True,,0.5291749480305961,401736378,2987891,8,17,0,True,False,matched,14.0,2025-09-04,under,0.2419954250150846,1.9803921568627452,-1.0,1.0,False,False,False
2412,5854f93c324b91dd7c0d96dc8ace0d47,112,Napheesa Collier,napheesacollier,MIN,points,22.5,100.0,-130.0,10,10,2025-09-03 01:05:44+00:00,2025-09-03 01:05:44+00:00,2025-09-03 01:05:44+00:00,2025-09-05 02:00:00+00:00,0.0,2025-09-04,2025,REG,LVA,MIN,1.065217391304348,True,,0.4663164946059025,401736378,3917450,8,17,0,True,False,matched,12.0,2025-09-04,under,0.20060629670101732,1.7692307692307692,0.7692307692307692,1.0,False,False,False
2412,9127a63d66a9325fc4310f300ea0f0c4,102,Jackie Young,jackieyoung,LVA,rebounds,4.5,108.0,-144.0,10,10,2025-09-03 01:18:06+00:00,2025-09-03 01:18:06+00:00,2025-09-03 01:18:06+00:00,2025-09-05 02:00:00+00:00,0.0,2025-09-04,2025,REG,LVA,MIN,1.0709331651954601,True,,0.4433154794603006,401736378,4065870,17,8,1,True,False,matched,2.0,2025-09-04,over,0.12440378276826403,2.08,-1.0,1.0,False,False,False
2412,e5778b010ccff82dcf1e81492670bab6,103,A'ja Wilson,ajawilson,LVA,points,22.5,-130.0,100.0,10,10,2025-09-03 01:18:06+00:00,2025-09-03 01:18:06+00:00,2025-09-03 01:18:06+00:00,2025-09-05 02:00:00+00:00,0.0,2025-09-04,2025,REG,LVA,MIN,1.065217391304348,True,,0.5336835053940976,401736378,3149391,17,8,1,True,False,matched,31.0,2025-09-04,under,0.07721522283689364,2.0,-1.0,1.0,False,False,False
2410,9c3c4f9c6561ebed4512923453e7d39a,54,Satou Sabally,satousabally,NYL,points,14.5,-128.0,-102.0,10,10,2025-09-03 04:52:27+00:00,2025-09-03 04:52:27+00:00,2025-09-03 04:52:27+00:00,2025-09-04 23:30:00+00:00,0.0,2025-09-04,2025,REG,WAS,PHX,1.0663540038214347,True,,0.5291749480305961,401736376,4281929,11,16,0,True,False,matched,10.0,2025-09-04,under,0.14839244392303352,1.9803921568627452,0.9803921568627452,1.0,False,False,False
2410,8484fc8f3772a4aa3b2120eedb3dd3c0,573,Sonia Citron,soniacitron,WAS,points,13.5,-122.0,-106.0,10,10,2025-09-03 04:52:27+00:00,2025-09-03 04:52:27+00:00,2025-09-03 04:52:27+00:00,2025-09-04 23:30:00+00:00,0.0,2025-09-04,2025,REG,WAS,PHX,1.064112656345666,True,,0.518058368553134,401736376,4433524,16,11,1,True,False,matched,7.0,2025-09-04,under,0.1454687234400514,1.9433962264150944,0.9433962264150944,1.0,False,False,False
2410,468b913aef9c44d15d9668541ca226ff,40,Alyssa Thomas,alyssathomas,PHO,points,14.5,-108.0,-120.0,10,10,2025-09-03 04:52:27+00:00,2025-09-03 04:52:27+00:00,2025-09-03 04:52:27+00:00,2025-09-04 23:30:00+00:00,0.0,2025-09-04,2025,REG,WAS,PHX,1.0646853146853146,True,,0.48646030463369283,401736376,2529140,11,16,0,True,False,matched,12.0,2025-09-04,under,0.07752284959524663,1.8333333333333335,0.8333333333333335,1.0,False,False,False
2410,2a7e5380e10102651d1f1ffd67e088c8,196,Shakira Austin,shakiraaustin,WAS,points,12.5,102.0,-132.0,10,10,2025-09-03 04:52:27+00:00,2025-09-03 04:52:27+00:00,2025-09-03 04:52:27+00:00,2025-09-04 23:30:00+00:00,0.0,2025-09-04,2025,REG,WAS,PHX,1.0640150221918745,True,,0.4618487426836327,401736376,4398911,16,11,1,True,False,matched,15.0,2025-09-04,under,0.06166809883261537,1.7575757575757576,-1.0,1.0,False,False,False
2410,dff02bc3aac144821ddc4ec1d8fa5a60,155,Kahleah Copper,kahleahcopper,PHO,points,15.5,-118.0,-110.0,10,10,2025-09-03 04:52:27+00:00,2025-09-03 04:52:27+00:00,2025-09-03 04:52:27+00:00,2025-09-04 23:30:00+00:00,0.0,2025-09-04,2025,REG,WAS,PHX,1.0650939274792486,True,,0.5090245232268319,401736376,2998938,11,16,0,True,False,matched,18.0,2025-09-04,under,0.0545517155210119,1.9090909090909092,-1.0,1.0,False,False,False
2411,5de1742e0f84031526f45b966fb3b444,61,Maddy Siegrist,maddysiegrist,DAL,points,14.5,100.0,-130.0,10,10,2025-09-03 04:52:28+00:00,2025-09-03 04:52:28+00:00,2025-09-03 04:52:28+00:00,2025-09-05 02:00:00+00:00,0.0,2025-09-04,2025,REG,GSV,DAL,1.065217391304348,True,,0.4663164946059025,401736377,4399415,3,129689,0,True,False,matched,16.0,2025-09-04,under,0.18354147701342427,1.7692307692307692,-1.0,1.0,False,False,False
2411,e34b875ded4b1b21eb9016f245cbac38,520,Amy Okonkwo,amyokonkwo,FA,points,11.5,-104.0,-125.0,10,10,2025-09-03 04:52:28+00:00,2025-09-03 04:52:28+00:00,2025-09-03 04:52:28+00:00,2025-09-05 02:00:00+00:00,0.0,2025-09-04,2025,REG,GSV,DAL,1.065359477124183,True,,0.4763687479911608,401736377,3142242,3,129689,0,True,False,matched,2.0,2025-09-04,under,0.14294139789194765,1.8,0.8,1.0,False,False,False
2411,3245790286c85d894ebfec30a8a36480,55,Veronica Burton,veronicaburton,GSV,assists,7.5,-114.0,-114.0,10,10,2025-09-03 04:52:28+00:00,2025-09-03 04:52:28+00:00,2025-09-03 04:52:28+00:00,2025-09-05 02:00:00+00:00,0.0,2025-09-04,2025,REG,GSV,DAL,1.0654205607476634,True,,0.5000000000000001,401736377,4398935,129689,3,1,True,False,matched,5.0,2025-09-04,under,0.1335993734037424,1.8771929824561404,0.8771929824561404,1.0,False,False,False
2411,8dcf650117f6746852b181222a45dae6,528,Paige Bueckers,paigebueckers,DAL,points,16.5,-110.0,-118.0,10,10,2025-09-03 04:52:28+00:00,2025-09-03 04:52:28+00:00,2025-09-03 04:52:28+00:00,2025-09-05 02:00:00+00:00,0.0,2025-09-04,2025,REG,GSV,DAL,1.0650939274792486,True,,0.4909754767731684,401736377,4433730,3,129689,0,True,False,matched,27.0,2025-09-04,under,0.07671675345213985,1.847457627118644,-1.0,1.0,False,False,False
2411,734e13435dd810a8c640d8373a2cf32d,537,Janelle Salaun,janellesalaun,GSV,rebounds,5.5,102.0,-136.0,10,10,2025-09-03 04:52:28+00:00,2025-09-03 04:52:28+00:00,2025-09-03 04:52:28+00:00,2025-09-05 02:00:00+00:00,0.0,2025-09-04,2025,REG,GSV,DAL,1.071320691391173,True,,0.4579067075572801,401736377,4790264,129689,3,1,True,False,matched,6.0,2025-09-04,under,0.07020396220458125,1.7352941176470589,-1.0,1.0,False,False,False
2410,e4d7fc1c722cbfbcd476f24c1774cd3c,45,DeWanna Bonner,dewannabonner,PHO,points,11.5,-110.0,-118.0,10,10,2025-09-03 17:17:19+00:00,2025-09-03 17:17:19+00:00,2025-09-03 17:17:19+00:00,2025-09-04 23:30:00+00:00,0.0,2025-09-04,2025,REG,WAS,PHX,1.0650939274792486,True,,0.4909754767731684,401736376,869,11,16,0,True,False,matched,9.0,2025-09-04,under,0.12140313780242845,1.847457627118644,0.847457627118644,1.0,False,False,False
2412,ed636581e9ede60219ad2ed7dbe0b5df,166,Jewell Loyd,jewellloyd,LVA,points,10.5,-104.0,-125.0,10,10,2025-09-03 17:17:19+00:00,2025-09-03 17:17:19+00:00,2025-09-03 17:17:19+00:00,2025-09-05 02:00:00+00:00,0.0,2025-09-04,2025,REG,LVA,MIN,1.065359477124183,True,,0.4763687479911608,401736378,2987869,17,8,1,True,False,matched,6.0,2025-09-04,under,0.05580620966075617,1.8,0.8,1.0,False,False,False
2413,310c01e9a3278d3cc0b001626055ad00,94,Rickea Jackson,rickeajackson,CHI,threes,1.5,-182.0,136.0,10,10,2025-09-04 02:09:02+00:00,2025-09-04 02:09:02+00:00,2025-09-04 02:09:02+00:00,2025-09-05 23:30:00+00:00,0.0,2025-09-05,2025,REG,ATL,LAS,1.0691188844813078,True,,0.6147799949652675,401736379,4433630,6,20,0,True,False,matched,1.0,2025-09-05,under,0.14126093432293674,2.3600000000000003,1.3600000000000003,1.0,False,False,False
2413,6e3a893a9e7580a44f7fbe91c9b70c1a,89,Dearica Hamby,dearicahamby,LAS,points,17.5,-106.0,-122.0,10,10,2025-09-04 02:09:02+00:00,2025-09-04 02:09:02+00:00,2025-09-04 02:09:02+00:00,2025-09-05 23:30:00+00:00,0.0,2025-09-05,2025,REG,ATL,LAS,1.064112656345666,True,,0.4819416314468661,401736379,2566106,6,20,0,True,False,matched,26.0,2025-09-05,under,0.1339385764625733,1.819672131147541,-1.0,1.0,False,False,False
2413,2eaba05b60f81a76fc9ced3b31c1d2c3,82,Azura Stevens,azurastevens,CHI,rebounds,5.5,-106.0,-125.0,10,10,2025-09-04 02:09:02+00:00,2025-09-04 02:09:02+00:00,2025-09-04 02:09:02+00:00,2025-09-05 23:30:00+00:00,0.0,2025-09-05,2025,REG,ATL,LAS,1.070118662351672,True,,0.4787708928615623,401736379,3142010,6,20,0,True,False,matched,8.0,2025-09-05,over,0.1242993906250432,1.9433962264150944,0.9433962264150944,1.0,False,False,False
2413,7f18659cbb96123549629a3e6352c3fd,15,Rhyne Howard,rhynehoward,ATL,rebounds,4.5,-125.0,-106.0,10,10,2025-09-04 02:09:02+00:00,2025-09-04 02:09:02+00:00,2025-09-04 02:09:02+00:00,2025-09-05 23:30:00+00:00,0.0,2025-09-05,2025,REG,ATL,LAS,1.070118662351672,True,,0.5212291071384377,401736379,4398674,20,6,1,True,False,matched,5.0,2025-09-05,under,0.11339284678103406,1.9433962264150944,-1.0,1.0,False,False,False
2413,52d612ab1cc0694b23ec0517f3b7264b,16,Naz Hillmon,nazhillmon,ATL,points,10.5,-114.0,-115.0,10,10,2025-09-04 02:09:02+00:00,2025-09-04 02:09:02+00:00,2025-09-04 02:09:02+00:00,2025-09-05 23:30:00+00:00,0.0,2025-09-05,2025,REG,ATL,LAS,1.0675940013040643,True,,0.49887602265758907,401736379,4398915,20,6,1,True,False,matched,8.0,2025-09-05,under,0.1048913815141137,1.8695652173913042,0.8695652173913042,1.0,False,False,False
2413,4d6173bf572073c6a9342b0b16617834,101,Kelsey Plum,kelseyplum,LAS,points,17.5,-106.0,-122.0,10,10,2025-09-04 02:09:02+00:00,2025-09-04 02:09:02+00:00,2025-09-04 02:09:02+00:00,2025-09-05 23:30:00+00:00,0.0,2025-09-05,2025,REG,ATL,LAS,1.064112656345666,True,,0.4819416314468661,401736379,3065570,6,20,0,True,False,matched,20.0,2025-09-05,under,0.08848772015427353,1.819672131147541,-1.0,1.0,False,False,False
2413,e03bbedb22c43cbe31e60ce571284d3d,49,Brionna Jones,brionnajones,ATL,points,13.5,-114.0,-114.0,10,10,2025-09-04 02:09:02+00:00,2025-09-04 02:09:02+00:00,2025-09-04 02:09:02+00:00,2025-09-05 23:30:00+00:00,0.0,2025-09-05,2025,REG,ATL,LAS,1.0654205607476634,True,,0.5000000000000001,401736379,3058895,20,6,1,True,False,matched,12.0,2025-09-05,under,0.06396813290330583,1.8771929824561404,0.8771929824561404,1.0,False,False,False
2413,d290feaecc3fd6aae56b98ab0d147c53,87,Cameron Brink,cameronbrink,LAS,points,5.5,106.0,-138.0,10,10,2025-09-04 02:09:02+00:00,2025-09-04 02:09:02+00:00,2025-09-04 02:09:02+00:00,2025-09-05 23:30:00+00:00,0.0,2025-09-05,2025,REG,ATL,LAS,1.0652688259769927,True,,0.4512435291926419,401736379,4433404,6,20,0,True,False,matched,1.0,2025-09-05,under,0.05776105164855916,1.7246376811594204,0.7246376811594204,1.0,False,False,False
2412,f7ab3cd7dd384089d48d39c0581c6e16,125,Kayla McBride,kaylamcbride,MIN,assists,3.5,102.0,-136.0,10,10,2025-09-04 02:30:07+00:00,2025-09-04 02:30:07+00:00,2025-09-04 02:30:07+00:00,2025-09-05 02:00:00+00:00,0.0,2025-09-04,2025,REG,LVA,MIN,1.071320691391173,True,,0.4579067075572801,401736378,2529205,8,17,0,True,False,matched,6.0,2025-09-04,under,0.056755547763790104,1.7352941176470589,-1.0,1.0,False,False,False
2415,f3e1900fbf3fc0f0a6d6f64e2d7320c5,137,Breanna Stewart,breannastewart,NYL,points,17.5,-114.0,-114.0,10,10,2025-09-04 03:49:46+00:00,2025-09-04 03:49:46+00:00,2025-09-04 03:49:46+00:00,2025-09-06 02:00:00+00:00,0.0,2025-09-05,2025,REG,SEA,NYL,1.0654205607476634,True,,0.5000000000000001,401736381,2998928,9,14,0,True,False,matched,24.0,2025-09-05,under,0.18057727468235146,1.8771929824561404,-1.0,1.0,False,False,False
2415,3cd72358a27139ee617fe89e04f96f28,163,Natasha Cloud,natashacloud,CHI,assists,4.5,-154.0,116.0,10,10,2025-09-04 03:49:46+00:00,2025-09-04 03:49:46+00:00,2025-09-04 03:49:46+00:00,2025-09-06 02:00:00+00:00,0.0,2025-09-05,2025,REG,SEA,NYL,1.0692621755613883,True,,0.574207987656796,401736381,2529137,9,14,0,True,False,matched,6.0,2025-09-05,under,0.10578859502496041,2.16,-1.0,1.0,False,False,False
2415,9cc4470b6dde76ae8ca1f17a8cbe845d,141,Jonquel Jones,jonqueljones,NYL,rebounds,7.5,-130.0,-102.0,10,10,2025-09-04 03:49:46+00:00,2025-09-04 03:49:46+00:00,2025-09-04 03:49:46+00:00,2025-09-06 02:00:00+00:00,0.0,2025-09-05,2025,REG,SEA,NYL,1.0701678863538528,True,,0.5312123494364493,401736381,2999101,9,14,0,True,False,matched,2.0,2025-09-05,under,0.10466120888696118,1.9803921568627452,0.9803921568627452,1.0,False,False,False
2414,cf3ba79e0a5b4ef19f107ed7b2fe38ff,76,Lexie Hull,lexiehull,IND,threes,1.5,-158.0,118.0,10,10,2025-09-04 04:08:38+00:00,2025-09-04 04:08:38+00:00,2025-09-04 04:08:38+00:00,2025-09-05 23:30:00+00:00,0.0,2025-09-05,2025,REG,IND,CHI,1.0711186971054691,True,,0.5796527091990534,401736380,4398829,5,19,1,True,False,matched,1.0,2025-09-05,under,0.25712522878171995,2.1799999999999997,1.1799999999999997,1.0,False,False,False
2414,b197527310b89702b1196a8b3db2dc80,293,Odyssey Sims,odysseysims,DAL,assists,4.5,-112.0,-118.0,10,10,2025-09-04 04:08:39+00:00,2025-09-04 04:08:39+00:00,2025-09-04 04:08:39+00:00,2025-09-05 23:30:00+00:00,0.0,2025-09-05,2025,REG,IND,CHI,1.0695862904621776,True,,0.49327872882454105,401736380,2529047,5,19,1,True,False,matched,4.0,2025-09-05,under,0.23892701236632208,1.847457627118644,0.847457627118644,1.0,False,False,False
2414,2992288b98eb59e0e8c5db10e0af312c,71,Aliyah Boston,aliyahboston,IND,assists,3.5,116.0,-154.0,10,10,2025-09-04 04:08:39+00:00,2025-09-04 04:08:39+00:00,2025-09-04 04:08:39+00:00,2025-09-05 23:30:00+00:00,0.0,2025-09-05,2025,REG,IND,CHI,1.0692621755613883,True,,0.425792012343204,401736380,4432831,5,19,1,True,False,matched,5.0,2025-09-05,over,0.20018447658321992,2.16,1.1600000000000001,1.0,False,False,False
2414,357bfe3f003b0805a1e4a55c8609773d,70,Kelsey Mitchell,kelseymitchell,IND,assists,3.5,-102.0,-130.0,10,10,2025-09-04 04:08:39+00:00,2025-09-04 04:08:39+00:00,2025-09-04 04:08:39+00:00,2025-09-05 23:30:00+00:00,0.0,2025-09-05,2025,REG,IND,CHI,1.0701678863538528,True,,0.46878765056355093,401736380,3142191,5,19,1,True,False,matched,8.0,2025-09-05,over,0.05830115216747178,1.9803921568627452,0.9803921568627452,1.0,False,False,False
2414,92d5ca726bdce757c0337c1cf23f210b,30,Kamilla Cardoso,kamillacardoso,CHI,rebounds,9.5,-114.0,-114.0,10,10,2025-09-04 04:19:47+00:00,2025-09-04 04:19:47+00:00,2025-09-04 04:19:47+00:00,2025-09-05 23:30:00+00:00,0.0,2025-09-05,2025,REG,IND,CHI,1.0654205607476634,True,,0.5000000000000001,401736380,4433405,19,5,0,True,False,matched,9.0,2025-09-05,under,0.1512278303646739,1.8771929824561404,0.8771929824561404,1.0,False,False,False
2415,25ab946cd57cfa06f5143c034f108652,570,Dominique Malonga,dominiquemalonga,SEA,points,11.5,-110.0,-118.0,10,10,2025-09-04 04:30:55+00:00,2025-09-04 04:30:55+00:00,2025-09-04 04:30:55+00:00,2025-09-06 02:00:00+00:00,0.0,2025-09-05,2025,REG,SEA,NYL,1.0650939274792486,True,,0.4909754767731684,401736381,5220150,14,9,1,True,False,matched,8.0,2025-09-05,under,0.22032744538584537,1.847457627118644,0.847457627118644,1.0,False,False,False
2415,f5ecb83572cb9ac12e20df2aba8a24d5,180,Nneka Ogwumike,nnekaogwumike,LAS,points,17.5,-120.0,-108.0,10,10,2025-09-04 04:30:55+00:00,2025-09-04 04:30:55+00:00,2025-09-04 04:30:55+00:00,2025-09-06 02:00:00+00:00,0.0,2025-09-05,2025,REG,SEA,NYL,1.0646853146853146,True,,0.5135396953663074,401736381,1068,14,9,1,True,False,matched,20.0,2025-09-05,under,0.14600760296784693,1.925925925925926,-1.0,1.0,False,False,False
2415,a713b9659cc43858131f4424d3113eb2,175,Skylar Diggins,skylardiggins,CHI,points,13.5,-114.0,-114.0,10,10,2025-09-04 04:30:55+00:00,2025-09-04 04:30:55+00:00,2025-09-04 04:30:55+00:00,2025-09-06 02:00:00+00:00,0.0,2025-09-05,2025,REG,SEA,NYL,1.0654205607476634,True,,0.5000000000000001,401736381,2491205,14,9,1,True,False,matched,14.0,2025-09-05,under,0.07260972370103924,1.8771929824561404,-1.0,1.0,False,False,False
2411,c8b1c33d8e16114827344530527e942d,13,Iliana Rupert,ilianarupert,GSV,threes,2.5,152.0,-205.0,10,10,2025-09-04 15:46:01+00:00,2025-09-04 15:46:01+00:00,2025-09-04 15:46:01+00:00,2025-09-05 02:00:00+00:00,0.0,2025-09-04,2025,REG,GSV,DAL,1.0689565443663804,True,,0.3574180627171931,401736377,4790263,129689,3,1,True,False,matched,2.0,2025-09-04,under,0.08702102728820449,1.4878048780487805,0.4878048780487805,1.0,False,False,False
2411,44da40aadee9cf237282703d389cfa68,280,Kaila Charles,kailacharles,GSV,points,9.5,104.0,-135.0,10,10,2025-09-04 15:46:01+00:00,2025-09-04 15:46:01+00:00,2025-09-04 15:46:01+00:00,2025-09-05 02:00:00+00:00,0.0,2025-09-04,2025,REG,GSV,DAL,1.0646641635377556,True,,0.45648742045938223,401736377,4065780,129689,3,1,True,False,matched,0.0,2025-09-04,under,0.061715500223130104,1.7407407407407407,0.7407407407407407,1.0,False,False,False
2411,885a95d488b7bf8d78f2eafb3863095d,193,Myisha Hines-Allen,myishahinesallen,IND,points,9.5,110.0,-143.0,60,60,2025-09-05 01:04:21+00:00,2025-09-05 01:04:21+00:00,2025-09-05 01:04:21+00:00,2025-09-05 02:00:00+00:00,0.0,2025-09-04,2025,REG,GSV,DAL,1.0646678424456204,True,,0.4420195959048457,401736377,3142055,3,129689,0,True,False,matched,12.0,2025-09-04,under,0.12826605610188457,1.6993006993006992,-1.0,1.0,False,False,False
2417,b425dd1c869008126f97c8527a61c9a4,537,Janelle Salaun,janellesalaun,GSV,rebounds,4.5,-162.0,122.0,10,10,2025-09-05 05:56:29+00:00,2025-09-05 05:56:29+00:00,2025-09-05 05:56:29+00:00,2025-09-07 00:30:00+00:00,0.0,2025-09-06,2025,REG,GSV,MIN,1.0687710611374732,True,,0.5868918088955871,401736383,4790264,129689,8,1,True,False,matched,8.0,2025-09-06,under,0.2925500713707999,2.2199999999999998,-1.0,1.0,False,False,False
2417,c1a8e3ef9031376a0068dd2bba6c954b,117,Courtney Williams,courtneywilliams,MIN,assists,6.5,106.0,-140.0,10,10,2025-09-05 05:56:29+00:00,2025-09-05 05:56:29+00:00,2025-09-05 05:56:29+00:00,2025-09-07 00:30:00+00:00,0.0,2025-09-06,2025,REG,GSV,MIN,1.0687702265372168,True,,0.44933614350623635,401736383,2987891,8,129689,0,True,False,matched,5.0,2025-09-06,under,0.16891304620691544,1.7142857142857144,0.7142857142857144,1.0,False,False,False
2417,be60792574df10d3b7fcffe7144eb871,55,Veronica Burton,veronicaburton,GSV,points,13.5,-120.0,-108.0,10,10,2025-09-05 05:56:29+00:00,2025-09-05 05:56:29+00:00,2025-09-05 05:56:29+00:00,2025-09-07 00:30:00+00:00,0.0,2025-09-06,2025,REG,GSV,MIN,1.0646853146853146,True,,0.5135396953663074,401736383,4398935,129689,8,1,True,False,matched,14.0,2025-09-06,under,0.16204195782393743,1.925925925925926,-1.0,1.0,False,False,False
2417,dc315fa726e5f1dff566c5799d76b8a0,112,Napheesa Collier,napheesacollier,MIN,threes,1.5,148.0,-200.0,10,10,2025-09-05 05:56:29+00:00,2025-09-05 05:56:29+00:00,2025-09-05 05:56:29+00:00,2025-09-07 00:30:00+00:00,0.0,2025-09-06,2025,REG,GSV,MIN,1.0698924731182795,True,,0.3634985050458517,401736383,3917450,8,129689,0,True,False,matched,4.0,2025-09-06,under,0.0784624189726924,1.5,-1.0,1.0,False,False,False
2417,1fb89e40d7b47f88b6fd3f9123198f1c,125,Kayla McBride,kaylamcbride,MIN,assists,3.5,-110.0,-120.0,10,10,2025-09-05 05:56:30+00:00,2025-09-05 05:56:30+00:00,2025-09-05 05:56:30+00:00,2025-09-07 00:30:00+00:00,0.0,2025-09-06,2025,REG,GSV,MIN,1.0692640692640691,True,,0.4887959885212434,401736383,2529205,8,129689,0,True,False,matched,3.0,2025-09-06,under,0.19390123779201596,1.8333333333333335,0.8333333333333335,1.0,False,False,False
2416,8526415d8f50e625f0f47016f96698c3,155,Kahleah Copper,kahleahcopper,PHO,points,16.5,-106.0,-122.0,10,10,2025-09-05 06:40:27+00:00,2025-09-05 06:40:27+00:00,2025-09-05 06:40:27+00:00,2025-09-06 17:00:00+00:00,0.0,2025-09-06,2025,REG,CON,PHX,1.064112656345666,True,,0.4819416314468661,401736382,2998938,11,18,0,True,False,matched,18.0,2025-09-06,under,0.10793525563643941,1.819672131147541,-1.0,1.0,False,False,False
2416,3226d01310f4b92a59f2cfc99ce04e37,54,Satou Sabally,satousabally,NYL,points,14.5,-108.0,-120.0,10,10,2025-09-05 06:40:27+00:00,2025-09-05 06:40:27+00:00,2025-09-05 06:40:27+00:00,2025-09-06 17:00:00+00:00,0.0,2025-09-06,2025,REG,CON,PHX,1.0646853146853146,True,,0.48646030463369283,401736382,4281929,11,18,0,True,False,matched,11.0,2025-09-06,under,0.08441443170009683,1.8333333333333335,0.8333333333333335,1.0,False,False,False
2416,6eb784f4985f2bf95463079e71619276,40,Alyssa Thomas,alyssathomas,PHO,rebounds,9.5,102.0,-136.0,10,10,2025-09-05 06:40:27+00:00,2025-09-05 06:40:27+00:00,2025-09-05 06:40:27+00:00,2025-09-06 17:00:00+00:00,0.0,2025-09-06,2025,REG,CON,PHX,1.071320691391173,True,,0.4579067075572801,401736382,2529140,11,18,0,True,False,matched,8.0,2025-09-06,under,0.07753489298604133,1.7352941176470589,0.7352941176470589,1.0,False,False,False
2416,5306def403ce768caca79ee9d6a0eb65,39,Leila Lacan,leilalacan,CON,assists,4.5,-115.0,-115.0,24,24,2025-09-05 12:17:22+00:00,2025-09-05 12:17:22+00:00,2025-09-05 12:17:22+00:00,2025-09-06 17:00:00+00:00,0.0,2025-09-06,2025,REG,CON,PHX,1.0697674418604652,True,,0.5,401736382,5208981,18,11,1,True,False,matched,0.0,2025-09-06,under,0.1428231447429108,1.8695652173913042,0.8695652173913042,1.0,False,False,False
2414,955f49981e7790f009d71ffa9a8205cf,33,Elizabeth Williams,elizabethwilliams,CHI,rebounds,7.5,104.0,-138.0,10,10,2025-09-05 12:43:06+00:00,2025-09-05 12:43:06+00:00,2025-09-05 12:43:06+00:00,2025-09-05 23:30:00+00:00,0.0,2025-09-05,2025,REG,IND,CHI,1.0700280112044818,True,,0.4535791638529251,401736380,2566081,19,5,0,True,False,matched,11.0,2025-09-05,under,0.4741172363524365,1.7246376811594204,-1.0,1.0,False,False,False
2416,aa87d592434713a17f599436fdc0ac8a,22,Marina Mabrey,marinamabrey,TOR,points,14.5,-118.0,-110.0,10,10,2025-09-05 17:19:08+00:00,2025-09-05 17:19:08+00:00,2025-09-05 17:19:08+00:00,2025-09-06 17:00:00+00:00,0.0,2025-09-06,2025,REG,CON,PHX,1.0650939274792486,True,,0.5090245232268319,401736382,3904576,18,11,1,True,False,matched,23.0,2025-09-06,under,0.23604488236377835,1.9090909090909092,-1.0,1.0,False,False,False
2416,43a7b3cffb121ca3d88f2fcf80ec30ed,9,Tina Charles,tinacharles,FA,points,17.5,-104.0,-125.0,10,10,2025-09-05 17:19:08+00:00,2025-09-05 17:19:08+00:00,2025-09-05 17:19:08+00:00,2025-09-06 17:00:00+00:00,0.0,2025-09-06,2025,REG,CON,PHX,1.065359477124183,True,,0.4763687479911608,401736382,918,18,11,1,True,False,matched,22.0,2025-09-06,under,0.14764362441253093,1.8,-1.0,1.0,False,False,False
2416,524ab1d358cbd7511bebd2ea58c17a25,518,Saniya Rivers,saniyarivers,CON,threes,1.5,138.0,-186.0,10,10,2025-09-05 17:19:08+00:00,2025-09-05 17:19:08+00:00,2025-09-05 17:19:08+00:00,2025-09-06 17:00:00+00:00,0.0,2025-09-06,2025,REG,CON,PHX,1.070517717576541,True,,0.3807086475713989,401736382,4433514,18,11,1,True,False,matched,2.0,2025-09-06,under,0.09078170045770179,1.5376344086021505,-1.0,1.0,False,False,False
2419,a58c566dc284da7804176a42113749e4,101,Kelsey Plum,kelseyplum,LAS,threes,2.5,-105.0,-125.0,24,24,2025-09-06 10:17:43+00:00,2025-09-06 10:17:43+00:00,2025-09-06 10:17:43+00:00,2025-09-07 22:00:00+00:00,0.0,2025-09-07,2025,REG,LAS,DAL,1.067750677506775,True,,0.47757418034290006,401736385,3065570,6,3,1,True,False,matched,2.0,2025-09-07,under,0.1580280147759756,1.8,0.8,1.0,False,False,False
2419,a41f83687f471cf65b50a61cc8f46202,94,Rickea Jackson,rickeajackson,CHI,threes,1.5,-200.0,160.0,24,24,2025-09-06 10:17:43+00:00,2025-09-06 10:17:43+00:00,2025-09-06 10:17:43+00:00,2025-09-07 22:00:00+00:00,0.0,2025-09-07,2025,REG,LAS,DAL,1.051282051282051,True,,0.6446499375340581,401736385,4433630,6,3,1,True,False,matched,1.0,2025-09-07,under,0.1535434831704091,2.6,1.6,1.0,False,False,False
2418,4bc945e80df22d9f8eb4d01dbda86db0,71,Aliyah Boston,aliyahboston,IND,assists,3.5,-125.0,-105.0,24,24,2025-09-06 10:17:44+00:00,2025-09-06 10:17:44+00:00,2025-09-06 10:17:44+00:00,2025-09-07 19:00:00+00:00,0.0,2025-09-07,2025,REG,WAS,IND,1.067750677506775,True,,0.5224258196571001,401736384,4432831,5,16,0,True,False,matched,5.0,2025-09-07,under,0.07912636144556934,1.9523809523809523,-1.0,1.0,False,False,False
2420,6399ad9bc799f09678c58f285cb13a04,30,Kamilla Cardoso,kamillacardoso,CHI,assists,3.5,120.0,-150.0,24,24,2025-09-06 10:38:31+00:00,2025-09-06 10:38:31+00:00,2025-09-06 10:38:31+00:00,2025-09-08 01:00:00+00:00,0.0,2025-09-07,2025,REG,LVA,CHI,1.0545454545454547,True,,0.4253013906678685,401736386,4433405,19,17,0,True,False,matched,3.0,2025-09-07,under,0.07619704908767555,1.6666666666666665,0.6666666666666665,1.0,False,False,False
2420,b82d3e9bf4abb2eebb34ff01017a9da9,185,Ariel Atkins,arielatkins,LAS,assists,3.5,-120.0,-110.0,24,24,2025-09-06 10:38:31+00:00,2025-09-06 10:38:31+00:00,2025-09-06 10:38:31+00:00,2025-09-08 01:00:00+00:00,0.0,2025-09-07,2025,REG,LVA,CHI,1.0692640692640691,True,,0.5112040114787568,401736386,3146151,19,17,0,True,True,did_not_play,,2025-09-07,under,0.06678947506641247,1.9090909090909092,0.0,0.0,False,True,False
2418,a59936dde71ce14b2f01464ce7db14b5,70,Kelsey Mitchell,kelseymitchell,IND,points,19.5,-125.0,-105.0,12,12,2025-09-06 10:52:11+00:00,2025-09-06 10:52:11+00:00,2025-09-06 10:52:11+00:00,2025-09-07 19:00:00+00:00,0.0,2025-09-07,2025,REG,WAS,IND,1.067750677506775,True,,0.5224258196571001,401736384,3142191,5,16,0,True,False,matched,10.0,2025-09-07,under,0.11308019790346752,1.9523809523809523,0.9523809523809523,1.0,False,False,False
2419,824d3b96964db56a327b1d6af55d4e5e,61,Maddy Siegrist,maddysiegrist,DAL,points,15.5,100.0,-130.0,12,12,2025-09-06 11:05:41+00:00,2025-09-06 11:05:41+00:00,2025-09-06 11:05:41+00:00,2025-09-07 22:00:00+00:00,0.0,2025-09-07,2025,REG,LAS,DAL,1.065217391304348,True,,0.4663164946059025,401736385,4399415,3,6,0,True,False,matched,13.0,2025-09-07,under,0.10135030198751566,1.7692307692307692,0.7692307692307692,1.0,False,False,False
2417,3514b64629e2a9740fc04466e93cef6e,115,Natisha Hiedeman,natishahiedeman,SEA,threes,1.5,-115.0,-115.0,13,13,2025-09-06 15:39:54+00:00,2025-09-06 15:39:54+00:00,2025-09-06 15:39:54+00:00,2025-09-07 00:30:00+00:00,0.0,2025-09-06,2025,REG,GSV,MIN,1.0697674418604652,True,,0.5,401736383,3906753,8,129689,0,True,False,matched,6.0,2025-09-06,under,0.35470459949943567,1.8695652173913042,-1.0,1.0,False,False,False
2416,2263390b28c8f5d3d674f8e4d116eb66,45,DeWanna Bonner,dewannabonner,PHO,points,10.5,-125.0,-104.0,10,10,2025-09-06 16:11:31+00:00,2025-09-06 16:11:31+00:00,2025-09-06 16:11:31+00:00,2025-09-06 17:00:00+00:00,0.0,2025-09-06,2025,REG,CON,PHX,1.065359477124183,True,,0.5236312520088393,401736382,869,11,18,0,True,False,matched,9.0,2025-09-06,under,0.0782822179149511,1.9615384615384617,0.9615384615384617,1.0,False,False,False
2418,2ce5ba05ca37e1b1af1bdbf085729a85,293,Odyssey Sims,odysseysims,DAL,points,10.5,102.0,-132.0,10,10,2025-09-06 16:11:33+00:00,2025-09-06 16:11:33+00:00,2025-09-06 16:11:33+00:00,2025-09-07 19:00:00+00:00,0.0,2025-09-07,2025,REG,WAS,IND,1.0640150221918745,True,,0.4618487426836327,401736384,2529047,5,16,0,True,False,matched,6.0,2025-09-07,under,0.16232982039966065,1.7575757575757576,0.7575757575757576,1.0,False,False,False
2419,21d6b39a52e0ccf08ddd9f5cbee3a8cd,528,Paige Bueckers,paigebueckers,DAL,rebounds,3.5,122.0,-162.0,10,10,2025-09-06 16:11:34+00:00,2025-09-06 16:11:34+00:00,2025-09-06 16:11:34+00:00,2025-09-07 22:00:00+00:00,0.0,2025-09-07,2025,REG,LAS,DAL,1.0687710611374732,True,,0.41310819110441305,401736385,4433730,3,6,0,True,False,matched,6.0,2025-09-07,over,0.08329641754648798,2.2199999999999998,1.2199999999999998,1.0,False,False,False
2420,533901a7208b2c9c3ccc616659c84d6c,102,Jackie Young,jackieyoung,LVA,rebounds,4.5,114.0,-152.0,10,10,2025-09-06 16:11:36+00:00,2025-09-06 16:11:36+00:00,2025-09-06 16:11:36+00:00,2025-09-08 01:00:00+00:00,0.0,2025-09-07,2025,REG,LVA,CHI,1.0704643228007713,True,,0.42960347247450675,401736386,4065870,17,19,1,True,False,matched,5.0,2025-09-07,over,0.061033196366517384,2.1399999999999997,1.1399999999999997,1.0,False,False,False
2417,1c40b742dcad10739c74cdb285439155,13,Iliana Rupert,ilianarupert,GSV,points,9.5,-110.0,-120.0,13,13,2025-09-06 18:25:11+00:00,2025-09-06 18:25:11+00:00,2025-09-06 18:25:11+00:00,2025-09-07 00:30:00+00:00,0.0,2025-09-06,2025,REG,GSV,MIN,1.0692640692640691,True,,0.4887959885212434,401736383,4790263,129689,8,1,True,False,matched,15.0,2025-09-06,under,0.1166998358763327,1.8333333333333335,-1.0,1.0,False,False,False
2417,2f59b61b6d531815cdc06279c3a4bbb0,116,Jessica Shepard,jessicashepard,DAL,rebounds,8.5,-122.0,-108.0,10,10,2025-09-06 21:05:22+00:00,2025-09-06 21:05:22+00:00,2025-09-06 21:05:22+00:00,2025-09-07 00:30:00+00:00,0.0,2025-09-06,2025,REG,GSV,MIN,1.0687803187803186,True,,0.5156895960912058,401736383,3906949,8,129689,0,True,False,matched,13.0,2025-09-06,under,0.6074338781835114,1.925925925925926,-1.0,1.0,False,False,False
2417,afb0a7b48cf32391ea4f0a1a626fa8fe,72,Temi Fagbenle,temifagbenle,TOR,rebounds,5.5,164.0,-222.0,60,60,2025-09-06 23:00:10+00:00,2025-09-06 23:00:10+00:00,2025-09-06 23:00:10+00:00,2025-09-07 00:30:00+00:00,0.0,2025-09-06,2025,REG,GSV,MIN,1.0682288725766986,True,,0.33914536088974007,401736383,2569044,129689,8,1,True,False,matched,3.0,2025-09-06,under,0.11031690253529919,1.4504504504504505,0.4504504504504505,1.0,False,False,False
2421,b7b37460a841de5c359a4cf7d78f457c,49,Brionna Jones,brionnajones,ATL,points,13.5,100.0,-130.0,10,10,2025-09-07 04:50:06+00:00,2025-09-07 04:50:06+00:00,2025-09-07 04:50:06+00:00,2025-09-08 23:30:00+00:00,0.0,2025-09-08,2025,REG,ATL,CON,1.065217391304348,True,,0.4663164946059025,401736387,3058895,20,18,1,True,False,matched,8.0,2025-09-08,under,0.08540808240047987,1.7692307692307692,0.7692307692307692,1.0,False,False,False
2421,0f0c5d7a64c9857b1201147dd87a02fd,15,Rhyne Howard,rhynehoward,ATL,points,19.5,-113.0,-115.0,10,10,2025-09-07 04:50:06+00:00,2025-09-07 04:50:06+00:00,2025-09-07 04:50:06+00:00,2025-09-08 23:30:00+00:00,0.0,2025-09-08,2025,REG,ATL,CON,1.0654001528551151,True,,0.49774423259931944,401736387,4398674,20,18,1,True,False,matched,18.0,2025-09-08,under,0.08079617497070868,1.8695652173913042,0.8695652173913042,1.0,False,False,False
2421,58a813c896ae0083c890fd728925ebc6,22,Marina Mabrey,marinamabrey,TOR,rebounds,3.5,-152.0,114.0,10,10,2025-09-07 04:50:06+00:00,2025-09-07 04:50:06+00:00,2025-09-07 04:50:06+00:00,2025-09-08 23:30:00+00:00,0.0,2025-09-08,2025,REG,ATL,CON,1.0704643228007713,True,,0.5703965275254933,401736387,3904576,18,20,0,True,False,matched,3.0,2025-09-08,under,0.0662104765146656,2.1399999999999997,1.1399999999999997,1.0,False,False,False
2418,3498f703c4b6b3c7f06de2fe7e6ec00a,76,Lexie Hull,lexiehull,IND,points,9.5,120.0,-150.0,13,13,2025-09-07 13:24:38+00:00,2025-09-07 13:24:38+00:00,2025-09-07 13:24:38+00:00,2025-09-07 19:00:00+00:00,0.0,2025-09-07,2025,REG,WAS,IND,1.0545454545454547,True,,0.4253013906678685,401736384,4398829,5,16,0,True,False,matched,7.0,2025-09-07,under,0.09879569460961607,1.6666666666666665,0.6666666666666665,1.0,False,False,False
2418,be9347d6e3ce07a7b39eeda7bfd08835,573,Sonia Citron,soniacitron,WAS,assists,3.5,170.0,-220.0,19,19,2025-09-07 15:47:22+00:00,2025-09-07 15:47:22+00:00,2025-09-07 15:47:22+00:00,2025-09-07 19:00:00+00:00,0.0,2025-09-07,2025,REG,WAS,IND,1.0578703703703702,True,,0.3367459114849704,401736384,4433524,16,5,1,True,False,matched,0.0,2025-09-07,under,0.08889580257168211,1.4545454545454546,0.4545454545454546,1.0,False,False,False
2421,dfca21043efa508795a9dad6ef52c20b,519,Aneesah Morrow,aneesahmorrow,CON,rebounds,7.5,-130.0,-102.0,10,10,2025-09-07 16:30:50+00:00,2025-09-07 16:30:50+00:00,2025-09-07 16:30:50+00:00,2025-09-08 23:30:00+00:00,0.0,2025-09-08,2025,REG,ATL,CON,1.0701678863538528,True,,0.5312123494364493,401736387,4684384,18,20,0,True,False,matched,14.0,2025-09-08,under,0.165667486070933,1.9803921568627452,-1.0,1.0,False,False,False
2421,633eb7ba04c35a17377f36f067bbf6ba,2,Jordin Canada,jordincanada,ATL,rebounds,3.5,-152.0,114.0,10,10,2025-09-07 16:30:51+00:00,2025-09-07 16:30:51+00:00,2025-09-07 16:30:51+00:00,2025-09-08 23:30:00+00:00,0.0,2025-09-08,2025,REG,ATL,CON,1.0704643228007713,True,,0.5703965275254933,401736387,3142250,20,18,1,True,False,matched,4.0,2025-09-08,under,0.3108726708040836,2.1399999999999997,-1.0,1.0,False,False,False
2421,d7a83e86dcc60472693258640b53ae25,16,Naz Hillmon,nazhillmon,ATL,rebounds,7.5,-128.0,-104.0,10,10,2025-09-07 16:30:51+00:00,2025-09-07 16:30:51+00:00,2025-09-07 16:30:51+00:00,2025-09-08 23:30:00+00:00,0.0,2025-09-08,2025,REG,ATL,CON,1.0712074303405572,True,,0.5267388899028808,401736387,4398915,20,18,1,True,False,matched,5.0,2025-09-08,under,0.1656063259238394,1.9615384615384617,0.9615384615384617,1.0,False,False,False
2422,2b31c1a5d4229b5c07edfa77c140b96e,141,Jonquel Jones,jonqueljones,NYL,rebounds,7.5,-125.0,-106.0,10,10,2025-09-07 23:50:45+00:00,2025-09-07 23:50:45+00:00,2025-09-07 23:50:45+00:00,2025-09-09 23:00:00+00:00,0.0,2025-09-09,2025,REG,NYL,WAS,1.070118662351672,True,,0.5212291071384377,401736388,2999101,9,16,1,True,False,matched,11.0,2025-09-09,under,0.2590874633491605,1.9433962264150944,-1.0,1.0,False,False,False
2422,e8015f9d31bd32bd8752cf915198cc20,137,Breanna Stewart,breannastewart,NYL,rebounds,6.5,124.0,-166.0,10,10,2025-09-07 23:50:45+00:00,2025-09-07 23:50:45+00:00,2025-09-07 23:50:45+00:00,2025-09-09 23:00:00+00:00,0.0,2025-09-09,2025,REG,NYL,WAS,1.0704887218045114,True,,0.40796342297849103,401736388,2998928,9,16,1,True,False,matched,8.0,2025-09-09,over,0.13256366828971328,2.24,1.2400000000000002,1.0,False,False,False
2422,904043dfe794b7a75b2f64151fca7575,163,Natasha Cloud,natashacloud,CHI,points,10.5,-128.0,-102.0,10,10,2025-09-07 23:50:45+00:00,2025-09-07 23:50:45+00:00,2025-09-07 23:50:45+00:00,2025-09-09 23:00:00+00:00,0.0,2025-09-09,2025,REG,NYL,WAS,1.0663540038214347,True,,0.5291749480305961,401736388,2529137,9,16,1,True,False,matched,11.0,2025-09-09,under,0.10234544341707463,1.9803921568627452,-1.0,1.0,False,False,False
2422,79703971ebceb1c1670af1a229dfcefd,573,Sonia Citron,soniacitron,WAS,points,13.5,102.0,-132.0,10,10,2025-09-07 23:50:45+00:00,2025-09-07 23:50:45+00:00,2025-09-07 23:50:45+00:00,2025-09-09 23:00:00+00:00,0.0,2025-09-09,2025,REG,NYL,WAS,1.0640150221918745,True,,0.4618487426836327,401736388,4433524,16,9,0,True,False,matched,13.0,2025-09-09,under,0.07701345606548132,1.7575757575757576,0.7575757575757576,1.0,False,False,False
2423,7efc7cefe13789e5573d62c3552ef7c9,76,Lexie Hull,lexiehull,IND,threes,1.5,-130.0,-102.0,10,10,2025-09-08 00:36:37+00:00,2025-09-08 00:36:37+00:00,2025-09-08 00:36:37+00:00,2025-09-09 23:30:00+00:00,0.0,2025-09-09,2025,REG,IND,MIN,1.0701678863538528,True,,0.5312123494364493,401736389,4398829,5,8,1,True,False,matched,0.0,2025-09-09,under,0.1989722404358395,1.9803921568627452,0.9803921568627452,1.0,False,False,False
2423,11f0182e44eb3b3e0d31d0c43d856dd6,71,Aliyah Boston,aliyahboston,IND,points,14.5,-114.0,-114.0,10,10,2025-09-08 00:36:37+00:00,2025-09-08 00:36:37+00:00,2025-09-08 00:36:37+00:00,2025-09-09 23:30:00+00:00,0.0,2025-09-09,2025,REG,IND,MIN,1.0654205607476634,True,,0.5000000000000001,401736389,4432831,5,8,1,True,False,matched,12.0,2025-09-09,under,0.1923640216329835,1.8771929824561404,0.8771929824561404,1.0,False,False,False
2423,d278d64b1eec232f71506466b77b492b,293,Odyssey Sims,odysseysims,DAL,points,9.5,-120.0,-108.0,10,10,2025-09-08 00:36:37+00:00,2025-09-08 00:36:37+00:00,2025-09-08 00:36:37+00:00,2025-09-09 23:30:00+00:00,0.0,2025-09-09,2025,REG,IND,MIN,1.0646853146853146,True,,0.5135396953663074,401736389,2529047,5,8,1,True,False,matched,15.0,2025-09-09,under,0.18022572185831737,1.925925925925926,-1.0,1.0,False,False,False
2423,8f8780575e14abb9dfdd4b38dfc2d067,70,Kelsey Mitchell,kelseymitchell,IND,points,20.5,-104.0,-125.0,10,10,2025-09-08 00:36:37+00:00,2025-09-08 00:36:37+00:00,2025-09-08 00:36:37+00:00,2025-09-09 23:30:00+00:00,0.0,2025-09-09,2025,REG,IND,MIN,1.065359477124183,True,,0.4763687479911608,401736389,3142191,5,8,1,True,False,matched,18.0,2025-09-09,under,0.08164609678151974,1.8,0.8,1.0,False,False,False
2424,5084b42c9cd26d6318285f0893934320,40,Alyssa Thomas,alyssathomas,PHO,rebounds,9.5,-118.0,-112.0,10,10,2025-09-08 01:33:04+00:00,2025-09-08 01:33:04+00:00,2025-09-08 01:33:04+00:00,2025-09-10 02:00:00+00:00,0.0,2025-09-09,2025,REG,PHX,LAS,1.0695862904621776,True,,0.5067212711754592,401736391,2529140,11,6,1,True,False,matched,11.0,2025-09-09,under,0.13018618617359407,1.8928571428571428,-1.0,1.0,False,False,False
2424,9808fbb63014df79df4c3b58fd0e35b5,54,Satou Sabally,satousabally,NYL,threes,1.5,128.0,-172.0,10,10,2025-09-08 01:33:04+00:00,2025-09-08 01:33:04+00:00,2025-09-08 01:33:04+00:00,2025-09-10 02:00:00+00:00,0.0,2025-09-09,2025,REG,PHX,LAS,1.0709494324045408,True,,0.39957653069922067,401736391,4281929,11,6,1,True,False,matched,4.0,2025-09-09,over,0.10477685362507116,2.2800000000000002,1.2800000000000002,1.0,False,False,False
2424,942eefc55ac1581fc8c5fe2c2de90b24,155,Kahleah Copper,kahleahcopper,PHO,threes,1.5,-125.0,-106.0,10,10,2025-09-08 01:33:04+00:00,2025-09-08 01:33:04+00:00,2025-09-08 01:33:04+00:00,2025-09-10 02:00:00+00:00,0.0,2025-09-09,2025,REG,PHX,LAS,1.070118662351672,True,,0.5212291071384377,401736391,2998938,11,6,1,True,False,matched,1.0,2025-09-09,over,0.0690505967256056,1.8,-1.0,1.0,False,False,False
2426,eca5f0d66a8e9f6c1ac2e651b957fda1,180,Nneka Ogwumike,nnekaogwumike,LAS,points,17.5,-114.0,-114.0,10,10,2025-09-08 02:28:24+00:00,2025-09-08 02:28:24+00:00,2025-09-08 02:28:24+00:00,2025-09-10 02:00:00+00:00,0.0,2025-09-09,2025,REG,SEA,GSV,1.0654205607476634,True,,0.5000000000000001,401736392,1068,14,129689,1,True,False,matched,16.0,2025-09-09,under,0.13648074216401768,1.8771929824561404,0.8771929824561404,1.0,False,False,False
2426,a18f6a034617860c6b2df481bb092126,182,Brittney Sykes,brittneysykes,TOR,points,10.5,-130.0,100.0,10,10,2025-09-08 02:28:24+00:00,2025-09-08 02:28:24+00:00,2025-09-08 02:28:24+00:00,2025-09-10 02:00:00+00:00,0.0,2025-09-09,2025,REG,SEA,GSV,1.065217391304348,True,,0.5336835053940976,401736392,2988756,14,129689,1,True,False,matched,14.0,2025-09-09,under,0.13625756377612985,2.0,-1.0,1.0,False,False,False
2426,216aa3eaf345aa33e72b5aef03879457,175,Skylar Diggins,skylardiggins,CHI,points,13.5,-114.0,-114.0,10,10,2025-09-08 02:28:24+00:00,2025-09-08 02:28:24+00:00,2025-09-08 02:28:24+00:00,2025-09-10 02:00:00+00:00,0.0,2025-09-09,2025,REG,SEA,GSV,1.0654205607476634,True,,0.5000000000000001,401736392,2491205,14,129689,1,True,False,matched,10.0,2025-09-09,under,0.06250050782185584,1.8771929824561404,0.8771929824561404,1.0,False,False,False
2426,0879ac151e1dd24d68e3e1247ed47cf1,55,Veronica Burton,veronicaburton,GSV,points,12.5,-118.0,-110.0,10,10,2025-09-08 02:28:24+00:00,2025-09-08 02:28:24+00:00,2025-09-08 02:28:24+00:00,2025-09-10 02:00:00+00:00,0.0,2025-09-09,2025,REG,SEA,GSV,1.0650939274792486,True,,0.5090245232268319,401736392,4398935,129689,14,0,True,False,matched,14.0,2025-09-09,under,0.05708411020030213,1.9090909090909092,-1.0,1.0,False,False,False
2425,f82b775c1a738394a61db8e4b0bb924a,102,Jackie Young,jackieyoung,LVA,points,15.5,-114.0,-114.0,10,10,2025-09-08 04:26:18+00:00,2025-09-08 04:26:18+00:00,2025-09-08 04:26:18+00:00,2025-09-10 02:00:00+00:00,0.0,2025-09-09,2025,REG,LVA,CHI,1.0654205607476634,True,,0.5000000000000001,401736390,4065870,17,19,1,True,False,matched,15.0,2025-09-09,under,0.07091046571821391,1.8771929824561404,0.8771929824561404,1.0,False,False,False
2425,a9e4a4b12937838455ff78806bb3b575,30,Kamilla Cardoso,kamillacardoso,CHI,rebounds,9.5,-118.0,-112.0,10,10,2025-09-08 04:26:19+00:00,2025-09-08 04:26:19+00:00,2025-09-08 04:26:19+00:00,2025-09-10 02:00:00+00:00,0.0,2025-09-09,2025,REG,LVA,CHI,1.0695862904621776,True,,0.5067212711754592,401736390,4433405,19,17,0,True,False,matched,13.0,2025-09-09,under,0.20885315723854664,1.8928571428571428,-1.0,1.0,False,False,False
2424,e25a5e4710d1a6befa495c4578b2efe4,94,Rickea Jackson,rickeajackson,CHI,threes,1.5,-180.0,145.0,24,24,2025-09-08 13:15:53+00:00,2025-09-08 13:15:53+00:00,2025-09-08 13:15:53+00:00,2025-09-10 02:00:00+00:00,0.0,2025-09-09,2025,REG,PHX,LAS,1.0510204081632653,True,,0.6203266093860251,401736391,4433630,6,11,0,True,False,matched,1.0,2025-09-09,under,0.284152576298477,2.45,1.4500000000000002,1.0,False,False,False
2424,f736b9f0835e1a3eb8032f9550068bf0,101,Kelsey Plum,kelseyplum,LAS,assists,5.5,-115.0,-115.0,24,24,2025-09-08 13:15:53+00:00,2025-09-08 13:15:53+00:00,2025-09-08 13:15:53+00:00,2025-09-10 02:00:00+00:00,0.0,2025-09-09,2025,REG,PHX,LAS,1.0697674418604652,True,,0.5,401736391,3065570,6,11,0,True,False,matched,5.0,2025-09-09,under,0.276354810293831,1.8695652173913042,0.8695652173913042,1.0,False,False,False
2424,50439ed5e09deabfb46a2917f1126fa4,82,Azura Stevens,azurastevens,CHI,threes,1.5,190.0,-240.0,24,24,2025-09-08 13:15:53+00:00,2025-09-08 13:15:53+00:00,2025-09-08 13:15:53+00:00,2025-09-10 02:00:00+00:00,0.0,2025-09-09,2025,REG,PHX,LAS,1.050709939148073,True,,0.31482669350282655,401736391,3142010,6,11,0,True,False,matched,1.0,2025-09-09,over,0.1576903685706682,2.9,-1.0,1.0,False,False,False
2424,342214076a012b8dd442d8d0315d0856,89,Dearica Hamby,dearicahamby,LAS,assists,3.5,120.0,-150.0,24,24,2025-09-08 13:15:53+00:00,2025-09-08 13:15:53+00:00,2025-09-08 13:15:53+00:00,2025-09-10 02:00:00+00:00,0.0,2025-09-09,2025,REG,PHX,LAS,1.0545454545454547,True,,0.4253013906678685,401736391,2566106,6,11,0,True,False,matched,5.0,2025-09-09,under,0.1003694795756423,1.6666666666666665,-1.0,1.0,False,False,False
2423,13a968a485367ed71c126104a1b8ae56,117,Courtney Williams,courtneywilliams,MIN,threes,1.5,125.0,-155.0,24,24,2025-09-08 13:15:54+00:00,2025-09-08 13:15:54+00:00,2025-09-08 13:15:54+00:00,2025-09-09 23:30:00+00:00,0.0,2025-09-09,2025,REG,IND,MIN,1.0522875816993464,True,,0.4161844529605166,401736389,2987891,8,5,0,True,False,matched,0.0,2025-09-09,under,0.12495075365091463,1.6451612903225805,0.6451612903225805,1.0,False,False,False
2421,9470d11fafd340d9b75545c105e745d4,1,Allisha Gray,allishagray,ATL,rebounds,3.5,100.0,-132.0,10,10,2025-09-08 16:49:43+00:00,2025-09-08 16:49:43+00:00,2025-09-08 16:49:43+00:00,2025-09-08 23:30:00+00:00,0.0,2025-09-08,2025,REG,ATL,CON,1.0689655172413794,True,,0.46430627616618364,401736387,3058901,20,18,1,True,False,matched,6.0,2025-09-08,over,0.3519129676899276,2.0,1.0,1.0,False,False,False
2423,3cb32fe1f04c6bdbc528431d5fb0b938,112,Napheesa Collier,napheesacollier,MIN,rebounds,7.5,-140.0,100.0,33,33,2025-09-08 17:46:56+00:00,2025-09-08 17:46:56+00:00,2025-09-08 17:46:56+00:00,2025-09-09 23:30:00+00:00,0.0,2025-09-09,2025,REG,IND,MIN,1.0833333333333333,True,,0.5434863681281015,401736389,3917450,8,5,0,True,True,did_not_play,,2025-09-09,under,0.19263532676117856,2.0,0.0,0.0,False,True,False
2426,db9ec3ac5ffa57cca48f282116b27343,13,Iliana Rupert,ilianarupert,GSV,points,10.5,-102.0,-128.0,10,10,2025-09-09 00:56:38+00:00,2025-09-09 00:56:38+00:00,2025-09-09 00:56:38+00:00,2025-09-10 02:00:00+00:00,0.0,2025-09-09,2025,REG,SEA,GSV,1.0663540038214347,True,,0.47082505196940394,401736392,4790263,129689,14,0,True,False,matched,6.0,2025-09-09,under,0.1128149427439546,1.78125,0.78125,1.0,False,False,False
2426,5186e486ba81ac39b78025b1fbe0a798,280,Kaila Charles,kailacharles,GSV,points,9.5,-110.0,-130.0,33,33,2025-09-09 02:25:16+00:00,2025-09-09 02:25:16+00:00,2025-09-09 02:25:16+00:00,2025-09-10 02:00:00+00:00,0.0,2025-09-09,2025,REG,SEA,GSV,1.0890269151138718,True,,0.47832076753442404,401736392,4065780,129689,14,0,True,False,matched,12.0,2025-09-09,under,0.14189461281433974,1.7692307692307692,-1.0,1.0,False,False,False
2423,970b2294313595e8b345f633ecb915cd,125,Kayla McBride,kaylamcbride,MIN,rebounds,2.5,-165.0,120.0,49,49,2025-09-09 09:16:30+00:00,2025-09-09 09:16:30+00:00,2025-09-09 09:16:30+00:00,2025-09-09 23:30:00+00:00,0.0,2025-09-09,2025,REG,IND,MIN,1.077186963979417,True,,0.5874272698833228,401736389,2529205,8,5,0,True,False,matched,0.0,2025-09-09,under,0.38678981566873794,2.2,1.2000000000000002,1.0,False,False,False
2427,e588009142dc8cec04e857c35a432c3c,2,Jordin Canada,jordincanada,ATL,assists,6.5,-105.0,-125.0,24,24,2025-09-09 10:22:44+00:00,2025-09-09 10:22:44+00:00,2025-09-09 10:22:44+00:00,2025-09-10 23:00:00+00:00,0.0,2025-09-10,2025,REG,CON,ATL,1.067750677506775,True,,0.47757418034290006,401736393,3142250,20,18,0,True,False,matched,4.0,2025-09-10,under,0.15497354436807725,1.8,0.8,1.0,False,False,False
2427,9b6efd5862b640e48b457c3df2425690,1,Allisha Gray,allishagray,ATL,threes,2.5,150.0,-185.0,24,24,2025-09-09 10:22:44+00:00,2025-09-09 10:22:44+00:00,2025-09-09 10:22:44+00:00,2025-09-10 23:00:00+00:00,0.0,2025-09-10,2025,REG,CON,ATL,1.049122807017544,True,,0.3723998049350017,401736393,3058901,20,18,0,True,False,matched,3.0,2025-09-10,under,0.09675924925623236,1.5405405405405406,-1.0,1.0,False,False,False
2427,3174ee3875a7dc33a0dba2588a35fc5f,15,Rhyne Howard,rhynehoward,ATL,assists,4.5,-120.0,-110.0,24,24,2025-09-09 10:22:44+00:00,2025-09-09 10:22:44+00:00,2025-09-09 10:22:44+00:00,2025-09-10 23:00:00+00:00,0.0,2025-09-10,2025,REG,CON,ATL,1.0692640692640691,True,,0.5112040114787568,401736393,4398674,20,18,0,True,False,matched,4.0,2025-09-10,under,0.07619826105831656,1.9090909090909092,0.9090909090909092,1.0,False,False,False
2427,14164ee0d83068858349a028012aca41,16,Naz Hillmon,nazhillmon,ATL,points,9.5,-123.0,-106.0,60,60,2025-09-09 12:07:19+00:00,2025-09-09 12:07:19+00:00,2025-09-09 12:07:19+00:00,2025-09-10 23:00:00+00:00,0.0,2025-09-10,2025,REG,CON,ATL,1.066132613522574,True,,0.5191222890950726,401736393,4398915,20,18,0,True,False,matched,7.0,2025-09-10,under,0.07896682364259866,1.9433962264150944,0.9433962264150944,1.0,False,False,False
2423,a9d3c846063188b28dc92dd9a51d9e1a,116,Jessica Shepard,jessicashepard,DAL,points,14.5,-110.0,-120.0,13,13,2025-09-09 12:09:43+00:00,2025-09-09 12:09:43+00:00,2025-09-09 12:09:43+00:00,2025-09-09 23:30:00+00:00,0.0,2025-09-09,2025,REG,IND,MIN,1.0692640692640691,True,,0.4887959885212434,401736389,3906949,8,5,0,True,False,matched,16.0,2025-09-09,under,0.5391878327930688,1.8333333333333335,-1.0,1.0,False,False,False
2427,ec9acf6c88f0b470a26700245a989e10,22,Marina Mabrey,marinamabrey,TOR,rebounds,3.5,-140.0,110.0,13,13,2025-09-10 11:19:27+00:00,2025-09-10 11:19:27+00:00,2025-09-10 11:19:27+00:00,2025-09-10 23:00:00+00:00,0.0,2025-09-10,2025,REG,CON,ATL,1.0595238095238093,True,,0.555167954788897,401736393,3904576,18,20,1,True,False,matched,1.0,2025-09-10,under,0.10915668147903324,2.1,1.1,1.0,False,False,False
2427,01fc2dcd339347da1ad73c4e4ea10e56,9,Tina Charles,tinacharles,FA,points,14.5,-140.0,110.0,13,13,2025-09-10 15:01:43+00:00,2025-09-10 15:01:43+00:00,2025-09-10 15:01:43+00:00,2025-09-10 23:00:00+00:00,0.0,2025-09-10,2025,REG,CON,ATL,1.0595238095238093,True,,0.555167954788897,401736393,918,18,20,1,True,False,matched,9.0,2025-09-10,under,0.10703443147433134,2.1,1.1,1.0,False,False,False
2427,7bf5c717f59a47f354063121c39cc578,519,Aneesah Morrow,aneesahmorrow,CON,rebounds,9.5,115.0,-145.0,13,13,2025-09-10 15:27:43+00:00,2025-09-10 15:27:43+00:00,2025-09-10 15:27:43+00:00,2025-09-10 23:00:00+00:00,0.0,2025-09-10,2025,REG,CON,ATL,1.056953013763645,True,,0.4348401999529958,401736393,4684384,18,20,1,True,False,matched,10.0,2025-09-10,under,0.1336669425062479,1.6896551724137931,-1.0,1.0,False,False,False
2427,564a0060fb23727cfe94ea9fbc83abba,49,Brionna Jones,brionnajones,ATL,rebounds,7.5,115.0,-145.0,13,13,2025-09-10 19:01:22+00:00,2025-09-10 19:01:22+00:00,2025-09-10 19:01:22+00:00,2025-09-10 23:00:00+00:00,0.0,2025-09-10,2025,REG,CON,ATL,1.056953013763645,True,,0.4348401999529958,401736393,3058895,20,18,0,True,False,matched,2.0,2025-09-10,under,0.07756602452382177,1.6896551724137931,0.6896551724137931,1.0,False,False,False
2427,7d41d9aff77112fcd2d38122c5afed1b,518,Saniya Rivers,saniyarivers,CON,points,11.5,-137.0,-123.0,60,60,2025-09-10 20:07:27+00:00,2025-09-10 20:07:27+00:00,2025-09-10 20:07:27+00:00,2025-09-10 23:00:00+00:00,0.0,2025-09-10,2025,REG,CON,ATL,1.1296285784564153,True,,0.5142268617549557,401736393,4433514,18,20,1,True,False,matched,16.0,2025-09-10,under,0.2777250226062887,1.8130081300813008,-1.0,1.0,False,False,False
2428,2a7bca1e3f1967ffa6d267ab79f40b17,112,Napheesa Collier,napheesacollier,MIN,points,19.5,-119.0,-114.0,13,13,2025-09-11 07:20:34+00:00,2025-09-11 07:20:34+00:00,2025-09-11 07:20:34+00:00,2025-09-12 00:00:00+00:00,0.0,2025-09-11,2025,REG,MIN,GSV,1.0760892758076217,True,,0.5055436854248784,401736396,3917450,8,129689,1,True,False,matched,19.0,2025-09-11,under,0.11792197419242417,1.8771929824561404,0.8771929824561404,1.0,False,False,False
2428,c706de508334d4cf0263bcde1f75a76a,280,Kaila Charles,kailacharles,GSV,rebounds,5.5,-137.0,100.0,13,13,2025-09-11 10:10:08+00:00,2025-09-11 10:10:08+00:00,2025-09-11 10:10:08+00:00,2025-09-12 00:00:00+00:00,0.0,2025-09-11,2025,REG,MIN,GSV,1.0780590717299579,True,,0.5406094161837047,401736396,4065780,129689,8,0,True,False,matched,7.0,2025-09-11,under,0.24757874302387567,2.0,-1.0,1.0,False,False,False
2428,6705b8756a6dc64d7fb9a435b4ca361b,55,Veronica Burton,veronicaburton,GSV,rebounds,4.5,-118.0,-114.0,13,13,2025-09-11 10:10:09+00:00,2025-09-11 10:10:09+00:00,2025-09-11 10:10:09+00:00,2025-09-12 00:00:00+00:00,0.0,2025-09-11,2025,REG,MIN,GSV,1.0739946840435564,True,,0.5044499907041479,401736396,4398935,129689,8,0,True,False,matched,3.0,2025-09-11,under,0.062448107857384916,1.8771929824561404,0.8771929824561404,1.0,False,False,False
2431,c8d4d6d8cfdaeefcfc5fcc048dfc6314,103,A'ja Wilson,ajawilson,LVA,points,19.5,-189.0,135.0,13,13,2025-09-11 13:01:46+00:00,2025-09-11 13:01:46+00:00,2025-09-11 13:01:46+00:00,2025-09-12 02:00:00+00:00,0.0,2025-09-11,2025,REG,LAS,LVA,1.0795111536479423,True,,0.6190092826088274,401736397,3149391,17,6,0,True,False,matched,23.0,2025-09-11,under,0.10091667954944217,2.35,-1.0,1.0,False,False,False
2431,1efcde7dbfc646ad7003152048406a43,107,Chelsea Gray,chelseagray,LVA,points,9.5,-169.0,125.0,13,13,2025-09-11 22:33:42+00:00,2025-09-11 22:33:42+00:00,2025-09-11 22:33:42+00:00,2025-09-12 02:00:00+00:00,0.0,2025-09-11,2025,REG,LAS,LVA,1.0726972325485336,True,,0.5953587091432891,401736397,2529122,17,6,0,True,False,matched,15.0,2025-09-11,under,0.1407372157270832,2.25,-1.0,1.0,False,False,False
2428,e872bdf11db617f9ac9ed7598da13d55,125,Kayla McBride,kaylamcbride,MIN,assists,3.5,110.0,-143.0,60,60,2025-09-11 22:55:54+00:00,2025-09-11 22:55:54+00:00,2025-09-11 22:55:54+00:00,2025-09-12 00:00:00+00:00,0.0,2025-09-11,2025,REG,MIN,GSV,1.0646678424456204,True,,0.4420195959048457,401736396,2529205,8,129689,1,True,False,matched,4.0,2025-09-11,under,0.08589606362584745,1.6993006993006992,-1.0,1.0,False,False,False
2448,35cdcc0912e0f742e6d67ecfda8f3464,112,Napheesa Collier,napheesacollier,MIN,assists,2.5,-162.0,122.0,10,10,2025-09-12 04:30:40+00:00,2025-09-12 04:30:40+00:00,2025-09-12 04:30:40+00:00,2025-09-14 17:00:00+00:00,0.0,2025-09-14,2025,PST,MIN,GSV,1.0687710611374732,True,,0.5868918088955871,401820272,3917450,8,129689,1,True,False,matched,2.0,2025-09-14,under,0.1252676740186205,2.2199999999999998,1.2199999999999998,1.0,False,False,False
2450,63b41bf65dea6d10625bf91d5156ed8e,141,Jonquel Jones,jonqueljones,NYL,rebounds,9.5,100.0,-132.0,10,10,2025-09-12 04:30:41+00:00,2025-09-12 04:30:41+00:00,2025-09-12 04:30:41+00:00,2025-09-14 21:00:00+00:00,0.0,2025-09-14,2025,PST,PHX,NYL,1.0689655172413794,True,,0.46430627616618364,401820314,2999101,9,11,0,True,False,matched,12.0,2025-09-14,under,0.3620164005890969,1.7575757575757576,-1.0,1.0,False,False,False
2450,cea8bc9b0dcb08e88ce59b40ea558f80,54,Satou Sabally,satousabally,NYL,rebounds,6.5,100.0,-132.0,10,10,2025-09-12 04:30:41+00:00,2025-09-12 04:30:41+00:00,2025-09-12 04:30:41+00:00,2025-09-14 21:00:00+00:00,0.0,2025-09-14,2025,PST,PHX,NYL,1.0689655172413794,True,,0.46430627616618364,401820314,4281929,11,9,1,True,False,matched,8.0,2025-09-14,under,0.35122629013621187,1.7575757575757576,-1.0,1.0,False,False,False
2450,e375657d579b7ad59e7ede3c8783d93b,40,Alyssa Thomas,alyssathomas,PHO,rebounds,9.5,-138.0,104.0,10,10,2025-09-12 04:30:41+00:00,2025-09-12 04:30:41+00:00,2025-09-12 04:30:41+00:00,2025-09-14 21:00:00+00:00,0.0,2025-09-14,2025,PST,PHX,NYL,1.0700280112044818,True,,0.5464208361470752,401820314,2529140,11,9,1,True,False,matched,9.0,2025-09-14,under,0.3504043411170716,2.04,1.04,1.0,False,False,False
2450,ae322f4d36f1d46eb893130067f5723f,137,Breanna Stewart,breannastewart,NYL,points,18.5,-128.0,-102.0,10,10,2025-09-12 04:30:41+00:00,2025-09-12 04:30:41+00:00,2025-09-12 04:30:41+00:00,2025-09-14 21:00:00+00:00,0.0,2025-09-14,2025,PST,PHX,NYL,1.0663540038214347,True,,0.5291749480305961,401820314,2998928,9,11,0,True,False,matched,18.0,2025-09-14,under,0.33522158623943327,1.9803921568627452,0.9803921568627452,1.0,False,False,False
2450,32877675342c5821ff266ce03dc085bb,155,Kahleah Copper,kahleahcopper,PHO,points,17.5,-114.0,-114.0,10,10,2025-09-12 04:30:41+00:00,2025-09-12 04:30:41+00:00,2025-09-12 04:30:41+00:00,2025-09-14 21:00:00+00:00,0.0,2025-09-14,2025,PST,PHX,NYL,1.0654205607476634,True,,0.5000000000000001,401820314,2998938,11,9,1,True,False,matched,15.0,2025-09-14,under,0.30959966954250984,1.8771929824561404,0.8771929824561404,1.0,False,False,False
2450,2e9dc0b985275d9f223401ff36d50fd2,132,Sabrina Ionescu,sabrinaionescu,NYL,points,17.5,-120.0,-108.0,10,10,2025-09-12 04:30:41+00:00,2025-09-12 04:30:41+00:00,2025-09-12 04:30:41+00:00,2025-09-14 21:00:00+00:00,0.0,2025-09-14,2025,PST,PHX,NYL,1.0646853146853146,True,,0.5135396953663074,401820314,4066533,9,11,0,True,False,matched,16.0,2025-09-14,under,0.2509883614587666,1.925925925925926,0.925925925925926,1.0,False,False,False
2451,7fdc7b1aae5ebce804dcc6d15bfd77d6,103,A'ja Wilson,ajawilson,LVA,rebounds,10.5,-146.0,110.0,10,10,2025-09-12 04:42:19+00:00,2025-09-12 04:42:19+00:00,2025-09-12 04:42:19+00:00,2025-09-15 02:00:00+00:00,0.0,2025-09-14,2025,PST,LVA,SEA,1.0696864111498257,True,,0.5607420039050215,401820315,3149391,17,14,1,True,False,matched,8.0,2025-09-14,under,0.22000235880694136,2.1,1.1,1.0,False,False,False
2451,4c3ad40ea693d83430a46a25bb365de2,102,Jackie Young,jackieyoung,LVA,threes,1.5,-200.0,148.0,10,10,2025-09-12 05:05:45+00:00,2025-09-12 05:05:45+00:00,2025-09-12 05:05:45+00:00,2025-09-15 02:00:00+00:00,0.0,2025-09-14,2025,PST,LVA,SEA,1.0698924731182795,True,,0.6365014949541484,401820315,4065870,17,14,1,True,False,matched,4.0,2025-09-14,under,0.278307354833801,2.48,-1.0,1.0,False,False,False
2451,47f09b1966fff2b1557eb3a23045bb16,107,Chelsea Gray,chelseagray,LVA,points,11.5,-128.0,-102.0,10,10,2025-09-12 05:17:45+00:00,2025-09-12 05:17:45+00:00,2025-09-12 05:17:45+00:00,2025-09-15 02:00:00+00:00,0.0,2025-09-14,2025,PST,LVA,SEA,1.0663540038214347,True,,0.5291749480305961,401820315,2529122,17,14,1,True,False,matched,5.0,2025-09-14,under,0.2635592402642757,1.9803921568627452,0.9803921568627452,1.0,False,False,False
2449,cd7d973b9ecc2a6e630c2d58bd130eff,56,Natasha Howard,natashahoward,MIN,points,11.5,-120.0,-110.0,10,10,2025-09-12 05:52:05+00:00,2025-09-12 05:52:05+00:00,2025-09-12 05:52:05+00:00,2025-09-14 19:00:00+00:00,0.0,2025-09-14,2025,PST,ATL,IND,1.0692640692640691,True,,0.5112040114787568,401820313,2529130,5,20,0,True,False,matched,5.0,2025-09-14,under,0.29115167011852433,1.9090909090909092,0.9090909090909092,1.0,False,False,False
2449,c5686b48263125acca7eb35901f22494,70,Kelsey Mitchell,kelseymitchell,IND,points,18.5,-118.0,-110.0,10,10,2025-09-12 05:52:05+00:00,2025-09-12 05:52:05+00:00,2025-09-12 05:52:05+00:00,2025-09-14 19:00:00+00:00,0.0,2025-09-14,2025,PST,ATL,IND,1.0650939274792486,True,,0.5090245232268319,401820313,3142191,5,20,0,True,False,matched,27.0,2025-09-14,under,0.22442445937426275,1.9090909090909092,-1.0,1.0,False,False,False
2449,8bd23cd0681b195b16d4b545a05ee01e,293,Odyssey Sims,odysseysims,DAL,points,10.5,-120.0,-108.0,10,10,2025-09-12 05:52:05+00:00,2025-09-12 05:52:05+00:00,2025-09-12 05:52:05+00:00,2025-09-14 19:00:00+00:00,0.0,2025-09-14,2025,PST,ATL,IND,1.0646853146853146,True,,0.5135396953663074,401820313,2529047,5,20,0,True,False,matched,10.0,2025-09-14,under,0.20924886880351284,1.925925925925926,0.925925925925926,1.0,False,False,False
2449,cc4bc56f3a3f7d4654d77fc42a19d112,16,Naz Hillmon,nazhillmon,ATL,threes,1.5,108.0,-144.0,10,10,2025-09-12 05:52:05+00:00,2025-09-12 05:52:05+00:00,2025-09-12 05:52:05+00:00,2025-09-14 19:00:00+00:00,0.0,2025-09-14,2025,PST,ATL,IND,1.0709331651954601,True,,0.4433154794603006,401820313,4398915,20,5,1,True,False,matched,2.0,2025-09-14,under,0.08682322036390078,1.6944444444444444,-1.0,1.0,False,False,False
2449,18fbaa132e17ddb7b8b6acad0ce1648f,1,Allisha Gray,allishagray,ATL,assists,3.5,-104.0,-128.0,10,10,2025-09-12 05:52:06+00:00,2025-09-12 05:52:06+00:00,2025-09-12 05:52:06+00:00,2025-09-14 19:00:00+00:00,0.0,2025-09-14,2025,PST,ATL,IND,1.0712074303405572,True,,0.4732611100971195,401820313,3058901,20,5,1,True,False,matched,4.0,2025-09-14,under,0.35107262933850114,1.78125,-1.0,1.0,False,False,False
2449,1c16f28608885d5a90f5d29ba79430c5,49,Brionna Jones,brionnajones,ATL,points,13.5,-114.0,-114.0,10,10,2025-09-12 05:52:06+00:00,2025-09-12 05:52:06+00:00,2025-09-12 05:52:06+00:00,2025-09-14 19:00:00+00:00,0.0,2025-09-14,2025,PST,ATL,IND,1.0654205607476634,True,,0.5000000000000001,401820313,3058895,20,5,1,True,False,matched,12.0,2025-09-14,under,0.29069656922743636,1.8771929824561404,0.8771929824561404,1.0,False,False,False
2449,1f7b48071f2d2d5247a61b93eacb4776,71,Aliyah Boston,aliyahboston,IND,points,13.5,-122.0,-106.0,10,10,2025-09-12 05:52:06+00:00,2025-09-12 05:52:06+00:00,2025-09-12 05:52:06+00:00,2025-09-14 19:00:00+00:00,0.0,2025-09-14,2025,PST,ATL,IND,1.064112656345666,True,,0.518058368553134,401820313,4432831,5,20,0,True,False,matched,8.0,2025-09-14,under,0.19728692007973458,1.9433962264150944,0.9433962264150944,1.0,False,False,False
2449,199e6433a660ba1f4956bb043105d8e7,15,Rhyne Howard,rhynehoward,ATL,points,17.5,-118.0,-110.0,10,10,2025-09-12 05:52:06+00:00,2025-09-12 05:52:06+00:00,2025-09-12 05:52:06+00:00,2025-09-14 19:00:00+00:00,0.0,2025-09-14,2025,PST,ATL,IND,1.0650939274792486,True,,0.5090245232268319,401820313,4398674,20,5,1,True,False,matched,20.0,2025-09-14,under,0.11049430669763027,1.9090909090909092,-1.0,1.0,False,False,False
2449,88310a8cb985501ffa432f7fbfc456ae,76,Lexie Hull,lexiehull,IND,points,7.5,100.0,-130.0,10,10,2025-09-12 05:52:06+00:00,2025-09-12 05:52:06+00:00,2025-09-12 05:52:06+00:00,2025-09-14 19:00:00+00:00,0.0,2025-09-14,2025,PST,ATL,IND,1.065217391304348,True,,0.4663164946059025,401820313,4398829,5,20,0,True,False,matched,9.0,2025-09-14,under,0.0920069570526813,1.7692307692307692,-1.0,1.0,False,False,False
2449,ca33f27318a2ac5ffec346d662761f83,2,Jordin Canada,jordincanada,ATL,assists,5.5,100.0,-132.0,10,10,2025-09-12 05:52:06+00:00,2025-09-12 05:52:06+00:00,2025-09-12 05:52:06+00:00,2025-09-14 19:00:00+00:00,0.0,2025-09-14,2025,PST,ATL,IND,1.0689655172413794,True,,0.46430627616618364,401820313,3142250,20,5,1,True,False,matched,4.0,2025-09-14,under,0.06268772637089354,1.7575757575757576,0.7575757575757576,1.0,False,False,False
2451,1d1df68a0215d3b0e2adeb989b65b90c,180,Nneka Ogwumike,nnekaogwumike,LAS,assists,2.5,104.0,-138.0,10,10,2025-09-12 06:08:47+00:00,2025-09-12 06:08:47+00:00,2025-09-12 06:08:47+00:00,2025-09-15 02:00:00+00:00,0.0,2025-09-14,2025,PST,LVA,SEA,1.0700280112044818,True,,0.4535791638529251,401820315,1068,14,17,0,True,False,matched,3.0,2025-09-14,under,0.17065967288874723,1.7246376811594204,-1.0,1.0,False,False,False
2451,82c575d337d1ac2d98d3155951305d31,175,Skylar Diggins,skylardiggins,CHI,points,13.5,-122.0,-106.0,10,10,2025-09-12 06:08:48+00:00,2025-09-12 06:08:48+00:00,2025-09-12 06:08:48+00:00,2025-09-15 02:00:00+00:00,0.0,2025-09-14,2025,PST,LVA,SEA,1.064112656345666,True,,0.518058368553134,401820315,2491205,14,17,0,True,False,matched,12.0,2025-09-14,under,0.17080363862181974,1.9433962264150944,0.9433962264150944,1.0,False,False,False
2448,edafe85c6d6944ceac54b9b3434ad540,221,Tiffany Hayes,tiffanyhayes,GSV,points,10.5,-106.0,-122.0,10,10,2025-09-12 06:40:43+00:00,2025-09-12 06:40:43+00:00,2025-09-12 06:40:43+00:00,2025-09-14 17:00:00+00:00,0.0,2025-09-14,2025,PST,MIN,GSV,1.064112656345666,True,,0.4819416314468661,401820272,1054,129689,8,0,True,True,did_not_play,,2025-09-14,under,0.1729988451867741,1.819672131147541,0.0,0.0,False,True,False
2448,de949518a6b19c901058478c4bb18d9a,55,Veronica Burton,veronicaburton,GSV,assists,5.5,118.0,-158.0,10,10,2025-09-12 06:40:44+00:00,2025-09-12 06:40:44+00:00,2025-09-12 06:40:44+00:00,2025-09-14 17:00:00+00:00,0.0,2025-09-14,2025,PST,MIN,GSV,1.0711186971054691,True,,0.42034729080094674,401820272,4398935,129689,8,0,True,False,matched,7.0,2025-09-14,over,0.33118712361355,2.1799999999999997,1.1799999999999997,1.0,False,False,False
2448,9c0d9b75f777db6b6543fe74351bfa0b,125,Kayla McBride,kaylamcbride,MIN,points,13.5,-108.0,-120.0,10,10,2025-09-12 06:40:44+00:00,2025-09-12 06:40:44+00:00,2025-09-12 06:40:44+00:00,2025-09-14 17:00:00+00:00,0.0,2025-09-14,2025,PST,MIN,GSV,1.0646853146853146,True,,0.48646030463369283,401820272,2529205,8,129689,1,True,False,matched,17.0,2025-09-14,under,0.21675920133996712,1.8333333333333335,-1.0,1.0,False,False,False
2448,f40a16b24b312f9960a8769b49233ca5,117,Courtney Williams,courtneywilliams,MIN,rebounds,4.5,-152.0,114.0,10,10,2025-09-12 06:40:44+00:00,2025-09-12 06:40:44+00:00,2025-09-12 06:40:44+00:00,2025-09-14 17:00:00+00:00,0.0,2025-09-14,2025,PST,MIN,GSV,1.0704643228007713,True,,0.5703965275254933,401820272,2987891,8,129689,1,True,False,matched,4.0,2025-09-14,under,0.19207473179541878,2.1399999999999997,1.1399999999999997,1.0,False,False,False
2448,5d3465fe62a5a7ab6a3261827d190082,537,Janelle Salaun,janellesalaun,GSV,points,11.5,-130.0,100.0,10,10,2025-09-12 06:40:44+00:00,2025-09-12 06:40:44+00:00,2025-09-12 06:40:44+00:00,2025-09-14 17:00:00+00:00,0.0,2025-09-14,2025,PST,MIN,GSV,1.065217391304348,True,,0.5336835053940976,401820272,4790264,129689,8,0,True,False,matched,13.0,2025-09-14,under,0.0611910410693961,2.0,-1.0,1.0,False,False,False
2450,4d5ff1b82489d77cc6453cac4e06fe1c,233,Emma Meesseman,emmameesseman,FA,rebounds,4.5,-120.0,-110.0,10,10,2025-09-12 07:02:10+00:00,2025-09-12 07:02:10+00:00,2025-09-12 07:02:10+00:00,2025-09-14 21:00:00+00:00,0.0,2025-09-14,2025,PST,PHX,NYL,1.0692640692640691,True,,0.5112040114787568,401820314,3027368,9,11,0,True,False,matched,8.0,2025-09-14,under,0.10871759858756408,1.9090909090909092,-1.0,1.0,False,False,False
2450,5b81cdc6b4516fca503d995653a094db,147,Leonie Fiebich,leoniefiebich,NYL,points,7.5,-115.0,-113.0,10,10,2025-09-12 07:02:10+00:00,2025-09-12 07:02:10+00:00,2025-09-12 07:02:10+00:00,2025-09-14 21:00:00+00:00,0.0,2025-09-14,2025,PST,PHX,NYL,1.0654001528551151,True,,0.5022557674006809,401820314,4683006,9,11,0,True,False,matched,10.0,2025-09-14,under,0.08444086249229377,1.8849557522123894,-1.0,1.0,False,False,False
2450,c6b482999d09f1379341c3b36a17e4f8,163,Natasha Cloud,natashacloud,CHI,threes,1.5,178.0,-245.0,10,10,2025-09-12 07:02:10+00:00,2025-09-12 07:02:10+00:00,2025-09-12 07:02:10+00:00,2025-09-14 21:00:00+00:00,0.0,2025-09-14,2025,PST,PHX,NYL,1.0698571577520593,True,,0.3183263503331576,401820314,2529137,9,11,0,True,False,matched,3.0,2025-09-14,over,0.05226439202957345,2.7800000000000002,1.7800000000000002,1.0,False,False,False
2451,d9035f4acd3cb06f64989568bda146f4,208,Gabby Williams,gabbywilliams,GSV,rebounds,3.5,-154.0,116.0,10,10,2025-09-12 14:12:10+00:00,2025-09-12 14:12:10+00:00,2025-09-12 14:12:10+00:00,2025-09-15 02:00:00+00:00,0.0,2025-09-14,2025,PST,LVA,SEA,1.0692621755613883,True,,0.574207987656796,401820315,3142328,14,17,0,True,False,matched,3.0,2025-09-14,under,0.17586876906836157,2.16,1.1600000000000001,1.0,False,False,False
2448,931389e39dd40f8cebc527b61742135f,121,Alanna Smith,alannasmith,DAL,rebounds,4.5,-114.0,-114.0,10,10,2025-09-12 15:20:04+00:00,2025-09-12 15:20:04+00:00,2025-09-12 15:20:04+00:00,2025-09-14 17:00:00+00:00,0.0,2025-09-14,2025,PST,MIN,GSV,1.0654205607476634,True,,0.5000000000000001,401820272,3913881,8,129689,1,True,False,matched,6.0,2025-09-14,under,0.16079691340331898,1.8771929824561404,-1.0,1.0,False,False,False
2450,c5a798e53f6d753347aae67ff836035a,45,DeWanna Bonner,dewannabonner,PHO,threes,1.5,118.0,-158.0,10,10,2025-09-12 17:50:17+00:00,2025-09-12 17:50:17+00:00,2025-09-12 17:50:17+00:00,2025-09-14 21:00:00+00:00,0.0,2025-09-14,2025,PST,PHX,NYL,1.0711186971054691,True,,0.42034729080094674,401820314,869,11,9,1,True,False,matched,1.0,2025-09-14,under,0.10318531363913885,1.6329113924050633,0.6329113924050633,1.0,False,False,False
2448,ccc48eb2922a212ead0a1866f8e036ef,120,Cecilia Zandalasini,ceciliazandalasini,GSV,points,9.5,106.0,-138.0,10,10,2025-09-12 18:08:56+00:00,2025-09-12 18:08:56+00:00,2025-09-12 18:08:56+00:00,2025-09-14 17:00:00+00:00,0.0,2025-09-14,2025,PST,MIN,GSV,1.0652688259769927,True,,0.4512435291926419,401820272,4257500,129689,8,0,True,False,matched,14.0,2025-09-14,under,0.05687807947927859,1.7246376811594204,-1.0,1.0,False,False,False
2451,c4023a832cb1f62e106dc09146fb3854,73,NaLyssa Smith,nalyssasmith,LVA,rebounds,4.5,114.0,-152.0,10,10,2025-09-12 18:09:00+00:00,2025-09-12 18:09:00+00:00,2025-09-12 18:09:00+00:00,2025-09-15 02:00:00+00:00,0.0,2025-09-14,2025,PST,LVA,SEA,1.0704643228007713,True,,0.42960347247450675,401820315,4398776,17,14,1,True,False,matched,9.0,2025-09-14,over,0.12299094353762291,2.1399999999999997,1.1399999999999997,1.0,False,False,False
2451,f2e8bf78bdd596949df87beaf9b5d02e,570,Dominique Malonga,dominiquemalonga,SEA,rebounds,5.5,118.0,-158.0,10,10,2025-09-12 18:09:01+00:00,2025-09-12 18:09:01+00:00,2025-09-12 18:09:01+00:00,2025-09-15 02:00:00+00:00,0.0,2025-09-14,2025,PST,LVA,SEA,1.0711186971054691,True,,0.42034729080094674,401820315,5220150,14,17,0,True,False,matched,11.0,2025-09-14,over,0.13283985294199024,2.1799999999999997,1.1799999999999997,1.0,False,False,False
2450,1285981fe600a785e26bdd9bb870a482,177,Sami Whitcomb,samiwhitcomb,PHO,points,9.5,105.0,-150.0,33,33,2025-09-12 18:42:16+00:00,2025-09-12 18:42:16+00:00,2025-09-12 18:42:16+00:00,2025-09-14 21:00:00+00:00,0.0,2025-09-14,2025,PST,PHX,NYL,1.0878048780487806,True,,0.44129415758498114,401820314,887,11,9,1,True,False,matched,6.0,2025-09-14,under,0.34228115675821724,1.6666666666666665,0.6666666666666665,1.0,False,False,False
2451,f320848a4bb61a58af0b8d6d8f052a56,66,Erica Wheeler,ericawheeler,LAS,assists,3.5,140.0,-170.0,24,24,2025-09-12 19:49:43+00:00,2025-09-12 19:49:43+00:00,2025-09-12 19:49:43+00:00,2025-09-15 02:00:00+00:00,0.0,2025-09-14,2025,PST,LVA,SEA,1.0462962962962963,True,,0.3910947128467968,401820315,2491214,14,17,0,True,False,matched,1.0,2025-09-14,under,0.170857633637569,1.5882352941176472,0.5882352941176472,1.0,False,False,False
2448,ac5812fd5fa325a55cf562adacea6156,128,Bridget Carleton,bridgetcarleton,PDX,points,6.5,-118.0,-110.0,10,10,2025-09-12 22:32:57+00:00,2025-09-12 22:32:57+00:00,2025-09-12 22:32:57+00:00,2025-09-14 17:00:00+00:00,0.0,2025-09-14,2025,PST,MIN,GSV,1.0650939274792486,True,,0.5090245232268319,401820272,3906972,8,129689,1,True,False,matched,2.0,2025-09-14,under,0.24443382643856953,1.9090909090909092,0.9090909090909092,1.0,False,False,False
2449,13d3b65f63f81ed98368f7009ec31c97,148,Brittney Griner,brittneygriner,CON,rebounds,4.5,134.0,-180.0,10,10,2025-09-12 23:06:50+00:00,2025-09-12 23:06:50+00:00,2025-09-12 23:06:50+00:00,2025-09-14 19:00:00+00:00,0.0,2025-09-14,2025,PST,ATL,IND,1.0702075702075702,True,,0.38834080463047865,401820313,2490553,20,5,1,True,False,matched,2.0,2025-09-14,over,0.08417425984026783,2.34,-1.0,1.0,False,False,False
2448,9eaedbc6f5d736dd77f1d70ff19b6927,280,Kaila Charles,kailacharles,GSV,rebounds,5.5,-144.0,108.0,10,10,2025-09-13 22:35:39+00:00,2025-09-13 22:35:39+00:00,2025-09-13 22:35:39+00:00,2025-09-14 17:00:00+00:00,0.0,2025-09-14,2025,PST,MIN,GSV,1.0709331651954601,True,,0.5566845205396996,401820272,4065780,129689,8,0,True,False,matched,1.0,2025-09-14,under,0.3034459681786814,2.08,1.08,1.0,False,False,False
2450,3ec2590f305be00ef37e820960ecbb4c,563,Monique Akoa Makani,moniqueakoamakani,PHO,points,6.5,-120.0,-111.0,13,13,2025-09-14 00:39:30+00:00,2025-09-14 00:39:30+00:00,2025-09-14 00:39:30+00:00,2025-09-14 21:00:00+00:00,0.0,2025-09-14,2025,PST,PHX,NYL,1.0715208961654459,True,,0.5100485111155957,401820314,5274110,11,9,1,True,False,matched,8.0,2025-09-14,under,0.13253220201954047,1.900900900900901,-1.0,1.0,False,False,False
2451,52b841ce4ae65eba665b00ad930b5075,166,Jewell Loyd,jewellloyd,LVA,rebounds,3.5,144.0,-196.0,60,60,2025-09-14 21:09:10+00:00,2025-09-14 21:09:10+00:00,2025-09-14 21:09:10+00:00,2025-09-15 02:00:00+00:00,0.0,2025-09-14,2025,PST,LVA,SEA,1.0719982277359326,True,,0.3691070941266568,401820315,2987869,17,14,1,True,False,matched,3.0,2025-09-14,under,0.06954459806320201,1.510204081632653,0.510204081632653,1.0,False,False,False
2455,8b1a287fd11548ed6943461774944a07,112,Napheesa Collier,napheesacollier,MIN,points,20.5,-128.0,-102.0,10,10,2025-09-14 22:44:48+00:00,2025-09-14 22:44:48+00:00,2025-09-14 22:44:48+00:00,2025-09-18 02:00:00+00:00,0.0,2025-09-17,2025,PST,GSV,MIN,1.0663540038214347,True,,0.5291749480305961,401820319,3917450,8,129689,0,True,False,matched,24.0,2025-09-17,under,0.3375922593207864,1.9803921568627452,-1.0,1.0,False,False,False
2455,7b8e0885cb0d6889356cdbf513120346,125,Kayla McBride,kaylamcbride,MIN,points,14.5,102.0,-132.0,10,10,2025-09-14 23:51:48+00:00,2025-09-14 23:51:48+00:00,2025-09-14 23:51:48+00:00,2025-09-18 02:00:00+00:00,0.0,2025-09-17,2025,PST,GSV,MIN,1.0640150221918745,True,,0.4618487426836327,401820319,2529205,8,129689,0,True,False,matched,18.0,2025-09-17,under,0.2333432753447094,1.7575757575757576,-1.0,1.0,False,False,False
2455,4684376858e6619c8ffc4c488cadd812,117,Courtney Williams,courtneywilliams,MIN,rebounds,5.5,122.0,-162.0,10,10,2025-09-14 23:51:48+00:00,2025-09-14 23:51:48+00:00,2025-09-14 23:51:48+00:00,2025-09-18 02:00:00+00:00,0.0,2025-09-17,2025,PST,GSV,MIN,1.0687710611374732,True,,0.41310819110441305,401820319,2987891,8,129689,0,True,False,matched,5.0,2025-09-17,under,0.1235624604606228,1.617283950617284,0.617283950617284,1.0,False,False,False
2455,d3fde402c3bde5f0e16972e0cd635e56,55,Veronica Burton,veronicaburton,GSV,points,12.5,-130.0,100.0,10,10,2025-09-15 00:07:10+00:00,2025-09-15 00:07:10+00:00,2025-09-15 00:07:10+00:00,2025-09-18 02:00:00+00:00,0.0,2025-09-17,2025,PST,GSV,MIN,1.065217391304348,True,,0.5336835053940976,401820319,4398935,129689,8,1,True,False,matched,13.0,2025-09-17,under,0.115610156771774,2.0,-1.0,1.0,False,False,False
2455,a6e3f1357252cb17c46a29cb025756bb,537,Janelle Salaun,janellesalaun,GSV,points,11.5,-130.0,100.0,10,10,2025-09-15 00:07:10+00:00,2025-09-15 00:07:10+00:00,2025-09-15 00:07:10+00:00,2025-09-18 02:00:00+00:00,0.0,2025-09-17,2025,PST,GSV,MIN,1.065217391304348,True,,0.5336835053940976,401820319,4790264,129689,8,1,True,False,matched,14.0,2025-09-17,under,0.11109685834973293,2.0,-1.0,1.0,False,False,False
2455,4c699227d7dfd6e8ccee9f32915c567f,120,Cecilia Zandalasini,ceciliazandalasini,GSV,rebounds,3.5,-120.0,-110.0,10,10,2025-09-15 00:07:11+00:00,2025-09-15 00:07:11+00:00,2025-09-15 00:07:11+00:00,2025-09-18 02:00:00+00:00,0.0,2025-09-17,2025,PST,GSV,MIN,1.0692640692640691,True,,0.5112040114787568,401820319,4257500,129689,8,1,True,False,matched,5.0,2025-09-17,under,0.37045507841698366,1.9090909090909092,-1.0,1.0,False,False,False
2454,7e192e8b01342057151dd1231f00cc2c,40,Alyssa Thomas,alyssathomas,PHO,rebounds,9.5,-125.0,-106.0,10,10,2025-09-15 00:34:24+00:00,2025-09-15 00:34:24+00:00,2025-09-15 00:34:24+00:00,2025-09-18 00:00:00+00:00,0.0,2025-09-17,2025,PST,NYL,PHX,1.070118662351672,True,,0.5212291071384377,401820318,2529140,11,9,0,True,False,matched,6.0,2025-09-17,under,0.5088295751070725,1.9433962264150944,0.9433962264150944,1.0,False,False,False
2454,bdd5b7055ce9ec61fba4c680e6570429,155,Kahleah Copper,kahleahcopper,PHO,assists,1.5,-168.0,126.0,10,10,2025-09-15 00:34:25+00:00,2025-09-15 00:34:25+00:00,2025-09-15 00:34:25+00:00,2025-09-18 00:00:00+00:00,0.0,2025-09-17,2025,PST,NYL,PHX,1.0693435477479856,True,,0.5954775535118485,401820318,2998938,11,9,0,True,False,matched,0.0,2025-09-17,under,0.537833723703182,2.26,1.2599999999999998,1.0,False,False,False
2454,f982026796acde81825c6ee69ec9f111,132,Sabrina Ionescu,sabrinaionescu,NYL,points,18.5,-110.0,-118.0,10,10,2025-09-15 00:34:25+00:00,2025-09-15 00:34:25+00:00,2025-09-15 00:34:25+00:00,2025-09-18 00:00:00+00:00,0.0,2025-09-17,2025,PST,NYL,PHX,1.0650939274792486,True,,0.4909754767731684,401820318,4066533,9,11,1,True,False,matched,9.0,2025-09-17,under,0.25431942304223204,1.847457627118644,0.847457627118644,1.0,False,False,False
2454,497192414f9a1e61e301e57d42d5833c,141,Jonquel Jones,jonqueljones,NYL,rebounds,8.5,-128.0,-104.0,10,10,2025-09-15 00:43:30+00:00,2025-09-15 00:43:30+00:00,2025-09-15 00:43:30+00:00,2025-09-18 00:00:00+00:00,0.0,2025-09-17,2025,PST,NYL,PHX,1.0712074303405572,True,,0.5267388899028808,401820318,2999101,9,11,1,True,False,matched,13.0,2025-09-17,under,0.4730817036932504,1.9615384615384617,-1.0,1.0,False,False,False
2454,f1c5e5941cda9a12acab2b659b28ead4,233,Emma Meesseman,emmameesseman,FA,rebounds,5.5,-102.0,-130.0,10,10,2025-09-15 00:43:30+00:00,2025-09-15 00:43:30+00:00,2025-09-15 00:43:30+00:00,2025-09-18 00:00:00+00:00,0.0,2025-09-17,2025,PST,NYL,PHX,1.0701678863538528,True,,0.46878765056355093,401820318,3027368,9,11,1,True,False,matched,6.0,2025-09-17,under,0.24980854734891572,1.7692307692307692,-1.0,1.0,False,False,False
2454,ceb7a430202fb7cb42c3ac08b8ce29d4,54,Satou Sabally,satousabally,NYL,rebounds,5.5,-154.0,116.0,10,10,2025-09-15 00:43:31+00:00,2025-09-15 00:43:31+00:00,2025-09-15 00:43:31+00:00,2025-09-18 00:00:00+00:00,0.0,2025-09-17,2025,PST,NYL,PHX,1.0692621755613883,True,,0.574207987656796,401820318,4281929,11,9,0,True,False,matched,7.0,2025-09-17,under,0.49571048775570675,2.16,-1.0,1.0,False,False,False
2454,a28b8da24129f2cd743a1f9eba2f2d62,163,Natasha Cloud,natashacloud,CHI,points,10.5,-113.0,-115.0,10,10,2025-09-15 00:43:31+00:00,2025-09-15 00:43:31+00:00,2025-09-15 00:43:31+00:00,2025-09-18 00:00:00+00:00,0.0,2025-09-17,2025,PST,NYL,PHX,1.0654001528551151,True,,0.49774423259931944,401820318,2529137,9,11,1,True,False,matched,8.0,2025-09-17,under,0.22775687513320753,1.8695652173913042,0.8695652173913042,1.0,False,False,False
2452,6773e07b9af7f569d1ca0bc2c88483cc,1,Allisha Gray,allishagray,ATL,rebounds,4.5,-152.0,114.0,10,10,2025-09-15 00:52:33+00:00,2025-09-15 00:52:33+00:00,2025-09-15 00:52:33+00:00,2025-09-16 23:30:00+00:00,0.0,2025-09-16,2025,PST,IND,ATL,1.0704643228007713,True,,0.5703965275254933,401820316,3058901,20,5,0,True,False,matched,7.0,2025-09-16,under,0.33399937055936235,2.1399999999999997,-1.0,1.0,False,False,False
2452,f848609414845d8530f762f8f70859ed,49,Brionna Jones,brionnajones,ATL,points,12.5,-128.0,-102.0,10,10,2025-09-15 00:52:33+00:00,2025-09-15 00:52:33+00:00,2025-09-15 00:52:33+00:00,2025-09-16 23:30:00+00:00,0.0,2025-09-16,2025,PST,IND,ATL,1.0663540038214347,True,,0.5291749480305961,401820316,3058895,20,5,0,True,False,matched,8.0,2025-09-16,under,0.31504068527785845,1.9803921568627452,0.9803921568627452,1.0,False,False,False
2452,f799647ec1e423ee00ff6ab78cfc2799,2,Jordin Canada,jordincanada,ATL,assists,5.5,-138.0,104.0,10,10,2025-09-15 00:52:33+00:00,2025-09-15 00:52:33+00:00,2025-09-15 00:52:33+00:00,2025-09-16 23:30:00+00:00,0.0,2025-09-16,2025,PST,IND,ATL,1.0700280112044818,True,,0.5464208361470752,401820316,3142250,20,5,0,True,False,matched,6.0,2025-09-16,under,0.3055220037542371,2.04,-1.0,1.0,False,False,False
2452,207231bd672673b2a086d04122e19bd3,70,Kelsey Mitchell,kelseymitchell,IND,points,19.5,-106.0,-122.0,10,10,2025-09-15 00:52:33+00:00,2025-09-15 00:52:33+00:00,2025-09-15 00:52:33+00:00,2025-09-16 23:30:00+00:00,0.0,2025-09-16,2025,PST,IND,ATL,1.064112656345666,True,,0.4819416314468661,401820316,3142191,5,20,1,True,False,matched,19.0,2025-09-16,under,0.19455973055873865,1.819672131147541,0.819672131147541,1.0,False,False,False
2452,0e8754717c4cfbe5fdd36c2a9d2e3acd,56,Natasha Howard,natashahoward,MIN,points,11.5,-102.0,-128.0,10,10,2025-09-15 00:52:33+00:00,2025-09-15 00:52:33+00:00,2025-09-15 00:52:33+00:00,2025-09-16 23:30:00+00:00,0.0,2025-09-16,2025,PST,IND,ATL,1.0663540038214347,True,,0.47082505196940394,401820316,2529130,5,20,1,True,False,matched,12.0,2025-09-16,under,0.1833353475539704,1.78125,-1.0,1.0,False,False,False
2452,ad8841ba90a647fd0f3b922c6e536a1e,15,Rhyne Howard,rhynehoward,ATL,rebounds,4.5,102.0,-136.0,10,10,2025-09-15 00:52:33+00:00,2025-09-15 00:52:33+00:00,2025-09-15 00:52:33+00:00,2025-09-16 23:30:00+00:00,0.0,2025-09-16,2025,PST,IND,ATL,1.071320691391173,True,,0.4579067075572801,401820316,4398674,20,5,0,True,False,matched,2.0,2025-09-16,under,0.16038190661311247,1.7352941176470589,0.7352941176470589,1.0,False,False,False
2452,4f9b02de85fe925784a2c2ff8023c437,16,Naz Hillmon,nazhillmon,ATL,rebounds,7.5,116.0,-154.0,10,10,2025-09-15 00:52:33+00:00,2025-09-15 00:52:33+00:00,2025-09-15 00:52:33+00:00,2025-09-16 23:30:00+00:00,0.0,2025-09-16,2025,PST,IND,ATL,1.0692621755613883,True,,0.425792012343204,401820316,4398915,20,5,0,True,False,matched,7.0,2025-09-16,under,0.15607299017874876,1.6493506493506493,0.6493506493506493,1.0,False,False,False
2452,c8d2e18e9fba7270b1d28dd3e069aec8,293,Odyssey Sims,odysseysims,DAL,threes,1.5,178.0,-245.0,10,10,2025-09-15 00:52:33+00:00,2025-09-15 00:52:33+00:00,2025-09-15 00:52:33+00:00,2025-09-16 23:30:00+00:00,0.0,2025-09-16,2025,PST,IND,ATL,1.0698571577520593,True,,0.3183263503331576,401820316,2529047,5,20,1,True,False,matched,1.0,2025-09-16,under,0.15082550250814464,1.4081632653061225,0.40816326530612246,1.0,False,False,False
2452,afbf1a0c01788573ad6f6854af2c78db,71,Aliyah Boston,aliyahboston,IND,points,14.5,-102.0,-128.0,10,10,2025-09-15 00:52:33+00:00,2025-09-15 00:52:33+00:00,2025-09-15 00:52:33+00:00,2025-09-16 23:30:00+00:00,0.0,2025-09-16,2025,PST,IND,ATL,1.0663540038214347,True,,0.47082505196940394,401820316,4432831,5,20,1,True,False,matched,15.0,2025-09-16,under,0.14745353966655383,1.78125,-1.0,1.0,False,False,False
2452,61c0bf75448ee495f7b9e4cea3bc3e15,76,Lexie Hull,lexiehull,IND,threes,1.5,108.0,-144.0,10,10,2025-09-15 00:52:33+00:00,2025-09-15 00:52:33+00:00,2025-09-15 00:52:33+00:00,2025-09-16 23:30:00+00:00,0.0,2025-09-16,2025,PST,IND,ATL,1.0709331651954601,True,,0.4433154794603006,401820316,4398829,5,20,1,True,False,matched,1.0,2025-09-16,under,0.10932484302637907,1.6944444444444444,0.6944444444444444,1.0,False,False,False
2454,207d328edb450271ca98670b18518d1b,45,DeWanna Bonner,dewannabonner,PHO,points,10.5,-110.0,-118.0,10,10,2025-09-15 00:52:34+00:00,2025-09-15 00:52:34+00:00,2025-09-15 00:52:34+00:00,2025-09-18 00:00:00+00:00,0.0,2025-09-17,2025,PST,NYL,PHX,1.0650939274792486,True,,0.4909754767731684,401820318,869,11,9,0,True,False,matched,14.0,2025-09-17,under,0.35289757536773525,1.847457627118644,-1.0,1.0,False,False,False
2453,062ea6b61c121e8637ca49419528be1f,103,A'ja Wilson,ajawilson,LVA,points,24.5,-128.0,-102.0,10,10,2025-09-15 04:07:50+00:00,2025-09-15 04:07:50+00:00,2025-09-15 04:07:50+00:00,2025-09-17 01:30:00+00:00,0.0,2025-09-16,2025,PST,SEA,LVA,1.0663540038214347,True,,0.5291749480305961,401820317,3149391,17,14,0,True,False,matched,21.0,2025-09-16,under,0.24744967011441682,1.9803921568627452,0.9803921568627452,1.0,False,False,False
2453,b7a06bb97da53a93e4932dcc2d98c562,180,Nneka Ogwumike,nnekaogwumike,LAS,rebounds,8.5,108.0,-144.0,10,10,2025-09-15 04:17:19+00:00,2025-09-15 04:17:19+00:00,2025-09-15 04:17:19+00:00,2025-09-17 01:30:00+00:00,0.0,2025-09-16,2025,PST,SEA,LVA,1.0709331651954601,True,,0.4433154794603006,401820317,1068,14,17,1,True,False,matched,10.0,2025-09-16,under,0.2610010224433754,1.6944444444444444,-1.0,1.0,False,False,False
2453,363b828d653d34e51f7928f516c3e537,102,Jackie Young,jackieyoung,LVA,points,15.5,-128.0,-102.0,10,10,2025-09-15 04:17:19+00:00,2025-09-15 04:17:19+00:00,2025-09-15 04:17:19+00:00,2025-09-17 01:30:00+00:00,0.0,2025-09-16,2025,PST,SEA,LVA,1.0663540038214347,True,,0.5291749480305961,401820317,4065870,17,14,0,True,False,matched,25.0,2025-09-16,under,0.21961834116792073,1.9803921568627452,-1.0,1.0,False,False,False
2453,314c58d3e504992f74b948cc9a28611e,208,Gabby Williams,gabbywilliams,GSV,points,10.5,102.0,-132.0,10,10,2025-09-15 04:26:56+00:00,2025-09-15 04:26:56+00:00,2025-09-15 04:26:56+00:00,2025-09-17 01:30:00+00:00,0.0,2025-09-16,2025,PST,SEA,LVA,1.0640150221918745,True,,0.4618487426836327,401820317,3142328,14,17,1,True,False,matched,6.0,2025-09-16,under,0.22271060656291214,1.7575757575757576,0.7575757575757576,1.0,False,False,False
2453,a224037066e2d1f1efa4c6df2f8e653d,175,Skylar Diggins,skylardiggins,CHI,rebounds,2.5,140.0,-188.0,10,10,2025-09-15 04:26:57+00:00,2025-09-15 04:26:57+00:00,2025-09-15 04:26:57+00:00,2025-09-17 01:30:00+00:00,0.0,2025-09-16,2025,PST,SEA,LVA,1.0694444444444444,True,,0.37770717896550643,401820317,2491205,14,17,1,True,False,matched,1.0,2025-09-16,over,0.1070211983108309,2.4,-1.0,1.0,False,False,False
2453,97b936e80640d6731015ddfefc6cfcf7,107,Chelsea Gray,chelseagray,LVA,points,10.5,-113.0,-115.0,10,10,2025-09-15 04:26:57+00:00,2025-09-15 04:26:57+00:00,2025-09-15 04:26:57+00:00,2025-09-17 01:30:00+00:00,0.0,2025-09-16,2025,PST,SEA,LVA,1.0654001528551151,True,,0.49774423259931944,401820317,2529122,17,14,0,True,False,matched,7.0,2025-09-16,under,0.06979840554345812,1.8695652173913042,0.8695652173913042,1.0,False,False,False
2453,29a9bf35057349c6448fed934dc96c60,166,Jewell Loyd,jewellloyd,LVA,rebounds,2.5,-174.0,130.0,10,10,2025-09-15 04:36:27+00:00,2025-09-15 04:36:27+00:00,2025-09-15 04:36:27+00:00,2025-09-17 01:30:00+00:00,0.0,2025-09-16,2025,PST,SEA,LVA,1.069819105046017,True,,0.603727082826799,401820317,2987869,17,14,0,True,False,matched,1.0,2025-09-16,under,0.2211996362376208,2.3,1.2999999999999998,1.0,False,False,False
2453,11121dbb29326bb7ef795b6ffe2790b2,73,NaLyssa Smith,nalyssasmith,LVA,rebounds,4.5,-162.0,122.0,10,10,2025-09-15 05:55:02+00:00,2025-09-15 05:55:02+00:00,2025-09-15 05:55:02+00:00,2025-09-17 01:30:00+00:00,0.0,2025-09-16,2025,PST,SEA,LVA,1.0687710611374732,True,,0.5868918088955871,401820317,4398776,17,14,0,True,False,matched,8.0,2025-09-16,under,0.08835952482771181,2.2199999999999998,-1.0,1.0,False,False,False
2453,83af90ee33429ac98768ded4380daa7a,66,Erica Wheeler,ericawheeler,LAS,threes,1.5,130.0,-160.0,24,24,2025-09-15 09:00:06+00:00,2025-09-15 09:00:06+00:00,2025-09-15 09:00:06+00:00,2025-09-17 01:30:00+00:00,0.0,2025-09-16,2025,PST,SEA,LVA,1.0501672240802677,True,,0.4074611221872626,401820317,2491214,14,17,1,True,False,matched,2.0,2025-09-16,over,0.05448420718221436,2.3,1.2999999999999998,1.0,False,False,False
2453,39d887714b24c55ede279ffaf9bc0d91,182,Brittney Sykes,brittneysykes,TOR,points,10.5,-110.0,-120.0,19,19,2025-09-15 22:48:10+00:00,2025-09-15 22:48:10+00:00,2025-09-15 22:48:10+00:00,2025-09-17 01:30:00+00:00,0.0,2025-09-16,2025,PST,SEA,LVA,1.0692640692640691,True,,0.4887959885212434,401820317,2988756,14,17,1,True,False,matched,4.0,2025-09-16,under,0.145555101239918,1.8333333333333335,0.8333333333333335,1.0,False,False,False
2453,1de9dd9cc2dd7958ef642ddd25403d03,176,Ezi Magbegor,ezimagbegor,SEA,points,6.5,-113.0,-115.0,10,10,2025-09-16 22:50:06+00:00,2025-09-16 22:50:06+00:00,2025-09-16 22:50:06+00:00,2025-09-17 01:30:00+00:00,0.0,2025-09-16,2025,PST,SEA,LVA,1.0654001528551151,True,,0.49774423259931944,401820317,4420318,14,17,1,True,False,matched,4.0,2025-09-16,under,0.05434980624980601,1.8695652173913042,0.8695652173913042,1.0,False,False,False
2455,774639db001f8020399c0192a413dd77,280,Kaila Charles,kailacharles,GSV,rebounds,5.5,104.0,-138.0,10,10,2025-09-17 00:23:14+00:00,2025-09-17 00:23:14+00:00,2025-09-17 00:23:14+00:00,2025-09-18 02:00:00+00:00,0.0,2025-09-17,2025,PST,GSV,MIN,1.0700280112044818,True,,0.4535791638529251,401820319,4065780,129689,8,1,True,False,matched,4.0,2025-09-17,under,0.19678752024115864,1.7246376811594204,0.7246376811594204,1.0,False,False,False
2456,ab91ff7e0b50cd9828943fd02e78fed9,70,Kelsey Mitchell,kelseymitchell,IND,points,19.5,-130.0,100.0,10,10,2025-09-17 02:27:50+00:00,2025-09-17 02:27:50+00:00,2025-09-17 02:27:50+00:00,2025-09-18 23:30:00+00:00,0.0,2025-09-18,2025,PST,ATL,IND,1.065217391304348,True,,0.5336835053940976,401820320,3142191,5,20,0,True,False,matched,24.0,2025-09-18,under,0.25947455349923926,2.0,-1.0,1.0,False,False,False
2456,57c88d150cd7763dda7d5ba8154ead07,71,Aliyah Boston,aliyahboston,IND,points,13.5,-130.0,100.0,10,10,2025-09-17 02:27:50+00:00,2025-09-17 02:27:50+00:00,2025-09-17 02:27:50+00:00,2025-09-18 23:30:00+00:00,0.0,2025-09-18,2025,PST,ATL,IND,1.065217391304348,True,,0.5336835053940976,401820320,4432831,5,20,0,True,False,matched,14.0,2025-09-18,under,0.23042254346147795,2.0,-1.0,1.0,False,False,False
2456,36c7c57abf784cf19e8fe95e3f68e595,2,Jordin Canada,jordincanada,ATL,points,10.5,-114.0,-114.0,10,10,2025-09-17 02:27:50+00:00,2025-09-17 02:27:50+00:00,2025-09-17 02:27:50+00:00,2025-09-18 23:30:00+00:00,0.0,2025-09-18,2025,PST,ATL,IND,1.0654205607476634,True,,0.5000000000000001,401820320,3142250,20,5,1,True,False,matched,18.0,2025-09-18,under,0.16964558360441184,1.8771929824561404,-1.0,1.0,False,False,False
2456,1041b6e9104c9cf0d3cbb63b017b5bec,49,Brionna Jones,brionnajones,ATL,points,12.5,-125.0,-104.0,10,10,2025-09-17 02:27:50+00:00,2025-09-17 02:27:50+00:00,2025-09-17 02:27:50+00:00,2025-09-18 23:30:00+00:00,0.0,2025-09-18,2025,PST,ATL,IND,1.065359477124183,True,,0.5236312520088393,401820320,3058895,20,5,1,True,False,matched,12.0,2025-09-18,under,0.15167481749080824,1.9615384615384617,0.9615384615384617,1.0,False,False,False
2456,e079939855ee970ecb0f73a86b23a7cd,15,Rhyne Howard,rhynehoward,ATL,assists,3.5,-110.0,-120.0,10,10,2025-09-17 02:27:50+00:00,2025-09-17 02:27:50+00:00,2025-09-17 02:27:50+00:00,2025-09-18 23:30:00+00:00,0.0,2025-09-18,2025,PST,ATL,IND,1.0692640692640691,True,,0.4887959885212434,401820320,4398674,20,5,1,True,False,matched,3.0,2025-09-18,over,0.09185610896450247,1.9090909090909092,-1.0,1.0,False,False,False
2456,8c72e387fa18cac2f0f6e4c403b608ef,1,Allisha Gray,allishagray,ATL,points,16.5,-110.0,-118.0,10,10,2025-09-17 02:27:50+00:00,2025-09-17 02:27:50+00:00,2025-09-17 02:27:50+00:00,2025-09-18 23:30:00+00:00,0.0,2025-09-18,2025,PST,ATL,IND,1.0650939274792486,True,,0.4909754767731684,401820320,3058901,20,5,1,True,False,matched,19.0,2025-09-18,under,0.07019687760720622,1.847457627118644,-1.0,1.0,False,False,False
2457,4768e2da802abb8f2d0006682baaf402,180,Nneka Ogwumike,nnekaogwumike,LAS,rebounds,8.5,118.0,-158.0,10,10,2025-09-17 04:50:19+00:00,2025-09-17 04:50:19+00:00,2025-09-17 04:50:19+00:00,2025-09-19 01:30:00+00:00,0.0,2025-09-18,2025,PST,LVA,SEA,1.0711186971054691,True,,0.42034729080094674,401820321,1068,14,17,0,True,False,matched,9.0,2025-09-18,under,0.2531149807611358,1.6329113924050633,-1.0,1.0,False,False,False
2457,553e1cb6acf14b46f28e27a862810d48,103,A'ja Wilson,ajawilson,LVA,assists,2.5,-154.0,116.0,10,10,2025-09-17 04:50:19+00:00,2025-09-17 04:50:19+00:00,2025-09-17 04:50:19+00:00,2025-09-19 01:30:00+00:00,0.0,2025-09-18,2025,PST,LVA,SEA,1.0692621755613883,True,,0.574207987656796,401820321,3149391,17,14,1,True,False,matched,3.0,2025-09-18,under,0.11558077961952096,2.16,-1.0,1.0,False,False,False
2457,98a67bcb7e83664206e5f740890ec44a,175,Skylar Diggins,skylardiggins,CHI,points,13.5,-113.0,-115.0,10,10,2025-09-17 05:01:41+00:00,2025-09-17 05:01:41+00:00,2025-09-17 05:01:41+00:00,2025-09-19 01:30:00+00:00,0.0,2025-09-18,2025,PST,LVA,SEA,1.0654001528551151,True,,0.49774423259931944,401820321,2491205,14,17,0,True,False,matched,13.0,2025-09-18,under,0.17450708427663292,1.8695652173913042,0.8695652173913042,1.0,False,False,False
2457,ac5cb5b0c9ec1d743339780980c9e2ca,102,Jackie Young,jackieyoung,LVA,points,16.5,100.0,-130.0,10,10,2025-09-17 05:01:41+00:00,2025-09-17 05:01:41+00:00,2025-09-17 05:01:41+00:00,2025-09-19 01:30:00+00:00,0.0,2025-09-18,2025,PST,LVA,SEA,1.065217391304348,True,,0.4663164946059025,401820321,4065870,17,14,1,True,False,matched,14.0,2025-09-18,under,0.12357914288048749,1.7692307692307692,0.7692307692307692,1.0,False,False,False
2457,9099c0857451612a46a227cd8bf173c6,208,Gabby Williams,gabbywilliams,GSV,points,10.5,100.0,-130.0,10,10,2025-09-17 05:01:42+00:00,2025-09-17 05:01:42+00:00,2025-09-17 05:01:42+00:00,2025-09-19 01:30:00+00:00,0.0,2025-09-18,2025,PST,LVA,SEA,1.065217391304348,True,,0.4663164946059025,401820321,3142328,14,17,0,True,False,matched,7.0,2025-09-18,under,0.14611459105357344,1.7692307692307692,0.7692307692307692,1.0,False,False,False
2457,46dab330843a220b1550b12fb3bca165,570,Dominique Malonga,dominiquemalonga,SEA,rebounds,6.5,-122.0,-108.0,10,10,2025-09-17 05:12:49+00:00,2025-09-17 05:12:49+00:00,2025-09-17 05:12:49+00:00,2025-09-19 01:30:00+00:00,0.0,2025-09-18,2025,PST,LVA,SEA,1.0687803187803186,True,,0.5156895960912058,401820321,5220150,14,17,0,True,False,matched,5.0,2025-09-18,under,0.057686683299775554,1.925925925925926,0.925925925925926,1.0,False,False,False
2456,3a90832f1de49baa27fa06c7bfcdd87b,76,Lexie Hull,lexiehull,IND,rebounds,4.5,102.0,-136.0,10,10,2025-09-17 05:24:29+00:00,2025-09-17 05:24:29+00:00,2025-09-17 05:24:29+00:00,2025-09-18 23:30:00+00:00,0.0,2025-09-18,2025,PST,ATL,IND,1.071320691391173,True,,0.4579067075572801,401820320,4398829,5,20,0,True,False,matched,2.0,2025-09-18,under,0.06672047538781067,1.7352941176470589,0.7352941176470589,1.0,False,False,False
2456,ab1f753ee6546359d6185a27a7201769,56,Natasha Howard,natashahoward,MIN,points,10.5,-128.0,-102.0,10,10,2025-09-17 05:24:30+00:00,2025-09-17 05:24:30+00:00,2025-09-17 05:24:30+00:00,2025-09-18 23:30:00+00:00,0.0,2025-09-18,2025,PST,ATL,IND,1.0663540038214347,True,,0.5291749480305961,401820320,2529130,5,20,0,True,False,matched,12.0,2025-09-18,under,0.23767017043956312,1.9803921568627452,-1.0,1.0,False,False,False
2457,9cccc269908d8927830dce0dcd573220,73,NaLyssa Smith,nalyssasmith,LVA,rebounds,5.5,-152.0,114.0,10,10,2025-09-17 05:24:31+00:00,2025-09-17 05:24:31+00:00,2025-09-17 05:24:31+00:00,2025-09-19 01:30:00+00:00,0.0,2025-09-18,2025,PST,LVA,SEA,1.0704643228007713,True,,0.5703965275254933,401820321,4398776,17,14,1,True,False,matched,4.0,2025-09-18,under,0.1928846509616764,2.1399999999999997,1.1399999999999997,1.0,False,False,False
2454,1138e63dc95d4641d475246be5943cd6,147,Leonie Fiebich,leoniefiebich,NYL,threes,1.5,-106.0,-127.0,13,13,2025-09-17 16:45:34+00:00,2025-09-17 16:45:34+00:00,2025-09-17 16:45:34+00:00,2025-09-18 00:00:00+00:00,0.0,2025-09-17,2025,PST,NYL,PHX,1.074034472434883,True,,0.4766915315132948,401820318,4683006,9,11,1,True,False,matched,0.0,2025-09-17,under,0.06707002235045012,1.7874015748031495,0.7874015748031495,1.0,False,False,False
2457,be260efcb7573c59da3de6b4f9c0ae12,66,Erica Wheeler,ericawheeler,LAS,points,9.5,104.0,-135.0,10,10,2025-09-17 17:41:43+00:00,2025-09-17 17:41:43+00:00,2025-09-17 17:41:43+00:00,2025-09-19 01:30:00+00:00,0.0,2025-09-18,2025,PST,LVA,SEA,1.0646641635377556,True,,0.45648742045938223,401820321,2491214,14,17,0,True,False,matched,16.0,2025-09-18,under,0.18606498844760283,1.7407407407407407,-1.0,1.0,False,False,False
2456,bbe50a2f289cc75023733789d9b063cc,293,Odyssey Sims,odysseysims,DAL,assists,3.5,-136.0,102.0,10,10,2025-09-17 17:53:11+00:00,2025-09-17 17:53:11+00:00,2025-09-17 17:53:11+00:00,2025-09-18 23:30:00+00:00,0.0,2025-09-18,2025,PST,ATL,IND,1.071320691391173,True,,0.5420932924427202,401820320,2529047,5,20,0,True,False,matched,8.0,2025-09-18,under,0.0955718385851625,2.02,-1.0,1.0,False,False,False
2456,8cc164d5eca662546b0f1e0abeee4ce4,16,Naz Hillmon,nazhillmon,ATL,rebounds,7.5,110.0,-146.0,10,10,2025-09-17 18:08:15+00:00,2025-09-17 18:08:15+00:00,2025-09-17 18:08:15+00:00,2025-09-18 23:30:00+00:00,0.0,2025-09-18,2025,PST,ATL,IND,1.0696864111498257,True,,0.4392579960949788,401820320,4398915,20,5,1,True,False,matched,10.0,2025-09-18,under,0.0946033613601846,1.6849315068493151,-1.0,1.0,False,False,False
2454,9032ced7f435d7a25d20ea47fe9261c4,137,Breanna Stewart,breannastewart,NYL,assists,3.5,160.0,-213.0,60,60,2025-09-17 22:41:05+00:00,2025-09-17 22:41:05+00:00,2025-09-17 22:41:05+00:00,2025-09-18 00:00:00+00:00,0.0,2025-09-17,2025,PST,NYL,PHX,1.0651265667240106,True,,0.34707131957027293,401820318,2998928,9,11,1,True,False,matched,2.0,2025-09-17,over,0.11547919129213935,2.6,-1.0,1.0,False,False,False
2454,4fdb874ab44bd6bca6f035a187c327ee,177,Sami Whitcomb,samiwhitcomb,PHO,points,9.5,184.0,-250.0,60,60,2025-09-17 23:07:43+00:00,2025-09-17 23:07:43+00:00,2025-09-17 23:07:43+00:00,2025-09-18 00:00:00+00:00,0.0,2025-09-17,2025,PST,NYL,PHX,1.0663983903420524,True,,0.31260074095854984,401820318,887,11,9,0,True,False,matched,3.0,2025-09-17,under,0.10892825950351273,1.4,0.3999999999999999,1.0,False,False,False
2459,effb6c73b1d2d08b6c4a5eddd33c36f7,40,Alyssa Thomas,alyssathomas,PHO,assists,8.5,-132.0,100.0,10,10,2025-09-18 03:14:25+00:00,2025-09-18 03:14:25+00:00,2025-09-18 03:14:25+00:00,2025-09-20 01:00:00+00:00,0.0,2025-09-19,2025,PST,PHX,NYL,1.0689655172413794,True,,0.5356937238338165,401820324,2529140,11,9,1,True,False,matched,11.0,2025-09-19,under,0.050435623284490416,2.0,-1.0,1.0,False,False,False
2459,3da7ffa129199f70e9f243514abc1bf1,141,Jonquel Jones,jonqueljones,NYL,rebounds,9.5,-102.0,-130.0,10,10,2025-09-18 03:24:34+00:00,2025-09-18 03:24:34+00:00,2025-09-18 03:24:34+00:00,2025-09-20 01:00:00+00:00,0.0,2025-09-19,2025,PST,PHX,NYL,1.0701678863538528,True,,0.46878765056355093,401820324,2999101,9,11,0,True,False,matched,8.0,2025-09-19,under,0.3206216360071894,1.7692307692307692,0.7692307692307692,1.0,False,False,False
2459,77a8c883581c13f5c6cfd23a95735a9f,132,Sabrina Ionescu,sabrinaionescu,NYL,threes,2.5,110.0,-146.0,10,10,2025-09-18 03:24:34+00:00,2025-09-18 03:24:34+00:00,2025-09-18 03:24:34+00:00,2025-09-20 01:00:00+00:00,0.0,2025-09-19,2025,PST,PHX,NYL,1.0696864111498257,True,,0.4392579960949788,401820324,4066533,9,11,0,True,False,matched,3.0,2025-09-19,under,0.07900412215937175,1.6849315068493151,-1.0,1.0,False,False,False
2459,ceec14f6755553cb5b50ba780cf2bd0b,155,Kahleah Copper,kahleahcopper,PHO,points,15.5,-120.0,-108.0,10,10,2025-09-18 03:35:06+00:00,2025-09-18 03:35:06+00:00,2025-09-18 03:35:06+00:00,2025-09-20 01:00:00+00:00,0.0,2025-09-19,2025,PST,PHX,NYL,1.0646853146853146,True,,0.5135396953663074,401820324,2998938,11,9,1,True,False,matched,12.0,2025-09-19,under,0.1578302538556623,1.925925925925926,0.925925925925926,1.0,False,False,False
2459,c143fe58ad228fd6b9862f41aac6859c,54,Satou Sabally,satousabally,NYL,points,14.5,-130.0,100.0,10,10,2025-09-18 03:35:06+00:00,2025-09-18 03:35:06+00:00,2025-09-18 03:35:06+00:00,2025-09-20 01:00:00+00:00,0.0,2025-09-19,2025,PST,PHX,NYL,1.065217391304348,True,,0.5336835053940976,401820324,4281929,11,9,1,True,False,matched,23.0,2025-09-19,under,0.14417410985767076,2.0,-1.0,1.0,False,False,False
2459,158d57bd15e9250cf2a83e05150fb379,137,Breanna Stewart,breannastewart,NYL,rebounds,4.5,-120.0,-110.0,10,10,2025-09-18 07:12:39+00:00,2025-09-18 07:12:39+00:00,2025-09-18 07:12:39+00:00,2025-09-20 01:00:00+00:00,0.0,2025-09-19,2025,PST,PHX,NYL,1.0692640692640691,True,,0.5112040114787568,401820324,2998928,9,11,0,True,False,matched,9.0,2025-09-19,over,0.36270851568198303,1.8333333333333335,0.8333333333333335,1.0,False,False,False
2459,24593a24ec5631ef9e2ad306953fa17e,45,DeWanna Bonner,dewannabonner,PHO,rebounds,5.5,-114.0,-114.0,10,10,2025-09-18 09:48:58+00:00,2025-09-18 09:48:58+00:00,2025-09-18 09:48:58+00:00,2025-09-20 01:00:00+00:00,0.0,2025-09-19,2025,PST,PHX,NYL,1.0654205607476634,True,,0.5000000000000001,401820324,869,11,9,1,True,False,matched,8.0,2025-09-19,under,0.3462861425470777,1.8771929824561404,-1.0,1.0,False,False,False
2459,946a8e22cc3e16e0147b2d93f835e309,233,Emma Meesseman,emmameesseman,FA,points,10.5,-102.0,-128.0,10,10,2025-09-18 09:48:59+00:00,2025-09-18 09:48:59+00:00,2025-09-18 09:48:59+00:00,2025-09-20 01:00:00+00:00,0.0,2025-09-19,2025,PST,PHX,NYL,1.0663540038214347,True,,0.47082505196940394,401820324,3027368,9,11,0,True,False,matched,0.0,2025-09-19,under,0.1385224241054362,1.78125,0.78125,1.0,False,False,False
2456,944c2d5018d7791276813e7c00e71b83,11,Aerial Powers,aerialpowers,FA,assists,1.5,-175.0,130.0,60,60,2025-09-18 20:06:25+00:00,2025-09-18 20:06:25+00:00,2025-09-18 20:06:25+00:00,2025-09-18 23:30:00+00:00,0.0,2025-09-18,2025,PST,ATL,IND,1.0711462450592886,True,,0.6044938039932303,401820320,2999035,5,20,0,True,False,matched,1.0,2025-09-18,under,0.3703761349925054,2.3,1.2999999999999998,1.0,False,False,False
2459,103b2991850d045c42ac80e7038f52b0,563,Monique Akoa Makani,moniqueakoamakani,PHO,rebounds,3.5,167.0,-233.0,60,60,2025-09-19 04:15:15+00:00,2025-09-19 04:15:15+00:00,2025-09-19 04:15:15+00:00,2025-09-20 01:00:00+00:00,0.0,2025-09-19,2025,PST,PHX,NYL,1.0742315349056923,True,,0.33102360600765024,401820324,5274110,11,9,1,True,False,matched,3.0,2025-09-19,under,0.13209188257473603,1.4291845493562232,0.4291845493562232,1.0,False,False,False
2465,104fea0f9e436de4c52dff488c43956c,70,Kelsey Mitchell,kelseymitchell,IND,points,20.5,-105.0,-125.0,12,12,2025-09-19 04:20:08+00:00,2025-09-19 04:20:08+00:00,2025-09-19 04:20:08+00:00,2025-09-21 19:00:00+00:00,0.0,2025-09-21,2025,PST,LVA,IND,1.067750677506775,True,,0.47757418034290006,401820327,3142191,5,17,0,True,False,matched,34.0,2025-09-21,under,0.19521182713550528,1.8,-1.0,1.0,False,False,False
2465,c371f102ea73a3c0a8a3bb635d20af7f,102,Jackie Young,jackieyoung,LVA,points,15.5,-120.0,-110.0,12,12,2025-09-19 04:20:08+00:00,2025-09-19 04:20:08+00:00,2025-09-19 04:20:08+00:00,2025-09-21 19:00:00+00:00,0.0,2025-09-21,2025,PST,LVA,IND,1.0692640692640691,True,,0.5112040114787568,401820327,4065870,17,5,1,True,False,matched,19.0,2025-09-21,under,0.06230067478125767,1.9090909090909092,-1.0,1.0,False,False,False
2465,e590f14d4752f769d2e7dbda68832499,71,Aliyah Boston,aliyahboston,IND,assists,3.5,-145.0,114.0,12,12,2025-09-19 04:31:21+00:00,2025-09-19 04:31:21+00:00,2025-09-19 04:31:21+00:00,2025-09-21 19:00:00+00:00,0.0,2025-09-21,2025,PST,LVA,IND,1.0591264543200458,True,,0.56411742978523,401820327,4432831,5,17,0,True,False,matched,5.0,2025-09-21,under,0.2862533639592818,2.1399999999999997,-1.0,1.0,False,False,False
2465,e4e323038bd1707dd47a9c279fd158cf,56,Natasha Howard,natashahoward,MIN,rebounds,6.5,-132.0,100.0,10,10,2025-09-19 04:40:57+00:00,2025-09-19 04:40:57+00:00,2025-09-19 04:40:57+00:00,2025-09-21 19:00:00+00:00,0.0,2025-09-21,2025,PST,LVA,IND,1.0689655172413794,True,,0.5356937238338165,401820327,2529130,5,17,0,True,False,matched,11.0,2025-09-21,under,0.21758019880498075,2.0,-1.0,1.0,False,False,False
2465,dedc3119317efb6585a8d529f966306b,107,Chelsea Gray,chelseagray,LVA,threes,1.5,178.0,-245.0,10,10,2025-09-19 04:40:57+00:00,2025-09-19 04:40:57+00:00,2025-09-19 04:40:57+00:00,2025-09-21 19:00:00+00:00,0.0,2025-09-21,2025,PST,LVA,IND,1.0698571577520593,True,,0.3183263503331576,401820327,2529122,17,5,1,True,False,matched,2.0,2025-09-21,over,0.08923529477397274,2.7800000000000002,1.7800000000000002,1.0,False,False,False
2459,014c3724ad8bd04c13473f45310b5263,147,Leonie Fiebich,leoniefiebich,NYL,rebounds,3.5,-104.0,-128.0,10,10,2025-09-19 05:15:24+00:00,2025-09-19 05:15:24+00:00,2025-09-19 05:15:24+00:00,2025-09-20 01:00:00+00:00,0.0,2025-09-19,2025,PST,PHX,NYL,1.0712074303405572,True,,0.4732611100971195,401820324,4683006,9,11,0,True,False,matched,3.0,2025-09-19,under,0.15113393671077396,1.78125,0.78125,1.0,False,False,False
2465,85e59964ea1b3202df2dcf0c3a89b975,293,Odyssey Sims,odysseysims,DAL,points,9.5,-122.0,-110.0,13,13,2025-09-19 11:15:43+00:00,2025-09-19 11:15:43+00:00,2025-09-19 11:15:43+00:00,2025-09-21 19:00:00+00:00,0.0,2025-09-21,2025,PST,LVA,IND,1.0733590733590734,True,,0.5133544081098238,401820327,2529047,5,17,0,True,False,matched,17.0,2025-09-21,under,0.07515632853599674,1.9090909090909092,-1.0,1.0,False,False,False
2465,4b6deb0b62885ac392a732115fb5bb70,76,Lexie Hull,lexiehull,IND,points,8.5,-102.0,-128.0,10,10,2025-09-19 12:39:51+00:00,2025-09-19 12:39:51+00:00,2025-09-19 12:39:51+00:00,2025-09-21 19:00:00+00:00,0.0,2025-09-21,2025,PST,LVA,IND,1.0663540038214347,True,,0.47082505196940394,401820327,4398829,5,17,0,True,False,matched,6.0,2025-09-21,under,0.09816794476859741,1.78125,0.78125,1.0,False,False,False
2465,25dc973a37be3c52823b8e20a6f1a4af,73,NaLyssa Smith,nalyssasmith,LVA,points,7.5,-118.0,-110.0,10,10,2025-09-19 15:14:40+00:00,2025-09-19 15:14:40+00:00,2025-09-19 15:14:40+00:00,2025-09-21 19:00:00+00:00,0.0,2025-09-21,2025,PST,LVA,IND,1.0650939274792486,True,,0.5090245232268319,401820327,4398776,17,5,1,True,False,matched,4.0,2025-09-21,under,0.09876722387441811,1.9090909090909092,0.9090909090909092,1.0,False,False,False
2465,87256cc0f96d2f1c1f7066f9bc3191ac,166,Jewell Loyd,jewellloyd,LVA,points,11.5,-102.0,-128.0,10,10,2025-09-19 15:14:41+00:00,2025-09-19 15:14:41+00:00,2025-09-19 15:14:41+00:00,2025-09-21 19:00:00+00:00,0.0,2025-09-21,2025,PST,LVA,IND,1.0663540038214347,True,,0.47082505196940394,401820327,2987869,17,5,1,True,False,matched,3.0,2025-09-21,under,0.15651091614833312,1.78125,0.78125,1.0,False,False,False
2460,327f66d52970e984f609df6464405f9b,40,Alyssa Thomas,alyssathomas,PHO,points,15.5,105.0,-135.0,12,12,2025-09-20 04:21:32+00:00,2025-09-20 04:21:32+00:00,2025-09-20 04:21:32+00:00,2025-09-21 21:00:00+00:00,0.0,2025-09-21,2025,PST,MIN,PHX,1.0622729631551635,True,,0.45531139401703796,401820328,2529140,11,8,0,True,False,matched,18.0,2025-09-21,under,0.3114069725909906,1.7407407407407407,-1.0,1.0,False,False,False
2460,61395c0b7487f5793ee03947c66d292e,112,Napheesa Collier,napheesacollier,MIN,points,21.5,-120.0,-110.0,12,12,2025-09-20 04:21:32+00:00,2025-09-20 04:21:32+00:00,2025-09-20 04:21:32+00:00,2025-09-21 21:00:00+00:00,0.0,2025-09-21,2025,PST,MIN,PHX,1.0692640692640691,True,,0.5112040114787568,401820328,3917450,8,11,1,True,False,matched,18.0,2025-09-21,under,0.1731376048263496,1.9090909090909092,0.9090909090909092,1.0,False,False,False
2460,d33d3c938d108945ee7f23001f2f9ca6,54,Satou Sabally,satousabally,NYL,points,14.5,-115.0,-115.0,12,12,2025-09-20 04:21:32+00:00,2025-09-20 04:21:32+00:00,2025-09-20 04:21:32+00:00,2025-09-21 21:00:00+00:00,0.0,2025-09-21,2025,PST,MIN,PHX,1.0697674418604652,True,,0.5,401820328,4281929,11,8,0,True,False,matched,10.0,2025-09-21,under,0.1421465010745756,1.8695652173913042,0.8695652173913042,1.0,False,False,False
2460,58d560d2c9f099a0e941b3f90b6d8e0f,155,Kahleah Copper,kahleahcopper,PHO,points,15.5,105.0,-135.0,12,12,2025-09-20 04:21:32+00:00,2025-09-20 04:21:32+00:00,2025-09-20 04:21:32+00:00,2025-09-21 21:00:00+00:00,0.0,2025-09-21,2025,PST,MIN,PHX,1.0622729631551635,True,,0.45531139401703796,401820328,2998938,11,8,0,True,False,matched,22.0,2025-09-21,under,0.12650178198267797,1.7407407407407407,-1.0,1.0,False,False,False
2460,8e37b105dcc435bc73356bcdea9ce86a,117,Courtney Williams,courtneywilliams,MIN,points,13.5,105.0,-135.0,12,12,2025-09-20 04:21:32+00:00,2025-09-20 04:21:32+00:00,2025-09-20 04:21:32+00:00,2025-09-21 21:00:00+00:00,0.0,2025-09-21,2025,PST,MIN,PHX,1.0622729631551635,True,,0.45531139401703796,401820328,2987891,8,11,1,True,False,matched,23.0,2025-09-21,under,0.11782519177552447,1.7407407407407407,-1.0,1.0,False,False,False
2460,4e6735202faff04ceca37719ff319a3a,125,Kayla McBride,kaylamcbride,MIN,points,13.5,-115.0,-115.0,12,12,2025-09-20 04:21:32+00:00,2025-09-20 04:21:32+00:00,2025-09-20 04:21:32+00:00,2025-09-21 21:00:00+00:00,0.0,2025-09-21,2025,PST,MIN,PHX,1.0697674418604652,True,,0.5,401820328,2529205,8,11,1,True,False,matched,21.0,2025-09-21,under,0.06374514855514635,1.8695652173913042,-1.0,1.0,False,False,False
2460,fb3e09041bee8f532df039bf1dc517a0,121,Alanna Smith,alannasmith,DAL,rebounds,4.5,-115.0,-115.0,12,12,2025-09-20 04:33:23+00:00,2025-09-20 04:33:23+00:00,2025-09-20 04:33:23+00:00,2025-09-21 21:00:00+00:00,0.0,2025-09-21,2025,PST,MIN,PHX,1.0697674418604652,True,,0.5,401820328,3913881,8,11,1,True,False,matched,6.0,2025-09-21,under,0.12864449332850647,1.8695652173913042,-1.0,1.0,False,False,False
2465,1c270bd766812ba3e9b82130e569998c,103,A'ja Wilson,ajawilson,LVA,threes,0.5,-240.0,150.0,33,33,2025-09-20 09:58:28+00:00,2025-09-20 09:58:28+00:00,2025-09-20 09:58:28+00:00,2025-09-21 19:00:00+00:00,0.0,2025-09-21,2025,PST,LVA,IND,1.1058823529411765,True,,0.6620616945528875,401820327,3149391,17,5,1,True,False,matched,0.0,2025-09-21,under,0.270195945276264,2.5,1.5,1.0,False,False,False
2460,56dec3c0a26f6cf7720de65c9520bdb1,563,Monique Akoa Makani,moniqueakoamakani,PHO,points,7.5,-114.0,-118.0,13,13,2025-09-20 16:11:00+00:00,2025-09-20 16:11:00+00:00,2025-09-20 16:11:00+00:00,2025-09-21 21:00:00+00:00,0.0,2025-09-21,2025,PST,MIN,PHX,1.0739946840435564,True,,0.49555000929585213,401820328,5274110,11,8,0,True,False,matched,2.0,2025-09-21,under,0.17555477673971653,1.847457627118644,0.847457627118644,1.0,False,False,False
2460,cf0af7b93fd6c000e0b1db34b7913cf7,45,DeWanna Bonner,dewannabonner,PHO,points,10.5,-104.0,-125.0,10,10,2025-09-20 22:20:09+00:00,2025-09-20 22:20:09+00:00,2025-09-20 22:20:09+00:00,2025-09-21 21:00:00+00:00,0.0,2025-09-21,2025,PST,MIN,PHX,1.065359477124183,True,,0.4763687479911608,401820328,869,11,8,0,True,False,matched,0.0,2025-09-21,under,0.23523509836849754,1.8,0.8,1.0,False,False,False
2466,0e32968fd0706e0db5aa2c21d9a3f5b9,70,Kelsey Mitchell,kelseymitchell,IND,points,20.5,-128.0,-102.0,10,10,2025-09-21 22:26:13+00:00,2025-09-21 22:26:13+00:00,2025-09-21 22:26:13+00:00,2025-09-24 01:30:00+00:00,0.0,2025-09-23,2025,PST,LVA,IND,1.0663540038214347,True,,0.5291749480305961,401820331,3142191,5,17,0,True,False,matched,13.0,2025-09-23,under,0.2772356136712659,1.9803921568627452,0.9803921568627452,1.0,False,False,False
2466,5082ebc213a90763e7581db3f8ff085f,71,Aliyah Boston,aliyahboston,IND,rebounds,8.5,-140.0,106.0,10,10,2025-09-21 22:26:13+00:00,2025-09-21 22:26:13+00:00,2025-09-21 22:26:13+00:00,2025-09-24 01:30:00+00:00,0.0,2025-09-23,2025,PST,LVA,IND,1.0687702265372168,True,,0.5506638564937638,401820331,4432831,5,17,0,True,False,matched,13.0,2025-09-23,under,0.21739303864389597,2.06,-1.0,1.0,False,False,False
2466,90cd4e1ed277187c695adace0dc9b1b1,103,A'ja Wilson,ajawilson,LVA,points,25.5,-102.0,-128.0,10,10,2025-09-21 22:26:13+00:00,2025-09-21 22:26:13+00:00,2025-09-21 22:26:13+00:00,2025-09-24 01:30:00+00:00,0.0,2025-09-23,2025,PST,LVA,IND,1.0663540038214347,True,,0.47082505196940394,401820331,3149391,17,5,1,True,False,matched,25.0,2025-09-23,under,0.05439793557304057,1.78125,0.78125,1.0,False,False,False
2466,a52e5806f693b0bace2cfc0af3ef5741,102,Jackie Young,jackieyoung,LVA,points,16.5,-104.0,-125.0,10,10,2025-09-21 22:26:14+00:00,2025-09-21 22:26:14+00:00,2025-09-21 22:26:14+00:00,2025-09-24 01:30:00+00:00,0.0,2025-09-23,2025,PST,LVA,IND,1.065359477124183,True,,0.4763687479911608,401820331,4065870,17,5,1,True,False,matched,13.0,2025-09-23,under,0.07792396834979776,1.8,0.8,1.0,False,False,False
2466,563717a2a66d811fb7127847bfc02ce8,107,Chelsea Gray,chelseagray,LVA,assists,6.5,126.0,-168.0,10,10,2025-09-21 22:35:42+00:00,2025-09-21 22:35:42+00:00,2025-09-21 22:35:42+00:00,2025-09-24 01:30:00+00:00,0.0,2025-09-23,2025,PST,LVA,IND,1.0693435477479856,True,,0.4045224464881516,401820331,2529122,17,5,1,True,False,matched,10.0,2025-09-23,over,0.07973017468459775,2.26,1.2599999999999998,1.0,False,False,False
2461,13010b508e58cfd9b5388adb957c0f5f,112,Napheesa Collier,napheesacollier,MIN,rebounds,7.5,-130.0,-102.0,10,10,2025-09-21 23:04:00+00:00,2025-09-21 23:04:00+00:00,2025-09-21 23:04:00+00:00,2025-09-23 23:30:00+00:00,0.0,2025-09-23,2025,PST,MIN,PHX,1.0701678863538528,True,,0.5312123494364493,401820330,3917450,8,11,1,True,False,matched,6.0,2025-09-23,under,0.18917956220508353,1.9803921568627452,0.9803921568627452,1.0,False,False,False
2461,eac64104dace0c02964a3fd4bd4f2152,40,Alyssa Thomas,alyssathomas,PHO,points,15.5,-104.0,-125.0,10,10,2025-09-21 23:04:01+00:00,2025-09-21 23:04:01+00:00,2025-09-21 23:04:01+00:00,2025-09-23 23:30:00+00:00,0.0,2025-09-23,2025,PST,MIN,PHX,1.065359477124183,True,,0.4763687479911608,401820330,2529140,11,8,0,True,False,matched,19.0,2025-09-23,under,0.22723007636856168,1.8,-1.0,1.0,False,False,False
2461,aeb453e5a3c4d761b6ff187b4ef50372,117,Courtney Williams,courtneywilliams,MIN,points,13.5,-108.0,-120.0,10,10,2025-09-21 23:13:19+00:00,2025-09-21 23:13:19+00:00,2025-09-21 23:13:19+00:00,2025-09-23 23:30:00+00:00,0.0,2025-09-23,2025,PST,MIN,PHX,1.0646853146853146,True,,0.48646030463369283,401820330,2987891,8,11,1,True,False,matched,20.0,2025-09-23,under,0.18522351958800037,1.8333333333333335,-1.0,1.0,False,False,False
2461,ee99518efc1c394dcb81c407a767d07b,155,Kahleah Copper,kahleahcopper,PHO,points,14.5,-130.0,100.0,10,10,2025-09-21 23:13:20+00:00,2025-09-21 23:13:20+00:00,2025-09-21 23:13:20+00:00,2025-09-23 23:30:00+00:00,0.0,2025-09-23,2025,PST,MIN,PHX,1.065217391304348,True,,0.5336835053940976,401820330,2998938,11,8,0,True,False,matched,8.0,2025-09-23,under,0.19150676203804412,2.0,1.0,1.0,False,False,False
2461,7daed6eba7b1c0084d853e24dca521e0,54,Satou Sabally,satousabally,NYL,rebounds,5.5,-158.0,118.0,10,10,2025-09-21 23:13:20+00:00,2025-09-21 23:13:20+00:00,2025-09-21 23:13:20+00:00,2025-09-23 23:30:00+00:00,0.0,2025-09-23,2025,PST,MIN,PHX,1.0711186971054691,True,,0.5796527091990534,401820330,4281929,11,8,0,True,False,matched,9.0,2025-09-23,under,0.10712701943750697,2.1799999999999997,-1.0,1.0,False,False,False
2461,b2c99e212d19c507dfac39c0f6fbd30b,125,Kayla McBride,kaylamcbride,MIN,points,14.5,100.0,-130.0,10,10,2025-09-21 23:13:21+00:00,2025-09-21 23:13:21+00:00,2025-09-21 23:13:21+00:00,2025-09-23 23:30:00+00:00,0.0,2025-09-23,2025,PST,MIN,PHX,1.065217391304348,True,,0.4663164946059025,401820330,2529205,8,11,1,True,False,matched,21.0,2025-09-23,under,0.08661885546376374,1.7692307692307692,-1.0,1.0,False,False,False
2461,3c3b6ba4689d5feb709488681a1955b7,45,DeWanna Bonner,dewannabonner,PHO,rebounds,4.5,-158.0,118.0,10,10,2025-09-22 00:17:12+00:00,2025-09-22 00:17:12+00:00,2025-09-22 00:17:12+00:00,2025-09-23 23:30:00+00:00,0.0,2025-09-23,2025,PST,MIN,PHX,1.0711186971054691,True,,0.5796527091990534,401820330,869,11,8,0,True,False,matched,3.0,2025-09-23,under,0.26907931718608974,2.1799999999999997,1.1799999999999997,1.0,False,False,False
2461,64f1ce063668659382c76cd603509277,121,Alanna Smith,alannasmith,DAL,rebounds,4.5,-114.0,-114.0,10,10,2025-09-22 00:17:12+00:00,2025-09-22 00:17:12+00:00,2025-09-22 00:17:12+00:00,2025-09-23 23:30:00+00:00,0.0,2025-09-23,2025,PST,MIN,PHX,1.0654205607476634,True,,0.5000000000000001,401820330,3913881,8,11,1,True,False,matched,9.0,2025-09-23,under,0.1402237729856758,1.8771929824561404,-1.0,1.0,False,False,False
2466,c829f1b0801419515e3e1e7a75e75bb3,166,Jewell Loyd,jewellloyd,LVA,threes,1.5,100.0,-132.0,10,10,2025-09-22 00:17:13+00:00,2025-09-22 00:17:13+00:00,2025-09-22 00:17:13+00:00,2025-09-24 01:30:00+00:00,0.0,2025-09-23,2025,PST,LVA,IND,1.0689655172413794,True,,0.46430627616618364,401820331,2987869,17,5,1,True,False,matched,2.0,2025-09-23,over,0.1896727371494067,2.0,1.0,1.0,False,False,False
2466,a6069f4985587465cbfdd6188440ac96,76,Lexie Hull,lexiehull,IND,points,7.5,-125.0,-104.0,10,10,2025-09-22 00:27:21+00:00,2025-09-22 00:27:21+00:00,2025-09-22 00:27:21+00:00,2025-09-24 01:30:00+00:00,0.0,2025-09-23,2025,PST,LVA,IND,1.065359477124183,True,,0.5236312520088393,401820331,4398829,5,17,0,True,False,matched,15.0,2025-09-23,under,0.08489958105918899,1.9615384615384617,-1.0,1.0,False,False,False
2466,525b23debeb32e1e1e4d64b9fbc39ecf,56,Natasha Howard,natashahoward,MIN,rebounds,6.5,-132.0,100.0,10,10,2025-09-22 00:27:22+00:00,2025-09-22 00:27:22+00:00,2025-09-22 00:27:22+00:00,2025-09-24 01:30:00+00:00,0.0,2025-09-23,2025,PST,LVA,IND,1.0689655172413794,True,,0.5356937238338165,401820331,2529130,5,17,0,True,False,matched,7.0,2025-09-23,under,0.24076859713988052,2.0,-1.0,1.0,False,False,False
2466,b85044ac3e91c7814b962a229d212924,293,Odyssey Sims,odysseysims,DAL,points,9.5,-130.0,100.0,10,10,2025-09-22 00:27:22+00:00,2025-09-22 00:27:22+00:00,2025-09-22 00:27:22+00:00,2025-09-24 01:30:00+00:00,0.0,2025-09-23,2025,PST,LVA,IND,1.065217391304348,True,,0.5336835053940976,401820331,2529047,5,17,0,True,False,matched,18.0,2025-09-23,under,0.1342846793469194,2.0,-1.0,1.0,False,False,False
2466,1f5842fbaa6644f9addcb37de9fdc1d6,73,NaLyssa Smith,nalyssasmith,LVA,points,7.5,-105.0,-130.0,13,13,2025-09-22 10:59:26+00:00,2025-09-22 10:59:26+00:00,2025-09-22 10:59:26+00:00,2025-09-24 01:30:00+00:00,0.0,2025-09-23,2025,PST,LVA,IND,1.0774125132555674,True,,0.4724269137319091,401820331,4398776,17,5,1,True,False,matched,18.0,2025-09-23,under,0.10690743551485082,1.7692307692307692,-1.0,1.0,False,False,False
2461,5c2692f87d6f80e801a1bad3b27c7fcc,177,Sami Whitcomb,samiwhitcomb,PHO,points,7.5,-130.0,100.0,10,10,2025-09-22 18:48:59+00:00,2025-09-22 18:48:59+00:00,2025-09-22 18:48:59+00:00,2025-09-23 23:30:00+00:00,0.0,2025-09-23,2025,PST,MIN,PHX,1.065217391304348,True,,0.5336835053940976,401820330,887,11,8,0,True,False,matched,13.0,2025-09-23,under,0.20501916196677844,2.0,-1.0,1.0,False,False,False
2462,e2a7a1ee3357e32fe3205a66f62011eb,40,Alyssa Thomas,alyssathomas,PHO,points,14.5,-128.0,-102.0,10,10,2025-09-24 02:08:33+00:00,2025-09-24 02:08:33+00:00,2025-09-24 02:08:33+00:00,2025-09-27 01:30:00+00:00,0.0,2025-09-26,2025,PST,PHX,MIN,1.0663540038214347,True,,0.5291749480305961,401820333,2529140,11,8,1,True,False,matched,21.0,2025-09-26,under,0.21734717105109863,1.9803921568627452,-1.0,1.0,False,False,False
2462,f94531ecfe13ce1b2cecd74287b7d75d,112,Napheesa Collier,napheesacollier,MIN,points,21.5,-114.0,-114.0,10,10,2025-09-24 02:08:33+00:00,2025-09-24 02:08:33+00:00,2025-09-24 02:08:33+00:00,2025-09-27 01:30:00+00:00,0.0,2025-09-26,2025,PST,PHX,MIN,1.0654205607476634,True,,0.5000000000000001,401820333,3917450,8,11,0,True,False,matched,17.0,2025-09-26,under,0.21586990302849324,1.8771929824561404,0.8771929824561404,1.0,False,False,False
2462,4be50a31aa93cccd92f27f9bd31f94bd,125,Kayla McBride,kaylamcbride,MIN,points,15.5,-104.0,-125.0,10,10,2025-09-24 02:08:33+00:00,2025-09-24 02:08:33+00:00,2025-09-24 02:08:33+00:00,2025-09-27 01:30:00+00:00,0.0,2025-09-26,2025,PST,PHX,MIN,1.065359477124183,True,,0.4763687479911608,401820333,2529205,8,11,0,True,False,matched,12.0,2025-09-26,under,0.15999218721721448,1.8,0.8,1.0,False,False,False
2462,f0a9cd0039190a1ab1970d6ea98f1621,54,Satou Sabally,satousabally,NYL,points,15.5,-114.0,-114.0,10,10,2025-09-24 02:08:33+00:00,2025-09-24 02:08:33+00:00,2025-09-24 02:08:33+00:00,2025-09-27 01:30:00+00:00,0.0,2025-09-26,2025,PST,PHX,MIN,1.0654205607476634,True,,0.5000000000000001,401820333,4281929,11,8,1,True,False,matched,23.0,2025-09-26,under,0.15181722195415515,1.8771929824561404,-1.0,1.0,False,False,False
2462,e085c1b7668eb322dd988d4230d28229,117,Courtney Williams,courtneywilliams,MIN,points,13.5,-120.0,-108.0,10,10,2025-09-24 02:08:33+00:00,2025-09-24 02:08:33+00:00,2025-09-24 02:08:33+00:00,2025-09-27 01:30:00+00:00,0.0,2025-09-26,2025,PST,PHX,MIN,1.0646853146853146,True,,0.5135396953663074,401820333,2987891,8,11,0,True,False,matched,14.0,2025-09-26,under,0.1487352230082779,1.925925925925926,-1.0,1.0,False,False,False
2467,e088d9b106bbce39592d733b58aeee55,102,Jackie Young,jackieyoung,LVA,points,16.5,-130.0,100.0,10,10,2025-09-24 03:41:35+00:00,2025-09-24 03:41:35+00:00,2025-09-24 03:41:35+00:00,2025-09-26 23:30:00+00:00,0.0,2025-09-26,2025,PST,IND,LVA,1.065217391304348,True,,0.5336835053940976,401820334,4065870,17,5,0,True,False,matched,25.0,2025-09-26,under,0.20061716275379698,2.0,-1.0,1.0,False,False,False
2467,20caa21757bdf6d369552983cfabd68c,71,Aliyah Boston,aliyahboston,IND,rebounds,8.5,-132.0,100.0,10,10,2025-09-24 03:41:35+00:00,2025-09-24 03:41:35+00:00,2025-09-24 03:41:35+00:00,2025-09-26 23:30:00+00:00,0.0,2025-09-26,2025,PST,IND,LVA,1.0689655172413794,True,,0.5356937238338165,401820334,4432831,5,17,1,True,False,matched,8.0,2025-09-26,under,0.15238469266611598,2.0,1.0,1.0,False,False,False
2467,6a8e20cc596db7a3dc404ca80a2c10dc,70,Kelsey Mitchell,kelseymitchell,IND,points,20.5,-104.0,-125.0,10,10,2025-09-24 03:41:35+00:00,2025-09-24 03:41:35+00:00,2025-09-24 03:41:35+00:00,2025-09-26 23:30:00+00:00,0.0,2025-09-26,2025,PST,IND,LVA,1.065359477124183,True,,0.4763687479911608,401820334,3142191,5,17,1,True,False,matched,21.0,2025-09-26,under,0.06531175832183861,1.8,-1.0,1.0,False,False,False
2467,fa77e99a8522907b76b8d5fb09b8586a,107,Chelsea Gray,chelseagray,LVA,threes,1.5,164.0,-225.0,10,10,2025-09-24 03:41:35+00:00,2025-09-24 03:41:35+00:00,2025-09-24 03:41:35+00:00,2025-09-26 23:30:00+00:00,0.0,2025-09-26,2025,PST,IND,LVA,1.0710955710955712,True,,0.33738864980507277,401820334,2529122,17,5,0,True,False,matched,1.0,2025-09-26,over,0.05208764713433567,2.6399999999999997,-1.0,1.0,False,False,False
2467,e48b5a7b5d491543cc10418cbb763832,56,Natasha Howard,natashahoward,MIN,rebounds,6.5,-152.0,114.0,10,10,2025-09-24 03:41:36+00:00,2025-09-24 03:41:36+00:00,2025-09-24 03:41:36+00:00,2025-09-26 23:30:00+00:00,0.0,2025-09-26,2025,PST,IND,LVA,1.0704643228007713,True,,0.5703965275254933,401820334,2529130,5,17,1,True,False,matched,5.0,2025-09-26,under,0.22109201442580784,2.1399999999999997,1.1399999999999997,1.0,False,False,False
2467,232794b3fb0a93bc63adfc062805c91a,103,A'ja Wilson,ajawilson,LVA,points,25.5,-118.0,-110.0,10,10,2025-09-24 03:41:36+00:00,2025-09-24 03:41:36+00:00,2025-09-24 03:41:36+00:00,2025-09-26 23:30:00+00:00,0.0,2025-09-26,2025,PST,IND,LVA,1.0650939274792486,True,,0.5090245232268319,401820334,3149391,17,5,0,True,False,matched,13.0,2025-09-26,under,0.19988865667106326,1.9090909090909092,0.9090909090909092,1.0,False,False,False
2467,a44ccdc25857a1f35bac15acae41d693,73,NaLyssa Smith,nalyssasmith,LVA,points,7.5,-106.0,-122.0,10,10,2025-09-24 03:41:36+00:00,2025-09-24 03:41:36+00:00,2025-09-24 03:41:36+00:00,2025-09-26 23:30:00+00:00,0.0,2025-09-26,2025,PST,IND,LVA,1.064112656345666,True,,0.4819416314468661,401820334,4398776,17,5,0,True,False,matched,16.0,2025-09-26,under,0.17695306442149572,1.819672131147541,-1.0,1.0,False,False,False
2467,2916a7c01dcb36451bd1b96911236560,293,Odyssey Sims,odysseysims,DAL,threes,1.5,194.0,-270.0,10,10,2025-09-24 03:41:36+00:00,2025-09-24 03:41:36+00:00,2025-09-24 03:41:36+00:00,2025-09-26 23:30:00+00:00,0.0,2025-09-26,2025,PST,IND,LVA,1.0698657841514985,True,,0.2979582365398174,401820334,2529047,5,17,1,True,False,matched,0.0,2025-09-26,under,0.10627451139029845,1.3703703703703702,0.37037037037037024,1.0,False,False,False
2467,075d66aa1c983d9d75fbdf19316d605b,76,Lexie Hull,lexiehull,IND,points,7.5,-130.0,100.0,10,10,2025-09-24 03:41:36+00:00,2025-09-24 03:41:36+00:00,2025-09-24 03:41:36+00:00,2025-09-26 23:30:00+00:00,0.0,2025-09-26,2025,PST,IND,LVA,1.065217391304348,True,,0.5336835053940976,401820334,4398829,5,17,1,True,False,matched,16.0,2025-09-26,under,0.06813444207886654,2.0,-1.0,1.0,False,False,False
2462,7fb0faf129e36ee1c011be3c5916dd0f,121,Alanna Smith,alannasmith,DAL,rebounds,4.5,-120.0,-110.0,10,10,2025-09-24 04:10:47+00:00,2025-09-24 04:10:47+00:00,2025-09-24 04:10:47+00:00,2025-09-27 01:30:00+00:00,0.0,2025-09-26,2025,PST,PHX,MIN,1.0692640692640691,True,,0.5112040114787568,401820333,3913881,8,11,0,True,False,matched,1.0,2025-09-26,under,0.0806519971482817,1.9090909090909092,0.9090909090909092,1.0,False,False,False
2467,011ed42b862d68f21db8c4cf4933ca42,166,Jewell Loyd,jewellloyd,LVA,points,10.5,100.0,-130.0,10,10,2025-09-24 19:46:01+00:00,2025-09-24 19:46:01+00:00,2025-09-24 19:46:01+00:00,2025-09-26 23:30:00+00:00,0.0,2025-09-26,2025,PST,IND,LVA,1.065217391304348,True,,0.4663164946059025,401820334,2987869,17,5,0,True,False,matched,0.0,2025-09-26,under,0.1747026530064903,1.7692307692307692,0.7692307692307692,1.0,False,False,False
2462,86337069c6f2546c8ca822fee4c4ae23,45,DeWanna Bonner,dewannabonner,PHO,rebounds,5.5,-154.0,116.0,10,10,2025-09-24 20:22:54+00:00,2025-09-24 20:22:54+00:00,2025-09-24 20:22:54+00:00,2025-09-27 01:30:00+00:00,0.0,2025-09-26,2025,PST,PHX,MIN,1.0692621755613883,True,,0.574207987656796,401820333,869,11,8,1,True,False,matched,8.0,2025-09-26,under,0.43280324962473055,2.16,-1.0,1.0,False,False,False
2462,439fb028810e61ea3550bbd8d2d7eede,177,Sami Whitcomb,samiwhitcomb,PHO,rebounds,3.5,180.0,-250.0,13,13,2025-09-26 14:57:34+00:00,2025-09-26 14:57:34+00:00,2025-09-26 14:57:34+00:00,2025-09-27 01:30:00+00:00,0.0,2025-09-26,2025,PST,PHX,MIN,1.0714285714285714,True,,0.31466724774137694,401820333,887,11,8,1,True,False,matched,1.0,2025-09-26,under,0.06520451769766464,1.4,0.3999999999999999,1.0,False,False,False
2468,6be8400f103fae6f28325a0b5d0c82e9,76,Lexie Hull,lexiehull,IND,points,9.5,-108.0,-120.0,10,10,2025-09-27 02:19:53+00:00,2025-09-27 02:19:53+00:00,2025-09-27 02:19:53+00:00,2025-09-28 19:00:00+00:00,0.0,2025-09-28,2025,PST,IND,LVA,1.0646853146853146,True,,0.48646030463369283,401820337,4398829,5,17,1,True,False,matched,7.0,2025-09-28,under,0.22871011937523233,1.8333333333333335,0.8333333333333335,1.0,False,False,False
2468,f0403b40acca44e421592b12998fdcfa,70,Kelsey Mitchell,kelseymitchell,IND,points,20.5,-115.0,-113.0,10,10,2025-09-27 02:19:53+00:00,2025-09-27 02:19:53+00:00,2025-09-27 02:19:53+00:00,2025-09-28 19:00:00+00:00,0.0,2025-09-28,2025,PST,IND,LVA,1.0654001528551151,True,,0.5022557674006809,401820337,3142191,5,17,1,True,False,matched,25.0,2025-09-28,under,0.15803073385820054,1.8849557522123894,-1.0,1.0,False,False,False
2468,5ec5a1ef8bbb358b94363a622c378c2f,107,Chelsea Gray,chelseagray,LVA,points,9.5,-128.0,-102.0,10,10,2025-09-27 02:19:53+00:00,2025-09-27 02:19:53+00:00,2025-09-27 02:19:53+00:00,2025-09-28 19:00:00+00:00,0.0,2025-09-28,2025,PST,IND,LVA,1.0663540038214347,True,,0.5291749480305961,401820337,2529122,17,5,0,True,False,matched,12.0,2025-09-28,under,0.12234873531776996,1.9803921568627452,-1.0,1.0,False,False,False
2468,f3f0d707dfc0592680218bcbea5c7302,71,Aliyah Boston,aliyahboston,IND,points,13.5,104.0,-135.0,10,10,2025-09-27 02:19:53+00:00,2025-09-27 02:19:53+00:00,2025-09-27 02:19:53+00:00,2025-09-28 19:00:00+00:00,0.0,2025-09-28,2025,PST,IND,LVA,1.0646641635377556,True,,0.45648742045938223,401820337,4432831,5,17,1,True,False,matched,24.0,2025-09-28,under,0.10181531609050803,1.7407407407407407,-1.0,1.0,False,False,False
2468,2869d6cf3f55c0f9faab76f9907d430a,103,A'ja Wilson,ajawilson,LVA,threes,0.5,-210.0,154.0,10,10,2025-09-27 02:19:54+00:00,2025-09-27 02:19:54+00:00,2025-09-27 02:19:54+00:00,2025-09-28 19:00:00+00:00,0.0,2025-09-28,2025,PST,IND,LVA,1.0711201422402845,True,,0.647128898265053,401820337,3149391,17,5,0,True,False,matched,0.0,2025-09-28,under,0.35107072379184023,2.54,1.54,1.0,False,False,False
2468,489c40039b6ee31703a2e7e1bf9c7780,102,Jackie Young,jackieyoung,LVA,points,16.5,-113.0,-115.0,10,10,2025-09-27 02:19:54+00:00,2025-09-27 02:19:54+00:00,2025-09-27 02:19:54+00:00,2025-09-28 19:00:00+00:00,0.0,2025-09-28,2025,PST,IND,LVA,1.0654001528551151,True,,0.49774423259931944,401820337,4065870,17,5,0,True,False,matched,18.0,2025-09-28,under,0.15399157494694776,1.8695652173913042,-1.0,1.0,False,False,False
2468,1b2c9b818e55d3656bacb7809699fc8e,73,NaLyssa Smith,nalyssasmith,LVA,points,9.5,104.0,-135.0,10,10,2025-09-27 02:19:54+00:00,2025-09-27 02:19:54+00:00,2025-09-27 02:19:54+00:00,2025-09-28 19:00:00+00:00,0.0,2025-09-28,2025,PST,IND,LVA,1.0646641635377556,True,,0.45648742045938223,401820337,4398776,17,5,0,True,False,matched,8.0,2025-09-28,under,0.09237132044532614,1.7407407407407407,0.7407407407407407,1.0,False,False,False
2468,c852af8b49f3f7e0c8c9d9a96c31b820,166,Jewell Loyd,jewellloyd,LVA,threes,1.5,104.0,-138.0,10,10,2025-09-27 02:42:13+00:00,2025-09-27 02:42:13+00:00,2025-09-27 02:42:13+00:00,2025-09-28 19:00:00+00:00,0.0,2025-09-28,2025,PST,IND,LVA,1.0700280112044818,True,,0.4535791638529251,401820337,2987869,17,5,0,True,False,matched,2.0,2025-09-28,over,0.14399986274416648,2.04,1.04,1.0,False,False,False
2463,aa7e92174b0ce41821f4f9cfc0775ee4,54,Satou Sabally,satousabally,NYL,assists,2.5,158.0,-215.0,10,10,2025-09-27 04:09:04+00:00,2025-09-27 04:09:04+00:00,2025-09-27 04:09:04+00:00,2025-09-29 00:00:00+00:00,0.0,2025-09-28,2025,PST,PHX,MIN,1.0701365817644888,True,,0.347126998954303,401820338,4281929,11,8,1,True,False,matched,3.0,2025-09-28,over,0.36717131931643565,2.58,1.58,1.0,False,False,False
2463,a2686701d77a804631c6fb7c8fd57bf5,155,Kahleah Copper,kahleahcopper,PHO,assists,1.5,-138.0,104.0,10,10,2025-09-27 04:09:04+00:00,2025-09-27 04:09:04+00:00,2025-09-27 04:09:04+00:00,2025-09-29 00:00:00+00:00,0.0,2025-09-28,2025,PST,PHX,MIN,1.0700280112044818,True,,0.5464208361470752,401820338,2998938,11,8,1,True,False,matched,0.0,2025-09-28,under,0.173505546076424,2.04,1.04,1.0,False,False,False
2463,464b7116200cdeba3ed7ccb9563acd73,40,Alyssa Thomas,alyssathomas,PHO,points,15.5,-114.0,-114.0,10,10,2025-09-27 04:09:04+00:00,2025-09-27 04:09:04+00:00,2025-09-27 04:09:04+00:00,2025-09-29 00:00:00+00:00,0.0,2025-09-28,2025,PST,PHX,MIN,1.0654205607476634,True,,0.5000000000000001,401820338,2529140,11,8,1,True,False,matched,23.0,2025-09-28,under,0.1429012785580206,1.8771929824561404,-1.0,1.0,False,False,False
2463,6baa5cff0a40799783de86905c899070,125,Kayla McBride,kaylamcbride,MIN,points,17.5,-114.0,-114.0,10,10,2025-09-27 04:40:13+00:00,2025-09-27 04:40:13+00:00,2025-09-27 04:40:13+00:00,2025-09-29 00:00:00+00:00,0.0,2025-09-28,2025,PST,PHX,MIN,1.0654205607476634,True,,0.5000000000000001,401820338,2529205,8,11,0,True,False,matched,31.0,2025-09-28,under,0.27677775847293906,1.8771929824561404,-1.0,1.0,False,False,False
2463,b5d60739a100a5da09edce3883acb655,117,Courtney Williams,courtneywilliams,MIN,points,17.5,102.0,-132.0,10,10,2025-09-27 04:40:13+00:00,2025-09-27 04:40:13+00:00,2025-09-27 04:40:13+00:00,2025-09-29 00:00:00+00:00,0.0,2025-09-28,2025,PST,PHX,MIN,1.0640150221918745,True,,0.4618487426836327,401820338,2987891,8,11,0,True,False,matched,20.0,2025-09-28,under,0.22616805062938905,1.7575757575757576,-1.0,1.0,False,False,False
2463,42d1b1067030cc217feb4aa7d5a0eb49,115,Natisha Hiedeman,natishahiedeman,SEA,points,9.5,-102.0,-128.0,10,10,2025-09-27 04:40:13+00:00,2025-09-27 04:40:13+00:00,2025-09-27 04:40:13+00:00,2025-09-29 00:00:00+00:00,0.0,2025-09-28,2025,PST,PHX,MIN,1.0663540038214347,True,,0.47082505196940394,401820338,3906753,8,11,0,True,False,matched,3.0,2025-09-28,under,0.19727331354498884,1.78125,0.78125,1.0,False,False,False
2463,7cb27efd8103e0990636fcbd68aa786c,177,Sami Whitcomb,samiwhitcomb,PHO,points,9.5,115.0,-165.0,33,33,2025-09-27 10:51:41+00:00,2025-09-27 10:51:41+00:00,2025-09-27 10:51:41+00:00,2025-09-29 00:00:00+00:00,0.0,2025-09-28,2025,PST,PHX,MIN,1.0877577885037297,True,,0.41756450654041355,401820338,887,11,8,1,True,False,matched,6.0,2025-09-28,under,0.08891385669155549,1.606060606060606,0.606060606060606,1.0,False,False,False
2463,d100f925ac6cda2ab8cfc1b233e3590d,128,Bridget Carleton,bridgetcarleton,PDX,rebounds,3.5,-185.0,130.0,33,33,2025-09-27 13:11:42+00:00,2025-09-27 13:11:42+00:00,2025-09-27 13:11:42+00:00,2025-09-29 00:00:00+00:00,0.0,2025-09-28,2025,PST,PHX,MIN,1.083905415713196,True,,0.6119415302438886,401820338,3906972,8,11,0,True,False,matched,3.0,2025-09-28,under,0.2794188280190031,2.3,1.2999999999999998,1.0,False,False,False
2463,c5afbefea9f87b3e3d733dabbe622993,45,DeWanna Bonner,dewannabonner,PHO,rebounds,4.5,-158.0,118.0,10,10,2025-09-27 17:04:46+00:00,2025-09-27 17:04:46+00:00,2025-09-27 17:04:46+00:00,2025-09-29 00:00:00+00:00,0.0,2025-09-28,2025,PST,PHX,MIN,1.0711186971054691,True,,0.5796527091990534,401820338,869,11,8,1,True,False,matched,6.0,2025-09-28,under,0.11182304939108162,2.1799999999999997,-1.0,1.0,False,False,False
2463,b1cc71c94d2d4bf2a824f2ba2060c5fc,121,Alanna Smith,alannasmith,DAL,rebounds,5.5,-125.0,-115.0,33,33,2025-09-27 22:10:57+00:00,2025-09-27 22:10:57+00:00,2025-09-27 22:10:57+00:00,2025-09-29 00:00:00+00:00,0.0,2025-09-28,2025,PST,PHX,MIN,1.0904392764857882,True,,0.5108317091649132,401820338,3913881,8,11,0,True,False,matched,8.0,2025-09-28,under,0.42314933527382015,1.8695652173913042,-1.0,1.0,False,False,False
2463,1aa860ca8892d9394ec9ffe6d24a4fa8,563,Monique Akoa Makani,moniqueakoamakani,PHO,assists,3.5,145.0,-205.0,13,13,2025-09-28 15:18:11+00:00,2025-09-28 15:18:11+00:00,2025-09-28 15:18:11+00:00,2025-09-29 00:00:00+00:00,0.0,2025-09-28,2025,PST,PHX,MIN,1.080294412847106,True,,0.36239392960245215,401820338,5274110,11,8,1,True,False,matched,2.0,2025-09-28,under,0.07559465663921833,1.4878048780487805,0.4878048780487805,1.0,False,False,False
2468,8d0944150610d81f2ccc9713f9a5d243,293,Odyssey Sims,odysseysims,DAL,threes,1.5,178.0,-250.0,36,36,2025-09-28 18:47:52+00:00,2025-09-28 18:47:52+00:00,2025-09-28 18:47:52+00:00,2025-09-28 19:00:00+00:00,0.0,2025-09-28,2025,PST,IND,LVA,1.0739979445015417,True,,0.3157250712043713,401820337,2529047,5,17,1,True,False,matched,1.0,2025-09-28,under,0.19216802017048132,1.4,0.3999999999999999,1.0,False,False,False
2469,9769fdfb21e6b941e07a4ccf882bc04f,71,Aliyah Boston,aliyahboston,IND,rebounds,9.5,-112.0,-118.0,10,10,2025-09-28 23:13:00+00:00,2025-09-28 23:13:00+00:00,2025-09-28 23:13:00+00:00,2025-10-01 01:30:00+00:00,0.0,2025-09-30,2025,PST,LVA,IND,1.0695862904621776,True,,0.49327872882454105,401820340,4432831,5,17,0,True,False,matched,16.0,2025-09-30,under,0.16741006512908163,1.847457627118644,-1.0,1.0,False,False,False
2469,fe411667f397917ab0d0e7d6f29a43ad,70,Kelsey Mitchell,kelseymitchell,IND,points,21.5,100.0,-130.0,10,10,2025-09-28 23:13:00+00:00,2025-09-28 23:13:00+00:00,2025-09-28 23:13:00+00:00,2025-10-01 01:30:00+00:00,0.0,2025-09-30,2025,PST,LVA,IND,1.065217391304348,True,,0.4663164946059025,401820340,3142191,5,17,0,True,False,matched,15.0,2025-09-30,under,0.1228018280521253,1.7692307692307692,0.7692307692307692,1.0,False,False,False
2469,f873e747645fcf39dc85ed9a0b334bb1,103,A'ja Wilson,ajawilson,LVA,points,25.5,-102.0,-128.0,10,10,2025-09-28 23:13:00+00:00,2025-09-28 23:13:00+00:00,2025-09-28 23:13:00+00:00,2025-10-01 01:30:00+00:00,0.0,2025-09-30,2025,PST,LVA,IND,1.0663540038214347,True,,0.47082505196940394,401820340,3149391,17,5,1,True,False,matched,35.0,2025-09-30,under,0.094223617300278,1.78125,-1.0,1.0,False,False,False
2469,0d317ab9772346b20f490a9dc535e550,102,Jackie Young,jackieyoung,LVA,points,16.5,-113.0,-115.0,10,10,2025-09-28 23:13:00+00:00,2025-09-28 23:13:00+00:00,2025-09-28 23:13:00+00:00,2025-10-01 01:30:00+00:00,0.0,2025-09-30,2025,PST,LVA,IND,1.0654001528551151,True,,0.49774423259931944,401820340,4065870,17,5,1,True,False,matched,32.0,2025-09-30,under,0.05848853072523158,1.8695652173913042,-1.0,1.0,False,False,False
2469,905e1a86901509ef066378e406532f82,76,Lexie Hull,lexiehull,IND,rebounds,4.5,-130.0,-102.0,10,10,2025-09-28 23:13:01+00:00,2025-09-28 23:13:01+00:00,2025-09-28 23:13:01+00:00,2025-10-01 01:30:00+00:00,0.0,2025-09-30,2025,PST,LVA,IND,1.0701678863538528,True,,0.5312123494364493,401820340,4398829,5,17,0,True,False,matched,7.0,2025-09-30,under,0.17216553644224436,1.9803921568627452,-1.0,1.0,False,False,False
2469,95950794d72f850a75d9f5679e311896,293,Odyssey Sims,odysseysims,DAL,points,9.5,-122.0,-106.0,10,10,2025-09-28 23:13:01+00:00,2025-09-28 23:13:01+00:00,2025-09-28 23:13:01+00:00,2025-10-01 01:30:00+00:00,0.0,2025-09-30,2025,PST,LVA,IND,1.064112656345666,True,,0.518058368553134,401820340,2529047,5,17,0,True,False,matched,27.0,2025-09-30,under,0.12784232874698348,1.9433962264150944,-1.0,1.0,False,False,False
2469,049fecf17062197753872e474f74b8f8,56,Natasha Howard,natashahoward,MIN,rebounds,5.5,-148.0,112.0,10,10,2025-09-28 23:13:01+00:00,2025-09-28 23:13:01+00:00,2025-09-28 23:13:01+00:00,2025-10-01 01:30:00+00:00,0.0,2025-09-30,2025,PST,LVA,IND,1.0684723067559343,True,,0.5647227530167998,401820340,2529130,5,17,0,True,False,matched,7.0,2025-09-30,under,0.09763106641599062,2.12,-1.0,1.0,False,False,False
2463,ce57decadc815236f68c72d343de9074,116,Jessica Shepard,jessicashepard,DAL,points,10.5,-114.0,-114.0,10,10,2025-09-28 23:39:54+00:00,2025-09-28 23:39:54+00:00,2025-09-28 23:39:54+00:00,2025-09-29 00:00:00+00:00,0.0,2025-09-28,2025,PST,PHX,MIN,1.0654205607476634,True,,0.5000000000000001,401820338,3906949,8,11,0,True,False,matched,14.0,2025-09-28,under,0.7213025635593001,1.8771929824561404,-1.0,1.0,False,False,False
2469,0a076b74973061a36913a06473992f4f,166,Jewell Loyd,jewellloyd,LVA,threes,1.5,124.0,-166.0,10,10,2025-09-29 03:08:55+00:00,2025-09-29 03:08:55+00:00,2025-09-29 03:08:55+00:00,2025-10-01 01:30:00+00:00,0.0,2025-09-30,2025,PST,LVA,IND,1.0704887218045114,True,,0.40796342297849103,401820340,2987869,17,5,1,True,False,matched,2.0,2025-09-30,over,0.24967924773137284,2.24,1.2400000000000002,1.0,False,False,False
2469,02e445c0cecbd921e4ed42069720587f,23,Dana Evans,danaevans,LVA,assists,3.5,140.0,-193.0,13,13,2025-09-30 17:16:06+00:00,2025-09-30 17:16:06+00:00,2025-09-30 17:16:06+00:00,2025-10-01 01:30:00+00:00,0.0,2025-09-30,2025,PST,LVA,IND,1.0753697383390215,True,,0.3742067407107211,401820340,4281190,17,5,1,True,False,matched,2.0,2025-09-30,under,0.17061425251623002,1.5181347150259068,0.5181347150259068,1.0,False,False,False
2470,123a1c38ec3a8535c8c439b579ac2c57,54,Satou Sabally,satousabally,NYL,rebounds,6.5,-135.0,105.0,19,19,2025-10-02 10:51:46+00:00,2025-10-02 10:51:46+00:00,2025-10-02 10:51:46+00:00,2025-10-04 00:00:00+00:00,0.0,2025-10-03,2025,PST,LVA,PHX,1.0622729631551635,True,,0.5446886059829622,401820322,4281929,11,17,0,True,False,matched,4.0,2025-10-03,under,0.22580157789352812,2.05,1.0499999999999998,1.0,False,False,False
2470,2d1e1cc0382c9c73a4200669d0cbbfc2,40,Alyssa Thomas,alyssathomas,PHO,rebounds,9.5,105.0,-135.0,19,19,2025-10-02 10:51:46+00:00,2025-10-02 10:51:46+00:00,2025-10-02 10:51:46+00:00,2025-10-04 00:00:00+00:00,0.0,2025-10-03,2025,PST,LVA,PHX,1.0622729631551635,True,,0.45531139401703796,401820322,2529140,11,17,0,True,False,matched,10.0,2025-10-03,under,0.13598279870619756,1.7407407407407407,-1.0,1.0,False,False,False
2470,c4b74254750270824a4eededd3ed7922,73,NaLyssa Smith,nalyssasmith,LVA,rebounds,5.5,-105.0,-125.0,19,19,2025-10-02 10:51:46+00:00,2025-10-02 10:51:46+00:00,2025-10-02 10:51:46+00:00,2025-10-04 00:00:00+00:00,0.0,2025-10-03,2025,PST,LVA,PHX,1.067750677506775,True,,0.47757418034290006,401820322,4398776,17,11,1,True,False,matched,6.0,2025-10-03,under,0.1100731556372922,1.8,-1.0,1.0,False,False,False
2470,4189d05ec82818cf2d5e3c759ce40228,45,DeWanna Bonner,dewannabonner,PHO,points,8.5,-115.0,-115.0,19,19,2025-10-02 10:51:46+00:00,2025-10-02 10:51:46+00:00,2025-10-02 10:51:46+00:00,2025-10-04 00:00:00+00:00,0.0,2025-10-03,2025,PST,LVA,PHX,1.0697674418604652,True,,0.5,401820322,869,11,17,0,True,False,matched,10.0,2025-10-03,under,0.10904577702154833,1.8695652173913042,-1.0,1.0,False,False,False
2470,4eb61104cf9c44def96daeb50147e8f8,107,Chelsea Gray,chelseagray,LVA,rebounds,3.5,135.0,-175.0,19,19,2025-10-02 10:51:46+00:00,2025-10-02 10:51:46+00:00,2025-10-02 10:51:46+00:00,2025-10-04 00:00:00+00:00,0.0,2025-10-03,2025,PST,LVA,PHX,1.0618955512572534,True,,0.39127333035817086,401820322,2529122,17,11,1,True,False,matched,7.0,2025-10-03,over,0.10472226397748075,2.35,1.35,1.0,False,False,False
2470,60e98f5833ed001b5203b53371cb824b,155,Kahleah Copper,kahleahcopper,PHO,rebounds,3.5,-105.0,-125.0,19,19,2025-10-02 10:51:46+00:00,2025-10-02 10:51:46+00:00,2025-10-02 10:51:46+00:00,2025-10-04 00:00:00+00:00,0.0,2025-10-03,2025,PST,LVA,PHX,1.067750677506775,True,,0.47757418034290006,401820322,2998938,11,17,0,True,False,matched,4.0,2025-10-03,under,0.1019625808457073,1.8,-1.0,1.0,False,False,False
2470,5b31279dbbe9d1dc20ea6daf1a92ce2e,166,Jewell Loyd,jewellloyd,LVA,threes,1.5,105.0,-135.0,19,19,2025-10-02 10:51:47+00:00,2025-10-02 10:51:47+00:00,2025-10-02 10:51:47+00:00,2025-10-04 00:00:00+00:00,0.0,2025-10-03,2025,PST,LVA,PHX,1.0622729631551635,True,,0.45531139401703796,401820322,2987869,17,11,1,True,False,matched,2.0,2025-10-03,over,0.12046874736500757,2.05,1.0499999999999998,1.0,False,False,False
2470,129bdd1c118b289ad8b7a64cd9145490,177,Sami Whitcomb,samiwhitcomb,PHO,threes,1.5,-130.0,100.0,19,19,2025-10-02 10:51:47+00:00,2025-10-02 10:51:47+00:00,2025-10-02 10:51:47+00:00,2025-10-04 00:00:00+00:00,0.0,2025-10-03,2025,PST,LVA,PHX,1.065217391304348,True,,0.5336835053940976,401820322,887,11,17,0,True,False,matched,2.0,2025-10-03,under,0.052845119246849925,2.0,-1.0,1.0,False,False,False
2470,e51ca11d7686fceea6ccd16002249207,103,A'ja Wilson,ajawilson,LVA,rebounds,10.5,-132.0,100.0,10,10,2025-10-02 10:52:01+00:00,2025-10-02 10:52:01+00:00,2025-10-02 10:52:01+00:00,2025-10-04 00:00:00+00:00,0.0,2025-10-03,2025,PST,LVA,PHX,1.0689655172413794,True,,0.5356937238338165,401820322,3149391,17,11,1,True,False,matched,10.0,2025-10-03,under,0.06670483263252291,2.0,1.0,1.0,False,False,False
2470,8b8657d1a346c26801da0212e6d1f69d,102,Jackie Young,jackieyoung,LVA,assists,5.5,114.0,-152.0,10,10,2025-10-02 10:52:02+00:00,2025-10-02 10:52:02+00:00,2025-10-02 10:52:02+00:00,2025-10-04 00:00:00+00:00,0.0,2025-10-03,2025,PST,LVA,PHX,1.0704643228007713,True,,0.42960347247450675,401820322,4065870,17,11,1,True,False,matched,5.0,2025-10-03,over,0.22781630441834483,2.1399999999999997,-1.0,1.0,False,False,False
2471,bac4a9a05458361492cc87addecab9fc,155,Kahleah Copper,kahleahcopper,PHO,points,16.5,-120.0,-108.0,10,10,2025-10-04 02:20:57+00:00,2025-10-04 02:20:57+00:00,2025-10-04 02:20:57+00:00,2025-10-05 19:00:00+00:00,0.0,2025-10-05,2025,PST,LVA,PHX,1.0646853146853146,True,,0.5135396953663074,401820325,2998938,11,17,0,True,False,matched,23.0,2025-10-05,under,0.24712588092472798,1.925925925925926,-1.0,1.0,False,False,False
2471,a5fa17b40e72561d6f7b25f6a71f5c2c,54,Satou Sabally,satousabally,NYL,points,16.5,-120.0,-108.0,10,10,2025-10-04 02:20:57+00:00,2025-10-04 02:20:57+00:00,2025-10-04 02:20:57+00:00,2025-10-05 19:00:00+00:00,0.0,2025-10-05,2025,PST,LVA,PHX,1.0646853146853146,True,,0.5135396953663074,401820325,4281929,11,17,0,True,False,matched,22.0,2025-10-05,under,0.13792049429896447,1.925925925925926,-1.0,1.0,False,False,False
2471,a03253c4180124fd56154569a5580814,45,DeWanna Bonner,dewannabonner,PHO,rebounds,6.5,100.0,-132.0,10,10,2025-10-04 02:20:58+00:00,2025-10-04 02:20:58+00:00,2025-10-04 02:20:58+00:00,2025-10-05 19:00:00+00:00,0.0,2025-10-05,2025,PST,LVA,PHX,1.0689655172413794,True,,0.46430627616618364,401820325,869,11,17,0,True,False,matched,0.0,2025-10-05,under,0.30546932920682446,1.7575757575757576,0.7575757575757576,1.0,False,False,False
2471,9a209a024d6d7046fa0b07eeee9c8bb0,103,A'ja Wilson,ajawilson,LVA,threes,0.5,-152.0,114.0,10,10,2025-10-04 02:20:58+00:00,2025-10-04 02:20:58+00:00,2025-10-04 02:20:58+00:00,2025-10-05 19:00:00+00:00,0.0,2025-10-05,2025,PST,LVA,PHX,1.0704643228007713,True,,0.5703965275254933,401820325,3149391,17,11,1,True,False,matched,0.0,2025-10-05,under,0.13604297634550383,2.1399999999999997,1.1399999999999997,1.0,False,False,False
2471,8df9cc0999c4eeb2a64e7e7290ef4dc7,102,Jackie Young,jackieyoung,LVA,assists,5.5,-102.0,-130.0,10,10,2025-10-04 02:20:58+00:00,2025-10-04 02:20:58+00:00,2025-10-04 02:20:58+00:00,2025-10-05 19:00:00+00:00,0.0,2025-10-05,2025,PST,LVA,PHX,1.0701678863538528,True,,0.46878765056355093,401820325,4065870,17,11,1,True,False,matched,2.0,2025-10-05,over,0.13113464154032706,1.9803921568627452,-1.0,1.0,False,False,False
2471,1c82a46984084468a0d2da6f410ca9ad,40,Alyssa Thomas,alyssathomas,PHO,rebounds,9.5,104.0,-138.0,10,10,2025-10-04 02:20:58+00:00,2025-10-04 02:20:58+00:00,2025-10-04 02:20:58+00:00,2025-10-05 19:00:00+00:00,0.0,2025-10-05,2025,PST,LVA,PHX,1.0700280112044818,True,,0.4535791638529251,401820325,2529140,11,17,0,True,False,matched,6.0,2025-10-05,under,0.12770204606732077,1.7246376811594204,0.7246376811594204,1.0,False,False,False
2471,75c1a036384a90c610b9b055f89968df,166,Jewell Loyd,jewellloyd,LVA,points,9.5,-130.0,100.0,10,10,2025-10-04 02:20:59+00:00,2025-10-04 02:20:59+00:00,2025-10-04 02:20:59+00:00,2025-10-05 19:00:00+00:00,0.0,2025-10-05,2025,PST,LVA,PHX,1.065217391304348,True,,0.5336835053940976,401820325,2987869,17,11,1,True,False,matched,9.0,2025-10-05,under,0.25470729195897523,2.0,1.0,1.0,False,False,False
2471,679509bca4349ef62a0898ef2a70151c,23,Dana Evans,danaevans,LVA,threes,1.5,114.0,-152.0,10,10,2025-10-04 02:31:59+00:00,2025-10-04 02:31:59+00:00,2025-10-04 02:31:59+00:00,2025-10-05 19:00:00+00:00,0.0,2025-10-05,2025,PST,LVA,PHX,1.0704643228007713,True,,0.42960347247450675,401820325,4281190,17,11,1,True,False,matched,1.0,2025-10-05,under,0.3253209925628006,1.6578947368421053,0.6578947368421053,1.0,False,False,False
2471,0abce0cdca6361650b430e1040619c7e,73,NaLyssa Smith,nalyssasmith,LVA,points,6.5,-110.0,-118.0,10,10,2025-10-04 03:38:20+00:00,2025-10-04 03:38:20+00:00,2025-10-04 03:38:20+00:00,2025-10-05 19:00:00+00:00,0.0,2025-10-05,2025,PST,LVA,PHX,1.0650939274792486,True,,0.4909754767731684,401820325,4398776,17,11,1,True,False,matched,3.0,2025-10-05,over,0.09517727315729874,1.9090909090909092,-1.0,1.0,False,False,False
2472,012c0a3f2929afa5fa8620c1ffd901a9,103,A'ja Wilson,ajawilson,LVA,threes,0.5,-166.0,124.0,10,10,2025-10-05 21:14:56+00:00,2025-10-05 21:14:56+00:00,2025-10-05 21:14:56+00:00,2025-10-09 00:00:00+00:00,0.0,2025-10-08,2025,PST,PHX,LVA,1.0704887218045114,True,,0.5920365770215091,401820326,3149391,17,11,0,True,False,matched,1.0,2025-10-08,under,0.24160031757651523,2.24,-1.0,1.0,False,False,False
2472,34d6f94ad02bc3cd247c63f8fd2323e0,155,Kahleah Copper,kahleahcopper,PHO,assists,2.5,148.0,-200.0,10,10,2025-10-05 21:14:56+00:00,2025-10-05 21:14:56+00:00,2025-10-05 21:14:56+00:00,2025-10-09 00:00:00+00:00,0.0,2025-10-08,2025,PST,PHX,LVA,1.0698924731182795,True,,0.3634985050458517,401820326,2998938,11,17,1,True,False,matched,0.0,2025-10-08,under,0.20210611282417337,1.5,0.5,1.0,False,False,False
2472,e8ba794520c7bcda535673c648e07c13,54,Satou Sabally,satousabally,NYL,points,17.5,-120.0,-108.0,10,10,2025-10-05 21:14:56+00:00,2025-10-05 21:14:56+00:00,2025-10-05 21:14:56+00:00,2025-10-09 00:00:00+00:00,0.0,2025-10-08,2025,PST,PHX,LVA,1.0646853146853146,True,,0.5135396953663074,401820326,4281929,11,17,1,True,False,matched,24.0,2025-10-08,under,0.18964761666826874,1.925925925925926,-1.0,1.0,False,False,False
2472,ad6ff74dc2505b776eaaa60a6a082b65,107,Chelsea Gray,chelseagray,LVA,threes,1.5,188.0,-260.0,10,10,2025-10-05 21:14:56+00:00,2025-10-05 21:14:56+00:00,2025-10-05 21:14:56+00:00,2025-10-09 00:00:00+00:00,0.0,2025-10-08,2025,PST,PHX,LVA,1.0694444444444444,True,,0.30559904235364327,401820326,2529122,17,11,0,True,False,matched,1.0,2025-10-08,over,0.1672386389381849,2.88,-1.0,1.0,False,False,False
2472,835676d85c32c6a1b271a49d868abe35,40,Alyssa Thomas,alyssathomas,PHO,rebounds,9.5,100.0,-132.0,10,10,2025-10-05 21:14:56+00:00,2025-10-05 21:14:56+00:00,2025-10-05 21:14:56+00:00,2025-10-09 00:00:00+00:00,0.0,2025-10-08,2025,PST,PHX,LVA,1.0689655172413794,True,,0.46430627616618364,401820326,2529140,11,17,1,True,False,matched,12.0,2025-10-08,under,0.09520482715112477,1.7575757575757576,-1.0,1.0,False,False,False
2472,4ec816486baa526c14e3a395bc6ceeeb,23,Dana Evans,danaevans,LVA,assists,2.5,-138.0,104.0,10,10,2025-10-05 21:14:56+00:00,2025-10-05 21:14:56+00:00,2025-10-05 21:14:56+00:00,2025-10-09 00:00:00+00:00,0.0,2025-10-08,2025,PST,PHX,LVA,1.0700280112044818,True,,0.5464208361470752,401820326,4281190,17,11,0,True,False,matched,1.0,2025-10-08,under,0.07455780346239993,2.04,1.04,1.0,False,False,False
2472,080f60fc35a4f90535b7f2d3d502b983,166,Jewell Loyd,jewellloyd,LVA,points,9.5,-115.0,-113.0,10,10,2025-10-05 21:14:56+00:00,2025-10-05 21:14:56+00:00,2025-10-05 21:14:56+00:00,2025-10-09 00:00:00+00:00,0.0,2025-10-08,2025,PST,PHX,LVA,1.0654001528551151,True,,0.5022557674006809,401820326,2987869,17,11,0,True,False,matched,16.0,2025-10-08,under,0.07085255937097773,1.8849557522123894,-1.0,1.0,False,False,False
2472,227a2fe9fbd7c19076501467d81058df,45,DeWanna Bonner,dewannabonner,PHO,rebounds,5.5,-148.0,112.0,10,10,2025-10-05 21:14:57+00:00,2025-10-05 21:14:57+00:00,2025-10-05 21:14:57+00:00,2025-10-09 00:00:00+00:00,0.0,2025-10-08,2025,PST,PHX,LVA,1.0684723067559343,True,,0.5647227530167998,401820326,869,11,17,1,True,False,matched,10.0,2025-10-08,under,0.2333536970593177,2.12,-1.0,1.0,False,False,False
2472,1465349bb13c9a19741ad9be792ad514,102,Jackie Young,jackieyoung,LVA,assists,5.5,128.0,-172.0,10,10,2025-10-05 21:14:57+00:00,2025-10-05 21:14:57+00:00,2025-10-05 21:14:57+00:00,2025-10-09 00:00:00+00:00,0.0,2025-10-08,2025,PST,PHX,LVA,1.0709494324045408,True,,0.39957653069922067,401820326,4065870,17,11,0,True,False,matched,9.0,2025-10-08,over,0.10981475790406059,2.2800000000000002,1.2800000000000002,1.0,False,False,False
2472,0e123c452558fd9dacad5e1114e8fe17,73,NaLyssa Smith,nalyssasmith,LVA,rebounds,4.5,-138.0,104.0,10,10,2025-10-05 21:14:58+00:00,2025-10-05 21:14:58+00:00,2025-10-05 21:14:58+00:00,2025-10-09 00:00:00+00:00,0.0,2025-10-08,2025,PST,PHX,LVA,1.0700280112044818,True,,0.5464208361470752,401820326,4398776,17,11,0,True,False,matched,7.0,2025-10-08,under,0.07951269399274391,2.04,-1.0,1.0,False,False,False
2472,e8a20b78a45014a303a6397a23c2e842,563,Monique Akoa Makani,moniqueakoamakani,LAS,points,6.5,-125.0,-105.0,12,12,2025-10-05 22:36:56+00:00,2025-10-05 22:36:56+00:00,2025-10-05 22:36:56+00:00,2025-10-09 00:00:00+00:00,0.0,2025-10-08,2025,PST,PHX,LVA,1.067750677506775,True,,0.5224258196571001,401820326,5274110,11,17,1,True,False,matched,6.0,2025-10-08,under,0.05521237388404315,1.9523809523809523,0.9523809523809523,1.0,False,False,False
2472,edb77cea629e0fbafa01ccbd6fd83004,177,Sami Whitcomb,samiwhitcomb,PHO,rebounds,2.5,-167.0,123.0,36,36,2025-10-05 23:00:36+00:00,2025-10-05 23:00:36+00:00,2025-10-05 23:00:36+00:00,2025-10-09 00:00:00+00:00,0.0,2025-10-08,2025,PST,PHX,LVA,1.0738986580675502,True,,0.5919069228017925,401820326,887,11,17,1,True,False,matched,1.0,2025-10-08,under,0.43496871015567323,2.23,1.23,1.0,False,False,False
2473,ba7b806263264083a729e75549bf4610,45,DeWanna Bonner,dewannabonner,PHO,points,14.5,-110.0,-118.0,10,10,2025-10-09 02:42:39+00:00,2025-10-09 02:42:39+00:00,2025-10-09 02:42:39+00:00,2025-10-11 00:00:00+00:00,0.0,2025-10-10,2025,PST,PHX,LVA,1.0650939274792486,True,,0.4909754767731684,401820329,869,11,17,1,True,False,matched,10.0,2025-10-10,under,0.5975826715079599,1.847457627118644,0.847457627118644,1.0,False,False,False
2473,91ab5dea5c05496b6d2b4c4c5c533279,103,A'ja Wilson,ajawilson,LVA,assists,3.5,-114.0,-114.0,10,10,2025-10-09 02:42:39+00:00,2025-10-09 02:42:39+00:00,2025-10-09 02:42:39+00:00,2025-10-11 00:00:00+00:00,0.0,2025-10-10,2025,PST,PHX,LVA,1.0654205607476634,True,,0.5000000000000001,401820329,3149391,17,11,0,True,False,matched,4.0,2025-10-10,under,0.24495386869598135,1.8771929824561404,-1.0,1.0,False,False,False
2473,8ed070920fa784f753561adc06d3c195,102,Jackie Young,jackieyoung,LVA,assists,5.5,-130.0,-102.0,10,10,2025-10-09 02:42:39+00:00,2025-10-09 02:42:39+00:00,2025-10-09 02:42:39+00:00,2025-10-11 00:00:00+00:00,0.0,2025-10-10,2025,PST,PHX,LVA,1.0701678863538528,True,,0.5312123494364493,401820329,4065870,17,11,0,True,False,matched,8.0,2025-10-10,under,0.0684848097743348,1.9803921568627452,-1.0,1.0,False,False,False
2473,bbe0ed88bf62d276cf1123f435824eea,107,Chelsea Gray,chelseagray,LVA,points,10.5,-114.0,-114.0,10,10,2025-10-09 02:42:39+00:00,2025-10-09 02:42:39+00:00,2025-10-09 02:42:39+00:00,2025-10-11 00:00:00+00:00,0.0,2025-10-10,2025,PST,PHX,LVA,1.0654205607476634,True,,0.5000000000000001,401820329,2529122,17,11,0,True,False,matched,18.0,2025-10-10,under,0.061567244572737434,1.8771929824561404,-1.0,1.0,False,False,False
2473,da55aef12f191b937eae3e74a34a3bda,155,Kahleah Copper,kahleahcopper,PHO,assists,2.5,158.0,-215.0,10,10,2025-10-09 02:42:40+00:00,2025-10-09 02:42:40+00:00,2025-10-09 02:42:40+00:00,2025-10-11 00:00:00+00:00,0.0,2025-10-10,2025,PST,PHX,LVA,1.0701365817644888,True,,0.347126998954303,401820329,2998938,11,17,1,True,False,matched,1.0,2025-10-10,under,0.22596251746990775,1.4651162790697674,0.4651162790697674,1.0,False,False,False
2473,0bddb04e411db9d4bff790efa0e49acf,40,Alyssa Thomas,alyssathomas,PHO,points,16.5,-106.0,-122.0,10,10,2025-10-09 02:42:40+00:00,2025-10-09 02:42:40+00:00,2025-10-09 02:42:40+00:00,2025-10-11 00:00:00+00:00,0.0,2025-10-10,2025,PST,PHX,LVA,1.064112656345666,True,,0.4819416314468661,401820329,2529140,11,17,1,True,False,matched,17.0,2025-10-10,under,0.18872916835729558,1.819672131147541,-1.0,1.0,False,False,False
2473,3e598917b814c06707f4132f16313421,166,Jewell Loyd,jewellloyd,LVA,points,10.5,104.0,-135.0,10,10,2025-10-09 02:42:40+00:00,2025-10-09 02:42:40+00:00,2025-10-09 02:42:40+00:00,2025-10-11 00:00:00+00:00,0.0,2025-10-10,2025,PST,PHX,LVA,1.0646641635377556,True,,0.45648742045938223,401820329,2987869,17,11,0,True,False,matched,12.0,2025-10-10,under,0.1294800607074721,1.7407407407407407,-1.0,1.0,False,False,False
2473,1a301a661cb639b9bf7941202c9a5783,23,Dana Evans,danaevans,LVA,assists,3.5,150.0,-209.0,13,13,2025-10-09 13:41:39+00:00,2025-10-09 13:41:39+00:00,2025-10-09 13:41:39+00:00,2025-10-11 00:00:00+00:00,0.0,2025-10-10,2025,PST,PHX,LVA,1.0763754045307443,True,,0.35624668921251096,401820329,4281190,17,11,0,True,False,matched,2.0,2025-10-10,under,0.11647241730742205,1.4784688995215312,0.47846889952153115,1.0,False,False,False
2473,86267b445e4dab8f6aba4838d8c30a10,177,Sami Whitcomb,samiwhitcomb,PHO,rebounds,2.5,-146.0,110.0,10,10,2025-10-09 22:08:41+00:00,2025-10-09 22:08:41+00:00,2025-10-09 22:08:41+00:00,2025-10-11 00:00:00+00:00,0.0,2025-10-10,2025,PST,PHX,LVA,1.0696864111498257,True,,0.5607420039050215,401820329,887,11,17,1,True,False,matched,0.0,2025-10-10,under,0.44693187867914064,2.1,1.1,1.0,False,False,False
2473,8b07c710c0d745210df13a44532f7e29,563,Monique Akoa Makani,moniqueakoamakani,PHO,rebounds,3.5,160.0,-225.0,13,13,2025-10-10 13:04:16+00:00,2025-10-10 13:04:16+00:00,2025-10-10 13:04:16+00:00,2025-10-11 00:00:00+00:00,0.0,2025-10-10,2025,PST,PHX,LVA,1.0769230769230769,True,,0.3398716205474144,401820329,5274110,11,17,1,True,False,matched,5.0,2025-10-10,under,0.1388857894521596,1.4444444444444444,-1.0,1.0,False,False,False
