event_id,offer_id,bp_player_id,player,normalized_player,bp_player_team,market,open_line,open_over,open_under,open_book,open_book_under,open_created_over,open_created_under,forecast_at,tip_at,pair_skew_seconds,date,season,season_type,event_home,event_away,open_booksum,open_coherent,rejection_reasons,p_open,game_id,athlete_id,team_id,opponent_team_id,home,matched,void,match_reason,actual,game_date,side,claimed_ev,decimal_odds,profit,settled_stake,is_push,is_void,is_unresolved
2147,21b2bc5b-dd0a-4152-a03c-bc0cbf39550b,112,Napheesa Collier,napheesacollier,MIN,assists,3.5,-118.0,-112.0,10,10,2025-05-13 13:58:15+00:00,2025-05-13 13:58:15+00:00,2025-05-13 13:58:15+00:00,2025-05-16 23:30:00+00:00,0.0,2025-05-16,2025,REG,DAL,MIN,1.0695862904621776,True,,0.5067212711754592,401736113,3917450,8,3,0,True,False,matched,4.0,2025-05-16,under,0.18732090437397803,1.8928571428571428,-1.0,1.0,False,False,False
2146,4b04f15f-0d91-40ed-bbb9-38ee89212cb2,15,Rhyne Howard,rhynehoward,ATL,points,17.5,-130.0,100.0,19,19,2025-05-14 15:10:14+00:00,2025-05-14 15:10:14+00:00,2025-05-14 15:10:14+00:00,2025-05-16 23:30:00+00:00,0.0,2025-05-16,2025,REG,WAS,ATL,1.065217391304348,True,,0.5336835053940976,401736112,4398674,20,16,0,True,False,matched,11.0,2025-05-16,under,0.20141520137879937,2.0,1.0,1.0,False,False,False
2149,a3bad779-7ba0-4462-854d-9b2ff794867e,132,Sabrina Ionescu,sabrinaionescu,NYL,points,18.5,-110.0,-120.0,19,19,2025-05-14 15:24:14+00:00,2025-05-14 15:24:14+00:00,2025-05-14 15:24:14+00:00,2025-05-17 17:00:00+00:00,0.0,2025-05-17,2025,REG,NYL,LVA,1.0692640692640691,True,,0.4887959885212434,401736116,4066533,9,17,1,True,False,matched,8.0,2025-05-17,under,0.2553539387249369,1.8333333333333335,0.8333333333333335,1.0,False,False,False
2149,29ade203-e4fa-4383-960c-6323cb70cecd,102,Jackie Young,jackieyoung,LVA,points,15.5,-105.0,-125.0,19,19,2025-05-14 15:24:14+00:00,2025-05-14 15:24:14+00:00,2025-05-14 15:24:14+00:00,2025-05-17 17:00:00+00:00,0.0,2025-05-17,2025,REG,NYL,LVA,1.067750677506775,True,,0.47757418034290006,401736116,4065870,17,9,0,True,False,matched,16.0,2025-05-17,under,0.24242583965586995,1.8,-1.0,1.0,False,False,False
2149,cf8b1cc4-7e08-44c9-bab4-a03b8b6a0766,103,A'ja Wilson,ajawilson,LVA,points,25.5,-110.0,-120.0,19,19,2025-05-14 15:24:14+00:00,2025-05-14 15:24:14+00:00,2025-05-14 15:24:14+00:00,2025-05-17 17:00:00+00:00,0.0,2025-05-17,2025,REG,NYL,LVA,1.0692640692640691,True,,0.4887959885212434,401736116,3149391,17,9,0,True,False,matched,31.0,2025-05-17,under,0.20325929290261396,1.8333333333333335,-1.0,1.0,False,False,False
2149,04845953-d4b7-4f38-bbf1-d6b623af118a,137,Breanna Stewart,breannastewart,NYL,points,20.5,-125.0,-105.0,19,19,2025-05-14 15:24:14+00:00,2025-05-14 15:24:14+00:00,2025-05-14 15:24:14+00:00,2025-05-17 17:00:00+00:00,0.0,2025-05-17,2025,REG,NYL,LVA,1.067750677506775,True,,0.5224258196571001,401736116,2998928,9,17,1,True,False,matched,25.0,2025-05-17,under,0.20199085074554735,1.9523809523809523,-1.0,1.0,False,False,False
2150,1bb82e5e-7644-4627-a182-695eeab26462,68,Caitlin Clark,caitlinclark,IND,points,21.5,-125.0,-105.0,19,19,2025-05-14 15:24:15+00:00,2025-05-14 15:24:15+00:00,2025-05-14 15:24:15+00:00,2025-05-17 19:00:00+00:00,0.0,2025-05-17,2025,REG,IND,CHI,1.067750677506775,True,,0.5224258196571001,401736115,4433403,5,19,1,True,False,matched,20.0,2025-05-17,under,0.200017075087272,1.9523809523809523,0.9523809523809523,1.0,False,False,False
2150,8a5fb64b-9386-4720-b847-548ce6d42af1,26,Angel Reese,angelreese,ATL,points,14.5,-120.0,-110.0,19,19,2025-05-14 15:24:15+00:00,2025-05-14 15:24:15+00:00,2025-05-14 15:24:15+00:00,2025-05-17 19:00:00+00:00,0.0,2025-05-17,2025,REG,IND,CHI,1.0692640692640691,True,,0.5112040114787568,401736115,4433402,19,5,0,True,False,matched,12.0,2025-05-17,under,0.10050556682852624,1.9090909090909092,0.9090909090909092,1.0,False,False,False
2150,a893c99d-9048-4261-9e27-5667bf2a92a7,30,Kamilla Cardoso,kamillacardoso,CHI,points,10.5,-128.0,-102.0,10,10,2025-05-14 16:50:40+00:00,2025-05-14 16:50:40+00:00,2025-05-14 16:50:40+00:00,2025-05-17 19:00:00+00:00,0.0,2025-05-17,2025,REG,IND,CHI,1.0663540038214347,True,,0.5291749480305961,401736115,4433405,19,5,0,True,False,matched,7.0,2025-05-17,under,0.1256205997837203,1.9803921568627452,0.9803921568627452,1.0,False,False,False
2146,50e69cc2-0509-4ab3-ad57-16cee75fcf27,1,Allisha Gray,allishagray,ATL,assists,2.5,-150.0,120.0,24,24,2025-05-14 17:10:28+00:00,2025-05-14 17:10:28+00:00,2025-05-14 17:10:28+00:00,2025-05-16 23:30:00+00:00,0.0,2025-05-16,2025,REG,WAS,ATL,1.0545454545454547,True,,0.5746986093321318,401736112,3058901,20,16,0,True,False,matched,7.0,2025-05-16,under,0.11127611889834976,2.2,-1.0,1.0,False,False,False
2146,ef9fc660-24ca-4a80-a801-fd7a4b01ec30,149,Sug Sutton,sugsutton,DAL,assists,4.5,-115.0,-115.0,24,24,2025-05-14 17:32:34+00:00,2025-05-14 17:32:34+00:00,2025-05-14 17:32:34+00:00,2025-05-16 23:30:00+00:00,0.0,2025-05-16,2025,REG,WAS,ATL,1.0697674418604652,True,,0.5,401736112,4068159,16,20,1,True,False,matched,2.0,2025-05-16,under,0.7567723373357509,1.8695652173913042,0.8695652173913042,1.0,False,False,False
2146,e6a6b4ff-a015-4d24-9e43-e39a95377bbe,170,Jade Melbourne,jademelbourne,SEA,assists,2.5,-150.0,120.0,24,24,2025-05-14 17:32:34+00:00,2025-05-14 17:32:34+00:00,2025-05-14 17:32:34+00:00,2025-05-16 23:30:00+00:00,0.0,2025-05-16,2025,REG,WAS,ATL,1.0545454545454547,True,,0.5746986093321318,401736112,5017726,16,20,1,True,False,matched,1.0,2025-05-16,under,0.662885156969057,2.2,1.2000000000000002,1.0,False,False,False
2146,47a70e40-b05d-4ec8-b4af-597bcb67d368,191,Emily Engstler,emilyengstler,PDX,assists,2.5,-150.0,120.0,24,24,2025-05-14 17:32:34+00:00,2025-05-14 17:32:34+00:00,2025-05-14 17:32:34+00:00,2025-05-16 23:30:00+00:00,0.0,2025-05-16,2025,REG,WAS,ATL,1.0545454545454547,True,,0.5746986093321318,401736112,4398729,16,20,1,True,False,matched,1.0,2025-05-16,under,0.47229871232947673,2.2,1.2000000000000002,1.0,False,False,False
2146,9545fbbc-7580-4f2a-855c-771d99b1de7c,182,Brittney Sykes,brittneysykes,TOR,assists,3.5,-135.0,105.0,24,24,2025-05-14 17:32:34+00:00,2025-05-14 17:32:34+00:00,2025-05-14 17:32:34+00:00,2025-05-16 23:30:00+00:00,0.0,2025-05-16,2025,REG,WAS,ATL,1.0622729631551635,True,,0.5446886059829622,401736112,2988756,16,20,1,True,False,matched,5.0,2025-05-16,under,0.3661171520590083,2.05,-1.0,1.0,False,False,False
2146,9a605e8b-7fd6-4c0e-b4f4-208a75a1a48b,189,Stefanie Dolson,stefaniedolson,SEA,assists,2.5,-115.0,-115.0,24,24,2025-05-14 17:32:34+00:00,2025-05-14 17:32:34+00:00,2025-05-14 17:32:34+00:00,2025-05-16 23:30:00+00:00,0.0,2025-05-16,2025,REG,WAS,ATL,1.0697674418604652,True,,0.5,401736112,2529183,16,20,1,True,False,matched,3.0,2025-05-16,under,0.167856738886426,1.8695652173913042,-1.0,1.0,False,False,False
2149,c211fc04-c37e-433f-bff6-39ecffe70f6f,141,Jonquel Jones,jonqueljones,NYL,rebounds,8.5,-130.0,-102.0,10,10,2025-05-14 17:45:36+00:00,2025-05-14 17:45:36+00:00,2025-05-14 17:45:36+00:00,2025-05-17 17:00:00+00:00,0.0,2025-05-17,2025,REG,NYL,LVA,1.0701678863538528,True,,0.5312123494364493,401736116,2999101,9,17,1,True,False,matched,10.0,2025-05-17,under,0.13825420267410365,1.9803921568627452,-1.0,1.0,False,False,False
2147,72424617-d997-4730-95b7-067dc2554f53,116,Jessica Shepard,jessicashepard,DAL,rebounds,7.5,120.0,-160.0,10,10,2025-05-16 01:01:08+00:00,2025-05-16 01:01:08+00:00,2025-05-16 01:01:08+00:00,2025-05-16 23:30:00+00:00,0.0,2025-05-16,2025,REG,DAL,MIN,1.06993006993007,True,,0.41669493857595097,401736113,3906949,8,3,0,True,False,matched,8.0,2025-05-16,under,0.2090246843350967,1.625,-1.0,1.0,False,False,False
2149,cbd86a0d-e593-40af-9cc2-fa84b1875e69,147,Leonie Fiebich,leoniefiebich,NYL,threes,1.5,-186.0,138.0,10,10,2025-05-16 04:40:52+00:00,2025-05-16 04:40:52+00:00,2025-05-16 04:40:52+00:00,2025-05-17 17:00:00+00:00,0.0,2025-05-17,2025,REG,NYL,LVA,1.070517717576541,True,,0.6192913524286012,401736116,4683006,9,17,1,True,False,matched,0.0,2025-05-17,under,0.12733371341963784,2.38,1.38,1.0,False,False,False
2150,e9db1e06-7ed2-4a36-aef8-fefb7074b591,70,Kelsey Mitchell,kelseymitchell,IND,rebounds,2.5,-130.0,100.0,33,33,2025-05-17 07:25:30+00:00,2025-05-17 07:25:30+00:00,2025-05-17 07:25:30+00:00,2025-05-17 19:00:00+00:00,0.0,2025-05-17,2025,REG,IND,CHI,1.065217391304348,True,,0.5336835053940976,401736115,3142191,5,19,1,True,False,matched,1.0,2025-05-17,under,0.16113590632559172,2.0,1.0,1.0,False,False,False
2149,2422abd8-34dc-4f17-9132-477f0f1285b7,108,Kiah Stokes,kiahstokes,GSV,rebounds,6.5,-120.0,-120.0,49,49,2025-05-17 14:15:55+00:00,2025-05-17 14:15:55+00:00,2025-05-17 14:15:55+00:00,2025-05-17 17:00:00+00:00,0.0,2025-05-17,2025,REG,NYL,LVA,1.0909090909090908,True,,0.5,401736116,2590093,17,9,0,True,False,matched,7.0,2025-05-17,under,0.5547548321173804,1.8333333333333335,-1.0,1.0,False,False,False
2149,887fd7a4-85ad-4b45-bd10-c4e224b7d4d8,107,Chelsea Gray,chelseagray,LVA,rebounds,3.5,-125.0,-105.0,33,33,2025-05-17 15:18:38+00:00,2025-05-17 15:18:38+00:00,2025-05-17 15:18:38+00:00,2025-05-17 17:00:00+00:00,0.0,2025-05-17,2025,REG,NYL,LVA,1.067750677506775,True,,0.5224258196571001,401736116,2529122,17,9,0,True,False,matched,3.0,2025-05-17,under,0.30793608685205026,1.9523809523809523,0.9523809523809523,1.0,False,False,False
2152,91059397-d777-40e5-8f9f-546459796a7e,182,Brittney Sykes,brittneysykes,TOR,assists,3.5,-154.0,116.0,10,10,2025-05-17 23:23:58+00:00,2025-05-17 23:23:58+00:00,2025-05-17 23:23:58+00:00,2025-05-18 17:00:00+00:00,0.0,2025-05-18,2025,REG,CON,WAS,1.0692621755613883,True,,0.574207987656796,401736118,2988756,16,18,0,True,False,matched,7.0,2025-05-18,under,0.37980271875063853,2.16,-1.0,1.0,False,False,False
2152,c2b023b5-ed1c-4f4b-91a6-f8902a179796,196,Shakira Austin,shakiraaustin,WAS,points,12.5,-114.0,-114.0,10,10,2025-05-17 23:23:58+00:00,2025-05-17 23:23:58+00:00,2025-05-17 23:23:58+00:00,2025-05-18 17:00:00+00:00,0.0,2025-05-18,2025,REG,CON,WAS,1.0654205607476634,True,,0.5000000000000001,401736118,4398911,16,18,0,True,False,matched,4.0,2025-05-18,under,0.3752401264586932,1.8771929824561404,0.8771929824561404,1.0,False,False,False
2152,818e3aaa-ec61-43ad-ae76-892fe20258e1,22,Marina Mabrey,marinamabrey,TOR,assists,3.5,-114.0,-114.0,10,10,2025-05-17 23:23:58+00:00,2025-05-17 23:23:58+00:00,2025-05-17 23:23:58+00:00,2025-05-18 17:00:00+00:00,0.0,2025-05-18,2025,REG,CON,WAS,1.0654205607476634,True,,0.5000000000000001,401736118,3904576,18,16,1,True,False,matched,3.0,2025-05-18,under,0.1722234270509484,1.8771929824561404,0.8771929824561404,1.0,False,False,False
2153,86b40da3-f7f0-4bff-b9d2-02a38712719e,101,Kelsey Plum,kelseyplum,LAS,assists,5.5,-136.0,102.0,10,10,2025-05-17 23:58:58+00:00,2025-05-17 23:58:58+00:00,2025-05-17 23:58:58+00:00,2025-05-18 22:00:00+00:00,0.0,2025-05-18,2025,REG,LAS,MIN,1.071320691391173,True,,0.5420932924427202,401736119,3065570,6,8,1,True,False,matched,5.0,2025-05-18,under,0.711581391983701,2.02,1.02,1.0,False,False,False
2153,f7d02bad-7d71-4a80-8a40-8c3435a8d7a8,89,Dearica Hamby,dearicahamby,LAS,rebounds,8.5,-138.0,104.0,10,10,2025-05-17 23:58:58+00:00,2025-05-17 23:58:58+00:00,2025-05-17 23:58:58+00:00,2025-05-18 22:00:00+00:00,0.0,2025-05-18,2025,REG,LAS,MIN,1.0700280112044818,True,,0.5464208361470752,401736119,2566106,6,8,1,True,False,matched,10.0,2025-05-18,under,0.21376955867636793,2.04,-1.0,1.0,False,False,False
2153,d2070b10-a2ff-43e0-be36-d8ec48866289,82,Azura Stevens,azurastevens,CHI,rebounds,6.5,-146.0,110.0,10,10,2025-05-17 23:58:58+00:00,2025-05-17 23:58:58+00:00,2025-05-17 23:58:58+00:00,2025-05-18 22:00:00+00:00,0.0,2025-05-18,2025,REG,LAS,MIN,1.0696864111498257,True,,0.5607420039050215,401736119,3142010,6,8,1,True,False,matched,6.0,2025-05-18,under,0.1623542704054171,2.1,1.1,1.0,False,False,False
2153,fa1f7d14-9380-41c2-9e8e-8b2e9d8be05e,117,Courtney Williams,courtneywilliams,MIN,points,14.5,-114.0,-114.0,10,10,2025-05-17 23:58:58+00:00,2025-05-17 23:58:58+00:00,2025-05-17 23:58:58+00:00,2025-05-18 22:00:00+00:00,0.0,2025-05-18,2025,REG,LAS,MIN,1.0654205607476634,True,,0.5000000000000001,401736119,2987891,8,6,0,True,False,matched,13.0,2025-05-18,under,0.15937470363393752,1.8771929824561404,0.8771929824561404,1.0,False,False,False
2153,b959e149-3cef-43a7-b1c3-3c814f5a42c3,128,Bridget Carleton,bridgetcarleton,PDX,points,10.5,-104.0,-125.0,10,10,2025-05-17 23:58:59+00:00,2025-05-17 23:58:59+00:00,2025-05-17 23:58:59+00:00,2025-05-18 22:00:00+00:00,0.0,2025-05-18,2025,REG,LAS,MIN,1.065359477124183,True,,0.4763687479911608,401736119,3906972,8,6,0,True,False,matched,8.0,2025-05-18,under,0.2686984564156087,1.8,0.8,1.0,False,False,False
2153,cb0d78cb-6b4b-496c-9c7c-74f6131d1fac,112,Napheesa Collier,napheesacollier,MIN,assists,3.5,-118.0,-112.0,10,10,2025-05-17 23:58:59+00:00,2025-05-17 23:58:59+00:00,2025-05-17 23:58:59+00:00,2025-05-18 22:00:00+00:00,0.0,2025-05-18,2025,REG,LAS,MIN,1.0695862904621776,True,,0.5067212711754592,401736119,3917450,8,6,0,True,False,matched,1.0,2025-05-18,under,0.17037760038217387,1.8928571428571428,0.8928571428571428,1.0,False,False,False
2154,24db028b-e1f3-46bb-b633-bac7dc5ba7f6,193,Myisha Hines-Allen,myishahinesallen,IND,rebounds,5.5,-144.0,108.0,10,10,2025-05-18 20:58:17+00:00,2025-05-18 20:58:17+00:00,2025-05-18 20:58:17+00:00,2025-05-20 00:00:00+00:00,0.0,2025-05-19,2025,REG,DAL,SEA,1.0709331651954601,True,,0.5566845205396996,401736120,3142055,3,14,1,True,False,matched,9.0,2025-05-19,under,0.5834734460487222,2.08,-1.0,1.0,False,False,False
2154,684d50df-4628-4f52-8e32-5491448a1e03,61,Maddy Siegrist,maddysiegrist,DAL,points,9.5,-128.0,-102.0,10,10,2025-05-18 20:58:17+00:00,2025-05-18 20:58:17+00:00,2025-05-18 20:58:17+00:00,2025-05-20 00:00:00+00:00,0.0,2025-05-19,2025,REG,DAL,SEA,1.0663540038214347,True,,0.5291749480305961,401736120,4399415,3,14,1,True,False,matched,12.0,2025-05-19,under,0.376751441334686,1.9803921568627452,-1.0,1.0,False,False,False
2154,db562d58-26f5-439b-aa03-cc2da3d66369,176,Ezi Magbegor,ezimagbegor,SEA,points,11.5,-115.0,-113.0,10,10,2025-05-18 20:58:17+00:00,2025-05-18 20:58:17+00:00,2025-05-18 20:58:17+00:00,2025-05-20 00:00:00+00:00,0.0,2025-05-19,2025,REG,DAL,SEA,1.0654001528551151,True,,0.5022557674006809,401736120,4420318,14,3,0,True,False,matched,7.0,2025-05-19,under,0.21470025524049818,1.8849557522123894,0.8849557522123894,1.0,False,False,False
2154,12782443-537f-42d9-8fc3-3ccf24433ae4,73,NaLyssa Smith,nalyssasmith,LVA,points,9.5,106.0,-138.0,10,10,2025-05-18 20:58:17+00:00,2025-05-18 20:58:17+00:00,2025-05-18 20:58:17+00:00,2025-05-20 00:00:00+00:00,0.0,2025-05-19,2025,REG,DAL,SEA,1.0652688259769927,True,,0.4512435291926419,401736120,4398776,3,14,1,True,False,matched,12.0,2025-05-19,under,0.21153458899206856,1.7246376811594204,-1.0,1.0,False,False,False
2154,7ac0a83b-eb46-4e42-8796-7ea7e2d4605e,180,Nneka Ogwumike,nnekaogwumike,LAS,points,17.5,-120.0,-108.0,10,10,2025-05-18 20:58:17+00:00,2025-05-18 20:58:17+00:00,2025-05-18 20:58:17+00:00,2025-05-20 00:00:00+00:00,0.0,2025-05-19,2025,REG,DAL,SEA,1.0646853146853146,True,,0.5135396953663074,401736120,1068,14,3,0,True,False,matched,23.0,2025-05-19,under,0.17814307982456878,1.925925925925926,-1.0,1.0,False,False,False
2154,d20214a3-a550-474e-ab25-f7a6b9eabdbb,48,DiJonai Carrington,dijonaicarrington,CHI,rebounds,4.5,-106.0,-125.0,10,10,2025-05-18 20:58:17+00:00,2025-05-18 20:58:17+00:00,2025-05-18 20:58:17+00:00,2025-05-20 00:00:00+00:00,0.0,2025-05-19,2025,REG,DAL,SEA,1.070118662351672,True,,0.4787708928615623,401736120,4066548,3,14,1,True,False,matched,4.0,2025-05-19,over,0.11190927663496175,1.9433962264150944,-1.0,1.0,False,False,False
2154,45f5873a-47f1-4079-bdae-2db48f9e5142,63,Arike Ogunbowale,arikeogunbowale,DAL,assists,4.5,118.0,-158.0,10,10,2025-05-18 20:58:17+00:00,2025-05-18 20:58:17+00:00,2025-05-18 20:58:17+00:00,2025-05-20 00:00:00+00:00,0.0,2025-05-19,2025,REG,DAL,SEA,1.0711186971054691,True,,0.42034729080094674,401736120,3904577,3,14,1,True,False,matched,0.0,2025-05-19,over,0.10784383981002366,2.1799999999999997,-1.0,1.0,False,False,False
2155,d84f0e36-2c01-4017-bea9-20eae3cbe368,68,Caitlin Clark,caitlinclark,IND,points,20.5,-128.0,-102.0,10,10,2025-05-19 13:51:12+00:00,2025-05-19 13:51:12+00:00,2025-05-19 13:51:12+00:00,2025-05-20 23:00:00+00:00,0.0,2025-05-20,2025,REG,IND,ATL,1.0663540038214347,True,,0.5291749480305961,401736122,4433403,5,20,1,True,False,matched,27.0,2025-05-20,under,0.17570615680086643,1.9803921568627452,-1.0,1.0,False,False,False
2155,a6536902-0123-4dbb-bee7-d6f92facc5bc,45,DeWanna Bonner,dewannabonner,PHO,rebounds,4.5,134.0,-180.0,10,10,2025-05-19 15:17:23+00:00,2025-05-19 15:17:23+00:00,2025-05-19 15:17:23+00:00,2025-05-20 23:00:00+00:00,0.0,2025-05-20,2025,REG,IND,ATL,1.0702075702075702,True,,0.38834080463047865,401736122,869,5,20,1,True,False,matched,3.0,2025-05-20,over,0.5456648722288406,2.34,-1.0,1.0,False,False,False
2155,5dea443a-90de-4111-8667-12f9f2830fd6,71,Aliyah Boston,aliyahboston,IND,threes,1.5,178.0,-245.0,10,10,2025-05-19 15:17:23+00:00,2025-05-19 15:17:23+00:00,2025-05-19 15:17:23+00:00,2025-05-20 23:00:00+00:00,0.0,2025-05-20,2025,REG,IND,ATL,1.0698571577520593,True,,0.3183263503331576,401736122,4432831,5,20,1,True,False,matched,0.0,2025-05-20,under,0.3856742717748276,1.4081632653061225,0.40816326530612246,1.0,False,False,False
2155,2c399d1d-fe05-48ba-8f95-7c77e69df134,56,Natasha Howard,natashahoward,MIN,threes,1.5,178.0,-245.0,10,10,2025-05-19 15:17:23+00:00,2025-05-19 15:17:23+00:00,2025-05-19 15:17:23+00:00,2025-05-20 23:00:00+00:00,0.0,2025-05-20,2025,REG,IND,ATL,1.0698571577520593,True,,0.3183263503331576,401736122,2529130,5,20,1,True,False,matched,0.0,2025-05-20,under,0.3441776875884748,1.4081632653061225,0.40816326530612246,1.0,False,False,False
2155,bf3c07df-938d-45ed-b244-7c9989dae052,1,Allisha Gray,allishagray,ATL,assists,3.5,-172.0,128.0,10,10,2025-05-19 15:27:47+00:00,2025-05-19 15:27:47+00:00,2025-05-19 15:27:47+00:00,2025-05-20 23:00:00+00:00,0.0,2025-05-20,2025,REG,IND,ATL,1.0709494324045408,True,,0.6004234693007796,401736122,3058901,20,5,0,True,False,matched,6.0,2025-05-20,under,0.38554077816794347,2.2800000000000002,-1.0,1.0,False,False,False
2155,f7dca399-56da-427c-9164-7f0f1b901df9,49,Brionna Jones,brionnajones,ATL,rebounds,6.5,-114.0,-114.0,10,10,2025-05-19 15:27:47+00:00,2025-05-19 15:27:47+00:00,2025-05-19 15:27:47+00:00,2025-05-20 23:00:00+00:00,0.0,2025-05-20,2025,REG,IND,ATL,1.0654205607476634,True,,0.5000000000000001,401736122,3058895,20,5,0,True,False,matched,13.0,2025-05-20,under,0.2873189601142812,1.8771929824561404,-1.0,1.0,False,False,False
2155,87e0d1bf-25e0-4f96-a1cd-054ea95c0e3c,148,Brittney Griner,brittneygriner,CON,rebounds,7.5,-104.0,-128.0,10,10,2025-05-19 15:27:47+00:00,2025-05-19 15:27:47+00:00,2025-05-19 15:27:47+00:00,2025-05-20 23:00:00+00:00,0.0,2025-05-20,2025,REG,IND,ATL,1.0712074303405572,True,,0.4732611100971195,401736122,2490553,20,5,0,True,False,matched,8.0,2025-05-20,under,0.1900929371253402,1.78125,-1.0,1.0,False,False,False
2155,aab4d992-9219-43c0-b360-d1ed1276714e,15,Rhyne Howard,rhynehoward,ATL,threes,3.5,110.0,-146.0,10,10,2025-05-19 15:27:47+00:00,2025-05-19 15:27:47+00:00,2025-05-19 15:27:47+00:00,2025-05-20 23:00:00+00:00,0.0,2025-05-20,2025,REG,IND,ATL,1.0696864111498257,True,,0.4392579960949788,401736122,4398674,20,5,0,True,False,matched,4.0,2025-05-20,under,0.1870044428097305,1.6849315068493151,-1.0,1.0,False,False,False
2156,c9ade5cb-fee2-4a17-ae92-2fe352069957,107,Chelsea Gray,chelseagray,LVA,threes,1.5,-118.0,-112.0,10,10,2025-05-19 18:41:44+00:00,2025-05-19 18:41:44+00:00,2025-05-19 18:41:44+00:00,2025-05-20 23:00:00+00:00,0.0,2025-05-20,2025,REG,CON,LVA,1.0695862904621776,True,,0.5067212711754592,401736121,2529122,17,18,0,True,False,matched,0.0,2025-05-20,under,0.11761899541846349,1.8928571428571428,0.8928571428571428,1.0,False,False,False
2156,93db4d35-3728-48c4-93f6-3936189fd7bd,102,Jackie Young,jackieyoung,LVA,points,15.5,-128.0,-102.0,10,10,2025-05-19 18:41:45+00:00,2025-05-19 18:41:45+00:00,2025-05-19 18:41:45+00:00,2025-05-20 23:00:00+00:00,0.0,2025-05-20,2025,REG,CON,LVA,1.0663540038214347,True,,0.5291749480305961,401736121,4065870,17,18,0,True,False,matched,16.0,2025-05-20,under,0.3366220177076019,1.9803921568627452,-1.0,1.0,False,False,False
2156,ed4ac1a5-d663-4d54-a896-843ad9fe9404,103,A'ja Wilson,ajawilson,LVA,points,26.5,-113.0,-115.0,10,10,2025-05-19 18:41:45+00:00,2025-05-19 18:41:45+00:00,2025-05-19 18:41:45+00:00,2025-05-20 23:00:00+00:00,0.0,2025-05-20,2025,REG,CON,LVA,1.0654001528551151,True,,0.49774423259931944,401736121,3149391,17,18,0,True,False,matched,22.0,2025-05-20,under,0.22567772109989148,1.8695652173913042,0.8695652173913042,1.0,False,False,False
2156,d731aa90-eccd-4116-8ab4-4be6eb392a1a,166,Jewell Loyd,jewellloyd,LVA,points,15.5,-114.0,-115.0,10,10,2025-05-19 18:45:15+00:00,2025-05-19 18:45:15+00:00,2025-05-19 18:45:15+00:00,2025-05-20 23:00:00+00:00,0.0,2025-05-20,2025,REG,CON,LVA,1.0675940013040643,True,,0.49887602265758907,401736121,2987869,17,18,0,True,False,matched,20.0,2025-05-20,under,0.1468958528409584,1.8695652173913042,-1.0,1.0,False,False,False
2156,f4c13156-a322-4c4f-be54-a23b62177e25,22,Marina Mabrey,marinamabrey,TOR,points,16.5,-108.0,-120.0,10,10,2025-05-19 19:09:36+00:00,2025-05-19 19:09:36+00:00,2025-05-19 19:09:36+00:00,2025-05-20 23:00:00+00:00,0.0,2025-05-20,2025,REG,CON,LVA,1.0646853146853146,True,,0.48646030463369283,401736121,3904576,18,17,1,True,False,matched,7.0,2025-05-20,under,0.24412828888250082,1.8333333333333335,0.8333333333333335,1.0,False,False,False
2156,13c2b6a6-61bc-447e-a3b9-ba81dc15022a,9,Tina Charles,tinacharles,FA,points,17.5,-114.0,-114.0,10,10,2025-05-19 19:09:36+00:00,2025-05-19 19:09:36+00:00,2025-05-19 19:09:36+00:00,2025-05-20 23:00:00+00:00,0.0,2025-05-20,2025,REG,CON,LVA,1.0654205607476634,True,,0.5000000000000001,401736121,918,18,17,1,True,False,matched,20.0,2025-05-20,under,0.20988175056621133,1.8771929824561404,-1.0,1.0,False,False,False
2156,01aa0593-21ac-4eff-85b5-be6ef332ea10,43,Olivia Nelson-Ododa,olivianelsonododa,CON,points,10.5,100.0,-130.0,19,19,2025-05-20 19:31:46+00:00,2025-05-20 19:31:46+00:00,2025-05-20 19:31:46+00:00,2025-05-20 23:00:00+00:00,0.0,2025-05-20,2025,REG,CON,LVA,1.065217391304348,True,,0.4663164946059025,401736121,4398966,18,17,1,True,False,matched,8.0,2025-05-20,under,0.6714970604116025,1.7692307692307692,0.7692307692307692,1.0,False,False,False
2157,43be0cc9-fb76-4adb-ac3e-a61c9d659589,73,NaLyssa Smith,nalyssasmith,LVA,rebounds,4.5,108.0,-144.0,10,10,2025-05-20 20:21:51+00:00,2025-05-20 20:21:51+00:00,2025-05-20 20:21:51+00:00,2025-05-22 00:00:00+00:00,0.0,2025-05-21,2025,REG,MIN,DAL,1.0709331651954601,True,,0.4433154794603006,401736123,4398776,3,8,0,True,False,matched,7.0,2025-05-21,over,0.11182998719139614,2.08,1.08,1.0,False,False,False
2157,8d178945-9a7f-4245-9e0f-0232411395f0,121,Alanna Smith,alannasmith,DAL,points,11.5,-113.0,-115.0,10,10,2025-05-20 20:57:44+00:00,2025-05-20 20:57:44+00:00,2025-05-20 20:57:44+00:00,2025-05-22 00:00:00+00:00,0.0,2025-05-21,2025,REG,MIN,DAL,1.0654001528551151,True,,0.49774423259931944,401736123,3913881,8,3,1,True,False,matched,13.0,2025-05-21,under,0.20062406328839638,1.8695652173913042,-1.0,1.0,False,False,False
2157,42b40a0e-27a0-44d7-93aa-b54905de8ea8,128,Bridget Carleton,bridgetcarleton,PDX,threes,1.5,-178.0,132.0,10,10,2025-05-20 20:57:44+00:00,2025-05-20 20:57:44+00:00,2025-05-20 20:57:44+00:00,2025-05-22 00:00:00+00:00,0.0,2025-05-21,2025,REG,MIN,DAL,1.0713222525427932,True,,0.6084851511650193,401736123,3906972,8,3,1,True,False,matched,1.0,2025-05-21,under,0.14916136584286444,2.3200000000000003,1.3200000000000003,1.0,False,False,False
2157,6f9c6ce6-4e2c-4035-830b-d63e188a461b,112,Napheesa Collier,napheesacollier,MIN,threes,1.5,116.0,-154.0,10,10,2025-05-20 20:57:44+00:00,2025-05-20 20:57:44+00:00,2025-05-20 20:57:44+00:00,2025-05-22 00:00:00+00:00,0.0,2025-05-21,2025,REG,MIN,DAL,1.0692621755613883,True,,0.425792012343204,401736123,3917450,8,3,1,True,False,matched,0.0,2025-05-21,under,0.12180098451680899,1.6493506493506493,0.6493506493506493,1.0,False,False,False
2157,7af0f039-2409-49e2-b080-5e7b68bbe7ae,193,Myisha Hines-Allen,myishahinesallen,IND,points,7.5,-115.0,-115.0,19,19,2025-05-21 01:05:08+00:00,2025-05-21 01:05:08+00:00,2025-05-21 01:05:08+00:00,2025-05-22 00:00:00+00:00,0.0,2025-05-21,2025,REG,MIN,DAL,1.0697674418604652,True,,0.5,401736123,3142055,3,8,0,True,False,matched,11.0,2025-05-21,under,0.3802383428907308,1.8695652173913042,-1.0,1.0,False,False,False
2160,e9373de0-28fa-4b3a-9ef4-bc3e077ea9f8,68,Caitlin Clark,caitlinclark,IND,threes,3.5,-162.0,122.0,10,10,2025-05-21 06:14:29+00:00,2025-05-21 06:14:29+00:00,2025-05-21 06:14:29+00:00,2025-05-22 23:30:00+00:00,0.0,2025-05-22,2025,REG,ATL,IND,1.0687710611374732,True,,0.5868918088955871,401736126,4433403,5,20,0,True,False,matched,0.0,2025-05-22,under,0.39440225777580035,2.2199999999999998,1.2199999999999998,1.0,False,False,False
2158,8a2365c2-298f-4a87-a9e6-84a6e25f4306,72,Temi Fagbenle,temifagbenle,TOR,threes,1.5,-155.0,110.0,49,49,2025-05-21 13:19:24+00:00,2025-05-21 13:19:24+00:00,2025-05-21 13:19:24+00:00,2025-05-22 02:00:00+00:00,0.0,2025-05-21,2025,REG,GSV,WAS,1.0840336134453783,True,,0.5687378937585825,401736124,2569044,129689,16,1,True,False,matched,0.0,2025-05-21,under,0.9886447664919632,2.1,1.1,1.0,False,False,False
2158,813cb952-3d0b-4471-aa28-b7c8665ea0a0,184,Julie Vanloo,julievanloo,FA,points,8.5,-115.0,-115.0,49,49,2025-05-21 13:19:24+00:00,2025-05-21 13:19:24+00:00,2025-05-21 13:19:24+00:00,2025-05-22 02:00:00+00:00,0.0,2025-05-21,2025,REG,GSV,WAS,1.0697674418604652,True,,0.5,401736124,2566110,129689,16,1,True,False,matched,0.0,2025-05-21,under,0.2951204710806931,1.8695652173913042,0.8695652173913042,1.0,False,False,False
2158,1cf6c306-4e4f-452c-9228-d7a1e33d3665,170,Jade Melbourne,jademelbourne,SEA,threes,1.5,140.0,-200.0,49,49,2025-05-21 13:19:24+00:00,2025-05-21 13:19:24+00:00,2025-05-21 13:19:24+00:00,2025-05-22 02:00:00+00:00,0.0,2025-05-21,2025,REG,GSV,WAS,1.0833333333333333,True,,0.3694516640081069,401736124,5017726,16,129689,0,True,False,matched,1.0,2025-05-21,under,0.14737316186805677,1.5,0.5,1.0,False,False,False
2158,c4932e44-c1fc-4feb-8037-e831052ce951,139,Kayla Thornton,kaylathornton,GSV,points,10.5,-110.0,-118.0,10,10,2025-05-21 14:56:13+00:00,2025-05-21 14:56:13+00:00,2025-05-21 14:56:13+00:00,2025-05-22 02:00:00+00:00,0.0,2025-05-21,2025,REG,GSV,WAS,1.0650939274792486,True,,0.4909754767731684,401736124,2529622,129689,16,1,True,False,matched,18.0,2025-05-21,under,0.8046649287910221,1.847457627118644,-1.0,1.0,False,False,False
2158,4eacfae0-7104-4567-b720-6a7a24f90c6e,221,Tiffany Hayes,tiffanyhayes,GSV,points,15.5,-130.0,100.0,10,10,2025-05-21 14:56:13+00:00,2025-05-21 14:56:13+00:00,2025-05-21 14:56:13+00:00,2025-05-22 02:00:00+00:00,0.0,2025-05-21,2025,REG,GSV,WAS,1.065217391304348,True,,0.5336835053940976,401736124,1054,129689,16,1,True,False,matched,2.0,2025-05-21,under,0.4974993490951354,2.0,1.0,1.0,False,False,False
2158,98b4db34-3248-4d01-ab29-25509c70fdf9,182,Brittney Sykes,brittneysykes,TOR,points,20.5,-102.0,-128.0,10,10,2025-05-21 14:56:13+00:00,2025-05-21 14:56:13+00:00,2025-05-21 14:56:13+00:00,2025-05-22 02:00:00+00:00,0.0,2025-05-21,2025,REG,GSV,WAS,1.0663540038214347,True,,0.47082505196940394,401736124,2988756,16,129689,0,True,False,matched,30.0,2025-05-21,under,0.33169421080694944,1.78125,-1.0,1.0,False,False,False
2158,a473ba19-3b2b-4bfe-b990-96e20596ddd0,83,Monique Billings,moniquebillings,IND,rebounds,7.5,-120.0,-120.0,49,49,2025-05-21 16:29:47+00:00,2025-05-21 16:29:47+00:00,2025-05-21 16:29:47+00:00,2025-05-22 02:00:00+00:00,0.0,2025-05-21,2025,REG,GSV,WAS,1.0909090909090908,True,,0.5,401736124,3142255,129689,16,1,True,False,matched,3.0,2025-05-21,under,0.5765937646473929,1.8333333333333335,0.8333333333333335,1.0,False,False,False
2158,92aea57f-0390-4b23-bc2d-0a52788c387e,149,Sug Sutton,sugsutton,DAL,points,7.5,-115.0,-115.0,49,49,2025-05-21 18:35:07+00:00,2025-05-21 18:35:07+00:00,2025-05-21 18:35:07+00:00,2025-05-22 02:00:00+00:00,0.0,2025-05-21,2025,REG,GSV,WAS,1.0697674418604652,True,,0.5,401736124,4068159,16,129689,0,True,False,matched,0.0,2025-05-21,under,0.6811054360669291,1.8695652173913042,0.8695652173913042,1.0,False,False,False
2157,51664502-58cb-45bd-b8c3-717042f4a52d,61,Maddy Siegrist,maddysiegrist,DAL,points,9.5,-110.0,-120.0,19,19,2025-05-21 18:48:09+00:00,2025-05-21 18:48:09+00:00,2025-05-21 18:48:09+00:00,2025-05-22 00:00:00+00:00,0.0,2025-05-21,2025,REG,MIN,DAL,1.0692640692640691,True,,0.4887959885212434,401736123,4399415,3,8,0,True,False,matched,7.0,2025-05-21,under,0.2516684490010117,1.8333333333333335,0.8333333333333335,1.0,False,False,False
2159,abadf839-e6cf-4731-9a87-05bf91219945,101,Kelsey Plum,kelseyplum,LAS,assists,5.5,-102.0,-130.0,10,10,2025-05-21 19:05:18+00:00,2025-05-21 19:05:18+00:00,2025-05-21 19:05:18+00:00,2025-05-22 02:00:00+00:00,0.0,2025-05-21,2025,REG,PHX,LAS,1.0701678863538528,True,,0.46878765056355093,401736125,3065570,6,11,0,True,False,matched,6.0,2025-05-21,under,0.49273000132833666,1.7692307692307692,-1.0,1.0,False,False,False
2159,902e4af9-4279-4e80-b92d-394ebef08fe9,54,Satou Sabally,satousabally,NYL,threes,2.5,-162.0,122.0,10,10,2025-05-21 19:05:18+00:00,2025-05-21 19:05:18+00:00,2025-05-21 19:05:18+00:00,2025-05-22 02:00:00+00:00,0.0,2025-05-21,2025,REG,PHX,LAS,1.0687710611374732,True,,0.5868918088955871,401736125,4281929,11,6,1,True,False,matched,1.0,2025-05-21,under,0.3375283066693873,2.2199999999999998,1.2199999999999998,1.0,False,False,False
2159,99d02b5e-f8af-4e63-b4c1-10f36091565e,40,Alyssa Thomas,alyssathomas,PHO,rebounds,8.5,-140.0,106.0,10,10,2025-05-21 19:05:18+00:00,2025-05-21 19:05:18+00:00,2025-05-21 19:05:18+00:00,2025-05-22 02:00:00+00:00,0.0,2025-05-21,2025,REG,PHX,LAS,1.0687702265372168,True,,0.5506638564937638,401736125,2529140,11,6,1,True,False,matched,5.0,2025-05-21,under,0.33735848878897906,2.06,1.06,1.0,False,False,False
2159,2c52a16c-8022-4943-9e92-19052b75ca00,82,Azura Stevens,azurastevens,CHI,points,13.5,100.0,-130.0,10,10,2025-05-21 19:05:18+00:00,2025-05-21 19:05:18+00:00,2025-05-21 19:05:18+00:00,2025-05-22 02:00:00+00:00,0.0,2025-05-21,2025,REG,PHX,LAS,1.065217391304348,True,,0.4663164946059025,401736125,3142010,6,11,0,True,False,matched,23.0,2025-05-21,under,0.28321388940875775,1.7692307692307692,-1.0,1.0,False,False,False
2159,dfedd11f-f7db-4c60-8966-d5c3b05e850c,89,Dearica Hamby,dearicahamby,LAS,points,16.5,-128.0,-102.0,10,10,2025-05-21 19:05:18+00:00,2025-05-21 19:05:18+00:00,2025-05-21 19:05:18+00:00,2025-05-22 02:00:00+00:00,0.0,2025-05-21,2025,REG,PHX,LAS,1.0663540038214347,True,,0.5291749480305961,401736125,2566106,6,11,0,True,False,matched,15.0,2025-05-21,under,0.19510953006627557,1.9803921568627452,0.9803921568627452,1.0,False,False,False
2159,71ad9735-59ec-4f93-92bb-4f09827e0829,177,Sami Whitcomb,samiwhitcomb,PHO,points,8.5,100.0,-130.0,13,13,2025-05-21 19:05:52+00:00,2025-05-21 19:05:52+00:00,2025-05-21 19:05:52+00:00,2025-05-22 02:00:00+00:00,0.0,2025-05-21,2025,REG,PHX,LAS,1.065217391304348,True,,0.4663164946059025,401736125,887,11,6,1,True,False,matched,6.0,2025-05-21,under,0.4722516608440798,1.7692307692307692,0.7692307692307692,1.0,False,False,False
2159,985b862b-2e8a-47ee-8f34-bdd82c91c824,94,Rickea Jackson,rickeajackson,CHI,threes,1.5,-120.0,-120.0,49,49,2025-05-21 19:08:53+00:00,2025-05-21 19:08:53+00:00,2025-05-21 19:08:53+00:00,2025-05-22 02:00:00+00:00,0.0,2025-05-21,2025,REG,PHX,LAS,1.0909090909090908,True,,0.5,401736125,4433630,6,11,0,True,True,did_not_play,,2025-05-21,under,0.15922410005031834,1.8333333333333335,0.0,0.0,False,True,False
2160,ee925907-bd0d-4a71-a058-bf9ae5e77798,71,Aliyah Boston,aliyahboston,IND,assists,3.5,-136.0,102.0,10,10,2025-05-21 19:24:07+00:00,2025-05-21 19:24:07+00:00,2025-05-21 19:24:07+00:00,2025-05-22 23:30:00+00:00,0.0,2025-05-22,2025,REG,ATL,IND,1.071320691391173,True,,0.5420932924427202,401736126,4432831,5,20,0,True,False,matched,3.0,2025-05-22,under,0.2828536133432796,2.02,1.02,1.0,False,False,False
2160,974a869e-d9a8-49f0-90a3-89a27d583e2d,70,Kelsey Mitchell,kelseymitchell,IND,threes,2.5,158.0,-215.0,10,10,2025-05-21 19:24:08+00:00,2025-05-21 19:24:08+00:00,2025-05-21 19:24:08+00:00,2025-05-22 23:30:00+00:00,0.0,2025-05-22,2025,REG,ATL,IND,1.0701365817644888,True,,0.347126998954303,401736126,3142191,5,20,0,True,False,matched,1.0,2025-05-22,over,0.20267096829982667,2.58,-1.0,1.0,False,False,False
2160,fdd19c18-15a4-4b1c-8dde-9e094e0a146e,1,Allisha Gray,allishagray,ATL,assists,4.5,-102.0,-130.0,10,10,2025-05-21 20:19:03+00:00,2025-05-21 20:19:03+00:00,2025-05-21 20:19:03+00:00,2025-05-22 23:30:00+00:00,0.0,2025-05-22,2025,REG,ATL,IND,1.0701678863538528,True,,0.46878765056355093,401736126,3058901,20,5,1,True,False,matched,2.0,2025-05-22,under,0.23378270853642885,1.7692307692307692,0.7692307692307692,1.0,False,False,False
2160,e528e07a-d3e9-4f23-bda8-a27ce9772646,49,Brionna Jones,brionnajones,ATL,points,14.5,-120.0,-108.0,10,10,2025-05-21 20:19:03+00:00,2025-05-21 20:19:03+00:00,2025-05-21 20:19:03+00:00,2025-05-22 23:30:00+00:00,0.0,2025-05-22,2025,REG,ATL,IND,1.0646853146853146,True,,0.5135396953663074,401736126,3058895,20,5,1,True,False,matched,15.0,2025-05-22,under,0.20304972455959824,1.925925925925926,-1.0,1.0,False,False,False
2160,ea43b240-561a-4ff6-b823-74aa3590badb,15,Rhyne Howard,rhynehoward,ATL,threes,3.5,104.0,-138.0,10,10,2025-05-21 20:19:03+00:00,2025-05-21 20:19:03+00:00,2025-05-21 20:19:03+00:00,2025-05-22 23:30:00+00:00,0.0,2025-05-22,2025,REG,ATL,IND,1.0700280112044818,True,,0.4535791638529251,401736126,4398674,20,5,1,True,False,matched,3.0,2025-05-22,under,0.1599800614172659,1.7246376811594204,0.7246376811594204,1.0,False,False,False
2160,d7b305b8-68a7-4974-94d9-8b79047b1bfe,56,Natasha Howard,natashahoward,MIN,threes,0.5,145.0,-180.0,24,24,2025-05-22 06:08:57+00:00,2025-05-22 06:08:57+00:00,2025-05-22 06:08:57+00:00,2025-05-22 23:30:00+00:00,0.0,2025-05-22,2025,REG,ATL,IND,1.0510204081632653,True,,0.37967339061397504,401736126,2529130,5,20,0,True,False,matched,1.0,2025-05-22,under,0.17699322529368972,1.5555555555555556,-1.0,1.0,False,False,False
2161,58745c6f-6ca7-40fa-9455-fcab920c5ada,26,Angel Reese,angelreese,ATL,assists,2.5,-110.0,-120.0,24,24,2025-05-22 06:36:51+00:00,2025-05-22 06:36:51+00:00,2025-05-22 06:36:51+00:00,2025-05-23 00:00:00+00:00,0.0,2025-05-22,2025,REG,CHI,NYL,1.0692640692640691,True,,0.4887959885212434,401736127,4433402,19,9,1,True,False,matched,1.0,2025-05-22,under,0.30437387655309306,1.8333333333333335,0.8333333333333335,1.0,False,False,False
2161,e65b107a-4d9f-4347-9f3c-1ea278c88fda,185,Ariel Atkins,arielatkins,LAS,assists,3.5,140.0,-170.0,24,24,2025-05-22 06:36:51+00:00,2025-05-22 06:36:51+00:00,2025-05-22 06:36:51+00:00,2025-05-23 00:00:00+00:00,0.0,2025-05-22,2025,REG,CHI,NYL,1.0462962962962963,True,,0.3910947128467968,401736127,3146151,19,9,1,True,False,matched,1.0,2025-05-22,under,0.19238652461231565,1.5882352941176472,0.5882352941176472,1.0,False,False,False
2161,57587dd4-1ac5-4301-9c07-ac18cb18ecb3,132,Sabrina Ionescu,sabrinaionescu,NYL,threes,2.5,-125.0,-105.0,24,24,2025-05-22 06:36:52+00:00,2025-05-22 06:36:52+00:00,2025-05-22 06:36:52+00:00,2025-05-23 00:00:00+00:00,0.0,2025-05-22,2025,REG,CHI,NYL,1.067750677506775,True,,0.5224258196571001,401736127,4066533,9,19,0,True,False,matched,2.0,2025-05-22,under,0.2004850901411579,1.9523809523809523,0.9523809523809523,1.0,False,False,False
2161,4531817b-389e-4291-b447-5119c369952b,137,Breanna Stewart,breannastewart,NYL,threes,1.5,125.0,-155.0,24,24,2025-05-22 06:36:52+00:00,2025-05-22 06:36:52+00:00,2025-05-22 06:36:52+00:00,2025-05-23 00:00:00+00:00,0.0,2025-05-22,2025,REG,CHI,NYL,1.0522875816993464,True,,0.4161844529605166,401736127,2998928,9,19,0,True,False,matched,2.0,2025-05-22,under,0.19425746426965862,1.6451612903225805,-1.0,1.0,False,False,False
2161,40dd554c-6d2f-4f7d-9746-fd6f1afebcc6,30,Kamilla Cardoso,kamillacardoso,CHI,rebounds,8.5,-115.0,-120.0,33,33,2025-05-22 11:20:01+00:00,2025-05-22 11:20:01+00:00,2025-05-22 11:20:01+00:00,2025-05-23 00:00:00+00:00,0.0,2025-05-22,2025,REG,CHI,NYL,1.080338266384778,True,,0.4944937749375121,401736127,4433405,19,9,1,True,False,matched,4.0,2025-05-22,under,0.1635174778867921,1.8333333333333335,0.8333333333333335,1.0,False,False,False
2161,41a06ffa-0b1f-4892-b5e2-e5d6787fe106,145,Courtney Vandersloot,courtneyvandersloot,CHI,rebounds,3.5,-125.0,-115.0,49,49,2025-05-22 13:25:17+00:00,2025-05-22 13:25:17+00:00,2025-05-22 13:25:17+00:00,2025-05-23 00:00:00+00:00,0.0,2025-05-22,2025,REG,CHI,NYL,1.0904392764857882,True,,0.5108317091649132,401736127,981,19,9,1,True,False,matched,2.0,2025-05-22,under,0.4636491524743375,1.8695652173913042,0.8695652173913042,1.0,False,False,False
2161,e3a099fa-40f4-443b-9cd7-9014ff38bf9d,141,Jonquel Jones,jonqueljones,NYL,rebounds,9.5,-110.0,-125.0,33,33,2025-05-22 15:20:20+00:00,2025-05-22 15:20:20+00:00,2025-05-22 15:20:20+00:00,2025-05-23 00:00:00+00:00,0.0,2025-05-22,2025,REG,CHI,NYL,1.0793650793650795,True,,0.48347295800639944,401736127,2999101,9,19,0,True,False,matched,7.0,2025-05-22,under,0.18419756797175668,1.8,0.8,1.0,False,False,False
2162,6240fab9-2f66-473d-a43a-3a4bbc073b75,22,Marina Mabrey,marinamabrey,TOR,points,15.5,-120.0,-108.0,10,10,2025-05-22 20:11:18+00:00,2025-05-22 20:11:18+00:00,2025-05-22 20:11:18+00:00,2025-05-23 23:30:00+00:00,0.0,2025-05-23,2025,REG,MIN,CON,1.0646853146853146,True,,0.5135396953663074,401736128,3904576,18,8,0,True,False,matched,22.0,2025-05-23,under,0.34200363026474395,1.925925925925926,-1.0,1.0,False,False,False
2162,1ed31576-b691-4202-9bc8-5c6e72d61509,112,Napheesa Collier,napheesacollier,MIN,points,24.5,-122.0,-106.0,10,10,2025-05-22 20:11:18+00:00,2025-05-22 20:11:18+00:00,2025-05-22 20:11:18+00:00,2025-05-23 23:30:00+00:00,0.0,2025-05-23,2025,REG,MIN,CON,1.064112656345666,True,,0.518058368553134,401736128,3917450,8,18,1,True,False,matched,33.0,2025-05-23,under,0.21929303300023062,1.9433962264150944,-1.0,1.0,False,False,False
2162,320ebb18-150f-4c25-b645-f02e152d069b,9,Tina Charles,tinacharles,FA,points,18.5,100.0,-130.0,10,10,2025-05-22 20:11:18+00:00,2025-05-22 20:11:18+00:00,2025-05-22 20:11:18+00:00,2025-05-23 23:30:00+00:00,0.0,2025-05-23,2025,REG,MIN,CON,1.065217391304348,True,,0.4663164946059025,401736128,918,18,8,0,True,False,matched,4.0,2025-05-23,under,0.21066762145911594,1.7692307692307692,0.7692307692307692,1.0,False,False,False
2162,7c8078bc-3590-4f1c-a447-89161ffc0efe,117,Courtney Williams,courtneywilliams,MIN,rebounds,4.5,-130.0,-102.0,10,10,2025-05-22 20:11:18+00:00,2025-05-22 20:11:18+00:00,2025-05-22 20:11:18+00:00,2025-05-23 23:30:00+00:00,0.0,2025-05-23,2025,REG,MIN,CON,1.0701678863538528,True,,0.5312123494364493,401736128,2987891,8,18,1,True,False,matched,5.0,2025-05-23,under,0.11341500108369051,1.9803921568627452,-1.0,1.0,False,False,False
2162,59678695-d3e0-4ad5-b045-e70a399356a0,121,Alanna Smith,alannasmith,DAL,threes,1.5,-114.0,-114.0,10,10,2025-05-22 20:11:18+00:00,2025-05-22 20:11:18+00:00,2025-05-22 20:11:18+00:00,2025-05-23 23:30:00+00:00,0.0,2025-05-23,2025,REG,MIN,CON,1.0654205607476634,True,,0.5000000000000001,401736128,3913881,8,18,1,True,False,matched,0.0,2025-05-23,under,0.10283455371996303,1.8771929824561404,0.8771929824561404,1.0,False,False,False
2160,b720cbe1-d5b1-4edb-bd57-325625f852fa,45,DeWanna Bonner,dewannabonner,PHO,points,7.5,-130.0,100.0,49,49,2025-05-22 20:25:22+00:00,2025-05-22 20:25:22+00:00,2025-05-22 20:25:22+00:00,2025-05-22 23:30:00+00:00,0.0,2025-05-22,2025,REG,ATL,IND,1.065217391304348,True,,0.5336835053940976,401736126,869,5,20,0,True,False,matched,1.0,2025-05-22,over,0.15652651664029138,1.7692307692307692,-1.0,1.0,False,False,False
2165,a2696d00-fbef-4f80-9b88-258a1ee40748,103,A'ja Wilson,ajawilson,LVA,assists,3.5,-125.0,-106.0,10,10,2025-05-23 04:59:00+00:00,2025-05-23 04:59:00+00:00,2025-05-23 04:59:00+00:00,2025-05-24 02:00:00+00:00,0.0,2025-05-23,2025,REG,LVA,WAS,1.070118662351672,True,,0.5212291071384377,401736129,3149391,17,16,1,True,False,matched,5.0,2025-05-23,under,0.40066687219580466,1.9433962264150944,-1.0,1.0,False,False,False
2165,5f03b1dd-8d30-4a37-99ed-71d52b1b8b79,107,Chelsea Gray,chelseagray,LVA,points,12.5,-114.0,-114.0,10,10,2025-05-23 04:59:00+00:00,2025-05-23 04:59:00+00:00,2025-05-23 04:59:00+00:00,2025-05-24 02:00:00+00:00,0.0,2025-05-23,2025,REG,LVA,WAS,1.0654205607476634,True,,0.5000000000000001,401736129,2529122,17,16,1,True,False,matched,17.0,2025-05-23,under,0.23294857645255146,1.8771929824561404,-1.0,1.0,False,False,False
2165,3a13cd38-b86d-41a4-b1f8-2b4e7dc0b003,102,Jackie Young,jackieyoung,LVA,assists,4.5,-114.0,-114.0,10,10,2025-05-23 04:59:00+00:00,2025-05-23 04:59:00+00:00,2025-05-23 04:59:00+00:00,2025-05-24 02:00:00+00:00,0.0,2025-05-23,2025,REG,LVA,WAS,1.0654205607476634,True,,0.5000000000000001,401736129,4065870,17,16,1,True,False,matched,3.0,2025-05-23,under,0.13106681284759236,1.8771929824561404,0.8771929824561404,1.0,False,False,False
2165,f3be4019-9f67-495d-b9dc-3bd8c457a805,166,Jewell Loyd,jewellloyd,LVA,threes,1.5,-188.0,140.0,10,10,2025-05-23 04:59:00+00:00,2025-05-23 04:59:00+00:00,2025-05-23 04:59:00+00:00,2025-05-24 02:00:00+00:00,0.0,2025-05-23,2025,REG,LVA,WAS,1.0694444444444444,True,,0.6222928210344938,401736129,2987869,17,16,1,True,False,matched,2.0,2025-05-23,under,0.1166307463734847,2.4,-1.0,1.0,False,False,False
2164,c26a74e8-0f93-4d84-9d76-2fc025879f52,139,Kayla Thornton,kaylathornton,GSV,threes,1.5,-154.0,116.0,10,10,2025-05-23 05:41:02+00:00,2025-05-23 05:41:02+00:00,2025-05-23 05:41:02+00:00,2025-05-24 02:00:00+00:00,0.0,2025-05-23,2025,REG,LAS,GSV,1.0692621755613883,True,,0.574207987656796,401736130,2529622,129689,6,0,True,False,matched,1.0,2025-05-23,under,0.8128284481041274,2.16,1.1600000000000001,1.0,False,False,False
2164,bbbd0a9e-d781-494b-b0ea-4c0856aea89f,101,Kelsey Plum,kelseyplum,LAS,assists,5.5,-140.0,106.0,10,10,2025-05-23 05:41:02+00:00,2025-05-23 05:41:02+00:00,2025-05-23 05:41:02+00:00,2025-05-24 02:00:00+00:00,0.0,2025-05-23,2025,REG,LAS,GSV,1.0687702265372168,True,,0.5506638564937638,401736130,3065570,6,129689,1,True,False,matched,3.0,2025-05-23,under,0.5975116201440621,2.06,1.06,1.0,False,False,False
2164,0ed3e092-eeec-4bce-8816-0167cc850b84,72,Temi Fagbenle,temifagbenle,TOR,rebounds,5.5,-125.0,-106.0,10,10,2025-05-23 05:41:02+00:00,2025-05-23 05:41:02+00:00,2025-05-23 05:41:02+00:00,2025-05-24 02:00:00+00:00,0.0,2025-05-23,2025,REG,LAS,GSV,1.070118662351672,True,,0.5212291071384377,401736130,2569044,129689,6,0,True,False,matched,6.0,2025-05-23,under,0.290539664545976,1.9433962264150944,-1.0,1.0,False,False,False
2164,4746017d-b13a-4de6-a031-7f2c915a94d5,82,Azura Stevens,azurastevens,CHI,points,14.5,-104.0,-122.0,10,10,2025-05-23 05:41:02+00:00,2025-05-23 05:41:02+00:00,2025-05-23 05:41:02+00:00,2025-05-24 02:00:00+00:00,0.0,2025-05-23,2025,REG,LAS,GSV,1.059353471118177,True,,0.47953831927398954,401736130,3142010,6,129689,1,True,False,matched,6.0,2025-05-23,under,0.26806430915586277,1.819672131147541,0.819672131147541,1.0,False,False,False
2164,6bc9c24d-7375-434c-8713-1572e6e19c84,89,Dearica Hamby,dearicahamby,LAS,rebounds,9.5,102.0,-136.0,10,10,2025-05-23 05:41:02+00:00,2025-05-23 05:41:02+00:00,2025-05-23 05:41:02+00:00,2025-05-24 02:00:00+00:00,0.0,2025-05-23,2025,REG,LAS,GSV,1.071320691391173,True,,0.4579067075572801,401736130,2566106,6,129689,1,True,False,matched,6.0,2025-05-23,under,0.15049699141203982,1.7352941176470589,0.7352941176470589,1.0,False,False,False
2162,ae876376-02de-4a09-9845-b2e3cf0c8b63,128,Bridget Carleton,bridgetcarleton,PDX,threes,1.5,-150.0,120.0,24,24,2025-05-23 09:42:01+00:00,2025-05-23 09:42:01+00:00,2025-05-23 09:42:01+00:00,2025-05-23 23:30:00+00:00,0.0,2025-05-23,2025,REG,MIN,CON,1.0545454545454547,True,,0.5746986093321318,401736128,3906972,8,18,1,True,False,matched,2.0,2025-05-23,under,0.2384790750288308,2.2,-1.0,1.0,False,False,False
2166,984cc155-88ec-433a-9b67-383950b9b586,68,Caitlin Clark,caitlinclark,IND,threes,3.5,-110.0,-120.0,10,10,2025-05-23 15:51:17+00:00,2025-05-23 15:51:17+00:00,2025-05-23 15:51:17+00:00,2025-05-24 17:00:00+00:00,0.0,2025-05-24,2025,REG,IND,NYL,1.0692640692640691,True,,0.4887959885212434,401736132,4433403,5,9,1,True,False,matched,2.0,2025-05-24,under,0.23332480617895712,1.8333333333333335,0.8333333333333335,1.0,False,False,False
2163,7b57d773-049f-4f23-b68b-e5a62c56cf83,176,Ezi Magbegor,ezimagbegor,SEA,rebounds,7.5,-148.0,112.0,10,10,2025-05-23 16:00:18+00:00,2025-05-23 16:00:18+00:00,2025-05-23 16:00:18+00:00,2025-05-24 02:00:00+00:00,0.0,2025-05-23,2025,REG,SEA,PHX,1.0684723067559343,True,,0.5647227530167998,401736131,4420318,14,11,1,True,False,matched,7.0,2025-05-23,under,0.2996062431879609,2.12,1.12,1.0,False,False,False
2163,590f907c-6887-4474-bdf3-5e17f6215d3c,208,Gabby Williams,gabbywilliams,GSV,assists,4.5,-125.0,-106.0,10,10,2025-05-23 16:00:18+00:00,2025-05-23 16:00:18+00:00,2025-05-23 16:00:18+00:00,2025-05-24 02:00:00+00:00,0.0,2025-05-23,2025,REG,SEA,PHX,1.070118662351672,True,,0.5212291071384377,401736131,3142328,14,11,1,True,False,matched,2.0,2025-05-23,under,0.27515787068766623,1.9433962264150944,0.9433962264150944,1.0,False,False,False
2163,6bfb11f6-9654-4703-a9cd-ed53ba09d001,54,Satou Sabally,satousabally,NYL,points,21.5,-110.0,-118.0,10,10,2025-05-23 16:00:18+00:00,2025-05-23 16:00:18+00:00,2025-05-23 16:00:18+00:00,2025-05-24 02:00:00+00:00,0.0,2025-05-23,2025,REG,SEA,PHX,1.0650939274792486,True,,0.4909754767731684,401736131,4281929,11,14,0,True,False,matched,15.0,2025-05-23,under,0.2448705957545247,1.847457627118644,0.847457627118644,1.0,False,False,False
2163,4b6cc2f1-49d6-415d-a356-f573f2041ba5,180,Nneka Ogwumike,nnekaogwumike,LAS,points,17.5,-122.0,-106.0,10,10,2025-05-23 16:00:18+00:00,2025-05-23 16:00:18+00:00,2025-05-23 16:00:18+00:00,2025-05-24 02:00:00+00:00,0.0,2025-05-23,2025,REG,SEA,PHX,1.064112656345666,True,,0.518058368553134,401736131,1068,14,11,1,True,False,matched,24.0,2025-05-23,under,0.1901120202759644,1.9433962264150944,-1.0,1.0,False,False,False
2163,7396c470-3980-4ae6-bb15-1cc9e8684565,40,Alyssa Thomas,alyssathomas,PHO,points,15.5,-104.0,-125.0,10,10,2025-05-23 16:00:19+00:00,2025-05-23 16:00:19+00:00,2025-05-23 16:00:19+00:00,2025-05-24 02:00:00+00:00,0.0,2025-05-23,2025,REG,SEA,PHX,1.065359477124183,True,,0.4763687479911608,401736131,2529140,11,14,0,True,False,matched,16.0,2025-05-23,under,0.24274060291699545,1.8,-1.0,1.0,False,False,False
2163,617b6fb2-d8ca-46ed-8901-71413a7f31e4,175,Skylar Diggins,skylardiggins,CHI,points,18.5,-110.0,-118.0,10,10,2025-05-23 16:00:19+00:00,2025-05-23 16:00:19+00:00,2025-05-23 16:00:19+00:00,2025-05-24 02:00:00+00:00,0.0,2025-05-23,2025,REG,SEA,PHX,1.0650939274792486,True,,0.4909754767731684,401736131,2491205,14,11,1,True,False,matched,24.0,2025-05-23,under,0.13489627539719845,1.847457627118644,-1.0,1.0,False,False,False
2163,8d0f06e8-7833-443e-a178-d80fa44db8a5,177,Sami Whitcomb,samiwhitcomb,PHO,threes,1.5,-115.0,-115.0,24,24,2025-05-23 16:06:05+00:00,2025-05-23 16:06:05+00:00,2025-05-23 16:06:05+00:00,2025-05-24 02:00:00+00:00,0.0,2025-05-23,2025,REG,SEA,PHX,1.0697674418604652,True,,0.5,401736131,887,11,14,0,True,False,matched,1.0,2025-05-23,under,0.2565030514467781,1.8695652173913042,0.8695652173913042,1.0,False,False,False
2165,a7b38d28-5297-44f7-91b5-dc74cc525e67,170,Jade Melbourne,jademelbourne,SEA,points,8.5,-115.0,-120.0,33,33,2025-05-23 17:58:08+00:00,2025-05-23 17:58:08+00:00,2025-05-23 17:58:08+00:00,2025-05-24 02:00:00+00:00,0.0,2025-05-23,2025,REG,LVA,WAS,1.080338266384778,True,,0.4944937749375121,401736129,5017726,16,17,0,True,False,matched,14.0,2025-05-23,under,0.297580822777401,1.8333333333333335,-1.0,1.0,False,False,False
2166,39fa2be8-ff33-4ded-9068-3716bb9dcc5c,141,Jonquel Jones,jonqueljones,NYL,rebounds,8.5,-146.0,110.0,10,10,2025-05-23 19:18:43+00:00,2025-05-23 19:18:43+00:00,2025-05-23 19:18:43+00:00,2025-05-24 17:00:00+00:00,0.0,2025-05-24,2025,REG,IND,NYL,1.0696864111498257,True,,0.5607420039050215,401736132,2999101,9,5,0,True,False,matched,12.0,2025-05-24,under,0.19748878200605663,2.1,-1.0,1.0,False,False,False
2166,d769bdff-b505-46e5-9ee2-44c67f9cb8cc,132,Sabrina Ionescu,sabrinaionescu,NYL,threes,2.5,-114.0,-114.0,10,10,2025-05-23 19:18:43+00:00,2025-05-23 19:18:43+00:00,2025-05-23 19:18:43+00:00,2025-05-24 17:00:00+00:00,0.0,2025-05-24,2025,REG,IND,NYL,1.0654205607476634,True,,0.5000000000000001,401736132,4066533,9,5,0,True,False,matched,2.0,2025-05-24,under,0.14605079215077355,1.8771929824561404,0.8771929824561404,1.0,False,False,False
2166,dd978a34-86de-41db-8cdc-4fa6f12b3736,163,Natasha Cloud,natashacloud,CHI,threes,1.5,140.0,-188.0,10,10,2025-05-23 19:18:43+00:00,2025-05-23 19:18:43+00:00,2025-05-23 19:18:43+00:00,2025-05-24 17:00:00+00:00,0.0,2025-05-24,2025,REG,IND,NYL,1.0694444444444444,True,,0.37770717896550643,401736132,2529137,9,5,0,True,False,matched,2.0,2025-05-24,over,0.13334635560459163,2.4,1.4,1.0,False,False,False
2166,40fcbb88-66d7-4890-b386-e38d287849ee,71,Aliyah Boston,aliyahboston,IND,points,15.5,-102.0,-128.0,10,10,2025-05-23 19:18:43+00:00,2025-05-23 19:18:43+00:00,2025-05-23 19:18:43+00:00,2025-05-24 17:00:00+00:00,0.0,2025-05-24,2025,REG,IND,NYL,1.0663540038214347,True,,0.47082505196940394,401736132,4432831,5,9,1,True,False,matched,27.0,2025-05-24,under,0.11215982006660502,1.78125,-1.0,1.0,False,False,False
2167,d8f7fcd0-50fe-4dce-945b-b5f7f7b0e5fb,1,Allisha Gray,allishagray,ATL,threes,3.5,102.0,-136.0,10,10,2025-05-23 20:38:13+00:00,2025-05-23 20:38:13+00:00,2025-05-23 20:38:13+00:00,2025-05-24 19:00:00+00:00,0.0,2025-05-24,2025,REG,ATL,DAL,1.071320691391173,True,,0.4579067075572801,401736133,3058901,20,3,1,True,False,matched,4.0,2025-05-24,under,0.38215314268887923,1.7352941176470589,-1.0,1.0,False,False,False
2167,f1b2f222-5b95-4a8d-b1c1-18cde0375b94,49,Brionna Jones,brionnajones,ATL,rebounds,8.5,-108.0,-122.0,10,10,2025-05-23 20:38:13+00:00,2025-05-23 20:38:13+00:00,2025-05-23 20:38:13+00:00,2025-05-24 19:00:00+00:00,0.0,2025-05-24,2025,REG,ATL,DAL,1.0687803187803186,True,,0.48431040390879443,401736133,3058895,20,3,1,True,False,matched,15.0,2025-05-24,under,0.306676599693254,1.819672131147541,-1.0,1.0,False,False,False
2167,ec0c9a25-ecc8-4836-887a-013fdfd637d2,15,Rhyne Howard,rhynehoward,ATL,assists,3.5,-136.0,102.0,10,10,2025-05-23 20:38:13+00:00,2025-05-23 20:38:13+00:00,2025-05-23 20:38:13+00:00,2025-05-24 19:00:00+00:00,0.0,2025-05-24,2025,REG,ATL,DAL,1.071320691391173,True,,0.5420932924427202,401736133,4398674,20,3,1,True,False,matched,10.0,2025-05-24,under,0.12712461156125632,2.02,-1.0,1.0,False,False,False
2162,26779bb7-9faa-446f-8b02-74b980689922,43,Olivia Nelson-Ododa,olivianelsonododa,CON,points,8.5,105.0,-140.0,33,33,2025-05-23 22:22:16+00:00,2025-05-23 22:22:16+00:00,2025-05-23 22:22:16+00:00,2025-05-23 23:30:00+00:00,0.0,2025-05-23,2025,REG,MIN,CON,1.0711382113821137,True,,0.4504960980130703,401736128,4398966,18,8,0,True,False,matched,10.0,2025-05-23,under,0.49764556354557143,1.7142857142857144,-1.0,1.0,False,False,False
2165,c30dad5c-6e25-486c-aadf-b8efbb9b0f0a,189,Stefanie Dolson,stefaniedolson,SEA,points,7.5,-115.0,-115.0,49,49,2025-05-24 01:58:03+00:00,2025-05-24 01:58:03+00:00,2025-05-24 01:58:03+00:00,2025-05-24 02:00:00+00:00,0.0,2025-05-23,2025,REG,LVA,WAS,1.0697674418604652,True,,0.5,401736129,2529183,16,17,0,True,False,matched,8.0,2025-05-23,under,0.1872516216227419,1.8695652173913042,-1.0,1.0,False,False,False
2167,0e5fbfc8-887e-41d3-9437-2ee9698c5c7c,48,DiJonai Carrington,dijonaicarrington,CHI,assists,4.5,130.0,-165.0,19,19,2025-05-24 03:38:40+00:00,2025-05-24 03:38:40+00:00,2025-05-24 03:38:40+00:00,2025-05-24 19:00:00+00:00,0.0,2025-05-24,2025,REG,ATL,DAL,1.0574241181296147,True,,0.40336479341976944,401736133,4066548,3,20,0,True,False,matched,1.0,2025-05-24,under,0.5851363377564257,1.606060606060606,0.606060606060606,1.0,False,False,False
2166,a88c8256-a72d-43b4-b5fc-676c7d327d44,45,DeWanna Bonner,dewannabonner,PHO,points,6.5,-115.0,-115.0,49,49,2025-05-24 07:17:38+00:00,2025-05-24 07:17:38+00:00,2025-05-24 07:17:38+00:00,2025-05-24 17:00:00+00:00,0.0,2025-05-24,2025,REG,IND,NYL,1.0697674418604652,True,,0.5,401736132,869,5,9,1,True,False,matched,2.0,2025-05-24,over,0.24456955757819393,1.8695652173913042,-1.0,1.0,False,False,False
2167,27931d7a-f59b-415c-b4e7-5a6cb8b19847,193,Myisha Hines-Allen,myishahinesallen,IND,points,8.5,-115.0,-115.0,49,49,2025-05-24 07:17:39+00:00,2025-05-24 07:17:39+00:00,2025-05-24 07:17:39+00:00,2025-05-24 19:00:00+00:00,0.0,2025-05-24,2025,REG,ATL,DAL,1.0697674418604652,True,,0.5,401736133,3142055,3,20,0,True,False,matched,2.0,2025-05-24,under,0.38469883985581577,1.8695652173913042,0.8695652173913042,1.0,False,False,False
2167,c221bc3f-336e-46df-b619-53bf80a3a101,73,NaLyssa Smith,nalyssasmith,LVA,points,8.5,-115.0,-115.0,49,49,2025-05-24 07:17:39+00:00,2025-05-24 07:17:39+00:00,2025-05-24 07:17:39+00:00,2025-05-24 19:00:00+00:00,0.0,2025-05-24,2025,REG,ATL,DAL,1.0697674418604652,True,,0.5,401736133,4398776,3,20,0,True,False,matched,13.0,2025-05-24,under,0.13888954300371298,1.8695652173913042,-1.0,1.0,False,False,False
2168,3fab284e-0bfc-439a-ab75-06d21239197a,49,Brionna Jones,brionnajones,ATL,rebounds,8.5,-104.0,-128.0,10,10,2025-05-25 00:27:18+00:00,2025-05-25 00:27:18+00:00,2025-05-25 00:27:18+00:00,2025-05-25 19:00:00+00:00,0.0,2025-05-25,2025,REG,ATL,CON,1.0712074303405572,True,,0.4732611100971195,401736134,3058895,20,18,1,True,False,matched,9.0,2025-05-25,under,0.3096988402390126,1.78125,-1.0,1.0,False,False,False
2168,7a3af5c2-f163-4830-8b0a-2e4ad01a92fa,1,Allisha Gray,allishagray,ATL,assists,4.5,-104.0,-128.0,10,10,2025-05-25 00:27:19+00:00,2025-05-25 00:27:19+00:00,2025-05-25 00:27:19+00:00,2025-05-25 19:00:00+00:00,0.0,2025-05-25,2025,REG,ATL,CON,1.0712074303405572,True,,0.4732611100971195,401736134,3058901,20,18,1,True,False,matched,3.0,2025-05-25,under,0.3264803852221861,1.78125,0.78125,1.0,False,False,False
2168,c2a03ac4-f077-4f07-a379-9b2fbc97a682,22,Marina Mabrey,marinamabrey,TOR,points,14.5,-118.0,-110.0,10,10,2025-05-25 00:27:19+00:00,2025-05-25 00:27:19+00:00,2025-05-25 00:27:19+00:00,2025-05-25 19:00:00+00:00,0.0,2025-05-25,2025,REG,ATL,CON,1.0650939274792486,True,,0.5090245232268319,401736134,3904576,18,20,0,True,False,matched,12.0,2025-05-25,under,0.15885632236071257,1.9090909090909092,0.9090909090909092,1.0,False,False,False
2168,12296f03-4543-4a89-ba60-44d119c5013d,15,Rhyne Howard,rhynehoward,ATL,assists,4.5,138.0,-186.0,10,10,2025-05-25 00:27:19+00:00,2025-05-25 00:27:19+00:00,2025-05-25 00:27:19+00:00,2025-05-25 19:00:00+00:00,0.0,2025-05-25,2025,REG,ATL,CON,1.070517717576541,True,,0.3807086475713989,401736134,4398674,20,18,1,True,False,matched,2.0,2025-05-25,under,0.1391660140452478,1.5376344086021505,0.5376344086021505,1.0,False,False,False
2168,521ef008-e7d2-492a-a497-e5802cd42361,9,Tina Charles,tinacharles,FA,points,15.5,-104.0,-125.0,10,10,2025-05-25 00:27:19+00:00,2025-05-25 00:27:19+00:00,2025-05-25 00:27:19+00:00,2025-05-25 19:00:00+00:00,0.0,2025-05-25,2025,REG,ATL,CON,1.065359477124183,True,,0.4763687479911608,401736134,918,18,20,0,True,False,matched,11.0,2025-05-25,under,0.10534951697990408,1.8,0.8,1.0,False,False,False
2171,b5c40d78-66eb-4c96-a899-31f9cd000676,185,Ariel Atkins,arielatkins,LAS,threes,1.5,138.0,-186.0,10,10,2025-05-25 00:51:12+00:00,2025-05-25 00:51:12+00:00,2025-05-25 00:51:12+00:00,2025-05-25 22:00:00+00:00,0.0,2025-05-25,2025,REG,LAS,CHI,1.070517717576541,True,,0.3807086475713989,401736135,3146151,19,6,0,True,False,matched,0.0,2025-05-25,over,0.395622769901063,2.38,-1.0,1.0,False,False,False
2171,7817668e-7900-4aae-8c87-253572cce42c,145,Courtney Vandersloot,courtneyvandersloot,CHI,assists,5.5,126.0,-168.0,10,10,2025-05-25 00:51:12+00:00,2025-05-25 00:51:12+00:00,2025-05-25 00:51:12+00:00,2025-05-25 22:00:00+00:00,0.0,2025-05-25,2025,REG,LAS,CHI,1.0693435477479856,True,,0.4045224464881516,401736135,981,19,6,0,True,False,matched,2.0,2025-05-25,under,0.37054197510440856,1.5952380952380953,0.5952380952380953,1.0,False,False,False
2171,679a7d14-7a0c-4f7a-96d5-5060fdce0031,101,Kelsey Plum,kelseyplum,LAS,assists,5.5,108.0,-144.0,10,10,2025-05-25 00:51:12+00:00,2025-05-25 00:51:12+00:00,2025-05-25 00:51:12+00:00,2025-05-25 22:00:00+00:00,0.0,2025-05-25,2025,REG,LAS,CHI,1.0709331651954601,True,,0.4433154794603006,401736135,3065570,6,19,1,True,False,matched,8.0,2025-05-25,under,0.3485749881314042,1.6944444444444444,-1.0,1.0,False,False,False
2171,83e7e9e7-2db6-4104-942d-6324a1d89e73,82,Azura Stevens,azurastevens,CHI,points,13.5,-122.0,-106.0,10,10,2025-05-25 00:51:12+00:00,2025-05-25 00:51:12+00:00,2025-05-25 00:51:12+00:00,2025-05-25 22:00:00+00:00,0.0,2025-05-25,2025,REG,LAS,CHI,1.064112656345666,True,,0.518058368553134,401736135,3142010,6,19,1,True,False,matched,24.0,2025-05-25,under,0.3147476251421873,1.9433962264150944,-1.0,1.0,False,False,False
2170,b18bdade-403b-4d1e-abc4-08ed567a595b,54,Satou Sabally,satousabally,NYL,points,21.5,-114.0,-114.0,10,10,2025-05-25 01:08:09+00:00,2025-05-25 01:08:09+00:00,2025-05-25 01:08:09+00:00,2025-05-25 22:00:00+00:00,0.0,2025-05-25,2025,REG,PHX,WAS,1.0654205607476634,True,,0.5000000000000001,401736136,4281929,11,16,1,True,False,matched,12.0,2025-05-25,under,0.24024014765948304,1.8771929824561404,0.8771929824561404,1.0,False,False,False
2170,8ff41579-1a12-4f82-b19a-4adfce4ceba3,40,Alyssa Thomas,alyssathomas,PHO,points,16.5,-106.0,-122.0,10,10,2025-05-25 01:08:10+00:00,2025-05-25 01:08:10+00:00,2025-05-25 01:08:10+00:00,2025-05-25 22:00:00+00:00,0.0,2025-05-25,2025,REG,PHX,WAS,1.064112656345666,True,,0.4819416314468661,401736136,2529140,11,16,1,True,False,matched,11.0,2025-05-25,under,0.2571387800868982,1.819672131147541,0.819672131147541,1.0,False,False,False
2169,27655949-fb6f-4be3-8e8e-3adab8cff5b4,103,A'ja Wilson,ajawilson,LVA,assists,3.5,122.0,-162.0,10,10,2025-05-25 02:34:22+00:00,2025-05-25 02:34:22+00:00,2025-05-25 02:34:22+00:00,2025-05-25 22:00:00+00:00,0.0,2025-05-25,2025,REG,SEA,LVA,1.0687710611374732,True,,0.41310819110441305,401736137,3149391,17,14,0,True,False,matched,4.0,2025-05-25,under,0.12579334426646205,1.617283950617284,-1.0,1.0,False,False,False
2169,52ca0dbe-ced1-4c4b-a79d-6582d8ad03d4,102,Jackie Young,jackieyoung,LVA,points,16.5,-120.0,-108.0,10,10,2025-05-25 02:34:23+00:00,2025-05-25 02:34:23+00:00,2025-05-25 02:34:23+00:00,2025-05-25 22:00:00+00:00,0.0,2025-05-25,2025,REG,SEA,LVA,1.0646853146853146,True,,0.5135396953663074,401736137,4065870,17,14,0,True,False,matched,14.0,2025-05-25,under,0.2650696490122572,1.925925925925926,0.925925925925926,1.0,False,False,False
2169,887d6f1b-045c-41fe-ae9c-4a3a7967a170,166,Jewell Loyd,jewellloyd,LVA,threes,1.5,-198.0,146.0,10,10,2025-05-25 02:34:23+00:00,2025-05-25 02:34:23+00:00,2025-05-25 02:34:23+00:00,2025-05-25 22:00:00+00:00,0.0,2025-05-25,2025,REG,SEA,LVA,1.0709335952419927,True,,0.6337196281856059,401736137,2987869,17,14,0,True,False,matched,3.0,2025-05-25,under,0.17991954677157318,2.46,-1.0,1.0,False,False,False
2169,10f0e23e-2f2e-4020-b8ea-a0638ca009a7,176,Ezi Magbegor,ezimagbegor,SEA,rebounds,7.5,-122.0,-108.0,10,10,2025-05-25 02:34:23+00:00,2025-05-25 02:34:23+00:00,2025-05-25 02:34:23+00:00,2025-05-25 22:00:00+00:00,0.0,2025-05-25,2025,REG,SEA,LVA,1.0687803187803186,True,,0.5156895960912058,401736137,4420318,14,17,1,True,False,matched,7.0,2025-05-25,under,0.17910712446086458,1.925925925925926,0.925925925925926,1.0,False,False,False
2169,5e6c8ff1-99fe-4160-9dc1-b3f85fd82339,180,Nneka Ogwumike,nnekaogwumike,LAS,points,18.5,-104.0,-125.0,10,10,2025-05-25 02:34:23+00:00,2025-05-25 02:34:23+00:00,2025-05-25 02:34:23+00:00,2025-05-25 22:00:00+00:00,0.0,2025-05-25,2025,REG,SEA,LVA,1.065359477124183,True,,0.4763687479911608,401736137,1068,14,17,1,True,False,matched,23.0,2025-05-25,under,0.15867301832127773,1.8,-1.0,1.0,False,False,False
2169,056265b0-7cd0-4d33-835a-9a4ed76fdce3,208,Gabby Williams,gabbywilliams,GSV,points,11.5,-120.0,-108.0,10,10,2025-05-25 02:34:23+00:00,2025-05-25 02:34:23+00:00,2025-05-25 02:34:23+00:00,2025-05-25 22:00:00+00:00,0.0,2025-05-25,2025,REG,SEA,LVA,1.0646853146853146,True,,0.5135396953663074,401736137,3142328,14,17,1,True,False,matched,12.0,2025-05-25,under,0.15803024137152194,1.925925925925926,-1.0,1.0,False,False,False
2169,8a02ec9e-906d-4ff9-b0f4-bfe50a1be4d6,175,Skylar Diggins,skylardiggins,CHI,points,19.5,104.0,-135.0,10,10,2025-05-25 02:34:23+00:00,2025-05-25 02:34:23+00:00,2025-05-25 02:34:23+00:00,2025-05-25 22:00:00+00:00,0.0,2025-05-25,2025,REG,SEA,LVA,1.0646641635377556,True,,0.45648742045938223,401736137,2491205,14,17,1,True,False,matched,10.0,2025-05-25,under,0.12905565338365665,1.7407407407407407,0.7407407407407407,1.0,False,False,False
2169,908291e4-5ba0-4c90-b049-cba109dbcfa2,107,Chelsea Gray,chelseagray,LVA,points,12.5,-102.0,-128.0,10,10,2025-05-25 02:34:24+00:00,2025-05-25 02:34:24+00:00,2025-05-25 02:34:24+00:00,2025-05-25 22:00:00+00:00,0.0,2025-05-25,2025,REG,SEA,LVA,1.0663540038214347,True,,0.47082505196940394,401736137,2529122,17,14,0,True,False,matched,8.0,2025-05-25,under,0.16852416903404943,1.78125,0.78125,1.0,False,False,False
2170,25252480-5857-4a2a-bc59-35a6002ee773,573,Sonia Citron,soniacitron,WAS,threes,1.5,120.0,-150.0,24,24,2025-05-25 07:56:11+00:00,2025-05-25 07:56:11+00:00,2025-05-25 07:56:11+00:00,2025-05-25 22:00:00+00:00,0.0,2025-05-25,2025,REG,PHX,WAS,1.0545454545454547,True,,0.4253013906678685,401736136,4433524,16,11,0,True,False,matched,2.0,2025-05-25,over,0.2252697643956858,2.2,1.2000000000000002,1.0,False,False,False
2168,712c6fa5-48d0-409c-976a-082cbdedf24d,43,Olivia Nelson-Ododa,olivianelsonododa,CON,rebounds,6.5,-110.0,-125.0,33,33,2025-05-25 10:06:07+00:00,2025-05-25 10:06:07+00:00,2025-05-25 10:06:07+00:00,2025-05-25 19:00:00+00:00,0.0,2025-05-25,2025,REG,ATL,CON,1.0793650793650795,True,,0.48347295800639944,401736134,4398966,18,20,0,True,False,matched,5.0,2025-05-25,under,0.5916922198678833,1.8,0.8,1.0,False,False,False
2170,6cb4de6a-61f5-49b8-a517-4f2cf8f91322,177,Sami Whitcomb,samiwhitcomb,PHO,points,7.5,100.0,-130.0,49,49,2025-05-25 10:28:23+00:00,2025-05-25 10:28:23+00:00,2025-05-25 10:28:23+00:00,2025-05-25 22:00:00+00:00,0.0,2025-05-25,2025,REG,PHX,WAS,1.065217391304348,True,,0.4663164946059025,401736136,887,11,16,1,True,False,matched,5.0,2025-05-25,under,0.303361345983398,1.7692307692307692,0.7692307692307692,1.0,False,False,False
2170,ae7b3e98-f737-483d-b21a-694950b365fb,189,Stefanie Dolson,stefaniedolson,SEA,points,7.5,-115.0,-115.0,49,49,2025-05-25 10:28:23+00:00,2025-05-25 10:28:23+00:00,2025-05-25 10:28:23+00:00,2025-05-25 22:00:00+00:00,0.0,2025-05-25,2025,REG,PHX,WAS,1.0697674418604652,True,,0.5,401736136,2529183,16,11,0,True,False,matched,2.0,2025-05-25,under,0.11963778690826782,1.8695652173913042,0.8695652173913042,1.0,False,False,False
2170,ac0c37de-7654-4ea2-b178-311aa3c40422,170,Jade Melbourne,jademelbourne,SEA,points,10.5,120.0,-165.0,33,33,2025-05-25 12:27:53+00:00,2025-05-25 12:27:53+00:00,2025-05-25 12:27:53+00:00,2025-05-25 22:00:00+00:00,0.0,2025-05-25,2025,REG,PHX,WAS,1.077186963979417,True,,0.4125727301166773,401736136,5017726,16,11,0,True,False,matched,6.0,2025-05-25,under,0.19191843132155434,1.606060606060606,0.606060606060606,1.0,False,False,False
2170,6480a7c9-56a1-4c9a-9c16-68153bc2cbd0,182,Brittney Sykes,brittneysykes,TOR,points,18.5,-128.0,-102.0,10,10,2025-05-25 21:26:46+00:00,2025-05-25 21:26:46+00:00,2025-05-25 21:26:46+00:00,2025-05-25 22:00:00+00:00,0.0,2025-05-25,2025,REG,PHX,WAS,1.0663540038214347,True,,0.5291749480305961,401736136,2988756,16,11,0,True,False,matched,10.0,2025-05-25,under,0.2707034498362253,1.9803921568627452,0.9803921568627452,1.0,False,False,False
2172,fb879d15-4905-4bcf-a3ec-c5cac64a3d77,132,Sabrina Ionescu,sabrinaionescu,NYL,rebounds,4.5,130.0,-174.0,10,10,2025-05-26 04:17:20+00:00,2025-05-26 04:17:20+00:00,2025-05-26 04:17:20+00:00,2025-05-27 23:00:00+00:00,0.0,2025-05-27,2025,REG,NYL,GSV,1.069819105046017,True,,0.3962729171732011,401736139,4066533,9,129689,1,True,False,matched,5.0,2025-05-27,over,0.18032718294092298,2.3,1.2999999999999998,1.0,False,False,False
2172,8789a992-39c9-4e73-b907-56ccacf20c6b,139,Kayla Thornton,kaylathornton,GSV,threes,1.5,-200.0,148.0,10,10,2025-05-26 04:17:21+00:00,2025-05-26 04:17:21+00:00,2025-05-26 04:17:21+00:00,2025-05-27 23:00:00+00:00,0.0,2025-05-27,2025,REG,NYL,GSV,1.0698924731182795,True,,0.6365014949541484,401736139,2529622,129689,9,0,True,False,matched,2.0,2025-05-27,under,1.0700783910352012,2.48,-1.0,1.0,False,False,False
2172,db39fcb2-cdc2-4f74-a916-74d291792b7d,72,Temi Fagbenle,temifagbenle,TOR,points,10.5,-122.0,-106.0,10,10,2025-05-26 04:17:21+00:00,2025-05-26 04:17:21+00:00,2025-05-26 04:17:21+00:00,2025-05-27 23:00:00+00:00,0.0,2025-05-27,2025,REG,NYL,GSV,1.064112656345666,True,,0.518058368553134,401736139,2569044,129689,9,0,True,False,matched,11.0,2025-05-27,under,0.5842444107226447,1.9433962264150944,-1.0,1.0,False,False,False
2172,bd3c3de2-50d9-4007-991a-d614c7b66d03,137,Breanna Stewart,breannastewart,NYL,points,18.5,-125.0,-104.0,10,10,2025-05-26 04:17:21+00:00,2025-05-26 04:17:21+00:00,2025-05-26 04:17:21+00:00,2025-05-27 23:00:00+00:00,0.0,2025-05-27,2025,REG,NYL,GSV,1.065359477124183,True,,0.5236312520088393,401736139,2998928,9,129689,1,True,False,matched,24.0,2025-05-27,under,0.12360665850338637,1.9615384615384617,-1.0,1.0,False,False,False
2172,58459077-7df0-4c9e-bc3b-64746eaa7ce9,141,Jonquel Jones,jonqueljones,NYL,rebounds,8.5,-152.0,114.0,10,10,2025-05-26 04:17:21+00:00,2025-05-26 04:17:21+00:00,2025-05-26 04:17:21+00:00,2025-05-27 23:00:00+00:00,0.0,2025-05-27,2025,REG,NYL,GSV,1.0704643228007713,True,,0.5703965275254933,401736139,2999101,9,129689,1,True,False,matched,10.0,2025-05-27,under,0.11412599886096575,2.1399999999999997,-1.0,1.0,False,False,False
2174,1f31573f-b466-426b-a51d-5bb3ce12def0,176,Ezi Magbegor,ezimagbegor,SEA,points,10.5,-120.0,-108.0,10,10,2025-05-26 05:05:11+00:00,2025-05-26 05:05:11+00:00,2025-05-26 05:05:11+00:00,2025-05-28 00:00:00+00:00,0.0,2025-05-27,2025,REG,MIN,SEA,1.0646853146853146,True,,0.5135396953663074,401736140,4420318,14,8,0,True,False,matched,6.0,2025-05-27,under,0.35903082073712733,1.925925925925926,0.925925925925926,1.0,False,False,False
2174,9cc8de88-7ac3-4e2f-8d73-316a5592c5a4,208,Gabby Williams,gabbywilliams,GSV,assists,3.5,-166.0,124.0,10,10,2025-05-26 05:05:11+00:00,2025-05-26 05:05:11+00:00,2025-05-26 05:05:11+00:00,2025-05-28 00:00:00+00:00,0.0,2025-05-27,2025,REG,MIN,SEA,1.0704887218045114,True,,0.5920365770215091,401736140,3142328,14,8,0,True,False,matched,6.0,2025-05-27,under,0.21936386357414583,2.24,-1.0,1.0,False,False,False
2174,e30d9194-fcf1-46d8-a904-76e3e4bcc420,180,Nneka Ogwumike,nnekaogwumike,LAS,points,19.5,100.0,-130.0,10,10,2025-05-26 05:05:11+00:00,2025-05-26 05:05:11+00:00,2025-05-26 05:05:11+00:00,2025-05-28 00:00:00+00:00,0.0,2025-05-27,2025,REG,MIN,SEA,1.065217391304348,True,,0.4663164946059025,401736140,1068,14,8,0,True,False,matched,11.0,2025-05-27,under,0.2172021794783573,1.7692307692307692,0.7692307692307692,1.0,False,False,False
2174,2b7bd6a5-90a7-4cc5-8f3d-558b7ce3fff6,117,Courtney Williams,courtneywilliams,MIN,points,14.5,102.0,-132.0,10,10,2025-05-26 05:05:11+00:00,2025-05-26 05:05:11+00:00,2025-05-26 05:05:11+00:00,2025-05-28 00:00:00+00:00,0.0,2025-05-27,2025,REG,MIN,SEA,1.0640150221918745,True,,0.4618487426836327,401736140,2987891,8,14,1,True,False,matched,23.0,2025-05-27,under,0.2084857610385299,1.7575757575757576,-1.0,1.0,False,False,False
2174,5a9ad4c0-6a9a-4bf5-b0a8-c946bd9bc58d,112,Napheesa Collier,napheesacollier,MIN,points,24.5,-114.0,-114.0,10,10,2025-05-26 05:05:11+00:00,2025-05-26 05:05:11+00:00,2025-05-26 05:05:11+00:00,2025-05-28 00:00:00+00:00,0.0,2025-05-27,2025,REG,MIN,SEA,1.0654205607476634,True,,0.5000000000000001,401736140,3917450,8,14,1,True,False,matched,16.0,2025-05-27,under,0.13108370417753173,1.8771929824561404,0.8771929824561404,1.0,False,False,False
2173,85eb13bc-dc00-4952-b89d-5d699d272f1b,22,Marina Mabrey,marinamabrey,TOR,assists,3.5,-172.0,128.0,10,10,2025-05-26 05:39:40+00:00,2025-05-26 05:39:40+00:00,2025-05-26 05:39:40+00:00,2025-05-27 23:00:00+00:00,0.0,2025-05-27,2025,REG,CON,DAL,1.0709494324045408,True,,0.6004234693007796,401736138,3904576,18,3,1,True,False,matched,1.0,2025-05-27,under,0.24930037058992055,2.2800000000000002,1.2800000000000002,1.0,False,False,False
2173,efedfcc6-9ea4-44b2-907e-79f6f4ff7a7e,63,Arike Ogunbowale,arikeogunbowale,DAL,points,18.5,-114.0,-114.0,10,10,2025-05-26 05:39:40+00:00,2025-05-26 05:39:40+00:00,2025-05-26 05:39:40+00:00,2025-05-27 23:00:00+00:00,0.0,2025-05-27,2025,REG,CON,DAL,1.0654205607476634,True,,0.5000000000000001,401736138,3904577,3,18,0,True,False,matched,19.0,2025-05-27,under,0.19077887200599436,1.8771929824561404,-1.0,1.0,False,False,False
2173,7f963dc6-30a8-4d27-b4f4-6496cd9b4cb6,9,Tina Charles,tinacharles,FA,rebounds,7.5,100.0,-132.0,10,10,2025-05-26 05:39:40+00:00,2025-05-26 05:39:40+00:00,2025-05-26 05:39:40+00:00,2025-05-27 23:00:00+00:00,0.0,2025-05-27,2025,REG,CON,DAL,1.0689655172413794,True,,0.46430627616618364,401736138,918,18,3,1,True,False,matched,6.0,2025-05-27,over,0.13158914798175775,2.0,-1.0,1.0,False,False,False
2173,194ebd41-2b75-455f-8af2-3dd3834032d2,528,Paige Bueckers,paigebueckers,DAL,points,14.5,-110.0,-118.0,10,10,2025-05-26 05:39:41+00:00,2025-05-26 05:39:41+00:00,2025-05-26 05:39:41+00:00,2025-05-27 23:00:00+00:00,0.0,2025-05-27,2025,REG,CON,DAL,1.0650939274792486,True,,0.4909754767731684,401736138,4433730,3,18,0,True,False,matched,21.0,2025-05-27,under,0.2612150037420787,1.847457627118644,-1.0,1.0,False,False,False
2176,77512a21-c359-4df1-bf29-8b02103852e3,101,Kelsey Plum,kelseyplum,LAS,assists,5.5,-135.0,105.0,24,24,2025-05-26 11:18:05+00:00,2025-05-26 11:18:05+00:00,2025-05-26 11:18:05+00:00,2025-05-28 02:00:00+00:00,0.0,2025-05-27,2025,REG,LAS,ATL,1.0622729631551635,True,,0.5446886059829622,401736141,3065570,6,20,1,True,False,matched,5.0,2025-05-27,under,0.5044866226548614,2.05,1.0499999999999998,1.0,False,False,False
2176,1d75ffb7-c2ae-4979-85cd-f2d680c8b747,1,Allisha Gray,allishagray,ATL,assists,4.5,-125.0,-105.0,24,24,2025-05-26 11:18:05+00:00,2025-05-26 11:18:05+00:00,2025-05-26 11:18:05+00:00,2025-05-28 02:00:00+00:00,0.0,2025-05-27,2025,REG,LAS,ATL,1.067750677506775,True,,0.5224258196571001,401736141,3058901,20,6,0,True,False,matched,6.0,2025-05-27,under,0.4210039128016928,1.9523809523809523,-1.0,1.0,False,False,False
2175,1a7a3d78-1d34-4046-97f3-0ea668663328,145,Courtney Vandersloot,courtneyvandersloot,CHI,threes,1.5,140.0,-170.0,24,24,2025-05-26 11:18:05+00:00,2025-05-26 11:18:05+00:00,2025-05-26 11:18:05+00:00,2025-05-28 02:00:00+00:00,0.0,2025-05-27,2025,REG,PHX,CHI,1.0462962962962963,True,,0.3910947128467968,401736142,981,19,11,0,True,False,matched,0.0,2025-05-27,under,0.36037944728156923,1.5882352941176472,0.5882352941176472,1.0,False,False,False
2176,78e76e57-2c7b-4125-bd60-ed10f37c646f,15,Rhyne Howard,rhynehoward,ATL,assists,4.5,-115.0,-115.0,24,24,2025-05-26 11:18:05+00:00,2025-05-26 11:18:05+00:00,2025-05-26 11:18:05+00:00,2025-05-28 02:00:00+00:00,0.0,2025-05-27,2025,REG,LAS,ATL,1.0697674418604652,True,,0.5,401736141,4398674,20,6,0,True,False,matched,7.0,2025-05-27,under,0.2721898604932676,1.8695652173913042,-1.0,1.0,False,False,False
2175,34b66b17-90ed-4d7c-87e9-2fa944fe45f1,177,Sami Whitcomb,samiwhitcomb,PHO,threes,1.5,105.0,-135.0,24,24,2025-05-26 11:18:05+00:00,2025-05-26 11:18:05+00:00,2025-05-26 11:18:05+00:00,2025-05-28 02:00:00+00:00,0.0,2025-05-27,2025,REG,PHX,CHI,1.0622729631551635,True,,0.45531139401703796,401736142,887,11,19,1,True,False,matched,1.0,2025-05-27,under,0.12419862790861291,1.7407407407407407,0.7407407407407407,1.0,False,False,False
2174,214b4278-c2cc-4f43-bafe-c2396cbd3893,116,Jessica Shepard,jessicashepard,DAL,points,12.5,120.0,-170.0,33,33,2025-05-26 13:59:16+00:00,2025-05-26 13:59:16+00:00,2025-05-26 13:59:16+00:00,2025-05-28 00:00:00+00:00,0.0,2025-05-27,2025,REG,MIN,SEA,1.0841750841750841,True,,0.40856326639475826,401736140,3906949,8,14,1,True,False,matched,4.0,2025-05-27,under,0.2875152715203093,1.5882352941176472,0.5882352941176472,1.0,False,False,False
2173,4d87b11a-4df5-4d6f-b040-bbe85d62586d,61,Maddy Siegrist,maddysiegrist,DAL,points,12.5,110.0,-160.0,33,33,2025-05-26 15:27:07+00:00,2025-05-26 15:27:07+00:00,2025-05-26 15:27:07+00:00,2025-05-27 23:00:00+00:00,0.0,2025-05-27,2025,REG,CON,DAL,1.0915750915750917,True,,0.4269962481828023,401736138,4399415,3,18,0,True,False,matched,12.0,2025-05-27,under,0.3156716844772398,1.625,0.625,1.0,False,False,False
2176,a2b210e7-34cf-42f6-9c68-c326715f2da2,82,Azura Stevens,azurastevens,CHI,points,13.5,-128.0,-102.0,10,10,2025-05-26 17:22:34+00:00,2025-05-26 17:22:34+00:00,2025-05-26 17:22:34+00:00,2025-05-28 02:00:00+00:00,0.0,2025-05-27,2025,REG,LAS,ATL,1.0663540038214347,True,,0.5291749480305961,401736141,3142010,6,20,1,True,False,matched,10.0,2025-05-27,under,0.27564150616090227,1.9803921568627452,0.9803921568627452,1.0,False,False,False
2176,d52b2d34-98f4-4964-b36e-ef394cfc311f,89,Dearica Hamby,dearicahamby,LAS,points,17.5,-106.0,-122.0,10,10,2025-05-26 17:22:34+00:00,2025-05-26 17:22:34+00:00,2025-05-26 17:22:34+00:00,2025-05-28 02:00:00+00:00,0.0,2025-05-27,2025,REG,LAS,ATL,1.064112656345666,True,,0.4819416314468661,401736141,2566106,6,20,1,True,False,matched,28.0,2025-05-27,under,0.1590068342297738,1.819672131147541,-1.0,1.0,False,False,False
2176,948cbbf2-edaa-4099-be1b-caf799c27f58,49,Brionna Jones,brionnajones,ATL,rebounds,10.5,-108.0,-122.0,10,10,2025-05-26 17:36:55+00:00,2025-05-26 17:36:55+00:00,2025-05-26 17:36:55+00:00,2025-05-28 02:00:00+00:00,0.0,2025-05-27,2025,REG,LAS,ATL,1.0687803187803186,True,,0.48431040390879443,401736141,3058895,20,6,0,True,False,matched,2.0,2025-05-27,under,0.4667807846971739,1.819672131147541,0.819672131147541,1.0,False,False,False
2175,99ec2a3a-202d-4bfe-ac89-b19d804d2316,40,Alyssa Thomas,alyssathomas,PHO,points,16.5,-106.0,-122.0,10,10,2025-05-26 17:40:30+00:00,2025-05-26 17:40:30+00:00,2025-05-26 17:40:30+00:00,2025-05-28 02:00:00+00:00,0.0,2025-05-27,2025,REG,PHX,CHI,1.064112656345666,True,,0.4819416314468661,401736142,2529140,11,19,1,True,False,matched,10.0,2025-05-27,under,0.24718556014566545,1.819672131147541,0.819672131147541,1.0,False,False,False
2175,21a5d033-5064-4e22-8518-0d337fe132f5,185,Ariel Atkins,arielatkins,LAS,threes,1.5,152.0,-200.0,10,10,2025-05-26 17:40:31+00:00,2025-05-26 17:40:31+00:00,2025-05-26 17:40:31+00:00,2025-05-28 02:00:00+00:00,0.0,2025-05-27,2025,REG,PHX,CHI,1.0634920634920635,True,,0.36068443721893606,401736142,3146151,19,11,0,True,False,matched,2.0,2025-05-27,over,0.3339853331289536,2.52,1.52,1.0,False,False,False
2175,1e8d291a-7a0d-42a2-b082-1b5d07fea07b,54,Satou Sabally,satousabally,NYL,points,21.5,-114.0,-114.0,10,10,2025-05-26 17:40:31+00:00,2025-05-26 17:40:31+00:00,2025-05-26 17:40:31+00:00,2025-05-28 02:00:00+00:00,0.0,2025-05-27,2025,REG,PHX,CHI,1.0654205607476634,True,,0.5000000000000001,401736142,4281929,11,19,1,True,False,matched,20.0,2025-05-27,under,0.2445347930275677,1.8771929824561404,0.8771929824561404,1.0,False,False,False
2172,47a4485c-218d-4dc4-ae66-c4a92fbe85e6,55,Veronica Burton,veronicaburton,GSV,points,11.5,-125.0,-104.0,10,10,2025-05-27 01:22:42+00:00,2025-05-27 01:22:42+00:00,2025-05-27 01:22:42+00:00,2025-05-27 23:00:00+00:00,0.0,2025-05-27,2025,REG,NYL,GSV,1.065359477124183,True,,0.5236312520088393,401736139,4398935,129689,9,0,True,False,matched,13.0,2025-05-27,under,0.7689634602968669,1.9615384615384617,-1.0,1.0,False,False,False
2174,2b06eed3-419c-4dd0-ba36-cf1170cf866a,121,Alanna Smith,alannasmith,DAL,points,10.5,-125.0,-104.0,10,10,2025-05-27 06:46:30+00:00,2025-05-27 06:46:30+00:00,2025-05-27 06:46:30+00:00,2025-05-28 00:00:00+00:00,0.0,2025-05-27,2025,REG,MIN,SEA,1.065359477124183,True,,0.5236312520088393,401736140,3913881,8,14,1,True,False,matched,16.0,2025-05-27,under,0.345114404099584,1.9615384615384617,-1.0,1.0,False,False,False
2177,cf551c07-403e-4d0d-933e-c1cfeaf71e2e,182,Brittney Sykes,brittneysykes,TOR,assists,4.5,100.0,-130.0,24,24,2025-05-27 11:45:22+00:00,2025-05-27 11:45:22+00:00,2025-05-27 11:45:22+00:00,2025-05-28 23:30:00+00:00,0.0,2025-05-28,2025,REG,WAS,IND,1.065217391304348,True,,0.4663164946059025,401736143,2988756,16,5,1,True,False,matched,4.0,2025-05-28,under,0.17237774610032597,1.7692307692307692,0.7692307692307692,1.0,False,False,False
2177,fd290c81-d70a-4379-bf3e-1003a8be229a,68,Caitlin Clark,caitlinclark,IND,assists,9.5,-115.0,-115.0,24,24,2025-05-27 11:45:22+00:00,2025-05-27 11:45:22+00:00,2025-05-27 11:45:22+00:00,2025-05-28 23:30:00+00:00,0.0,2025-05-28,2025,REG,WAS,IND,1.0697674418604652,True,,0.5,401736143,4433403,5,16,0,True,True,did_not_play,,2025-05-28,under,0.16851759985257264,1.8695652173913042,0.0,0.0,False,True,False
2173,10f1ce7f-4e86-4324-bd0a-3147a720ac92,43,Olivia Nelson-Ododa,olivianelsonododa,CON,points,11.5,-110.0,-125.0,33,33,2025-05-27 15:55:28+00:00,2025-05-27 15:55:28+00:00,2025-05-27 15:55:28+00:00,2025-05-27 23:00:00+00:00,0.0,2025-05-27,2025,REG,CON,DAL,1.0793650793650795,True,,0.48347295800639944,401736138,4398966,18,3,1,True,False,matched,6.0,2025-05-27,under,0.555565212557025,1.8,0.8,1.0,False,False,False
2177,f5a55524-c5e4-44a3-97c4-aec20fe4c680,56,Natasha Howard,natashahoward,MIN,rebounds,7.5,-122.0,-108.0,10,10,2025-05-27 17:58:02+00:00,2025-05-27 17:58:02+00:00,2025-05-27 17:58:02+00:00,2025-05-28 23:30:00+00:00,0.0,2025-05-28,2025,REG,WAS,IND,1.0687803187803186,True,,0.5156895960912058,401736143,2529130,5,16,0,True,False,matched,6.0,2025-05-28,under,0.25205899782277774,1.925925925925926,0.925925925925926,1.0,False,False,False
2177,ea05d855-cc8b-490c-887e-d582f6293d3a,71,Aliyah Boston,aliyahboston,IND,points,17.5,-114.0,-114.0,10,10,2025-05-27 17:58:02+00:00,2025-05-27 17:58:02+00:00,2025-05-27 17:58:02+00:00,2025-05-28 23:30:00+00:00,0.0,2025-05-28,2025,REG,WAS,IND,1.0654205607476634,True,,0.5000000000000001,401736143,4432831,5,16,0,True,False,matched,10.0,2025-05-28,under,0.21719285980149033,1.8771929824561404,0.8771929824561404,1.0,False,False,False
2177,dc26b6d0-0e04-4eb8-afbb-ec7a9c4d64ce,573,Sonia Citron,soniacitron,WAS,rebounds,3.5,-144.0,108.0,10,10,2025-05-27 17:58:03+00:00,2025-05-27 17:58:03+00:00,2025-05-27 17:58:03+00:00,2025-05-28 23:30:00+00:00,0.0,2025-05-28,2025,REG,WAS,IND,1.0709331651954601,True,,0.5566845205396996,401736143,4433524,16,5,1,True,False,matched,7.0,2025-05-28,under,0.15700280369062297,2.08,-1.0,1.0,False,False,False
2177,89458e3c-97bc-477f-9a0f-cdefcff8f275,76,Lexie Hull,lexiehull,IND,points,9.5,-128.0,-102.0,10,10,2025-05-28 06:00:18+00:00,2025-05-28 06:00:18+00:00,2025-05-28 06:00:18+00:00,2025-05-28 23:30:00+00:00,0.0,2025-05-28,2025,REG,WAS,IND,1.0663540038214347,True,,0.5291749480305961,401736143,4398829,5,16,0,True,False,matched,9.0,2025-05-28,under,0.42562055124029236,1.9803921568627452,0.9803921568627452,1.0,False,False,False
2177,55a6f91c-1f3b-401d-9ec3-d134060b7cf3,156,Sophie Cunningham,sophiecunningham,IND,threes,1.5,-158.0,118.0,10,10,2025-05-28 06:00:18+00:00,2025-05-28 06:00:18+00:00,2025-05-28 06:00:18+00:00,2025-05-28 23:30:00+00:00,0.0,2025-05-28,2025,REG,WAS,IND,1.0711186971054691,True,,0.5796527091990534,401736143,3907781,5,16,0,True,False,matched,0.0,2025-05-28,under,0.1451225962232982,2.1799999999999997,1.1799999999999997,1.0,False,False,False
2178,6388d65d-bbec-4b67-ac70-41e5259a0760,139,Kayla Thornton,kaylathornton,GSV,threes,1.5,-154.0,116.0,10,10,2025-05-28 16:48:07+00:00,2025-05-28 16:48:07+00:00,2025-05-28 16:48:07+00:00,2025-05-29 23:00:00+00:00,0.0,2025-05-29,2025,REG,NYL,GSV,1.0692621755613883,True,,0.574207987656796,401736144,2529622,129689,9,0,True,False,matched,0.0,2025-05-29,under,0.7163237876523056,2.16,1.1600000000000001,1.0,False,False,False
2178,011e2f19-074b-40d5-88fd-d4abfcfea1d1,132,Sabrina Ionescu,sabrinaionescu,NYL,assists,4.5,116.0,-154.0,10,10,2025-05-28 16:48:07+00:00,2025-05-28 16:48:07+00:00,2025-05-28 16:48:07+00:00,2025-05-29 23:00:00+00:00,0.0,2025-05-29,2025,REG,NYL,GSV,1.0692621755613883,True,,0.425792012343204,401736144,4066533,9,129689,1,True,False,matched,4.0,2025-05-29,over,0.3295693997156843,2.16,-1.0,1.0,False,False,False
2178,a7330933-b0ed-4dc3-8663-b7f8ec073bda,163,Natasha Cloud,natashacloud,CHI,threes,1.5,164.0,-225.0,10,10,2025-05-28 16:48:07+00:00,2025-05-28 16:48:07+00:00,2025-05-28 16:48:07+00:00,2025-05-29 23:00:00+00:00,0.0,2025-05-29,2025,REG,NYL,GSV,1.0710955710955712,True,,0.33738864980507277,401736144,2529137,9,129689,1,True,False,matched,1.0,2025-05-29,over,0.18260755177917765,2.6399999999999997,-1.0,1.0,False,False,False
2178,62122abb-b6bc-41db-9516-1322930b7257,55,Veronica Burton,veronicaburton,GSV,points,11.5,-110.0,-118.0,10,10,2025-05-28 16:48:08+00:00,2025-05-28 16:48:08+00:00,2025-05-28 16:48:08+00:00,2025-05-29 23:00:00+00:00,0.0,2025-05-29,2025,REG,NYL,GSV,1.0650939274792486,True,,0.4909754767731684,401736144,4398935,129689,9,0,True,False,matched,2.0,2025-05-29,under,0.608770289987973,1.847457627118644,0.847457627118644,1.0,False,False,False
2178,26d6691a-e3bd-41e2-b61d-83dcbbce12ef,72,Temi Fagbenle,temifagbenle,TOR,points,9.5,-120.0,-108.0,10,10,2025-05-28 16:48:08+00:00,2025-05-28 16:48:08+00:00,2025-05-28 16:48:08+00:00,2025-05-29 23:00:00+00:00,0.0,2025-05-29,2025,REG,NYL,GSV,1.0646853146853146,True,,0.5135396953663074,401736144,2569044,129689,9,0,True,False,matched,9.0,2025-05-29,under,0.4413952756301571,1.925925925925926,0.925925925925926,1.0,False,False,False
2179,479c6bcd-fba1-41fe-a1a5-00831bb7e138,145,Courtney Vandersloot,courtneyvandersloot,CHI,points,10.5,-114.0,-114.0,10,10,2025-05-28 17:54:34+00:00,2025-05-28 17:54:34+00:00,2025-05-28 17:54:34+00:00,2025-05-30 00:00:00+00:00,0.0,2025-05-29,2025,REG,CHI,DAL,1.0654205607476634,True,,0.5000000000000001,401736145,981,19,3,1,True,False,matched,13.0,2025-05-29,under,0.33988245852906745,1.8771929824561404,-1.0,1.0,False,False,False
2179,7e867457-5b6f-4c7b-b9f1-443f22fcfaf0,528,Paige Bueckers,paigebueckers,DAL,threes,0.5,-245.0,178.0,10,10,2025-05-28 17:54:34+00:00,2025-05-28 17:54:34+00:00,2025-05-28 17:54:34+00:00,2025-05-30 00:00:00+00:00,0.0,2025-05-29,2025,REG,CHI,DAL,1.0698571577520593,True,,0.6816736496668425,401736145,4433730,3,19,0,True,False,matched,1.0,2025-05-29,under,0.28472573961082226,2.7800000000000002,-1.0,1.0,False,False,False
2179,0c8774da-46ab-4ea8-bd25-38187a92f72d,185,Ariel Atkins,arielatkins,LAS,threes,1.5,100.0,-132.0,10,10,2025-05-28 17:54:35+00:00,2025-05-28 17:54:35+00:00,2025-05-28 17:54:35+00:00,2025-05-30 00:00:00+00:00,0.0,2025-05-29,2025,REG,CHI,DAL,1.0689655172413794,True,,0.46430627616618364,401736145,3146151,19,3,1,True,False,matched,2.0,2025-05-29,over,0.14421679866654014,2.0,1.0,1.0,False,False,False
2179,196ef680-d9f6-4662-bc86-31fc8cd6690c,26,Angel Reese,angelreese,ATL,assists,2.5,-105.0,-125.0,24,24,2025-05-28 18:22:40+00:00,2025-05-28 18:22:40+00:00,2025-05-28 18:22:40+00:00,2025-05-30 00:00:00+00:00,0.0,2025-05-29,2025,REG,CHI,DAL,1.067750677506775,True,,0.47757418034290006,401736145,4433402,19,3,1,True,False,matched,5.0,2025-05-29,under,0.15152545372939646,1.8,-1.0,1.0,False,False,False
2179,fd89ca33-c35d-4186-a4be-23bcc1bf21ac,48,DiJonai Carrington,dijonaicarrington,CHI,rebounds,3.5,-120.0,-110.0,10,10,2025-05-29 00:14:11+00:00,2025-05-29 00:14:11+00:00,2025-05-29 00:14:11+00:00,2025-05-30 00:00:00+00:00,0.0,2025-05-29,2025,REG,CHI,DAL,1.0692640692640691,True,,0.5112040114787568,401736145,4066548,3,19,0,True,False,matched,4.0,2025-05-29,over,0.1082145350124244,1.8333333333333335,0.8333333333333335,1.0,False,False,False
2179,070d849a-38da-4c3f-b3d7-62efac0b7697,63,Arike Ogunbowale,arikeogunbowale,DAL,rebounds,3.5,175.0,-260.0,49,49,2025-05-29 03:00:44+00:00,2025-05-29 03:00:44+00:00,2025-05-29 03:00:44+00:00,2025-05-30 00:00:00+00:00,0.0,2025-05-29,2025,REG,CHI,DAL,1.0858585858585859,True,,0.312291114919721,401736145,3904577,3,19,0,True,False,matched,5.0,2025-05-29,over,0.10687597360315038,2.75,1.75,1.0,False,False,False
2184,58be8da4-d279-4924-88b4-b786bac4f0ea,101,Kelsey Plum,kelseyplum,LAS,assists,5.5,-136.0,102.0,10,10,2025-05-30 04:31:30+00:00,2025-05-30 04:31:30+00:00,2025-05-30 04:31:30+00:00,2025-05-31 02:00:00+00:00,0.0,2025-05-30,2025,REG,LVA,LAS,1.071320691391173,True,,0.5420932924427202,401736148,3065570,6,17,0,True,False,matched,3.0,2025-05-30,under,0.5144772620047864,2.02,1.02,1.0,False,False,False
2184,e4664d4b-2ee7-4809-b99a-2d0e81f27ece,82,Azura Stevens,azurastevens,CHI,rebounds,9.5,-102.0,-130.0,10,10,2025-05-30 04:31:30+00:00,2025-05-30 04:31:30+00:00,2025-05-30 04:31:30+00:00,2025-05-31 02:00:00+00:00,0.0,2025-05-30,2025,REG,LVA,LAS,1.0701678863538528,True,,0.46878765056355093,401736148,3142010,6,17,0,True,False,matched,10.0,2025-05-30,under,0.232472909620838,1.7692307692307692,-1.0,1.0,False,False,False
2184,7bbbceb6-da18-46a4-ae0b-77ee0bdfac5e,102,Jackie Young,jackieyoung,LVA,points,16.5,100.0,-130.0,10,10,2025-05-30 04:31:30+00:00,2025-05-30 04:31:30+00:00,2025-05-30 04:31:30+00:00,2025-05-31 02:00:00+00:00,0.0,2025-05-30,2025,REG,LVA,LAS,1.065217391304348,True,,0.4663164946059025,401736148,4065870,17,6,1,True,False,matched,26.0,2025-05-30,under,0.10832553847091042,1.7692307692307692,-1.0,1.0,False,False,False
2184,0c53c146-4ebf-46b1-af86-bf418c70f34e,103,A'ja Wilson,ajawilson,LVA,rebounds,11.5,-102.0,-130.0,10,10,2025-05-30 04:31:30+00:00,2025-05-30 04:31:30+00:00,2025-05-30 04:31:30+00:00,2025-05-31 02:00:00+00:00,0.0,2025-05-30,2025,REG,LVA,LAS,1.0701678863538528,True,,0.46878765056355093,401736148,3149391,17,6,1,True,False,matched,13.0,2025-05-30,under,0.10017193663201168,1.7692307692307692,-1.0,1.0,False,False,False
2184,30da1c08-aea0-42b4-9a76-226bee350d50,89,Dearica Hamby,dearicahamby,LAS,rebounds,7.5,-146.0,110.0,10,10,2025-05-30 04:31:31+00:00,2025-05-30 04:31:31+00:00,2025-05-30 04:31:31+00:00,2025-05-31 02:00:00+00:00,0.0,2025-05-30,2025,REG,LVA,LAS,1.0696864111498257,True,,0.5607420039050215,401736148,2566106,6,17,0,True,False,matched,10.0,2025-05-30,under,0.1742159313644111,2.1,-1.0,1.0,False,False,False
2184,80488ebf-c46d-42e0-bd65-0a956eaf7edd,166,Jewell Loyd,jewellloyd,LVA,points,15.5,-118.0,-110.0,10,10,2025-05-30 04:31:31+00:00,2025-05-30 04:31:31+00:00,2025-05-30 04:31:31+00:00,2025-05-31 02:00:00+00:00,0.0,2025-05-30,2025,REG,LVA,LAS,1.0650939274792486,True,,0.5090245232268319,401736148,2987869,17,6,1,True,False,matched,3.0,2025-05-30,under,0.10048979839847183,1.9090909090909092,0.9090909090909092,1.0,False,False,False
2181,7b83c824-ec6c-41ca-aab0-0fc592acd403,182,Brittney Sykes,brittneysykes,TOR,points,18.5,-130.0,100.0,10,10,2025-05-30 05:02:26+00:00,2025-05-30 05:02:26+00:00,2025-05-30 05:02:26+00:00,2025-05-30 23:30:00+00:00,0.0,2025-05-30,2025,REG,WAS,NYL,1.065217391304348,True,,0.5336835053940976,401736147,2988756,16,9,1,True,False,matched,20.0,2025-05-30,under,0.3142202208505594,2.0,-1.0,1.0,False,False,False
2181,82423539-5aea-45b0-9257-adef87f30ebf,132,Sabrina Ionescu,sabrinaionescu,NYL,assists,4.5,124.0,-166.0,10,10,2025-05-30 05:02:26+00:00,2025-05-30 05:02:26+00:00,2025-05-30 05:02:26+00:00,2025-05-30 23:30:00+00:00,0.0,2025-05-30,2025,REG,WAS,NYL,1.0704887218045114,True,,0.40796342297849103,401736147,4066533,9,16,0,True,False,matched,5.0,2025-05-30,over,0.2936926425336355,2.24,1.2400000000000002,1.0,False,False,False
2181,7faad5c4-882e-4bcc-9b7d-eed0d9d74352,137,Breanna Stewart,breannastewart,NYL,points,18.5,-128.0,-102.0,10,10,2025-05-30 05:02:26+00:00,2025-05-30 05:02:26+00:00,2025-05-30 05:02:26+00:00,2025-05-30 23:30:00+00:00,0.0,2025-05-30,2025,REG,WAS,NYL,1.0663540038214347,True,,0.5291749480305961,401736147,2998928,9,16,0,True,False,matched,10.0,2025-05-30,under,0.13445526454970397,1.9803921568627452,0.9803921568627452,1.0,False,False,False
2181,38877d65-fc85-42fd-a424-fba8f541908d,141,Jonquel Jones,jonqueljones,NYL,rebounds,9.5,100.0,-132.0,10,10,2025-05-30 05:02:26+00:00,2025-05-30 05:02:26+00:00,2025-05-30 05:02:26+00:00,2025-05-30 23:30:00+00:00,0.0,2025-05-30,2025,REG,WAS,NYL,1.0689655172413794,True,,0.46430627616618364,401736147,2999101,9,16,0,True,False,matched,18.0,2025-05-30,under,0.10014384320481717,1.7575757575757576,-1.0,1.0,False,False,False
2180,e52b398c-ad0c-4a05-b79d-23e97bf3fb54,9,Tina Charles,tinacharles,FA,points,18.5,-114.0,-114.0,10,10,2025-05-30 05:17:04+00:00,2025-05-30 05:17:04+00:00,2025-05-30 05:17:04+00:00,2025-05-30 23:30:00+00:00,0.0,2025-05-30,2025,REG,IND,CON,1.0654205607476634,True,,0.5000000000000001,401736146,918,18,5,0,True,False,matched,18.0,2025-05-30,under,0.23754892392406923,1.8771929824561404,0.8771929824561404,1.0,False,False,False
2180,87bd3443-ec33-42a2-800d-3f30a6b0f1b1,71,Aliyah Boston,aliyahboston,IND,points,16.5,-118.0,-110.0,10,10,2025-05-30 05:17:04+00:00,2025-05-30 05:17:04+00:00,2025-05-30 05:17:04+00:00,2025-05-30 23:30:00+00:00,0.0,2025-05-30,2025,REG,IND,CON,1.0650939274792486,True,,0.5090245232268319,401736146,4432831,5,18,1,True,False,matched,17.0,2025-05-30,under,0.18052024994080274,1.9090909090909092,-1.0,1.0,False,False,False
2180,7915edd6-2b6c-4657-9c31-ee063eb0797d,56,Natasha Howard,natashahoward,MIN,rebounds,6.5,-132.0,100.0,10,10,2025-05-30 05:17:04+00:00,2025-05-30 05:17:04+00:00,2025-05-30 05:17:04+00:00,2025-05-30 23:30:00+00:00,0.0,2025-05-30,2025,REG,IND,CON,1.0689655172413794,True,,0.5356937238338165,401736146,2529130,5,18,1,True,False,matched,6.0,2025-05-30,under,0.10522902816766527,2.0,1.0,1.0,False,False,False
2182,016b22d6-7021-4f3e-a75e-ffe12bb050da,15,Rhyne Howard,rhynehoward,ATL,points,16.5,-128.0,-102.0,10,10,2025-05-30 05:55:23+00:00,2025-05-30 05:55:23+00:00,2025-05-30 05:55:23+00:00,2025-05-31 02:00:00+00:00,0.0,2025-05-30,2025,REG,SEA,ATL,1.0663540038214347,True,,0.5291749480305961,401736150,4398674,20,14,0,True,False,matched,33.0,2025-05-30,under,0.2189094205261044,1.9803921568627452,-1.0,1.0,False,False,False
2182,e39f83c8-91c9-4557-8d35-736e752e0b1b,49,Brionna Jones,brionnajones,ATL,rebounds,9.5,-106.0,-125.0,10,10,2025-05-30 05:55:24+00:00,2025-05-30 05:55:24+00:00,2025-05-30 05:55:24+00:00,2025-05-31 02:00:00+00:00,0.0,2025-05-30,2025,REG,SEA,ATL,1.070118662351672,True,,0.4787708928615623,401736150,3058895,20,14,0,True,False,matched,5.0,2025-05-30,under,0.4188123272373421,1.8,0.8,1.0,False,False,False
2182,5277b0ab-7e4b-4d89-9ca5-be7b26773684,1,Allisha Gray,allishagray,ATL,assists,4.5,116.0,-154.0,10,10,2025-05-30 05:55:24+00:00,2025-05-30 05:55:24+00:00,2025-05-30 05:55:24+00:00,2025-05-31 02:00:00+00:00,0.0,2025-05-30,2025,REG,SEA,ATL,1.0692621755613883,True,,0.425792012343204,401736150,3058901,20,14,0,True,False,matched,2.0,2025-05-30,under,0.1414535776931728,1.6493506493506493,0.6493506493506493,1.0,False,False,False
2182,9cd0a32f-f9bf-4673-a89b-28018ba7ba54,148,Brittney Griner,brittneygriner,CON,rebounds,7.5,106.0,-140.0,10,10,2025-05-30 06:04:00+00:00,2025-05-30 06:04:00+00:00,2025-05-30 06:04:00+00:00,2025-05-31 02:00:00+00:00,0.0,2025-05-30,2025,REG,SEA,ATL,1.0687702265372168,True,,0.44933614350623635,401736150,2490553,20,14,0,True,False,matched,1.0,2025-05-30,under,0.11052723096726069,1.7142857142857144,0.7142857142857144,1.0,False,False,False
2182,80887e58-da73-4261-870e-a752c888672a,176,Ezi Magbegor,ezimagbegor,SEA,points,9.5,-125.0,-104.0,10,10,2025-05-30 06:04:01+00:00,2025-05-30 06:04:01+00:00,2025-05-30 06:04:01+00:00,2025-05-31 02:00:00+00:00,0.0,2025-05-30,2025,REG,SEA,ATL,1.065359477124183,True,,0.5236312520088393,401736150,4420318,14,20,1,True,False,matched,8.0,2025-05-30,under,0.2253952047162121,1.9615384615384617,0.9615384615384617,1.0,False,False,False
2182,a9e32b8c-cb5c-48cb-9324-cb15da4327de,180,Nneka Ogwumike,nnekaogwumike,LAS,points,18.5,102.0,-132.0,10,10,2025-05-30 06:04:01+00:00,2025-05-30 06:04:01+00:00,2025-05-30 06:04:01+00:00,2025-05-31 02:00:00+00:00,0.0,2025-05-30,2025,REG,SEA,ATL,1.0640150221918745,True,,0.4618487426836327,401736150,1068,14,20,1,True,False,matched,16.0,2025-05-30,under,0.12667212736771077,1.7575757575757576,0.7575757575757576,1.0,False,False,False
2182,cab66fcf-a900-42b1-b8db-dd1b9f508c96,175,Skylar Diggins,skylardiggins,CHI,points,17.5,-106.0,-122.0,10,10,2025-05-30 06:04:01+00:00,2025-05-30 06:04:01+00:00,2025-05-30 06:04:01+00:00,2025-05-31 02:00:00+00:00,0.0,2025-05-30,2025,REG,SEA,ATL,1.064112656345666,True,,0.4819416314468661,401736150,2491205,14,20,1,True,False,matched,20.0,2025-05-30,under,0.10719416071578375,1.819672131147541,-1.0,1.0,False,False,False
2182,566f93a4-30ec-4a40-9b90-0cfbebfabdb7,6,Nia Coffey,niacoffey,MIN,threes,1.5,105.0,-135.0,24,24,2025-05-30 06:23:17+00:00,2025-05-30 06:23:17+00:00,2025-05-30 06:23:17+00:00,2025-05-31 02:00:00+00:00,0.0,2025-05-30,2025,REG,SEA,ATL,1.0622729631551635,True,,0.45531139401703796,401736150,3054590,20,14,0,True,False,matched,0.0,2025-05-30,under,0.3662695900252023,1.7407407407407407,0.7407407407407407,1.0,False,False,False
2182,e12f579b-4b85-49ec-9940-ae70a3161bbb,208,Gabby Williams,gabbywilliams,GSV,threes,1.5,-125.0,-105.0,24,24,2025-05-30 06:23:17+00:00,2025-05-30 06:23:17+00:00,2025-05-30 06:23:17+00:00,2025-05-31 02:00:00+00:00,0.0,2025-05-30,2025,REG,SEA,ATL,1.067750677506775,True,,0.5224258196571001,401736150,3142328,14,20,1,True,False,matched,2.0,2025-05-30,under,0.22383940649133655,1.9523809523809523,-1.0,1.0,False,False,False
2183,ae432100-83cd-4afd-bf6b-851b12ed4ca4,54,Satou Sabally,satousabally,NYL,points,20.5,-122.0,-104.0,10,10,2025-05-30 07:00:11+00:00,2025-05-30 07:00:11+00:00,2025-05-30 07:00:11+00:00,2025-05-31 02:00:00+00:00,0.0,2025-05-30,2025,REG,PHX,MIN,1.059353471118177,True,,0.5204616807260106,401736149,4281929,11,8,1,True,False,matched,26.0,2025-05-30,under,0.30414228495450507,1.9615384615384617,-1.0,1.0,False,False,False
2183,c7050dfe-d307-423d-9f6f-05ff473adeec,40,Alyssa Thomas,alyssathomas,PHO,rebounds,7.5,-144.0,108.0,10,10,2025-05-30 07:00:11+00:00,2025-05-30 07:00:11+00:00,2025-05-30 07:00:11+00:00,2025-05-31 02:00:00+00:00,0.0,2025-05-30,2025,REG,PHX,MIN,1.0709331651954601,True,,0.5566845205396996,401736149,2529140,11,8,1,True,True,did_not_play,,2025-05-30,under,0.14474957265632216,2.08,0.0,0.0,False,True,False
2183,9973bd1a-8d91-4118-9fe9-92ba25684bc3,177,Sami Whitcomb,samiwhitcomb,PHO,threes,1.5,-145.0,115.0,24,24,2025-05-30 07:26:26+00:00,2025-05-30 07:26:26+00:00,2025-05-30 07:26:26+00:00,2025-05-31 02:00:00+00:00,0.0,2025-05-30,2025,REG,PHX,MIN,1.056953013763645,True,,0.5651598000470045,401736149,887,11,8,1,True,False,matched,1.0,2025-05-30,under,0.45572661802226133,2.15,1.15,1.0,False,False,False
2183,10f89f76-c61d-4782-8e99-3240f323e699,117,Courtney Williams,courtneywilliams,MIN,assists,4.5,-135.0,105.0,24,24,2025-05-30 07:26:26+00:00,2025-05-30 07:26:26+00:00,2025-05-30 07:26:26+00:00,2025-05-31 02:00:00+00:00,0.0,2025-05-30,2025,REG,PHX,MIN,1.0622729631551635,True,,0.5446886059829622,401736149,2987891,8,11,0,True,False,matched,7.0,2025-05-30,over,0.13198724490583136,1.7407407407407407,0.7407407407407407,1.0,False,False,False
2183,c62230d8-f07c-4f59-bf95-f9f941c41034,125,Kayla McBride,kaylamcbride,MIN,threes,2.5,-125.0,-105.0,24,24,2025-05-30 07:26:26+00:00,2025-05-30 07:26:26+00:00,2025-05-30 07:26:26+00:00,2025-05-31 02:00:00+00:00,0.0,2025-05-30,2025,REG,PHX,MIN,1.067750677506775,True,,0.5224258196571001,401736149,2529205,8,11,0,True,False,matched,3.0,2025-05-30,under,0.10797259038503043,1.9523809523809523,-1.0,1.0,False,False,False
2183,33c46947-14d2-401c-a14a-e5dc3161f9cf,121,Alanna Smith,alannasmith,DAL,points,11.5,-114.0,-114.0,10,10,2025-05-30 12:29:34+00:00,2025-05-30 12:29:34+00:00,2025-05-30 12:29:34+00:00,2025-05-31 02:00:00+00:00,0.0,2025-05-30,2025,REG,PHX,MIN,1.0654205607476634,True,,0.5000000000000001,401736149,3913881,8,11,0,True,False,matched,19.0,2025-05-30,under,0.30739238703020977,1.8771929824561404,-1.0,1.0,False,False,False
2180,71afae50-28d7-428b-87b8-322ed171f7fd,43,Olivia Nelson-Ododa,olivianelsonododa,CON,points,9.5,-115.0,-115.0,49,49,2025-05-30 13:05:54+00:00,2025-05-30 13:05:54+00:00,2025-05-30 13:05:54+00:00,2025-05-30 23:30:00+00:00,0.0,2025-05-30,2025,REG,IND,CON,1.0697674418604652,True,,0.5,401736146,4398966,18,5,0,True,False,matched,8.0,2025-05-30,under,0.5099003768589869,1.8695652173913042,0.8695652173913042,1.0,False,False,False
2180,6570b157-985e-4d32-a601-b82cf1da6563,76,Lexie Hull,lexiehull,IND,points,8.5,-115.0,-115.0,49,49,2025-05-30 13:05:54+00:00,2025-05-30 13:05:54+00:00,2025-05-30 13:05:54+00:00,2025-05-30 23:30:00+00:00,0.0,2025-05-30,2025,REG,IND,CON,1.0697674418604652,True,,0.5,401736146,4398829,5,18,1,True,False,matched,12.0,2025-05-30,under,0.18750813732960137,1.8695652173913042,-1.0,1.0,False,False,False
2185,bc8a986c-c245-4155-8735-c21ea69a5c9d,145,Courtney Vandersloot,courtneyvandersloot,CHI,assists,6.5,-102.0,-130.0,10,10,2025-05-31 06:14:16+00:00,2025-05-31 06:14:16+00:00,2025-05-31 06:14:16+00:00,2025-06-01 00:00:00+00:00,0.0,2025-05-31,2025,REG,DAL,CHI,1.0701678863538528,True,,0.46878765056355093,401736151,981,19,3,0,True,False,matched,7.0,2025-05-31,under,0.3814728696453523,1.7692307692307692,-1.0,1.0,False,False,False
2185,0fd90626-92be-4200-aa05-64b9bf2c5daf,185,Ariel Atkins,arielatkins,LAS,threes,1.5,116.0,-154.0,10,10,2025-05-31 06:14:16+00:00,2025-05-31 06:14:16+00:00,2025-05-31 06:14:16+00:00,2025-06-01 00:00:00+00:00,0.0,2025-05-31,2025,REG,DAL,CHI,1.0692621755613883,True,,0.425792012343204,401736151,3146151,19,3,0,True,False,matched,4.0,2025-05-31,over,0.243966281628539,2.16,1.1600000000000001,1.0,False,False,False
2185,8de0489c-6be4-4a5a-bebd-5dab981183f6,30,Kamilla Cardoso,kamillacardoso,CHI,points,12.5,-118.0,-110.0,10,10,2025-05-31 06:14:17+00:00,2025-05-31 06:14:17+00:00,2025-05-31 06:14:17+00:00,2025-06-01 00:00:00+00:00,0.0,2025-05-31,2025,REG,DAL,CHI,1.0650939274792486,True,,0.5090245232268319,401736151,4433405,19,3,0,True,False,matched,4.0,2025-05-31,under,0.1360467814877227,1.9090909090909092,0.9090909090909092,1.0,False,False,False
2185,92eff26b-c556-4079-beb4-a570c2c7f26c,26,Angel Reese,angelreese,ATL,assists,2.5,-125.0,-105.0,24,24,2025-05-31 06:46:45+00:00,2025-05-31 06:46:45+00:00,2025-05-31 06:46:45+00:00,2025-06-01 00:00:00+00:00,0.0,2025-05-31,2025,REG,DAL,CHI,1.067750677506775,True,,0.5224258196571001,401736151,4433402,19,3,0,True,False,matched,2.0,2025-05-31,under,0.15770372026497792,1.9523809523809523,0.9523809523809523,1.0,False,False,False
2185,c69cb23b-d48d-413b-b98c-b320c5b15967,61,Maddy Siegrist,maddysiegrist,DAL,rebounds,4.5,128.0,-172.0,10,10,2025-05-31 22:17:35+00:00,2025-05-31 22:17:35+00:00,2025-05-31 22:17:35+00:00,2025-06-01 00:00:00+00:00,0.0,2025-05-31,2025,REG,DAL,CHI,1.0709494324045408,True,,0.39957653069922067,401736151,4399415,3,19,1,True,False,matched,8.0,2025-05-31,under,0.14587173537472276,1.5813953488372094,-1.0,1.0,False,False,False
2185,c95eddcf-5562-465a-a7e1-bf7c052a8c48,193,Myisha Hines-Allen,myishahinesallen,IND,points,9.5,-113.0,-115.0,10,10,2025-05-31 22:21:02+00:00,2025-05-31 22:21:02+00:00,2025-05-31 22:21:02+00:00,2025-06-01 00:00:00+00:00,0.0,2025-05-31,2025,REG,DAL,CHI,1.0654001528551151,True,,0.49774423259931944,401736151,3142055,3,19,1,True,False,matched,1.0,2025-05-31,under,0.3949331138450676,1.8695652173913042,0.8695652173913042,1.0,False,False,False
2186,f0f9325e-403b-4f4c-87fe-dfaa29db185d,9,Tina Charles,tinacharles,FA,rebounds,6.5,116.0,-154.0,10,10,2025-06-01 03:34:35+00:00,2025-06-01 03:34:35+00:00,2025-06-01 03:34:35+00:00,2025-06-01 19:00:00+00:00,0.0,2025-06-01,2025,REG,NYL,CON,1.0692621755613883,True,,0.425792012343204,401736152,918,18,9,0,True,False,matched,1.0,2025-06-01,over,0.22166618448203818,2.16,-1.0,1.0,False,False,False
2186,d8266bd6-966d-4e67-a112-7abc5db2ec91,43,Olivia Nelson-Ododa,olivianelsonododa,CON,points,9.5,102.0,-132.0,10,10,2025-06-01 03:37:56+00:00,2025-06-01 03:37:56+00:00,2025-06-01 03:37:56+00:00,2025-06-01 19:00:00+00:00,0.0,2025-06-01,2025,REG,NYL,CON,1.0640150221918745,True,,0.4618487426836327,401736152,4398966,18,9,0,True,False,matched,6.0,2025-06-01,under,0.4511733693225215,1.7575757575757576,0.7575757575757576,1.0,False,False,False
2186,4f2a3c71-407f-4386-a1bb-64a452e2a3ea,22,Marina Mabrey,marinamabrey,TOR,points,16.5,-110.0,-118.0,10,10,2025-06-01 03:37:56+00:00,2025-06-01 03:37:56+00:00,2025-06-01 03:37:56+00:00,2025-06-01 19:00:00+00:00,0.0,2025-06-01,2025,REG,NYL,CON,1.0650939274792486,True,,0.4909754767731684,401736152,3904576,18,9,0,True,False,matched,8.0,2025-06-01,under,0.19976281483335656,1.847457627118644,0.847457627118644,1.0,False,False,False
2186,e00a9a10-b7e8-42b0-a1e7-b236fc5b65c5,137,Breanna Stewart,breannastewart,NYL,rebounds,5.5,-114.0,-114.0,10,10,2025-06-01 03:44:41+00:00,2025-06-01 03:44:41+00:00,2025-06-01 03:44:41+00:00,2025-06-01 19:00:00+00:00,0.0,2025-06-01,2025,REG,NYL,CON,1.0654205607476634,True,,0.5000000000000001,401736152,2998928,9,18,1,True,False,matched,3.0,2025-06-01,over,0.15301316591125658,1.8771929824561404,-1.0,1.0,False,False,False
2186,1426cb58-b6ff-4738-9a6c-f28d62148668,132,Sabrina Ionescu,sabrinaionescu,NYL,assists,4.5,-104.0,-128.0,10,10,2025-06-01 03:44:41+00:00,2025-06-01 03:44:41+00:00,2025-06-01 03:44:41+00:00,2025-06-01 19:00:00+00:00,0.0,2025-06-01,2025,REG,NYL,CON,1.0712074303405572,True,,0.4732611100971195,401736152,4066533,9,18,1,True,False,matched,5.0,2025-06-01,over,0.13321401333717753,1.9615384615384617,0.9615384615384617,1.0,False,False,False
2186,20c6958d-60f3-40c8-aeb8-7b52333f5640,141,Jonquel Jones,jonqueljones,NYL,rebounds,10.5,-130.0,-102.0,10,10,2025-06-01 03:48:05+00:00,2025-06-01 03:48:05+00:00,2025-06-01 03:48:05+00:00,2025-06-01 19:00:00+00:00,0.0,2025-06-01,2025,REG,NYL,CON,1.0701678863538528,True,,0.5312123494364493,401736152,2999101,9,18,1,True,False,matched,11.0,2025-06-01,under,0.24058255839601067,1.9803921568627452,-1.0,1.0,False,False,False
2187,c9dc07a2-da1a-4efb-8d46-f71cb8175c88,103,A'ja Wilson,ajawilson,LVA,rebounds,11.5,-114.0,-114.0,10,10,2025-06-01 05:28:51+00:00,2025-06-01 05:28:51+00:00,2025-06-01 05:28:51+00:00,2025-06-01 22:00:00+00:00,0.0,2025-06-01,2025,REG,SEA,LVA,1.0654205607476634,True,,0.5000000000000001,401736154,3149391,17,14,0,True,False,matched,7.0,2025-06-01,under,0.16116781884214948,1.8771929824561404,0.8771929824561404,1.0,False,False,False
2187,73eca18e-ade5-4761-b470-1c5d23cde460,102,Jackie Young,jackieyoung,LVA,rebounds,3.5,142.0,-192.0,10,10,2025-06-01 05:32:14+00:00,2025-06-01 05:32:14+00:00,2025-06-01 05:32:14+00:00,2025-06-01 22:00:00+00:00,0.0,2025-06-01,2025,REG,SEA,LVA,1.0707573870712102,True,,0.37336020860003377,401736154,4065870,17,14,0,True,False,matched,4.0,2025-06-01,over,0.23093849537853478,2.42,1.42,1.0,False,False,False
2187,2868ad94-313f-400c-8312-0f5966e5651b,107,Chelsea Gray,chelseagray,LVA,assists,3.5,-112.0,-118.0,10,10,2025-06-01 05:32:14+00:00,2025-06-01 05:32:14+00:00,2025-06-01 05:32:14+00:00,2025-06-01 22:00:00+00:00,0.0,2025-06-01,2025,REG,SEA,LVA,1.0695862904621776,True,,0.49327872882454105,401736154,2529122,17,14,0,True,False,matched,6.0,2025-06-01,over,0.19442578114026615,1.8928571428571428,0.8928571428571428,1.0,False,False,False
2187,0ea6f20d-17bb-4031-9ff4-2e10f95d7557,180,Nneka Ogwumike,nnekaogwumike,LAS,points,17.5,-108.0,-120.0,10,10,2025-06-01 05:35:38+00:00,2025-06-01 05:35:38+00:00,2025-06-01 05:35:38+00:00,2025-06-01 22:00:00+00:00,0.0,2025-06-01,2025,REG,SEA,LVA,1.0646853146853146,True,,0.48646030463369283,401736154,1068,14,17,1,True,False,matched,9.0,2025-06-01,under,0.11955006780994082,1.8333333333333335,0.8333333333333335,1.0,False,False,False
2187,5d9690cc-4291-47a5-81cb-b89fcb209f48,208,Gabby Williams,gabbywilliams,GSV,points,12.5,-108.0,-120.0,10,10,2025-06-01 05:35:38+00:00,2025-06-01 05:35:38+00:00,2025-06-01 05:35:38+00:00,2025-06-01 22:00:00+00:00,0.0,2025-06-01,2025,REG,SEA,LVA,1.0646853146853146,True,,0.48646030463369283,401736154,3142328,14,17,1,True,False,matched,20.0,2025-06-01,under,0.11495959974892128,1.8333333333333335,-1.0,1.0,False,False,False
2189,84458e0e-26c5-4f3c-bd3d-d72a52124454,112,Napheesa Collier,napheesacollier,MIN,points,23.5,-113.0,-115.0,10,10,2025-06-01 06:07:19+00:00,2025-06-01 06:07:19+00:00,2025-06-01 06:07:19+00:00,2025-06-02 00:30:00+00:00,0.0,2025-06-01,2025,REG,GSV,MIN,1.0654001528551151,True,,0.49774423259931944,401736155,3917450,8,129689,0,True,False,matched,24.0,2025-06-01,under,0.11776475173623985,1.8695652173913042,-1.0,1.0,False,False,False
2189,d6d06920-dc32-4573-a35b-5a498a49c2ec,139,Kayla Thornton,kaylathornton,GSV,threes,1.5,-158.0,118.0,10,10,2025-06-01 06:14:04+00:00,2025-06-01 06:14:04+00:00,2025-06-01 06:14:04+00:00,2025-06-02 00:30:00+00:00,0.0,2025-06-01,2025,REG,GSV,MIN,1.0711186971054691,True,,0.5796527091990534,401736155,2529622,129689,8,1,True,False,matched,1.0,2025-06-01,under,0.7805247450670065,2.1799999999999997,1.1799999999999997,1.0,False,False,False
2189,223f2890-3dc3-4cf1-ba7e-fc761f5f72a2,72,Temi Fagbenle,temifagbenle,TOR,rebounds,5.5,-154.0,116.0,10,10,2025-06-01 06:14:04+00:00,2025-06-01 06:14:04+00:00,2025-06-01 06:14:04+00:00,2025-06-02 00:30:00+00:00,0.0,2025-06-01,2025,REG,GSV,MIN,1.0692621755613883,True,,0.574207987656796,401736155,2569044,129689,8,1,True,False,matched,3.0,2025-06-01,under,0.4423259963088668,2.16,1.1600000000000001,1.0,False,False,False
2188,9f25f6bd-11a0-4a64-847d-555d2bcc58e2,101,Kelsey Plum,kelseyplum,LAS,assists,6.5,116.0,-154.0,10,10,2025-06-01 06:31:14+00:00,2025-06-01 06:31:14+00:00,2025-06-01 06:31:14+00:00,2025-06-01 22:00:00+00:00,0.0,2025-06-01,2025,REG,LAS,PHX,1.0692621755613883,True,,0.425792012343204,401736153,3065570,6,11,1,True,False,matched,2.0,2025-06-01,under,0.4003691526616662,1.6493506493506493,0.6493506493506493,1.0,False,False,False
2188,618d548a-1ad7-43da-bc82-3f4a881c02b3,82,Azura Stevens,azurastevens,CHI,rebounds,9.5,-112.0,-118.0,10,10,2025-06-01 06:31:14+00:00,2025-06-01 06:31:14+00:00,2025-06-01 06:31:14+00:00,2025-06-01 22:00:00+00:00,0.0,2025-06-01,2025,REG,LAS,PHX,1.0695862904621776,True,,0.49327872882454105,401736153,3142010,6,11,1,True,False,matched,7.0,2025-06-01,under,0.23396190482812196,1.847457627118644,0.847457627118644,1.0,False,False,False
2188,bbb4650a-ca5f-4720-b5ea-e4d6e7f0f29d,89,Dearica Hamby,dearicahamby,LAS,rebounds,9.5,116.0,-154.0,10,10,2025-06-01 06:31:14+00:00,2025-06-01 06:31:14+00:00,2025-06-01 06:31:14+00:00,2025-06-01 22:00:00+00:00,0.0,2025-06-01,2025,REG,LAS,PHX,1.0692621755613883,True,,0.425792012343204,401736153,2566106,6,11,1,True,False,matched,8.0,2025-06-01,under,0.1635081977297153,1.6493506493506493,0.6493506493506493,1.0,False,False,False
2188,a64a59fd-4e48-481a-9be3-8307799ee3b4,54,Satou Sabally,satousabally,NYL,threes,2.5,110.0,-146.0,10,10,2025-06-01 06:38:15+00:00,2025-06-01 06:38:15+00:00,2025-06-01 06:38:15+00:00,2025-06-01 22:00:00+00:00,0.0,2025-06-01,2025,REG,LAS,PHX,1.0696864111498257,True,,0.4392579960949788,401736153,4281929,11,6,0,True,False,matched,2.0,2025-06-01,under,0.19813223254296658,1.6849315068493151,0.6849315068493151,1.0,False,False,False
2188,0158702c-c8a2-4208-b5d5-512d9835e1b2,177,Sami Whitcomb,samiwhitcomb,PHO,threes,1.5,-145.0,115.0,24,24,2025-06-01 07:42:55+00:00,2025-06-01 07:42:55+00:00,2025-06-01 07:42:55+00:00,2025-06-01 22:00:00+00:00,0.0,2025-06-01,2025,REG,LAS,PHX,1.056953013763645,True,,0.5651598000470045,401736153,887,11,6,0,True,False,matched,3.0,2025-06-01,under,0.41346427176527006,2.15,-1.0,1.0,False,False,False
2189,5a440240-f3e8-4a3e-a472-bbed5ceec086,121,Alanna Smith,alannasmith,DAL,threes,1.5,-140.0,110.0,24,24,2025-06-01 08:02:19+00:00,2025-06-01 08:02:19+00:00,2025-06-01 08:02:19+00:00,2025-06-02 00:30:00+00:00,0.0,2025-06-01,2025,REG,GSV,MIN,1.0595238095238093,True,,0.555167954788897,401736155,3913881,8,129689,0,True,False,matched,0.0,2025-06-01,under,0.2378923832210842,2.1,1.1,1.0,False,False,False
2188,eb6ab614-095d-451e-a9a6-7ea5d59ac87b,293,Odyssey Sims,odysseysims,DAL,points,9.5,-115.0,-115.0,49,49,2025-06-01 10:07:18+00:00,2025-06-01 10:07:18+00:00,2025-06-01 10:07:18+00:00,2025-06-01 22:00:00+00:00,0.0,2025-06-01,2025,REG,LAS,PHX,1.0697674418604652,True,,0.5,401736153,2529047,6,11,1,True,False,matched,32.0,2025-06-01,under,0.10381542918703396,1.8695652173913042,-1.0,1.0,False,False,False
2189,cdaee241-e26b-4845-8d3c-57ef94d2880b,537,Janelle Salaun,janellesalaun,GSV,rebounds,5.5,-130.0,-102.0,10,10,2025-06-01 22:17:54+00:00,2025-06-01 22:17:54+00:00,2025-06-01 22:17:54+00:00,2025-06-02 00:30:00+00:00,0.0,2025-06-01,2025,REG,GSV,MIN,1.0701678863538528,True,,0.5312123494364493,401736155,4790264,129689,8,1,True,False,matched,6.0,2025-06-01,over,0.21423343993512728,1.7692307692307692,0.7692307692307692,1.0,False,False,False
2189,756a0bbf-b20b-46cc-a943-e73f9e7624b4,117,Courtney Williams,courtneywilliams,MIN,rebounds,4.5,-162.0,122.0,10,10,2025-06-01 23:13:15+00:00,2025-06-01 23:13:15+00:00,2025-06-01 23:13:15+00:00,2025-06-02 00:30:00+00:00,0.0,2025-06-01,2025,REG,GSV,MIN,1.0687710611374732,True,,0.5868918088955871,401736155,2987891,8,129689,0,True,False,matched,5.0,2025-06-01,under,0.1460413589175254,2.2199999999999998,-1.0,1.0,False,False,False
2189,238e78d7-657a-4813-ae70-0bb94a5bb5a9,55,Veronica Burton,veronicaburton,GSV,points,9.5,-108.0,-120.0,10,10,2025-06-02 00:14:00+00:00,2025-06-02 00:14:00+00:00,2025-06-02 00:14:00+00:00,2025-06-02 00:30:00+00:00,0.0,2025-06-01,2025,REG,GSV,MIN,1.0646853146853146,True,,0.48646030463369283,401736155,4398935,129689,8,1,True,False,matched,21.0,2025-06-01,under,0.4826593951637217,1.8333333333333335,-1.0,1.0,False,False,False
2190,cda9a0a4-437f-44b4-b817-c00d207d9dd6,182,Brittney Sykes,brittneysykes,TOR,assists,4.5,-106.0,-125.0,10,10,2025-06-02 04:53:03+00:00,2025-06-02 04:53:03+00:00,2025-06-02 04:53:03+00:00,2025-06-03 23:00:00+00:00,0.0,2025-06-03,2025,REG,IND,WAS,1.070118662351672,True,,0.4787708928615623,401736156,2988756,16,5,0,True,False,matched,4.0,2025-06-03,under,0.2500017255874006,1.8,0.8,1.0,False,False,False
2192,7df38eff-8af0-4664-a2b6-ee9dccff786c,61,Maddy Siegrist,maddysiegrist,DAL,points,9.5,-110.0,-118.0,10,10,2025-06-02 05:16:22+00:00,2025-06-02 05:16:22+00:00,2025-06-02 05:16:22+00:00,2025-06-04 01:30:00+00:00,0.0,2025-06-03,2025,REG,SEA,DAL,1.0650939274792486,True,,0.4909754767731684,401736158,4399415,3,14,0,True,False,matched,11.0,2025-06-03,under,0.2003052370191596,1.847457627118644,-1.0,1.0,False,False,False
2192,edaaa959-eb79-4920-b0e0-1e7200be9cb6,208,Gabby Williams,gabbywilliams,GSV,threes,1.5,-130.0,-102.0,10,10,2025-06-02 05:16:22+00:00,2025-06-02 05:16:22+00:00,2025-06-02 05:16:22+00:00,2025-06-04 01:30:00+00:00,0.0,2025-06-03,2025,REG,SEA,DAL,1.0701678863538528,True,,0.5312123494364493,401736158,3142328,14,3,1,True,False,matched,1.0,2025-06-03,under,0.13614356737441735,1.9803921568627452,0.9803921568627452,1.0,False,False,False
2192,700365e7-e333-4e6a-80d1-ef6de842b849,48,DiJonai Carrington,dijonaicarrington,CHI,points,12.5,-115.0,-113.0,10,10,2025-06-02 05:16:22+00:00,2025-06-02 05:16:22+00:00,2025-06-02 05:16:22+00:00,2025-06-04 01:30:00+00:00,0.0,2025-06-03,2025,REG,SEA,DAL,1.0654001528551151,True,,0.5022557674006809,401736158,4066548,3,14,0,True,False,matched,22.0,2025-06-03,under,0.13495556236949774,1.8849557522123894,-1.0,1.0,False,False,False
2192,4bb4486b-3f22-4fa4-a7b5-d27b2651742c,176,Ezi Magbegor,ezimagbegor,SEA,rebounds,7.5,-136.0,102.0,10,10,2025-06-02 05:16:22+00:00,2025-06-02 05:16:22+00:00,2025-06-02 05:16:22+00:00,2025-06-04 01:30:00+00:00,0.0,2025-06-03,2025,REG,SEA,DAL,1.071320691391173,True,,0.5420932924427202,401736158,4420318,14,3,1,True,False,matched,7.0,2025-06-03,under,0.11549493829634555,2.02,1.02,1.0,False,False,False
2191,d6c222a2-d2cb-4ae4-aa51-3750e3875d3b,117,Courtney Williams,courtneywilliams,MIN,threes,1.5,144.0,-194.0,10,10,2025-06-02 06:20:25+00:00,2025-06-02 06:20:25+00:00,2025-06-02 06:20:25+00:00,2025-06-04 00:00:00+00:00,0.0,2025-06-03,2025,REG,MIN,PHX,1.0697000111520019,True,,0.3704715671741537,401736157,2987891,8,11,1,True,False,matched,0.0,2025-06-03,under,0.14750080071363422,1.5154639175257731,0.5154639175257731,1.0,False,False,False
2191,029a4586-317b-4561-9f42-11986f82b2b0,54,Satou Sabally,satousabally,NYL,points,21.5,-115.0,-113.0,10,10,2025-06-02 06:23:45+00:00,2025-06-02 06:23:45+00:00,2025-06-02 06:23:45+00:00,2025-06-04 00:00:00+00:00,0.0,2025-06-03,2025,REG,MIN,PHX,1.0654001528551151,True,,0.5022557674006809,401736157,4281929,11,8,0,True,False,matched,15.0,2025-06-03,under,0.27076903930680574,1.8849557522123894,0.8849557522123894,1.0,False,False,False
2191,e96362aa-8bee-4abf-962e-8869d9ed7258,177,Sami Whitcomb,samiwhitcomb,PHO,threes,1.5,-150.0,105.0,49,49,2025-06-02 09:24:05+00:00,2025-06-02 09:24:05+00:00,2025-06-02 09:24:05+00:00,2025-06-04 00:00:00+00:00,0.0,2025-06-03,2025,REG,MIN,PHX,1.0878048780487806,True,,0.5587058424150191,401736157,887,11,8,0,True,False,matched,0.0,2025-06-03,under,0.28317065070499187,2.05,1.0499999999999998,1.0,False,False,False
2191,7dfbbdd9-509f-4abf-9b01-4803db7dc7d8,128,Bridget Carleton,bridgetcarleton,PDX,points,9.5,275.0,-400.0,49,49,2025-06-02 23:26:27+00:00,2025-06-02 23:26:27+00:00,2025-06-02 23:26:27+00:00,2025-06-04 00:00:00+00:00,0.0,2025-06-03,2025,REG,MIN,PHX,1.0666666666666667,True,,0.22349859889953516,401736157,3906972,8,11,1,True,False,matched,3.0,2025-06-03,over,0.1363103776821898,3.75,-1.0,1.0,False,False,False
2191,444876fa-bc9d-4712-bcb1-f06b0f99503d,563,Monique Akoa Makani,moniqueakoamakani,PHO,points,10.5,-105.0,-127.0,36,36,2025-06-03 06:58:58+00:00,2025-06-03 06:58:58+00:00,2025-06-03 06:58:58+00:00,2025-06-04 00:00:00+00:00,0.0,2025-06-03,2025,REG,MIN,PHX,1.0716664875899862,True,,0.47549523736149757,401736157,5274110,11,8,0,True,False,matched,4.0,2025-06-03,under,0.1903268180897748,1.7874015748031495,0.7874015748031495,1.0,False,False,False
2191,c237aa7b-ae63-43a8-9ace-13fdb0e2977c,112,Napheesa Collier,napheesacollier,MIN,assists,3.5,-125.0,-106.0,10,10,2025-06-03 16:57:19+00:00,2025-06-03 16:57:19+00:00,2025-06-03 16:57:19+00:00,2025-06-04 00:00:00+00:00,0.0,2025-06-03,2025,REG,MIN,PHX,1.070118662351672,True,,0.5212291071384377,401736157,3917450,8,11,1,True,False,matched,5.0,2025-06-03,under,0.16920969015471826,1.9433962264150944,-1.0,1.0,False,False,False
2190,6efd18a5-3abb-482e-a6e8-aab4f5636ded,573,Sonia Citron,soniacitron,WAS,assists,3.5,-110.0,-130.0,49,49,2025-06-03 18:09:56+00:00,2025-06-03 18:09:56+00:00,2025-06-03 18:09:56+00:00,2025-06-03 23:00:00+00:00,0.0,2025-06-03,2025,REG,IND,WAS,1.0890269151138718,True,,0.47832076753442404,401736156,4433524,16,5,0,True,False,matched,1.0,2025-06-03,under,0.5130411371923796,1.7692307692307692,0.7692307692307692,1.0,False,False,False
2194,5ce2544c-ca23-4130-8ff9-a9e6dc85c367,55,Veronica Burton,veronicaburton,GSV,threes,1.5,138.0,-186.0,10,10,2025-06-04 03:18:18+00:00,2025-06-04 03:18:18+00:00,2025-06-04 03:18:18+00:00,2025-06-06 02:00:00+00:00,0.0,2025-06-05,2025,REG,PHX,GSV,1.070517717576541,True,,0.3807086475713989,401736160,4398935,129689,11,0,True,False,matched,1.0,2025-06-05,under,0.19636866387053964,1.5376344086021505,0.5376344086021505,1.0,False,False,False
2194,72500f45-4f54-4d28-b8c3-d5af00b69877,139,Kayla Thornton,kaylathornton,GSV,points,11.5,-130.0,100.0,10,10,2025-06-04 03:18:19+00:00,2025-06-04 03:18:19+00:00,2025-06-04 03:18:19+00:00,2025-06-06 02:00:00+00:00,0.0,2025-06-05,2025,REG,PHX,GSV,1.065217391304348,True,,0.5336835053940976,401736160,2529622,129689,11,0,True,False,matched,10.0,2025-06-05,under,0.6736089181248599,2.0,1.0,1.0,False,False,False
2194,82414b29-1b2a-4ecc-8528-99a8cecbcbed,54,Satou Sabally,satousabally,NYL,points,21.5,-115.0,-113.0,10,10,2025-06-04 03:18:19+00:00,2025-06-04 03:18:19+00:00,2025-06-04 03:18:19+00:00,2025-06-06 02:00:00+00:00,0.0,2025-06-05,2025,REG,PHX,GSV,1.0654001528551151,True,,0.5022557674006809,401736160,4281929,11,129689,1,True,False,matched,19.0,2025-06-05,under,0.18884799815997994,1.8849557522123894,0.8849557522123894,1.0,False,False,False
2194,b5c0ff1c-0274-4024-a418-82e8d7ce5966,537,Janelle Salaun,janellesalaun,GSV,points,12.5,-104.0,-125.0,10,10,2025-06-04 03:18:19+00:00,2025-06-04 03:18:19+00:00,2025-06-04 03:18:19+00:00,2025-06-06 02:00:00+00:00,0.0,2025-06-05,2025,REG,PHX,GSV,1.065359477124183,True,,0.4763687479911608,401736160,4790264,129689,11,0,True,False,matched,9.0,2025-06-05,under,0.14923519777022776,1.8,0.8,1.0,False,False,False
2193,b6ce32d5-6b29-440e-91e8-71595d64fd98,132,Sabrina Ionescu,sabrinaionescu,NYL,assists,4.5,134.0,-180.0,10,10,2025-06-04 05:51:12+00:00,2025-06-04 05:51:12+00:00,2025-06-04 05:51:12+00:00,2025-06-05 23:30:00+00:00,0.0,2025-06-05,2025,REG,WAS,NYL,1.0702075702075702,True,,0.38834080463047865,401736159,4066533,9,16,0,True,False,matched,7.0,2025-06-05,over,0.28167727272757737,2.34,1.3399999999999999,1.0,False,False,False
2193,76221825-8c5c-4f13-945b-0807d0e2ee13,182,Brittney Sykes,brittneysykes,TOR,points,19.5,102.0,-132.0,10,10,2025-06-04 05:51:12+00:00,2025-06-04 05:51:12+00:00,2025-06-04 05:51:12+00:00,2025-06-05 23:30:00+00:00,0.0,2025-06-05,2025,REG,WAS,NYL,1.0640150221918745,True,,0.4618487426836327,401736159,2988756,16,9,1,True,False,matched,7.0,2025-06-05,under,0.21843952513047887,1.7575757575757576,0.7575757575757576,1.0,False,False,False
2193,90dd0893-7172-4a4b-aed3-7d52c7921d03,572,Kiki Iriafen,kikiiriafen,WAS,rebounds,8.5,108.0,-144.0,10,10,2025-06-04 05:51:12+00:00,2025-06-04 05:51:12+00:00,2025-06-04 05:51:12+00:00,2025-06-05 23:30:00+00:00,0.0,2025-06-05,2025,REG,WAS,NYL,1.0709331651954601,True,,0.4433154794603006,401736159,4898384,16,9,1,True,False,matched,9.0,2025-06-05,over,0.14093959593894456,2.08,1.08,1.0,False,False,False
2193,13b6796b-6b11-4d1e-aff8-47c1533e1c55,141,Jonquel Jones,jonqueljones,NYL,rebounds,10.5,-136.0,102.0,10,10,2025-06-04 05:51:13+00:00,2025-06-04 05:51:13+00:00,2025-06-04 05:51:13+00:00,2025-06-05 23:30:00+00:00,0.0,2025-06-05,2025,REG,WAS,NYL,1.071320691391173,True,,0.5420932924427202,401736159,2999101,9,16,0,True,False,matched,4.0,2025-06-05,under,0.2658235098051694,2.02,1.02,1.0,False,False,False
2193,c5112726-ce26-4e79-a8ff-73422f3cef0d,137,Breanna Stewart,breannastewart,NYL,rebounds,5.5,118.0,-158.0,10,10,2025-06-04 05:51:13+00:00,2025-06-04 05:51:13+00:00,2025-06-04 05:51:13+00:00,2025-06-05 23:30:00+00:00,0.0,2025-06-05,2025,REG,WAS,NYL,1.0711186971054691,True,,0.42034729080094674,401736159,2998928,9,16,0,True,False,matched,11.0,2025-06-05,over,0.23891931447763093,2.1799999999999997,1.1799999999999997,1.0,False,False,False
2194,3bbfd11a-e698-4070-8f1f-da85684a7bd4,300,Kitija Laksa,kitijalaksa,FA,threes,1.5,-150.0,120.0,24,24,2025-06-04 10:35:56+00:00,2025-06-04 10:35:56+00:00,2025-06-04 10:35:56+00:00,2025-06-06 02:00:00+00:00,0.0,2025-06-05,2025,REG,PHX,GSV,1.0545454545454547,True,,0.5746986093321318,401736160,3920741,11,129689,1,True,False,matched,2.0,2025-06-05,under,0.1606238120226715,2.2,-1.0,1.0,False,False,False
2194,08b01caa-46de-4ecc-8f84-1d8464fb527b,72,Temi Fagbenle,temifagbenle,TOR,points,8.5,-125.0,-105.0,49,49,2025-06-04 13:23:49+00:00,2025-06-04 13:23:49+00:00,2025-06-04 13:23:49+00:00,2025-06-06 02:00:00+00:00,0.0,2025-06-05,2025,REG,PHX,GSV,1.067750677506775,True,,0.5224258196571001,401736160,2569044,129689,11,0,True,False,matched,12.0,2025-06-05,under,0.3391547897207161,1.9523809523809523,-1.0,1.0,False,False,False
2196,807aeac5-3c82-4184-bd3f-65fdfca2df21,101,Kelsey Plum,kelseyplum,LAS,assists,5.5,118.0,-158.0,10,10,2025-06-05 19:56:50+00:00,2025-06-05 19:56:50+00:00,2025-06-05 19:56:50+00:00,2025-06-07 01:30:00+00:00,0.0,2025-06-06,2025,REG,DAL,LAS,1.0711186971054691,True,,0.42034729080094674,401736162,3065570,6,3,0,True,False,matched,9.0,2025-06-06,under,0.28642756194146113,1.6329113924050633,-1.0,1.0,False,False,False
2196,dd98b987-a356-44c8-9106-53cb478b8cd6,89,Dearica Hamby,dearicahamby,LAS,rebounds,8.5,-114.0,-114.0,10,10,2025-06-05 19:56:50+00:00,2025-06-05 19:56:50+00:00,2025-06-05 19:56:50+00:00,2025-06-07 01:30:00+00:00,0.0,2025-06-06,2025,REG,DAL,LAS,1.0654205607476634,True,,0.5000000000000001,401736162,2566106,6,3,0,True,False,matched,4.0,2025-06-06,under,0.16080115098937342,1.8771929824561404,0.8771929824561404,1.0,False,False,False
2196,3df49947-4ad0-44a2-8f6e-607dc8ded65f,82,Azura Stevens,azurastevens,CHI,rebounds,9.5,116.0,-154.0,10,10,2025-06-05 19:56:50+00:00,2025-06-05 19:56:50+00:00,2025-06-05 19:56:50+00:00,2025-06-07 01:30:00+00:00,0.0,2025-06-06,2025,REG,DAL,LAS,1.0692621755613883,True,,0.425792012343204,401736162,3142010,6,3,0,True,False,matched,6.0,2025-06-06,under,0.13538700520189006,1.6493506493506493,0.6493506493506493,1.0,False,False,False
2195,cffef3c2-0153-4d49-9bea-c0b1991babd3,49,Brionna Jones,brionnajones,ATL,rebounds,8.5,104.0,-138.0,10,10,2025-06-05 20:35:28+00:00,2025-06-05 20:35:28+00:00,2025-06-05 20:35:28+00:00,2025-06-06 23:30:00+00:00,0.0,2025-06-06,2025,REG,CON,ATL,1.0700280112044818,True,,0.4535791638529251,401736161,3058895,20,18,0,True,False,matched,6.0,2025-06-06,under,0.2723945878881247,1.7246376811594204,0.7246376811594204,1.0,False,False,False
2195,f8a222bc-d651-4a98-b218-2496e9f5f7f9,15,Rhyne Howard,rhynehoward,ATL,assists,4.5,-128.0,-104.0,10,10,2025-06-05 20:35:28+00:00,2025-06-05 20:35:28+00:00,2025-06-05 20:35:28+00:00,2025-06-06 23:30:00+00:00,0.0,2025-06-06,2025,REG,CON,ATL,1.0712074303405572,True,,0.5267388899028808,401736161,4398674,20,18,0,True,False,matched,6.0,2025-06-06,under,0.22735060367206023,1.9615384615384617,-1.0,1.0,False,False,False
2195,f15c3db7-27a3-45d6-9539-1eaaa8e82a1d,148,Brittney Griner,brittneygriner,CON,rebounds,6.5,-125.0,-106.0,10,10,2025-06-05 20:35:28+00:00,2025-06-05 20:35:28+00:00,2025-06-05 20:35:28+00:00,2025-06-06 23:30:00+00:00,0.0,2025-06-06,2025,REG,CON,ATL,1.070118662351672,True,,0.5212291071384377,401736161,2490553,20,18,0,True,False,matched,6.0,2025-06-06,under,0.20870415772960754,1.9433962264150944,0.9433962264150944,1.0,False,False,False
2195,d1fbbf84-4da0-4dc4-a7cb-2de92931369f,1,Allisha Gray,allishagray,ATL,assists,3.5,-148.0,112.0,10,10,2025-06-05 20:35:28+00:00,2025-06-05 20:35:28+00:00,2025-06-05 20:35:28+00:00,2025-06-06 23:30:00+00:00,0.0,2025-06-06,2025,REG,CON,ATL,1.0684723067559343,True,,0.5647227530167998,401736161,3058901,20,18,0,True,False,matched,4.0,2025-06-06,under,0.1860759937865601,2.12,-1.0,1.0,False,False,False
2195,4de7379c-dbef-4f64-a0f5-35af211566be,9,Tina Charles,tinacharles,FA,points,15.5,-122.0,-106.0,10,10,2025-06-05 20:35:28+00:00,2025-06-05 20:35:28+00:00,2025-06-05 20:35:28+00:00,2025-06-06 23:30:00+00:00,0.0,2025-06-06,2025,REG,CON,ATL,1.064112656345666,True,,0.518058368553134,401736161,918,18,20,1,True,False,matched,19.0,2025-06-06,under,0.14820945631970078,1.9433962264150944,-1.0,1.0,False,False,False
2195,8a876085-0349-48dd-9fbd-761be0753d9e,22,Marina Mabrey,marinamabrey,TOR,points,15.5,-108.0,-120.0,10,10,2025-06-05 20:35:28+00:00,2025-06-05 20:35:28+00:00,2025-06-05 20:35:28+00:00,2025-06-06 23:30:00+00:00,0.0,2025-06-06,2025,REG,CON,ATL,1.0646853146853146,True,,0.48646030463369283,401736161,3904576,18,20,1,True,False,matched,34.0,2025-06-06,under,0.11634891363840288,1.8333333333333335,-1.0,1.0,False,False,False
2195,98a65dcf-1d6d-449a-850b-ea972938f5dd,43,Olivia Nelson-Ododa,olivianelsonododa,CON,rebounds,5.5,-158.0,118.0,10,10,2025-06-06 00:04:00+00:00,2025-06-06 00:04:00+00:00,2025-06-06 00:04:00+00:00,2025-06-06 23:30:00+00:00,0.0,2025-06-06,2025,REG,CON,ATL,1.0711186971054691,True,,0.5796527091990534,401736161,4398966,18,20,1,True,False,matched,1.0,2025-06-06,under,0.48388339955983045,2.1799999999999997,1.1799999999999997,1.0,False,False,False
2194,8cc4804e-7dc5-4bef-b407-fe19deaebe9d,177,Sami Whitcomb,samiwhitcomb,PHO,points,9.5,-114.0,-114.0,10,10,2025-06-06 01:48:09+00:00,2025-06-06 01:48:09+00:00,2025-06-06 01:48:09+00:00,2025-06-06 02:00:00+00:00,0.0,2025-06-05,2025,REG,PHX,GSV,1.0654205607476634,True,,0.5000000000000001,401736160,887,11,129689,1,True,False,matched,9.0,2025-06-05,under,0.4335535011121112,1.8771929824561404,0.8771929824561404,1.0,False,False,False
2198,09bb133f-be56-4c00-a78d-993655c7aabb,71,Aliyah Boston,aliyahboston,IND,assists,3.5,-172.0,128.0,10,10,2025-06-06 05:29:50+00:00,2025-06-06 05:29:50+00:00,2025-06-06 05:29:50+00:00,2025-06-08 00:00:00+00:00,0.0,2025-06-07,2025,REG,CHI,IND,1.0709494324045408,True,,0.6004234693007796,401736164,4432831,5,19,0,True,False,matched,5.0,2025-06-07,under,0.23310143584488396,2.2800000000000002,-1.0,1.0,False,False,False
2198,63b24c9d-046c-4186-9225-709d222bc45b,26,Angel Reese,angelreese,ATL,assists,2.5,-136.0,102.0,10,10,2025-06-06 05:29:50+00:00,2025-06-06 05:29:50+00:00,2025-06-06 05:29:50+00:00,2025-06-08 00:00:00+00:00,0.0,2025-06-07,2025,REG,CHI,IND,1.071320691391173,True,,0.5420932924427202,401736164,4433402,19,5,1,True,False,matched,2.0,2025-06-07,under,0.17580088648253323,2.02,1.02,1.0,False,False,False
2198,cf59b6ad-0dbe-4fee-a7a8-782d3214efb5,185,Ariel Atkins,arielatkins,LAS,rebounds,3.5,-120.0,-110.0,10,10,2025-06-06 05:29:50+00:00,2025-06-06 05:29:50+00:00,2025-06-06 05:29:50+00:00,2025-06-08 00:00:00+00:00,0.0,2025-06-07,2025,REG,CHI,IND,1.0692640692640691,True,,0.5112040114787568,401736164,3146151,19,5,1,True,False,matched,3.0,2025-06-07,under,0.11730112488352995,1.9090909090909092,0.9090909090909092,1.0,False,False,False
2198,d47d6bcd-9352-4adb-ad59-8e93f016fd75,145,Courtney Vandersloot,courtneyvandersloot,CHI,assists,6.5,-136.0,102.0,10,10,2025-06-06 05:29:51+00:00,2025-06-06 05:29:51+00:00,2025-06-06 05:29:51+00:00,2025-06-08 00:00:00+00:00,0.0,2025-06-07,2025,REG,CHI,IND,1.071320691391173,True,,0.5420932924427202,401736164,981,19,5,1,True,False,matched,0.0,2025-06-07,under,0.468433238096807,2.02,1.02,1.0,False,False,False
2198,b66573dd-325a-4de6-ade9-21b363931c0d,70,Kelsey Mitchell,kelseymitchell,IND,points,20.5,-106.0,-122.0,10,10,2025-06-06 05:29:51+00:00,2025-06-06 05:29:51+00:00,2025-06-06 05:29:51+00:00,2025-06-08 00:00:00+00:00,0.0,2025-06-07,2025,REG,CHI,IND,1.064112656345666,True,,0.4819416314468661,401736164,3142191,5,19,0,True,False,matched,17.0,2025-06-07,under,0.132630155899228,1.819672131147541,0.819672131147541,1.0,False,False,False
2199,4048e52e-1a5a-4818-8f37-5aeb21683ef2,180,Nneka Ogwumike,nnekaogwumike,LAS,points,17.5,-120.0,-108.0,10,10,2025-06-06 05:47:05+00:00,2025-06-06 05:47:05+00:00,2025-06-06 05:47:05+00:00,2025-06-08 02:00:00+00:00,0.0,2025-06-07,2025,REG,PHX,SEA,1.0646853146853146,True,,0.5135396953663074,401736165,1068,14,11,0,True,False,matched,13.0,2025-06-07,under,0.255296830808508,1.925925925925926,0.925925925925926,1.0,False,False,False
2199,abf875cf-1640-4884-b9c5-8b0eb30dce16,54,Satou Sabally,satousabally,NYL,threes,1.5,-178.0,132.0,10,10,2025-06-06 05:47:05+00:00,2025-06-06 05:47:05+00:00,2025-06-06 05:47:05+00:00,2025-06-08 02:00:00+00:00,0.0,2025-06-07,2025,REG,PHX,SEA,1.0713222525427932,True,,0.6084851511650193,401736165,4281929,11,14,1,True,False,matched,2.0,2025-06-07,under,0.2552106208843458,2.3200000000000003,-1.0,1.0,False,False,False
2199,9b50d856-d12c-4656-b899-360b78e571ce,175,Skylar Diggins,skylardiggins,CHI,threes,0.5,-245.0,178.0,10,10,2025-06-06 05:47:05+00:00,2025-06-06 05:47:05+00:00,2025-06-06 05:47:05+00:00,2025-06-08 02:00:00+00:00,0.0,2025-06-07,2025,REG,PHX,SEA,1.0698571577520593,True,,0.6816736496668425,401736165,2491205,14,11,0,True,False,matched,4.0,2025-06-07,under,0.1906409974837806,2.7800000000000002,-1.0,1.0,False,False,False
2199,c1f619b1-f9b3-4c64-b252-a27e4f8cba2e,176,Ezi Magbegor,ezimagbegor,SEA,points,9.5,-104.0,-125.0,10,10,2025-06-06 05:47:05+00:00,2025-06-06 05:47:05+00:00,2025-06-06 05:47:05+00:00,2025-06-08 02:00:00+00:00,0.0,2025-06-07,2025,REG,PHX,SEA,1.065359477124183,True,,0.4763687479911608,401736165,4420318,14,11,0,True,False,matched,4.0,2025-06-07,under,0.15131686855378812,1.8,0.8,1.0,False,False,False
2199,ca5fd2d9-456c-4eef-82bd-3c54a84a15c6,208,Gabby Williams,gabbywilliams,GSV,points,14.5,102.0,-132.0,10,10,2025-06-06 05:47:05+00:00,2025-06-06 05:47:05+00:00,2025-06-06 05:47:05+00:00,2025-06-08 02:00:00+00:00,0.0,2025-06-07,2025,REG,PHX,SEA,1.0640150221918745,True,,0.4618487426836327,401736165,3142328,14,11,0,True,False,matched,21.0,2025-06-07,under,0.1441364707596962,1.7575757575757576,-1.0,1.0,False,False,False
2197,74def887-32b3-46d6-a4d3-075aa4ecee0d,139,Kayla Thornton,kaylathornton,GSV,points,11.5,-115.0,-113.0,10,10,2025-06-06 06:21:01+00:00,2025-06-06 06:21:01+00:00,2025-06-06 06:21:01+00:00,2025-06-07 19:00:00+00:00,0.0,2025-06-07,2025,REG,GSV,LVA,1.0654001528551151,True,,0.5022557674006809,401736163,2529622,129689,17,1,True,False,matched,22.0,2025-06-07,under,0.5672387217727193,1.8849557522123894,-1.0,1.0,False,False,False
2197,a40be21e-f3de-4ac4-bbd6-d2060ef9ed18,55,Veronica Burton,veronicaburton,GSV,points,10.5,-120.0,-108.0,10,10,2025-06-06 06:21:01+00:00,2025-06-06 06:21:01+00:00,2025-06-06 06:21:01+00:00,2025-06-07 19:00:00+00:00,0.0,2025-06-07,2025,REG,GSV,LVA,1.0646853146853146,True,,0.5135396953663074,401736163,4398935,129689,17,1,True,False,matched,14.0,2025-06-07,under,0.47173483095885,1.925925925925926,-1.0,1.0,False,False,False
2197,5ed1989c-7cc0-4cce-879e-5ec4632ff71c,103,A'ja Wilson,ajawilson,LVA,rebounds,11.5,-128.0,-102.0,10,10,2025-06-06 06:21:01+00:00,2025-06-06 06:21:01+00:00,2025-06-06 06:21:01+00:00,2025-06-07 19:00:00+00:00,0.0,2025-06-07,2025,REG,GSV,LVA,1.0663540038214347,True,,0.5291749480305961,401736163,3149391,17,129689,0,True,False,matched,6.0,2025-06-07,under,0.2736294962541905,1.9803921568627452,0.9803921568627452,1.0,False,False,False
2197,b0a78da2-15ab-41c5-b918-a939e785fc9e,102,Jackie Young,jackieyoung,LVA,rebounds,3.5,140.0,-188.0,10,10,2025-06-06 06:21:01+00:00,2025-06-06 06:21:01+00:00,2025-06-06 06:21:01+00:00,2025-06-07 19:00:00+00:00,0.0,2025-06-07,2025,REG,GSV,LVA,1.0694444444444444,True,,0.37770717896550643,401736163,4065870,17,129689,0,True,False,matched,3.0,2025-06-07,over,0.23606254355767553,2.4,-1.0,1.0,False,False,False
2197,4db872ec-6c44-48ec-8810-f822d6bf3b31,537,Janelle Salaun,janellesalaun,GSV,points,11.5,-122.0,-106.0,10,10,2025-06-06 06:21:01+00:00,2025-06-06 06:21:01+00:00,2025-06-06 06:21:01+00:00,2025-06-07 19:00:00+00:00,0.0,2025-06-07,2025,REG,GSV,LVA,1.064112656345666,True,,0.518058368553134,401736163,4790264,129689,17,1,True,False,matched,4.0,2025-06-07,under,0.1360988587397965,1.9433962264150944,0.9433962264150944,1.0,False,False,False
2195,19c42ff7-05fd-48de-80bf-978b018c81d4,518,Saniya Rivers,saniyarivers,CON,points,8.5,-115.0,-115.0,49,49,2025-06-06 11:31:15+00:00,2025-06-06 11:31:15+00:00,2025-06-06 11:31:15+00:00,2025-06-06 23:30:00+00:00,0.0,2025-06-06,2025,REG,CON,ATL,1.0697674418604652,True,,0.5,401736161,4433514,18,20,1,True,False,matched,9.0,2025-06-06,under,0.2135049608508055,1.8695652173913042,-1.0,1.0,False,False,False
2196,3e669074-7e65-4e44-a963-42beffb04a85,61,Maddy Siegrist,maddysiegrist,DAL,rebounds,4.5,-130.0,-105.0,33,33,2025-06-06 11:51:49+00:00,2025-06-06 11:51:49+00:00,2025-06-06 11:51:49+00:00,2025-06-07 01:30:00+00:00,0.0,2025-06-06,2025,REG,DAL,LAS,1.0774125132555674,True,,0.5275730862680912,401736162,4399415,3,6,1,True,False,matched,2.0,2025-06-06,under,0.12145054756006879,1.9523809523809523,0.9523809523809523,1.0,False,False,False
2198,ecaa527a-0aaf-41e0-8e49-d7bd425f236f,56,Natasha Howard,natashahoward,MIN,points,9.5,-105.0,-125.0,19,19,2025-06-07 04:08:44+00:00,2025-06-07 04:08:44+00:00,2025-06-07 04:08:44+00:00,2025-06-08 00:00:00+00:00,0.0,2025-06-07,2025,REG,CHI,IND,1.067750677506775,True,,0.47757418034290006,401736164,2529130,5,19,0,True,False,matched,13.0,2025-06-07,over,0.1748700721774314,1.9523809523809523,0.9523809523809523,1.0,False,False,False
2199,1fc3c2e8-82c6-4add-87c5-116dbef1bc39,177,Sami Whitcomb,samiwhitcomb,PHO,points,8.5,-110.0,-130.0,33,33,2025-06-07 06:09:42+00:00,2025-06-07 06:09:42+00:00,2025-06-07 06:09:42+00:00,2025-06-08 02:00:00+00:00,0.0,2025-06-07,2025,REG,PHX,SEA,1.0890269151138718,True,,0.47832076753442404,401736165,887,11,14,1,True,False,matched,7.0,2025-06-07,under,0.23954453498571243,1.7692307692307692,0.7692307692307692,1.0,False,False,False
2197,9fb91f77-a52c-4389-885d-10eb3d19c14d,72,Temi Fagbenle,temifagbenle,TOR,points,9.5,105.0,-150.0,33,33,2025-06-07 16:35:02+00:00,2025-06-07 16:35:02+00:00,2025-06-07 16:35:02+00:00,2025-06-07 19:00:00+00:00,0.0,2025-06-07,2025,REG,GSV,LVA,1.0878048780487806,True,,0.44129415758498114,401736163,2569044,129689,17,1,True,False,matched,7.0,2025-06-07,under,0.17786364707030605,1.6666666666666665,0.6666666666666665,1.0,False,False,False
2198,0e18f856-c0e6-4615-9785-2d833fe4d3e2,76,Lexie Hull,lexiehull,IND,points,10.5,-105.0,-125.0,19,19,2025-06-07 18:30:59+00:00,2025-06-07 18:30:59+00:00,2025-06-07 18:30:59+00:00,2025-06-08 00:00:00+00:00,0.0,2025-06-07,2025,REG,CHI,IND,1.067750677506775,True,,0.47757418034290006,401736164,4398829,5,19,0,True,False,matched,9.0,2025-06-07,under,0.21200638565627072,1.8,0.8,1.0,False,False,False
2198,5b7cce1a-d92d-480b-aedb-1717bfea429a,96,Kia Nurse,kianurse,TOR,points,9.5,-115.0,-120.0,33,33,2025-06-07 23:41:04+00:00,2025-06-07 23:41:04+00:00,2025-06-07 23:41:04+00:00,2025-06-08 00:00:00+00:00,0.0,2025-06-07,2025,REG,CHI,IND,1.080338266384778,True,,0.4944937749375121,401736164,3142327,19,5,1,True,False,matched,3.0,2025-06-07,under,0.22338218844666774,1.8333333333333335,0.8333333333333335,1.0,False,False,False
2200,a86f78d8-49e9-4edf-a18c-013c2e01982c,9,Tina Charles,tinacharles,FA,points,16.5,-113.0,-115.0,10,10,2025-06-08 00:28:21+00:00,2025-06-08 00:28:21+00:00,2025-06-08 00:28:21+00:00,2025-06-08 19:00:00+00:00,0.0,2025-06-08,2025,REG,WAS,CON,1.0654001528551151,True,,0.49774423259931944,401736166,918,18,16,0,True,False,matched,17.0,2025-06-08,under,0.16935605178494856,1.8695652173913042,-1.0,1.0,False,False,False
2200,093d5283-8aa9-4c79-925d-c529fae61a69,22,Marina Mabrey,marinamabrey,TOR,points,15.5,-130.0,100.0,10,10,2025-06-08 00:28:21+00:00,2025-06-08 00:28:21+00:00,2025-06-08 00:28:21+00:00,2025-06-08 19:00:00+00:00,0.0,2025-06-08,2025,REG,WAS,CON,1.065217391304348,True,,0.5336835053940976,401736166,3904576,18,16,0,True,False,matched,15.0,2025-06-08,under,0.11129134889499559,2.0,1.0,1.0,False,False,False
2200,36de1eff-2c92-47de-90c5-3844076df85e,182,Brittney Sykes,brittneysykes,TOR,assists,4.5,110.0,-146.0,10,10,2025-06-08 00:28:21+00:00,2025-06-08 00:28:21+00:00,2025-06-08 00:28:21+00:00,2025-06-08 19:00:00+00:00,0.0,2025-06-08,2025,REG,WAS,CON,1.0696864111498257,True,,0.4392579960949788,401736166,2988756,16,18,1,True,False,matched,6.0,2025-06-08,under,0.1048950111145332,1.6849315068493151,-1.0,1.0,False,False,False
2201,e41d368e-5c31-4eb2-86f4-831f88550ed2,112,Napheesa Collier,napheesacollier,MIN,rebounds,9.5,-138.0,104.0,10,10,2025-06-08 01:10:34+00:00,2025-06-08 01:10:34+00:00,2025-06-08 01:10:34+00:00,2025-06-08 20:00:00+00:00,0.0,2025-06-08,2025,REG,DAL,MIN,1.0700280112044818,True,,0.5464208361470752,401736167,3917450,8,3,0,True,False,matched,10.0,2025-06-08,under,0.21776531624885226,2.04,-1.0,1.0,False,False,False
2201,cd1eec45-b7b1-486d-b009-75ac600ff3ab,63,Arike Ogunbowale,arikeogunbowale,DAL,assists,3.5,-104.0,-128.0,10,10,2025-06-08 01:10:34+00:00,2025-06-08 01:10:34+00:00,2025-06-08 01:10:34+00:00,2025-06-08 20:00:00+00:00,0.0,2025-06-08,2025,REG,DAL,MIN,1.0712074303405572,True,,0.4732611100971195,401736167,3904577,3,8,1,True,False,matched,6.0,2025-06-08,over,0.14943507371108106,1.9615384615384617,0.9615384615384617,1.0,False,False,False
2201,810a1720-c568-40a5-9817-ac8f81328cdb,117,Courtney Williams,courtneywilliams,MIN,rebounds,4.5,-162.0,122.0,10,10,2025-06-08 01:14:03+00:00,2025-06-08 01:14:03+00:00,2025-06-08 01:14:03+00:00,2025-06-08 20:00:00+00:00,0.0,2025-06-08,2025,REG,DAL,MIN,1.0687710611374732,True,,0.5868918088955871,401736167,2987891,8,3,0,True,False,matched,2.0,2025-06-08,under,0.182551267050109,2.2199999999999998,1.2199999999999998,1.0,False,False,False
2201,aca1391d-7513-4540-b243-59c7e51c9e6c,48,DiJonai Carrington,dijonaicarrington,CHI,assists,2.5,-115.0,-115.0,24,24,2025-06-08 07:06:44+00:00,2025-06-08 07:06:44+00:00,2025-06-08 07:06:44+00:00,2025-06-08 20:00:00+00:00,0.0,2025-06-08,2025,REG,DAL,MIN,1.0697674418604652,True,,0.5,401736167,4066548,3,8,1,True,False,matched,1.0,2025-06-08,under,0.2778803557630539,1.8695652173913042,0.8695652173913042,1.0,False,False,False
2202,b9224fbe-da57-499c-95d4-8cfce0a02136,55,Veronica Burton,veronicaburton,GSV,assists,4.5,-115.0,-115.0,24,24,2025-06-08 12:30:30+00:00,2025-06-08 12:30:30+00:00,2025-06-08 12:30:30+00:00,2025-06-10 02:00:00+00:00,0.0,2025-06-09,2025,REG,LAS,GSV,1.0697674418604652,True,,0.5,401736168,4398935,129689,6,0,True,False,matched,6.0,2025-06-09,under,0.2740780893448947,1.8695652173913042,-1.0,1.0,False,False,False
2202,ae55e625-6bc6-45ff-8634-d345dd07c07a,101,Kelsey Plum,kelseyplum,LAS,assists,5.5,110.0,-140.0,24,24,2025-06-08 12:30:30+00:00,2025-06-08 12:30:30+00:00,2025-06-08 12:30:30+00:00,2025-06-10 02:00:00+00:00,0.0,2025-06-09,2025,REG,LAS,GSV,1.0595238095238093,True,,0.44483204521110303,401736168,3065570,6,129689,1,True,False,matched,7.0,2025-06-09,under,0.20408580423662093,1.7142857142857144,-1.0,1.0,False,False,False
2202,1a555a1a-9844-4a4c-b5ee-6622861cc616,139,Kayla Thornton,kaylathornton,GSV,threes,1.5,120.0,-150.0,24,24,2025-06-08 12:30:30+00:00,2025-06-08 12:30:30+00:00,2025-06-08 12:30:30+00:00,2025-06-10 02:00:00+00:00,0.0,2025-06-09,2025,REG,LAS,GSV,1.0545454545454547,True,,0.4253013906678685,401736168,2529622,129689,6,0,True,False,matched,2.0,2025-06-09,under,0.14077544261900377,1.6666666666666665,-1.0,1.0,False,False,False
2202,5d9129c9-45a8-4288-b91d-f6222b16572d,537,Janelle Salaun,janellesalaun,GSV,rebounds,4.5,132.0,-178.0,10,10,2025-06-08 14:49:17+00:00,2025-06-08 14:49:17+00:00,2025-06-08 14:49:17+00:00,2025-06-10 02:00:00+00:00,0.0,2025-06-09,2025,REG,LAS,GSV,1.0713222525427932,True,,0.39151484883498083,401736168,4790264,129689,6,0,True,False,matched,8.0,2025-06-09,over,0.22252570804623956,2.3200000000000003,1.3200000000000003,1.0,False,False,False
2202,d16d6108-4d16-41e3-9026-66cc0aa06df9,82,Azura Stevens,azurastevens,CHI,points,13.5,100.0,-130.0,10,10,2025-06-08 15:13:48+00:00,2025-06-08 15:13:48+00:00,2025-06-08 15:13:48+00:00,2025-06-10 02:00:00+00:00,0.0,2025-06-09,2025,REG,LAS,GSV,1.065217391304348,True,,0.4663164946059025,401736168,3142010,6,129689,1,True,False,matched,6.0,2025-06-09,under,0.14994110886081552,1.7692307692307692,0.7692307692307692,1.0,False,False,False
2202,bbc2d787-3498-4f25-bcbc-dc69b8488e70,89,Dearica Hamby,dearicahamby,LAS,points,16.5,-122.0,-106.0,10,10,2025-06-08 15:13:48+00:00,2025-06-08 15:13:48+00:00,2025-06-08 15:13:48+00:00,2025-06-10 02:00:00+00:00,0.0,2025-06-09,2025,REG,LAS,GSV,1.064112656345666,True,,0.518058368553134,401736168,2566106,6,129689,1,True,False,matched,20.0,2025-06-09,under,0.1101478897182464,1.9433962264150944,-1.0,1.0,False,False,False
2203,f9ab998f-f122-4c04-9709-5ea057eb4bce,15,Rhyne Howard,rhynehoward,ATL,assists,5.5,105.0,-135.0,24,24,2025-06-09 11:13:37+00:00,2025-06-09 11:13:37+00:00,2025-06-09 11:13:37+00:00,2025-06-10 23:30:00+00:00,0.0,2025-06-10,2025,REG,ATL,IND,1.0622729631551635,True,,0.45531139401703796,401736169,4398674,20,5,1,True,False,matched,5.0,2025-06-10,under,0.22583317527218416,1.7407407407407407,0.7407407407407407,1.0,False,False,False
2203,1b7e4f5d-790e-4f7f-adf6-30f6fcb6b2a7,1,Allisha Gray,allishagray,ATL,assists,4.5,105.0,-135.0,24,24,2025-06-09 11:13:37+00:00,2025-06-09 11:13:37+00:00,2025-06-09 11:13:37+00:00,2025-06-10 23:30:00+00:00,0.0,2025-06-10,2025,REG,ATL,IND,1.0622729631551635,True,,0.45531139401703796,401736169,3058901,20,5,1,True,False,matched,4.0,2025-06-10,under,0.19040908627563846,1.7407407407407407,0.7407407407407407,1.0,False,False,False
2203,3847a801-f60f-4a60-906b-071cff64e856,70,Kelsey Mitchell,kelseymitchell,IND,assists,2.5,-135.0,105.0,24,24,2025-06-09 11:13:37+00:00,2025-06-09 11:13:37+00:00,2025-06-09 11:13:37+00:00,2025-06-10 23:30:00+00:00,0.0,2025-06-10,2025,REG,ATL,IND,1.0622729631551635,True,,0.5446886059829622,401736169,3142191,5,20,0,True,False,matched,1.0,2025-06-10,under,0.15417510790691746,2.05,1.0499999999999998,1.0,False,False,False
2204,07027488-4a77-4b1e-b43b-e3877914fc3e,132,Sabrina Ionescu,sabrinaionescu,NYL,threes,2.5,-155.0,125.0,24,24,2025-06-09 11:17:00+00:00,2025-06-09 11:17:00+00:00,2025-06-09 11:17:00+00:00,2025-06-11 00:00:00+00:00,0.0,2025-06-10,2025,REG,NYL,CHI,1.0522875816993464,True,,0.5838155470394836,401736170,4066533,9,19,1,True,False,matched,2.0,2025-06-10,under,0.13570177315169074,2.25,1.25,1.0,False,False,False
2204,14094a3f-05f3-4142-ae2c-5081edb63a70,137,Breanna Stewart,breannastewart,NYL,threes,0.5,-165.0,135.0,24,24,2025-06-09 11:17:00+00:00,2025-06-09 11:17:00+00:00,2025-06-09 11:17:00+00:00,2025-06-11 00:00:00+00:00,0.0,2025-06-10,2025,REG,NYL,CHI,1.0481734243275793,True,,0.600894309609776,401736170,2998928,9,19,1,True,False,matched,0.0,2025-06-10,under,0.12198647046887023,2.35,1.35,1.0,False,False,False
2203,ba276ffa-7411-4689-82fa-68113a0bbaac,148,Brittney Griner,brittneygriner,CON,rebounds,6.5,-135.0,-105.0,33,33,2025-06-09 16:21:36+00:00,2025-06-09 16:21:36+00:00,2025-06-09 16:21:36+00:00,2025-06-10 23:30:00+00:00,0.0,2025-06-10,2025,REG,ATL,IND,1.0866632070576026,True,,0.532558613996297,401736169,2490553,20,5,1,True,False,matched,4.0,2025-06-10,under,0.16165433447972227,1.9523809523809523,0.9523809523809523,1.0,False,False,False
2203,af05057b-b5ff-4a26-a736-f6f243fc7b02,49,Brionna Jones,brionnajones,ATL,rebounds,6.5,-165.0,115.0,33,33,2025-06-09 16:21:36+00:00,2025-06-09 16:21:36+00:00,2025-06-09 16:21:36+00:00,2025-06-10 23:30:00+00:00,0.0,2025-06-10,2025,REG,ATL,IND,1.0877577885037297,True,,0.5824354934595865,401736169,3058895,20,5,1,True,False,matched,10.0,2025-06-10,under,0.12332960781771268,2.15,-1.0,1.0,False,False,False
2204,9717421c-a0a6-474d-825f-8df7faaa5ffc,185,Ariel Atkins,arielatkins,LAS,rebounds,3.5,-125.0,-115.0,33,33,2025-06-09 16:25:03+00:00,2025-06-09 16:25:03+00:00,2025-06-09 16:25:03+00:00,2025-06-11 00:00:00+00:00,0.0,2025-06-10,2025,REG,NYL,CHI,1.0904392764857882,True,,0.5108317091649132,401736170,3146151,19,9,0,True,False,matched,4.0,2025-06-10,under,0.14741859381607753,1.8695652173913042,-1.0,1.0,False,False,False
2204,02996933-04a4-40a8-b595-7e72692994d3,30,Kamilla Cardoso,kamillacardoso,CHI,points,10.5,-105.0,-135.0,33,33,2025-06-09 16:25:03+00:00,2025-06-09 16:25:03+00:00,2025-06-09 16:25:03+00:00,2025-06-11 00:00:00+00:00,0.0,2025-06-10,2025,REG,NYL,CHI,1.0866632070576026,True,,0.46744138600370294,401736170,4433405,19,9,0,True,False,matched,8.0,2025-06-10,under,0.110241905672876,1.7407407407407407,0.7407407407407407,1.0,False,False,False
2202,df175b7c-7cf7-4a9b-97d7-f4b949136ca4,72,Temi Fagbenle,temifagbenle,TOR,points,8.5,-115.0,-115.0,19,19,2025-06-09 18:05:12+00:00,2025-06-09 18:05:12+00:00,2025-06-09 18:05:12+00:00,2025-06-10 02:00:00+00:00,0.0,2025-06-09,2025,REG,LAS,GSV,1.0697674418604652,True,,0.5,401736168,2569044,129689,6,0,True,False,matched,14.0,2025-06-09,under,0.23694766266984435,1.8695652173913042,-1.0,1.0,False,False,False
2204,3fdded7c-5c09-412f-b0b2-79e11ceda950,26,Angel Reese,angelreese,ATL,points,11.5,-114.0,-114.0,10,10,2025-06-09 18:38:13+00:00,2025-06-09 18:38:13+00:00,2025-06-09 18:38:13+00:00,2025-06-11 00:00:00+00:00,0.0,2025-06-10,2025,REG,NYL,CHI,1.0654205607476634,True,,0.5000000000000001,401736170,4433402,19,9,0,True,False,matched,17.0,2025-06-10,under,0.2021511424594008,1.8771929824561404,-1.0,1.0,False,False,False
2202,c00d840a-3fdc-479e-8d72-dac5301c6ab1,109,Kate Martin,katemartin,LAS,points,8.5,-110.0,-120.0,49,49,2025-06-10 00:52:32+00:00,2025-06-10 00:52:32+00:00,2025-06-10 00:52:32+00:00,2025-06-10 02:00:00+00:00,0.0,2025-06-09,2025,REG,LAS,GSV,1.0692640692640691,True,,0.4887959885212434,401736168,4398907,129689,6,0,True,False,matched,0.0,2025-06-09,under,0.555168744662234,1.8333333333333335,0.8333333333333335,1.0,False,False,False
2204,f2d7231f-fbba-4199-a108-e148debf6b59,96,Kia Nurse,kianurse,TOR,points,7.5,-130.0,100.0,19,19,2025-06-10 03:07:53+00:00,2025-06-10 03:07:53+00:00,2025-06-10 03:07:53+00:00,2025-06-11 00:00:00+00:00,0.0,2025-06-10,2025,REG,NYL,CHI,1.065217391304348,True,,0.5336835053940976,401736170,3142327,19,9,0,True,False,matched,8.0,2025-06-10,under,0.2842061099977362,2.0,-1.0,1.0,False,False,False
2205,d5f5b372-d8cf-4111-b103-39d0a39ac9ac,112,Napheesa Collier,napheesacollier,MIN,assists,3.5,-138.0,104.0,10,10,2025-06-10 06:10:52+00:00,2025-06-10 06:10:52+00:00,2025-06-10 06:10:52+00:00,2025-06-12 02:00:00+00:00,0.0,2025-06-11,2025,REG,SEA,MIN,1.0700280112044818,True,,0.5464208361470752,401736173,3917450,8,14,0,True,False,matched,5.0,2025-06-11,under,0.1897859022932653,2.04,-1.0,1.0,False,False,False
2205,8b62e98c-0b26-49d5-ac71-dac2f0fe2b70,208,Gabby Williams,gabbywilliams,GSV,threes,2.5,124.0,-166.0,10,10,2025-06-10 06:10:52+00:00,2025-06-10 06:10:52+00:00,2025-06-10 06:10:52+00:00,2025-06-12 02:00:00+00:00,0.0,2025-06-11,2025,REG,SEA,MIN,1.0704887218045114,True,,0.40796342297849103,401736173,3142328,14,8,1,True,False,matched,0.0,2025-06-11,under,0.1745158866960706,1.6024096385542168,0.6024096385542168,1.0,False,False,False
2206,0007577c-708c-4126-a7f2-2e294fbaa681,103,A'ja Wilson,ajawilson,LVA,assists,3.5,-148.0,112.0,10,10,2025-06-10 18:14:43+00:00,2025-06-10 18:14:43+00:00,2025-06-10 18:14:43+00:00,2025-06-12 02:00:00+00:00,0.0,2025-06-11,2025,REG,LVA,LAS,1.0684723067559343,True,,0.5647227530167998,401736171,3149391,17,6,1,True,False,matched,5.0,2025-06-11,under,0.335100826240023,2.12,-1.0,1.0,False,False,False
2206,348347af-c129-4184-9641-798144e0a807,102,Jackie Young,jackieyoung,LVA,points,15.5,-125.0,-104.0,10,10,2025-06-10 18:14:43+00:00,2025-06-10 18:14:43+00:00,2025-06-10 18:14:43+00:00,2025-06-12 02:00:00+00:00,0.0,2025-06-11,2025,REG,LVA,LAS,1.065359477124183,True,,0.5236312520088393,401736171,4065870,17,6,1,True,False,matched,34.0,2025-06-11,under,0.1841073775992949,1.9615384615384617,-1.0,1.0,False,False,False
2206,17deed71-9f37-413d-badc-21c12b05e3bf,166,Jewell Loyd,jewellloyd,LVA,threes,1.5,-166.0,124.0,10,10,2025-06-10 18:14:43+00:00,2025-06-10 18:14:43+00:00,2025-06-10 18:14:43+00:00,2025-06-12 02:00:00+00:00,0.0,2025-06-11,2025,REG,LVA,LAS,1.0704887218045114,True,,0.5920365770215091,401736171,2987869,17,6,1,True,False,matched,1.0,2025-06-11,under,0.13202127620265708,2.24,1.2400000000000002,1.0,False,False,False
2206,f2f1c0bf-7087-481f-b379-a0e08eb798dd,101,Kelsey Plum,kelseyplum,LAS,points,20.5,-104.0,-125.0,10,10,2025-06-10 18:18:19+00:00,2025-06-10 18:18:19+00:00,2025-06-10 18:18:19+00:00,2025-06-12 02:00:00+00:00,0.0,2025-06-11,2025,REG,LVA,LAS,1.065359477124183,True,,0.4763687479911608,401736171,3065570,6,17,0,True,False,matched,13.0,2025-06-11,under,0.1456763227726809,1.8,0.8,1.0,False,False,False
2206,90d4d110-6734-42e4-aa68-5af44d5f8057,82,Azura Stevens,azurastevens,CHI,points,11.5,-114.0,-114.0,10,10,2025-06-10 18:18:19+00:00,2025-06-10 18:18:19+00:00,2025-06-10 18:18:19+00:00,2025-06-12 02:00:00+00:00,0.0,2025-06-11,2025,REG,LVA,LAS,1.0654205607476634,True,,0.5000000000000001,401736171,3142010,6,17,0,True,False,matched,19.0,2025-06-11,under,0.13679063394225294,1.8771929824561404,-1.0,1.0,False,False,False
2203,797b253b-8055-4ac3-943c-b42a4010bb9c,76,Lexie Hull,lexiehull,IND,points,9.5,-120.0,-115.0,33,33,2025-06-10 19:03:51+00:00,2025-06-10 19:03:51+00:00,2025-06-10 19:03:51+00:00,2025-06-10 23:30:00+00:00,0.0,2025-06-10,2025,REG,ATL,IND,1.080338266384778,True,,0.5055062250624879,401736169,4398829,5,20,0,True,False,matched,0.0,2025-06-10,under,0.22600665092831979,1.8695652173913042,0.8695652173913042,1.0,False,False,False
2207,d4743f34-329c-4830-82f3-1f35a199db20,48,DiJonai Carrington,dijonaicarrington,CHI,rebounds,3.5,-114.0,-114.0,10,10,2025-06-11 05:42:21+00:00,2025-06-11 05:42:21+00:00,2025-06-11 05:42:21+00:00,2025-06-12 02:00:00+00:00,0.0,2025-06-11,2025,REG,PHX,DAL,1.0654205607476634,True,,0.5000000000000001,401736172,4066548,3,11,0,True,False,matched,8.0,2025-06-11,over,0.21902633777399377,1.8771929824561404,0.8771929824561404,1.0,False,False,False
2207,88085eaf-298f-46a0-99f3-e99038831711,40,Alyssa Thomas,alyssathomas,PHO,points,14.5,-128.0,-102.0,10,10,2025-06-11 05:42:21+00:00,2025-06-11 05:42:21+00:00,2025-06-11 05:42:21+00:00,2025-06-12 02:00:00+00:00,0.0,2025-06-11,2025,REG,PHX,DAL,1.0663540038214347,True,,0.5291749480305961,401736172,2529140,11,3,1,True,False,matched,11.0,2025-06-11,under,0.2102105961160598,1.9803921568627452,0.9803921568627452,1.0,False,False,False
2207,6d459ef5-e4d7-488b-9210-4e0f3e9fbdf0,54,Satou Sabally,satousabally,NYL,assists,3.5,120.0,-150.0,24,24,2025-06-11 06:40:59+00:00,2025-06-11 06:40:59+00:00,2025-06-11 06:40:59+00:00,2025-06-12 02:00:00+00:00,0.0,2025-06-11,2025,REG,PHX,DAL,1.0545454545454547,True,,0.4253013906678685,401736172,4281929,11,3,1,True,False,matched,2.0,2025-06-11,over,0.1919117662875489,2.2,-1.0,1.0,False,False,False
2207,cba84ec1-8931-413d-89cb-847c670470c0,177,Sami Whitcomb,samiwhitcomb,PHO,points,8.5,100.0,-130.0,49,49,2025-06-11 14:03:41+00:00,2025-06-11 14:03:41+00:00,2025-06-11 14:03:41+00:00,2025-06-12 02:00:00+00:00,0.0,2025-06-11,2025,REG,PHX,DAL,1.065217391304348,True,,0.4663164946059025,401736172,887,11,3,1,True,False,matched,8.0,2025-06-11,under,0.1667994133571425,1.7692307692307692,0.7692307692307692,1.0,False,False,False
2207,7bab31f7-38e8-4c36-8f91-00fd9ef845d2,63,Arike Ogunbowale,arikeogunbowale,DAL,rebounds,3.5,175.0,-260.0,49,49,2025-06-11 14:03:41+00:00,2025-06-11 14:03:41+00:00,2025-06-11 14:03:41+00:00,2025-06-12 02:00:00+00:00,0.0,2025-06-11,2025,REG,PHX,DAL,1.0858585858585859,True,,0.312291114919721,401736172,3904577,3,11,0,True,False,matched,2.0,2025-06-11,over,0.165176625414428,2.75,-1.0,1.0,False,False,False
2207,60bb25ef-f589-4ac9-a36a-33e155a2f0af,61,Maddy Siegrist,maddysiegrist,DAL,points,9.5,-110.0,-125.0,33,33,2025-06-11 19:51:15+00:00,2025-06-11 19:51:15+00:00,2025-06-11 19:51:15+00:00,2025-06-12 02:00:00+00:00,0.0,2025-06-11,2025,REG,PHX,DAL,1.0793650793650795,True,,0.48347295800639944,401736172,4399415,3,11,0,True,False,matched,3.0,2025-06-11,under,0.1129076134873408,1.8,0.8,1.0,False,False,False
2207,2131d8de-f83a-404f-824b-418cd0bed4cd,193,Myisha Hines-Allen,myishahinesallen,IND,rebounds,5.5,-120.0,-115.0,33,33,2025-06-11 19:58:37+00:00,2025-06-11 19:58:37+00:00,2025-06-11 19:58:37+00:00,2025-06-12 02:00:00+00:00,0.0,2025-06-11,2025,REG,PHX,DAL,1.080338266384778,True,,0.5055062250624879,401736172,3142055,3,11,0,True,False,matched,2.0,2025-06-11,under,0.18507329797679356,1.8695652173913042,0.8695652173913042,1.0,False,False,False
2208,095130f2-15f8-42f8-9a9b-d9e47fbe5104,185,Ariel Atkins,arielatkins,LAS,assists,3.5,118.0,-158.0,10,10,2025-06-12 00:18:23+00:00,2025-06-12 00:18:23+00:00,2025-06-12 00:18:23+00:00,2025-06-13 23:30:00+00:00,0.0,2025-06-13,2025,REG,ATL,CHI,1.0711186971054691,True,,0.42034729080094674,401736174,3146151,19,20,0,True,False,matched,5.0,2025-06-13,under,0.19582175466169627,1.6329113924050633,-1.0,1.0,False,False,False
2208,51a94236-3b92-47e9-961c-dd51e61d3006,15,Rhyne Howard,rhynehoward,ATL,threes,2.5,-154.0,116.0,10,10,2025-06-12 00:36:53+00:00,2025-06-12 00:36:53+00:00,2025-06-12 00:36:53+00:00,2025-06-13 23:30:00+00:00,0.0,2025-06-13,2025,REG,ATL,CHI,1.0692621755613883,True,,0.574207987656796,401736174,4398674,20,19,1,True,False,matched,9.0,2025-06-13,under,0.19843030220902536,2.16,-1.0,1.0,False,False,False
2208,30612fbb-b36e-4fe9-9fa2-4fab009b5ad3,148,Brittney Griner,brittneygriner,CON,rebounds,5.5,128.0,-172.0,10,10,2025-06-12 00:36:53+00:00,2025-06-12 00:36:53+00:00,2025-06-12 00:36:53+00:00,2025-06-13 23:30:00+00:00,0.0,2025-06-13,2025,REG,ATL,CHI,1.0709494324045408,True,,0.39957653069922067,401736174,2490553,20,19,1,True,False,matched,4.0,2025-06-13,over,0.11498404273474427,2.2800000000000002,-1.0,1.0,False,False,False
2209,cdf45d72-50d5-492e-bd74-c9668d2cf822,528,Paige Bueckers,paigebueckers,DAL,threes,1.5,-140.0,106.0,10,10,2025-06-12 19:25:29+00:00,2025-06-12 19:25:29+00:00,2025-06-12 19:25:29+00:00,2025-06-14 02:00:00+00:00,0.0,2025-06-13,2025,REG,LVA,DAL,1.0687702265372168,True,,0.5506638564937638,401736175,4433730,3,17,0,True,False,matched,0.0,2025-06-13,under,0.1563694482198023,2.06,1.06,1.0,False,False,False
2209,f11032ad-2f89-4732-8e25-00b0c80f904e,107,Chelsea Gray,chelseagray,LVA,rebounds,3.5,-144.0,108.0,10,10,2025-06-13 01:48:24+00:00,2025-06-13 01:48:24+00:00,2025-06-13 01:48:24+00:00,2025-06-14 02:00:00+00:00,0.0,2025-06-13,2025,REG,LVA,DAL,1.0709331651954601,True,,0.5566845205396996,401736175,2529122,17,3,1,True,False,matched,4.0,2025-06-13,under,0.2721219900517621,2.08,-1.0,1.0,False,False,False
2209,c55b65a5-28c1-45cd-965b-c1d6171c49f0,166,Jewell Loyd,jewellloyd,LVA,rebounds,4.5,-114.0,-114.0,10,10,2025-06-13 01:48:24+00:00,2025-06-13 01:48:24+00:00,2025-06-13 01:48:24+00:00,2025-06-14 02:00:00+00:00,0.0,2025-06-13,2025,REG,LVA,DAL,1.0654205607476634,True,,0.5000000000000001,401736175,2987869,17,3,1,True,False,matched,3.0,2025-06-13,under,0.20608795931375568,1.8771929824561404,0.8771929824561404,1.0,False,False,False
2209,62226030-88e6-40df-aef2-a102c19b34b3,102,Jackie Young,jackieyoung,LVA,points,18.5,-108.0,-120.0,10,10,2025-06-13 01:48:24+00:00,2025-06-13 01:48:24+00:00,2025-06-13 01:48:24+00:00,2025-06-14 02:00:00+00:00,0.0,2025-06-13,2025,REG,LVA,DAL,1.0646853146853146,True,,0.48646030463369283,401736175,4065870,17,3,1,True,False,matched,28.0,2025-06-13,under,0.11646293334468238,1.8333333333333335,-1.0,1.0,False,False,False
2208,42a7c1f9-5dd9-42a0-90cc-ab762e314e75,26,Angel Reese,angelreese,ATL,assists,3.5,-118.0,-112.0,10,10,2025-06-13 13:50:48+00:00,2025-06-13 13:50:48+00:00,2025-06-13 13:50:48+00:00,2025-06-13 23:30:00+00:00,0.0,2025-06-13,2025,REG,ATL,CHI,1.0695862904621776,True,,0.5067212711754592,401736174,4433402,19,20,0,True,False,matched,3.0,2025-06-13,under,0.5081759831534095,1.8928571428571428,0.8928571428571428,1.0,False,False,False
2211,496f2076-fb1c-49b5-8c56-a8e580f5ca23,71,Aliyah Boston,aliyahboston,IND,points,13.5,-122.0,-106.0,10,10,2025-06-13 20:39:52+00:00,2025-06-13 20:39:52+00:00,2025-06-13 20:39:52+00:00,2025-06-14 19:00:00+00:00,0.0,2025-06-14,2025,REG,IND,NYL,1.064112656345666,True,,0.518058368553134,401736177,4432831,5,9,1,True,False,matched,10.0,2025-06-14,under,0.16582751419357583,1.9433962264150944,0.9433962264150944,1.0,False,False,False
2211,938020bd-9c35-4c8e-ab91-d56c77c3b0fe,132,Sabrina Ionescu,sabrinaionescu,NYL,points,17.5,-118.0,-110.0,10,10,2025-06-13 20:39:52+00:00,2025-06-13 20:39:52+00:00,2025-06-13 20:39:52+00:00,2025-06-14 19:00:00+00:00,0.0,2025-06-14,2025,REG,IND,NYL,1.0650939274792486,True,,0.5090245232268319,401736177,4066533,9,5,0,True,False,matched,34.0,2025-06-14,under,0.15205586725799086,1.9090909090909092,-1.0,1.0,False,False,False
2211,b50b17ec-56c0-42d4-aee7-f4729ea344a4,68,Caitlin Clark,caitlinclark,IND,threes,2.5,-154.0,116.0,10,10,2025-06-13 20:39:52+00:00,2025-06-13 20:39:52+00:00,2025-06-13 20:39:52+00:00,2025-06-14 19:00:00+00:00,0.0,2025-06-14,2025,REG,IND,NYL,1.0692621755613883,True,,0.574207987656796,401736177,4433403,5,9,1,True,False,matched,7.0,2025-06-14,under,0.13806996185649706,2.16,-1.0,1.0,False,False,False
2211,d5047f85-5966-4c7e-a3f3-3c937f075cfb,137,Breanna Stewart,breannastewart,NYL,points,19.5,-108.0,-120.0,10,10,2025-06-13 20:39:52+00:00,2025-06-13 20:39:52+00:00,2025-06-13 20:39:52+00:00,2025-06-14 19:00:00+00:00,0.0,2025-06-14,2025,REG,IND,NYL,1.0646853146853146,True,,0.48646030463369283,401736177,2998928,9,5,0,True,False,matched,24.0,2025-06-14,under,0.12014712580337478,1.8333333333333335,-1.0,1.0,False,False,False
2210,a0a209c4-e86a-4ff6-b89c-881fd48140db,101,Kelsey Plum,kelseyplum,LAS,points,18.5,-125.0,-104.0,10,10,2025-06-14 05:46:57+00:00,2025-06-14 05:46:57+00:00,2025-06-14 05:46:57+00:00,2025-06-14 17:00:00+00:00,0.0,2025-06-14,2025,REG,MIN,LAS,1.065359477124183,True,,0.5236312520088393,401736176,3065570,6,8,0,True,False,matched,20.0,2025-06-14,under,0.20680687704119488,1.9615384615384617,-1.0,1.0,False,False,False
2210,1129f826-efbd-4821-ab31-58caa010a60e,82,Azura Stevens,azurastevens,CHI,points,12.5,-106.0,-122.0,10,10,2025-06-14 05:46:57+00:00,2025-06-14 05:46:57+00:00,2025-06-14 05:46:57+00:00,2025-06-14 17:00:00+00:00,0.0,2025-06-14,2025,REG,MIN,LAS,1.064112656345666,True,,0.4819416314468661,401736176,3142010,6,8,0,True,False,matched,4.0,2025-06-14,under,0.15675087777925334,1.819672131147541,0.819672131147541,1.0,False,False,False
2210,a3e37944-3615-4f77-9ca2-fd6f05a38cba,89,Dearica Hamby,dearicahamby,LAS,rebounds,7.5,-136.0,102.0,10,10,2025-06-14 05:46:57+00:00,2025-06-14 05:46:57+00:00,2025-06-14 05:46:57+00:00,2025-06-14 17:00:00+00:00,0.0,2025-06-14,2025,REG,MIN,LAS,1.071320691391173,True,,0.5420932924427202,401736176,2566106,6,8,0,True,False,matched,12.0,2025-06-14,under,0.13173908293202768,2.02,-1.0,1.0,False,False,False
2212,969b21fc-76f7-457b-902c-bb71f0e340ee,139,Kayla Thornton,kaylathornton,GSV,points,13.5,-120.0,-108.0,10,10,2025-06-14 06:17:44+00:00,2025-06-14 06:17:44+00:00,2025-06-14 06:17:44+00:00,2025-06-15 00:30:00+00:00,0.0,2025-06-14,2025,REG,GSV,SEA,1.0646853146853146,True,,0.5135396953663074,401736178,2529622,129689,14,1,True,False,matched,22.0,2025-06-14,under,0.485367192427084,1.925925925925926,-1.0,1.0,False,False,False
2212,6e00465e-9ded-4d4d-bcc1-55bca55207c6,72,Temi Fagbenle,temifagbenle,TOR,rebounds,7.5,-118.0,-112.0,10,10,2025-06-14 06:17:44+00:00,2025-06-14 06:17:44+00:00,2025-06-14 06:17:44+00:00,2025-06-15 00:30:00+00:00,0.0,2025-06-14,2025,REG,GSV,SEA,1.0695862904621776,True,,0.5067212711754592,401736178,2569044,129689,14,1,True,False,matched,7.0,2025-06-14,under,0.475868408660308,1.8928571428571428,0.8928571428571428,1.0,False,False,False
2212,4cb06923-84af-4e5d-a08f-260b1b828ea5,55,Veronica Burton,veronicaburton,GSV,points,13.5,102.0,-132.0,10,10,2025-06-14 06:17:44+00:00,2025-06-14 06:17:44+00:00,2025-06-14 06:17:44+00:00,2025-06-15 00:30:00+00:00,0.0,2025-06-14,2025,REG,GSV,SEA,1.0640150221918745,True,,0.4618487426836327,401736178,4398935,129689,14,1,True,False,matched,8.0,2025-06-14,under,0.4291352146509596,1.7575757575757576,0.7575757575757576,1.0,False,False,False
2212,8501b8c1-e8c6-4972-956c-bc1a9723e7ff,208,Gabby Williams,gabbywilliams,GSV,threes,1.5,-174.0,130.0,10,10,2025-06-14 06:17:44+00:00,2025-06-14 06:17:44+00:00,2025-06-14 06:17:44+00:00,2025-06-15 00:30:00+00:00,0.0,2025-06-14,2025,REG,GSV,SEA,1.069819105046017,True,,0.603727082826799,401736178,3142328,14,129689,0,True,False,matched,1.0,2025-06-14,under,0.22355448479076667,2.3,1.2999999999999998,1.0,False,False,False
2212,74000fc3-b2f8-4a21-99b6-983e9af4c19b,175,Skylar Diggins,skylardiggins,CHI,assists,4.5,-148.0,114.0,10,10,2025-06-14 06:17:44+00:00,2025-06-14 06:17:44+00:00,2025-06-14 06:17:44+00:00,2025-06-15 00:30:00+00:00,0.0,2025-06-14,2025,REG,GSV,SEA,1.0640639131745555,True,,0.5668405336028035,401736178,2491205,14,129689,0,True,False,matched,3.0,2025-06-14,over,0.18078333998300328,1.6756756756756757,-1.0,1.0,False,False,False
2212,003b3e8f-6f2c-45e7-bef8-659df6a8e9e0,180,Nneka Ogwumike,nnekaogwumike,LAS,points,17.5,-102.0,-128.0,10,10,2025-06-14 06:17:44+00:00,2025-06-14 06:17:44+00:00,2025-06-14 06:17:44+00:00,2025-06-15 00:30:00+00:00,0.0,2025-06-14,2025,REG,GSV,SEA,1.0663540038214347,True,,0.47082505196940394,401736178,1068,14,129689,0,True,False,matched,6.0,2025-06-14,under,0.14469719815870574,1.78125,0.78125,1.0,False,False,False
2212,8d8e8fa2-3b0c-4846-a50b-d68c488c20f1,83,Monique Billings,moniquebillings,IND,rebounds,5.5,-140.0,100.0,33,33,2025-06-14 08:20:18+00:00,2025-06-14 08:20:18+00:00,2025-06-14 08:20:18+00:00,2025-06-15 00:30:00+00:00,0.0,2025-06-14,2025,REG,GSV,SEA,1.0833333333333333,True,,0.5434863681281015,401736178,3142255,129689,14,1,True,False,matched,4.0,2025-06-14,under,0.28519962428326084,2.0,1.0,1.0,False,False,False
2212,be457ae3-6d85-469f-83df-493b03829606,66,Erica Wheeler,ericawheeler,LAS,points,11.5,105.0,-150.0,33,33,2025-06-14 13:27:32+00:00,2025-06-14 13:27:32+00:00,2025-06-14 13:27:32+00:00,2025-06-15 00:30:00+00:00,0.0,2025-06-14,2025,REG,GSV,SEA,1.0878048780487806,True,,0.44129415758498114,401736178,2491214,14,129689,0,True,False,matched,6.0,2025-06-14,under,0.2551988129263656,1.6666666666666665,0.6666666666666665,1.0,False,False,False
2210,e4501fb6-89a9-4849-91ae-a6bea148b566,125,Kayla McBride,kaylamcbride,MIN,rebounds,3.5,100.0,-130.0,13,13,2025-06-14 14:29:20+00:00,2025-06-14 14:29:20+00:00,2025-06-14 14:29:20+00:00,2025-06-14 17:00:00+00:00,0.0,2025-06-14,2025,REG,MIN,LAS,1.065217391304348,True,,0.4663164946059025,401736176,2529205,8,6,1,True,False,matched,1.0,2025-06-14,under,0.16980304085707065,1.7692307692307692,0.7692307692307692,1.0,False,False,False
2212,7c97146c-7eef-4c2c-a67e-fd10ac19ca67,58,Carla Leite,carlaleite,PDX,points,9.5,110.0,-145.0,49,49,2025-06-14 22:51:48+00:00,2025-06-14 22:51:48+00:00,2025-06-14 22:51:48+00:00,2025-06-15 00:30:00+00:00,0.0,2025-06-14,2025,REG,GSV,SEA,1.0680272108843538,True,,0.44017298355747725,401736178,5208982,129689,14,1,True,False,matched,14.0,2025-06-14,under,0.42068877419982065,1.6896551724137931,-1.0,1.0,False,False,False
2215,0707c0ab-066a-40bb-9634-98241400fb8a,102,Jackie Young,jackieyoung,LVA,points,20.5,-128.0,-102.0,10,10,2025-06-15 03:08:09+00:00,2025-06-15 03:08:09+00:00,2025-06-15 03:08:09+00:00,2025-06-15 22:00:00+00:00,0.0,2025-06-15,2025,REG,LVA,PHX,1.0663540038214347,True,,0.5291749480305961,401736181,4065870,17,11,1,True,False,matched,15.0,2025-06-15,under,0.3208852869920826,1.9803921568627452,0.9803921568627452,1.0,False,False,False
2215,f5c0c2db-2beb-4abc-870f-0164b9bf2884,107,Chelsea Gray,chelseagray,LVA,assists,4.5,-148.0,114.0,10,10,2025-06-15 03:08:09+00:00,2025-06-15 03:08:09+00:00,2025-06-15 03:08:09+00:00,2025-06-15 22:00:00+00:00,0.0,2025-06-15,2025,REG,LVA,PHX,1.0640639131745555,True,,0.5668405336028035,401736181,2529122,17,11,1,True,False,matched,4.0,2025-06-15,under,0.23715581451667445,2.1399999999999997,1.1399999999999997,1.0,False,False,False
2215,ed875441-efcd-4dae-a5ba-820e28e35945,166,Jewell Loyd,jewellloyd,LVA,points,14.5,-113.0,-115.0,10,10,2025-06-15 03:08:09+00:00,2025-06-15 03:08:09+00:00,2025-06-15 03:08:09+00:00,2025-06-15 22:00:00+00:00,0.0,2025-06-15,2025,REG,LVA,PHX,1.0654001528551151,True,,0.49774423259931944,401736181,2987869,17,11,1,True,False,matched,17.0,2025-06-15,under,0.15411785090663654,1.8695652173913042,-1.0,1.0,False,False,False
2215,e64fa28a-d2ea-4843-a2c1-a1296fdcbb60,54,Satou Sabally,satousabally,NYL,assists,3.5,142.0,-192.0,10,10,2025-06-15 03:08:09+00:00,2025-06-15 03:08:09+00:00,2025-06-15 03:08:09+00:00,2025-06-15 22:00:00+00:00,0.0,2025-06-15,2025,REG,LVA,PHX,1.0707573870712102,True,,0.37336020860003377,401736181,4281929,11,17,0,True,False,matched,3.0,2025-06-15,over,0.14143156765582532,2.42,-1.0,1.0,False,False,False
2213,75f8eef3-7a62-41ab-89cf-97296b4f85af,9,Tina Charles,tinacharles,FA,points,16.5,-122.0,-106.0,10,10,2025-06-15 05:24:13+00:00,2025-06-15 05:24:13+00:00,2025-06-15 05:24:13+00:00,2025-06-15 16:00:00+00:00,0.0,2025-06-15,2025,REG,CON,CHI,1.064112656345666,True,,0.518058368553134,401736179,918,18,19,1,True,False,matched,19.0,2025-06-15,under,0.12737181604178388,1.9433962264150944,-1.0,1.0,False,False,False
2213,683eb7a5-c80a-4ad5-b68a-eccb219b129f,43,Olivia Nelson-Ododa,olivianelsonododa,CON,rebounds,5.5,-158.0,118.0,10,10,2025-06-15 05:27:35+00:00,2025-06-15 05:27:35+00:00,2025-06-15 05:27:35+00:00,2025-06-15 16:00:00+00:00,0.0,2025-06-15,2025,REG,CON,CHI,1.0711186971054691,True,,0.5796527091990534,401736179,4398966,18,19,1,True,False,matched,10.0,2025-06-15,under,0.6110485356781714,2.1799999999999997,-1.0,1.0,False,False,False
2213,0f7139eb-e823-4624-b6b6-f97500e7481d,22,Marina Mabrey,marinamabrey,TOR,rebounds,4.5,-132.0,100.0,10,10,2025-06-15 05:27:35+00:00,2025-06-15 05:27:35+00:00,2025-06-15 05:27:35+00:00,2025-06-15 16:00:00+00:00,0.0,2025-06-15,2025,REG,CON,CHI,1.0689655172413794,True,,0.5356937238338165,401736179,3904576,18,19,1,True,False,matched,5.0,2025-06-15,under,0.11467634636863683,2.0,-1.0,1.0,False,False,False
2214,3da587d7-7845-4e58-b184-380b9ffbf7dc,182,Brittney Sykes,brittneysykes,TOR,points,19.5,-113.0,-115.0,10,10,2025-06-15 05:54:58+00:00,2025-06-15 05:54:58+00:00,2025-06-15 05:54:58+00:00,2025-06-15 18:00:00+00:00,0.0,2025-06-15,2025,REG,WAS,ATL,1.0654001528551151,True,,0.49774423259931944,401736180,2988756,16,20,1,True,False,matched,9.0,2025-06-15,under,0.24181655217160475,1.8695652173913042,0.8695652173913042,1.0,False,False,False
2214,32315539-c950-4ffe-808e-869bc8e56949,573,Sonia Citron,soniacitron,WAS,points,12.5,-130.0,100.0,10,10,2025-06-15 05:54:58+00:00,2025-06-15 05:54:58+00:00,2025-06-15 05:54:58+00:00,2025-06-15 18:00:00+00:00,0.0,2025-06-15,2025,REG,WAS,ATL,1.065217391304348,True,,0.5336835053940976,401736180,4433524,16,20,1,True,False,matched,10.0,2025-06-15,under,0.1280493242095832,2.0,1.0,1.0,False,False,False
2214,2f50f12a-1433-4657-a962-239b95d929c0,15,Rhyne Howard,rhynehoward,ATL,points,17.5,-128.0,-102.0,10,10,2025-06-15 05:58:20+00:00,2025-06-15 05:58:20+00:00,2025-06-15 05:58:20+00:00,2025-06-15 18:00:00+00:00,0.0,2025-06-15,2025,REG,WAS,ATL,1.0663540038214347,True,,0.5291749480305961,401736180,4398674,20,16,0,True,False,matched,14.0,2025-06-15,under,0.13528922139651495,1.9803921568627452,0.9803921568627452,1.0,False,False,False
2214,dcf17384-5d2e-4bd2-b922-c6bcbd52a093,49,Brionna Jones,brionnajones,ATL,rebounds,8.5,-122.0,-108.0,10,10,2025-06-15 05:58:21+00:00,2025-06-15 05:58:21+00:00,2025-06-15 05:58:21+00:00,2025-06-15 18:00:00+00:00,0.0,2025-06-15,2025,REG,WAS,ATL,1.0687803187803186,True,,0.5156895960912058,401736180,3058895,20,16,0,True,False,matched,4.0,2025-06-15,under,0.3044890075208964,1.925925925925926,0.925925925925926,1.0,False,False,False
2214,81f01bbc-fe49-4aed-9d86-195fe94e6fc0,1,Allisha Gray,allishagray,ATL,assists,3.5,-166.0,124.0,10,10,2025-06-15 05:58:21+00:00,2025-06-15 05:58:21+00:00,2025-06-15 05:58:21+00:00,2025-06-15 18:00:00+00:00,0.0,2025-06-15,2025,REG,WAS,ATL,1.0704887218045114,True,,0.5920365770215091,401736180,3058901,20,16,0,True,False,matched,4.0,2025-06-15,under,0.15803322419839538,2.24,-1.0,1.0,False,False,False
2213,9dc2660c-8e42-401d-83c1-66f2be63d7e9,185,Ariel Atkins,arielatkins,LAS,assists,3.5,120.0,-150.0,24,24,2025-06-15 08:33:14+00:00,2025-06-15 08:33:14+00:00,2025-06-15 08:33:14+00:00,2025-06-15 16:00:00+00:00,0.0,2025-06-15,2025,REG,CON,CHI,1.0545454545454547,True,,0.4253013906678685,401736179,3146151,19,18,0,True,False,matched,4.0,2025-06-15,under,0.15120571466853794,1.6666666666666665,-1.0,1.0,False,False,False
2213,1c98fbf9-0b44-4bf0-b7e6-d7e317de571f,26,Angel Reese,angelreese,ATL,assists,2.5,-115.0,-115.0,24,24,2025-06-15 08:33:14+00:00,2025-06-15 08:33:14+00:00,2025-06-15 08:33:14+00:00,2025-06-15 16:00:00+00:00,0.0,2025-06-15,2025,REG,CON,CHI,1.0697674418604652,True,,0.5,401736179,4433402,19,18,0,True,False,matched,11.0,2025-06-15,under,0.12436667906410964,1.8695652173913042,-1.0,1.0,False,False,False
2215,f8fcf824-85d1-432d-93f8-2b6314da196c,177,Sami Whitcomb,samiwhitcomb,PHO,points,8.5,-105.0,-125.0,49,49,2025-06-15 10:03:40+00:00,2025-06-15 10:03:40+00:00,2025-06-15 10:03:40+00:00,2025-06-15 22:00:00+00:00,0.0,2025-06-15,2025,REG,LVA,PHX,1.067750677506775,True,,0.47757418034290006,401736181,887,11,17,0,True,False,matched,18.0,2025-06-15,under,0.25035695598593777,1.8,-1.0,1.0,False,False,False
2213,918929c3-e3fd-403a-a633-0f253372e5df,518,Saniya Rivers,saniyarivers,CON,points,7.5,-115.0,-115.0,19,19,2025-06-15 13:04:58+00:00,2025-06-15 13:04:58+00:00,2025-06-15 13:04:58+00:00,2025-06-15 16:00:00+00:00,0.0,2025-06-15,2025,REG,CON,CHI,1.0697674418604652,True,,0.5,401736179,4433514,18,19,1,True,True,did_not_play,,2025-06-15,under,0.1463098157797857,1.8695652173913042,0.0,0.0,False,True,False
2216,cc4c9251-b376-43c4-97c4-e80edc05ad3e,68,Caitlin Clark,caitlinclark,IND,rebounds,5.5,-146.0,110.0,10,10,2025-06-15 20:17:14+00:00,2025-06-15 20:17:14+00:00,2025-06-15 20:17:14+00:00,2025-06-17 23:00:00+00:00,0.0,2025-06-17,2025,REG,IND,CON,1.0696864111498257,True,,0.5607420039050215,401736182,4433403,5,18,1,True,False,matched,1.0,2025-06-17,under,0.1091724367543383,2.1,1.1,1.0,False,False,False
2219,00af4ee4-0fae-477e-a835-ca0397357be6,182,Brittney Sykes,brittneysykes,TOR,points,19.5,-110.0,-118.0,10,10,2025-06-16 02:20:42+00:00,2025-06-16 02:20:42+00:00,2025-06-16 02:20:42+00:00,2025-06-18 00:00:00+00:00,0.0,2025-06-17,2025,REG,CHI,WAS,1.0650939274792486,True,,0.4909754767731684,401736184,2988756,16,19,0,True,False,matched,32.0,2025-06-17,under,0.26100201027752784,1.847457627118644,-1.0,1.0,False,False,False
2219,086eb38f-8a4b-4d9d-8c43-978fd7f9b56d,26,Angel Reese,angelreese,ATL,points,11.5,-130.0,100.0,10,10,2025-06-16 02:20:42+00:00,2025-06-16 02:20:42+00:00,2025-06-16 02:20:42+00:00,2025-06-18 00:00:00+00:00,0.0,2025-06-17,2025,REG,CHI,WAS,1.065217391304348,True,,0.5336835053940976,401736184,4433402,19,16,1,True,False,matched,17.0,2025-06-17,under,0.1313826087041337,2.0,-1.0,1.0,False,False,False
2217,4325ddd9-e90a-487e-80d8-d1f936a5372e,49,Brionna Jones,brionnajones,ATL,rebounds,7.5,-148.0,112.0,10,10,2025-06-16 02:37:39+00:00,2025-06-16 02:37:39+00:00,2025-06-16 02:37:39+00:00,2025-06-17 23:00:00+00:00,0.0,2025-06-17,2025,REG,NYL,ATL,1.0684723067559343,True,,0.5647227530167998,401736183,3058895,20,9,0,True,False,matched,3.0,2025-06-17,under,0.32207992003336355,2.12,1.12,1.0,False,False,False
2217,f4387481-3e7e-45b9-bf0a-e47f8b5a8f74,15,Rhyne Howard,rhynehoward,ATL,points,18.5,-115.0,-113.0,10,10,2025-06-16 02:37:39+00:00,2025-06-16 02:37:39+00:00,2025-06-16 02:37:39+00:00,2025-06-17 23:00:00+00:00,0.0,2025-06-17,2025,REG,NYL,ATL,1.0654001528551151,True,,0.5022557674006809,401736183,4398674,20,9,0,True,False,matched,13.0,2025-06-17,under,0.20392849926206813,1.8849557522123894,0.8849557522123894,1.0,False,False,False
2217,17b32d18-6d2a-4940-a1e0-aafe2323aa08,141,Jonquel Jones,jonqueljones,NYL,rebounds,10.5,108.0,-144.0,10,10,2025-06-16 02:37:39+00:00,2025-06-16 02:37:39+00:00,2025-06-16 02:37:39+00:00,2025-06-17 23:00:00+00:00,0.0,2025-06-17,2025,REG,NYL,ATL,1.0709331651954601,True,,0.4433154794603006,401736183,2999101,9,20,1,True,False,matched,10.0,2025-06-17,under,0.17403263034258726,1.6944444444444444,0.6944444444444444,1.0,False,False,False
2217,90a4a41a-c52e-421a-8f36-ae3ae895ea18,137,Breanna Stewart,breannastewart,NYL,points,20.5,-104.0,-122.0,10,10,2025-06-16 02:37:39+00:00,2025-06-16 02:37:39+00:00,2025-06-16 02:37:39+00:00,2025-06-17 23:00:00+00:00,0.0,2025-06-17,2025,REG,NYL,ATL,1.059353471118177,True,,0.47953831927398954,401736183,2998928,9,20,1,True,False,matched,23.0,2025-06-17,under,0.14675033342511584,1.819672131147541,-1.0,1.0,False,False,False
2217,24a32d9a-3e59-45f4-b1fb-5a18f4d7c035,148,Brittney Griner,brittneygriner,CON,rebounds,5.5,-154.0,116.0,10,10,2025-06-16 02:37:39+00:00,2025-06-16 02:37:39+00:00,2025-06-16 02:37:39+00:00,2025-06-17 23:00:00+00:00,0.0,2025-06-17,2025,REG,NYL,ATL,1.0692621755613883,True,,0.574207987656796,401736183,2490553,20,9,0,True,False,matched,2.0,2025-06-17,under,0.12760476774033863,2.16,1.1600000000000001,1.0,False,False,False
2217,5c5811e6-00c3-494c-993b-a09eb4760426,163,Natasha Cloud,natashacloud,CHI,assists,5.5,104.0,-138.0,10,10,2025-06-16 02:37:39+00:00,2025-06-16 02:37:39+00:00,2025-06-16 02:37:39+00:00,2025-06-17 23:00:00+00:00,0.0,2025-06-17,2025,REG,NYL,ATL,1.0700280112044818,True,,0.4535791638529251,401736183,2529137,9,20,1,True,False,matched,5.0,2025-06-17,over,0.11932888225681271,2.04,-1.0,1.0,False,False,False
2217,cb4fb2a5-2afe-420b-aac1-3c119f06ea6d,1,Allisha Gray,allishagray,ATL,threes,2.5,108.0,-144.0,10,10,2025-06-16 02:37:39+00:00,2025-06-16 02:37:39+00:00,2025-06-16 02:37:39+00:00,2025-06-17 23:00:00+00:00,0.0,2025-06-17,2025,REG,NYL,ATL,1.0709331651954601,True,,0.4433154794603006,401736183,3058901,20,9,0,True,False,matched,2.0,2025-06-17,under,0.11273329324728254,1.6944444444444444,0.6944444444444444,1.0,False,False,False
2217,4340856c-d0a0-425c-afed-b09a027ec80c,132,Sabrina Ionescu,sabrinaionescu,NYL,points,18.5,-110.0,-118.0,10,10,2025-06-16 02:37:39+00:00,2025-06-16 02:37:39+00:00,2025-06-16 02:37:39+00:00,2025-06-17 23:00:00+00:00,0.0,2025-06-17,2025,REG,NYL,ATL,1.0650939274792486,True,,0.4909754767731684,401736183,4066533,9,20,1,True,False,matched,34.0,2025-06-17,under,0.10508647521735265,1.847457627118644,-1.0,1.0,False,False,False
2220,0fb92124-2fdc-4afe-ab2b-d21c7e48ce2b,528,Paige Bueckers,paigebueckers,DAL,assists,6.5,-132.0,100.0,10,10,2025-06-16 02:51:16+00:00,2025-06-16 02:51:16+00:00,2025-06-16 02:51:16+00:00,2025-06-18 00:00:00+00:00,0.0,2025-06-17,2025,REG,DAL,GSV,1.0689655172413794,True,,0.5356937238338165,401736185,4433730,3,129689,1,True,False,matched,2.0,2025-06-17,under,0.18251022471732575,2.0,1.0,1.0,False,False,False
2220,1dd8251f-559f-418e-9b5e-a23c1690c24a,139,Kayla Thornton,kaylathornton,GSV,points,14.5,-114.0,-114.0,10,10,2025-06-16 03:49:16+00:00,2025-06-16 03:49:16+00:00,2025-06-16 03:49:16+00:00,2025-06-18 00:00:00+00:00,0.0,2025-06-17,2025,REG,DAL,GSV,1.0654205607476634,True,,0.5000000000000001,401736185,2529622,129689,3,0,True,False,matched,17.0,2025-06-17,under,0.36803552677544915,1.8771929824561404,-1.0,1.0,False,False,False
2220,100cc8aa-a4e2-4a2d-9473-8f51816687aa,55,Veronica Burton,veronicaburton,GSV,assists,5.5,-158.0,118.0,10,10,2025-06-16 03:49:17+00:00,2025-06-16 03:49:17+00:00,2025-06-16 03:49:17+00:00,2025-06-18 00:00:00+00:00,0.0,2025-06-17,2025,REG,DAL,GSV,1.0711186971054691,True,,0.5796527091990534,401736185,4398935,129689,3,0,True,False,matched,5.0,2025-06-17,under,0.5544509244429453,2.1799999999999997,1.1799999999999997,1.0,False,False,False
2216,85d965d5-6a32-4849-9aca-d67be53a696c,9,Tina Charles,tinacharles,FA,points,17.5,-110.0,-118.0,10,10,2025-06-16 04:31:08+00:00,2025-06-16 04:31:08+00:00,2025-06-16 04:31:08+00:00,2025-06-17 23:00:00+00:00,0.0,2025-06-17,2025,REG,IND,CON,1.0650939274792486,True,,0.4909754767731684,401736182,918,18,5,0,True,False,matched,20.0,2025-06-17,under,0.16955054252823903,1.847457627118644,-1.0,1.0,False,False,False
2216,677f2808-0da1-4648-97b1-926f4f2387da,22,Marina Mabrey,marinamabrey,TOR,threes,2.5,-172.0,128.0,10,10,2025-06-16 04:31:08+00:00,2025-06-16 04:31:08+00:00,2025-06-16 04:31:08+00:00,2025-06-17 23:00:00+00:00,0.0,2025-06-17,2025,REG,IND,CON,1.0709494324045408,True,,0.6004234693007796,401736182,3904576,18,5,0,True,False,matched,0.0,2025-06-17,under,0.15029460552802765,2.2800000000000002,1.2800000000000002,1.0,False,False,False
2218,52efe202-7e07-4995-8092-f6071cbde379,121,Alanna Smith,alannasmith,DAL,points,10.5,104.0,-135.0,10,10,2025-06-16 05:12:20+00:00,2025-06-16 05:12:20+00:00,2025-06-16 05:12:20+00:00,2025-06-18 00:00:00+00:00,0.0,2025-06-17,2025,REG,MIN,LVA,1.0646641635377556,True,,0.45648742045938223,401736186,3913881,8,17,1,True,False,matched,10.0,2025-06-17,under,0.14376995940193749,1.7407407407407407,0.7407407407407407,1.0,False,False,False
2218,f7fe7f67-3072-479f-8d3f-255d33364c30,125,Kayla McBride,kaylamcbride,MIN,points,15.5,-108.0,-120.0,10,10,2025-06-16 05:12:20+00:00,2025-06-16 05:12:20+00:00,2025-06-16 05:12:20+00:00,2025-06-18 00:00:00+00:00,0.0,2025-06-17,2025,REG,MIN,LVA,1.0646853146853146,True,,0.48646030463369283,401736186,2529205,8,17,1,True,False,matched,8.0,2025-06-17,under,0.10253021871199125,1.8333333333333335,0.8333333333333335,1.0,False,False,False
2221,99c04dd8-204d-4a36-a169-f8a44895585a,82,Azura Stevens,azurastevens,CHI,points,11.5,-122.0,-106.0,10,10,2025-06-16 05:57:07+00:00,2025-06-16 05:57:07+00:00,2025-06-16 05:57:07+00:00,2025-06-18 02:00:00+00:00,0.0,2025-06-17,2025,REG,LAS,SEA,1.064112656345666,True,,0.518058368553134,401736187,3142010,6,14,1,True,False,matched,16.0,2025-06-17,under,0.17215550717059946,1.9433962264150944,-1.0,1.0,False,False,False
2221,32c63cca-292f-42ec-8a0d-18a18b7cfd9d,208,Gabby Williams,gabbywilliams,GSV,points,13.5,-120.0,-108.0,10,10,2025-06-16 05:57:07+00:00,2025-06-16 05:57:07+00:00,2025-06-16 05:57:07+00:00,2025-06-18 02:00:00+00:00,0.0,2025-06-17,2025,REG,LAS,SEA,1.0646853146853146,True,,0.5135396953663074,401736187,3142328,14,6,0,True,False,matched,11.0,2025-06-17,under,0.14774468985947198,1.925925925925926,0.925925925925926,1.0,False,False,False
2221,57ab5c1e-2cce-4b4c-9b68-247faa0a98dc,180,Nneka Ogwumike,nnekaogwumike,LAS,points,16.5,-102.0,-128.0,10,10,2025-06-16 05:57:07+00:00,2025-06-16 05:57:07+00:00,2025-06-16 05:57:07+00:00,2025-06-18 02:00:00+00:00,0.0,2025-06-17,2025,REG,LAS,SEA,1.0663540038214347,True,,0.47082505196940394,401736187,1068,14,6,0,True,False,matched,26.0,2025-06-17,under,0.11995704848454758,1.78125,-1.0,1.0,False,False,False
2221,6b05f0e2-00cc-42cb-aec3-d8b9fcf3fd3e,175,Skylar Diggins,skylardiggins,CHI,points,17.5,-115.0,-113.0,10,10,2025-06-16 05:57:07+00:00,2025-06-16 05:57:07+00:00,2025-06-16 05:57:07+00:00,2025-06-18 02:00:00+00:00,0.0,2025-06-17,2025,REG,LAS,SEA,1.0654001528551151,True,,0.5022557674006809,401736187,2491205,14,6,0,True,False,matched,15.0,2025-06-17,under,0.11143952642561478,1.8849557522123894,0.8849557522123894,1.0,False,False,False
2218,5680af23-e9c3-486b-88e1-3144205e7d55,107,Chelsea Gray,chelseagray,LVA,assists,4.5,-130.0,100.0,24,24,2025-06-16 12:23:29+00:00,2025-06-16 12:23:29+00:00,2025-06-16 12:23:29+00:00,2025-06-18 00:00:00+00:00,0.0,2025-06-17,2025,REG,MIN,LVA,1.065217391304348,True,,0.5336835053940976,401736186,2529122,17,8,0,True,False,matched,6.0,2025-06-17,under,0.21676764455043673,2.0,-1.0,1.0,False,False,False
2218,5173cb9f-4425-4c05-939c-0ae3ff2f12d2,102,Jackie Young,jackieyoung,LVA,assists,4.5,105.0,-135.0,24,24,2025-06-16 12:23:29+00:00,2025-06-16 12:23:29+00:00,2025-06-16 12:23:29+00:00,2025-06-18 00:00:00+00:00,0.0,2025-06-17,2025,REG,MIN,LVA,1.0622729631551635,True,,0.45531139401703796,401736186,4065870,17,8,0,True,False,matched,6.0,2025-06-17,under,0.21149579606663904,1.7407407407407407,-1.0,1.0,False,False,False
2218,f64b886a-5477-4166-8dc9-db7d04a7baf3,166,Jewell Loyd,jewellloyd,LVA,threes,2.5,125.0,-155.0,24,24,2025-06-16 12:23:29+00:00,2025-06-16 12:23:29+00:00,2025-06-16 12:23:29+00:00,2025-06-18 00:00:00+00:00,0.0,2025-06-17,2025,REG,MIN,LVA,1.0522875816993464,True,,0.4161844529605166,401736186,2987869,17,8,0,True,False,matched,4.0,2025-06-17,under,0.12711754394707314,1.6451612903225805,-1.0,1.0,False,False,False
2216,fb124faa-606d-4cf7-9c15-2407c3d2615c,43,Olivia Nelson-Ododa,olivianelsonododa,CON,rebounds,6.5,102.0,-136.0,10,10,2025-06-17 03:43:22+00:00,2025-06-17 03:43:22+00:00,2025-06-17 03:43:22+00:00,2025-06-17 23:00:00+00:00,0.0,2025-06-17,2025,REG,IND,CON,1.071320691391173,True,,0.4579067075572801,401736182,4398966,18,5,0,True,False,matched,8.0,2025-06-17,under,0.34935584678723386,1.7352941176470589,-1.0,1.0,False,False,False
2220,062fd24d-b706-4e84-b237-6f715b1a5179,83,Monique Billings,moniquebillings,IND,points,9.5,-190.0,145.0,49,49,2025-06-17 12:03:50+00:00,2025-06-17 12:03:50+00:00,2025-06-17 12:03:50+00:00,2025-06-18 00:00:00+00:00,0.0,2025-06-17,2025,REG,DAL,GSV,1.0633356790992259,True,,0.627503342529811,401736185,3142255,129689,3,0,True,False,matched,18.0,2025-06-17,under,0.9303588997691485,2.45,-1.0,1.0,False,False,False
2220,f3b9c227-8e94-4150-83ce-b2ef6207c379,58,Carla Leite,carlaleite,PDX,points,9.5,-195.0,145.0,49,49,2025-06-17 17:32:48+00:00,2025-06-17 17:32:48+00:00,2025-06-17 17:32:48+00:00,2025-06-18 00:00:00+00:00,0.0,2025-06-17,2025,REG,DAL,GSV,1.0691802144586648,True,,0.6309553346406138,401736185,5208982,129689,3,0,True,False,matched,8.0,2025-06-17,under,0.7601155449174828,2.45,1.4500000000000002,1.0,False,False,False
2222,f85c06a7-1b32-4fcf-96e3-56d8a8f5b72e,40,Alyssa Thomas,alyssathomas,PHO,points,13.5,-102.0,-128.0,10,10,2025-06-18 04:51:25+00:00,2025-06-18 04:51:25+00:00,2025-06-18 04:51:25+00:00,2025-06-18 23:00:00+00:00,0.0,2025-06-18,2025,REG,CON,PHX,1.0663540038214347,True,,0.47082505196940394,401736188,2529140,11,18,0,True,False,matched,14.0,2025-06-18,under,0.12865259057094452,1.78125,-1.0,1.0,False,False,False
2222,98a87e8f-7670-429c-8fcd-87e93cb656e2,54,Satou Sabally,satousabally,NYL,rebounds,7.5,-130.0,-102.0,10,10,2025-06-18 04:51:26+00:00,2025-06-18 04:51:26+00:00,2025-06-18 04:51:26+00:00,2025-06-18 23:00:00+00:00,0.0,2025-06-18,2025,REG,CON,PHX,1.0701678863538528,True,,0.5312123494364493,401736188,4281929,11,18,0,True,False,matched,15.0,2025-06-18,under,0.17783033587473407,1.9803921568627452,-1.0,1.0,False,False,False
2222,868abb2c-992d-4c8a-92bc-92d579add7ef,9,Tina Charles,tinacharles,FA,rebounds,6.5,124.0,-166.0,10,10,2025-06-18 04:51:26+00:00,2025-06-18 04:51:26+00:00,2025-06-18 04:51:26+00:00,2025-06-18 23:00:00+00:00,0.0,2025-06-18,2025,REG,CON,PHX,1.0704887218045114,True,,0.40796342297849103,401736188,918,18,11,1,True,False,matched,4.0,2025-06-18,over,0.1573948661088908,2.24,-1.0,1.0,False,False,False
2222,78d3adfd-e264-4a9f-a5f3-e88fcfa85999,43,Olivia Nelson-Ododa,olivianelsonododa,CON,rebounds,6.5,124.0,-166.0,10,10,2025-06-18 05:18:48+00:00,2025-06-18 05:18:48+00:00,2025-06-18 05:18:48+00:00,2025-06-18 23:00:00+00:00,0.0,2025-06-18,2025,REG,CON,PHX,1.0704887218045114,True,,0.40796342297849103,401736188,4398966,18,11,1,True,False,matched,14.0,2025-06-18,under,0.23972737619214088,1.6024096385542168,-1.0,1.0,False,False,False
2222,19a604aa-c8d7-4301-874a-724aeed99bc9,177,Sami Whitcomb,samiwhitcomb,PHO,points,7.5,-130.0,100.0,49,49,2025-06-18 11:02:01+00:00,2025-06-18 11:02:01+00:00,2025-06-18 11:02:01+00:00,2025-06-18 23:00:00+00:00,0.0,2025-06-18,2025,REG,CON,PHX,1.065217391304348,True,,0.5336835053940976,401736188,887,11,18,0,True,True,did_not_play,,2025-06-18,under,0.1266574087362199,2.0,0.0,0.0,False,True,False
2223,22409594-596b-47e2-835f-ddd86cd3a849,54,Satou Sabally,satousabally,NYL,rebounds,7.5,-154.0,116.0,10,10,2025-06-19 01:43:43+00:00,2025-06-19 01:43:43+00:00,2025-06-19 01:43:43+00:00,2025-06-19 23:00:00+00:00,0.0,2025-06-19,2025,REG,NYL,PHX,1.0692621755613883,True,,0.574207987656796,401736189,4281929,11,9,0,True,False,matched,9.0,2025-06-19,under,0.258975732391782,2.16,-1.0,1.0,False,False,False
2223,704143b1-0524-4842-b3f6-4dbdf68c23f4,40,Alyssa Thomas,alyssathomas,PHO,points,12.5,-115.0,-113.0,10,10,2025-06-19 01:43:44+00:00,2025-06-19 01:43:44+00:00,2025-06-19 01:43:44+00:00,2025-06-19 23:00:00+00:00,0.0,2025-06-19,2025,REG,NYL,PHX,1.0654001528551151,True,,0.5022557674006809,401736189,2529140,11,9,0,True,False,matched,18.0,2025-06-19,under,0.15046278604442526,1.8849557522123894,-1.0,1.0,False,False,False
2223,4a2bbd68-ca86-44aa-a4c9-5045f8f3f45f,141,Jonquel Jones,jonqueljones,NYL,rebounds,10.5,116.0,-154.0,10,10,2025-06-19 01:43:44+00:00,2025-06-19 01:43:44+00:00,2025-06-19 01:43:44+00:00,2025-06-19 23:00:00+00:00,0.0,2025-06-19,2025,REG,NYL,PHX,1.0692621755613883,True,,0.425792012343204,401736189,2999101,9,11,1,True,False,matched,4.0,2025-06-19,under,0.1286731329385627,1.6493506493506493,0.6493506493506493,1.0,False,False,False
2224,c42e5794-437d-4124-873c-e60402bd0dbb,76,Lexie Hull,lexiehull,IND,points,9.5,-106.0,-122.0,10,10,2025-06-19 02:33:41+00:00,2025-06-19 02:33:41+00:00,2025-06-19 02:33:41+00:00,2025-06-20 02:00:00+00:00,0.0,2025-06-19,2025,REG,GSV,IND,1.064112656345666,True,,0.4819416314468661,401736190,4398829,5,129689,0,True,False,matched,3.0,2025-06-19,under,0.22826368182848356,1.819672131147541,0.819672131147541,1.0,False,False,False
2224,fd0ba9fd-9988-44bc-896b-6f89230e0930,83,Monique Billings,moniquebillings,IND,rebounds,6.5,-154.0,116.0,10,10,2025-06-19 02:33:42+00:00,2025-06-19 02:33:42+00:00,2025-06-19 02:33:42+00:00,2025-06-20 02:00:00+00:00,0.0,2025-06-19,2025,REG,GSV,IND,1.0692621755613883,True,,0.574207987656796,401736190,3142255,129689,5,1,True,False,matched,3.0,2025-06-19,under,0.5274615687592126,2.16,1.1600000000000001,1.0,False,False,False
2224,c1cb9dd3-1066-46bc-a171-ce9f45b2f687,139,Kayla Thornton,kaylathornton,GSV,rebounds,7.5,-122.0,-108.0,10,10,2025-06-19 02:33:42+00:00,2025-06-19 02:33:42+00:00,2025-06-19 02:33:42+00:00,2025-06-20 02:00:00+00:00,0.0,2025-06-19,2025,REG,GSV,IND,1.0687803187803186,True,,0.5156895960912058,401736190,2529622,129689,5,1,True,False,matched,6.0,2025-06-19,under,0.45506064456662865,1.925925925925926,0.925925925925926,1.0,False,False,False
2224,e1254a43-f2a2-4282-a960-5f3e6f2434b5,55,Veronica Burton,veronicaburton,GSV,points,11.5,100.0,-130.0,10,10,2025-06-19 02:33:42+00:00,2025-06-19 02:33:42+00:00,2025-06-19 02:33:42+00:00,2025-06-20 02:00:00+00:00,0.0,2025-06-19,2025,REG,GSV,IND,1.065217391304348,True,,0.4663164946059025,401736190,4398935,129689,5,1,True,False,matched,11.0,2025-06-19,under,0.34843291396715514,1.7692307692307692,0.7692307692307692,1.0,False,False,False
2224,aea044b5-6861-41ba-8ff5-5ac9e128a9e6,58,Carla Leite,carlaleite,PDX,points,10.5,102.0,-132.0,10,10,2025-06-19 02:33:42+00:00,2025-06-19 02:33:42+00:00,2025-06-19 02:33:42+00:00,2025-06-20 02:00:00+00:00,0.0,2025-06-19,2025,REG,GSV,IND,1.0640150221918745,True,,0.4618487426836327,401736190,5208982,129689,5,1,True,False,matched,8.0,2025-06-19,under,0.3446410471365007,1.7575757575757576,0.7575757575757576,1.0,False,False,False
2224,5730eacd-e16c-4b11-802a-223665536832,56,Natasha Howard,natashahoward,MIN,points,11.5,-118.0,-110.0,10,10,2025-06-19 02:33:42+00:00,2025-06-19 02:33:42+00:00,2025-06-19 02:33:42+00:00,2025-06-20 02:00:00+00:00,0.0,2025-06-19,2025,REG,GSV,IND,1.0650939274792486,True,,0.5090245232268319,401736190,2529130,5,129689,0,True,False,matched,13.0,2025-06-19,under,0.13200079693862177,1.9090909090909092,-1.0,1.0,False,False,False
2224,1d061784-af56-45cc-8821-987a20181415,68,Caitlin Clark,caitlinclark,IND,assists,8.5,-132.0,100.0,10,10,2025-06-19 02:33:42+00:00,2025-06-19 02:33:42+00:00,2025-06-19 02:33:42+00:00,2025-06-20 02:00:00+00:00,0.0,2025-06-19,2025,REG,GSV,IND,1.0689655172413794,True,,0.5356937238338165,401736190,4433403,5,129689,0,True,False,matched,9.0,2025-06-19,under,0.11249622011784943,2.0,-1.0,1.0,False,False,False
2225,70db828a-0d22-4829-9520-3373f8358c60,528,Paige Bueckers,paigebueckers,DAL,assists,6.5,118.0,-158.0,10,10,2025-06-19 17:41:52+00:00,2025-06-19 17:41:52+00:00,2025-06-19 17:41:52+00:00,2025-06-20 23:30:00+00:00,0.0,2025-06-20,2025,REG,CON,DAL,1.0711186971054691,True,,0.42034729080094674,401736192,4433730,3,18,0,True,False,matched,7.0,2025-06-20,under,0.16975057799704812,1.6329113924050633,-1.0,1.0,False,False,False
2226,d6b656f7-ffff-4912-b32e-b6fb44e4f540,572,Kiki Iriafen,kikiiriafen,WAS,points,12.5,-108.0,-120.0,10,10,2025-06-19 20:54:55+00:00,2025-06-19 20:54:55+00:00,2025-06-19 20:54:55+00:00,2025-06-20 23:30:00+00:00,0.0,2025-06-20,2025,REG,ATL,WAS,1.0646853146853146,True,,0.48646030463369283,401736191,4898384,16,20,0,True,False,matched,9.0,2025-06-20,under,0.14145212492959575,1.8333333333333335,0.8333333333333335,1.0,False,False,False
2226,df36c8f3-e5d1-4521-83fc-b572ae717504,182,Brittney Sykes,brittneysykes,TOR,points,18.5,100.0,-130.0,10,10,2025-06-19 20:54:55+00:00,2025-06-19 20:54:55+00:00,2025-06-19 20:54:55+00:00,2025-06-20 23:30:00+00:00,0.0,2025-06-20,2025,REG,ATL,WAS,1.065217391304348,True,,0.4663164946059025,401736191,2988756,16,20,0,True,False,matched,21.0,2025-06-20,under,0.1250256852966476,1.7692307692307692,-1.0,1.0,False,False,False
2226,7e0be18a-ecbc-4e8e-94c5-9db5d5fd7ff6,49,Brionna Jones,brionnajones,ATL,points,12.5,-114.0,-114.0,10,10,2025-06-19 20:54:55+00:00,2025-06-19 20:54:55+00:00,2025-06-19 20:54:55+00:00,2025-06-20 23:30:00+00:00,0.0,2025-06-20,2025,REG,ATL,WAS,1.0654205607476634,True,,0.5000000000000001,401736191,3058895,20,16,1,True,False,matched,14.0,2025-06-20,under,0.12363048142369493,1.8771929824561404,-1.0,1.0,False,False,False
2227,8adbab20-f7f6-4107-9fba-96e1c8949d82,103,A'ja Wilson,ajawilson,LVA,rebounds,11.5,-122.0,-110.0,10,10,2025-06-20 04:55:52+00:00,2025-06-20 04:55:52+00:00,2025-06-20 04:55:52+00:00,2025-06-21 02:00:00+00:00,0.0,2025-06-20,2025,REG,LVA,SEA,1.0733590733590734,True,,0.5133544081098238,401736193,3149391,17,14,1,True,False,matched,14.0,2025-06-20,under,0.3178736845103721,1.9090909090909092,-1.0,1.0,False,False,False
2227,7cefcaaa-e41f-457f-a8be-cbeb95781ad9,176,Ezi Magbegor,ezimagbegor,SEA,rebounds,7.5,-130.0,-102.0,10,10,2025-06-20 04:55:52+00:00,2025-06-20 04:55:52+00:00,2025-06-20 04:55:52+00:00,2025-06-21 02:00:00+00:00,0.0,2025-06-20,2025,REG,LVA,SEA,1.0701678863538528,True,,0.5312123494364493,401736193,4420318,14,17,0,True,False,matched,2.0,2025-06-20,under,0.24916629311591204,1.9803921568627452,0.9803921568627452,1.0,False,False,False
2227,7d9972b6-cff3-4069-b0f6-577bbe71723a,208,Gabby Williams,gabbywilliams,GSV,threes,1.5,-138.0,104.0,10,10,2025-06-20 04:55:52+00:00,2025-06-20 04:55:52+00:00,2025-06-20 04:55:52+00:00,2025-06-21 02:00:00+00:00,0.0,2025-06-20,2025,REG,LVA,SEA,1.0700280112044818,True,,0.5464208361470752,401736193,3142328,14,17,0,True,False,matched,3.0,2025-06-20,under,0.17859341474993762,2.04,-1.0,1.0,False,False,False
2227,ba15779c-f20c-4b95-9b3f-d78b4c3afc40,175,Skylar Diggins,skylardiggins,CHI,points,17.5,-114.0,-114.0,10,10,2025-06-20 04:55:52+00:00,2025-06-20 04:55:52+00:00,2025-06-20 04:55:52+00:00,2025-06-21 02:00:00+00:00,0.0,2025-06-20,2025,REG,LVA,SEA,1.0654205607476634,True,,0.5000000000000001,401736193,2491205,14,17,0,True,False,matched,24.0,2025-06-20,under,0.1666097186140475,1.8771929824561404,-1.0,1.0,False,False,False
2227,b9dedde7-bc91-465c-b2a2-559f2de0c881,102,Jackie Young,jackieyoung,LVA,assists,3.5,130.0,-174.0,10,10,2025-06-20 12:46:36+00:00,2025-06-20 12:46:36+00:00,2025-06-20 12:46:36+00:00,2025-06-21 02:00:00+00:00,0.0,2025-06-20,2025,REG,LVA,SEA,1.069819105046017,True,,0.3962729171732011,401736193,4065870,17,14,1,True,False,matched,5.0,2025-06-20,over,0.26433095462453315,2.3,1.2999999999999998,1.0,False,False,False
2228,9b2854a8-65c1-47dc-a2d2-eef9b25a8a99,54,Satou Sabally,satousabally,NYL,points,18.5,-115.0,-113.0,10,10,2025-06-20 19:31:11+00:00,2025-06-20 19:31:11+00:00,2025-06-20 19:31:11+00:00,2025-06-21 17:00:00+00:00,0.0,2025-06-21,2025,REG,CHI,PHX,1.0654001528551151,True,,0.5022557674006809,401736194,4281929,11,19,0,True,False,matched,15.0,2025-06-21,under,0.13245919888888663,1.8849557522123894,0.8849557522123894,1.0,False,False,False
2228,3dd8924f-8839-4c56-b898-3028ac6e3bbe,40,Alyssa Thomas,alyssathomas,PHO,points,13.5,-114.0,-114.0,10,10,2025-06-20 19:31:11+00:00,2025-06-20 19:31:11+00:00,2025-06-20 19:31:11+00:00,2025-06-21 17:00:00+00:00,0.0,2025-06-21,2025,REG,CHI,PHX,1.0654205607476634,True,,0.5000000000000001,401736194,2529140,11,19,0,True,False,matched,11.0,2025-06-21,under,0.13230775597956623,1.8771929824561404,0.8771929824561404,1.0,False,False,False
2228,ba7b514a-1221-4b4f-931c-70067d537127,26,Angel Reese,angelreese,ATL,points,12.5,-114.0,-114.0,10,10,2025-06-20 19:31:11+00:00,2025-06-20 19:31:11+00:00,2025-06-20 19:31:11+00:00,2025-06-21 17:00:00+00:00,0.0,2025-06-21,2025,REG,CHI,PHX,1.0654205607476634,True,,0.5000000000000001,401736194,4433402,19,11,1,True,False,matched,9.0,2025-06-21,under,0.10472197864067884,1.8771929824561404,0.8771929824561404,1.0,False,False,False
2228,4b57d803-d22a-4325-b568-a69e0c3dd9b9,155,Kahleah Copper,kahleahcopper,PHO,points,12.5,102.0,-132.0,10,10,2025-06-20 19:31:12+00:00,2025-06-20 19:31:12+00:00,2025-06-20 19:31:12+00:00,2025-06-21 17:00:00+00:00,0.0,2025-06-21,2025,REG,CHI,PHX,1.0640150221918745,True,,0.4618487426836327,401736194,2998938,11,19,0,True,False,matched,16.0,2025-06-21,over,0.10794305189744346,2.02,1.02,1.0,False,False,False
2229,b8a3095c-dde6-4a71-a2b2-00d65f4aadf6,94,Rickea Jackson,rickeajackson,CHI,points,15.5,-120.0,-108.0,10,10,2025-06-20 19:53:31+00:00,2025-06-20 19:53:31+00:00,2025-06-20 19:53:31+00:00,2025-06-22 00:00:00+00:00,0.0,2025-06-21,2025,REG,MIN,LAS,1.0646853146853146,True,,0.5135396953663074,401736195,4433630,6,8,0,True,False,matched,9.0,2025-06-21,under,0.2596209074051369,1.925925925925926,0.925925925925926,1.0,False,False,False
2229,0d1e0835-29b4-437a-9388-586f6a9a2d30,89,Dearica Hamby,dearicahamby,LAS,points,16.5,-114.0,-114.0,10,10,2025-06-20 19:53:31+00:00,2025-06-20 19:53:31+00:00,2025-06-20 19:53:31+00:00,2025-06-22 00:00:00+00:00,0.0,2025-06-21,2025,REG,MIN,LAS,1.0654205607476634,True,,0.5000000000000001,401736195,2566106,6,8,0,True,False,matched,13.0,2025-06-21,under,0.23463285768993775,1.8771929824561404,0.8771929824561404,1.0,False,False,False
2229,f92eb0bc-3f85-4f91-9dc4-5fda8e0ff14a,82,Azura Stevens,azurastevens,CHI,points,12.5,-110.0,-118.0,10,10,2025-06-20 19:53:31+00:00,2025-06-20 19:53:31+00:00,2025-06-20 19:53:31+00:00,2025-06-22 00:00:00+00:00,0.0,2025-06-21,2025,REG,MIN,LAS,1.0650939274792486,True,,0.4909754767731684,401736195,3142010,6,8,0,True,False,matched,11.0,2025-06-21,under,0.23083006178564142,1.847457627118644,0.847457627118644,1.0,False,False,False
2225,7f34bddf-15d9-4e4e-ae99-92245171de9e,43,Olivia Nelson-Ododa,olivianelsonododa,CON,points,8.5,-128.0,-102.0,10,10,2025-06-20 22:48:43+00:00,2025-06-20 22:48:43+00:00,2025-06-20 22:48:43+00:00,2025-06-20 23:30:00+00:00,0.0,2025-06-20,2025,REG,CON,DAL,1.0663540038214347,True,,0.5291749480305961,401736192,4398966,18,3,1,True,False,matched,6.0,2025-06-20,under,0.34681108186924714,1.9803921568627452,0.9803921568627452,1.0,False,False,False
2227,ecd71677-cde9-4695-97bb-f0a827120990,66,Erica Wheeler,ericawheeler,LAS,points,10.5,-108.0,-120.0,10,10,2025-06-21 01:41:12+00:00,2025-06-21 01:41:12+00:00,2025-06-21 01:41:12+00:00,2025-06-21 02:00:00+00:00,0.0,2025-06-20,2025,REG,LVA,SEA,1.0646853146853146,True,,0.48646030463369283,401736193,2491214,14,17,0,True,False,matched,17.0,2025-06-20,under,0.2648378417168792,1.8333333333333335,-1.0,1.0,False,False,False
2229,3a7cadb6-e0b0-451d-aaec-b2f2d9db8621,101,Kelsey Plum,kelseyplum,LAS,assists,5.5,-108.0,-122.0,10,10,2025-06-21 02:14:44+00:00,2025-06-21 02:14:44+00:00,2025-06-21 02:14:44+00:00,2025-06-22 00:00:00+00:00,0.0,2025-06-21,2025,REG,MIN,LAS,1.0687803187803186,True,,0.48431040390879443,401736195,3065570,6,8,0,True,False,matched,4.0,2025-06-21,under,0.20462581539118152,1.819672131147541,0.819672131147541,1.0,False,False,False
2229,c4bc784e-517d-4f24-a029-e394d44cc4f3,112,Napheesa Collier,napheesacollier,MIN,assists,3.5,-160.0,120.0,10,10,2025-06-21 02:18:15+00:00,2025-06-21 02:18:15+00:00,2025-06-21 02:18:15+00:00,2025-06-22 00:00:00+00:00,0.0,2025-06-21,2025,REG,MIN,LAS,1.06993006993007,True,,0.583305061424049,401736195,3917450,8,6,1,True,True,did_not_play,,2025-06-21,under,0.2028973051876728,2.2,0.0,0.0,False,True,False
2230,1528bdfd-e349-49cf-a086-bfd37601cbec,68,Caitlin Clark,caitlinclark,IND,points,20.5,-128.0,-102.0,10,10,2025-06-21 06:49:46+00:00,2025-06-21 06:49:46+00:00,2025-06-21 06:49:46+00:00,2025-06-22 19:00:00+00:00,0.0,2025-06-22,2025,REG,LVA,IND,1.0663540038214347,True,,0.5291749480305961,401736198,4433403,5,17,0,True,False,matched,19.0,2025-06-22,under,0.23379310499849898,1.9803921568627452,0.9803921568627452,1.0,False,False,False
2230,8a3d6d17-aad6-48a7-8441-b44d4b0cf52f,103,A'ja Wilson,ajawilson,LVA,rebounds,10.5,-132.0,100.0,10,10,2025-06-21 06:49:46+00:00,2025-06-21 06:49:46+00:00,2025-06-21 06:49:46+00:00,2025-06-22 19:00:00+00:00,0.0,2025-06-22,2025,REG,LVA,IND,1.0689655172413794,True,,0.5356937238338165,401736198,3149391,17,5,1,True,False,matched,7.0,2025-06-22,under,0.21861862338871146,2.0,1.0,1.0,False,False,False
2229,feed74cd-8a88-40b3-a924-93d252885d01,117,Courtney Williams,courtneywilliams,MIN,threes,1.5,-105.0,-125.0,24,24,2025-06-21 10:55:31+00:00,2025-06-21 10:55:31+00:00,2025-06-21 10:55:31+00:00,2025-06-22 00:00:00+00:00,0.0,2025-06-21,2025,REG,MIN,LAS,1.067750677506775,True,,0.47757418034290006,401736195,2987891,8,6,1,True,False,matched,2.0,2025-06-21,under,0.20581434354710682,1.8,-1.0,1.0,False,False,False
2230,452573b9-b601-47fe-a7dc-7b13598d644b,107,Chelsea Gray,chelseagray,LVA,assists,5.5,105.0,-135.0,24,24,2025-06-21 11:20:42+00:00,2025-06-21 11:20:42+00:00,2025-06-21 11:20:42+00:00,2025-06-22 19:00:00+00:00,0.0,2025-06-22,2025,REG,LVA,IND,1.0622729631551635,True,,0.45531139401703796,401736198,2529122,17,5,1,True,False,matched,3.0,2025-06-22,under,0.12584815312126924,1.7407407407407407,0.7407407407407407,1.0,False,False,False
2229,e106f134-d80b-49f8-bb82-13cd8e9edce0,121,Alanna Smith,alannasmith,DAL,points,9.5,-120.0,-108.0,10,10,2025-06-21 12:36:30+00:00,2025-06-21 12:36:30+00:00,2025-06-21 12:36:30+00:00,2025-06-22 00:00:00+00:00,0.0,2025-06-21,2025,REG,MIN,LAS,1.0646853146853146,True,,0.5135396953663074,401736195,3913881,8,6,1,True,False,matched,6.0,2025-06-21,under,0.10392332798562537,1.925925925925926,0.925925925925926,1.0,False,False,False
2232,18f02089-597f-4a6f-9143-46cde22fac35,528,Paige Bueckers,paigebueckers,DAL,assists,5.5,-154.0,116.0,10,10,2025-06-21 17:38:08+00:00,2025-06-21 17:38:08+00:00,2025-06-21 17:38:08+00:00,2025-06-22 19:00:00+00:00,0.0,2025-06-22,2025,REG,WAS,DAL,1.0692621755613883,True,,0.574207987656796,401736197,4433730,3,16,0,True,False,matched,7.0,2025-06-22,under,0.17409099472200895,2.16,-1.0,1.0,False,False,False
2232,6cb8c98b-0de5-4e0e-98db-5b1a32f48132,182,Brittney Sykes,brittneysykes,TOR,points,19.5,-114.0,-114.0,10,10,2025-06-21 17:38:08+00:00,2025-06-21 17:38:08+00:00,2025-06-21 17:38:08+00:00,2025-06-22 19:00:00+00:00,0.0,2025-06-22,2025,REG,WAS,DAL,1.0654205607476634,True,,0.5000000000000001,401736197,2988756,16,3,1,True,False,matched,8.0,2025-06-22,under,0.10140759912336694,1.8771929824561404,0.8771929824561404,1.0,False,False,False
2231,87978add-c3e8-436b-8168-f6d4c18a41da,15,Rhyne Howard,rhynehoward,ATL,points,17.5,-118.0,-110.0,10,10,2025-06-21 19:59:16+00:00,2025-06-21 19:59:16+00:00,2025-06-21 19:59:16+00:00,2025-06-22 19:00:00+00:00,0.0,2025-06-22,2025,REG,ATL,CHI,1.0650939274792486,True,,0.5090245232268319,401736196,4398674,20,19,1,True,False,matched,22.0,2025-06-22,under,0.12097916172012141,1.9090909090909092,-1.0,1.0,False,False,False
2231,4b01808f-ceb3-4544-88f5-33ddffab12f9,49,Brionna Jones,brionnajones,ATL,rebounds,6.5,-136.0,102.0,10,10,2025-06-21 19:59:17+00:00,2025-06-21 19:59:17+00:00,2025-06-21 19:59:17+00:00,2025-06-22 19:00:00+00:00,0.0,2025-06-22,2025,REG,ATL,CHI,1.071320691391173,True,,0.5420932924427202,401736196,3058895,20,19,1,True,False,matched,11.0,2025-06-22,under,0.16512401235029406,2.02,-1.0,1.0,False,False,False
2233,d84d858d-8680-4e42-a87a-897e25cba13b,208,Gabby Williams,gabbywilliams,GSV,threes,1.5,-138.0,104.0,10,10,2025-06-22 01:42:28+00:00,2025-06-22 01:42:28+00:00,2025-06-22 01:42:28+00:00,2025-06-22 23:00:00+00:00,0.0,2025-06-22,2025,REG,SEA,NYL,1.0700280112044818,True,,0.5464208361470752,401736199,3142328,14,9,1,True,False,matched,1.0,2025-06-22,under,0.1155812484647345,2.04,1.04,1.0,False,False,False
2233,8c11a2d8-91bc-4025-b0eb-bf1c7af6b68a,132,Sabrina Ionescu,sabrinaionescu,NYL,assists,5.5,-122.0,-108.0,10,10,2025-06-22 01:42:28+00:00,2025-06-22 01:42:28+00:00,2025-06-22 01:42:28+00:00,2025-06-22 23:00:00+00:00,0.0,2025-06-22,2025,REG,SEA,NYL,1.0687803187803186,True,,0.5156895960912058,401736199,4066533,9,14,0,True,True,did_not_play,,2025-06-22,under,0.10223520165004568,1.925925925925926,0.0,0.0,False,True,False
2233,d07845e7-6408-4b73-bcb9-41a13c410a78,163,Natasha Cloud,natashacloud,CHI,points,9.5,102.0,-132.0,10,10,2025-06-22 01:42:29+00:00,2025-06-22 01:42:29+00:00,2025-06-22 01:42:29+00:00,2025-06-22 23:00:00+00:00,0.0,2025-06-22,2025,REG,SEA,NYL,1.0640150221918745,True,,0.4618487426836327,401736199,2529137,9,14,0,True,False,matched,5.0,2025-06-22,under,0.10071661245716673,1.7575757575757576,0.7575757575757576,1.0,False,False,False
2234,0b04c2a2-cdfc-4121-8d9f-1589b9ab081d,83,Monique Billings,moniquebillings,IND,rebounds,6.5,-140.0,106.0,10,10,2025-06-22 04:07:36+00:00,2025-06-22 04:07:36+00:00,2025-06-22 04:07:36+00:00,2025-06-23 00:30:00+00:00,0.0,2025-06-22,2025,REG,GSV,CON,1.0687702265372168,True,,0.5506638564937638,401736200,3142255,129689,18,1,True,False,matched,6.0,2025-06-22,under,0.53871873500499,2.06,1.06,1.0,False,False,False
2234,2e4cc667-0973-4abc-9e3e-e7f7f8e0c1b1,139,Kayla Thornton,kaylathornton,GSV,points,14.5,-122.0,-106.0,10,10,2025-06-22 04:07:36+00:00,2025-06-22 04:07:36+00:00,2025-06-22 04:07:36+00:00,2025-06-23 00:30:00+00:00,0.0,2025-06-22,2025,REG,GSV,CON,1.064112656345666,True,,0.518058368553134,401736200,2529622,129689,18,1,True,False,matched,21.0,2025-06-22,under,0.38552155952240413,1.9433962264150944,-1.0,1.0,False,False,False
2234,38d492b8-3729-4a59-8ff4-96a30847fef7,58,Carla Leite,carlaleite,PDX,points,9.5,-114.0,-114.0,10,10,2025-06-22 04:07:36+00:00,2025-06-22 04:07:36+00:00,2025-06-22 04:07:36+00:00,2025-06-23 00:30:00+00:00,0.0,2025-06-22,2025,REG,GSV,CON,1.0654205607476634,True,,0.5000000000000001,401736200,5208982,129689,18,1,True,True,did_not_play,,2025-06-22,under,0.3286029345792025,1.8771929824561404,0.0,0.0,False,True,False
2234,c939c1c9-2a62-4f99-b193-938d576dca27,55,Veronica Burton,veronicaburton,GSV,points,10.5,-114.0,-114.0,10,10,2025-06-22 04:07:36+00:00,2025-06-22 04:07:36+00:00,2025-06-22 04:07:36+00:00,2025-06-23 00:30:00+00:00,0.0,2025-06-22,2025,REG,GSV,CON,1.0654205607476634,True,,0.5000000000000001,401736200,4398935,129689,18,1,True,False,matched,10.0,2025-06-22,under,0.3134658618681869,1.8771929824561404,0.8771929824561404,1.0,False,False,False
2234,fb05c7d1-d21d-4cf5-9668-7f0007c7336c,9,Tina Charles,tinacharles,FA,points,17.5,-104.0,-125.0,10,10,2025-06-22 04:07:36+00:00,2025-06-22 04:07:36+00:00,2025-06-22 04:07:36+00:00,2025-06-23 00:30:00+00:00,0.0,2025-06-22,2025,REG,GSV,CON,1.065359477124183,True,,0.4763687479911608,401736200,918,18,129689,0,True,False,matched,9.0,2025-06-22,under,0.18063823554585406,1.8,0.8,1.0,False,False,False
2231,9bdf8a8e-aa24-476d-aa77-684cceb79826,2,Jordin Canada,jordincanada,ATL,points,9.5,-120.0,-110.0,49,49,2025-06-22 10:11:24+00:00,2025-06-22 10:11:24+00:00,2025-06-22 10:11:24+00:00,2025-06-22 19:00:00+00:00,0.0,2025-06-22,2025,REG,ATL,CHI,1.0692640692640691,True,,0.5112040114787568,401736196,3142250,20,19,1,True,False,matched,6.0,2025-06-22,under,0.17029333713058536,1.9090909090909092,0.9090909090909092,1.0,False,False,False
2234,36029e76-dec2-4bb4-a825-18e52fc09a93,52,Jacy Sheldon,jacysheldon,CHI,points,8.5,-125.0,-105.0,12,12,2025-06-22 11:20:50+00:00,2025-06-22 11:20:50+00:00,2025-06-22 11:20:50+00:00,2025-06-23 00:30:00+00:00,0.0,2025-06-22,2025,REG,GSV,CON,1.067750677506775,True,,0.5224258196571001,401736200,4432865,18,129689,0,True,False,matched,10.0,2025-06-22,under,0.3488352657694327,1.9523809523809523,-1.0,1.0,False,False,False
2232,fd9c8c76-c7d7-410e-af7d-deaba97364d5,48,DiJonai Carrington,dijonaicarrington,CHI,rebounds,4.5,-106.0,-125.0,10,10,2025-06-22 14:53:16+00:00,2025-06-22 14:53:16+00:00,2025-06-22 14:53:16+00:00,2025-06-22 19:00:00+00:00,0.0,2025-06-22,2025,REG,WAS,DAL,1.070118662351672,True,,0.4787708928615623,401736197,4066548,3,16,0,True,True,did_not_play,,2025-06-22,over,0.12530183624984026,1.9433962264150944,0.0,0.0,False,True,False
2238,b59d30dd-964c-40ea-8714-fd45c9b69d66,68,Caitlin Clark,caitlinclark,IND,points,20.5,-115.0,-115.0,12,12,2025-06-22 21:36:12+00:00,2025-06-22 21:36:12+00:00,2025-06-22 21:36:12+00:00,2025-06-25 02:00:00+00:00,0.0,2025-06-24,2025,REG,SEA,IND,1.0697674418604652,True,,0.5,401736204,4433403,5,14,0,True,False,matched,6.0,2025-06-24,under,0.1854806822898803,1.8695652173913042,0.8695652173913042,1.0,False,False,False
2233,34af4827-ffb0-428f-8181-3e83a09da521,66,Erica Wheeler,ericawheeler,LAS,points,10.5,-130.0,100.0,10,10,2025-06-22 22:21:34+00:00,2025-06-22 22:21:34+00:00,2025-06-22 22:21:34+00:00,2025-06-22 23:00:00+00:00,0.0,2025-06-22,2025,REG,SEA,NYL,1.065217391304348,True,,0.5336835053940976,401736199,2491214,14,9,1,True,False,matched,9.0,2025-06-22,under,0.2794327120177206,2.0,1.0,1.0,False,False,False
2234,60ded3b7-cf2e-4182-8f0c-54a7a150b3f5,518,Saniya Rivers,saniyarivers,CON,points,9.5,120.0,-160.0,49,49,2025-06-22 22:31:52+00:00,2025-06-22 22:31:52+00:00,2025-06-22 22:31:52+00:00,2025-06-23 00:30:00+00:00,0.0,2025-06-22,2025,REG,GSV,CON,1.06993006993007,True,,0.41669493857595097,401736200,4433514,18,129689,0,True,False,matched,2.0,2025-06-22,under,0.2324829052644149,1.625,0.625,1.0,False,False,False
2233,2e72de64-3985-4126-9e42-62535bd8e886,131,Nyara Sabally,nyarasabally,TOR,points,9.5,155.0,-210.0,49,49,2025-06-22 22:52:52+00:00,2025-06-22 22:52:52+00:00,2025-06-22 22:52:52+00:00,2025-06-22 23:00:00+00:00,0.0,2025-06-22,2025,REG,SEA,NYL,1.0695762175838077,True,,0.35220063099197196,401736199,4398768,9,14,0,True,False,matched,8.0,2025-06-22,under,0.20568741540910407,1.4761904761904763,0.4761904761904763,1.0,False,False,False
2238,ab03d620-1dfb-43c7-ba55-f12a3ba24eec,71,Aliyah Boston,aliyahboston,IND,points,13.5,-130.0,100.0,10,10,2025-06-23 00:45:59+00:00,2025-06-23 00:45:59+00:00,2025-06-23 00:45:59+00:00,2025-06-25 02:00:00+00:00,0.0,2025-06-24,2025,REG,SEA,IND,1.065217391304348,True,,0.5336835053940976,401736204,4432831,5,14,0,True,False,matched,31.0,2025-06-24,under,0.21275667207894244,2.0,-1.0,1.0,False,False,False
2238,aef0b7b2-067e-4673-a770-77db5badabaf,70,Kelsey Mitchell,kelseymitchell,IND,points,16.5,-130.0,100.0,10,10,2025-06-23 00:49:26+00:00,2025-06-23 00:49:26+00:00,2025-06-23 00:49:26+00:00,2025-06-25 02:00:00+00:00,0.0,2025-06-24,2025,REG,SEA,IND,1.065217391304348,True,,0.5336835053940976,401736204,3142191,5,14,0,True,False,matched,26.0,2025-06-24,under,0.11971837593152035,2.0,-1.0,1.0,False,False,False
2238,be29b186-eb45-4c67-ac50-dbeccc71260e,180,Nneka Ogwumike,nnekaogwumike,LAS,points,16.5,-130.0,100.0,10,10,2025-06-23 00:59:59+00:00,2025-06-23 00:59:59+00:00,2025-06-23 00:59:59+00:00,2025-06-25 02:00:00+00:00,0.0,2025-06-24,2025,REG,SEA,IND,1.065217391304348,True,,0.5336835053940976,401736204,1068,14,5,1,True,False,matched,16.0,2025-06-24,under,0.12115599609196548,2.0,1.0,1.0,False,False,False
2238,d2f0be43-cc81-4ea4-84df-3ec4f9cdf37d,208,Gabby Williams,gabbywilliams,GSV,points,13.5,-125.0,-104.0,10,10,2025-06-23 01:10:17+00:00,2025-06-23 01:10:17+00:00,2025-06-23 01:10:17+00:00,2025-06-25 02:00:00+00:00,0.0,2025-06-24,2025,REG,SEA,IND,1.065359477124183,True,,0.5236312520088393,401736204,3142328,14,5,1,True,False,matched,11.0,2025-06-24,under,0.15066036436785296,1.9615384615384617,0.9615384615384617,1.0,False,False,False
2238,a256de17-b463-4c65-8e66-88545ff097f6,66,Erica Wheeler,ericawheeler,LAS,points,10.5,-118.0,-110.0,10,10,2025-06-23 01:17:27+00:00,2025-06-23 01:17:27+00:00,2025-06-23 01:17:27+00:00,2025-06-25 02:00:00+00:00,0.0,2025-06-24,2025,REG,SEA,IND,1.0650939274792486,True,,0.5090245232268319,401736204,2491214,14,5,1,True,False,matched,20.0,2025-06-24,under,0.19267202845152936,1.9090909090909092,-1.0,1.0,False,False,False
2238,92f9b6d1-2448-4951-993a-580010080e90,176,Ezi Magbegor,ezimagbegor,SEA,rebounds,6.5,-132.0,100.0,10,10,2025-06-23 01:17:27+00:00,2025-06-23 01:17:27+00:00,2025-06-23 01:17:27+00:00,2025-06-25 02:00:00+00:00,0.0,2025-06-24,2025,REG,SEA,IND,1.0689655172413794,True,,0.5356937238338165,401736204,4420318,14,5,1,True,False,matched,5.0,2025-06-24,under,0.12369850147406247,2.0,1.0,1.0,False,False,False
2235,c28edcf8-6e37-4a8a-b14e-642b9e1e3d8f,49,Brionna Jones,brionnajones,ATL,rebounds,7.5,102.0,-136.0,10,10,2025-06-23 02:10:49+00:00,2025-06-23 02:10:49+00:00,2025-06-23 02:10:49+00:00,2025-06-25 00:00:00+00:00,0.0,2025-06-24,2025,REG,DAL,ATL,1.071320691391173,True,,0.4579067075572801,401736203,3058895,20,3,0,True,False,matched,7.0,2025-06-24,under,0.19777385613525422,1.7352941176470589,0.7352941176470589,1.0,False,False,False
2235,29b0920a-b005-48f4-9f4c-4cae908cf606,63,Arike Ogunbowale,arikeogunbowale,DAL,assists,3.5,-120.0,-110.0,10,10,2025-06-23 02:10:49+00:00,2025-06-23 02:10:49+00:00,2025-06-23 02:10:49+00:00,2025-06-25 00:00:00+00:00,0.0,2025-06-24,2025,REG,DAL,ATL,1.0692640692640691,True,,0.5112040114787568,401736203,3904577,3,20,1,True,False,matched,4.0,2025-06-24,over,0.14981988744114916,1.8333333333333335,0.8333333333333335,1.0,False,False,False
2236,05ca8e56-fef1-4dff-aac3-f6b96c964f90,185,Ariel Atkins,arielatkins,LAS,threes,1.5,138.0,-186.0,10,10,2025-06-23 03:37:20+00:00,2025-06-23 03:37:20+00:00,2025-06-23 03:37:20+00:00,2025-06-25 00:00:00+00:00,0.0,2025-06-24,2025,REG,CHI,LAS,1.070517717576541,True,,0.3807086475713989,401736202,3146151,19,6,1,True,False,matched,1.0,2025-06-24,over,0.16101530374013273,2.38,-1.0,1.0,False,False,False
2236,f4c3fb3b-0c80-452e-9e20-1c6ef9616d87,101,Kelsey Plum,kelseyplum,LAS,points,18.5,-118.0,-110.0,10,10,2025-06-23 03:37:20+00:00,2025-06-23 03:37:20+00:00,2025-06-23 03:37:20+00:00,2025-06-25 00:00:00+00:00,0.0,2025-06-24,2025,REG,CHI,LAS,1.0650939274792486,True,,0.5090245232268319,401736202,3065570,6,19,0,True,False,matched,20.0,2025-06-24,under,0.10413030846912608,1.9090909090909092,-1.0,1.0,False,False,False
2237,9d810514-8cd4-4efb-8d52-e46ae63f7ae9,573,Sonia Citron,soniacitron,WAS,rebounds,3.5,-125.0,-106.0,10,10,2025-06-23 05:44:16+00:00,2025-06-23 05:44:16+00:00,2025-06-23 05:44:16+00:00,2025-06-25 00:00:00+00:00,0.0,2025-06-24,2025,REG,WAS,MIN,1.070118662351672,True,,0.5212291071384377,401736201,4433524,16,8,1,True,False,matched,4.0,2025-06-24,over,0.26261511353401523,1.8,0.8,1.0,False,False,False
2237,d716f7bb-31ea-4307-834e-85a9dab13d3a,196,Shakira Austin,shakiraaustin,WAS,points,13.5,-114.0,-114.0,10,10,2025-06-23 05:44:17+00:00,2025-06-23 05:44:17+00:00,2025-06-23 05:44:17+00:00,2025-06-25 00:00:00+00:00,0.0,2025-06-24,2025,REG,WAS,MIN,1.0654205607476634,True,,0.5000000000000001,401736201,4398911,16,8,1,True,False,matched,19.0,2025-06-24,under,0.2378120265901703,1.8771929824561404,-1.0,1.0,False,False,False
2237,b3be6015-11f1-48b0-a9ab-883b8774e894,182,Brittney Sykes,brittneysykes,TOR,points,18.5,-108.0,-120.0,10,10,2025-06-23 05:44:17+00:00,2025-06-23 05:44:17+00:00,2025-06-23 05:44:17+00:00,2025-06-25 00:00:00+00:00,0.0,2025-06-24,2025,REG,WAS,MIN,1.0646853146853146,True,,0.48646030463369283,401736201,2988756,16,8,1,True,True,did_not_play,,2025-06-24,under,0.19512466152736768,1.8333333333333335,0.0,0.0,False,True,False
2237,98f30c29-8e16-439a-b5cb-d0596c700794,112,Napheesa Collier,napheesacollier,MIN,assists,3.5,-130.0,-102.0,10,10,2025-06-23 05:44:17+00:00,2025-06-23 05:44:17+00:00,2025-06-23 05:44:17+00:00,2025-06-25 00:00:00+00:00,0.0,2025-06-24,2025,REG,WAS,MIN,1.0701678863538528,True,,0.5312123494364493,401736201,3917450,8,16,0,True,True,did_not_play,,2025-06-24,under,0.14385658779041005,1.9803921568627452,0.0,0.0,False,True,False
2237,5198f0ef-942f-4b71-86bd-229e1df39926,117,Courtney Williams,courtneywilliams,MIN,assists,5.5,-140.0,110.0,24,24,2025-06-23 14:33:43+00:00,2025-06-23 14:33:43+00:00,2025-06-23 14:33:43+00:00,2025-06-25 00:00:00+00:00,0.0,2025-06-24,2025,REG,WAS,MIN,1.0595238095238093,True,,0.555167954788897,401736201,2987891,8,16,0,True,False,matched,4.0,2025-06-24,under,0.1531142100495998,2.1,1.1,1.0,False,False,False
2239,f7e6faba-2945-4d23-ba4c-0bfe727af361,137,Breanna Stewart,breannastewart,NYL,points,21.5,-102.0,-128.0,10,10,2025-06-23 19:21:21+00:00,2025-06-23 19:21:21+00:00,2025-06-23 19:21:21+00:00,2025-06-26 02:00:00+00:00,0.0,2025-06-25,2025,REG,GSV,NYL,1.0663540038214347,True,,0.47082505196940394,401736205,2998928,9,129689,0,True,False,matched,23.0,2025-06-25,under,0.10180040991789324,1.78125,-1.0,1.0,False,False,False
2239,6d92460d-0c21-4f10-8010-a0cd0f822e46,139,Kayla Thornton,kaylathornton,GSV,rebounds,6.5,-132.0,100.0,10,10,2025-06-23 19:25:48+00:00,2025-06-23 19:25:48+00:00,2025-06-23 19:25:48+00:00,2025-06-26 02:00:00+00:00,0.0,2025-06-25,2025,REG,GSV,NYL,1.0689655172413794,True,,0.5356937238338165,401736205,2529622,129689,9,1,True,False,matched,7.0,2025-06-25,under,0.3082294643217937,2.0,-1.0,1.0,False,False,False
2240,48151b90-be80-463a-bca9-de87f0a69273,9,Tina Charles,tinacharles,FA,points,16.5,-108.0,-120.0,10,10,2025-06-24 03:17:26+00:00,2025-06-24 03:17:26+00:00,2025-06-24 03:17:26+00:00,2025-06-26 02:00:00+00:00,0.0,2025-06-25,2025,REG,LVA,CON,1.0646853146853146,True,,0.48646030463369283,401736206,918,18,17,0,True,False,matched,18.0,2025-06-25,under,0.18127395475637598,1.8333333333333335,-1.0,1.0,False,False,False
2240,14545130-f5d0-4a5a-b813-d4d7ab04cd9e,52,Jacy Sheldon,jacysheldon,CHI,points,7.5,-114.0,-114.0,10,10,2025-06-24 03:17:26+00:00,2025-06-24 03:17:26+00:00,2025-06-24 03:17:26+00:00,2025-06-26 02:00:00+00:00,0.0,2025-06-25,2025,REG,LVA,CON,1.0654205607476634,True,,0.5000000000000001,401736206,4432865,18,17,0,True,False,matched,8.0,2025-06-25,under,0.12568094017700376,1.8771929824561404,-1.0,1.0,False,False,False
2240,f9eed9a0-6948-499f-ab5f-8b4c44155038,22,Marina Mabrey,marinamabrey,TOR,rebounds,4.5,-114.0,-114.0,10,10,2025-06-24 03:17:26+00:00,2025-06-24 03:17:26+00:00,2025-06-24 03:17:26+00:00,2025-06-26 02:00:00+00:00,0.0,2025-06-25,2025,REG,LVA,CON,1.0654205607476634,True,,0.5000000000000001,401736206,3904576,18,17,0,True,True,did_not_play,,2025-06-25,under,0.10248536114124479,1.8771929824561404,0.0,0.0,False,True,False
2240,3866a736-9c9e-49e7-8683-b9824562ae50,103,A'ja Wilson,ajawilson,LVA,points,21.5,-128.0,-102.0,10,10,2025-06-24 03:17:27+00:00,2025-06-24 03:17:27+00:00,2025-06-24 03:17:27+00:00,2025-06-26 02:00:00+00:00,0.0,2025-06-25,2025,REG,LVA,CON,1.0663540038214347,True,,0.5291749480305961,401736206,3149391,17,18,1,True,False,matched,22.0,2025-06-25,under,0.1252359871896025,1.9803921568627452,-1.0,1.0,False,False,False
2240,abff246a-c68e-4313-8974-f08cc6fdc02b,102,Jackie Young,jackieyoung,LVA,points,16.5,-128.0,-102.0,10,10,2025-06-24 03:17:27+00:00,2025-06-24 03:17:27+00:00,2025-06-24 03:17:27+00:00,2025-06-26 02:00:00+00:00,0.0,2025-06-25,2025,REG,LVA,CON,1.0663540038214347,True,,0.5291749480305961,401736206,4065870,17,18,1,True,False,matched,20.0,2025-06-25,under,0.11178510519933194,1.9803921568627452,-1.0,1.0,False,False,False
2239,0bbda3e4-aea4-406a-9e7c-9dac0ac5ad3b,55,Veronica Burton,veronicaburton,GSV,points,11.5,-108.0,-120.0,10,10,2025-06-24 04:11:15+00:00,2025-06-24 04:11:15+00:00,2025-06-24 04:11:15+00:00,2025-06-26 02:00:00+00:00,0.0,2025-06-25,2025,REG,GSV,NYL,1.0646853146853146,True,,0.48646030463369283,401736205,4398935,129689,9,1,True,False,matched,7.0,2025-06-25,under,0.3794134987252701,1.8333333333333335,0.8333333333333335,1.0,False,False,False
2239,1c4d5488-51ca-4971-9444-0a1ff5073aaa,132,Sabrina Ionescu,sabrinaionescu,NYL,points,19.5,-118.0,-110.0,10,10,2025-06-24 04:11:15+00:00,2025-06-24 04:11:15+00:00,2025-06-24 04:11:15+00:00,2025-06-26 02:00:00+00:00,0.0,2025-06-25,2025,REG,GSV,NYL,1.0650939274792486,True,,0.5090245232268319,401736205,4066533,9,129689,0,True,False,matched,11.0,2025-06-25,under,0.1522683584647641,1.9090909090909092,0.9090909090909092,1.0,False,False,False
2239,d1a3e6d6-8187-4870-8bb7-f7016690c7c5,83,Monique Billings,moniquebillings,IND,rebounds,6.5,-122.0,-108.0,10,10,2025-06-24 04:11:16+00:00,2025-06-24 04:11:16+00:00,2025-06-24 04:11:16+00:00,2025-06-26 02:00:00+00:00,0.0,2025-06-25,2025,REG,GSV,NYL,1.0687803187803186,True,,0.5156895960912058,401736205,3142255,129689,9,1,True,False,matched,7.0,2025-06-25,under,0.3918830591957016,1.925925925925926,-1.0,1.0,False,False,False
2239,66060aab-3d4b-4452-b4b7-6a1a30917e6c,131,Nyara Sabally,nyarasabally,TOR,rebounds,5.5,-125.0,-106.0,10,10,2025-06-24 04:11:16+00:00,2025-06-24 04:11:16+00:00,2025-06-24 04:11:16+00:00,2025-06-26 02:00:00+00:00,0.0,2025-06-25,2025,REG,GSV,NYL,1.070118662351672,True,,0.5212291071384377,401736205,4398768,9,129689,0,True,False,matched,4.0,2025-06-25,under,0.20208385567323506,1.9433962264150944,0.9433962264150944,1.0,False,False,False
2235,f0002773-80d9-4d68-a30d-b9492e7996d1,526,Aziaha James,aziahajames,DAL,points,9.5,-185.0,140.0,49,49,2025-06-24 12:03:59+00:00,2025-06-24 12:03:59+00:00,2025-06-24 12:03:59+00:00,2025-06-25 00:00:00+00:00,0.0,2025-06-24,2025,REG,DAL,ATL,1.0657894736842106,True,,0.6201490873731403,401736203,4433807,3,20,1,True,False,matched,11.0,2025-06-24,under,0.9548879700574904,2.4,-1.0,1.0,False,False,False
2237,c7744cad-6063-4baa-80e3-d35590f6917c,125,Kayla McBride,kaylamcbride,MIN,points,17.5,-115.0,-113.0,10,10,2025-06-24 18:51:58+00:00,2025-06-24 18:51:58+00:00,2025-06-24 18:51:58+00:00,2025-06-25 00:00:00+00:00,0.0,2025-06-24,2025,REG,WAS,MIN,1.0654001528551151,True,,0.5022557674006809,401736201,2529205,8,16,0,True,False,matched,7.0,2025-06-24,under,0.245512270642346,1.8849557522123894,0.8849557522123894,1.0,False,False,False
2237,a654b232-be01-4d21-a948-8c40efd106c2,121,Alanna Smith,alannasmith,DAL,points,11.5,100.0,-130.0,10,10,2025-06-24 18:55:55+00:00,2025-06-24 18:55:55+00:00,2025-06-24 18:55:55+00:00,2025-06-25 00:00:00+00:00,0.0,2025-06-24,2025,REG,WAS,MIN,1.065217391304348,True,,0.4663164946059025,401736201,3913881,8,16,0,True,False,matched,26.0,2025-06-24,under,0.29579121846270157,1.7692307692307692,-1.0,1.0,False,False,False
2241,eaebda66-9877-4abe-8238-32016c173870,68,Caitlin Clark,caitlinclark,IND,threes,3.5,-105.0,-130.0,12,12,2025-06-25 03:17:53+00:00,2025-06-25 03:17:53+00:00,2025-06-25 03:17:53+00:00,2025-06-26 23:00:00+00:00,0.0,2025-06-26,2025,REG,IND,LAS,1.0774125132555674,True,,0.4724269137319091,401736207,4433403,5,6,1,True,True,did_not_play,,2025-06-26,under,0.17621689622217718,1.7692307692307692,0.0,0.0,False,True,False
2241,b369e2b5-317c-499a-9943-e7ee6b45b8bd,89,Dearica Hamby,dearicahamby,LAS,points,16.5,-118.0,-110.0,10,10,2025-06-25 04:43:52+00:00,2025-06-25 04:43:52+00:00,2025-06-25 04:43:52+00:00,2025-06-26 23:00:00+00:00,0.0,2025-06-26,2025,REG,IND,LAS,1.0650939274792486,True,,0.5090245232268319,401736207,2566106,6,5,0,True,False,matched,14.0,2025-06-26,under,0.20590817752712187,1.9090909090909092,0.9090909090909092,1.0,False,False,False
2241,500e0c88-db49-4f97-ad4d-5849a26b0f2b,101,Kelsey Plum,kelseyplum,LAS,points,20.5,-110.0,-118.0,10,10,2025-06-25 04:43:52+00:00,2025-06-25 04:43:52+00:00,2025-06-25 04:43:52+00:00,2025-06-26 23:00:00+00:00,0.0,2025-06-26,2025,REG,IND,LAS,1.0650939274792486,True,,0.4909754767731684,401736207,3065570,6,5,0,True,False,matched,21.0,2025-06-26,under,0.20004029012839497,1.847457627118644,-1.0,1.0,False,False,False
2241,992214f7-8fa0-4c06-bdd8-5755d5fec177,82,Azura Stevens,azurastevens,CHI,rebounds,7.5,-154.0,116.0,10,10,2025-06-25 04:43:52+00:00,2025-06-25 04:43:52+00:00,2025-06-25 04:43:52+00:00,2025-06-26 23:00:00+00:00,0.0,2025-06-26,2025,REG,IND,LAS,1.0692621755613883,True,,0.574207987656796,401736207,3142010,6,5,0,True,False,matched,7.0,2025-06-26,under,0.10023569417233463,2.16,1.1600000000000001,1.0,False,False,False
2244,c1beb950-0d7d-4c14-8ecf-d521c6ea0b1f,528,Paige Bueckers,paigebueckers,DAL,assists,5.5,130.0,-174.0,10,10,2025-06-25 06:04:00+00:00,2025-06-25 06:04:00+00:00,2025-06-25 06:04:00+00:00,2025-06-27 23:30:00+00:00,0.0,2025-06-27,2025,REG,DAL,IND,1.069819105046017,True,,0.3962729171732011,401736210,4433730,3,5,1,True,False,matched,6.0,2025-06-27,over,0.206281156953164,2.3,1.2999999999999998,1.0,False,False,False
2239,922587be-79c5-4e72-a809-e52bdc3d185e,221,Tiffany Hayes,tiffanyhayes,GSV,points,14.5,-110.0,-118.0,10,10,2025-06-25 13:13:58+00:00,2025-06-25 13:13:58+00:00,2025-06-25 13:13:58+00:00,2025-06-26 02:00:00+00:00,0.0,2025-06-25,2025,REG,GSV,NYL,1.0650939274792486,True,,0.4909754767731684,401736205,1054,129689,9,1,True,False,matched,15.0,2025-06-25,under,0.36114545946239984,1.847457627118644,-1.0,1.0,False,False,False
2240,51664922-80dc-43b1-8649-206dab043a28,519,Aneesah Morrow,aneesahmorrow,CON,rebounds,6.5,106.0,-140.0,10,10,2025-06-25 13:28:35+00:00,2025-06-25 13:28:35+00:00,2025-06-25 13:28:35+00:00,2025-06-26 02:00:00+00:00,0.0,2025-06-25,2025,REG,LVA,CON,1.0687702265372168,True,,0.44933614350623635,401736206,4684384,18,17,0,True,False,matched,6.0,2025-06-25,under,0.5660237956944593,1.7142857142857144,0.7142857142857144,1.0,False,False,False
2244,fa1fd087-29e1-4629-99f3-02e584225f42,71,Aliyah Boston,aliyahboston,IND,assists,3.5,142.0,-192.0,10,10,2025-06-25 16:11:17+00:00,2025-06-25 16:11:17+00:00,2025-06-25 16:11:17+00:00,2025-06-27 23:30:00+00:00,0.0,2025-06-27,2025,REG,DAL,IND,1.0707573870712102,True,,0.37336020860003377,401736210,4432831,5,3,0,True,False,matched,3.0,2025-06-27,over,0.1297856460139617,2.42,-1.0,1.0,False,False,False
2242,7a1a52fc-c518-4cf3-89d2-c7830cbc71aa,182,Brittney Sykes,brittneysykes,TOR,points,18.5,-118.0,-110.0,10,10,2025-06-26 04:07:31+00:00,2025-06-26 04:07:31+00:00,2025-06-26 04:07:31+00:00,2025-06-27 02:00:00+00:00,0.0,2025-06-26,2025,REG,LVA,WAS,1.0650939274792486,True,,0.5090245232268319,401736208,2988756,16,17,0,True,True,did_not_play,,2025-06-26,under,0.21011006786051917,1.9090909090909092,0.0,0.0,False,True,False
2242,0e1af4bc-2d2c-4b25-b033-a484add13c0c,102,Jackie Young,jackieyoung,LVA,assists,3.5,102.0,-136.0,10,10,2025-06-26 04:07:32+00:00,2025-06-26 04:07:32+00:00,2025-06-26 04:07:32+00:00,2025-06-27 02:00:00+00:00,0.0,2025-06-26,2025,REG,LVA,WAS,1.071320691391173,True,,0.4579067075572801,401736208,4065870,17,16,1,True,False,matched,5.0,2025-06-26,over,0.22736532799350417,2.02,1.02,1.0,False,False,False
2242,e7ebb087-2c0f-4cb7-9a75-6093fb82ceac,196,Shakira Austin,shakiraaustin,WAS,rebounds,7.5,-130.0,-110.0,33,33,2025-06-26 10:25:33+00:00,2025-06-26 10:25:33+00:00,2025-06-26 10:25:33+00:00,2025-06-27 02:00:00+00:00,0.0,2025-06-26,2025,REG,LVA,WAS,1.0890269151138718,True,,0.521679232465576,401736208,4398911,16,17,0,True,False,matched,13.0,2025-06-26,under,0.1738279981462541,1.9090909090909092,-1.0,1.0,False,False,False
2243,c2cf5c24-a83f-46d1-bd1d-0d760ad26339,121,Alanna Smith,alannasmith,DAL,points,11.5,-120.0,-108.0,10,10,2025-06-26 17:55:21+00:00,2025-06-26 17:55:21+00:00,2025-06-26 17:55:21+00:00,2025-06-27 23:30:00+00:00,0.0,2025-06-27,2025,REG,ATL,MIN,1.0646853146853146,True,,0.5135396953663074,401736209,3913881,8,20,0,True,False,matched,9.0,2025-06-27,under,0.28566097444241345,1.925925925925926,0.925925925925926,1.0,False,False,False
2243,5e276b8e-d725-4296-9c14-fdf97ebaa2e6,125,Kayla McBride,kaylamcbride,MIN,assists,3.5,-132.0,100.0,10,10,2025-06-26 17:55:21+00:00,2025-06-26 17:55:21+00:00,2025-06-26 17:55:21+00:00,2025-06-27 23:30:00+00:00,0.0,2025-06-27,2025,REG,ATL,MIN,1.0689655172413794,True,,0.5356937238338165,401736209,2529205,8,20,0,True,False,matched,3.0,2025-06-27,under,0.25065058111095245,2.0,1.0,1.0,False,False,False
2243,600c8e29-5de2-4009-8052-3f42b3732215,1,Allisha Gray,allishagray,ATL,points,18.5,-122.0,-106.0,10,10,2025-06-26 17:55:21+00:00,2025-06-26 17:55:21+00:00,2025-06-26 17:55:21+00:00,2025-06-27 23:30:00+00:00,0.0,2025-06-27,2025,REG,ATL,MIN,1.064112656345666,True,,0.518058368553134,401736209,3058901,20,8,1,True,False,matched,17.0,2025-06-27,under,0.2216601656669399,1.9433962264150944,0.9433962264150944,1.0,False,False,False
2243,e82b0839-9858-42b3-a011-c539e060c873,117,Courtney Williams,courtneywilliams,MIN,points,13.5,102.0,-132.0,10,10,2025-06-26 17:55:21+00:00,2025-06-26 17:55:21+00:00,2025-06-26 17:55:21+00:00,2025-06-27 23:30:00+00:00,0.0,2025-06-27,2025,REG,ATL,MIN,1.0640150221918745,True,,0.4618487426836327,401736209,2987891,8,20,0,True,False,matched,16.0,2025-06-27,under,0.18354479580270588,1.7575757575757576,-1.0,1.0,False,False,False
2243,70583d67-4d1d-4df5-80f7-adccf91fc91d,112,Napheesa Collier,napheesacollier,MIN,rebounds,7.5,120.0,-160.0,10,10,2025-06-26 17:55:21+00:00,2025-06-26 17:55:21+00:00,2025-06-26 17:55:21+00:00,2025-06-27 23:30:00+00:00,0.0,2025-06-27,2025,REG,ATL,MIN,1.06993006993007,True,,0.41669493857595097,401736209,3917450,8,20,0,True,False,matched,7.0,2025-06-27,over,0.15312823777550832,2.2,-1.0,1.0,False,False,False
2243,212fdada-c35a-497d-a9b6-cb60a1ed6bf3,15,Rhyne Howard,rhynehoward,ATL,threes,2.5,-180.0,134.0,10,10,2025-06-26 17:55:21+00:00,2025-06-26 17:55:21+00:00,2025-06-26 17:55:21+00:00,2025-06-27 23:30:00+00:00,0.0,2025-06-27,2025,REG,ATL,MIN,1.0702075702075702,True,,0.6116591953695215,401736209,4398674,20,8,1,True,False,matched,1.0,2025-06-27,under,0.1320134807306661,2.34,1.3399999999999999,1.0,False,False,False
2245,fca34d9c-e93a-440f-b1bb-9a29eab70b71,132,Sabrina Ionescu,sabrinaionescu,NYL,points,18.5,-122.0,-106.0,10,10,2025-06-26 19:41:12+00:00,2025-06-26 19:41:12+00:00,2025-06-26 19:41:12+00:00,2025-06-28 02:00:00+00:00,0.0,2025-06-27,2025,REG,PHX,NYL,1.064112656345666,True,,0.518058368553134,401736212,4066533,9,11,0,True,False,matched,9.0,2025-06-27,under,0.14720985748820042,1.9433962264150944,0.9433962264150944,1.0,False,False,False
2245,45b1ebd0-1790-4c57-9b87-af252852c680,177,Sami Whitcomb,samiwhitcomb,PHO,points,9.5,-113.0,-115.0,10,10,2025-06-26 19:41:12+00:00,2025-06-26 19:41:12+00:00,2025-06-26 19:41:12+00:00,2025-06-28 02:00:00+00:00,0.0,2025-06-27,2025,REG,PHX,NYL,1.0654001528551151,True,,0.49774423259931944,401736212,887,11,9,1,True,False,matched,15.0,2025-06-27,under,0.11685460217954496,1.8695652173913042,-1.0,1.0,False,False,False
2245,086e7814-7d39-4e7a-be21-78fe44893881,137,Breanna Stewart,breannastewart,NYL,points,20.5,-120.0,-108.0,10,10,2025-06-26 19:41:12+00:00,2025-06-26 19:41:12+00:00,2025-06-26 19:41:12+00:00,2025-06-28 02:00:00+00:00,0.0,2025-06-27,2025,REG,PHX,NYL,1.0646853146853146,True,,0.5135396953663074,401736212,2998928,9,11,0,True,False,matched,17.0,2025-06-27,under,0.10857796429576072,1.925925925925926,0.925925925925926,1.0,False,False,False
2246,3b3c180d-bcdb-46e2-93c4-c43f94a61e67,139,Kayla Thornton,kaylathornton,GSV,rebounds,6.5,-146.0,110.0,10,10,2025-06-26 19:53:07+00:00,2025-06-26 19:53:07+00:00,2025-06-26 19:53:07+00:00,2025-06-28 02:00:00+00:00,0.0,2025-06-27,2025,REG,GSV,CHI,1.0696864111498257,True,,0.5607420039050215,401736211,2529622,129689,19,1,True,False,matched,6.0,2025-06-27,under,0.3468457319013052,2.1,1.1,1.0,False,False,False
2246,61e1c267-59b3-4817-800d-fa3485ae0c0d,221,Tiffany Hayes,tiffanyhayes,GSV,points,13.5,-120.0,-108.0,10,10,2025-06-26 19:53:07+00:00,2025-06-26 19:53:07+00:00,2025-06-26 19:53:07+00:00,2025-06-28 02:00:00+00:00,0.0,2025-06-27,2025,REG,GSV,CHI,1.0646853146853146,True,,0.5135396953663074,401736211,1054,129689,19,1,True,False,matched,13.0,2025-06-27,under,0.24505178623211332,1.925925925925926,0.925925925925926,1.0,False,False,False
2246,b5c728b6-63f1-4ea2-9255-0157c8e22f78,55,Veronica Burton,veronicaburton,GSV,points,10.5,100.0,-130.0,10,10,2025-06-26 19:57:12+00:00,2025-06-26 19:57:12+00:00,2025-06-26 19:57:12+00:00,2025-06-28 02:00:00+00:00,0.0,2025-06-27,2025,REG,GSV,CHI,1.065217391304348,True,,0.4663164946059025,401736211,4398935,129689,19,1,True,False,matched,2.0,2025-06-27,under,0.21532132966464695,1.7692307692307692,0.7692307692307692,1.0,False,False,False
2246,88bf7d07-3d25-4d85-a584-5567d9cd425e,83,Monique Billings,moniquebillings,IND,rebounds,5.5,-125.0,-106.0,10,10,2025-06-26 19:57:12+00:00,2025-06-26 19:57:12+00:00,2025-06-26 19:57:12+00:00,2025-06-28 02:00:00+00:00,0.0,2025-06-27,2025,REG,GSV,CHI,1.070118662351672,True,,0.5212291071384377,401736211,3142255,129689,19,1,True,False,matched,4.0,2025-06-27,under,0.13489954042953828,1.9433962264150944,0.9433962264150944,1.0,False,False,False
2247,4ba0a4bc-61ee-4f29-9b59-4fb4f69f1ab2,9,Tina Charles,tinacharles,FA,points,15.5,-120.0,-108.0,10,10,2025-06-26 20:28:11+00:00,2025-06-26 20:28:11+00:00,2025-06-26 20:28:11+00:00,2025-06-28 02:00:00+00:00,0.0,2025-06-27,2025,REG,SEA,CON,1.0646853146853146,True,,0.5135396953663074,401736213,918,18,14,0,True,False,matched,7.0,2025-06-27,under,0.1607720882515613,1.925925925925926,0.925925925925926,1.0,False,False,False
2247,17c80774-265e-40fd-bf0f-89080fcb725f,208,Gabby Williams,gabbywilliams,GSV,threes,1.5,-118.0,-112.0,10,10,2025-06-26 20:40:14+00:00,2025-06-26 20:40:14+00:00,2025-06-26 20:40:14+00:00,2025-06-28 02:00:00+00:00,0.0,2025-06-27,2025,REG,SEA,CON,1.0695862904621776,True,,0.5067212711754592,401736213,3142328,14,18,1,True,False,matched,2.0,2025-06-27,under,0.13272217482639775,1.8928571428571428,-1.0,1.0,False,False,False
2247,7bab4dd1-3a45-43eb-ba25-f8b2380d05f6,66,Erica Wheeler,ericawheeler,LAS,rebounds,3.5,134.0,-180.0,10,10,2025-06-26 20:40:15+00:00,2025-06-26 20:40:15+00:00,2025-06-26 20:40:15+00:00,2025-06-28 02:00:00+00:00,0.0,2025-06-27,2025,REG,SEA,CON,1.0702075702075702,True,,0.38834080463047865,401736213,2491214,14,18,1,True,False,matched,5.0,2025-06-27,under,0.11858930551861124,1.5555555555555556,-1.0,1.0,False,False,False
2241,04524abf-0bcd-4494-88ad-009c5bb8203f,88,Aari McDonald,aarimcdonald,FA,points,10.5,-115.0,-115.0,49,49,2025-06-26 21:30:29+00:00,2025-06-26 21:30:29+00:00,2025-06-26 21:30:29+00:00,2025-06-26 23:00:00+00:00,0.0,2025-06-26,2025,REG,IND,LAS,1.0697674418604652,True,,0.5,401736207,4066553,5,6,1,True,False,matched,14.0,2025-06-26,under,0.19707319731400808,1.8695652173913042,-1.0,1.0,False,False,False
2242,8b9a91e8-385c-4f56-af5b-8843223c615b,573,Sonia Citron,soniacitron,WAS,assists,3.5,-130.0,-110.0,49,49,2025-06-27 00:39:19+00:00,2025-06-27 00:39:19+00:00,2025-06-27 00:39:19+00:00,2025-06-27 02:00:00+00:00,0.0,2025-06-26,2025,REG,LVA,WAS,1.0890269151138718,True,,0.521679232465576,401736208,4433524,16,17,0,True,False,matched,2.0,2025-06-26,under,0.5637637053601229,1.9090909090909092,0.9090909090909092,1.0,False,False,False
2244,f37e6db5-caf1-4089-bd31-82a1e8a63619,95,Li Yueru,liyueru,DAL,rebounds,7.5,-110.0,-118.0,19,19,2025-06-27 03:12:36+00:00,2025-06-27 03:12:36+00:00,2025-06-27 03:12:36+00:00,2025-06-27 23:30:00+00:00,0.0,2025-06-27,2025,REG,DAL,IND,1.0650939274792486,True,,0.4909754767731684,401736210,4336633,3,5,1,True,False,matched,3.0,2025-06-27,under,0.617797837411865,1.847457627118644,0.847457627118644,1.0,False,False,False
2247,a09edd05-95fd-4aed-ab5e-558be48b59bd,43,Olivia Nelson-Ododa,olivianelsonododa,CON,rebounds,6.5,110.0,-140.0,12,12,2025-06-27 09:08:06+00:00,2025-06-27 09:08:06+00:00,2025-06-27 09:08:06+00:00,2025-06-28 02:00:00+00:00,0.0,2025-06-27,2025,REG,SEA,CON,1.0595238095238093,True,,0.44483204521110303,401736213,4398966,18,14,0,True,False,matched,6.0,2025-06-27,under,0.22611757508953695,1.7142857142857144,0.7142857142857144,1.0,False,False,False
2245,acff58e2-4e27-4c3b-8cd5-407862dc12b0,163,Natasha Cloud,natashacloud,CHI,points,9.5,110.0,-155.0,33,33,2025-06-27 11:08:03+00:00,2025-06-27 11:08:03+00:00,2025-06-27 11:08:03+00:00,2025-06-28 02:00:00+00:00,0.0,2025-06-27,2025,REG,PHX,NYL,1.0840336134453783,True,,0.4312621062414176,401736212,2529137,9,11,0,True,False,matched,14.0,2025-06-27,under,0.10427173637482906,1.6451612903225805,-1.0,1.0,False,False,False
2246,7258dae0-ef11-4d56-acb0-cd550ff800a9,109,Kate Martin,katemartin,LAS,assists,1.5,-105.0,-125.0,24,24,2025-06-27 14:58:14+00:00,2025-06-27 14:58:14+00:00,2025-06-27 14:58:14+00:00,2025-06-28 02:00:00+00:00,0.0,2025-06-27,2025,REG,GSV,CHI,1.067750677506775,True,,0.47757418034290006,401736211,4398907,129689,19,1,True,False,matched,0.0,2025-06-27,under,0.4588983928688387,1.8,0.8,1.0,False,False,False
2244,1ae2d685-8b00-433c-a618-074c8eff24ba,76,Lexie Hull,lexiehull,IND,points,9.5,110.0,-140.0,13,13,2025-06-27 18:57:44+00:00,2025-06-27 18:57:44+00:00,2025-06-27 18:57:44+00:00,2025-06-27 23:30:00+00:00,0.0,2025-06-27,2025,REG,DAL,IND,1.0595238095238093,True,,0.44483204521110303,401736210,4398829,5,3,0,True,False,matched,3.0,2025-06-27,under,0.13579519984120053,1.7142857142857144,0.7142857142857144,1.0,False,False,False
2244,6b3c8e95-839a-4b00-837a-e9ca6af29e76,88,Aari McDonald,aarimcdonald,FA,points,11.5,102.0,-132.0,10,10,2025-06-27 23:08:47+00:00,2025-06-27 23:08:47+00:00,2025-06-27 23:08:47+00:00,2025-06-27 23:30:00+00:00,0.0,2025-06-27,2025,REG,DAL,IND,1.0640150221918745,True,,0.4618487426836327,401736210,4066553,5,3,0,True,False,matched,13.0,2025-06-27,under,0.20636330120422625,1.7575757575757576,-1.0,1.0,False,False,False
2245,27c2b2c4-7085-4e00-a9ea-93204dcace63,131,Nyara Sabally,nyarasabally,TOR,rebounds,5.5,-152.0,114.0,10,10,2025-06-28 01:42:25+00:00,2025-06-28 01:42:25+00:00,2025-06-28 01:42:25+00:00,2025-06-28 02:00:00+00:00,0.0,2025-06-27,2025,REG,PHX,NYL,1.0704643228007713,True,,0.5703965275254933,401736212,4398768,9,11,0,True,False,matched,6.0,2025-06-27,under,0.38143836021927113,2.1399999999999997,-1.0,1.0,False,False,False
2248,79f42ea6-fb7b-4ae6-b92b-0f607f9783c1,182,Brittney Sykes,brittneysykes,TOR,assists,5.5,122.0,-162.0,10,10,2025-06-28 02:52:30+00:00,2025-06-28 02:52:30+00:00,2025-06-28 02:52:30+00:00,2025-06-29 00:00:00+00:00,0.0,2025-06-28,2025,REG,DAL,WAS,1.0687710611374732,True,,0.41310819110441305,401736214,2988756,16,3,0,True,False,matched,5.0,2025-06-28,under,0.17538591491311467,1.617283950617284,0.617283950617284,1.0,False,False,False
2248,f3ce6ef7-b85b-4c60-8bab-a5e9c990749a,196,Shakira Austin,shakiraaustin,WAS,points,14.5,-110.0,-118.0,10,10,2025-06-28 02:59:54+00:00,2025-06-28 02:59:54+00:00,2025-06-28 02:59:54+00:00,2025-06-29 00:00:00+00:00,0.0,2025-06-28,2025,REG,DAL,WAS,1.0650939274792486,True,,0.4909754767731684,401736214,4398911,16,3,0,True,False,matched,18.0,2025-06-28,under,0.17765108292955956,1.847457627118644,-1.0,1.0,False,False,False
2248,6a215fa4-4896-4cfc-8faa-3552c373325c,573,Sonia Citron,soniacitron,WAS,assists,2.5,-115.0,-115.0,24,24,2025-06-28 07:07:19+00:00,2025-06-28 07:07:19+00:00,2025-06-28 07:07:19+00:00,2025-06-29 00:00:00+00:00,0.0,2025-06-28,2025,REG,DAL,WAS,1.0697674418604652,True,,0.5,401736214,4433524,16,3,0,True,False,matched,2.0,2025-06-28,under,0.19795588799012626,1.8695652173913042,0.8695652173913042,1.0,False,False,False
2248,0d186e6b-091d-45eb-a77e-d94ab1bf6a08,95,Li Yueru,liyueru,DAL,rebounds,5.5,-175.0,125.0,33,33,2025-06-28 10:58:41+00:00,2025-06-28 10:58:41+00:00,2025-06-28 10:58:41+00:00,2025-06-29 00:00:00+00:00,0.0,2025-06-28,2025,REG,DAL,WAS,1.0808080808080809,True,,0.6000379418846682,401736214,4336633,3,16,1,True,False,matched,6.0,2025-06-28,under,0.5833592683785095,2.25,-1.0,1.0,False,False,False
2248,59f39fa4-9823-4802-9e09-f734d1680644,73,NaLyssa Smith,nalyssasmith,LVA,rebounds,6.5,-146.0,110.0,10,10,2025-06-28 18:36:36+00:00,2025-06-28 18:36:36+00:00,2025-06-28 18:36:36+00:00,2025-06-29 00:00:00+00:00,0.0,2025-06-28,2025,REG,DAL,WAS,1.0696864111498257,True,,0.5607420039050215,401736214,4398776,3,16,1,True,False,matched,7.0,2025-06-28,under,0.33643347888139913,2.1,-1.0,1.0,False,False,False
2249,a9bea4fa-1d0f-4ee1-9762-06ae86b63c33,137,Breanna Stewart,breannastewart,NYL,threes,1.5,168.0,-230.0,10,10,2025-06-28 19:01:34+00:00,2025-06-28 19:01:34+00:00,2025-06-28 19:01:34+00:00,2025-06-29 19:00:00+00:00,0.0,2025-06-29,2025,REG,ATL,NYL,1.070104025327906,True,,0.33212328770060234,401736215,2998928,9,20,0,True,False,matched,1.0,2025-06-29,under,0.15984262789673834,1.434782608695652,0.4347826086956521,1.0,False,False,False
2249,f2cc085a-0065-4f55-b7ec-cd6eacc72196,163,Natasha Cloud,natashacloud,CHI,points,8.5,-125.0,-104.0,10,10,2025-06-28 19:06:47+00:00,2025-06-28 19:06:47+00:00,2025-06-28 19:06:47+00:00,2025-06-29 19:00:00+00:00,0.0,2025-06-29,2025,REG,ATL,NYL,1.065359477124183,True,,0.5236312520088393,401736215,2529137,9,20,0,True,False,matched,20.0,2025-06-29,under,0.1425526834786066,1.9615384615384617,-1.0,1.0,False,False,False
2249,aa6ea6de-bb8f-40cc-bc60-6926e410f0d0,131,Nyara Sabally,nyarasabally,TOR,rebounds,5.5,-122.0,-108.0,10,10,2025-06-28 19:10:17+00:00,2025-06-28 19:10:17+00:00,2025-06-28 19:10:17+00:00,2025-06-29 19:00:00+00:00,0.0,2025-06-29,2025,REG,ATL,NYL,1.0687803187803186,True,,0.5156895960912058,401736215,4398768,9,20,0,True,False,matched,4.0,2025-06-29,under,0.21215085894663815,1.925925925925926,0.925925925925926,1.0,False,False,False
2251,743986d6-8501-4282-8104-5ef0dc39e0ec,40,Alyssa Thomas,alyssathomas,PHO,points,13.5,-125.0,-104.0,10,10,2025-06-28 19:13:49+00:00,2025-06-28 19:13:49+00:00,2025-06-28 19:13:49+00:00,2025-06-29 22:00:00+00:00,0.0,2025-06-29,2025,REG,PHX,LVA,1.065359477124183,True,,0.5236312520088393,401736217,2529140,11,17,1,True,False,matched,16.0,2025-06-29,under,0.17057970279112883,1.9615384615384617,-1.0,1.0,False,False,False
2251,81056f6a-3883-4319-a389-b1d06983b5f4,155,Kahleah Copper,kahleahcopper,PHO,threes,1.5,-136.0,102.0,10,10,2025-06-28 19:13:49+00:00,2025-06-28 19:13:49+00:00,2025-06-28 19:13:49+00:00,2025-06-29 22:00:00+00:00,0.0,2025-06-29,2025,REG,PHX,LVA,1.071320691391173,True,,0.5420932924427202,401736217,2998938,11,17,1,True,False,matched,2.0,2025-06-29,under,0.13499576343323272,2.02,-1.0,1.0,False,False,False
2253,565fb511-58c0-47cb-bf04-2459d0bdde86,139,Kayla Thornton,kaylathornton,GSV,rebounds,6.5,-152.0,114.0,10,10,2025-06-28 19:23:42+00:00,2025-06-28 19:23:42+00:00,2025-06-28 19:23:42+00:00,2025-06-30 00:30:00+00:00,0.0,2025-06-29,2025,REG,GSV,SEA,1.0704643228007713,True,,0.5703965275254933,401736219,2529622,129689,14,1,True,False,matched,5.0,2025-06-29,under,0.3778407911388939,2.1399999999999997,1.1399999999999997,1.0,False,False,False
2253,c60cd548-3382-40b0-93de-d18a141cccc8,180,Nneka Ogwumike,nnekaogwumike,LAS,rebounds,7.5,-138.0,104.0,10,10,2025-06-28 19:23:42+00:00,2025-06-28 19:23:42+00:00,2025-06-28 19:23:42+00:00,2025-06-30 00:30:00+00:00,0.0,2025-06-29,2025,REG,GSV,SEA,1.0700280112044818,True,,0.5464208361470752,401736219,1068,14,129689,0,True,False,matched,7.0,2025-06-29,under,0.18187221556016975,2.04,1.04,1.0,False,False,False
2253,ceadc676-1626-472b-926c-131a4efac393,208,Gabby Williams,gabbywilliams,GSV,threes,1.5,-120.0,-110.0,10,10,2025-06-28 19:23:42+00:00,2025-06-28 19:23:42+00:00,2025-06-28 19:23:42+00:00,2025-06-30 00:30:00+00:00,0.0,2025-06-29,2025,REG,GSV,SEA,1.0692640692640691,True,,0.5112040114787568,401736219,3142328,14,129689,0,True,False,matched,0.0,2025-06-29,under,0.1456643435367811,1.9090909090909092,0.9090909090909092,1.0,False,False,False
2253,6da3705e-5ff2-48fb-ad30-7fd59ef46d79,55,Veronica Burton,veronicaburton,GSV,points,9.5,-125.0,-104.0,10,10,2025-06-28 19:27:17+00:00,2025-06-28 19:27:17+00:00,2025-06-28 19:27:17+00:00,2025-06-30 00:30:00+00:00,0.0,2025-06-29,2025,REG,GSV,SEA,1.065359477124183,True,,0.5236312520088393,401736219,4398935,129689,14,1,True,False,matched,15.0,2025-06-29,under,0.37266209684228446,1.9615384615384617,-1.0,1.0,False,False,False
2253,77f57362-3df2-40ce-804c-c7218e67f4ae,66,Erica Wheeler,ericawheeler,LAS,points,11.5,-122.0,-106.0,10,10,2025-06-28 19:27:17+00:00,2025-06-28 19:27:17+00:00,2025-06-28 19:27:17+00:00,2025-06-30 00:30:00+00:00,0.0,2025-06-29,2025,REG,GSV,SEA,1.064112656345666,True,,0.518058368553134,401736219,2491214,14,129689,0,True,False,matched,13.0,2025-06-29,under,0.3320603322049817,1.9433962264150944,-1.0,1.0,False,False,False
2253,be8f7d39-c967-4657-b4f4-bbfefe5e2ee3,221,Tiffany Hayes,tiffanyhayes,GSV,rebounds,3.5,-146.0,110.0,10,10,2025-06-28 19:27:17+00:00,2025-06-28 19:27:17+00:00,2025-06-28 19:27:17+00:00,2025-06-30 00:30:00+00:00,0.0,2025-06-29,2025,REG,GSV,SEA,1.0696864111498257,True,,0.5607420039050215,401736219,1054,129689,14,1,True,False,matched,3.0,2025-06-29,under,0.14135550041144557,2.1,1.1,1.0,False,False,False
2253,6dc84484-66be-410c-b08d-1cd5aeffd2ac,176,Ezi Magbegor,ezimagbegor,SEA,rebounds,6.5,-118.0,-112.0,10,10,2025-06-28 19:27:17+00:00,2025-06-28 19:27:17+00:00,2025-06-28 19:27:17+00:00,2025-06-30 00:30:00+00:00,0.0,2025-06-29,2025,REG,GSV,SEA,1.0695862904621776,True,,0.5067212711754592,401736219,4420318,14,129689,0,True,False,matched,6.0,2025-06-29,under,0.10443226294802399,1.8928571428571428,0.8928571428571428,1.0,False,False,False
2250,5a7c7a7b-8701-450e-83f1-94e6abf2b0bc,36,Rachel Banham,rachelbanham,CHI,points,7.5,-110.0,-118.0,10,10,2025-06-28 19:30:50+00:00,2025-06-28 19:30:50+00:00,2025-06-28 19:30:50+00:00,2025-06-29 20:00:00+00:00,0.0,2025-06-29,2025,REG,LAS,CHI,1.0650939274792486,True,,0.4909754767731684,401736216,2566186,19,6,0,True,False,matched,13.0,2025-06-29,under,0.18154194585010808,1.847457627118644,-1.0,1.0,False,False,False
2250,f809fef2-9ae9-4dda-a05a-3119c8b4d624,26,Angel Reese,angelreese,ATL,assists,3.5,-118.0,-112.0,10,10,2025-06-28 19:30:50+00:00,2025-06-28 19:30:50+00:00,2025-06-28 19:30:50+00:00,2025-06-29 20:00:00+00:00,0.0,2025-06-29,2025,REG,LAS,CHI,1.0695862904621776,True,,0.5067212711754592,401736216,4433402,19,6,0,True,False,matched,7.0,2025-06-29,under,0.13048141054310086,1.8928571428571428,-1.0,1.0,False,False,False
2250,4a61b3a0-6234-44ae-a049-05599d34fc62,185,Ariel Atkins,arielatkins,LAS,rebounds,3.5,-118.0,-112.0,10,10,2025-06-28 19:30:50+00:00,2025-06-28 19:30:50+00:00,2025-06-28 19:30:50+00:00,2025-06-29 20:00:00+00:00,0.0,2025-06-29,2025,REG,LAS,CHI,1.0695862904621776,True,,0.5067212711754592,401736216,3146151,19,6,0,True,False,matched,2.0,2025-06-29,under,0.12446050339891784,1.8928571428571428,0.8928571428571428,1.0,False,False,False
2252,ecaf7620-c9a6-445c-8880-0197cd65bb59,112,Napheesa Collier,napheesacollier,MIN,rebounds,8.5,-130.0,-102.0,10,10,2025-06-28 19:34:29+00:00,2025-06-28 19:34:29+00:00,2025-06-28 19:34:29+00:00,2025-06-29 23:00:00+00:00,0.0,2025-06-29,2025,REG,MIN,CON,1.0701678863538528,True,,0.5312123494364493,401736218,3917450,8,18,1,True,False,matched,9.0,2025-06-29,under,0.1273188143940467,1.9803921568627452,-1.0,1.0,False,False,False
2252,91f70ea3-5156-498f-a2f0-977a91bd29b1,125,Kayla McBride,kaylamcbride,MIN,assists,3.5,-152.0,114.0,10,10,2025-06-28 19:38:05+00:00,2025-06-28 19:38:05+00:00,2025-06-28 19:38:05+00:00,2025-06-29 23:00:00+00:00,0.0,2025-06-29,2025,REG,MIN,CON,1.0704643228007713,True,,0.5703965275254933,401736218,2529205,8,18,1,True,False,matched,5.0,2025-06-29,under,0.2880471988992972,2.1399999999999997,-1.0,1.0,False,False,False
2252,8447c3e5-a1dc-4d46-9bbf-8a58ba89e9b3,117,Courtney Williams,courtneywilliams,MIN,rebounds,4.5,-146.0,110.0,10,10,2025-06-28 19:38:05+00:00,2025-06-28 19:38:05+00:00,2025-06-28 19:38:05+00:00,2025-06-29 23:00:00+00:00,0.0,2025-06-29,2025,REG,MIN,CON,1.0696864111498257,True,,0.5607420039050215,401736218,2987891,8,18,1,True,False,matched,9.0,2025-06-29,under,0.25178674222658926,2.1,-1.0,1.0,False,False,False
2252,bc91176c-cdfa-406e-bb07-d97806ea2c20,9,Tina Charles,tinacharles,FA,points,15.5,-114.0,-114.0,10,10,2025-06-28 19:41:44+00:00,2025-06-28 19:41:44+00:00,2025-06-28 19:41:44+00:00,2025-06-29 23:00:00+00:00,0.0,2025-06-29,2025,REG,MIN,CON,1.0654205607476634,True,,0.5000000000000001,401736218,918,18,8,0,True,False,matched,4.0,2025-06-29,under,0.24009484220440785,1.8771929824561404,0.8771929824561404,1.0,False,False,False
2253,56e31c8c-161d-4535-8f65-d3a271a42827,109,Kate Martin,katemartin,LAS,points,8.5,-105.0,-135.0,33,33,2025-06-29 02:13:15+00:00,2025-06-29 02:13:15+00:00,2025-06-29 02:13:15+00:00,2025-06-30 00:30:00+00:00,0.0,2025-06-29,2025,REG,GSV,SEA,1.0866632070576026,True,,0.46744138600370294,401736219,4398907,129689,14,1,True,False,matched,11.0,2025-06-29,under,0.31380746607076815,1.7407407407407407,-1.0,1.0,False,False,False
2252,5eef8688-c028-4a51-aa48-a543ce9dff37,519,Aneesah Morrow,aneesahmorrow,CON,points,10.5,100.0,-140.0,33,33,2025-06-29 02:20:48+00:00,2025-06-29 02:20:48+00:00,2025-06-29 02:20:48+00:00,2025-06-29 23:00:00+00:00,0.0,2025-06-29,2025,REG,MIN,CON,1.0833333333333333,True,,0.4565136318718986,401736218,4684384,18,8,0,True,False,matched,16.0,2025-06-29,under,0.33674465736013814,1.7142857142857144,-1.0,1.0,False,False,False
2252,5600ffb0-4fbe-4695-8e10-b93e3816e8f1,52,Jacy Sheldon,jacysheldon,CHI,points,9.5,-110.0,-130.0,33,33,2025-06-29 03:40:57+00:00,2025-06-29 03:40:57+00:00,2025-06-29 03:40:57+00:00,2025-06-29 23:00:00+00:00,0.0,2025-06-29,2025,REG,MIN,CON,1.0890269151138718,True,,0.47832076753442404,401736218,4432865,18,8,0,True,False,matched,7.0,2025-06-29,under,0.2477251982034412,1.7692307692307692,0.7692307692307692,1.0,False,False,False
2253,5b45de02-5a46-4879-ab58-56b3697523d8,83,Monique Billings,moniquebillings,IND,rebounds,5.5,-140.0,110.0,12,12,2025-06-29 12:16:54+00:00,2025-06-29 12:16:54+00:00,2025-06-29 12:16:54+00:00,2025-06-30 00:30:00+00:00,0.0,2025-06-29,2025,REG,GSV,SEA,1.0595238095238093,True,,0.555167954788897,401736219,3142255,129689,14,1,True,False,matched,3.0,2025-06-29,under,0.23565007221756168,2.1,1.1,1.0,False,False,False
2447,4a30f54b-f721-479d-b108-5caea68428db,68,Caitlin Clark,caitlinclark,IND,points,19.5,-110.0,-118.0,10,10,2025-06-30 18:56:10+00:00,2025-06-30 18:56:10+00:00,2025-06-30 18:56:10+00:00,2025-07-02 00:00:00+00:00,0.0,2025-07-01,2025,CC,MIN,IND,1.0650939274792486,True,,0.4909754767731684,401736430,4433403,5,8,0,True,True,did_not_play,,2025-07-01,under,0.22925357400850377,1.847457627118644,0.0,0.0,False,True,False
2447,816e8c4e-5c77-40a3-9ff1-50382dff2bdf,56,Natasha Howard,natashahoward,MIN,points,12.5,102.0,-132.0,10,10,2025-06-30 18:56:10+00:00,2025-06-30 18:56:10+00:00,2025-06-30 18:56:10+00:00,2025-07-02 00:00:00+00:00,0.0,2025-07-01,2025,CC,MIN,IND,1.0640150221918745,True,,0.4618487426836327,401736430,2529130,5,8,0,True,False,matched,16.0,2025-07-01,under,0.1913896146858831,1.7575757575757576,-1.0,1.0,False,False,False
2447,06a3c67e-a521-4eda-bf54-e6c77efd4646,112,Napheesa Collier,napheesacollier,MIN,rebounds,8.5,-146.0,110.0,10,10,2025-06-30 18:56:10+00:00,2025-06-30 18:56:10+00:00,2025-06-30 18:56:10+00:00,2025-07-02 00:00:00+00:00,0.0,2025-07-01,2025,CC,MIN,IND,1.0696864111498257,True,,0.5607420039050215,401736430,3917450,8,5,1,True,False,matched,9.0,2025-07-01,under,0.17354751971517873,2.1,-1.0,1.0,False,False,False
2447,71fd261a-152e-47ad-a437-b2133bd35d7c,117,Courtney Williams,courtneywilliams,MIN,points,12.5,-125.0,-104.0,10,10,2025-06-30 18:56:10+00:00,2025-06-30 18:56:10+00:00,2025-06-30 18:56:10+00:00,2025-07-02 00:00:00+00:00,0.0,2025-07-01,2025,CC,MIN,IND,1.065359477124183,True,,0.5236312520088393,401736430,2987891,8,5,1,True,False,matched,11.0,2025-07-01,under,0.1436518816356041,1.9615384615384617,0.9615384615384617,1.0,False,False,False
2447,f7250c04-ecb8-4c9a-82d1-522a90bfa678,121,Alanna Smith,alannasmith,DAL,rebounds,5.5,118.0,-158.0,10,10,2025-06-30 18:56:10+00:00,2025-06-30 18:56:10+00:00,2025-06-30 18:56:10+00:00,2025-07-02 00:00:00+00:00,0.0,2025-07-01,2025,CC,MIN,IND,1.0711186971054691,True,,0.42034729080094674,401736430,3913881,8,5,1,True,False,matched,5.0,2025-07-01,over,0.11781642906541134,2.1799999999999997,-1.0,1.0,False,False,False
2447,f3feb79c-7ac6-40e6-95cd-fa9a86bedffc,71,Aliyah Boston,aliyahboston,IND,points,15.5,-113.0,-115.0,10,10,2025-06-30 18:56:10+00:00,2025-06-30 18:56:10+00:00,2025-06-30 18:56:10+00:00,2025-07-02 00:00:00+00:00,0.0,2025-07-01,2025,CC,MIN,IND,1.0654001528551151,True,,0.49774423259931944,401736430,4432831,5,8,0,True,False,matched,12.0,2025-07-01,under,0.10778350640172729,1.8695652173913042,0.8695652173913042,1.0,False,False,False
2255,3680168f-93d4-491a-8ffd-5234e1b11f0e,132,Sabrina Ionescu,sabrinaionescu,NYL,threes,2.5,-158.0,118.0,10,10,2025-06-30 19:21:17+00:00,2025-06-30 19:21:17+00:00,2025-06-30 19:21:17+00:00,2025-07-03 23:00:00+00:00,0.0,2025-07-03,2025,REG,NYL,LAS,1.0711186971054691,True,,0.5796527091990534,401736221,4066533,9,6,1,True,False,matched,3.0,2025-07-03,under,0.21809319779008352,2.1799999999999997,-1.0,1.0,False,False,False
2255,6feebca3-443f-40db-8d3e-a3996ce80815,82,Azura Stevens,azurastevens,CHI,rebounds,7.5,-148.0,112.0,10,10,2025-06-30 19:21:18+00:00,2025-06-30 19:21:18+00:00,2025-06-30 19:21:18+00:00,2025-07-03 23:00:00+00:00,0.0,2025-07-03,2025,REG,NYL,LAS,1.0684723067559343,True,,0.5647227530167998,401736221,3142010,6,9,0,True,False,matched,7.0,2025-07-03,under,0.1607311458411677,2.12,1.12,1.0,False,False,False
2255,46324990-1edd-423e-8d33-b244fa06a831,137,Breanna Stewart,breannastewart,NYL,threes,1.5,164.0,-225.0,10,10,2025-06-30 19:21:18+00:00,2025-06-30 19:21:18+00:00,2025-06-30 19:21:18+00:00,2025-07-03 23:00:00+00:00,0.0,2025-07-03,2025,REG,NYL,LAS,1.0710955710955712,True,,0.33738864980507277,401736221,2998928,9,6,1,True,False,matched,0.0,2025-07-03,under,0.1315340593004083,1.4444444444444444,0.4444444444444444,1.0,False,False,False
2255,817f1bc7-3c51-4dd9-a684-004c15ca25f0,101,Kelsey Plum,kelseyplum,LAS,points,18.5,-120.0,-108.0,10,10,2025-06-30 19:21:18+00:00,2025-06-30 19:21:18+00:00,2025-06-30 19:21:18+00:00,2025-07-03 23:00:00+00:00,0.0,2025-07-03,2025,REG,NYL,LAS,1.0646853146853146,True,,0.5135396953663074,401736221,3065570,6,9,0,True,False,matched,13.0,2025-07-03,under,0.1043806783141375,1.925925925925926,0.925925925925926,1.0,False,False,False
2447,f82719c0-4644-40c1-b231-1cc207f78a16,76,Lexie Hull,lexiehull,IND,points,8.5,-108.0,-120.0,10,10,2025-06-30 22:34:40+00:00,2025-06-30 22:34:40+00:00,2025-06-30 22:34:40+00:00,2025-07-02 00:00:00+00:00,0.0,2025-07-01,2025,CC,MIN,IND,1.0646853146853146,True,,0.48646030463369283,401736430,4398829,5,8,0,True,False,matched,6.0,2025-07-01,under,0.2580928093631552,1.8333333333333335,0.8333333333333335,1.0,False,False,False
2447,8def1bbc-a262-4714-9000-da6451d81c22,156,Sophie Cunningham,sophiecunningham,IND,points,8.5,-105.0,-130.0,33,33,2025-07-01 19:57:48+00:00,2025-07-01 19:57:48+00:00,2025-07-01 19:57:48+00:00,2025-07-02 00:00:00+00:00,0.0,2025-07-01,2025,CC,MIN,IND,1.0774125132555674,True,,0.4724269137319091,401736430,3907781,5,8,0,True,False,matched,13.0,2025-07-01,under,0.342398952667873,1.7692307692307692,-1.0,1.0,False,False,False
2447,b3c74cc4-3405-4698-8f47-5b2ab4edd687,88,Aari McDonald,aarimcdonald,FA,points,10.5,-110.0,-120.0,12,12,2025-07-01 20:19:02+00:00,2025-07-01 20:19:02+00:00,2025-07-01 20:19:02+00:00,2025-07-02 00:00:00+00:00,0.0,2025-07-01,2025,CC,MIN,IND,1.0692640692640691,True,,0.4887959885212434,401736430,4066553,5,8,0,True,False,matched,12.0,2025-07-01,under,0.20776852340559243,1.8333333333333335,-1.0,1.0,False,False,False
2447,7f800a5b-bb26-47e7-9286-b4ef0f86d8b3,128,Bridget Carleton,bridgetcarleton,PDX,points,8.5,108.0,-140.0,10,10,2025-07-01 22:25:55+00:00,2025-07-01 22:25:55+00:00,2025-07-01 22:25:55+00:00,2025-07-02 00:00:00+00:00,0.0,2025-07-01,2025,CC,MIN,IND,1.0641025641025639,True,,0.4470574861947943,401736430,3906972,8,5,1,True,False,matched,0.0,2025-07-01,under,0.11701335071465863,1.7142857142857144,0.7142857142857144,1.0,False,False,False
2256,32df5a4c-884c-489c-8770-aab2848c8800,66,Erica Wheeler,ericawheeler,LAS,points,11.5,-118.0,-110.0,10,10,2025-07-02 04:00:19+00:00,2025-07-02 04:00:19+00:00,2025-07-02 04:00:19+00:00,2025-07-03 23:30:00+00:00,0.0,2025-07-03,2025,REG,ATL,SEA,1.0650939274792486,True,,0.5090245232268319,401736222,2491214,14,20,0,True,False,matched,21.0,2025-07-03,under,0.3044447444437125,1.9090909090909092,-1.0,1.0,False,False,False
2256,a3ca89e7-ffb1-41bc-89ce-12f99959ceb9,2,Jordin Canada,jordincanada,ATL,points,11.5,-104.0,-122.0,10,10,2025-07-02 04:00:19+00:00,2025-07-02 04:00:19+00:00,2025-07-02 04:00:19+00:00,2025-07-03 23:30:00+00:00,0.0,2025-07-03,2025,REG,ATL,SEA,1.059353471118177,True,,0.47953831927398954,401736222,3142250,20,14,1,True,False,matched,25.0,2025-07-03,under,0.2922532521604731,1.819672131147541,-1.0,1.0,False,False,False
2256,6aedf55f-3387-4a53-85d2-30ca835610d9,49,Brionna Jones,brionnajones,ATL,points,13.5,-130.0,100.0,10,10,2025-07-02 04:00:19+00:00,2025-07-02 04:00:19+00:00,2025-07-02 04:00:19+00:00,2025-07-03 23:30:00+00:00,0.0,2025-07-03,2025,REG,ATL,SEA,1.065217391304348,True,,0.5336835053940976,401736222,3058895,20,14,1,True,False,matched,18.0,2025-07-03,under,0.13134852400627894,2.0,-1.0,1.0,False,False,False
2256,e2465b4e-8793-41f6-9670-a4e406c51bcd,180,Nneka Ogwumike,nnekaogwumike,LAS,points,16.5,-106.0,-122.0,10,10,2025-07-02 04:00:19+00:00,2025-07-02 04:00:19+00:00,2025-07-02 04:00:19+00:00,2025-07-03 23:30:00+00:00,0.0,2025-07-03,2025,REG,ATL,SEA,1.064112656345666,True,,0.4819416314468661,401736222,1068,14,20,0,True,False,matched,24.0,2025-07-03,under,0.10567195200186846,1.819672131147541,-1.0,1.0,False,False,False
2256,66f9467c-dcfc-445c-a3cf-1738185ed73d,208,Gabby Williams,gabbywilliams,GSV,points,12.5,-110.0,-118.0,10,10,2025-07-02 04:00:20+00:00,2025-07-02 04:00:20+00:00,2025-07-02 04:00:20+00:00,2025-07-03 23:30:00+00:00,0.0,2025-07-03,2025,REG,ATL,SEA,1.0650939274792486,True,,0.4909754767731684,401736222,3142328,14,20,0,True,False,matched,11.0,2025-07-03,under,0.16293913426438356,1.847457627118644,0.847457627118644,1.0,False,False,False
2258,5a9b5dfa-fdf7-415f-87e0-153e1093b6dd,196,Shakira Austin,shakiraaustin,WAS,rebounds,7.5,-138.0,104.0,10,10,2025-07-02 04:21:30+00:00,2025-07-02 04:21:30+00:00,2025-07-02 04:21:30+00:00,2025-07-04 00:00:00+00:00,0.0,2025-07-03,2025,REG,MIN,WAS,1.0700280112044818,True,,0.5464208361470752,401736224,4398911,16,8,0,True,False,matched,5.0,2025-07-03,under,0.22228229231743696,2.04,1.04,1.0,False,False,False
2258,bb4331b7-33fb-483b-8a40-68e276e465bb,573,Sonia Citron,soniacitron,WAS,rebounds,4.5,108.0,-144.0,10,10,2025-07-02 04:21:30+00:00,2025-07-02 04:21:30+00:00,2025-07-02 04:21:30+00:00,2025-07-04 00:00:00+00:00,0.0,2025-07-03,2025,REG,MIN,WAS,1.0709331651954601,True,,0.4433154794603006,401736224,4433524,16,8,0,True,False,matched,4.0,2025-07-03,over,0.15555807368753372,2.08,-1.0,1.0,False,False,False
2258,2aab62c7-97fd-4446-b499-e02eeab6f1fa,121,Alanna Smith,alannasmith,DAL,rebounds,5.5,122.0,-162.0,10,10,2025-07-02 04:21:30+00:00,2025-07-02 04:21:30+00:00,2025-07-02 04:21:30+00:00,2025-07-04 00:00:00+00:00,0.0,2025-07-03,2025,REG,MIN,WAS,1.0687710611374732,True,,0.41310819110441305,401736224,3913881,8,16,1,True,False,matched,4.0,2025-07-03,over,0.13565833947014988,2.2199999999999998,-1.0,1.0,False,False,False
2258,2c9ee3fb-531a-42c8-82d7-dc422dccddb9,182,Brittney Sykes,brittneysykes,TOR,rebounds,3.5,116.0,-154.0,10,10,2025-07-02 04:21:30+00:00,2025-07-02 04:21:30+00:00,2025-07-02 04:21:30+00:00,2025-07-04 00:00:00+00:00,0.0,2025-07-03,2025,REG,MIN,WAS,1.0692621755613883,True,,0.425792012343204,401736224,2988756,16,8,0,True,False,matched,2.0,2025-07-03,over,0.11097342629917883,2.16,-1.0,1.0,False,False,False
2258,ccc3edf5-e3b3-4b51-a7d0-05d9314aab92,572,Kiki Iriafen,kikiiriafen,WAS,points,11.5,-114.0,-114.0,10,10,2025-07-02 04:21:30+00:00,2025-07-02 04:21:30+00:00,2025-07-02 04:21:30+00:00,2025-07-04 00:00:00+00:00,0.0,2025-07-03,2025,REG,MIN,WAS,1.0654205607476634,True,,0.5000000000000001,401736224,4898384,16,8,0,True,False,matched,2.0,2025-07-03,under,0.10864820724059943,1.8771929824561404,0.8771929824561404,1.0,False,False,False
2254,2680a14b-1bd3-4651-912c-54b782613572,56,Natasha Howard,natashahoward,MIN,points,12.5,-118.0,-110.0,10,10,2025-07-02 04:28:28+00:00,2025-07-02 04:28:28+00:00,2025-07-02 04:28:28+00:00,2025-07-03 23:00:00+00:00,0.0,2025-07-03,2025,REG,IND,LVA,1.0650939274792486,True,,0.5090245232268319,401736220,2529130,5,17,1,True,False,matched,11.0,2025-07-03,under,0.21298176222835152,1.9090909090909092,0.9090909090909092,1.0,False,False,False
2254,d37fabae-28b4-4a35-acff-ef41b1fda19f,88,Aari McDonald,aarimcdonald,FA,points,11.5,100.0,-130.0,10,10,2025-07-02 04:28:28+00:00,2025-07-02 04:28:28+00:00,2025-07-02 04:28:28+00:00,2025-07-03 23:00:00+00:00,0.0,2025-07-03,2025,REG,IND,LVA,1.065217391304348,True,,0.4663164946059025,401736220,4066553,5,17,1,True,False,matched,8.0,2025-07-03,under,0.17863158313857685,1.7692307692307692,0.7692307692307692,1.0,False,False,False
2254,f55a25e4-770c-4cfe-b738-03174dedab35,103,A'ja Wilson,ajawilson,LVA,points,22.5,-115.0,-113.0,10,10,2025-07-02 04:28:28+00:00,2025-07-02 04:28:28+00:00,2025-07-02 04:28:28+00:00,2025-07-03 23:00:00+00:00,0.0,2025-07-03,2025,REG,IND,LVA,1.0654001528551151,True,,0.5022557674006809,401736220,3149391,17,5,0,True,False,matched,29.0,2025-07-03,under,0.1239461045584559,1.8849557522123894,-1.0,1.0,False,False,False
2257,7432300a-bf91-4225-a66b-8192fa12efa4,95,Li Yueru,liyueru,DAL,points,8.5,-102.0,-128.0,10,10,2025-07-02 23:07:07+00:00,2025-07-02 23:07:07+00:00,2025-07-02 23:07:07+00:00,2025-07-04 00:00:00+00:00,0.0,2025-07-03,2025,REG,DAL,PHX,1.0663540038214347,True,,0.47082505196940394,401736223,4336633,3,11,1,True,False,matched,12.0,2025-07-03,under,0.39358621249135967,1.78125,-1.0,1.0,False,False,False
2260,45dde412-dc2e-43c0-8777-baf0d6c32319,112,Napheesa Collier,napheesacollier,MIN,points,20.5,-128.0,-102.0,10,10,2025-07-04 03:42:53+00:00,2025-07-04 03:42:53+00:00,2025-07-04 03:42:53+00:00,2025-07-06 00:00:00+00:00,0.0,2025-07-05,2025,REG,MIN,GSV,1.0663540038214347,True,,0.5291749480305961,401736226,3917450,8,129689,1,True,False,matched,22.0,2025-07-05,under,0.14136055349085958,1.9803921568627452,-1.0,1.0,False,False,False
2260,545bfb02-538d-4660-a22f-6c954a660343,55,Veronica Burton,veronicaburton,GSV,assists,4.5,-122.0,-108.0,10,10,2025-07-04 03:50:00+00:00,2025-07-04 03:50:00+00:00,2025-07-04 03:50:00+00:00,2025-07-06 00:00:00+00:00,0.0,2025-07-05,2025,REG,MIN,GSV,1.0687803187803186,True,,0.5156895960912058,401736226,4398935,129689,8,0,True,False,matched,4.0,2025-07-05,under,0.12092374526709726,1.925925925925926,0.925925925925926,1.0,False,False,False
2260,2cc72686-c320-4c33-8d84-ef0148247522,139,Kayla Thornton,kaylathornton,GSV,rebounds,6.5,-114.0,-114.0,10,10,2025-07-04 03:53:36+00:00,2025-07-04 03:53:36+00:00,2025-07-04 03:53:36+00:00,2025-07-06 00:00:00+00:00,0.0,2025-07-05,2025,REG,MIN,GSV,1.0654205607476634,True,,0.5000000000000001,401736226,2529622,129689,8,0,True,False,matched,10.0,2025-07-05,under,0.29207067917943846,1.8771929824561404,-1.0,1.0,False,False,False
2259,3cd06815-9654-43c0-89d2-ebe6523d2fc2,56,Natasha Howard,natashahoward,MIN,points,13.5,-120.0,-110.0,10,10,2025-07-04 05:53:06+00:00,2025-07-04 05:53:06+00:00,2025-07-04 05:53:06+00:00,2025-07-05 23:00:00+00:00,0.0,2025-07-05,2025,REG,IND,LAS,1.0692640692640691,True,,0.5112040114787568,401736225,2529130,5,6,1,True,False,matched,21.0,2025-07-05,under,0.1916382899113913,1.9090909090909092,-1.0,1.0,False,False,False
2259,7e6b8af8-a317-4211-b4c8-f9ae026e132c,101,Kelsey Plum,kelseyplum,LAS,points,19.5,-114.0,-114.0,10,10,2025-07-04 05:53:06+00:00,2025-07-04 05:53:06+00:00,2025-07-04 05:53:06+00:00,2025-07-05 23:00:00+00:00,0.0,2025-07-05,2025,REG,IND,LAS,1.0654205607476634,True,,0.5000000000000001,401736225,3065570,6,5,0,True,False,matched,20.0,2025-07-05,under,0.14811664959442994,1.8771929824561404,-1.0,1.0,False,False,False
2261,e6244b8b-597b-4845-8382-6373a5b2c080,66,Erica Wheeler,ericawheeler,LAS,assists,3.5,-125.0,-106.0,10,10,2025-07-04 15:51:08+00:00,2025-07-04 15:51:08+00:00,2025-07-04 15:51:08+00:00,2025-07-06 17:00:00+00:00,0.0,2025-07-06,2025,REG,NYL,SEA,1.070118662351672,True,,0.5212291071384377,401736228,2491214,14,9,0,True,False,matched,3.0,2025-07-06,under,0.19182783017033894,1.9433962264150944,0.9433962264150944,1.0,False,False,False
2261,e7fcb477-43f8-4663-a486-8f8aa2120157,176,Ezi Magbegor,ezimagbegor,SEA,rebounds,6.5,-114.0,-114.0,10,10,2025-07-04 15:51:08+00:00,2025-07-04 15:51:08+00:00,2025-07-04 15:51:08+00:00,2025-07-06 17:00:00+00:00,0.0,2025-07-06,2025,REG,NYL,SEA,1.0654205607476634,True,,0.5000000000000001,401736228,4420318,14,9,0,True,False,matched,5.0,2025-07-06,under,0.17652472826238452,1.8771929824561404,0.8771929824561404,1.0,False,False,False
2261,6ea2afe7-8247-4de3-9818-f35c4327a293,208,Gabby Williams,gabbywilliams,GSV,threes,1.5,102.0,-136.0,10,10,2025-07-04 15:51:08+00:00,2025-07-04 15:51:08+00:00,2025-07-04 15:51:08+00:00,2025-07-06 17:00:00+00:00,0.0,2025-07-06,2025,REG,NYL,SEA,1.071320691391173,True,,0.4579067075572801,401736228,3142328,14,9,0,True,False,matched,2.0,2025-07-06,under,0.15943614365663233,1.7352941176470589,-1.0,1.0,False,False,False
2261,a820d398-4ea0-45ca-bb74-78d6ab5bac8f,163,Natasha Cloud,natashacloud,CHI,rebounds,3.5,-162.0,122.0,10,10,2025-07-04 15:51:08+00:00,2025-07-04 15:51:08+00:00,2025-07-04 15:51:08+00:00,2025-07-06 17:00:00+00:00,0.0,2025-07-06,2025,REG,NYL,SEA,1.0687710611374732,True,,0.5868918088955871,401736228,2529137,9,14,1,True,False,matched,3.0,2025-07-06,under,0.13746998215187195,2.2199999999999998,1.2199999999999998,1.0,False,False,False
2261,913a2720-bc1f-4533-aa0d-5d3822abe515,132,Sabrina Ionescu,sabrinaionescu,NYL,threes,2.5,-128.0,-104.0,10,10,2025-07-04 15:51:08+00:00,2025-07-04 15:51:08+00:00,2025-07-04 15:51:08+00:00,2025-07-06 17:00:00+00:00,0.0,2025-07-06,2025,REG,NYL,SEA,1.0712074303405572,True,,0.5267388899028808,401736228,4066533,9,14,1,True,False,matched,5.0,2025-07-06,under,0.11666590349780565,1.9615384615384617,-1.0,1.0,False,False,False
2262,df32fce4-3913-4f10-b49f-03e7783d8154,43,Olivia Nelson-Ododa,olivianelsonododa,CON,rebounds,6.5,110.0,-146.0,10,10,2025-07-04 16:04:06+00:00,2025-07-04 16:04:06+00:00,2025-07-04 16:04:06+00:00,2025-07-06 20:00:00+00:00,0.0,2025-07-06,2025,REG,CON,LVA,1.0696864111498257,True,,0.4392579960949788,401736227,4398966,18,17,1,True,False,matched,7.0,2025-07-06,under,0.22426190915898186,1.6849315068493151,-1.0,1.0,False,False,False
2262,b68e7fe7-4232-4458-bab8-59f1075e572b,107,Chelsea Gray,chelseagray,LVA,assists,4.5,-158.0,118.0,10,10,2025-07-04 16:04:07+00:00,2025-07-04 16:04:07+00:00,2025-07-04 16:04:07+00:00,2025-07-06 20:00:00+00:00,0.0,2025-07-06,2025,REG,CON,LVA,1.0711186971054691,True,,0.5796527091990534,401736227,2529122,17,18,0,True,False,matched,8.0,2025-07-06,under,0.190389554878727,2.1799999999999997,-1.0,1.0,False,False,False
2262,3183e8c2-c293-4a4e-a935-ed250a4ed911,102,Jackie Young,jackieyoung,LVA,points,15.5,-120.0,-108.0,10,10,2025-07-04 16:04:07+00:00,2025-07-04 16:04:07+00:00,2025-07-04 16:04:07+00:00,2025-07-06 20:00:00+00:00,0.0,2025-07-06,2025,REG,CON,LVA,1.0646853146853146,True,,0.5135396953663074,401736227,4065870,17,18,0,True,False,matched,14.0,2025-07-06,under,0.13542722413759156,1.925925925925926,0.925925925925926,1.0,False,False,False
2262,db957ad1-301b-4e50-9975-81d4bc2d1ce1,103,A'ja Wilson,ajawilson,LVA,assists,3.5,108.0,-144.0,10,10,2025-07-04 16:04:07+00:00,2025-07-04 16:04:07+00:00,2025-07-04 16:04:07+00:00,2025-07-06 20:00:00+00:00,0.0,2025-07-06,2025,REG,CON,LVA,1.0709331651954601,True,,0.4433154794603006,401736227,3149391,17,18,0,True,False,matched,0.0,2025-07-06,under,0.10896646720664954,1.6944444444444444,0.6944444444444444,1.0,False,False,False
2263,53e980a5-a14b-433d-a239-39123d5702e1,26,Angel Reese,angelreese,ATL,points,14.5,-120.0,-108.0,10,10,2025-07-04 16:50:19+00:00,2025-07-04 16:50:19+00:00,2025-07-04 16:50:19+00:00,2025-07-06 23:00:00+00:00,0.0,2025-07-06,2025,REG,MIN,CHI,1.0646853146853146,True,,0.5135396953663074,401736229,4433402,19,8,0,True,False,matched,16.0,2025-07-06,under,0.2413468403822836,1.925925925925926,-1.0,1.0,False,False,False
2263,b12e12b2-22c7-4108-870f-c612a14290f3,185,Ariel Atkins,arielatkins,LAS,points,15.5,-104.0,-125.0,10,10,2025-07-04 16:50:19+00:00,2025-07-04 16:50:19+00:00,2025-07-04 16:50:19+00:00,2025-07-06 23:00:00+00:00,0.0,2025-07-06,2025,REG,MIN,CHI,1.065359477124183,True,,0.4763687479911608,401736229,3146151,19,8,0,True,False,matched,11.0,2025-07-06,under,0.11602423741740925,1.8,0.8,1.0,False,False,False
2261,8a7d22cd-3956-45a4-8620-769d8b65a64b,130,Kennedy Burke,kennedyburke,CON,points,9.5,-118.0,-110.0,10,10,2025-07-05 01:46:08+00:00,2025-07-05 01:46:08+00:00,2025-07-05 01:46:08+00:00,2025-07-06 17:00:00+00:00,0.0,2025-07-06,2025,REG,NYL,SEA,1.0650939274792486,True,,0.5090245232268319,401736228,3922628,9,14,1,True,False,matched,4.0,2025-07-06,under,0.23383454412683097,1.9090909090909092,0.9090909090909092,1.0,False,False,False
2265,45c1ba8c-4fdf-4432-a8dc-22e7774b0f64,95,Li Yueru,liyueru,DAL,points,8.5,-110.0,-118.0,10,10,2025-07-06 15:49:03+00:00,2025-07-06 15:49:03+00:00,2025-07-06 15:49:03+00:00,2025-07-08 02:00:00+00:00,0.0,2025-07-07,2025,REG,PHX,DAL,1.0650939274792486,True,,0.4909754767731684,401736231,4336633,3,11,0,True,False,matched,2.0,2025-07-07,under,0.37343410975897345,1.847457627118644,0.847457627118644,1.0,False,False,False
2265,a54e3cf6-f9c9-4c2e-b760-139fca087811,155,Kahleah Copper,kahleahcopper,PHO,threes,1.5,-200.0,148.0,10,10,2025-07-06 15:52:51+00:00,2025-07-06 15:52:51+00:00,2025-07-06 15:52:51+00:00,2025-07-08 02:00:00+00:00,0.0,2025-07-07,2025,REG,PHX,DAL,1.0698924731182795,True,,0.6365014949541484,401736231,2998938,11,3,1,True,True,did_not_play,,2025-07-07,under,0.1792550597309095,2.48,0.0,0.0,False,True,False
2264,0952a74a-787a-4e2a-a984-a1934b101491,221,Tiffany Hayes,tiffanyhayes,GSV,points,15.5,-128.0,-102.0,10,10,2025-07-06 16:17:33+00:00,2025-07-06 16:17:33+00:00,2025-07-06 16:17:33+00:00,2025-07-07 23:30:00+00:00,0.0,2025-07-07,2025,REG,ATL,GSV,1.0663540038214347,True,,0.5291749480305961,401736230,1054,129689,20,0,True,False,matched,12.0,2025-07-07,under,0.34660727745993,1.9803921568627452,0.9803921568627452,1.0,False,False,False
2264,65a024cf-58c1-43cf-a615-68f9d81c7408,139,Kayla Thornton,kaylathornton,GSV,points,13.5,-122.0,-106.0,10,10,2025-07-06 16:17:33+00:00,2025-07-06 16:17:33+00:00,2025-07-06 16:17:33+00:00,2025-07-07 23:30:00+00:00,0.0,2025-07-07,2025,REG,ATL,GSV,1.064112656345666,True,,0.518058368553134,401736230,2529622,129689,20,0,True,False,matched,15.0,2025-07-07,under,0.3101466642716726,1.9433962264150944,-1.0,1.0,False,False,False
2264,05baaebc-ea59-4dda-83a2-51d9f5b64dff,1,Allisha Gray,allishagray,ATL,assists,3.5,-162.0,122.0,10,10,2025-07-06 16:25:05+00:00,2025-07-06 16:25:05+00:00,2025-07-06 16:25:05+00:00,2025-07-07 23:30:00+00:00,0.0,2025-07-07,2025,REG,ATL,GSV,1.0687710611374732,True,,0.5868918088955871,401736230,3058901,20,129689,1,True,False,matched,4.0,2025-07-07,under,0.1286561319631766,2.2199999999999998,-1.0,1.0,False,False,False
2264,681585af-a41f-4fe1-ad72-86c502853291,49,Brionna Jones,brionnajones,ATL,points,14.5,-104.0,-125.0,10,10,2025-07-06 16:25:05+00:00,2025-07-06 16:25:05+00:00,2025-07-06 16:25:05+00:00,2025-07-07 23:30:00+00:00,0.0,2025-07-07,2025,REG,ATL,GSV,1.065359477124183,True,,0.4763687479911608,401736230,3058895,20,129689,1,True,False,matched,14.0,2025-07-07,under,0.1028186398081622,1.8,0.8,1.0,False,False,False
2264,b26d60f3-28d6-4045-81f2-f40a12b4ee0c,15,Rhyne Howard,rhynehoward,ATL,points,16.5,-115.0,-115.0,12,12,2025-07-06 21:22:15+00:00,2025-07-06 21:22:15+00:00,2025-07-06 21:22:15+00:00,2025-07-07 23:30:00+00:00,0.0,2025-07-07,2025,REG,ATL,GSV,1.0697674418604652,True,,0.5,401736230,4398674,20,129689,1,True,False,matched,15.0,2025-07-07,under,0.13607867157949155,1.8695652173913042,0.8695652173913042,1.0,False,False,False
2263,bb5a07f5-3f07-47f5-9792-5e89a6ffb9bc,116,Jessica Shepard,jessicashepard,DAL,rebounds,7.5,-104.0,-128.0,10,10,2025-07-06 22:17:42+00:00,2025-07-06 22:17:42+00:00,2025-07-06 22:17:42+00:00,2025-07-06 23:00:00+00:00,0.0,2025-07-06,2025,REG,MIN,CHI,1.0712074303405572,True,,0.4732611100971195,401736229,3906949,8,19,1,True,False,matched,3.0,2025-07-06,under,0.20279262168434758,1.78125,0.78125,1.0,False,False,False
2264,96450e71-ebd8-4b4f-83a3-ae4fa50e1b15,2,Jordin Canada,jordincanada,ATL,points,10.5,-118.0,-110.0,10,10,2025-07-07 02:07:10+00:00,2025-07-07 02:07:10+00:00,2025-07-07 02:07:10+00:00,2025-07-07 23:30:00+00:00,0.0,2025-07-07,2025,REG,ATL,GSV,1.0650939274792486,True,,0.5090245232268319,401736230,3142250,20,129689,1,True,False,matched,7.0,2025-07-07,under,0.1308302443344725,1.9090909090909092,0.9090909090909092,1.0,False,False,False
2264,9bdb42b9-0d97-4a6a-a300-f1b24a405ebc,148,Brittney Griner,brittneygriner,CON,rebounds,5.5,-132.0,100.0,10,10,2025-07-07 02:10:36+00:00,2025-07-07 02:10:36+00:00,2025-07-07 02:10:36+00:00,2025-07-07 23:30:00+00:00,0.0,2025-07-07,2025,REG,ATL,GSV,1.0689655172413794,True,,0.5356937238338165,401736230,2490553,20,129689,1,True,False,matched,5.0,2025-07-07,under,0.13955590253673206,2.0,1.0,1.0,False,False,False
2264,691f2b61-2ba5-4939-8b28-6b698f70534c,72,Temi Fagbenle,temifagbenle,TOR,rebounds,5.5,-158.0,118.0,10,10,2025-07-07 02:17:31+00:00,2025-07-07 02:17:31+00:00,2025-07-07 02:17:31+00:00,2025-07-07 23:30:00+00:00,0.0,2025-07-07,2025,REG,ATL,GSV,1.0711186971054691,True,,0.5796527091990534,401736230,2569044,129689,20,0,True,False,matched,4.0,2025-07-07,under,0.25930058374261244,2.1799999999999997,1.1799999999999997,1.0,False,False,False
2264,fd0864e7-7ed8-49b6-ad48-b4d310b66e39,55,Veronica Burton,veronicaburton,GSV,points,9.5,100.0,-130.0,10,10,2025-07-07 02:21:00+00:00,2025-07-07 02:21:00+00:00,2025-07-07 02:21:00+00:00,2025-07-07 23:30:00+00:00,0.0,2025-07-07,2025,REG,ATL,GSV,1.065217391304348,True,,0.4663164946059025,401736230,4398935,129689,20,0,True,False,matched,11.0,2025-07-07,under,0.22791888435734997,1.7692307692307692,-1.0,1.0,False,False,False
2265,55c299eb-fa1d-45c9-b2c8-b47d375c093f,526,Aziaha James,aziahajames,DAL,points,13.5,-120.0,-108.0,10,10,2025-07-07 03:20:07+00:00,2025-07-07 03:20:07+00:00,2025-07-07 03:20:07+00:00,2025-07-08 02:00:00+00:00,0.0,2025-07-07,2025,REG,PHX,DAL,1.0646853146853146,True,,0.5135396953663074,401736231,4433807,3,11,0,True,False,matched,15.0,2025-07-07,under,0.3330034856424602,1.925925925925926,-1.0,1.0,False,False,False
2265,070bb91e-f58b-47ad-823c-2bf4c64f7ef5,177,Sami Whitcomb,samiwhitcomb,PHO,threes,3.5,142.0,-192.0,10,10,2025-07-07 05:42:45+00:00,2025-07-07 05:42:45+00:00,2025-07-07 05:42:45+00:00,2025-07-08 02:00:00+00:00,0.0,2025-07-07,2025,REG,PHX,DAL,1.0707573870712102,True,,0.37336020860003377,401736231,887,11,3,1,True,False,matched,7.0,2025-07-07,under,0.190075135514819,1.5208333333333335,-1.0,1.0,False,False,False
2267,77a86241-5a65-4741-a19f-f1b2f8aa52ba,107,Chelsea Gray,chelseagray,LVA,rebounds,4.5,-125.0,-106.0,10,10,2025-07-07 05:46:16+00:00,2025-07-07 05:46:16+00:00,2025-07-07 05:46:16+00:00,2025-07-09 00:00:00+00:00,0.0,2025-07-08,2025,REG,NYL,LVA,1.070118662351672,True,,0.5212291071384377,401736233,2529122,17,9,0,True,False,matched,7.0,2025-07-08,under,0.3573175102731792,1.9433962264150944,-1.0,1.0,False,False,False
2267,5cfab8d8-dd63-4acf-8326-9a643a090d50,103,A'ja Wilson,ajawilson,LVA,rebounds,10.5,100.0,-132.0,10,10,2025-07-07 05:46:16+00:00,2025-07-07 05:46:16+00:00,2025-07-07 05:46:16+00:00,2025-07-09 00:00:00+00:00,0.0,2025-07-08,2025,REG,NYL,LVA,1.0689655172413794,True,,0.46430627616618364,401736233,3149391,17,9,0,True,False,matched,4.0,2025-07-08,under,0.2476208185278005,1.7575757575757576,0.7575757575757576,1.0,False,False,False
2267,75675bfd-535e-462d-b40f-36150f64c4cf,163,Natasha Cloud,natashacloud,CHI,rebounds,3.5,-162.0,122.0,10,10,2025-07-07 05:46:16+00:00,2025-07-07 05:46:16+00:00,2025-07-07 05:46:16+00:00,2025-07-09 00:00:00+00:00,0.0,2025-07-08,2025,REG,NYL,LVA,1.0687710611374732,True,,0.5868918088955871,401736233,2529137,9,17,1,True,True,did_not_play,,2025-07-08,under,0.18548564177300647,2.2199999999999998,0.0,0.0,False,True,False
2267,f7504691-48db-493c-8434-73c77c5a45a5,137,Breanna Stewart,breannastewart,NYL,points,19.5,-130.0,100.0,10,10,2025-07-07 05:46:16+00:00,2025-07-07 05:46:16+00:00,2025-07-07 05:46:16+00:00,2025-07-09 00:00:00+00:00,0.0,2025-07-08,2025,REG,NYL,LVA,1.065217391304348,True,,0.5336835053940976,401736233,2998928,9,17,1,True,False,matched,15.0,2025-07-08,under,0.1816299735302136,2.0,1.0,1.0,False,False,False
2267,c3d3ed77-076c-4517-9f1e-d52bcf584702,102,Jackie Young,jackieyoung,LVA,points,16.5,-106.0,-122.0,10,10,2025-07-07 05:46:16+00:00,2025-07-07 05:46:16+00:00,2025-07-07 05:46:16+00:00,2025-07-09 00:00:00+00:00,0.0,2025-07-08,2025,REG,NYL,LVA,1.064112656345666,True,,0.4819416314468661,401736233,4065870,17,9,0,True,False,matched,19.0,2025-07-08,under,0.17638941488955884,1.819672131147541,-1.0,1.0,False,False,False
2266,986af88e-0e3a-4e35-bc04-aa0a9143a48c,26,Angel Reese,angelreese,ATL,rebounds,13.5,-138.0,104.0,10,10,2025-07-07 06:18:03+00:00,2025-07-07 06:18:03+00:00,2025-07-07 06:18:03+00:00,2025-07-08 15:30:00+00:00,0.0,2025-07-08,2025,REG,WAS,CHI,1.0700280112044818,True,,0.5464208361470752,401736232,4433402,19,16,0,True,False,matched,15.0,2025-07-08,under,0.1636412399540268,2.04,-1.0,1.0,False,False,False
2266,c36c3983-263a-414c-b18b-2a1686e08e0a,196,Shakira Austin,shakiraaustin,WAS,points,13.5,-128.0,-102.0,10,10,2025-07-07 06:18:03+00:00,2025-07-07 06:18:03+00:00,2025-07-07 06:18:03+00:00,2025-07-08 15:30:00+00:00,0.0,2025-07-08,2025,REG,WAS,CHI,1.0663540038214347,True,,0.5291749480305961,401736232,4398911,16,19,1,True,False,matched,15.0,2025-07-08,under,0.14456731913894122,1.9803921568627452,-1.0,1.0,False,False,False
2265,8d4167c97a89c8844e5f1efa62267536,300,Kitija Laksa,kitijalaksa,FA,points,11.5,-130.0,100.0,10,10,2025-07-07 23:04:15+00:00,2025-07-07 23:04:15+00:00,2025-07-07 23:04:15+00:00,2025-07-08 02:00:00+00:00,0.0,2025-07-07,2025,REG,PHX,DAL,1.065217391304348,True,,0.5336835053940976,401736231,3920741,11,3,1,True,False,matched,6.0,2025-07-07,under,0.44514470532378564,2.0,1.0,1.0,False,False,False
2265,7b0df1bd542938c8938a1ec2a582925b,563,Monique Akoa Makani,moniqueakoamakani,PHO,points,11.5,-108.0,-124.0,36,36,2025-07-08 01:11:21+00:00,2025-07-08 01:11:21+00:00,2025-07-08 01:11:21+00:00,2025-07-08 02:00:00+00:00,0.0,2025-07-07,2025,REG,PHX,DAL,1.0728021978021978,True,,0.48218893754347536,401736231,5274110,11,3,1,True,False,matched,4.0,2025-07-07,under,0.28831055869580613,1.8064516129032258,0.8064516129032258,1.0,False,False,False
2265,d1215507345cccea60ab46ae09ec8276,564,Kathryn Westbeld,kathrynwestbeld,PHO,points,8.5,-122.0,-106.0,10,10,2025-07-08 01:53:47+00:00,2025-07-08 01:53:47+00:00,2025-07-08 01:53:47+00:00,2025-07-08 02:00:00+00:00,0.0,2025-07-07,2025,REG,PHX,DAL,1.064112656345666,True,,0.518058368553134,401736231,3142087,11,3,1,True,False,matched,14.0,2025-07-07,under,0.45369906810710947,1.9433962264150944,-1.0,1.0,False,False,False
2269,5468c914fbd805d7cd6cd35ff4a240fd,68,Caitlin Clark,caitlinclark,IND,points,19.5,100.0,-130.0,12,12,2025-07-08 03:45:24+00:00,2025-07-08 03:45:24+00:00,2025-07-08 03:45:24+00:00,2025-07-09 16:00:00+00:00,0.0,2025-07-09,2025,REG,IND,GSV,1.065217391304348,True,,0.4663164946059025,401736235,4433403,5,129689,1,True,False,matched,10.0,2025-07-09,under,0.13490934139426614,1.7692307692307692,0.7692307692307692,1.0,False,False,False
2268,f4f5cbf1457886eb500c646bca516aeb,43,Olivia Nelson-Ododa,olivianelsonododa,CON,rebounds,5.5,-154.0,116.0,10,10,2025-07-08 18:57:51+00:00,2025-07-08 18:57:51+00:00,2025-07-08 18:57:51+00:00,2025-07-09 15:00:00+00:00,0.0,2025-07-09,2025,REG,CON,SEA,1.0692621755613883,True,,0.574207987656796,401736234,4398966,18,14,1,True,False,matched,6.0,2025-07-09,under,0.2690311449059135,2.16,-1.0,1.0,False,False,False
2268,6f6fab065f7bc09a80705ae663b41966,9,Tina Charles,tinacharles,FA,rebounds,3.5,-154.0,116.0,10,10,2025-07-08 18:57:51+00:00,2025-07-08 18:57:51+00:00,2025-07-08 18:57:51+00:00,2025-07-09 15:00:00+00:00,0.0,2025-07-09,2025,REG,CON,SEA,1.0692621755613883,True,,0.574207987656796,401736234,918,18,14,1,True,False,matched,11.0,2025-07-09,over,0.15200103465993997,1.6493506493506493,0.6493506493506493,1.0,False,False,False
2268,44e472bea3feeae81e786fd1cf0c0bc8,519,Aneesah Morrow,aneesahmorrow,CON,rebounds,5.5,-114.0,-114.0,10,10,2025-07-08 18:57:51+00:00,2025-07-08 18:57:51+00:00,2025-07-08 18:57:51+00:00,2025-07-09 15:00:00+00:00,0.0,2025-07-09,2025,REG,CON,SEA,1.0654205607476634,True,,0.5000000000000001,401736234,4684384,18,14,1,True,False,matched,7.0,2025-07-09,under,0.1003275136282692,1.8771929824561404,-1.0,1.0,False,False,False
2268,a5160184633f79119f5c071f2212e19e,66,Erica Wheeler,ericawheeler,LAS,points,11.5,-115.0,-113.0,10,10,2025-07-08 19:06:17+00:00,2025-07-08 19:06:17+00:00,2025-07-08 19:06:17+00:00,2025-07-09 15:00:00+00:00,0.0,2025-07-09,2025,REG,CON,SEA,1.0654001528551151,True,,0.5022557674006809,401736234,2491214,14,18,0,True,False,matched,10.0,2025-07-09,under,0.2066186181550559,1.8849557522123894,0.8849557522123894,1.0,False,False,False
2268,0db81a70e7ca7abba81b0b2502f7352b,175,Skylar Diggins,skylardiggins,CHI,points,16.5,-128.0,-102.0,10,10,2025-07-08 19:06:17+00:00,2025-07-08 19:06:17+00:00,2025-07-08 19:06:17+00:00,2025-07-09 15:00:00+00:00,0.0,2025-07-09,2025,REG,CON,SEA,1.0663540038214347,True,,0.5291749480305961,401736234,2491205,14,18,0,True,False,matched,23.0,2025-07-09,under,0.10691539921316728,1.9803921568627452,-1.0,1.0,False,False,False
2268,ce5527bcf0fe18f39af7ece1482e092f,176,Ezi Magbegor,ezimagbegor,SEA,rebounds,6.5,-106.0,-125.0,10,10,2025-07-08 19:06:18+00:00,2025-07-08 19:06:18+00:00,2025-07-08 19:06:18+00:00,2025-07-09 15:00:00+00:00,0.0,2025-07-09,2025,REG,CON,SEA,1.070118662351672,True,,0.4787708928615623,401736234,4420318,14,18,0,True,False,matched,6.0,2025-07-09,under,0.1564044536499477,1.8,0.8,1.0,False,False,False
2268,95cbb51792e338b1bc0c3aa5aa67b337,208,Gabby Williams,gabbywilliams,GSV,threes,1.5,100.0,-132.0,10,10,2025-07-08 19:06:18+00:00,2025-07-08 19:06:18+00:00,2025-07-08 19:06:18+00:00,2025-07-09 15:00:00+00:00,0.0,2025-07-09,2025,REG,CON,SEA,1.0689655172413794,True,,0.46430627616618364,401736234,3142328,14,18,0,True,False,matched,2.0,2025-07-09,under,0.11894943236986366,1.7575757575757576,-1.0,1.0,False,False,False
2271,4b446d7df0aa0277486ebd664f35d48f,26,Angel Reese,angelreese,ATL,points,16.5,-108.0,-120.0,10,10,2025-07-08 21:00:00+00:00,2025-07-08 21:00:00+00:00,2025-07-08 21:00:00+00:00,2025-07-10 00:00:00+00:00,0.0,2025-07-09,2025,REG,CHI,DAL,1.0646853146853146,True,,0.48646030463369283,401736237,4433402,19,3,1,True,False,matched,15.0,2025-07-09,under,0.1716588128039262,1.8333333333333335,0.8333333333333335,1.0,False,False,False
2269,d8dae54ba90673e7703982e0b40484df,55,Veronica Burton,veronicaburton,GSV,points,10.5,-115.0,-115.0,12,12,2025-07-08 22:10:15+00:00,2025-07-08 22:10:15+00:00,2025-07-08 22:10:15+00:00,2025-07-09 16:00:00+00:00,0.0,2025-07-09,2025,REG,IND,GSV,1.0697674418604652,True,,0.5,401736235,4398935,129689,5,0,True,False,matched,21.0,2025-07-09,under,0.3757884279208366,1.8695652173913042,-1.0,1.0,False,False,False
2269,c155ce43912757634eb3336d3d834a8b,139,Kayla Thornton,kaylathornton,GSV,points,15.5,-110.0,-120.0,12,12,2025-07-08 22:10:15+00:00,2025-07-08 22:10:15+00:00,2025-07-08 22:10:15+00:00,2025-07-09 16:00:00+00:00,0.0,2025-07-09,2025,REG,IND,GSV,1.0692640692640691,True,,0.4887959885212434,401736235,2529622,129689,5,0,True,False,matched,18.0,2025-07-09,under,0.3558740495266749,1.8333333333333335,-1.0,1.0,False,False,False
2269,3375bae6cf18a8d8609b9b389709be83,221,Tiffany Hayes,tiffanyhayes,GSV,points,14.5,-115.0,-115.0,12,12,2025-07-08 22:15:46+00:00,2025-07-08 22:15:46+00:00,2025-07-08 22:15:46+00:00,2025-07-09 16:00:00+00:00,0.0,2025-07-09,2025,REG,IND,GSV,1.0697674418604652,True,,0.5,401736235,1054,129689,5,0,True,False,matched,6.0,2025-07-09,under,0.2245050652486808,1.8695652173913042,0.8695652173913042,1.0,False,False,False
2269,ad66e39928d75c5e0469f652a5f59796,109,Kate Martin,katemartin,LAS,points,10.5,-115.0,-115.0,12,12,2025-07-08 22:15:47+00:00,2025-07-08 22:15:47+00:00,2025-07-08 22:15:47+00:00,2025-07-09 16:00:00+00:00,0.0,2025-07-09,2025,REG,IND,GSV,1.0697674418604652,True,,0.5,401736235,4398907,129689,5,0,True,False,matched,5.0,2025-07-09,under,0.5586727705861405,1.8695652173913042,0.8695652173913042,1.0,False,False,False
2269,646ba47d5767450146ed2d9f892a4c65,83,Monique Billings,moniquebillings,IND,rebounds,5.5,-115.0,-115.0,12,12,2025-07-08 22:15:47+00:00,2025-07-08 22:15:47+00:00,2025-07-08 22:15:47+00:00,2025-07-09 16:00:00+00:00,0.0,2025-07-09,2025,REG,IND,GSV,1.0697674418604652,True,,0.5,401736235,3142255,129689,5,0,True,False,matched,2.0,2025-07-09,under,0.1875797229685442,1.8695652173913042,0.8695652173913042,1.0,False,False,False
2269,690207ebda1b3b5ea8e04bec50124a9f,72,Temi Fagbenle,temifagbenle,TOR,rebounds,5.5,-115.0,-115.0,12,12,2025-07-08 22:15:47+00:00,2025-07-08 22:15:47+00:00,2025-07-08 22:15:47+00:00,2025-07-09 16:00:00+00:00,0.0,2025-07-09,2025,REG,IND,GSV,1.0697674418604652,True,,0.5,401736235,2569044,129689,5,0,True,False,matched,5.0,2025-07-09,under,0.1235188064481918,1.8695652173913042,0.8695652173913042,1.0,False,False,False
2270,13392e85599543c55887914ca4eafbca,125,Kayla McBride,kaylamcbride,MIN,points,14.5,-108.0,-120.0,10,10,2025-07-09 03:03:54+00:00,2025-07-09 03:03:54+00:00,2025-07-09 03:03:54+00:00,2025-07-09 19:30:00+00:00,0.0,2025-07-09,2025,REG,PHX,MIN,1.0646853146853146,True,,0.48646030463369283,401736236,2529205,8,11,0,True,False,matched,6.0,2025-07-09,under,0.13017974648593295,1.8333333333333335,0.8333333333333335,1.0,False,False,False
2270,35a76e36cccdde1fd7e4de32907f65ed,121,Alanna Smith,alannasmith,DAL,points,9.5,-114.0,-114.0,10,10,2025-07-09 03:11:57+00:00,2025-07-09 03:11:57+00:00,2025-07-09 03:11:57+00:00,2025-07-09 19:30:00+00:00,0.0,2025-07-09,2025,REG,PHX,MIN,1.0654205607476634,True,,0.5000000000000001,401736236,3913881,8,11,0,True,False,matched,2.0,2025-07-09,under,0.16468128336789783,1.8771929824561404,0.8771929824561404,1.0,False,False,False
2270,94382cbfac280855f921e6fd6af7f074,40,Alyssa Thomas,alyssathomas,PHO,points,14.5,-114.0,-114.0,10,10,2025-07-09 03:33:23+00:00,2025-07-09 03:33:23+00:00,2025-07-09 03:33:23+00:00,2025-07-09 19:30:00+00:00,0.0,2025-07-09,2025,REG,PHX,MIN,1.0654205607476634,True,,0.5000000000000001,401736236,2529140,11,8,1,True,False,matched,29.0,2025-07-09,under,0.2514470435878463,1.8771929824561404,-1.0,1.0,False,False,False
2271,fdda32e71bc81daaa650f38672abbb48,95,Li Yueru,liyueru,DAL,points,7.5,-130.0,100.0,10,10,2025-07-09 03:41:24+00:00,2025-07-09 03:41:24+00:00,2025-07-09 03:41:24+00:00,2025-07-10 00:00:00+00:00,0.0,2025-07-09,2025,REG,CHI,DAL,1.065217391304348,True,,0.5336835053940976,401736237,4336633,3,19,0,True,False,matched,18.0,2025-07-09,under,0.41095874631075147,2.0,-1.0,1.0,False,False,False
2270,b0cdfb0f69905f5faafad6f717ce77b0,177,Sami Whitcomb,samiwhitcomb,PHO,points,12.5,-120.0,-108.0,10,10,2025-07-09 03:41:24+00:00,2025-07-09 03:41:24+00:00,2025-07-09 03:41:24+00:00,2025-07-09 19:30:00+00:00,0.0,2025-07-09,2025,REG,PHX,MIN,1.0646853146853146,True,,0.5135396953663074,401736236,887,11,8,1,True,False,matched,10.0,2025-07-09,under,0.2530892902528197,1.925925925925926,0.925925925925926,1.0,False,False,False
2271,cfe394268ae4a5c0c2ba9bfc7192e080,526,Aziaha James,aziahajames,DAL,points,15.5,-102.0,-128.0,10,10,2025-07-09 03:45:20+00:00,2025-07-09 03:45:20+00:00,2025-07-09 03:45:20+00:00,2025-07-10 00:00:00+00:00,0.0,2025-07-09,2025,REG,CHI,DAL,1.0663540038214347,True,,0.47082505196940394,401736237,4433807,3,19,0,True,False,matched,8.0,2025-07-09,under,0.31302743630643187,1.78125,0.78125,1.0,False,False,False
2271,7e0d7342b7f38cadc34242bb74f4d934,185,Ariel Atkins,arielatkins,LAS,rebounds,3.5,-104.0,-128.0,10,10,2025-07-09 03:45:20+00:00,2025-07-09 03:45:20+00:00,2025-07-09 03:45:20+00:00,2025-07-10 00:00:00+00:00,0.0,2025-07-09,2025,REG,CHI,DAL,1.0712074303405572,True,,0.4732611100971195,401736237,3146151,19,3,1,True,False,matched,4.0,2025-07-09,under,0.1154302179658564,1.78125,-1.0,1.0,False,False,False
2271,2b546fdf3c37e276a5463237936897bb,33,Elizabeth Williams,elizabethwilliams,CHI,rebounds,6.5,-146.0,110.0,10,10,2025-07-09 03:53:23+00:00,2025-07-09 03:53:23+00:00,2025-07-09 03:53:23+00:00,2025-07-10 00:00:00+00:00,0.0,2025-07-09,2025,REG,CHI,DAL,1.0696864111498257,True,,0.5607420039050215,401736237,2566081,19,3,1,True,False,matched,5.0,2025-07-09,under,0.44346890867745736,2.1,1.1,1.0,False,False,False
2269,6ed281dba9d4814227323d9577af1e1f,76,Lexie Hull,lexiehull,IND,points,8.5,-165.0,120.0,49,49,2025-07-09 12:22:39+00:00,2025-07-09 12:22:39+00:00,2025-07-09 12:22:39+00:00,2025-07-09 16:00:00+00:00,0.0,2025-07-09,2025,REG,IND,GSV,1.077186963979417,True,,0.5874272698833228,401736235,4398829,5,129689,1,True,False,matched,5.0,2025-07-09,under,0.5349227633324246,2.2,1.2000000000000002,1.0,False,False,False
2270,4ca5815e37a35923e6b004e69b61402e,563,Monique Akoa Makani,moniqueakoamakani,PHO,points,9.5,100.0,-130.0,13,13,2025-07-09 15:05:49+00:00,2025-07-09 15:05:49+00:00,2025-07-09 15:05:49+00:00,2025-07-09 19:30:00+00:00,0.0,2025-07-09,2025,REG,PHX,MIN,1.065217391304348,True,,0.4663164946059025,401736236,5274110,11,8,1,True,False,matched,13.0,2025-07-09,under,0.2140895828911587,1.7692307692307692,-1.0,1.0,False,False,False
2271,5967a22f40e11c806d873ed416de8bb3,30,Kamilla Cardoso,kamillacardoso,CHI,rebounds,6.5,124.0,-166.0,10,10,2025-07-09 18:25:46+00:00,2025-07-09 18:25:46+00:00,2025-07-09 18:25:46+00:00,2025-07-10 00:00:00+00:00,0.0,2025-07-09,2025,REG,CHI,DAL,1.0704887218045114,True,,0.40796342297849103,401736237,4433405,19,3,1,True,False,matched,4.0,2025-07-09,over,0.14057800336871668,2.24,-1.0,1.0,False,False,False
2274,fb79beb81f494a22a5e0849c3fc558c6,68,Caitlin Clark,caitlinclark,IND,points,18.5,-115.0,-115.0,12,12,2025-07-09 20:52:25+00:00,2025-07-09 20:52:25+00:00,2025-07-09 20:52:25+00:00,2025-07-11 23:30:00+00:00,0.0,2025-07-11,2025,REG,IND,ATL,1.0697674418604652,True,,0.5,401736240,4433403,5,20,1,True,False,matched,12.0,2025-07-11,under,0.1164168865430551,1.8695652173913042,0.8695652173913042,1.0,False,False,False
2272,cc875dc41155b2ac7cef8628f32a1658,125,Kayla McBride,kaylamcbride,MIN,assists,3.5,110.0,-146.0,10,10,2025-07-10 03:38:36+00:00,2025-07-10 03:38:36+00:00,2025-07-10 03:38:36+00:00,2025-07-10 19:00:00+00:00,0.0,2025-07-10,2025,REG,LAS,MIN,1.0696864111498257,True,,0.4392579960949788,401736238,2529205,8,6,0,True,False,matched,2.0,2025-07-10,under,0.16136130291792594,1.6849315068493151,0.6849315068493151,1.0,False,False,False
2272,09b01f0c2a2998bbe0586bb2da1e110c,112,Napheesa Collier,napheesacollier,MIN,points,21.5,-122.0,-106.0,10,10,2025-07-10 03:38:36+00:00,2025-07-10 03:38:36+00:00,2025-07-10 03:38:36+00:00,2025-07-10 19:00:00+00:00,0.0,2025-07-10,2025,REG,LAS,MIN,1.064112656345666,True,,0.518058368553134,401736238,3917450,8,6,0,True,False,matched,17.0,2025-07-10,under,0.12354552687469011,1.9433962264150944,0.9433962264150944,1.0,False,False,False
2272,ab436def13e21d6d00a8484d9cbb8173,117,Courtney Williams,courtneywilliams,MIN,assists,5.5,-132.0,100.0,10,10,2025-07-10 03:42:47+00:00,2025-07-10 03:42:47+00:00,2025-07-10 03:42:47+00:00,2025-07-10 19:00:00+00:00,0.0,2025-07-10,2025,REG,LAS,MIN,1.0689655172413794,True,,0.5356937238338165,401736238,2987891,8,6,0,True,False,matched,7.0,2025-07-10,under,0.11447389184665696,2.0,-1.0,1.0,False,False,False
2272,6563beb32fe1e650a0f44b4c077effbb,121,Alanna Smith,alannasmith,DAL,points,9.5,-106.0,-122.0,10,10,2025-07-10 03:46:52+00:00,2025-07-10 03:46:52+00:00,2025-07-10 03:46:52+00:00,2025-07-10 19:00:00+00:00,0.0,2025-07-10,2025,REG,LAS,MIN,1.064112656345666,True,,0.4819416314468661,401736238,3913881,8,6,0,True,False,matched,15.0,2025-07-10,under,0.1684046078357077,1.819672131147541,-1.0,1.0,False,False,False
2273,9c360c418fa0ec55680e9f16b64a33fe,196,Shakira Austin,shakiraaustin,WAS,points,14.5,-108.0,-120.0,10,10,2025-07-10 05:03:32+00:00,2025-07-10 05:03:32+00:00,2025-07-10 05:03:32+00:00,2025-07-10 23:30:00+00:00,0.0,2025-07-10,2025,REG,WAS,LVA,1.0646853146853146,True,,0.48646030463369283,401736239,4398911,16,17,1,True,False,matched,16.0,2025-07-10,under,0.16771532182943039,1.8333333333333335,-1.0,1.0,False,False,False
2273,deeb60f6a3945f23ef2375f37ab312b7,102,Jackie Young,jackieyoung,LVA,points,17.5,-114.0,-114.0,10,10,2025-07-10 05:03:33+00:00,2025-07-10 05:03:33+00:00,2025-07-10 05:03:33+00:00,2025-07-10 23:30:00+00:00,0.0,2025-07-10,2025,REG,WAS,LVA,1.0654205607476634,True,,0.5000000000000001,401736239,4065870,17,16,0,True,False,matched,10.0,2025-07-10,under,0.24758834554714365,1.8771929824561404,0.8771929824561404,1.0,False,False,False
2273,4dfc08d271c1894fd88b6d0d1557cf20,166,Jewell Loyd,jewellloyd,LVA,points,13.5,100.0,-130.0,10,10,2025-07-10 05:03:33+00:00,2025-07-10 05:03:33+00:00,2025-07-10 05:03:33+00:00,2025-07-10 23:30:00+00:00,0.0,2025-07-10,2025,REG,WAS,LVA,1.065217391304348,True,,0.4663164946059025,401736239,2987869,17,16,0,True,False,matched,20.0,2025-07-10,under,0.21264492375646288,1.7692307692307692,-1.0,1.0,False,False,False
2273,f08f0d8b9ead975600d193cc6bb08282,182,Brittney Sykes,brittneysykes,TOR,points,15.5,-115.0,-113.0,10,10,2025-07-10 05:03:33+00:00,2025-07-10 05:03:33+00:00,2025-07-10 05:03:33+00:00,2025-07-10 23:30:00+00:00,0.0,2025-07-10,2025,REG,WAS,LVA,1.0654001528551151,True,,0.5022557674006809,401736239,2988756,16,17,1,True,False,matched,18.0,2025-07-10,under,0.1530714299549002,1.8849557522123894,-1.0,1.0,False,False,False
2273,0c95aeef08bea4c610acb7a21164a47b,107,Chelsea Gray,chelseagray,LVA,points,12.5,-115.0,-113.0,10,10,2025-07-10 05:03:34+00:00,2025-07-10 05:03:34+00:00,2025-07-10 05:03:34+00:00,2025-07-10 23:30:00+00:00,0.0,2025-07-10,2025,REG,WAS,LVA,1.0654001528551151,True,,0.5022557674006809,401736239,2529122,17,16,0,True,False,matched,13.0,2025-07-10,under,0.2406639498178343,1.8849557522123894,-1.0,1.0,False,False,False
2274,b0a41d92fa4930bd1ae8524f6c560c9c,2,Jordin Canada,jordincanada,ATL,points,10.5,-110.0,-118.0,10,10,2025-07-10 06:34:34+00:00,2025-07-10 06:34:34+00:00,2025-07-10 06:34:34+00:00,2025-07-11 23:30:00+00:00,0.0,2025-07-11,2025,REG,IND,ATL,1.0650939274792486,True,,0.4909754767731684,401736240,3142250,20,5,0,True,False,matched,30.0,2025-07-11,under,0.1467679119761594,1.847457627118644,-1.0,1.0,False,False,False
2274,9c3f8bb230aa0576b8356d8d6a5282a2,56,Natasha Howard,natashahoward,MIN,rebounds,5.5,110.0,-146.0,10,10,2025-07-10 06:34:35+00:00,2025-07-10 06:34:35+00:00,2025-07-10 06:34:35+00:00,2025-07-11 23:30:00+00:00,0.0,2025-07-11,2025,REG,IND,ATL,1.0696864111498257,True,,0.4392579960949788,401736240,2529130,5,20,1,True,False,matched,7.0,2025-07-11,over,0.2811944870054077,2.1,1.1,1.0,False,False,False
2275,ad16a74245cd9b0095b5dfdc6f2c87d3,66,Erica Wheeler,ericawheeler,LAS,rebounds,3.5,-114.0,-114.0,10,10,2025-07-10 15:06:46+00:00,2025-07-10 15:06:46+00:00,2025-07-10 15:06:46+00:00,2025-07-12 02:00:00+00:00,0.0,2025-07-11,2025,REG,SEA,CON,1.0654205607476634,True,,0.5000000000000001,401736241,2491214,14,18,1,True,False,matched,1.0,2025-07-11,under,0.25942364959849046,1.8771929824561404,0.8771929824561404,1.0,False,False,False
2275,790e3390197f11018e18ed55be481581,9,Tina Charles,tinacharles,FA,rebounds,4.5,-114.0,-114.0,10,10,2025-07-10 15:06:46+00:00,2025-07-10 15:06:46+00:00,2025-07-10 15:06:46+00:00,2025-07-12 02:00:00+00:00,0.0,2025-07-11,2025,REG,SEA,CON,1.0654205607476634,True,,0.5000000000000001,401736241,918,18,14,0,True,False,matched,10.0,2025-07-11,over,0.16475869738650922,1.8771929824561404,0.8771929824561404,1.0,False,False,False
2275,6768023b63723cac26fa13a17273858f,43,Olivia Nelson-Ododa,olivianelsonododa,CON,rebounds,5.5,-158.0,118.0,10,10,2025-07-10 15:15:40+00:00,2025-07-10 15:15:40+00:00,2025-07-10 15:15:40+00:00,2025-07-12 02:00:00+00:00,0.0,2025-07-11,2025,REG,SEA,CON,1.0711186971054691,True,,0.5796527091990534,401736241,4398966,18,14,0,True,False,matched,8.0,2025-07-11,under,0.28775234368884045,2.1799999999999997,-1.0,1.0,False,False,False
2275,e9705e0799437339755f5d9de2dfbc45,519,Aneesah Morrow,aneesahmorrow,CON,points,10.5,102.0,-132.0,10,10,2025-07-10 15:15:40+00:00,2025-07-10 15:15:40+00:00,2025-07-10 15:15:40+00:00,2025-07-12 02:00:00+00:00,0.0,2025-07-11,2025,REG,SEA,CON,1.0640150221918745,True,,0.4618487426836327,401736241,4684384,18,14,0,True,False,matched,4.0,2025-07-11,under,0.21684064643818124,1.7575757575757576,0.7575757575757576,1.0,False,False,False
2273,1f106e0b8f24a9e56ff99301c9906e92,103,A'ja Wilson,ajawilson,LVA,points,21.5,-120.0,-108.0,10,10,2025-07-10 17:13:47+00:00,2025-07-10 17:13:47+00:00,2025-07-10 17:13:47+00:00,2025-07-10 23:30:00+00:00,0.0,2025-07-10,2025,REG,WAS,LVA,1.0646853146853146,True,,0.5135396953663074,401736239,3149391,17,16,0,True,True,did_not_play,,2025-07-10,under,0.22977171977530514,1.925925925925926,0.0,0.0,False,True,False
2273,1d9ebcc7eb0d000fadc92340dc5ac413,108,Kiah Stokes,kiahstokes,GSV,rebounds,7.5,-144.0,108.0,10,10,2025-07-10 23:11:21+00:00,2025-07-10 23:11:21+00:00,2025-07-10 23:11:21+00:00,2025-07-10 23:30:00+00:00,0.0,2025-07-10,2025,REG,WAS,LVA,1.0709331651954601,True,,0.5566845205396996,401736239,2590093,17,16,0,True,False,matched,3.0,2025-07-10,under,0.7551695624698159,2.08,1.08,1.0,False,False,False
2273,a58635748f67c1652215fb0dc6e89d31,73,NaLyssa Smith,nalyssasmith,LVA,rebounds,7.5,118.0,-158.0,10,10,2025-07-10 23:15:46+00:00,2025-07-10 23:15:46+00:00,2025-07-10 23:15:46+00:00,2025-07-10 23:30:00+00:00,0.0,2025-07-10,2025,REG,WAS,LVA,1.0711186971054691,True,,0.42034729080094674,401736239,4398776,17,16,0,True,False,matched,4.0,2025-07-10,under,0.15303890922298408,1.6329113924050633,0.6329113924050633,1.0,False,False,False
2276,08d22031ed656614930544e3b3e2913b,26,Angel Reese,angelreese,ATL,points,14.5,-118.0,-110.0,10,10,2025-07-11 00:37:26+00:00,2025-07-11 00:37:26+00:00,2025-07-11 00:37:26+00:00,2025-07-12 17:00:00+00:00,0.0,2025-07-12,2025,REG,CHI,MIN,1.0650939274792486,True,,0.5090245232268319,401736242,4433402,19,8,1,True,False,matched,19.0,2025-07-12,under,0.1396048538732108,1.9090909090909092,-1.0,1.0,False,False,False
2276,5273b6cfd475d759a33a8f8b43410f93,112,Napheesa Collier,napheesacollier,MIN,points,21.5,-122.0,-106.0,10,10,2025-07-11 02:33:19+00:00,2025-07-11 02:33:19+00:00,2025-07-11 02:33:19+00:00,2025-07-12 17:00:00+00:00,0.0,2025-07-12,2025,REG,CHI,MIN,1.064112656345666,True,,0.518058368553134,401736242,3917450,8,19,0,True,False,matched,26.0,2025-07-12,under,0.15015305606724394,1.9433962264150944,-1.0,1.0,False,False,False
2276,c2904962b8143171a9e28a53f3e89b23,185,Ariel Atkins,arielatkins,LAS,rebounds,3.5,-108.0,-122.0,10,10,2025-07-11 02:33:19+00:00,2025-07-11 02:33:19+00:00,2025-07-11 02:33:19+00:00,2025-07-12 17:00:00+00:00,0.0,2025-07-12,2025,REG,CHI,MIN,1.0687803187803186,True,,0.48431040390879443,401736242,3146151,19,8,1,True,False,matched,3.0,2025-07-12,under,0.1409289938280941,1.819672131147541,0.819672131147541,1.0,False,False,False
2276,cae1cc446836cbe5a7f8d51ff46880a4,117,Courtney Williams,courtneywilliams,MIN,assists,5.5,-132.0,100.0,10,10,2025-07-11 02:33:19+00:00,2025-07-11 02:33:19+00:00,2025-07-11 02:33:19+00:00,2025-07-12 17:00:00+00:00,0.0,2025-07-12,2025,REG,CHI,MIN,1.0689655172413794,True,,0.5356937238338165,401736242,2987891,8,19,0,True,False,matched,8.0,2025-07-12,under,0.1235386355932388,2.0,-1.0,1.0,False,False,False
2276,8fed1ff50ef71872ba523f306f56059a,36,Rachel Banham,rachelbanham,CHI,points,9.5,-118.0,-110.0,10,10,2025-07-11 02:33:20+00:00,2025-07-11 02:33:20+00:00,2025-07-11 02:33:20+00:00,2025-07-12 17:00:00+00:00,0.0,2025-07-12,2025,REG,CHI,MIN,1.0650939274792486,True,,0.5090245232268319,401736242,2566186,19,8,1,True,False,matched,12.0,2025-07-12,under,0.21127480561941425,1.9090909090909092,-1.0,1.0,False,False,False
2275,e78bb998f5726425390835ed0f68e97c,274,Bria Hartley,briahartley,FA,assists,3.5,105.0,-135.0,24,24,2025-07-11 08:14:40+00:00,2025-07-11 08:14:40+00:00,2025-07-11 08:14:40+00:00,2025-07-12 02:00:00+00:00,0.0,2025-07-11,2025,REG,SEA,CON,1.0622729631551635,True,,0.45531139401703796,401736241,2529185,18,14,0,True,False,matched,2.0,2025-07-11,under,0.1984328174436371,1.7407407407407407,0.7407407407407407,1.0,False,False,False
2275,59b1029229a8be922ca2b2657513908c,180,Nneka Ogwumike,nnekaogwumike,LAS,assists,2.5,-115.0,-115.0,24,24,2025-07-11 08:14:40+00:00,2025-07-11 08:14:40+00:00,2025-07-11 08:14:40+00:00,2025-07-12 02:00:00+00:00,0.0,2025-07-11,2025,REG,SEA,CON,1.0697674418604652,True,,0.5,401736241,1068,14,18,1,True,False,matched,5.0,2025-07-11,under,0.1459794150322874,1.8695652173913042,-1.0,1.0,False,False,False
2277,c588694cfcdc121bc43856c744811d1e,107,Chelsea Gray,chelseagray,LVA,points,12.5,-114.0,-114.0,10,10,2025-07-11 14:22:09+00:00,2025-07-11 14:22:09+00:00,2025-07-11 14:22:09+00:00,2025-07-12 20:00:00+00:00,0.0,2025-07-12,2025,REG,LVA,GSV,1.0654205607476634,True,,0.5000000000000001,401736243,2529122,17,129689,1,True,False,matched,6.0,2025-07-12,under,0.22548824026571918,1.8771929824561404,0.8771929824561404,1.0,False,False,False
2277,605681b5106eeff921dceb8aa4d53117,55,Veronica Burton,veronicaburton,GSV,assists,5.5,-102.0,-130.0,10,10,2025-07-11 14:22:09+00:00,2025-07-11 14:22:09+00:00,2025-07-11 14:22:09+00:00,2025-07-12 20:00:00+00:00,0.0,2025-07-12,2025,REG,LVA,GSV,1.0701678863538528,True,,0.46878765056355093,401736243,4398935,129689,17,0,True,False,matched,8.0,2025-07-12,under,0.20560330874085297,1.7692307692307692,-1.0,1.0,False,False,False
2277,ced999ce5619604a15eff8ba7b58fc2a,109,Kate Martin,katemartin,LAS,points,8.5,-125.0,-104.0,10,10,2025-07-11 14:22:10+00:00,2025-07-11 14:22:10+00:00,2025-07-11 14:22:10+00:00,2025-07-12 20:00:00+00:00,0.0,2025-07-12,2025,REG,LVA,GSV,1.065359477124183,True,,0.5236312520088393,401736243,4398907,129689,17,0,True,False,matched,8.0,2025-07-12,under,0.46858040041427224,1.9615384615384617,0.9615384615384617,1.0,False,False,False
2277,3d20d116d2f63eba05c4ee6e6d099581,166,Jewell Loyd,jewellloyd,LVA,threes,1.5,-188.0,140.0,10,10,2025-07-11 14:22:10+00:00,2025-07-11 14:22:10+00:00,2025-07-11 14:22:10+00:00,2025-07-12 20:00:00+00:00,0.0,2025-07-12,2025,REG,LVA,GSV,1.0694444444444444,True,,0.6222928210344938,401736243,2987869,17,129689,1,True,False,matched,3.0,2025-07-12,under,0.31803636013916003,2.4,-1.0,1.0,False,False,False
2277,737da081e38843f387c7240c96ff83ec,139,Kayla Thornton,kaylathornton,GSV,points,14.5,-118.0,-110.0,10,10,2025-07-11 14:22:10+00:00,2025-07-11 14:22:10+00:00,2025-07-11 14:22:10+00:00,2025-07-12 20:00:00+00:00,0.0,2025-07-12,2025,REG,LVA,GSV,1.0650939274792486,True,,0.5090245232268319,401736243,2529622,129689,17,0,True,False,matched,10.0,2025-07-12,under,0.3045466025655676,1.9090909090909092,0.9090909090909092,1.0,False,False,False
2277,cd744088dbb0d23e97f301a8266c8e1f,102,Jackie Young,jackieyoung,LVA,points,17.5,-114.0,-114.0,10,10,2025-07-11 14:22:10+00:00,2025-07-11 14:22:10+00:00,2025-07-11 14:22:10+00:00,2025-07-12 20:00:00+00:00,0.0,2025-07-12,2025,REG,LVA,GSV,1.0654205607476634,True,,0.5000000000000001,401736243,4065870,17,129689,1,True,False,matched,30.0,2025-07-12,under,0.2877912194093209,1.8771929824561404,-1.0,1.0,False,False,False
2277,fb5afd3356b59a637a857f071182c087,72,Temi Fagbenle,temifagbenle,TOR,points,7.5,-120.0,-108.0,10,10,2025-07-11 14:22:10+00:00,2025-07-11 14:22:10+00:00,2025-07-11 14:22:10+00:00,2025-07-12 20:00:00+00:00,0.0,2025-07-12,2025,REG,LVA,GSV,1.0646853146853146,True,,0.5135396953663074,401736243,2569044,129689,17,0,True,False,matched,13.0,2025-07-12,under,0.19753666487864435,1.925925925925926,-1.0,1.0,False,False,False
2275,b60c03af5f9cf08c67f9a9adaf2518da,518,Saniya Rivers,saniyarivers,CON,points,8.5,102.0,-132.0,10,10,2025-07-11 22:18:33+00:00,2025-07-11 22:18:33+00:00,2025-07-11 22:18:33+00:00,2025-07-12 02:00:00+00:00,0.0,2025-07-11,2025,REG,SEA,CON,1.0640150221918745,True,,0.4618487426836327,401736241,4433514,18,14,0,True,False,matched,12.0,2025-07-11,under,0.14207425579948574,1.7575757575757576,-1.0,1.0,False,False,False
2278,ab4ead2bbdf9f066f2a95e97a7f505ee,528,Paige Bueckers,paigebueckers,DAL,rebounds,3.5,-162.0,122.0,10,10,2025-07-12 02:31:03+00:00,2025-07-12 02:31:03+00:00,2025-07-12 02:31:03+00:00,2025-07-13 17:00:00+00:00,0.0,2025-07-13,2025,REG,IND,DAL,1.0687710611374732,True,,0.5868918088955871,401736244,4433730,3,5,0,True,False,matched,4.0,2025-07-13,under,0.14734007525179094,2.2199999999999998,-1.0,1.0,False,False,False
2278,9ef9d8cec266f0d31c60abf7808e959b,56,Natasha Howard,natashahoward,MIN,rebounds,6.5,124.0,-166.0,10,10,2025-07-12 14:41:00+00:00,2025-07-12 14:41:00+00:00,2025-07-12 14:41:00+00:00,2025-07-13 17:00:00+00:00,0.0,2025-07-13,2025,REG,IND,DAL,1.0704887218045114,True,,0.40796342297849103,401736244,2529130,5,3,1,True,False,matched,2.0,2025-07-13,over,0.12070147583448998,2.24,-1.0,1.0,False,False,False
2278,41e5f047e1e10aafcbd9a1a6f5d19a8a,76,Lexie Hull,lexiehull,IND,points,7.5,100.0,-130.0,10,10,2025-07-12 14:41:00+00:00,2025-07-12 14:41:00+00:00,2025-07-12 14:41:00+00:00,2025-07-13 17:00:00+00:00,0.0,2025-07-13,2025,REG,IND,DAL,1.065217391304348,True,,0.4663164946059025,401736244,4398829,5,3,1,True,False,matched,3.0,2025-07-13,under,0.11646395829654815,1.7692307692307692,0.7692307692307692,1.0,False,False,False
2278,54ff9aee8a0c4de321d525e553662cae,95,Li Yueru,liyueru,DAL,points,8.5,-118.0,-110.0,10,10,2025-07-12 14:41:01+00:00,2025-07-12 14:41:01+00:00,2025-07-12 14:41:01+00:00,2025-07-13 17:00:00+00:00,0.0,2025-07-13,2025,REG,IND,DAL,1.0650939274792486,True,,0.5090245232268319,401736244,4336633,3,5,0,True,False,matched,16.0,2025-07-13,under,0.3281453303146773,1.9090909090909092,-1.0,1.0,False,False,False
2279,0d3ee87da6473c0f0e0a447a73094216,137,Breanna Stewart,breannastewart,NYL,threes,1.5,148.0,-200.0,10,10,2025-07-12 14:54:37+00:00,2025-07-12 14:54:37+00:00,2025-07-12 14:54:37+00:00,2025-07-13 19:00:00+00:00,0.0,2025-07-13,2025,REG,NYL,ATL,1.0698924731182795,True,,0.3634985050458517,401736245,2998928,9,20,1,True,False,matched,1.0,2025-07-13,under,0.2494790863451877,1.5,0.5,1.0,False,False,False
2279,f31a1f6c545886799ea3cb3cc7322f08,49,Brionna Jones,brionnajones,ATL,points,13.5,-125.0,-104.0,10,10,2025-07-12 14:54:38+00:00,2025-07-12 14:54:38+00:00,2025-07-12 14:54:38+00:00,2025-07-13 19:00:00+00:00,0.0,2025-07-13,2025,REG,NYL,ATL,1.065359477124183,True,,0.5236312520088393,401736245,3058895,20,9,0,True,False,matched,8.0,2025-07-13,under,0.184343089761274,1.9615384615384617,0.9615384615384617,1.0,False,False,False
2279,a7de35ae5f04e80d91e472baafe41152,132,Sabrina Ionescu,sabrinaionescu,NYL,threes,2.5,-132.0,100.0,10,10,2025-07-12 14:54:38+00:00,2025-07-12 14:54:38+00:00,2025-07-12 14:54:38+00:00,2025-07-13 19:00:00+00:00,0.0,2025-07-13,2025,REG,NYL,ATL,1.0689655172413794,True,,0.5356937238338165,401736245,4066533,9,20,1,True,False,matched,0.0,2025-07-13,under,0.10788946803245408,2.0,1.0,1.0,False,False,False
2279,f8672aef29f8555b1af2898876d0a46e,1,Allisha Gray,allishagray,ATL,assists,3.5,-130.0,-102.0,10,10,2025-07-12 14:54:39+00:00,2025-07-12 14:54:39+00:00,2025-07-12 14:54:39+00:00,2025-07-13 19:00:00+00:00,0.0,2025-07-13,2025,REG,NYL,ATL,1.0701678863538528,True,,0.5312123494364493,401736245,3058901,20,9,0,True,False,matched,3.0,2025-07-13,under,0.10334746771446662,1.9803921568627452,0.9803921568627452,1.0,False,False,False
2277,448588cc691c06c6457fb7fc73ab377f,103,A'ja Wilson,ajawilson,LVA,points,21.5,-120.0,-108.0,10,10,2025-07-12 15:13:48+00:00,2025-07-12 15:13:48+00:00,2025-07-12 15:13:48+00:00,2025-07-12 20:00:00+00:00,0.0,2025-07-12,2025,REG,LVA,GSV,1.0646853146853146,True,,0.5135396953663074,401736243,3149391,17,129689,1,True,False,matched,34.0,2025-07-12,under,0.2373549151319332,1.925925925925926,-1.0,1.0,False,False,False
2281,6850ab2c3345e845952593c5a7f559cb,182,Brittney Sykes,brittneysykes,TOR,points,14.5,-128.0,-102.0,10,10,2025-07-12 16:03:37+00:00,2025-07-12 16:03:37+00:00,2025-07-12 16:03:37+00:00,2025-07-13 22:00:00+00:00,0.0,2025-07-13,2025,REG,SEA,WAS,1.0663540038214347,True,,0.5291749480305961,401736247,2988756,16,14,0,True,False,matched,19.0,2025-07-13,under,0.15051001342367348,1.9803921568627452,-1.0,1.0,False,False,False
2281,f319a9761c689375d792cf21bbb56af9,196,Shakira Austin,shakiraaustin,WAS,points,13.5,-130.0,100.0,10,10,2025-07-12 16:03:38+00:00,2025-07-12 16:03:38+00:00,2025-07-12 16:03:38+00:00,2025-07-13 22:00:00+00:00,0.0,2025-07-13,2025,REG,SEA,WAS,1.065217391304348,True,,0.5336835053940976,401736247,4398911,16,14,0,True,False,matched,9.0,2025-07-13,under,0.21717518700636956,2.0,1.0,1.0,False,False,False
2281,d176125b8833b1287f9af09302e36aa9,66,Erica Wheeler,ericawheeler,LAS,points,10.5,-115.0,-113.0,10,10,2025-07-12 16:08:00+00:00,2025-07-12 16:08:00+00:00,2025-07-12 16:08:00+00:00,2025-07-13 22:00:00+00:00,0.0,2025-07-13,2025,REG,SEA,WAS,1.0654001528551151,True,,0.5022557674006809,401736247,2491214,14,16,1,True,False,matched,6.0,2025-07-13,under,0.16427072246232866,1.8849557522123894,0.8849557522123894,1.0,False,False,False
2280,0c8d928366253650e0f12b6983bb814a,101,Kelsey Plum,kelseyplum,LAS,points,18.5,-128.0,-102.0,10,10,2025-07-12 17:48:26+00:00,2025-07-12 17:48:26+00:00,2025-07-12 17:48:26+00:00,2025-07-13 22:00:00+00:00,0.0,2025-07-13,2025,REG,LAS,CON,1.0663540038214347,True,,0.5291749480305961,401736246,3065570,6,18,1,True,False,matched,23.0,2025-07-13,under,0.12954704343217455,1.9803921568627452,-1.0,1.0,False,False,False
2280,5fc41c39529685248a280e8be902dd0d,9,Tina Charles,tinacharles,FA,rebounds,5.5,122.0,-162.0,10,10,2025-07-12 17:52:54+00:00,2025-07-12 17:52:54+00:00,2025-07-12 17:52:54+00:00,2025-07-13 22:00:00+00:00,0.0,2025-07-13,2025,REG,LAS,CON,1.0687710611374732,True,,0.41310819110441305,401736246,918,18,6,0,True,False,matched,7.0,2025-07-13,over,0.20791302150094854,2.2199999999999998,1.2199999999999998,1.0,False,False,False
2280,e21e97586f4576af9735768d81937a37,89,Dearica Hamby,dearicahamby,LAS,rebounds,7.5,-114.0,-114.0,10,10,2025-07-12 17:52:54+00:00,2025-07-12 17:52:54+00:00,2025-07-12 17:52:54+00:00,2025-07-13 22:00:00+00:00,0.0,2025-07-13,2025,REG,LAS,CON,1.0654205607476634,True,,0.5000000000000001,401736246,2566106,6,18,1,True,False,matched,7.0,2025-07-13,under,0.10566739336982867,1.8771929824561404,0.8771929824561404,1.0,False,False,False
2280,79c99d73adf887a1c23087e4f4277d8d,43,Olivia Nelson-Ododa,olivianelsonododa,CON,points,8.5,-128.0,-102.0,10,10,2025-07-12 17:52:55+00:00,2025-07-12 17:52:55+00:00,2025-07-12 17:52:55+00:00,2025-07-13 22:00:00+00:00,0.0,2025-07-13,2025,REG,LAS,CON,1.0663540038214347,True,,0.5291749480305961,401736246,4398966,18,6,0,True,False,matched,4.0,2025-07-13,under,0.2067078511772198,1.9803921568627452,0.9803921568627452,1.0,False,False,False
2280,e8d495d795cbd7a1bdbddae857a07c45,518,Saniya Rivers,saniyarivers,CON,points,9.5,-110.0,-130.0,33,33,2025-07-12 19:04:57+00:00,2025-07-12 19:04:57+00:00,2025-07-12 19:04:57+00:00,2025-07-13 22:00:00+00:00,0.0,2025-07-13,2025,REG,LAS,CON,1.0890269151138718,True,,0.47832076753442404,401736246,4433514,18,6,0,True,False,matched,20.0,2025-07-13,under,0.1524674031366321,1.7692307692307692,-1.0,1.0,False,False,False
2279,e5e0e06c96b54f85d9c44b322365b86b,130,Kennedy Burke,kennedyburke,CON,points,10.5,-102.0,-128.0,10,10,2025-07-13 00:03:46+00:00,2025-07-13 00:03:46+00:00,2025-07-13 00:03:46+00:00,2025-07-13 19:00:00+00:00,0.0,2025-07-13,2025,REG,NYL,ATL,1.0663540038214347,True,,0.47082505196940394,401736245,3922628,9,20,1,True,False,matched,7.0,2025-07-13,under,0.26717775890685036,1.78125,0.78125,1.0,False,False,False
2279,a965f2c1c3e7fb78f0451637515501df,147,Leonie Fiebich,leoniefiebich,NYL,rebounds,3.5,-104.0,-128.0,10,10,2025-07-13 00:03:46+00:00,2025-07-13 00:03:46+00:00,2025-07-13 00:03:46+00:00,2025-07-13 19:00:00+00:00,0.0,2025-07-13,2025,REG,NYL,ATL,1.0712074303405572,True,,0.4732611100971195,401736245,4683006,9,20,1,True,False,matched,4.0,2025-07-13,over,0.12058080544627409,1.9615384615384617,0.9615384615384617,1.0,False,False,False
2278,f09fc9d71e7a29d28772e3db4b7e8cab,526,Aziaha James,aziahajames,DAL,points,14.5,-130.0,100.0,10,10,2025-07-13 00:15:58+00:00,2025-07-13 00:15:58+00:00,2025-07-13 00:15:58+00:00,2025-07-13 17:00:00+00:00,0.0,2025-07-13,2025,REG,IND,DAL,1.065217391304348,True,,0.5336835053940976,401736244,4433807,3,5,0,True,False,matched,11.0,2025-07-13,under,0.4759468537468535,2.0,1.0,1.0,False,False,False
2278,d4f7f40921a72986533d50b819776e1e,63,Arike Ogunbowale,arikeogunbowale,DAL,rebounds,3.5,135.0,-180.0,13,13,2025-07-13 08:48:18+00:00,2025-07-13 08:48:18+00:00,2025-07-13 08:48:18+00:00,2025-07-13 17:00:00+00:00,0.0,2025-07-13,2025,REG,IND,DAL,1.0683890577507598,True,,0.3875138305329928,401736244,3904577,3,5,0,True,False,matched,2.0,2025-07-13,under,0.10737373628241675,1.5555555555555556,0.5555555555555556,1.0,False,False,False
2282,f05fd0a7300e91fda2bd81429078bca8,125,Kayla McBride,kaylamcbride,MIN,points,13.5,-118.0,-110.0,10,10,2025-07-13 14:48:17+00:00,2025-07-13 14:48:17+00:00,2025-07-13 14:48:17+00:00,2025-07-15 00:00:00+00:00,0.0,2025-07-14,2025,REG,CHI,MIN,1.0650939274792486,True,,0.5090245232268319,401736248,2529205,8,19,0,True,False,matched,17.0,2025-07-14,under,0.16854645827192088,1.9090909090909092,-1.0,1.0,False,False,False
2282,df6ff959482cd35340dbf567a5314b13,112,Napheesa Collier,napheesacollier,MIN,threes,1.5,158.0,-215.0,10,10,2025-07-13 14:48:17+00:00,2025-07-13 14:48:17+00:00,2025-07-13 14:48:17+00:00,2025-07-15 00:00:00+00:00,0.0,2025-07-14,2025,REG,CHI,MIN,1.0701365817644888,True,,0.347126998954303,401736248,3917450,8,19,0,True,False,matched,4.0,2025-07-14,under,0.16510256806258228,1.4651162790697674,-1.0,1.0,False,False,False
2282,186dabdab80597e7e648815f3ed50190,185,Ariel Atkins,arielatkins,LAS,rebounds,3.5,-108.0,-122.0,10,10,2025-07-13 14:48:18+00:00,2025-07-13 14:48:18+00:00,2025-07-13 14:48:18+00:00,2025-07-15 00:00:00+00:00,0.0,2025-07-14,2025,REG,CHI,MIN,1.0687803187803186,True,,0.48431040390879443,401736248,3146151,19,8,1,True,False,matched,0.0,2025-07-14,under,0.13213650421447032,1.819672131147541,0.819672131147541,1.0,False,False,False
2282,765a874f4e46f3f31cc1b2f6fa4b1ce7,121,Alanna Smith,alannasmith,DAL,points,9.5,-114.0,-114.0,10,10,2025-07-13 14:48:19+00:00,2025-07-13 14:48:19+00:00,2025-07-13 14:48:19+00:00,2025-07-15 00:00:00+00:00,0.0,2025-07-14,2025,REG,CHI,MIN,1.0654205607476634,True,,0.5000000000000001,401736248,3913881,8,19,0,True,False,matched,4.0,2025-07-14,under,0.15896639962281262,1.8771929824561404,0.8771929824561404,1.0,False,False,False
2284,d879d26b908ba2899de2d4b743d6baab,68,Caitlin Clark,caitlinclark,IND,points,18.5,-120.0,-110.0,12,12,2025-07-13 20:16:31+00:00,2025-07-13 20:16:31+00:00,2025-07-13 20:16:31+00:00,2025-07-16 00:00:00+00:00,0.0,2025-07-15,2025,REG,CON,IND,1.0692640692640691,True,,0.5112040114787568,401736250,4433403,5,18,0,True,False,matched,14.0,2025-07-15,under,0.23093783757713632,1.9090909090909092,0.9090909090909092,1.0,False,False,False
2283,51fb121ef7c8b033890aa25f865010cb,40,Alyssa Thomas,alyssathomas,PHO,points,15.5,-122.0,-106.0,10,10,2025-07-14 02:46:56+00:00,2025-07-14 02:46:56+00:00,2025-07-14 02:46:56+00:00,2025-07-15 02:00:00+00:00,0.0,2025-07-14,2025,REG,GSV,PHX,1.064112656345666,True,,0.518058368553134,401736249,2529140,11,129689,0,True,False,matched,17.0,2025-07-14,under,0.3263156023856298,1.9433962264150944,-1.0,1.0,False,False,False
2283,2cbb1c52d3335196911e45c89eedfa55,139,Kayla Thornton,kaylathornton,GSV,points,13.5,-130.0,100.0,10,10,2025-07-14 02:46:57+00:00,2025-07-14 02:46:57+00:00,2025-07-14 02:46:57+00:00,2025-07-15 02:00:00+00:00,0.0,2025-07-14,2025,REG,GSV,PHX,1.065217391304348,True,,0.5336835053940976,401736249,2529622,129689,11,1,True,False,matched,8.0,2025-07-14,under,0.26570913508568417,2.0,1.0,1.0,False,False,False
2283,ea777b990c63eda1c8400bd32fde56ed,55,Veronica Burton,veronicaburton,GSV,rebounds,3.5,-172.0,128.0,10,10,2025-07-14 02:50:30+00:00,2025-07-14 02:50:30+00:00,2025-07-14 02:50:30+00:00,2025-07-15 02:00:00+00:00,0.0,2025-07-14,2025,REG,GSV,PHX,1.0709494324045408,True,,0.6004234693007796,401736249,4398935,129689,11,1,True,False,matched,2.0,2025-07-14,under,0.21113311558390263,2.2800000000000002,1.2800000000000002,1.0,False,False,False
2283,adc3f46d9ce2e705e8e640ee79b4c71d,177,Sami Whitcomb,samiwhitcomb,PHO,points,12.5,-102.0,-128.0,10,10,2025-07-14 02:50:30+00:00,2025-07-14 02:50:30+00:00,2025-07-14 02:50:30+00:00,2025-07-15 02:00:00+00:00,0.0,2025-07-14,2025,REG,GSV,PHX,1.0663540038214347,True,,0.47082505196940394,401736249,887,11,129689,0,True,False,matched,7.0,2025-07-14,under,0.18993833308894537,1.78125,0.78125,1.0,False,False,False
2283,dbb1b91334e072e87bc4d7bce11cbb12,563,Monique Akoa Makani,moniqueakoamakani,PHO,points,9.5,-105.0,-125.0,12,12,2025-07-14 03:25:49+00:00,2025-07-14 03:25:49+00:00,2025-07-14 03:25:49+00:00,2025-07-15 02:00:00+00:00,0.0,2025-07-14,2025,REG,GSV,PHX,1.067750677506775,True,,0.47757418034290006,401736249,5274110,11,129689,0,True,False,matched,9.0,2025-07-14,under,0.16753945095028672,1.8,0.8,1.0,False,False,False
2282,9f8f68d8ddcdec0ee096879b10caf011,36,Rachel Banham,rachelbanham,CHI,points,9.5,-118.0,-110.0,10,10,2025-07-14 03:47:21+00:00,2025-07-14 03:47:21+00:00,2025-07-14 03:47:21+00:00,2025-07-15 00:00:00+00:00,0.0,2025-07-14,2025,REG,CHI,MIN,1.0650939274792486,True,,0.5090245232268319,401736248,2566186,19,8,1,True,False,matched,15.0,2025-07-14,under,0.1631660734086804,1.9090909090909092,-1.0,1.0,False,False,False
2284,f439ff8b61698eeeecdf5e694e2a5792,518,Saniya Rivers,saniyarivers,CON,points,10.5,-102.0,-128.0,10,10,2025-07-14 03:59:15+00:00,2025-07-14 03:59:15+00:00,2025-07-14 03:59:15+00:00,2025-07-16 00:00:00+00:00,0.0,2025-07-15,2025,REG,CON,IND,1.0663540038214347,True,,0.47082505196940394,401736250,4433514,18,5,1,True,False,matched,8.0,2025-07-15,under,0.274631939590616,1.78125,0.78125,1.0,False,False,False
2284,bbe29240b12f151af373cb44a51a6c54,43,Olivia Nelson-Ododa,olivianelsonododa,CON,points,8.5,-108.0,-120.0,10,10,2025-07-14 03:59:16+00:00,2025-07-14 03:59:16+00:00,2025-07-14 03:59:16+00:00,2025-07-16 00:00:00+00:00,0.0,2025-07-15,2025,REG,CON,IND,1.0646853146853146,True,,0.48646030463369283,401736250,4398966,18,5,1,True,False,matched,6.0,2025-07-15,under,0.1386647016314888,1.8333333333333335,0.8333333333333335,1.0,False,False,False
2285,0ba4103e535b99314ff4742550bf9f31,573,Sonia Citron,soniacitron,WAS,rebounds,4.5,102.0,-136.0,10,10,2025-07-14 05:05:36+00:00,2025-07-14 05:05:36+00:00,2025-07-14 05:05:36+00:00,2025-07-16 02:00:00+00:00,0.0,2025-07-15,2025,REG,LAS,WAS,1.071320691391173,True,,0.4579067075572801,401736251,4433524,16,6,0,True,False,matched,6.0,2025-07-15,over,0.13740884534959397,2.02,1.02,1.0,False,False,False
2285,6588e7a1226746532132fcc3f96ef1d9,196,Shakira Austin,shakiraaustin,WAS,points,13.5,-125.0,-104.0,10,10,2025-07-14 05:05:36+00:00,2025-07-14 05:05:36+00:00,2025-07-14 05:05:36+00:00,2025-07-16 02:00:00+00:00,0.0,2025-07-15,2025,REG,LAS,WAS,1.065359477124183,True,,0.5236312520088393,401736251,4398911,16,6,0,True,False,matched,16.0,2025-07-15,under,0.12805748823817703,1.9615384615384617,-1.0,1.0,False,False,False
2285,b00a37b5bc7ce06363655bfd8a45caa2,82,Azura Stevens,azurastevens,CHI,threes,1.5,-120.0,-110.0,10,10,2025-07-14 05:05:36+00:00,2025-07-14 05:05:36+00:00,2025-07-14 05:05:36+00:00,2025-07-16 02:00:00+00:00,0.0,2025-07-15,2025,REG,LAS,WAS,1.0692640692640691,True,,0.5112040114787568,401736251,3142010,6,16,1,True,False,matched,3.0,2025-07-15,under,0.12554940912480345,1.9090909090909092,-1.0,1.0,False,False,False
2285,72cb061f6d2223ecf0f23acad41174da,572,Kiki Iriafen,kikiiriafen,WAS,rebounds,7.5,-154.0,116.0,10,10,2025-07-14 05:05:37+00:00,2025-07-14 05:05:37+00:00,2025-07-14 05:05:37+00:00,2025-07-16 02:00:00+00:00,0.0,2025-07-15,2025,REG,LAS,WAS,1.0692621755613883,True,,0.574207987656796,401736251,4898384,16,6,0,True,False,matched,8.0,2025-07-15,under,0.13083405846277185,2.16,-1.0,1.0,False,False,False
2284,02e1c13fbab1b553f71f29447ab01510,70,Kelsey Mitchell,kelseymitchell,IND,assists,2.5,-140.0,100.0,33,33,2025-07-15 05:39:36+00:00,2025-07-15 05:39:36+00:00,2025-07-15 05:39:36+00:00,2025-07-16 00:00:00+00:00,0.0,2025-07-15,2025,REG,CON,IND,1.0833333333333333,True,,0.5434863681281015,401736250,3142191,5,18,0,True,False,matched,3.0,2025-07-15,under,0.1032562454845824,2.0,-1.0,1.0,False,False,False
2286,a8063555791a4724e53cb26e07dea2be,36,Rachel Banham,rachelbanham,CHI,assists,3.5,100.0,-130.0,24,24,2025-07-15 11:38:21+00:00,2025-07-15 11:38:21+00:00,2025-07-15 11:38:21+00:00,2025-07-16 16:00:00+00:00,0.0,2025-07-16,2025,REG,CHI,ATL,1.065217391304348,True,,0.4663164946059025,401736252,2566186,19,20,1,True,False,matched,2.0,2025-07-16,under,0.3032621106698248,1.7692307692307692,0.7692307692307692,1.0,False,False,False
2286,137843074734c354574a1d094f3b0931,2,Jordin Canada,jordincanada,ATL,assists,6.5,100.0,-130.0,24,24,2025-07-15 11:38:21+00:00,2025-07-15 11:38:21+00:00,2025-07-15 11:38:21+00:00,2025-07-16 16:00:00+00:00,0.0,2025-07-16,2025,REG,CHI,ATL,1.065217391304348,True,,0.4663164946059025,401736252,3142250,20,19,0,True,False,matched,8.0,2025-07-16,under,0.1475928846920891,1.7692307692307692,-1.0,1.0,False,False,False
2288,b7fb9bd4ce4fcb4e41e8351c6af0a222,55,Veronica Burton,veronicaburton,GSV,assists,5.5,-120.0,-110.0,24,24,2025-07-15 11:41:14+00:00,2025-07-15 11:41:14+00:00,2025-07-15 11:41:14+00:00,2025-07-16 19:00:00+00:00,0.0,2025-07-16,2025,REG,SEA,GSV,1.0692640692640691,True,,0.5112040114787568,401736254,4398935,129689,14,0,True,False,matched,4.0,2025-07-16,under,0.2094284216347272,1.9090909090909092,0.9090909090909092,1.0,False,False,False
2287,1da93045df2c7a9b43fda9df5963656b,125,Kayla McBride,kaylamcbride,MIN,assists,3.5,100.0,-130.0,24,24,2025-07-15 11:41:15+00:00,2025-07-15 11:41:15+00:00,2025-07-15 11:41:15+00:00,2025-07-16 17:00:00+00:00,0.0,2025-07-16,2025,REG,MIN,PHX,1.065217391304348,True,,0.4663164946059025,401736253,2529205,8,11,1,True,False,matched,5.0,2025-07-16,under,0.222590438175282,1.7692307692307692,-1.0,1.0,False,False,False
2287,87575c6b0db75a4feb087fe574d2da96,112,Napheesa Collier,napheesacollier,MIN,assists,3.5,-140.0,110.0,24,24,2025-07-15 11:41:15+00:00,2025-07-15 11:41:15+00:00,2025-07-15 11:41:15+00:00,2025-07-16 17:00:00+00:00,0.0,2025-07-16,2025,REG,MIN,PHX,1.0595238095238093,True,,0.555167954788897,401736253,3917450,8,11,1,True,False,matched,0.0,2025-07-16,under,0.16636496585585642,2.1,1.1,1.0,False,False,False
2287,0defd723977abe763612d0f0a2ff0a40,117,Courtney Williams,courtneywilliams,MIN,assists,6.5,-125.0,-105.0,24,24,2025-07-15 11:41:15+00:00,2025-07-15 11:41:15+00:00,2025-07-15 11:41:15+00:00,2025-07-16 17:00:00+00:00,0.0,2025-07-16,2025,REG,MIN,PHX,1.067750677506775,True,,0.5224258196571001,401736253,2987891,8,11,1,True,False,matched,5.0,2025-07-16,under,0.14461056126713923,1.9523809523809523,0.9523809523809523,1.0,False,False,False
2287,9b56da330dc8314a39de7202ce26fe4f,121,Alanna Smith,alannasmith,DAL,threes,1.5,160.0,-200.0,24,24,2025-07-15 11:41:15+00:00,2025-07-15 11:41:15+00:00,2025-07-15 11:41:15+00:00,2025-07-16 17:00:00+00:00,0.0,2025-07-16,2025,REG,MIN,PHX,1.051282051282051,True,,0.35535006246594214,401736253,3913881,8,11,1,True,False,matched,3.0,2025-07-16,under,0.10238723959842638,1.5,-1.0,1.0,False,False,False
2290,984861f2dcb7a147680ec5ba2c572682,107,Chelsea Gray,chelseagray,LVA,assists,4.5,-145.0,115.0,24,24,2025-07-15 11:46:59+00:00,2025-07-15 11:46:59+00:00,2025-07-15 11:46:59+00:00,2025-07-17 00:00:00+00:00,0.0,2025-07-16,2025,REG,DAL,LVA,1.056953013763645,True,,0.5651598000470045,401736256,2529122,17,3,0,True,False,matched,7.0,2025-07-16,under,0.14504060747520026,2.15,-1.0,1.0,False,False,False
2290,905a2a9874b24e18f0ba7e6f305511c4,166,Jewell Loyd,jewellloyd,LVA,threes,1.5,-170.0,140.0,24,24,2025-07-15 11:46:59+00:00,2025-07-15 11:46:59+00:00,2025-07-15 11:46:59+00:00,2025-07-17 00:00:00+00:00,0.0,2025-07-16,2025,REG,DAL,LVA,1.0462962962962963,True,,0.6089052871532034,401736256,2987869,17,3,0,True,False,matched,1.0,2025-07-16,under,0.14498762299626766,2.4,1.4,1.0,False,False,False
2290,42ed3d4510c02791cf3953a30f3cd669,103,A'ja Wilson,ajawilson,LVA,assists,3.5,140.0,-170.0,24,24,2025-07-15 11:46:59+00:00,2025-07-15 11:46:59+00:00,2025-07-15 11:46:59+00:00,2025-07-17 00:00:00+00:00,0.0,2025-07-16,2025,REG,DAL,LVA,1.0462962962962963,True,,0.3910947128467968,401736256,3149391,17,3,0,True,False,matched,2.0,2025-07-16,under,0.10844543044885524,1.5882352941176472,0.5882352941176472,1.0,False,False,False
2284,54647065d44cdda35cdf95e46d842e90,274,Bria Hartley,briahartley,FA,points,10.5,-115.0,-113.0,10,10,2025-07-15 17:10:42+00:00,2025-07-15 17:10:42+00:00,2025-07-15 17:10:42+00:00,2025-07-16 00:00:00+00:00,0.0,2025-07-15,2025,REG,CON,IND,1.0654001528551151,True,,0.5022557674006809,401736250,2529185,18,5,1,True,False,matched,11.0,2025-07-15,under,0.2092903438733158,1.8849557522123894,-1.0,1.0,False,False,False
2286,f37f425d57fc17bf6b3fc53205b1d780,1,Allisha Gray,allishagray,ATL,points,19.5,100.0,-130.0,10,10,2025-07-15 18:13:39+00:00,2025-07-15 18:13:39+00:00,2025-07-15 18:13:39+00:00,2025-07-16 16:00:00+00:00,0.0,2025-07-16,2025,REG,CHI,ATL,1.065217391304348,True,,0.4663164946059025,401736252,3058901,20,19,0,True,False,matched,14.0,2025-07-16,under,0.17213866471383316,1.7692307692307692,0.7692307692307692,1.0,False,False,False
2286,b22d5786e5e25846cfb7cb037fe408d2,49,Brionna Jones,brionnajones,ATL,points,14.5,-102.0,-128.0,10,10,2025-07-15 18:13:40+00:00,2025-07-15 18:13:40+00:00,2025-07-15 18:13:40+00:00,2025-07-16 16:00:00+00:00,0.0,2025-07-16,2025,REG,CHI,ATL,1.0663540038214347,True,,0.47082505196940394,401736252,3058895,20,19,0,True,False,matched,14.0,2025-07-16,under,0.16386206295591915,1.78125,0.78125,1.0,False,False,False
2286,d48b9f847cab17d2d9114b2f5b970c6a,148,Brittney Griner,brittneygriner,CON,rebounds,5.5,122.0,-162.0,10,10,2025-07-15 18:17:36+00:00,2025-07-15 18:17:36+00:00,2025-07-15 18:17:36+00:00,2025-07-16 16:00:00+00:00,0.0,2025-07-16,2025,REG,CHI,ATL,1.0687710611374732,True,,0.41310819110441305,401736252,2490553,20,19,0,True,False,matched,5.0,2025-07-16,over,0.10342371743840728,2.2199999999999998,-1.0,1.0,False,False,False
2288,f289af74bea0fd0d11b8e8987b720de9,180,Nneka Ogwumike,nnekaogwumike,LAS,points,15.5,-130.0,100.0,10,10,2025-07-15 21:38:25+00:00,2025-07-15 21:38:25+00:00,2025-07-15 21:38:25+00:00,2025-07-16 19:00:00+00:00,0.0,2025-07-16,2025,REG,SEA,GSV,1.065217391304348,True,,0.5336835053940976,401736254,1068,14,129689,1,True,False,matched,22.0,2025-07-16,under,0.11174053825855346,2.0,-1.0,1.0,False,False,False
2288,8d73ba031436a36e924858454095d95a,139,Kayla Thornton,kaylathornton,GSV,rebounds,6.5,-154.0,116.0,10,10,2025-07-15 21:43:07+00:00,2025-07-15 21:43:07+00:00,2025-07-15 21:43:07+00:00,2025-07-16 19:00:00+00:00,0.0,2025-07-16,2025,REG,SEA,GSV,1.0692621755613883,True,,0.574207987656796,401736254,2529622,129689,14,0,True,False,matched,4.0,2025-07-16,under,0.2969417553692534,2.16,1.1600000000000001,1.0,False,False,False
2288,18698b5dfd10833f2b26b77db2ae408e,221,Tiffany Hayes,tiffanyhayes,GSV,points,12.5,-122.0,-106.0,10,10,2025-07-15 21:43:08+00:00,2025-07-15 21:43:08+00:00,2025-07-15 21:43:08+00:00,2025-07-16 19:00:00+00:00,0.0,2025-07-16,2025,REG,SEA,GSV,1.064112656345666,True,,0.518058368553134,401736254,1054,129689,14,0,True,False,matched,3.0,2025-07-16,under,0.1256804349044922,1.9433962264150944,0.9433962264150944,1.0,False,False,False
2288,b4a32200d63aa531ad9c11f7f0dc4175,176,Ezi Magbegor,ezimagbegor,SEA,points,12.5,-105.0,-125.0,12,12,2025-07-15 21:49:21+00:00,2025-07-15 21:49:21+00:00,2025-07-15 21:49:21+00:00,2025-07-16 19:00:00+00:00,0.0,2025-07-16,2025,REG,SEA,GSV,1.067750677506775,True,,0.47757418034290006,401736254,4420318,14,129689,1,True,False,matched,3.0,2025-07-16,under,0.26705422853069377,1.8,0.8,1.0,False,False,False
2288,59ace73413ea9fa7e00cc0a8e67cc502,66,Erica Wheeler,ericawheeler,LAS,points,10.5,-115.0,-115.0,12,12,2025-07-15 21:49:21+00:00,2025-07-15 21:49:21+00:00,2025-07-15 21:49:21+00:00,2025-07-16 19:00:00+00:00,0.0,2025-07-16,2025,REG,SEA,GSV,1.0697674418604652,True,,0.5,401736254,2491214,14,129689,1,True,False,matched,15.0,2025-07-16,under,0.21144212236517046,1.8695652173913042,-1.0,1.0,False,False,False
2288,71d6163a32fb1e35cfe74887cc2f3d85,537,Janelle Salaun,janellesalaun,GSV,points,11.5,-115.0,-115.0,12,12,2025-07-15 21:55:32+00:00,2025-07-15 21:55:32+00:00,2025-07-15 21:55:32+00:00,2025-07-16 19:00:00+00:00,0.0,2025-07-16,2025,REG,SEA,GSV,1.0697674418604652,True,,0.5,401736254,4790264,129689,14,0,True,False,matched,10.0,2025-07-16,under,0.3764744342503185,1.8695652173913042,0.8695652173913042,1.0,False,False,False
2287,84a35cc79c71dd0b6cc4ff16cb2540bc,177,Sami Whitcomb,samiwhitcomb,PHO,points,12.5,-110.0,-120.0,19,19,2025-07-16 03:02:29+00:00,2025-07-16 03:02:29+00:00,2025-07-16 03:02:29+00:00,2025-07-16 17:00:00+00:00,0.0,2025-07-16,2025,REG,MIN,PHX,1.0692640692640691,True,,0.4887959885212434,401736253,887,11,8,0,True,False,matched,9.0,2025-07-16,under,0.2841460507931798,1.8333333333333335,0.8333333333333335,1.0,False,False,False
2290,37a510854cd068ca38822a136e62ca38,95,Li Yueru,liyueru,DAL,rebounds,6.5,-115.0,-115.0,19,19,2025-07-16 03:11:10+00:00,2025-07-16 03:11:10+00:00,2025-07-16 03:11:10+00:00,2025-07-17 00:00:00+00:00,0.0,2025-07-16,2025,REG,DAL,LVA,1.0697674418604652,True,,0.5,401736256,4336633,3,17,1,True,False,matched,8.0,2025-07-16,under,0.2208951249110046,1.8695652173913042,-1.0,1.0,False,False,False
2287,f0ab81dbd7111ae7f8708a22f72b00eb,40,Alyssa Thomas,alyssathomas,PHO,rebounds,8.5,118.0,-158.0,10,10,2025-07-16 03:54:36+00:00,2025-07-16 03:54:36+00:00,2025-07-16 03:54:36+00:00,2025-07-16 17:00:00+00:00,0.0,2025-07-16,2025,REG,MIN,PHX,1.0711186971054691,True,,0.42034729080094674,401736253,2529140,11,8,0,True,False,matched,5.0,2025-07-16,under,0.10669057457575426,1.6329113924050633,0.6329113924050633,1.0,False,False,False
2289,4fd844fa1e3695972e84fb434c2704db,88,Aari McDonald,aarimcdonald,FA,points,9.5,-114.0,-114.0,10,10,2025-07-16 07:29:43+00:00,2025-07-16 07:29:43+00:00,2025-07-16 07:29:43+00:00,2025-07-16 23:30:00+00:00,0.0,2025-07-16,2025,REG,NYL,IND,1.0654205607476634,True,,0.5000000000000001,401736255,4066553,5,9,0,True,False,matched,10.0,2025-07-16,under,0.23670609378978774,1.8771929824561404,-1.0,1.0,False,False,False
2289,13d878f83f12f970ef5409195aa87f43,137,Breanna Stewart,breannastewart,NYL,points,19.5,-110.0,-118.0,10,10,2025-07-16 07:29:43+00:00,2025-07-16 07:29:43+00:00,2025-07-16 07:29:43+00:00,2025-07-16 23:30:00+00:00,0.0,2025-07-16,2025,REG,NYL,IND,1.0650939274792486,True,,0.4909754767731684,401736255,2998928,9,5,1,True,False,matched,24.0,2025-07-16,under,0.10812596041262756,1.847457627118644,-1.0,1.0,False,False,False
2289,1bfc4a224d7c4ebf36e059718a133376,132,Sabrina Ionescu,sabrinaionescu,NYL,points,18.5,-120.0,-108.0,10,10,2025-07-16 07:29:44+00:00,2025-07-16 07:29:44+00:00,2025-07-16 07:29:44+00:00,2025-07-16 23:30:00+00:00,0.0,2025-07-16,2025,REG,NYL,IND,1.0646853146853146,True,,0.5135396953663074,401736255,4066533,9,5,1,True,False,matched,15.0,2025-07-16,under,0.15899713326478437,1.925925925925926,0.925925925925926,1.0,False,False,False
2289,a80339a293aeec7347f4fd3fec02a7f1,163,Natasha Cloud,natashacloud,CHI,assists,5.5,118.0,-158.0,10,10,2025-07-16 07:29:44+00:00,2025-07-16 07:29:44+00:00,2025-07-16 07:29:44+00:00,2025-07-16 23:30:00+00:00,0.0,2025-07-16,2025,REG,NYL,IND,1.0711186971054691,True,,0.42034729080094674,401736255,2529137,9,5,1,True,False,matched,3.0,2025-07-16,over,0.15069793834566741,2.1799999999999997,-1.0,1.0,False,False,False
2289,6b5243b1ca32bf1f0b7d3fac820d9b50,70,Kelsey Mitchell,kelseymitchell,IND,assists,2.5,-150.0,120.0,24,24,2025-07-16 09:52:42+00:00,2025-07-16 09:52:42+00:00,2025-07-16 09:52:42+00:00,2025-07-16 23:30:00+00:00,0.0,2025-07-16,2025,REG,NYL,IND,1.0545454545454547,True,,0.5746986093321318,401736255,3142191,5,9,0,True,False,matched,0.0,2025-07-16,under,0.17513840233691336,2.2,1.2000000000000002,1.0,False,False,False
2290,eba217ed5cb3744de1f3914af1814ff8,63,Arike Ogunbowale,arikeogunbowale,DAL,rebounds,3.5,-105.0,-140.0,49,49,2025-07-16 15:56:02+00:00,2025-07-16 15:56:02+00:00,2025-07-16 15:56:02+00:00,2025-07-17 00:00:00+00:00,0.0,2025-07-16,2025,REG,DAL,LVA,1.0955284552845528,True,,0.4626083554157797,401736256,3904577,3,17,1,True,False,matched,1.0,2025-07-16,under,0.2285685769795373,1.7142857142857144,0.7142857142857144,1.0,False,False,False
2290,f80538d31675c22f41154288e0f263c9,530,JJ Quinerly,jjquinerly,FA,points,11.5,-114.0,-114.0,10,10,2025-07-16 22:28:28+00:00,2025-07-16 22:28:28+00:00,2025-07-16 22:28:28+00:00,2025-07-17 00:00:00+00:00,0.0,2025-07-16,2025,REG,DAL,LVA,1.0654205607476634,True,,0.5000000000000001,401736256,4434015,3,17,1,True,False,matched,17.0,2025-07-16,under,0.2550634465781745,1.8771929824561404,-1.0,1.0,False,False,False
2289,e780e26bd901c423b9de4adb47e95bf2,131,Nyara Sabally,nyarasabally,TOR,points,7.5,104.0,-135.0,10,10,2025-07-16 23:18:31+00:00,2025-07-16 23:18:31+00:00,2025-07-16 23:18:31+00:00,2025-07-16 23:30:00+00:00,0.0,2025-07-16,2025,REG,NYL,IND,1.0646641635377556,True,,0.45648742045938223,401736255,4398768,9,5,1,True,False,matched,2.0,2025-07-16,under,0.2593692552577986,1.7407407407407407,0.7407407407407407,1.0,False,False,False
2291,a61d1ed74a01971b305e4dc096f0a6fd,196,Shakira Austin,shakiraaustin,WAS,points,14.5,-128.0,-102.0,10,10,2025-07-20 15:31:00+00:00,2025-07-20 15:31:00+00:00,2025-07-20 15:31:00+00:00,2025-07-22 23:30:00+00:00,0.0,2025-07-22,2025,REG,WAS,LAS,1.0663540038214347,True,,0.5291749480305961,401736257,4398911,16,6,1,True,False,matched,17.0,2025-07-22,under,0.2031255544692177,1.9803921568627452,-1.0,1.0,False,False,False
2293,81345d18592d428918b16c1a6624ff25,36,Rachel Banham,rachelbanham,CHI,points,11.5,-122.0,-106.0,10,10,2025-07-20 16:13:07+00:00,2025-07-20 16:13:07+00:00,2025-07-20 16:13:07+00:00,2025-07-23 00:00:00+00:00,0.0,2025-07-22,2025,REG,MIN,CHI,1.064112656345666,True,,0.518058368553134,401736259,2566186,19,8,0,True,False,matched,8.0,2025-07-22,under,0.40911230462301607,1.9433962264150944,0.9433962264150944,1.0,False,False,False
2293,af20e8dd1762f48483d31593deb18065,185,Ariel Atkins,arielatkins,LAS,threes,1.5,-114.0,-114.0,10,10,2025-07-20 16:13:07+00:00,2025-07-20 16:13:07+00:00,2025-07-20 16:13:07+00:00,2025-07-23 00:00:00+00:00,0.0,2025-07-22,2025,REG,MIN,CHI,1.0654205607476634,True,,0.5000000000000001,401736259,3146151,19,8,0,True,True,did_not_play,,2025-07-22,under,0.20860014509398395,1.8771929824561404,0.0,0.0,False,True,False
2293,ec805df4600cf0762ae369859239d1ad,30,Kamilla Cardoso,kamillacardoso,CHI,rebounds,8.5,-114.0,-114.0,10,10,2025-07-20 16:13:07+00:00,2025-07-20 16:13:07+00:00,2025-07-20 16:13:07+00:00,2025-07-23 00:00:00+00:00,0.0,2025-07-22,2025,REG,MIN,CHI,1.0654205607476634,True,,0.5000000000000001,401736259,4433405,19,8,0,True,False,matched,10.0,2025-07-22,under,0.19993502033356886,1.8771929824561404,-1.0,1.0,False,False,False
2293,23f93585f9c206a813998efc1561938c,117,Courtney Williams,courtneywilliams,MIN,points,14.5,-128.0,-102.0,10,10,2025-07-20 16:13:07+00:00,2025-07-20 16:13:07+00:00,2025-07-20 16:13:07+00:00,2025-07-23 00:00:00+00:00,0.0,2025-07-22,2025,REG,MIN,CHI,1.0663540038214347,True,,0.5291749480305961,401736259,2987891,8,19,1,True,False,matched,10.0,2025-07-22,under,0.13649015982963214,1.9803921568627452,0.9803921568627452,1.0,False,False,False
2293,484aeabb5cfeb7d3abcbd8653f58ecab,26,Angel Reese,angelreese,ATL,points,14.5,-125.0,-104.0,10,10,2025-07-20 16:13:07+00:00,2025-07-20 16:13:07+00:00,2025-07-20 16:13:07+00:00,2025-07-23 00:00:00+00:00,0.0,2025-07-22,2025,REG,MIN,CHI,1.065359477124183,True,,0.5236312520088393,401736259,4433402,19,8,0,True,False,matched,11.0,2025-07-22,under,0.11973114811286523,1.9615384615384617,0.9615384615384617,1.0,False,False,False
2293,8e5e276644d3f7555d696b86474177e7,121,Alanna Smith,alannasmith,DAL,points,8.5,-130.0,100.0,10,10,2025-07-20 16:13:07+00:00,2025-07-20 16:13:07+00:00,2025-07-20 16:13:07+00:00,2025-07-23 00:00:00+00:00,0.0,2025-07-22,2025,REG,MIN,CHI,1.065217391304348,True,,0.5336835053940976,401736259,3913881,8,19,1,True,False,matched,10.0,2025-07-22,under,0.11390126243745474,2.0,-1.0,1.0,False,False,False
2292,2448e6e6069acf63ae2626920ee39375,88,Aari McDonald,aarimcdonald,FA,points,9.5,-108.0,-120.0,10,10,2025-07-20 17:45:17+00:00,2025-07-20 17:45:17+00:00,2025-07-20 17:45:17+00:00,2025-07-23 00:00:00+00:00,0.0,2025-07-22,2025,REG,NYL,IND,1.0646853146853146,True,,0.48646030463369283,401736258,4066553,5,9,0,True,False,matched,5.0,2025-07-22,under,0.25881859150381087,1.8333333333333335,0.8333333333333335,1.0,False,False,False
2292,8db987fb62aa47e1fcf3de586d82cde2,137,Breanna Stewart,breannastewart,NYL,points,19.5,-128.0,-102.0,10,10,2025-07-20 17:45:17+00:00,2025-07-20 17:45:17+00:00,2025-07-20 17:45:17+00:00,2025-07-23 00:00:00+00:00,0.0,2025-07-22,2025,REG,NYL,IND,1.0663540038214347,True,,0.5291749480305961,401736258,2998928,9,5,1,True,False,matched,17.0,2025-07-22,under,0.15192463399890704,1.9803921568627452,0.9803921568627452,1.0,False,False,False
2292,1b9883bdd5aa40eb514456c2d7ea48c2,70,Kelsey Mitchell,kelseymitchell,IND,threes,2.5,110.0,-146.0,10,10,2025-07-20 17:45:18+00:00,2025-07-20 17:45:18+00:00,2025-07-20 17:45:18+00:00,2025-07-23 00:00:00+00:00,0.0,2025-07-22,2025,REG,NYL,IND,1.0696864111498257,True,,0.4392579960949788,401736258,3142191,5,9,0,True,False,matched,3.0,2025-07-22,under,0.11806557926875322,1.6849315068493151,-1.0,1.0,False,False,False
2292,24598889f6995ba34587919a8d3c5ff0,56,Natasha Howard,natashahoward,MIN,points,12.5,-102.0,-128.0,10,10,2025-07-20 17:45:18+00:00,2025-07-20 17:45:18+00:00,2025-07-20 17:45:18+00:00,2025-07-23 00:00:00+00:00,0.0,2025-07-22,2025,REG,NYL,IND,1.0663540038214347,True,,0.47082505196940394,401736258,2529130,5,9,0,True,False,matched,13.0,2025-07-22,under,0.10346479738776332,1.78125,-1.0,1.0,False,False,False
2294,017b36a85c775cd4382625e715e906c3,95,Li Yueru,liyueru,DAL,rebounds,6.5,100.0,-132.0,10,10,2025-07-20 18:27:51+00:00,2025-07-20 18:27:51+00:00,2025-07-20 18:27:51+00:00,2025-07-23 02:00:00+00:00,0.0,2025-07-22,2025,REG,SEA,DAL,1.0689655172413794,True,,0.46430627616618364,401736261,4336633,3,14,0,True,False,matched,10.0,2025-07-22,under,0.14028921709883496,1.7575757575757576,-1.0,1.0,False,False,False
2294,7e5cbe2589f8262723c2ae643f417522,208,Gabby Williams,gabbywilliams,GSV,points,12.5,-120.0,-108.0,10,10,2025-07-20 18:27:51+00:00,2025-07-20 18:27:51+00:00,2025-07-20 18:27:51+00:00,2025-07-23 02:00:00+00:00,0.0,2025-07-22,2025,REG,SEA,DAL,1.0646853146853146,True,,0.5135396953663074,401736261,3142328,14,3,1,True,False,matched,14.0,2025-07-22,under,0.10130020989160698,1.925925925925926,-1.0,1.0,False,False,False
2295,033766ea9bb3f47ddaaf15b7db90da1c,1,Allisha Gray,allishagray,ATL,assists,3.5,-168.0,126.0,10,10,2025-07-20 19:01:10+00:00,2025-07-20 19:01:10+00:00,2025-07-20 19:01:10+00:00,2025-07-23 02:00:00+00:00,0.0,2025-07-22,2025,REG,LVA,ATL,1.0693435477479856,True,,0.5954775535118485,401736260,3058901,20,17,0,True,False,matched,2.0,2025-07-22,under,0.2395358115349689,2.26,1.2599999999999998,1.0,False,False,False
2295,a85a9d3d181febb8459b47388105b628,2,Jordin Canada,jordincanada,ATL,points,12.5,-113.0,-115.0,10,10,2025-07-20 19:01:10+00:00,2025-07-20 19:01:10+00:00,2025-07-20 19:01:10+00:00,2025-07-23 02:00:00+00:00,0.0,2025-07-22,2025,REG,LVA,ATL,1.0654001528551151,True,,0.49774423259931944,401736260,3142250,20,17,0,True,False,matched,12.0,2025-07-22,under,0.1981892369358168,1.8695652173913042,0.8695652173913042,1.0,False,False,False
2295,1e13468298e95e2813492c56742a3f00,49,Brionna Jones,brionnajones,ATL,points,14.5,104.0,-135.0,10,10,2025-07-20 19:01:10+00:00,2025-07-20 19:01:10+00:00,2025-07-20 19:01:10+00:00,2025-07-23 02:00:00+00:00,0.0,2025-07-22,2025,REG,LVA,ATL,1.0646641635377556,True,,0.45648742045938223,401736260,3058895,20,17,0,True,False,matched,7.0,2025-07-22,under,0.1753630163656663,1.7407407407407407,0.7407407407407407,1.0,False,False,False
2295,aeb1615bab9bbbfe343192e54369df6c,166,Jewell Loyd,jewellloyd,LVA,points,13.5,-118.0,-110.0,10,10,2025-07-20 19:05:15+00:00,2025-07-20 19:05:15+00:00,2025-07-20 19:05:15+00:00,2025-07-23 02:00:00+00:00,0.0,2025-07-22,2025,REG,LVA,ATL,1.0650939274792486,True,,0.5090245232268319,401736260,2987869,17,20,1,True,False,matched,7.0,2025-07-22,under,0.1871423569179893,1.9090909090909092,0.9090909090909092,1.0,False,False,False
2295,3a804171bb4624e62b2197df17c33b45,103,A'ja Wilson,ajawilson,LVA,points,23.5,-110.0,-118.0,10,10,2025-07-20 19:05:15+00:00,2025-07-20 19:05:15+00:00,2025-07-20 19:05:15+00:00,2025-07-23 02:00:00+00:00,0.0,2025-07-22,2025,REG,LVA,ATL,1.0650939274792486,True,,0.4909754767731684,401736260,3149391,17,20,1,True,False,matched,24.0,2025-07-22,under,0.11770914927099596,1.847457627118644,-1.0,1.0,False,False,False
2293,9ecd82e1261bf0ec7f5d6bdf3aba8b96,33,Elizabeth Williams,elizabethwilliams,CHI,points,9.5,-114.0,-114.0,10,10,2025-07-22 10:43:20+00:00,2025-07-22 10:43:20+00:00,2025-07-22 10:43:20+00:00,2025-07-23 00:00:00+00:00,0.0,2025-07-22,2025,REG,MIN,CHI,1.0654205607476634,True,,0.5000000000000001,401736259,2566081,19,8,0,True,False,matched,4.0,2025-07-22,under,0.2626160134572008,1.8771929824561404,0.8771929824561404,1.0,False,False,False
2294,02264c2fdbe281a68c1355945b9bae98,180,Nneka Ogwumike,nnekaogwumike,LAS,assists,2.5,-112.0,-118.0,10,10,2025-07-23 01:21:30+00:00,2025-07-23 01:21:30+00:00,2025-07-23 01:21:30+00:00,2025-07-23 02:00:00+00:00,0.0,2025-07-22,2025,REG,SEA,DAL,1.0695862904621776,True,,0.49327872882454105,401736261,1068,14,3,1,True,False,matched,0.0,2025-07-22,under,0.14741918618006405,1.847457627118644,0.847457627118644,1.0,False,False,False
2294,416937c931b8dab0d7b35a1adb4bc66c,530,JJ Quinerly,jjquinerly,FA,points,13.5,-113.0,-115.0,10,10,2025-07-23 01:34:15+00:00,2025-07-23 01:34:15+00:00,2025-07-23 01:34:15+00:00,2025-07-23 02:00:00+00:00,0.0,2025-07-22,2025,REG,SEA,DAL,1.0654001528551151,True,,0.49774423259931944,401736261,4434015,3,14,0,True,False,matched,9.0,2025-07-22,under,0.39962612640193684,1.8695652173913042,0.8695652173913042,1.0,False,False,False
2296,662d1920be5896a3a76463e8fc090aef,155,Kahleah Copper,kahleahcopper,PHO,rebounds,3.5,116.0,-154.0,10,10,2025-07-23 05:43:27+00:00,2025-07-23 05:43:27+00:00,2025-07-23 05:43:27+00:00,2025-07-24 02:00:00+00:00,0.0,2025-07-23,2025,REG,PHX,ATL,1.0692621755613883,True,,0.425792012343204,401736262,2998938,11,20,1,True,False,matched,1.0,2025-07-23,over,0.1492652410413446,2.16,-1.0,1.0,False,False,False
2296,3cdf17e99d3c9bfe392f8dc6032b96d7,40,Alyssa Thomas,alyssathomas,PHO,points,14.5,-102.0,-128.0,10,10,2025-07-23 05:43:27+00:00,2025-07-23 05:43:27+00:00,2025-07-23 05:43:27+00:00,2025-07-24 02:00:00+00:00,0.0,2025-07-23,2025,REG,PHX,ATL,1.0663540038214347,True,,0.47082505196940394,401736262,2529140,11,20,1,True,False,matched,7.0,2025-07-23,under,0.12688113713202626,1.78125,0.78125,1.0,False,False,False
2296,825009d049abdbe5961533dffc9dad08,1,Allisha Gray,allishagray,ATL,rebounds,6.5,116.0,-154.0,10,10,2025-07-23 05:43:27+00:00,2025-07-23 05:43:27+00:00,2025-07-23 05:43:27+00:00,2025-07-24 02:00:00+00:00,0.0,2025-07-23,2025,REG,PHX,ATL,1.0692621755613883,True,,0.425792012343204,401736262,3058901,20,11,0,True,False,matched,7.0,2025-07-23,under,0.1104307728554037,1.6493506493506493,-1.0,1.0,False,False,False
2296,7ae382e0e612d06b1c23264a94dad212,2,Jordin Canada,jordincanada,ATL,assists,6.5,-130.0,-102.0,10,10,2025-07-23 05:43:28+00:00,2025-07-23 05:43:28+00:00,2025-07-23 05:43:28+00:00,2025-07-24 02:00:00+00:00,0.0,2025-07-23,2025,REG,PHX,ATL,1.0701678863538528,True,,0.5312123494364493,401736262,3142250,20,11,0,True,False,matched,6.0,2025-07-23,under,0.25232401868121856,1.9803921568627452,0.9803921568627452,1.0,False,False,False
2296,56a7560daa3d46b28c9dcfbc65904cf2,49,Brionna Jones,brionnajones,ATL,points,13.5,100.0,-130.0,10,10,2025-07-23 05:43:28+00:00,2025-07-23 05:43:28+00:00,2025-07-23 05:43:28+00:00,2025-07-24 02:00:00+00:00,0.0,2025-07-23,2025,REG,PHX,ATL,1.065217391304348,True,,0.4663164946059025,401736262,3058895,20,11,0,True,False,matched,8.0,2025-07-23,under,0.13349671640060806,1.7692307692307692,0.7692307692307692,1.0,False,False,False
2296,bf76920384e67ec7e67674ab7cf1729b,54,Satou Sabally,satousabally,NYL,points,17.5,-122.0,-106.0,10,10,2025-07-23 05:43:29+00:00,2025-07-23 05:43:29+00:00,2025-07-23 05:43:29+00:00,2025-07-24 02:00:00+00:00,0.0,2025-07-23,2025,REG,PHX,ATL,1.064112656345666,True,,0.518058368553134,401736262,4281929,11,20,1,True,False,matched,13.0,2025-07-23,under,0.13450126743817348,1.9433962264150944,0.9433962264150944,1.0,False,False,False
2302,a5c0b65561d0519d9f7e14297a736154,528,Paige Bueckers,paigebueckers,DAL,rebounds,3.5,-158.0,118.0,10,10,2025-07-23 15:46:13+00:00,2025-07-23 15:46:13+00:00,2025-07-23 15:46:13+00:00,2025-07-26 02:00:00+00:00,0.0,2025-07-25,2025,REG,GSV,DAL,1.0711186971054691,True,,0.5796527091990534,401736268,4433730,3,129689,0,True,False,matched,1.0,2025-07-25,under,0.14048481699719706,2.1799999999999997,1.1799999999999997,1.0,False,False,False
2297,723dd803111c27813abf00fc5bc02105,103,A'ja Wilson,ajawilson,LVA,rebounds,9.5,-144.0,108.0,10,10,2025-07-23 17:01:02+00:00,2025-07-23 17:01:02+00:00,2025-07-23 17:01:02+00:00,2025-07-24 23:00:00+00:00,0.0,2025-07-24,2025,REG,IND,LVA,1.0709331651954601,True,,0.5566845205396996,401736264,3149391,17,5,0,True,False,matched,6.0,2025-07-24,under,0.17450971390200992,2.08,1.08,1.0,False,False,False
2297,ba53da68595d1fe917bc32e30b7cd37f,70,Kelsey Mitchell,kelseymitchell,IND,threes,2.5,-114.0,-114.0,10,10,2025-07-23 19:22:33+00:00,2025-07-23 19:22:33+00:00,2025-07-23 19:22:33+00:00,2025-07-24 23:00:00+00:00,0.0,2025-07-24,2025,REG,IND,LVA,1.0654205607476634,True,,0.5000000000000001,401736264,3142191,5,17,1,True,False,matched,3.0,2025-07-24,under,0.19145472181213974,1.8771929824561404,-1.0,1.0,False,False,False
2298,3049948ba20b1d7b124214cd840dbef5,9,Tina Charles,tinacharles,FA,rebounds,6.5,124.0,-166.0,10,10,2025-07-23 19:45:08+00:00,2025-07-23 19:45:08+00:00,2025-07-23 19:45:08+00:00,2025-07-24 23:00:00+00:00,0.0,2025-07-24,2025,REG,CON,LAS,1.0704887218045114,True,,0.40796342297849103,401736263,918,18,6,1,True,False,matched,10.0,2025-07-24,over,0.12458786698972824,2.24,1.2400000000000002,1.0,False,False,False
2298,878b03832bef6f24e751e8c8813bcf61,22,Marina Mabrey,marinamabrey,TOR,threes,1.5,116.0,-154.0,10,10,2025-07-23 19:57:10+00:00,2025-07-23 19:57:10+00:00,2025-07-23 19:57:10+00:00,2025-07-24 23:00:00+00:00,0.0,2025-07-24,2025,REG,CON,LAS,1.0692621755613883,True,,0.425792012343204,401736263,3904576,18,6,1,True,False,matched,2.0,2025-07-24,over,0.34826868909071695,2.16,1.1600000000000001,1.0,False,False,False
2297,e8e72b9d6549dc14b18fedc376a5023b,107,Chelsea Gray,chelseagray,LVA,rebounds,3.5,134.0,-180.0,10,10,2025-07-23 19:57:10+00:00,2025-07-23 19:57:10+00:00,2025-07-23 19:57:10+00:00,2025-07-24 23:00:00+00:00,0.0,2025-07-24,2025,REG,IND,LVA,1.0702075702075702,True,,0.38834080463047865,401736264,2529122,17,5,0,True,False,matched,3.0,2025-07-24,over,0.15932619062040176,2.34,-1.0,1.0,False,False,False
2298,49fbc226b8161a2fd33a2815f920c627,82,Azura Stevens,azurastevens,CHI,threes,1.5,110.0,-146.0,10,10,2025-07-23 20:12:07+00:00,2025-07-23 20:12:07+00:00,2025-07-23 20:12:07+00:00,2025-07-24 23:00:00+00:00,0.0,2025-07-24,2025,REG,CON,LAS,1.0696864111498257,True,,0.4392579960949788,401736263,3142010,6,18,0,True,False,matched,4.0,2025-07-24,over,0.10761271708308612,2.1,1.1,1.0,False,False,False
2299,8cac7d8bf8573608fc587cd17568acc9,66,Erica Wheeler,ericawheeler,LAS,points,11.5,-130.0,100.0,10,10,2025-07-23 20:28:14+00:00,2025-07-23 20:28:14+00:00,2025-07-23 20:28:14+00:00,2025-07-25 00:30:00+00:00,0.0,2025-07-24,2025,REG,CHI,SEA,1.065217391304348,True,,0.5336835053940976,401736265,2491214,14,19,0,True,False,matched,13.0,2025-07-24,under,0.3933200706957756,2.0,-1.0,1.0,False,False,False
2299,ea8c5ad120528fd277c15312a53c5e76,208,Gabby Williams,gabbywilliams,GSV,threes,1.5,-106.0,-125.0,10,10,2025-07-23 20:28:14+00:00,2025-07-23 20:28:14+00:00,2025-07-23 20:28:14+00:00,2025-07-25 00:30:00+00:00,0.0,2025-07-24,2025,REG,CHI,SEA,1.070118662351672,True,,0.4787708928615623,401736265,3142328,14,19,0,True,False,matched,0.0,2025-07-24,under,0.2871293056689363,1.8,0.8,1.0,False,False,False
2299,e8ee220b9ba18b62aaac74fc5e378e5d,176,Ezi Magbegor,ezimagbegor,SEA,rebounds,6.5,-132.0,100.0,10,10,2025-07-23 20:28:14+00:00,2025-07-23 20:28:14+00:00,2025-07-23 20:28:14+00:00,2025-07-25 00:30:00+00:00,0.0,2025-07-24,2025,REG,CHI,SEA,1.0689655172413794,True,,0.5356937238338165,401736265,4420318,14,19,0,True,False,matched,5.0,2025-07-24,under,0.12308978342805699,2.0,1.0,1.0,False,False,False
2299,3a4770787bd105554aaab2e97fb453cc,180,Nneka Ogwumike,nnekaogwumike,LAS,points,18.5,-120.0,-108.0,10,10,2025-07-23 20:28:15+00:00,2025-07-23 20:28:15+00:00,2025-07-23 20:28:15+00:00,2025-07-25 00:30:00+00:00,0.0,2025-07-24,2025,REG,CHI,SEA,1.0646853146853146,True,,0.5135396953663074,401736265,1068,14,19,0,True,False,matched,10.0,2025-07-24,under,0.1922837300936256,1.925925925925926,0.925925925925926,1.0,False,False,False
2299,25adf20f09d58ee6eb6f133d8faa58f3,36,Rachel Banham,rachelbanham,CHI,points,10.5,-115.0,-113.0,10,10,2025-07-23 20:32:47+00:00,2025-07-23 20:32:47+00:00,2025-07-23 20:32:47+00:00,2025-07-25 00:30:00+00:00,0.0,2025-07-24,2025,REG,CHI,SEA,1.0654001528551151,True,,0.5022557674006809,401736265,2566186,19,14,1,True,False,matched,13.0,2025-07-24,under,0.25242924049985566,1.8849557522123894,-1.0,1.0,False,False,False
2297,24d3893cb6f3c8fd732f7e650c0ba483,73,NaLyssa Smith,nalyssasmith,LVA,points,7.5,-118.0,-110.0,10,10,2025-07-24 00:04:01+00:00,2025-07-24 00:04:01+00:00,2025-07-24 00:04:01+00:00,2025-07-24 23:00:00+00:00,0.0,2025-07-24,2025,REG,IND,LVA,1.0650939274792486,True,,0.5090245232268319,401736264,4398776,17,5,0,True,False,matched,10.0,2025-07-24,under,0.13308484393726666,1.9090909090909092,-1.0,1.0,False,False,False
2297,0ccebbef2dfe8b54d5146fd4e83b0ed7,88,Aari McDonald,aarimcdonald,FA,assists,4.5,-152.0,114.0,10,10,2025-07-24 00:04:02+00:00,2025-07-24 00:04:02+00:00,2025-07-24 00:04:02+00:00,2025-07-24 23:00:00+00:00,0.0,2025-07-24,2025,REG,IND,LVA,1.0704643228007713,True,,0.5703965275254933,401736264,4066553,5,17,1,True,False,matched,4.0,2025-07-24,under,0.25033664427976077,2.1399999999999997,1.1399999999999997,1.0,False,False,False
2297,36c524382a02aa9e391479670448f2dd,156,Sophie Cunningham,sophiecunningham,IND,rebounds,4.5,-118.0,-112.0,10,10,2025-07-24 00:04:02+00:00,2025-07-24 00:04:02+00:00,2025-07-24 00:04:02+00:00,2025-07-24 23:00:00+00:00,0.0,2025-07-24,2025,REG,IND,LVA,1.0695862904621776,True,,0.5067212711754592,401736264,3907781,5,17,1,True,False,matched,3.0,2025-07-24,under,0.17066769607127302,1.8928571428571428,0.8928571428571428,1.0,False,False,False
2298,8906a228d0d30216c8ab7623b20b5dde,43,Olivia Nelson-Ododa,olivianelsonododa,CON,points,8.5,-115.0,-125.0,33,33,2025-07-24 00:04:46+00:00,2025-07-24 00:04:46+00:00,2025-07-24 00:04:46+00:00,2025-07-24 23:00:00+00:00,0.0,2025-07-24,2025,REG,CON,LAS,1.0904392764857882,True,,0.489168290835087,401736263,4398966,18,6,1,True,False,matched,17.0,2025-07-24,under,0.19293916512563514,1.8,-1.0,1.0,False,False,False
2298,6bdb976c5218692df03012220648490d,101,Kelsey Plum,kelseyplum,LAS,rebounds,3.5,-120.0,-110.0,10,10,2025-07-24 00:08:36+00:00,2025-07-24 00:08:36+00:00,2025-07-24 00:08:36+00:00,2025-07-24 23:00:00+00:00,0.0,2025-07-24,2025,REG,CON,LAS,1.0692640692640691,True,,0.5112040114787568,401736263,3065570,6,18,0,True,False,matched,2.0,2025-07-24,under,0.18052713713449692,1.9090909090909092,0.9090909090909092,1.0,False,False,False
2302,2a89af0705ae87a38ae817eb71bbedd7,530,JJ Quinerly,jjquinerly,FA,points,12.5,102.0,-132.0,10,10,2025-07-24 00:48:33+00:00,2025-07-24 00:48:33+00:00,2025-07-24 00:48:33+00:00,2025-07-26 02:00:00+00:00,0.0,2025-07-25,2025,REG,GSV,DAL,1.0640150221918745,True,,0.4618487426836327,401736268,4434015,3,129689,0,True,False,matched,3.0,2025-07-25,under,0.2621907354116306,1.7575757575757576,0.7575757575757576,1.0,False,False,False
2302,0e6a3bb47f2f226da11acc29fe91cde9,221,Tiffany Hayes,tiffanyhayes,GSV,assists,3.5,132.0,-178.0,10,10,2025-07-24 00:48:33+00:00,2025-07-24 00:48:33+00:00,2025-07-24 00:48:33+00:00,2025-07-26 02:00:00+00:00,0.0,2025-07-25,2025,REG,GSV,DAL,1.0713222525427932,True,,0.39151484883498083,401736268,1054,129689,3,1,True,False,matched,5.0,2025-07-25,under,0.10233123511520159,1.5617977528089888,-1.0,1.0,False,False,False
2302,2aec357149cd62a2a071aef4bfef3692,55,Veronica Burton,veronicaburton,GSV,assists,5.5,-144.0,108.0,10,10,2025-07-24 00:48:34+00:00,2025-07-24 00:48:34+00:00,2025-07-24 00:48:34+00:00,2025-07-26 02:00:00+00:00,0.0,2025-07-25,2025,REG,GSV,DAL,1.0709331651954601,True,,0.5566845205396996,401736268,4398935,129689,3,1,True,False,matched,3.0,2025-07-25,under,0.2576151039199342,2.08,1.08,1.0,False,False,False
2299,64f55fac1f07bc529e69cecd17f8cdd4,30,Kamilla Cardoso,kamillacardoso,CHI,points,12.5,-130.0,100.0,12,12,2025-07-24 01:05:35+00:00,2025-07-24 01:05:35+00:00,2025-07-24 01:05:35+00:00,2025-07-25 00:30:00+00:00,0.0,2025-07-24,2025,REG,CHI,SEA,1.065217391304348,True,,0.5336835053940976,401736265,4433405,19,14,1,True,False,matched,13.0,2025-07-24,under,0.2668352179845415,2.0,-1.0,1.0,False,False,False
2298,3a4c077848b7fa6e731b2e5efa4dc35a,518,Saniya Rivers,saniyarivers,CON,threes,1.5,210.0,-270.0,24,24,2025-07-24 06:39:13+00:00,2025-07-24 06:39:13+00:00,2025-07-24 06:39:13+00:00,2025-07-24 23:00:00+00:00,0.0,2025-07-24,2025,REG,CON,LAS,1.05231037489102,True,,0.29094669688776803,401736263,4433514,18,6,1,True,False,matched,0.0,2025-07-24,under,0.10253809064867647,1.3703703703703702,0.37037037037037024,1.0,False,False,False
2301,a7bc6dfb45e1c8e026739491a6d2fd6f,132,Sabrina Ionescu,sabrinaionescu,NYL,points,17.5,-128.0,-102.0,10,10,2025-07-24 07:28:07+00:00,2025-07-24 07:28:07+00:00,2025-07-24 07:28:07+00:00,2025-07-25 23:30:00+00:00,0.0,2025-07-25,2025,REG,NYL,PHX,1.0663540038214347,True,,0.5291749480305961,401736266,4066533,9,11,1,True,False,matched,29.0,2025-07-25,under,0.17531771242237065,1.9803921568627452,-1.0,1.0,False,False,False
2301,f32c76a70499037031a57cf997072330,141,Jonquel Jones,jonqueljones,NYL,points,12.5,-114.0,-114.0,10,10,2025-07-24 07:28:07+00:00,2025-07-24 07:28:07+00:00,2025-07-24 07:28:07+00:00,2025-07-25 23:30:00+00:00,0.0,2025-07-25,2025,REG,NYL,PHX,1.0654205607476634,True,,0.5000000000000001,401736266,2999101,9,11,1,True,False,matched,20.0,2025-07-25,under,0.11208767650229101,1.8771929824561404,-1.0,1.0,False,False,False
2301,daa18228179f6006469a2c7fca4bc7af,54,Satou Sabally,satousabally,NYL,rebounds,6.5,-152.0,114.0,10,10,2025-07-24 07:28:08+00:00,2025-07-24 07:28:08+00:00,2025-07-24 07:28:08+00:00,2025-07-25 23:30:00+00:00,0.0,2025-07-25,2025,REG,NYL,PHX,1.0704643228007713,True,,0.5703965275254933,401736266,4281929,11,9,0,True,False,matched,5.0,2025-07-25,under,0.1042747611981582,2.1399999999999997,1.1399999999999997,1.0,False,False,False
2299,1e9e858f66cd887813ef92bff61b4e0f,175,Skylar Diggins,skylardiggins,CHI,threes,1.5,104.0,-138.0,10,10,2025-07-24 18:48:10+00:00,2025-07-24 18:48:10+00:00,2025-07-24 18:48:10+00:00,2025-07-25 00:30:00+00:00,0.0,2025-07-24,2025,REG,CHI,SEA,1.0700280112044818,True,,0.4535791638529251,401736265,2491205,14,19,0,True,False,matched,3.0,2025-07-24,under,0.11405096739632531,1.7246376811594204,-1.0,1.0,False,False,False
2301,bc7cc2dbd709fccbff6cd9fd8c0e712d,147,Leonie Fiebich,leoniefiebich,NYL,threes,1.5,126.0,-166.0,10,10,2025-07-25 02:18:47+00:00,2025-07-25 02:18:47+00:00,2025-07-25 02:18:47+00:00,2025-07-25 23:30:00+00:00,0.0,2025-07-25,2025,REG,NYL,PHX,1.0665380264821347,True,,0.4061242509563762,401736266,4683006,9,11,1,True,False,matched,3.0,2025-07-25,over,0.14811172736294226,2.26,1.2599999999999998,1.0,False,False,False
2301,da01a9ee768f311e4be39d2720cb7114,137,Breanna Stewart,breannastewart,NYL,threes,0.5,-250.0,165.0,33,33,2025-07-25 02:39:45+00:00,2025-07-25 02:39:45+00:00,2025-07-25 02:39:45+00:00,2025-07-25 23:30:00+00:00,0.0,2025-07-25,2025,REG,NYL,PHX,1.091644204851752,True,,0.6769644768626301,401736266,2998928,9,11,1,True,False,matched,0.0,2025-07-25,under,0.4779145805932794,2.65,1.65,1.0,False,False,False
2300,bcc820321881c0548eec70f888ef3718,103,A'ja Wilson,ajawilson,LVA,points,21.5,-122.0,-106.0,10,10,2025-07-25 04:07:42+00:00,2025-07-25 04:07:42+00:00,2025-07-25 04:07:42+00:00,2025-07-25 23:30:00+00:00,0.0,2025-07-25,2025,REG,MIN,LVA,1.064112656345666,True,,0.518058368553134,401736267,3149391,17,8,0,True,False,matched,15.0,2025-07-25,under,0.13136976152429725,1.9433962264150944,0.9433962264150944,1.0,False,False,False
2300,933e9aca3ed1f56bf7c3ca9505d55e1c,117,Courtney Williams,courtneywilliams,MIN,points,13.5,-125.0,-104.0,10,10,2025-07-25 04:07:43+00:00,2025-07-25 04:07:43+00:00,2025-07-25 04:07:43+00:00,2025-07-25 23:30:00+00:00,0.0,2025-07-25,2025,REG,MIN,LVA,1.065359477124183,True,,0.5236312520088393,401736267,2987891,8,17,1,True,False,matched,23.0,2025-07-25,under,0.10322615566711069,1.9615384615384617,-1.0,1.0,False,False,False
2300,a3a921303f587beb69e98ed37b4cef14,112,Napheesa Collier,napheesacollier,MIN,assists,3.5,-110.0,-120.0,10,10,2025-07-25 04:07:44+00:00,2025-07-25 04:07:44+00:00,2025-07-25 04:07:44+00:00,2025-07-25 23:30:00+00:00,0.0,2025-07-25,2025,REG,MIN,LVA,1.0692640692640691,True,,0.4887959885212434,401736267,3917450,8,17,1,True,False,matched,2.0,2025-07-25,under,0.11488572272721326,1.8333333333333335,0.8333333333333335,1.0,False,False,False
2300,c42cc6d57472f55a8e6aab587ba5aab3,121,Alanna Smith,alannasmith,DAL,points,9.5,-102.0,-128.0,10,10,2025-07-25 05:20:04+00:00,2025-07-25 05:20:04+00:00,2025-07-25 05:20:04+00:00,2025-07-25 23:30:00+00:00,0.0,2025-07-25,2025,REG,MIN,LVA,1.0663540038214347,True,,0.47082505196940394,401736267,3913881,8,17,1,True,False,matched,4.0,2025-07-25,under,0.10325932501440904,1.78125,0.78125,1.0,False,False,False
2302,5c0fa509d1e3b4e7290b54e6d7a0ef6a,537,Janelle Salaun,janellesalaun,GSV,points,11.5,-110.0,-118.0,10,10,2025-07-25 06:07:57+00:00,2025-07-25 06:07:57+00:00,2025-07-25 06:07:57+00:00,2025-07-26 02:00:00+00:00,0.0,2025-07-25,2025,REG,GSV,DAL,1.0650939274792486,True,,0.4909754767731684,401736268,4790264,129689,3,1,True,False,matched,16.0,2025-07-25,under,0.2693382152112972,1.847457627118644,-1.0,1.0,False,False,False
2304,8debbe819fb1d79d8b434a1264f8158d,182,Brittney Sykes,brittneysykes,TOR,assists,4.5,-115.0,-115.0,24,24,2025-07-25 15:13:28+00:00,2025-07-25 15:13:28+00:00,2025-07-25 15:13:28+00:00,2025-07-26 23:30:00+00:00,0.0,2025-07-26,2025,REG,WAS,SEA,1.0697674418604652,True,,0.5,401736271,2988756,16,14,1,True,False,matched,5.0,2025-07-26,under,0.15224466624467142,1.8695652173913042,-1.0,1.0,False,False,False
2304,4f2ca2d2f684dfb97d6cddae820316cf,208,Gabby Williams,gabbywilliams,GSV,assists,4.5,-135.0,105.0,24,24,2025-07-25 15:13:28+00:00,2025-07-25 15:13:28+00:00,2025-07-25 15:13:28+00:00,2025-07-26 23:30:00+00:00,0.0,2025-07-26,2025,REG,WAS,SEA,1.0622729631551635,True,,0.5446886059829622,401736271,3142328,14,16,0,True,False,matched,1.0,2025-07-26,under,0.13690329784078292,2.05,1.0499999999999998,1.0,False,False,False
2304,d50a92c67d68ef2e5c03c52e128b615a,573,Sonia Citron,soniacitron,WAS,threes,1.5,-115.0,-115.0,24,24,2025-07-25 15:17:43+00:00,2025-07-25 15:17:43+00:00,2025-07-25 15:17:43+00:00,2025-07-26 23:30:00+00:00,0.0,2025-07-26,2025,REG,WAS,SEA,1.0697674418604652,True,,0.5,401736271,4433524,16,14,1,True,False,matched,0.0,2025-07-26,under,0.12564871222689555,1.8695652173913042,0.8695652173913042,1.0,False,False,False
2304,840c22c59a9e64b7e936cf89e842062f,180,Nneka Ogwumike,nnekaogwumike,LAS,threes,1.5,108.0,-144.0,10,10,2025-07-25 19:27:52+00:00,2025-07-25 19:27:52+00:00,2025-07-25 19:27:52+00:00,2025-07-26 23:30:00+00:00,0.0,2025-07-26,2025,REG,WAS,SEA,1.0709331651954601,True,,0.4433154794603006,401736271,1068,14,16,0,True,False,matched,1.0,2025-07-26,under,0.18361624545997424,1.6944444444444444,0.6944444444444444,1.0,False,False,False
2304,32c044f0a62245541fe41217e33487d0,196,Shakira Austin,shakiraaustin,WAS,rebounds,8.5,116.0,-154.0,10,10,2025-07-25 20:24:00+00:00,2025-07-25 20:24:00+00:00,2025-07-25 20:24:00+00:00,2025-07-26 23:30:00+00:00,0.0,2025-07-26,2025,REG,WAS,SEA,1.0692621755613883,True,,0.425792012343204,401736271,4398911,16,14,1,True,False,matched,11.0,2025-07-26,under,0.13638896839417886,1.6493506493506493,-1.0,1.0,False,False,False
2304,40325a5b57b116e89a926b4a85d32bcd,176,Ezi Magbegor,ezimagbegor,SEA,rebounds,6.5,-130.0,-102.0,10,10,2025-07-26 00:51:03+00:00,2025-07-26 00:51:03+00:00,2025-07-26 00:51:03+00:00,2025-07-26 23:30:00+00:00,0.0,2025-07-26,2025,REG,WAS,SEA,1.0701678863538528,True,,0.5312123494364493,401736271,4420318,14,16,0,True,False,matched,3.0,2025-07-26,under,0.15207929491007266,1.9803921568627452,0.9803921568627452,1.0,False,False,False
2304,51f69928c7a3ddc7b0623ae49d366921,66,Erica Wheeler,ericawheeler,LAS,points,10.5,-130.0,100.0,10,10,2025-07-26 00:51:04+00:00,2025-07-26 00:51:04+00:00,2025-07-26 00:51:04+00:00,2025-07-26 23:30:00+00:00,0.0,2025-07-26,2025,REG,WAS,SEA,1.065217391304348,True,,0.5336835053940976,401736271,2491214,14,16,0,True,False,matched,12.0,2025-07-26,under,0.2877105574222182,2.0,-1.0,1.0,False,False,False
2302,65e196a9a3be0896b030260d191ec84a,120,Cecilia Zandalasini,ceciliazandalasini,GSV,points,11.5,-104.0,-125.0,10,10,2025-07-26 01:47:48+00:00,2025-07-26 01:47:48+00:00,2025-07-26 01:47:48+00:00,2025-07-26 02:00:00+00:00,0.0,2025-07-25,2025,REG,GSV,DAL,1.065359477124183,True,,0.4763687479911608,401736268,4257500,129689,3,1,True,False,matched,10.0,2025-07-25,under,0.4759911420661954,1.8,0.8,1.0,False,False,False
2303,ab3a9f2767ce0d0b46bf47d1fbe9d946,147,Leonie Fiebich,leoniefiebich,NYL,points,6.5,-113.0,-115.0,10,10,2025-07-26 03:42:19+00:00,2025-07-26 03:42:19+00:00,2025-07-26 03:42:19+00:00,2025-07-26 23:00:00+00:00,0.0,2025-07-26,2025,REG,NYL,LAS,1.0654001528551151,True,,0.49774423259931944,401736270,4683006,9,6,1,True,False,matched,10.0,2025-07-26,over,0.2808368285242477,1.8849557522123894,0.8849557522123894,1.0,False,False,False
2303,13e530bd3c42e26cef34311e7bef1695,132,Sabrina Ionescu,sabrinaionescu,NYL,threes,2.5,-158.0,118.0,10,10,2025-07-26 03:42:19+00:00,2025-07-26 03:42:19+00:00,2025-07-26 03:42:19+00:00,2025-07-26 23:00:00+00:00,0.0,2025-07-26,2025,REG,NYL,LAS,1.0711186971054691,True,,0.5796527091990534,401736270,4066533,9,6,1,True,False,matched,2.0,2025-07-26,under,0.22138477932086775,2.1799999999999997,1.1799999999999997,1.0,False,False,False
2303,cf7659314a602e279e2366beb5902492,94,Rickea Jackson,rickeajackson,CHI,rebounds,3.5,-125.0,-106.0,10,10,2025-07-26 03:42:19+00:00,2025-07-26 03:42:19+00:00,2025-07-26 03:42:19+00:00,2025-07-26 23:00:00+00:00,0.0,2025-07-26,2025,REG,NYL,LAS,1.070118662351672,True,,0.5212291071384377,401736270,4433630,6,9,0,True,False,matched,3.0,2025-07-26,under,0.16757302739637608,1.9433962264150944,0.9433962264150944,1.0,False,False,False
2303,b40ce337f52bc985dbaf0d4bedf77306,82,Azura Stevens,azurastevens,CHI,rebounds,8.5,-114.0,-114.0,10,10,2025-07-26 03:42:19+00:00,2025-07-26 03:42:19+00:00,2025-07-26 03:42:19+00:00,2025-07-26 23:00:00+00:00,0.0,2025-07-26,2025,REG,NYL,LAS,1.0654205607476634,True,,0.5000000000000001,401736270,3142010,6,9,0,True,False,matched,11.0,2025-07-26,under,0.1369308775235873,1.8771929824561404,-1.0,1.0,False,False,False
2303,53976d3ae7e1a56f69befcaf70044e44,89,Dearica Hamby,dearicahamby,LAS,rebounds,8.5,-122.0,-108.0,10,10,2025-07-26 03:42:20+00:00,2025-07-26 03:42:20+00:00,2025-07-26 03:42:20+00:00,2025-07-26 23:00:00+00:00,0.0,2025-07-26,2025,REG,NYL,LAS,1.0687803187803186,True,,0.5156895960912058,401736270,2566106,6,9,0,True,False,matched,10.0,2025-07-26,under,0.17136780057045448,1.925925925925926,-1.0,1.0,False,False,False
2305,4c7fbfbc64e299b2c8708fa5364be1d6,537,Janelle Salaun,janellesalaun,GSV,rebounds,5.5,-125.0,-106.0,10,10,2025-07-26 06:03:22+00:00,2025-07-26 06:03:22+00:00,2025-07-26 06:03:22+00:00,2025-07-27 17:00:00+00:00,0.0,2025-07-27,2025,REG,CON,GSV,1.070118662351672,True,,0.5212291071384377,401736272,4790264,129689,18,0,True,False,matched,3.0,2025-07-27,under,0.41082605841538916,1.9433962264150944,0.9433962264150944,1.0,False,False,False
2305,292f137fc1e00bf21aa31a0f6ac49f1f,221,Tiffany Hayes,tiffanyhayes,GSV,points,14.5,-114.0,-114.0,10,10,2025-07-26 06:03:22+00:00,2025-07-26 06:03:22+00:00,2025-07-26 06:03:22+00:00,2025-07-27 17:00:00+00:00,0.0,2025-07-27,2025,REG,CON,GSV,1.0654205607476634,True,,0.5000000000000001,401736272,1054,129689,18,0,True,False,matched,4.0,2025-07-27,under,0.27056411972839317,1.8771929824561404,0.8771929824561404,1.0,False,False,False
2305,29594615b22e27d86709d3a2ccb340a4,55,Veronica Burton,veronicaburton,GSV,assists,5.5,-122.0,-108.0,10,10,2025-07-26 06:03:22+00:00,2025-07-26 06:03:22+00:00,2025-07-26 06:03:22+00:00,2025-07-27 17:00:00+00:00,0.0,2025-07-27,2025,REG,CON,GSV,1.0687803187803186,True,,0.5156895960912058,401736272,4398935,129689,18,0,True,False,matched,3.0,2025-07-27,under,0.2498503061715326,1.925925925925926,0.925925925925926,1.0,False,False,False
2305,4e67480de46bdbdd4d15e7e2a2c8413f,9,Tina Charles,tinacharles,FA,rebounds,6.5,118.0,-158.0,10,10,2025-07-26 06:03:22+00:00,2025-07-26 06:03:22+00:00,2025-07-26 06:03:22+00:00,2025-07-27 17:00:00+00:00,0.0,2025-07-27,2025,REG,CON,GSV,1.0711186971054691,True,,0.42034729080094674,401736272,918,18,129689,1,True,False,matched,6.0,2025-07-27,over,0.1478783686736957,2.1799999999999997,-1.0,1.0,False,False,False
2306,7e32a4e7d48d6fa2fba473bece9d03c5,70,Kelsey Mitchell,kelseymitchell,IND,points,20.5,-113.0,-115.0,10,10,2025-07-27 03:42:49+00:00,2025-07-27 03:42:49+00:00,2025-07-27 03:42:49+00:00,2025-07-27 19:00:00+00:00,0.0,2025-07-27,2025,REG,CHI,IND,1.0654001528551151,True,,0.49774423259931944,401736269,3142191,5,19,0,True,False,matched,35.0,2025-07-27,under,0.11015839819846407,1.8695652173913042,-1.0,1.0,False,False,False
2306,d19f453f3d645831811370177aacff30,88,Aari McDonald,aarimcdonald,FA,assists,4.5,-144.0,108.0,10,10,2025-07-27 03:42:50+00:00,2025-07-27 03:42:50+00:00,2025-07-27 03:42:50+00:00,2025-07-27 19:00:00+00:00,0.0,2025-07-27,2025,REG,CHI,IND,1.0709331651954601,True,,0.5566845205396996,401736269,4066553,5,19,0,True,False,matched,4.0,2025-07-27,under,0.2981306724289739,2.08,1.08,1.0,False,False,False
2306,0452f30d9d8b4df1f52a49bc15e22bc8,26,Angel Reese,angelreese,ATL,assists,3.5,-138.0,104.0,10,10,2025-07-27 03:42:50+00:00,2025-07-27 03:42:50+00:00,2025-07-27 03:42:50+00:00,2025-07-27 19:00:00+00:00,0.0,2025-07-27,2025,REG,CHI,IND,1.0700280112044818,True,,0.5464208361470752,401736269,4433402,19,5,1,True,True,did_not_play,,2025-07-27,under,0.15092742244826146,2.04,0.0,0.0,False,True,False
2306,7e0037035edb609962520e2a67c57b09,71,Aliyah Boston,aliyahboston,IND,points,15.5,-110.0,-118.0,10,10,2025-07-27 03:42:50+00:00,2025-07-27 03:42:50+00:00,2025-07-27 03:42:50+00:00,2025-07-27 19:00:00+00:00,0.0,2025-07-27,2025,REG,CHI,IND,1.0650939274792486,True,,0.4909754767731684,401736269,4432831,5,19,0,True,False,matched,14.0,2025-07-27,under,0.12810427049972972,1.847457627118644,0.847457627118644,1.0,False,False,False
2306,63f1542af8d5247f4dee23373d9f240a,56,Natasha Howard,natashahoward,MIN,points,12.5,-128.0,-102.0,10,10,2025-07-27 03:42:50+00:00,2025-07-27 03:42:50+00:00,2025-07-27 03:42:50+00:00,2025-07-27 19:00:00+00:00,0.0,2025-07-27,2025,REG,CHI,IND,1.0663540038214347,True,,0.5291749480305961,401736269,2529130,5,19,0,True,False,matched,0.0,2025-07-27,under,0.12561802256770482,1.9803921568627452,0.9803921568627452,1.0,False,False,False
2305,06c5300695398c5eccec3e48cb49abd9,43,Olivia Nelson-Ododa,olivianelsonododa,CON,points,7.5,-125.0,-104.0,10,10,2025-07-27 03:55:37+00:00,2025-07-27 03:55:37+00:00,2025-07-27 03:55:37+00:00,2025-07-27 17:00:00+00:00,0.0,2025-07-27,2025,REG,CON,GSV,1.065359477124183,True,,0.5236312520088393,401736272,4398966,18,129689,1,True,False,matched,0.0,2025-07-27,under,0.11280248156046829,1.9615384615384617,0.9615384615384617,1.0,False,False,False
2305,973c8084580b2565b1598d292bd19742,22,Marina Mabrey,marinamabrey,TOR,threes,1.5,-114.0,-114.0,10,10,2025-07-27 03:55:38+00:00,2025-07-27 03:55:38+00:00,2025-07-27 03:55:38+00:00,2025-07-27 17:00:00+00:00,0.0,2025-07-27,2025,REG,CON,GSV,1.0654205607476634,True,,0.5000000000000001,401736272,3904576,18,129689,1,True,False,matched,2.0,2025-07-27,over,0.10176628680715827,1.8771929824561404,0.8771929824561404,1.0,False,False,False
2308,e925413dcc85a611d70609bffe2ae629,149,Sug Sutton,sugsutton,DAL,points,8.5,-104.0,-125.0,10,10,2025-07-27 03:59:46+00:00,2025-07-27 03:59:46+00:00,2025-07-27 03:59:46+00:00,2025-07-27 22:00:00+00:00,0.0,2025-07-27,2025,REG,WAS,PHX,1.065359477124183,True,,0.4763687479911608,401736274,4068159,16,11,1,True,False,matched,4.0,2025-07-27,under,0.17277868663846574,1.8,0.8,1.0,False,False,False
2308,e32d7c93a1359f8562cfc26a10b0fa87,54,Satou Sabally,satousabally,NYL,threes,1.5,-188.0,140.0,10,10,2025-07-27 03:59:46+00:00,2025-07-27 03:59:46+00:00,2025-07-27 03:59:46+00:00,2025-07-27 22:00:00+00:00,0.0,2025-07-27,2025,REG,WAS,PHX,1.0694444444444444,True,,0.6222928210344938,401736274,4281929,11,16,0,True,False,matched,0.0,2025-07-27,under,0.12738835307275487,2.4,1.4,1.0,False,False,False
2308,9e1313f0ec4d8cc38b81d7a7de5fd301,573,Sonia Citron,soniacitron,WAS,threes,1.5,164.0,-225.0,10,10,2025-07-27 03:59:46+00:00,2025-07-27 03:59:46+00:00,2025-07-27 03:59:46+00:00,2025-07-27 22:00:00+00:00,0.0,2025-07-27,2025,REG,WAS,PHX,1.0710955710955712,True,,0.33738864980507277,401736274,4433524,16,11,1,True,False,matched,0.0,2025-07-27,over,0.10745636214286503,2.6399999999999997,-1.0,1.0,False,False,False
2308,231f885c9e325fe5bbdd6805d95e5cd3,196,Shakira Austin,shakiraaustin,WAS,points,14.5,-106.0,-122.0,10,10,2025-07-27 03:59:46+00:00,2025-07-27 03:59:46+00:00,2025-07-27 03:59:46+00:00,2025-07-27 22:00:00+00:00,0.0,2025-07-27,2025,REG,WAS,PHX,1.064112656345666,True,,0.4819416314468661,401736274,4398911,16,11,1,True,False,matched,20.0,2025-07-27,under,0.10736203151756674,1.819672131147541,-1.0,1.0,False,False,False
2305,2e1a9a4f7ae470dbe2c937232f2b4b54,120,Cecilia Zandalasini,ceciliazandalasini,GSV,points,10.5,-120.0,-106.0,10,10,2025-07-27 04:13:07+00:00,2025-07-27 04:13:07+00:00,2025-07-27 04:13:07+00:00,2025-07-27 17:00:00+00:00,0.0,2025-07-27,2025,REG,CON,GSV,1.060017652250662,True,,0.5159090588905224,401736272,4257500,129689,18,0,True,False,matched,0.0,2025-07-27,under,0.49707745862609376,1.9433962264150944,0.9433962264150944,1.0,False,False,False
2309,a51dbb984de47aede7836874928e7003,2,Jordin Canada,jordincanada,ATL,rebounds,4.5,126.0,-168.0,10,10,2025-07-27 05:10:20+00:00,2025-07-27 05:10:20+00:00,2025-07-27 05:10:20+00:00,2025-07-27 23:00:00+00:00,0.0,2025-07-27,2025,REG,MIN,ATL,1.0693435477479856,True,,0.4045224464881516,401736275,3142250,20,8,0,True,False,matched,4.0,2025-07-27,under,0.15143213057067634,1.5952380952380953,0.5952380952380953,1.0,False,False,False
2309,25df3d8367a364310b14155a8fc0cebd,112,Napheesa Collier,napheesacollier,MIN,rebounds,7.5,-138.0,104.0,10,10,2025-07-27 05:10:20+00:00,2025-07-27 05:10:20+00:00,2025-07-27 05:10:20+00:00,2025-07-27 23:00:00+00:00,0.0,2025-07-27,2025,REG,MIN,ATL,1.0700280112044818,True,,0.5464208361470752,401736275,3917450,8,20,1,True,False,matched,8.0,2025-07-27,under,0.1444744937294145,2.04,-1.0,1.0,False,False,False
2309,971e1d77a88706ef6d208779ff6123ac,49,Brionna Jones,brionnajones,ATL,rebounds,6.5,-140.0,106.0,10,10,2025-07-27 05:10:21+00:00,2025-07-27 05:10:21+00:00,2025-07-27 05:10:21+00:00,2025-07-27 23:00:00+00:00,0.0,2025-07-27,2025,REG,MIN,ATL,1.0687702265372168,True,,0.5506638564937638,401736275,3058895,20,8,0,True,False,matched,3.0,2025-07-27,under,0.14984528566024263,2.06,1.06,1.0,False,False,False
2307,f3041aa67817930c343ef34cfeb3dd7f,103,A'ja Wilson,ajawilson,LVA,rebounds,9.5,-114.0,-114.0,10,10,2025-07-27 05:27:58+00:00,2025-07-27 05:27:58+00:00,2025-07-27 05:27:58+00:00,2025-07-27 20:00:00+00:00,0.0,2025-07-27,2025,REG,DAL,LVA,1.0654205607476634,True,,0.5000000000000001,401736273,3149391,17,3,0,True,False,matched,10.0,2025-07-27,under,0.13991685165386897,1.8771929824561404,-1.0,1.0,False,False,False
2307,d5ba3efe30df23bb1d2f680c12ed6972,63,Arike Ogunbowale,arikeogunbowale,DAL,points,17.5,100.0,-130.0,10,10,2025-07-27 05:27:58+00:00,2025-07-27 05:27:58+00:00,2025-07-27 05:27:58+00:00,2025-07-27 20:00:00+00:00,0.0,2025-07-27,2025,REG,DAL,LVA,1.065217391304348,True,,0.4663164946059025,401736273,3904577,3,17,1,True,False,matched,18.0,2025-07-27,under,0.10239325870421195,1.7692307692307692,-1.0,1.0,False,False,False
2307,fe83429ddac897237508eae06a9ff785,530,JJ Quinerly,jjquinerly,FA,assists,4.5,-125.0,-106.0,10,10,2025-07-27 05:31:52+00:00,2025-07-27 05:31:52+00:00,2025-07-27 05:31:52+00:00,2025-07-27 20:00:00+00:00,0.0,2025-07-27,2025,REG,DAL,LVA,1.070118662351672,True,,0.5212291071384377,401736273,4434015,3,17,1,True,False,matched,5.0,2025-07-27,under,0.4707269965742459,1.9433962264150944,-1.0,1.0,False,False,False
2307,177edb83512dbadfab9f443460d6d97f,107,Chelsea Gray,chelseagray,LVA,assists,4.5,-154.0,116.0,10,10,2025-07-27 05:31:52+00:00,2025-07-27 05:31:52+00:00,2025-07-27 05:31:52+00:00,2025-07-27 20:00:00+00:00,0.0,2025-07-27,2025,REG,DAL,LVA,1.0692621755613883,True,,0.574207987656796,401736273,2529122,17,3,0,True,False,matched,8.0,2025-07-27,under,0.27496287161569716,2.16,-1.0,1.0,False,False,False
2307,cc9f300b58d2561f6cc7e5e48ba92cf6,102,Jackie Young,jackieyoung,LVA,assists,4.5,-162.0,122.0,10,10,2025-07-27 05:31:52+00:00,2025-07-27 05:31:52+00:00,2025-07-27 05:31:52+00:00,2025-07-27 20:00:00+00:00,0.0,2025-07-27,2025,REG,DAL,LVA,1.0687710611374732,True,,0.5868918088955871,401736273,4065870,17,3,0,True,False,matched,8.0,2025-07-27,under,0.2737541854202205,2.2199999999999998,-1.0,1.0,False,False,False
2307,704dcccd253296b00af00daafda3f696,95,Li Yueru,liyueru,DAL,rebounds,6.5,-115.0,-115.0,33,33,2025-07-27 07:34:07+00:00,2025-07-27 07:34:07+00:00,2025-07-27 07:34:07+00:00,2025-07-27 20:00:00+00:00,0.0,2025-07-27,2025,REG,DAL,LVA,1.0697674418604652,True,,0.5,401736273,4336633,3,17,1,True,False,matched,4.0,2025-07-27,under,0.22770051755180637,1.8695652173913042,0.8695652173913042,1.0,False,False,False
2306,a29ef4ca93057f07a0d09b2438890d23,30,Kamilla Cardoso,kamillacardoso,CHI,points,13.5,-122.0,-106.0,10,10,2025-07-27 18:21:42+00:00,2025-07-27 18:21:42+00:00,2025-07-27 18:21:42+00:00,2025-07-27 19:00:00+00:00,0.0,2025-07-27,2025,REG,CHI,IND,1.064112656345666,True,,0.518058368553134,401736269,4433405,19,5,1,True,False,matched,12.0,2025-07-27,under,0.26317005067970467,1.9433962264150944,0.9433962264150944,1.0,False,False,False
2306,4cc2a9bb2b05980f60bdda7145e2ab9a,33,Elizabeth Williams,elizabethwilliams,CHI,points,9.5,-130.0,100.0,10,10,2025-07-27 18:33:34+00:00,2025-07-27 18:33:34+00:00,2025-07-27 18:33:34+00:00,2025-07-27 19:00:00+00:00,0.0,2025-07-27,2025,REG,CHI,IND,1.065217391304348,True,,0.5336835053940976,401736269,2566081,19,5,1,True,False,matched,9.0,2025-07-27,under,0.2749931534688884,2.0,1.0,1.0,False,False,False
2306,f0e2422b33570a9c9588b92fa493ff24,36,Rachel Banham,rachelbanham,CHI,points,11.5,-106.0,-122.0,10,10,2025-07-27 18:33:34+00:00,2025-07-27 18:33:34+00:00,2025-07-27 18:33:34+00:00,2025-07-27 19:00:00+00:00,0.0,2025-07-27,2025,REG,CHI,IND,1.064112656345666,True,,0.4819416314468661,401736269,2566186,19,5,1,True,False,matched,26.0,2025-07-27,under,0.23070565322374692,1.819672131147541,-1.0,1.0,False,False,False
2308,5403bc9bbdf2cfb72860d2d266d02609,155,Kahleah Copper,kahleahcopper,PHO,rebounds,3.5,150.0,-180.0,13,13,2025-07-27 21:12:18+00:00,2025-07-27 21:12:18+00:00,2025-07-27 21:12:18+00:00,2025-07-27 22:00:00+00:00,0.0,2025-07-27,2025,REG,WAS,PHX,1.0428571428571427,True,,0.3760221779176465,401736274,2998938,11,16,0,True,False,matched,3.0,2025-07-27,over,0.14998764506250084,2.5,-1.0,1.0,False,False,False
2311,c85a9fb91fb28e1921d0e641f71e5828,132,Sabrina Ionescu,sabrinaionescu,NYL,threes,2.5,-180.0,134.0,10,10,2025-07-28 02:48:18+00:00,2025-07-28 02:48:18+00:00,2025-07-28 02:48:18+00:00,2025-07-29 00:00:00+00:00,0.0,2025-07-28,2025,REG,DAL,NYL,1.0702075702075702,True,,0.6116591953695215,401736277,4066533,9,3,0,True,False,matched,1.0,2025-07-28,under,0.26209588172616083,2.34,1.3399999999999999,1.0,False,False,False
2311,6f40ebada194e15c79c8fd6cc4b9e8c9,528,Paige Bueckers,paigebueckers,DAL,rebounds,3.5,-158.0,118.0,10,10,2025-07-28 02:48:18+00:00,2025-07-28 02:48:18+00:00,2025-07-28 02:48:18+00:00,2025-07-29 00:00:00+00:00,0.0,2025-07-28,2025,REG,DAL,NYL,1.0711186971054691,True,,0.5796527091990534,401736277,4433730,3,9,1,True,False,matched,6.0,2025-07-28,under,0.20449601961293934,2.1799999999999997,-1.0,1.0,False,False,False
2311,8724081f34332a9039cabee0c444f644,141,Jonquel Jones,jonqueljones,NYL,points,14.5,-130.0,100.0,10,10,2025-07-28 02:51:55+00:00,2025-07-28 02:51:55+00:00,2025-07-28 02:51:55+00:00,2025-07-29 00:00:00+00:00,0.0,2025-07-28,2025,REG,DAL,NYL,1.065217391304348,True,,0.5336835053940976,401736277,2999101,9,3,0,True,False,matched,18.0,2025-07-28,under,0.24518479331685428,2.0,-1.0,1.0,False,False,False
2311,f3cc568d911ca728c84b3da65bcfc3ed,63,Arike Ogunbowale,arikeogunbowale,DAL,assists,3.5,100.0,-132.0,10,10,2025-07-28 02:51:55+00:00,2025-07-28 02:51:55+00:00,2025-07-28 02:51:55+00:00,2025-07-29 00:00:00+00:00,0.0,2025-07-28,2025,REG,DAL,NYL,1.0689655172413794,True,,0.46430627616618364,401736277,3904577,3,9,1,True,False,matched,14.0,2025-07-28,over,0.10024236748593257,2.0,1.0,1.0,False,False,False
2310,09de415212bf1ca7a26967d881e98ac2,208,Gabby Williams,gabbywilliams,GSV,points,12.5,-120.0,-108.0,10,10,2025-07-28 03:49:27+00:00,2025-07-28 03:49:27+00:00,2025-07-28 03:49:27+00:00,2025-07-28 23:00:00+00:00,0.0,2025-07-28,2025,REG,CON,SEA,1.0646853146853146,True,,0.5135396953663074,401736276,3142328,14,18,0,True,False,matched,16.0,2025-07-28,under,0.30727069560071446,1.925925925925926,-1.0,1.0,False,False,False
2310,9c008527acc6fc4eba4e46fac9f852d9,66,Erica Wheeler,ericawheeler,LAS,points,10.5,-125.0,-104.0,10,10,2025-07-28 03:49:27+00:00,2025-07-28 03:49:27+00:00,2025-07-28 03:49:27+00:00,2025-07-28 23:00:00+00:00,0.0,2025-07-28,2025,REG,CON,SEA,1.065359477124183,True,,0.5236312520088393,401736276,2491214,14,18,0,True,False,matched,8.0,2025-07-28,under,0.21737423695610852,1.9615384615384617,0.9615384615384617,1.0,False,False,False
2310,144bb54c9129bec8d3f04c960bff9205,180,Nneka Ogwumike,nnekaogwumike,LAS,rebounds,6.5,-140.0,106.0,10,10,2025-07-28 03:49:27+00:00,2025-07-28 03:49:27+00:00,2025-07-28 03:49:27+00:00,2025-07-28 23:00:00+00:00,0.0,2025-07-28,2025,REG,CON,SEA,1.0687702265372168,True,,0.5506638564937638,401736276,1068,14,18,0,True,False,matched,3.0,2025-07-28,under,0.20712260095024748,2.06,1.06,1.0,False,False,False
2310,7e72fc5a9cf42315249707ff5b532f11,175,Skylar Diggins,skylardiggins,CHI,assists,5.5,-130.0,-102.0,10,10,2025-07-28 03:49:27+00:00,2025-07-28 03:49:27+00:00,2025-07-28 03:49:27+00:00,2025-07-28 23:00:00+00:00,0.0,2025-07-28,2025,REG,CON,SEA,1.0701678863538528,True,,0.5312123494364493,401736276,2491205,14,18,0,True,False,matched,11.0,2025-07-28,under,0.18806535229042998,1.9803921568627452,-1.0,1.0,False,False,False
2310,aaa10a97135f3a8836323335839f0685,176,Ezi Magbegor,ezimagbegor,SEA,rebounds,6.5,-130.0,-102.0,10,10,2025-07-28 03:58:46+00:00,2025-07-28 03:58:46+00:00,2025-07-28 03:58:46+00:00,2025-07-28 23:00:00+00:00,0.0,2025-07-28,2025,REG,CON,SEA,1.0701678863538528,True,,0.5312123494364493,401736276,4420318,14,18,0,True,False,matched,5.0,2025-07-28,under,0.23290673758664904,1.9803921568627452,0.9803921568627452,1.0,False,False,False
2310,70ff114c731df54670416fb18eb5d9b2,22,Marina Mabrey,marinamabrey,TOR,points,13.5,-118.0,-110.0,10,10,2025-07-28 04:03:01+00:00,2025-07-28 04:03:01+00:00,2025-07-28 04:03:01+00:00,2025-07-28 23:00:00+00:00,0.0,2025-07-28,2025,REG,CON,SEA,1.0650939274792486,True,,0.5090245232268319,401736276,3904576,18,14,1,True,False,matched,8.0,2025-07-28,under,0.15148509376610575,1.9090909090909092,0.9090909090909092,1.0,False,False,False
2310,4451d8fa0f9bad4b971691461f492090,9,Tina Charles,tinacharles,FA,points,16.5,-120.0,-108.0,10,10,2025-07-28 04:10:59+00:00,2025-07-28 04:10:59+00:00,2025-07-28 04:10:59+00:00,2025-07-28 23:00:00+00:00,0.0,2025-07-28,2025,REG,CON,SEA,1.0646853146853146,True,,0.5135396953663074,401736276,918,18,14,1,True,False,matched,11.0,2025-07-28,under,0.1409753872197943,1.925925925925926,0.925925925925926,1.0,False,False,False
2313,0c9021eea49973d684ce1920382b94a4,2,Jordin Canada,jordincanada,ATL,points,11.5,-128.0,-102.0,10,10,2025-07-28 04:46:21+00:00,2025-07-28 04:46:21+00:00,2025-07-28 04:46:21+00:00,2025-07-29 23:30:00+00:00,0.0,2025-07-29,2025,REG,ATL,GSV,1.0663540038214347,True,,0.5291749480305961,401736278,3142250,20,129689,1,True,False,matched,21.0,2025-07-29,under,0.13352985933924233,1.9803921568627452,-1.0,1.0,False,False,False
2313,cdd7076f1c4bdbddabcaae732d7342b2,537,Janelle Salaun,janellesalaun,GSV,rebounds,5.5,-146.0,110.0,10,10,2025-07-28 04:53:53+00:00,2025-07-28 04:53:53+00:00,2025-07-28 04:53:53+00:00,2025-07-29 23:30:00+00:00,0.0,2025-07-29,2025,REG,ATL,GSV,1.0696864111498257,True,,0.5607420039050215,401736278,4790264,129689,20,0,True,False,matched,1.0,2025-07-29,under,0.45439173598462645,2.1,1.1,1.0,False,False,False
2313,96cb7e29546c8fb0beb535740779157a,55,Veronica Burton,veronicaburton,GSV,points,10.5,-132.0,102.0,10,10,2025-07-28 04:53:53+00:00,2025-07-28 04:53:53+00:00,2025-07-28 04:53:53+00:00,2025-07-29 23:30:00+00:00,0.0,2025-07-29,2025,REG,ATL,GSV,1.0640150221918745,True,,0.5381512573163673,401736278,4398935,129689,20,0,True,False,matched,10.0,2025-07-29,under,0.35549218408641375,2.02,1.02,1.0,False,False,False
2313,88eac4b7fd179f7361e286d9f641ee70,221,Tiffany Hayes,tiffanyhayes,GSV,points,13.5,-110.0,-118.0,10,10,2025-07-28 04:53:53+00:00,2025-07-28 04:53:53+00:00,2025-07-28 04:53:53+00:00,2025-07-29 23:30:00+00:00,0.0,2025-07-29,2025,REG,ATL,GSV,1.0650939274792486,True,,0.4909754767731684,401736278,1054,129689,20,0,True,False,matched,15.0,2025-07-29,under,0.25978360813408,1.847457627118644,-1.0,1.0,False,False,False
2311,f2077265b5a211c1995c4102ec257e4a,10,Haley Jones,haleyjones,DAL,rebounds,9.5,-115.0,-125.0,39,39,2025-07-28 05:08:18+00:00,2025-07-28 05:08:18+00:00,2025-07-28 05:08:18+00:00,2025-07-29 00:00:00+00:00,0.0,2025-07-28,2025,REG,DAL,NYL,1.0904392764857882,True,,0.489168290835087,401736277,4595910,3,9,1,True,False,matched,3.0,2025-07-28,under,0.7918356671798896,1.8,0.8,1.0,False,False,False
2310,3dce80634f40d8cf1890b5bef8a56783,274,Bria Hartley,briahartley,FA,points,9.5,-128.0,-102.0,10,10,2025-07-28 06:23:21+00:00,2025-07-28 06:23:21+00:00,2025-07-28 06:23:21+00:00,2025-07-28 23:00:00+00:00,0.0,2025-07-28,2025,REG,CON,SEA,1.0663540038214347,True,,0.5291749480305961,401736276,2529185,18,14,1,True,False,matched,17.0,2025-07-28,under,0.1158577817004452,1.9803921568627452,-1.0,1.0,False,False,False
2314,7c08652c979346569023b770099cb8d0,107,Chelsea Gray,chelseagray,LVA,assists,4.5,-160.0,120.0,10,10,2025-07-28 06:40:07+00:00,2025-07-28 06:40:07+00:00,2025-07-28 06:40:07+00:00,2025-07-30 02:00:00+00:00,0.0,2025-07-29,2025,REG,LAS,LVA,1.06993006993007,True,,0.583305061424049,401736280,2529122,17,6,0,True,False,matched,8.0,2025-07-29,under,0.1823290632581095,2.2,-1.0,1.0,False,False,False
2314,2d5dd64ba2699fc6667286d81a0f7ec9,103,A'ja Wilson,ajawilson,LVA,points,22.5,-128.0,-102.0,10,10,2025-07-28 06:40:08+00:00,2025-07-28 06:40:08+00:00,2025-07-28 06:40:08+00:00,2025-07-30 02:00:00+00:00,0.0,2025-07-29,2025,REG,LAS,LVA,1.0663540038214347,True,,0.5291749480305961,401736280,3149391,17,6,0,True,False,matched,34.0,2025-07-29,under,0.185537643356809,1.9803921568627452,-1.0,1.0,False,False,False
2314,9064228adadf1fbcd7154d4d9264a298,166,Jewell Loyd,jewellloyd,LVA,threes,1.5,128.0,-172.0,10,10,2025-07-28 06:40:08+00:00,2025-07-28 06:40:08+00:00,2025-07-28 06:40:08+00:00,2025-07-30 02:00:00+00:00,0.0,2025-07-29,2025,REG,LAS,LVA,1.0709494324045408,True,,0.39957653069922067,401736280,2987869,17,6,0,True,False,matched,2.0,2025-07-29,over,0.13994908578907916,2.2800000000000002,1.2800000000000002,1.0,False,False,False
2312,81723bdee997ea097925326ebb22128e,196,Shakira Austin,shakiraaustin,WAS,rebounds,7.5,-154.0,116.0,10,10,2025-07-28 18:32:15+00:00,2025-07-28 18:32:15+00:00,2025-07-28 18:32:15+00:00,2025-07-29 23:30:00+00:00,0.0,2025-07-29,2025,REG,WAS,CHI,1.0692621755613883,True,,0.574207987656796,401736279,4398911,16,19,1,True,False,matched,6.0,2025-07-29,under,0.1825070995561462,2.16,1.1600000000000001,1.0,False,False,False
2312,562046dbb8c5a8cc23504804303df84a,30,Kamilla Cardoso,kamillacardoso,CHI,points,12.5,-118.0,-110.0,10,10,2025-07-28 18:36:33+00:00,2025-07-28 18:36:33+00:00,2025-07-28 18:36:33+00:00,2025-07-29 23:30:00+00:00,0.0,2025-07-29,2025,REG,WAS,CHI,1.0650939274792486,True,,0.5090245232268319,401736279,4433405,19,16,0,True,False,matched,21.0,2025-07-29,under,0.19506417238208096,1.9090909090909092,-1.0,1.0,False,False,False
2312,a26ffe83aceb0513f63925f2788b0584,36,Rachel Banham,rachelbanham,CHI,points,12.5,-110.0,-118.0,10,10,2025-07-28 18:40:44+00:00,2025-07-28 18:40:44+00:00,2025-07-28 18:40:44+00:00,2025-07-29 23:30:00+00:00,0.0,2025-07-29,2025,REG,WAS,CHI,1.0650939274792486,True,,0.4909754767731684,401736279,2566186,19,16,0,True,False,matched,19.0,2025-07-29,under,0.2273671468382788,1.847457627118644,-1.0,1.0,False,False,False
2311,db24888d22ee495066b8e40e790b1cbd,95,Li Yueru,liyueru,DAL,rebounds,5.5,-138.0,104.0,10,10,2025-07-28 19:19:57+00:00,2025-07-28 19:19:57+00:00,2025-07-28 19:19:57+00:00,2025-07-29 00:00:00+00:00,0.0,2025-07-28,2025,REG,DAL,NYL,1.0700280112044818,True,,0.5464208361470752,401736277,4336633,3,9,1,True,False,matched,7.0,2025-07-28,under,0.13023125742300345,2.04,-1.0,1.0,False,False,False
2311,f06d633a04feae70126db8ea58d081d5,21,Isabelle Harrison,isabelleharrison,TOR,points,9.5,111.0,-143.0,60,60,2025-07-28 23:53:53+00:00,2025-07-28 23:53:53+00:00,2025-07-28 23:53:53+00:00,2025-07-29 00:00:00+00:00,0.0,2025-07-28,2025,REG,DAL,NYL,1.0624110155442437,True,,0.4409274944850059,401736277,2566453,9,3,0,True,False,matched,10.0,2025-07-28,under,0.360649415316744,1.6993006993006992,-1.0,1.0,False,False,False
2312,cc1d5bb768387ba9792d01c9c85e1d41,182,Brittney Sykes,brittneysykes,TOR,threes,1.5,164.0,-225.0,10,10,2025-07-29 02:07:04+00:00,2025-07-29 02:07:04+00:00,2025-07-29 02:07:04+00:00,2025-07-29 23:30:00+00:00,0.0,2025-07-29,2025,REG,WAS,CHI,1.0710955710955712,True,,0.33738864980507277,401736279,2988756,16,19,1,True,False,matched,1.0,2025-07-29,under,0.1583901996542562,1.4444444444444444,0.4444444444444444,1.0,False,False,False
2315,9d692b8723934c97cef380b1dc736a94,88,Aari McDonald,aarimcdonald,FA,assists,4.5,-132.0,100.0,10,10,2025-07-29 07:01:00+00:00,2025-07-29 07:01:00+00:00,2025-07-29 07:01:00+00:00,2025-07-30 23:00:00+00:00,0.0,2025-07-30,2025,REG,IND,PHX,1.0689655172413794,True,,0.5356937238338165,401736281,4066553,5,11,1,True,False,matched,4.0,2025-07-30,under,0.20105757801601953,2.0,1.0,1.0,False,False,False
2315,41812dc0c1796aa3baa7c3cf0deaeae2,71,Aliyah Boston,aliyahboston,IND,assists,3.5,-112.0,-118.0,10,10,2025-07-29 07:01:00+00:00,2025-07-29 07:01:00+00:00,2025-07-29 07:01:00+00:00,2025-07-30 23:00:00+00:00,0.0,2025-07-30,2025,REG,IND,PHX,1.0695862904621776,True,,0.49327872882454105,401736281,4432831,5,11,1,True,False,matched,1.0,2025-07-30,over,0.11818391134467321,1.8928571428571428,-1.0,1.0,False,False,False
2315,9303f293e5831b69b5c18d28378b5b26,56,Natasha Howard,natashahoward,MIN,rebounds,6.5,-136.0,102.0,10,10,2025-07-29 07:01:01+00:00,2025-07-29 07:01:01+00:00,2025-07-29 07:01:01+00:00,2025-07-30 23:00:00+00:00,0.0,2025-07-30,2025,REG,IND,PHX,1.071320691391173,True,,0.5420932924427202,401736281,2529130,5,11,1,True,False,matched,6.0,2025-07-30,under,0.11133441953861889,2.02,1.02,1.0,False,False,False
2316,540ff0157ab9f0f329796d7010ca6dec,132,Sabrina Ionescu,sabrinaionescu,NYL,points,19.5,-125.0,-104.0,10,10,2025-07-29 18:20:08+00:00,2025-07-29 18:20:08+00:00,2025-07-29 18:20:08+00:00,2025-07-31 00:00:00+00:00,0.0,2025-07-30,2025,REG,MIN,NYL,1.065359477124183,True,,0.5236312520088393,401736283,4066533,9,8,0,True,False,matched,31.0,2025-07-30,under,0.23155208887455586,1.9615384615384617,-1.0,1.0,False,False,False
2316,7b18964ebf7e8bc96173669390fe9e6a,112,Napheesa Collier,napheesacollier,MIN,rebounds,8.5,102.0,-136.0,10,10,2025-07-29 18:20:08+00:00,2025-07-29 18:20:08+00:00,2025-07-29 18:20:08+00:00,2025-07-31 00:00:00+00:00,0.0,2025-07-30,2025,REG,MIN,NYL,1.071320691391173,True,,0.4579067075572801,401736283,3917450,8,9,1,True,False,matched,9.0,2025-07-30,under,0.1086174991067857,1.7352941176470589,-1.0,1.0,False,False,False
2316,4bf4e288d8261bf3c0af7edf91de5292,117,Courtney Williams,courtneywilliams,MIN,rebounds,5.5,-120.0,-110.0,10,10,2025-07-29 18:37:28+00:00,2025-07-29 18:37:28+00:00,2025-07-29 18:37:28+00:00,2025-07-31 00:00:00+00:00,0.0,2025-07-30,2025,REG,MIN,NYL,1.0692640692640691,True,,0.5112040114787568,401736283,2987891,8,9,1,True,False,matched,9.0,2025-07-30,under,0.2744004017234231,1.9090909090909092,-1.0,1.0,False,False,False
2316,2a793e4309d09c0ed4a5776b06ac1f9d,141,Jonquel Jones,jonqueljones,NYL,points,14.5,-118.0,-110.0,10,10,2025-07-29 18:37:28+00:00,2025-07-29 18:37:28+00:00,2025-07-29 18:37:28+00:00,2025-07-31 00:00:00+00:00,0.0,2025-07-30,2025,REG,MIN,NYL,1.0650939274792486,True,,0.5090245232268319,401736283,2999101,9,8,0,True,False,matched,12.0,2025-07-30,under,0.23047106543617785,1.9090909090909092,0.9090909090909092,1.0,False,False,False
2316,a44a2e2c0a6eaf414b0520dfd775fe31,125,Kayla McBride,kaylamcbride,MIN,points,13.5,-120.0,-108.0,10,10,2025-07-30 02:57:06+00:00,2025-07-30 02:57:06+00:00,2025-07-30 02:57:06+00:00,2025-07-31 00:00:00+00:00,0.0,2025-07-30,2025,REG,MIN,NYL,1.0646853146853146,True,,0.5135396953663074,401736283,2529205,8,9,1,True,False,matched,24.0,2025-07-30,under,0.12172007680366637,1.925925925925926,-1.0,1.0,False,False,False
2317,43ee4aea588d2175f2a92725622dd8c6,63,Arike Ogunbowale,arikeogunbowale,DAL,assists,3.5,-102.0,-130.0,10,10,2025-07-30 03:37:58+00:00,2025-07-30 03:37:58+00:00,2025-07-30 03:37:58+00:00,2025-07-31 00:00:00+00:00,0.0,2025-07-30,2025,REG,DAL,ATL,1.0701678863538528,True,,0.46878765056355093,401736282,3904577,3,20,1,True,False,matched,2.0,2025-07-30,over,0.36107023778562464,1.9803921568627452,-1.0,1.0,False,False,False
2317,bb78bffadf97e7760329f82fcfe83c1a,530,JJ Quinerly,jjquinerly,FA,assists,3.5,-125.0,-106.0,10,10,2025-07-30 03:37:58+00:00,2025-07-30 03:37:58+00:00,2025-07-30 03:37:58+00:00,2025-07-31 00:00:00+00:00,0.0,2025-07-30,2025,REG,DAL,ATL,1.070118662351672,True,,0.5212291071384377,401736282,4434015,3,20,1,True,False,matched,2.0,2025-07-30,under,0.1987015619284132,1.9433962264150944,0.9433962264150944,1.0,False,False,False
2316,31ee1060ccc800323f852f6e99f3eddf,128,Bridget Carleton,bridgetcarleton,PDX,points,8.5,-105.0,-135.0,33,33,2025-07-30 07:45:15+00:00,2025-07-30 07:45:15+00:00,2025-07-30 07:45:15+00:00,2025-07-31 00:00:00+00:00,0.0,2025-07-30,2025,REG,MIN,NYL,1.0866632070576026,True,,0.46744138600370294,401736283,3906972,8,9,1,True,False,matched,10.0,2025-07-30,under,0.22120069838485606,1.7407407407407407,-1.0,1.0,False,False,False
2316,278da4682d865aee0d65c61c195bf39d,163,Natasha Cloud,natashacloud,CHI,threes,1.5,120.0,-150.0,24,24,2025-07-30 13:01:19+00:00,2025-07-30 13:01:19+00:00,2025-07-30 13:01:19+00:00,2025-07-31 00:00:00+00:00,0.0,2025-07-30,2025,REG,MIN,NYL,1.0545454545454547,True,,0.4253013906678685,401736283,2529137,9,8,0,True,False,matched,1.0,2025-07-30,under,0.12437547594220738,1.6666666666666665,0.6666666666666665,1.0,False,False,False
2318,9aef500e4e5c96b10f4a952937969762,537,Janelle Salaun,janellesalaun,GSV,rebounds,4.5,-138.0,104.0,10,10,2025-07-30 20:12:33+00:00,2025-07-30 20:12:33+00:00,2025-07-30 20:12:33+00:00,2025-07-31 23:30:00+00:00,0.0,2025-07-31,2025,REG,WAS,GSV,1.0700280112044818,True,,0.5464208361470752,401736284,4790264,129689,16,0,True,False,matched,4.0,2025-07-31,under,0.24704723506470233,2.04,1.04,1.0,False,False,False
2318,80e1966f1934680ead065d733f606d8e,55,Veronica Burton,veronicaburton,GSV,assists,4.5,-136.0,102.0,10,10,2025-07-30 20:12:33+00:00,2025-07-30 20:12:33+00:00,2025-07-30 20:12:33+00:00,2025-07-31 23:30:00+00:00,0.0,2025-07-31,2025,REG,WAS,GSV,1.071320691391173,True,,0.5420932924427202,401736284,4398935,129689,16,0,True,False,matched,10.0,2025-07-31,under,0.24547695350412968,2.02,-1.0,1.0,False,False,False
2318,57329996882485440dd2d882848140ca,196,Shakira Austin,shakiraaustin,WAS,points,14.5,-108.0,-120.0,10,10,2025-07-30 20:12:33+00:00,2025-07-30 20:12:33+00:00,2025-07-30 20:12:33+00:00,2025-07-31 23:30:00+00:00,0.0,2025-07-31,2025,REG,WAS,GSV,1.0646853146853146,True,,0.48646030463369283,401736284,4398911,16,129689,1,True,False,matched,10.0,2025-07-31,under,0.178874029800064,1.8333333333333335,0.8333333333333335,1.0,False,False,False
2318,18cc11088f4f120dfdb02d8665f00969,182,Brittney Sykes,brittneysykes,TOR,threes,1.5,182.0,-250.0,10,10,2025-07-30 20:12:33+00:00,2025-07-30 20:12:33+00:00,2025-07-30 20:12:33+00:00,2025-07-31 23:30:00+00:00,0.0,2025-07-31,2025,REG,WAS,GSV,1.0688956433637284,True,,0.3136259452652531,401736284,2988756,16,129689,1,True,False,matched,1.0,2025-07-31,under,0.13182445930629857,1.4,0.3999999999999999,1.0,False,False,False
2318,7b7dc6bdceb4d194aa0b2eac3420b702,221,Tiffany Hayes,tiffanyhayes,GSV,points,12.5,-128.0,-102.0,10,10,2025-07-30 20:12:34+00:00,2025-07-30 20:12:34+00:00,2025-07-30 20:12:34+00:00,2025-07-31 23:30:00+00:00,0.0,2025-07-31,2025,REG,WAS,GSV,1.0663540038214347,True,,0.5291749480305961,401736284,1054,129689,16,0,True,False,matched,0.0,2025-07-31,under,0.21120017674143576,1.9803921568627452,0.9803921568627452,1.0,False,False,False
2316,b3a8d338b350769b4701afa58b866925,21,Isabelle Harrison,isabelleharrison,TOR,rebounds,5.5,128.0,-172.0,10,10,2025-07-30 23:09:27+00:00,2025-07-30 23:09:27+00:00,2025-07-30 23:09:27+00:00,2025-07-31 00:00:00+00:00,0.0,2025-07-30,2025,REG,MIN,NYL,1.0709494324045408,True,,0.39957653069922067,401736283,2566453,9,8,0,True,False,matched,2.0,2025-07-30,under,0.35253032785276583,1.5813953488372094,0.5813953488372094,1.0,False,False,False
2316,27ec5d1f967b61154c6b82e9240ab752,297,Marine Johannes,marinejohannes,NYL,points,8.5,108.0,-140.0,10,10,2025-07-30 23:48:49+00:00,2025-07-30 23:48:49+00:00,2025-07-30 23:48:49+00:00,2025-07-31 00:00:00+00:00,0.0,2025-07-30,2025,REG,MIN,NYL,1.0641025641025639,True,,0.4470574861947943,401736283,4038379,9,8,0,True,False,matched,14.0,2025-07-30,under,0.25044464593250454,1.7142857142857144,-1.0,1.0,False,False,False
2318,68ea278485b746a406a79d10a130b1e9,120,Cecilia Zandalasini,ceciliazandalasini,GSV,points,10.5,108.0,-140.0,10,10,2025-07-31 02:37:31+00:00,2025-07-31 02:37:31+00:00,2025-07-31 02:37:31+00:00,2025-07-31 23:30:00+00:00,0.0,2025-07-31,2025,REG,WAS,GSV,1.0641025641025639,True,,0.4470574861947943,401736284,4257500,129689,16,0,True,True,did_not_play,,2025-07-31,under,0.3115512631162658,1.7142857142857144,0.0,0.0,False,True,False
2321,e7a8b5ccf2c9d4d91dbdcff0e80370dc,88,Aari McDonald,aarimcdonald,FA,assists,4.5,-158.0,118.0,10,10,2025-07-31 04:36:26+00:00,2025-07-31 04:36:26+00:00,2025-07-31 04:36:26+00:00,2025-08-01 23:30:00+00:00,0.0,2025-08-01,2025,REG,DAL,IND,1.0711186971054691,True,,0.5796527091990534,401736288,4066553,5,3,0,True,False,matched,6.0,2025-08-01,under,0.3433320892386057,2.1799999999999997,-1.0,1.0,False,False,False
2321,86831a20dc24eae4cb770580c6a0b15b,530,JJ Quinerly,jjquinerly,FA,points,9.5,104.0,-135.0,10,10,2025-07-31 04:36:26+00:00,2025-07-31 04:36:26+00:00,2025-07-31 04:36:26+00:00,2025-08-01 23:30:00+00:00,0.0,2025-08-01,2025,REG,DAL,IND,1.0646641635377556,True,,0.45648742045938223,401736288,4434015,3,5,1,True,False,matched,6.0,2025-08-01,under,0.10990912480919751,1.7407407407407407,0.7407407407407407,1.0,False,False,False
2321,1ac66979797050b605a8b5e7418fd1fd,71,Aliyah Boston,aliyahboston,IND,rebounds,8.5,-128.0,-104.0,10,10,2025-07-31 04:36:26+00:00,2025-07-31 04:36:26+00:00,2025-07-31 04:36:26+00:00,2025-08-01 23:30:00+00:00,0.0,2025-08-01,2025,REG,DAL,IND,1.0712074303405572,True,,0.5267388899028808,401736288,4432831,5,3,0,True,False,matched,11.0,2025-08-01,under,0.10652902539344672,1.9615384615384617,-1.0,1.0,False,False,False
2319,bf643f5c58b3168d840e9775feb17546,155,Kahleah Copper,kahleahcopper,PHO,points,14.5,-128.0,-102.0,10,10,2025-07-31 05:21:15+00:00,2025-07-31 05:21:15+00:00,2025-07-31 05:21:15+00:00,2025-08-01 23:30:00+00:00,0.0,2025-08-01,2025,REG,ATL,PHX,1.0663540038214347,True,,0.5291749480305961,401736285,2998938,11,20,0,True,False,matched,19.0,2025-08-01,under,0.1450994889645047,1.9803921568627452,-1.0,1.0,False,False,False
2319,5fa24d78f74f6ab17e535d12e2088860,40,Alyssa Thomas,alyssathomas,PHO,points,13.5,-128.0,-102.0,10,10,2025-07-31 05:21:15+00:00,2025-07-31 05:21:15+00:00,2025-07-31 05:21:15+00:00,2025-08-01 23:30:00+00:00,0.0,2025-08-01,2025,REG,ATL,PHX,1.0663540038214347,True,,0.5291749480305961,401736285,2529140,11,20,0,True,False,matched,12.0,2025-08-01,under,0.10872412743090365,1.9803921568627452,0.9803921568627452,1.0,False,False,False
2319,4c2c232979f30fc589ec3080bb9c7bda,1,Allisha Gray,allishagray,ATL,points,19.5,-110.0,-118.0,10,10,2025-07-31 05:24:56+00:00,2025-07-31 05:24:56+00:00,2025-07-31 05:24:56+00:00,2025-08-01 23:30:00+00:00,0.0,2025-08-01,2025,REG,ATL,PHX,1.0650939274792486,True,,0.4909754767731684,401736285,3058901,20,11,1,True,False,matched,26.0,2025-08-01,under,0.20259901127211138,1.847457627118644,-1.0,1.0,False,False,False
2319,55a80db395d031a7b24361da29919f05,54,Satou Sabally,satousabally,NYL,assists,2.5,-155.0,125.0,24,24,2025-07-31 10:06:40+00:00,2025-07-31 10:06:40+00:00,2025-07-31 10:06:40+00:00,2025-08-01 23:30:00+00:00,0.0,2025-08-01,2025,REG,ATL,PHX,1.0522875816993464,True,,0.5838155470394836,401736285,4281929,11,20,0,True,False,matched,0.0,2025-08-01,under,0.17343652250988173,2.25,1.25,1.0,False,False,False
2321,ce4be0da7ccbeb4b47ebd6cfb576b5a6,63,Arike Ogunbowale,arikeogunbowale,DAL,assists,3.5,-140.0,100.0,33,33,2025-07-31 10:23:03+00:00,2025-07-31 10:23:03+00:00,2025-07-31 10:23:03+00:00,2025-08-01 23:30:00+00:00,0.0,2025-08-01,2025,REG,DAL,IND,1.0833333333333333,True,,0.5434863681281015,401736288,3904577,3,5,1,True,False,matched,5.0,2025-08-01,over,0.12279830381051487,1.7142857142857144,0.7142857142857144,1.0,False,False,False
2318,6e00809d2154e97c52da1aa63416c74f,149,Sug Sutton,sugsutton,DAL,points,7.5,-115.0,-115.0,13,13,2025-07-31 10:44:25+00:00,2025-07-31 10:44:25+00:00,2025-07-31 10:44:25+00:00,2025-07-31 23:30:00+00:00,0.0,2025-07-31,2025,REG,WAS,GSV,1.0697674418604652,True,,0.5,401736284,4068159,16,129689,1,True,False,matched,7.0,2025-07-31,under,0.13901160679241903,1.8695652173913042,0.8695652173913042,1.0,False,False,False
2319,63e7d553e80a0c9e100dc88b3110c650,49,Brionna Jones,brionnajones,ATL,points,11.5,-118.0,-110.0,10,10,2025-07-31 12:45:11+00:00,2025-07-31 12:45:11+00:00,2025-07-31 12:45:11+00:00,2025-08-01 23:30:00+00:00,0.0,2025-08-01,2025,REG,ATL,PHX,1.0650939274792486,True,,0.5090245232268319,401736285,3058895,20,11,1,True,False,matched,16.0,2025-08-01,under,0.11082527684461962,1.9090909090909092,-1.0,1.0,False,False,False
2320,26d0760f6fd45c5807e7c64b507299c2,297,Marine Johannes,marinejohannes,NYL,points,9.5,-114.0,-114.0,10,10,2025-07-31 14:39:05+00:00,2025-07-31 14:39:05+00:00,2025-07-31 14:39:05+00:00,2025-08-01 23:30:00+00:00,0.0,2025-08-01,2025,REG,CON,NYL,1.0654205607476634,True,,0.5000000000000001,401736286,4038379,9,18,0,True,False,matched,0.0,2025-08-01,under,0.3049541417878168,1.8771929824561404,0.8771929824561404,1.0,False,False,False
2320,61b40f897ca6468155fc9192a0fb0165,141,Jonquel Jones,jonqueljones,NYL,assists,3.5,-114.0,-114.0,10,10,2025-07-31 14:39:06+00:00,2025-07-31 14:39:06+00:00,2025-07-31 14:39:06+00:00,2025-08-01 23:30:00+00:00,0.0,2025-08-01,2025,REG,CON,NYL,1.0654205607476634,True,,0.5000000000000001,401736286,2999101,9,18,0,True,False,matched,4.0,2025-08-01,under,0.5299818443557874,1.8771929824561404,-1.0,1.0,False,False,False
2320,dc4d4cba14fdf2a73e8eb59434e23b9d,132,Sabrina Ionescu,sabrinaionescu,NYL,assists,6.5,-130.0,-102.0,10,10,2025-07-31 14:39:06+00:00,2025-07-31 14:39:06+00:00,2025-07-31 14:39:06+00:00,2025-08-01 23:30:00+00:00,0.0,2025-08-01,2025,REG,CON,NYL,1.0701678863538528,True,,0.5312123494364493,401736286,4066533,9,18,0,True,False,matched,5.0,2025-08-01,under,0.2726634564511233,1.9803921568627452,0.9803921568627452,1.0,False,False,False
2320,ce4dd820b518075a23fedc6c03754758,147,Leonie Fiebich,leoniefiebich,NYL,rebounds,4.5,-120.0,-110.0,10,10,2025-07-31 14:39:06+00:00,2025-07-31 14:39:06+00:00,2025-07-31 14:39:06+00:00,2025-08-01 23:30:00+00:00,0.0,2025-08-01,2025,REG,CON,NYL,1.0692640692640691,True,,0.5112040114787568,401736286,4683006,9,18,0,True,False,matched,4.0,2025-08-01,under,0.25014342622298913,1.9090909090909092,0.9090909090909092,1.0,False,False,False
2320,361734477d0fd48f6756c2dd3a916dd4,163,Natasha Cloud,natashacloud,CHI,assists,7.5,118.0,-158.0,10,10,2025-07-31 14:39:06+00:00,2025-07-31 14:39:06+00:00,2025-07-31 14:39:06+00:00,2025-08-01 23:30:00+00:00,0.0,2025-08-01,2025,REG,CON,NYL,1.0711186971054691,True,,0.42034729080094674,401736286,2529137,9,18,0,True,False,matched,3.0,2025-08-01,under,0.21143720581348546,1.6329113924050633,0.6329113924050633,1.0,False,False,False
2320,371b8041fead6c8c2f3d3483fce789d2,274,Bria Hartley,briahartley,FA,assists,3.5,-160.0,120.0,10,10,2025-07-31 14:43:01+00:00,2025-07-31 14:43:01+00:00,2025-07-31 14:43:01+00:00,2025-08-01 23:30:00+00:00,0.0,2025-08-01,2025,REG,CON,NYL,1.06993006993007,True,,0.583305061424049,401736286,2529185,18,9,1,True,False,matched,2.0,2025-08-01,under,0.3842527922691619,2.2,1.2000000000000002,1.0,False,False,False
2323,7ad915d3f032fee3ae427159b33c8ed6,208,Gabby Williams,gabbywilliams,GSV,threes,1.5,124.0,-166.0,10,10,2025-07-31 15:11:27+00:00,2025-07-31 15:11:27+00:00,2025-07-31 15:11:27+00:00,2025-08-02 02:00:00+00:00,0.0,2025-08-01,2025,REG,SEA,LAS,1.0704887218045114,True,,0.40796342297849103,401736289,3142328,14,6,1,True,False,matched,2.0,2025-08-01,under,0.2743624935137248,1.6024096385542168,-1.0,1.0,False,False,False
2323,ef785eb5b498901023b4c37ca01c8478,180,Nneka Ogwumike,nnekaogwumike,LAS,rebounds,7.5,120.0,-160.0,10,10,2025-07-31 15:11:27+00:00,2025-07-31 15:11:27+00:00,2025-07-31 15:11:27+00:00,2025-08-02 02:00:00+00:00,0.0,2025-08-01,2025,REG,SEA,LAS,1.06993006993007,True,,0.41669493857595097,401736289,1068,14,6,1,True,False,matched,12.0,2025-08-01,under,0.15138287139624423,1.625,-1.0,1.0,False,False,False
2323,8fe95a48d3a88ddfc00de11c651c3b44,176,Ezi Magbegor,ezimagbegor,SEA,rebounds,6.5,-106.0,-125.0,10,10,2025-07-31 15:11:27+00:00,2025-07-31 15:11:27+00:00,2025-07-31 15:11:27+00:00,2025-08-02 02:00:00+00:00,0.0,2025-08-01,2025,REG,SEA,LAS,1.070118662351672,True,,0.4787708928615623,401736289,4420318,14,6,1,True,False,matched,11.0,2025-08-01,under,0.11351825764856216,1.8,-1.0,1.0,False,False,False
2323,5a4ce921487b0cd92f0267cd222b530d,175,Skylar Diggins,skylardiggins,CHI,points,16.5,-110.0,-118.0,10,10,2025-07-31 15:11:28+00:00,2025-07-31 15:11:28+00:00,2025-07-31 15:11:28+00:00,2025-08-02 02:00:00+00:00,0.0,2025-08-01,2025,REG,SEA,LAS,1.0650939274792486,True,,0.4909754767731684,401736289,2491205,14,6,1,True,False,matched,18.0,2025-08-01,under,0.1338768235392585,1.847457627118644,-1.0,1.0,False,False,False
2323,77b9ee7fc8203bb48f647f9bc6f41eae,101,Kelsey Plum,kelseyplum,LAS,threes,2.5,-108.0,-122.0,10,10,2025-07-31 15:11:28+00:00,2025-07-31 15:11:28+00:00,2025-07-31 15:11:28+00:00,2025-08-02 02:00:00+00:00,0.0,2025-08-01,2025,REG,SEA,LAS,1.0687803187803186,True,,0.48431040390879443,401736289,3065570,6,14,0,True,False,matched,2.0,2025-08-01,under,0.1065663553527808,1.819672131147541,0.819672131147541,1.0,False,False,False
2323,12078f28fef343064bd94b44f50e4959,66,Erica Wheeler,ericawheeler,LAS,threes,1.5,140.0,-188.0,10,10,2025-07-31 15:11:28+00:00,2025-07-31 15:11:28+00:00,2025-07-31 15:11:28+00:00,2025-08-02 02:00:00+00:00,0.0,2025-08-01,2025,REG,SEA,LAS,1.0694444444444444,True,,0.37770717896550643,401736289,2491214,14,6,1,True,False,matched,1.0,2025-08-01,over,0.10492316353032971,2.4,-1.0,1.0,False,False,False
2323,e5a30a3b63929d4195f6071ae28c8668,94,Rickea Jackson,rickeajackson,CHI,points,13.5,-113.0,-118.0,10,10,2025-07-31 15:11:28+00:00,2025-07-31 15:11:28+00:00,2025-07-31 15:11:28+00:00,2025-08-02 02:00:00+00:00,0.0,2025-08-01,2025,REG,SEA,LAS,1.0718008355946074,True,,0.49441831186089263,401736289,4433630,6,14,0,True,False,matched,27.0,2025-08-01,under,0.10362780119878817,1.847457627118644,-1.0,1.0,False,False,False
2318,b69cb9dafabc5f8ad2b72a47a54d79b8,72,Temi Fagbenle,temifagbenle,TOR,points,7.5,-102.0,-128.0,10,10,2025-07-31 23:04:23+00:00,2025-07-31 23:04:23+00:00,2025-07-31 23:04:23+00:00,2025-07-31 23:30:00+00:00,0.0,2025-07-31,2025,REG,WAS,GSV,1.0663540038214347,True,,0.47082505196940394,401736284,2569044,129689,16,0,True,False,matched,10.0,2025-07-31,under,0.1385050962240319,1.78125,-1.0,1.0,False,False,False
2320,086fa4191b998e3986b5eb54b49933a2,22,Marina Mabrey,marinamabrey,TOR,rebounds,3.5,-165.0,115.0,33,33,2025-08-01 00:06:09+00:00,2025-08-01 00:06:09+00:00,2025-08-01 00:06:09+00:00,2025-08-01 23:30:00+00:00,0.0,2025-08-01,2025,REG,CON,NYL,1.0877577885037297,True,,0.5824354934595865,401736286,3904576,18,9,1,True,False,matched,10.0,2025-08-01,under,0.19206417343666238,2.15,-1.0,1.0,False,False,False
2322,88ff0862be088dcbbd71975aed446a7e,33,Elizabeth Williams,elizabethwilliams,CHI,points,9.5,-122.0,-106.0,10,10,2025-08-01 02:50:16+00:00,2025-08-01 02:50:16+00:00,2025-08-01 02:50:16+00:00,2025-08-01 23:30:00+00:00,0.0,2025-08-01,2025,REG,CHI,GSV,1.064112656345666,True,,0.518058368553134,401736287,2566081,19,129689,1,True,False,matched,15.0,2025-08-01,under,0.3605161726186765,1.9433962264150944,-1.0,1.0,False,False,False
2322,39f3ddfd0f78ca08ac6b353783858f3c,537,Janelle Salaun,janellesalaun,GSV,points,13.5,102.0,-132.0,10,10,2025-08-01 02:50:16+00:00,2025-08-01 02:50:16+00:00,2025-08-01 02:50:16+00:00,2025-08-01 23:30:00+00:00,0.0,2025-08-01,2025,REG,CHI,GSV,1.0640150221918745,True,,0.4618487426836327,401736287,4790264,129689,19,0,True,False,matched,16.0,2025-08-01,under,0.3384832324211019,1.7575757575757576,-1.0,1.0,False,False,False
2322,1edce1e4acddf1b52560d0c1221f58d8,55,Veronica Burton,veronicaburton,GSV,assists,4.5,-144.0,108.0,10,10,2025-08-01 02:50:16+00:00,2025-08-01 02:50:16+00:00,2025-08-01 02:50:16+00:00,2025-08-01 23:30:00+00:00,0.0,2025-08-01,2025,REG,CHI,GSV,1.0709331651954601,True,,0.5566845205396996,401736287,4398935,129689,19,0,True,False,matched,7.0,2025-08-01,under,0.28530557288478753,2.08,-1.0,1.0,False,False,False
2322,e994c0dbf01ed7c9ffe7e01fd5010b0c,30,Kamilla Cardoso,kamillacardoso,CHI,rebounds,9.5,-125.0,-106.0,10,10,2025-08-01 02:50:16+00:00,2025-08-01 02:50:16+00:00,2025-08-01 02:50:16+00:00,2025-08-01 23:30:00+00:00,0.0,2025-08-01,2025,REG,CHI,GSV,1.070118662351672,True,,0.5212291071384377,401736287,4433405,19,129689,1,True,False,matched,11.0,2025-08-01,under,0.19650360828258967,1.9433962264150944,-1.0,1.0,False,False,False
2324,01f0a95dbf79dfe0806948e07fc09fbc,112,Napheesa Collier,napheesacollier,MIN,rebounds,8.5,-128.0,-104.0,10,10,2025-08-01 04:36:26+00:00,2025-08-01 04:36:26+00:00,2025-08-01 04:36:26+00:00,2025-08-02 19:00:00+00:00,0.0,2025-08-02,2025,REG,LVA,MIN,1.0712074303405572,True,,0.5267388899028808,401736290,3917450,8,17,0,True,False,matched,3.0,2025-08-02,under,0.2608601986240455,1.9615384615384617,0.9615384615384617,1.0,False,False,False
2324,176a4d49fef965c9d9ee20a41bc6c2a7,107,Chelsea Gray,chelseagray,LVA,points,9.5,-122.0,-106.0,10,10,2025-08-01 04:36:26+00:00,2025-08-01 04:36:26+00:00,2025-08-01 04:36:26+00:00,2025-08-02 19:00:00+00:00,0.0,2025-08-02,2025,REG,LVA,MIN,1.064112656345666,True,,0.518058368553134,401736290,2529122,17,8,1,True,False,matched,3.0,2025-08-02,under,0.11112631977595405,1.9433962264150944,0.9433962264150944,1.0,False,False,False
2324,daed570ef8abc5558b6259afd667fd40,103,A'ja Wilson,ajawilson,LVA,rebounds,9.5,-148.0,112.0,10,10,2025-08-01 04:36:27+00:00,2025-08-01 04:36:27+00:00,2025-08-01 04:36:27+00:00,2025-08-02 19:00:00+00:00,0.0,2025-08-02,2025,REG,LVA,MIN,1.0684723067559343,True,,0.5647227530167998,401736290,3149391,17,8,1,True,False,matched,5.0,2025-08-02,under,0.24034475906201042,2.12,1.12,1.0,False,False,False
2324,fffee676ba032f98cb5fc843e634656e,121,Alanna Smith,alannasmith,DAL,points,9.5,-128.0,-102.0,10,10,2025-08-01 04:36:27+00:00,2025-08-01 04:36:27+00:00,2025-08-01 04:36:27+00:00,2025-08-02 19:00:00+00:00,0.0,2025-08-02,2025,REG,LVA,MIN,1.0663540038214347,True,,0.5291749480305961,401736290,3913881,8,17,0,True,False,matched,7.0,2025-08-02,under,0.22563754526454344,1.9803921568627452,0.9803921568627452,1.0,False,False,False
2324,2c15ac5504bacfc0e10c835109bad140,128,Bridget Carleton,bridgetcarleton,PDX,points,7.5,-118.0,-110.0,10,10,2025-08-01 04:36:27+00:00,2025-08-01 04:36:27+00:00,2025-08-01 04:36:27+00:00,2025-08-02 19:00:00+00:00,0.0,2025-08-02,2025,REG,LVA,MIN,1.0650939274792486,True,,0.5090245232268319,401736290,3906972,8,17,0,True,False,matched,6.0,2025-08-02,under,0.2078895521448721,1.9090909090909092,0.9090909090909092,1.0,False,False,False
2324,6c6f444b0566bca5e44355bf5c80110d,117,Courtney Williams,courtneywilliams,MIN,points,13.5,-130.0,100.0,10,10,2025-08-01 04:36:27+00:00,2025-08-01 04:36:27+00:00,2025-08-01 04:36:27+00:00,2025-08-02 19:00:00+00:00,0.0,2025-08-02,2025,REG,LVA,MIN,1.065217391304348,True,,0.5336835053940976,401736290,2987891,8,17,0,True,False,matched,9.0,2025-08-02,under,0.18272272380511956,2.0,1.0,1.0,False,False,False
2324,49092de90586dff6da5de3c556c277a7,125,Kayla McBride,kaylamcbride,MIN,points,13.5,-125.0,-102.0,10,10,2025-08-01 04:36:27+00:00,2025-08-01 04:36:27+00:00,2025-08-01 04:36:27+00:00,2025-08-02 19:00:00+00:00,0.0,2025-08-02,2025,REG,LVA,MIN,1.0605060506050605,True,,0.5260687813288253,401736290,2529205,8,17,0,True,False,matched,24.0,2025-08-02,under,0.11317644826274154,1.9803921568627452,-1.0,1.0,False,False,False
2322,3bd1933010f6e06843764e866c2b55f2,221,Tiffany Hayes,tiffanyhayes,GSV,points,12.5,-110.0,-118.0,10,10,2025-08-01 15:42:53+00:00,2025-08-01 15:42:53+00:00,2025-08-01 15:42:53+00:00,2025-08-01 23:30:00+00:00,0.0,2025-08-01,2025,REG,CHI,GSV,1.0650939274792486,True,,0.4909754767731684,401736287,1054,129689,19,0,True,True,did_not_play,,2025-08-01,under,0.19285907782100298,1.847457627118644,0.0,0.0,False,True,False
2322,34ae4f45dd3ccf04db542dcb3157520c,58,Carla Leite,carlaleite,PDX,points,9.5,-114.0,-114.0,10,10,2025-08-01 23:22:17+00:00,2025-08-01 23:22:17+00:00,2025-08-01 23:22:17+00:00,2025-08-01 23:30:00+00:00,0.0,2025-08-01,2025,REG,CHI,GSV,1.0654205607476634,True,,0.5000000000000001,401736287,5208982,129689,19,0,True,False,matched,11.0,2025-08-01,under,0.36346063349737917,1.8771929824561404,-1.0,1.0,False,False,False
2328,c0c60526fbfa07fa87f907d991579610,30,Kamilla Cardoso,kamillacardoso,CHI,rebounds,10.5,-108.0,-122.0,10,10,2025-08-02 05:26:03+00:00,2025-08-02 05:26:03+00:00,2025-08-02 05:26:03+00:00,2025-08-03 22:00:00+00:00,0.0,2025-08-03,2025,REG,CHI,PHX,1.0687803187803186,True,,0.48431040390879443,401736293,4433405,19,11,1,True,False,matched,10.0,2025-08-03,under,0.23855712350448421,1.819672131147541,0.819672131147541,1.0,False,False,False
2327,dbcfb4dd36b2ba01287a7bbbe6fad6e6,71,Aliyah Boston,aliyahboston,IND,points,14.5,-122.0,-106.0,10,10,2025-08-02 05:56:35+00:00,2025-08-02 05:56:35+00:00,2025-08-02 05:56:35+00:00,2025-08-03 19:00:00+00:00,0.0,2025-08-03,2025,REG,SEA,IND,1.064112656345666,True,,0.518058368553134,401736295,4432831,5,14,0,True,False,matched,16.0,2025-08-03,under,0.13553732352318182,1.9433962264150944,-1.0,1.0,False,False,False
2327,df98494b3b3c0b6e90c8bdfcc5dbad8f,180,Nneka Ogwumike,nnekaogwumike,LAS,rebounds,6.5,-140.0,106.0,10,10,2025-08-02 06:07:57+00:00,2025-08-02 06:07:57+00:00,2025-08-02 06:07:57+00:00,2025-08-03 19:00:00+00:00,0.0,2025-08-03,2025,REG,SEA,IND,1.0687702265372168,True,,0.5506638564937638,401736295,1068,14,5,1,True,False,matched,3.0,2025-08-03,under,0.24820033162958915,2.06,1.06,1.0,False,False,False
2327,ba3f4c9de5b1b59393e600ba91330027,208,Gabby Williams,gabbywilliams,GSV,points,12.5,-118.0,-110.0,10,10,2025-08-02 06:07:57+00:00,2025-08-02 06:07:57+00:00,2025-08-02 06:07:57+00:00,2025-08-03 19:00:00+00:00,0.0,2025-08-03,2025,REG,SEA,IND,1.0650939274792486,True,,0.5090245232268319,401736295,3142328,14,5,1,True,False,matched,12.0,2025-08-03,under,0.22374742792467223,1.9090909090909092,0.9090909090909092,1.0,False,False,False
2325,f7ec558c27f47d4a228ce5e9b7d82c11,141,Jonquel Jones,jonqueljones,NYL,assists,2.5,-168.0,126.0,10,10,2025-08-02 06:41:57+00:00,2025-08-02 06:41:57+00:00,2025-08-02 06:41:57+00:00,2025-08-03 17:00:00+00:00,0.0,2025-08-03,2025,REG,CON,NYL,1.0693435477479856,True,,0.5954775535118485,401736292,2999101,9,18,0,True,False,matched,4.0,2025-08-03,under,0.4320309212838383,2.26,-1.0,1.0,False,False,False
2325,efe712dc19497e16d8a2340724a979f3,22,Marina Mabrey,marinamabrey,TOR,rebounds,3.5,-172.0,128.0,10,10,2025-08-02 06:41:57+00:00,2025-08-02 06:41:57+00:00,2025-08-02 06:41:57+00:00,2025-08-03 17:00:00+00:00,0.0,2025-08-03,2025,REG,CON,NYL,1.0709494324045408,True,,0.6004234693007796,401736292,3904576,18,9,1,True,False,matched,3.0,2025-08-03,under,0.2638927841690552,2.2800000000000002,1.2800000000000002,1.0,False,False,False
2325,dc394b8127b98fe0449cec252c1a30e3,132,Sabrina Ionescu,sabrinaionescu,NYL,points,22.5,-104.0,-125.0,10,10,2025-08-02 06:41:57+00:00,2025-08-02 06:41:57+00:00,2025-08-02 06:41:57+00:00,2025-08-03 17:00:00+00:00,0.0,2025-08-03,2025,REG,CON,NYL,1.065359477124183,True,,0.4763687479911608,401736292,4066533,9,18,0,True,False,matched,36.0,2025-08-03,under,0.14870177829714532,1.8,-1.0,1.0,False,False,False
2325,285f4ecf217c7493f051e452c49ffc7d,274,Bria Hartley,briahartley,FA,assists,3.5,100.0,-132.0,10,10,2025-08-02 15:50:48+00:00,2025-08-02 15:50:48+00:00,2025-08-02 15:50:48+00:00,2025-08-03 17:00:00+00:00,0.0,2025-08-03,2025,REG,CON,NYL,1.0689655172413794,True,,0.46430627616618364,401736292,2529185,18,9,1,True,False,matched,4.0,2025-08-03,under,0.15156532576323972,1.7575757575757576,-1.0,1.0,False,False,False
2327,bb8729526417a128d82a409b63193ff6,156,Sophie Cunningham,sophiecunningham,IND,rebounds,4.5,-114.0,-114.0,10,10,2025-08-02 16:12:26+00:00,2025-08-02 16:12:26+00:00,2025-08-02 16:12:26+00:00,2025-08-03 19:00:00+00:00,0.0,2025-08-03,2025,REG,SEA,IND,1.0654205607476634,True,,0.5000000000000001,401736295,3907781,5,14,0,True,False,matched,5.0,2025-08-03,under,0.24756576123099971,1.8771929824561404,-1.0,1.0,False,False,False
2325,31b8f9843a801ad017ef8bc9e3de63d5,147,Leonie Fiebich,leoniefiebich,NYL,points,9.5,-110.0,-118.0,10,10,2025-08-02 16:16:32+00:00,2025-08-02 16:16:32+00:00,2025-08-02 16:16:32+00:00,2025-08-03 17:00:00+00:00,0.0,2025-08-03,2025,REG,CON,NYL,1.0650939274792486,True,,0.4909754767731684,401736292,4683006,9,18,0,True,False,matched,5.0,2025-08-03,under,0.10830920069488614,1.847457627118644,0.847457627118644,1.0,False,False,False
2327,30c9119482c71bec1f85077c025c71b6,66,Erica Wheeler,ericawheeler,LAS,threes,1.5,194.0,-270.0,10,10,2025-08-02 16:16:33+00:00,2025-08-02 16:16:33+00:00,2025-08-02 16:16:33+00:00,2025-08-03 19:00:00+00:00,0.0,2025-08-03,2025,REG,SEA,IND,1.0698657841514985,True,,0.2979582365398174,401736295,2491214,14,5,1,True,False,matched,1.0,2025-08-03,over,0.27674170017398425,2.94,-1.0,1.0,False,False,False
2327,5a9c4e2919536225bc485844a47ed0c7,88,Aari McDonald,aarimcdonald,FA,assists,4.5,-114.0,-114.0,10,10,2025-08-02 16:16:33+00:00,2025-08-02 16:16:33+00:00,2025-08-02 16:16:33+00:00,2025-08-03 19:00:00+00:00,0.0,2025-08-03,2025,REG,SEA,IND,1.0654205607476634,True,,0.5000000000000001,401736295,4066553,5,14,0,True,False,matched,9.0,2025-08-03,under,0.10308643878505064,1.8771929824561404,-1.0,1.0,False,False,False
2326,1271dbc1ab47e93687b8996981d4752a,49,Brionna Jones,brionnajones,ATL,points,13.5,-122.0,-106.0,10,10,2025-08-02 17:29:05+00:00,2025-08-02 17:29:05+00:00,2025-08-02 17:29:05+00:00,2025-08-03 19:00:00+00:00,0.0,2025-08-03,2025,REG,ATL,WAS,1.064112656345666,True,,0.518058368553134,401736291,3058895,20,16,1,True,False,matched,23.0,2025-08-03,under,0.30966187568288306,1.9433962264150944,-1.0,1.0,False,False,False
2326,c389d892ccedc441aac1dbf574cf37ea,1,Allisha Gray,allishagray,ATL,assists,3.5,-166.0,124.0,10,10,2025-08-02 17:29:05+00:00,2025-08-02 17:29:05+00:00,2025-08-02 17:29:05+00:00,2025-08-03 19:00:00+00:00,0.0,2025-08-03,2025,REG,ATL,WAS,1.0704887218045114,True,,0.5920365770215091,401736291,3058901,20,16,1,True,False,matched,4.0,2025-08-03,under,0.20480432396628523,2.24,-1.0,1.0,False,False,False
2326,219f4923589c8ef3698082fb68049268,2,Jordin Canada,jordincanada,ATL,points,13.5,102.0,-132.0,10,10,2025-08-02 17:29:06+00:00,2025-08-02 17:29:06+00:00,2025-08-02 17:29:06+00:00,2025-08-03 19:00:00+00:00,0.0,2025-08-03,2025,REG,ATL,WAS,1.0640150221918745,True,,0.4618487426836327,401736291,3142250,20,16,1,True,False,matched,16.0,2025-08-03,under,0.11151170041532127,1.7575757575757576,-1.0,1.0,False,False,False
2326,a1e9fb143ba9414d370d9ed2d26c0654,182,Brittney Sykes,brittneysykes,TOR,threes,1.5,178.0,-245.0,10,10,2025-08-02 17:33:31+00:00,2025-08-02 17:33:31+00:00,2025-08-02 17:33:31+00:00,2025-08-03 19:00:00+00:00,0.0,2025-08-03,2025,REG,ATL,WAS,1.0698571577520593,True,,0.3183263503331576,401736291,2988756,16,20,0,True,False,matched,0.0,2025-08-03,under,0.132123767237956,1.4081632653061225,0.40816326530612246,1.0,False,False,False
2326,98e6f6cace72eb320e73dea4f184c326,196,Shakira Austin,shakiraaustin,WAS,points,13.5,-118.0,-110.0,10,10,2025-08-02 17:33:32+00:00,2025-08-02 17:33:32+00:00,2025-08-02 17:33:32+00:00,2025-08-03 19:00:00+00:00,0.0,2025-08-03,2025,REG,ATL,WAS,1.0650939274792486,True,,0.5090245232268319,401736291,4398911,16,20,0,True,False,matched,16.0,2025-08-03,under,0.19915042830162533,1.9090909090909092,-1.0,1.0,False,False,False
2328,50a2f3ada5d8a08fcd10ee51d4547c55,54,Satou Sabally,satousabally,NYL,threes,1.5,-136.0,102.0,10,10,2025-08-02 17:38:00+00:00,2025-08-02 17:38:00+00:00,2025-08-02 17:38:00+00:00,2025-08-03 22:00:00+00:00,0.0,2025-08-03,2025,REG,CHI,PHX,1.071320691391173,True,,0.5420932924427202,401736293,4281929,11,19,0,True,True,did_not_play,,2025-08-03,under,0.19539304130471652,2.02,0.0,0.0,False,True,False
2328,8f094cf79e0503a5adfd7de468ac136a,33,Elizabeth Williams,elizabethwilliams,CHI,rebounds,5.5,-120.0,-110.0,10,10,2025-08-02 17:42:56+00:00,2025-08-02 17:42:56+00:00,2025-08-02 17:42:56+00:00,2025-08-03 22:00:00+00:00,0.0,2025-08-03,2025,REG,CHI,PHX,1.0692640692640691,True,,0.5112040114787568,401736293,2566081,19,11,1,True,False,matched,15.0,2025-08-03,under,0.23435932778584662,1.9090909090909092,-1.0,1.0,False,False,False
2328,8a3e54d2382f5c4a4c2b47dc03eb2200,36,Rachel Banham,rachelbanham,CHI,points,12.5,-128.0,-102.0,10,10,2025-08-02 17:42:57+00:00,2025-08-02 17:42:57+00:00,2025-08-02 17:42:57+00:00,2025-08-03 22:00:00+00:00,0.0,2025-08-03,2025,REG,CHI,PHX,1.0663540038214347,True,,0.5291749480305961,401736293,2566186,19,11,1,True,False,matched,2.0,2025-08-03,under,0.1677932218861652,1.9803921568627452,0.9803921568627452,1.0,False,False,False
2329,04aea79ce4e48f96683ea51c1d2093b1,537,Janelle Salaun,janellesalaun,GSV,points,12.5,-125.0,-104.0,10,10,2025-08-02 23:39:31+00:00,2025-08-02 23:39:31+00:00,2025-08-02 23:39:31+00:00,2025-08-03 22:00:00+00:00,0.0,2025-08-03,2025,REG,LVA,GSV,1.065359477124183,True,,0.5236312520088393,401736294,4790264,129689,17,0,True,False,matched,6.0,2025-08-03,under,0.35199878414288505,1.9615384615384617,0.9615384615384617,1.0,False,False,False
2329,cdcaa7123279d9e5111f8a9edefdf092,72,Temi Fagbenle,temifagbenle,TOR,points,7.5,-118.0,-110.0,10,10,2025-08-02 23:39:31+00:00,2025-08-02 23:39:31+00:00,2025-08-02 23:39:31+00:00,2025-08-03 22:00:00+00:00,0.0,2025-08-03,2025,REG,LVA,GSV,1.0650939274792486,True,,0.5090245232268319,401736294,2569044,129689,17,0,True,False,matched,0.0,2025-08-03,under,0.21429781896866446,1.9090909090909092,0.9090909090909092,1.0,False,False,False
2329,ab63d3b1ea6bec865374bc7fb2a5d2ce,55,Veronica Burton,veronicaburton,GSV,points,11.5,-108.0,-120.0,10,10,2025-08-02 23:39:31+00:00,2025-08-02 23:39:31+00:00,2025-08-02 23:39:31+00:00,2025-08-03 22:00:00+00:00,0.0,2025-08-03,2025,REG,LVA,GSV,1.0646853146853146,True,,0.48646030463369283,401736294,4398935,129689,17,0,True,False,matched,8.0,2025-08-03,under,0.21347389084429286,1.8333333333333335,0.8333333333333335,1.0,False,False,False
2329,ad2a15bfbe91c145710a145c3fdf2351,102,Jackie Young,jackieyoung,LVA,points,15.5,-130.0,100.0,10,10,2025-08-02 23:39:31+00:00,2025-08-02 23:39:31+00:00,2025-08-02 23:39:31+00:00,2025-08-03 22:00:00+00:00,0.0,2025-08-03,2025,REG,LVA,GSV,1.065217391304348,True,,0.5336835053940976,401736294,4065870,17,129689,1,True,False,matched,20.0,2025-08-03,under,0.15855143388747012,2.0,-1.0,1.0,False,False,False
2329,9aa35899b36c204cd1ffd6b5fe9b9ceb,107,Chelsea Gray,chelseagray,LVA,points,10.5,-102.0,-128.0,10,10,2025-08-02 23:39:31+00:00,2025-08-02 23:39:31+00:00,2025-08-02 23:39:31+00:00,2025-08-03 22:00:00+00:00,0.0,2025-08-03,2025,REG,LVA,GSV,1.0663540038214347,True,,0.47082505196940394,401736294,2529122,17,129689,1,True,False,matched,11.0,2025-08-03,under,0.13819372153336817,1.78125,-1.0,1.0,False,False,False
2329,dbf8563eeba2117e0eb0bead89d6a808,103,A'ja Wilson,ajawilson,LVA,points,22.5,-106.0,-122.0,10,10,2025-08-02 23:39:31+00:00,2025-08-02 23:39:31+00:00,2025-08-02 23:39:31+00:00,2025-08-03 22:00:00+00:00,0.0,2025-08-03,2025,REG,LVA,GSV,1.064112656345666,True,,0.4819416314468661,401736294,3149391,17,129689,1,True,False,matched,14.0,2025-08-03,under,0.10326536093213445,1.819672131147541,0.819672131147541,1.0,False,False,False
2328,251ad8a9c81c1909a267599c1f2a3396,563,Monique Akoa Makani,moniqueakoamakani,PHO,assists,3.5,100.0,-130.0,19,19,2025-08-03 02:55:49+00:00,2025-08-03 02:55:49+00:00,2025-08-03 02:55:49+00:00,2025-08-03 22:00:00+00:00,0.0,2025-08-03,2025,REG,CHI,PHX,1.065217391304348,True,,0.4663164946059025,401736293,5274110,11,19,0,True,False,matched,5.0,2025-08-03,under,0.28189252325161757,1.7692307692307692,-1.0,1.0,False,False,False
2325,12957b4d8f387a83abc8002999488596,297,Marine Johannes,marinejohannes,NYL,points,8.5,-113.0,-115.0,10,10,2025-08-03 05:50:19+00:00,2025-08-03 05:50:19+00:00,2025-08-03 05:50:19+00:00,2025-08-03 17:00:00+00:00,0.0,2025-08-03,2025,REG,CON,NYL,1.0654001528551151,True,,0.49774423259931944,401736292,4038379,9,18,0,True,False,matched,3.0,2025-08-03,under,0.29318704362363557,1.8695652173913042,0.8695652173913042,1.0,False,False,False
2330,f37a0aad5eef0475d373dc184f97bb98,132,Sabrina Ionescu,sabrinaionescu,NYL,threes,2.5,-180.0,134.0,10,10,2025-08-04 03:47:52+00:00,2025-08-04 03:47:52+00:00,2025-08-04 03:47:52+00:00,2025-08-05 23:00:00+00:00,0.0,2025-08-05,2025,REG,NYL,DAL,1.0702075702075702,True,,0.6116591953695215,401736296,4066533,9,3,1,True,False,matched,1.0,2025-08-05,under,0.3687492887998139,2.34,1.3399999999999999,1.0,False,False,False
2330,7a596f2228ae4e09985ae4f2e6c3fe2f,10,Haley Jones,haleyjones,DAL,points,8.5,-102.0,-128.0,10,10,2025-08-04 03:47:52+00:00,2025-08-04 03:47:52+00:00,2025-08-04 03:47:52+00:00,2025-08-05 23:00:00+00:00,0.0,2025-08-05,2025,REG,NYL,DAL,1.0663540038214347,True,,0.47082505196940394,401736296,4595910,3,9,0,True,False,matched,11.0,2025-08-05,under,0.2521596761045368,1.78125,-1.0,1.0,False,False,False
2330,83e34a151d7558d851e4e9d1571740c1,163,Natasha Cloud,natashacloud,CHI,rebounds,3.5,-158.0,118.0,10,10,2025-08-04 03:47:52+00:00,2025-08-04 03:47:52+00:00,2025-08-04 03:47:52+00:00,2025-08-05 23:00:00+00:00,0.0,2025-08-05,2025,REG,NYL,DAL,1.0711186971054691,True,,0.5796527091990534,401736296,2529137,9,3,1,True,False,matched,4.0,2025-08-05,under,0.17667273311252774,2.1799999999999997,-1.0,1.0,False,False,False
2330,3b6378d06dc608c4994dfb2e39909913,63,Arike Ogunbowale,arikeogunbowale,DAL,rebounds,2.5,-114.0,-114.0,10,10,2025-08-04 03:47:52+00:00,2025-08-04 03:47:52+00:00,2025-08-04 03:47:52+00:00,2025-08-05 23:00:00+00:00,0.0,2025-08-05,2025,REG,NYL,DAL,1.0654205607476634,True,,0.5000000000000001,401736296,3904577,3,9,0,True,False,matched,4.0,2025-08-05,under,0.169408141405736,1.8771929824561404,-1.0,1.0,False,False,False
2330,2492fb0de50a350a02281c8ecc7e0d28,141,Jonquel Jones,jonqueljones,NYL,rebounds,9.5,102.0,-136.0,10,10,2025-08-04 03:47:52+00:00,2025-08-04 03:47:52+00:00,2025-08-04 03:47:52+00:00,2025-08-05 23:00:00+00:00,0.0,2025-08-05,2025,REG,NYL,DAL,1.071320691391173,True,,0.4579067075572801,401736296,2999101,9,3,1,True,False,matched,10.0,2025-08-05,under,0.1331022144683608,1.7352941176470589,-1.0,1.0,False,False,False
2331,58b27f015abc49084bad1cbbc70d1702,196,Shakira Austin,shakiraaustin,WAS,rebounds,7.5,-146.0,110.0,10,10,2025-08-04 03:59:17+00:00,2025-08-04 03:59:17+00:00,2025-08-04 03:59:17+00:00,2025-08-06 00:00:00+00:00,0.0,2025-08-05,2025,REG,CHI,WAS,1.0696864111498257,True,,0.5607420039050215,401736297,4398911,16,19,0,True,False,matched,5.0,2025-08-05,under,0.2718497068998099,2.1,1.1,1.0,False,False,False
2331,78b0196376701a385e7d0c459bff4cd0,572,Kiki Iriafen,kikiiriafen,WAS,rebounds,7.5,-148.0,112.0,10,10,2025-08-04 03:59:17+00:00,2025-08-04 03:59:17+00:00,2025-08-04 03:59:17+00:00,2025-08-06 00:00:00+00:00,0.0,2025-08-05,2025,REG,CHI,WAS,1.0684723067559343,True,,0.5647227530167998,401736297,4898384,16,19,0,True,False,matched,6.0,2025-08-05,under,0.1470517342231838,2.12,1.12,1.0,False,False,False
2333,a2a72f5a3b1fda62d2f83883d9293cf1,101,Kelsey Plum,kelseyplum,LAS,assists,5.5,104.0,-136.0,10,10,2025-08-04 04:29:52+00:00,2025-08-04 04:29:52+00:00,2025-08-04 04:29:52+00:00,2025-08-06 02:00:00+00:00,0.0,2025-08-05,2025,REG,LAS,IND,1.0664672648720506,True,,0.45551193975064763,401736298,3065570,6,5,1,True,False,matched,11.0,2025-08-05,over,0.13811553644985242,2.04,1.04,1.0,False,False,False
2332,5a88cbc7cd7c0061c219ef03a69e03fe,121,Alanna Smith,alannasmith,DAL,points,12.5,100.0,-130.0,10,10,2025-08-04 05:13:13+00:00,2025-08-04 05:13:13+00:00,2025-08-04 05:13:13+00:00,2025-08-06 02:00:00+00:00,0.0,2025-08-05,2025,REG,SEA,MIN,1.065217391304348,True,,0.4663164946059025,401736300,3913881,8,14,0,True,False,matched,6.0,2025-08-05,under,0.3918206198880421,1.7692307692307692,0.7692307692307692,1.0,False,False,False
2332,f99ffb7f959da5b81e160051ebd9a7b7,116,Jessica Shepard,jessicashepard,DAL,points,9.5,-114.0,-114.0,10,10,2025-08-04 05:13:13+00:00,2025-08-04 05:13:13+00:00,2025-08-04 05:13:13+00:00,2025-08-06 02:00:00+00:00,0.0,2025-08-05,2025,REG,SEA,MIN,1.0654205607476634,True,,0.5000000000000001,401736300,3906949,8,14,0,True,False,matched,13.0,2025-08-05,under,0.3492343391989211,1.8771929824561404,-1.0,1.0,False,False,False
2332,5fafe869c7320f1872ce222ec5b4799f,125,Kayla McBride,kaylamcbride,MIN,points,17.5,100.0,-130.0,10,10,2025-08-04 05:13:13+00:00,2025-08-04 05:13:13+00:00,2025-08-04 05:13:13+00:00,2025-08-06 02:00:00+00:00,0.0,2025-08-05,2025,REG,SEA,MIN,1.065217391304348,True,,0.4663164946059025,401736300,2529205,8,14,0,True,False,matched,14.0,2025-08-05,under,0.21505488966606245,1.7692307692307692,0.7692307692307692,1.0,False,False,False
2332,98f463ca57abb8254d9d92ae04d7474f,208,Gabby Williams,gabbywilliams,GSV,points,11.5,-130.0,100.0,10,10,2025-08-04 05:13:13+00:00,2025-08-04 05:13:13+00:00,2025-08-04 05:13:13+00:00,2025-08-06 02:00:00+00:00,0.0,2025-08-05,2025,REG,SEA,MIN,1.065217391304348,True,,0.5336835053940976,401736300,3142328,14,8,1,True,False,matched,9.0,2025-08-05,under,0.2063947178217902,2.0,1.0,1.0,False,False,False
2332,2c35c19030537f3ab7a9f3920934a833,66,Erica Wheeler,ericawheeler,LAS,points,9.5,-130.0,100.0,10,10,2025-08-04 05:13:13+00:00,2025-08-04 05:13:13+00:00,2025-08-04 05:13:13+00:00,2025-08-06 02:00:00+00:00,0.0,2025-08-05,2025,REG,SEA,MIN,1.065217391304348,True,,0.5336835053940976,401736300,2491214,14,8,1,True,False,matched,19.0,2025-08-05,under,0.15338415667454436,2.0,-1.0,1.0,False,False,False
2332,7ba985ea103aa7d0ba379642079d5004,117,Courtney Williams,courtneywilliams,MIN,points,13.5,-113.0,-115.0,10,10,2025-08-04 05:13:14+00:00,2025-08-04 05:13:14+00:00,2025-08-04 05:13:14+00:00,2025-08-06 02:00:00+00:00,0.0,2025-08-05,2025,REG,SEA,MIN,1.0654001528551151,True,,0.49774423259931944,401736300,2987891,8,14,0,True,False,matched,20.0,2025-08-05,under,0.16056242421771644,1.8695652173913042,-1.0,1.0,False,False,False
2332,f524b51a111e9c8d47df2690648cdfc1,176,Ezi Magbegor,ezimagbegor,SEA,points,8.5,-122.0,-106.0,10,10,2025-08-04 05:13:14+00:00,2025-08-04 05:13:14+00:00,2025-08-04 05:13:14+00:00,2025-08-06 02:00:00+00:00,0.0,2025-08-05,2025,REG,SEA,MIN,1.064112656345666,True,,0.518058368553134,401736300,4420318,14,8,1,True,False,matched,8.0,2025-08-05,under,0.11987051552477584,1.9433962264150944,0.9433962264150944,1.0,False,False,False
2334,5dfb045edd24941091580bfc67c46c12,22,Marina Mabrey,marinamabrey,TOR,threes,1.5,-188.0,140.0,10,10,2025-08-04 14:20:48+00:00,2025-08-04 14:20:48+00:00,2025-08-04 14:20:48+00:00,2025-08-06 02:00:00+00:00,0.0,2025-08-05,2025,REG,PHX,CON,1.0694444444444444,True,,0.6222928210344938,401736299,3904576,18,11,0,True,False,matched,2.0,2025-08-05,under,0.1129177503877109,2.4,-1.0,1.0,False,False,False
2334,e664d9d3f9937c0e9320bfb7100b1ff4,519,Aneesah Morrow,aneesahmorrow,CON,points,8.5,-118.0,-110.0,10,10,2025-08-04 14:26:19+00:00,2025-08-04 14:26:19+00:00,2025-08-04 14:26:19+00:00,2025-08-06 02:00:00+00:00,0.0,2025-08-05,2025,REG,PHX,CON,1.0650939274792486,True,,0.5090245232268319,401736299,4684384,18,11,0,True,False,matched,0.0,2025-08-05,under,0.11012145301141091,1.9090909090909092,0.9090909090909092,1.0,False,False,False
2334,4586654e48c4ff3c497c2ea013648daa,40,Alyssa Thomas,alyssathomas,PHO,points,16.5,-114.0,-114.0,10,10,2025-08-04 14:26:20+00:00,2025-08-04 14:26:20+00:00,2025-08-04 14:26:20+00:00,2025-08-06 02:00:00+00:00,0.0,2025-08-05,2025,REG,PHX,CON,1.0654205607476634,True,,0.5000000000000001,401736299,2529140,11,18,1,True,False,matched,13.0,2025-08-05,under,0.16651338860235,1.8771929824561404,0.8771929824561404,1.0,False,False,False
2334,fc60b3f34af55c303e651df27fdc7fb5,54,Satou Sabally,satousabally,NYL,rebounds,5.5,-125.0,-106.0,10,10,2025-08-04 14:26:20+00:00,2025-08-04 14:26:20+00:00,2025-08-04 14:26:20+00:00,2025-08-06 02:00:00+00:00,0.0,2025-08-05,2025,REG,PHX,CON,1.070118662351672,True,,0.5212291071384377,401736299,4281929,11,18,1,True,False,matched,6.0,2025-08-05,under,0.11306250167461784,1.9433962264150944,-1.0,1.0,False,False,False
2333,d2d805f006b2b2fb99ffd9150e5be4c0,87,Cameron Brink,cameronbrink,LAS,threes,0.5,-135.0,105.0,24,24,2025-08-04 15:52:51+00:00,2025-08-04 15:52:51+00:00,2025-08-04 15:52:51+00:00,2025-08-06 02:00:00+00:00,0.0,2025-08-05,2025,REG,LAS,IND,1.0622729631551635,True,,0.5446886059829622,401736298,4433404,6,5,1,True,False,matched,0.0,2025-08-05,under,0.10030513338155017,2.05,1.0499999999999998,1.0,False,False,False
2331,f4264a789bec9dfb2e75d3ef19a3453e,30,Kamilla Cardoso,kamillacardoso,CHI,points,12.5,-130.0,100.0,10,10,2025-08-04 22:54:33+00:00,2025-08-04 22:54:33+00:00,2025-08-04 22:54:33+00:00,2025-08-06 00:00:00+00:00,0.0,2025-08-05,2025,REG,CHI,WAS,1.065217391304348,True,,0.5336835053940976,401736297,4433405,19,16,1,True,False,matched,16.0,2025-08-05,under,0.12769051658232627,2.0,-1.0,1.0,False,False,False
2331,b99686975d0619862c25c140cbfbdc06,36,Rachel Banham,rachelbanham,CHI,points,11.5,-125.0,-104.0,10,10,2025-08-04 22:59:47+00:00,2025-08-04 22:59:47+00:00,2025-08-04 22:59:47+00:00,2025-08-06 00:00:00+00:00,0.0,2025-08-05,2025,REG,CHI,WAS,1.065359477124183,True,,0.5236312520088393,401736297,2566186,19,16,1,True,False,matched,5.0,2025-08-05,under,0.19853282407157202,1.9615384615384617,0.9615384615384617,1.0,False,False,False
2332,364a0d9ac36304d5d8df9ed175c2ca7b,128,Bridget Carleton,bridgetcarleton,PDX,points,8.5,130.0,-170.0,13,13,2025-08-04 23:45:11+00:00,2025-08-04 23:45:11+00:00,2025-08-04 23:45:11+00:00,2025-08-06 02:00:00+00:00,0.0,2025-08-05,2025,REG,SEA,MIN,1.0644122383252816,True,,0.399381640165784,401736300,3906972,8,14,0,True,False,matched,12.0,2025-08-05,under,0.13268631975104306,1.5882352941176472,-1.0,1.0,False,False,False
2333,2374c2bc825ffaeee6874e3edfab433b,56,Natasha Howard,natashahoward,MIN,assists,2.5,-130.0,-110.0,33,33,2025-08-05 04:23:53+00:00,2025-08-05 04:23:53+00:00,2025-08-05 04:23:53+00:00,2025-08-06 02:00:00+00:00,0.0,2025-08-05,2025,REG,LAS,IND,1.0890269151138718,True,,0.521679232465576,401736298,2529130,5,6,0,True,False,matched,2.0,2025-08-05,under,0.17354149547916237,1.9090909090909092,0.9090909090909092,1.0,False,False,False
2333,e3003d76b5f9793a23cac106140d3b48,88,Aari McDonald,aarimcdonald,FA,rebounds,2.5,-130.0,-110.0,33,33,2025-08-05 04:23:53+00:00,2025-08-05 04:23:53+00:00,2025-08-05 04:23:53+00:00,2025-08-06 02:00:00+00:00,0.0,2025-08-05,2025,REG,LAS,IND,1.0890269151138718,True,,0.521679232465576,401736298,4066553,5,6,0,True,False,matched,5.0,2025-08-05,under,0.13729736742491666,1.9090909090909092,-1.0,1.0,False,False,False
2335,804dc6946d759f8c009bf1bf1d3547d1,103,A'ja Wilson,ajawilson,LVA,points,21.5,-128.0,-102.0,10,10,2025-08-05 04:56:25+00:00,2025-08-05 04:56:25+00:00,2025-08-05 04:56:25+00:00,2025-08-07 02:00:00+00:00,0.0,2025-08-06,2025,REG,GSV,LVA,1.0663540038214347,True,,0.5291749480305961,401736301,3149391,17,129689,0,True,False,matched,27.0,2025-08-06,under,0.27044507526494693,1.9803921568627452,-1.0,1.0,False,False,False
2335,3a8e94a12bd341fedba7d82647fc5d2d,221,Tiffany Hayes,tiffanyhayes,GSV,points,12.5,-113.0,-115.0,10,10,2025-08-05 04:56:25+00:00,2025-08-05 04:56:25+00:00,2025-08-05 04:56:25+00:00,2025-08-07 02:00:00+00:00,0.0,2025-08-06,2025,REG,GSV,LVA,1.0654001528551151,True,,0.49774423259931944,401736301,1054,129689,17,1,True,False,matched,14.0,2025-08-06,under,0.19952209638878898,1.8695652173913042,-1.0,1.0,False,False,False
2335,d079f265cc03470ef011056aea59cdc0,166,Jewell Loyd,jewellloyd,LVA,points,12.5,-114.0,-114.0,10,10,2025-08-05 04:56:25+00:00,2025-08-05 04:56:25+00:00,2025-08-05 04:56:25+00:00,2025-08-07 02:00:00+00:00,0.0,2025-08-06,2025,REG,GSV,LVA,1.0654205607476634,True,,0.5000000000000001,401736301,2987869,17,129689,0,True,False,matched,14.0,2025-08-06,under,0.1402691958849107,1.8771929824561404,-1.0,1.0,False,False,False
2335,d23db7ab82a108f7c954d64c7fec7b2b,102,Jackie Young,jackieyoung,LVA,threes,1.5,-130.0,-102.0,10,10,2025-08-05 04:56:25+00:00,2025-08-05 04:56:25+00:00,2025-08-05 04:56:25+00:00,2025-08-07 02:00:00+00:00,0.0,2025-08-06,2025,REG,GSV,LVA,1.0701678863538528,True,,0.5312123494364493,401736301,4065870,17,129689,0,True,False,matched,1.0,2025-08-06,under,0.10829110532281155,1.9803921568627452,0.9803921568627452,1.0,False,False,False
2335,d9bef32eb6adda0131a04a410546f63f,55,Veronica Burton,veronicaburton,GSV,points,10.5,-114.0,-114.0,10,10,2025-08-05 15:39:42+00:00,2025-08-05 15:39:42+00:00,2025-08-05 15:39:42+00:00,2025-08-07 02:00:00+00:00,0.0,2025-08-06,2025,REG,GSV,LVA,1.0654205607476634,True,,0.5000000000000001,401736301,4398935,129689,17,1,True,False,matched,6.0,2025-08-06,under,0.1388902203159606,1.8771929824561404,0.8771929824561404,1.0,False,False,False
2335,191a08834dd5a66227c27b25339c00fb,537,Janelle Salaun,janellesalaun,GSV,rebounds,4.5,-138.0,104.0,10,10,2025-08-05 15:39:42+00:00,2025-08-05 15:39:42+00:00,2025-08-05 15:39:42+00:00,2025-08-07 02:00:00+00:00,0.0,2025-08-06,2025,REG,GSV,LVA,1.0700280112044818,True,,0.5464208361470752,401736301,4790264,129689,17,1,True,False,matched,3.0,2025-08-06,under,0.11351921883606753,2.04,1.04,1.0,False,False,False
2331,047493236022e016cf6c423cc1091a8d,185,Ariel Atkins,arielatkins,LAS,points,10.5,100.0,-130.0,19,19,2025-08-05 19:14:15+00:00,2025-08-05 19:14:15+00:00,2025-08-05 19:14:15+00:00,2025-08-06 00:00:00+00:00,0.0,2025-08-05,2025,REG,CHI,WAS,1.065217391304348,True,,0.4663164946059025,401736297,3146151,19,16,1,True,False,matched,15.0,2025-08-05,over,0.12539763300300238,2.0,1.0,1.0,False,False,False
2334,2db1e83d7e3b59061c58cdd0dce8d370,9,Tina Charles,tinacharles,FA,assists,1.5,-213.0,155.0,60,60,2025-08-05 23:04:53+00:00,2025-08-05 23:04:53+00:00,2025-08-05 23:04:53+00:00,2025-08-06 02:00:00+00:00,0.0,2025-08-05,2025,REG,PHX,CON,1.0726680448537242,True,,0.6496711932550505,401736299,918,18,11,0,True,False,matched,1.0,2025-08-05,under,0.10636152320853975,2.55,1.5499999999999998,1.0,False,False,False
2331,6f81a245eb964ab36e3d788f832d608e,33,Elizabeth Williams,elizabethwilliams,CHI,points,10.5,104.0,-135.0,10,10,2025-08-05 23:59:49+00:00,2025-08-05 23:59:49+00:00,2025-08-05 23:59:49+00:00,2025-08-06 00:00:00+00:00,0.0,2025-08-05,2025,REG,CHI,WAS,1.0646641635377556,True,,0.45648742045938223,401736297,2566081,19,16,1,True,False,matched,18.0,2025-08-05,under,0.14459253521253762,1.7407407407407407,-1.0,1.0,False,False,False
2338,c7c31ac2f62997c08244396c017e27b9,70,Kelsey Mitchell,kelseymitchell,IND,threes,2.5,-114.0,-114.0,10,10,2025-08-06 05:48:11+00:00,2025-08-06 05:48:11+00:00,2025-08-06 05:48:11+00:00,2025-08-08 02:00:00+00:00,0.0,2025-08-07,2025,REG,PHX,IND,1.0654205607476634,True,,0.5000000000000001,401736304,3142191,5,11,0,True,False,matched,1.0,2025-08-07,under,0.13615286687763023,1.8771929824561404,0.8771929824561404,1.0,False,False,False
2338,9fee7b4b1b2136df817a785bbe462fa5,88,Aari McDonald,aarimcdonald,FA,points,10.5,-114.0,-114.0,10,10,2025-08-06 05:53:51+00:00,2025-08-06 05:53:51+00:00,2025-08-06 05:53:51+00:00,2025-08-08 02:00:00+00:00,0.0,2025-08-07,2025,REG,PHX,IND,1.0654205607476634,True,,0.5000000000000001,401736304,4066553,5,11,0,True,False,matched,4.0,2025-08-07,under,0.11920955880049927,1.8771929824561404,0.8771929824561404,1.0,False,False,False
2338,f9cfa6bccf8c552c25a43aeeaa24bfa6,155,Kahleah Copper,kahleahcopper,PHO,threes,1.5,116.0,-158.0,10,10,2025-08-06 05:53:51+00:00,2025-08-06 05:53:51+00:00,2025-08-06 05:53:51+00:00,2025-08-08 02:00:00+00:00,0.0,2025-08-07,2025,REG,PHX,IND,1.0753660637381568,True,,0.42236202274290213,401736304,2998938,11,5,1,True,False,matched,1.0,2025-08-07,over,0.11807333303341716,2.16,-1.0,1.0,False,False,False
2337,7f2a6e2852fa320dac49718924eab622,94,Rickea Jackson,rickeajackson,CHI,rebounds,3.5,-172.0,128.0,10,10,2025-08-06 06:03:58+00:00,2025-08-06 06:03:58+00:00,2025-08-06 06:03:58+00:00,2025-08-08 02:00:00+00:00,0.0,2025-08-07,2025,REG,LAS,CON,1.0709494324045408,True,,0.6004234693007796,401736303,4433630,6,18,1,True,False,matched,1.0,2025-08-07,under,0.12257906786124417,2.2800000000000002,1.2800000000000002,1.0,False,False,False
2337,7467182955a500003cb863e5768b4102,9,Tina Charles,tinacharles,FA,rebounds,6.5,-152.0,114.0,10,10,2025-08-06 06:03:59+00:00,2025-08-06 06:03:59+00:00,2025-08-06 06:03:59+00:00,2025-08-08 02:00:00+00:00,0.0,2025-08-07,2025,REG,LAS,CON,1.0704643228007713,True,,0.5703965275254933,401736303,918,18,6,0,True,False,matched,7.0,2025-08-07,under,0.1269710946557061,2.1399999999999997,-1.0,1.0,False,False,False
2337,51b2617ea4227fd62a18db3f6bbb7dcd,274,Bria Hartley,briahartley,FA,threes,1.5,118.0,-158.0,10,10,2025-08-06 06:03:59+00:00,2025-08-06 06:03:59+00:00,2025-08-06 06:03:59+00:00,2025-08-08 02:00:00+00:00,0.0,2025-08-07,2025,REG,LAS,CON,1.0711186971054691,True,,0.42034729080094674,401736303,2529185,18,6,0,True,False,matched,4.0,2025-08-07,over,0.10738651389724757,2.1799999999999997,1.1799999999999997,1.0,False,False,False
2337,1addd09437c57539f1222d820d31a805,87,Cameron Brink,cameronbrink,LAS,rebounds,3.5,-118.0,-110.0,10,10,2025-08-06 06:03:59+00:00,2025-08-06 06:03:59+00:00,2025-08-06 06:03:59+00:00,2025-08-08 02:00:00+00:00,0.0,2025-08-07,2025,REG,LAS,CON,1.0650939274792486,True,,0.5090245232268319,401736303,4433404,6,18,1,True,False,matched,5.0,2025-08-07,over,0.10174333997021745,1.847457627118644,0.847457627118644,1.0,False,False,False
2336,5be9da0fb6337bfeb01c6708aa9f1d2a,49,Brionna Jones,brionnajones,ATL,points,13.5,-114.0,-114.0,10,10,2025-08-07 04:27:18+00:00,2025-08-07 04:27:18+00:00,2025-08-07 04:27:18+00:00,2025-08-08 00:00:00+00:00,0.0,2025-08-07,2025,REG,CHI,ATL,1.0654205607476634,True,,0.5000000000000001,401736302,3058895,20,19,0,True,False,matched,8.0,2025-08-07,under,0.1849797898459754,1.8771929824561404,0.8771929824561404,1.0,False,False,False
2336,5786c3bbff33a63d67946d825bd41f01,30,Kamilla Cardoso,kamillacardoso,CHI,points,12.5,-128.0,-102.0,10,10,2025-08-07 04:27:18+00:00,2025-08-07 04:27:18+00:00,2025-08-07 04:27:18+00:00,2025-08-08 00:00:00+00:00,0.0,2025-08-07,2025,REG,CHI,ATL,1.0663540038214347,True,,0.5291749480305961,401736302,4433405,19,20,1,True,False,matched,12.0,2025-08-07,under,0.11528566155124315,1.9803921568627452,0.9803921568627452,1.0,False,False,False
2336,472ab79026a0bfe141f2f619c63f8b2b,1,Allisha Gray,allishagray,ATL,points,18.5,-108.0,-120.0,10,10,2025-08-07 04:27:18+00:00,2025-08-07 04:27:18+00:00,2025-08-07 04:27:18+00:00,2025-08-08 00:00:00+00:00,0.0,2025-08-07,2025,REG,CHI,ATL,1.0646853146853146,True,,0.48646030463369283,401736302,3058901,20,19,0,True,False,matched,25.0,2025-08-07,under,0.11001329620576766,1.8333333333333335,-1.0,1.0,False,False,False
2336,4e163c672f52dfb04c175c98c4d314d0,185,Ariel Atkins,arielatkins,LAS,assists,2.5,-138.0,104.0,10,10,2025-08-07 04:31:40+00:00,2025-08-07 04:31:40+00:00,2025-08-07 04:31:40+00:00,2025-08-08 00:00:00+00:00,0.0,2025-08-07,2025,REG,CHI,ATL,1.0700280112044818,True,,0.5464208361470752,401736302,3146151,19,20,1,True,False,matched,4.0,2025-08-07,over,0.10794225481541553,1.7246376811594204,0.7246376811594204,1.0,False,False,False
2336,0a0e8c73875f04ecabd1050bd2ed3b93,2,Jordin Canada,jordincanada,ATL,points,12.5,-120.0,-108.0,10,10,2025-08-07 04:31:41+00:00,2025-08-07 04:31:41+00:00,2025-08-07 04:31:41+00:00,2025-08-08 00:00:00+00:00,0.0,2025-08-07,2025,REG,CHI,ATL,1.0646853146853146,True,,0.5135396953663074,401736302,3142250,20,19,0,True,False,matched,17.0,2025-08-07,under,0.11399082083923234,1.925925925925926,-1.0,1.0,False,False,False
2336,9bc56084b14cebec24b7ba374f038a74,33,Elizabeth Williams,elizabethwilliams,CHI,rebounds,6.5,-138.0,104.0,10,10,2025-08-07 04:36:53+00:00,2025-08-07 04:36:53+00:00,2025-08-07 04:36:53+00:00,2025-08-08 00:00:00+00:00,0.0,2025-08-07,2025,REG,CHI,ATL,1.0700280112044818,True,,0.5464208361470752,401736302,2566081,19,20,1,True,False,matched,4.0,2025-08-07,under,0.23216493323686166,2.04,1.04,1.0,False,False,False
2336,47bd5d7f7a278498467a3e02d84f86c9,16,Naz Hillmon,nazhillmon,ATL,points,11.5,-106.0,-122.0,10,10,2025-08-07 04:36:53+00:00,2025-08-07 04:36:53+00:00,2025-08-07 04:36:53+00:00,2025-08-08 00:00:00+00:00,0.0,2025-08-07,2025,REG,CHI,ATL,1.064112656345666,True,,0.4819416314468661,401736302,4398915,20,19,0,True,False,matched,7.0,2025-08-07,under,0.1637074779678911,1.819672131147541,0.819672131147541,1.0,False,False,False
2339,b32f8986a7739c5c60b9703f2ceacb55,63,Arike Ogunbowale,arikeogunbowale,DAL,assists,4.5,135.0,-165.0,24,24,2025-08-07 12:56:13+00:00,2025-08-07 12:56:13+00:00,2025-08-07 12:56:13+00:00,2025-08-08 23:30:00+00:00,0.0,2025-08-08,2025,REG,DAL,NYL,1.0481734243275793,True,,0.3991056903902242,401736305,3904577,3,9,1,True,False,matched,3.0,2025-08-08,over,0.11904076420989818,2.35,-1.0,1.0,False,False,False
2339,d5816083d0d8dd0e34568558667e9026,163,Natasha Cloud,natashacloud,CHI,assists,5.5,-145.0,115.0,24,24,2025-08-07 12:56:14+00:00,2025-08-07 12:56:14+00:00,2025-08-07 12:56:14+00:00,2025-08-08 23:30:00+00:00,0.0,2025-08-08,2025,REG,DAL,NYL,1.056953013763645,True,,0.5651598000470045,401736305,2529137,9,3,0,True,False,matched,3.0,2025-08-08,under,0.15232862576009265,2.15,1.15,1.0,False,False,False
2340,34687335a6347746f753e24d9b4149a9,573,Sonia Citron,soniacitron,WAS,threes,1.5,-115.0,-115.0,24,24,2025-08-07 12:56:14+00:00,2025-08-07 12:56:14+00:00,2025-08-07 12:56:14+00:00,2025-08-08 23:30:00+00:00,0.0,2025-08-08,2025,REG,MIN,WAS,1.0697674418604652,True,,0.5,401736306,4433524,16,8,0,True,False,matched,4.0,2025-08-08,under,0.11412253762046742,1.8695652173913042,-1.0,1.0,False,False,False
2339,15492b0936c1e2d28c86b492a902cf28,132,Sabrina Ionescu,sabrinaionescu,NYL,threes,2.5,-105.0,-125.0,24,24,2025-08-07 12:56:14+00:00,2025-08-07 12:56:14+00:00,2025-08-07 12:56:14+00:00,2025-08-08 23:30:00+00:00,0.0,2025-08-08,2025,REG,DAL,NYL,1.067750677506775,True,,0.47757418034290006,401736305,4066533,9,3,0,True,False,matched,1.0,2025-08-08,under,0.11034406797206697,1.8,0.8,1.0,False,False,False
2341,2aeee7c5651dc1c7b1d4f198f3362152,175,Skylar Diggins,skylardiggins,CHI,assists,6.5,100.0,-130.0,24,24,2025-08-07 13:05:05+00:00,2025-08-07 13:05:05+00:00,2025-08-07 13:05:05+00:00,2025-08-09 02:00:00+00:00,0.0,2025-08-08,2025,REG,LVA,SEA,1.065217391304348,True,,0.4663164946059025,401736307,2491205,14,17,0,True,False,matched,6.0,2025-08-08,under,0.14658949440497104,1.7692307692307692,0.7692307692307692,1.0,False,False,False
2341,026870d39f566f17aa5327885bc387ad,102,Jackie Young,jackieyoung,LVA,threes,1.5,-140.0,110.0,24,24,2025-08-07 13:05:06+00:00,2025-08-07 13:05:06+00:00,2025-08-07 13:05:06+00:00,2025-08-09 02:00:00+00:00,0.0,2025-08-08,2025,REG,LVA,SEA,1.0595238095238093,True,,0.555167954788897,401736307,4065870,17,14,1,True,False,matched,4.0,2025-08-08,under,0.16297093461800333,2.1,-1.0,1.0,False,False,False
2341,cf2df040c3d85d2d880bcffed8e3b337,166,Jewell Loyd,jewellloyd,LVA,threes,1.5,-115.0,-115.0,24,24,2025-08-07 13:05:06+00:00,2025-08-07 13:05:06+00:00,2025-08-07 13:05:06+00:00,2025-08-09 02:00:00+00:00,0.0,2025-08-08,2025,REG,LVA,SEA,1.0697674418604652,True,,0.5,401736307,2987869,17,14,1,True,False,matched,3.0,2025-08-08,over,0.11435775122776254,1.8695652173913042,0.8695652173913042,1.0,False,False,False
2339,8161d5e14704f7ba92da8bf88d5059bc,147,Leonie Fiebich,leoniefiebich,NYL,rebounds,3.5,-162.0,122.0,10,10,2025-08-07 17:50:24+00:00,2025-08-07 17:50:24+00:00,2025-08-07 17:50:24+00:00,2025-08-08 23:30:00+00:00,0.0,2025-08-08,2025,REG,DAL,NYL,1.0687710611374732,True,,0.5868918088955871,401736305,4683006,9,3,0,True,False,matched,2.0,2025-08-08,under,0.18443911933071272,2.2199999999999998,1.2199999999999998,1.0,False,False,False
2339,45fd3614a4a5885d1b2101d2a68186b1,141,Jonquel Jones,jonqueljones,NYL,rebounds,9.5,100.0,-132.0,10,10,2025-08-07 17:50:24+00:00,2025-08-07 17:50:24+00:00,2025-08-07 17:50:24+00:00,2025-08-08 23:30:00+00:00,0.0,2025-08-08,2025,REG,DAL,NYL,1.0689655172413794,True,,0.46430627616618364,401736305,2999101,9,3,0,True,False,matched,6.0,2025-08-08,under,0.1635312278659093,1.7575757575757576,0.7575757575757576,1.0,False,False,False
2340,2b158db4d128871c8d8ef31917264f54,196,Shakira Austin,shakiraaustin,WAS,points,14.5,-128.0,-102.0,10,10,2025-08-07 20:23:17+00:00,2025-08-07 20:23:17+00:00,2025-08-07 20:23:17+00:00,2025-08-08 23:30:00+00:00,0.0,2025-08-08,2025,REG,MIN,WAS,1.0663540038214347,True,,0.5291749480305961,401736306,4398911,16,8,0,True,False,matched,12.0,2025-08-08,under,0.3368506302209435,1.9803921568627452,0.9803921568627452,1.0,False,False,False
2340,773f725662e5bb667336397bae7b90cd,121,Alanna Smith,alannasmith,DAL,points,10.5,-110.0,-118.0,10,10,2025-08-07 20:23:17+00:00,2025-08-07 20:23:17+00:00,2025-08-07 20:23:17+00:00,2025-08-08 23:30:00+00:00,0.0,2025-08-08,2025,REG,MIN,WAS,1.0650939274792486,True,,0.4909754767731684,401736306,3913881,8,16,1,True,False,matched,25.0,2025-08-08,under,0.2923571019013082,1.847457627118644,-1.0,1.0,False,False,False
2340,0cd7503b1633312d91898d84023ac023,117,Courtney Williams,courtneywilliams,MIN,points,14.5,-114.0,-114.0,10,10,2025-08-07 20:23:18+00:00,2025-08-07 20:23:18+00:00,2025-08-07 20:23:18+00:00,2025-08-08 23:30:00+00:00,0.0,2025-08-08,2025,REG,MIN,WAS,1.0654205607476634,True,,0.5000000000000001,401736306,2987891,8,16,1,True,False,matched,14.0,2025-08-08,under,0.15442103456401668,1.8771929824561404,0.8771929824561404,1.0,False,False,False
2341,b78b7d0305b580bfeb0823e56cce354d,180,Nneka Ogwumike,nnekaogwumike,LAS,rebounds,6.5,-136.0,102.0,10,10,2025-08-07 22:24:56+00:00,2025-08-07 22:24:56+00:00,2025-08-07 22:24:56+00:00,2025-08-09 02:00:00+00:00,0.0,2025-08-08,2025,REG,LVA,SEA,1.071320691391173,True,,0.5420932924427202,401736307,1068,14,17,0,True,False,matched,9.0,2025-08-08,under,0.17020600572961714,2.02,-1.0,1.0,False,False,False
2341,00fcf42c7fb666096e97d4ce492f0ae3,208,Gabby Williams,gabbywilliams,GSV,threes,1.5,148.0,-200.0,10,10,2025-08-07 22:24:56+00:00,2025-08-07 22:24:56+00:00,2025-08-07 22:24:56+00:00,2025-08-09 02:00:00+00:00,0.0,2025-08-08,2025,REG,LVA,SEA,1.0698924731182795,True,,0.3634985050458517,401736307,3142328,14,17,0,True,False,matched,1.0,2025-08-08,under,0.170087608034242,1.5,0.5,1.0,False,False,False
2341,924f18d6d793e8577b0400fbdaf84943,103,A'ja Wilson,ajawilson,LVA,rebounds,10.5,104.0,-138.0,10,10,2025-08-07 22:24:56+00:00,2025-08-07 22:24:56+00:00,2025-08-07 22:24:56+00:00,2025-08-09 02:00:00+00:00,0.0,2025-08-08,2025,REG,LVA,SEA,1.0700280112044818,True,,0.4535791638529251,401736307,3149391,17,14,1,True,False,matched,12.0,2025-08-08,under,0.14595935123533182,1.7246376811594204,-1.0,1.0,False,False,False
2337,4da1f4309549941e5a3f7e8b66a3f2e1,84,Julie Allemand,julieallemand,TOR,rebounds,4.5,-125.0,-106.0,10,10,2025-08-08 00:04:32+00:00,2025-08-08 00:04:32+00:00,2025-08-08 00:04:32+00:00,2025-08-08 02:00:00+00:00,0.0,2025-08-07,2025,REG,LAS,CON,1.070118662351672,True,,0.5212291071384377,401736303,4001679,6,18,1,True,False,matched,10.0,2025-08-07,under,0.154397915521376,1.9433962264150944,-1.0,1.0,False,False,False
2340,7ba2cdb7e58f4c84becccffb2ce0e37d,116,Jessica Shepard,jessicashepard,DAL,rebounds,9.5,-114.0,-114.0,10,10,2025-08-08 05:16:13+00:00,2025-08-08 05:16:13+00:00,2025-08-08 05:16:13+00:00,2025-08-08 23:30:00+00:00,0.0,2025-08-08,2025,REG,MIN,WAS,1.0654205607476634,True,,0.5000000000000001,401736306,3906949,8,16,1,True,False,matched,6.0,2025-08-08,under,0.40569750013341566,1.8771929824561404,0.8771929824561404,1.0,False,False,False
2341,7b397e4dcd73538226631e276d16a606,66,Erica Wheeler,ericawheeler,LAS,rebounds,2.5,-162.0,122.0,10,10,2025-08-08 05:16:15+00:00,2025-08-08 05:16:15+00:00,2025-08-08 05:16:15+00:00,2025-08-09 02:00:00+00:00,0.0,2025-08-08,2025,REG,LVA,SEA,1.0687710611374732,True,,0.5868918088955871,401736307,2491214,14,17,0,True,False,matched,0.0,2025-08-08,under,0.12018181482333146,2.2199999999999998,1.2199999999999998,1.0,False,False,False
2340,9eb7c6db7f20666aa9c2e12510337975,149,Sug Sutton,sugsutton,DAL,points,9.5,-115.0,-113.0,10,10,2025-08-08 05:21:42+00:00,2025-08-08 05:21:42+00:00,2025-08-08 05:21:42+00:00,2025-08-08 23:30:00+00:00,0.0,2025-08-08,2025,REG,MIN,WAS,1.0654001528551151,True,,0.5022557674006809,401736306,4068159,16,8,0,True,False,matched,4.0,2025-08-08,under,0.35243464879007574,1.8849557522123894,0.8849557522123894,1.0,False,False,False
2342,df0c44bc7cb44ae621046cd30a176b0c,30,Kamilla Cardoso,kamillacardoso,CHI,rebounds,10.5,-114.0,-114.0,10,10,2025-08-08 06:48:40+00:00,2025-08-08 06:48:40+00:00,2025-08-08 06:48:40+00:00,2025-08-10 00:00:00+00:00,0.0,2025-08-09,2025,REG,IND,CHI,1.0654205607476634,True,,0.5000000000000001,401736309,4433405,19,5,0,True,False,matched,12.0,2025-08-09,under,0.210724467104624,1.8771929824561404,-1.0,1.0,False,False,False
2342,43bef1bb5628824c6492985c60883c5b,33,Elizabeth Williams,elizabethwilliams,CHI,rebounds,6.5,-138.0,104.0,10,10,2025-08-08 06:54:46+00:00,2025-08-08 06:54:46+00:00,2025-08-08 06:54:46+00:00,2025-08-10 00:00:00+00:00,0.0,2025-08-09,2025,REG,IND,CHI,1.0700280112044818,True,,0.5464208361470752,401736309,2566081,19,5,0,True,False,matched,9.0,2025-08-09,under,0.23432207435676644,2.04,-1.0,1.0,False,False,False
2342,2d110c541764f4d6307554dc32349067,156,Sophie Cunningham,sophiecunningham,IND,rebounds,3.5,-144.0,108.0,10,10,2025-08-08 06:54:46+00:00,2025-08-08 06:54:46+00:00,2025-08-08 06:54:46+00:00,2025-08-10 00:00:00+00:00,0.0,2025-08-09,2025,REG,IND,CHI,1.0709331651954601,True,,0.5566845205396996,401736309,3907781,5,19,1,True,False,matched,3.0,2025-08-09,under,0.10440764752182252,2.08,1.08,1.0,False,False,False
2343,0b84fbe89d9adefda7b3b8560d431c27,101,Kelsey Plum,kelseyplum,LAS,threes,2.5,-130.0,100.0,24,24,2025-08-08 10:30:42+00:00,2025-08-08 10:30:42+00:00,2025-08-08 10:30:42+00:00,2025-08-10 00:30:00+00:00,0.0,2025-08-09,2025,REG,GSV,LAS,1.065217391304348,True,,0.5336835053940976,401736308,3065570,6,129689,0,True,False,matched,0.0,2025-08-09,under,0.19192104531181708,2.0,1.0,1.0,False,False,False
2343,32a324677551d60ef6b6d52a8b6d2faf,221,Tiffany Hayes,tiffanyhayes,GSV,assists,3.5,120.0,-150.0,24,24,2025-08-08 10:30:42+00:00,2025-08-08 10:30:42+00:00,2025-08-08 10:30:42+00:00,2025-08-10 00:30:00+00:00,0.0,2025-08-09,2025,REG,GSV,LAS,1.0545454545454547,True,,0.4253013906678685,401736308,1054,129689,6,1,True,False,matched,6.0,2025-08-09,under,0.1350523345154458,1.6666666666666665,-1.0,1.0,False,False,False
2343,02bca3e655c17fb50b338707badeea07,89,Dearica Hamby,dearicahamby,LAS,assists,2.5,-165.0,135.0,24,24,2025-08-08 10:30:42+00:00,2025-08-08 10:30:42+00:00,2025-08-08 10:30:42+00:00,2025-08-10 00:30:00+00:00,0.0,2025-08-09,2025,REG,GSV,LAS,1.0481734243275793,True,,0.600894309609776,401736308,2566106,6,129689,0,True,False,matched,1.0,2025-08-09,under,0.13318368550704718,2.35,1.35,1.0,False,False,False
2343,84fa5ba06c154c044a4b30dee7ea3d37,537,Janelle Salaun,janellesalaun,GSV,threes,1.5,120.0,-150.0,24,24,2025-08-08 10:30:42+00:00,2025-08-08 10:30:42+00:00,2025-08-08 10:30:42+00:00,2025-08-10 00:30:00+00:00,0.0,2025-08-09,2025,REG,GSV,LAS,1.0545454545454547,True,,0.4253013906678685,401736308,4790264,129689,6,1,True,False,matched,3.0,2025-08-09,under,0.1085070240804698,1.6666666666666665,-1.0,1.0,False,False,False
2343,828faafe1ed17b3f7ca0b7bb040b247a,87,Cameron Brink,cameronbrink,LAS,points,6.5,-110.0,-118.0,10,10,2025-08-08 17:49:12+00:00,2025-08-08 17:49:12+00:00,2025-08-08 17:49:12+00:00,2025-08-10 00:30:00+00:00,0.0,2025-08-09,2025,REG,GSV,LAS,1.0650939274792486,True,,0.4909754767731684,401736308,4433404,6,129689,0,True,False,matched,5.0,2025-08-09,under,0.15883478123614264,1.847457627118644,0.847457627118644,1.0,False,False,False
2343,aed7e85e5fb05953386ba88a4758139e,94,Rickea Jackson,rickeajackson,CHI,rebounds,3.5,-172.0,128.0,10,10,2025-08-08 18:29:32+00:00,2025-08-08 18:29:32+00:00,2025-08-08 18:29:32+00:00,2025-08-10 00:30:00+00:00,0.0,2025-08-09,2025,REG,GSV,LAS,1.0709494324045408,True,,0.6004234693007796,401736308,4433630,6,129689,0,True,False,matched,6.0,2025-08-09,under,0.26949868130831045,2.2800000000000002,-1.0,1.0,False,False,False
2339,b419ade87bd2c9d88aa08ed00fe64e83,10,Haley Jones,haleyjones,DAL,rebounds,3.5,-159.0,123.0,60,60,2025-08-08 22:56:53+00:00,2025-08-08 22:56:53+00:00,2025-08-08 22:56:53+00:00,2025-08-08 23:30:00+00:00,0.0,2025-08-08,2025,REG,DAL,NYL,1.0623301071731566,True,,0.5853416860106547,401736305,4595910,3,9,1,True,False,matched,2.0,2025-08-08,under,0.5250137399502448,2.23,1.23,1.0,False,False,False
2339,b839e347c62150421c4d2efdb6efde97,529,Luisa Geiselsoder,luisageiselsoder,PDX,points,8.5,-118.0,-110.0,10,10,2025-08-08 23:02:07+00:00,2025-08-08 23:02:07+00:00,2025-08-08 23:02:07+00:00,2025-08-08 23:30:00+00:00,0.0,2025-08-08,2025,REG,DAL,NYL,1.0650939274792486,True,,0.5090245232268319,401736305,4682797,3,9,1,True,False,matched,6.0,2025-08-08,under,0.18447204180454657,1.9090909090909092,0.9090909090909092,1.0,False,False,False
2339,2424ff64512546c02aa7a0e1801d325d,233,Emma Meesseman,emmameesseman,FA,rebounds,5.5,110.0,-146.0,10,10,2025-08-08 23:09:19+00:00,2025-08-08 23:09:19+00:00,2025-08-08 23:09:19+00:00,2025-08-08 23:30:00+00:00,0.0,2025-08-08,2025,REG,DAL,NYL,1.0696864111498257,True,,0.4392579960949788,401736305,3027368,9,3,0,True,False,matched,8.0,2025-08-08,under,0.24361970493473267,1.6849315068493151,-1.0,1.0,False,False,False
2339,61edbf3c7418a34030d1689d7166874f,95,Li Yueru,liyueru,DAL,points,9.5,-130.0,100.0,10,10,2025-08-08 23:23:29+00:00,2025-08-08 23:23:29+00:00,2025-08-08 23:23:29+00:00,2025-08-08 23:30:00+00:00,0.0,2025-08-08,2025,REG,DAL,NYL,1.065217391304348,True,,0.5336835053940976,401736305,4336633,3,9,1,True,False,matched,3.0,2025-08-08,under,0.5682543365105276,2.0,1.0,1.0,False,False,False
2339,ea571e548e5510de5aff8b04a1d7c6d5,526,Aziaha James,aziahajames,DAL,points,9.5,-130.0,100.0,10,10,2025-08-08 23:28:45+00:00,2025-08-08 23:28:45+00:00,2025-08-08 23:28:45+00:00,2025-08-08 23:30:00+00:00,0.0,2025-08-08,2025,REG,DAL,NYL,1.065217391304348,True,,0.5336835053940976,401736305,4433807,3,9,1,True,False,matched,3.0,2025-08-08,under,0.44894918750095386,2.0,1.0,1.0,False,False,False
2344,699e7ac5b8d95462f10aacf9e8bdb38a,116,Jessica Shepard,jessicashepard,DAL,points,10.5,-108.0,-120.0,10,10,2025-08-09 05:35:20+00:00,2025-08-09 05:35:20+00:00,2025-08-09 05:35:20+00:00,2025-08-10 16:30:00+00:00,0.0,2025-08-10,2025,REG,NYL,MIN,1.0646853146853146,True,,0.48646030463369283,401736310,3906949,8,9,0,True,False,matched,6.0,2025-08-10,under,0.31653847428137755,1.8333333333333335,0.8333333333333335,1.0,False,False,False
2344,c6dd861783207261d47fb150ed254390,121,Alanna Smith,alannasmith,DAL,points,12.5,-102.0,-128.0,10,10,2025-08-09 05:35:21+00:00,2025-08-09 05:35:21+00:00,2025-08-09 05:35:21+00:00,2025-08-10 16:30:00+00:00,0.0,2025-08-10,2025,REG,NYL,MIN,1.0663540038214347,True,,0.47082505196940394,401736310,3913881,8,9,0,True,False,matched,8.0,2025-08-10,under,0.4101254050960897,1.78125,0.78125,1.0,False,False,False
2344,4694a9cb327c37f7fc3de91268459052,117,Courtney Williams,courtneywilliams,MIN,points,14.5,-114.0,-114.0,10,10,2025-08-09 05:35:21+00:00,2025-08-09 05:35:21+00:00,2025-08-09 05:35:21+00:00,2025-08-10 16:30:00+00:00,0.0,2025-08-10,2025,REG,NYL,MIN,1.0654205607476634,True,,0.5000000000000001,401736310,2987891,8,9,0,True,False,matched,14.0,2025-08-10,under,0.16593532461928356,1.8771929824561404,0.8771929824561404,1.0,False,False,False
2344,12f6dacffc412ad24eadaff69ec8aeb0,233,Emma Meesseman,emmameesseman,FA,rebounds,5.5,122.0,-162.0,10,10,2025-08-09 05:40:30+00:00,2025-08-09 05:40:30+00:00,2025-08-09 05:40:30+00:00,2025-08-10 16:30:00+00:00,0.0,2025-08-10,2025,REG,NYL,MIN,1.0687710611374732,True,,0.41310819110441305,401736310,3027368,9,8,1,True,False,matched,5.0,2025-08-10,under,0.18609032391336716,1.617283950617284,0.617283950617284,1.0,False,False,False
2344,d231e2dcab6fa65c071456d9c7b64519,141,Jonquel Jones,jonqueljones,NYL,points,15.5,-114.0,-114.0,10,10,2025-08-09 05:40:30+00:00,2025-08-09 05:40:30+00:00,2025-08-09 05:40:30+00:00,2025-08-10 16:30:00+00:00,0.0,2025-08-10,2025,REG,NYL,MIN,1.0654205607476634,True,,0.5000000000000001,401736310,2999101,9,8,1,True,False,matched,11.0,2025-08-10,under,0.1838424531514518,1.8771929824561404,0.8771929824561404,1.0,False,False,False
2344,90041a9c287b3409c27bd4811a058b21,163,Natasha Cloud,natashacloud,CHI,points,9.5,-132.0,102.0,10,10,2025-08-09 05:40:32+00:00,2025-08-09 05:40:32+00:00,2025-08-09 05:40:32+00:00,2025-08-10 16:30:00+00:00,0.0,2025-08-10,2025,REG,NYL,MIN,1.0640150221918745,True,,0.5381512573163673,401736310,2529137,9,8,1,True,False,matched,14.0,2025-08-10,under,0.15219437946270548,2.02,-1.0,1.0,False,False,False
2348,46c6723e114aff047e06f7422328eac9,103,A'ja Wilson,ajawilson,LVA,threes,0.5,-225.0,162.0,10,10,2025-08-09 06:03:25+00:00,2025-08-09 06:03:25+00:00,2025-08-09 06:03:25+00:00,2025-08-11 01:00:00+00:00,0.0,2025-08-10,2025,REG,LVA,CON,1.0739870816206694,True,,0.6613805444569248,401736314,3149391,17,18,1,True,False,matched,0.0,2025-08-10,under,0.6781213657601273,2.62,1.62,1.0,False,False,False
2345,e5351a47765d077055621ba721d9cca8,63,Arike Ogunbowale,arikeogunbowale,DAL,rebounds,2.5,-172.0,128.0,10,10,2025-08-09 06:34:35+00:00,2025-08-09 06:34:35+00:00,2025-08-09 06:34:35+00:00,2025-08-10 20:00:00+00:00,0.0,2025-08-10,2025,REG,DAL,WAS,1.0709494324045408,True,,0.6004234693007796,401736311,3904577,3,16,1,True,False,matched,0.0,2025-08-10,under,0.31888346106225157,2.2800000000000002,1.2800000000000002,1.0,False,False,False
2345,54e103837a9722b4f76aea01b26925b6,573,Sonia Citron,soniacitron,WAS,assists,2.5,-154.0,116.0,10,10,2025-08-09 06:34:35+00:00,2025-08-09 06:34:35+00:00,2025-08-09 06:34:35+00:00,2025-08-10 20:00:00+00:00,0.0,2025-08-10,2025,REG,DAL,WAS,1.0692621755613883,True,,0.574207987656796,401736311,4433524,16,3,0,True,False,matched,6.0,2025-08-10,under,0.3078833151859572,2.16,-1.0,1.0,False,False,False
2345,1ba01ba1e91d8601b8e852d9a9646364,149,Sug Sutton,sugsutton,DAL,points,9.5,100.0,-130.0,10,10,2025-08-09 06:34:35+00:00,2025-08-09 06:34:35+00:00,2025-08-09 06:34:35+00:00,2025-08-10 20:00:00+00:00,0.0,2025-08-10,2025,REG,DAL,WAS,1.065217391304348,True,,0.4663164946059025,401736311,4068159,16,3,0,True,False,matched,0.0,2025-08-10,under,0.2069278073849397,1.7692307692307692,0.7692307692307692,1.0,False,False,False
2345,3e0ea9acb29382b657bb0d89790e6362,572,Kiki Iriafen,kikiiriafen,WAS,rebounds,7.5,-138.0,104.0,10,10,2025-08-09 06:34:35+00:00,2025-08-09 06:34:35+00:00,2025-08-09 06:34:35+00:00,2025-08-10 20:00:00+00:00,0.0,2025-08-10,2025,REG,DAL,WAS,1.0700280112044818,True,,0.5464208361470752,401736311,4898384,16,3,0,True,False,matched,10.0,2025-08-10,under,0.1180223474211628,2.04,-1.0,1.0,False,False,False
2346,6e4411d28d459e3509d35f8129b42b4d,49,Brionna Jones,brionnajones,ATL,points,13.5,100.0,-130.0,10,10,2025-08-09 06:34:36+00:00,2025-08-09 06:34:36+00:00,2025-08-09 06:34:36+00:00,2025-08-10 22:00:00+00:00,0.0,2025-08-10,2025,REG,PHX,ATL,1.065217391304348,True,,0.4663164946059025,401736313,3058895,20,11,0,True,False,matched,15.0,2025-08-10,under,0.15960061169678136,1.7692307692307692,-1.0,1.0,False,False,False
2346,6cda2f95baab17d9bc50736d95decc71,16,Naz Hillmon,nazhillmon,ATL,threes,1.5,108.0,-144.0,10,10,2025-08-09 06:34:36+00:00,2025-08-09 06:34:36+00:00,2025-08-09 06:34:36+00:00,2025-08-10 22:00:00+00:00,0.0,2025-08-10,2025,REG,PHX,ATL,1.0709331651954601,True,,0.4433154794603006,401736313,4398915,20,11,0,True,False,matched,3.0,2025-08-10,under,0.1269933947719612,1.6944444444444444,-1.0,1.0,False,False,False
2343,5e3ed2756f12d1b1f14e1de4807e7332,120,Cecilia Zandalasini,ceciliazandalasini,GSV,points,9.5,-110.0,-120.0,13,13,2025-08-09 11:27:32+00:00,2025-08-09 11:27:32+00:00,2025-08-09 11:27:32+00:00,2025-08-10 00:30:00+00:00,0.0,2025-08-09,2025,REG,GSV,LAS,1.0692640692640691,True,,0.4887959885212434,401736308,4257500,129689,6,1,True,False,matched,14.0,2025-08-09,under,0.22623291792780442,1.8333333333333335,-1.0,1.0,False,False,False
2348,6c6282598d28bb168a01230818dcee98,22,Marina Mabrey,marinamabrey,TOR,points,15.5,-118.0,-110.0,10,10,2025-08-09 17:32:50+00:00,2025-08-09 17:32:50+00:00,2025-08-09 17:32:50+00:00,2025-08-11 01:00:00+00:00,0.0,2025-08-10,2025,REG,LVA,CON,1.0650939274792486,True,,0.5090245232268319,401736314,3904576,18,17,0,True,False,matched,22.0,2025-08-10,under,0.21196783112929818,1.9090909090909092,-1.0,1.0,False,False,False
2347,83c1dfc243a2c1366cd6a158f1dd5508,175,Skylar Diggins,skylardiggins,CHI,rebounds,3.5,-114.0,-114.0,10,10,2025-08-09 17:38:38+00:00,2025-08-09 17:38:38+00:00,2025-08-09 17:38:38+00:00,2025-08-11 00:00:00+00:00,0.0,2025-08-10,2025,REG,LAS,SEA,1.0654205607476634,True,,0.5000000000000001,401736312,2491205,14,6,0,True,False,matched,2.0,2025-08-10,under,0.2376371447313515,1.8771929824561404,0.8771929824561404,1.0,False,False,False
2343,faadfd1e9b4057b16d19205ce235a6e9,84,Julie Allemand,julieallemand,TOR,points,6.5,-110.0,-120.0,10,10,2025-08-09 23:22:00+00:00,2025-08-09 23:22:00+00:00,2025-08-09 23:22:00+00:00,2025-08-10 00:30:00+00:00,0.0,2025-08-09,2025,REG,GSV,LAS,1.0692640692640691,True,,0.4887959885212434,401736308,4001679,6,129689,0,True,False,matched,10.0,2025-08-09,under,0.27418779947494076,1.8333333333333335,-1.0,1.0,False,False,False
2343,ec3d6b3ffa046e67e516afcb945adc97,72,Temi Fagbenle,temifagbenle,TOR,points,7.5,-102.0,-128.0,10,10,2025-08-09 23:22:00+00:00,2025-08-09 23:22:00+00:00,2025-08-09 23:22:00+00:00,2025-08-10 00:30:00+00:00,0.0,2025-08-09,2025,REG,GSV,LAS,1.0663540038214347,True,,0.47082505196940394,401736308,2569044,129689,6,1,True,False,matched,8.0,2025-08-09,under,0.13028107204461276,1.78125,-1.0,1.0,False,False,False
2342,e900155982c991323286055dadd44ace,76,Lexie Hull,lexiehull,IND,points,7.5,-130.0,100.0,10,10,2025-08-09 23:39:51+00:00,2025-08-09 23:39:51+00:00,2025-08-09 23:39:51+00:00,2025-08-10 00:00:00+00:00,0.0,2025-08-09,2025,REG,IND,CHI,1.065217391304348,True,,0.5336835053940976,401736309,4398829,5,19,1,True,False,matched,17.0,2025-08-09,under,0.6433287377788857,2.0,-1.0,1.0,False,False,False
2347,b447d5cd3c34b37d04b1db887bb1b86a,101,Kelsey Plum,kelseyplum,LAS,assists,5.5,102.0,-136.0,10,10,2025-08-10 03:11:11+00:00,2025-08-10 03:11:11+00:00,2025-08-10 03:11:11+00:00,2025-08-11 00:00:00+00:00,0.0,2025-08-10,2025,REG,LAS,SEA,1.071320691391173,True,,0.4579067075572801,401736312,3065570,6,14,1,True,False,matched,7.0,2025-08-10,over,0.17331254392920264,2.02,1.02,1.0,False,False,False
2347,8f06b7fe5657ba27831680f56d5f8672,208,Gabby Williams,gabbywilliams,GSV,threes,1.5,126.0,-168.0,10,10,2025-08-10 04:06:44+00:00,2025-08-10 04:06:44+00:00,2025-08-10 04:06:44+00:00,2025-08-11 00:00:00+00:00,0.0,2025-08-10,2025,REG,LAS,SEA,1.0693435477479856,True,,0.4045224464881516,401736312,3142328,14,6,0,True,False,matched,1.0,2025-08-10,under,0.20079771013080383,1.5952380952380953,0.5952380952380953,1.0,False,False,False
2348,c306981505da0f8efddc52479e85feef,73,NaLyssa Smith,nalyssasmith,LVA,rebounds,5.5,118.0,-158.0,10,10,2025-08-10 04:43:21+00:00,2025-08-10 04:43:21+00:00,2025-08-10 04:43:21+00:00,2025-08-11 01:00:00+00:00,0.0,2025-08-10,2025,REG,LVA,CON,1.0711186971054691,True,,0.42034729080094674,401736314,4398776,17,18,1,True,False,matched,6.0,2025-08-10,over,0.21880507341357208,2.1799999999999997,1.1799999999999997,1.0,False,False,False
2347,160c7c4de93cb17495f84b3c9387cbfe,84,Julie Allemand,julieallemand,TOR,rebounds,5.5,114.0,-152.0,10,10,2025-08-10 23:41:29+00:00,2025-08-10 23:41:29+00:00,2025-08-10 23:41:29+00:00,2025-08-11 00:00:00+00:00,0.0,2025-08-10,2025,REG,LAS,SEA,1.0704643228007713,True,,0.42960347247450675,401736312,4001679,6,14,1,True,False,matched,2.0,2025-08-10,under,0.1594142823525712,1.6578947368421053,0.6578947368421053,1.0,False,False,False
2347,284c01cf7d44b6797ac97c16283b5b5a,570,Dominique Malonga,dominiquemalonga,SEA,rebounds,7.5,-102.0,-130.0,10,10,2025-08-10 23:45:30+00:00,2025-08-10 23:45:30+00:00,2025-08-10 23:45:30+00:00,2025-08-11 00:00:00+00:00,0.0,2025-08-10,2025,REG,LAS,SEA,1.0701678863538528,True,,0.46878765056355093,401736312,5220150,14,6,0,True,False,matched,11.0,2025-08-10,under,0.3368627681998372,1.7692307692307692,-1.0,1.0,False,False,False
2349,0c31813e5c60254d35d82105a2ae64d8,22,Marina Mabrey,marinamabrey,TOR,points,15.5,100.0,-130.0,10,10,2025-08-11 03:12:49+00:00,2025-08-11 03:12:49+00:00,2025-08-11 03:12:49+00:00,2025-08-12 02:00:00+00:00,0.0,2025-08-11,2025,REG,GSV,CON,1.065217391304348,True,,0.4663164946059025,401736315,3904576,18,129689,0,True,False,matched,3.0,2025-08-11,under,0.18336797814576133,1.7692307692307692,0.7692307692307692,1.0,False,False,False
2349,6b3aec893a2472460a9ac08833ab652e,55,Veronica Burton,veronicaburton,GSV,assists,5.5,124.0,-166.0,10,10,2025-08-11 03:17:50+00:00,2025-08-11 03:17:50+00:00,2025-08-11 03:17:50+00:00,2025-08-12 02:00:00+00:00,0.0,2025-08-11,2025,REG,GSV,CON,1.0704887218045114,True,,0.40796342297849103,401736315,4398935,129689,18,1,True,False,matched,10.0,2025-08-11,under,0.13046822757189003,1.6024096385542168,-1.0,1.0,False,False,False
2349,83b970bc9739778b5edbaa43b45440b9,537,Janelle Salaun,janellesalaun,GSV,points,11.5,-130.0,100.0,10,10,2025-08-11 03:17:51+00:00,2025-08-11 03:17:51+00:00,2025-08-11 03:17:51+00:00,2025-08-12 02:00:00+00:00,0.0,2025-08-11,2025,REG,GSV,CON,1.065217391304348,True,,0.5336835053940976,401736315,4790264,129689,18,1,True,False,matched,16.0,2025-08-11,under,0.2305750745630677,2.0,-1.0,1.0,False,False,False
2349,93b5e1e0d270105c0398a8e69e1957b1,120,Cecilia Zandalasini,ceciliazandalasini,GSV,points,9.5,-110.0,-120.0,10,10,2025-08-11 03:17:51+00:00,2025-08-11 03:17:51+00:00,2025-08-11 03:17:51+00:00,2025-08-12 02:00:00+00:00,0.0,2025-08-11,2025,REG,GSV,CON,1.0692640692640691,True,,0.4887959885212434,401736315,4257500,129689,18,1,True,False,matched,17.0,2025-08-11,under,0.17451628245506862,1.8333333333333335,-1.0,1.0,False,False,False
2349,8405a693f020234e90d84544436b0d05,221,Tiffany Hayes,tiffanyhayes,GSV,points,12.5,-106.0,-122.0,10,10,2025-08-11 03:17:51+00:00,2025-08-11 03:17:51+00:00,2025-08-11 03:17:51+00:00,2025-08-12 02:00:00+00:00,0.0,2025-08-11,2025,REG,GSV,CON,1.064112656345666,True,,0.4819416314468661,401736315,1054,129689,18,1,True,False,matched,17.0,2025-08-11,under,0.13687466820258787,1.819672131147541,-1.0,1.0,False,False,False
2349,a1837e457dadc884a7369d3c405f3fd9,72,Temi Fagbenle,temifagbenle,TOR,points,7.5,-108.0,-120.0,10,10,2025-08-11 03:22:22+00:00,2025-08-11 03:22:22+00:00,2025-08-11 03:22:22+00:00,2025-08-12 02:00:00+00:00,0.0,2025-08-11,2025,REG,GSV,CON,1.0646853146853146,True,,0.48646030463369283,401736315,2569044,129689,18,1,True,False,matched,6.0,2025-08-11,under,0.16886155051141488,1.8333333333333335,0.8333333333333335,1.0,False,False,False
2350,dd1ad5defeec80ebc75b99b5312b1631,10,Haley Jones,haleyjones,DAL,points,8.5,-102.0,-128.0,10,10,2025-08-11 06:41:30+00:00,2025-08-11 06:41:30+00:00,2025-08-11 06:41:30+00:00,2025-08-12 23:30:00+00:00,0.0,2025-08-12,2025,REG,IND,DAL,1.0663540038214347,True,,0.47082505196940394,401736316,4595910,3,5,0,True,False,matched,5.0,2025-08-12,under,0.22617943441954302,1.78125,0.78125,1.0,False,False,False
2350,281e6904dd1884f0ede351de7a8f89d1,71,Aliyah Boston,aliyahboston,IND,points,14.5,-130.0,100.0,10,10,2025-08-11 06:41:30+00:00,2025-08-11 06:41:30+00:00,2025-08-11 06:41:30+00:00,2025-08-12 23:30:00+00:00,0.0,2025-08-12,2025,REG,IND,DAL,1.065217391304348,True,,0.5336835053940976,401736316,4432831,5,3,1,True,False,matched,14.0,2025-08-12,under,0.13915072714886795,2.0,1.0,1.0,False,False,False
2350,02c0939c8512c43f39db0f5b1b227e98,63,Arike Ogunbowale,arikeogunbowale,DAL,points,15.5,-110.0,-118.0,10,10,2025-08-11 06:41:30+00:00,2025-08-11 06:41:30+00:00,2025-08-11 06:41:30+00:00,2025-08-12 23:30:00+00:00,0.0,2025-08-12,2025,REG,IND,DAL,1.0650939274792486,True,,0.4909754767731684,401736316,3904577,3,5,0,True,True,did_not_play,,2025-08-12,under,0.10641479695983785,1.847457627118644,0.0,0.0,False,True,False
2350,3d364c32773360f5dac2d2dffa19a9bf,76,Lexie Hull,lexiehull,IND,points,9.5,102.0,-132.0,10,10,2025-08-11 06:41:31+00:00,2025-08-11 06:41:31+00:00,2025-08-11 06:41:31+00:00,2025-08-12 23:30:00+00:00,0.0,2025-08-12,2025,REG,IND,DAL,1.0640150221918745,True,,0.4618487426836327,401736316,4398829,5,3,1,True,False,matched,0.0,2025-08-12,under,0.4202131716741653,1.7575757575757576,0.7575757575757576,1.0,False,False,False
2350,0009237b50dbf189cb3bf64f46eebf3e,529,Luisa Geiselsoder,luisageiselsoder,PDX,points,7.5,-128.0,-102.0,10,10,2025-08-11 06:41:31+00:00,2025-08-11 06:41:31+00:00,2025-08-11 06:41:31+00:00,2025-08-12 23:30:00+00:00,0.0,2025-08-12,2025,REG,IND,DAL,1.0663540038214347,True,,0.5291749480305961,401736316,4682797,3,5,0,True,False,matched,0.0,2025-08-12,under,0.12543692076045798,1.9803921568627452,0.9803921568627452,1.0,False,False,False
2351,5e1efe47e7921971d8e2d57e852c69f9,87,Cameron Brink,cameronbrink,LAS,rebounds,4.5,-146.0,110.0,10,10,2025-08-11 12:59:20+00:00,2025-08-11 12:59:20+00:00,2025-08-11 12:59:20+00:00,2025-08-13 02:00:00+00:00,0.0,2025-08-12,2025,REG,LAS,NYL,1.0696864111498257,True,,0.5607420039050215,401736317,4433404,6,9,1,True,False,matched,3.0,2025-08-12,under,0.28297558475086254,2.1,1.1,1.0,False,False,False
2351,52eb34920f2b7bcbd4ca65cd0509371a,141,Jonquel Jones,jonqueljones,NYL,points,15.5,-106.0,-122.0,10,10,2025-08-11 17:53:37+00:00,2025-08-11 17:53:37+00:00,2025-08-11 17:53:37+00:00,2025-08-13 02:00:00+00:00,0.0,2025-08-12,2025,REG,LAS,NYL,1.064112656345666,True,,0.4819416314468661,401736317,2999101,9,6,0,True,False,matched,21.0,2025-08-12,under,0.1155890285130069,1.819672131147541,-1.0,1.0,False,False,False
2351,da99d3dd71fa0c68f70abe087473039b,132,Sabrina Ionescu,sabrinaionescu,NYL,points,19.5,-115.0,-114.0,10,10,2025-08-11 17:53:37+00:00,2025-08-11 17:53:37+00:00,2025-08-11 17:53:37+00:00,2025-08-13 02:00:00+00:00,0.0,2025-08-12,2025,REG,LAS,NYL,1.0675940013040643,True,,0.5011239773424112,401736317,4066533,9,6,0,True,False,matched,14.0,2025-08-12,under,0.10063294127451011,1.8771929824561404,0.8771929824561404,1.0,False,False,False
2351,6e07b6f5d35f4c7b5d1f06ebe72daff3,233,Emma Meesseman,emmameesseman,FA,points,13.5,-104.0,-125.0,10,10,2025-08-11 17:53:38+00:00,2025-08-11 17:53:38+00:00,2025-08-11 17:53:38+00:00,2025-08-13 02:00:00+00:00,0.0,2025-08-12,2025,REG,LAS,NYL,1.065359477124183,True,,0.4763687479911608,401736317,3027368,9,6,0,True,False,matched,24.0,2025-08-12,under,0.12958582055975837,1.8,-1.0,1.0,False,False,False
2351,6ed47475c6d32cf6bbee073e8bbb1af6,101,Kelsey Plum,kelseyplum,LAS,points,19.5,-108.0,-120.0,10,10,2025-08-11 18:13:45+00:00,2025-08-11 18:13:45+00:00,2025-08-11 18:13:45+00:00,2025-08-13 02:00:00+00:00,0.0,2025-08-12,2025,REG,LAS,NYL,1.0646853146853146,True,,0.48646030463369283,401736317,3065570,6,9,1,True,False,matched,26.0,2025-08-12,under,0.11123812924464793,1.8333333333333335,-1.0,1.0,False,False,False
2349,a84af99c1c830677ffcc630be45fb971,519,Aneesah Morrow,aneesahmorrow,CON,rebounds,8.5,104.0,-138.0,10,10,2025-08-11 23:37:55+00:00,2025-08-11 23:37:55+00:00,2025-08-11 23:37:55+00:00,2025-08-12 02:00:00+00:00,0.0,2025-08-11,2025,REG,GSV,CON,1.0700280112044818,True,,0.4535791638529251,401736315,4684384,18,129689,0,True,False,matched,14.0,2025-08-11,under,0.3762479706692147,1.7246376811594204,-1.0,1.0,False,False,False
2351,db0da7296f59bafb6d346507eb76073f,84,Julie Allemand,julieallemand,TOR,rebounds,4.5,-125.0,-106.0,10,10,2025-08-12 00:23:06+00:00,2025-08-12 00:23:06+00:00,2025-08-12 00:23:06+00:00,2025-08-13 02:00:00+00:00,0.0,2025-08-12,2025,REG,LAS,NYL,1.070118662351672,True,,0.5212291071384377,401736317,4001679,6,9,1,True,False,matched,5.0,2025-08-12,under,0.18471798399328399,1.9433962264150944,-1.0,1.0,False,False,False
2349,9c36d4ce80d531bef14c54598886e194,43,Olivia Nelson-Ododa,olivianelsonododa,CON,rebounds,5.5,-125.0,-106.0,10,10,2025-08-12 01:46:37+00:00,2025-08-12 01:46:37+00:00,2025-08-12 01:46:37+00:00,2025-08-12 02:00:00+00:00,0.0,2025-08-11,2025,REG,GSV,CON,1.070118662351672,True,,0.5212291071384377,401736315,4398966,18,129689,0,True,False,matched,4.0,2025-08-11,under,0.42111723987351696,1.9433962264150944,0.9433962264150944,1.0,False,False,False
2355,d390c23fcf7d6f1828c2d86f80e3b253,1,Allisha Gray,allishagray,ATL,assists,3.5,-174.0,130.0,10,10,2025-08-12 01:46:49+00:00,2025-08-12 01:46:49+00:00,2025-08-12 01:46:49+00:00,2025-08-14 02:00:00+00:00,0.0,2025-08-13,2025,REG,SEA,ATL,1.069819105046017,True,,0.603727082826799,401736321,3058901,20,14,0,True,False,matched,1.0,2025-08-13,under,0.25091453578022027,2.3,1.2999999999999998,1.0,False,False,False
2355,c496b381429f1644bb4c0532fdcc01ab,208,Gabby Williams,gabbywilliams,GSV,points,11.5,102.0,-132.0,10,10,2025-08-12 01:46:49+00:00,2025-08-12 01:46:49+00:00,2025-08-12 01:46:49+00:00,2025-08-14 02:00:00+00:00,0.0,2025-08-13,2025,REG,SEA,ATL,1.0640150221918745,True,,0.4618487426836327,401736321,3142328,14,20,1,True,False,matched,11.0,2025-08-13,under,0.1103234356996719,1.7575757575757576,0.7575757575757576,1.0,False,False,False
2355,273942d703d56b38d6f9e431b0c021c8,175,Skylar Diggins,skylardiggins,CHI,points,13.5,-122.0,-106.0,10,10,2025-08-12 01:46:50+00:00,2025-08-12 01:46:50+00:00,2025-08-12 01:46:50+00:00,2025-08-14 02:00:00+00:00,0.0,2025-08-13,2025,REG,SEA,ATL,1.064112656345666,True,,0.518058368553134,401736321,2491205,14,20,1,True,False,matched,7.0,2025-08-13,under,0.16818888843906216,1.9433962264150944,0.9433962264150944,1.0,False,False,False
2355,22e6d1891e283d75bef539fd4105f247,15,Rhyne Howard,rhynehoward,ATL,threes,1.5,-130.0,-102.0,10,10,2025-08-12 01:46:50+00:00,2025-08-12 01:46:50+00:00,2025-08-12 01:46:50+00:00,2025-08-14 02:00:00+00:00,0.0,2025-08-13,2025,REG,SEA,ATL,1.0701678863538528,True,,0.5312123494364493,401736321,4398674,20,14,0,True,False,matched,5.0,2025-08-13,over,0.1480037894110965,1.7692307692307692,0.7692307692307692,1.0,False,False,False
2349,813e144296ec3cd21f01c874cb55fd1e,58,Carla Leite,carlaleite,PDX,points,8.5,-130.0,100.0,10,10,2025-08-12 01:55:30+00:00,2025-08-12 01:55:30+00:00,2025-08-12 01:55:30+00:00,2025-08-12 02:00:00+00:00,0.0,2025-08-11,2025,REG,GSV,CON,1.065217391304348,True,,0.5336835053940976,401736315,5208982,129689,18,1,True,False,matched,0.0,2025-08-11,under,0.10353983325331395,2.0,1.0,1.0,False,False,False
2353,e65c3a8bc9850144d1c68d171b19ef97,120,Cecilia Zandalasini,ceciliazandalasini,GSV,threes,1.5,-132.0,100.0,10,10,2025-08-12 04:37:15+00:00,2025-08-12 04:37:15+00:00,2025-08-12 04:37:15+00:00,2025-08-13 23:30:00+00:00,0.0,2025-08-13,2025,REG,WAS,GSV,1.0689655172413794,True,,0.5356937238338165,401736319,4257500,129689,16,0,True,False,matched,6.0,2025-08-13,under,0.15173136261523706,2.0,-1.0,1.0,False,False,False
2353,f39cbb9eabe64cf758e45ef826ccb07b,55,Veronica Burton,veronicaburton,GSV,threes,1.5,164.0,-225.0,10,10,2025-08-12 04:37:15+00:00,2025-08-12 04:37:15+00:00,2025-08-12 04:37:15+00:00,2025-08-13 23:30:00+00:00,0.0,2025-08-13,2025,REG,WAS,GSV,1.0710955710955712,True,,0.33738864980507277,401736319,4398935,129689,16,0,True,False,matched,6.0,2025-08-13,over,0.10547678433382579,2.6399999999999997,1.6399999999999997,1.0,False,False,False
2353,b8dc1fa055bb84ceb8c6cddbcbd19e2c,149,Sug Sutton,sugsutton,DAL,points,9.5,-106.0,-122.0,10,10,2025-08-12 04:37:16+00:00,2025-08-12 04:37:16+00:00,2025-08-12 04:37:16+00:00,2025-08-13 23:30:00+00:00,0.0,2025-08-13,2025,REG,WAS,GSV,1.064112656345666,True,,0.4819416314468661,401736319,4068159,16,129689,1,True,False,matched,15.0,2025-08-13,under,0.4317282272192853,1.819672131147541,-1.0,1.0,False,False,False
2353,21dfe33e9e78334ea5376bffcb96a32c,572,Kiki Iriafen,kikiiriafen,WAS,rebounds,8.5,-130.0,-102.0,10,10,2025-08-12 04:37:16+00:00,2025-08-12 04:37:16+00:00,2025-08-12 04:37:16+00:00,2025-08-13 23:30:00+00:00,0.0,2025-08-13,2025,REG,WAS,GSV,1.0701678863538528,True,,0.5312123494364493,401736319,4898384,16,129689,1,True,False,matched,10.0,2025-08-13,under,0.2344210738696157,1.9803921568627452,-1.0,1.0,False,False,False
2353,c6f96f1c5aeedc1ad2feabce0dfe6efe,221,Tiffany Hayes,tiffanyhayes,GSV,points,12.5,102.0,-132.0,10,10,2025-08-12 04:37:16+00:00,2025-08-12 04:37:16+00:00,2025-08-12 04:37:16+00:00,2025-08-13 23:30:00+00:00,0.0,2025-08-13,2025,REG,WAS,GSV,1.0640150221918745,True,,0.4618487426836327,401736319,1054,129689,16,0,True,False,matched,14.0,2025-08-13,under,0.1708675692672803,1.7575757575757576,-1.0,1.0,False,False,False
2353,c12e86aa00c427c4650960b6691e6478,537,Janelle Salaun,janellesalaun,GSV,points,10.5,-118.0,-110.0,10,10,2025-08-12 04:37:16+00:00,2025-08-12 04:37:16+00:00,2025-08-12 04:37:16+00:00,2025-08-13 23:30:00+00:00,0.0,2025-08-13,2025,REG,WAS,GSV,1.0650939274792486,True,,0.5090245232268319,401736319,4790264,129689,16,0,True,False,matched,11.0,2025-08-13,under,0.15834184578044747,1.9090909090909092,-1.0,1.0,False,False,False
2353,102588e7e1016118af857c9df66ae232,573,Sonia Citron,soniacitron,WAS,points,14.5,-128.0,-102.0,10,10,2025-08-12 04:37:16+00:00,2025-08-12 04:37:16+00:00,2025-08-12 04:37:16+00:00,2025-08-13 23:30:00+00:00,0.0,2025-08-13,2025,REG,WAS,GSV,1.0663540038214347,True,,0.5291749480305961,401736319,4433524,16,129689,1,True,False,matched,15.0,2025-08-13,under,0.12634026656477754,1.9803921568627452,-1.0,1.0,False,False,False
2352,8a054d5fce0e7a2529a0e005b4c6d06f,33,Elizabeth Williams,elizabethwilliams,CHI,points,10.5,-125.0,-104.0,10,10,2025-08-12 06:42:51+00:00,2025-08-12 06:42:51+00:00,2025-08-12 06:42:51+00:00,2025-08-13 23:00:00+00:00,0.0,2025-08-13,2025,REG,CON,CHI,1.065359477124183,True,,0.5236312520088393,401736318,2566081,19,18,0,True,False,matched,12.0,2025-08-13,under,0.20933294972447652,1.9615384615384617,-1.0,1.0,False,False,False
2352,fcf9eaef712152760369765b1c5becd7,22,Marina Mabrey,marinamabrey,TOR,assists,3.5,-158.0,118.0,10,10,2025-08-12 06:42:51+00:00,2025-08-12 06:42:51+00:00,2025-08-12 06:42:51+00:00,2025-08-13 23:00:00+00:00,0.0,2025-08-13,2025,REG,CON,CHI,1.0711186971054691,True,,0.5796527091990534,401736318,3904576,18,19,1,True,False,matched,4.0,2025-08-13,under,0.12433497647375036,2.1799999999999997,-1.0,1.0,False,False,False
2352,177ff39e00c02711b3ae46e40b4cafe0,30,Kamilla Cardoso,kamillacardoso,CHI,rebounds,10.5,108.0,-144.0,10,10,2025-08-12 06:42:51+00:00,2025-08-12 06:42:51+00:00,2025-08-12 06:42:51+00:00,2025-08-13 23:00:00+00:00,0.0,2025-08-13,2025,REG,CON,CHI,1.0709331651954601,True,,0.4433154794603006,401736318,4433405,19,18,0,True,False,matched,9.0,2025-08-13,under,0.12407352009982325,1.6944444444444444,0.6944444444444444,1.0,False,False,False
2350,2be91b7cb094e4a9bdf96a11125edc7c,530,JJ Quinerly,jjquinerly,FA,threes,1.5,140.0,-170.0,24,24,2025-08-12 22:59:17+00:00,2025-08-12 22:59:17+00:00,2025-08-12 22:59:17+00:00,2025-08-12 23:30:00+00:00,0.0,2025-08-12,2025,REG,IND,DAL,1.0462962962962963,True,,0.3910947128467968,401736316,4434015,3,5,0,True,False,matched,1.0,2025-08-12,under,0.36394835119564384,1.5882352941176472,0.5882352941176472,1.0,False,False,False
2350,5b133e9cde4666c4049ab0641cacfe74,61,Maddy Siegrist,maddysiegrist,DAL,rebounds,4.5,-106.0,-125.0,10,10,2025-08-12 23:17:31+00:00,2025-08-12 23:17:31+00:00,2025-08-12 23:17:31+00:00,2025-08-12 23:30:00+00:00,0.0,2025-08-12,2025,REG,IND,DAL,1.070118662351672,True,,0.4787708928615623,401736316,4399415,3,5,0,True,False,matched,5.0,2025-08-12,under,0.18212092706201405,1.8,-1.0,1.0,False,False,False
2352,e14a2cfca955f44cc99e954f0a232e9a,43,Olivia Nelson-Ododa,olivianelsonododa,CON,rebounds,5.5,-125.0,-108.0,36,36,2025-08-13 02:11:09+00:00,2025-08-13 02:11:09+00:00,2025-08-13 02:11:09+00:00,2025-08-13 23:00:00+00:00,0.0,2025-08-13,2025,REG,CON,CHI,1.0747863247863247,True,,0.5188613535252832,401736318,4398966,18,19,1,True,False,matched,3.0,2025-08-13,under,0.36260341552941544,1.925925925925926,0.925925925925926,1.0,False,False,False
2354,db408167068f4375ec616cb4271cf84d,233,Emma Meesseman,emmameesseman,FA,points,14.5,-125.0,-104.0,10,10,2025-08-13 05:55:01+00:00,2025-08-13 05:55:01+00:00,2025-08-13 05:55:01+00:00,2025-08-14 01:30:00+00:00,0.0,2025-08-13,2025,REG,LVA,NYL,1.065359477124183,True,,0.5236312520088393,401736320,3027368,9,17,0,True,False,matched,24.0,2025-08-13,under,0.34973676852159363,1.9615384615384617,-1.0,1.0,False,False,False
2354,6ce5f2904554668c06196af37fa8e906,141,Jonquel Jones,jonqueljones,NYL,rebounds,8.5,-152.0,114.0,10,10,2025-08-13 05:55:01+00:00,2025-08-13 05:55:01+00:00,2025-08-13 05:55:01+00:00,2025-08-14 01:30:00+00:00,0.0,2025-08-13,2025,REG,LVA,NYL,1.0704643228007713,True,,0.5703965275254933,401736320,2999101,9,17,0,True,False,matched,7.0,2025-08-13,under,0.307057514299106,2.1399999999999997,1.1399999999999997,1.0,False,False,False
2354,216b8b0e323ba9d2f086204937150e56,132,Sabrina Ionescu,sabrinaionescu,NYL,points,19.5,-125.0,-104.0,10,10,2025-08-13 05:55:01+00:00,2025-08-13 05:55:01+00:00,2025-08-13 05:55:01+00:00,2025-08-14 01:30:00+00:00,0.0,2025-08-13,2025,REG,LVA,NYL,1.065359477124183,True,,0.5236312520088393,401736320,4066533,9,17,0,True,False,matched,18.0,2025-08-13,under,0.19351660062253256,1.9615384615384617,0.9615384615384617,1.0,False,False,False
2354,bf4944b8bd59b96bdfb07e53d2720a78,163,Natasha Cloud,natashacloud,CHI,rebounds,3.5,142.0,-192.0,10,10,2025-08-13 05:55:01+00:00,2025-08-13 05:55:01+00:00,2025-08-13 05:55:01+00:00,2025-08-14 01:30:00+00:00,0.0,2025-08-13,2025,REG,LVA,NYL,1.0707573870712102,True,,0.37336020860003377,401736320,2529137,9,17,0,True,False,matched,5.0,2025-08-13,over,0.15743550637985815,2.42,1.42,1.0,False,False,False
2354,96558aba298bfdae2595513841878f53,147,Leonie Fiebich,leoniefiebich,NYL,points,9.5,-122.0,-106.0,10,10,2025-08-13 05:55:01+00:00,2025-08-13 05:55:01+00:00,2025-08-13 05:55:01+00:00,2025-08-14 01:30:00+00:00,0.0,2025-08-13,2025,REG,LVA,NYL,1.064112656345666,True,,0.518058368553134,401736320,4683006,9,17,0,True,False,matched,5.0,2025-08-13,under,0.15202019235530734,1.9433962264150944,0.9433962264150944,1.0,False,False,False
2353,9e9badecde040a6bf0ed4199d20c76ec,72,Temi Fagbenle,temifagbenle,TOR,points,7.5,100.0,-130.0,13,13,2025-08-13 07:53:49+00:00,2025-08-13 07:53:49+00:00,2025-08-13 07:53:49+00:00,2025-08-13 23:30:00+00:00,0.0,2025-08-13,2025,REG,WAS,GSV,1.065217391304348,True,,0.4663164946059025,401736319,2569044,129689,16,0,True,False,matched,2.0,2025-08-13,under,0.2044565487831469,1.7692307692307692,0.7692307692307692,1.0,False,False,False
2358,01f931de03897a0f998ab141c5c1d80b,94,Rickea Jackson,rickeajackson,CHI,threes,1.5,-138.0,104.0,10,10,2025-08-13 16:43:05+00:00,2025-08-13 16:43:05+00:00,2025-08-13 16:43:05+00:00,2025-08-15 23:30:00+00:00,0.0,2025-08-15,2025,REG,DAL,LAS,1.0700280112044818,True,,0.5464208361470752,401736324,4433630,6,3,0,True,False,matched,3.0,2025-08-15,under,0.10545943820625003,2.04,-1.0,1.0,False,False,False
2358,05d73e83d50988db1c0975dff537c222,101,Kelsey Plum,kelseyplum,LAS,points,19.5,-125.0,-104.0,10,10,2025-08-13 17:01:51+00:00,2025-08-13 17:01:51+00:00,2025-08-13 17:01:51+00:00,2025-08-15 23:30:00+00:00,0.0,2025-08-15,2025,REG,DAL,LAS,1.065359477124183,True,,0.5236312520088393,401736324,3065570,6,3,0,True,False,matched,28.0,2025-08-15,under,0.14385778250563652,1.9615384615384617,-1.0,1.0,False,False,False
2355,e02ed70f9ae3a17d9532455cfb0e9403,16,Naz Hillmon,nazhillmon,ATL,points,11.5,-113.0,-115.0,10,10,2025-08-13 19:53:09+00:00,2025-08-13 19:53:09+00:00,2025-08-13 19:53:09+00:00,2025-08-14 02:00:00+00:00,0.0,2025-08-13,2025,REG,SEA,ATL,1.0654001528551151,True,,0.49774423259931944,401736321,4398915,20,14,0,True,False,matched,7.0,2025-08-13,under,0.19451719320706579,1.8695652173913042,0.8695652173913042,1.0,False,False,False
2355,cc15fd129746ea50d5a4cb9e87a7b12e,570,Dominique Malonga,dominiquemalonga,SEA,points,14.5,-115.0,-115.0,12,12,2025-08-13 23:56:00+00:00,2025-08-13 23:56:00+00:00,2025-08-13 23:56:00+00:00,2025-08-14 02:00:00+00:00,0.0,2025-08-13,2025,REG,SEA,ATL,1.0697674418604652,True,,0.5,401736321,5220150,14,20,1,True,False,matched,4.0,2025-08-13,under,0.48242653410075964,1.8695652173913042,0.8695652173913042,1.0,False,False,False
2360,e4e7a77391ab1fdfef4ec072569fa892,107,Chelsea Gray,chelseagray,LVA,points,9.5,-115.0,-114.0,10,10,2025-08-14 05:12:33+00:00,2025-08-14 05:12:33+00:00,2025-08-14 05:12:33+00:00,2025-08-16 02:00:00+00:00,0.0,2025-08-15,2025,REG,PHX,LVA,1.0675940013040643,True,,0.5011239773424112,401736326,2529122,17,11,0,True,False,matched,16.0,2025-08-15,under,0.1166967034070262,1.8771929824561404,-1.0,1.0,False,False,False
2360,d159b6ded6c4c1cf35e9ae47a77177a1,103,A'ja Wilson,ajawilson,LVA,points,21.5,-125.0,-104.0,10,10,2025-08-14 05:12:34+00:00,2025-08-14 05:12:34+00:00,2025-08-14 05:12:34+00:00,2025-08-16 02:00:00+00:00,0.0,2025-08-15,2025,REG,PHX,LVA,1.065359477124183,True,,0.5236312520088393,401736326,3149391,17,11,0,True,False,matched,30.0,2025-08-15,under,0.1215749121592547,1.9615384615384617,-1.0,1.0,False,False,False
2359,fc5a5ca19f587209ff6ac78aefe8e4d4,15,Rhyne Howard,rhynehoward,ATL,assists,3.5,-174.0,130.0,10,10,2025-08-14 07:00:42+00:00,2025-08-14 07:00:42+00:00,2025-08-14 07:00:42+00:00,2025-08-16 02:00:00+00:00,0.0,2025-08-15,2025,REG,ATL,SEA,1.069819105046017,True,,0.603727082826799,401736325,4398674,20,14,1,True,False,matched,1.0,2025-08-15,under,0.16395474535211974,2.3,1.2999999999999998,1.0,False,False,False
2359,88bac310e46ec33a2cfbb28104fd0075,180,Nneka Ogwumike,nnekaogwumike,LAS,rebounds,6.5,-154.0,116.0,10,10,2025-08-14 07:05:41+00:00,2025-08-14 07:05:41+00:00,2025-08-14 07:05:41+00:00,2025-08-16 02:00:00+00:00,0.0,2025-08-15,2025,REG,ATL,SEA,1.0692621755613883,True,,0.574207987656796,401736325,1068,14,20,0,True,False,matched,8.0,2025-08-15,under,0.12467847566896761,2.16,-1.0,1.0,False,False,False
2359,1f9b67001a19781edc978005ed7ea547,16,Naz Hillmon,nazhillmon,ATL,rebounds,7.5,-148.0,112.0,10,10,2025-08-14 14:06:16+00:00,2025-08-14 14:06:16+00:00,2025-08-14 14:06:16+00:00,2025-08-16 02:00:00+00:00,0.0,2025-08-15,2025,REG,ATL,SEA,1.0684723067559343,True,,0.5647227530167998,401736325,4398915,20,14,1,True,False,matched,7.0,2025-08-15,under,0.17786539171520105,2.12,1.12,1.0,False,False,False
2359,28a571e0cc5c829d272d472a6dccd332,182,Brittney Sykes,brittneysykes,TOR,threes,1.5,164.0,-225.0,10,10,2025-08-14 14:12:35+00:00,2025-08-14 14:12:35+00:00,2025-08-14 14:12:35+00:00,2025-08-16 02:00:00+00:00,0.0,2025-08-15,2025,REG,ATL,SEA,1.0710955710955712,True,,0.33738864980507277,401736325,2988756,14,20,0,True,False,matched,1.0,2025-08-15,under,0.1000622754943778,1.4444444444444444,0.4444444444444444,1.0,False,False,False
2358,35bb535c953dbf5c1a93e84ef4aac32a,89,Dearica Hamby,dearicahamby,LAS,assists,3.5,-102.0,-130.0,10,10,2025-08-14 17:05:33+00:00,2025-08-14 17:05:33+00:00,2025-08-14 17:05:33+00:00,2025-08-15 23:30:00+00:00,0.0,2025-08-15,2025,REG,DAL,LAS,1.0701678863538528,True,,0.46878765056355093,401736324,2566106,6,3,0,True,False,matched,4.0,2025-08-15,under,0.2520197067767397,1.7692307692307692,-1.0,1.0,False,False,False
2358,9e92d72c89e8de3a30de0f65811df33e,95,Li Yueru,liyueru,DAL,rebounds,6.5,102.0,-136.0,10,10,2025-08-14 17:17:48+00:00,2025-08-14 17:17:48+00:00,2025-08-14 17:17:48+00:00,2025-08-15 23:30:00+00:00,0.0,2025-08-15,2025,REG,DAL,LAS,1.071320691391173,True,,0.4579067075572801,401736324,4336633,3,6,1,True,False,matched,1.0,2025-08-15,under,0.325485436330066,1.7352941176470589,0.7352941176470589,1.0,False,False,False
2356,016db093c2ffe3f2372d5e87d3b08db7,30,Kamilla Cardoso,kamillacardoso,CHI,rebounds,10.5,-125.0,-106.0,10,10,2025-08-14 17:23:20+00:00,2025-08-14 17:23:20+00:00,2025-08-14 17:23:20+00:00,2025-08-15 23:30:00+00:00,0.0,2025-08-15,2025,REG,CHI,GSV,1.070118662351672,True,,0.5212291071384377,401736323,4433405,19,129689,1,True,False,matched,4.0,2025-08-15,under,0.31179828434774404,1.9433962264150944,0.9433962264150944,1.0,False,False,False
2357,0edde39ae64e6d9d34336cf31d6b8366,71,Aliyah Boston,aliyahboston,IND,assists,3.5,-166.0,124.0,10,10,2025-08-14 17:23:21+00:00,2025-08-14 17:23:21+00:00,2025-08-14 17:23:21+00:00,2025-08-15 23:30:00+00:00,0.0,2025-08-15,2025,REG,IND,WAS,1.0704887218045114,True,,0.5920365770215091,401736322,4432831,5,16,1,True,False,matched,1.0,2025-08-15,under,0.26242420497446245,2.24,1.2400000000000002,1.0,False,False,False
2356,3ed87aa1992a55310e82ae78907451ac,185,Ariel Atkins,arielatkins,LAS,points,11.5,-125.0,-104.0,10,10,2025-08-14 17:23:21+00:00,2025-08-14 17:23:21+00:00,2025-08-14 17:23:21+00:00,2025-08-15 23:30:00+00:00,0.0,2025-08-15,2025,REG,CHI,GSV,1.065359477124183,True,,0.5236312520088393,401736323,3146151,19,129689,1,True,False,matched,7.0,2025-08-15,under,0.2009693854708392,1.9615384615384617,0.9615384615384617,1.0,False,False,False
2356,aa88eb02a5ac911221f7f21862cf82ff,537,Janelle Salaun,janellesalaun,GSV,points,11.5,-108.0,-120.0,10,10,2025-08-14 17:23:21+00:00,2025-08-14 17:23:21+00:00,2025-08-14 17:23:21+00:00,2025-08-15 23:30:00+00:00,0.0,2025-08-15,2025,REG,CHI,GSV,1.0646853146853146,True,,0.48646030463369283,401736323,4790264,129689,19,0,True,False,matched,15.0,2025-08-15,under,0.13979743998061434,1.8333333333333335,-1.0,1.0,False,False,False
2356,4a81cb998d2759ea4b4020958ab9336b,221,Tiffany Hayes,tiffanyhayes,GSV,points,12.5,-108.0,-120.0,10,10,2025-08-14 17:28:08+00:00,2025-08-14 17:28:08+00:00,2025-08-14 17:28:08+00:00,2025-08-15 23:30:00+00:00,0.0,2025-08-15,2025,REG,CHI,GSV,1.0646853146853146,True,,0.48646030463369283,401736323,1054,129689,19,0,True,False,matched,13.0,2025-08-15,under,0.12939626938823173,1.8333333333333335,-1.0,1.0,False,False,False
2357,45e5ce5049879f4a6998c9f259de90e4,70,Kelsey Mitchell,kelseymitchell,IND,assists,4.5,104.0,-138.0,10,10,2025-08-14 17:28:09+00:00,2025-08-14 17:28:09+00:00,2025-08-14 17:28:09+00:00,2025-08-15 23:30:00+00:00,0.0,2025-08-15,2025,REG,IND,WAS,1.0700280112044818,True,,0.4535791638529251,401736322,3142191,5,16,1,True,False,matched,9.0,2025-08-15,under,0.21725300274134046,1.7246376811594204,-1.0,1.0,False,False,False
2357,913ff130bdb70dc83fa759a2dfc68e04,573,Sonia Citron,soniacitron,WAS,points,16.5,100.0,-130.0,10,10,2025-08-14 17:28:09+00:00,2025-08-14 17:28:09+00:00,2025-08-14 17:28:09+00:00,2025-08-15 23:30:00+00:00,0.0,2025-08-15,2025,REG,IND,WAS,1.065217391304348,True,,0.4663164946059025,401736322,4433524,16,5,0,True,False,matched,21.0,2025-08-15,under,0.10631888756351732,1.7692307692307692,-1.0,1.0,False,False,False
2356,d99b05c0f50b1bc16d44515ebbca43d5,55,Veronica Burton,veronicaburton,GSV,threes,1.5,130.0,-174.0,10,10,2025-08-14 17:32:59+00:00,2025-08-14 17:32:59+00:00,2025-08-14 17:32:59+00:00,2025-08-15 23:30:00+00:00,0.0,2025-08-15,2025,REG,CHI,GSV,1.069819105046017,True,,0.3962729171732011,401736323,4398935,129689,19,0,True,False,matched,2.0,2025-08-15,over,0.14417776366693147,2.3,1.2999999999999998,1.0,False,False,False
2357,ad8a81c59aae92d527f96d02ff826a29,149,Sug Sutton,sugsutton,DAL,assists,3.5,-168.0,126.0,10,10,2025-08-14 17:32:59+00:00,2025-08-14 17:32:59+00:00,2025-08-14 17:32:59+00:00,2025-08-15 23:30:00+00:00,0.0,2025-08-15,2025,REG,IND,WAS,1.0693435477479856,True,,0.5954775535118485,401736322,4068159,16,5,0,True,False,matched,4.0,2025-08-15,under,0.11187679068323042,2.26,-1.0,1.0,False,False,False
2356,26da9881f548003f4896e7deb2080e05,36,Rachel Banham,rachelbanham,CHI,points,10.5,-128.0,-102.0,10,10,2025-08-14 17:33:00+00:00,2025-08-14 17:33:00+00:00,2025-08-14 17:33:00+00:00,2025-08-15 23:30:00+00:00,0.0,2025-08-15,2025,REG,CHI,GSV,1.0663540038214347,True,,0.5291749480305961,401736323,2566186,19,129689,1,True,False,matched,15.0,2025-08-15,under,0.2156233367184907,1.9803921568627452,-1.0,1.0,False,False,False
2357,9c20c263fb6e4dd4b11edb934b0d4c85,572,Kiki Iriafen,kikiiriafen,WAS,points,14.5,100.0,-130.0,10,10,2025-08-14 17:33:00+00:00,2025-08-14 17:33:00+00:00,2025-08-14 17:33:00+00:00,2025-08-15 23:30:00+00:00,0.0,2025-08-15,2025,REG,IND,WAS,1.065217391304348,True,,0.4663164946059025,401736322,4898384,16,5,0,True,False,matched,18.0,2025-08-15,under,0.13831916453069443,1.7692307692307692,-1.0,1.0,False,False,False
2356,1fcdf1386061555e96ce85305353c3b8,33,Elizabeth Williams,elizabethwilliams,CHI,rebounds,7.5,-136.0,102.0,10,10,2025-08-14 17:33:01+00:00,2025-08-14 17:33:01+00:00,2025-08-14 17:33:01+00:00,2025-08-15 23:30:00+00:00,0.0,2025-08-15,2025,REG,CHI,GSV,1.071320691391173,True,,0.5420932924427202,401736323,2566081,19,129689,1,True,False,matched,5.0,2025-08-15,under,0.2773459120689671,2.02,1.02,1.0,False,False,False
2358,e8c0bb57de6ee10a579f570b9110d344,87,Cameron Brink,cameronbrink,LAS,points,6.5,-114.0,-114.0,10,10,2025-08-14 20:03:49+00:00,2025-08-14 20:03:49+00:00,2025-08-14 20:03:49+00:00,2025-08-15 23:30:00+00:00,0.0,2025-08-15,2025,REG,DAL,LAS,1.0654205607476634,True,,0.5000000000000001,401736324,4433404,6,3,0,True,False,matched,3.0,2025-08-15,under,0.11912855328402522,1.8771929824561404,0.8771929824561404,1.0,False,False,False
2361,5580a9513e32e99b39dd440a4e454dc8,132,Sabrina Ionescu,sabrinaionescu,NYL,points,18.5,-110.0,-118.0,10,10,2025-08-14 20:19:29+00:00,2025-08-14 20:19:29+00:00,2025-08-14 20:19:29+00:00,2025-08-16 18:00:00+00:00,0.0,2025-08-16,2025,REG,MIN,NYL,1.0650939274792486,True,,0.4909754767731684,401736327,4066533,9,8,0,True,False,matched,13.0,2025-08-16,under,0.1523486038591476,1.847457627118644,0.847457627118644,1.0,False,False,False
2361,f50b1f51ea26b916d57cb061d18f9916,121,Alanna Smith,alannasmith,DAL,points,12.5,-104.0,-125.0,10,10,2025-08-14 20:27:38+00:00,2025-08-14 20:27:38+00:00,2025-08-14 20:27:38+00:00,2025-08-16 18:00:00+00:00,0.0,2025-08-16,2025,REG,MIN,NYL,1.065359477124183,True,,0.4763687479911608,401736327,3913881,8,9,1,True,False,matched,14.0,2025-08-16,under,0.2500008367959976,1.8,-1.0,1.0,False,False,False
2361,e53599f86154d31691bb897c6894ec62,117,Courtney Williams,courtneywilliams,MIN,points,14.5,-125.0,-104.0,10,10,2025-08-14 20:27:38+00:00,2025-08-14 20:27:38+00:00,2025-08-14 20:27:38+00:00,2025-08-16 18:00:00+00:00,0.0,2025-08-16,2025,REG,MIN,NYL,1.065359477124183,True,,0.5236312520088393,401736327,2987891,8,9,1,True,False,matched,26.0,2025-08-16,under,0.19083109244373897,1.9615384615384617,-1.0,1.0,False,False,False
2361,3d52ef1616284b4c30872e6a10b43d1d,233,Emma Meesseman,emmameesseman,FA,points,15.5,104.0,-135.0,10,10,2025-08-14 20:27:38+00:00,2025-08-14 20:27:38+00:00,2025-08-14 20:27:38+00:00,2025-08-16 18:00:00+00:00,0.0,2025-08-16,2025,REG,MIN,NYL,1.0646641635377556,True,,0.45648742045938223,401736327,3027368,9,8,0,True,False,matched,10.0,2025-08-16,under,0.15209102804034114,1.7407407407407407,0.7407407407407407,1.0,False,False,False
2356,60a8e0f586eb514e68f4bb37515b5001,120,Cecilia Zandalasini,ceciliazandalasini,GSV,points,10.5,-118.0,-110.0,10,10,2025-08-15 00:33:38+00:00,2025-08-15 00:33:38+00:00,2025-08-15 00:33:38+00:00,2025-08-15 23:30:00+00:00,0.0,2025-08-15,2025,REG,CHI,GSV,1.0650939274792486,True,,0.5090245232268319,401736323,4257500,129689,19,0,True,False,matched,20.0,2025-08-15,under,0.17774128171979497,1.9090909090909092,-1.0,1.0,False,False,False
2358,5d149c9520ca33537ffc4229aa4badc5,82,Azura Stevens,azurastevens,CHI,threes,1.5,108.0,-144.0,10,10,2025-08-15 01:02:23+00:00,2025-08-15 01:02:23+00:00,2025-08-15 01:02:23+00:00,2025-08-15 23:30:00+00:00,0.0,2025-08-15,2025,REG,DAL,LAS,1.0709331651954601,True,,0.4433154794603006,401736324,3142010,6,3,0,True,False,matched,2.0,2025-08-15,over,0.12601700699562457,2.08,1.08,1.0,False,False,False
2361,033162ee40adf199413c441203ad9859,116,Jessica Shepard,jessicashepard,DAL,rebounds,8.5,-112.0,-118.0,10,10,2025-08-15 01:08:45+00:00,2025-08-15 01:08:45+00:00,2025-08-15 01:08:45+00:00,2025-08-16 18:00:00+00:00,0.0,2025-08-16,2025,REG,MIN,NYL,1.0695862904621776,True,,0.49327872882454105,401736327,3906949,8,9,1,True,False,matched,10.0,2025-08-16,under,0.301532947391448,1.847457627118644,-1.0,1.0,False,False,False
2358,c9f5a416936e1d3fdd9c39908f28a10b,10,Haley Jones,haleyjones,DAL,points,8.5,-130.0,100.0,19,19,2025-08-15 13:19:28+00:00,2025-08-15 13:19:28+00:00,2025-08-15 13:19:28+00:00,2025-08-15 23:30:00+00:00,0.0,2025-08-15,2025,REG,DAL,LAS,1.065217391304348,True,,0.5336835053940976,401736324,4595910,3,6,1,True,False,matched,4.0,2025-08-15,under,0.34240807353936453,2.0,1.0,1.0,False,False,False
2360,635a66a7220d64421c87eb6cc04f4f6d,73,NaLyssa Smith,nalyssasmith,LVA,rebounds,5.5,-179.0,134.0,60,60,2025-08-15 18:09:33+00:00,2025-08-15 18:09:33+00:00,2025-08-15 18:09:33+00:00,2025-08-16 02:00:00+00:00,0.0,2025-08-15,2025,REG,PHX,LVA,1.068927488282327,True,,0.6109147511387446,401736326,4398776,17,11,0,True,False,matched,9.0,2025-08-15,under,0.10326827581418907,2.34,-1.0,1.0,False,False,False
2358,a567464f0802bb083d1282a98de7187c,61,Maddy Siegrist,maddysiegrist,DAL,rebounds,4.5,-158.0,118.0,10,10,2025-08-15 22:47:17+00:00,2025-08-15 22:47:17+00:00,2025-08-15 22:47:17+00:00,2025-08-15 23:30:00+00:00,0.0,2025-08-15,2025,REG,DAL,LAS,1.0711186971054691,True,,0.5796527091990534,401736324,4399415,3,6,1,True,False,matched,3.0,2025-08-15,under,0.3260465936276089,2.1799999999999997,1.1799999999999997,1.0,False,False,False
2357,31f08995e95c25945f62d41667c555fc,76,Lexie Hull,lexiehull,IND,points,8.5,-114.0,-114.0,10,10,2025-08-15 23:08:50+00:00,2025-08-15 23:08:50+00:00,2025-08-15 23:08:50+00:00,2025-08-15 23:30:00+00:00,0.0,2025-08-15,2025,REG,IND,WAS,1.0654205607476634,True,,0.5000000000000001,401736322,4398829,5,16,1,True,False,matched,7.0,2025-08-15,under,0.5373203548234889,1.8771929824561404,0.8771929824561404,1.0,False,False,False
2362,5cedc1d953566b6ca4ccda13d82e5c2d,70,Kelsey Mitchell,kelseymitchell,IND,assists,5.5,128.0,-172.0,10,10,2025-08-16 05:47:14+00:00,2025-08-16 05:47:14+00:00,2025-08-16 05:47:14+00:00,2025-08-17 17:00:00+00:00,0.0,2025-08-17,2025,REG,CON,IND,1.0709494324045408,True,,0.39957653069922067,401736329,3142191,5,18,0,True,False,matched,6.0,2025-08-17,under,0.33815879009254257,1.5813953488372094,-1.0,1.0,False,False,False
2362,1c1c0165dded96df463ad6a71628dd2a,76,Lexie Hull,lexiehull,IND,rebounds,4.5,108.0,-144.0,10,10,2025-08-16 05:47:14+00:00,2025-08-16 05:47:14+00:00,2025-08-16 05:47:14+00:00,2025-08-17 17:00:00+00:00,0.0,2025-08-17,2025,REG,CON,IND,1.0709331651954601,True,,0.4433154794603006,401736329,4398829,5,18,0,True,False,matched,7.0,2025-08-17,under,0.14635955785765792,1.6944444444444444,-1.0,1.0,False,False,False
2362,3f05c9630a41dc440892c897cdd6cf42,22,Marina Mabrey,marinamabrey,TOR,points,15.5,104.0,-135.0,10,10,2025-08-16 05:47:14+00:00,2025-08-16 05:47:14+00:00,2025-08-16 05:47:14+00:00,2025-08-17 17:00:00+00:00,0.0,2025-08-17,2025,REG,CON,IND,1.0646641635377556,True,,0.45648742045938223,401736329,3904576,18,5,1,True,False,matched,27.0,2025-08-17,under,0.12212479826994982,1.7407407407407407,-1.0,1.0,False,False,False
2362,022969a234b1906b59f4d779ebfdef94,71,Aliyah Boston,aliyahboston,IND,points,14.5,-108.0,-120.0,10,10,2025-08-16 05:47:14+00:00,2025-08-16 05:47:14+00:00,2025-08-16 05:47:14+00:00,2025-08-17 17:00:00+00:00,0.0,2025-08-17,2025,REG,CON,IND,1.0646853146853146,True,,0.48646030463369283,401736329,4432831,5,18,0,True,False,matched,14.0,2025-08-17,under,0.11583748978951092,1.8333333333333335,0.8333333333333335,1.0,False,False,False
2362,66bca6b6fd4d194ae5eb2aa4ba35289f,156,Sophie Cunningham,sophiecunningham,IND,rebounds,3.5,-114.0,-114.0,10,10,2025-08-16 05:47:14+00:00,2025-08-16 05:47:14+00:00,2025-08-16 05:47:14+00:00,2025-08-17 17:00:00+00:00,0.0,2025-08-17,2025,REG,CON,IND,1.0654205607476634,True,,0.5000000000000001,401736329,3907781,5,18,0,True,False,matched,1.0,2025-08-17,under,0.1043589317252554,1.8771929824561404,0.8771929824561404,1.0,False,False,False
2362,ac46c1a1cd20973a64737c8c7125c307,519,Aneesah Morrow,aneesahmorrow,CON,points,9.5,-113.0,-115.0,10,10,2025-08-16 05:47:15+00:00,2025-08-16 05:47:15+00:00,2025-08-16 05:47:15+00:00,2025-08-17 17:00:00+00:00,0.0,2025-08-17,2025,REG,CON,IND,1.0654001528551151,True,,0.49774423259931944,401736329,4684384,18,5,1,True,False,matched,10.0,2025-08-17,under,0.21136679689573878,1.8695652173913042,-1.0,1.0,False,False,False
2365,15da29c0ce7580007f27e188a779fc09,54,Satou Sabally,satousabally,NYL,assists,2.5,-146.0,110.0,10,10,2025-08-16 05:47:15+00:00,2025-08-16 05:47:15+00:00,2025-08-16 05:47:15+00:00,2025-08-17 22:00:00+00:00,0.0,2025-08-17,2025,REG,SEA,PHX,1.0696864111498257,True,,0.5607420039050215,401736331,4281929,11,14,0,True,False,matched,2.0,2025-08-17,under,0.20790202116618223,2.1,1.1,1.0,False,False,False
2365,dd7229bbea128348e0bd37423e5d795f,182,Brittney Sykes,brittneysykes,TOR,points,13.5,-130.0,100.0,10,10,2025-08-16 05:47:15+00:00,2025-08-16 05:47:15+00:00,2025-08-16 05:47:15+00:00,2025-08-17 22:00:00+00:00,0.0,2025-08-17,2025,REG,SEA,PHX,1.065217391304348,True,,0.5336835053940976,401736331,2988756,14,11,1,True,False,matched,11.0,2025-08-17,under,0.15428296970145672,2.0,1.0,1.0,False,False,False
2365,3b8a29ba465bee0538e664dbada9db07,155,Kahleah Copper,kahleahcopper,PHO,points,15.5,-125.0,-104.0,10,10,2025-08-16 05:47:15+00:00,2025-08-16 05:47:15+00:00,2025-08-16 05:47:15+00:00,2025-08-17 22:00:00+00:00,0.0,2025-08-17,2025,REG,SEA,PHX,1.065359477124183,True,,0.5236312520088393,401736331,2998938,11,14,0,True,False,matched,17.0,2025-08-17,under,0.12516375669860164,1.9615384615384617,-1.0,1.0,False,False,False
2362,4592037335223fc5aeba16d862217c4e,56,Natasha Howard,natashahoward,MIN,points,12.5,106.0,-138.0,10,10,2025-08-16 05:47:15+00:00,2025-08-16 05:47:15+00:00,2025-08-16 05:47:15+00:00,2025-08-17 17:00:00+00:00,0.0,2025-08-17,2025,REG,CON,IND,1.0652688259769927,True,,0.4512435291926419,401736329,2529130,5,18,0,True,False,matched,18.0,2025-08-17,under,0.10107655579818925,1.7246376811594204,-1.0,1.0,False,False,False
2365,fc5f8d291c9420a4a4d1cb926b32a68d,45,DeWanna Bonner,dewannabonner,PHO,rebounds,4.5,134.0,-180.0,10,10,2025-08-16 05:53:05+00:00,2025-08-16 05:53:05+00:00,2025-08-16 05:53:05+00:00,2025-08-17 22:00:00+00:00,0.0,2025-08-17,2025,REG,SEA,PHX,1.0702075702075702,True,,0.38834080463047865,401736331,869,11,14,0,True,False,matched,1.0,2025-08-17,over,0.11175612092904808,2.34,-1.0,1.0,False,False,False
2363,01f8624339e0f9632dd45b4f7df6ffe1,84,Julie Allemand,julieallemand,TOR,rebounds,4.5,-148.0,112.0,10,10,2025-08-16 05:58:30+00:00,2025-08-16 05:58:30+00:00,2025-08-16 05:58:30+00:00,2025-08-17 19:00:00+00:00,0.0,2025-08-17,2025,REG,WAS,LAS,1.0684723067559343,True,,0.5647227530167998,401736328,4001679,6,16,0,True,False,matched,2.0,2025-08-17,under,0.325265984348016,2.12,1.12,1.0,False,False,False
2363,269899fd29e5b89f152b846a71f81f0c,149,Sug Sutton,sugsutton,DAL,points,9.5,-108.0,-120.0,10,10,2025-08-16 05:58:30+00:00,2025-08-16 05:58:30+00:00,2025-08-16 05:58:30+00:00,2025-08-17 19:00:00+00:00,0.0,2025-08-17,2025,REG,WAS,LAS,1.0646853146853146,True,,0.48646030463369283,401736328,4068159,16,6,1,True,False,matched,8.0,2025-08-17,under,0.24186268772831937,1.8333333333333335,0.8333333333333335,1.0,False,False,False
2363,45f9fb439f9640ce976657ec8b4ab752,573,Sonia Citron,soniacitron,WAS,assists,3.5,-108.0,-122.0,10,10,2025-08-16 05:58:30+00:00,2025-08-16 05:58:30+00:00,2025-08-16 05:58:30+00:00,2025-08-17 19:00:00+00:00,0.0,2025-08-17,2025,REG,WAS,LAS,1.0687803187803186,True,,0.48431040390879443,401736328,4433524,16,6,1,True,False,matched,3.0,2025-08-17,under,0.22524373947424503,1.819672131147541,0.819672131147541,1.0,False,False,False
2363,b9e698bf0cdb29286dee43c7bd7bb3f3,89,Dearica Hamby,dearicahamby,LAS,assists,2.5,-182.0,136.0,10,10,2025-08-16 05:58:30+00:00,2025-08-16 05:58:30+00:00,2025-08-16 05:58:30+00:00,2025-08-17 19:00:00+00:00,0.0,2025-08-17,2025,REG,WAS,LAS,1.0691188844813078,True,,0.6147799949652675,401736328,2566106,6,16,0,True,False,matched,7.0,2025-08-17,under,0.22340717592526094,2.3600000000000003,-1.0,1.0,False,False,False
2363,40161b3c816a858f1a28141b43aea1c3,101,Kelsey Plum,kelseyplum,LAS,points,18.5,-135.0,104.0,10,10,2025-08-16 05:58:30+00:00,2025-08-16 05:58:30+00:00,2025-08-16 05:58:30+00:00,2025-08-17 19:00:00+00:00,0.0,2025-08-17,2025,REG,WAS,LAS,1.0646641635377556,True,,0.5435125795406177,401736328,3065570,6,16,0,True,False,matched,25.0,2025-08-17,under,0.18957277842194564,2.04,-1.0,1.0,False,False,False
2363,31cc8aef383fb34b09bea2196d1ca691,94,Rickea Jackson,rickeajackson,CHI,points,15.5,-118.0,-110.0,10,10,2025-08-16 05:58:30+00:00,2025-08-16 05:58:30+00:00,2025-08-16 05:58:30+00:00,2025-08-17 19:00:00+00:00,0.0,2025-08-17,2025,REG,WAS,LAS,1.0650939274792486,True,,0.5090245232268319,401736328,4433630,6,16,0,True,False,matched,17.0,2025-08-17,under,0.18063347787821588,1.9090909090909092,-1.0,1.0,False,False,False
2363,cfd835aa2390f65c1c7ca759a895c74e,572,Kiki Iriafen,kikiiriafen,WAS,rebounds,9.5,-108.0,-122.0,10,10,2025-08-16 05:58:31+00:00,2025-08-16 05:58:31+00:00,2025-08-16 05:58:31+00:00,2025-08-17 19:00:00+00:00,0.0,2025-08-17,2025,REG,WAS,LAS,1.0687803187803186,True,,0.48431040390879443,401736328,4898384,16,6,1,True,False,matched,10.0,2025-08-17,under,0.19750140243218695,1.819672131147541,-1.0,1.0,False,False,False
2366,ee8a6d5ebc320039495291929b173035,120,Cecilia Zandalasini,ceciliazandalasini,GSV,points,13.5,-113.0,-115.0,10,10,2025-08-16 05:58:32+00:00,2025-08-16 05:58:32+00:00,2025-08-16 05:58:32+00:00,2025-08-18 00:30:00+00:00,0.0,2025-08-17,2025,REG,GSV,ATL,1.0654001528551151,True,,0.49774423259931944,401736332,4257500,129689,20,1,True,False,matched,11.0,2025-08-17,under,0.4152601998221489,1.8695652173913042,0.8695652173913042,1.0,False,False,False
2366,a18005aab3be3a64c5a660fd48e477d3,15,Rhyne Howard,rhynehoward,ATL,rebounds,3.5,-168.0,126.0,10,10,2025-08-16 05:58:32+00:00,2025-08-16 05:58:32+00:00,2025-08-16 05:58:32+00:00,2025-08-18 00:30:00+00:00,0.0,2025-08-17,2025,REG,GSV,ATL,1.0693435477479856,True,,0.5954775535118485,401736332,4398674,20,129689,0,True,False,matched,5.0,2025-08-17,under,0.2020917088275595,2.26,-1.0,1.0,False,False,False
2366,07cf000142f6d8c3a2b1a2083d2cd0a4,1,Allisha Gray,allishagray,ATL,assists,3.5,-122.0,-108.0,10,10,2025-08-16 05:58:32+00:00,2025-08-16 05:58:32+00:00,2025-08-16 05:58:32+00:00,2025-08-18 00:30:00+00:00,0.0,2025-08-17,2025,REG,GSV,ATL,1.0687803187803186,True,,0.5156895960912058,401736332,3058901,20,129689,0,True,False,matched,4.0,2025-08-17,under,0.19908814493402732,1.925925925925926,-1.0,1.0,False,False,False
2366,88cd132171417133b01b8bf2dec4a6dc,537,Janelle Salaun,janellesalaun,GSV,points,11.5,-102.0,-128.0,10,10,2025-08-16 05:58:32+00:00,2025-08-16 05:58:32+00:00,2025-08-16 05:58:32+00:00,2025-08-18 00:30:00+00:00,0.0,2025-08-17,2025,REG,GSV,ATL,1.0663540038214347,True,,0.47082505196940394,401736332,4790264,129689,20,1,True,False,matched,5.0,2025-08-17,under,0.11969296743738939,1.78125,0.78125,1.0,False,False,False
2366,4c2325968038f0952aff2f294c167878,49,Brionna Jones,brionnajones,ATL,points,11.5,-106.0,-122.0,10,10,2025-08-16 05:58:32+00:00,2025-08-16 05:58:32+00:00,2025-08-16 05:58:32+00:00,2025-08-18 00:30:00+00:00,0.0,2025-08-17,2025,REG,GSV,ATL,1.064112656345666,True,,0.4819416314468661,401736332,3058895,20,129689,0,True,False,matched,13.0,2025-08-17,under,0.11549548724320569,1.819672131147541,-1.0,1.0,False,False,False
2366,42474bc0510581bb1468c798d5710bbc,221,Tiffany Hayes,tiffanyhayes,GSV,points,12.5,100.0,-130.0,10,10,2025-08-16 05:58:32+00:00,2025-08-16 05:58:32+00:00,2025-08-16 05:58:32+00:00,2025-08-18 00:30:00+00:00,0.0,2025-08-17,2025,REG,GSV,ATL,1.065217391304348,True,,0.4663164946059025,401736332,1054,129689,20,1,True,False,matched,4.0,2025-08-17,under,0.10222327983564022,1.7692307692307692,0.7692307692307692,1.0,False,False,False
2364,4b1260dad00162f6498a782f0ca8e20f,103,A'ja Wilson,ajawilson,LVA,rebounds,11.5,-132.0,100.0,10,10,2025-08-16 06:51:25+00:00,2025-08-16 06:51:25+00:00,2025-08-16 06:51:25+00:00,2025-08-17 19:30:00+00:00,0.0,2025-08-17,2025,REG,LVA,DAL,1.0689655172413794,True,,0.5356937238338165,401736330,3149391,17,3,1,True,False,matched,8.0,2025-08-17,under,0.1826651927606741,2.0,1.0,1.0,False,False,False
2364,448073b69582152c559ba69f71aa86cb,528,Paige Bueckers,paigebueckers,DAL,points,18.5,-130.0,100.0,10,10,2025-08-16 06:57:01+00:00,2025-08-16 06:57:01+00:00,2025-08-16 06:57:01+00:00,2025-08-17 19:30:00+00:00,0.0,2025-08-17,2025,REG,LVA,DAL,1.065217391304348,True,,0.5336835053940976,401736330,4433730,3,17,0,True,False,matched,18.0,2025-08-17,under,0.19872265580958115,2.0,1.0,1.0,False,False,False
2364,cb144173bc026a921fb4306e08fce6c1,61,Maddy Siegrist,maddysiegrist,DAL,points,13.5,-125.0,-104.0,10,10,2025-08-16 13:20:57+00:00,2025-08-16 13:20:57+00:00,2025-08-16 13:20:57+00:00,2025-08-17 19:30:00+00:00,0.0,2025-08-17,2025,REG,LVA,DAL,1.065359477124183,True,,0.5236312520088393,401736330,4399415,3,17,0,True,False,matched,23.0,2025-08-17,under,0.38625712771963205,1.9615384615384617,-1.0,1.0,False,False,False
2362,24a56b2a18ff2aafc5fb0d1241cba8e8,9,Tina Charles,tinacharles,FA,assists,1.5,-217.0,158.0,60,60,2025-08-17 14:07:00+00:00,2025-08-17 14:07:00+00:00,2025-08-17 14:07:00+00:00,2025-08-17 17:00:00+00:00,0.0,2025-08-17,2025,REG,CON,IND,1.0721394859755948,True,,0.654091626550912,401736329,918,18,5,1,True,False,matched,3.0,2025-08-17,under,0.19686420630333157,2.58,-1.0,1.0,False,False,False
2362,b5a6b46ac3f15d4035983efd16dec6db,293,Odyssey Sims,odysseysims,DAL,assists,5.5,165.0,-217.0,60,60,2025-08-17 16:55:47+00:00,2025-08-17 16:55:47+00:00,2025-08-17 16:55:47+00:00,2025-08-17 17:00:00+00:00,0.0,2025-08-17,2025,REG,CON,IND,1.0619010773168265,True,,0.34151668831412246,401736329,2529047,5,18,0,True,False,matched,7.0,2025-08-17,under,0.24138317434543619,1.4608294930875576,-1.0,1.0,False,False,False
2366,e505c9c0e74254cbf037290644aaad09,16,Naz Hillmon,nazhillmon,ATL,rebounds,7.5,-130.0,-102.0,10,10,2025-08-17 21:16:12+00:00,2025-08-17 21:16:12+00:00,2025-08-17 21:16:12+00:00,2025-08-18 00:30:00+00:00,0.0,2025-08-17,2025,REG,GSV,ATL,1.0701678863538528,True,,0.5312123494364493,401736332,4398915,20,129689,0,True,False,matched,5.0,2025-08-17,under,0.22042399097202248,1.9803921568627452,0.9803921568627452,1.0,False,False,False
2366,c16b19a692a04ce36763b5608c00335b,55,Veronica Burton,veronicaburton,GSV,threes,1.5,142.0,-194.0,10,10,2025-08-17 22:15:34+00:00,2025-08-17 22:15:34+00:00,2025-08-17 22:15:34+00:00,2025-08-18 00:30:00+00:00,0.0,2025-08-17,2025,REG,GSV,ATL,1.073087086074099,True,,0.3719798187774044,401736332,4398935,129689,20,1,True,False,matched,1.0,2025-08-17,over,0.15785297653101327,2.42,-1.0,1.0,False,False,False
2371,a02b6f952d074e7d1a905c80eb2fb6c5,15,Rhyne Howard,rhynehoward,ATL,assists,3.5,-172.0,128.0,10,10,2025-08-18 04:34:25+00:00,2025-08-18 04:34:25+00:00,2025-08-18 04:34:25+00:00,2025-08-20 02:00:00+00:00,0.0,2025-08-19,2025,REG,LVA,ATL,1.0709494324045408,True,,0.6004234693007796,401736336,4398674,20,17,0,True,False,matched,6.0,2025-08-19,under,0.1989837069246977,2.2800000000000002,-1.0,1.0,False,False,False
2371,1cf497be4c3b750023f509283153c905,103,A'ja Wilson,ajawilson,LVA,points,24.5,-118.0,-110.0,10,10,2025-08-18 04:34:25+00:00,2025-08-18 04:34:25+00:00,2025-08-18 04:34:25+00:00,2025-08-20 02:00:00+00:00,0.0,2025-08-19,2025,REG,LVA,ATL,1.0650939274792486,True,,0.5090245232268319,401736336,3149391,17,20,1,True,False,matched,32.0,2025-08-19,under,0.1801490416448146,1.9090909090909092,-1.0,1.0,False,False,False
2371,3090de123abda3e4753c335ae2150e7e,102,Jackie Young,jackieyoung,LVA,points,16.5,-104.0,-125.0,10,10,2025-08-18 04:34:25+00:00,2025-08-18 04:34:25+00:00,2025-08-18 04:34:25+00:00,2025-08-20 02:00:00+00:00,0.0,2025-08-19,2025,REG,LVA,ATL,1.065359477124183,True,,0.4763687479911608,401736336,4065870,17,20,1,True,False,matched,16.0,2025-08-19,under,0.11775396152367779,1.8,0.8,1.0,False,False,False
2371,a53defb9150fd5181034319d06551c3c,107,Chelsea Gray,chelseagray,LVA,assists,5.5,118.0,-158.0,10,10,2025-08-18 04:39:42+00:00,2025-08-18 04:39:42+00:00,2025-08-18 04:39:42+00:00,2025-08-20 02:00:00+00:00,0.0,2025-08-19,2025,REG,LVA,ATL,1.0711186971054691,True,,0.42034729080094674,401736336,2529122,17,20,1,True,False,matched,11.0,2025-08-19,over,0.18329638164874668,2.1799999999999997,1.1799999999999997,1.0,False,False,False
2367,9d2662e1bd295e524d1ad2dd4e2d781d,233,Emma Meesseman,emmameesseman,FA,points,13.5,-120.0,-110.0,10,10,2025-08-18 04:48:58+00:00,2025-08-18 04:48:58+00:00,2025-08-18 04:48:58+00:00,2025-08-19 23:00:00+00:00,0.0,2025-08-19,2025,REG,NYL,MIN,1.0692640692640691,True,,0.5112040114787568,401736333,3027368,9,8,1,True,False,matched,13.0,2025-08-19,under,0.11774570037999799,1.9090909090909092,0.9090909090909092,1.0,False,False,False
2367,dff21b7358c26fb25430732eb2bc1f92,117,Courtney Williams,courtneywilliams,MIN,points,14.5,-128.0,-102.0,10,10,2025-08-18 04:55:09+00:00,2025-08-18 04:55:09+00:00,2025-08-18 04:55:09+00:00,2025-08-19 23:00:00+00:00,0.0,2025-08-19,2025,REG,NYL,MIN,1.0663540038214347,True,,0.5291749480305961,401736333,2987891,8,9,0,True,False,matched,17.0,2025-08-19,under,0.14041038414025064,1.9803921568627452,-1.0,1.0,False,False,False
2367,ac30d3ca29981adc409f36133a838ee1,116,Jessica Shepard,jessicashepard,DAL,rebounds,8.5,112.0,-148.0,10,10,2025-08-18 04:55:09+00:00,2025-08-18 04:55:09+00:00,2025-08-18 04:55:09+00:00,2025-08-19 23:00:00+00:00,0.0,2025-08-19,2025,REG,NYL,MIN,1.0684723067559343,True,,0.43527724698320036,401736333,3906949,8,9,0,True,False,matched,10.0,2025-08-19,under,0.1381555599305082,1.6756756756756757,-1.0,1.0,False,False,False
2367,bc24e3cec5165096e1e49bd4e1edd602,121,Alanna Smith,alannasmith,DAL,points,11.5,-120.0,-108.0,10,10,2025-08-18 04:55:10+00:00,2025-08-18 04:55:10+00:00,2025-08-18 04:55:10+00:00,2025-08-19 23:00:00+00:00,0.0,2025-08-19,2025,REG,NYL,MIN,1.0646853146853146,True,,0.5135396953663074,401736333,3913881,8,9,0,True,False,matched,5.0,2025-08-19,under,0.23860626493199283,1.925925925925926,0.925925925925926,1.0,False,False,False
2369,42530bfdc10dbb4ee7a89502a6d131a6,182,Brittney Sykes,brittneysykes,TOR,rebounds,3.5,-136.0,102.0,10,10,2025-08-18 05:00:12+00:00,2025-08-18 05:00:12+00:00,2025-08-18 05:00:12+00:00,2025-08-20 00:00:00+00:00,0.0,2025-08-19,2025,REG,CHI,SEA,1.071320691391173,True,,0.5420932924427202,401736335,2988756,14,19,0,True,False,matched,4.0,2025-08-19,under,0.356168280165846,2.02,-1.0,1.0,False,False,False
2369,fafae4ab4472487e78a660ab7eb80d00,30,Kamilla Cardoso,kamillacardoso,CHI,rebounds,10.5,-106.0,-125.0,10,10,2025-08-18 05:00:12+00:00,2025-08-18 05:00:12+00:00,2025-08-18 05:00:12+00:00,2025-08-20 00:00:00+00:00,0.0,2025-08-19,2025,REG,CHI,SEA,1.070118662351672,True,,0.4787708928615623,401736335,4433405,19,14,1,True,False,matched,6.0,2025-08-19,under,0.24471717856727176,1.8,0.8,1.0,False,False,False
2369,54620080cd867c58bbadfae9e789e797,208,Gabby Williams,gabbywilliams,GSV,threes,1.5,148.0,-200.0,10,10,2025-08-18 05:00:12+00:00,2025-08-18 05:00:12+00:00,2025-08-18 05:00:12+00:00,2025-08-20 00:00:00+00:00,0.0,2025-08-19,2025,REG,CHI,SEA,1.0698924731182795,True,,0.3634985050458517,401736335,3142328,14,19,0,True,False,matched,0.0,2025-08-19,under,0.1889969292408803,1.5,0.5,1.0,False,False,False
2369,fb957826c13a77a4c9b0d74d6a71cd0d,175,Skylar Diggins,skylardiggins,CHI,points,14.5,-110.0,-120.0,10,10,2025-08-18 05:00:12+00:00,2025-08-18 05:00:12+00:00,2025-08-18 05:00:12+00:00,2025-08-20 00:00:00+00:00,0.0,2025-08-19,2025,REG,CHI,SEA,1.0692640692640691,True,,0.4887959885212434,401736335,2491205,14,19,0,True,False,matched,24.0,2025-08-19,under,0.1414102064986451,1.8333333333333335,-1.0,1.0,False,False,False
2369,78e38df29724e0ef0d2ebb05235cd5cf,33,Elizabeth Williams,elizabethwilliams,CHI,points,10.5,-108.0,-120.0,10,10,2025-08-18 05:00:13+00:00,2025-08-18 05:00:13+00:00,2025-08-18 05:00:13+00:00,2025-08-20 00:00:00+00:00,0.0,2025-08-19,2025,REG,CHI,SEA,1.0646853146853146,True,,0.48646030463369283,401736335,2566081,19,14,1,True,False,matched,10.0,2025-08-19,under,0.10471935230843582,1.8333333333333335,0.8333333333333335,1.0,False,False,False
2368,a8c7484c188a2a25bebb9c30ba5ec948,573,Sonia Citron,soniacitron,WAS,assists,3.5,110.0,-146.0,10,10,2025-08-18 05:05:22+00:00,2025-08-18 05:05:22+00:00,2025-08-18 05:05:22+00:00,2025-08-19 23:30:00+00:00,0.0,2025-08-19,2025,REG,WAS,CON,1.0696864111498257,True,,0.4392579960949788,401736334,4433524,16,18,1,True,False,matched,3.0,2025-08-19,under,0.1525715786945826,1.6849315068493151,0.6849315068493151,1.0,False,False,False
2368,6b51d0720fd2470cfa9a078e8a91f342,572,Kiki Iriafen,kikiiriafen,WAS,rebounds,8.5,-152.0,114.0,10,10,2025-08-18 05:05:22+00:00,2025-08-18 05:05:22+00:00,2025-08-18 05:05:22+00:00,2025-08-19 23:30:00+00:00,0.0,2025-08-19,2025,REG,WAS,CON,1.0704643228007713,True,,0.5703965275254933,401736334,4898384,16,18,1,True,False,matched,12.0,2025-08-19,under,0.13922326820554576,2.1399999999999997,-1.0,1.0,False,False,False
2370,9f280773fa89696664a03de98fe82d74,55,Veronica Burton,veronicaburton,GSV,threes,1.5,162.0,-220.0,10,10,2025-08-18 05:21:22+00:00,2025-08-18 05:21:22+00:00,2025-08-18 05:21:22+00:00,2025-08-20 02:00:00+00:00,0.0,2025-08-19,2025,REG,GSV,PHX,1.069179389312977,True,,0.3415656920936278,401736337,4398935,129689,11,1,True,False,matched,2.0,2025-08-19,over,0.2940315202564633,2.62,1.62,1.0,False,False,False
2370,136d34985c5631639c8cccd4ff615f7f,54,Satou Sabally,satousabally,NYL,points,15.5,-128.0,-102.0,10,10,2025-08-18 05:21:22+00:00,2025-08-18 05:21:22+00:00,2025-08-18 05:21:22+00:00,2025-08-20 02:00:00+00:00,0.0,2025-08-19,2025,REG,GSV,PHX,1.0663540038214347,True,,0.5291749480305961,401736337,4281929,11,129689,0,True,False,matched,17.0,2025-08-19,under,0.238429254207297,1.9803921568627452,-1.0,1.0,False,False,False
2370,a56a4ccad199342280e61151701ad4e1,40,Alyssa Thomas,alyssathomas,PHO,rebounds,8.5,-138.0,104.0,10,10,2025-08-18 05:21:22+00:00,2025-08-18 05:21:22+00:00,2025-08-18 05:21:22+00:00,2025-08-20 02:00:00+00:00,0.0,2025-08-19,2025,REG,GSV,PHX,1.0700280112044818,True,,0.5464208361470752,401736337,2529140,11,129689,0,True,False,matched,9.0,2025-08-19,under,0.14843755975955963,2.04,-1.0,1.0,False,False,False
2370,20231cdb531bfac7e235effb537164bc,155,Kahleah Copper,kahleahcopper,PHO,points,15.5,-125.0,-104.0,10,10,2025-08-18 05:21:23+00:00,2025-08-18 05:21:23+00:00,2025-08-18 05:21:23+00:00,2025-08-20 02:00:00+00:00,0.0,2025-08-19,2025,REG,GSV,PHX,1.065359477124183,True,,0.5236312520088393,401736337,2998938,11,129689,0,True,False,matched,25.0,2025-08-19,under,0.23695403569305074,1.9615384615384617,-1.0,1.0,False,False,False
2370,8151ec8eaadb50de7051e70c153ba721,45,DeWanna Bonner,dewannabonner,PHO,points,10.5,-125.0,-104.0,10,10,2025-08-19 01:01:46+00:00,2025-08-19 01:01:46+00:00,2025-08-19 01:01:46+00:00,2025-08-20 02:00:00+00:00,0.0,2025-08-19,2025,REG,GSV,PHX,1.065359477124183,True,,0.5236312520088393,401736337,869,11,129689,0,True,False,matched,12.0,2025-08-19,under,0.143259693845938,1.9615384615384617,-1.0,1.0,False,False,False
2369,51753f07d442e1175aa639273d50b50b,180,Nneka Ogwumike,nnekaogwumike,LAS,assists,2.5,-125.0,-115.0,33,33,2025-08-19 01:12:05+00:00,2025-08-19 01:12:05+00:00,2025-08-19 01:12:05+00:00,2025-08-20 00:00:00+00:00,0.0,2025-08-19,2025,REG,CHI,SEA,1.0904392764857882,True,,0.5108317091649132,401736335,1068,14,19,0,True,False,matched,5.0,2025-08-19,under,0.1292656286676762,1.8695652173913042,-1.0,1.0,False,False,False
2372,2992b6dd07eff45e057dc3a841c3013e,10,Haley Jones,haleyjones,DAL,points,8.5,-114.0,-114.0,10,10,2025-08-19 01:25:33+00:00,2025-08-19 01:25:33+00:00,2025-08-19 01:25:33+00:00,2025-08-21 02:00:00+00:00,0.0,2025-08-20,2025,REG,LAS,DAL,1.0654205607476634,True,,0.5000000000000001,401736338,4595910,3,6,0,True,False,matched,3.0,2025-08-20,under,0.3300824443733919,1.8771929824561404,0.8771929824561404,1.0,False,False,False
2372,7ec56f7e014f79feedbfe83841fafee2,61,Maddy Siegrist,maddysiegrist,DAL,rebounds,4.5,-162.0,122.0,10,10,2025-08-19 01:25:33+00:00,2025-08-19 01:25:33+00:00,2025-08-19 01:25:33+00:00,2025-08-21 02:00:00+00:00,0.0,2025-08-20,2025,REG,LAS,DAL,1.0687710611374732,True,,0.5868918088955871,401736338,4399415,3,6,0,True,False,matched,4.0,2025-08-20,under,0.315642907957823,2.2199999999999998,1.2199999999999998,1.0,False,False,False
2372,95b1ae86e383afc4ef1ae1dd734e6952,84,Julie Allemand,julieallemand,TOR,rebounds,4.5,102.0,-136.0,10,10,2025-08-19 01:30:20+00:00,2025-08-19 01:30:20+00:00,2025-08-19 01:30:20+00:00,2025-08-21 02:00:00+00:00,0.0,2025-08-20,2025,REG,LAS,DAL,1.071320691391173,True,,0.4579067075572801,401736338,4001679,6,3,1,True,False,matched,3.0,2025-08-20,under,0.11254292628696388,1.7352941176470589,0.7352941176470589,1.0,False,False,False
2369,3e6026af2a2dff5dc8ad233f3921742d,176,Ezi Magbegor,ezimagbegor,SEA,rebounds,5.5,-140.0,110.0,12,12,2025-08-19 10:30:43+00:00,2025-08-19 10:30:43+00:00,2025-08-19 10:30:43+00:00,2025-08-20 00:00:00+00:00,0.0,2025-08-19,2025,REG,CHI,SEA,1.0595238095238093,True,,0.555167954788897,401736335,4420318,14,19,0,True,False,matched,8.0,2025-08-19,under,0.10488070582687603,2.1,-1.0,1.0,False,False,False
2369,c628b1ca7081083629b871b5dcdd6425,26,Angel Reese,angelreese,ATL,rebounds,9.5,116.0,-154.0,10,10,2025-08-19 16:59:30+00:00,2025-08-19 16:59:30+00:00,2025-08-19 16:59:30+00:00,2025-08-20 00:00:00+00:00,0.0,2025-08-19,2025,REG,CHI,SEA,1.0692621755613883,True,,0.425792012343204,401736335,4433402,19,14,1,True,False,matched,7.0,2025-08-19,over,0.5066136939405176,2.16,-1.0,1.0,False,False,False
2370,0ce631171b623ce5d43d738d695376ed,58,Carla Leite,carlaleite,PDX,points,8.5,-113.0,-115.0,10,10,2025-08-20 01:50:05+00:00,2025-08-20 01:50:05+00:00,2025-08-20 01:50:05+00:00,2025-08-20 02:00:00+00:00,0.0,2025-08-19,2025,REG,GSV,PHX,1.0654001528551151,True,,0.49774423259931944,401736337,5208982,129689,11,1,True,False,matched,15.0,2025-08-19,under,0.30679444189430083,1.8695652173913042,-1.0,1.0,False,False,False
2373,0f91502e9827b7597e228345fa41ca5e,196,Shakira Austin,shakiraaustin,WAS,points,13.5,-128.0,-102.0,10,10,2025-08-20 04:27:04+00:00,2025-08-20 04:27:04+00:00,2025-08-20 04:27:04+00:00,2025-08-21 23:00:00+00:00,0.0,2025-08-21,2025,REG,CON,WAS,1.0663540038214347,True,,0.5291749480305961,401736339,4398911,16,18,0,True,False,matched,6.0,2025-08-21,under,0.21374542795009815,1.9803921568627452,0.9803921568627452,1.0,False,False,False
2373,823b1e4c1091e4f5aa6176d4d39e962f,572,Kiki Iriafen,kikiiriafen,WAS,rebounds,8.5,-152.0,114.0,10,10,2025-08-20 04:27:04+00:00,2025-08-20 04:27:04+00:00,2025-08-20 04:27:04+00:00,2025-08-21 23:00:00+00:00,0.0,2025-08-21,2025,REG,CON,WAS,1.0704643228007713,True,,0.5703965275254933,401736339,4898384,16,18,0,True,False,matched,10.0,2025-08-21,under,0.17031002479676244,2.1399999999999997,-1.0,1.0,False,False,False
2373,0399364bb6f59fff2b9d40b265493abd,149,Sug Sutton,sugsutton,DAL,assists,4.5,-114.0,-114.0,10,10,2025-08-20 04:27:04+00:00,2025-08-20 04:27:04+00:00,2025-08-20 04:27:04+00:00,2025-08-21 23:00:00+00:00,0.0,2025-08-21,2025,REG,CON,WAS,1.0654205607476634,True,,0.5000000000000001,401736339,4068159,16,18,0,True,False,matched,6.0,2025-08-21,under,0.1573365712409403,1.8771929824561404,-1.0,1.0,False,False,False
2374,af876899f8c57e3205c6ff1361c7dc19,185,Ariel Atkins,arielatkins,LAS,points,14.5,102.0,-132.0,10,10,2025-08-20 05:27:16+00:00,2025-08-20 05:27:16+00:00,2025-08-20 05:27:16+00:00,2025-08-21 23:00:00+00:00,0.0,2025-08-21,2025,REG,NYL,CHI,1.0640150221918745,True,,0.4618487426836327,401736340,3146151,19,9,0,True,False,matched,19.0,2025-08-21,under,0.2709021899888267,1.7575757575757576,-1.0,1.0,False,False,False
2374,0df02d8958c287fe5a0c6abe1759cf18,233,Emma Meesseman,emmameesseman,FA,points,14.5,-122.0,-106.0,10,10,2025-08-20 05:27:16+00:00,2025-08-20 05:27:16+00:00,2025-08-20 05:27:16+00:00,2025-08-21 23:00:00+00:00,0.0,2025-08-21,2025,REG,NYL,CHI,1.064112656345666,True,,0.518058368553134,401736340,3027368,9,19,1,True,False,matched,5.0,2025-08-21,under,0.17669040849049872,1.9433962264150944,0.9433962264150944,1.0,False,False,False
2374,46907761d5c3e8462828a1915f8eac95,132,Sabrina Ionescu,sabrinaionescu,NYL,points,18.5,-115.0,-113.0,10,10,2025-08-20 05:27:16+00:00,2025-08-20 05:27:16+00:00,2025-08-20 05:27:16+00:00,2025-08-21 23:00:00+00:00,0.0,2025-08-21,2025,REG,NYL,CHI,1.0654001528551151,True,,0.5022557674006809,401736340,4066533,9,19,1,True,False,matched,16.0,2025-08-21,under,0.1273266655506443,1.8849557522123894,0.8849557522123894,1.0,False,False,False
2374,1e06f0526d05ac68f34e63ed9692c837,141,Jonquel Jones,jonqueljones,NYL,assists,3.5,110.0,-146.0,10,10,2025-08-20 05:27:17+00:00,2025-08-20 05:27:17+00:00,2025-08-20 05:27:17+00:00,2025-08-21 23:00:00+00:00,0.0,2025-08-21,2025,REG,NYL,CHI,1.0696864111498257,True,,0.4392579960949788,401736340,2999101,9,19,1,True,False,matched,2.0,2025-08-21,under,0.12945652801778113,1.6849315068493151,0.6849315068493151,1.0,False,False,False
2376,6054e629fc10e17aeb8cc41b2f65c23e,107,Chelsea Gray,chelseagray,LVA,rebounds,3.5,-152.0,114.0,10,10,2025-08-20 05:46:38+00:00,2025-08-20 05:46:38+00:00,2025-08-20 05:46:38+00:00,2025-08-22 02:00:00+00:00,0.0,2025-08-21,2025,REG,LVA,PHX,1.0704643228007713,True,,0.5703965275254933,401736342,2529122,17,11,1,True,False,matched,3.0,2025-08-21,under,0.25097768541960264,2.1399999999999997,1.1399999999999997,1.0,False,False,False
2376,2bbfda2ed98be8a16946d5cc48544972,54,Satou Sabally,satousabally,NYL,points,15.5,-120.0,-108.0,10,10,2025-08-20 05:46:38+00:00,2025-08-20 05:46:38+00:00,2025-08-20 05:46:38+00:00,2025-08-22 02:00:00+00:00,0.0,2025-08-21,2025,REG,LVA,PHX,1.0646853146853146,True,,0.5135396953663074,401736342,4281929,11,17,0,True,False,matched,15.0,2025-08-21,under,0.13792063985218633,1.925925925925926,0.925925925925926,1.0,False,False,False
2376,3d7c34cd49817f9bcde0771f791b5e44,155,Kahleah Copper,kahleahcopper,PHO,rebounds,3.5,-158.0,118.0,10,10,2025-08-20 05:46:39+00:00,2025-08-20 05:46:39+00:00,2025-08-20 05:46:39+00:00,2025-08-22 02:00:00+00:00,0.0,2025-08-21,2025,REG,LVA,PHX,1.0711186971054691,True,,0.5796527091990534,401736342,2998938,11,17,0,True,False,matched,2.0,2025-08-21,under,0.22296830254968136,2.1799999999999997,1.1799999999999997,1.0,False,False,False
2376,02f0b6e889774279609c8a234ef4ff00,103,A'ja Wilson,ajawilson,LVA,rebounds,11.5,-136.0,102.0,10,10,2025-08-20 05:46:39+00:00,2025-08-20 05:46:39+00:00,2025-08-20 05:46:39+00:00,2025-08-22 02:00:00+00:00,0.0,2025-08-21,2025,REG,LVA,PHX,1.071320691391173,True,,0.5420932924427202,401736342,3149391,17,11,1,True,False,matched,13.0,2025-08-21,under,0.19353017764861863,2.02,-1.0,1.0,False,False,False
2375,4d1f3cb905114a2696f03410bd4cf558,125,Kayla McBride,kaylamcbride,MIN,points,14.5,-110.0,-118.0,10,10,2025-08-20 06:44:45+00:00,2025-08-20 06:44:45+00:00,2025-08-20 06:44:45+00:00,2025-08-21 23:30:00+00:00,0.0,2025-08-21,2025,REG,ATL,MIN,1.0650939274792486,True,,0.4909754767731684,401736341,2529205,8,20,0,True,False,matched,15.0,2025-08-21,under,0.11748119569264687,1.847457627118644,-1.0,1.0,False,False,False
2375,2344646ab37c79341007c1026bbe4edd,121,Alanna Smith,alannasmith,DAL,points,10.5,-118.0,-110.0,10,10,2025-08-20 16:33:17+00:00,2025-08-20 16:33:17+00:00,2025-08-20 16:33:17+00:00,2025-08-21 23:30:00+00:00,0.0,2025-08-21,2025,REG,ATL,MIN,1.0650939274792486,True,,0.5090245232268319,401736341,3913881,8,20,0,True,False,matched,10.0,2025-08-21,under,0.25611063183982963,1.9090909090909092,0.9090909090909092,1.0,False,False,False
2372,74792fc88410b06ce1b14a59bc106295,87,Cameron Brink,cameronbrink,LAS,threes,0.5,-140.0,110.0,24,24,2025-08-20 21:35:38+00:00,2025-08-20 21:35:38+00:00,2025-08-20 21:35:38+00:00,2025-08-21 02:00:00+00:00,0.0,2025-08-20,2025,REG,LAS,DAL,1.0595238095238093,True,,0.555167954788897,401736338,4433404,6,3,1,True,False,matched,1.0,2025-08-20,under,0.1460921835628241,2.1,-1.0,1.0,False,False,False
2373,15d8b4245ead855f209f1b1f97ca7d2b,170,Jade Melbourne,jademelbourne,SEA,points,9.5,-110.0,-130.0,33,33,2025-08-21 00:22:54+00:00,2025-08-21 00:22:54+00:00,2025-08-21 00:22:54+00:00,2025-08-21 23:00:00+00:00,0.0,2025-08-21,2025,REG,CON,WAS,1.0890269151138718,True,,0.47832076753442404,401736339,5017726,16,18,0,True,False,matched,4.0,2025-08-21,under,0.3320401334795253,1.7692307692307692,0.7692307692307692,1.0,False,False,False
2375,c03fe0e3f62c488092ba7d27350d8459,16,Naz Hillmon,nazhillmon,ATL,points,9.5,-106.0,-122.0,10,10,2025-08-21 00:35:27+00:00,2025-08-21 00:35:27+00:00,2025-08-21 00:35:27+00:00,2025-08-21 23:30:00+00:00,0.0,2025-08-21,2025,REG,ATL,MIN,1.064112656345666,True,,0.4819416314468661,401736341,4398915,20,8,1,True,False,matched,2.0,2025-08-21,under,0.15275858051755864,1.819672131147541,0.819672131147541,1.0,False,False,False
2372,d7612b73c06c4209833f835b76a46973,529,Luisa Geiselsoder,luisageiselsoder,PDX,rebounds,4.5,-125.0,-106.0,10,10,2025-08-21 00:56:17+00:00,2025-08-21 00:56:17+00:00,2025-08-21 00:56:17+00:00,2025-08-21 02:00:00+00:00,0.0,2025-08-20,2025,REG,LAS,DAL,1.070118662351672,True,,0.5212291071384377,401736338,4682797,3,6,0,True,False,matched,6.0,2025-08-20,under,0.12540823500178372,1.9433962264150944,-1.0,1.0,False,False,False
2377,fa4d05e857fdaaad237d917d8578769d,61,Maddy Siegrist,maddysiegrist,DAL,points,14.5,-110.0,-118.0,10,10,2025-08-21 06:46:23+00:00,2025-08-21 06:46:23+00:00,2025-08-21 06:46:23+00:00,2025-08-22 23:30:00+00:00,0.0,2025-08-22,2025,REG,DAL,SEA,1.0650939274792486,True,,0.4909754767731684,401736344,4399415,3,14,1,True,False,matched,12.0,2025-08-22,under,0.2362072213376335,1.847457627118644,0.847457627118644,1.0,False,False,False
2377,7bf40f17d2a2ff7329c6ad2729db6a13,180,Nneka Ogwumike,nnekaogwumike,LAS,assists,2.5,-178.0,132.0,10,10,2025-08-21 06:46:23+00:00,2025-08-21 06:46:23+00:00,2025-08-21 06:46:23+00:00,2025-08-22 23:30:00+00:00,0.0,2025-08-22,2025,REG,DAL,SEA,1.0713222525427932,True,,0.6084851511650193,401736344,1068,14,3,0,True,False,matched,4.0,2025-08-22,under,0.22686076866742744,2.3200000000000003,-1.0,1.0,False,False,False
2377,9f959b2544cd181af2c7290e0d4a9dde,529,Luisa Geiselsoder,luisageiselsoder,PDX,points,8.5,-120.0,-108.0,10,10,2025-08-21 06:46:24+00:00,2025-08-21 06:46:24+00:00,2025-08-21 06:46:24+00:00,2025-08-22 23:30:00+00:00,0.0,2025-08-22,2025,REG,DAL,SEA,1.0646853146853146,True,,0.5135396953663074,401736344,4682797,3,14,1,True,False,matched,3.0,2025-08-22,under,0.28633799032848184,1.925925925925926,0.925925925925926,1.0,False,False,False
2377,bb2e4bd9bc2139a5cc7e3af35318846b,208,Gabby Williams,gabbywilliams,GSV,threes,1.5,162.0,-220.0,10,10,2025-08-21 06:46:24+00:00,2025-08-21 06:46:24+00:00,2025-08-21 06:46:24+00:00,2025-08-22 23:30:00+00:00,0.0,2025-08-22,2025,REG,DAL,SEA,1.069179389312977,True,,0.3415656920936278,401736344,3142328,14,3,0,True,False,matched,1.0,2025-08-22,under,0.15089479609145948,1.4545454545454546,0.4545454545454546,1.0,False,False,False
2377,90e161faae762d1a32ce97767c2b9fdb,528,Paige Bueckers,paigebueckers,DAL,threes,1.5,148.0,-200.0,10,10,2025-08-21 06:46:24+00:00,2025-08-21 06:46:24+00:00,2025-08-21 06:46:24+00:00,2025-08-22 23:30:00+00:00,0.0,2025-08-22,2025,REG,DAL,SEA,1.0698924731182795,True,,0.3634985050458517,401736344,4433730,3,14,1,True,False,matched,1.0,2025-08-22,under,0.12470799136121247,1.5,0.5,1.0,False,False,False
2375,338a691bc06184fcd4494530a1a7a183,115,Natisha Hiedeman,natishahiedeman,SEA,points,7.5,-120.0,-108.0,10,10,2025-08-21 14:10:15+00:00,2025-08-21 14:10:15+00:00,2025-08-21 14:10:15+00:00,2025-08-21 23:30:00+00:00,0.0,2025-08-21,2025,REG,ATL,MIN,1.0646853146853146,True,,0.5135396953663074,401736341,3906753,8,20,0,True,False,matched,4.0,2025-08-21,under,0.12030844766872001,1.925925925925926,0.925925925925926,1.0,False,False,False
2375,ecb939be05b9b2e8efb6090135a2b6de,116,Jessica Shepard,jessicashepard,DAL,points,9.5,104.0,-135.0,10,10,2025-08-21 23:22:57+00:00,2025-08-21 23:22:57+00:00,2025-08-21 23:22:57+00:00,2025-08-21 23:30:00+00:00,0.0,2025-08-21,2025,REG,ATL,MIN,1.0646641635377556,True,,0.45648742045938223,401736341,3906949,8,20,0,True,False,matched,15.0,2025-08-21,under,0.20564526703658093,1.7407407407407407,-1.0,1.0,False,False,False
2378,e3c9d856cc8903ab18744a75671db50d,293,Odyssey Sims,odysseysims,DAL,points,11.5,-110.0,-118.0,10,10,2025-08-22 02:59:10+00:00,2025-08-22 02:59:10+00:00,2025-08-22 02:59:10+00:00,2025-08-22 23:30:00+00:00,0.0,2025-08-22,2025,REG,IND,MIN,1.0650939274792486,True,,0.4909754767731684,401736343,2529047,5,8,1,True,False,matched,4.0,2025-08-22,under,0.3013566107102643,1.847457627118644,0.847457627118644,1.0,False,False,False
2378,ae8f2bc8f068cf59fa4f78495b37bb51,70,Kelsey Mitchell,kelseymitchell,IND,assists,4.5,-158.0,118.0,10,10,2025-08-22 02:59:11+00:00,2025-08-22 02:59:11+00:00,2025-08-22 02:59:11+00:00,2025-08-22 23:30:00+00:00,0.0,2025-08-22,2025,REG,IND,MIN,1.0711186971054691,True,,0.5796527091990534,401736343,3142191,5,8,1,True,False,matched,5.0,2025-08-22,under,0.28753559896563896,2.1799999999999997,-1.0,1.0,False,False,False
2379,e4a56ee3938967887245d2a3e178ed51,54,Satou Sabally,satousabally,NYL,points,16.5,-130.0,100.0,10,10,2025-08-22 05:31:06+00:00,2025-08-22 05:31:06+00:00,2025-08-22 05:31:06+00:00,2025-08-23 02:00:00+00:00,0.0,2025-08-22,2025,REG,PHX,GSV,1.065217391304348,True,,0.5336835053940976,401736345,4281929,11,129689,1,True,False,matched,12.0,2025-08-22,under,0.27952651820060975,2.0,1.0,1.0,False,False,False
2379,1cdc05a2c97d5d884c24613b2cbe6846,40,Alyssa Thomas,alyssathomas,PHO,points,15.5,-108.0,-120.0,10,10,2025-08-22 05:31:06+00:00,2025-08-22 05:31:06+00:00,2025-08-22 05:31:06+00:00,2025-08-23 02:00:00+00:00,0.0,2025-08-22,2025,REG,PHX,GSV,1.0646853146853146,True,,0.48646030463369283,401736345,2529140,11,129689,1,True,False,matched,13.0,2025-08-22,under,0.1331976025289089,1.8333333333333335,0.8333333333333335,1.0,False,False,False
2379,ef4be5229af5b8f1f003ade0d112d276,537,Janelle Salaun,janellesalaun,GSV,points,11.5,-104.0,-125.0,10,10,2025-08-22 05:41:37+00:00,2025-08-22 05:41:37+00:00,2025-08-22 05:41:37+00:00,2025-08-23 02:00:00+00:00,0.0,2025-08-22,2025,REG,PHX,GSV,1.065359477124183,True,,0.4763687479911608,401736345,4790264,129689,11,0,True,False,matched,15.0,2025-08-22,under,0.10593265902429133,1.8,-1.0,1.0,False,False,False
2379,61355c040a7a6b10410be65f457e982c,221,Tiffany Hayes,tiffanyhayes,GSV,points,11.5,-113.0,-115.0,10,10,2025-08-22 05:41:38+00:00,2025-08-22 05:41:38+00:00,2025-08-22 05:41:38+00:00,2025-08-23 02:00:00+00:00,0.0,2025-08-22,2025,REG,PHX,GSV,1.0654001528551151,True,,0.49774423259931944,401736345,1054,129689,11,0,True,False,matched,5.0,2025-08-22,under,0.12242656021087356,1.8695652173913042,0.8695652173913042,1.0,False,False,False
2378,c59625e6256f57f9ad7e22a37eea74ef,121,Alanna Smith,alannasmith,DAL,points,10.5,-114.0,-114.0,10,10,2025-08-22 05:46:17+00:00,2025-08-22 05:46:17+00:00,2025-08-22 05:46:17+00:00,2025-08-22 23:30:00+00:00,0.0,2025-08-22,2025,REG,IND,MIN,1.0654205607476634,True,,0.5000000000000001,401736343,3913881,8,5,0,True,False,matched,8.0,2025-08-22,under,0.14907940298554473,1.8771929824561404,0.8771929824561404,1.0,False,False,False
2378,75e239eebd45e3ae5613e6c15a508525,76,Lexie Hull,lexiehull,IND,threes,1.5,130.0,-180.0,33,33,2025-08-22 09:15:42+00:00,2025-08-22 09:15:42+00:00,2025-08-22 09:15:42+00:00,2025-08-22 23:30:00+00:00,0.0,2025-08-22,2025,REG,IND,MIN,1.0776397515527951,True,,0.39173338193533264,401736343,4398829,5,8,1,True,False,matched,4.0,2025-08-22,under,0.1113602442516996,1.5555555555555556,-1.0,1.0,False,False,False
2377,e5e36fbf18c66fd94fb5339e92133698,570,Dominique Malonga,dominiquemalonga,SEA,rebounds,6.5,-140.0,106.0,10,10,2025-08-22 16:41:12+00:00,2025-08-22 16:41:12+00:00,2025-08-22 16:41:12+00:00,2025-08-22 23:30:00+00:00,0.0,2025-08-22,2025,REG,DAL,SEA,1.0687702265372168,True,,0.5506638564937638,401736344,5220150,14,3,0,True,False,matched,9.0,2025-08-22,under,0.2603627861588016,2.06,-1.0,1.0,False,False,False
2380,666a4ef2cb54c1cecdb3c47f8ef20608,233,Emma Meesseman,emmameesseman,FA,points,13.5,-122.0,-106.0,10,10,2025-08-22 18:13:31+00:00,2025-08-22 18:13:31+00:00,2025-08-22 18:13:31+00:00,2025-08-23 18:00:00+00:00,0.0,2025-08-23,2025,REG,ATL,NYL,1.064112656345666,True,,0.518058368553134,401736346,3027368,9,20,0,True,False,matched,10.0,2025-08-23,under,0.27326101010601,1.9433962264150944,0.9433962264150944,1.0,False,False,False
2380,5cfdcead9a3920b2806055f83094948d,141,Jonquel Jones,jonqueljones,NYL,points,16.5,-115.0,-113.0,10,10,2025-08-22 18:13:31+00:00,2025-08-22 18:13:31+00:00,2025-08-22 18:13:31+00:00,2025-08-23 18:00:00+00:00,0.0,2025-08-23,2025,REG,ATL,NYL,1.0654001528551151,True,,0.5022557674006809,401736346,2999101,9,20,0,True,False,matched,11.0,2025-08-23,under,0.18980118424689524,1.8849557522123894,0.8849557522123894,1.0,False,False,False
2380,98d7c8b57bb4192e6e9a0f695471f962,163,Natasha Cloud,natashacloud,CHI,assists,4.5,134.0,-180.0,10,10,2025-08-22 18:13:31+00:00,2025-08-22 18:13:31+00:00,2025-08-22 18:13:31+00:00,2025-08-23 18:00:00+00:00,0.0,2025-08-23,2025,REG,ATL,NYL,1.0702075702075702,True,,0.38834080463047865,401736346,2529137,9,20,0,True,False,matched,1.0,2025-08-23,over,0.1346955652728925,2.34,-1.0,1.0,False,False,False
2381,09dbaa64931d384741f2aaad6c0233de,103,A'ja Wilson,ajawilson,LVA,points,22.5,-125.0,-104.0,10,10,2025-08-22 21:26:38+00:00,2025-08-22 21:26:38+00:00,2025-08-22 21:26:38+00:00,2025-08-23 19:00:00+00:00,0.0,2025-08-23,2025,REG,WAS,LVA,1.065359477124183,True,,0.5236312520088393,401736347,3149391,17,16,0,True,False,matched,36.0,2025-08-23,under,0.12178627630484856,1.9615384615384617,-1.0,1.0,False,False,False
2381,06e86e4007af08a9e2e4cca4779a82bf,573,Sonia Citron,soniacitron,WAS,threes,1.5,138.0,-186.0,10,10,2025-08-22 21:26:39+00:00,2025-08-22 21:26:39+00:00,2025-08-22 21:26:39+00:00,2025-08-23 19:00:00+00:00,0.0,2025-08-23,2025,REG,WAS,LVA,1.070517717576541,True,,0.3807086475713989,401736347,4433524,16,17,1,True,False,matched,4.0,2025-08-23,over,0.26831124709990817,2.38,1.38,1.0,False,False,False
2381,5f578cf26aafd232287ce7771cc04022,102,Jackie Young,jackieyoung,LVA,points,14.5,-130.0,100.0,10,10,2025-08-22 21:26:39+00:00,2025-08-22 21:26:39+00:00,2025-08-22 21:26:39+00:00,2025-08-23 19:00:00+00:00,0.0,2025-08-23,2025,REG,WAS,LVA,1.065217391304348,True,,0.5336835053940976,401736347,4065870,17,16,0,True,False,matched,10.0,2025-08-23,under,0.1363074175207319,2.0,1.0,1.0,False,False,False
2381,9f5f5ab8efa4cb9963e1896a529f522c,196,Shakira Austin,shakiraaustin,WAS,points,11.5,-130.0,100.0,10,10,2025-08-22 21:26:39+00:00,2025-08-22 21:26:39+00:00,2025-08-22 21:26:39+00:00,2025-08-23 19:00:00+00:00,0.0,2025-08-23,2025,REG,WAS,LVA,1.065217391304348,True,,0.5336835053940976,401736347,4398911,16,17,1,True,False,matched,18.0,2025-08-23,under,0.1312077100290165,2.0,-1.0,1.0,False,False,False
2378,4d08acd2dbdcec591ec1c0d2792a81da,116,Jessica Shepard,jessicashepard,DAL,points,10.5,-106.0,-122.0,10,10,2025-08-22 22:54:35+00:00,2025-08-22 22:54:35+00:00,2025-08-22 22:54:35+00:00,2025-08-22 23:30:00+00:00,0.0,2025-08-22,2025,REG,IND,MIN,1.064112656345666,True,,0.4819416314468661,401736343,3906949,8,5,0,True,False,matched,22.0,2025-08-22,under,0.2011966444763817,1.819672131147541,-1.0,1.0,False,False,False
2379,5d5790aa5fdb265e9dd35daa02842d82,109,Kate Martin,katemartin,LAS,points,9.5,102.0,-132.0,10,10,2025-08-22 23:23:01+00:00,2025-08-22 23:23:01+00:00,2025-08-22 23:23:01+00:00,2025-08-23 02:00:00+00:00,0.0,2025-08-22,2025,REG,PHX,GSV,1.0640150221918745,True,,0.4618487426836327,401736345,4398907,129689,11,0,True,False,matched,7.0,2025-08-22,under,0.4713603525508293,1.7575757575757576,0.7575757575757576,1.0,False,False,False
2379,fbbebbe0543c7f40aa3b22b477759467,45,DeWanna Bonner,dewannabonner,PHO,points,10.5,-122.0,-106.0,10,10,2025-08-22 23:52:18+00:00,2025-08-22 23:52:18+00:00,2025-08-22 23:52:18+00:00,2025-08-23 02:00:00+00:00,0.0,2025-08-22,2025,REG,PHX,GSV,1.064112656345666,True,,0.518058368553134,401736345,869,11,129689,1,True,False,matched,14.0,2025-08-22,under,0.1678551537998979,1.9433962264150944,-1.0,1.0,False,False,False
2382,6f35d4cdefba22a4588601aee4ae6780,185,Ariel Atkins,arielatkins,LAS,points,15.5,100.0,-130.0,10,10,2025-08-23 03:44:56+00:00,2025-08-23 03:44:56+00:00,2025-08-23 03:44:56+00:00,2025-08-23 20:00:00+00:00,0.0,2025-08-23,2025,REG,CHI,CON,1.065217391304348,True,,0.4663164946059025,401736348,3146151,19,18,1,True,False,matched,12.0,2025-08-23,under,0.21564790776177756,1.7692307692307692,0.7692307692307692,1.0,False,False,False
2382,9dfe054b9e002039987038ac5f25fe17,39,Leila Lacan,leilalacan,CON,assists,4.5,-138.0,104.0,10,10,2025-08-23 03:44:56+00:00,2025-08-23 03:44:56+00:00,2025-08-23 03:44:56+00:00,2025-08-23 20:00:00+00:00,0.0,2025-08-23,2025,REG,CHI,CON,1.0700280112044818,True,,0.5464208361470752,401736348,5208981,18,19,0,True,False,matched,4.0,2025-08-23,under,0.13358252653302688,2.04,1.04,1.0,False,False,False
2381,e0962169776af6650a565bfcfd58a99b,170,Jade Melbourne,jademelbourne,SEA,points,9.5,110.0,-155.0,33,33,2025-08-23 09:00:44+00:00,2025-08-23 09:00:44+00:00,2025-08-23 09:00:44+00:00,2025-08-23 19:00:00+00:00,0.0,2025-08-23,2025,REG,WAS,LVA,1.0840336134453783,True,,0.4312621062414176,401736347,5017726,16,17,1,True,False,matched,2.0,2025-08-23,under,0.2731579665551803,1.6451612903225805,0.6451612903225805,1.0,False,False,False
2381,01e2c7c5b1d2a8504d4aa719f5f42210,149,Sug Sutton,sugsutton,DAL,points,8.5,-115.0,-120.0,33,33,2025-08-23 09:00:44+00:00,2025-08-23 09:00:44+00:00,2025-08-23 09:00:44+00:00,2025-08-23 19:00:00+00:00,0.0,2025-08-23,2025,REG,WAS,LVA,1.080338266384778,True,,0.4944937749375121,401736347,4068159,16,17,1,True,False,matched,4.0,2025-08-23,under,0.20501920923286654,1.8333333333333335,0.8333333333333335,1.0,False,False,False
2381,047e6bc7c34b7caa4cf63397209a0d35,572,Kiki Iriafen,kikiiriafen,WAS,assists,1.5,-213.0,160.0,60,60,2025-08-23 17:04:38+00:00,2025-08-23 17:04:38+00:00,2025-08-23 17:04:38+00:00,2025-08-23 19:00:00+00:00,0.0,2025-08-23,2025,REG,WAS,LVA,1.0651265667240106,True,,0.6529286804297271,401736347,4898384,16,17,1,True,False,matched,3.0,2025-08-23,under,0.11170758439049577,2.6,-1.0,1.0,False,False,False
2384,442f724bf823f828fbacc63414dd3359,528,Paige Bueckers,paigebueckers,DAL,assists,4.5,-128.0,-104.0,10,10,2025-08-23 19:11:01+00:00,2025-08-23 19:11:01+00:00,2025-08-23 19:11:01+00:00,2025-08-24 20:00:00+00:00,0.0,2025-08-24,2025,REG,DAL,GSV,1.0712074303405572,True,,0.5267388899028808,401736350,4433730,3,129689,1,True,False,matched,9.0,2025-08-24,under,0.1430310554878399,1.9615384615384617,-1.0,1.0,False,False,False
2384,65d20107563864e369f6c374a5a906bf,61,Maddy Siegrist,maddysiegrist,DAL,rebounds,4.5,-146.0,110.0,10,10,2025-08-23 19:17:34+00:00,2025-08-23 19:17:34+00:00,2025-08-23 19:17:34+00:00,2025-08-24 20:00:00+00:00,0.0,2025-08-24,2025,REG,DAL,GSV,1.0696864111498257,True,,0.5607420039050215,401736350,4399415,3,129689,1,True,False,matched,5.0,2025-08-24,under,0.261965190552736,2.1,-1.0,1.0,False,False,False
2385,7297f80f691697d26c5d1735fcccce56,76,Lexie Hull,lexiehull,IND,points,8.5,-128.0,-102.0,10,10,2025-08-24 00:37:51+00:00,2025-08-24 00:37:51+00:00,2025-08-24 00:37:51+00:00,2025-08-24 23:00:00+00:00,0.0,2025-08-24,2025,REG,MIN,IND,1.0663540038214347,True,,0.5291749480305961,401736351,4398829,5,8,0,True,False,matched,6.0,2025-08-24,under,0.3362923857888696,1.9803921568627452,0.9803921568627452,1.0,False,False,False
2385,82cb5ef205a06e0b6c8dd9065a4216ac,56,Natasha Howard,natashahoward,MIN,points,11.5,-114.0,-114.0,10,10,2025-08-24 00:37:51+00:00,2025-08-24 00:37:51+00:00,2025-08-24 00:37:51+00:00,2025-08-24 23:00:00+00:00,0.0,2025-08-24,2025,REG,MIN,IND,1.0654205607476634,True,,0.5000000000000001,401736351,2529130,5,8,0,True,False,matched,10.0,2025-08-24,under,0.1352226363882883,1.8771929824561404,0.8771929824561404,1.0,False,False,False
2385,3a1e368f1e2320b7bcb982be94ec8152,112,Napheesa Collier,napheesacollier,MIN,rebounds,6.5,124.0,-166.0,10,10,2025-08-24 00:42:27+00:00,2025-08-24 00:42:27+00:00,2025-08-24 00:42:27+00:00,2025-08-24 23:00:00+00:00,0.0,2025-08-24,2025,REG,MIN,IND,1.0704887218045114,True,,0.40796342297849103,401736351,3917450,8,5,1,True,False,matched,9.0,2025-08-24,over,0.19491732045231563,2.24,1.2400000000000002,1.0,False,False,False
2383,58ccd33d4651cecde60fd6f6bc8be0a3,182,Brittney Sykes,brittneysykes,TOR,rebounds,3.5,-125.0,-106.0,10,10,2025-08-24 03:22:54+00:00,2025-08-24 03:22:54+00:00,2025-08-24 03:22:54+00:00,2025-08-24 19:00:00+00:00,0.0,2025-08-24,2025,REG,WAS,SEA,1.070118662351672,True,,0.5212291071384377,401736349,2988756,14,16,0,True,False,matched,3.0,2025-08-24,under,0.33349692621618215,1.9433962264150944,0.9433962264150944,1.0,False,False,False
2383,ca3f98e6f8b185d82d2a84d7f684b3ba,573,Sonia Citron,soniacitron,WAS,threes,1.5,116.0,-154.0,10,10,2025-08-24 03:22:54+00:00,2025-08-24 03:22:54+00:00,2025-08-24 03:22:54+00:00,2025-08-24 19:00:00+00:00,0.0,2025-08-24,2025,REG,WAS,SEA,1.0692621755613883,True,,0.425792012343204,401736349,4433524,16,14,1,True,False,matched,0.0,2025-08-24,over,0.2531840802601377,2.16,-1.0,1.0,False,False,False
2383,26da4092b2214438bee13a3808971979,175,Skylar Diggins,skylardiggins,CHI,points,14.5,-114.0,-114.0,10,10,2025-08-24 03:22:54+00:00,2025-08-24 03:22:54+00:00,2025-08-24 03:22:54+00:00,2025-08-24 19:00:00+00:00,0.0,2025-08-24,2025,REG,WAS,SEA,1.0654205607476634,True,,0.5000000000000001,401736349,2491205,14,16,0,True,False,matched,10.0,2025-08-24,under,0.18737872319673127,1.8771929824561404,0.8771929824561404,1.0,False,False,False
2383,5464b7bc740cf0dd22087b15541b8105,196,Shakira Austin,shakiraaustin,WAS,rebounds,6.5,-132.0,100.0,10,10,2025-08-24 03:22:54+00:00,2025-08-24 03:22:54+00:00,2025-08-24 03:22:54+00:00,2025-08-24 19:00:00+00:00,0.0,2025-08-24,2025,REG,WAS,SEA,1.0689655172413794,True,,0.5356937238338165,401736349,4398911,16,14,1,True,False,matched,5.0,2025-08-24,under,0.13683300649639107,2.0,1.0,1.0,False,False,False
2383,47646210e00e1620d3680b2ee3b8ce50,180,Nneka Ogwumike,nnekaogwumike,LAS,rebounds,7.5,104.0,-138.0,10,10,2025-08-24 03:22:54+00:00,2025-08-24 03:22:54+00:00,2025-08-24 03:22:54+00:00,2025-08-24 19:00:00+00:00,0.0,2025-08-24,2025,REG,WAS,SEA,1.0700280112044818,True,,0.4535791638529251,401736349,1068,14,16,0,True,False,matched,6.0,2025-08-24,under,0.13243286180208863,1.7246376811594204,0.7246376811594204,1.0,False,False,False
2383,ed18b5da1fa0d336ba0655a9593f091b,208,Gabby Williams,gabbywilliams,GSV,threes,1.5,194.0,-270.0,10,10,2025-08-24 03:22:54+00:00,2025-08-24 03:22:54+00:00,2025-08-24 03:22:54+00:00,2025-08-24 19:00:00+00:00,0.0,2025-08-24,2025,REG,WAS,SEA,1.0698657841514985,True,,0.2979582365398174,401736349,3142328,14,16,0,True,False,matched,1.0,2025-08-24,under,0.10739077211418652,1.3703703703703702,0.37037037037037024,1.0,False,False,False
2383,9a023246c95036e7183c847e673ab4a4,570,Dominique Malonga,dominiquemalonga,SEA,rebounds,7.5,114.0,-152.0,10,10,2025-08-24 03:27:28+00:00,2025-08-24 03:27:28+00:00,2025-08-24 03:27:28+00:00,2025-08-24 19:00:00+00:00,0.0,2025-08-24,2025,REG,WAS,SEA,1.0704643228007713,True,,0.42960347247450675,401736349,5220150,14,16,0,True,False,matched,10.0,2025-08-24,under,0.14634497041813443,1.6578947368421053,-1.0,1.0,False,False,False
2384,38272b61dcc6a2d0f5a74df891e8846c,537,Janelle Salaun,janellesalaun,GSV,rebounds,4.5,-146.0,110.0,10,10,2025-08-24 03:50:58+00:00,2025-08-24 03:50:58+00:00,2025-08-24 03:50:58+00:00,2025-08-24 20:00:00+00:00,0.0,2025-08-24,2025,REG,DAL,GSV,1.0696864111498257,True,,0.5607420039050215,401736350,4790264,129689,3,0,True,False,matched,9.0,2025-08-24,under,0.14459434574442082,2.1,-1.0,1.0,False,False,False
2387,71dc7fe85863b0e311ee44c972bccd6c,102,Jackie Young,jackieyoung,LVA,points,16.5,-115.0,-113.0,10,10,2025-08-25 03:35:18+00:00,2025-08-25 03:35:18+00:00,2025-08-25 03:35:18+00:00,2025-08-26 00:00:00+00:00,0.0,2025-08-25,2025,REG,CHI,LVA,1.0654001528551151,True,,0.5022557674006809,401736353,4065870,17,19,0,True,False,matched,22.0,2025-08-25,under,0.2003028145101099,1.8849557522123894,-1.0,1.0,False,False,False
2387,e792db33211da3999713ad0d5fe66494,185,Ariel Atkins,arielatkins,LAS,assists,3.5,-132.0,100.0,10,10,2025-08-25 03:35:18+00:00,2025-08-25 03:35:18+00:00,2025-08-25 03:35:18+00:00,2025-08-26 00:00:00+00:00,0.0,2025-08-25,2025,REG,CHI,LVA,1.0689655172413794,True,,0.5356937238338165,401736353,3146151,19,17,1,True,False,matched,7.0,2025-08-25,under,0.16833900122150092,2.0,-1.0,1.0,False,False,False
2387,42164c78b3dabfe1027da2166ae0cd19,166,Jewell Loyd,jewellloyd,LVA,points,12.5,-102.0,-128.0,10,10,2025-08-25 03:35:18+00:00,2025-08-25 03:35:18+00:00,2025-08-25 03:35:18+00:00,2025-08-26 00:00:00+00:00,0.0,2025-08-25,2025,REG,CHI,LVA,1.0663540038214347,True,,0.47082505196940394,401736353,2987869,17,19,0,True,False,matched,2.0,2025-08-25,under,0.13634293024545918,1.78125,0.78125,1.0,False,False,False
2387,c4c71e47bfaf5cd3a9c04146c29e9e8a,107,Chelsea Gray,chelseagray,LVA,points,10.5,-122.0,-106.0,10,10,2025-08-25 03:35:19+00:00,2025-08-25 03:35:19+00:00,2025-08-25 03:35:19+00:00,2025-08-26 00:00:00+00:00,0.0,2025-08-25,2025,REG,CHI,LVA,1.064112656345666,True,,0.518058368553134,401736353,2529122,17,19,0,True,False,matched,14.0,2025-08-25,under,0.18117360130801385,1.9433962264150944,-1.0,1.0,False,False,False
2387,827c7e84c0b7646a55c8f67cc1b6fb06,103,A'ja Wilson,ajawilson,LVA,assists,2.5,-138.0,104.0,10,10,2025-08-25 03:35:19+00:00,2025-08-25 03:35:19+00:00,2025-08-25 03:35:19+00:00,2025-08-26 00:00:00+00:00,0.0,2025-08-25,2025,REG,CHI,LVA,1.0700280112044818,True,,0.5464208361470752,401736353,3149391,17,19,0,True,False,matched,3.0,2025-08-25,under,0.1075275497785923,2.04,-1.0,1.0,False,False,False
2386,88a5ba0e541ee82c1bffacc04d1d5160,137,Breanna Stewart,breannastewart,NYL,rebounds,5.5,118.0,-158.0,10,10,2025-08-25 06:17:49+00:00,2025-08-25 06:17:49+00:00,2025-08-25 06:17:49+00:00,2025-08-25 23:00:00+00:00,0.0,2025-08-25,2025,REG,NYL,CON,1.0711186971054691,True,,0.42034729080094674,401736352,2998928,9,18,1,True,False,matched,5.0,2025-08-25,over,0.295070324236594,2.1799999999999997,-1.0,1.0,False,False,False
2386,5d924e51c9d1197239f41cf7205b6236,22,Marina Mabrey,marinamabrey,TOR,points,16.5,-108.0,-120.0,10,10,2025-08-25 06:17:49+00:00,2025-08-25 06:17:49+00:00,2025-08-25 06:17:49+00:00,2025-08-25 23:00:00+00:00,0.0,2025-08-25,2025,REG,NYL,CON,1.0646853146853146,True,,0.48646030463369283,401736352,3904576,18,9,0,True,False,matched,16.0,2025-08-25,under,0.2207092469413386,1.8333333333333335,0.8333333333333335,1.0,False,False,False
2387,120848f4c8824770201d24f9104cc2f8,30,Kamilla Cardoso,kamillacardoso,CHI,assists,3.5,-135.0,105.0,24,24,2025-08-25 07:07:15+00:00,2025-08-25 07:07:15+00:00,2025-08-25 07:07:15+00:00,2025-08-26 00:00:00+00:00,0.0,2025-08-25,2025,REG,CHI,LVA,1.0622729631551635,True,,0.5446886059829622,401736353,4433405,19,17,1,True,False,matched,2.0,2025-08-25,under,0.2657889107448573,2.05,1.0499999999999998,1.0,False,False,False
2387,2d219f00ad828d13cb14f9a21160e74d,33,Elizabeth Williams,elizabethwilliams,CHI,rebounds,4.5,-114.0,-114.0,10,10,2025-08-25 08:58:09+00:00,2025-08-25 08:58:09+00:00,2025-08-25 08:58:09+00:00,2025-08-26 00:00:00+00:00,0.0,2025-08-25,2025,REG,CHI,LVA,1.0654205607476634,True,,0.5000000000000001,401736353,2566081,19,17,1,True,False,matched,5.0,2025-08-25,over,0.21556081778748992,1.8771929824561404,0.8771929824561404,1.0,False,False,False
2388,42f303a8e72e55dfcb286fb9f22e4a96,175,Skylar Diggins,skylardiggins,CHI,threes,1.5,100.0,-130.0,24,24,2025-08-25 10:07:49+00:00,2025-08-25 10:07:49+00:00,2025-08-25 10:07:49+00:00,2025-08-26 23:00:00+00:00,0.0,2025-08-26,2025,REG,IND,SEA,1.065217391304348,True,,0.4663164946059025,401736354,2491205,14,5,0,True,False,matched,0.0,2025-08-26,under,0.1638776545806767,1.7692307692307692,0.7692307692307692,1.0,False,False,False
2386,f46893c77d7571bb9681b8fb021c44e1,132,Sabrina Ionescu,sabrinaionescu,NYL,rebounds,4.5,128.0,-172.0,10,10,2025-08-25 15:10:16+00:00,2025-08-25 15:10:16+00:00,2025-08-25 15:10:16+00:00,2025-08-25 23:00:00+00:00,0.0,2025-08-25,2025,REG,NYL,CON,1.0709494324045408,True,,0.39957653069922067,401736352,4066533,9,18,1,True,False,matched,7.0,2025-08-25,over,0.103368540161346,2.2800000000000002,1.2800000000000002,1.0,False,False,False
2389,d0ca5a793d4e63cde41238a57dcc9484,87,Cameron Brink,cameronbrink,LAS,points,6.5,100.0,-130.0,10,10,2025-08-25 15:49:02+00:00,2025-08-25 15:49:02+00:00,2025-08-25 15:49:02+00:00,2025-08-27 02:00:00+00:00,0.0,2025-08-26,2025,REG,LAS,PHX,1.065217391304348,True,,0.4663164946059025,401736355,4433404,6,11,1,True,False,matched,4.0,2025-08-26,under,0.11923748335565282,1.7692307692307692,0.7692307692307692,1.0,False,False,False
2389,463e635924f8434e69eec8d83712b08f,101,Kelsey Plum,kelseyplum,LAS,points,20.5,-114.0,-114.0,10,10,2025-08-25 15:49:02+00:00,2025-08-25 15:49:02+00:00,2025-08-25 15:49:02+00:00,2025-08-27 02:00:00+00:00,0.0,2025-08-26,2025,REG,LAS,PHX,1.0654205607476634,True,,0.5000000000000001,401736355,3065570,6,11,1,True,False,matched,20.0,2025-08-26,under,0.11019403307275288,1.8771929824561404,0.8771929824561404,1.0,False,False,False
2389,e2e53e604bb2ed6497ef2924b6edd704,94,Rickea Jackson,rickeajackson,CHI,points,16.5,-113.0,-115.0,10,10,2025-08-25 15:53:40+00:00,2025-08-25 15:53:40+00:00,2025-08-25 15:53:40+00:00,2025-08-27 02:00:00+00:00,0.0,2025-08-26,2025,REG,LAS,PHX,1.0654001528551151,True,,0.49774423259931944,401736355,4433630,6,11,1,True,False,matched,21.0,2025-08-26,under,0.11123854846277903,1.8695652173913042,-1.0,1.0,False,False,False
2389,2381cbab7c57ebe2d10c7285efeede9d,89,Dearica Hamby,dearicahamby,LAS,points,17.5,-128.0,-102.0,10,10,2025-08-25 15:58:28+00:00,2025-08-25 15:58:28+00:00,2025-08-25 15:58:28+00:00,2025-08-27 02:00:00+00:00,0.0,2025-08-26,2025,REG,LAS,PHX,1.0663540038214347,True,,0.5291749480305961,401736355,2566106,6,11,1,True,False,matched,25.0,2025-08-26,under,0.1328639461308742,1.9803921568627452,-1.0,1.0,False,False,False
2389,a8b09cc05a1ecf2a49e8cd13f8caa196,82,Azura Stevens,azurastevens,CHI,points,13.5,100.0,-130.0,10,10,2025-08-25 15:58:28+00:00,2025-08-25 15:58:28+00:00,2025-08-25 15:58:28+00:00,2025-08-27 02:00:00+00:00,0.0,2025-08-26,2025,REG,LAS,PHX,1.065217391304348,True,,0.4663164946059025,401736355,3142010,6,11,1,True,False,matched,5.0,2025-08-26,under,0.1260466479571012,1.7692307692307692,0.7692307692307692,1.0,False,False,False
2389,c488d41261d9aad0d97776fdb5f71e7b,54,Satou Sabally,satousabally,NYL,rebounds,6.5,112.0,-148.0,10,10,2025-08-25 15:58:28+00:00,2025-08-25 15:58:28+00:00,2025-08-25 15:58:28+00:00,2025-08-27 02:00:00+00:00,0.0,2025-08-26,2025,REG,LAS,PHX,1.0684723067559343,True,,0.43527724698320036,401736355,4281929,11,6,0,True,False,matched,3.0,2025-08-26,under,0.10542457505755948,1.6756756756756757,0.6756756756756757,1.0,False,False,False
2388,588c71124d495c8bef134ee40c5d1187,570,Dominique Malonga,dominiquemalonga,SEA,points,11.5,-122.0,-106.0,10,10,2025-08-25 16:24:22+00:00,2025-08-25 16:24:22+00:00,2025-08-25 16:24:22+00:00,2025-08-26 23:00:00+00:00,0.0,2025-08-26,2025,REG,IND,SEA,1.064112656345666,True,,0.518058368553134,401736354,5220150,14,5,0,True,False,matched,8.0,2025-08-26,under,0.11688134549635582,1.9433962264150944,0.9433962264150944,1.0,False,False,False
2388,39e2caa99427fb2a835e60a26ba12d53,180,Nneka Ogwumike,nnekaogwumike,LAS,rebounds,6.5,-140.0,106.0,10,10,2025-08-25 16:24:22+00:00,2025-08-25 16:24:22+00:00,2025-08-25 16:24:22+00:00,2025-08-26 23:00:00+00:00,0.0,2025-08-26,2025,REG,IND,SEA,1.0687702265372168,True,,0.5506638564937638,401736354,1068,14,5,0,True,False,matched,2.0,2025-08-26,under,0.11229156892699088,2.06,1.06,1.0,False,False,False
2388,dcea5c2683adce1659f6a963b5d6a1b0,176,Ezi Magbegor,ezimagbegor,SEA,rebounds,5.5,-170.0,120.0,33,33,2025-08-25 18:46:08+00:00,2025-08-25 18:46:08+00:00,2025-08-25 18:46:08+00:00,2025-08-26 23:00:00+00:00,0.0,2025-08-26,2025,REG,IND,SEA,1.0841750841750841,True,,0.5914367336052418,401736354,4420318,14,5,0,True,False,matched,2.0,2025-08-26,under,0.10308863940621088,2.2,1.2000000000000002,1.0,False,False,False
2390,0ecf8e7f6a2270d4b7736d7f2e8e101d,103,A'ja Wilson,ajawilson,LVA,points,23.5,-120.0,-108.0,10,10,2025-08-26 04:08:18+00:00,2025-08-26 04:08:18+00:00,2025-08-26 04:08:18+00:00,2025-08-27 23:30:00+00:00,0.0,2025-08-27,2025,REG,ATL,LVA,1.0646853146853146,True,,0.5135396953663074,401736356,3149391,17,20,0,True,False,matched,34.0,2025-08-27,under,0.15343432090735692,1.925925925925926,-1.0,1.0,False,False,False
2390,365bfc739e0dd44c92e8eb51192e4861,102,Jackie Young,jackieyoung,LVA,points,15.5,-115.0,-113.0,10,10,2025-08-26 04:12:48+00:00,2025-08-26 04:12:48+00:00,2025-08-26 04:12:48+00:00,2025-08-27 23:30:00+00:00,0.0,2025-08-27,2025,REG,ATL,LVA,1.0654001528551151,True,,0.5022557674006809,401736356,4065870,17,20,0,True,False,matched,10.0,2025-08-27,under,0.22508033399570077,1.8849557522123894,0.8849557522123894,1.0,False,False,False
2390,7cad624460681059c3d9e559ff4cfa3f,73,NaLyssa Smith,nalyssasmith,LVA,points,7.5,-110.0,-118.0,10,10,2025-08-26 04:12:48+00:00,2025-08-26 04:12:48+00:00,2025-08-26 04:12:48+00:00,2025-08-27 23:30:00+00:00,0.0,2025-08-27,2025,REG,ATL,LVA,1.0650939274792486,True,,0.4909754767731684,401736356,4398776,17,20,0,True,False,matched,2.0,2025-08-27,under,0.10318624269978532,1.847457627118644,0.847457627118644,1.0,False,False,False
2390,a753b9fd63adec70c828e50bcb26888e,107,Chelsea Gray,chelseagray,LVA,points,9.5,-110.0,-118.0,10,10,2025-08-26 04:12:49+00:00,2025-08-26 04:12:49+00:00,2025-08-26 04:12:49+00:00,2025-08-27 23:30:00+00:00,0.0,2025-08-27,2025,REG,ATL,LVA,1.0650939274792486,True,,0.4909754767731684,401736356,2529122,17,20,0,True,False,matched,14.0,2025-08-27,under,0.10895113932232903,1.847457627118644,-1.0,1.0,False,False,False
2390,91141a2129dcf8f21573dfacac8aa33b,166,Jewell Loyd,jewellloyd,LVA,points,10.5,-125.0,-104.0,10,10,2025-08-26 04:17:19+00:00,2025-08-26 04:17:19+00:00,2025-08-26 04:17:19+00:00,2025-08-27 23:30:00+00:00,0.0,2025-08-27,2025,REG,ATL,LVA,1.065359477124183,True,,0.5236312520088393,401736356,2987869,17,20,0,True,False,matched,14.0,2025-08-27,under,0.15571929194143747,1.9615384615384617,-1.0,1.0,False,False,False
2391,3743b4c4ae4f98190fb1263772e4bcc8,22,Marina Mabrey,marinamabrey,TOR,rebounds,4.5,-125.0,-106.0,10,10,2025-08-26 04:36:47+00:00,2025-08-26 04:36:47+00:00,2025-08-26 04:36:47+00:00,2025-08-28 00:00:00+00:00,0.0,2025-08-27,2025,REG,DAL,CON,1.070118662351672,True,,0.5212291071384377,401736357,3904576,18,3,0,True,False,matched,4.0,2025-08-27,under,0.10170466030363429,1.9433962264150944,0.9433962264150944,1.0,False,False,False
2391,2e6e7e62840e92250abe6478c0ea7ded,61,Maddy Siegrist,maddysiegrist,DAL,rebounds,4.5,-146.0,110.0,10,10,2025-08-26 04:36:48+00:00,2025-08-26 04:36:48+00:00,2025-08-26 04:36:48+00:00,2025-08-28 00:00:00+00:00,0.0,2025-08-27,2025,REG,DAL,CON,1.0696864111498257,True,,0.5607420039050215,401736357,4399415,3,18,1,True,False,matched,2.0,2025-08-27,under,0.18948551687345566,2.1,1.1,1.0,False,False,False
2392,b9feb44fba701b21f7092bd3d011142e,137,Breanna Stewart,breannastewart,NYL,threes,0.5,-245.0,178.0,10,10,2025-08-27 06:19:29+00:00,2025-08-27 06:19:29+00:00,2025-08-27 06:19:29+00:00,2025-08-28 23:00:00+00:00,0.0,2025-08-28,2025,REG,NYL,WAS,1.0698571577520593,True,,0.6816736496668425,401736358,2998928,9,16,1,True,False,matched,1.0,2025-08-28,under,0.6796024550385064,2.7800000000000002,-1.0,1.0,False,False,False
2392,581fae5e01ecba4352b9f85c59a5068e,149,Sug Sutton,sugsutton,DAL,assists,4.5,-160.0,120.0,10,10,2025-08-27 06:19:29+00:00,2025-08-27 06:19:29+00:00,2025-08-27 06:19:29+00:00,2025-08-28 23:00:00+00:00,0.0,2025-08-28,2025,REG,NYL,WAS,1.06993006993007,True,,0.583305061424049,401736358,4068159,16,9,0,True,False,matched,3.0,2025-08-28,under,0.15018862244817932,2.2,1.2000000000000002,1.0,False,False,False
2392,718bb0d485e60c349d4babc97c911c90,572,Kiki Iriafen,kikiiriafen,WAS,rebounds,10.5,110.0,-146.0,10,10,2025-08-27 06:19:29+00:00,2025-08-27 06:19:29+00:00,2025-08-27 06:19:29+00:00,2025-08-28 23:00:00+00:00,0.0,2025-08-28,2025,REG,NYL,WAS,1.0696864111498257,True,,0.4392579960949788,401736358,4898384,16,9,0,True,False,matched,4.0,2025-08-28,under,0.14631978717604366,1.6849315068493151,0.6849315068493151,1.0,False,False,False
2392,6301eeb4862b191fb773e561da8ce0bf,132,Sabrina Ionescu,sabrinaionescu,NYL,assists,5.5,-138.0,104.0,10,10,2025-08-27 06:19:29+00:00,2025-08-27 06:19:29+00:00,2025-08-27 06:19:29+00:00,2025-08-28 23:00:00+00:00,0.0,2025-08-28,2025,REG,NYL,WAS,1.0700280112044818,True,,0.5464208361470752,401736358,4066533,9,16,1,True,True,did_not_play,,2025-08-28,under,0.11413617855545316,2.04,0.0,0.0,False,True,False
2392,74f22326f71f6841c3d3d23d4bcde314,141,Jonquel Jones,jonqueljones,NYL,assists,3.5,118.0,-158.0,10,10,2025-08-27 06:19:29+00:00,2025-08-27 06:19:29+00:00,2025-08-27 06:19:29+00:00,2025-08-28 23:00:00+00:00,0.0,2025-08-28,2025,REG,NYL,WAS,1.0711186971054691,True,,0.42034729080094674,401736358,2999101,9,16,1,True,True,did_not_play,,2025-08-28,under,0.10889653446552583,1.6329113924050633,0.0,0.0,False,True,False
2392,46577a593315383ff8ddbe33ac2eded1,196,Shakira Austin,shakiraaustin,WAS,rebounds,6.5,-136.0,102.0,10,10,2025-08-27 06:19:30+00:00,2025-08-27 06:19:30+00:00,2025-08-27 06:19:30+00:00,2025-08-28 23:00:00+00:00,0.0,2025-08-28,2025,REG,NYL,WAS,1.071320691391173,True,,0.5420932924427202,401736358,4398911,16,9,0,True,False,matched,5.0,2025-08-28,under,0.21639857657786787,2.02,1.02,1.0,False,False,False
2393,0db8b733824cbb9b77cd3850e924ac93,175,Skylar Diggins,skylardiggins,CHI,points,13.5,-128.0,-102.0,10,10,2025-08-27 06:40:11+00:00,2025-08-27 06:40:11+00:00,2025-08-27 06:40:11+00:00,2025-08-29 00:00:00+00:00,0.0,2025-08-28,2025,REG,MIN,SEA,1.0663540038214347,True,,0.5291749480305961,401736359,2491205,14,8,0,True,False,matched,23.0,2025-08-28,under,0.2032700910298671,1.9803921568627452,-1.0,1.0,False,False,False
2393,dfa83d74752e5d2a8f23b438a6bbb8c2,180,Nneka Ogwumike,nnekaogwumike,LAS,rebounds,6.5,-146.0,110.0,10,10,2025-08-27 06:40:11+00:00,2025-08-27 06:40:11+00:00,2025-08-27 06:40:11+00:00,2025-08-29 00:00:00+00:00,0.0,2025-08-28,2025,REG,MIN,SEA,1.0696864111498257,True,,0.5607420039050215,401736359,1068,14,8,0,True,False,matched,9.0,2025-08-28,under,0.15491043478627897,2.1,-1.0,1.0,False,False,False
2393,c6c1a209aadc67f37a908ec8693e930e,570,Dominique Malonga,dominiquemalonga,SEA,points,11.5,-114.0,-114.0,10,10,2025-08-27 06:45:24+00:00,2025-08-27 06:45:24+00:00,2025-08-27 06:45:24+00:00,2025-08-29 00:00:00+00:00,0.0,2025-08-28,2025,REG,MIN,SEA,1.0654205607476634,True,,0.5000000000000001,401736359,5220150,14,8,0,True,False,matched,13.0,2025-08-28,under,0.1390704850311289,1.8771929824561404,-1.0,1.0,False,False,False
2394,de567caab447ad54a0f3a24d2397a535,40,Alyssa Thomas,alyssathomas,PHO,assists,9.5,-148.0,112.0,10,10,2025-08-27 06:50:28+00:00,2025-08-27 06:50:28+00:00,2025-08-27 06:50:28+00:00,2025-08-29 02:00:00+00:00,0.0,2025-08-28,2025,REG,PHX,CHI,1.0684723067559343,True,,0.5647227530167998,401736360,2529140,11,19,1,True,False,matched,6.0,2025-08-28,under,0.1732068375778017,2.12,1.12,1.0,False,False,False
2392,522e7f636535bdad7f3f4ea8b0dd849b,573,Sonia Citron,soniacitron,WAS,assists,3.5,160.0,-200.0,24,24,2025-08-27 08:57:33+00:00,2025-08-27 08:57:33+00:00,2025-08-27 08:57:33+00:00,2025-08-28 23:00:00+00:00,0.0,2025-08-28,2025,REG,NYL,WAS,1.051282051282051,True,,0.35535006246594214,401736358,4433524,16,9,0,True,False,matched,1.0,2025-08-28,under,0.1525956118106063,1.5,0.5,1.0,False,False,False
2394,607f4ad443867e2d2d1dd933be33c995,155,Kahleah Copper,kahleahcopper,PHO,points,16.5,-122.0,-106.0,10,10,2025-08-27 15:56:53+00:00,2025-08-27 15:56:53+00:00,2025-08-27 15:56:53+00:00,2025-08-29 02:00:00+00:00,0.0,2025-08-28,2025,REG,PHX,CHI,1.064112656345666,True,,0.518058368553134,401736360,2998938,11,19,1,True,False,matched,28.0,2025-08-28,under,0.1545680296051571,1.9433962264150944,-1.0,1.0,False,False,False
2396,e1293cb8316f74ca8f9b68a4e061cdbe,87,Cameron Brink,cameronbrink,LAS,points,7.5,-118.0,-110.0,10,10,2025-08-27 18:04:33+00:00,2025-08-27 18:04:33+00:00,2025-08-27 18:04:33+00:00,2025-08-30 02:00:00+00:00,0.0,2025-08-29,2025,REG,LAS,IND,1.0650939274792486,True,,0.5090245232268319,401736362,4433404,6,5,1,True,False,matched,4.0,2025-08-29,under,0.34353382972444263,1.9090909090909092,0.9090909090909092,1.0,False,False,False
2390,9070f3a59d140e1b4d194812e19b75ea,510,Te-Hina Paopao,tehinapaopao,ATL,threes,1.5,-146.0,110.0,10,10,2025-08-27 18:39:38+00:00,2025-08-27 18:39:38+00:00,2025-08-27 18:39:38+00:00,2025-08-27 23:30:00+00:00,0.0,2025-08-27,2025,REG,ATL,LVA,1.0696864111498257,True,,0.5607420039050215,401736356,4433431,20,17,1,True,False,matched,1.0,2025-08-27,under,0.2603567642836305,2.1,1.1,1.0,False,False,False
2390,97a5d158daa1dc5c063cf814b8d6e090,16,Naz Hillmon,nazhillmon,ATL,threes,1.5,164.0,-225.0,10,10,2025-08-27 22:59:31+00:00,2025-08-27 22:59:31+00:00,2025-08-27 22:59:31+00:00,2025-08-27 23:30:00+00:00,0.0,2025-08-27,2025,REG,ATL,LVA,1.0710955710955712,True,,0.33738864980507277,401736356,4398915,20,17,1,True,False,matched,0.0,2025-08-27,under,0.11918969253563091,1.4444444444444444,0.4444444444444444,1.0,False,False,False
2391,9b062a6c807de339a4a5fd544b40ac5c,39,Leila Lacan,leilalacan,CON,assists,4.5,-130.0,-102.0,10,10,2025-08-27 23:11:29+00:00,2025-08-27 23:11:29+00:00,2025-08-27 23:11:29+00:00,2025-08-28 00:00:00+00:00,0.0,2025-08-27,2025,REG,DAL,CON,1.0701678863538528,True,,0.5312123494364493,401736357,5208981,18,3,0,True,False,matched,6.0,2025-08-27,under,0.184594675170955,1.9803921568627452,-1.0,1.0,False,False,False
2391,df9bc177ed11754c220bf2987ff29bbc,526,Aziaha James,aziahajames,DAL,points,9.5,104.0,-135.0,10,10,2025-08-27 23:29:22+00:00,2025-08-27 23:29:22+00:00,2025-08-27 23:29:22+00:00,2025-08-28 00:00:00+00:00,0.0,2025-08-27,2025,REG,DAL,CON,1.0646641635377556,True,,0.45648742045938223,401736357,4433807,3,18,1,True,False,matched,22.0,2025-08-27,under,0.4426270154203695,1.7407407407407407,-1.0,1.0,False,False,False
2393,e1e60245b73c898e9a8e9d5568fd9005,176,Ezi Magbegor,ezimagbegor,SEA,rebounds,5.5,-140.0,105.0,33,33,2025-08-28 10:06:37+00:00,2025-08-28 10:06:37+00:00,2025-08-28 10:06:37+00:00,2025-08-29 00:00:00+00:00,0.0,2025-08-28,2025,REG,MIN,SEA,1.0711382113821137,True,,0.5495039019869297,401736359,4420318,14,8,0,True,False,matched,7.0,2025-08-28,under,0.14386089666291546,2.05,-1.0,1.0,False,False,False
2395,59c8c3b33ac40fc23501a01fb1ddb505,16,Naz Hillmon,nazhillmon,ATL,rebounds,5.5,-144.0,108.0,10,10,2025-08-28 15:49:08+00:00,2025-08-28 15:49:08+00:00,2025-08-28 15:49:08+00:00,2025-08-29 23:30:00+00:00,0.0,2025-08-29,2025,REG,ATL,DAL,1.0709331651954601,True,,0.5566845205396996,401736361,4398915,20,3,1,True,False,matched,5.0,2025-08-29,over,0.1699949669836029,1.6944444444444444,-1.0,1.0,False,False,False
2395,e267e947f5e9b546f643a925762440a7,528,Paige Bueckers,paigebueckers,DAL,points,18.5,-114.0,-114.0,10,10,2025-08-28 15:54:01+00:00,2025-08-28 15:54:01+00:00,2025-08-28 15:54:01+00:00,2025-08-29 23:30:00+00:00,0.0,2025-08-29,2025,REG,ATL,DAL,1.0654205607476634,True,,0.5000000000000001,401736361,4433730,3,20,0,True,False,matched,16.0,2025-08-29,under,0.15645504188078502,1.8771929824561404,0.8771929824561404,1.0,False,False,False
2395,eb51be046f38f82bc4d29ee7de6cb417,61,Maddy Siegrist,maddysiegrist,DAL,points,15.5,-128.0,-102.0,10,10,2025-08-28 15:54:02+00:00,2025-08-28 15:54:02+00:00,2025-08-28 15:54:02+00:00,2025-08-29 23:30:00+00:00,0.0,2025-08-29,2025,REG,ATL,DAL,1.0663540038214347,True,,0.5291749480305961,401736361,4399415,3,20,0,True,False,matched,23.0,2025-08-29,under,0.46042695051955207,1.9803921568627452,-1.0,1.0,False,False,False
2396,545cc6fb443641cff0ca336e6ffc054e,84,Julie Allemand,julieallemand,TOR,assists,6.5,-125.0,-106.0,10,10,2025-08-29 06:07:05+00:00,2025-08-29 06:07:05+00:00,2025-08-29 06:07:05+00:00,2025-08-30 02:00:00+00:00,0.0,2025-08-29,2025,REG,LAS,IND,1.070118662351672,True,,0.5212291071384377,401736362,4001679,6,5,1,True,False,matched,4.0,2025-08-29,under,0.17868317154668528,1.9433962264150944,0.9433962264150944,1.0,False,False,False
2396,ed4e3f39a87099b225285302f4bc62c9,293,Odyssey Sims,odysseysims,DAL,threes,1.5,136.0,-186.0,10,10,2025-08-29 06:21:29+00:00,2025-08-29 06:21:29+00:00,2025-08-29 06:21:29+00:00,2025-08-30 02:00:00+00:00,0.0,2025-08-29,2025,REG,LAS,IND,1.0740784639089722,True,,0.38231581416686883,401736362,2529047,5,6,0,True,False,matched,1.0,2025-08-29,under,0.2223268000287583,1.5376344086021505,0.5376344086021505,1.0,False,False,False
2397,cfec71b01ab8e6f0e6ab19088f49da83,117,Courtney Williams,courtneywilliams,MIN,rebounds,4.5,-125.0,-106.0,10,10,2025-08-29 07:04:24+00:00,2025-08-29 07:04:24+00:00,2025-08-29 07:04:24+00:00,2025-08-30 23:00:00+00:00,0.0,2025-08-30,2025,REG,CON,MIN,1.070118662351672,True,,0.5212291071384377,401736363,2987891,8,18,0,True,False,matched,8.0,2025-08-30,under,0.14923407877504913,1.9433962264150944,-1.0,1.0,False,False,False
2397,a94784346af8ce7ad576140e4f0ddb1b,112,Napheesa Collier,napheesacollier,MIN,points,22.5,-125.0,-104.0,10,10,2025-08-29 07:04:24+00:00,2025-08-29 07:04:24+00:00,2025-08-29 07:04:24+00:00,2025-08-30 23:00:00+00:00,0.0,2025-08-30,2025,REG,CON,MIN,1.065359477124183,True,,0.5236312520088393,401736363,3917450,8,18,0,True,False,matched,17.0,2025-08-30,under,0.13653670595051365,1.9615384615384617,0.9615384615384617,1.0,False,False,False
2399,a5f12197e82c1aeaf85e25092f47ff79,180,Nneka Ogwumike,nnekaogwumike,LAS,rebounds,6.5,-154.0,116.0,10,10,2025-08-29 07:24:39+00:00,2025-08-29 07:24:39+00:00,2025-08-29 07:24:39+00:00,2025-08-31 01:00:00+00:00,0.0,2025-08-30,2025,REG,SEA,CHI,1.0692621755613883,True,,0.574207987656796,401736365,1068,14,19,1,True,False,matched,7.0,2025-08-30,under,0.27021609897361537,2.16,-1.0,1.0,False,False,False
2399,d388d2e26f4b01dc57841b4882441647,175,Skylar Diggins,skylardiggins,CHI,threes,1.5,126.0,-168.0,10,10,2025-08-29 07:24:39+00:00,2025-08-29 07:24:39+00:00,2025-08-29 07:24:39+00:00,2025-08-31 01:00:00+00:00,0.0,2025-08-30,2025,REG,SEA,CHI,1.0693435477479856,True,,0.4045224464881516,401736365,2491205,14,19,1,True,False,matched,1.0,2025-08-30,under,0.11872596350391945,1.5952380952380953,0.5952380952380953,1.0,False,False,False
2399,4ee52748a41f296ccc5d1cc481544b53,185,Ariel Atkins,arielatkins,LAS,rebounds,3.5,-172.0,128.0,10,10,2025-08-29 07:24:40+00:00,2025-08-29 07:24:40+00:00,2025-08-29 07:24:40+00:00,2025-08-31 01:00:00+00:00,0.0,2025-08-30,2025,REG,SEA,CHI,1.0709494324045408,True,,0.6004234693007796,401736365,3146151,19,14,0,True,False,matched,2.0,2025-08-30,under,0.25780316349575394,2.2800000000000002,1.2800000000000002,1.0,False,False,False
2399,4d6739d4dd47686635b7e0b63b1a1be3,30,Kamilla Cardoso,kamillacardoso,CHI,rebounds,9.5,-114.0,-114.0,10,10,2025-08-29 07:24:40+00:00,2025-08-29 07:24:40+00:00,2025-08-29 07:24:40+00:00,2025-08-31 01:00:00+00:00,0.0,2025-08-30,2025,REG,SEA,CHI,1.0654205607476634,True,,0.5000000000000001,401736365,4433405,19,14,0,True,False,matched,10.0,2025-08-30,under,0.13388505116514376,1.8771929824561404,-1.0,1.0,False,False,False
2400,2cb58d1b49b5d45430b45d1cf96a489d,137,Breanna Stewart,breannastewart,NYL,points,16.5,-106.0,-122.0,10,10,2025-08-29 07:29:57+00:00,2025-08-29 07:29:57+00:00,2025-08-29 07:29:57+00:00,2025-08-31 02:00:00+00:00,0.0,2025-08-30,2025,REG,PHX,NYL,1.064112656345666,True,,0.4819416314468661,401736366,2998928,9,11,0,True,False,matched,14.0,2025-08-30,under,0.13084237155900924,1.819672131147541,0.819672131147541,1.0,False,False,False
2400,11e68654b775dd48f259a8b119f420ec,155,Kahleah Copper,kahleahcopper,PHO,points,16.5,-120.0,-108.0,10,10,2025-08-29 17:04:30+00:00,2025-08-29 17:04:30+00:00,2025-08-29 17:04:30+00:00,2025-08-31 02:00:00+00:00,0.0,2025-08-30,2025,REG,PHX,NYL,1.0646853146853146,True,,0.5135396953663074,401736366,2998938,11,9,1,True,False,matched,22.0,2025-08-30,under,0.1011245830112883,1.925925925925926,-1.0,1.0,False,False,False
2398,ce1141fd5b7492b4d267ae5dc9b609fe,196,Shakira Austin,shakiraaustin,WAS,rebounds,6.5,-125.0,-106.0,10,10,2025-08-29 17:20:48+00:00,2025-08-29 17:20:48+00:00,2025-08-29 17:20:48+00:00,2025-08-31 00:30:00+00:00,0.0,2025-08-30,2025,REG,GSV,WAS,1.070118662351672,True,,0.5212291071384377,401736364,4398911,16,129689,0,True,False,matched,2.0,2025-08-30,under,0.231081047428916,1.9433962264150944,0.9433962264150944,1.0,False,False,False
2398,a87a6dad4641676bca0429d507d4bc09,572,Kiki Iriafen,kikiiriafen,WAS,rebounds,8.5,-138.0,104.0,10,10,2025-08-29 17:41:18+00:00,2025-08-29 17:41:18+00:00,2025-08-29 17:41:18+00:00,2025-08-31 00:30:00+00:00,0.0,2025-08-30,2025,REG,GSV,WAS,1.0700280112044818,True,,0.5464208361470752,401736364,4898384,16,129689,0,True,False,matched,3.0,2025-08-30,under,0.15771732566718843,2.04,1.04,1.0,False,False,False
2397,e3071c3de96b6279015d0f8f40ee221c,22,Marina Mabrey,marinamabrey,TOR,threes,1.5,-200.0,148.0,10,10,2025-08-29 19:14:04+00:00,2025-08-29 19:14:04+00:00,2025-08-29 19:14:04+00:00,2025-08-30 23:00:00+00:00,0.0,2025-08-30,2025,REG,CON,MIN,1.0698924731182795,True,,0.6365014949541484,401736363,3904576,18,8,1,True,False,matched,2.0,2025-08-30,under,0.12286168222455562,2.48,-1.0,1.0,False,False,False
2395,ceae0ac7cea53c9c5ba5f761d6c7e56a,193,Myisha Hines-Allen,myishahinesallen,IND,assists,3.5,-144.0,108.0,10,10,2025-08-29 22:59:33+00:00,2025-08-29 22:59:33+00:00,2025-08-29 22:59:33+00:00,2025-08-29 23:30:00+00:00,0.0,2025-08-29,2025,REG,ATL,DAL,1.0709331651954601,True,,0.5566845205396996,401736361,3142055,3,20,0,True,False,matched,2.0,2025-08-29,under,0.667998107363005,2.08,1.08,1.0,False,False,False
2400,d31303756cead095b036a718e1f69aeb,132,Sabrina Ionescu,sabrinaionescu,NYL,assists,6.5,122.0,-162.0,10,10,2025-08-30 05:06:45+00:00,2025-08-30 05:06:45+00:00,2025-08-30 05:06:45+00:00,2025-08-31 02:00:00+00:00,0.0,2025-08-30,2025,REG,PHX,NYL,1.0687710611374732,True,,0.41310819110441305,401736366,4066533,9,11,0,True,True,did_not_play,,2025-08-30,under,0.1334229256202803,1.617283950617284,0.0,0.0,False,True,False
2400,7d94792cd1b9cd089479ee06e084766b,163,Natasha Cloud,natashacloud,CHI,assists,5.5,108.0,-144.0,10,10,2025-08-30 05:11:49+00:00,2025-08-30 05:11:49+00:00,2025-08-30 05:11:49+00:00,2025-08-31 02:00:00+00:00,0.0,2025-08-30,2025,REG,PHX,NYL,1.0709331651954601,True,,0.4433154794603006,401736366,2529137,9,11,0,True,False,matched,4.0,2025-08-30,under,0.2020726335132983,1.6944444444444444,0.6944444444444444,1.0,False,False,False
2401,b1c6ec900e0e4d34af7dd1c01383acee,87,Cameron Brink,cameronbrink,LAS,rebounds,4.5,-166.0,124.0,10,10,2025-08-30 05:47:26+00:00,2025-08-30 05:47:26+00:00,2025-08-30 05:47:26+00:00,2025-09-01 00:00:00+00:00,0.0,2025-08-31,2025,REG,LAS,WAS,1.0704887218045114,True,,0.5920365770215091,401736367,4433404,6,16,1,True,False,matched,2.0,2025-08-31,under,0.2940155726462697,2.24,1.2400000000000002,1.0,False,False,False
2397,b2e4e127f5689b0cb1713851c155e37c,115,Natisha Hiedeman,natishahiedeman,SEA,threes,0.5,-192.0,142.0,10,10,2025-08-30 19:31:16+00:00,2025-08-30 19:31:16+00:00,2025-08-30 19:31:16+00:00,2025-08-30 23:00:00+00:00,0.0,2025-08-30,2025,REG,CON,MIN,1.0707573870712102,True,,0.6266397913999663,401736363,3906753,8,18,0,True,False,matched,0.0,2025-08-30,under,0.10734253075155509,2.42,1.42,1.0,False,False,False
2398,be6d4511410fbb5c587ca19ba83e3959,13,Iliana Rupert,ilianarupert,GSV,points,10.5,-128.0,-102.0,10,10,2025-08-31 00:08:22+00:00,2025-08-31 00:08:22+00:00,2025-08-31 00:08:22+00:00,2025-08-31 00:30:00+00:00,0.0,2025-08-30,2025,REG,GSV,WAS,1.0663540038214347,True,,0.5291749480305961,401736364,4790263,129689,16,1,True,False,matched,7.0,2025-08-30,under,0.5004689198370511,1.9803921568627452,0.9803921568627452,1.0,False,False,False
2400,ff31425b016a96c7be436ebe0e9885a6,130,Kennedy Burke,kennedyburke,CON,points,9.5,-110.0,-118.0,10,10,2025-08-31 00:08:24+00:00,2025-08-31 00:08:24+00:00,2025-08-31 00:08:24+00:00,2025-08-31 02:00:00+00:00,0.0,2025-08-30,2025,REG,PHX,NYL,1.0650939274792486,True,,0.4909754767731684,401736366,3922628,9,11,0,True,False,matched,1.0,2025-08-30,under,0.2565784001843901,1.847457627118644,0.847457627118644,1.0,False,False,False
2400,ef909201aeded709e90807d3723cff8d,147,Leonie Fiebich,leoniefiebich,NYL,points,9.5,-104.0,-125.0,10,10,2025-08-31 00:18:15+00:00,2025-08-31 00:18:15+00:00,2025-08-31 00:18:15+00:00,2025-08-31 02:00:00+00:00,0.0,2025-08-30,2025,REG,PHX,NYL,1.065359477124183,True,,0.4763687479911608,401736366,4683006,9,11,0,True,False,matched,4.0,2025-08-30,under,0.15840795003318253,1.8,0.8,1.0,False,False,False
2400,5e4bf12c56ca2ae458506dbb2f3b98ac,141,Jonquel Jones,jonqueljones,NYL,assists,3.5,118.0,-158.0,10,10,2025-08-31 01:47:45+00:00,2025-08-31 01:47:45+00:00,2025-08-31 01:47:45+00:00,2025-08-31 02:00:00+00:00,0.0,2025-08-30,2025,REG,PHX,NYL,1.0711186971054691,True,,0.42034729080094674,401736366,2999101,9,11,0,True,False,matched,4.0,2025-08-30,under,0.13579468545406487,1.6329113924050633,-1.0,1.0,False,False,False
2402,aa04cdd3f923369c09fd8608a3aa37bd,55,Veronica Burton,veronicaburton,GSV,rebounds,4.5,-114.0,-114.0,10,10,2025-08-31 02:47:00+00:00,2025-08-31 02:47:00+00:00,2025-08-31 02:47:00+00:00,2025-09-01 00:30:00+00:00,0.0,2025-08-31,2025,REG,GSV,IND,1.0654205607476634,True,,0.5000000000000001,401736368,4398935,129689,5,1,True,False,matched,7.0,2025-08-31,under,0.15351195654567562,1.8771929824561404,-1.0,1.0,False,False,False
2402,fdded575b1934caeb5de77ade0fb39fc,537,Janelle Salaun,janellesalaun,GSV,points,12.5,-102.0,-128.0,10,10,2025-08-31 02:47:00+00:00,2025-08-31 02:47:00+00:00,2025-08-31 02:47:00+00:00,2025-09-01 00:30:00+00:00,0.0,2025-08-31,2025,REG,GSV,IND,1.0663540038214347,True,,0.47082505196940394,401736368,4790264,129689,5,1,True,False,matched,10.0,2025-08-31,under,0.12002496720379335,1.78125,0.78125,1.0,False,False,False
2401,45ef47cacbf57b978b3e90747db8e6c2,573,Sonia Citron,soniacitron,WAS,assists,2.5,-158.0,118.0,10,10,2025-08-31 03:07:15+00:00,2025-08-31 03:07:15+00:00,2025-08-31 03:07:15+00:00,2025-09-01 00:00:00+00:00,0.0,2025-08-31,2025,REG,LAS,WAS,1.0711186971054691,True,,0.5796527091990534,401736367,4433524,16,6,0,True,False,matched,3.0,2025-08-31,under,0.2987219123662801,2.1799999999999997,-1.0,1.0,False,False,False
2403,aa69ff3a01256be0829eef77c1ad3378,15,Rhyne Howard,rhynehoward,ATL,points,17.5,-113.0,-115.0,10,10,2025-08-31 05:14:23+00:00,2025-08-31 05:14:23+00:00,2025-08-31 05:14:23+00:00,2025-09-01 17:00:00+00:00,0.0,2025-09-01,2025,REG,CON,ATL,1.0654001528551151,True,,0.49774423259931944,401736369,4398674,20,18,0,True,False,matched,23.0,2025-09-01,under,0.14255518316271887,1.8695652173913042,-1.0,1.0,False,False,False
2403,229abb586b75077e6d75e2db0a6c444e,1,Allisha Gray,allishagray,ATL,points,17.5,-118.0,-110.0,10,10,2025-08-31 05:14:23+00:00,2025-08-31 05:14:23+00:00,2025-08-31 05:14:23+00:00,2025-09-01 17:00:00+00:00,0.0,2025-09-01,2025,REG,CON,ATL,1.0650939274792486,True,,0.5090245232268319,401736369,3058901,20,18,0,True,False,matched,17.0,2025-09-01,under,0.10403821388514273,1.9090909090909092,0.9090909090909092,1.0,False,False,False
2403,d81b1f60581b78eceed98f5a22cea6fb,39,Leila Lacan,leilalacan,CON,assists,4.5,-158.0,118.0,10,10,2025-08-31 05:14:24+00:00,2025-08-31 05:14:24+00:00,2025-08-31 05:14:24+00:00,2025-09-01 17:00:00+00:00,0.0,2025-09-01,2025,REG,CON,ATL,1.0711186971054691,True,,0.5796527091990534,401736369,5208981,18,20,1,True,False,matched,4.0,2025-09-01,under,0.22393365166474044,2.1799999999999997,1.1799999999999997,1.0,False,False,False
2403,2c895d30f654f3686c0b8adb2d5c55f1,22,Marina Mabrey,marinamabrey,TOR,points,14.5,-114.0,-114.0,10,10,2025-08-31 05:14:24+00:00,2025-08-31 05:14:24+00:00,2025-08-31 05:14:24+00:00,2025-09-01 17:00:00+00:00,0.0,2025-09-01,2025,REG,CON,ATL,1.0654205607476634,True,,0.5000000000000001,401736369,3904576,18,20,1,True,False,matched,12.0,2025-09-01,under,0.12239017292126741,1.8771929824561404,0.8771929824561404,1.0,False,False,False
2404,eda76587d57f5465d63905c3666a4c17,117,Courtney Williams,courtneywilliams,MIN,rebounds,4.5,-138.0,104.0,10,10,2025-08-31 05:33:16+00:00,2025-08-31 05:33:16+00:00,2025-08-31 05:33:16+00:00,2025-09-02 00:00:00+00:00,0.0,2025-09-01,2025,REG,MIN,DAL,1.0700280112044818,True,,0.5464208361470752,401736370,2987891,8,3,1,True,False,matched,3.0,2025-09-01,under,0.13538354147161463,2.04,1.04,1.0,False,False,False
2404,f5b9905ef38b71b741deef7e82899829,528,Paige Bueckers,paigebueckers,DAL,rebounds,3.5,-114.0,-114.0,10,10,2025-08-31 05:33:16+00:00,2025-08-31 05:33:16+00:00,2025-08-31 05:33:16+00:00,2025-09-02 00:00:00+00:00,0.0,2025-09-01,2025,REG,MIN,DAL,1.0654205607476634,True,,0.5000000000000001,401736370,4433730,3,8,0,True,False,matched,1.0,2025-09-01,under,0.13424576381688802,1.8771929824561404,0.8771929824561404,1.0,False,False,False
2404,e48e66245a1cffc151af04e064c7098d,193,Myisha Hines-Allen,myishahinesallen,IND,points,9.5,-128.0,-102.0,10,10,2025-08-31 05:42:50+00:00,2025-08-31 05:42:50+00:00,2025-08-31 05:42:50+00:00,2025-09-02 00:00:00+00:00,0.0,2025-09-01,2025,REG,MIN,DAL,1.0663540038214347,True,,0.5291749480305961,401736370,3142055,3,8,0,True,False,matched,7.0,2025-09-01,under,0.33749163612993827,1.9803921568627452,0.9803921568627452,1.0,False,False,False
2404,382d23e2e1fab6ea3fac529dc82ff4ff,61,Maddy Siegrist,maddysiegrist,DAL,rebounds,4.5,-158.0,118.0,10,10,2025-08-31 05:42:50+00:00,2025-08-31 05:42:50+00:00,2025-08-31 05:42:50+00:00,2025-09-02 00:00:00+00:00,0.0,2025-09-01,2025,REG,MIN,DAL,1.0711186971054691,True,,0.5796527091990534,401736370,4399415,3,8,0,True,False,matched,4.0,2025-09-01,under,0.29922728096102497,2.1799999999999997,1.1799999999999997,1.0,False,False,False
2405,495d80bd6f10a422ba5fe63a0eb95137,180,Nneka Ogwumike,nnekaogwumike,LAS,rebounds,7.5,-108.0,-122.0,10,10,2025-08-31 06:17:23+00:00,2025-08-31 06:17:23+00:00,2025-08-31 06:17:23+00:00,2025-09-02 02:00:00+00:00,0.0,2025-09-01,2025,REG,SEA,LAS,1.0687803187803186,True,,0.48431040390879443,401736371,1068,14,6,1,True,False,matched,3.0,2025-09-01,under,0.18791777028104,1.819672131147541,0.819672131147541,1.0,False,False,False
2405,c257b7212a2a889cf9529792309b4ef4,208,Gabby Williams,gabbywilliams,GSV,points,11.5,-106.0,-122.0,10,10,2025-08-31 06:17:23+00:00,2025-08-31 06:17:23+00:00,2025-08-31 06:17:23+00:00,2025-09-02 02:00:00+00:00,0.0,2025-09-01,2025,REG,SEA,LAS,1.064112656345666,True,,0.4819416314468661,401736371,3142328,14,6,1,True,False,matched,8.0,2025-09-01,under,0.10474666250031434,1.819672131147541,0.819672131147541,1.0,False,False,False
2402,189e058c6928cbbc60c0d0800f403dd4,13,Iliana Rupert,ilianarupert,GSV,rebounds,5.5,165.0,-220.0,13,13,2025-09-01 00:08:26+00:00,2025-09-01 00:08:26+00:00,2025-09-01 00:08:26+00:00,2025-09-01 00:30:00+00:00,0.0,2025-08-31,2025,REG,GSV,IND,1.0648584905660377,True,,0.33972015196293404,401736368,4790263,129689,5,1,True,False,matched,1.0,2025-08-31,under,0.20087581755347295,1.4545454545454546,0.4545454545454546,1.0,False,False,False
2402,8921e9135ab6f87dd41224b2210f0268,72,Temi Fagbenle,temifagbenle,TOR,points,6.5,-120.0,-110.0,13,13,2025-09-01 00:08:26+00:00,2025-09-01 00:08:26+00:00,2025-09-01 00:08:26+00:00,2025-09-01 00:30:00+00:00,0.0,2025-08-31,2025,REG,GSV,IND,1.0692640692640691,True,,0.5112040114787568,401736368,2569044,129689,5,1,True,False,matched,6.0,2025-08-31,under,0.14815949944768653,1.9090909090909092,0.9090909090909092,1.0,False,False,False
2402,2077d28092b6b5f124177e98b1f3c3f7,293,Odyssey Sims,odysseysims,DAL,points,9.5,-140.0,110.0,13,13,2025-09-01 00:08:27+00:00,2025-09-01 00:08:27+00:00,2025-09-01 00:08:27+00:00,2025-09-01 00:30:00+00:00,0.0,2025-08-31,2025,REG,GSV,IND,1.0595238095238093,True,,0.555167954788897,401736368,2529047,5,129689,0,True,False,matched,5.0,2025-08-31,under,0.1994663769539018,2.1,1.1,1.0,False,False,False
2405,ae10827201b71c570aabac5e00085779,101,Kelsey Plum,kelseyplum,LAS,assists,5.5,-106.0,-125.0,10,10,2025-09-01 02:16:47+00:00,2025-09-01 02:16:47+00:00,2025-09-01 02:16:47+00:00,2025-09-02 02:00:00+00:00,0.0,2025-09-01,2025,REG,SEA,LAS,1.070118662351672,True,,0.4787708928615623,401736371,3065570,6,14,0,True,False,matched,7.0,2025-09-01,under,0.1258752885309975,1.8,-1.0,1.0,False,False,False
2405,68e2a5b06146b3cf3a44a597236a7023,94,Rickea Jackson,rickeajackson,CHI,points,15.5,-114.0,-114.0,10,10,2025-09-01 02:16:47+00:00,2025-09-01 02:16:47+00:00,2025-09-01 02:16:47+00:00,2025-09-02 02:00:00+00:00,0.0,2025-09-01,2025,REG,SEA,LAS,1.0654205607476634,True,,0.5000000000000001,401736371,4433630,6,14,0,True,False,matched,23.0,2025-09-01,under,0.12175571331648416,1.8771929824561404,-1.0,1.0,False,False,False
2405,0665d25415de9062dbc9b070b2565ae4,176,Ezi Magbegor,ezimagbegor,SEA,rebounds,6.5,-114.0,-114.0,10,10,2025-09-01 02:35:17+00:00,2025-09-01 02:35:17+00:00,2025-09-01 02:35:17+00:00,2025-09-02 02:00:00+00:00,0.0,2025-09-01,2025,REG,SEA,LAS,1.0654205607476634,True,,0.5000000000000001,401736371,4420318,14,6,1,True,False,matched,5.0,2025-09-01,under,0.1537180090435502,1.8771929824561404,0.8771929824561404,1.0,False,False,False
2405,cc29e21877684b022452a8ef9b74315c,87,Cameron Brink,cameronbrink,LAS,points,5.5,-115.0,-113.0,10,10,2025-09-01 02:35:17+00:00,2025-09-01 02:35:17+00:00,2025-09-01 02:35:17+00:00,2025-09-02 02:00:00+00:00,0.0,2025-09-01,2025,REG,SEA,LAS,1.0654001528551151,True,,0.5022557674006809,401736371,4433404,6,14,0,True,False,matched,9.0,2025-09-01,under,0.10667544613478908,1.8849557522123894,-1.0,1.0,False,False,False
2406,ca9e2f532f5490e3aabd12634403d41d,293,Odyssey Sims,odysseysims,DAL,threes,1.5,164.0,-225.0,10,10,2025-09-01 04:46:59+00:00,2025-09-01 04:46:59+00:00,2025-09-01 04:46:59+00:00,2025-09-03 02:00:00+00:00,0.0,2025-09-02,2025,REG,PHX,IND,1.0710955710955712,True,,0.33738864980507277,401736373,2529047,5,11,0,True,False,matched,1.0,2025-09-02,under,0.1735483099103355,1.4444444444444444,0.4444444444444444,1.0,False,False,False
2406,8eb8a5b418edd771449dc86316bc5f9d,54,Satou Sabally,satousabally,NYL,rebounds,5.5,-106.0,-125.0,10,10,2025-09-01 04:46:59+00:00,2025-09-01 04:46:59+00:00,2025-09-01 04:46:59+00:00,2025-09-03 02:00:00+00:00,0.0,2025-09-02,2025,REG,PHX,IND,1.070118662351672,True,,0.4787708928615623,401736373,4281929,11,5,1,True,False,matched,2.0,2025-09-02,under,0.12745830330931462,1.8,0.8,1.0,False,False,False
2406,bdc5f06bf186d05837ea91f78948a2cb,56,Natasha Howard,natashahoward,MIN,points,9.5,-130.0,100.0,10,10,2025-09-01 04:46:59+00:00,2025-09-01 04:46:59+00:00,2025-09-01 04:46:59+00:00,2025-09-03 02:00:00+00:00,0.0,2025-09-02,2025,REG,PHX,IND,1.065217391304348,True,,0.5336835053940976,401736373,2529130,5,11,0,True,False,matched,4.0,2025-09-02,under,0.10496384719016055,2.0,1.0,1.0,False,False,False
2407,82283c0f912b18d1337720c3723ae3c8,141,Jonquel Jones,jonqueljones,NYL,assists,3.5,124.0,-166.0,10,10,2025-09-01 06:26:59+00:00,2025-09-01 06:26:59+00:00,2025-09-01 06:26:59+00:00,2025-09-03 02:00:00+00:00,0.0,2025-09-02,2025,REG,GSV,NYL,1.0704887218045114,True,,0.40796342297849103,401736372,2999101,9,129689,0,True,False,matched,1.0,2025-09-02,under,0.11086699771336911,1.6024096385542168,0.6024096385542168,1.0,False,False,False
2407,84dab046ba6fa7def38c32707e8be5ef,55,Veronica Burton,veronicaburton,GSV,assists,6.5,-158.0,118.0,10,10,2025-09-01 06:27:00+00:00,2025-09-01 06:27:00+00:00,2025-09-01 06:27:00+00:00,2025-09-03 02:00:00+00:00,0.0,2025-09-02,2025,REG,GSV,NYL,1.0711186971054691,True,,0.5796527091990534,401736372,4398935,129689,9,1,True,False,matched,9.0,2025-09-02,under,0.27927385053574294,2.1799999999999997,-1.0,1.0,False,False,False
2404,7ce1936e64fe8b4be2e065171bbbd1e3,115,Natisha Hiedeman,natishahiedeman,SEA,threes,1.5,138.0,-186.0,10,10,2025-09-01 13:54:40+00:00,2025-09-01 13:54:40+00:00,2025-09-01 13:54:40+00:00,2025-09-02 00:00:00+00:00,0.0,2025-09-01,2025,REG,MIN,DAL,1.070517717576541,True,,0.3807086475713989,401736370,3906753,8,3,1,True,False,matched,4.0,2025-09-01,under,0.22696455085219058,1.5376344086021505,-1.0,1.0,False,False,False
2404,5523bc437d25204c78b7a607ec496af4,48,DiJonai Carrington,dijonaicarrington,CHI,points,11.5,-114.0,-114.0,10,10,2025-09-01 15:17:34+00:00,2025-09-01 15:17:34+00:00,2025-09-01 15:17:34+00:00,2025-09-02 00:00:00+00:00,0.0,2025-09-01,2025,REG,MIN,DAL,1.0654205607476634,True,,0.5000000000000001,401736370,4066548,8,3,1,True,False,matched,4.0,2025-09-01,under,0.28037929839396886,1.8771929824561404,0.8771929824561404,1.0,False,False,False
2403,e538707f204c532a23995c327017b5e5,2,Jordin Canada,jordincanada,ATL,assists,4.5,114.0,-152.0,10,10,2025-09-01 16:24:21+00:00,2025-09-01 16:24:21+00:00,2025-09-01 16:24:21+00:00,2025-09-01 17:00:00+00:00,0.0,2025-09-01,2025,REG,CON,ATL,1.0704643228007713,True,,0.42960347247450675,401736369,3142250,20,18,0,True,False,matched,1.0,2025-09-01,over,0.3894568775922034,2.1399999999999997,-1.0,1.0,False,False,False
2403,718aa80473f70662e17f9a9e5529af9e,519,Aneesah Morrow,aneesahmorrow,CON,points,8.5,-115.0,-115.0,36,36,2025-09-01 16:37:43+00:00,2025-09-01 16:37:43+00:00,2025-09-01 16:37:43+00:00,2025-09-01 17:00:00+00:00,0.0,2025-09-01,2025,REG,CON,ATL,1.0697674418604652,True,,0.5,401736369,4684384,18,20,1,True,False,matched,6.0,2025-09-01,under,0.11815987978329229,1.8695652173913042,0.8695652173913042,1.0,False,False,False
2405,4258128097b3fe844f26f0fff11082ad,570,Dominique Malonga,dominiquemalonga,SEA,rebounds,7.5,-114.0,-114.0,10,10,2025-09-02 00:28:37+00:00,2025-09-02 00:28:37+00:00,2025-09-02 00:28:37+00:00,2025-09-02 02:00:00+00:00,0.0,2025-09-01,2025,REG,SEA,LAS,1.0654205607476634,True,,0.5000000000000001,401736371,5220150,14,6,1,True,False,matched,2.0,2025-09-01,under,0.16910679208234713,1.8771929824561404,0.8771929824561404,1.0,False,False,False
2405,3190062123dd0e3ec3ec11cae70dd65b,84,Julie Allemand,julieallemand,TOR,rebounds,3.5,-172.0,128.0,10,10,2025-09-02 01:52:27+00:00,2025-09-02 01:52:27+00:00,2025-09-02 01:52:27+00:00,2025-09-02 02:00:00+00:00,0.0,2025-09-01,2025,REG,SEA,LAS,1.0709494324045408,True,,0.6004234693007796,401736371,4001679,6,14,0,True,False,matched,3.0,2025-09-01,under,0.13481652217545215,2.2800000000000002,1.2800000000000002,1.0,False,False,False
2407,90016bce83097946b2722b5b464eac9f,163,Natasha Cloud,natashacloud,CHI,points,9.5,-115.0,-113.0,10,10,2025-09-02 03:03:08+00:00,2025-09-02 03:03:08+00:00,2025-09-02 03:03:08+00:00,2025-09-03 02:00:00+00:00,0.0,2025-09-02,2025,REG,GSV,NYL,1.0654001528551151,True,,0.5022557674006809,401736372,2529137,9,129689,0,True,False,matched,19.0,2025-09-02,under,0.1232475605597832,1.8849557522123894,-1.0,1.0,False,False,False
2407,b794261dd2c1b7061ebbd52f1e819f2e,13,Iliana Rupert,ilianarupert,GSV,points,10.5,105.0,-150.0,33,33,2025-09-02 03:04:16+00:00,2025-09-02 03:04:16+00:00,2025-09-02 03:04:16+00:00,2025-09-03 02:00:00+00:00,0.0,2025-09-02,2025,REG,GSV,NYL,1.0878048780487806,True,,0.44129415758498114,401736372,4790263,129689,9,1,True,False,matched,2.0,2025-09-02,under,0.14496454121628588,1.6666666666666665,0.6666666666666665,1.0,False,False,False
2407,c10959fd19b25db1c131610223c65762,147,Leonie Fiebich,leoniefiebich,NYL,points,9.5,115.0,-165.0,33,33,2025-09-02 03:04:16+00:00,2025-09-02 03:04:16+00:00,2025-09-02 03:04:16+00:00,2025-09-03 02:00:00+00:00,0.0,2025-09-02,2025,REG,GSV,NYL,1.0877577885037297,True,,0.41756450654041355,401736372,4683006,9,129689,0,True,False,matched,3.0,2025-09-02,under,0.12687705434704982,1.606060606060606,0.606060606060606,1.0,False,False,False
2409,259060e2b22ba4c1ac52f2e49f7e3f0d,39,Leila Lacan,leilalacan,CON,assists,4.5,-158.0,118.0,10,10,2025-09-02 06:07:46+00:00,2025-09-02 06:07:46+00:00,2025-09-02 06:07:46+00:00,2025-09-04 00:00:00+00:00,0.0,2025-09-03,2025,REG,CHI,CON,1.0711186971054691,True,,0.5796527091990534,401736375,5208981,18,19,0,True,False,matched,1.0,2025-09-03,under,0.27683891438446023,2.1799999999999997,1.1799999999999997,1.0,False,False,False
2407,dac152b12a5dd03e4d407053f33921e5,58,Carla Leite,carlaleite,PDX,points,10.5,-105.0,-135.0,33,33,2025-09-02 06:19:58+00:00,2025-09-02 06:19:58+00:00,2025-09-02 06:19:58+00:00,2025-09-03 02:00:00+00:00,0.0,2025-09-02,2025,REG,GSV,NYL,1.0866632070576026,True,,0.46744138600370294,401736372,5208982,129689,9,1,True,False,matched,6.0,2025-09-02,under,0.23092397914269241,1.7407407407407407,0.7407407407407407,1.0,False,False,False
2409,c217dae37c3d41614107bf98a5138cc0,185,Ariel Atkins,arielatkins,LAS,rebounds,3.5,-152.0,114.0,10,10,2025-09-02 06:27:10+00:00,2025-09-02 06:27:10+00:00,2025-09-02 06:27:10+00:00,2025-09-04 00:00:00+00:00,0.0,2025-09-03,2025,REG,CHI,CON,1.0704643228007713,True,,0.5703965275254933,401736375,3146151,19,18,1,True,False,matched,6.0,2025-09-03,under,0.21786213731865728,2.1399999999999997,-1.0,1.0,False,False,False
2409,93cffe72ac02ff37a8b0fb06d4586d1b,30,Kamilla Cardoso,kamillacardoso,CHI,rebounds,9.5,-130.0,-102.0,10,10,2025-09-02 06:27:10+00:00,2025-09-02 06:27:10+00:00,2025-09-02 06:27:10+00:00,2025-09-04 00:00:00+00:00,0.0,2025-09-03,2025,REG,CHI,CON,1.0701678863538528,True,,0.5312123494364493,401736375,4433405,19,18,1,True,False,matched,5.0,2025-09-03,under,0.19075827101146053,1.9803921568627452,0.9803921568627452,1.0,False,False,False
2409,a71911be990280b35ee0e42ada36a9b0,26,Angel Reese,angelreese,ATL,rebounds,12.5,-144.0,108.0,10,10,2025-09-02 06:27:10+00:00,2025-09-02 06:27:10+00:00,2025-09-02 06:27:10+00:00,2025-09-04 00:00:00+00:00,0.0,2025-09-03,2025,REG,CHI,CON,1.0709331651954601,True,,0.5566845205396996,401736375,4433402,19,18,1,True,False,matched,13.0,2025-09-03,under,0.10218423107619129,2.08,-1.0,1.0,False,False,False
2408,0bcc478f5a7c036e4c68e0a5a84979e3,89,Dearica Hamby,dearicahamby,LAS,points,16.5,-130.0,100.0,10,10,2025-09-02 06:47:20+00:00,2025-09-02 06:47:20+00:00,2025-09-02 06:47:20+00:00,2025-09-03 23:30:00+00:00,0.0,2025-09-03,2025,REG,ATL,LAS,1.065217391304348,True,,0.5336835053940976,401736374,2566106,6,20,0,True,False,matched,21.0,2025-09-03,under,0.23564576688138933,2.0,-1.0,1.0,False,False,False
2408,52a4a10e75cbf220bd6aa7ecd81d3552,94,Rickea Jackson,rickeajackson,CHI,points,14.5,-120.0,-108.0,10,10,2025-09-02 06:47:20+00:00,2025-09-02 06:47:20+00:00,2025-09-02 06:47:20+00:00,2025-09-03 23:30:00+00:00,0.0,2025-09-03,2025,REG,ATL,LAS,1.0646853146853146,True,,0.5135396953663074,401736374,4433630,6,20,0,True,False,matched,15.0,2025-09-03,under,0.14519291753365554,1.925925925925926,-1.0,1.0,False,False,False
2408,871c06fa2dec4ff542d05d21f9a1db2a,2,Jordin Canada,jordincanada,ATL,points,9.5,-122.0,-106.0,10,10,2025-09-02 06:47:20+00:00,2025-09-02 06:47:20+00:00,2025-09-02 06:47:20+00:00,2025-09-03 23:30:00+00:00,0.0,2025-09-03,2025,REG,ATL,LAS,1.064112656345666,True,,0.518058368553134,401736374,3142250,20,6,1,True,False,matched,10.0,2025-09-03,over,0.11576358472194864,1.819672131147541,0.819672131147541,1.0,False,False,False
2407,e78d5643c34cdfbffde8b348a01bdc06,233,Emma Meesseman,emmameesseman,FA,threes,1.5,178.0,-245.0,10,10,2025-09-02 17:49:32+00:00,2025-09-02 17:49:32+00:00,2025-09-02 17:49:32+00:00,2025-09-03 02:00:00+00:00,0.0,2025-09-02,2025,REG,GSV,NYL,1.0698571577520593,True,,0.3183263503331576,401736372,3027368,9,129689,0,True,False,matched,1.0,2025-09-02,under,0.17522807381991987,1.4081632653061225,0.40816326530612246,1.0,False,False,False
2406,dc3923940004b12075c9e1dd6615d589,76,Lexie Hull,lexiehull,IND,points,7.5,-110.0,-120.0,13,13,2025-09-02 21:16:02+00:00,2025-09-02 21:16:02+00:00,2025-09-02 21:16:02+00:00,2025-09-03 02:00:00+00:00,0.0,2025-09-02,2025,REG,PHX,IND,1.0692640692640691,True,,0.4887959885212434,401736373,4398829,5,11,0,True,False,matched,18.0,2025-09-02,under,0.1875590241090891,1.8333333333333335,-1.0,1.0,False,False,False
2409,18170bd7590430ca60ac5fe89f49e3f5,519,Aneesah Morrow,aneesahmorrow,CON,rebounds,8.5,-108.0,-122.0,10,10,2025-09-03 00:42:02+00:00,2025-09-03 00:42:02+00:00,2025-09-03 00:42:02+00:00,2025-09-04 00:00:00+00:00,0.0,2025-09-03,2025,REG,CHI,CON,1.0687803187803186,True,,0.48431040390879443,401736375,4684384,18,19,0,True,False,matched,1.0,2025-09-03,under,0.1196307387130689,1.819672131147541,0.819672131147541,1.0,False,False,False
2412,0d69193304bbfcd8ecd044e853a2d71d,117,Courtney Williams,courtneywilliams,MIN,points,13.5,-128.0,-102.0,10,10,2025-09-03 01:05:44+00:00,2025-09-03 01:05:44+00:00,2025-09-03 01:05:44+00:00,2025-09-05 02:00:00+00:00,0.0,2025-09-04,2025,REG,LVA,MIN,1.0663540038214347,True,,0.5291749480305961,401736378,2987891,8,17,0,True,False,matched,14.0,2025-09-04,under,0.19403608237598674,1.9803921568627452,-1.0,1.0,False,False,False
2412,5854f93c324b91dd7c0d96dc8ace0d47,112,Napheesa Collier,napheesacollier,MIN,points,22.5,100.0,-130.0,10,10,2025-09-03 01:05:44+00:00,2025-09-03 01:05:44+00:00,2025-09-03 01:05:44+00:00,2025-09-05 02:00:00+00:00,0.0,2025-09-04,2025,REG,LVA,MIN,1.065217391304348,True,,0.4663164946059025,401736378,3917450,8,17,0,True,False,matched,12.0,2025-09-04,under,0.10561172449960832,1.7692307692307692,0.7692307692307692,1.0,False,False,False
2412,38f4da4909a9f30fb25066f898e3a1b0,125,Kayla McBride,kaylamcbride,MIN,threes,2.5,112.0,-148.0,10,10,2025-09-03 01:05:45+00:00,2025-09-03 01:05:45+00:00,2025-09-03 01:05:45+00:00,2025-09-05 02:00:00+00:00,0.0,2025-09-04,2025,REG,LVA,MIN,1.0684723067559343,True,,0.43527724698320036,401736378,2529205,8,17,0,True,False,matched,2.0,2025-09-04,over,0.1356631351503132,2.12,-1.0,1.0,False,False,False
2412,f3376709418e34ea1b22ead9c23bee8d,102,Jackie Young,jackieyoung,LVA,assists,4.5,-122.0,-108.0,10,10,2025-09-03 01:18:06+00:00,2025-09-03 01:18:06+00:00,2025-09-03 01:18:06+00:00,2025-09-05 02:00:00+00:00,0.0,2025-09-04,2025,REG,LVA,MIN,1.0687803187803186,True,,0.5156895960912058,401736378,4065870,17,8,1,True,False,matched,5.0,2025-09-04,over,0.15194676312557248,1.819672131147541,0.819672131147541,1.0,False,False,False
2410,9c3c4f9c6561ebed4512923453e7d39a,54,Satou Sabally,satousabally,NYL,points,14.5,-128.0,-102.0,10,10,2025-09-03 04:52:27+00:00,2025-09-03 04:52:27+00:00,2025-09-03 04:52:27+00:00,2025-09-04 23:30:00+00:00,0.0,2025-09-04,2025,REG,WAS,PHX,1.0663540038214347,True,,0.5291749480305961,401736376,4281929,11,16,0,True,False,matched,10.0,2025-09-04,under,0.1373250695745804,1.9803921568627452,0.9803921568627452,1.0,False,False,False
2411,9e5f87ba6849d34f4ab804bb7608cda1,55,Veronica Burton,veronicaburton,GSV,rebounds,4.5,-158.0,118.0,10,10,2025-09-03 04:52:28+00:00,2025-09-03 04:52:28+00:00,2025-09-03 04:52:28+00:00,2025-09-05 02:00:00+00:00,0.0,2025-09-04,2025,REG,GSV,DAL,1.0711186971054691,True,,0.5796527091990534,401736377,4398935,129689,3,1,True,False,matched,3.0,2025-09-04,under,0.23801088720539915,2.1799999999999997,1.1799999999999997,1.0,False,False,False
2411,5de1742e0f84031526f45b966fb3b444,61,Maddy Siegrist,maddysiegrist,DAL,points,14.5,100.0,-130.0,10,10,2025-09-03 04:52:28+00:00,2025-09-03 04:52:28+00:00,2025-09-03 04:52:28+00:00,2025-09-05 02:00:00+00:00,0.0,2025-09-04,2025,REG,GSV,DAL,1.065217391304348,True,,0.4663164946059025,401736377,4399415,3,129689,0,True,False,matched,16.0,2025-09-04,under,0.20072002125467853,1.7692307692307692,-1.0,1.0,False,False,False
2411,d99287157b25b91a0124cefc665f64d0,520,Amy Okonkwo,amyokonkwo,FA,threes,1.5,138.0,-186.0,10,10,2025-09-03 04:52:28+00:00,2025-09-03 04:52:28+00:00,2025-09-03 04:52:28+00:00,2025-09-05 02:00:00+00:00,0.0,2025-09-04,2025,REG,GSV,DAL,1.070517717576541,True,,0.3807086475713989,401736377,3142242,3,129689,0,True,False,matched,0.0,2025-09-04,under,0.1976493361038175,1.5376344086021505,0.5376344086021505,1.0,False,False,False
2411,bf0bf99c1e9016709589197edf64d1c2,528,Paige Bueckers,paigebueckers,DAL,rebounds,3.5,110.0,-146.0,10,10,2025-09-03 04:52:28+00:00,2025-09-03 04:52:28+00:00,2025-09-03 04:52:28+00:00,2025-09-05 02:00:00+00:00,0.0,2025-09-04,2025,REG,GSV,DAL,1.0696864111498257,True,,0.4392579960949788,401736377,4433730,3,129689,0,True,False,matched,4.0,2025-09-04,under,0.10478540970069339,1.6849315068493151,-1.0,1.0,False,False,False
2408,49e37752a9fb6c743aadf30f1d228e96,87,Cameron Brink,cameronbrink,LAS,points,6.5,105.0,-135.0,19,19,2025-09-03 13:33:02+00:00,2025-09-03 13:33:02+00:00,2025-09-03 13:33:02+00:00,2025-09-03 23:30:00+00:00,0.0,2025-09-03,2025,REG,ATL,LAS,1.0622729631551635,True,,0.45531139401703796,401736374,4433404,6,20,0,True,False,matched,3.0,2025-09-03,under,0.18742760264195224,1.7407407407407407,0.7407407407407407,1.0,False,False,False
2413,2eaba05b60f81a76fc9ced3b31c1d2c3,82,Azura Stevens,azurastevens,CHI,rebounds,5.5,-106.0,-125.0,10,10,2025-09-04 02:09:02+00:00,2025-09-04 02:09:02+00:00,2025-09-04 02:09:02+00:00,2025-09-05 23:30:00+00:00,0.0,2025-09-05,2025,REG,ATL,LAS,1.070118662351672,True,,0.4787708928615623,401736379,3142010,6,20,0,True,False,matched,8.0,2025-09-05,over,0.1953556470004127,1.9433962264150944,0.9433962264150944,1.0,False,False,False
2413,52d612ab1cc0694b23ec0517f3b7264b,16,Naz Hillmon,nazhillmon,ATL,points,10.5,-114.0,-115.0,10,10,2025-09-04 02:09:02+00:00,2025-09-04 02:09:02+00:00,2025-09-04 02:09:02+00:00,2025-09-05 23:30:00+00:00,0.0,2025-09-05,2025,REG,ATL,LAS,1.0675940013040643,True,,0.49887602265758907,401736379,4398915,20,6,1,True,False,matched,8.0,2025-09-05,under,0.18812659471644122,1.8695652173913042,0.8695652173913042,1.0,False,False,False
2413,7f18659cbb96123549629a3e6352c3fd,15,Rhyne Howard,rhynehoward,ATL,rebounds,4.5,-125.0,-106.0,10,10,2025-09-04 02:09:02+00:00,2025-09-04 02:09:02+00:00,2025-09-04 02:09:02+00:00,2025-09-05 23:30:00+00:00,0.0,2025-09-05,2025,REG,ATL,LAS,1.070118662351672,True,,0.5212291071384377,401736379,4398674,20,6,1,True,False,matched,5.0,2025-09-05,under,0.13622486557464758,1.9433962264150944,-1.0,1.0,False,False,False
2413,6e3a893a9e7580a44f7fbe91c9b70c1a,89,Dearica Hamby,dearicahamby,LAS,points,17.5,-106.0,-122.0,10,10,2025-09-04 02:09:02+00:00,2025-09-04 02:09:02+00:00,2025-09-04 02:09:02+00:00,2025-09-05 23:30:00+00:00,0.0,2025-09-05,2025,REG,ATL,LAS,1.064112656345666,True,,0.4819416314468661,401736379,2566106,6,20,0,True,False,matched,26.0,2025-09-05,under,0.12915363232261395,1.819672131147541,-1.0,1.0,False,False,False
2415,3cd72358a27139ee617fe89e04f96f28,163,Natasha Cloud,natashacloud,CHI,assists,4.5,-154.0,116.0,10,10,2025-09-04 03:49:46+00:00,2025-09-04 03:49:46+00:00,2025-09-04 03:49:46+00:00,2025-09-06 02:00:00+00:00,0.0,2025-09-05,2025,REG,SEA,NYL,1.0692621755613883,True,,0.574207987656796,401736381,2529137,9,14,0,True,False,matched,6.0,2025-09-05,under,0.19603678222358445,2.16,-1.0,1.0,False,False,False
2415,f3e1900fbf3fc0f0a6d6f64e2d7320c5,137,Breanna Stewart,breannastewart,NYL,points,17.5,-114.0,-114.0,10,10,2025-09-04 03:49:46+00:00,2025-09-04 03:49:46+00:00,2025-09-04 03:49:46+00:00,2025-09-06 02:00:00+00:00,0.0,2025-09-05,2025,REG,SEA,NYL,1.0654205607476634,True,,0.5000000000000001,401736381,2998928,9,14,0,True,False,matched,24.0,2025-09-05,under,0.19114276736873398,1.8771929824561404,-1.0,1.0,False,False,False
2414,cf3ba79e0a5b4ef19f107ed7b2fe38ff,76,Lexie Hull,lexiehull,IND,threes,1.5,-158.0,118.0,10,10,2025-09-04 04:08:38+00:00,2025-09-04 04:08:38+00:00,2025-09-04 04:08:38+00:00,2025-09-05 23:30:00+00:00,0.0,2025-09-05,2025,REG,IND,CHI,1.0711186971054691,True,,0.5796527091990534,401736380,4398829,5,19,1,True,False,matched,1.0,2025-09-05,under,0.2306693975979091,2.1799999999999997,1.1799999999999997,1.0,False,False,False
2414,0d8d6e0f59f6e6dc552d7ca046c744f1,71,Aliyah Boston,aliyahboston,IND,points,15.5,-110.0,-118.0,10,10,2025-09-04 04:08:38+00:00,2025-09-04 04:08:38+00:00,2025-09-04 04:08:38+00:00,2025-09-05 23:30:00+00:00,0.0,2025-09-05,2025,REG,IND,CHI,1.0650939274792486,True,,0.4909754767731684,401736380,4432831,5,19,1,True,False,matched,11.0,2025-09-05,under,0.11192357309319845,1.847457627118644,0.847457627118644,1.0,False,False,False
2414,b197527310b89702b1196a8b3db2dc80,293,Odyssey Sims,odysseysims,DAL,assists,4.5,-112.0,-118.0,10,10,2025-09-04 04:08:39+00:00,2025-09-04 04:08:39+00:00,2025-09-04 04:08:39+00:00,2025-09-05 23:30:00+00:00,0.0,2025-09-05,2025,REG,IND,CHI,1.0695862904621776,True,,0.49327872882454105,401736380,2529047,5,19,1,True,False,matched,4.0,2025-09-05,under,0.23110492902414947,1.847457627118644,0.847457627118644,1.0,False,False,False
2414,92d5ca726bdce757c0337c1cf23f210b,30,Kamilla Cardoso,kamillacardoso,CHI,rebounds,9.5,-114.0,-114.0,10,10,2025-09-04 04:19:47+00:00,2025-09-04 04:19:47+00:00,2025-09-04 04:19:47+00:00,2025-09-05 23:30:00+00:00,0.0,2025-09-05,2025,REG,IND,CHI,1.0654205607476634,True,,0.5000000000000001,401736380,4433405,19,5,0,True,False,matched,9.0,2025-09-05,under,0.1485439568180979,1.8771929824561404,0.8771929824561404,1.0,False,False,False
2415,25ab946cd57cfa06f5143c034f108652,570,Dominique Malonga,dominiquemalonga,SEA,points,11.5,-110.0,-118.0,10,10,2025-09-04 04:30:55+00:00,2025-09-04 04:30:55+00:00,2025-09-04 04:30:55+00:00,2025-09-06 02:00:00+00:00,0.0,2025-09-05,2025,REG,SEA,NYL,1.0650939274792486,True,,0.4909754767731684,401736381,5220150,14,9,1,True,False,matched,8.0,2025-09-05,under,0.16340331531950097,1.847457627118644,0.847457627118644,1.0,False,False,False
2415,274da46ca6017c44125bb59980c8b22b,180,Nneka Ogwumike,nnekaogwumike,LAS,rebounds,6.5,-128.0,-104.0,10,10,2025-09-04 04:30:55+00:00,2025-09-04 04:30:55+00:00,2025-09-04 04:30:55+00:00,2025-09-06 02:00:00+00:00,0.0,2025-09-05,2025,REG,SEA,NYL,1.0712074303405572,True,,0.5267388899028808,401736381,1068,14,9,1,True,False,matched,9.0,2025-09-05,under,0.16231781005195656,1.9615384615384617,-1.0,1.0,False,False,False
2411,44da40aadee9cf237282703d389cfa68,280,Kaila Charles,kailacharles,GSV,points,9.5,104.0,-135.0,10,10,2025-09-04 15:46:01+00:00,2025-09-04 15:46:01+00:00,2025-09-04 15:46:01+00:00,2025-09-05 02:00:00+00:00,0.0,2025-09-04,2025,REG,GSV,DAL,1.0646641635377556,True,,0.45648742045938223,401736377,4065780,129689,3,1,True,False,matched,0.0,2025-09-04,under,0.19160029116590632,1.7407407407407407,0.7407407407407407,1.0,False,False,False
2411,fe3272c3cb7cdfe71baa6a1d9aee7a90,13,Iliana Rupert,ilianarupert,GSV,rebounds,4.5,108.0,-144.0,10,10,2025-09-04 22:29:59+00:00,2025-09-04 22:29:59+00:00,2025-09-04 22:29:59+00:00,2025-09-05 02:00:00+00:00,0.0,2025-09-04,2025,REG,GSV,DAL,1.0709331651954601,True,,0.4433154794603006,401736377,4790263,129689,3,1,True,False,matched,1.0,2025-09-04,under,0.15600228935311533,1.6944444444444444,0.6944444444444444,1.0,False,False,False
2411,885a95d488b7bf8d78f2eafb3863095d,193,Myisha Hines-Allen,myishahinesallen,IND,points,9.5,110.0,-143.0,60,60,2025-09-05 01:04:21+00:00,2025-09-05 01:04:21+00:00,2025-09-05 01:04:21+00:00,2025-09-05 02:00:00+00:00,0.0,2025-09-04,2025,REG,GSV,DAL,1.0646678424456204,True,,0.4420195959048457,401736377,3142055,3,129689,0,True,False,matched,12.0,2025-09-04,under,0.217532497184867,1.6993006993006992,-1.0,1.0,False,False,False
2413,3608221114ee6a68fb715a86ca489058,2,Jordin Canada,jordincanada,ATL,rebounds,3.5,-114.0,-114.0,10,10,2025-09-05 05:14:04+00:00,2025-09-05 05:14:04+00:00,2025-09-05 05:14:04+00:00,2025-09-05 23:30:00+00:00,0.0,2025-09-05,2025,REG,ATL,LAS,1.0654205607476634,True,,0.5000000000000001,401736379,3142250,20,6,1,True,False,matched,3.0,2025-09-05,under,0.18283466850500035,1.8771929824561404,0.8771929824561404,1.0,False,False,False
2417,be60792574df10d3b7fcffe7144eb871,55,Veronica Burton,veronicaburton,GSV,points,13.5,-120.0,-108.0,10,10,2025-09-05 05:56:29+00:00,2025-09-05 05:56:29+00:00,2025-09-05 05:56:29+00:00,2025-09-07 00:30:00+00:00,0.0,2025-09-06,2025,REG,GSV,MIN,1.0646853146853146,True,,0.5135396953663074,401736383,4398935,129689,8,1,True,False,matched,14.0,2025-09-06,under,0.2521202820076132,1.925925925925926,-1.0,1.0,False,False,False
2417,b425dd1c869008126f97c8527a61c9a4,537,Janelle Salaun,janellesalaun,GSV,rebounds,4.5,-162.0,122.0,10,10,2025-09-05 05:56:29+00:00,2025-09-05 05:56:29+00:00,2025-09-05 05:56:29+00:00,2025-09-07 00:30:00+00:00,0.0,2025-09-06,2025,REG,GSV,MIN,1.0687710611374732,True,,0.5868918088955871,401736383,4790264,129689,8,1,True,False,matched,8.0,2025-09-06,under,0.1758251615507067,2.2199999999999998,-1.0,1.0,False,False,False
2417,dcedae225400901cc65c3affae9db079,117,Courtney Williams,courtneywilliams,MIN,points,14.5,100.0,-130.0,10,10,2025-09-05 05:56:30+00:00,2025-09-05 05:56:30+00:00,2025-09-05 05:56:30+00:00,2025-09-07 00:30:00+00:00,0.0,2025-09-06,2025,REG,GSV,MIN,1.065217391304348,True,,0.4663164946059025,401736383,2987891,8,129689,0,True,False,matched,14.0,2025-09-06,under,0.19533057049981073,1.7692307692307692,0.7692307692307692,1.0,False,False,False
2417,dc17935ef6ff9716d08c9757874fb77a,112,Napheesa Collier,napheesacollier,MIN,rebounds,7.5,-118.0,-112.0,10,10,2025-09-05 05:56:30+00:00,2025-09-05 05:56:30+00:00,2025-09-05 05:56:30+00:00,2025-09-07 00:30:00+00:00,0.0,2025-09-06,2025,REG,GSV,MIN,1.0695862904621776,True,,0.5067212711754592,401736383,3917450,8,129689,0,True,False,matched,5.0,2025-09-06,under,0.18174991006150654,1.8928571428571428,0.8928571428571428,1.0,False,False,False
2416,5306def403ce768caca79ee9d6a0eb65,39,Leila Lacan,leilalacan,CON,assists,4.5,-115.0,-115.0,24,24,2025-09-05 12:17:22+00:00,2025-09-05 12:17:22+00:00,2025-09-05 12:17:22+00:00,2025-09-06 17:00:00+00:00,0.0,2025-09-06,2025,REG,CON,PHX,1.0697674418604652,True,,0.5,401736382,5208981,18,11,1,True,False,matched,0.0,2025-09-06,under,0.17238187679924039,1.8695652173913042,0.8695652173913042,1.0,False,False,False
2414,955f49981e7790f009d71ffa9a8205cf,33,Elizabeth Williams,elizabethwilliams,CHI,rebounds,7.5,104.0,-138.0,10,10,2025-09-05 12:43:06+00:00,2025-09-05 12:43:06+00:00,2025-09-05 12:43:06+00:00,2025-09-05 23:30:00+00:00,0.0,2025-09-05,2025,REG,IND,CHI,1.0700280112044818,True,,0.4535791638529251,401736380,2566081,19,5,0,True,False,matched,11.0,2025-09-05,under,0.45287438494720966,1.7246376811594204,-1.0,1.0,False,False,False
2416,aa87d592434713a17f599436fdc0ac8a,22,Marina Mabrey,marinamabrey,TOR,points,14.5,-118.0,-110.0,10,10,2025-09-05 17:19:08+00:00,2025-09-05 17:19:08+00:00,2025-09-05 17:19:08+00:00,2025-09-06 17:00:00+00:00,0.0,2025-09-06,2025,REG,CON,PHX,1.0650939274792486,True,,0.5090245232268319,401736382,3904576,18,11,1,True,False,matched,23.0,2025-09-06,under,0.25429202132372103,1.9090909090909092,-1.0,1.0,False,False,False
2416,43a7b3cffb121ca3d88f2fcf80ec30ed,9,Tina Charles,tinacharles,FA,points,17.5,-104.0,-125.0,10,10,2025-09-05 17:19:08+00:00,2025-09-05 17:19:08+00:00,2025-09-05 17:19:08+00:00,2025-09-06 17:00:00+00:00,0.0,2025-09-06,2025,REG,CON,PHX,1.065359477124183,True,,0.4763687479911608,401736382,918,18,11,1,True,False,matched,22.0,2025-09-06,under,0.1072548000304896,1.8,-1.0,1.0,False,False,False
2419,a58c566dc284da7804176a42113749e4,101,Kelsey Plum,kelseyplum,LAS,threes,2.5,-105.0,-125.0,24,24,2025-09-06 10:17:43+00:00,2025-09-06 10:17:43+00:00,2025-09-06 10:17:43+00:00,2025-09-07 22:00:00+00:00,0.0,2025-09-07,2025,REG,LAS,DAL,1.067750677506775,True,,0.47757418034290006,401736385,3065570,6,3,1,True,False,matched,2.0,2025-09-07,under,0.172430792399342,1.8,0.8,1.0,False,False,False
2420,2ed5484ababe5edd19fa20d068d236ad,103,A'ja Wilson,ajawilson,LVA,assists,2.5,-140.0,110.0,24,24,2025-09-06 10:38:31+00:00,2025-09-06 10:38:31+00:00,2025-09-06 10:38:31+00:00,2025-09-08 01:00:00+00:00,0.0,2025-09-07,2025,REG,LVA,CHI,1.0595238095238093,True,,0.555167954788897,401736386,3149391,17,19,1,True,False,matched,2.0,2025-09-07,under,0.1496071994334554,2.1,1.1,1.0,False,False,False
2420,6399ad9bc799f09678c58f285cb13a04,30,Kamilla Cardoso,kamillacardoso,CHI,assists,3.5,120.0,-150.0,24,24,2025-09-06 10:38:31+00:00,2025-09-06 10:38:31+00:00,2025-09-06 10:38:31+00:00,2025-09-08 01:00:00+00:00,0.0,2025-09-07,2025,REG,LVA,CHI,1.0545454545454547,True,,0.4253013906678685,401736386,4433405,19,17,0,True,False,matched,3.0,2025-09-07,under,0.11343888917938105,1.6666666666666665,0.6666666666666665,1.0,False,False,False
2419,824d3b96964db56a327b1d6af55d4e5e,61,Maddy Siegrist,maddysiegrist,DAL,points,15.5,100.0,-130.0,12,12,2025-09-06 11:05:41+00:00,2025-09-06 11:05:41+00:00,2025-09-06 11:05:41+00:00,2025-09-07 22:00:00+00:00,0.0,2025-09-07,2025,REG,LAS,DAL,1.065217391304348,True,,0.4663164946059025,401736385,4399415,3,6,0,True,False,matched,13.0,2025-09-07,under,0.1287209974430275,1.7692307692307692,0.7692307692307692,1.0,False,False,False
2417,3514b64629e2a9740fc04466e93cef6e,115,Natisha Hiedeman,natishahiedeman,SEA,threes,1.5,-115.0,-115.0,13,13,2025-09-06 15:39:54+00:00,2025-09-06 15:39:54+00:00,2025-09-06 15:39:54+00:00,2025-09-07 00:30:00+00:00,0.0,2025-09-06,2025,REG,GSV,MIN,1.0697674418604652,True,,0.5,401736383,3906753,8,129689,0,True,False,matched,6.0,2025-09-06,under,0.34247538338445216,1.8695652173913042,-1.0,1.0,False,False,False
2418,2ce5ba05ca37e1b1af1bdbf085729a85,293,Odyssey Sims,odysseysims,DAL,points,10.5,102.0,-132.0,10,10,2025-09-06 16:11:33+00:00,2025-09-06 16:11:33+00:00,2025-09-06 16:11:33+00:00,2025-09-07 19:00:00+00:00,0.0,2025-09-07,2025,REG,WAS,IND,1.0640150221918745,True,,0.4618487426836327,401736384,2529047,5,16,0,True,False,matched,6.0,2025-09-07,under,0.12019437385346521,1.7575757575757576,0.7575757575757576,1.0,False,False,False
2420,bcdde0318a9b9cd8117161b2d141ff84,185,Ariel Atkins,arielatkins,LAS,points,12.5,-110.0,-118.0,10,10,2025-09-06 16:11:35+00:00,2025-09-06 16:11:35+00:00,2025-09-06 16:11:35+00:00,2025-09-08 01:00:00+00:00,0.0,2025-09-07,2025,REG,LVA,CHI,1.0650939274792486,True,,0.4909754767731684,401736386,3146151,19,17,0,True,True,did_not_play,,2025-09-07,under,0.12649642813133233,1.847457627118644,0.0,0.0,False,True,False
2417,1c40b742dcad10739c74cdb285439155,13,Iliana Rupert,ilianarupert,GSV,points,9.5,-110.0,-120.0,13,13,2025-09-06 18:25:11+00:00,2025-09-06 18:25:11+00:00,2025-09-06 18:25:11+00:00,2025-09-07 00:30:00+00:00,0.0,2025-09-06,2025,REG,GSV,MIN,1.0692640692640691,True,,0.4887959885212434,401736383,4790263,129689,8,1,True,False,matched,15.0,2025-09-06,under,0.21560050790549395,1.8333333333333335,-1.0,1.0,False,False,False
2417,2f59b61b6d531815cdc06279c3a4bbb0,116,Jessica Shepard,jessicashepard,DAL,rebounds,8.5,-122.0,-108.0,10,10,2025-09-06 21:05:22+00:00,2025-09-06 21:05:22+00:00,2025-09-06 21:05:22+00:00,2025-09-07 00:30:00+00:00,0.0,2025-09-06,2025,REG,GSV,MIN,1.0687803187803186,True,,0.5156895960912058,401736383,3906949,8,129689,0,True,False,matched,13.0,2025-09-06,under,0.49521491164406206,1.925925925925926,-1.0,1.0,False,False,False
2421,c29be3314e08ea40631b837096f4e0c7,22,Marina Mabrey,marinamabrey,TOR,threes,1.5,-146.0,110.0,10,10,2025-09-07 04:50:06+00:00,2025-09-07 04:50:06+00:00,2025-09-07 04:50:06+00:00,2025-09-08 23:30:00+00:00,0.0,2025-09-08,2025,REG,ATL,CON,1.0696864111498257,True,,0.5607420039050215,401736387,3904576,18,20,0,True,False,matched,1.0,2025-09-08,under,0.150528097570856,2.1,1.1,1.0,False,False,False
2419,4818343952fbfac186049ad3c1571a6a,10,Haley Jones,haleyjones,DAL,rebounds,4.5,-125.0,-106.0,10,10,2025-09-07 07:37:08+00:00,2025-09-07 07:37:08+00:00,2025-09-07 07:37:08+00:00,2025-09-07 22:00:00+00:00,0.0,2025-09-07,2025,REG,LAS,DAL,1.070118662351672,True,,0.5212291071384377,401736385,4595910,3,6,0,True,False,matched,6.0,2025-09-07,under,0.2783690363275088,1.9433962264150944,-1.0,1.0,False,False,False
2418,3498f703c4b6b3c7f06de2fe7e6ec00a,76,Lexie Hull,lexiehull,IND,points,9.5,120.0,-150.0,13,13,2025-09-07 13:24:38+00:00,2025-09-07 13:24:38+00:00,2025-09-07 13:24:38+00:00,2025-09-07 19:00:00+00:00,0.0,2025-09-07,2025,REG,WAS,IND,1.0545454545454547,True,,0.4253013906678685,401736384,4398829,5,16,0,True,False,matched,7.0,2025-09-07,under,0.14121050182060163,1.6666666666666665,0.6666666666666665,1.0,False,False,False
2418,be9347d6e3ce07a7b39eeda7bfd08835,573,Sonia Citron,soniacitron,WAS,assists,3.5,170.0,-220.0,19,19,2025-09-07 15:47:22+00:00,2025-09-07 15:47:22+00:00,2025-09-07 15:47:22+00:00,2025-09-07 19:00:00+00:00,0.0,2025-09-07,2025,REG,WAS,IND,1.0578703703703702,True,,0.3367459114849704,401736384,4433524,16,5,1,True,False,matched,0.0,2025-09-07,under,0.14223669571009398,1.4545454545454546,0.4545454545454546,1.0,False,False,False
2421,dfca21043efa508795a9dad6ef52c20b,519,Aneesah Morrow,aneesahmorrow,CON,rebounds,7.5,-130.0,-102.0,10,10,2025-09-07 16:30:50+00:00,2025-09-07 16:30:50+00:00,2025-09-07 16:30:50+00:00,2025-09-08 23:30:00+00:00,0.0,2025-09-08,2025,REG,ATL,CON,1.0701678863538528,True,,0.5312123494364493,401736387,4684384,18,20,0,True,False,matched,14.0,2025-09-08,under,0.1140373525489301,1.9803921568627452,-1.0,1.0,False,False,False
2421,633eb7ba04c35a17377f36f067bbf6ba,2,Jordin Canada,jordincanada,ATL,rebounds,3.5,-152.0,114.0,10,10,2025-09-07 16:30:51+00:00,2025-09-07 16:30:51+00:00,2025-09-07 16:30:51+00:00,2025-09-08 23:30:00+00:00,0.0,2025-09-08,2025,REG,ATL,CON,1.0704643228007713,True,,0.5703965275254933,401736387,3142250,20,18,1,True,False,matched,4.0,2025-09-08,under,0.367182512013118,2.1399999999999997,-1.0,1.0,False,False,False
2421,8ea3a0376bdf5f51dc4906db4edc3663,16,Naz Hillmon,nazhillmon,ATL,points,10.5,100.0,-130.0,10,10,2025-09-07 16:30:51+00:00,2025-09-07 16:30:51+00:00,2025-09-07 16:30:51+00:00,2025-09-08 23:30:00+00:00,0.0,2025-09-08,2025,REG,ATL,CON,1.065217391304348,True,,0.4663164946059025,401736387,4398915,20,18,1,True,False,matched,14.0,2025-09-08,under,0.14349722147473065,1.7692307692307692,-1.0,1.0,False,False,False
2422,dc3cd002c3dee730172a41ca309a1086,573,Sonia Citron,soniacitron,WAS,threes,1.5,138.0,-186.0,10,10,2025-09-07 23:50:45+00:00,2025-09-07 23:50:45+00:00,2025-09-07 23:50:45+00:00,2025-09-09 23:00:00+00:00,0.0,2025-09-09,2025,REG,NYL,WAS,1.070517717576541,True,,0.3807086475713989,401736388,4433524,16,9,0,True,False,matched,3.0,2025-09-09,over,0.22308317667437222,2.38,1.38,1.0,False,False,False
2422,2b31c1a5d4229b5c07edfa77c140b96e,141,Jonquel Jones,jonqueljones,NYL,rebounds,7.5,-125.0,-106.0,10,10,2025-09-07 23:50:45+00:00,2025-09-07 23:50:45+00:00,2025-09-07 23:50:45+00:00,2025-09-09 23:00:00+00:00,0.0,2025-09-09,2025,REG,NYL,WAS,1.070118662351672,True,,0.5212291071384377,401736388,2999101,9,16,1,True,False,matched,11.0,2025-09-09,under,0.15343070768038108,1.9433962264150944,-1.0,1.0,False,False,False
2423,7efc7cefe13789e5573d62c3552ef7c9,76,Lexie Hull,lexiehull,IND,threes,1.5,-130.0,-102.0,10,10,2025-09-08 00:36:37+00:00,2025-09-08 00:36:37+00:00,2025-09-08 00:36:37+00:00,2025-09-09 23:30:00+00:00,0.0,2025-09-09,2025,REG,IND,MIN,1.0701678863538528,True,,0.5312123494364493,401736389,4398829,5,8,1,True,False,matched,0.0,2025-09-09,under,0.18392941822018039,1.9803921568627452,0.9803921568627452,1.0,False,False,False
2423,11f0182e44eb3b3e0d31d0c43d856dd6,71,Aliyah Boston,aliyahboston,IND,points,14.5,-114.0,-114.0,10,10,2025-09-08 00:36:37+00:00,2025-09-08 00:36:37+00:00,2025-09-08 00:36:37+00:00,2025-09-09 23:30:00+00:00,0.0,2025-09-09,2025,REG,IND,MIN,1.0654205607476634,True,,0.5000000000000001,401736389,4432831,5,8,1,True,False,matched,12.0,2025-09-09,under,0.14055549528559008,1.8771929824561404,0.8771929824561404,1.0,False,False,False
2423,d278d64b1eec232f71506466b77b492b,293,Odyssey Sims,odysseysims,DAL,points,9.5,-120.0,-108.0,10,10,2025-09-08 00:36:37+00:00,2025-09-08 00:36:37+00:00,2025-09-08 00:36:37+00:00,2025-09-09 23:30:00+00:00,0.0,2025-09-09,2025,REG,IND,MIN,1.0646853146853146,True,,0.5135396953663074,401736389,2529047,5,8,1,True,False,matched,15.0,2025-09-09,under,0.11541144237709133,1.925925925925926,-1.0,1.0,False,False,False
2424,9808fbb63014df79df4c3b58fd0e35b5,54,Satou Sabally,satousabally,NYL,threes,1.5,128.0,-172.0,10,10,2025-09-08 01:33:04+00:00,2025-09-08 01:33:04+00:00,2025-09-08 01:33:04+00:00,2025-09-10 02:00:00+00:00,0.0,2025-09-09,2025,REG,PHX,LAS,1.0709494324045408,True,,0.39957653069922067,401736391,4281929,11,6,1,True,False,matched,4.0,2025-09-09,over,0.1333981168767332,2.2800000000000002,1.2800000000000002,1.0,False,False,False
2424,5bd2f599378d4e7ac7faf6190d38d1c7,40,Alyssa Thomas,alyssathomas,PHO,points,14.5,-130.0,100.0,10,10,2025-09-08 01:33:05+00:00,2025-09-08 01:33:05+00:00,2025-09-08 01:33:05+00:00,2025-09-10 02:00:00+00:00,0.0,2025-09-09,2025,REG,PHX,LAS,1.065217391304348,True,,0.5336835053940976,401736391,2529140,11,6,1,True,False,matched,10.0,2025-09-09,under,0.16072712369840542,2.0,1.0,1.0,False,False,False
2426,a18f6a034617860c6b2df481bb092126,182,Brittney Sykes,brittneysykes,TOR,points,10.5,-130.0,100.0,10,10,2025-09-08 02:28:24+00:00,2025-09-08 02:28:24+00:00,2025-09-08 02:28:24+00:00,2025-09-10 02:00:00+00:00,0.0,2025-09-09,2025,REG,SEA,GSV,1.065217391304348,True,,0.5336835053940976,401736392,2988756,14,129689,1,True,False,matched,14.0,2025-09-09,under,0.1345297789908057,2.0,-1.0,1.0,False,False,False
2426,0879ac151e1dd24d68e3e1247ed47cf1,55,Veronica Burton,veronicaburton,GSV,points,12.5,-118.0,-110.0,10,10,2025-09-08 02:28:24+00:00,2025-09-08 02:28:24+00:00,2025-09-08 02:28:24+00:00,2025-09-10 02:00:00+00:00,0.0,2025-09-09,2025,REG,SEA,GSV,1.0650939274792486,True,,0.5090245232268319,401736392,4398935,129689,14,0,True,False,matched,14.0,2025-09-09,under,0.13245314177702006,1.9090909090909092,-1.0,1.0,False,False,False
2426,d42e9310d4d6fe8410c7f74d0b5c4369,537,Janelle Salaun,janellesalaun,GSV,threes,1.5,100.0,-132.0,10,10,2025-09-08 02:28:24+00:00,2025-09-08 02:28:24+00:00,2025-09-08 02:28:24+00:00,2025-09-10 02:00:00+00:00,0.0,2025-09-09,2025,REG,SEA,GSV,1.0689655172413794,True,,0.46430627616618364,401736392,4790264,129689,14,0,True,False,matched,5.0,2025-09-09,over,0.1307070563939608,2.0,1.0,1.0,False,False,False
2425,a9e4a4b12937838455ff78806bb3b575,30,Kamilla Cardoso,kamillacardoso,CHI,rebounds,9.5,-118.0,-112.0,10,10,2025-09-08 04:26:19+00:00,2025-09-08 04:26:19+00:00,2025-09-08 04:26:19+00:00,2025-09-10 02:00:00+00:00,0.0,2025-09-09,2025,REG,LVA,CHI,1.0695862904621776,True,,0.5067212711754592,401736390,4433405,19,17,0,True,False,matched,13.0,2025-09-09,under,0.2363295981998509,1.8928571428571428,-1.0,1.0,False,False,False
2424,f736b9f0835e1a3eb8032f9550068bf0,101,Kelsey Plum,kelseyplum,LAS,assists,5.5,-115.0,-115.0,24,24,2025-09-08 13:15:53+00:00,2025-09-08 13:15:53+00:00,2025-09-08 13:15:53+00:00,2025-09-10 02:00:00+00:00,0.0,2025-09-09,2025,REG,PHX,LAS,1.0697674418604652,True,,0.5,401736391,3065570,6,11,0,True,False,matched,5.0,2025-09-09,under,0.20847114932374305,1.8695652173913042,0.8695652173913042,1.0,False,False,False
2424,e25a5e4710d1a6befa495c4578b2efe4,94,Rickea Jackson,rickeajackson,CHI,threes,1.5,-180.0,145.0,24,24,2025-09-08 13:15:53+00:00,2025-09-08 13:15:53+00:00,2025-09-08 13:15:53+00:00,2025-09-10 02:00:00+00:00,0.0,2025-09-09,2025,REG,PHX,LAS,1.0510204081632653,True,,0.6203266093860251,401736391,4433630,6,11,0,True,False,matched,1.0,2025-09-09,under,0.17367304414145468,2.45,1.4500000000000002,1.0,False,False,False
2424,50439ed5e09deabfb46a2917f1126fa4,82,Azura Stevens,azurastevens,CHI,threes,1.5,190.0,-240.0,24,24,2025-09-08 13:15:53+00:00,2025-09-08 13:15:53+00:00,2025-09-08 13:15:53+00:00,2025-09-10 02:00:00+00:00,0.0,2025-09-09,2025,REG,PHX,LAS,1.050709939148073,True,,0.31482669350282655,401736391,3142010,6,11,0,True,False,matched,1.0,2025-09-09,over,0.1541371046430735,2.9,-1.0,1.0,False,False,False
2421,9470d11fafd340d9b75545c105e745d4,1,Allisha Gray,allishagray,ATL,rebounds,3.5,100.0,-132.0,10,10,2025-09-08 16:49:43+00:00,2025-09-08 16:49:43+00:00,2025-09-08 16:49:43+00:00,2025-09-08 23:30:00+00:00,0.0,2025-09-08,2025,REG,ATL,CON,1.0689655172413794,True,,0.46430627616618364,401736387,3058901,20,18,1,True,False,matched,6.0,2025-09-08,over,0.3528508819562212,2.0,1.0,1.0,False,False,False
2423,3cb32fe1f04c6bdbc528431d5fb0b938,112,Napheesa Collier,napheesacollier,MIN,rebounds,7.5,-140.0,100.0,33,33,2025-09-08 17:46:56+00:00,2025-09-08 17:46:56+00:00,2025-09-08 17:46:56+00:00,2025-09-09 23:30:00+00:00,0.0,2025-09-09,2025,REG,IND,MIN,1.0833333333333333,True,,0.5434863681281015,401736389,3917450,8,5,0,True,True,did_not_play,,2025-09-09,under,0.24950673452044625,2.0,0.0,0.0,False,True,False
2424,a119165881db81b377a2d77dc4d260fa,89,Dearica Hamby,dearicahamby,LAS,rebounds,7.5,-148.0,112.0,10,10,2025-09-08 20:52:39+00:00,2025-09-08 20:52:39+00:00,2025-09-08 20:52:39+00:00,2025-09-10 02:00:00+00:00,0.0,2025-09-09,2025,REG,PHX,LAS,1.0684723067559343,True,,0.5647227530167998,401736391,2566106,6,11,0,True,False,matched,9.0,2025-09-09,under,0.11013450386613077,2.12,-1.0,1.0,False,False,False
2423,930b5a8cf8ee428e42743689c2501e82,117,Courtney Williams,courtneywilliams,MIN,points,14.5,-130.0,100.0,13,13,2025-09-09 00:38:21+00:00,2025-09-09 00:38:21+00:00,2025-09-09 00:38:21+00:00,2025-09-09 23:30:00+00:00,0.0,2025-09-09,2025,REG,IND,MIN,1.065217391304348,True,,0.5336835053940976,401736389,2987891,8,5,0,True,False,matched,8.0,2025-09-09,under,0.24820936757905937,2.0,1.0,1.0,False,False,False
2426,db9ec3ac5ffa57cca48f282116b27343,13,Iliana Rupert,ilianarupert,GSV,points,10.5,-102.0,-128.0,10,10,2025-09-09 00:56:38+00:00,2025-09-09 00:56:38+00:00,2025-09-09 00:56:38+00:00,2025-09-10 02:00:00+00:00,0.0,2025-09-09,2025,REG,SEA,GSV,1.0663540038214347,True,,0.47082505196940394,401736392,4790263,129689,14,0,True,False,matched,6.0,2025-09-09,under,0.2071267032725293,1.78125,0.78125,1.0,False,False,False
2426,5186e486ba81ac39b78025b1fbe0a798,280,Kaila Charles,kailacharles,GSV,points,9.5,-110.0,-130.0,33,33,2025-09-09 02:25:16+00:00,2025-09-09 02:25:16+00:00,2025-09-09 02:25:16+00:00,2025-09-10 02:00:00+00:00,0.0,2025-09-09,2025,REG,SEA,GSV,1.0890269151138718,True,,0.47832076753442404,401736392,4065780,129689,14,0,True,False,matched,12.0,2025-09-09,under,0.2962494280166666,1.7692307692307692,-1.0,1.0,False,False,False
2423,970b2294313595e8b345f633ecb915cd,125,Kayla McBride,kaylamcbride,MIN,rebounds,2.5,-165.0,120.0,49,49,2025-09-09 09:16:30+00:00,2025-09-09 09:16:30+00:00,2025-09-09 09:16:30+00:00,2025-09-09 23:30:00+00:00,0.0,2025-09-09,2025,REG,IND,MIN,1.077186963979417,True,,0.5874272698833228,401736389,2529205,8,5,0,True,False,matched,0.0,2025-09-09,under,0.42079325229678965,2.2,1.2000000000000002,1.0,False,False,False
2427,7fb6195494f6af2729acd1f440c7573d,22,Marina Mabrey,marinamabrey,TOR,threes,1.5,-140.0,110.0,24,24,2025-09-09 10:22:44+00:00,2025-09-09 10:22:44+00:00,2025-09-09 10:22:44+00:00,2025-09-10 23:00:00+00:00,0.0,2025-09-10,2025,REG,CON,ATL,1.0595238095238093,True,,0.555167954788897,401736393,3904576,18,20,1,True,False,matched,2.0,2025-09-10,under,0.1802716036743624,2.1,-1.0,1.0,False,False,False
2427,e588009142dc8cec04e857c35a432c3c,2,Jordin Canada,jordincanada,ATL,assists,6.5,-105.0,-125.0,24,24,2025-09-09 10:22:44+00:00,2025-09-09 10:22:44+00:00,2025-09-09 10:22:44+00:00,2025-09-10 23:00:00+00:00,0.0,2025-09-10,2025,REG,CON,ATL,1.067750677506775,True,,0.47757418034290006,401736393,3142250,20,18,0,True,False,matched,4.0,2025-09-10,under,0.12137468773581844,1.8,0.8,1.0,False,False,False
2426,8c3aef4c6494f9261424336efba3e3a3,570,Dominique Malonga,dominiquemalonga,SEA,rebounds,5.5,-139.0,104.0,60,60,2025-09-09 11:04:09+00:00,2025-09-09 11:04:09+00:00,2025-09-09 11:04:09+00:00,2025-09-10 02:00:00+00:00,0.0,2025-09-09,2025,REG,SEA,GSV,1.0717860365903684,True,,0.5473782698715587,401736392,5220150,14,129689,1,True,False,matched,7.0,2025-09-09,under,0.11400615330690195,2.04,-1.0,1.0,False,False,False
2427,14164ee0d83068858349a028012aca41,16,Naz Hillmon,nazhillmon,ATL,points,9.5,-123.0,-106.0,60,60,2025-09-09 12:07:19+00:00,2025-09-09 12:07:19+00:00,2025-09-09 12:07:19+00:00,2025-09-10 23:00:00+00:00,0.0,2025-09-10,2025,REG,CON,ATL,1.066132613522574,True,,0.5191222890950726,401736393,4398915,20,18,0,True,False,matched,7.0,2025-09-10,under,0.13429418020785938,1.9433962264150944,0.9433962264150944,1.0,False,False,False
2423,a9d3c846063188b28dc92dd9a51d9e1a,116,Jessica Shepard,jessicashepard,DAL,points,14.5,-110.0,-120.0,13,13,2025-09-09 12:09:43+00:00,2025-09-09 12:09:43+00:00,2025-09-09 12:09:43+00:00,2025-09-09 23:30:00+00:00,0.0,2025-09-09,2025,REG,IND,MIN,1.0692640692640691,True,,0.4887959885212434,401736389,3906949,8,5,0,True,False,matched,16.0,2025-09-09,under,0.6268697411886744,1.8333333333333335,-1.0,1.0,False,False,False
2427,953e0f37978c15313e67751c311dea1d,1,Allisha Gray,allishagray,ATL,rebounds,3.5,-140.0,110.0,13,13,2025-09-10 14:10:40+00:00,2025-09-10 14:10:40+00:00,2025-09-10 14:10:40+00:00,2025-09-10 23:00:00+00:00,0.0,2025-09-10,2025,REG,CON,ATL,1.0595238095238093,True,,0.555167954788897,401736393,3058901,20,18,0,True,False,matched,2.0,2025-09-10,over,0.1426220205025966,1.7142857142857144,-1.0,1.0,False,False,False
2427,7bf5c717f59a47f354063121c39cc578,519,Aneesah Morrow,aneesahmorrow,CON,rebounds,9.5,115.0,-145.0,13,13,2025-09-10 15:27:43+00:00,2025-09-10 15:27:43+00:00,2025-09-10 15:27:43+00:00,2025-09-10 23:00:00+00:00,0.0,2025-09-10,2025,REG,CON,ATL,1.056953013763645,True,,0.4348401999529958,401736393,4684384,18,20,1,True,False,matched,10.0,2025-09-10,under,0.12561600370639325,1.6896551724137931,-1.0,1.0,False,False,False
2427,7d41d9aff77112fcd2d38122c5afed1b,518,Saniya Rivers,saniyarivers,CON,points,11.5,-137.0,-123.0,60,60,2025-09-10 20:07:27+00:00,2025-09-10 20:07:27+00:00,2025-09-10 20:07:27+00:00,2025-09-10 23:00:00+00:00,0.0,2025-09-10,2025,REG,CON,ATL,1.1296285784564153,True,,0.5142268617549557,401736393,4433514,18,20,1,True,False,matched,16.0,2025-09-10,under,0.2743062227588839,1.8130081300813008,-1.0,1.0,False,False,False
2428,d3226f85a28f036f47dd01bc82d120c4,55,Veronica Burton,veronicaburton,GSV,points,12.5,-115.0,-116.0,13,13,2025-09-11 06:56:26+00:00,2025-09-11 06:56:26+00:00,2025-09-11 06:56:26+00:00,2025-09-12 00:00:00+00:00,0.0,2025-09-11,2025,REG,MIN,GSV,1.0719207579672698,True,,0.4988837324457281,401736396,4398935,129689,8,0,True,False,matched,8.0,2025-09-11,under,0.12172009668730815,1.8620689655172413,0.8620689655172413,1.0,False,False,False
2428,06d0581b8cff7ccc59e2d46c5009ecde,112,Napheesa Collier,napheesacollier,MIN,threes,1.5,-127.0,-106.0,13,13,2025-09-11 08:16:19+00:00,2025-09-11 08:16:19+00:00,2025-09-11 08:16:19+00:00,2025-09-12 00:00:00+00:00,0.0,2025-09-11,2025,REG,MIN,GSV,1.074034472434883,True,,0.5233084684867052,401736396,3917450,8,129689,1,True,False,matched,3.0,2025-09-11,under,0.13314948238692964,1.9433962264150944,-1.0,1.0,False,False,False
2428,c706de508334d4cf0263bcde1f75a76a,280,Kaila Charles,kailacharles,GSV,rebounds,5.5,-137.0,100.0,13,13,2025-09-11 10:10:08+00:00,2025-09-11 10:10:08+00:00,2025-09-11 10:10:08+00:00,2025-09-12 00:00:00+00:00,0.0,2025-09-11,2025,REG,MIN,GSV,1.0780590717299579,True,,0.5406094161837047,401736396,4065780,129689,8,0,True,False,matched,7.0,2025-09-11,under,0.27592474237611697,2.0,-1.0,1.0,False,False,False
2431,1efcde7dbfc646ad7003152048406a43,107,Chelsea Gray,chelseagray,LVA,points,9.5,-169.0,125.0,13,13,2025-09-11 22:33:42+00:00,2025-09-11 22:33:42+00:00,2025-09-11 22:33:42+00:00,2025-09-12 02:00:00+00:00,0.0,2025-09-11,2025,REG,LAS,LVA,1.0726972325485336,True,,0.5953587091432891,401736397,2529122,17,6,0,True,False,matched,15.0,2025-09-11,under,0.10164164298117473,2.25,-1.0,1.0,False,False,False
2448,c80f63ed8ea95ff0fe031ae38c69ce95,112,Napheesa Collier,napheesacollier,MIN,rebounds,6.5,-154.0,116.0,10,10,2025-09-12 04:30:40+00:00,2025-09-12 04:30:40+00:00,2025-09-12 04:30:40+00:00,2025-09-14 17:00:00+00:00,0.0,2025-09-14,2025,PST,MIN,GSV,1.0692621755613883,True,,0.574207987656796,401820272,3917450,8,129689,1,True,False,matched,6.0,2025-09-14,under,0.1312868019158402,2.16,1.1600000000000001,1.0,False,False,False
2450,cea8bc9b0dcb08e88ce59b40ea558f80,54,Satou Sabally,satousabally,NYL,rebounds,6.5,100.0,-132.0,10,10,2025-09-12 04:30:41+00:00,2025-09-12 04:30:41+00:00,2025-09-12 04:30:41+00:00,2025-09-14 21:00:00+00:00,0.0,2025-09-14,2025,PST,PHX,NYL,1.0689655172413794,True,,0.46430627616618364,401820314,4281929,11,9,1,True,False,matched,8.0,2025-09-14,under,0.32043477150555366,1.7575757575757576,-1.0,1.0,False,False,False
2450,63b41bf65dea6d10625bf91d5156ed8e,141,Jonquel Jones,jonqueljones,NYL,rebounds,9.5,100.0,-132.0,10,10,2025-09-12 04:30:41+00:00,2025-09-12 04:30:41+00:00,2025-09-12 04:30:41+00:00,2025-09-14 21:00:00+00:00,0.0,2025-09-14,2025,PST,PHX,NYL,1.0689655172413794,True,,0.46430627616618364,401820314,2999101,9,11,0,True,False,matched,12.0,2025-09-14,under,0.30904097250999263,1.7575757575757576,-1.0,1.0,False,False,False
2450,ae322f4d36f1d46eb893130067f5723f,137,Breanna Stewart,breannastewart,NYL,points,18.5,-128.0,-102.0,10,10,2025-09-12 04:30:41+00:00,2025-09-12 04:30:41+00:00,2025-09-12 04:30:41+00:00,2025-09-14 21:00:00+00:00,0.0,2025-09-14,2025,PST,PHX,NYL,1.0663540038214347,True,,0.5291749480305961,401820314,2998928,9,11,0,True,False,matched,18.0,2025-09-14,under,0.30419120837794883,1.9803921568627452,0.9803921568627452,1.0,False,False,False
2450,fea22a5a3665c6c4dc4a36abcb1ff75e,40,Alyssa Thomas,alyssathomas,PHO,points,15.5,-114.0,-114.0,10,10,2025-09-12 04:30:41+00:00,2025-09-12 04:30:41+00:00,2025-09-12 04:30:41+00:00,2025-09-14 21:00:00+00:00,0.0,2025-09-14,2025,PST,PHX,NYL,1.0654205607476634,True,,0.5000000000000001,401820314,2529140,11,9,1,True,False,matched,14.0,2025-09-14,under,0.3038847589044761,1.8771929824561404,0.8771929824561404,1.0,False,False,False
2450,2e9dc0b985275d9f223401ff36d50fd2,132,Sabrina Ionescu,sabrinaionescu,NYL,points,17.5,-120.0,-108.0,10,10,2025-09-12 04:30:41+00:00,2025-09-12 04:30:41+00:00,2025-09-12 04:30:41+00:00,2025-09-14 21:00:00+00:00,0.0,2025-09-14,2025,PST,PHX,NYL,1.0646853146853146,True,,0.5135396953663074,401820314,4066533,9,11,0,True,False,matched,16.0,2025-09-14,under,0.2600766513636089,1.925925925925926,0.925925925925926,1.0,False,False,False
2450,32877675342c5821ff266ce03dc085bb,155,Kahleah Copper,kahleahcopper,PHO,points,17.5,-114.0,-114.0,10,10,2025-09-12 04:30:41+00:00,2025-09-12 04:30:41+00:00,2025-09-12 04:30:41+00:00,2025-09-14 21:00:00+00:00,0.0,2025-09-14,2025,PST,PHX,NYL,1.0654205607476634,True,,0.5000000000000001,401820314,2998938,11,9,1,True,False,matched,15.0,2025-09-14,under,0.23579763792636477,1.8771929824561404,0.8771929824561404,1.0,False,False,False
2451,7fdc7b1aae5ebce804dcc6d15bfd77d6,103,A'ja Wilson,ajawilson,LVA,rebounds,10.5,-146.0,110.0,10,10,2025-09-12 04:42:19+00:00,2025-09-12 04:42:19+00:00,2025-09-12 04:42:19+00:00,2025-09-15 02:00:00+00:00,0.0,2025-09-14,2025,PST,LVA,SEA,1.0696864111498257,True,,0.5607420039050215,401820315,3149391,17,14,1,True,False,matched,8.0,2025-09-14,under,0.24922513838518245,2.1,1.1,1.0,False,False,False
2451,435253eff1799519ff5a760df2483fff,102,Jackie Young,jackieyoung,LVA,points,16.5,-118.0,-110.0,10,10,2025-09-12 05:05:45+00:00,2025-09-12 05:05:45+00:00,2025-09-12 05:05:45+00:00,2025-09-15 02:00:00+00:00,0.0,2025-09-14,2025,PST,LVA,SEA,1.0650939274792486,True,,0.5090245232268319,401820315,4065870,17,14,1,True,False,matched,18.0,2025-09-14,under,0.14385224466582758,1.9090909090909092,-1.0,1.0,False,False,False
2451,47f09b1966fff2b1557eb3a23045bb16,107,Chelsea Gray,chelseagray,LVA,points,11.5,-128.0,-102.0,10,10,2025-09-12 05:17:45+00:00,2025-09-12 05:17:45+00:00,2025-09-12 05:17:45+00:00,2025-09-15 02:00:00+00:00,0.0,2025-09-14,2025,PST,LVA,SEA,1.0663540038214347,True,,0.5291749480305961,401820315,2529122,17,14,1,True,False,matched,5.0,2025-09-14,under,0.19966442356268888,1.9803921568627452,0.9803921568627452,1.0,False,False,False
2449,8bd23cd0681b195b16d4b545a05ee01e,293,Odyssey Sims,odysseysims,DAL,points,10.5,-120.0,-108.0,10,10,2025-09-12 05:52:05+00:00,2025-09-12 05:52:05+00:00,2025-09-12 05:52:05+00:00,2025-09-14 19:00:00+00:00,0.0,2025-09-14,2025,PST,ATL,IND,1.0646853146853146,True,,0.5135396953663074,401820313,2529047,5,20,0,True,False,matched,10.0,2025-09-14,under,0.268322287003264,1.925925925925926,0.925925925925926,1.0,False,False,False
2449,cd7d973b9ecc2a6e630c2d58bd130eff,56,Natasha Howard,natashahoward,MIN,points,11.5,-120.0,-110.0,10,10,2025-09-12 05:52:05+00:00,2025-09-12 05:52:05+00:00,2025-09-12 05:52:05+00:00,2025-09-14 19:00:00+00:00,0.0,2025-09-14,2025,PST,ATL,IND,1.0692640692640691,True,,0.5112040114787568,401820313,2529130,5,20,0,True,False,matched,5.0,2025-09-14,under,0.2296280597158396,1.9090909090909092,0.9090909090909092,1.0,False,False,False
2449,c5686b48263125acca7eb35901f22494,70,Kelsey Mitchell,kelseymitchell,IND,points,18.5,-118.0,-110.0,10,10,2025-09-12 05:52:05+00:00,2025-09-12 05:52:05+00:00,2025-09-12 05:52:05+00:00,2025-09-14 19:00:00+00:00,0.0,2025-09-14,2025,PST,ATL,IND,1.0650939274792486,True,,0.5090245232268319,401820313,3142191,5,20,0,True,False,matched,27.0,2025-09-14,under,0.13611178806039465,1.9090909090909092,-1.0,1.0,False,False,False
2449,1c16f28608885d5a90f5d29ba79430c5,49,Brionna Jones,brionnajones,ATL,points,13.5,-114.0,-114.0,10,10,2025-09-12 05:52:06+00:00,2025-09-12 05:52:06+00:00,2025-09-12 05:52:06+00:00,2025-09-14 19:00:00+00:00,0.0,2025-09-14,2025,PST,ATL,IND,1.0654205607476634,True,,0.5000000000000001,401820313,3058895,20,5,1,True,False,matched,12.0,2025-09-14,under,0.22265527507218824,1.8771929824561404,0.8771929824561404,1.0,False,False,False
2449,d976a732d9d199906d17993c64000545,16,Naz Hillmon,nazhillmon,ATL,points,9.5,-132.0,102.0,10,10,2025-09-12 05:52:06+00:00,2025-09-12 05:52:06+00:00,2025-09-12 05:52:06+00:00,2025-09-14 19:00:00+00:00,0.0,2025-09-14,2025,PST,ATL,IND,1.0640150221918745,True,,0.5381512573163673,401820313,4398915,20,5,1,True,False,matched,16.0,2025-09-14,under,0.21247701960024334,2.02,-1.0,1.0,False,False,False
2449,1f7b48071f2d2d5247a61b93eacb4776,71,Aliyah Boston,aliyahboston,IND,points,13.5,-122.0,-106.0,10,10,2025-09-12 05:52:06+00:00,2025-09-12 05:52:06+00:00,2025-09-12 05:52:06+00:00,2025-09-14 19:00:00+00:00,0.0,2025-09-14,2025,PST,ATL,IND,1.064112656345666,True,,0.518058368553134,401820313,4432831,5,20,0,True,False,matched,8.0,2025-09-14,under,0.2003142651421334,1.9433962264150944,0.9433962264150944,1.0,False,False,False
2449,18fbaa132e17ddb7b8b6acad0ce1648f,1,Allisha Gray,allishagray,ATL,assists,3.5,-104.0,-128.0,10,10,2025-09-12 05:52:06+00:00,2025-09-12 05:52:06+00:00,2025-09-12 05:52:06+00:00,2025-09-14 19:00:00+00:00,0.0,2025-09-14,2025,PST,ATL,IND,1.0712074303405572,True,,0.4732611100971195,401820313,3058901,20,5,1,True,False,matched,4.0,2025-09-14,under,0.19177333370134692,1.78125,-1.0,1.0,False,False,False
2449,88310a8cb985501ffa432f7fbfc456ae,76,Lexie Hull,lexiehull,IND,points,7.5,100.0,-130.0,10,10,2025-09-12 05:52:06+00:00,2025-09-12 05:52:06+00:00,2025-09-12 05:52:06+00:00,2025-09-14 19:00:00+00:00,0.0,2025-09-14,2025,PST,ATL,IND,1.065217391304348,True,,0.4663164946059025,401820313,4398829,5,20,0,True,False,matched,9.0,2025-09-14,under,0.1239761867200952,1.7692307692307692,-1.0,1.0,False,False,False
2451,1d1df68a0215d3b0e2adeb989b65b90c,180,Nneka Ogwumike,nnekaogwumike,LAS,assists,2.5,104.0,-138.0,10,10,2025-09-12 06:08:47+00:00,2025-09-12 06:08:47+00:00,2025-09-12 06:08:47+00:00,2025-09-15 02:00:00+00:00,0.0,2025-09-14,2025,PST,LVA,SEA,1.0700280112044818,True,,0.4535791638529251,401820315,1068,14,17,0,True,False,matched,3.0,2025-09-14,under,0.220236693940558,1.7246376811594204,-1.0,1.0,False,False,False
2451,82c575d337d1ac2d98d3155951305d31,175,Skylar Diggins,skylardiggins,CHI,points,13.5,-122.0,-106.0,10,10,2025-09-12 06:08:48+00:00,2025-09-12 06:08:48+00:00,2025-09-12 06:08:48+00:00,2025-09-15 02:00:00+00:00,0.0,2025-09-14,2025,PST,LVA,SEA,1.064112656345666,True,,0.518058368553134,401820315,2491205,14,17,0,True,False,matched,12.0,2025-09-14,under,0.17106105697499802,1.9433962264150944,0.9433962264150944,1.0,False,False,False
2448,500ad438accba3be15ccca09b4d41167,537,Janelle Salaun,janellesalaun,GSV,threes,1.5,-114.0,-114.0,10,10,2025-09-12 06:40:43+00:00,2025-09-12 06:40:43+00:00,2025-09-12 06:40:43+00:00,2025-09-14 17:00:00+00:00,0.0,2025-09-14,2025,PST,MIN,GSV,1.0654205607476634,True,,0.5000000000000001,401820272,4790264,129689,8,0,True,False,matched,3.0,2025-09-14,over,0.14253045170011686,1.8771929824561404,0.8771929824561404,1.0,False,False,False
2448,de949518a6b19c901058478c4bb18d9a,55,Veronica Burton,veronicaburton,GSV,assists,5.5,118.0,-158.0,10,10,2025-09-12 06:40:44+00:00,2025-09-12 06:40:44+00:00,2025-09-12 06:40:44+00:00,2025-09-14 17:00:00+00:00,0.0,2025-09-14,2025,PST,MIN,GSV,1.0711186971054691,True,,0.42034729080094674,401820272,4398935,129689,8,0,True,False,matched,7.0,2025-09-14,over,0.34055138497901805,2.1799999999999997,1.1799999999999997,1.0,False,False,False
2448,9c0d9b75f777db6b6543fe74351bfa0b,125,Kayla McBride,kaylamcbride,MIN,points,13.5,-108.0,-120.0,10,10,2025-09-12 06:40:44+00:00,2025-09-12 06:40:44+00:00,2025-09-12 06:40:44+00:00,2025-09-14 17:00:00+00:00,0.0,2025-09-14,2025,PST,MIN,GSV,1.0646853146853146,True,,0.48646030463369283,401820272,2529205,8,129689,1,True,False,matched,17.0,2025-09-14,under,0.17303626879123918,1.8333333333333335,-1.0,1.0,False,False,False
2448,f40a16b24b312f9960a8769b49233ca5,117,Courtney Williams,courtneywilliams,MIN,rebounds,4.5,-152.0,114.0,10,10,2025-09-12 06:40:44+00:00,2025-09-12 06:40:44+00:00,2025-09-12 06:40:44+00:00,2025-09-14 17:00:00+00:00,0.0,2025-09-14,2025,PST,MIN,GSV,1.0704643228007713,True,,0.5703965275254933,401820272,2987891,8,129689,1,True,False,matched,4.0,2025-09-14,under,0.11872135888040503,2.1399999999999997,1.1399999999999997,1.0,False,False,False
2449,8eaeacb6513a7bd24e7fb82b4642a9bd,2,Jordin Canada,jordincanada,ATL,points,10.5,-125.0,-105.0,12,12,2025-09-12 09:45:10+00:00,2025-09-12 09:45:10+00:00,2025-09-12 09:45:10+00:00,2025-09-14 19:00:00+00:00,0.0,2025-09-14,2025,PST,ATL,IND,1.067750677506775,True,,0.5224258196571001,401820313,3142250,20,5,1,True,False,matched,2.0,2025-09-14,under,0.1549225863671388,1.9523809523809523,0.9523809523809523,1.0,False,False,False
2451,d9035f4acd3cb06f64989568bda146f4,208,Gabby Williams,gabbywilliams,GSV,rebounds,3.5,-154.0,116.0,10,10,2025-09-12 14:12:10+00:00,2025-09-12 14:12:10+00:00,2025-09-12 14:12:10+00:00,2025-09-15 02:00:00+00:00,0.0,2025-09-14,2025,PST,LVA,SEA,1.0692621755613883,True,,0.574207987656796,401820315,3142328,14,17,0,True,False,matched,3.0,2025-09-14,under,0.13325092294056567,2.16,1.1600000000000001,1.0,False,False,False
2448,931389e39dd40f8cebc527b61742135f,121,Alanna Smith,alannasmith,DAL,rebounds,4.5,-114.0,-114.0,10,10,2025-09-12 15:20:04+00:00,2025-09-12 15:20:04+00:00,2025-09-12 15:20:04+00:00,2025-09-14 17:00:00+00:00,0.0,2025-09-14,2025,PST,MIN,GSV,1.0654205607476634,True,,0.5000000000000001,401820272,3913881,8,129689,1,True,False,matched,6.0,2025-09-14,under,0.14638202879097867,1.8771929824561404,-1.0,1.0,False,False,False
2450,7a37e5b4a5365c7cc4e337fd3e9df111,177,Sami Whitcomb,samiwhitcomb,PHO,threes,1.5,128.0,-172.0,10,10,2025-09-12 17:50:17+00:00,2025-09-12 17:50:17+00:00,2025-09-12 17:50:17+00:00,2025-09-14 21:00:00+00:00,0.0,2025-09-14,2025,PST,PHX,NYL,1.0709494324045408,True,,0.39957653069922067,401820314,887,11,9,1,True,False,matched,2.0,2025-09-14,over,0.11386745986612345,2.2800000000000002,1.2800000000000002,1.0,False,False,False
2448,969189f1d3e558f1e001e55217d52186,13,Iliana Rupert,ilianarupert,GSV,points,8.5,100.0,-130.0,10,10,2025-09-12 19:20:35+00:00,2025-09-12 19:20:35+00:00,2025-09-12 19:20:35+00:00,2025-09-14 17:00:00+00:00,0.0,2025-09-14,2025,PST,MIN,GSV,1.065217391304348,True,,0.4663164946059025,401820272,4790263,129689,8,0,True,False,matched,0.0,2025-09-14,under,0.10514798636213118,1.7692307692307692,0.7692307692307692,1.0,False,False,False
2451,f320848a4bb61a58af0b8d6d8f052a56,66,Erica Wheeler,ericawheeler,LAS,assists,3.5,140.0,-170.0,24,24,2025-09-12 19:49:43+00:00,2025-09-12 19:49:43+00:00,2025-09-12 19:49:43+00:00,2025-09-15 02:00:00+00:00,0.0,2025-09-14,2025,PST,LVA,SEA,1.0462962962962963,True,,0.3910947128467968,401820315,2491214,14,17,0,True,False,matched,1.0,2025-09-14,under,0.1721377113589514,1.5882352941176472,0.5882352941176472,1.0,False,False,False
2448,ac5812fd5fa325a55cf562adacea6156,128,Bridget Carleton,bridgetcarleton,PDX,points,6.5,-118.0,-110.0,10,10,2025-09-12 22:32:57+00:00,2025-09-12 22:32:57+00:00,2025-09-12 22:32:57+00:00,2025-09-14 17:00:00+00:00,0.0,2025-09-14,2025,PST,MIN,GSV,1.0650939274792486,True,,0.5090245232268319,401820272,3906972,8,129689,1,True,False,matched,2.0,2025-09-14,under,0.3329387435293425,1.9090909090909092,0.9090909090909092,1.0,False,False,False
2448,524063e2080c7236effac2d2277afe6a,120,Cecilia Zandalasini,ceciliazandalasini,GSV,rebounds,3.5,-114.0,-114.0,10,10,2025-09-12 22:44:04+00:00,2025-09-12 22:44:04+00:00,2025-09-12 22:44:04+00:00,2025-09-14 17:00:00+00:00,0.0,2025-09-14,2025,PST,MIN,GSV,1.0654205607476634,True,,0.5000000000000001,401820272,4257500,129689,8,0,True,False,matched,4.0,2025-09-14,under,0.35992583275609963,1.8771929824561404,-1.0,1.0,False,False,False
2448,0c1aeba769f781e6a5dde0bfa1845bf1,280,Kaila Charles,kailacharles,GSV,points,8.5,-128.0,-102.0,10,10,2025-09-13 22:35:39+00:00,2025-09-13 22:35:39+00:00,2025-09-13 22:35:39+00:00,2025-09-14 17:00:00+00:00,0.0,2025-09-14,2025,PST,MIN,GSV,1.0663540038214347,True,,0.5291749480305961,401820272,4065780,129689,8,0,True,False,matched,2.0,2025-09-14,under,0.33208608384815375,1.9803921568627452,0.9803921568627452,1.0,False,False,False
2450,3ec2590f305be00ef37e820960ecbb4c,563,Monique Akoa Makani,moniqueakoamakani,PHO,points,6.5,-120.0,-111.0,13,13,2025-09-14 00:39:30+00:00,2025-09-14 00:39:30+00:00,2025-09-14 00:39:30+00:00,2025-09-14 21:00:00+00:00,0.0,2025-09-14,2025,PST,PHX,NYL,1.0715208961654459,True,,0.5100485111155957,401820314,5274110,11,9,1,True,False,matched,8.0,2025-09-14,under,0.12173208900411286,1.900900900900901,-1.0,1.0,False,False,False
2451,db6482d8741bae1d03737e7ef7da4b2f,182,Brittney Sykes,brittneysykes,TOR,rebounds,2.5,-182.0,134.0,10,10,2025-09-14 05:27:08+00:00,2025-09-14 05:27:08+00:00,2025-09-14 05:27:08+00:00,2025-09-15 02:00:00+00:00,0.0,2025-09-14,2025,PST,LVA,SEA,1.0727404982724131,True,,0.6131363649535392,401820315,2988756,14,17,0,True,False,matched,2.0,2025-09-14,under,0.11146134609163072,2.34,1.3399999999999999,1.0,False,False,False
2455,8b1a287fd11548ed6943461774944a07,112,Napheesa Collier,napheesacollier,MIN,points,20.5,-128.0,-102.0,10,10,2025-09-14 22:44:48+00:00,2025-09-14 22:44:48+00:00,2025-09-14 22:44:48+00:00,2025-09-18 02:00:00+00:00,0.0,2025-09-17,2025,PST,GSV,MIN,1.0663540038214347,True,,0.5291749480305961,401820319,3917450,8,129689,0,True,False,matched,24.0,2025-09-17,under,0.24666622565699814,1.9803921568627452,-1.0,1.0,False,False,False
2455,7b8e0885cb0d6889356cdbf513120346,125,Kayla McBride,kaylamcbride,MIN,points,14.5,102.0,-132.0,10,10,2025-09-14 23:51:48+00:00,2025-09-14 23:51:48+00:00,2025-09-14 23:51:48+00:00,2025-09-18 02:00:00+00:00,0.0,2025-09-17,2025,PST,GSV,MIN,1.0640150221918745,True,,0.4618487426836327,401820319,2529205,8,129689,0,True,False,matched,18.0,2025-09-17,under,0.25217708644983927,1.7575757575757576,-1.0,1.0,False,False,False
2455,5b9f86d5765b671553deb5e38e2e37dd,117,Courtney Williams,courtneywilliams,MIN,points,12.5,-110.0,-118.0,10,10,2025-09-14 23:51:48+00:00,2025-09-14 23:51:48+00:00,2025-09-14 23:51:48+00:00,2025-09-18 02:00:00+00:00,0.0,2025-09-17,2025,PST,GSV,MIN,1.0650939274792486,True,,0.4909754767731684,401820319,2987891,8,129689,0,True,False,matched,6.0,2025-09-17,under,0.17199411746256876,1.847457627118644,0.847457627118644,1.0,False,False,False
2455,d3fde402c3bde5f0e16972e0cd635e56,55,Veronica Burton,veronicaburton,GSV,points,12.5,-130.0,100.0,10,10,2025-09-15 00:07:10+00:00,2025-09-15 00:07:10+00:00,2025-09-15 00:07:10+00:00,2025-09-18 02:00:00+00:00,0.0,2025-09-17,2025,PST,GSV,MIN,1.065217391304348,True,,0.5336835053940976,401820319,4398935,129689,8,1,True,False,matched,13.0,2025-09-17,under,0.2339731428913342,2.0,-1.0,1.0,False,False,False
2455,4c699227d7dfd6e8ccee9f32915c567f,120,Cecilia Zandalasini,ceciliazandalasini,GSV,rebounds,3.5,-120.0,-110.0,10,10,2025-09-15 00:07:11+00:00,2025-09-15 00:07:11+00:00,2025-09-15 00:07:11+00:00,2025-09-18 02:00:00+00:00,0.0,2025-09-17,2025,PST,GSV,MIN,1.0692640692640691,True,,0.5112040114787568,401820319,4257500,129689,8,1,True,False,matched,5.0,2025-09-17,under,0.3655550048061342,1.9090909090909092,-1.0,1.0,False,False,False
2454,7e192e8b01342057151dd1231f00cc2c,40,Alyssa Thomas,alyssathomas,PHO,rebounds,9.5,-125.0,-106.0,10,10,2025-09-15 00:34:24+00:00,2025-09-15 00:34:24+00:00,2025-09-15 00:34:24+00:00,2025-09-18 00:00:00+00:00,0.0,2025-09-17,2025,PST,NYL,PHX,1.070118662351672,True,,0.5212291071384377,401820318,2529140,11,9,0,True,False,matched,6.0,2025-09-17,under,0.31615012697389655,1.9433962264150944,0.9433962264150944,1.0,False,False,False
2454,bdd5b7055ce9ec61fba4c680e6570429,155,Kahleah Copper,kahleahcopper,PHO,assists,1.5,-168.0,126.0,10,10,2025-09-15 00:34:25+00:00,2025-09-15 00:34:25+00:00,2025-09-15 00:34:25+00:00,2025-09-18 00:00:00+00:00,0.0,2025-09-17,2025,PST,NYL,PHX,1.0693435477479856,True,,0.5954775535118485,401820318,2998938,11,9,0,True,False,matched,0.0,2025-09-17,under,0.43904859406423913,2.26,1.2599999999999998,1.0,False,False,False
2454,f982026796acde81825c6ee69ec9f111,132,Sabrina Ionescu,sabrinaionescu,NYL,points,18.5,-110.0,-118.0,10,10,2025-09-15 00:34:25+00:00,2025-09-15 00:34:25+00:00,2025-09-15 00:34:25+00:00,2025-09-18 00:00:00+00:00,0.0,2025-09-17,2025,PST,NYL,PHX,1.0650939274792486,True,,0.4909754767731684,401820318,4066533,9,11,1,True,False,matched,9.0,2025-09-17,under,0.2563471643768838,1.847457627118644,0.847457627118644,1.0,False,False,False
2454,497192414f9a1e61e301e57d42d5833c,141,Jonquel Jones,jonqueljones,NYL,rebounds,8.5,-128.0,-104.0,10,10,2025-09-15 00:43:30+00:00,2025-09-15 00:43:30+00:00,2025-09-15 00:43:30+00:00,2025-09-18 00:00:00+00:00,0.0,2025-09-17,2025,PST,NYL,PHX,1.0712074303405572,True,,0.5267388899028808,401820318,2999101,9,11,1,True,False,matched,13.0,2025-09-17,under,0.3678987581616896,1.9615384615384617,-1.0,1.0,False,False,False
2454,f1c5e5941cda9a12acab2b659b28ead4,233,Emma Meesseman,emmameesseman,FA,rebounds,5.5,-102.0,-130.0,10,10,2025-09-15 00:43:30+00:00,2025-09-15 00:43:30+00:00,2025-09-15 00:43:30+00:00,2025-09-18 00:00:00+00:00,0.0,2025-09-17,2025,PST,NYL,PHX,1.0701678863538528,True,,0.46878765056355093,401820318,3027368,9,11,1,True,False,matched,6.0,2025-09-17,under,0.18888481693392833,1.7692307692307692,-1.0,1.0,False,False,False
2454,ceb7a430202fb7cb42c3ac08b8ce29d4,54,Satou Sabally,satousabally,NYL,rebounds,5.5,-154.0,116.0,10,10,2025-09-15 00:43:31+00:00,2025-09-15 00:43:31+00:00,2025-09-15 00:43:31+00:00,2025-09-18 00:00:00+00:00,0.0,2025-09-17,2025,PST,NYL,PHX,1.0692621755613883,True,,0.574207987656796,401820318,4281929,11,9,0,True,False,matched,7.0,2025-09-17,under,0.4138938666217756,2.16,-1.0,1.0,False,False,False
2454,a28b8da24129f2cd743a1f9eba2f2d62,163,Natasha Cloud,natashacloud,CHI,points,10.5,-113.0,-115.0,10,10,2025-09-15 00:43:31+00:00,2025-09-15 00:43:31+00:00,2025-09-15 00:43:31+00:00,2025-09-18 00:00:00+00:00,0.0,2025-09-17,2025,PST,NYL,PHX,1.0654001528551151,True,,0.49774423259931944,401820318,2529137,9,11,1,True,False,matched,8.0,2025-09-17,under,0.14287216130959512,1.8695652173913042,0.8695652173913042,1.0,False,False,False
2452,f848609414845d8530f762f8f70859ed,49,Brionna Jones,brionnajones,ATL,points,12.5,-128.0,-102.0,10,10,2025-09-15 00:52:33+00:00,2025-09-15 00:52:33+00:00,2025-09-15 00:52:33+00:00,2025-09-16 23:30:00+00:00,0.0,2025-09-16,2025,PST,IND,ATL,1.0663540038214347,True,,0.5291749480305961,401820316,3058895,20,5,0,True,False,matched,8.0,2025-09-16,under,0.23891747537472008,1.9803921568627452,0.9803921568627452,1.0,False,False,False
2452,c8d2e18e9fba7270b1d28dd3e069aec8,293,Odyssey Sims,odysseysims,DAL,threes,1.5,178.0,-245.0,10,10,2025-09-15 00:52:33+00:00,2025-09-15 00:52:33+00:00,2025-09-15 00:52:33+00:00,2025-09-16 23:30:00+00:00,0.0,2025-09-16,2025,PST,IND,ATL,1.0698571577520593,True,,0.3183263503331576,401820316,2529047,5,20,1,True,False,matched,1.0,2025-09-16,under,0.2110427672722797,1.4081632653061225,0.40816326530612246,1.0,False,False,False
2452,a73af46ef3fce009877d1f80a850eaf1,1,Allisha Gray,allishagray,ATL,assists,3.5,110.0,-146.0,10,10,2025-09-15 00:52:33+00:00,2025-09-15 00:52:33+00:00,2025-09-15 00:52:33+00:00,2025-09-16 23:30:00+00:00,0.0,2025-09-16,2025,PST,IND,ATL,1.0696864111498257,True,,0.4392579960949788,401820316,3058901,20,5,0,True,False,matched,2.0,2025-09-16,under,0.16509986317500658,1.6849315068493151,0.6849315068493151,1.0,False,False,False
2452,7befab697a378854a039336390a398a5,2,Jordin Canada,jordincanada,ATL,points,11.5,104.0,-135.0,10,10,2025-09-15 00:52:33+00:00,2025-09-15 00:52:33+00:00,2025-09-15 00:52:33+00:00,2025-09-16 23:30:00+00:00,0.0,2025-09-16,2025,PST,IND,ATL,1.0646641635377556,True,,0.45648742045938223,401820316,3142250,20,5,0,True,False,matched,4.0,2025-09-16,under,0.14607534989338777,1.7407407407407407,0.7407407407407407,1.0,False,False,False
2452,afbf1a0c01788573ad6f6854af2c78db,71,Aliyah Boston,aliyahboston,IND,points,14.5,-102.0,-128.0,10,10,2025-09-15 00:52:33+00:00,2025-09-15 00:52:33+00:00,2025-09-15 00:52:33+00:00,2025-09-16 23:30:00+00:00,0.0,2025-09-16,2025,PST,IND,ATL,1.0663540038214347,True,,0.47082505196940394,401820316,4432831,5,20,1,True,False,matched,15.0,2025-09-16,under,0.14089981012579456,1.78125,-1.0,1.0,False,False,False
2452,61c0bf75448ee495f7b9e4cea3bc3e15,76,Lexie Hull,lexiehull,IND,threes,1.5,108.0,-144.0,10,10,2025-09-15 00:52:33+00:00,2025-09-15 00:52:33+00:00,2025-09-15 00:52:33+00:00,2025-09-16 23:30:00+00:00,0.0,2025-09-16,2025,PST,IND,ATL,1.0709331651954601,True,,0.4433154794603006,401820316,4398829,5,20,1,True,False,matched,1.0,2025-09-16,under,0.14045234330972894,1.6944444444444444,0.6944444444444444,1.0,False,False,False
2452,8535b2ac49d665a9b619ee10b21eb035,56,Natasha Howard,natashahoward,MIN,rebounds,6.5,-118.0,-112.0,10,10,2025-09-15 00:52:33+00:00,2025-09-15 00:52:33+00:00,2025-09-15 00:52:33+00:00,2025-09-16 23:30:00+00:00,0.0,2025-09-16,2025,PST,IND,ATL,1.0695862904621776,True,,0.5067212711754592,401820316,2529130,5,20,1,True,False,matched,5.0,2025-09-16,under,0.13658414239982036,1.8928571428571428,0.8928571428571428,1.0,False,False,False
2452,954884a32521765f36fb62dfbbfa92ae,16,Naz Hillmon,nazhillmon,ATL,points,9.5,-104.0,-125.0,10,10,2025-09-15 00:52:33+00:00,2025-09-15 00:52:33+00:00,2025-09-15 00:52:33+00:00,2025-09-16 23:30:00+00:00,0.0,2025-09-16,2025,PST,IND,ATL,1.065359477124183,True,,0.4763687479911608,401820316,4398915,20,5,0,True,False,matched,8.0,2025-09-16,under,0.11052239539589226,1.8,0.8,1.0,False,False,False
2452,207231bd672673b2a086d04122e19bd3,70,Kelsey Mitchell,kelseymitchell,IND,points,19.5,-106.0,-122.0,10,10,2025-09-15 00:52:33+00:00,2025-09-15 00:52:33+00:00,2025-09-15 00:52:33+00:00,2025-09-16 23:30:00+00:00,0.0,2025-09-16,2025,PST,IND,ATL,1.064112656345666,True,,0.4819416314468661,401820316,3142191,5,20,1,True,False,matched,19.0,2025-09-16,under,0.10581102916190688,1.819672131147541,0.819672131147541,1.0,False,False,False
2454,207d328edb450271ca98670b18518d1b,45,DeWanna Bonner,dewannabonner,PHO,points,10.5,-110.0,-118.0,10,10,2025-09-15 00:52:34+00:00,2025-09-15 00:52:34+00:00,2025-09-15 00:52:34+00:00,2025-09-18 00:00:00+00:00,0.0,2025-09-17,2025,PST,NYL,PHX,1.0650939274792486,True,,0.4909754767731684,401820318,869,11,9,0,True,False,matched,14.0,2025-09-17,under,0.18260921520578682,1.847457627118644,-1.0,1.0,False,False,False
2453,062ea6b61c121e8637ca49419528be1f,103,A'ja Wilson,ajawilson,LVA,points,24.5,-128.0,-102.0,10,10,2025-09-15 04:07:50+00:00,2025-09-15 04:07:50+00:00,2025-09-15 04:07:50+00:00,2025-09-17 01:30:00+00:00,0.0,2025-09-16,2025,PST,SEA,LVA,1.0663540038214347,True,,0.5291749480305961,401820317,3149391,17,14,0,True,False,matched,21.0,2025-09-16,under,0.19537208485613283,1.9803921568627452,0.9803921568627452,1.0,False,False,False
2453,b7a06bb97da53a93e4932dcc2d98c562,180,Nneka Ogwumike,nnekaogwumike,LAS,rebounds,8.5,108.0,-144.0,10,10,2025-09-15 04:17:19+00:00,2025-09-15 04:17:19+00:00,2025-09-15 04:17:19+00:00,2025-09-17 01:30:00+00:00,0.0,2025-09-16,2025,PST,SEA,LVA,1.0709331651954601,True,,0.4433154794603006,401820317,1068,14,17,1,True,False,matched,10.0,2025-09-16,under,0.25304112940345797,1.6944444444444444,-1.0,1.0,False,False,False
2453,363b828d653d34e51f7928f516c3e537,102,Jackie Young,jackieyoung,LVA,points,15.5,-128.0,-102.0,10,10,2025-09-15 04:17:19+00:00,2025-09-15 04:17:19+00:00,2025-09-15 04:17:19+00:00,2025-09-17 01:30:00+00:00,0.0,2025-09-16,2025,PST,SEA,LVA,1.0663540038214347,True,,0.5291749480305961,401820317,4065870,17,14,0,True,False,matched,25.0,2025-09-16,under,0.14526754844291645,1.9803921568627452,-1.0,1.0,False,False,False
2453,314c58d3e504992f74b948cc9a28611e,208,Gabby Williams,gabbywilliams,GSV,points,10.5,102.0,-132.0,10,10,2025-09-15 04:26:56+00:00,2025-09-15 04:26:56+00:00,2025-09-15 04:26:56+00:00,2025-09-17 01:30:00+00:00,0.0,2025-09-16,2025,PST,SEA,LVA,1.0640150221918745,True,,0.4618487426836327,401820317,3142328,14,17,1,True,False,matched,6.0,2025-09-16,under,0.20086580407091215,1.7575757575757576,0.7575757575757576,1.0,False,False,False
2453,e6f21f663d7770eaf13d5aa4c5af4b98,175,Skylar Diggins,skylardiggins,CHI,assists,4.5,-160.0,120.0,10,10,2025-09-15 04:26:57+00:00,2025-09-15 04:26:57+00:00,2025-09-15 04:26:57+00:00,2025-09-17 01:30:00+00:00,0.0,2025-09-16,2025,PST,SEA,LVA,1.06993006993007,True,,0.583305061424049,401820317,2491205,14,17,1,True,False,matched,7.0,2025-09-16,over,0.11102829651862195,1.625,0.625,1.0,False,False,False
2453,29a9bf35057349c6448fed934dc96c60,166,Jewell Loyd,jewellloyd,LVA,rebounds,2.5,-174.0,130.0,10,10,2025-09-15 04:36:27+00:00,2025-09-15 04:36:27+00:00,2025-09-15 04:36:27+00:00,2025-09-17 01:30:00+00:00,0.0,2025-09-16,2025,PST,SEA,LVA,1.069819105046017,True,,0.603727082826799,401820317,2987869,17,14,0,True,False,matched,1.0,2025-09-16,under,0.22079550349225663,2.3,1.2999999999999998,1.0,False,False,False
2453,11121dbb29326bb7ef795b6ffe2790b2,73,NaLyssa Smith,nalyssasmith,LVA,rebounds,4.5,-162.0,122.0,10,10,2025-09-15 05:55:02+00:00,2025-09-15 05:55:02+00:00,2025-09-15 05:55:02+00:00,2025-09-17 01:30:00+00:00,0.0,2025-09-16,2025,PST,SEA,LVA,1.0687710611374732,True,,0.5868918088955871,401820317,4398776,17,14,0,True,False,matched,8.0,2025-09-16,under,0.17361473600442606,2.2199999999999998,-1.0,1.0,False,False,False
2453,83af90ee33429ac98768ded4380daa7a,66,Erica Wheeler,ericawheeler,LAS,threes,1.5,130.0,-160.0,24,24,2025-09-15 09:00:06+00:00,2025-09-15 09:00:06+00:00,2025-09-15 09:00:06+00:00,2025-09-17 01:30:00+00:00,0.0,2025-09-16,2025,PST,SEA,LVA,1.0501672240802677,True,,0.4074611221872626,401820317,2491214,14,17,1,True,False,matched,2.0,2025-09-16,over,0.18857868436169056,2.3,1.2999999999999998,1.0,False,False,False
2455,0cb367bc50a18ce425060b9185294f36,280,Kaila Charles,kailacharles,GSV,points,7.5,-128.0,-102.0,10,10,2025-09-17 00:23:14+00:00,2025-09-17 00:23:14+00:00,2025-09-17 00:23:14+00:00,2025-09-18 02:00:00+00:00,0.0,2025-09-17,2025,PST,GSV,MIN,1.0663540038214347,True,,0.5291749480305961,401820319,4065780,129689,8,1,True,False,matched,5.0,2025-09-17,under,0.2598930258594781,1.9803921568627452,0.9803921568627452,1.0,False,False,False
2456,57c88d150cd7763dda7d5ba8154ead07,71,Aliyah Boston,aliyahboston,IND,points,13.5,-130.0,100.0,10,10,2025-09-17 02:27:50+00:00,2025-09-17 02:27:50+00:00,2025-09-17 02:27:50+00:00,2025-09-18 23:30:00+00:00,0.0,2025-09-18,2025,PST,ATL,IND,1.065217391304348,True,,0.5336835053940976,401820320,4432831,5,20,0,True,False,matched,14.0,2025-09-18,under,0.27370192729197,2.0,-1.0,1.0,False,False,False
2456,47ffab45b994675543b72a407fa82963,70,Kelsey Mitchell,kelseymitchell,IND,rebounds,1.5,-158.0,118.0,10,10,2025-09-17 02:27:50+00:00,2025-09-17 02:27:50+00:00,2025-09-17 02:27:50+00:00,2025-09-18 23:30:00+00:00,0.0,2025-09-18,2025,PST,ATL,IND,1.0711186971054691,True,,0.5796527091990534,401820320,3142191,5,20,0,True,False,matched,2.0,2025-09-18,under,0.25584056172314185,2.1799999999999997,-1.0,1.0,False,False,False
2456,36c7c57abf784cf19e8fe95e3f68e595,2,Jordin Canada,jordincanada,ATL,points,10.5,-114.0,-114.0,10,10,2025-09-17 02:27:50+00:00,2025-09-17 02:27:50+00:00,2025-09-17 02:27:50+00:00,2025-09-18 23:30:00+00:00,0.0,2025-09-18,2025,PST,ATL,IND,1.0654205607476634,True,,0.5000000000000001,401820320,3142250,20,5,1,True,False,matched,18.0,2025-09-18,under,0.18534923947731619,1.8771929824561404,-1.0,1.0,False,False,False
2456,1041b6e9104c9cf0d3cbb63b017b5bec,49,Brionna Jones,brionnajones,ATL,points,12.5,-125.0,-104.0,10,10,2025-09-17 02:27:50+00:00,2025-09-17 02:27:50+00:00,2025-09-17 02:27:50+00:00,2025-09-18 23:30:00+00:00,0.0,2025-09-18,2025,PST,ATL,IND,1.065359477124183,True,,0.5236312520088393,401820320,3058895,20,5,1,True,False,matched,12.0,2025-09-18,under,0.18014266416251262,1.9615384615384617,0.9615384615384617,1.0,False,False,False
2456,e079939855ee970ecb0f73a86b23a7cd,15,Rhyne Howard,rhynehoward,ATL,assists,3.5,-110.0,-120.0,10,10,2025-09-17 02:27:50+00:00,2025-09-17 02:27:50+00:00,2025-09-17 02:27:50+00:00,2025-09-18 23:30:00+00:00,0.0,2025-09-18,2025,PST,ATL,IND,1.0692640692640691,True,,0.4887959885212434,401820320,4398674,20,5,1,True,False,matched,3.0,2025-09-18,over,0.15007398781115644,1.9090909090909092,-1.0,1.0,False,False,False
2456,80a272abc12c749870a5e51c6a25728a,1,Allisha Gray,allishagray,ATL,rebounds,4.5,-166.0,130.0,12,12,2025-09-17 02:52:54+00:00,2025-09-17 02:52:54+00:00,2025-09-17 02:52:54+00:00,2025-09-18 23:30:00+00:00,0.0,2025-09-18,2025,PST,ATL,IND,1.058842759071592,True,,0.5974407104482947,401820320,3058901,20,5,1,True,False,matched,12.0,2025-09-18,under,0.14519146400071148,2.3,-1.0,1.0,False,False,False
2457,4768e2da802abb8f2d0006682baaf402,180,Nneka Ogwumike,nnekaogwumike,LAS,rebounds,8.5,118.0,-158.0,10,10,2025-09-17 04:50:19+00:00,2025-09-17 04:50:19+00:00,2025-09-17 04:50:19+00:00,2025-09-19 01:30:00+00:00,0.0,2025-09-18,2025,PST,LVA,SEA,1.0711186971054691,True,,0.42034729080094674,401820321,1068,14,17,0,True,False,matched,9.0,2025-09-18,under,0.2135073280117974,1.6329113924050633,-1.0,1.0,False,False,False
2457,dd48f0ca4a14984dae880b05fe0eb52f,103,A'ja Wilson,ajawilson,LVA,rebounds,10.5,-132.0,100.0,10,10,2025-09-17 04:50:19+00:00,2025-09-17 04:50:19+00:00,2025-09-17 04:50:19+00:00,2025-09-19 01:30:00+00:00,0.0,2025-09-18,2025,PST,LVA,SEA,1.0689655172413794,True,,0.5356937238338165,401820321,3149391,17,14,1,True,False,matched,5.0,2025-09-18,under,0.10024112500931254,2.0,1.0,1.0,False,False,False
2457,98a67bcb7e83664206e5f740890ec44a,175,Skylar Diggins,skylardiggins,CHI,points,13.5,-113.0,-115.0,10,10,2025-09-17 05:01:41+00:00,2025-09-17 05:01:41+00:00,2025-09-17 05:01:41+00:00,2025-09-19 01:30:00+00:00,0.0,2025-09-18,2025,PST,LVA,SEA,1.0654001528551151,True,,0.49774423259931944,401820321,2491205,14,17,0,True,False,matched,13.0,2025-09-18,under,0.1430796895393458,1.8695652173913042,0.8695652173913042,1.0,False,False,False
2457,61066fc6cc84acbc813be55ef25485d1,102,Jackie Young,jackieyoung,LVA,assists,5.5,-114.0,-114.0,10,10,2025-09-17 05:01:41+00:00,2025-09-17 05:01:41+00:00,2025-09-17 05:01:41+00:00,2025-09-19 01:30:00+00:00,0.0,2025-09-18,2025,PST,LVA,SEA,1.0654205607476634,True,,0.5000000000000001,401820321,4065870,17,14,1,True,False,matched,1.0,2025-09-18,over,0.11320848818102502,1.8771929824561404,-1.0,1.0,False,False,False
2457,9099c0857451612a46a227cd8bf173c6,208,Gabby Williams,gabbywilliams,GSV,points,10.5,100.0,-130.0,10,10,2025-09-17 05:01:42+00:00,2025-09-17 05:01:42+00:00,2025-09-17 05:01:42+00:00,2025-09-19 01:30:00+00:00,0.0,2025-09-18,2025,PST,LVA,SEA,1.065217391304348,True,,0.4663164946059025,401820321,3142328,14,17,0,True,False,matched,7.0,2025-09-18,under,0.17332370787601592,1.7692307692307692,0.7692307692307692,1.0,False,False,False
2457,fdb52d9ec7808c10ba3e3a9a738c2a74,107,Chelsea Gray,chelseagray,LVA,threes,1.5,162.0,-220.0,10,10,2025-09-17 05:01:42+00:00,2025-09-17 05:01:42+00:00,2025-09-17 05:01:42+00:00,2025-09-19 01:30:00+00:00,0.0,2025-09-18,2025,PST,LVA,SEA,1.069179389312977,True,,0.3415656920936278,401820321,2529122,17,14,1,True,False,matched,2.0,2025-09-18,over,0.16089708736160024,2.62,1.62,1.0,False,False,False
2457,46dab330843a220b1550b12fb3bca165,570,Dominique Malonga,dominiquemalonga,SEA,rebounds,6.5,-122.0,-108.0,10,10,2025-09-17 05:12:49+00:00,2025-09-17 05:12:49+00:00,2025-09-17 05:12:49+00:00,2025-09-19 01:30:00+00:00,0.0,2025-09-18,2025,PST,LVA,SEA,1.0687803187803186,True,,0.5156895960912058,401820321,5220150,14,17,0,True,False,matched,5.0,2025-09-18,under,0.1367312727235902,1.925925925925926,0.925925925925926,1.0,False,False,False
2457,9ad227cf77461b190e0042de2569bb94,166,Jewell Loyd,jewellloyd,LVA,threes,1.5,-154.0,116.0,10,10,2025-09-17 05:12:49+00:00,2025-09-17 05:12:49+00:00,2025-09-17 05:12:49+00:00,2025-09-19 01:30:00+00:00,0.0,2025-09-18,2025,PST,LVA,SEA,1.0692621755613883,True,,0.574207987656796,401820321,2987869,17,14,1,True,False,matched,0.0,2025-09-18,over,0.1288636245334262,1.6493506493506493,-1.0,1.0,False,False,False
2456,004ab2acf456f139f35a68b210978ffd,76,Lexie Hull,lexiehull,IND,points,7.5,-120.0,-108.0,10,10,2025-09-17 05:24:29+00:00,2025-09-17 05:24:29+00:00,2025-09-17 05:24:29+00:00,2025-09-18 23:30:00+00:00,0.0,2025-09-18,2025,PST,ATL,IND,1.0646853146853146,True,,0.5135396953663074,401820320,4398829,5,20,0,True,False,matched,10.0,2025-09-18,under,0.19874704583547498,1.925925925925926,-1.0,1.0,False,False,False
2456,ab1f753ee6546359d6185a27a7201769,56,Natasha Howard,natashahoward,MIN,points,10.5,-128.0,-102.0,10,10,2025-09-17 05:24:30+00:00,2025-09-17 05:24:30+00:00,2025-09-17 05:24:30+00:00,2025-09-18 23:30:00+00:00,0.0,2025-09-18,2025,PST,ATL,IND,1.0663540038214347,True,,0.5291749480305961,401820320,2529130,5,20,0,True,False,matched,12.0,2025-09-18,under,0.2317194994581913,1.9803921568627452,-1.0,1.0,False,False,False
2457,9cccc269908d8927830dce0dcd573220,73,NaLyssa Smith,nalyssasmith,LVA,rebounds,5.5,-152.0,114.0,10,10,2025-09-17 05:24:31+00:00,2025-09-17 05:24:31+00:00,2025-09-17 05:24:31+00:00,2025-09-19 01:30:00+00:00,0.0,2025-09-18,2025,PST,LVA,SEA,1.0704643228007713,True,,0.5703965275254933,401820321,4398776,17,14,1,True,False,matched,4.0,2025-09-18,under,0.2766085150988544,2.1399999999999997,1.1399999999999997,1.0,False,False,False
2456,f7ee98e7ec870832247c26177fb4742f,293,Odyssey Sims,odysseysims,DAL,points,9.5,102.0,-132.0,10,10,2025-09-17 17:53:11+00:00,2025-09-17 17:53:11+00:00,2025-09-17 17:53:11+00:00,2025-09-18 23:30:00+00:00,0.0,2025-09-18,2025,PST,ATL,IND,1.0640150221918745,True,,0.4618487426836327,401820320,2529047,5,20,0,True,False,matched,16.0,2025-09-18,under,0.10357876855447157,1.7575757575757576,-1.0,1.0,False,False,False
2459,995f969ea2918c3e0c3e162710c1c847,40,Alyssa Thomas,alyssathomas,PHO,points,15.5,-108.0,-120.0,10,10,2025-09-18 03:14:26+00:00,2025-09-18 03:14:26+00:00,2025-09-18 03:14:26+00:00,2025-09-20 01:00:00+00:00,0.0,2025-09-19,2025,PST,PHX,NYL,1.0646853146853146,True,,0.48646030463369283,401820324,2529140,11,9,1,True,False,matched,20.0,2025-09-19,under,0.3337213853364774,1.8333333333333335,-1.0,1.0,False,False,False
2459,3da7ffa129199f70e9f243514abc1bf1,141,Jonquel Jones,jonqueljones,NYL,rebounds,9.5,-102.0,-130.0,10,10,2025-09-18 03:24:34+00:00,2025-09-18 03:24:34+00:00,2025-09-18 03:24:34+00:00,2025-09-20 01:00:00+00:00,0.0,2025-09-19,2025,PST,PHX,NYL,1.0701678863538528,True,,0.46878765056355093,401820324,2999101,9,11,0,True,False,matched,8.0,2025-09-19,under,0.29922971280154725,1.7692307692307692,0.7692307692307692,1.0,False,False,False
2459,77a8c883581c13f5c6cfd23a95735a9f,132,Sabrina Ionescu,sabrinaionescu,NYL,threes,2.5,110.0,-146.0,10,10,2025-09-18 03:24:34+00:00,2025-09-18 03:24:34+00:00,2025-09-18 03:24:34+00:00,2025-09-20 01:00:00+00:00,0.0,2025-09-19,2025,PST,PHX,NYL,1.0696864111498257,True,,0.4392579960949788,401820324,4066533,9,11,0,True,False,matched,3.0,2025-09-19,under,0.20404414837450702,1.6849315068493151,-1.0,1.0,False,False,False
2459,c143fe58ad228fd6b9862f41aac6859c,54,Satou Sabally,satousabally,NYL,points,14.5,-130.0,100.0,10,10,2025-09-18 03:35:06+00:00,2025-09-18 03:35:06+00:00,2025-09-18 03:35:06+00:00,2025-09-20 01:00:00+00:00,0.0,2025-09-19,2025,PST,PHX,NYL,1.065217391304348,True,,0.5336835053940976,401820324,4281929,11,9,1,True,False,matched,23.0,2025-09-19,under,0.19841936526312198,2.0,-1.0,1.0,False,False,False
2459,ceec14f6755553cb5b50ba780cf2bd0b,155,Kahleah Copper,kahleahcopper,PHO,points,15.5,-120.0,-108.0,10,10,2025-09-18 03:35:06+00:00,2025-09-18 03:35:06+00:00,2025-09-18 03:35:06+00:00,2025-09-20 01:00:00+00:00,0.0,2025-09-19,2025,PST,PHX,NYL,1.0646853146853146,True,,0.5135396953663074,401820324,2998938,11,9,1,True,False,matched,12.0,2025-09-19,under,0.17892688321821915,1.925925925925926,0.925925925925926,1.0,False,False,False
2459,158d57bd15e9250cf2a83e05150fb379,137,Breanna Stewart,breannastewart,NYL,rebounds,4.5,-120.0,-110.0,10,10,2025-09-18 07:12:39+00:00,2025-09-18 07:12:39+00:00,2025-09-18 07:12:39+00:00,2025-09-20 01:00:00+00:00,0.0,2025-09-19,2025,PST,PHX,NYL,1.0692640692640691,True,,0.5112040114787568,401820324,2998928,9,11,0,True,False,matched,9.0,2025-09-19,over,0.2900974780907107,1.8333333333333335,0.8333333333333335,1.0,False,False,False
2459,24593a24ec5631ef9e2ad306953fa17e,45,DeWanna Bonner,dewannabonner,PHO,rebounds,5.5,-114.0,-114.0,10,10,2025-09-18 09:48:58+00:00,2025-09-18 09:48:58+00:00,2025-09-18 09:48:58+00:00,2025-09-20 01:00:00+00:00,0.0,2025-09-19,2025,PST,PHX,NYL,1.0654205607476634,True,,0.5000000000000001,401820324,869,11,9,1,True,False,matched,8.0,2025-09-19,under,0.26315795882622645,1.8771929824561404,-1.0,1.0,False,False,False
2456,944c2d5018d7791276813e7c00e71b83,11,Aerial Powers,aerialpowers,FA,assists,1.5,-175.0,130.0,60,60,2025-09-18 20:06:25+00:00,2025-09-18 20:06:25+00:00,2025-09-18 20:06:25+00:00,2025-09-18 23:30:00+00:00,0.0,2025-09-18,2025,PST,ATL,IND,1.0711462450592886,True,,0.6044938039932303,401820320,2999035,5,20,0,True,False,matched,1.0,2025-09-18,under,0.3199164681721164,2.3,1.2999999999999998,1.0,False,False,False
2459,103b2991850d045c42ac80e7038f52b0,563,Monique Akoa Makani,moniqueakoamakani,PHO,rebounds,3.5,167.0,-233.0,60,60,2025-09-19 04:15:15+00:00,2025-09-19 04:15:15+00:00,2025-09-19 04:15:15+00:00,2025-09-20 01:00:00+00:00,0.0,2025-09-19,2025,PST,PHX,NYL,1.0742315349056923,True,,0.33102360600765024,401820324,5274110,11,9,1,True,False,matched,3.0,2025-09-19,under,0.11195781597056137,1.4291845493562232,0.4291845493562232,1.0,False,False,False
2465,104fea0f9e436de4c52dff488c43956c,70,Kelsey Mitchell,kelseymitchell,IND,points,20.5,-105.0,-125.0,12,12,2025-09-19 04:20:08+00:00,2025-09-19 04:20:08+00:00,2025-09-19 04:20:08+00:00,2025-09-21 19:00:00+00:00,0.0,2025-09-21,2025,PST,LVA,IND,1.067750677506775,True,,0.47757418034290006,401820327,3142191,5,17,0,True,False,matched,34.0,2025-09-21,under,0.12419454383018846,1.8,-1.0,1.0,False,False,False
2465,78d348cc3dcd4a7b9fb0f49ee5a554d1,71,Aliyah Boston,aliyahboston,IND,points,13.5,-125.0,-105.0,12,12,2025-09-19 04:31:21+00:00,2025-09-19 04:31:21+00:00,2025-09-19 04:31:21+00:00,2025-09-21 19:00:00+00:00,0.0,2025-09-21,2025,PST,LVA,IND,1.067750677506775,True,,0.5224258196571001,401820327,4432831,5,17,0,True,False,matched,6.0,2025-09-21,under,0.21178247646307752,1.9523809523809523,0.9523809523809523,1.0,False,False,False
2465,85d5fe7b25e7fd0804ab5cd7b1599743,102,Jackie Young,jackieyoung,LVA,assists,5.5,128.0,-172.0,10,10,2025-09-19 04:40:57+00:00,2025-09-19 04:40:57+00:00,2025-09-19 04:40:57+00:00,2025-09-21 19:00:00+00:00,0.0,2025-09-21,2025,PST,LVA,IND,1.0709494324045408,True,,0.39957653069922067,401820327,4065870,17,5,1,True,False,matched,2.0,2025-09-21,over,0.28771460966684204,2.2800000000000002,-1.0,1.0,False,False,False
2465,e4e323038bd1707dd47a9c279fd158cf,56,Natasha Howard,natashahoward,MIN,rebounds,6.5,-132.0,100.0,10,10,2025-09-19 04:40:57+00:00,2025-09-19 04:40:57+00:00,2025-09-19 04:40:57+00:00,2025-09-21 19:00:00+00:00,0.0,2025-09-21,2025,PST,LVA,IND,1.0689655172413794,True,,0.5356937238338165,401820327,2529130,5,17,0,True,False,matched,11.0,2025-09-21,under,0.23382085831812194,2.0,-1.0,1.0,False,False,False
2465,dedc3119317efb6585a8d529f966306b,107,Chelsea Gray,chelseagray,LVA,threes,1.5,178.0,-245.0,10,10,2025-09-19 04:40:57+00:00,2025-09-19 04:40:57+00:00,2025-09-19 04:40:57+00:00,2025-09-21 19:00:00+00:00,0.0,2025-09-21,2025,PST,LVA,IND,1.0698571577520593,True,,0.3183263503331576,401820327,2529122,17,5,1,True,False,matched,2.0,2025-09-21,over,0.15645196002173145,2.7800000000000002,1.7800000000000002,1.0,False,False,False
2459,69e33b71b5eb2837914caa94847a8164,147,Leonie Fiebich,leoniefiebich,NYL,threes,1.5,-106.0,-125.0,10,10,2025-09-19 05:15:25+00:00,2025-09-19 05:15:25+00:00,2025-09-19 05:15:25+00:00,2025-09-20 01:00:00+00:00,0.0,2025-09-19,2025,PST,PHX,NYL,1.070118662351672,True,,0.4787708928615623,401820324,4683006,9,11,0,True,False,matched,1.0,2025-09-19,under,0.18501518511135412,1.8,0.8,1.0,False,False,False
2465,85e59964ea1b3202df2dcf0c3a89b975,293,Odyssey Sims,odysseysims,DAL,points,9.5,-122.0,-110.0,13,13,2025-09-19 11:15:43+00:00,2025-09-19 11:15:43+00:00,2025-09-19 11:15:43+00:00,2025-09-21 19:00:00+00:00,0.0,2025-09-21,2025,PST,LVA,IND,1.0733590733590734,True,,0.5133544081098238,401820327,2529047,5,17,0,True,False,matched,17.0,2025-09-21,under,0.11757865691146446,1.9090909090909092,-1.0,1.0,False,False,False
2465,4b6deb0b62885ac392a732115fb5bb70,76,Lexie Hull,lexiehull,IND,points,8.5,-102.0,-128.0,10,10,2025-09-19 12:39:51+00:00,2025-09-19 12:39:51+00:00,2025-09-19 12:39:51+00:00,2025-09-21 19:00:00+00:00,0.0,2025-09-21,2025,PST,LVA,IND,1.0663540038214347,True,,0.47082505196940394,401820327,4398829,5,17,0,True,False,matched,6.0,2025-09-21,under,0.1933491514732083,1.78125,0.78125,1.0,False,False,False
2465,20ae54c993547aab44a2bc6c9ae54c68,166,Jewell Loyd,jewellloyd,LVA,threes,1.5,-120.0,-110.0,10,10,2025-09-19 15:14:41+00:00,2025-09-19 15:14:41+00:00,2025-09-19 15:14:41+00:00,2025-09-21 19:00:00+00:00,0.0,2025-09-21,2025,PST,LVA,IND,1.0692640692640691,True,,0.5112040114787568,401820327,2987869,17,5,1,True,False,matched,1.0,2025-09-21,over,0.1920418750638196,1.8333333333333335,-1.0,1.0,False,False,False
2460,327f66d52970e984f609df6464405f9b,40,Alyssa Thomas,alyssathomas,PHO,points,15.5,105.0,-135.0,12,12,2025-09-20 04:21:32+00:00,2025-09-20 04:21:32+00:00,2025-09-20 04:21:32+00:00,2025-09-21 21:00:00+00:00,0.0,2025-09-21,2025,PST,MIN,PHX,1.0622729631551635,True,,0.45531139401703796,401820328,2529140,11,8,0,True,False,matched,18.0,2025-09-21,under,0.2872742540581185,1.7407407407407407,-1.0,1.0,False,False,False
2460,d33d3c938d108945ee7f23001f2f9ca6,54,Satou Sabally,satousabally,NYL,points,14.5,-115.0,-115.0,12,12,2025-09-20 04:21:32+00:00,2025-09-20 04:21:32+00:00,2025-09-20 04:21:32+00:00,2025-09-21 21:00:00+00:00,0.0,2025-09-21,2025,PST,MIN,PHX,1.0697674418604652,True,,0.5,401820328,4281929,11,8,0,True,False,matched,10.0,2025-09-21,under,0.1508982861524309,1.8695652173913042,0.8695652173913042,1.0,False,False,False
2460,8e37b105dcc435bc73356bcdea9ce86a,117,Courtney Williams,courtneywilliams,MIN,points,13.5,105.0,-135.0,12,12,2025-09-20 04:21:32+00:00,2025-09-20 04:21:32+00:00,2025-09-20 04:21:32+00:00,2025-09-21 21:00:00+00:00,0.0,2025-09-21,2025,PST,MIN,PHX,1.0622729631551635,True,,0.45531139401703796,401820328,2987891,8,11,1,True,False,matched,23.0,2025-09-21,under,0.1471459338612734,1.7407407407407407,-1.0,1.0,False,False,False
2460,61395c0b7487f5793ee03947c66d292e,112,Napheesa Collier,napheesacollier,MIN,points,21.5,-120.0,-110.0,12,12,2025-09-20 04:21:32+00:00,2025-09-20 04:21:32+00:00,2025-09-20 04:21:32+00:00,2025-09-21 21:00:00+00:00,0.0,2025-09-21,2025,PST,MIN,PHX,1.0692640692640691,True,,0.5112040114787568,401820328,3917450,8,11,1,True,False,matched,18.0,2025-09-21,under,0.13696351291149672,1.9090909090909092,0.9090909090909092,1.0,False,False,False
2460,58d560d2c9f099a0e941b3f90b6d8e0f,155,Kahleah Copper,kahleahcopper,PHO,points,15.5,105.0,-135.0,12,12,2025-09-20 04:21:32+00:00,2025-09-20 04:21:32+00:00,2025-09-20 04:21:32+00:00,2025-09-21 21:00:00+00:00,0.0,2025-09-21,2025,PST,MIN,PHX,1.0622729631551635,True,,0.45531139401703796,401820328,2998938,11,8,0,True,False,matched,22.0,2025-09-21,under,0.10619203934738364,1.7407407407407407,-1.0,1.0,False,False,False
2460,fb3e09041bee8f532df039bf1dc517a0,121,Alanna Smith,alannasmith,DAL,rebounds,4.5,-115.0,-115.0,12,12,2025-09-20 04:33:23+00:00,2025-09-20 04:33:23+00:00,2025-09-20 04:33:23+00:00,2025-09-21 21:00:00+00:00,0.0,2025-09-21,2025,PST,MIN,PHX,1.0697674418604652,True,,0.5,401820328,3913881,8,11,1,True,False,matched,6.0,2025-09-21,under,0.14308927241654806,1.8695652173913042,-1.0,1.0,False,False,False
2460,2e89cd00a17a853ac0ed68d132c8c09a,125,Kayla McBride,kaylamcbride,MIN,rebounds,2.5,-125.0,-105.0,12,12,2025-09-20 04:33:23+00:00,2025-09-20 04:33:23+00:00,2025-09-20 04:33:23+00:00,2025-09-21 21:00:00+00:00,0.0,2025-09-21,2025,PST,MIN,PHX,1.067750677506775,True,,0.5224258196571001,401820328,2529205,8,11,1,True,False,matched,6.0,2025-09-21,under,0.13507984799027628,1.9523809523809523,-1.0,1.0,False,False,False
2465,1c270bd766812ba3e9b82130e569998c,103,A'ja Wilson,ajawilson,LVA,threes,0.5,-240.0,150.0,33,33,2025-09-20 09:58:28+00:00,2025-09-20 09:58:28+00:00,2025-09-20 09:58:28+00:00,2025-09-21 19:00:00+00:00,0.0,2025-09-21,2025,PST,LVA,IND,1.1058823529411765,True,,0.6620616945528875,401820327,3149391,17,5,1,True,False,matched,0.0,2025-09-21,under,0.12341553657702986,2.5,1.5,1.0,False,False,False
2460,56dec3c0a26f6cf7720de65c9520bdb1,563,Monique Akoa Makani,moniqueakoamakani,PHO,points,7.5,-114.0,-118.0,13,13,2025-09-20 16:11:00+00:00,2025-09-20 16:11:00+00:00,2025-09-20 16:11:00+00:00,2025-09-21 21:00:00+00:00,0.0,2025-09-21,2025,PST,MIN,PHX,1.0739946840435564,True,,0.49555000929585213,401820328,5274110,11,8,0,True,False,matched,2.0,2025-09-21,under,0.26280419459741766,1.847457627118644,0.847457627118644,1.0,False,False,False
2460,cf0af7b93fd6c000e0b1db34b7913cf7,45,DeWanna Bonner,dewannabonner,PHO,points,10.5,-104.0,-125.0,10,10,2025-09-20 22:20:09+00:00,2025-09-20 22:20:09+00:00,2025-09-20 22:20:09+00:00,2025-09-21 21:00:00+00:00,0.0,2025-09-21,2025,PST,MIN,PHX,1.065359477124183,True,,0.4763687479911608,401820328,869,11,8,0,True,False,matched,0.0,2025-09-21,under,0.16129705072051148,1.8,0.8,1.0,False,False,False
2466,0e32968fd0706e0db5aa2c21d9a3f5b9,70,Kelsey Mitchell,kelseymitchell,IND,points,20.5,-128.0,-102.0,10,10,2025-09-21 22:26:13+00:00,2025-09-21 22:26:13+00:00,2025-09-21 22:26:13+00:00,2025-09-24 01:30:00+00:00,0.0,2025-09-23,2025,PST,LVA,IND,1.0663540038214347,True,,0.5291749480305961,401820331,3142191,5,17,0,True,False,matched,13.0,2025-09-23,under,0.21663902072678182,1.9803921568627452,0.9803921568627452,1.0,False,False,False
2466,5082ebc213a90763e7581db3f8ff085f,71,Aliyah Boston,aliyahboston,IND,rebounds,8.5,-140.0,106.0,10,10,2025-09-21 22:26:13+00:00,2025-09-21 22:26:13+00:00,2025-09-21 22:26:13+00:00,2025-09-24 01:30:00+00:00,0.0,2025-09-23,2025,PST,LVA,IND,1.0687702265372168,True,,0.5506638564937638,401820331,4432831,5,17,0,True,False,matched,13.0,2025-09-23,under,0.1828890874669351,2.06,-1.0,1.0,False,False,False
2466,563717a2a66d811fb7127847bfc02ce8,107,Chelsea Gray,chelseagray,LVA,assists,6.5,126.0,-168.0,10,10,2025-09-21 22:35:42+00:00,2025-09-21 22:35:42+00:00,2025-09-21 22:35:42+00:00,2025-09-24 01:30:00+00:00,0.0,2025-09-23,2025,PST,LVA,IND,1.0693435477479856,True,,0.4045224464881516,401820331,2529122,17,5,1,True,False,matched,10.0,2025-09-23,over,0.133893096354387,2.26,1.2599999999999998,1.0,False,False,False
2461,13010b508e58cfd9b5388adb957c0f5f,112,Napheesa Collier,napheesacollier,MIN,rebounds,7.5,-130.0,-102.0,10,10,2025-09-21 23:04:00+00:00,2025-09-21 23:04:00+00:00,2025-09-21 23:04:00+00:00,2025-09-23 23:30:00+00:00,0.0,2025-09-23,2025,PST,MIN,PHX,1.0701678863538528,True,,0.5312123494364493,401820330,3917450,8,11,1,True,False,matched,6.0,2025-09-23,under,0.25497580618665666,1.9803921568627452,0.9803921568627452,1.0,False,False,False
2461,eac64104dace0c02964a3fd4bd4f2152,40,Alyssa Thomas,alyssathomas,PHO,points,15.5,-104.0,-125.0,10,10,2025-09-21 23:04:01+00:00,2025-09-21 23:04:01+00:00,2025-09-21 23:04:01+00:00,2025-09-23 23:30:00+00:00,0.0,2025-09-23,2025,PST,MIN,PHX,1.065359477124183,True,,0.4763687479911608,401820330,2529140,11,8,0,True,False,matched,19.0,2025-09-23,under,0.27601236683490316,1.8,-1.0,1.0,False,False,False
2461,aeb453e5a3c4d761b6ff187b4ef50372,117,Courtney Williams,courtneywilliams,MIN,points,13.5,-108.0,-120.0,10,10,2025-09-21 23:13:19+00:00,2025-09-21 23:13:19+00:00,2025-09-21 23:13:19+00:00,2025-09-23 23:30:00+00:00,0.0,2025-09-23,2025,PST,MIN,PHX,1.0646853146853146,True,,0.48646030463369283,401820330,2987891,8,11,1,True,False,matched,20.0,2025-09-23,under,0.20940316119470265,1.8333333333333335,-1.0,1.0,False,False,False
2461,e754190ee42523774ebb598243a3fb65,155,Kahleah Copper,kahleahcopper,PHO,threes,1.5,-158.0,118.0,10,10,2025-09-21 23:13:20+00:00,2025-09-21 23:13:20+00:00,2025-09-21 23:13:20+00:00,2025-09-23 23:30:00+00:00,0.0,2025-09-23,2025,PST,MIN,PHX,1.0711186971054691,True,,0.5796527091990534,401820330,2998938,11,8,0,True,False,matched,2.0,2025-09-23,under,0.21083667099477255,2.1799999999999997,-1.0,1.0,False,False,False
2461,b2c99e212d19c507dfac39c0f6fbd30b,125,Kayla McBride,kaylamcbride,MIN,points,14.5,100.0,-130.0,10,10,2025-09-21 23:13:21+00:00,2025-09-21 23:13:21+00:00,2025-09-21 23:13:21+00:00,2025-09-23 23:30:00+00:00,0.0,2025-09-23,2025,PST,MIN,PHX,1.065217391304348,True,,0.4663164946059025,401820330,2529205,8,11,1,True,False,matched,21.0,2025-09-23,under,0.10105415682401869,1.7692307692307692,-1.0,1.0,False,False,False
2461,64f1ce063668659382c76cd603509277,121,Alanna Smith,alannasmith,DAL,rebounds,4.5,-114.0,-114.0,10,10,2025-09-22 00:17:12+00:00,2025-09-22 00:17:12+00:00,2025-09-22 00:17:12+00:00,2025-09-23 23:30:00+00:00,0.0,2025-09-23,2025,PST,MIN,PHX,1.0654205607476634,True,,0.5000000000000001,401820330,3913881,8,11,1,True,False,matched,9.0,2025-09-23,under,0.14416684141766556,1.8771929824561404,-1.0,1.0,False,False,False
2461,3c3b6ba4689d5feb709488681a1955b7,45,DeWanna Bonner,dewannabonner,PHO,rebounds,4.5,-158.0,118.0,10,10,2025-09-22 00:17:12+00:00,2025-09-22 00:17:12+00:00,2025-09-22 00:17:12+00:00,2025-09-23 23:30:00+00:00,0.0,2025-09-23,2025,PST,MIN,PHX,1.0711186971054691,True,,0.5796527091990534,401820330,869,11,8,0,True,False,matched,3.0,2025-09-23,under,0.11763887032713677,2.1799999999999997,1.1799999999999997,1.0,False,False,False
2466,c829f1b0801419515e3e1e7a75e75bb3,166,Jewell Loyd,jewellloyd,LVA,threes,1.5,100.0,-132.0,10,10,2025-09-22 00:17:13+00:00,2025-09-22 00:17:13+00:00,2025-09-22 00:17:13+00:00,2025-09-24 01:30:00+00:00,0.0,2025-09-23,2025,PST,LVA,IND,1.0689655172413794,True,,0.46430627616618364,401820331,2987869,17,5,1,True,False,matched,2.0,2025-09-23,over,0.29970354466366883,2.0,1.0,1.0,False,False,False
2466,a6069f4985587465cbfdd6188440ac96,76,Lexie Hull,lexiehull,IND,points,7.5,-125.0,-104.0,10,10,2025-09-22 00:27:21+00:00,2025-09-22 00:27:21+00:00,2025-09-22 00:27:21+00:00,2025-09-24 01:30:00+00:00,0.0,2025-09-23,2025,PST,LVA,IND,1.065359477124183,True,,0.5236312520088393,401820331,4398829,5,17,0,True,False,matched,15.0,2025-09-23,under,0.1853560066974389,1.9615384615384617,-1.0,1.0,False,False,False
2466,525b23debeb32e1e1e4d64b9fbc39ecf,56,Natasha Howard,natashahoward,MIN,rebounds,6.5,-132.0,100.0,10,10,2025-09-22 00:27:22+00:00,2025-09-22 00:27:22+00:00,2025-09-22 00:27:22+00:00,2025-09-24 01:30:00+00:00,0.0,2025-09-23,2025,PST,LVA,IND,1.0689655172413794,True,,0.5356937238338165,401820331,2529130,5,17,0,True,False,matched,7.0,2025-09-23,under,0.2319021346575118,2.0,-1.0,1.0,False,False,False
2466,b85044ac3e91c7814b962a229d212924,293,Odyssey Sims,odysseysims,DAL,points,9.5,-130.0,100.0,10,10,2025-09-22 00:27:22+00:00,2025-09-22 00:27:22+00:00,2025-09-22 00:27:22+00:00,2025-09-24 01:30:00+00:00,0.0,2025-09-23,2025,PST,LVA,IND,1.065217391304348,True,,0.5336835053940976,401820331,2529047,5,17,0,True,False,matched,18.0,2025-09-23,under,0.17166684886304284,2.0,-1.0,1.0,False,False,False
2461,5c2692f87d6f80e801a1bad3b27c7fcc,177,Sami Whitcomb,samiwhitcomb,PHO,points,7.5,-130.0,100.0,10,10,2025-09-22 18:48:59+00:00,2025-09-22 18:48:59+00:00,2025-09-22 18:48:59+00:00,2025-09-23 23:30:00+00:00,0.0,2025-09-23,2025,PST,MIN,PHX,1.065217391304348,True,,0.5336835053940976,401820330,887,11,8,0,True,False,matched,13.0,2025-09-23,under,0.18399020431773722,2.0,-1.0,1.0,False,False,False
2466,91a3eb53ae4812f59c2c535bff450e5a,103,A'ja Wilson,ajawilson,LVA,threes,0.5,-220.0,150.0,33,33,2025-09-23 18:45:01+00:00,2025-09-23 18:45:01+00:00,2025-09-23 18:45:01+00:00,2025-09-24 01:30:00+00:00,0.0,2025-09-23,2025,PST,LVA,IND,1.0875,True,,0.6505486528676324,401820331,3149391,17,5,1,True,False,matched,1.0,2025-09-23,under,0.21341200141946792,2.5,-1.0,1.0,False,False,False
2462,e2a7a1ee3357e32fe3205a66f62011eb,40,Alyssa Thomas,alyssathomas,PHO,points,14.5,-128.0,-102.0,10,10,2025-09-24 02:08:33+00:00,2025-09-24 02:08:33+00:00,2025-09-24 02:08:33+00:00,2025-09-27 01:30:00+00:00,0.0,2025-09-26,2025,PST,PHX,MIN,1.0663540038214347,True,,0.5291749480305961,401820333,2529140,11,8,1,True,False,matched,21.0,2025-09-26,under,0.2607443975099985,1.9803921568627452,-1.0,1.0,False,False,False
2462,e085c1b7668eb322dd988d4230d28229,117,Courtney Williams,courtneywilliams,MIN,points,13.5,-120.0,-108.0,10,10,2025-09-24 02:08:33+00:00,2025-09-24 02:08:33+00:00,2025-09-24 02:08:33+00:00,2025-09-27 01:30:00+00:00,0.0,2025-09-26,2025,PST,PHX,MIN,1.0646853146853146,True,,0.5135396953663074,401820333,2987891,8,11,0,True,False,matched,14.0,2025-09-26,under,0.20475207954631836,1.925925925925926,-1.0,1.0,False,False,False
2462,f0a9cd0039190a1ab1970d6ea98f1621,54,Satou Sabally,satousabally,NYL,points,15.5,-114.0,-114.0,10,10,2025-09-24 02:08:33+00:00,2025-09-24 02:08:33+00:00,2025-09-24 02:08:33+00:00,2025-09-27 01:30:00+00:00,0.0,2025-09-26,2025,PST,PHX,MIN,1.0654205607476634,True,,0.5000000000000001,401820333,4281929,11,8,1,True,False,matched,23.0,2025-09-26,under,0.16330154916660206,1.8771929824561404,-1.0,1.0,False,False,False
2462,f94531ecfe13ce1b2cecd74287b7d75d,112,Napheesa Collier,napheesacollier,MIN,points,21.5,-114.0,-114.0,10,10,2025-09-24 02:08:33+00:00,2025-09-24 02:08:33+00:00,2025-09-24 02:08:33+00:00,2025-09-27 01:30:00+00:00,0.0,2025-09-26,2025,PST,PHX,MIN,1.0654205607476634,True,,0.5000000000000001,401820333,3917450,8,11,0,True,False,matched,17.0,2025-09-26,under,0.16211567682571054,1.8771929824561404,0.8771929824561404,1.0,False,False,False
2462,4be50a31aa93cccd92f27f9bd31f94bd,125,Kayla McBride,kaylamcbride,MIN,points,15.5,-104.0,-125.0,10,10,2025-09-24 02:08:33+00:00,2025-09-24 02:08:33+00:00,2025-09-24 02:08:33+00:00,2025-09-27 01:30:00+00:00,0.0,2025-09-26,2025,PST,PHX,MIN,1.065359477124183,True,,0.4763687479911608,401820333,2529205,8,11,0,True,False,matched,12.0,2025-09-26,under,0.15906408039468517,1.8,0.8,1.0,False,False,False
2462,38375858617daf045f945e0129998ea2,155,Kahleah Copper,kahleahcopper,PHO,threes,1.5,-138.0,104.0,10,10,2025-09-24 02:08:33+00:00,2025-09-24 02:08:33+00:00,2025-09-24 02:08:33+00:00,2025-09-27 01:30:00+00:00,0.0,2025-09-26,2025,PST,PHX,MIN,1.0700280112044818,True,,0.5464208361470752,401820333,2998938,11,8,1,True,False,matched,1.0,2025-09-26,under,0.10322829070958373,2.04,1.04,1.0,False,False,False
2467,e088d9b106bbce39592d733b58aeee55,102,Jackie Young,jackieyoung,LVA,points,16.5,-130.0,100.0,10,10,2025-09-24 03:41:35+00:00,2025-09-24 03:41:35+00:00,2025-09-24 03:41:35+00:00,2025-09-26 23:30:00+00:00,0.0,2025-09-26,2025,PST,IND,LVA,1.065217391304348,True,,0.5336835053940976,401820334,4065870,17,5,0,True,False,matched,25.0,2025-09-26,under,0.17831876139613234,2.0,-1.0,1.0,False,False,False
2467,fa77e99a8522907b76b8d5fb09b8586a,107,Chelsea Gray,chelseagray,LVA,threes,1.5,164.0,-225.0,10,10,2025-09-24 03:41:35+00:00,2025-09-24 03:41:35+00:00,2025-09-24 03:41:35+00:00,2025-09-26 23:30:00+00:00,0.0,2025-09-26,2025,PST,IND,LVA,1.0710955710955712,True,,0.33738864980507277,401820334,2529122,17,5,0,True,False,matched,1.0,2025-09-26,over,0.15374193091308264,2.6399999999999997,-1.0,1.0,False,False,False
2467,2916a7c01dcb36451bd1b96911236560,293,Odyssey Sims,odysseysims,DAL,threes,1.5,194.0,-270.0,10,10,2025-09-24 03:41:36+00:00,2025-09-24 03:41:36+00:00,2025-09-24 03:41:36+00:00,2025-09-26 23:30:00+00:00,0.0,2025-09-26,2025,PST,IND,LVA,1.0698657841514985,True,,0.2979582365398174,401820334,2529047,5,17,1,True,False,matched,0.0,2025-09-26,under,0.19110203020607336,1.3703703703703702,0.37037037037037024,1.0,False,False,False
2467,232794b3fb0a93bc63adfc062805c91a,103,A'ja Wilson,ajawilson,LVA,points,25.5,-118.0,-110.0,10,10,2025-09-24 03:41:36+00:00,2025-09-24 03:41:36+00:00,2025-09-24 03:41:36+00:00,2025-09-26 23:30:00+00:00,0.0,2025-09-26,2025,PST,IND,LVA,1.0650939274792486,True,,0.5090245232268319,401820334,3149391,17,5,0,True,False,matched,13.0,2025-09-26,under,0.18741012301687443,1.9090909090909092,0.9090909090909092,1.0,False,False,False
2467,e48b5a7b5d491543cc10418cbb763832,56,Natasha Howard,natashahoward,MIN,rebounds,6.5,-152.0,114.0,10,10,2025-09-24 03:41:36+00:00,2025-09-24 03:41:36+00:00,2025-09-24 03:41:36+00:00,2025-09-26 23:30:00+00:00,0.0,2025-09-26,2025,PST,IND,LVA,1.0704643228007713,True,,0.5703965275254933,401820334,2529130,5,17,1,True,False,matched,5.0,2025-09-26,under,0.1842716415645313,2.1399999999999997,1.1399999999999997,1.0,False,False,False
2467,075d66aa1c983d9d75fbdf19316d605b,76,Lexie Hull,lexiehull,IND,points,7.5,-130.0,100.0,10,10,2025-09-24 03:41:36+00:00,2025-09-24 03:41:36+00:00,2025-09-24 03:41:36+00:00,2025-09-26 23:30:00+00:00,0.0,2025-09-26,2025,PST,IND,LVA,1.065217391304348,True,,0.5336835053940976,401820334,4398829,5,17,1,True,False,matched,16.0,2025-09-26,under,0.18276498420946663,2.0,-1.0,1.0,False,False,False
2467,56a679a66d6625afdb36c8d27bae642f,71,Aliyah Boston,aliyahboston,IND,points,13.5,-108.0,-120.0,10,10,2025-09-24 03:41:36+00:00,2025-09-24 03:41:36+00:00,2025-09-24 03:41:36+00:00,2025-09-26 23:30:00+00:00,0.0,2025-09-26,2025,PST,IND,LVA,1.0646853146853146,True,,0.48646030463369283,401820334,4432831,5,17,1,True,False,matched,12.0,2025-09-26,under,0.1418735436906986,1.8333333333333335,0.8333333333333335,1.0,False,False,False
2467,a44ccdc25857a1f35bac15acae41d693,73,NaLyssa Smith,nalyssasmith,LVA,points,7.5,-106.0,-122.0,10,10,2025-09-24 03:41:36+00:00,2025-09-24 03:41:36+00:00,2025-09-24 03:41:36+00:00,2025-09-26 23:30:00+00:00,0.0,2025-09-26,2025,PST,IND,LVA,1.064112656345666,True,,0.4819416314468661,401820334,4398776,17,5,0,True,False,matched,16.0,2025-09-26,under,0.11040472739586299,1.819672131147541,-1.0,1.0,False,False,False
2462,7fb0faf129e36ee1c011be3c5916dd0f,121,Alanna Smith,alannasmith,DAL,rebounds,4.5,-120.0,-110.0,10,10,2025-09-24 04:10:47+00:00,2025-09-24 04:10:47+00:00,2025-09-24 04:10:47+00:00,2025-09-27 01:30:00+00:00,0.0,2025-09-26,2025,PST,PHX,MIN,1.0692640692640691,True,,0.5112040114787568,401820333,3913881,8,11,0,True,False,matched,1.0,2025-09-26,under,0.1255328230879898,1.9090909090909092,0.9090909090909092,1.0,False,False,False
2462,86337069c6f2546c8ca822fee4c4ae23,45,DeWanna Bonner,dewannabonner,PHO,rebounds,5.5,-154.0,116.0,10,10,2025-09-24 20:22:54+00:00,2025-09-24 20:22:54+00:00,2025-09-24 20:22:54+00:00,2025-09-27 01:30:00+00:00,0.0,2025-09-26,2025,PST,PHX,MIN,1.0692621755613883,True,,0.574207987656796,401820333,869,11,8,1,True,False,matched,8.0,2025-09-26,under,0.32749771022437124,2.16,-1.0,1.0,False,False,False
2462,439fb028810e61ea3550bbd8d2d7eede,177,Sami Whitcomb,samiwhitcomb,PHO,rebounds,3.5,180.0,-250.0,13,13,2025-09-26 14:57:34+00:00,2025-09-26 14:57:34+00:00,2025-09-26 14:57:34+00:00,2025-09-27 01:30:00+00:00,0.0,2025-09-26,2025,PST,PHX,MIN,1.0714285714285714,True,,0.31466724774137694,401820333,887,11,8,1,True,False,matched,1.0,2025-09-26,under,0.10543288307789081,1.4,0.3999999999999999,1.0,False,False,False
2467,9340396a888a89134d04ca48c5064688,70,Kelsey Mitchell,kelseymitchell,IND,rebounds,2.5,148.0,-263.0,60,60,2025-09-26 22:16:10+00:00,2025-09-26 22:16:10+00:00,2025-09-26 22:16:10+00:00,2025-09-26 23:30:00+00:00,0.0,2025-09-26,2025,PST,IND,LVA,1.127743712787701,True,,0.32722643491079234,401820334,3142191,5,17,1,True,False,matched,2.0,2025-09-26,under,0.13587374329132787,1.3802281368821292,0.3802281368821292,1.0,False,False,False
2468,6be8400f103fae6f28325a0b5d0c82e9,76,Lexie Hull,lexiehull,IND,points,9.5,-108.0,-120.0,10,10,2025-09-27 02:19:53+00:00,2025-09-27 02:19:53+00:00,2025-09-27 02:19:53+00:00,2025-09-28 19:00:00+00:00,0.0,2025-09-28,2025,PST,IND,LVA,1.0646853146853146,True,,0.48646030463369283,401820337,4398829,5,17,1,True,False,matched,7.0,2025-09-28,under,0.24058164677254884,1.8333333333333335,0.8333333333333335,1.0,False,False,False
2468,f3f0d707dfc0592680218bcbea5c7302,71,Aliyah Boston,aliyahboston,IND,points,13.5,104.0,-135.0,10,10,2025-09-27 02:19:53+00:00,2025-09-27 02:19:53+00:00,2025-09-27 02:19:53+00:00,2025-09-28 19:00:00+00:00,0.0,2025-09-28,2025,PST,IND,LVA,1.0646641635377556,True,,0.45648742045938223,401820337,4432831,5,17,1,True,False,matched,24.0,2025-09-28,under,0.10695663816655276,1.7407407407407407,-1.0,1.0,False,False,False
2468,f0403b40acca44e421592b12998fdcfa,70,Kelsey Mitchell,kelseymitchell,IND,points,20.5,-115.0,-113.0,10,10,2025-09-27 02:19:53+00:00,2025-09-27 02:19:53+00:00,2025-09-27 02:19:53+00:00,2025-09-28 19:00:00+00:00,0.0,2025-09-28,2025,PST,IND,LVA,1.0654001528551151,True,,0.5022557674006809,401820337,3142191,5,17,1,True,False,matched,25.0,2025-09-28,under,0.1011489610279287,1.8849557522123894,-1.0,1.0,False,False,False
2468,2869d6cf3f55c0f9faab76f9907d430a,103,A'ja Wilson,ajawilson,LVA,threes,0.5,-210.0,154.0,10,10,2025-09-27 02:19:54+00:00,2025-09-27 02:19:54+00:00,2025-09-27 02:19:54+00:00,2025-09-28 19:00:00+00:00,0.0,2025-09-28,2025,PST,IND,LVA,1.0711201422402845,True,,0.647128898265053,401820337,3149391,17,5,0,True,False,matched,0.0,2025-09-28,under,0.21571110626891998,2.54,1.54,1.0,False,False,False
2468,1b2c9b818e55d3656bacb7809699fc8e,73,NaLyssa Smith,nalyssasmith,LVA,points,9.5,104.0,-135.0,10,10,2025-09-27 02:19:54+00:00,2025-09-27 02:19:54+00:00,2025-09-27 02:19:54+00:00,2025-09-28 19:00:00+00:00,0.0,2025-09-28,2025,PST,IND,LVA,1.0646641635377556,True,,0.45648742045938223,401820337,4398776,17,5,0,True,False,matched,8.0,2025-09-28,under,0.1549851994563088,1.7407407407407407,0.7407407407407407,1.0,False,False,False
2468,489c40039b6ee31703a2e7e1bf9c7780,102,Jackie Young,jackieyoung,LVA,points,16.5,-113.0,-115.0,10,10,2025-09-27 02:19:54+00:00,2025-09-27 02:19:54+00:00,2025-09-27 02:19:54+00:00,2025-09-28 19:00:00+00:00,0.0,2025-09-28,2025,PST,IND,LVA,1.0654001528551151,True,,0.49774423259931944,401820337,4065870,17,5,0,True,False,matched,18.0,2025-09-28,under,0.12090217297790329,1.8695652173913042,-1.0,1.0,False,False,False
2468,c852af8b49f3f7e0c8c9d9a96c31b820,166,Jewell Loyd,jewellloyd,LVA,threes,1.5,104.0,-138.0,10,10,2025-09-27 02:42:13+00:00,2025-09-27 02:42:13+00:00,2025-09-27 02:42:13+00:00,2025-09-28 19:00:00+00:00,0.0,2025-09-28,2025,PST,IND,LVA,1.0700280112044818,True,,0.4535791638529251,401820337,2987869,17,5,0,True,False,matched,2.0,2025-09-28,over,0.25629076297964837,2.04,1.04,1.0,False,False,False
2463,aa7e92174b0ce41821f4f9cfc0775ee4,54,Satou Sabally,satousabally,NYL,assists,2.5,158.0,-215.0,10,10,2025-09-27 04:09:04+00:00,2025-09-27 04:09:04+00:00,2025-09-27 04:09:04+00:00,2025-09-29 00:00:00+00:00,0.0,2025-09-28,2025,PST,PHX,MIN,1.0701365817644888,True,,0.347126998954303,401820338,4281929,11,8,1,True,False,matched,3.0,2025-09-28,over,0.3051260710877479,2.58,1.58,1.0,False,False,False
2463,a2686701d77a804631c6fb7c8fd57bf5,155,Kahleah Copper,kahleahcopper,PHO,assists,1.5,-138.0,104.0,10,10,2025-09-27 04:09:04+00:00,2025-09-27 04:09:04+00:00,2025-09-27 04:09:04+00:00,2025-09-29 00:00:00+00:00,0.0,2025-09-28,2025,PST,PHX,MIN,1.0700280112044818,True,,0.5464208361470752,401820338,2998938,11,8,1,True,False,matched,0.0,2025-09-28,under,0.2547213861086393,2.04,1.04,1.0,False,False,False
2463,464b7116200cdeba3ed7ccb9563acd73,40,Alyssa Thomas,alyssathomas,PHO,points,15.5,-114.0,-114.0,10,10,2025-09-27 04:09:04+00:00,2025-09-27 04:09:04+00:00,2025-09-27 04:09:04+00:00,2025-09-29 00:00:00+00:00,0.0,2025-09-28,2025,PST,PHX,MIN,1.0654205607476634,True,,0.5000000000000001,401820338,2529140,11,8,1,True,False,matched,23.0,2025-09-28,under,0.2046710762524372,1.8771929824561404,-1.0,1.0,False,False,False
2463,b5d60739a100a5da09edce3883acb655,117,Courtney Williams,courtneywilliams,MIN,points,17.5,102.0,-132.0,10,10,2025-09-27 04:40:13+00:00,2025-09-27 04:40:13+00:00,2025-09-27 04:40:13+00:00,2025-09-29 00:00:00+00:00,0.0,2025-09-28,2025,PST,PHX,MIN,1.0640150221918745,True,,0.4618487426836327,401820338,2987891,8,11,0,True,False,matched,20.0,2025-09-28,under,0.28671646385896826,1.7575757575757576,-1.0,1.0,False,False,False
2463,6baa5cff0a40799783de86905c899070,125,Kayla McBride,kaylamcbride,MIN,points,17.5,-114.0,-114.0,10,10,2025-09-27 04:40:13+00:00,2025-09-27 04:40:13+00:00,2025-09-27 04:40:13+00:00,2025-09-29 00:00:00+00:00,0.0,2025-09-28,2025,PST,PHX,MIN,1.0654205607476634,True,,0.5000000000000001,401820338,2529205,8,11,0,True,False,matched,31.0,2025-09-28,under,0.2722913514882488,1.8771929824561404,-1.0,1.0,False,False,False
2463,d100f925ac6cda2ab8cfc1b233e3590d,128,Bridget Carleton,bridgetcarleton,PDX,rebounds,3.5,-185.0,130.0,33,33,2025-09-27 13:11:42+00:00,2025-09-27 13:11:42+00:00,2025-09-27 13:11:42+00:00,2025-09-29 00:00:00+00:00,0.0,2025-09-28,2025,PST,PHX,MIN,1.083905415713196,True,,0.6119415302438886,401820338,3906972,8,11,0,True,False,matched,3.0,2025-09-28,under,0.1970190655103895,2.3,1.2999999999999998,1.0,False,False,False
2463,b1cc71c94d2d4bf2a824f2ba2060c5fc,121,Alanna Smith,alannasmith,DAL,rebounds,5.5,-125.0,-115.0,33,33,2025-09-27 22:10:57+00:00,2025-09-27 22:10:57+00:00,2025-09-27 22:10:57+00:00,2025-09-29 00:00:00+00:00,0.0,2025-09-28,2025,PST,PHX,MIN,1.0904392764857882,True,,0.5108317091649132,401820338,3913881,8,11,0,True,False,matched,8.0,2025-09-28,under,0.3373064293656073,1.8695652173913042,-1.0,1.0,False,False,False
2468,8d0944150610d81f2ccc9713f9a5d243,293,Odyssey Sims,odysseysims,DAL,threes,1.5,178.0,-250.0,36,36,2025-09-28 18:47:52+00:00,2025-09-28 18:47:52+00:00,2025-09-28 18:47:52+00:00,2025-09-28 19:00:00+00:00,0.0,2025-09-28,2025,PST,IND,LVA,1.0739979445015417,True,,0.3157250712043713,401820337,2529047,5,17,1,True,False,matched,1.0,2025-09-28,under,0.2315755854076737,1.4,0.3999999999999999,1.0,False,False,False
2469,9769fdfb21e6b941e07a4ccf882bc04f,71,Aliyah Boston,aliyahboston,IND,rebounds,9.5,-112.0,-118.0,10,10,2025-09-28 23:13:00+00:00,2025-09-28 23:13:00+00:00,2025-09-28 23:13:00+00:00,2025-10-01 01:30:00+00:00,0.0,2025-09-30,2025,PST,LVA,IND,1.0695862904621776,True,,0.49327872882454105,401820340,4432831,5,17,0,True,False,matched,16.0,2025-09-30,under,0.1347660668427862,1.847457627118644,-1.0,1.0,False,False,False
2469,fe411667f397917ab0d0e7d6f29a43ad,70,Kelsey Mitchell,kelseymitchell,IND,points,21.5,100.0,-130.0,10,10,2025-09-28 23:13:00+00:00,2025-09-28 23:13:00+00:00,2025-09-28 23:13:00+00:00,2025-10-01 01:30:00+00:00,0.0,2025-09-30,2025,PST,LVA,IND,1.065217391304348,True,,0.4663164946059025,401820340,3142191,5,17,0,True,False,matched,15.0,2025-09-30,under,0.10980928140225821,1.7692307692307692,0.7692307692307692,1.0,False,False,False
2469,f873e747645fcf39dc85ed9a0b334bb1,103,A'ja Wilson,ajawilson,LVA,points,25.5,-102.0,-128.0,10,10,2025-09-28 23:13:00+00:00,2025-09-28 23:13:00+00:00,2025-09-28 23:13:00+00:00,2025-10-01 01:30:00+00:00,0.0,2025-09-30,2025,PST,LVA,IND,1.0663540038214347,True,,0.47082505196940394,401820340,3149391,17,5,1,True,False,matched,35.0,2025-09-30,under,0.10922472134260164,1.78125,-1.0,1.0,False,False,False
2469,905e1a86901509ef066378e406532f82,76,Lexie Hull,lexiehull,IND,rebounds,4.5,-130.0,-102.0,10,10,2025-09-28 23:13:01+00:00,2025-09-28 23:13:01+00:00,2025-09-28 23:13:01+00:00,2025-10-01 01:30:00+00:00,0.0,2025-09-30,2025,PST,LVA,IND,1.0701678863538528,True,,0.5312123494364493,401820340,4398829,5,17,0,True,False,matched,7.0,2025-09-30,under,0.17207106301213826,1.9803921568627452,-1.0,1.0,False,False,False
2469,95950794d72f850a75d9f5679e311896,293,Odyssey Sims,odysseysims,DAL,points,9.5,-122.0,-106.0,10,10,2025-09-28 23:13:01+00:00,2025-09-28 23:13:01+00:00,2025-09-28 23:13:01+00:00,2025-10-01 01:30:00+00:00,0.0,2025-09-30,2025,PST,LVA,IND,1.064112656345666,True,,0.518058368553134,401820340,2529047,5,17,0,True,False,matched,27.0,2025-09-30,under,0.10771419333973897,1.9433962264150944,-1.0,1.0,False,False,False
2463,ce57decadc815236f68c72d343de9074,116,Jessica Shepard,jessicashepard,DAL,points,10.5,-114.0,-114.0,10,10,2025-09-28 23:39:54+00:00,2025-09-28 23:39:54+00:00,2025-09-28 23:39:54+00:00,2025-09-29 00:00:00+00:00,0.0,2025-09-28,2025,PST,PHX,MIN,1.0654205607476634,True,,0.5000000000000001,401820338,3906949,8,11,0,True,False,matched,14.0,2025-09-28,under,0.5983612963752913,1.8771929824561404,-1.0,1.0,False,False,False
2469,0a076b74973061a36913a06473992f4f,166,Jewell Loyd,jewellloyd,LVA,threes,1.5,124.0,-166.0,10,10,2025-09-29 03:08:55+00:00,2025-09-29 03:08:55+00:00,2025-09-29 03:08:55+00:00,2025-10-01 01:30:00+00:00,0.0,2025-09-30,2025,PST,LVA,IND,1.0704887218045114,True,,0.40796342297849103,401820340,2987869,17,5,1,True,False,matched,2.0,2025-09-30,over,0.2996045261004448,2.24,1.2400000000000002,1.0,False,False,False
2470,123a1c38ec3a8535c8c439b579ac2c57,54,Satou Sabally,satousabally,NYL,rebounds,6.5,-135.0,105.0,19,19,2025-10-02 10:51:46+00:00,2025-10-02 10:51:46+00:00,2025-10-02 10:51:46+00:00,2025-10-04 00:00:00+00:00,0.0,2025-10-03,2025,PST,LVA,PHX,1.0622729631551635,True,,0.5446886059829622,401820322,4281929,11,17,0,True,False,matched,4.0,2025-10-03,under,0.23736117529243633,2.05,1.0499999999999998,1.0,False,False,False
2470,c4b74254750270824a4eededd3ed7922,73,NaLyssa Smith,nalyssasmith,LVA,rebounds,5.5,-105.0,-125.0,19,19,2025-10-02 10:51:46+00:00,2025-10-02 10:51:46+00:00,2025-10-02 10:51:46+00:00,2025-10-04 00:00:00+00:00,0.0,2025-10-03,2025,PST,LVA,PHX,1.067750677506775,True,,0.47757418034290006,401820322,4398776,17,11,1,True,False,matched,6.0,2025-10-03,under,0.21342987572981031,1.8,-1.0,1.0,False,False,False
2470,60e98f5833ed001b5203b53371cb824b,155,Kahleah Copper,kahleahcopper,PHO,rebounds,3.5,-105.0,-125.0,19,19,2025-10-02 10:51:46+00:00,2025-10-02 10:51:46+00:00,2025-10-02 10:51:46+00:00,2025-10-04 00:00:00+00:00,0.0,2025-10-03,2025,PST,LVA,PHX,1.067750677506775,True,,0.47757418034290006,401820322,2998938,11,17,0,True,False,matched,4.0,2025-10-03,under,0.1282811502187033,1.8,-1.0,1.0,False,False,False
2470,5b31279dbbe9d1dc20ea6daf1a92ce2e,166,Jewell Loyd,jewellloyd,LVA,threes,1.5,105.0,-135.0,19,19,2025-10-02 10:51:47+00:00,2025-10-02 10:51:47+00:00,2025-10-02 10:51:47+00:00,2025-10-04 00:00:00+00:00,0.0,2025-10-03,2025,PST,LVA,PHX,1.0622729631551635,True,,0.45531139401703796,401820322,2987869,17,11,1,True,False,matched,2.0,2025-10-03,over,0.18502345780728913,2.05,1.0499999999999998,1.0,False,False,False
2470,f7dfa8f3dfdf0a63833fccd9106a2b31,107,Chelsea Gray,chelseagray,LVA,assists,6.5,115.0,-150.0,19,19,2025-10-02 10:51:47+00:00,2025-10-02 10:51:47+00:00,2025-10-02 10:51:47+00:00,2025-10-04 00:00:00+00:00,0.0,2025-10-03,2025,PST,LVA,PHX,1.0651162790697675,True,,0.4303309521852797,401820322,2529122,17,11,1,True,False,matched,10.0,2025-10-03,over,0.11178385049740869,2.15,1.15,1.0,False,False,False
2470,e51ca11d7686fceea6ccd16002249207,103,A'ja Wilson,ajawilson,LVA,rebounds,10.5,-132.0,100.0,10,10,2025-10-02 10:52:01+00:00,2025-10-02 10:52:01+00:00,2025-10-02 10:52:01+00:00,2025-10-04 00:00:00+00:00,0.0,2025-10-03,2025,PST,LVA,PHX,1.0689655172413794,True,,0.5356937238338165,401820322,3149391,17,11,1,True,False,matched,10.0,2025-10-03,under,0.17901473302738247,2.0,1.0,1.0,False,False,False
2470,3bc4decacbce0d5d0f897150092a9c7e,40,Alyssa Thomas,alyssathomas,PHO,points,15.5,-128.0,-102.0,10,10,2025-10-02 10:52:01+00:00,2025-10-02 10:52:01+00:00,2025-10-02 10:52:01+00:00,2025-10-04 00:00:00+00:00,0.0,2025-10-03,2025,PST,LVA,PHX,1.0663540038214347,True,,0.5291749480305961,401820322,2529140,11,17,0,True,False,matched,15.0,2025-10-03,under,0.17817212750083278,1.9803921568627452,0.9803921568627452,1.0,False,False,False
2470,8b8657d1a346c26801da0212e6d1f69d,102,Jackie Young,jackieyoung,LVA,assists,5.5,114.0,-152.0,10,10,2025-10-02 10:52:02+00:00,2025-10-02 10:52:02+00:00,2025-10-02 10:52:02+00:00,2025-10-04 00:00:00+00:00,0.0,2025-10-03,2025,PST,LVA,PHX,1.0704643228007713,True,,0.42960347247450675,401820322,4065870,17,11,1,True,False,matched,5.0,2025-10-03,over,0.18859968379407066,2.1399999999999997,-1.0,1.0,False,False,False
2470,cc4efe33869e8860e61981b00e138ede,177,Sami Whitcomb,samiwhitcomb,PHO,rebounds,2.5,-160.0,110.0,33,33,2025-10-02 11:02:10+00:00,2025-10-02 11:02:10+00:00,2025-10-02 11:02:10+00:00,2025-10-04 00:00:00+00:00,0.0,2025-10-03,2025,PST,LVA,PHX,1.0915750915750917,True,,0.5730037518171978,401820322,887,11,17,0,True,False,matched,2.0,2025-10-03,under,0.2658960091821328,2.1,1.1,1.0,False,False,False
2471,bac4a9a05458361492cc87addecab9fc,155,Kahleah Copper,kahleahcopper,PHO,points,16.5,-120.0,-108.0,10,10,2025-10-04 02:20:57+00:00,2025-10-04 02:20:57+00:00,2025-10-04 02:20:57+00:00,2025-10-05 19:00:00+00:00,0.0,2025-10-05,2025,PST,LVA,PHX,1.0646853146853146,True,,0.5135396953663074,401820325,2998938,11,17,0,True,False,matched,23.0,2025-10-05,under,0.216390716988278,1.925925925925926,-1.0,1.0,False,False,False
2471,a5fa17b40e72561d6f7b25f6a71f5c2c,54,Satou Sabally,satousabally,NYL,points,16.5,-120.0,-108.0,10,10,2025-10-04 02:20:57+00:00,2025-10-04 02:20:57+00:00,2025-10-04 02:20:57+00:00,2025-10-05 19:00:00+00:00,0.0,2025-10-05,2025,PST,LVA,PHX,1.0646853146853146,True,,0.5135396953663074,401820325,4281929,11,17,0,True,False,matched,22.0,2025-10-05,under,0.11098304132628228,1.925925925925926,-1.0,1.0,False,False,False
2471,a03253c4180124fd56154569a5580814,45,DeWanna Bonner,dewannabonner,PHO,rebounds,6.5,100.0,-132.0,10,10,2025-10-04 02:20:58+00:00,2025-10-04 02:20:58+00:00,2025-10-04 02:20:58+00:00,2025-10-05 19:00:00+00:00,0.0,2025-10-05,2025,PST,LVA,PHX,1.0689655172413794,True,,0.46430627616618364,401820325,869,11,17,0,True,False,matched,0.0,2025-10-05,under,0.2377047364011453,1.7575757575757576,0.7575757575757576,1.0,False,False,False
2471,b6e91dfe058769224d9246836aa32377,103,A'ja Wilson,ajawilson,LVA,assists,3.5,-104.0,-128.0,10,10,2025-10-04 02:20:58+00:00,2025-10-04 02:20:58+00:00,2025-10-04 02:20:58+00:00,2025-10-05 19:00:00+00:00,0.0,2025-10-05,2025,PST,LVA,PHX,1.0712074303405572,True,,0.4732611100971195,401820325,3149391,17,11,1,True,False,matched,3.0,2025-10-05,under,0.16404135507468048,1.78125,0.78125,1.0,False,False,False
2471,75c1a036384a90c610b9b055f89968df,166,Jewell Loyd,jewellloyd,LVA,points,9.5,-130.0,100.0,10,10,2025-10-04 02:20:59+00:00,2025-10-04 02:20:59+00:00,2025-10-04 02:20:59+00:00,2025-10-05 19:00:00+00:00,0.0,2025-10-05,2025,PST,LVA,PHX,1.065217391304348,True,,0.5336835053940976,401820325,2987869,17,11,1,True,False,matched,9.0,2025-10-05,under,0.17468557220995617,2.0,1.0,1.0,False,False,False
2471,679509bca4349ef62a0898ef2a70151c,23,Dana Evans,danaevans,LVA,threes,1.5,114.0,-152.0,10,10,2025-10-04 02:31:59+00:00,2025-10-04 02:31:59+00:00,2025-10-04 02:31:59+00:00,2025-10-05 19:00:00+00:00,0.0,2025-10-05,2025,PST,LVA,PHX,1.0704643228007713,True,,0.42960347247450675,401820325,4281190,17,11,1,True,False,matched,1.0,2025-10-05,under,0.3217094010047204,1.6578947368421053,0.6578947368421053,1.0,False,False,False
2471,8fd1479525aa7c41668291cadb56c414,73,NaLyssa Smith,nalyssasmith,LVA,rebounds,5.5,104.0,-138.0,10,10,2025-10-04 03:38:20+00:00,2025-10-04 03:38:20+00:00,2025-10-04 03:38:20+00:00,2025-10-05 19:00:00+00:00,0.0,2025-10-05,2025,PST,LVA,PHX,1.0700280112044818,True,,0.4535791638529251,401820325,4398776,17,11,1,True,False,matched,5.0,2025-10-05,under,0.16262604840456868,1.7246376811594204,0.7246376811594204,1.0,False,False,False
2472,34d6f94ad02bc3cd247c63f8fd2323e0,155,Kahleah Copper,kahleahcopper,PHO,assists,2.5,148.0,-200.0,10,10,2025-10-05 21:14:56+00:00,2025-10-05 21:14:56+00:00,2025-10-05 21:14:56+00:00,2025-10-09 00:00:00+00:00,0.0,2025-10-08,2025,PST,PHX,LVA,1.0698924731182795,True,,0.3634985050458517,401820326,2998938,11,17,1,True,False,matched,0.0,2025-10-08,under,0.2798771851458087,1.5,0.5,1.0,False,False,False
2472,ad6ff74dc2505b776eaaa60a6a082b65,107,Chelsea Gray,chelseagray,LVA,threes,1.5,188.0,-260.0,10,10,2025-10-05 21:14:56+00:00,2025-10-05 21:14:56+00:00,2025-10-05 21:14:56+00:00,2025-10-09 00:00:00+00:00,0.0,2025-10-08,2025,PST,PHX,LVA,1.0694444444444444,True,,0.30559904235364327,401820326,2529122,17,11,0,True,False,matched,1.0,2025-10-08,over,0.22780290933272518,2.88,-1.0,1.0,False,False,False
2472,012c0a3f2929afa5fa8620c1ffd901a9,103,A'ja Wilson,ajawilson,LVA,threes,0.5,-166.0,124.0,10,10,2025-10-05 21:14:56+00:00,2025-10-05 21:14:56+00:00,2025-10-05 21:14:56+00:00,2025-10-09 00:00:00+00:00,0.0,2025-10-08,2025,PST,PHX,LVA,1.0704887218045114,True,,0.5920365770215091,401820326,3149391,17,11,0,True,False,matched,1.0,2025-10-08,under,0.19717606540033078,2.24,-1.0,1.0,False,False,False
2472,e8ba794520c7bcda535673c648e07c13,54,Satou Sabally,satousabally,NYL,points,17.5,-120.0,-108.0,10,10,2025-10-05 21:14:56+00:00,2025-10-05 21:14:56+00:00,2025-10-05 21:14:56+00:00,2025-10-09 00:00:00+00:00,0.0,2025-10-08,2025,PST,PHX,LVA,1.0646853146853146,True,,0.5135396953663074,401820326,4281929,11,17,1,True,False,matched,24.0,2025-10-08,under,0.13196894728558173,1.925925925925926,-1.0,1.0,False,False,False
2472,227a2fe9fbd7c19076501467d81058df,45,DeWanna Bonner,dewannabonner,PHO,rebounds,5.5,-148.0,112.0,10,10,2025-10-05 21:14:57+00:00,2025-10-05 21:14:57+00:00,2025-10-05 21:14:57+00:00,2025-10-09 00:00:00+00:00,0.0,2025-10-08,2025,PST,PHX,LVA,1.0684723067559343,True,,0.5647227530167998,401820326,869,11,17,1,True,False,matched,10.0,2025-10-08,under,0.15458196210958053,2.12,-1.0,1.0,False,False,False
2472,1465349bb13c9a19741ad9be792ad514,102,Jackie Young,jackieyoung,LVA,assists,5.5,128.0,-172.0,10,10,2025-10-05 21:14:57+00:00,2025-10-05 21:14:57+00:00,2025-10-05 21:14:57+00:00,2025-10-09 00:00:00+00:00,0.0,2025-10-08,2025,PST,PHX,LVA,1.0709494324045408,True,,0.39957653069922067,401820326,4065870,17,11,0,True,False,matched,9.0,2025-10-08,over,0.1497863713028399,2.2800000000000002,1.2800000000000002,1.0,False,False,False
2472,edb77cea629e0fbafa01ccbd6fd83004,177,Sami Whitcomb,samiwhitcomb,PHO,rebounds,2.5,-167.0,123.0,36,36,2025-10-05 23:00:36+00:00,2025-10-05 23:00:36+00:00,2025-10-05 23:00:36+00:00,2025-10-09 00:00:00+00:00,0.0,2025-10-08,2025,PST,PHX,LVA,1.0738986580675502,True,,0.5919069228017925,401820326,887,11,17,1,True,False,matched,1.0,2025-10-08,under,0.34545407950412377,2.23,1.23,1.0,False,False,False
2473,ba7b806263264083a729e75549bf4610,45,DeWanna Bonner,dewannabonner,PHO,points,14.5,-110.0,-118.0,10,10,2025-10-09 02:42:39+00:00,2025-10-09 02:42:39+00:00,2025-10-09 02:42:39+00:00,2025-10-11 00:00:00+00:00,0.0,2025-10-10,2025,PST,PHX,LVA,1.0650939274792486,True,,0.4909754767731684,401820329,869,11,17,1,True,False,matched,10.0,2025-10-10,under,0.5486957708570401,1.847457627118644,0.847457627118644,1.0,False,False,False
2473,04e045f8296bb3bcb1cd550b2dab062a,103,A'ja Wilson,ajawilson,LVA,rebounds,11.5,-114.0,-114.0,10,10,2025-10-09 02:42:39+00:00,2025-10-09 02:42:39+00:00,2025-10-09 02:42:39+00:00,2025-10-11 00:00:00+00:00,0.0,2025-10-10,2025,PST,PHX,LVA,1.0654205607476634,True,,0.5000000000000001,401820329,3149391,17,11,0,True,False,matched,9.0,2025-10-10,under,0.22269171533248322,1.8771929824561404,0.8771929824561404,1.0,False,False,False
2473,da55aef12f191b937eae3e74a34a3bda,155,Kahleah Copper,kahleahcopper,PHO,assists,2.5,158.0,-215.0,10,10,2025-10-09 02:42:40+00:00,2025-10-09 02:42:40+00:00,2025-10-09 02:42:40+00:00,2025-10-11 00:00:00+00:00,0.0,2025-10-10,2025,PST,PHX,LVA,1.0701365817644888,True,,0.347126998954303,401820329,2998938,11,17,1,True,False,matched,1.0,2025-10-10,under,0.2861497467346463,1.4651162790697674,0.4651162790697674,1.0,False,False,False
2473,0bddb04e411db9d4bff790efa0e49acf,40,Alyssa Thomas,alyssathomas,PHO,points,16.5,-106.0,-122.0,10,10,2025-10-09 02:42:40+00:00,2025-10-09 02:42:40+00:00,2025-10-09 02:42:40+00:00,2025-10-11 00:00:00+00:00,0.0,2025-10-10,2025,PST,PHX,LVA,1.064112656345666,True,,0.4819416314468661,401820329,2529140,11,17,1,True,False,matched,17.0,2025-10-10,under,0.16297545246579903,1.819672131147541,-1.0,1.0,False,False,False
2473,86267b445e4dab8f6aba4838d8c30a10,177,Sami Whitcomb,samiwhitcomb,PHO,rebounds,2.5,-146.0,110.0,10,10,2025-10-09 22:08:41+00:00,2025-10-09 22:08:41+00:00,2025-10-09 22:08:41+00:00,2025-10-11 00:00:00+00:00,0.0,2025-10-10,2025,PST,PHX,LVA,1.0696864111498257,True,,0.5607420039050215,401820329,887,11,17,1,True,False,matched,0.0,2025-10-10,under,0.42538098992008283,2.1,1.1,1.0,False,False,False
2473,8b07c710c0d745210df13a44532f7e29,563,Monique Akoa Makani,moniqueakoamakani,PHO,rebounds,3.5,160.0,-225.0,13,13,2025-10-10 13:04:16+00:00,2025-10-10 13:04:16+00:00,2025-10-10 13:04:16+00:00,2025-10-11 00:00:00+00:00,0.0,2025-10-10,2025,PST,PHX,LVA,1.0769230769230769,True,,0.3398716205474144,401820329,5274110,11,17,1,True,False,matched,5.0,2025-10-10,under,0.16881620722451277,1.4444444444444444,-1.0,1.0,False,False,False
